distid,createdts,sn,acs_bid,acs_primary_ch,acs_prev_ch,acs_reason
DEV_001_2024-09-01 00:00:00,2024-09-01 00:00:00,DEV_001,71,88,69,31
DEV_001_2024-09-01 04:00:00,2024-09-01 04:00:00,DEV_001,3,48,61,1
DEV_001_2024-09-01 08:00:00,2024-09-01 08:00:00,DEV_001,83,84,43,65
DEV_001_2024-09-01 12:00:00,2024-09-01 12:00:00,DEV_001,5,78,93,26
DEV_001_2024-09-01 16:00:00,2024-09-01 16:00:00,DEV_001,8,20,5,35
DEV_001_2024-09-01 20:00:00,2024-09-01 20:00:00,DEV_001,47,36,33,18
DEV_001_2024-09-02 00:00:00,2024-09-02 00:00:00,DEV_001,47,12,63,84
DEV_001_2024-09-02 04:00:00,2024-09-02 04:00:00,DEV_001,67,98,31,70
DEV_001_2024-09-02 08:00:00,2024-09-02 08:00:00,DEV_001,27,25,46,41
DEV_001_2024-09-02 12:00:00,2024-09-02 12:00:00,DEV_001,61,93,29,65
DEV_001_2024-09-02 16:00:00,2024-09-02 16:00:00,DEV_001,24,10,89,22
DEV_001_2024-09-02 20:00:00,2024-09-02 20:00:00,DEV_001,51,18,65,70
DEV_001_2024-09-03 00:00:00,2024-09-03 00:00:00,DEV_001,59,87,82,97
DEV_001_2024-09-03 04:00:00,2024-09-03 04:00:00,DEV_001,99,15,64,20
DEV_001_2024-09-03 08:00:00,2024-09-03 08:00:00,DEV_001,97,12,23,76
DEV_001_2024-09-03 12:00:00,2024-09-03 12:00:00,DEV_001,88,85,32,67
DEV_001_2024-09-03 16:00:00,2024-09-03 16:00:00,DEV_001,62,74,86,72
DEV_001_2024-09-03 20:00:00,2024-09-03 20:00:00,DEV_001,62,26,82,51
DEV_001_2024-09-04 00:00:00,2024-09-04 00:00:00,DEV_001,85,36,11,7
DEV_001_2024-09-04 04:00:00,2024-09-04 04:00:00,DEV_001,31,9,39,90
DEV_001_2024-09-04 08:00:00,2024-09-04 08:00:00,DEV_001,19,33,2,51
DEV_001_2024-09-04 12:00:00,2024-09-04 12:00:00,DEV_001,43,54,61,25
DEV_001_2024-09-04 16:00:00,2024-09-04 16:00:00,DEV_001,45,78,12,25
DEV_001_2024-09-04 20:00:00,2024-09-04 20:00:00,DEV_001,74,77,36,81
DEV_001_2024-09-05 00:00:00,2024-09-05 00:00:00,DEV_001,78,28,82,44
DEV_001_2024-09-05 04:00:00,2024-09-05 04:00:00,DEV_001,45,16,60,65
DEV_001_2024-09-05 08:00:00,2024-09-05 08:00:00,DEV_001,31,58,99,90
DEV_001_2024-09-05 12:00:00,2024-09-05 12:00:00,DEV_001,48,87,15,30
DEV_001_2024-09-05 16:00:00,2024-09-05 16:00:00,DEV_001,78,90,96,86
DEV_001_2024-09-05 20:00:00,2024-09-05 20:00:00,DEV_001,59,94,70,48
DEV_001_2024-09-06 00:00:00,2024-09-06 00:00:00,DEV_001,45,37,71,83
DEV_001_2024-09-06 04:00:00,2024-09-06 04:00:00,DEV_001,27,45,14,31
DEV_001_2024-09-06 08:00:00,2024-09-06 08:00:00,DEV_001,24,8,11,7
DEV_001_2024-09-06 12:00:00,2024-09-06 12:00:00,DEV_001,55,38,18,99
DEV_001_2024-09-06 16:00:00,2024-09-06 16:00:00,DEV_001,57,44,42,49
DEV_001_2024-09-06 20:00:00,2024-09-06 20:00:00,DEV_001,6,57,44,76
DEV_001_2024-09-07 00:00:00,2024-09-07 00:00:00,DEV_001,80,93,91,31
DEV_001_2024-09-07 04:00:00,2024-09-07 04:00:00,DEV_001,96,67,22,11
DEV_001_2024-09-07 08:00:00,2024-09-07 08:00:00,DEV_001,9,75,77,6
DEV_001_2024-09-07 12:00:00,2024-09-07 12:00:00,DEV_001,54,25,92,6
DEV_001_2024-09-07 16:00:00,2024-09-07 16:00:00,DEV_001,90,12,98,78
DEV_001_2024-09-07 20:00:00,2024-09-07 20:00:00,DEV_001,99,22,21,60
DEV_001_2024-09-08 00:00:00,2024-09-08 00:00:00,DEV_001,38,34,16,49
DEV_001_2024-09-08 04:00:00,2024-09-08 04:00:00,DEV_001,84,77,20,10
DEV_001_2024-09-08 08:00:00,2024-09-08 08:00:00,DEV_001,65,48,85,71
DEV_001_2024-09-08 12:00:00,2024-09-08 12:00:00,DEV_001,45,93,1,39
DEV_001_2024-09-08 16:00:00,2024-09-08 16:00:00,DEV_001,46,32,59,62
DEV_001_2024-09-08 20:00:00,2024-09-08 20:00:00,DEV_001,16,46,27,71
DEV_001_2024-09-09 00:00:00,2024-09-09 00:00:00,DEV_001,70,9,49,67
DEV_001_2024-09-09 04:00:00,2024-09-09 04:00:00,DEV_001,89,4,38,84
DEV_001_2024-09-09 08:00:00,2024-09-09 08:00:00,DEV_001,91,19,37,18
DEV_001_2024-09-09 12:00:00,2024-09-09 12:00:00,DEV_001,39,5,52,41
DEV_001_2024-09-09 16:00:00,2024-09-09 16:00:00,DEV_001,83,58,67,50
DEV_001_2024-09-09 20:00:00,2024-09-09 20:00:00,DEV_001,31,41,38,86
DEV_001_2024-09-10 00:00:00,2024-09-10 00:00:00,DEV_001,73,4,72,77
DEV_001_2024-09-10 04:00:00,2024-09-10 04:00:00,DEV_001,36,38,20,43
DEV_001_2024-09-10 08:00:00,2024-09-10 08:00:00,DEV_001,73,68,11,58
DEV_001_2024-09-10 12:00:00,2024-09-10 12:00:00,DEV_001,87,70,9,79
DEV_001_2024-09-10 16:00:00,2024-09-10 16:00:00,DEV_001,1,41,84,11
DEV_001_2024-09-10 20:00:00,2024-09-10 20:00:00,DEV_001,49,59,6,93
DEV_001_2024-09-11 00:00:00,2024-09-11 00:00:00,DEV_001,25,3,82,35
DEV_001_2024-09-11 04:00:00,2024-09-11 04:00:00,DEV_001,25,56,85,38
DEV_001_2024-09-11 08:00:00,2024-09-11 08:00:00,DEV_001,2,86,45,10
DEV_001_2024-09-11 12:00:00,2024-09-11 12:00:00,DEV_001,23,89,63,88
DEV_001_2024-09-11 16:00:00,2024-09-11 16:00:00,DEV_001,64,92,92,32
DEV_001_2024-09-11 20:00:00,2024-09-11 20:00:00,DEV_001,91,41,2,72
DEV_001_2024-09-12 00:00:00,2024-09-12 00:00:00,DEV_001,10,82,70,71
DEV_001_2024-09-12 04:00:00,2024-09-12 04:00:00,DEV_001,46,36,70,22
DEV_001_2024-09-12 08:00:00,2024-09-12 08:00:00,DEV_001,10,60,14,76
DEV_001_2024-09-12 12:00:00,2024-09-12 12:00:00,DEV_001,60,59,25,9
DEV_001_2024-09-12 16:00:00,2024-09-12 16:00:00,DEV_001,92,61,49,15
DEV_001_2024-09-12 20:00:00,2024-09-12 20:00:00,DEV_001,15,47,29,67
DEV_001_2024-09-13 00:00:00,2024-09-13 00:00:00,DEV_001,51,83,30,9
DEV_001_2024-09-13 04:00:00,2024-09-13 04:00:00,DEV_001,67,67,59,3
DEV_001_2024-09-13 08:00:00,2024-09-13 08:00:00,DEV_001,61,92,34,2
DEV_001_2024-09-13 12:00:00,2024-09-13 12:00:00,DEV_001,29,70,91,52
DEV_001_2024-09-13 16:00:00,2024-09-13 16:00:00,DEV_001,78,51,65,39
DEV_001_2024-09-13 20:00:00,2024-09-13 20:00:00,DEV_001,42,12,56,98
DEV_001_2024-09-14 00:00:00,2024-09-14 00:00:00,DEV_001,57,96,14,64
DEV_001_2024-09-14 04:00:00,2024-09-14 04:00:00,DEV_001,24,74,85,27
DEV_001_2024-09-14 08:00:00,2024-09-14 08:00:00,DEV_001,78,1,55,46
DEV_001_2024-09-14 12:00:00,2024-09-14 12:00:00,DEV_001,93,60,87,45
DEV_001_2024-09-14 16:00:00,2024-09-14 16:00:00,DEV_001,25,75,11,95
DEV_001_2024-09-14 20:00:00,2024-09-14 20:00:00,DEV_001,46,72,53,94
DEV_001_2024-09-15 00:00:00,2024-09-15 00:00:00,DEV_001,57,94,50,66
DEV_001_2024-09-15 04:00:00,2024-09-15 04:00:00,DEV_001,64,10,14,8
DEV_001_2024-09-15 08:00:00,2024-09-15 08:00:00,DEV_001,41,39,22,17
DEV_001_2024-09-15 12:00:00,2024-09-15 12:00:00,DEV_001,39,43,20,33
DEV_001_2024-09-15 16:00:00,2024-09-15 16:00:00,DEV_001,90,46,22,22
DEV_001_2024-09-15 20:00:00,2024-09-15 20:00:00,DEV_001,85,91,77,46
DEV_001_2024-09-16 00:00:00,2024-09-16 00:00:00,DEV_001,20,64,51,85
DEV_001_2024-09-16 04:00:00,2024-09-16 04:00:00,DEV_001,14,59,72,30
DEV_001_2024-09-16 08:00:00,2024-09-16 08:00:00,DEV_001,88,23,28,5
DEV_001_2024-09-16 12:00:00,2024-09-16 12:00:00,DEV_001,60,52,22,25
DEV_001_2024-09-16 16:00:00,2024-09-16 16:00:00,DEV_001,10,87,9,60
DEV_001_2024-09-16 20:00:00,2024-09-16 20:00:00,DEV_001,81,37,45,43
DEV_001_2024-09-17 00:00:00,2024-09-17 00:00:00,DEV_001,12,91,6,96
DEV_001_2024-09-17 04:00:00,2024-09-17 04:00:00,DEV_001,65,72,19,7
DEV_001_2024-09-17 08:00:00,2024-09-17 08:00:00,DEV_001,40,2,20,6
DEV_001_2024-09-17 12:00:00,2024-09-17 12:00:00,DEV_001,11,30,26,4
DEV_001_2024-09-17 16:00:00,2024-09-17 16:00:00,DEV_001,81,79,97,84
DEV_001_2024-09-17 20:00:00,2024-09-17 20:00:00,DEV_001,84,72,90,52
DEV_001_2024-09-18 00:00:00,2024-09-18 00:00:00,DEV_001,74,4,65,12
DEV_001_2024-09-18 04:00:00,2024-09-18 04:00:00,DEV_001,27,40,52,79
DEV_001_2024-09-18 08:00:00,2024-09-18 08:00:00,DEV_001,94,61,1,9
DEV_001_2024-09-18 12:00:00,2024-09-18 12:00:00,DEV_001,95,27,32,44
DEV_001_2024-09-18 16:00:00,2024-09-18 16:00:00,DEV_001,3,22,99,34
DEV_001_2024-09-18 20:00:00,2024-09-18 20:00:00,DEV_001,29,78,86,15
DEV_001_2024-09-19 00:00:00,2024-09-19 00:00:00,DEV_001,32,2,73,31
DEV_001_2024-09-19 04:00:00,2024-09-19 04:00:00,DEV_001,20,26,29,68
DEV_001_2024-09-19 08:00:00,2024-09-19 08:00:00,DEV_001,42,88,82,14
DEV_001_2024-09-19 12:00:00,2024-09-19 12:00:00,DEV_001,22,8,34,48
DEV_001_2024-09-19 16:00:00,2024-09-19 16:00:00,DEV_001,10,5,12,80
DEV_001_2024-09-19 20:00:00,2024-09-19 20:00:00,DEV_001,7,67,1,79
DEV_001_2024-09-20 00:00:00,2024-09-20 00:00:00,DEV_001,59,63,13,16
DEV_001_2024-09-20 04:00:00,2024-09-20 04:00:00,DEV_001,23,62,56,99
DEV_001_2024-09-20 08:00:00,2024-09-20 08:00:00,DEV_001,89,7,80,5
DEV_001_2024-09-20 12:00:00,2024-09-20 12:00:00,DEV_001,69,30,6,30
DEV_001_2024-09-20 16:00:00,2024-09-20 16:00:00,DEV_001,27,26,4,9
DEV_001_2024-09-20 20:00:00,2024-09-20 20:00:00,DEV_001,35,83,86,71
DEV_001_2024-09-21 00:00:00,2024-09-21 00:00:00,DEV_001,82,63,21,73
DEV_001_2024-09-21 04:00:00,2024-09-21 04:00:00,DEV_001,13,32,31,45
DEV_001_2024-09-21 08:00:00,2024-09-21 08:00:00,DEV_001,40,23,1,21
DEV_001_2024-09-21 12:00:00,2024-09-21 12:00:00,DEV_001,14,55,53,5
DEV_001_2024-09-21 16:00:00,2024-09-21 16:00:00,DEV_001,5,61,90,85
DEV_001_2024-09-21 20:00:00,2024-09-21 20:00:00,DEV_001,84,21,30,78
DEV_001_2024-09-22 00:00:00,2024-09-22 00:00:00,DEV_001,65,76,38,89
DEV_001_2024-09-22 04:00:00,2024-09-22 04:00:00,DEV_001,93,55,72,35
DEV_001_2024-09-22 08:00:00,2024-09-22 08:00:00,DEV_001,39,91,86,15
DEV_001_2024-09-22 12:00:00,2024-09-22 12:00:00,DEV_001,8,81,49,92
DEV_001_2024-09-22 16:00:00,2024-09-22 16:00:00,DEV_001,45,38,78,13
DEV_001_2024-09-22 20:00:00,2024-09-22 20:00:00,DEV_001,12,10,93,95
DEV_001_2024-09-23 00:00:00,2024-09-23 00:00:00,DEV_001,50,37,59,86
DEV_001_2024-09-23 04:00:00,2024-09-23 04:00:00,DEV_001,89,17,36,61
DEV_001_2024-09-23 08:00:00,2024-09-23 08:00:00,DEV_001,61,86,89,25
DEV_001_2024-09-23 12:00:00,2024-09-23 12:00:00,DEV_001,44,60,56,16
DEV_001_2024-09-23 16:00:00,2024-09-23 16:00:00,DEV_001,49,21,28,64
DEV_001_2024-09-23 20:00:00,2024-09-23 20:00:00,DEV_001,21,95,36,66
DEV_001_2024-09-24 00:00:00,2024-09-24 00:00:00,DEV_001,15,26,17,3
DEV_001_2024-09-24 04:00:00,2024-09-24 04:00:00,DEV_001,25,59,44,90
DEV_001_2024-09-24 08:00:00,2024-09-24 08:00:00,DEV_001,56,91,78,18
DEV_001_2024-09-24 12:00:00,2024-09-24 12:00:00,DEV_001,55,39,66,75
DEV_001_2024-09-24 16:00:00,2024-09-24 16:00:00,DEV_001,75,62,93,69
DEV_001_2024-09-24 20:00:00,2024-09-24 20:00:00,DEV_001,40,26,2,29
DEV_001_2024-09-25 00:00:00,2024-09-25 00:00:00,DEV_001,83,66,68,67
DEV_001_2024-09-25 04:00:00,2024-09-25 04:00:00,DEV_001,73,12,65,89
DEV_001_2024-09-25 08:00:00,2024-09-25 08:00:00,DEV_001,57,38,99,42
DEV_001_2024-09-25 12:00:00,2024-09-25 12:00:00,DEV_001,27,38,24,43
DEV_001_2024-09-25 16:00:00,2024-09-25 16:00:00,DEV_001,4,4,54,72
DEV_001_2024-09-25 20:00:00,2024-09-25 20:00:00,DEV_001,47,52,46,53
DEV_001_2024-09-26 00:00:00,2024-09-26 00:00:00,DEV_001,24,3,41,64
DEV_001_2024-09-26 04:00:00,2024-09-26 04:00:00,DEV_001,33,88,3,1
DEV_001_2024-09-26 08:00:00,2024-09-26 08:00:00,DEV_001,7,17,31,20
DEV_001_2024-09-26 12:00:00,2024-09-26 12:00:00,DEV_001,33,69,21,9
DEV_001_2024-09-26 16:00:00,2024-09-26 16:00:00,DEV_001,24,59,3,44
DEV_001_2024-09-26 20:00:00,2024-09-26 20:00:00,DEV_001,21,30,6,25
DEV_001_2024-09-27 00:00:00,2024-09-27 00:00:00,DEV_001,83,3,18,97
DEV_001_2024-09-27 04:00:00,2024-09-27 04:00:00,DEV_001,35,16,8,88
DEV_001_2024-09-27 08:00:00,2024-09-27 08:00:00,DEV_001,1,8,22,5
DEV_001_2024-09-27 12:00:00,2024-09-27 12:00:00,DEV_001,70,73,12,55
DEV_001_2024-09-27 16:00:00,2024-09-27 16:00:00,DEV_001,68,18,2,22
DEV_001_2024-09-27 20:00:00,2024-09-27 20:00:00,DEV_001,52,77,15,72
DEV_001_2024-09-28 00:00:00,2024-09-28 00:00:00,DEV_001,95,24,7,88
DEV_001_2024-09-28 04:00:00,2024-09-28 04:00:00,DEV_001,20,2,87,94
DEV_001_2024-09-28 08:00:00,2024-09-28 08:00:00,DEV_001,80,21,42,55
DEV_001_2024-09-28 12:00:00,2024-09-28 12:00:00,DEV_001,24,49,87,63
DEV_001_2024-09-28 16:00:00,2024-09-28 16:00:00,DEV_001,97,24,74,14
DEV_001_2024-09-28 20:00:00,2024-09-28 20:00:00,DEV_001,92,38,64,97
DEV_001_2024-09-29 00:00:00,2024-09-29 00:00:00,DEV_001,68,64,66,83
DEV_001_2024-09-29 04:00:00,2024-09-29 04:00:00,DEV_001,19,82,53,16
DEV_001_2024-09-29 08:00:00,2024-09-29 08:00:00,DEV_001,44,73,52,99
DEV_001_2024-09-29 12:00:00,2024-09-29 12:00:00,DEV_001,59,93,20,88
DEV_001_2024-09-29 16:00:00,2024-09-29 16:00:00,DEV_001,57,99,80,51
DEV_001_2024-09-29 20:00:00,2024-09-29 20:00:00,DEV_001,45,74,63,95
DEV_001_2024-09-30 00:00:00,2024-09-30 00:00:00,DEV_001,33,21,16,22
DEV_001_2024-09-30 04:00:00,2024-09-30 04:00:00,DEV_001,69,24,95,54
DEV_001_2024-09-30 08:00:00,2024-09-30 08:00:00,DEV_001,84,49,37,25
DEV_001_2024-09-30 12:00:00,2024-09-30 12:00:00,DEV_001,55,4,81,29
DEV_001_2024-09-30 16:00:00,2024-09-30 16:00:00,DEV_001,53,60,61,80
DEV_001_2024-09-30 20:00:00,2024-09-30 20:00:00,DEV_001,20,6,68,32
DEV_001_2024-10-01 00:00:00,2024-10-01 00:00:00,DEV_001,41,23,56,47
DEV_001_2024-10-01 04:00:00,2024-10-01 04:00:00,DEV_001,48,18,97,86
DEV_001_2024-10-01 08:00:00,2024-10-01 08:00:00,DEV_001,7,5,48,46
DEV_001_2024-10-01 12:00:00,2024-10-01 12:00:00,DEV_001,57,4,88,11
DEV_001_2024-10-01 16:00:00,2024-10-01 16:00:00,DEV_001,16,84,8,86
DEV_001_2024-10-01 20:00:00,2024-10-01 20:00:00,DEV_001,44,79,11,73
DEV_001_2024-10-02 00:00:00,2024-10-02 00:00:00,DEV_001,12,29,62,22
DEV_001_2024-10-02 04:00:00,2024-10-02 04:00:00,DEV_001,44,28,8,48
DEV_001_2024-10-02 08:00:00,2024-10-02 08:00:00,DEV_001,92,73,63,59
DEV_001_2024-10-02 12:00:00,2024-10-02 12:00:00,DEV_001,44,95,66,99
DEV_001_2024-10-02 16:00:00,2024-10-02 16:00:00,DEV_001,32,67,29,28
DEV_001_2024-10-02 20:00:00,2024-10-02 20:00:00,DEV_001,37,6,22,81
DEV_001_2024-10-03 00:00:00,2024-10-03 00:00:00,DEV_001,10,9,3,44
DEV_001_2024-10-03 04:00:00,2024-10-03 04:00:00,DEV_001,3,47,4,62
DEV_001_2024-10-03 08:00:00,2024-10-03 08:00:00,DEV_001,97,43,32,11
DEV_001_2024-10-03 12:00:00,2024-10-03 12:00:00,DEV_001,78,73,69,34
DEV_001_2024-10-03 16:00:00,2024-10-03 16:00:00,DEV_001,64,34,25,71
DEV_001_2024-10-03 20:00:00,2024-10-03 20:00:00,DEV_001,10,81,12,56
DEV_001_2024-10-04 00:00:00,2024-10-04 00:00:00,DEV_001,7,92,87,96
DEV_001_2024-10-04 04:00:00,2024-10-04 04:00:00,DEV_001,71,22,75,28
DEV_001_2024-10-04 08:00:00,2024-10-04 08:00:00,DEV_001,33,36,47,32
DEV_001_2024-10-04 12:00:00,2024-10-04 12:00:00,DEV_001,89,22,17,6
DEV_001_2024-10-04 16:00:00,2024-10-04 16:00:00,DEV_001,10,63,16,94
DEV_001_2024-10-04 20:00:00,2024-10-04 20:00:00,DEV_001,42,27,60,99
DEV_001_2024-10-05 00:00:00,2024-10-05 00:00:00,DEV_001,91,1,37,17
DEV_001_2024-10-05 04:00:00,2024-10-05 04:00:00,DEV_001,47,59,86,58
DEV_001_2024-10-05 08:00:00,2024-10-05 08:00:00,DEV_001,78,31,34,88
DEV_001_2024-10-05 12:00:00,2024-10-05 12:00:00,DEV_001,58,89,71,59
DEV_001_2024-10-05 16:00:00,2024-10-05 16:00:00,DEV_001,48,51,3,4
DEV_001_2024-10-05 20:00:00,2024-10-05 20:00:00,DEV_001,68,75,5,21
DEV_001_2024-10-06 00:00:00,2024-10-06 00:00:00,DEV_001,37,71,18,52
DEV_001_2024-10-06 04:00:00,2024-10-06 04:00:00,DEV_001,94,99,28,61
DEV_001_2024-10-06 08:00:00,2024-10-06 08:00:00,DEV_001,52,93,13,77
DEV_001_2024-10-06 12:00:00,2024-10-06 12:00:00,DEV_001,93,67,2,16
DEV_001_2024-10-06 16:00:00,2024-10-06 16:00:00,DEV_001,67,22,80,2
DEV_001_2024-10-06 20:00:00,2024-10-06 20:00:00,DEV_001,86,3,99,90
DEV_001_2024-10-07 00:00:00,2024-10-07 00:00:00,DEV_001,36,41,81,3
DEV_001_2024-10-07 04:00:00,2024-10-07 04:00:00,DEV_001,65,78,81,84
DEV_001_2024-10-07 08:00:00,2024-10-07 08:00:00,DEV_001,90,27,54,77
DEV_001_2024-10-07 12:00:00,2024-10-07 12:00:00,DEV_001,42,32,43,34
DEV_001_2024-10-07 16:00:00,2024-10-07 16:00:00,DEV_001,54,2,77,7
DEV_001_2024-10-07 20:00:00,2024-10-07 20:00:00,DEV_001,2,74,73,79
DEV_001_2024-10-08 00:00:00,2024-10-08 00:00:00,DEV_001,5,54,49,80
DEV_001_2024-10-08 04:00:00,2024-10-08 04:00:00,DEV_001,56,62,31,49
DEV_001_2024-10-08 08:00:00,2024-10-08 08:00:00,DEV_001,60,19,45,94
DEV_001_2024-10-08 12:00:00,2024-10-08 12:00:00,DEV_001,33,46,32,66
DEV_001_2024-10-08 16:00:00,2024-10-08 16:00:00,DEV_001,43,99,66,79
DEV_001_2024-10-08 20:00:00,2024-10-08 20:00:00,DEV_001,1,44,90,16
DEV_001_2024-10-09 00:00:00,2024-10-09 00:00:00,DEV_001,25,82,36,49
DEV_001_2024-10-09 04:00:00,2024-10-09 04:00:00,DEV_001,35,37,12,55
DEV_001_2024-10-09 08:00:00,2024-10-09 08:00:00,DEV_001,8,37,62,4
DEV_001_2024-10-09 12:00:00,2024-10-09 12:00:00,DEV_001,9,69,99,58
DEV_001_2024-10-09 16:00:00,2024-10-09 16:00:00,DEV_001,32,46,78,73
DEV_001_2024-10-09 20:00:00,2024-10-09 20:00:00,DEV_001,62,44,72,11
DEV_001_2024-10-10 00:00:00,2024-10-10 00:00:00,DEV_001,15,11,50,23
DEV_001_2024-10-10 04:00:00,2024-10-10 04:00:00,DEV_001,99,4,90,74
DEV_001_2024-10-10 08:00:00,2024-10-10 08:00:00,DEV_001,77,74,29,49
DEV_001_2024-10-10 12:00:00,2024-10-10 12:00:00,DEV_001,11,17,55,69
DEV_001_2024-10-10 16:00:00,2024-10-10 16:00:00,DEV_001,10,28,71,8
DEV_001_2024-10-10 20:00:00,2024-10-10 20:00:00,DEV_001,66,86,58,17
DEV_001_2024-10-11 00:00:00,2024-10-11 00:00:00,DEV_001,97,79,67,93
DEV_001_2024-10-11 04:00:00,2024-10-11 04:00:00,DEV_001,5,75,20,66
DEV_001_2024-10-11 08:00:00,2024-10-11 08:00:00,DEV_001,12,23,82,32
DEV_001_2024-10-11 12:00:00,2024-10-11 12:00:00,DEV_001,52,12,65,6
DEV_001_2024-10-11 16:00:00,2024-10-11 16:00:00,DEV_001,72,83,89,79
DEV_001_2024-10-11 20:00:00,2024-10-11 20:00:00,DEV_001,34,29,39,33
DEV_001_2024-10-12 00:00:00,2024-10-12 00:00:00,DEV_001,85,47,71,36
DEV_001_2024-10-12 04:00:00,2024-10-12 04:00:00,DEV_001,68,45,52,37
DEV_001_2024-10-12 08:00:00,2024-10-12 08:00:00,DEV_001,41,9,58,36
DEV_001_2024-10-12 12:00:00,2024-10-12 12:00:00,DEV_001,19,24,89,57
DEV_001_2024-10-12 16:00:00,2024-10-12 16:00:00,DEV_001,92,70,86,11
DEV_001_2024-10-12 20:00:00,2024-10-12 20:00:00,DEV_001,77,49,92,7
DEV_001_2024-10-13 00:00:00,2024-10-13 00:00:00,DEV_001,85,37,86,96
DEV_001_2024-10-13 04:00:00,2024-10-13 04:00:00,DEV_001,35,19,5,99
DEV_001_2024-10-13 08:00:00,2024-10-13 08:00:00,DEV_001,90,31,79,84
DEV_001_2024-10-13 12:00:00,2024-10-13 12:00:00,DEV_001,16,25,58,62
DEV_001_2024-10-13 16:00:00,2024-10-13 16:00:00,DEV_001,62,97,32,72
DEV_001_2024-10-13 20:00:00,2024-10-13 20:00:00,DEV_001,52,49,75,99
DEV_001_2024-10-14 00:00:00,2024-10-14 00:00:00,DEV_001,79,40,91,10
DEV_001_2024-10-14 04:00:00,2024-10-14 04:00:00,DEV_001,94,72,40,39
DEV_001_2024-10-14 08:00:00,2024-10-14 08:00:00,DEV_001,57,72,94,47
DEV_001_2024-10-14 12:00:00,2024-10-14 12:00:00,DEV_001,19,11,40,18
DEV_001_2024-10-14 16:00:00,2024-10-14 16:00:00,DEV_001,48,7,90,38
DEV_001_2024-10-14 20:00:00,2024-10-14 20:00:00,DEV_001,90,87,13,86
DEV_001_2024-10-15 00:00:00,2024-10-15 00:00:00,DEV_001,46,22,92,98
DEV_001_2024-10-15 04:00:00,2024-10-15 04:00:00,DEV_001,69,41,11,87
DEV_001_2024-10-15 08:00:00,2024-10-15 08:00:00,DEV_001,74,44,32,63
DEV_001_2024-10-15 12:00:00,2024-10-15 12:00:00,DEV_001,72,29,37,48
DEV_001_2024-10-15 16:00:00,2024-10-15 16:00:00,DEV_001,61,8,59,11
DEV_001_2024-10-15 20:00:00,2024-10-15 20:00:00,DEV_001,12,81,75,66
DEV_001_2024-10-16 00:00:00,2024-10-16 00:00:00,DEV_001,32,99,23,19
DEV_001_2024-10-16 04:00:00,2024-10-16 04:00:00,DEV_001,27,96,23,64
DEV_001_2024-10-16 08:00:00,2024-10-16 08:00:00,DEV_001,31,68,48,37
DEV_001_2024-10-16 12:00:00,2024-10-16 12:00:00,DEV_001,44,47,59,83
DEV_001_2024-10-16 16:00:00,2024-10-16 16:00:00,DEV_001,79,75,21,74
DEV_001_2024-10-16 20:00:00,2024-10-16 20:00:00,DEV_001,44,32,85,81
DEV_001_2024-10-17 00:00:00,2024-10-17 00:00:00,DEV_001,5,19,61,92
DEV_001_2024-10-17 04:00:00,2024-10-17 04:00:00,DEV_001,88,37,30,37
DEV_001_2024-10-17 08:00:00,2024-10-17 08:00:00,DEV_001,91,94,82,34
DEV_001_2024-10-17 12:00:00,2024-10-17 12:00:00,DEV_001,36,21,29,12
DEV_001_2024-10-17 16:00:00,2024-10-17 16:00:00,DEV_001,76,94,81,93
DEV_001_2024-10-17 20:00:00,2024-10-17 20:00:00,DEV_001,41,23,56,82
DEV_001_2024-10-18 00:00:00,2024-10-18 00:00:00,DEV_001,84,16,36,72
DEV_001_2024-10-18 04:00:00,2024-10-18 04:00:00,DEV_001,86,41,76,28
DEV_001_2024-10-18 08:00:00,2024-10-18 08:00:00,DEV_001,11,78,1,70
DEV_001_2024-10-18 12:00:00,2024-10-18 12:00:00,DEV_001,50,59,28,45
DEV_001_2024-10-18 16:00:00,2024-10-18 16:00:00,DEV_001,48,35,43,94
DEV_001_2024-10-18 20:00:00,2024-10-18 20:00:00,DEV_001,27,23,56,44
DEV_001_2024-10-19 00:00:00,2024-10-19 00:00:00,DEV_001,23,57,91,52
DEV_001_2024-10-19 04:00:00,2024-10-19 04:00:00,DEV_001,42,58,52,61
DEV_001_2024-10-19 08:00:00,2024-10-19 08:00:00,DEV_001,98,78,4,36
DEV_001_2024-10-19 12:00:00,2024-10-19 12:00:00,DEV_001,86,65,21,7
DEV_001_2024-10-19 16:00:00,2024-10-19 16:00:00,DEV_001,78,17,37,45
DEV_001_2024-10-19 20:00:00,2024-10-19 20:00:00,DEV_001,86,71,95,76
DEV_001_2024-10-20 00:00:00,2024-10-20 00:00:00,DEV_001,46,13,11,72
DEV_001_2024-10-20 04:00:00,2024-10-20 04:00:00,DEV_001,72,15,10,54
DEV_001_2024-10-20 08:00:00,2024-10-20 08:00:00,DEV_001,57,45,10,25
DEV_001_2024-10-20 12:00:00,2024-10-20 12:00:00,DEV_001,64,67,31,43
DEV_001_2024-10-20 16:00:00,2024-10-20 16:00:00,DEV_001,4,32,42,68
DEV_001_2024-10-20 20:00:00,2024-10-20 20:00:00,DEV_001,9,27,28,32
DEV_001_2024-10-21 00:00:00,2024-10-21 00:00:00,DEV_001,88,94,67,57
DEV_001_2024-10-21 04:00:00,2024-10-21 04:00:00,DEV_001,51,75,64,55
DEV_001_2024-10-21 08:00:00,2024-10-21 08:00:00,DEV_001,34,38,12,85
DEV_001_2024-10-21 12:00:00,2024-10-21 12:00:00,DEV_001,38,14,81,2
DEV_001_2024-10-21 16:00:00,2024-10-21 16:00:00,DEV_001,59,33,72,19
DEV_001_2024-10-21 20:00:00,2024-10-21 20:00:00,DEV_001,4,58,67,89
DEV_001_2024-10-22 00:00:00,2024-10-22 00:00:00,DEV_001,93,50,17,50
DEV_001_2024-10-22 04:00:00,2024-10-22 04:00:00,DEV_001,24,43,24,85
DEV_001_2024-10-22 08:00:00,2024-10-22 08:00:00,DEV_001,99,21,48,11
DEV_001_2024-10-22 12:00:00,2024-10-22 12:00:00,DEV_001,91,83,9,19
DEV_001_2024-10-22 16:00:00,2024-10-22 16:00:00,DEV_001,77,44,1,31
DEV_001_2024-10-22 20:00:00,2024-10-22 20:00:00,DEV_001,45,68,88,14
DEV_001_2024-10-23 00:00:00,2024-10-23 00:00:00,DEV_001,31,10,28,8
DEV_001_2024-10-23 04:00:00,2024-10-23 04:00:00,DEV_001,59,5,52,12
DEV_001_2024-10-23 08:00:00,2024-10-23 08:00:00,DEV_001,65,42,94,77
DEV_001_2024-10-23 12:00:00,2024-10-23 12:00:00,DEV_001,46,31,89,91
DEV_001_2024-10-23 16:00:00,2024-10-23 16:00:00,DEV_001,37,45,10,6
DEV_001_2024-10-23 20:00:00,2024-10-23 20:00:00,DEV_001,83,89,68,61
DEV_001_2024-10-24 00:00:00,2024-10-24 00:00:00,DEV_001,36,57,73,87
DEV_001_2024-10-24 04:00:00,2024-10-24 04:00:00,DEV_001,24,88,75,1
DEV_001_2024-10-24 08:00:00,2024-10-24 08:00:00,DEV_001,92,14,20,58
DEV_001_2024-10-24 12:00:00,2024-10-24 12:00:00,DEV_001,84,24,8,48
DEV_001_2024-10-24 16:00:00,2024-10-24 16:00:00,DEV_001,38,53,55,98
DEV_001_2024-10-24 20:00:00,2024-10-24 20:00:00,DEV_001,11,45,80,72
DEV_001_2024-10-25 00:00:00,2024-10-25 00:00:00,DEV_001,74,51,39,24
DEV_001_2024-10-25 04:00:00,2024-10-25 04:00:00,DEV_001,21,5,90,55
DEV_001_2024-10-25 08:00:00,2024-10-25 08:00:00,DEV_001,36,17,86,6
DEV_001_2024-10-25 12:00:00,2024-10-25 12:00:00,DEV_001,62,78,58,88
DEV_001_2024-10-25 16:00:00,2024-10-25 16:00:00,DEV_001,88,43,88,92
DEV_001_2024-10-25 20:00:00,2024-10-25 20:00:00,DEV_001,17,42,63,69
DEV_001_2024-10-26 00:00:00,2024-10-26 00:00:00,DEV_001,65,37,93,92
DEV_001_2024-10-26 04:00:00,2024-10-26 04:00:00,DEV_001,89,46,56,2
DEV_001_2024-10-26 08:00:00,2024-10-26 08:00:00,DEV_001,91,88,87,69
DEV_001_2024-10-26 12:00:00,2024-10-26 12:00:00,DEV_001,37,8,71,53
DEV_001_2024-10-26 16:00:00,2024-10-26 16:00:00,DEV_001,76,48,67,31
DEV_001_2024-10-26 20:00:00,2024-10-26 20:00:00,DEV_001,93,57,68,8
DEV_001_2024-10-27 00:00:00,2024-10-27 00:00:00,DEV_001,92,44,84,92
DEV_001_2024-10-27 04:00:00,2024-10-27 04:00:00,DEV_001,91,62,62,60
DEV_001_2024-10-27 08:00:00,2024-10-27 08:00:00,DEV_001,48,2,91,66
DEV_001_2024-10-27 12:00:00,2024-10-27 12:00:00,DEV_001,56,87,5,71
DEV_001_2024-10-27 16:00:00,2024-10-27 16:00:00,DEV_001,5,93,58,10
DEV_001_2024-10-27 20:00:00,2024-10-27 20:00:00,DEV_001,25,37,45,23
DEV_001_2024-10-28 00:00:00,2024-10-28 00:00:00,DEV_001,14,1,28,95
DEV_001_2024-10-28 04:00:00,2024-10-28 04:00:00,DEV_001,23,12,90,53
DEV_001_2024-10-28 08:00:00,2024-10-28 08:00:00,DEV_001,2,59,73,82
DEV_001_2024-10-28 12:00:00,2024-10-28 12:00:00,DEV_001,93,76,67,27
DEV_001_2024-10-28 16:00:00,2024-10-28 16:00:00,DEV_001,11,72,10,77
DEV_001_2024-10-28 20:00:00,2024-10-28 20:00:00,DEV_001,49,19,78,35
DEV_001_2024-10-29 00:00:00,2024-10-29 00:00:00,DEV_001,99,47,30,42
DEV_001_2024-10-29 04:00:00,2024-10-29 04:00:00,DEV_001,97,38,20,57
DEV_001_2024-10-29 08:00:00,2024-10-29 08:00:00,DEV_001,10,83,94,80
DEV_001_2024-10-29 12:00:00,2024-10-29 12:00:00,DEV_001,30,53,43,55
DEV_001_2024-10-29 16:00:00,2024-10-29 16:00:00,DEV_001,33,30,19,25
DEV_001_2024-10-29 20:00:00,2024-10-29 20:00:00,DEV_001,26,51,98,49
DEV_001_2024-10-30 00:00:00,2024-10-30 00:00:00,DEV_001,21,51,31,67
DEV_001_2024-10-30 04:00:00,2024-10-30 04:00:00,DEV_001,8,44,38,57
DEV_001_2024-10-30 08:00:00,2024-10-30 08:00:00,DEV_001,71,92,87,49
DEV_001_2024-10-30 12:00:00,2024-10-30 12:00:00,DEV_001,80,37,16,6
DEV_001_2024-10-30 16:00:00,2024-10-30 16:00:00,DEV_001,79,30,4,25
DEV_001_2024-10-30 20:00:00,2024-10-30 20:00:00,DEV_001,31,16,14,33
DEV_001_2024-10-31 00:00:00,2024-10-31 00:00:00,DEV_001,13,14,11,48
DEV_001_2024-10-31 04:00:00,2024-10-31 04:00:00,DEV_001,22,81,8,74
DEV_001_2024-10-31 08:00:00,2024-10-31 08:00:00,DEV_001,71,75,57,85
DEV_001_2024-10-31 12:00:00,2024-10-31 12:00:00,DEV_001,9,79,73,88
DEV_001_2024-10-31 16:00:00,2024-10-31 16:00:00,DEV_001,60,31,72,36
DEV_001_2024-10-31 20:00:00,2024-10-31 20:00:00,DEV_001,31,79,47,6
DEV_001_2024-11-01 00:00:00,2024-11-01 00:00:00,DEV_001,26,7,82,42
DEV_001_2024-11-01 04:00:00,2024-11-01 04:00:00,DEV_001,44,46,53,83
DEV_001_2024-11-01 08:00:00,2024-11-01 08:00:00,DEV_001,16,59,28,13
DEV_001_2024-11-01 12:00:00,2024-11-01 12:00:00,DEV_001,85,27,3,89
DEV_001_2024-11-01 16:00:00,2024-11-01 16:00:00,DEV_001,36,11,15,63
DEV_001_2024-11-01 20:00:00,2024-11-01 20:00:00,DEV_001,65,29,80,19
DEV_001_2024-11-02 00:00:00,2024-11-02 00:00:00,DEV_001,66,42,88,47
DEV_001_2024-11-02 04:00:00,2024-11-02 04:00:00,DEV_001,58,55,62,68
DEV_001_2024-11-02 08:00:00,2024-11-02 08:00:00,DEV_001,95,30,96,47
DEV_001_2024-11-02 12:00:00,2024-11-02 12:00:00,DEV_001,16,69,91,94
DEV_001_2024-11-02 16:00:00,2024-11-02 16:00:00,DEV_001,70,59,85,30
DEV_001_2024-11-02 20:00:00,2024-11-02 20:00:00,DEV_001,9,30,72,48
DEV_001_2024-11-03 00:00:00,2024-11-03 00:00:00,DEV_001,84,70,5,44
DEV_001_2024-11-03 04:00:00,2024-11-03 04:00:00,DEV_001,43,16,16,68
DEV_001_2024-11-03 08:00:00,2024-11-03 08:00:00,DEV_001,23,65,99,38
DEV_001_2024-11-03 12:00:00,2024-11-03 12:00:00,DEV_001,95,62,83,70
DEV_001_2024-11-03 16:00:00,2024-11-03 16:00:00,DEV_001,73,70,83,95
DEV_001_2024-11-03 20:00:00,2024-11-03 20:00:00,DEV_001,39,93,21,79
DEV_001_2024-11-04 00:00:00,2024-11-04 00:00:00,DEV_001,61,92,65,57
DEV_001_2024-11-04 04:00:00,2024-11-04 04:00:00,DEV_001,45,43,48,93
DEV_001_2024-11-04 08:00:00,2024-11-04 08:00:00,DEV_001,87,58,59,16
DEV_001_2024-11-04 12:00:00,2024-11-04 12:00:00,DEV_001,28,31,95,32
DEV_001_2024-11-04 16:00:00,2024-11-04 16:00:00,DEV_001,2,40,64,26
DEV_001_2024-11-04 20:00:00,2024-11-04 20:00:00,DEV_001,86,38,94,11
DEV_001_2024-11-05 00:00:00,2024-11-05 00:00:00,DEV_001,15,50,35,52
DEV_001_2024-11-05 04:00:00,2024-11-05 04:00:00,DEV_001,4,28,41,82
DEV_001_2024-11-05 08:00:00,2024-11-05 08:00:00,DEV_001,78,98,46,7
DEV_001_2024-11-05 12:00:00,2024-11-05 12:00:00,DEV_001,37,48,72,61
DEV_001_2024-11-05 16:00:00,2024-11-05 16:00:00,DEV_001,71,45,70,29
DEV_001_2024-11-05 20:00:00,2024-11-05 20:00:00,DEV_001,55,72,33,33
DEV_001_2024-11-06 00:00:00,2024-11-06 00:00:00,DEV_001,50,21,7,62
DEV_001_2024-11-06 04:00:00,2024-11-06 04:00:00,DEV_001,67,50,59,80
DEV_001_2024-11-06 08:00:00,2024-11-06 08:00:00,DEV_001,60,52,11,41
DEV_001_2024-11-06 12:00:00,2024-11-06 12:00:00,DEV_001,83,47,62,18
DEV_001_2024-11-06 16:00:00,2024-11-06 16:00:00,DEV_001,92,41,93,29
DEV_001_2024-11-06 20:00:00,2024-11-06 20:00:00,DEV_001,69,69,79,19
DEV_001_2024-11-07 00:00:00,2024-11-07 00:00:00,DEV_001,57,96,18,64
DEV_001_2024-11-07 04:00:00,2024-11-07 04:00:00,DEV_001,16,23,69,35
DEV_001_2024-11-07 08:00:00,2024-11-07 08:00:00,DEV_001,29,71,67,95
DEV_001_2024-11-07 12:00:00,2024-11-07 12:00:00,DEV_001,28,1,49,38
DEV_001_2024-11-07 16:00:00,2024-11-07 16:00:00,DEV_001,45,80,18,99
DEV_001_2024-11-07 20:00:00,2024-11-07 20:00:00,DEV_001,80,37,6,64
DEV_001_2024-11-08 00:00:00,2024-11-08 00:00:00,DEV_001,29,3,60,8
DEV_001_2024-11-08 04:00:00,2024-11-08 04:00:00,DEV_001,73,18,58,44
DEV_001_2024-11-08 08:00:00,2024-11-08 08:00:00,DEV_001,44,12,20,35
DEV_001_2024-11-08 12:00:00,2024-11-08 12:00:00,DEV_001,64,47,41,95
DEV_001_2024-11-08 16:00:00,2024-11-08 16:00:00,DEV_001,40,43,71,79
DEV_001_2024-11-08 20:00:00,2024-11-08 20:00:00,DEV_001,65,27,44,73
DEV_001_2024-11-09 00:00:00,2024-11-09 00:00:00,DEV_001,31,69,67,50
DEV_001_2024-11-09 04:00:00,2024-11-09 04:00:00,DEV_001,64,87,92,30
DEV_001_2024-11-09 08:00:00,2024-11-09 08:00:00,DEV_001,73,97,97,45
DEV_001_2024-11-09 12:00:00,2024-11-09 12:00:00,DEV_001,54,63,73,98
DEV_001_2024-11-09 16:00:00,2024-11-09 16:00:00,DEV_001,53,90,39,1
DEV_001_2024-11-09 20:00:00,2024-11-09 20:00:00,DEV_001,13,82,26,12
DEV_001_2024-11-10 00:00:00,2024-11-10 00:00:00,DEV_001,96,70,4,20
DEV_001_2024-11-10 04:00:00,2024-11-10 04:00:00,DEV_001,15,6,55,22
DEV_001_2024-11-10 08:00:00,2024-11-10 08:00:00,DEV_001,37,75,42,49
DEV_001_2024-11-10 12:00:00,2024-11-10 12:00:00,DEV_001,16,22,87,37
DEV_001_2024-11-10 16:00:00,2024-11-10 16:00:00,DEV_001,85,63,92,64
DEV_001_2024-11-10 20:00:00,2024-11-10 20:00:00,DEV_001,15,71,55,72
DEV_001_2024-11-11 00:00:00,2024-11-11 00:00:00,DEV_001,45,10,52,47
DEV_001_2024-11-11 04:00:00,2024-11-11 04:00:00,DEV_001,57,67,14,45
DEV_001_2024-11-11 08:00:00,2024-11-11 08:00:00,DEV_001,66,79,41,82
DEV_001_2024-11-11 12:00:00,2024-11-11 12:00:00,DEV_001,27,25,21,25
DEV_001_2024-11-11 16:00:00,2024-11-11 16:00:00,DEV_001,84,12,78,66
DEV_001_2024-11-11 20:00:00,2024-11-11 20:00:00,DEV_001,19,32,94,12
DEV_001_2024-11-12 00:00:00,2024-11-12 00:00:00,DEV_001,5,41,36,11
DEV_001_2024-11-12 04:00:00,2024-11-12 04:00:00,DEV_001,58,27,83,77
DEV_001_2024-11-12 08:00:00,2024-11-12 08:00:00,DEV_001,27,95,64,64
DEV_001_2024-11-12 12:00:00,2024-11-12 12:00:00,DEV_001,96,31,52,12
DEV_001_2024-11-12 16:00:00,2024-11-12 16:00:00,DEV_001,40,82,4,52
DEV_001_2024-11-12 20:00:00,2024-11-12 20:00:00,DEV_001,9,71,49,5
DEV_001_2024-11-13 00:00:00,2024-11-13 00:00:00,DEV_001,59,99,25,78
DEV_001_2024-11-13 04:00:00,2024-11-13 04:00:00,DEV_001,37,77,8,33
DEV_001_2024-11-13 08:00:00,2024-11-13 08:00:00,DEV_001,67,57,43,47
DEV_001_2024-11-13 12:00:00,2024-11-13 12:00:00,DEV_001,47,18,63,26
DEV_001_2024-11-13 16:00:00,2024-11-13 16:00:00,DEV_001,82,4,44,75
DEV_001_2024-11-13 20:00:00,2024-11-13 20:00:00,DEV_001,61,75,97,42
DEV_001_2024-11-14 00:00:00,2024-11-14 00:00:00,DEV_001,59,95,18,22
DEV_001_2024-11-14 04:00:00,2024-11-14 04:00:00,DEV_001,78,63,95,25
DEV_001_2024-11-14 08:00:00,2024-11-14 08:00:00,DEV_001,12,53,12,21
DEV_001_2024-11-14 12:00:00,2024-11-14 12:00:00,DEV_001,44,44,11,43
DEV_001_2024-11-14 16:00:00,2024-11-14 16:00:00,DEV_001,51,39,52,56
DEV_001_2024-11-14 20:00:00,2024-11-14 20:00:00,DEV_001,46,31,96,6
DEV_001_2024-11-15 00:00:00,2024-11-15 00:00:00,DEV_001,68,6,56,43
DEV_001_2024-11-15 04:00:00,2024-11-15 04:00:00,DEV_001,63,37,93,4
DEV_001_2024-11-15 08:00:00,2024-11-15 08:00:00,DEV_001,68,13,54,4
DEV_001_2024-11-15 12:00:00,2024-11-15 12:00:00,DEV_001,15,44,51,5
DEV_001_2024-11-15 16:00:00,2024-11-15 16:00:00,DEV_001,46,11,87,82
DEV_001_2024-11-15 20:00:00,2024-11-15 20:00:00,DEV_001,1,34,63,90
DEV_001_2024-11-16 00:00:00,2024-11-16 00:00:00,DEV_001,15,94,90,51
DEV_001_2024-11-16 04:00:00,2024-11-16 04:00:00,DEV_001,70,36,48,58
DEV_001_2024-11-16 08:00:00,2024-11-16 08:00:00,DEV_001,81,28,49,57
DEV_001_2024-11-16 12:00:00,2024-11-16 12:00:00,DEV_001,58,80,51,84
DEV_001_2024-11-16 16:00:00,2024-11-16 16:00:00,DEV_001,69,46,25,73
DEV_001_2024-11-16 20:00:00,2024-11-16 20:00:00,DEV_001,83,14,34,31
DEV_001_2024-11-17 00:00:00,2024-11-17 00:00:00,DEV_001,52,30,61,34
DEV_001_2024-11-17 04:00:00,2024-11-17 04:00:00,DEV_001,45,75,20,32
DEV_001_2024-11-17 08:00:00,2024-11-17 08:00:00,DEV_001,67,38,27,44
DEV_001_2024-11-17 12:00:00,2024-11-17 12:00:00,DEV_001,21,66,93,46
DEV_001_2024-11-17 16:00:00,2024-11-17 16:00:00,DEV_001,16,78,69,28
DEV_001_2024-11-17 20:00:00,2024-11-17 20:00:00,DEV_001,61,34,58,35
DEV_001_2024-11-18 00:00:00,2024-11-18 00:00:00,DEV_001,81,40,93,29
DEV_001_2024-11-18 04:00:00,2024-11-18 04:00:00,DEV_001,39,37,14,84
DEV_001_2024-11-18 08:00:00,2024-11-18 08:00:00,DEV_001,32,23,91,16
DEV_001_2024-11-18 12:00:00,2024-11-18 12:00:00,DEV_001,84,11,56,67
DEV_001_2024-11-18 16:00:00,2024-11-18 16:00:00,DEV_001,53,13,91,43
DEV_001_2024-11-18 20:00:00,2024-11-18 20:00:00,DEV_001,72,7,77,64
DEV_001_2024-11-19 00:00:00,2024-11-19 00:00:00,DEV_001,59,43,86,96
DEV_001_2024-11-19 04:00:00,2024-11-19 04:00:00,DEV_001,63,46,40,30
DEV_001_2024-11-19 08:00:00,2024-11-19 08:00:00,DEV_001,44,83,48,52
DEV_001_2024-11-19 12:00:00,2024-11-19 12:00:00,DEV_001,74,16,46,54
DEV_001_2024-11-19 16:00:00,2024-11-19 16:00:00,DEV_001,66,65,4,64
DEV_001_2024-11-19 20:00:00,2024-11-19 20:00:00,DEV_001,6,23,46,82
DEV_001_2024-11-20 00:00:00,2024-11-20 00:00:00,DEV_001,27,18,59,2
DEV_001_2024-11-20 04:00:00,2024-11-20 04:00:00,DEV_001,58,67,83,28
DEV_001_2024-11-20 08:00:00,2024-11-20 08:00:00,DEV_001,56,21,75,55
DEV_001_2024-11-20 12:00:00,2024-11-20 12:00:00,DEV_001,19,40,51,21
DEV_001_2024-11-20 16:00:00,2024-11-20 16:00:00,DEV_001,73,71,20,20
DEV_001_2024-11-20 20:00:00,2024-11-20 20:00:00,DEV_001,70,59,8,65
DEV_001_2024-11-21 00:00:00,2024-11-21 00:00:00,DEV_001,38,40,4,42
DEV_001_2024-11-21 04:00:00,2024-11-21 04:00:00,DEV_001,99,42,38,95
DEV_001_2024-11-21 08:00:00,2024-11-21 08:00:00,DEV_001,57,22,72,2
DEV_001_2024-11-21 12:00:00,2024-11-21 12:00:00,DEV_001,11,53,14,44
DEV_001_2024-11-21 16:00:00,2024-11-21 16:00:00,DEV_001,24,41,87,89
DEV_001_2024-11-21 20:00:00,2024-11-21 20:00:00,DEV_001,26,40,87,96
DEV_001_2024-11-22 00:00:00,2024-11-22 00:00:00,DEV_001,92,57,88,23
DEV_001_2024-11-22 04:00:00,2024-11-22 04:00:00,DEV_001,12,85,97,16
DEV_001_2024-11-22 08:00:00,2024-11-22 08:00:00,DEV_001,87,34,54,47
DEV_001_2024-11-22 12:00:00,2024-11-22 12:00:00,DEV_001,47,90,69,88
DEV_001_2024-11-22 16:00:00,2024-11-22 16:00:00,DEV_001,8,71,60,10
DEV_001_2024-11-22 20:00:00,2024-11-22 20:00:00,DEV_001,27,78,49,32
DEV_001_2024-11-23 00:00:00,2024-11-23 00:00:00,DEV_001,43,55,22,61
DEV_001_2024-11-23 04:00:00,2024-11-23 04:00:00,DEV_001,36,94,48,73
DEV_001_2024-11-23 08:00:00,2024-11-23 08:00:00,DEV_001,69,72,21,6
DEV_001_2024-11-23 12:00:00,2024-11-23 12:00:00,DEV_001,35,5,46,44
DEV_001_2024-11-23 16:00:00,2024-11-23 16:00:00,DEV_001,9,90,97,58
DEV_001_2024-11-23 20:00:00,2024-11-23 20:00:00,DEV_001,13,66,18,8
DEV_001_2024-11-24 00:00:00,2024-11-24 00:00:00,DEV_001,17,45,51,95
DEV_001_2024-11-24 04:00:00,2024-11-24 04:00:00,DEV_001,9,87,17,72
DEV_001_2024-11-24 08:00:00,2024-11-24 08:00:00,DEV_001,54,73,84,39
DEV_001_2024-11-24 12:00:00,2024-11-24 12:00:00,DEV_001,70,86,45,14
DEV_001_2024-11-24 16:00:00,2024-11-24 16:00:00,DEV_001,47,47,72,32
DEV_001_2024-11-24 20:00:00,2024-11-24 20:00:00,DEV_001,91,99,66,66
DEV_001_2024-11-25 00:00:00,2024-11-25 00:00:00,DEV_001,12,31,17,37
DEV_001_2024-11-25 04:00:00,2024-11-25 04:00:00,DEV_001,10,10,45,31
DEV_001_2024-11-25 08:00:00,2024-11-25 08:00:00,DEV_001,99,4,96,39
DEV_001_2024-11-25 12:00:00,2024-11-25 12:00:00,DEV_001,39,24,15,47
DEV_001_2024-11-25 16:00:00,2024-11-25 16:00:00,DEV_001,25,74,7,98
DEV_001_2024-11-25 20:00:00,2024-11-25 20:00:00,DEV_001,88,91,62,12
DEV_001_2024-11-26 00:00:00,2024-11-26 00:00:00,DEV_001,31,14,48,26
DEV_001_2024-11-26 04:00:00,2024-11-26 04:00:00,DEV_001,37,25,11,32
DEV_001_2024-11-26 08:00:00,2024-11-26 08:00:00,DEV_001,34,64,72,5
DEV_001_2024-11-26 12:00:00,2024-11-26 12:00:00,DEV_001,80,86,6,65
DEV_001_2024-11-26 16:00:00,2024-11-26 16:00:00,DEV_001,7,98,34,11
DEV_001_2024-11-26 20:00:00,2024-11-26 20:00:00,DEV_001,31,77,22,47
DEV_001_2024-11-27 00:00:00,2024-11-27 00:00:00,DEV_001,20,13,18,85
DEV_001_2024-11-27 04:00:00,2024-11-27 04:00:00,DEV_001,20,63,8,12
DEV_001_2024-11-27 08:00:00,2024-11-27 08:00:00,DEV_001,81,96,42,29
DEV_001_2024-11-27 12:00:00,2024-11-27 12:00:00,DEV_001,88,68,17,43
DEV_001_2024-11-27 16:00:00,2024-11-27 16:00:00,DEV_001,33,47,11,52
DEV_001_2024-11-27 20:00:00,2024-11-27 20:00:00,DEV_001,96,16,97,88
DEV_001_2024-11-28 00:00:00,2024-11-28 00:00:00,DEV_001,88,25,68,82
DEV_001_2024-11-28 04:00:00,2024-11-28 04:00:00,DEV_001,8,92,39,84
DEV_001_2024-11-28 08:00:00,2024-11-28 08:00:00,DEV_001,52,45,29,71
DEV_001_2024-11-28 12:00:00,2024-11-28 12:00:00,DEV_001,31,18,66,41
DEV_001_2024-11-28 16:00:00,2024-11-28 16:00:00,DEV_001,57,48,43,93
DEV_001_2024-11-28 20:00:00,2024-11-28 20:00:00,DEV_001,51,7,80,97
DEV_001_2024-11-29 00:00:00,2024-11-29 00:00:00,DEV_001,11,49,91,70
DEV_001_2024-11-29 04:00:00,2024-11-29 04:00:00,DEV_001,65,91,38,6
DEV_001_2024-11-29 08:00:00,2024-11-29 08:00:00,DEV_001,53,49,39,12
DEV_001_2024-11-29 12:00:00,2024-11-29 12:00:00,DEV_001,19,29,51,43
DEV_001_2024-11-29 16:00:00,2024-11-29 16:00:00,DEV_001,63,84,71,5
DEV_001_2024-11-29 20:00:00,2024-11-29 20:00:00,DEV_001,32,96,96,74
DEV_001_2024-11-30 00:00:00,2024-11-30 00:00:00,DEV_001,35,77,67,3
DEV_001_2024-11-30 04:00:00,2024-11-30 04:00:00,DEV_001,35,80,33,3
DEV_001_2024-11-30 08:00:00,2024-11-30 08:00:00,DEV_001,42,71,48,8
DEV_001_2024-11-30 12:00:00,2024-11-30 12:00:00,DEV_001,97,94,58,75
DEV_001_2024-11-30 16:00:00,2024-11-30 16:00:00,DEV_001,25,41,17,88
DEV_001_2024-11-30 20:00:00,2024-11-30 20:00:00,DEV_001,23,98,99,63
DEV_001_2024-12-01 00:00:00,2024-12-01 00:00:00,DEV_001,71,82,20,23
DEV_001_2024-12-01 04:00:00,2024-12-01 04:00:00,DEV_001,28,50,39,75
DEV_001_2024-12-01 08:00:00,2024-12-01 08:00:00,DEV_001,34,73,18,34
DEV_001_2024-12-01 12:00:00,2024-12-01 12:00:00,DEV_001,84,16,1,28
DEV_001_2024-12-01 16:00:00,2024-12-01 16:00:00,DEV_001,59,25,20,67
DEV_001_2024-12-01 20:00:00,2024-12-01 20:00:00,DEV_001,56,5,7,70
DEV_001_2024-12-02 00:00:00,2024-12-02 00:00:00,DEV_001,21,44,82,62
DEV_001_2024-12-02 04:00:00,2024-12-02 04:00:00,DEV_001,41,86,41,83
DEV_001_2024-12-02 08:00:00,2024-12-02 08:00:00,DEV_001,24,67,99,96
DEV_001_2024-12-02 12:00:00,2024-12-02 12:00:00,DEV_001,28,79,58,68
DEV_001_2024-12-02 16:00:00,2024-12-02 16:00:00,DEV_001,43,15,12,95
DEV_001_2024-12-02 20:00:00,2024-12-02 20:00:00,DEV_001,60,20,40,75
DEV_001_2024-12-03 00:00:00,2024-12-03 00:00:00,DEV_001,97,37,69,41
DEV_001_2024-12-03 04:00:00,2024-12-03 04:00:00,DEV_001,71,50,84,12
DEV_001_2024-12-03 08:00:00,2024-12-03 08:00:00,DEV_001,8,95,40,55
DEV_001_2024-12-03 12:00:00,2024-12-03 12:00:00,DEV_001,88,6,86,99
DEV_001_2024-12-03 16:00:00,2024-12-03 16:00:00,DEV_001,26,8,62,40
DEV_001_2024-12-03 20:00:00,2024-12-03 20:00:00,DEV_001,28,33,16,1
DEV_001_2024-12-04 00:00:00,2024-12-04 00:00:00,DEV_001,29,53,72,77
DEV_001_2024-12-04 04:00:00,2024-12-04 04:00:00,DEV_001,59,29,50,15
DEV_001_2024-12-04 08:00:00,2024-12-04 08:00:00,DEV_001,15,68,38,85
DEV_001_2024-12-04 12:00:00,2024-12-04 12:00:00,DEV_001,18,52,92,41
DEV_001_2024-12-04 16:00:00,2024-12-04 16:00:00,DEV_001,24,35,25,30
DEV_001_2024-12-04 20:00:00,2024-12-04 20:00:00,DEV_001,34,68,31,86
DEV_001_2024-12-05 00:00:00,2024-12-05 00:00:00,DEV_001,12,20,70,78
DEV_001_2024-12-05 04:00:00,2024-12-05 04:00:00,DEV_001,19,65,58,15
DEV_001_2024-12-05 08:00:00,2024-12-05 08:00:00,DEV_001,20,17,92,61
DEV_001_2024-12-05 12:00:00,2024-12-05 12:00:00,DEV_001,60,84,12,44
DEV_001_2024-12-05 16:00:00,2024-12-05 16:00:00,DEV_001,8,75,31,78
DEV_001_2024-12-05 20:00:00,2024-12-05 20:00:00,DEV_001,52,50,81,40
DEV_001_2024-12-06 00:00:00,2024-12-06 00:00:00,DEV_001,41,36,89,68
DEV_001_2024-12-06 04:00:00,2024-12-06 04:00:00,DEV_001,52,71,99,75
DEV_001_2024-12-06 08:00:00,2024-12-06 08:00:00,DEV_001,50,94,50,90
DEV_001_2024-12-06 12:00:00,2024-12-06 12:00:00,DEV_001,4,97,16,46
DEV_001_2024-12-06 16:00:00,2024-12-06 16:00:00,DEV_001,37,44,98,33
DEV_001_2024-12-06 20:00:00,2024-12-06 20:00:00,DEV_001,28,98,9,18
DEV_001_2024-12-07 00:00:00,2024-12-07 00:00:00,DEV_001,28,87,15,97
DEV_001_2024-12-07 04:00:00,2024-12-07 04:00:00,DEV_001,65,55,54,36
DEV_001_2024-12-07 08:00:00,2024-12-07 08:00:00,DEV_001,47,42,93,97
DEV_001_2024-12-07 12:00:00,2024-12-07 12:00:00,DEV_001,7,31,82,98
DEV_001_2024-12-07 16:00:00,2024-12-07 16:00:00,DEV_001,18,97,55,45
DEV_001_2024-12-07 20:00:00,2024-12-07 20:00:00,DEV_001,19,25,27,19
DEV_001_2024-12-08 00:00:00,2024-12-08 00:00:00,DEV_001,34,48,86,57
DEV_001_2024-12-08 04:00:00,2024-12-08 04:00:00,DEV_001,68,87,17,73
DEV_001_2024-12-08 08:00:00,2024-12-08 08:00:00,DEV_001,91,28,39,37
DEV_001_2024-12-08 12:00:00,2024-12-08 12:00:00,DEV_001,58,46,50,5
DEV_001_2024-12-08 16:00:00,2024-12-08 16:00:00,DEV_001,97,25,61,9
DEV_001_2024-12-08 20:00:00,2024-12-08 20:00:00,DEV_001,54,96,8,33
DEV_001_2024-12-09 00:00:00,2024-12-09 00:00:00,DEV_001,32,17,38,13
DEV_001_2024-12-09 04:00:00,2024-12-09 04:00:00,DEV_001,61,26,75,18
DEV_001_2024-12-09 08:00:00,2024-12-09 08:00:00,DEV_001,22,95,73,36
DEV_001_2024-12-09 12:00:00,2024-12-09 12:00:00,DEV_001,82,26,34,39
DEV_001_2024-12-09 16:00:00,2024-12-09 16:00:00,DEV_001,84,47,16,26
DEV_001_2024-12-09 20:00:00,2024-12-09 20:00:00,DEV_001,78,93,52,45
DEV_001_2024-12-10 00:00:00,2024-12-10 00:00:00,DEV_001,74,33,8,13
DEV_001_2024-12-10 04:00:00,2024-12-10 04:00:00,DEV_001,47,69,17,47
DEV_001_2024-12-10 08:00:00,2024-12-10 08:00:00,DEV_001,80,94,66,8
DEV_001_2024-12-10 12:00:00,2024-12-10 12:00:00,DEV_001,30,84,36,96
DEV_001_2024-12-10 16:00:00,2024-12-10 16:00:00,DEV_001,45,63,23,23
DEV_001_2024-12-10 20:00:00,2024-12-10 20:00:00,DEV_001,14,34,86,51
DEV_001_2024-12-11 00:00:00,2024-12-11 00:00:00,DEV_001,18,97,21,39
DEV_001_2024-12-11 04:00:00,2024-12-11 04:00:00,DEV_001,96,70,28,96
DEV_001_2024-12-11 08:00:00,2024-12-11 08:00:00,DEV_001,78,68,88,66
DEV_001_2024-12-11 12:00:00,2024-12-11 12:00:00,DEV_001,13,24,74,94
DEV_001_2024-12-11 16:00:00,2024-12-11 16:00:00,DEV_001,92,60,35,68
DEV_001_2024-12-11 20:00:00,2024-12-11 20:00:00,DEV_001,94,45,72,85
DEV_001_2024-12-12 00:00:00,2024-12-12 00:00:00,DEV_001,7,14,39,80
DEV_001_2024-12-12 04:00:00,2024-12-12 04:00:00,DEV_001,7,57,68,88
DEV_001_2024-12-12 08:00:00,2024-12-12 08:00:00,DEV_001,61,91,70,53
DEV_001_2024-12-12 12:00:00,2024-12-12 12:00:00,DEV_001,50,50,21,25
DEV_001_2024-12-12 16:00:00,2024-12-12 16:00:00,DEV_001,14,3,41,91
DEV_001_2024-12-12 20:00:00,2024-12-12 20:00:00,DEV_001,61,34,48,98
DEV_001_2024-12-13 00:00:00,2024-12-13 00:00:00,DEV_001,5,79,49,92
DEV_001_2024-12-13 04:00:00,2024-12-13 04:00:00,DEV_001,85,49,65,60
DEV_001_2024-12-13 08:00:00,2024-12-13 08:00:00,DEV_001,39,50,30,11
DEV_001_2024-12-13 12:00:00,2024-12-13 12:00:00,DEV_001,73,48,21,42
DEV_001_2024-12-13 16:00:00,2024-12-13 16:00:00,DEV_001,51,7,3,74
DEV_001_2024-12-13 20:00:00,2024-12-13 20:00:00,DEV_001,77,38,12,28
DEV_001_2024-12-14 00:00:00,2024-12-14 00:00:00,DEV_001,44,93,27,6
DEV_001_2024-12-14 04:00:00,2024-12-14 04:00:00,DEV_001,41,53,18,36
DEV_001_2024-12-14 08:00:00,2024-12-14 08:00:00,DEV_001,36,30,86,46
DEV_001_2024-12-14 12:00:00,2024-12-14 12:00:00,DEV_001,63,66,25,12
DEV_001_2024-12-14 16:00:00,2024-12-14 16:00:00,DEV_001,44,50,26,89
DEV_001_2024-12-14 20:00:00,2024-12-14 20:00:00,DEV_001,6,32,63,45
DEV_001_2024-12-15 00:00:00,2024-12-15 00:00:00,DEV_001,38,10,57,27
DEV_001_2024-12-15 04:00:00,2024-12-15 04:00:00,DEV_001,7,75,85,94
DEV_001_2024-12-15 08:00:00,2024-12-15 08:00:00,DEV_001,79,50,73,32
DEV_001_2024-12-15 12:00:00,2024-12-15 12:00:00,DEV_001,40,79,68,45
DEV_001_2024-12-15 16:00:00,2024-12-15 16:00:00,DEV_001,8,96,27,45
DEV_001_2024-12-15 20:00:00,2024-12-15 20:00:00,DEV_001,45,89,27,62
DEV_001_2024-12-16 00:00:00,2024-12-16 00:00:00,DEV_001,98,44,17,57
DEV_001_2024-12-16 04:00:00,2024-12-16 04:00:00,DEV_001,47,88,63,67
DEV_001_2024-12-16 08:00:00,2024-12-16 08:00:00,DEV_001,89,58,20,20
DEV_001_2024-12-16 12:00:00,2024-12-16 12:00:00,DEV_001,77,3,5,80
DEV_001_2024-12-16 16:00:00,2024-12-16 16:00:00,DEV_001,76,57,90,19
DEV_001_2024-12-16 20:00:00,2024-12-16 20:00:00,DEV_001,76,16,99,4
DEV_001_2024-12-17 00:00:00,2024-12-17 00:00:00,DEV_001,59,41,72,6
DEV_001_2024-12-17 04:00:00,2024-12-17 04:00:00,DEV_001,5,17,31,89
DEV_001_2024-12-17 08:00:00,2024-12-17 08:00:00,DEV_001,39,27,40,82
DEV_001_2024-12-17 12:00:00,2024-12-17 12:00:00,DEV_001,45,77,79,37
DEV_001_2024-12-17 16:00:00,2024-12-17 16:00:00,DEV_001,6,69,46,89
DEV_001_2024-12-17 20:00:00,2024-12-17 20:00:00,DEV_001,97,59,10,87
DEV_001_2024-12-18 00:00:00,2024-12-18 00:00:00,DEV_001,52,7,91,25
DEV_001_2024-12-18 04:00:00,2024-12-18 04:00:00,DEV_001,72,40,71,19
DEV_001_2024-12-18 08:00:00,2024-12-18 08:00:00,DEV_001,1,4,83,78
DEV_001_2024-12-18 12:00:00,2024-12-18 12:00:00,DEV_001,94,43,73,25
DEV_001_2024-12-18 16:00:00,2024-12-18 16:00:00,DEV_001,92,59,81,19
DEV_001_2024-12-18 20:00:00,2024-12-18 20:00:00,DEV_001,92,36,35,41
DEV_001_2024-12-19 00:00:00,2024-12-19 00:00:00,DEV_001,34,46,54,50
DEV_001_2024-12-19 04:00:00,2024-12-19 04:00:00,DEV_001,2,14,17,81
DEV_001_2024-12-19 08:00:00,2024-12-19 08:00:00,DEV_001,58,24,69,81
DEV_001_2024-12-19 12:00:00,2024-12-19 12:00:00,DEV_001,9,30,46,33
DEV_001_2024-12-19 16:00:00,2024-12-19 16:00:00,DEV_001,46,92,70,13
DEV_001_2024-12-19 20:00:00,2024-12-19 20:00:00,DEV_001,42,39,82,97
DEV_001_2024-12-20 00:00:00,2024-12-20 00:00:00,DEV_001,97,5,97,22
DEV_001_2024-12-20 04:00:00,2024-12-20 04:00:00,DEV_001,52,80,66,33
DEV_001_2024-12-20 08:00:00,2024-12-20 08:00:00,DEV_001,49,31,64,34
DEV_001_2024-12-20 12:00:00,2024-12-20 12:00:00,DEV_001,63,3,1,11
DEV_001_2024-12-20 16:00:00,2024-12-20 16:00:00,DEV_001,58,70,69,67
DEV_001_2024-12-20 20:00:00,2024-12-20 20:00:00,DEV_001,61,91,72,82
DEV_001_2024-12-21 00:00:00,2024-12-21 00:00:00,DEV_001,32,51,24,5
DEV_001_2024-12-21 04:00:00,2024-12-21 04:00:00,DEV_001,21,22,80,27
DEV_001_2024-12-21 08:00:00,2024-12-21 08:00:00,DEV_001,45,49,24,81
DEV_001_2024-12-21 12:00:00,2024-12-21 12:00:00,DEV_001,11,76,68,7
DEV_001_2024-12-21 16:00:00,2024-12-21 16:00:00,DEV_001,63,35,91,72
DEV_001_2024-12-21 20:00:00,2024-12-21 20:00:00,DEV_001,61,52,43,78
DEV_001_2024-12-22 00:00:00,2024-12-22 00:00:00,DEV_001,80,91,69,56
DEV_001_2024-12-22 04:00:00,2024-12-22 04:00:00,DEV_001,96,73,82,95
DEV_001_2024-12-22 08:00:00,2024-12-22 08:00:00,DEV_001,70,55,50,42
DEV_001_2024-12-22 12:00:00,2024-12-22 12:00:00,DEV_001,94,14,67,94
DEV_001_2024-12-22 16:00:00,2024-12-22 16:00:00,DEV_001,6,34,2,10
DEV_001_2024-12-22 20:00:00,2024-12-22 20:00:00,DEV_001,95,10,39,19
DEV_001_2024-12-23 00:00:00,2024-12-23 00:00:00,DEV_001,58,97,73,38
DEV_001_2024-12-23 04:00:00,2024-12-23 04:00:00,DEV_001,7,35,50,95
DEV_001_2024-12-23 08:00:00,2024-12-23 08:00:00,DEV_001,66,88,1,89
DEV_001_2024-12-23 12:00:00,2024-12-23 12:00:00,DEV_001,41,96,54,38
DEV_001_2024-12-23 16:00:00,2024-12-23 16:00:00,DEV_001,11,41,39,55
DEV_001_2024-12-23 20:00:00,2024-12-23 20:00:00,DEV_001,5,69,10,17
DEV_001_2024-12-24 00:00:00,2024-12-24 00:00:00,DEV_001,45,11,83,28
DEV_001_2024-12-24 04:00:00,2024-12-24 04:00:00,DEV_001,85,84,51,19
DEV_001_2024-12-24 08:00:00,2024-12-24 08:00:00,DEV_001,96,36,83,50
DEV_001_2024-12-24 12:00:00,2024-12-24 12:00:00,DEV_001,38,81,85,7
DEV_001_2024-12-24 16:00:00,2024-12-24 16:00:00,DEV_001,85,67,92,34
DEV_001_2024-12-24 20:00:00,2024-12-24 20:00:00,DEV_001,91,73,1,77
DEV_001_2024-12-25 00:00:00,2024-12-25 00:00:00,DEV_001,27,85,95,47
DEV_001_2024-12-25 04:00:00,2024-12-25 04:00:00,DEV_001,85,77,18,53
DEV_001_2024-12-25 08:00:00,2024-12-25 08:00:00,DEV_001,87,57,63,24
DEV_001_2024-12-25 12:00:00,2024-12-25 12:00:00,DEV_001,43,42,39,41
DEV_001_2024-12-25 16:00:00,2024-12-25 16:00:00,DEV_001,76,16,97,62
DEV_001_2024-12-25 20:00:00,2024-12-25 20:00:00,DEV_001,30,45,90,49
DEV_001_2024-12-26 00:00:00,2024-12-26 00:00:00,DEV_001,33,35,69,6
DEV_001_2024-12-26 04:00:00,2024-12-26 04:00:00,DEV_001,24,30,75,37
DEV_001_2024-12-26 08:00:00,2024-12-26 08:00:00,DEV_001,61,76,19,18
DEV_001_2024-12-26 12:00:00,2024-12-26 12:00:00,DEV_001,90,9,49,24
DEV_001_2024-12-26 16:00:00,2024-12-26 16:00:00,DEV_001,58,97,18,85
DEV_001_2024-12-26 20:00:00,2024-12-26 20:00:00,DEV_001,24,93,71,98
DEV_001_2024-12-27 00:00:00,2024-12-27 00:00:00,DEV_001,92,59,75,75
DEV_001_2024-12-27 04:00:00,2024-12-27 04:00:00,DEV_001,75,70,35,58
DEV_001_2024-12-27 08:00:00,2024-12-27 08:00:00,DEV_001,50,1,64,66
DEV_001_2024-12-27 12:00:00,2024-12-27 12:00:00,DEV_001,33,2,91,70
DEV_001_2024-12-27 16:00:00,2024-12-27 16:00:00,DEV_001,89,21,3,30
DEV_001_2024-12-27 20:00:00,2024-12-27 20:00:00,DEV_001,28,4,98,71
DEV_001_2024-12-28 00:00:00,2024-12-28 00:00:00,DEV_001,3,91,22,29
DEV_001_2024-12-28 04:00:00,2024-12-28 04:00:00,DEV_001,90,62,52,36
DEV_001_2024-12-28 08:00:00,2024-12-28 08:00:00,DEV_001,71,20,57,64
DEV_001_2024-12-28 12:00:00,2024-12-28 12:00:00,DEV_001,13,60,83,89
DEV_001_2024-12-28 16:00:00,2024-12-28 16:00:00,DEV_001,51,43,62,14
DEV_001_2024-12-28 20:00:00,2024-12-28 20:00:00,DEV_001,22,71,90,39
DEV_001_2024-12-29 00:00:00,2024-12-29 00:00:00,DEV_001,59,66,20,29
DEV_001_2024-12-29 04:00:00,2024-12-29 04:00:00,DEV_001,61,60,20,61
DEV_001_2024-12-29 08:00:00,2024-12-29 08:00:00,DEV_001,71,26,62,61
DEV_001_2024-12-29 12:00:00,2024-12-29 12:00:00,DEV_001,21,96,26,27
DEV_001_2024-12-29 16:00:00,2024-12-29 16:00:00,DEV_001,4,4,23,93
DEV_001_2024-12-29 20:00:00,2024-12-29 20:00:00,DEV_001,60,63,21,86
DEV_002_2024-09-01 00:00:00,2024-09-01 00:00:00,DEV_002,90,86,42,23
DEV_002_2024-09-01 04:00:00,2024-09-01 04:00:00,DEV_002,79,66,17,64
DEV_002_2024-09-01 08:00:00,2024-09-01 08:00:00,DEV_002,96,74,46,68
DEV_002_2024-09-01 12:00:00,2024-09-01 12:00:00,DEV_002,21,49,52,39
DEV_002_2024-09-01 16:00:00,2024-09-01 16:00:00,DEV_002,15,44,35,26
DEV_002_2024-09-01 20:00:00,2024-09-01 20:00:00,DEV_002,15,56,6,36
DEV_002_2024-09-02 00:00:00,2024-09-02 00:00:00,DEV_002,53,15,66,20
DEV_002_2024-09-02 04:00:00,2024-09-02 04:00:00,DEV_002,53,99,96,51
DEV_002_2024-09-02 08:00:00,2024-09-02 08:00:00,DEV_002,12,61,19,79
DEV_002_2024-09-02 12:00:00,2024-09-02 12:00:00,DEV_002,40,99,42,86
DEV_002_2024-09-02 16:00:00,2024-09-02 16:00:00,DEV_002,8,11,54,93
DEV_002_2024-09-02 20:00:00,2024-09-02 20:00:00,DEV_002,46,23,47,41
DEV_002_2024-09-03 00:00:00,2024-09-03 00:00:00,DEV_002,26,66,5,86
DEV_002_2024-09-03 04:00:00,2024-09-03 04:00:00,DEV_002,52,64,51,4
DEV_002_2024-09-03 08:00:00,2024-09-03 08:00:00,DEV_002,21,63,14,7
DEV_002_2024-09-03 12:00:00,2024-09-03 12:00:00,DEV_002,53,31,8,9
DEV_002_2024-09-03 16:00:00,2024-09-03 16:00:00,DEV_002,63,8,5,44
DEV_002_2024-09-03 20:00:00,2024-09-03 20:00:00,DEV_002,45,16,63,52
DEV_002_2024-09-04 00:00:00,2024-09-04 00:00:00,DEV_002,3,27,45,19
DEV_002_2024-09-04 04:00:00,2024-09-04 04:00:00,DEV_002,39,85,36,99
DEV_002_2024-09-04 08:00:00,2024-09-04 08:00:00,DEV_002,52,49,82,72
DEV_002_2024-09-04 12:00:00,2024-09-04 12:00:00,DEV_002,45,93,37,80
DEV_002_2024-09-04 16:00:00,2024-09-04 16:00:00,DEV_002,66,31,70,50
DEV_002_2024-09-04 20:00:00,2024-09-04 20:00:00,DEV_002,8,15,39,36
DEV_002_2024-09-05 00:00:00,2024-09-05 00:00:00,DEV_002,92,56,14,21
DEV_002_2024-09-05 04:00:00,2024-09-05 04:00:00,DEV_002,19,38,14,82
DEV_002_2024-09-05 08:00:00,2024-09-05 08:00:00,DEV_002,88,41,77,29
DEV_002_2024-09-05 12:00:00,2024-09-05 12:00:00,DEV_002,78,49,98,70
DEV_002_2024-09-05 16:00:00,2024-09-05 16:00:00,DEV_002,89,71,74,12
DEV_002_2024-09-05 20:00:00,2024-09-05 20:00:00,DEV_002,37,37,59,95
DEV_002_2024-09-06 00:00:00,2024-09-06 00:00:00,DEV_002,50,98,60,13
DEV_002_2024-09-06 04:00:00,2024-09-06 04:00:00,DEV_002,54,56,89,39
DEV_002_2024-09-06 08:00:00,2024-09-06 08:00:00,DEV_002,41,90,77,45
DEV_002_2024-09-06 12:00:00,2024-09-06 12:00:00,DEV_002,85,72,40,60
DEV_002_2024-09-06 16:00:00,2024-09-06 16:00:00,DEV_002,24,8,21,9
DEV_002_2024-09-06 20:00:00,2024-09-06 20:00:00,DEV_002,90,53,17,54
DEV_002_2024-09-07 00:00:00,2024-09-07 00:00:00,DEV_002,50,74,34,64
DEV_002_2024-09-07 04:00:00,2024-09-07 04:00:00,DEV_002,8,57,65,10
DEV_002_2024-09-07 08:00:00,2024-09-07 08:00:00,DEV_002,96,88,24,40
DEV_002_2024-09-07 12:00:00,2024-09-07 12:00:00,DEV_002,76,89,60,66
DEV_002_2024-09-07 16:00:00,2024-09-07 16:00:00,DEV_002,98,83,74,63
DEV_002_2024-09-07 20:00:00,2024-09-07 20:00:00,DEV_002,94,53,97,66
DEV_002_2024-09-08 00:00:00,2024-09-08 00:00:00,DEV_002,30,72,8,77
DEV_002_2024-09-08 04:00:00,2024-09-08 04:00:00,DEV_002,8,10,10,18
DEV_002_2024-09-08 08:00:00,2024-09-08 08:00:00,DEV_002,4,8,42,41
DEV_002_2024-09-08 12:00:00,2024-09-08 12:00:00,DEV_002,71,70,81,57
DEV_002_2024-09-08 16:00:00,2024-09-08 16:00:00,DEV_002,67,80,73,7
DEV_002_2024-09-08 20:00:00,2024-09-08 20:00:00,DEV_002,47,7,84,96
DEV_002_2024-09-09 00:00:00,2024-09-09 00:00:00,DEV_002,59,53,80,31
DEV_002_2024-09-09 04:00:00,2024-09-09 04:00:00,DEV_002,20,84,20,91
DEV_002_2024-09-09 08:00:00,2024-09-09 08:00:00,DEV_002,77,72,96,98
DEV_002_2024-09-09 12:00:00,2024-09-09 12:00:00,DEV_002,70,42,85,28
DEV_002_2024-09-09 16:00:00,2024-09-09 16:00:00,DEV_002,80,10,50,68
DEV_002_2024-09-09 20:00:00,2024-09-09 20:00:00,DEV_002,31,19,92,26
DEV_002_2024-09-10 00:00:00,2024-09-10 00:00:00,DEV_002,16,42,50,60
DEV_002_2024-09-10 04:00:00,2024-09-10 04:00:00,DEV_002,97,54,6,91
DEV_002_2024-09-10 08:00:00,2024-09-10 08:00:00,DEV_002,27,70,51,95
DEV_002_2024-09-10 12:00:00,2024-09-10 12:00:00,DEV_002,64,56,69,71
DEV_002_2024-09-10 16:00:00,2024-09-10 16:00:00,DEV_002,16,58,86,50
DEV_002_2024-09-10 20:00:00,2024-09-10 20:00:00,DEV_002,28,76,99,12
DEV_002_2024-09-11 00:00:00,2024-09-11 00:00:00,DEV_002,49,49,86,71
DEV_002_2024-09-11 04:00:00,2024-09-11 04:00:00,DEV_002,89,7,57,68
DEV_002_2024-09-11 08:00:00,2024-09-11 08:00:00,DEV_002,22,72,22,53
DEV_002_2024-09-11 12:00:00,2024-09-11 12:00:00,DEV_002,42,17,44,29
DEV_002_2024-09-11 16:00:00,2024-09-11 16:00:00,DEV_002,9,91,6,59
DEV_002_2024-09-11 20:00:00,2024-09-11 20:00:00,DEV_002,24,62,73,63
DEV_002_2024-09-12 00:00:00,2024-09-12 00:00:00,DEV_002,23,95,23,27
DEV_002_2024-09-12 04:00:00,2024-09-12 04:00:00,DEV_002,5,17,87,29
DEV_002_2024-09-12 08:00:00,2024-09-12 08:00:00,DEV_002,30,57,42,73
DEV_002_2024-09-12 12:00:00,2024-09-12 12:00:00,DEV_002,46,47,74,82
DEV_002_2024-09-12 16:00:00,2024-09-12 16:00:00,DEV_002,81,17,43,28
DEV_002_2024-09-12 20:00:00,2024-09-12 20:00:00,DEV_002,99,81,10,93
DEV_002_2024-09-13 00:00:00,2024-09-13 00:00:00,DEV_002,89,51,52,24
DEV_002_2024-09-13 04:00:00,2024-09-13 04:00:00,DEV_002,75,95,11,14
DEV_002_2024-09-13 08:00:00,2024-09-13 08:00:00,DEV_002,77,65,76,2
DEV_002_2024-09-13 12:00:00,2024-09-13 12:00:00,DEV_002,40,15,13,64
DEV_002_2024-09-13 16:00:00,2024-09-13 16:00:00,DEV_002,27,48,94,14
DEV_002_2024-09-13 20:00:00,2024-09-13 20:00:00,DEV_002,8,92,51,12
DEV_002_2024-09-14 00:00:00,2024-09-14 00:00:00,DEV_002,74,56,14,4
DEV_002_2024-09-14 04:00:00,2024-09-14 04:00:00,DEV_002,14,69,63,31
DEV_002_2024-09-14 08:00:00,2024-09-14 08:00:00,DEV_002,63,75,51,60
DEV_002_2024-09-14 12:00:00,2024-09-14 12:00:00,DEV_002,63,26,65,62
DEV_002_2024-09-14 16:00:00,2024-09-14 16:00:00,DEV_002,44,8,23,60
DEV_002_2024-09-14 20:00:00,2024-09-14 20:00:00,DEV_002,42,3,63,39
DEV_002_2024-09-15 00:00:00,2024-09-15 00:00:00,DEV_002,93,23,47,69
DEV_002_2024-09-15 04:00:00,2024-09-15 04:00:00,DEV_002,26,29,87,75
DEV_002_2024-09-15 08:00:00,2024-09-15 08:00:00,DEV_002,88,87,7,70
DEV_002_2024-09-15 12:00:00,2024-09-15 12:00:00,DEV_002,24,87,87,56
DEV_002_2024-09-15 16:00:00,2024-09-15 16:00:00,DEV_002,30,7,92,3
DEV_002_2024-09-15 20:00:00,2024-09-15 20:00:00,DEV_002,63,81,75,77
DEV_002_2024-09-16 00:00:00,2024-09-16 00:00:00,DEV_002,14,63,57,4
DEV_002_2024-09-16 04:00:00,2024-09-16 04:00:00,DEV_002,35,62,73,53
DEV_002_2024-09-16 08:00:00,2024-09-16 08:00:00,DEV_002,99,67,94,3
DEV_002_2024-09-16 12:00:00,2024-09-16 12:00:00,DEV_002,59,43,15,19
DEV_002_2024-09-16 16:00:00,2024-09-16 16:00:00,DEV_002,57,74,53,52
DEV_002_2024-09-16 20:00:00,2024-09-16 20:00:00,DEV_002,80,31,27,53
DEV_002_2024-09-17 00:00:00,2024-09-17 00:00:00,DEV_002,8,57,46,73
DEV_002_2024-09-17 04:00:00,2024-09-17 04:00:00,DEV_002,46,56,73,84
DEV_002_2024-09-17 08:00:00,2024-09-17 08:00:00,DEV_002,37,7,97,21
DEV_002_2024-09-17 12:00:00,2024-09-17 12:00:00,DEV_002,66,4,82,66
DEV_002_2024-09-17 16:00:00,2024-09-17 16:00:00,DEV_002,12,38,55,33
DEV_002_2024-09-17 20:00:00,2024-09-17 20:00:00,DEV_002,34,26,22,23
DEV_002_2024-09-18 00:00:00,2024-09-18 00:00:00,DEV_002,13,98,57,84
DEV_002_2024-09-18 04:00:00,2024-09-18 04:00:00,DEV_002,76,94,76,95
DEV_002_2024-09-18 08:00:00,2024-09-18 08:00:00,DEV_002,98,8,78,65
DEV_002_2024-09-18 12:00:00,2024-09-18 12:00:00,DEV_002,55,10,10,37
DEV_002_2024-09-18 16:00:00,2024-09-18 16:00:00,DEV_002,39,15,93,82
DEV_002_2024-09-18 20:00:00,2024-09-18 20:00:00,DEV_002,3,23,79,62
DEV_002_2024-09-19 00:00:00,2024-09-19 00:00:00,DEV_002,14,78,31,15
DEV_002_2024-09-19 04:00:00,2024-09-19 04:00:00,DEV_002,45,1,99,10
DEV_002_2024-09-19 08:00:00,2024-09-19 08:00:00,DEV_002,90,15,68,37
DEV_002_2024-09-19 12:00:00,2024-09-19 12:00:00,DEV_002,84,17,28,13
DEV_002_2024-09-19 16:00:00,2024-09-19 16:00:00,DEV_002,68,62,42,30
DEV_002_2024-09-19 20:00:00,2024-09-19 20:00:00,DEV_002,68,9,87,22
DEV_002_2024-09-20 00:00:00,2024-09-20 00:00:00,DEV_002,30,24,22,90
DEV_002_2024-09-20 04:00:00,2024-09-20 04:00:00,DEV_002,42,11,57,43
DEV_002_2024-09-20 08:00:00,2024-09-20 08:00:00,DEV_002,91,99,39,5
DEV_002_2024-09-20 12:00:00,2024-09-20 12:00:00,DEV_002,10,55,16,42
DEV_002_2024-09-20 16:00:00,2024-09-20 16:00:00,DEV_002,35,71,34,63
DEV_002_2024-09-20 20:00:00,2024-09-20 20:00:00,DEV_002,41,37,83,83
DEV_002_2024-09-21 00:00:00,2024-09-21 00:00:00,DEV_002,76,97,37,85
DEV_002_2024-09-21 04:00:00,2024-09-21 04:00:00,DEV_002,14,21,11,44
DEV_002_2024-09-21 08:00:00,2024-09-21 08:00:00,DEV_002,63,90,75,52
DEV_002_2024-09-21 12:00:00,2024-09-21 12:00:00,DEV_002,10,93,56,49
DEV_002_2024-09-21 16:00:00,2024-09-21 16:00:00,DEV_002,59,25,5,78
DEV_002_2024-09-21 20:00:00,2024-09-21 20:00:00,DEV_002,25,94,19,98
DEV_002_2024-09-22 00:00:00,2024-09-22 00:00:00,DEV_002,28,9,78,28
DEV_002_2024-09-22 04:00:00,2024-09-22 04:00:00,DEV_002,43,57,50,65
DEV_002_2024-09-22 08:00:00,2024-09-22 08:00:00,DEV_002,89,70,44,28
DEV_002_2024-09-22 12:00:00,2024-09-22 12:00:00,DEV_002,42,80,44,25
DEV_002_2024-09-22 16:00:00,2024-09-22 16:00:00,DEV_002,17,85,1,22
DEV_002_2024-09-22 20:00:00,2024-09-22 20:00:00,DEV_002,74,9,97,57
DEV_002_2024-09-23 00:00:00,2024-09-23 00:00:00,DEV_002,87,1,16,34
DEV_002_2024-09-23 04:00:00,2024-09-23 04:00:00,DEV_002,93,21,28,13
DEV_002_2024-09-23 08:00:00,2024-09-23 08:00:00,DEV_002,48,26,49,16
DEV_002_2024-09-23 12:00:00,2024-09-23 12:00:00,DEV_002,70,81,35,74
DEV_002_2024-09-23 16:00:00,2024-09-23 16:00:00,DEV_002,12,97,61,10
DEV_002_2024-09-23 20:00:00,2024-09-23 20:00:00,DEV_002,84,94,78,40
DEV_002_2024-09-24 00:00:00,2024-09-24 00:00:00,DEV_002,30,30,84,41
DEV_002_2024-09-24 04:00:00,2024-09-24 04:00:00,DEV_002,4,95,79,38
DEV_002_2024-09-24 08:00:00,2024-09-24 08:00:00,DEV_002,29,9,49,88
DEV_002_2024-09-24 12:00:00,2024-09-24 12:00:00,DEV_002,25,93,24,56
DEV_002_2024-09-24 16:00:00,2024-09-24 16:00:00,DEV_002,47,44,33,27
DEV_002_2024-09-24 20:00:00,2024-09-24 20:00:00,DEV_002,86,57,21,25
DEV_002_2024-09-25 00:00:00,2024-09-25 00:00:00,DEV_002,64,44,37,99
DEV_002_2024-09-25 04:00:00,2024-09-25 04:00:00,DEV_002,36,54,17,29
DEV_002_2024-09-25 08:00:00,2024-09-25 08:00:00,DEV_002,37,17,26,43
DEV_002_2024-09-25 12:00:00,2024-09-25 12:00:00,DEV_002,61,27,21,92
DEV_002_2024-09-25 16:00:00,2024-09-25 16:00:00,DEV_002,9,86,43,10
DEV_002_2024-09-25 20:00:00,2024-09-25 20:00:00,DEV_002,55,34,32,56
DEV_002_2024-09-26 00:00:00,2024-09-26 00:00:00,DEV_002,40,44,23,79
DEV_002_2024-09-26 04:00:00,2024-09-26 04:00:00,DEV_002,50,12,95,36
DEV_002_2024-09-26 08:00:00,2024-09-26 08:00:00,DEV_002,85,25,89,49
DEV_002_2024-09-26 12:00:00,2024-09-26 12:00:00,DEV_002,53,89,14,74
DEV_002_2024-09-26 16:00:00,2024-09-26 16:00:00,DEV_002,81,12,81,11
DEV_002_2024-09-26 20:00:00,2024-09-26 20:00:00,DEV_002,49,69,82,35
DEV_002_2024-09-27 00:00:00,2024-09-27 00:00:00,DEV_002,33,26,63,86
DEV_002_2024-09-27 04:00:00,2024-09-27 04:00:00,DEV_002,69,87,9,15
DEV_002_2024-09-27 08:00:00,2024-09-27 08:00:00,DEV_002,58,52,35,47
DEV_002_2024-09-27 12:00:00,2024-09-27 12:00:00,DEV_002,66,36,9,22
DEV_002_2024-09-27 16:00:00,2024-09-27 16:00:00,DEV_002,56,46,74,67
DEV_002_2024-09-27 20:00:00,2024-09-27 20:00:00,DEV_002,26,12,88,36
DEV_002_2024-09-28 00:00:00,2024-09-28 00:00:00,DEV_002,53,19,69,70
DEV_002_2024-09-28 04:00:00,2024-09-28 04:00:00,DEV_002,49,49,10,24
DEV_002_2024-09-28 08:00:00,2024-09-28 08:00:00,DEV_002,48,31,79,79
DEV_002_2024-09-28 12:00:00,2024-09-28 12:00:00,DEV_002,27,53,9,78
DEV_002_2024-09-28 16:00:00,2024-09-28 16:00:00,DEV_002,98,64,86,51
DEV_002_2024-09-28 20:00:00,2024-09-28 20:00:00,DEV_002,26,79,14,77
DEV_002_2024-09-29 00:00:00,2024-09-29 00:00:00,DEV_002,89,74,64,33
DEV_002_2024-09-29 04:00:00,2024-09-29 04:00:00,DEV_002,70,35,34,51
DEV_002_2024-09-29 08:00:00,2024-09-29 08:00:00,DEV_002,24,32,23,56
DEV_002_2024-09-29 12:00:00,2024-09-29 12:00:00,DEV_002,29,92,20,15
DEV_002_2024-09-29 16:00:00,2024-09-29 16:00:00,DEV_002,62,60,13,73
DEV_002_2024-09-29 20:00:00,2024-09-29 20:00:00,DEV_002,24,53,73,80
DEV_002_2024-09-30 00:00:00,2024-09-30 00:00:00,DEV_002,46,56,1,89
DEV_002_2024-09-30 04:00:00,2024-09-30 04:00:00,DEV_002,73,7,36,69
DEV_002_2024-09-30 08:00:00,2024-09-30 08:00:00,DEV_002,33,23,10,59
DEV_002_2024-09-30 12:00:00,2024-09-30 12:00:00,DEV_002,76,4,59,68
DEV_002_2024-09-30 16:00:00,2024-09-30 16:00:00,DEV_002,3,57,79,30
DEV_002_2024-09-30 20:00:00,2024-09-30 20:00:00,DEV_002,65,34,22,28
DEV_002_2024-10-01 00:00:00,2024-10-01 00:00:00,DEV_002,8,12,1,35
DEV_002_2024-10-01 04:00:00,2024-10-01 04:00:00,DEV_002,79,36,28,78
DEV_002_2024-10-01 08:00:00,2024-10-01 08:00:00,DEV_002,36,73,42,10
DEV_002_2024-10-01 12:00:00,2024-10-01 12:00:00,DEV_002,71,58,44,15
DEV_002_2024-10-01 16:00:00,2024-10-01 16:00:00,DEV_002,8,3,12,10
DEV_002_2024-10-01 20:00:00,2024-10-01 20:00:00,DEV_002,63,77,15,44
DEV_002_2024-10-02 00:00:00,2024-10-02 00:00:00,DEV_002,93,54,87,51
DEV_002_2024-10-02 04:00:00,2024-10-02 04:00:00,DEV_002,31,66,86,40
DEV_002_2024-10-02 08:00:00,2024-10-02 08:00:00,DEV_002,78,78,74,70
DEV_002_2024-10-02 12:00:00,2024-10-02 12:00:00,DEV_002,22,72,7,36
DEV_002_2024-10-02 16:00:00,2024-10-02 16:00:00,DEV_002,34,33,52,3
DEV_002_2024-10-02 20:00:00,2024-10-02 20:00:00,DEV_002,43,64,13,91
DEV_002_2024-10-03 00:00:00,2024-10-03 00:00:00,DEV_002,30,42,18,56
DEV_002_2024-10-03 04:00:00,2024-10-03 04:00:00,DEV_002,47,80,74,21
DEV_002_2024-10-03 08:00:00,2024-10-03 08:00:00,DEV_002,48,71,36,62
DEV_002_2024-10-03 12:00:00,2024-10-03 12:00:00,DEV_002,21,90,81,23
DEV_002_2024-10-03 16:00:00,2024-10-03 16:00:00,DEV_002,12,71,63,21
DEV_002_2024-10-03 20:00:00,2024-10-03 20:00:00,DEV_002,62,28,49,75
DEV_002_2024-10-04 00:00:00,2024-10-04 00:00:00,DEV_002,33,72,48,5
DEV_002_2024-10-04 04:00:00,2024-10-04 04:00:00,DEV_002,86,6,27,47
DEV_002_2024-10-04 08:00:00,2024-10-04 08:00:00,DEV_002,90,49,49,29
DEV_002_2024-10-04 12:00:00,2024-10-04 12:00:00,DEV_002,40,71,14,85
DEV_002_2024-10-04 16:00:00,2024-10-04 16:00:00,DEV_002,13,35,57,8
DEV_002_2024-10-04 20:00:00,2024-10-04 20:00:00,DEV_002,48,65,54,88
DEV_002_2024-10-05 00:00:00,2024-10-05 00:00:00,DEV_002,7,66,30,47
DEV_002_2024-10-05 04:00:00,2024-10-05 04:00:00,DEV_002,51,1,42,42
DEV_002_2024-10-05 08:00:00,2024-10-05 08:00:00,DEV_002,89,3,21,49
DEV_002_2024-10-05 12:00:00,2024-10-05 12:00:00,DEV_002,98,4,59,26
DEV_002_2024-10-05 16:00:00,2024-10-05 16:00:00,DEV_002,85,53,34,2
DEV_002_2024-10-05 20:00:00,2024-10-05 20:00:00,DEV_002,82,19,71,67
DEV_002_2024-10-06 00:00:00,2024-10-06 00:00:00,DEV_002,98,80,69,58
DEV_002_2024-10-06 04:00:00,2024-10-06 04:00:00,DEV_002,14,12,82,62
DEV_002_2024-10-06 08:00:00,2024-10-06 08:00:00,DEV_002,38,78,55,29
DEV_002_2024-10-06 12:00:00,2024-10-06 12:00:00,DEV_002,13,82,85,63
DEV_002_2024-10-06 16:00:00,2024-10-06 16:00:00,DEV_002,28,59,92,44
DEV_002_2024-10-06 20:00:00,2024-10-06 20:00:00,DEV_002,83,51,38,9
DEV_002_2024-10-07 00:00:00,2024-10-07 00:00:00,DEV_002,68,25,23,78
DEV_002_2024-10-07 04:00:00,2024-10-07 04:00:00,DEV_002,61,86,63,42
DEV_002_2024-10-07 08:00:00,2024-10-07 08:00:00,DEV_002,62,41,94,24
DEV_002_2024-10-07 12:00:00,2024-10-07 12:00:00,DEV_002,64,4,16,7
DEV_002_2024-10-07 16:00:00,2024-10-07 16:00:00,DEV_002,56,13,2,84
DEV_002_2024-10-07 20:00:00,2024-10-07 20:00:00,DEV_002,71,40,76,67
DEV_002_2024-10-08 00:00:00,2024-10-08 00:00:00,DEV_002,79,81,20,85
DEV_002_2024-10-08 04:00:00,2024-10-08 04:00:00,DEV_002,68,46,37,84
DEV_002_2024-10-08 08:00:00,2024-10-08 08:00:00,DEV_002,67,4,71,97
DEV_002_2024-10-08 12:00:00,2024-10-08 12:00:00,DEV_002,78,92,15,85
DEV_002_2024-10-08 16:00:00,2024-10-08 16:00:00,DEV_002,65,51,72,71
DEV_002_2024-10-08 20:00:00,2024-10-08 20:00:00,DEV_002,18,6,22,13
DEV_002_2024-10-09 00:00:00,2024-10-09 00:00:00,DEV_002,55,91,47,37
DEV_002_2024-10-09 04:00:00,2024-10-09 04:00:00,DEV_002,85,70,47,50
DEV_002_2024-10-09 08:00:00,2024-10-09 08:00:00,DEV_002,39,7,74,37
DEV_002_2024-10-09 12:00:00,2024-10-09 12:00:00,DEV_002,64,22,77,41
DEV_002_2024-10-09 16:00:00,2024-10-09 16:00:00,DEV_002,73,57,89,61
DEV_002_2024-10-09 20:00:00,2024-10-09 20:00:00,DEV_002,15,80,44,11
DEV_002_2024-10-10 00:00:00,2024-10-10 00:00:00,DEV_002,38,80,8,31
DEV_002_2024-10-10 04:00:00,2024-10-10 04:00:00,DEV_002,87,75,69,11
DEV_002_2024-10-10 08:00:00,2024-10-10 08:00:00,DEV_002,65,25,27,38
DEV_002_2024-10-10 12:00:00,2024-10-10 12:00:00,DEV_002,19,20,14,13
DEV_002_2024-10-10 16:00:00,2024-10-10 16:00:00,DEV_002,15,19,7,4
DEV_002_2024-10-10 20:00:00,2024-10-10 20:00:00,DEV_002,24,17,92,15
DEV_002_2024-10-11 00:00:00,2024-10-11 00:00:00,DEV_002,6,54,29,94
DEV_002_2024-10-11 04:00:00,2024-10-11 04:00:00,DEV_002,57,29,68,65
DEV_002_2024-10-11 08:00:00,2024-10-11 08:00:00,DEV_002,21,4,51,93
DEV_002_2024-10-11 12:00:00,2024-10-11 12:00:00,DEV_002,49,58,36,73
DEV_002_2024-10-11 16:00:00,2024-10-11 16:00:00,DEV_002,92,23,53,81
DEV_002_2024-10-11 20:00:00,2024-10-11 20:00:00,DEV_002,91,81,55,43
DEV_002_2024-10-12 00:00:00,2024-10-12 00:00:00,DEV_002,21,76,79,97
DEV_002_2024-10-12 04:00:00,2024-10-12 04:00:00,DEV_002,73,8,45,33
DEV_002_2024-10-12 08:00:00,2024-10-12 08:00:00,DEV_002,74,41,99,30
DEV_002_2024-10-12 12:00:00,2024-10-12 12:00:00,DEV_002,56,12,92,61
DEV_002_2024-10-12 16:00:00,2024-10-12 16:00:00,DEV_002,31,2,9,90
DEV_002_2024-10-12 20:00:00,2024-10-12 20:00:00,DEV_002,99,52,53,34
DEV_002_2024-10-13 00:00:00,2024-10-13 00:00:00,DEV_002,73,81,34,13
DEV_002_2024-10-13 04:00:00,2024-10-13 04:00:00,DEV_002,58,92,53,32
DEV_002_2024-10-13 08:00:00,2024-10-13 08:00:00,DEV_002,81,49,34,9
DEV_002_2024-10-13 12:00:00,2024-10-13 12:00:00,DEV_002,11,60,54,25
DEV_002_2024-10-13 16:00:00,2024-10-13 16:00:00,DEV_002,15,60,21,97
DEV_002_2024-10-13 20:00:00,2024-10-13 20:00:00,DEV_002,36,8,39,28
DEV_002_2024-10-14 00:00:00,2024-10-14 00:00:00,DEV_002,8,51,16,33
DEV_002_2024-10-14 04:00:00,2024-10-14 04:00:00,DEV_002,79,18,7,30
DEV_002_2024-10-14 08:00:00,2024-10-14 08:00:00,DEV_002,10,87,37,56
DEV_002_2024-10-14 12:00:00,2024-10-14 12:00:00,DEV_002,51,40,60,88
DEV_002_2024-10-14 16:00:00,2024-10-14 16:00:00,DEV_002,43,30,78,62
DEV_002_2024-10-14 20:00:00,2024-10-14 20:00:00,DEV_002,42,17,57,29
DEV_002_2024-10-15 00:00:00,2024-10-15 00:00:00,DEV_002,50,86,91,15
DEV_002_2024-10-15 04:00:00,2024-10-15 04:00:00,DEV_002,9,25,45,51
DEV_002_2024-10-15 08:00:00,2024-10-15 08:00:00,DEV_002,95,87,62,37
DEV_002_2024-10-15 12:00:00,2024-10-15 12:00:00,DEV_002,76,67,93,54
DEV_002_2024-10-15 16:00:00,2024-10-15 16:00:00,DEV_002,91,74,88,48
DEV_002_2024-10-15 20:00:00,2024-10-15 20:00:00,DEV_002,68,17,6,15
DEV_002_2024-10-16 00:00:00,2024-10-16 00:00:00,DEV_002,25,88,4,45
DEV_002_2024-10-16 04:00:00,2024-10-16 04:00:00,DEV_002,95,48,89,30
DEV_002_2024-10-16 08:00:00,2024-10-16 08:00:00,DEV_002,33,14,17,10
DEV_002_2024-10-16 12:00:00,2024-10-16 12:00:00,DEV_002,22,20,92,32
DEV_002_2024-10-16 16:00:00,2024-10-16 16:00:00,DEV_002,79,94,62,39
DEV_002_2024-10-16 20:00:00,2024-10-16 20:00:00,DEV_002,86,13,42,92
DEV_002_2024-10-17 00:00:00,2024-10-17 00:00:00,DEV_002,67,58,75,92
DEV_002_2024-10-17 04:00:00,2024-10-17 04:00:00,DEV_002,76,97,14,27
DEV_002_2024-10-17 08:00:00,2024-10-17 08:00:00,DEV_002,92,73,99,61
DEV_002_2024-10-17 12:00:00,2024-10-17 12:00:00,DEV_002,31,13,93,33
DEV_002_2024-10-17 16:00:00,2024-10-17 16:00:00,DEV_002,89,15,15,95
DEV_002_2024-10-17 20:00:00,2024-10-17 20:00:00,DEV_002,19,92,78,1
DEV_002_2024-10-18 00:00:00,2024-10-18 00:00:00,DEV_002,4,12,49,49
DEV_002_2024-10-18 04:00:00,2024-10-18 04:00:00,DEV_002,94,67,5,20
DEV_002_2024-10-18 08:00:00,2024-10-18 08:00:00,DEV_002,63,1,62,9
DEV_002_2024-10-18 12:00:00,2024-10-18 12:00:00,DEV_002,63,17,51,4
DEV_002_2024-10-18 16:00:00,2024-10-18 16:00:00,DEV_002,80,23,64,68
DEV_002_2024-10-18 20:00:00,2024-10-18 20:00:00,DEV_002,19,32,15,85
DEV_002_2024-10-19 00:00:00,2024-10-19 00:00:00,DEV_002,78,78,26,20
DEV_002_2024-10-19 04:00:00,2024-10-19 04:00:00,DEV_002,6,6,66,96
DEV_002_2024-10-19 08:00:00,2024-10-19 08:00:00,DEV_002,77,64,10,32
DEV_002_2024-10-19 12:00:00,2024-10-19 12:00:00,DEV_002,48,15,8,40
DEV_002_2024-10-19 16:00:00,2024-10-19 16:00:00,DEV_002,26,72,22,62
DEV_002_2024-10-19 20:00:00,2024-10-19 20:00:00,DEV_002,7,86,9,49
DEV_002_2024-10-20 00:00:00,2024-10-20 00:00:00,DEV_002,14,70,78,60
DEV_002_2024-10-20 04:00:00,2024-10-20 04:00:00,DEV_002,94,48,95,11
DEV_002_2024-10-20 08:00:00,2024-10-20 08:00:00,DEV_002,24,16,1,59
DEV_002_2024-10-20 12:00:00,2024-10-20 12:00:00,DEV_002,44,26,50,28
DEV_002_2024-10-20 16:00:00,2024-10-20 16:00:00,DEV_002,66,23,87,82
DEV_002_2024-10-20 20:00:00,2024-10-20 20:00:00,DEV_002,77,79,9,30
DEV_002_2024-10-21 00:00:00,2024-10-21 00:00:00,DEV_002,38,15,54,24
DEV_002_2024-10-21 04:00:00,2024-10-21 04:00:00,DEV_002,14,97,50,6
DEV_002_2024-10-21 08:00:00,2024-10-21 08:00:00,DEV_002,9,24,39,61
DEV_002_2024-10-21 12:00:00,2024-10-21 12:00:00,DEV_002,59,55,19,99
DEV_002_2024-10-21 16:00:00,2024-10-21 16:00:00,DEV_002,92,29,39,58
DEV_002_2024-10-21 20:00:00,2024-10-21 20:00:00,DEV_002,36,43,85,98
DEV_002_2024-10-22 00:00:00,2024-10-22 00:00:00,DEV_002,44,52,36,42
DEV_002_2024-10-22 04:00:00,2024-10-22 04:00:00,DEV_002,17,54,12,98
DEV_002_2024-10-22 08:00:00,2024-10-22 08:00:00,DEV_002,5,24,47,61
DEV_002_2024-10-22 12:00:00,2024-10-22 12:00:00,DEV_002,81,48,32,54
DEV_002_2024-10-22 16:00:00,2024-10-22 16:00:00,DEV_002,93,73,76,19
DEV_002_2024-10-22 20:00:00,2024-10-22 20:00:00,DEV_002,24,20,38,38
DEV_002_2024-10-23 00:00:00,2024-10-23 00:00:00,DEV_002,23,6,83,92
DEV_002_2024-10-23 04:00:00,2024-10-23 04:00:00,DEV_002,19,79,64,4
DEV_002_2024-10-23 08:00:00,2024-10-23 08:00:00,DEV_002,80,70,66,96
DEV_002_2024-10-23 12:00:00,2024-10-23 12:00:00,DEV_002,93,72,62,48
DEV_002_2024-10-23 16:00:00,2024-10-23 16:00:00,DEV_002,79,93,20,11
DEV_002_2024-10-23 20:00:00,2024-10-23 20:00:00,DEV_002,5,95,27,7
DEV_002_2024-10-24 00:00:00,2024-10-24 00:00:00,DEV_002,83,40,68,89
DEV_002_2024-10-24 04:00:00,2024-10-24 04:00:00,DEV_002,35,28,95,73
DEV_002_2024-10-24 08:00:00,2024-10-24 08:00:00,DEV_002,30,16,76,44
DEV_002_2024-10-24 12:00:00,2024-10-24 12:00:00,DEV_002,9,39,79,74
DEV_002_2024-10-24 16:00:00,2024-10-24 16:00:00,DEV_002,66,70,64,38
DEV_002_2024-10-24 20:00:00,2024-10-24 20:00:00,DEV_002,68,76,62,36
DEV_002_2024-10-25 00:00:00,2024-10-25 00:00:00,DEV_002,24,79,88,73
DEV_002_2024-10-25 04:00:00,2024-10-25 04:00:00,DEV_002,73,51,5,66
DEV_002_2024-10-25 08:00:00,2024-10-25 08:00:00,DEV_002,12,71,58,93
DEV_002_2024-10-25 12:00:00,2024-10-25 12:00:00,DEV_002,13,98,31,66
DEV_002_2024-10-25 16:00:00,2024-10-25 16:00:00,DEV_002,61,74,46,43
DEV_002_2024-10-25 20:00:00,2024-10-25 20:00:00,DEV_002,70,53,75,97
DEV_002_2024-10-26 00:00:00,2024-10-26 00:00:00,DEV_002,46,39,16,15
DEV_002_2024-10-26 04:00:00,2024-10-26 04:00:00,DEV_002,51,67,94,72
DEV_002_2024-10-26 08:00:00,2024-10-26 08:00:00,DEV_002,71,12,58,65
DEV_002_2024-10-26 12:00:00,2024-10-26 12:00:00,DEV_002,95,52,34,69
DEV_002_2024-10-26 16:00:00,2024-10-26 16:00:00,DEV_002,38,20,32,62
DEV_002_2024-10-26 20:00:00,2024-10-26 20:00:00,DEV_002,61,4,19,37
DEV_002_2024-10-27 00:00:00,2024-10-27 00:00:00,DEV_002,15,43,83,66
DEV_002_2024-10-27 04:00:00,2024-10-27 04:00:00,DEV_002,41,61,63,42
DEV_002_2024-10-27 08:00:00,2024-10-27 08:00:00,DEV_002,89,92,36,15
DEV_002_2024-10-27 12:00:00,2024-10-27 12:00:00,DEV_002,60,74,83,48
DEV_002_2024-10-27 16:00:00,2024-10-27 16:00:00,DEV_002,7,67,76,29
DEV_002_2024-10-27 20:00:00,2024-10-27 20:00:00,DEV_002,66,33,91,90
DEV_002_2024-10-28 00:00:00,2024-10-28 00:00:00,DEV_002,69,82,11,71
DEV_002_2024-10-28 04:00:00,2024-10-28 04:00:00,DEV_002,44,77,18,42
DEV_002_2024-10-28 08:00:00,2024-10-28 08:00:00,DEV_002,3,89,42,50
DEV_002_2024-10-28 12:00:00,2024-10-28 12:00:00,DEV_002,75,96,75,18
DEV_002_2024-10-28 16:00:00,2024-10-28 16:00:00,DEV_002,95,23,96,56
DEV_002_2024-10-28 20:00:00,2024-10-28 20:00:00,DEV_002,35,57,26,54
DEV_002_2024-10-29 00:00:00,2024-10-29 00:00:00,DEV_002,97,6,45,10
DEV_002_2024-10-29 04:00:00,2024-10-29 04:00:00,DEV_002,19,22,59,73
DEV_002_2024-10-29 08:00:00,2024-10-29 08:00:00,DEV_002,93,51,18,7
DEV_002_2024-10-29 12:00:00,2024-10-29 12:00:00,DEV_002,49,49,21,21
DEV_002_2024-10-29 16:00:00,2024-10-29 16:00:00,DEV_002,46,27,99,9
DEV_002_2024-10-29 20:00:00,2024-10-29 20:00:00,DEV_002,82,12,74,96
DEV_002_2024-10-30 00:00:00,2024-10-30 00:00:00,DEV_002,29,18,82,27
DEV_002_2024-10-30 04:00:00,2024-10-30 04:00:00,DEV_002,44,75,22,35
DEV_002_2024-10-30 08:00:00,2024-10-30 08:00:00,DEV_002,79,47,6,45
DEV_002_2024-10-30 12:00:00,2024-10-30 12:00:00,DEV_002,90,80,48,15
DEV_002_2024-10-30 16:00:00,2024-10-30 16:00:00,DEV_002,26,90,77,57
DEV_002_2024-10-30 20:00:00,2024-10-30 20:00:00,DEV_002,57,57,31,15
DEV_002_2024-10-31 00:00:00,2024-10-31 00:00:00,DEV_002,24,18,31,99
DEV_002_2024-10-31 04:00:00,2024-10-31 04:00:00,DEV_002,35,28,38,19
DEV_002_2024-10-31 08:00:00,2024-10-31 08:00:00,DEV_002,53,87,50,26
DEV_002_2024-10-31 12:00:00,2024-10-31 12:00:00,DEV_002,5,20,27,90
DEV_002_2024-10-31 16:00:00,2024-10-31 16:00:00,DEV_002,95,4,52,42
DEV_002_2024-10-31 20:00:00,2024-10-31 20:00:00,DEV_002,57,89,55,57
DEV_002_2024-11-01 00:00:00,2024-11-01 00:00:00,DEV_002,38,94,96,16
DEV_002_2024-11-01 04:00:00,2024-11-01 04:00:00,DEV_002,64,25,10,19
DEV_002_2024-11-01 08:00:00,2024-11-01 08:00:00,DEV_002,55,77,92,35
DEV_002_2024-11-01 12:00:00,2024-11-01 12:00:00,DEV_002,72,56,55,87
DEV_002_2024-11-01 16:00:00,2024-11-01 16:00:00,DEV_002,14,76,2,31
DEV_002_2024-11-01 20:00:00,2024-11-01 20:00:00,DEV_002,39,71,20,33
DEV_002_2024-11-02 00:00:00,2024-11-02 00:00:00,DEV_002,80,56,7,25
DEV_002_2024-11-02 04:00:00,2024-11-02 04:00:00,DEV_002,59,6,38,89
DEV_002_2024-11-02 08:00:00,2024-11-02 08:00:00,DEV_002,99,46,57,89
DEV_002_2024-11-02 12:00:00,2024-11-02 12:00:00,DEV_002,95,57,95,41
DEV_002_2024-11-02 16:00:00,2024-11-02 16:00:00,DEV_002,14,51,1,75
DEV_002_2024-11-02 20:00:00,2024-11-02 20:00:00,DEV_002,67,18,15,88
DEV_002_2024-11-03 00:00:00,2024-11-03 00:00:00,DEV_002,5,68,60,39
DEV_002_2024-11-03 04:00:00,2024-11-03 04:00:00,DEV_002,62,23,5,36
DEV_002_2024-11-03 08:00:00,2024-11-03 08:00:00,DEV_002,56,95,56,66
DEV_002_2024-11-03 12:00:00,2024-11-03 12:00:00,DEV_002,64,89,35,91
DEV_002_2024-11-03 16:00:00,2024-11-03 16:00:00,DEV_002,65,17,64,83
DEV_002_2024-11-03 20:00:00,2024-11-03 20:00:00,DEV_002,80,91,26,71
DEV_002_2024-11-04 00:00:00,2024-11-04 00:00:00,DEV_002,17,99,82,92
DEV_002_2024-11-04 04:00:00,2024-11-04 04:00:00,DEV_002,53,93,8,25
DEV_002_2024-11-04 08:00:00,2024-11-04 08:00:00,DEV_002,23,88,57,12
DEV_002_2024-11-04 12:00:00,2024-11-04 12:00:00,DEV_002,90,22,99,72
DEV_002_2024-11-04 16:00:00,2024-11-04 16:00:00,DEV_002,65,6,59,80
DEV_002_2024-11-04 20:00:00,2024-11-04 20:00:00,DEV_002,93,52,58,55
DEV_002_2024-11-05 00:00:00,2024-11-05 00:00:00,DEV_002,82,39,7,17
DEV_002_2024-11-05 04:00:00,2024-11-05 04:00:00,DEV_002,42,85,28,99
DEV_002_2024-11-05 08:00:00,2024-11-05 08:00:00,DEV_002,89,2,17,96
DEV_002_2024-11-05 12:00:00,2024-11-05 12:00:00,DEV_002,55,70,42,23
DEV_002_2024-11-05 16:00:00,2024-11-05 16:00:00,DEV_002,72,45,38,11
DEV_002_2024-11-05 20:00:00,2024-11-05 20:00:00,DEV_002,91,87,66,93
DEV_002_2024-11-06 00:00:00,2024-11-06 00:00:00,DEV_002,36,11,83,41
DEV_002_2024-11-06 04:00:00,2024-11-06 04:00:00,DEV_002,42,14,46,89
DEV_002_2024-11-06 08:00:00,2024-11-06 08:00:00,DEV_002,91,96,57,42
DEV_002_2024-11-06 12:00:00,2024-11-06 12:00:00,DEV_002,74,73,9,26
DEV_002_2024-11-06 16:00:00,2024-11-06 16:00:00,DEV_002,79,40,31,69
DEV_002_2024-11-06 20:00:00,2024-11-06 20:00:00,DEV_002,44,39,14,92
DEV_002_2024-11-07 00:00:00,2024-11-07 00:00:00,DEV_002,34,20,52,47
DEV_002_2024-11-07 04:00:00,2024-11-07 04:00:00,DEV_002,14,90,99,11
DEV_002_2024-11-07 08:00:00,2024-11-07 08:00:00,DEV_002,19,48,49,45
DEV_002_2024-11-07 12:00:00,2024-11-07 12:00:00,DEV_002,98,46,38,71
DEV_002_2024-11-07 16:00:00,2024-11-07 16:00:00,DEV_002,68,45,32,19
DEV_002_2024-11-07 20:00:00,2024-11-07 20:00:00,DEV_002,56,17,92,83
DEV_002_2024-11-08 00:00:00,2024-11-08 00:00:00,DEV_002,73,8,98,61
DEV_002_2024-11-08 04:00:00,2024-11-08 04:00:00,DEV_002,8,8,60,57
DEV_002_2024-11-08 08:00:00,2024-11-08 08:00:00,DEV_002,43,28,4,56
DEV_002_2024-11-08 12:00:00,2024-11-08 12:00:00,DEV_002,93,60,3,62
DEV_002_2024-11-08 16:00:00,2024-11-08 16:00:00,DEV_002,84,42,56,21
DEV_002_2024-11-08 20:00:00,2024-11-08 20:00:00,DEV_002,86,31,53,62
DEV_002_2024-11-09 00:00:00,2024-11-09 00:00:00,DEV_002,72,61,94,82
DEV_002_2024-11-09 04:00:00,2024-11-09 04:00:00,DEV_002,64,64,66,54
DEV_002_2024-11-09 08:00:00,2024-11-09 08:00:00,DEV_002,77,89,12,28
DEV_002_2024-11-09 12:00:00,2024-11-09 12:00:00,DEV_002,48,86,74,95
DEV_002_2024-11-09 16:00:00,2024-11-09 16:00:00,DEV_002,14,67,58,50
DEV_002_2024-11-09 20:00:00,2024-11-09 20:00:00,DEV_002,11,42,90,80
DEV_002_2024-11-10 00:00:00,2024-11-10 00:00:00,DEV_002,76,22,47,87
DEV_002_2024-11-10 04:00:00,2024-11-10 04:00:00,DEV_002,55,84,87,55
DEV_002_2024-11-10 08:00:00,2024-11-10 08:00:00,DEV_002,58,10,91,34
DEV_002_2024-11-10 12:00:00,2024-11-10 12:00:00,DEV_002,53,47,91,60
DEV_002_2024-11-10 16:00:00,2024-11-10 16:00:00,DEV_002,52,96,90,44
DEV_002_2024-11-10 20:00:00,2024-11-10 20:00:00,DEV_002,94,93,54,89
DEV_002_2024-11-11 00:00:00,2024-11-11 00:00:00,DEV_002,8,96,7,13
DEV_002_2024-11-11 04:00:00,2024-11-11 04:00:00,DEV_002,48,27,2,94
DEV_002_2024-11-11 08:00:00,2024-11-11 08:00:00,DEV_002,68,65,37,36
DEV_002_2024-11-11 12:00:00,2024-11-11 12:00:00,DEV_002,40,49,90,70
DEV_002_2024-11-11 16:00:00,2024-11-11 16:00:00,DEV_002,12,50,54,22
DEV_002_2024-11-11 20:00:00,2024-11-11 20:00:00,DEV_002,90,87,98,29
DEV_002_2024-11-12 00:00:00,2024-11-12 00:00:00,DEV_002,74,3,4,80
DEV_002_2024-11-12 04:00:00,2024-11-12 04:00:00,DEV_002,92,29,2,49
DEV_002_2024-11-12 08:00:00,2024-11-12 08:00:00,DEV_002,90,40,2,97
DEV_002_2024-11-12 12:00:00,2024-11-12 12:00:00,DEV_002,96,38,74,77
DEV_002_2024-11-12 16:00:00,2024-11-12 16:00:00,DEV_002,35,7,64,41
DEV_002_2024-11-12 20:00:00,2024-11-12 20:00:00,DEV_002,56,18,32,84
DEV_002_2024-11-13 00:00:00,2024-11-13 00:00:00,DEV_002,84,11,47,65
DEV_002_2024-11-13 04:00:00,2024-11-13 04:00:00,DEV_002,8,60,76,32
DEV_002_2024-11-13 08:00:00,2024-11-13 08:00:00,DEV_002,70,19,95,26
DEV_002_2024-11-13 12:00:00,2024-11-13 12:00:00,DEV_002,93,99,56,72
DEV_002_2024-11-13 16:00:00,2024-11-13 16:00:00,DEV_002,99,17,76,67
DEV_002_2024-11-13 20:00:00,2024-11-13 20:00:00,DEV_002,68,88,25,40
DEV_002_2024-11-14 00:00:00,2024-11-14 00:00:00,DEV_002,40,40,52,66
DEV_002_2024-11-14 04:00:00,2024-11-14 04:00:00,DEV_002,13,26,79,55
DEV_002_2024-11-14 08:00:00,2024-11-14 08:00:00,DEV_002,18,99,38,93
DEV_002_2024-11-14 12:00:00,2024-11-14 12:00:00,DEV_002,19,49,21,74
DEV_002_2024-11-14 16:00:00,2024-11-14 16:00:00,DEV_002,16,76,82,52
DEV_002_2024-11-14 20:00:00,2024-11-14 20:00:00,DEV_002,86,17,42,9
DEV_002_2024-11-15 00:00:00,2024-11-15 00:00:00,DEV_002,6,63,1,40
DEV_002_2024-11-15 04:00:00,2024-11-15 04:00:00,DEV_002,75,59,41,81
DEV_002_2024-11-15 08:00:00,2024-11-15 08:00:00,DEV_002,56,41,94,8
DEV_002_2024-11-15 12:00:00,2024-11-15 12:00:00,DEV_002,81,89,17,44
DEV_002_2024-11-15 16:00:00,2024-11-15 16:00:00,DEV_002,26,45,28,32
DEV_002_2024-11-15 20:00:00,2024-11-15 20:00:00,DEV_002,42,47,73,82
DEV_002_2024-11-16 00:00:00,2024-11-16 00:00:00,DEV_002,57,55,76,87
DEV_002_2024-11-16 04:00:00,2024-11-16 04:00:00,DEV_002,33,82,91,61
DEV_002_2024-11-16 08:00:00,2024-11-16 08:00:00,DEV_002,92,67,83,5
DEV_002_2024-11-16 12:00:00,2024-11-16 12:00:00,DEV_002,20,65,89,96
DEV_002_2024-11-16 16:00:00,2024-11-16 16:00:00,DEV_002,63,55,9,16
DEV_002_2024-11-16 20:00:00,2024-11-16 20:00:00,DEV_002,51,75,17,86
DEV_002_2024-11-17 00:00:00,2024-11-17 00:00:00,DEV_002,43,35,20,36
DEV_002_2024-11-17 04:00:00,2024-11-17 04:00:00,DEV_002,26,66,84,37
DEV_002_2024-11-17 08:00:00,2024-11-17 08:00:00,DEV_002,10,5,10,10
DEV_002_2024-11-17 12:00:00,2024-11-17 12:00:00,DEV_002,29,31,80,78
DEV_002_2024-11-17 16:00:00,2024-11-17 16:00:00,DEV_002,18,80,49,31
DEV_002_2024-11-17 20:00:00,2024-11-17 20:00:00,DEV_002,78,96,60,31
DEV_002_2024-11-18 00:00:00,2024-11-18 00:00:00,DEV_002,24,70,35,94
DEV_002_2024-11-18 04:00:00,2024-11-18 04:00:00,DEV_002,25,96,94,81
DEV_002_2024-11-18 08:00:00,2024-11-18 08:00:00,DEV_002,31,5,43,18
DEV_002_2024-11-18 12:00:00,2024-11-18 12:00:00,DEV_002,23,94,25,46
DEV_002_2024-11-18 16:00:00,2024-11-18 16:00:00,DEV_002,98,91,18,55
DEV_002_2024-11-18 20:00:00,2024-11-18 20:00:00,DEV_002,80,2,93,64
DEV_002_2024-11-19 00:00:00,2024-11-19 00:00:00,DEV_002,45,94,41,52
DEV_002_2024-11-19 04:00:00,2024-11-19 04:00:00,DEV_002,84,7,7,69
DEV_002_2024-11-19 08:00:00,2024-11-19 08:00:00,DEV_002,99,52,23,4
DEV_002_2024-11-19 12:00:00,2024-11-19 12:00:00,DEV_002,90,69,21,55
DEV_002_2024-11-19 16:00:00,2024-11-19 16:00:00,DEV_002,89,93,83,46
DEV_002_2024-11-19 20:00:00,2024-11-19 20:00:00,DEV_002,51,41,39,69
DEV_002_2024-11-20 00:00:00,2024-11-20 00:00:00,DEV_002,52,31,23,89
DEV_002_2024-11-20 04:00:00,2024-11-20 04:00:00,DEV_002,82,89,60,34
DEV_002_2024-11-20 08:00:00,2024-11-20 08:00:00,DEV_002,92,15,83,27
DEV_002_2024-11-20 12:00:00,2024-11-20 12:00:00,DEV_002,56,44,54,72
DEV_002_2024-11-20 16:00:00,2024-11-20 16:00:00,DEV_002,57,60,94,89
DEV_002_2024-11-20 20:00:00,2024-11-20 20:00:00,DEV_002,17,61,76,71
DEV_002_2024-11-21 00:00:00,2024-11-21 00:00:00,DEV_002,71,62,57,56
DEV_002_2024-11-21 04:00:00,2024-11-21 04:00:00,DEV_002,94,59,41,78
DEV_002_2024-11-21 08:00:00,2024-11-21 08:00:00,DEV_002,6,36,19,52
DEV_002_2024-11-21 12:00:00,2024-11-21 12:00:00,DEV_002,66,59,32,12
DEV_002_2024-11-21 16:00:00,2024-11-21 16:00:00,DEV_002,16,11,29,39
DEV_002_2024-11-21 20:00:00,2024-11-21 20:00:00,DEV_002,8,11,4,98
DEV_002_2024-11-22 00:00:00,2024-11-22 00:00:00,DEV_002,38,20,41,1
DEV_002_2024-11-22 04:00:00,2024-11-22 04:00:00,DEV_002,8,80,92,10
DEV_002_2024-11-22 08:00:00,2024-11-22 08:00:00,DEV_002,25,33,44,51
DEV_002_2024-11-22 12:00:00,2024-11-22 12:00:00,DEV_002,47,47,50,39
DEV_002_2024-11-22 16:00:00,2024-11-22 16:00:00,DEV_002,48,49,73,77
DEV_002_2024-11-22 20:00:00,2024-11-22 20:00:00,DEV_002,7,76,20,58
DEV_002_2024-11-23 00:00:00,2024-11-23 00:00:00,DEV_002,32,99,95,22
DEV_002_2024-11-23 04:00:00,2024-11-23 04:00:00,DEV_002,81,43,79,19
DEV_002_2024-11-23 08:00:00,2024-11-23 08:00:00,DEV_002,69,45,1,1
DEV_002_2024-11-23 12:00:00,2024-11-23 12:00:00,DEV_002,84,55,27,68
DEV_002_2024-11-23 16:00:00,2024-11-23 16:00:00,DEV_002,46,12,23,52
DEV_002_2024-11-23 20:00:00,2024-11-23 20:00:00,DEV_002,19,67,44,30
DEV_002_2024-11-24 00:00:00,2024-11-24 00:00:00,DEV_002,16,56,34,82
DEV_002_2024-11-24 04:00:00,2024-11-24 04:00:00,DEV_002,26,65,21,23
DEV_002_2024-11-24 08:00:00,2024-11-24 08:00:00,DEV_002,95,85,93,26
DEV_002_2024-11-24 12:00:00,2024-11-24 12:00:00,DEV_002,20,84,20,47
DEV_002_2024-11-24 16:00:00,2024-11-24 16:00:00,DEV_002,34,92,92,67
DEV_002_2024-11-24 20:00:00,2024-11-24 20:00:00,DEV_002,30,35,39,75
DEV_002_2024-11-25 00:00:00,2024-11-25 00:00:00,DEV_002,88,96,44,36
DEV_002_2024-11-25 04:00:00,2024-11-25 04:00:00,DEV_002,16,17,37,15
DEV_002_2024-11-25 08:00:00,2024-11-25 08:00:00,DEV_002,86,56,98,58
DEV_002_2024-11-25 12:00:00,2024-11-25 12:00:00,DEV_002,7,40,84,45
DEV_002_2024-11-25 16:00:00,2024-11-25 16:00:00,DEV_002,69,77,36,50
DEV_002_2024-11-25 20:00:00,2024-11-25 20:00:00,DEV_002,72,99,95,27
DEV_002_2024-11-26 00:00:00,2024-11-26 00:00:00,DEV_002,33,38,26,21
DEV_002_2024-11-26 04:00:00,2024-11-26 04:00:00,DEV_002,5,99,65,35
DEV_002_2024-11-26 08:00:00,2024-11-26 08:00:00,DEV_002,47,68,87,45
DEV_002_2024-11-26 12:00:00,2024-11-26 12:00:00,DEV_002,16,75,43,46
DEV_002_2024-11-26 16:00:00,2024-11-26 16:00:00,DEV_002,47,30,37,78
DEV_002_2024-11-26 20:00:00,2024-11-26 20:00:00,DEV_002,67,23,24,47
DEV_002_2024-11-27 00:00:00,2024-11-27 00:00:00,DEV_002,96,71,82,85
DEV_002_2024-11-27 04:00:00,2024-11-27 04:00:00,DEV_002,96,17,40,84
DEV_002_2024-11-27 08:00:00,2024-11-27 08:00:00,DEV_002,17,59,43,59
DEV_002_2024-11-27 12:00:00,2024-11-27 12:00:00,DEV_002,89,80,87,73
DEV_002_2024-11-27 16:00:00,2024-11-27 16:00:00,DEV_002,69,88,44,32
DEV_002_2024-11-27 20:00:00,2024-11-27 20:00:00,DEV_002,35,68,85,40
DEV_002_2024-11-28 00:00:00,2024-11-28 00:00:00,DEV_002,51,40,80,90
DEV_002_2024-11-28 04:00:00,2024-11-28 04:00:00,DEV_002,91,75,38,29
DEV_002_2024-11-28 08:00:00,2024-11-28 08:00:00,DEV_002,68,26,6,81
DEV_002_2024-11-28 12:00:00,2024-11-28 12:00:00,DEV_002,78,50,38,66
DEV_002_2024-11-28 16:00:00,2024-11-28 16:00:00,DEV_002,27,77,2,27
DEV_002_2024-11-28 20:00:00,2024-11-28 20:00:00,DEV_002,71,41,57,10
DEV_002_2024-11-29 00:00:00,2024-11-29 00:00:00,DEV_002,85,47,84,3
DEV_002_2024-11-29 04:00:00,2024-11-29 04:00:00,DEV_002,51,78,84,86
DEV_002_2024-11-29 08:00:00,2024-11-29 08:00:00,DEV_002,21,99,61,45
DEV_002_2024-11-29 12:00:00,2024-11-29 12:00:00,DEV_002,37,14,72,81
DEV_002_2024-11-29 16:00:00,2024-11-29 16:00:00,DEV_002,39,61,64,36
DEV_002_2024-11-29 20:00:00,2024-11-29 20:00:00,DEV_002,66,14,86,98
DEV_002_2024-11-30 00:00:00,2024-11-30 00:00:00,DEV_002,96,24,49,39
DEV_002_2024-11-30 04:00:00,2024-11-30 04:00:00,DEV_002,12,6,13,46
DEV_002_2024-11-30 08:00:00,2024-11-30 08:00:00,DEV_002,35,77,50,19
DEV_002_2024-11-30 12:00:00,2024-11-30 12:00:00,DEV_002,57,4,21,86
DEV_002_2024-11-30 16:00:00,2024-11-30 16:00:00,DEV_002,70,73,98,93
DEV_002_2024-11-30 20:00:00,2024-11-30 20:00:00,DEV_002,23,4,73,96
DEV_002_2024-12-01 00:00:00,2024-12-01 00:00:00,DEV_002,60,2,4,15
DEV_002_2024-12-01 04:00:00,2024-12-01 04:00:00,DEV_002,3,89,4,23
DEV_002_2024-12-01 08:00:00,2024-12-01 08:00:00,DEV_002,5,15,59,2
DEV_002_2024-12-01 12:00:00,2024-12-01 12:00:00,DEV_002,36,31,11,32
DEV_002_2024-12-01 16:00:00,2024-12-01 16:00:00,DEV_002,84,66,50,91
DEV_002_2024-12-01 20:00:00,2024-12-01 20:00:00,DEV_002,98,69,1,12
DEV_002_2024-12-02 00:00:00,2024-12-02 00:00:00,DEV_002,81,78,18,81
DEV_002_2024-12-02 04:00:00,2024-12-02 04:00:00,DEV_002,47,49,19,99
DEV_002_2024-12-02 08:00:00,2024-12-02 08:00:00,DEV_002,40,52,47,71
DEV_002_2024-12-02 12:00:00,2024-12-02 12:00:00,DEV_002,69,80,72,66
DEV_002_2024-12-02 16:00:00,2024-12-02 16:00:00,DEV_002,84,72,6,98
DEV_002_2024-12-02 20:00:00,2024-12-02 20:00:00,DEV_002,89,3,87,81
DEV_002_2024-12-03 00:00:00,2024-12-03 00:00:00,DEV_002,85,37,14,5
DEV_002_2024-12-03 04:00:00,2024-12-03 04:00:00,DEV_002,36,26,74,38
DEV_002_2024-12-03 08:00:00,2024-12-03 08:00:00,DEV_002,99,44,58,97
DEV_002_2024-12-03 12:00:00,2024-12-03 12:00:00,DEV_002,23,22,89,42
DEV_002_2024-12-03 16:00:00,2024-12-03 16:00:00,DEV_002,22,41,34,60
DEV_002_2024-12-03 20:00:00,2024-12-03 20:00:00,DEV_002,80,30,22,18
DEV_002_2024-12-04 00:00:00,2024-12-04 00:00:00,DEV_002,73,4,5,78
DEV_002_2024-12-04 04:00:00,2024-12-04 04:00:00,DEV_002,90,93,65,79
DEV_002_2024-12-04 08:00:00,2024-12-04 08:00:00,DEV_002,88,43,46,9
DEV_002_2024-12-04 12:00:00,2024-12-04 12:00:00,DEV_002,51,21,87,59
DEV_002_2024-12-04 16:00:00,2024-12-04 16:00:00,DEV_002,43,86,17,32
DEV_002_2024-12-04 20:00:00,2024-12-04 20:00:00,DEV_002,39,26,70,75
DEV_002_2024-12-05 00:00:00,2024-12-05 00:00:00,DEV_002,47,34,49,6
DEV_002_2024-12-05 04:00:00,2024-12-05 04:00:00,DEV_002,33,85,41,98
DEV_002_2024-12-05 08:00:00,2024-12-05 08:00:00,DEV_002,16,75,10,21
DEV_002_2024-12-05 12:00:00,2024-12-05 12:00:00,DEV_002,25,36,5,13
DEV_002_2024-12-05 16:00:00,2024-12-05 16:00:00,DEV_002,36,2,40,91
DEV_002_2024-12-05 20:00:00,2024-12-05 20:00:00,DEV_002,6,67,26,71
DEV_002_2024-12-06 00:00:00,2024-12-06 00:00:00,DEV_002,14,63,65,66
DEV_002_2024-12-06 04:00:00,2024-12-06 04:00:00,DEV_002,12,75,59,29
DEV_002_2024-12-06 08:00:00,2024-12-06 08:00:00,DEV_002,66,42,14,94
DEV_002_2024-12-06 12:00:00,2024-12-06 12:00:00,DEV_002,48,45,22,32
DEV_002_2024-12-06 16:00:00,2024-12-06 16:00:00,DEV_002,77,54,28,27
DEV_002_2024-12-06 20:00:00,2024-12-06 20:00:00,DEV_002,53,75,67,47
DEV_002_2024-12-07 00:00:00,2024-12-07 00:00:00,DEV_002,26,66,86,28
DEV_002_2024-12-07 04:00:00,2024-12-07 04:00:00,DEV_002,82,63,94,64
DEV_002_2024-12-07 08:00:00,2024-12-07 08:00:00,DEV_002,56,97,5,62
DEV_002_2024-12-07 12:00:00,2024-12-07 12:00:00,DEV_002,48,69,75,65
DEV_002_2024-12-07 16:00:00,2024-12-07 16:00:00,DEV_002,63,29,40,10
DEV_002_2024-12-07 20:00:00,2024-12-07 20:00:00,DEV_002,55,80,23,94
DEV_002_2024-12-08 00:00:00,2024-12-08 00:00:00,DEV_002,7,1,19,91
DEV_002_2024-12-08 04:00:00,2024-12-08 04:00:00,DEV_002,49,3,31,91
DEV_002_2024-12-08 08:00:00,2024-12-08 08:00:00,DEV_002,15,70,47,7
DEV_002_2024-12-08 12:00:00,2024-12-08 12:00:00,DEV_002,63,29,66,63
DEV_002_2024-12-08 16:00:00,2024-12-08 16:00:00,DEV_002,37,19,16,75
DEV_002_2024-12-08 20:00:00,2024-12-08 20:00:00,DEV_002,2,48,59,61
DEV_002_2024-12-09 00:00:00,2024-12-09 00:00:00,DEV_002,94,8,3,25
DEV_002_2024-12-09 04:00:00,2024-12-09 04:00:00,DEV_002,7,97,97,7
DEV_002_2024-12-09 08:00:00,2024-12-09 08:00:00,DEV_002,55,76,65,21
DEV_002_2024-12-09 12:00:00,2024-12-09 12:00:00,DEV_002,69,41,75,42
DEV_002_2024-12-09 16:00:00,2024-12-09 16:00:00,DEV_002,20,36,47,37
DEV_002_2024-12-09 20:00:00,2024-12-09 20:00:00,DEV_002,13,50,77,15
DEV_002_2024-12-10 00:00:00,2024-12-10 00:00:00,DEV_002,17,87,33,78
DEV_002_2024-12-10 04:00:00,2024-12-10 04:00:00,DEV_002,57,34,82,53
DEV_002_2024-12-10 08:00:00,2024-12-10 08:00:00,DEV_002,37,25,33,9
DEV_002_2024-12-10 12:00:00,2024-12-10 12:00:00,DEV_002,22,91,72,77
DEV_002_2024-12-10 16:00:00,2024-12-10 16:00:00,DEV_002,71,73,54,15
DEV_002_2024-12-10 20:00:00,2024-12-10 20:00:00,DEV_002,69,85,46,30
DEV_002_2024-12-11 00:00:00,2024-12-11 00:00:00,DEV_002,30,50,84,28
DEV_002_2024-12-11 04:00:00,2024-12-11 04:00:00,DEV_002,68,69,31,41
DEV_002_2024-12-11 08:00:00,2024-12-11 08:00:00,DEV_002,40,47,49,84
DEV_002_2024-12-11 12:00:00,2024-12-11 12:00:00,DEV_002,49,91,88,90
DEV_002_2024-12-11 16:00:00,2024-12-11 16:00:00,DEV_002,71,70,10,53
DEV_002_2024-12-11 20:00:00,2024-12-11 20:00:00,DEV_002,82,24,25,16
DEV_002_2024-12-12 00:00:00,2024-12-12 00:00:00,DEV_002,9,76,47,63
DEV_002_2024-12-12 04:00:00,2024-12-12 04:00:00,DEV_002,29,70,40,72
DEV_002_2024-12-12 08:00:00,2024-12-12 08:00:00,DEV_002,58,51,34,91
DEV_002_2024-12-12 12:00:00,2024-12-12 12:00:00,DEV_002,25,39,17,83
DEV_002_2024-12-12 16:00:00,2024-12-12 16:00:00,DEV_002,39,98,52,53
DEV_002_2024-12-12 20:00:00,2024-12-12 20:00:00,DEV_002,51,60,22,14
DEV_002_2024-12-13 00:00:00,2024-12-13 00:00:00,DEV_002,79,95,57,56
DEV_002_2024-12-13 04:00:00,2024-12-13 04:00:00,DEV_002,14,84,81,55
DEV_002_2024-12-13 08:00:00,2024-12-13 08:00:00,DEV_002,71,43,48,82
DEV_002_2024-12-13 12:00:00,2024-12-13 12:00:00,DEV_002,92,67,17,72
DEV_002_2024-12-13 16:00:00,2024-12-13 16:00:00,DEV_002,50,25,98,94
DEV_002_2024-12-13 20:00:00,2024-12-13 20:00:00,DEV_002,7,78,55,87
DEV_002_2024-12-14 00:00:00,2024-12-14 00:00:00,DEV_002,99,79,5,8
DEV_002_2024-12-14 04:00:00,2024-12-14 04:00:00,DEV_002,47,19,75,1
DEV_002_2024-12-14 08:00:00,2024-12-14 08:00:00,DEV_002,51,34,84,89
DEV_002_2024-12-14 12:00:00,2024-12-14 12:00:00,DEV_002,97,12,5,85
DEV_002_2024-12-14 16:00:00,2024-12-14 16:00:00,DEV_002,18,66,50,11
DEV_002_2024-12-14 20:00:00,2024-12-14 20:00:00,DEV_002,26,29,33,20
DEV_002_2024-12-15 00:00:00,2024-12-15 00:00:00,DEV_002,8,84,36,25
DEV_002_2024-12-15 04:00:00,2024-12-15 04:00:00,DEV_002,36,53,32,38
DEV_002_2024-12-15 08:00:00,2024-12-15 08:00:00,DEV_002,47,91,45,78
DEV_002_2024-12-15 12:00:00,2024-12-15 12:00:00,DEV_002,65,8,53,22
DEV_002_2024-12-15 16:00:00,2024-12-15 16:00:00,DEV_002,58,43,61,10
DEV_002_2024-12-15 20:00:00,2024-12-15 20:00:00,DEV_002,69,42,22,92
DEV_002_2024-12-16 00:00:00,2024-12-16 00:00:00,DEV_002,2,58,44,12
DEV_002_2024-12-16 04:00:00,2024-12-16 04:00:00,DEV_002,84,89,57,77
DEV_002_2024-12-16 08:00:00,2024-12-16 08:00:00,DEV_002,5,24,58,62
DEV_002_2024-12-16 12:00:00,2024-12-16 12:00:00,DEV_002,34,7,41,1
DEV_002_2024-12-16 16:00:00,2024-12-16 16:00:00,DEV_002,62,75,39,96
DEV_002_2024-12-16 20:00:00,2024-12-16 20:00:00,DEV_002,85,69,93,14
DEV_002_2024-12-17 00:00:00,2024-12-17 00:00:00,DEV_002,29,10,55,17
DEV_002_2024-12-17 04:00:00,2024-12-17 04:00:00,DEV_002,39,81,18,12
DEV_002_2024-12-17 08:00:00,2024-12-17 08:00:00,DEV_002,81,8,53,86
DEV_002_2024-12-17 12:00:00,2024-12-17 12:00:00,DEV_002,36,43,13,9
DEV_002_2024-12-17 16:00:00,2024-12-17 16:00:00,DEV_002,19,69,94,47
DEV_002_2024-12-17 20:00:00,2024-12-17 20:00:00,DEV_002,40,69,93,72
DEV_002_2024-12-18 00:00:00,2024-12-18 00:00:00,DEV_002,19,48,62,23
DEV_002_2024-12-18 04:00:00,2024-12-18 04:00:00,DEV_002,97,41,82,46
DEV_002_2024-12-18 08:00:00,2024-12-18 08:00:00,DEV_002,97,10,62,1
DEV_002_2024-12-18 12:00:00,2024-12-18 12:00:00,DEV_002,47,33,56,96
DEV_002_2024-12-18 16:00:00,2024-12-18 16:00:00,DEV_002,61,3,90,46
DEV_002_2024-12-18 20:00:00,2024-12-18 20:00:00,DEV_002,96,29,15,9
DEV_002_2024-12-19 00:00:00,2024-12-19 00:00:00,DEV_002,56,12,56,8
DEV_002_2024-12-19 04:00:00,2024-12-19 04:00:00,DEV_002,35,2,92,76
DEV_002_2024-12-19 08:00:00,2024-12-19 08:00:00,DEV_002,11,13,32,34
DEV_002_2024-12-19 12:00:00,2024-12-19 12:00:00,DEV_002,35,10,48,53
DEV_002_2024-12-19 16:00:00,2024-12-19 16:00:00,DEV_002,67,19,81,85
DEV_002_2024-12-19 20:00:00,2024-12-19 20:00:00,DEV_002,38,23,52,38
DEV_002_2024-12-20 00:00:00,2024-12-20 00:00:00,DEV_002,16,67,84,90
DEV_002_2024-12-20 04:00:00,2024-12-20 04:00:00,DEV_002,99,78,56,63
DEV_002_2024-12-20 08:00:00,2024-12-20 08:00:00,DEV_002,7,24,4,3
DEV_002_2024-12-20 12:00:00,2024-12-20 12:00:00,DEV_002,73,51,98,43
DEV_002_2024-12-20 16:00:00,2024-12-20 16:00:00,DEV_002,61,95,40,12
DEV_002_2024-12-20 20:00:00,2024-12-20 20:00:00,DEV_002,45,85,2,98
DEV_002_2024-12-21 00:00:00,2024-12-21 00:00:00,DEV_002,1,23,62,94
DEV_002_2024-12-21 04:00:00,2024-12-21 04:00:00,DEV_002,79,70,9,95
DEV_002_2024-12-21 08:00:00,2024-12-21 08:00:00,DEV_002,81,48,1,46
DEV_002_2024-12-21 12:00:00,2024-12-21 12:00:00,DEV_002,74,64,29,73
DEV_002_2024-12-21 16:00:00,2024-12-21 16:00:00,DEV_002,1,86,44,1
DEV_002_2024-12-21 20:00:00,2024-12-21 20:00:00,DEV_002,10,51,35,56
DEV_002_2024-12-22 00:00:00,2024-12-22 00:00:00,DEV_002,62,61,90,76
DEV_002_2024-12-22 04:00:00,2024-12-22 04:00:00,DEV_002,13,54,95,49
DEV_002_2024-12-22 08:00:00,2024-12-22 08:00:00,DEV_002,18,32,4,44
DEV_002_2024-12-22 12:00:00,2024-12-22 12:00:00,DEV_002,91,96,94,14
DEV_002_2024-12-22 16:00:00,2024-12-22 16:00:00,DEV_002,81,32,27,8
DEV_002_2024-12-22 20:00:00,2024-12-22 20:00:00,DEV_002,93,32,25,12
DEV_002_2024-12-23 00:00:00,2024-12-23 00:00:00,DEV_002,38,21,30,57
DEV_002_2024-12-23 04:00:00,2024-12-23 04:00:00,DEV_002,27,27,59,30
DEV_002_2024-12-23 08:00:00,2024-12-23 08:00:00,DEV_002,85,66,6,75
DEV_002_2024-12-23 12:00:00,2024-12-23 12:00:00,DEV_002,20,29,24,25
DEV_002_2024-12-23 16:00:00,2024-12-23 16:00:00,DEV_002,18,71,65,40
DEV_002_2024-12-23 20:00:00,2024-12-23 20:00:00,DEV_002,91,87,75,21
DEV_002_2024-12-24 00:00:00,2024-12-24 00:00:00,DEV_002,84,84,31,33
DEV_002_2024-12-24 04:00:00,2024-12-24 04:00:00,DEV_002,16,39,68,67
DEV_002_2024-12-24 08:00:00,2024-12-24 08:00:00,DEV_002,59,70,99,93
DEV_002_2024-12-24 12:00:00,2024-12-24 12:00:00,DEV_002,23,78,36,68
DEV_002_2024-12-24 16:00:00,2024-12-24 16:00:00,DEV_002,66,67,78,75
DEV_002_2024-12-24 20:00:00,2024-12-24 20:00:00,DEV_002,12,16,31,84
DEV_002_2024-12-25 00:00:00,2024-12-25 00:00:00,DEV_002,35,10,35,48
DEV_002_2024-12-25 04:00:00,2024-12-25 04:00:00,DEV_002,74,69,28,36
DEV_002_2024-12-25 08:00:00,2024-12-25 08:00:00,DEV_002,63,17,62,70
DEV_002_2024-12-25 12:00:00,2024-12-25 12:00:00,DEV_002,76,50,18,69
DEV_002_2024-12-25 16:00:00,2024-12-25 16:00:00,DEV_002,15,67,97,79
DEV_002_2024-12-25 20:00:00,2024-12-25 20:00:00,DEV_002,36,39,30,75
DEV_002_2024-12-26 00:00:00,2024-12-26 00:00:00,DEV_002,52,91,62,71
DEV_002_2024-12-26 04:00:00,2024-12-26 04:00:00,DEV_002,49,98,60,45
DEV_002_2024-12-26 08:00:00,2024-12-26 08:00:00,DEV_002,56,9,93,71
DEV_002_2024-12-26 12:00:00,2024-12-26 12:00:00,DEV_002,16,19,27,6
DEV_002_2024-12-26 16:00:00,2024-12-26 16:00:00,DEV_002,5,83,25,21
DEV_002_2024-12-26 20:00:00,2024-12-26 20:00:00,DEV_002,30,57,58,84
DEV_002_2024-12-27 00:00:00,2024-12-27 00:00:00,DEV_002,88,32,34,26
DEV_002_2024-12-27 04:00:00,2024-12-27 04:00:00,DEV_002,29,12,34,34
DEV_002_2024-12-27 08:00:00,2024-12-27 08:00:00,DEV_002,87,4,29,72
DEV_002_2024-12-27 12:00:00,2024-12-27 12:00:00,DEV_002,67,15,16,62
DEV_002_2024-12-27 16:00:00,2024-12-27 16:00:00,DEV_002,8,55,17,76
DEV_002_2024-12-27 20:00:00,2024-12-27 20:00:00,DEV_002,75,81,18,83
DEV_002_2024-12-28 00:00:00,2024-12-28 00:00:00,DEV_002,78,81,26,20
DEV_002_2024-12-28 04:00:00,2024-12-28 04:00:00,DEV_002,28,72,37,51
DEV_002_2024-12-28 08:00:00,2024-12-28 08:00:00,DEV_002,99,83,22,61
DEV_002_2024-12-28 12:00:00,2024-12-28 12:00:00,DEV_002,14,5,11,73
DEV_002_2024-12-28 16:00:00,2024-12-28 16:00:00,DEV_002,33,2,63,29
DEV_002_2024-12-28 20:00:00,2024-12-28 20:00:00,DEV_002,14,71,6,41
DEV_002_2024-12-29 00:00:00,2024-12-29 00:00:00,DEV_002,53,66,26,50
DEV_002_2024-12-29 04:00:00,2024-12-29 04:00:00,DEV_002,34,17,11,53
DEV_002_2024-12-29 08:00:00,2024-12-29 08:00:00,DEV_002,47,15,85,57
DEV_002_2024-12-29 12:00:00,2024-12-29 12:00:00,DEV_002,10,43,92,32
DEV_002_2024-12-29 16:00:00,2024-12-29 16:00:00,DEV_002,15,19,36,66
DEV_002_2024-12-29 20:00:00,2024-12-29 20:00:00,DEV_002,65,19,43,39
DEV_003_2024-09-01 00:00:00,2024-09-01 00:00:00,DEV_003,58,28,27,42
DEV_003_2024-09-01 01:00:00,2024-09-01 01:00:00,DEV_003,62,33,10,78
DEV_003_2024-09-01 02:00:00,2024-09-01 02:00:00,DEV_003,57,75,7,42
DEV_003_2024-09-01 03:00:00,2024-09-01 03:00:00,DEV_003,90,83,16,48
DEV_003_2024-09-01 04:00:00,2024-09-01 04:00:00,DEV_003,60,22,31,47
DEV_003_2024-09-01 05:00:00,2024-09-01 05:00:00,DEV_003,23,19,7,16
DEV_003_2024-09-01 06:00:00,2024-09-01 06:00:00,DEV_003,82,70,96,17
DEV_003_2024-09-01 07:00:00,2024-09-01 07:00:00,DEV_003,2,38,50,88
DEV_003_2024-09-01 08:00:00,2024-09-01 08:00:00,DEV_003,14,8,55,53
DEV_003_2024-09-01 09:00:00,2024-09-01 09:00:00,DEV_003,45,92,35,19
DEV_003_2024-09-01 10:00:00,2024-09-01 10:00:00,DEV_003,46,26,18,22
DEV_003_2024-09-01 11:00:00,2024-09-01 11:00:00,DEV_003,10,9,86,81
DEV_003_2024-09-01 12:00:00,2024-09-01 12:00:00,DEV_003,46,74,2,67
DEV_003_2024-09-01 13:00:00,2024-09-01 13:00:00,DEV_003,82,31,20,90
DEV_003_2024-09-01 14:00:00,2024-09-01 14:00:00,DEV_003,52,18,19,67
DEV_003_2024-09-01 15:00:00,2024-09-01 15:00:00,DEV_003,97,42,69,81
DEV_003_2024-09-01 16:00:00,2024-09-01 16:00:00,DEV_003,8,74,71,30
DEV_003_2024-09-01 17:00:00,2024-09-01 17:00:00,DEV_003,71,18,57,9
DEV_003_2024-09-01 18:00:00,2024-09-01 18:00:00,DEV_003,89,52,68,59
DEV_003_2024-09-01 19:00:00,2024-09-01 19:00:00,DEV_003,83,3,7,50
DEV_003_2024-09-01 20:00:00,2024-09-01 20:00:00,DEV_003,53,72,14,18
DEV_003_2024-09-01 21:00:00,2024-09-01 21:00:00,DEV_003,74,27,65,41
DEV_003_2024-09-01 22:00:00,2024-09-01 22:00:00,DEV_003,20,54,17,87
DEV_003_2024-09-01 23:00:00,2024-09-01 23:00:00,DEV_003,40,63,15,47
DEV_003_2024-09-02 00:00:00,2024-09-02 00:00:00,DEV_003,67,74,88,33
DEV_003_2024-09-02 01:00:00,2024-09-02 01:00:00,DEV_003,29,58,92,43
DEV_003_2024-09-02 02:00:00,2024-09-02 02:00:00,DEV_003,35,88,13,10
DEV_003_2024-09-02 03:00:00,2024-09-02 03:00:00,DEV_003,49,62,13,24
DEV_003_2024-09-02 04:00:00,2024-09-02 04:00:00,DEV_003,31,3,62,30
DEV_003_2024-09-02 05:00:00,2024-09-02 05:00:00,DEV_003,2,2,20,95
DEV_003_2024-09-02 06:00:00,2024-09-02 06:00:00,DEV_003,21,56,53,32
DEV_003_2024-09-02 07:00:00,2024-09-02 07:00:00,DEV_003,28,24,18,44
DEV_003_2024-09-02 08:00:00,2024-09-02 08:00:00,DEV_003,13,74,83,46
DEV_003_2024-09-02 09:00:00,2024-09-02 09:00:00,DEV_003,15,13,30,15
DEV_003_2024-09-02 10:00:00,2024-09-02 10:00:00,DEV_003,15,86,89,74
DEV_003_2024-09-02 11:00:00,2024-09-02 11:00:00,DEV_003,92,14,28,75
DEV_003_2024-09-02 12:00:00,2024-09-02 12:00:00,DEV_003,65,98,5,46
DEV_003_2024-09-02 13:00:00,2024-09-02 13:00:00,DEV_003,45,81,2,60
DEV_003_2024-09-02 14:00:00,2024-09-02 14:00:00,DEV_003,47,97,31,90
DEV_003_2024-09-02 15:00:00,2024-09-02 15:00:00,DEV_003,9,76,43,88
DEV_003_2024-09-02 16:00:00,2024-09-02 16:00:00,DEV_003,21,59,57,11
DEV_003_2024-09-02 17:00:00,2024-09-02 17:00:00,DEV_003,54,13,35,13
DEV_003_2024-09-02 18:00:00,2024-09-02 18:00:00,DEV_003,43,16,64,55
DEV_003_2024-09-02 19:00:00,2024-09-02 19:00:00,DEV_003,15,99,84,47
DEV_003_2024-09-02 20:00:00,2024-09-02 20:00:00,DEV_003,25,4,69,35
DEV_003_2024-09-02 21:00:00,2024-09-02 21:00:00,DEV_003,57,88,23,80
DEV_003_2024-09-02 22:00:00,2024-09-02 22:00:00,DEV_003,5,55,52,27
DEV_003_2024-09-02 23:00:00,2024-09-02 23:00:00,DEV_003,90,97,57,73
DEV_003_2024-09-03 00:00:00,2024-09-03 00:00:00,DEV_003,62,71,4,49
DEV_003_2024-09-03 01:00:00,2024-09-03 01:00:00,DEV_003,66,30,50,68
DEV_003_2024-09-03 02:00:00,2024-09-03 02:00:00,DEV_003,44,97,7,20
DEV_003_2024-09-03 03:00:00,2024-09-03 03:00:00,DEV_003,52,57,53,47
DEV_003_2024-09-03 04:00:00,2024-09-03 04:00:00,DEV_003,25,73,25,19
DEV_003_2024-09-03 05:00:00,2024-09-03 05:00:00,DEV_003,22,58,12,95
DEV_003_2024-09-03 06:00:00,2024-09-03 06:00:00,DEV_003,70,51,68,74
DEV_003_2024-09-03 07:00:00,2024-09-03 07:00:00,DEV_003,37,67,89,92
DEV_003_2024-09-03 08:00:00,2024-09-03 08:00:00,DEV_003,51,23,97,80
DEV_003_2024-09-03 09:00:00,2024-09-03 09:00:00,DEV_003,37,80,92,51
DEV_003_2024-09-03 10:00:00,2024-09-03 10:00:00,DEV_003,1,51,13,74
DEV_003_2024-09-03 11:00:00,2024-09-03 11:00:00,DEV_003,16,24,92,26
DEV_003_2024-09-03 12:00:00,2024-09-03 12:00:00,DEV_003,78,7,83,70
DEV_003_2024-09-03 13:00:00,2024-09-03 13:00:00,DEV_003,61,62,35,39
DEV_003_2024-09-03 14:00:00,2024-09-03 14:00:00,DEV_003,2,43,74,80
DEV_003_2024-09-03 15:00:00,2024-09-03 15:00:00,DEV_003,36,99,27,8
DEV_003_2024-09-03 16:00:00,2024-09-03 16:00:00,DEV_003,90,74,67,77
DEV_003_2024-09-03 17:00:00,2024-09-03 17:00:00,DEV_003,49,23,43,25
DEV_003_2024-09-03 18:00:00,2024-09-03 18:00:00,DEV_003,68,56,85,6
DEV_003_2024-09-03 19:00:00,2024-09-03 19:00:00,DEV_003,29,38,2,59
DEV_003_2024-09-03 20:00:00,2024-09-03 20:00:00,DEV_003,33,51,13,13
DEV_003_2024-09-03 21:00:00,2024-09-03 21:00:00,DEV_003,87,34,2,50
DEV_003_2024-09-03 22:00:00,2024-09-03 22:00:00,DEV_003,36,72,59,38
DEV_003_2024-09-03 23:00:00,2024-09-03 23:00:00,DEV_003,57,53,45,15
DEV_003_2024-09-04 00:00:00,2024-09-04 00:00:00,DEV_003,5,13,37,44
DEV_003_2024-09-04 01:00:00,2024-09-04 01:00:00,DEV_003,33,80,41,6
DEV_003_2024-09-04 02:00:00,2024-09-04 02:00:00,DEV_003,27,67,69,61
DEV_003_2024-09-04 03:00:00,2024-09-04 03:00:00,DEV_003,19,66,33,89
DEV_003_2024-09-04 04:00:00,2024-09-04 04:00:00,DEV_003,79,77,38,18
DEV_003_2024-09-04 05:00:00,2024-09-04 05:00:00,DEV_003,7,68,37,21
DEV_003_2024-09-04 06:00:00,2024-09-04 06:00:00,DEV_003,32,38,50,67
DEV_003_2024-09-04 07:00:00,2024-09-04 07:00:00,DEV_003,45,39,28,46
DEV_003_2024-09-04 08:00:00,2024-09-04 08:00:00,DEV_003,64,99,98,8
DEV_003_2024-09-04 09:00:00,2024-09-04 09:00:00,DEV_003,44,95,73,25
DEV_003_2024-09-04 10:00:00,2024-09-04 10:00:00,DEV_003,62,95,30,85
DEV_003_2024-09-04 11:00:00,2024-09-04 11:00:00,DEV_003,14,89,16,2
DEV_003_2024-09-04 12:00:00,2024-09-04 12:00:00,DEV_003,99,92,28,93
DEV_003_2024-09-04 13:00:00,2024-09-04 13:00:00,DEV_003,62,86,49,7
DEV_003_2024-09-04 14:00:00,2024-09-04 14:00:00,DEV_003,13,93,91,44
DEV_003_2024-09-04 15:00:00,2024-09-04 15:00:00,DEV_003,84,14,67,4
DEV_003_2024-09-04 16:00:00,2024-09-04 16:00:00,DEV_003,19,46,50,18
DEV_003_2024-09-04 17:00:00,2024-09-04 17:00:00,DEV_003,81,85,15,37
DEV_003_2024-09-04 18:00:00,2024-09-04 18:00:00,DEV_003,97,65,74,39
DEV_003_2024-09-04 19:00:00,2024-09-04 19:00:00,DEV_003,74,20,62,86
DEV_003_2024-09-04 20:00:00,2024-09-04 20:00:00,DEV_003,65,9,35,1
DEV_003_2024-09-04 21:00:00,2024-09-04 21:00:00,DEV_003,23,68,85,98
DEV_003_2024-09-04 22:00:00,2024-09-04 22:00:00,DEV_003,62,48,37,78
DEV_003_2024-09-04 23:00:00,2024-09-04 23:00:00,DEV_003,81,40,80,10
DEV_003_2024-09-05 00:00:00,2024-09-05 00:00:00,DEV_003,62,70,16,79
DEV_003_2024-09-05 01:00:00,2024-09-05 01:00:00,DEV_003,47,24,11,89
DEV_003_2024-09-05 02:00:00,2024-09-05 02:00:00,DEV_003,65,17,9,84
DEV_003_2024-09-05 03:00:00,2024-09-05 03:00:00,DEV_003,85,2,77,87
DEV_003_2024-09-05 04:00:00,2024-09-05 04:00:00,DEV_003,53,16,4,43
DEV_003_2024-09-05 05:00:00,2024-09-05 05:00:00,DEV_003,97,73,41,42
DEV_003_2024-09-05 06:00:00,2024-09-05 06:00:00,DEV_003,62,4,31,75
DEV_003_2024-09-05 07:00:00,2024-09-05 07:00:00,DEV_003,5,75,85,19
DEV_003_2024-09-05 08:00:00,2024-09-05 08:00:00,DEV_003,67,90,55,90
DEV_003_2024-09-05 09:00:00,2024-09-05 09:00:00,DEV_003,83,32,58,38
DEV_003_2024-09-05 10:00:00,2024-09-05 10:00:00,DEV_003,87,87,57,73
DEV_003_2024-09-05 11:00:00,2024-09-05 11:00:00,DEV_003,79,36,71,23
DEV_003_2024-09-05 12:00:00,2024-09-05 12:00:00,DEV_003,41,66,46,50
DEV_003_2024-09-05 13:00:00,2024-09-05 13:00:00,DEV_003,27,18,39,75
DEV_003_2024-09-05 14:00:00,2024-09-05 14:00:00,DEV_003,74,20,32,3
DEV_003_2024-09-05 15:00:00,2024-09-05 15:00:00,DEV_003,57,13,75,8
DEV_003_2024-09-05 16:00:00,2024-09-05 16:00:00,DEV_003,44,75,87,13
DEV_003_2024-09-05 17:00:00,2024-09-05 17:00:00,DEV_003,71,88,50,2
DEV_003_2024-09-05 18:00:00,2024-09-05 18:00:00,DEV_003,24,61,56,20
DEV_003_2024-09-05 19:00:00,2024-09-05 19:00:00,DEV_003,46,98,37,92
DEV_003_2024-09-05 20:00:00,2024-09-05 20:00:00,DEV_003,16,19,4,10
DEV_003_2024-09-05 21:00:00,2024-09-05 21:00:00,DEV_003,28,73,66,59
DEV_003_2024-09-05 22:00:00,2024-09-05 22:00:00,DEV_003,1,14,82,4
DEV_003_2024-09-05 23:00:00,2024-09-05 23:00:00,DEV_003,55,6,81,45
DEV_003_2024-09-06 00:00:00,2024-09-06 00:00:00,DEV_003,32,82,21,25
DEV_003_2024-09-06 01:00:00,2024-09-06 01:00:00,DEV_003,39,78,44,63
DEV_003_2024-09-06 02:00:00,2024-09-06 02:00:00,DEV_003,47,58,52,66
DEV_003_2024-09-06 03:00:00,2024-09-06 03:00:00,DEV_003,69,27,6,85
DEV_003_2024-09-06 04:00:00,2024-09-06 04:00:00,DEV_003,51,33,35,87
DEV_003_2024-09-06 05:00:00,2024-09-06 05:00:00,DEV_003,80,6,28,60
DEV_003_2024-09-06 06:00:00,2024-09-06 06:00:00,DEV_003,8,50,80,60
DEV_003_2024-09-06 07:00:00,2024-09-06 07:00:00,DEV_003,90,2,14,56
DEV_003_2024-09-06 08:00:00,2024-09-06 08:00:00,DEV_003,78,11,13,20
DEV_003_2024-09-06 09:00:00,2024-09-06 09:00:00,DEV_003,31,11,13,9
DEV_003_2024-09-06 10:00:00,2024-09-06 10:00:00,DEV_003,67,11,42,76
DEV_003_2024-09-06 11:00:00,2024-09-06 11:00:00,DEV_003,28,42,68,22
DEV_003_2024-09-06 12:00:00,2024-09-06 12:00:00,DEV_003,49,21,60,81
DEV_003_2024-09-06 13:00:00,2024-09-06 13:00:00,DEV_003,11,59,17,42
DEV_003_2024-09-06 14:00:00,2024-09-06 14:00:00,DEV_003,86,26,18,66
DEV_003_2024-09-06 15:00:00,2024-09-06 15:00:00,DEV_003,10,92,47,40
DEV_003_2024-09-06 16:00:00,2024-09-06 16:00:00,DEV_003,86,9,32,70
DEV_003_2024-09-06 17:00:00,2024-09-06 17:00:00,DEV_003,59,87,51,10
DEV_003_2024-09-06 18:00:00,2024-09-06 18:00:00,DEV_003,35,48,58,73
DEV_003_2024-09-06 19:00:00,2024-09-06 19:00:00,DEV_003,90,12,48,9
DEV_003_2024-09-06 20:00:00,2024-09-06 20:00:00,DEV_003,29,14,78,40
DEV_003_2024-09-06 21:00:00,2024-09-06 21:00:00,DEV_003,85,92,48,96
DEV_003_2024-09-06 22:00:00,2024-09-06 22:00:00,DEV_003,25,76,18,53
DEV_003_2024-09-06 23:00:00,2024-09-06 23:00:00,DEV_003,76,5,68,65
DEV_003_2024-09-07 00:00:00,2024-09-07 00:00:00,DEV_003,77,1,19,44
DEV_003_2024-09-07 01:00:00,2024-09-07 01:00:00,DEV_003,59,98,46,33
DEV_003_2024-09-07 02:00:00,2024-09-07 02:00:00,DEV_003,80,30,51,33
DEV_003_2024-09-07 03:00:00,2024-09-07 03:00:00,DEV_003,54,74,41,15
DEV_003_2024-09-07 04:00:00,2024-09-07 04:00:00,DEV_003,1,95,31,56
DEV_003_2024-09-07 05:00:00,2024-09-07 05:00:00,DEV_003,11,60,81,71
DEV_003_2024-09-07 06:00:00,2024-09-07 06:00:00,DEV_003,49,1,79,48
DEV_003_2024-09-07 07:00:00,2024-09-07 07:00:00,DEV_003,98,66,27,26
DEV_003_2024-09-07 08:00:00,2024-09-07 08:00:00,DEV_003,63,92,76,49
DEV_003_2024-09-07 09:00:00,2024-09-07 09:00:00,DEV_003,1,67,14,18
DEV_003_2024-09-07 10:00:00,2024-09-07 10:00:00,DEV_003,39,8,75,13
DEV_003_2024-09-07 11:00:00,2024-09-07 11:00:00,DEV_003,15,43,62,54
DEV_003_2024-09-07 12:00:00,2024-09-07 12:00:00,DEV_003,47,86,77,83
DEV_003_2024-09-07 13:00:00,2024-09-07 13:00:00,DEV_003,1,97,57,81
DEV_003_2024-09-07 14:00:00,2024-09-07 14:00:00,DEV_003,14,39,45,4
DEV_003_2024-09-07 15:00:00,2024-09-07 15:00:00,DEV_003,64,55,97,95
DEV_003_2024-09-07 16:00:00,2024-09-07 16:00:00,DEV_003,3,76,76,39
DEV_003_2024-09-07 17:00:00,2024-09-07 17:00:00,DEV_003,5,87,9,58
DEV_003_2024-09-07 18:00:00,2024-09-07 18:00:00,DEV_003,35,45,72,34
DEV_003_2024-09-07 19:00:00,2024-09-07 19:00:00,DEV_003,63,98,89,56
DEV_003_2024-09-07 20:00:00,2024-09-07 20:00:00,DEV_003,36,73,61,39
DEV_003_2024-09-07 21:00:00,2024-09-07 21:00:00,DEV_003,95,62,82,95
DEV_003_2024-09-07 22:00:00,2024-09-07 22:00:00,DEV_003,41,33,6,30
DEV_003_2024-09-07 23:00:00,2024-09-07 23:00:00,DEV_003,72,80,29,91
DEV_003_2024-09-08 00:00:00,2024-09-08 00:00:00,DEV_003,50,23,55,22
DEV_003_2024-09-08 01:00:00,2024-09-08 01:00:00,DEV_003,67,84,12,44
DEV_003_2024-09-08 02:00:00,2024-09-08 02:00:00,DEV_003,77,91,63,56
DEV_003_2024-09-08 03:00:00,2024-09-08 03:00:00,DEV_003,86,64,46,64
DEV_003_2024-09-08 04:00:00,2024-09-08 04:00:00,DEV_003,58,3,12,10
DEV_003_2024-09-08 05:00:00,2024-09-08 05:00:00,DEV_003,32,33,70,56
DEV_003_2024-09-08 06:00:00,2024-09-08 06:00:00,DEV_003,57,85,85,95
DEV_003_2024-09-08 07:00:00,2024-09-08 07:00:00,DEV_003,57,57,79,93
DEV_003_2024-09-08 08:00:00,2024-09-08 08:00:00,DEV_003,59,43,26,5
DEV_003_2024-09-08 09:00:00,2024-09-08 09:00:00,DEV_003,89,65,19,9
DEV_003_2024-09-08 10:00:00,2024-09-08 10:00:00,DEV_003,40,58,68,10
DEV_003_2024-09-08 11:00:00,2024-09-08 11:00:00,DEV_003,55,88,3,21
DEV_003_2024-09-08 12:00:00,2024-09-08 12:00:00,DEV_003,27,31,3,78
DEV_003_2024-09-08 13:00:00,2024-09-08 13:00:00,DEV_003,4,4,46,63
DEV_003_2024-09-08 14:00:00,2024-09-08 14:00:00,DEV_003,14,6,42,48
DEV_003_2024-09-08 15:00:00,2024-09-08 15:00:00,DEV_003,99,49,86,74
DEV_003_2024-09-08 16:00:00,2024-09-08 16:00:00,DEV_003,72,38,68,27
DEV_003_2024-09-08 17:00:00,2024-09-08 17:00:00,DEV_003,47,65,29,28
DEV_003_2024-09-08 18:00:00,2024-09-08 18:00:00,DEV_003,37,76,80,80
DEV_003_2024-09-08 19:00:00,2024-09-08 19:00:00,DEV_003,60,20,20,4
DEV_003_2024-09-08 20:00:00,2024-09-08 20:00:00,DEV_003,9,80,87,57
DEV_003_2024-09-08 21:00:00,2024-09-08 21:00:00,DEV_003,64,18,30,20
DEV_003_2024-09-08 22:00:00,2024-09-08 22:00:00,DEV_003,78,28,29,6
DEV_003_2024-09-08 23:00:00,2024-09-08 23:00:00,DEV_003,90,81,23,72
DEV_003_2024-09-09 00:00:00,2024-09-09 00:00:00,DEV_003,23,25,43,42
DEV_003_2024-09-09 01:00:00,2024-09-09 01:00:00,DEV_003,2,56,82,9
DEV_003_2024-09-09 02:00:00,2024-09-09 02:00:00,DEV_003,76,63,32,14
DEV_003_2024-09-09 03:00:00,2024-09-09 03:00:00,DEV_003,24,3,19,37
DEV_003_2024-09-09 04:00:00,2024-09-09 04:00:00,DEV_003,15,78,87,28
DEV_003_2024-09-09 05:00:00,2024-09-09 05:00:00,DEV_003,18,61,83,17
DEV_003_2024-09-09 06:00:00,2024-09-09 06:00:00,DEV_003,84,49,87,86
DEV_003_2024-09-09 07:00:00,2024-09-09 07:00:00,DEV_003,44,24,64,67
DEV_003_2024-09-09 08:00:00,2024-09-09 08:00:00,DEV_003,34,99,12,14
DEV_003_2024-09-09 09:00:00,2024-09-09 09:00:00,DEV_003,19,63,95,51
DEV_003_2024-09-09 10:00:00,2024-09-09 10:00:00,DEV_003,58,97,57,58
DEV_003_2024-09-09 11:00:00,2024-09-09 11:00:00,DEV_003,81,86,46,30
DEV_003_2024-09-09 12:00:00,2024-09-09 12:00:00,DEV_003,87,86,4,46
DEV_003_2024-09-09 13:00:00,2024-09-09 13:00:00,DEV_003,83,83,63,57
DEV_003_2024-09-09 14:00:00,2024-09-09 14:00:00,DEV_003,26,62,19,69
DEV_003_2024-09-09 15:00:00,2024-09-09 15:00:00,DEV_003,64,98,81,65
DEV_003_2024-09-09 16:00:00,2024-09-09 16:00:00,DEV_003,2,46,71,15
DEV_003_2024-09-09 17:00:00,2024-09-09 17:00:00,DEV_003,47,45,35,71
DEV_003_2024-09-09 18:00:00,2024-09-09 18:00:00,DEV_003,37,63,23,52
DEV_003_2024-09-09 19:00:00,2024-09-09 19:00:00,DEV_003,71,16,14,67
DEV_003_2024-09-09 20:00:00,2024-09-09 20:00:00,DEV_003,4,92,57,83
DEV_003_2024-09-09 21:00:00,2024-09-09 21:00:00,DEV_003,44,82,92,55
DEV_003_2024-09-09 22:00:00,2024-09-09 22:00:00,DEV_003,50,11,83,3
DEV_003_2024-09-09 23:00:00,2024-09-09 23:00:00,DEV_003,81,56,42,73
DEV_003_2024-09-10 00:00:00,2024-09-10 00:00:00,DEV_003,11,94,85,13
DEV_003_2024-09-10 01:00:00,2024-09-10 01:00:00,DEV_003,5,69,58,46
DEV_003_2024-09-10 02:00:00,2024-09-10 02:00:00,DEV_003,47,64,72,64
DEV_003_2024-09-10 03:00:00,2024-09-10 03:00:00,DEV_003,79,43,47,6
DEV_003_2024-09-10 04:00:00,2024-09-10 04:00:00,DEV_003,55,74,59,75
DEV_003_2024-09-10 05:00:00,2024-09-10 05:00:00,DEV_003,73,87,80,13
DEV_003_2024-09-10 06:00:00,2024-09-10 06:00:00,DEV_003,40,43,24,37
DEV_003_2024-09-10 07:00:00,2024-09-10 07:00:00,DEV_003,84,51,10,29
DEV_003_2024-09-10 08:00:00,2024-09-10 08:00:00,DEV_003,63,36,11,83
DEV_003_2024-09-10 09:00:00,2024-09-10 09:00:00,DEV_003,48,72,7,46
DEV_003_2024-09-10 10:00:00,2024-09-10 10:00:00,DEV_003,92,52,46,62
DEV_003_2024-09-10 11:00:00,2024-09-10 11:00:00,DEV_003,68,62,32,40
DEV_003_2024-09-10 12:00:00,2024-09-10 12:00:00,DEV_003,10,96,26,71
DEV_003_2024-09-10 13:00:00,2024-09-10 13:00:00,DEV_003,23,41,27,34
DEV_003_2024-09-10 14:00:00,2024-09-10 14:00:00,DEV_003,27,66,25,9
DEV_003_2024-09-10 15:00:00,2024-09-10 15:00:00,DEV_003,44,20,1,51
DEV_003_2024-09-10 16:00:00,2024-09-10 16:00:00,DEV_003,11,30,9,6
DEV_003_2024-09-10 17:00:00,2024-09-10 17:00:00,DEV_003,8,33,77,46
DEV_003_2024-09-10 18:00:00,2024-09-10 18:00:00,DEV_003,78,51,1,74
DEV_003_2024-09-10 19:00:00,2024-09-10 19:00:00,DEV_003,28,9,11,6
DEV_003_2024-09-10 20:00:00,2024-09-10 20:00:00,DEV_003,48,61,68,10
DEV_003_2024-09-10 21:00:00,2024-09-10 21:00:00,DEV_003,98,70,73,25
DEV_003_2024-09-10 22:00:00,2024-09-10 22:00:00,DEV_003,35,31,17,48
DEV_003_2024-09-10 23:00:00,2024-09-10 23:00:00,DEV_003,92,12,84,13
DEV_003_2024-09-11 00:00:00,2024-09-11 00:00:00,DEV_003,5,64,62,90
DEV_003_2024-09-11 01:00:00,2024-09-11 01:00:00,DEV_003,10,67,66,62
DEV_003_2024-09-11 02:00:00,2024-09-11 02:00:00,DEV_003,59,37,93,21
DEV_003_2024-09-11 03:00:00,2024-09-11 03:00:00,DEV_003,61,66,25,59
DEV_003_2024-09-11 04:00:00,2024-09-11 04:00:00,DEV_003,33,65,98,24
DEV_003_2024-09-11 05:00:00,2024-09-11 05:00:00,DEV_003,97,33,46,10
DEV_003_2024-09-11 06:00:00,2024-09-11 06:00:00,DEV_003,50,14,82,34
DEV_003_2024-09-11 07:00:00,2024-09-11 07:00:00,DEV_003,53,16,92,96
DEV_003_2024-09-11 08:00:00,2024-09-11 08:00:00,DEV_003,83,52,27,33
DEV_003_2024-09-11 09:00:00,2024-09-11 09:00:00,DEV_003,44,70,22,74
DEV_003_2024-09-11 10:00:00,2024-09-11 10:00:00,DEV_003,83,83,71,84
DEV_003_2024-09-11 11:00:00,2024-09-11 11:00:00,DEV_003,97,44,36,53
DEV_003_2024-09-11 12:00:00,2024-09-11 12:00:00,DEV_003,27,69,6,20
DEV_003_2024-09-11 13:00:00,2024-09-11 13:00:00,DEV_003,82,22,27,75
DEV_003_2024-09-11 14:00:00,2024-09-11 14:00:00,DEV_003,60,92,95,79
DEV_003_2024-09-11 15:00:00,2024-09-11 15:00:00,DEV_003,70,15,51,26
DEV_003_2024-09-11 16:00:00,2024-09-11 16:00:00,DEV_003,51,77,22,90
DEV_003_2024-09-11 17:00:00,2024-09-11 17:00:00,DEV_003,23,7,23,16
DEV_003_2024-09-11 18:00:00,2024-09-11 18:00:00,DEV_003,53,9,10,55
DEV_003_2024-09-11 19:00:00,2024-09-11 19:00:00,DEV_003,91,85,78,31
DEV_003_2024-09-11 20:00:00,2024-09-11 20:00:00,DEV_003,25,9,27,14
DEV_003_2024-09-11 21:00:00,2024-09-11 21:00:00,DEV_003,64,77,54,72
DEV_003_2024-09-11 22:00:00,2024-09-11 22:00:00,DEV_003,17,24,92,18
DEV_003_2024-09-11 23:00:00,2024-09-11 23:00:00,DEV_003,96,20,70,15
DEV_003_2024-09-12 00:00:00,2024-09-12 00:00:00,DEV_003,61,6,90,65
DEV_003_2024-09-12 01:00:00,2024-09-12 01:00:00,DEV_003,47,85,85,15
DEV_003_2024-09-12 02:00:00,2024-09-12 02:00:00,DEV_003,35,16,45,18
DEV_003_2024-09-12 03:00:00,2024-09-12 03:00:00,DEV_003,68,76,6,49
DEV_003_2024-09-12 04:00:00,2024-09-12 04:00:00,DEV_003,95,36,21,84
DEV_003_2024-09-12 05:00:00,2024-09-12 05:00:00,DEV_003,66,75,74,41
DEV_003_2024-09-12 06:00:00,2024-09-12 06:00:00,DEV_003,16,71,86,56
DEV_003_2024-09-12 07:00:00,2024-09-12 07:00:00,DEV_003,15,64,96,29
DEV_003_2024-09-12 08:00:00,2024-09-12 08:00:00,DEV_003,14,84,91,12
DEV_003_2024-09-12 09:00:00,2024-09-12 09:00:00,DEV_003,51,16,99,98
DEV_003_2024-09-12 10:00:00,2024-09-12 10:00:00,DEV_003,11,37,7,1
DEV_003_2024-09-12 11:00:00,2024-09-12 11:00:00,DEV_003,41,7,64,50
DEV_003_2024-09-12 12:00:00,2024-09-12 12:00:00,DEV_003,79,38,69,45
DEV_003_2024-09-12 13:00:00,2024-09-12 13:00:00,DEV_003,66,52,95,43
DEV_003_2024-09-12 14:00:00,2024-09-12 14:00:00,DEV_003,37,22,32,99
DEV_003_2024-09-12 15:00:00,2024-09-12 15:00:00,DEV_003,51,40,80,65
DEV_003_2024-09-12 16:00:00,2024-09-12 16:00:00,DEV_003,23,67,12,52
DEV_003_2024-09-12 17:00:00,2024-09-12 17:00:00,DEV_003,69,18,22,63
DEV_003_2024-09-12 18:00:00,2024-09-12 18:00:00,DEV_003,2,49,20,29
DEV_003_2024-09-12 19:00:00,2024-09-12 19:00:00,DEV_003,50,63,11,39
DEV_003_2024-09-12 20:00:00,2024-09-12 20:00:00,DEV_003,88,62,64,76
DEV_003_2024-09-12 21:00:00,2024-09-12 21:00:00,DEV_003,58,5,70,35
DEV_003_2024-09-12 22:00:00,2024-09-12 22:00:00,DEV_003,24,93,58,84
DEV_003_2024-09-12 23:00:00,2024-09-12 23:00:00,DEV_003,76,12,85,29
DEV_003_2024-09-13 00:00:00,2024-09-13 00:00:00,DEV_003,7,93,2,14
DEV_003_2024-09-13 01:00:00,2024-09-13 01:00:00,DEV_003,38,38,30,65
DEV_003_2024-09-13 02:00:00,2024-09-13 02:00:00,DEV_003,52,85,11,53
DEV_003_2024-09-13 03:00:00,2024-09-13 03:00:00,DEV_003,56,98,97,30
DEV_003_2024-09-13 04:00:00,2024-09-13 04:00:00,DEV_003,23,70,2,71
DEV_003_2024-09-13 05:00:00,2024-09-13 05:00:00,DEV_003,85,80,59,86
DEV_003_2024-09-13 06:00:00,2024-09-13 06:00:00,DEV_003,64,6,98,1
DEV_003_2024-09-13 07:00:00,2024-09-13 07:00:00,DEV_003,30,37,47,20
DEV_003_2024-09-13 08:00:00,2024-09-13 08:00:00,DEV_003,29,4,65,49
DEV_003_2024-09-13 09:00:00,2024-09-13 09:00:00,DEV_003,23,80,19,65
DEV_003_2024-09-13 10:00:00,2024-09-13 10:00:00,DEV_003,32,83,46,94
DEV_003_2024-09-13 11:00:00,2024-09-13 11:00:00,DEV_003,3,55,16,87
DEV_003_2024-09-13 12:00:00,2024-09-13 12:00:00,DEV_003,63,63,90,44
DEV_003_2024-09-13 13:00:00,2024-09-13 13:00:00,DEV_003,37,82,22,70
DEV_003_2024-09-13 14:00:00,2024-09-13 14:00:00,DEV_003,69,1,47,82
DEV_003_2024-09-13 15:00:00,2024-09-13 15:00:00,DEV_003,9,3,47,23
DEV_003_2024-09-13 16:00:00,2024-09-13 16:00:00,DEV_003,95,37,67,94
DEV_003_2024-09-13 17:00:00,2024-09-13 17:00:00,DEV_003,72,79,91,59
DEV_003_2024-09-13 18:00:00,2024-09-13 18:00:00,DEV_003,29,21,6,64
DEV_003_2024-09-13 19:00:00,2024-09-13 19:00:00,DEV_003,93,86,4,90
DEV_003_2024-09-13 20:00:00,2024-09-13 20:00:00,DEV_003,98,95,61,10
DEV_003_2024-09-13 21:00:00,2024-09-13 21:00:00,DEV_003,66,8,58,13
DEV_003_2024-09-13 22:00:00,2024-09-13 22:00:00,DEV_003,27,70,78,42
DEV_003_2024-09-13 23:00:00,2024-09-13 23:00:00,DEV_003,15,35,30,59
DEV_003_2024-09-14 00:00:00,2024-09-14 00:00:00,DEV_003,12,55,57,36
DEV_003_2024-09-14 01:00:00,2024-09-14 01:00:00,DEV_003,42,41,43,10
DEV_003_2024-09-14 02:00:00,2024-09-14 02:00:00,DEV_003,49,49,88,92
DEV_003_2024-09-14 03:00:00,2024-09-14 03:00:00,DEV_003,90,71,70,81
DEV_003_2024-09-14 04:00:00,2024-09-14 04:00:00,DEV_003,96,9,26,85
DEV_003_2024-09-14 05:00:00,2024-09-14 05:00:00,DEV_003,74,72,81,69
DEV_003_2024-09-14 06:00:00,2024-09-14 06:00:00,DEV_003,66,35,36,21
DEV_003_2024-09-14 07:00:00,2024-09-14 07:00:00,DEV_003,90,76,9,62
DEV_003_2024-09-14 08:00:00,2024-09-14 08:00:00,DEV_003,55,16,5,85
DEV_003_2024-09-14 09:00:00,2024-09-14 09:00:00,DEV_003,46,76,42,82
DEV_003_2024-09-14 10:00:00,2024-09-14 10:00:00,DEV_003,36,49,35,45
DEV_003_2024-09-14 11:00:00,2024-09-14 11:00:00,DEV_003,66,34,37,53
DEV_003_2024-09-14 12:00:00,2024-09-14 12:00:00,DEV_003,71,46,68,6
DEV_003_2024-09-14 13:00:00,2024-09-14 13:00:00,DEV_003,18,49,77,31
DEV_003_2024-09-14 14:00:00,2024-09-14 14:00:00,DEV_003,96,35,25,51
DEV_003_2024-09-14 15:00:00,2024-09-14 15:00:00,DEV_003,92,67,29,11
DEV_003_2024-09-14 16:00:00,2024-09-14 16:00:00,DEV_003,96,71,64,82
DEV_003_2024-09-14 17:00:00,2024-09-14 17:00:00,DEV_003,96,98,4,19
DEV_003_2024-09-14 18:00:00,2024-09-14 18:00:00,DEV_003,37,36,95,14
DEV_003_2024-09-14 19:00:00,2024-09-14 19:00:00,DEV_003,68,95,2,43
DEV_003_2024-09-14 20:00:00,2024-09-14 20:00:00,DEV_003,45,96,69,70
DEV_003_2024-09-14 21:00:00,2024-09-14 21:00:00,DEV_003,23,24,61,53
DEV_003_2024-09-14 22:00:00,2024-09-14 22:00:00,DEV_003,66,79,70,15
DEV_003_2024-09-14 23:00:00,2024-09-14 23:00:00,DEV_003,31,79,11,87
DEV_003_2024-09-15 00:00:00,2024-09-15 00:00:00,DEV_003,32,43,96,58
DEV_003_2024-09-15 01:00:00,2024-09-15 01:00:00,DEV_003,52,74,9,96
DEV_003_2024-09-15 02:00:00,2024-09-15 02:00:00,DEV_003,81,90,60,34
DEV_003_2024-09-15 03:00:00,2024-09-15 03:00:00,DEV_003,44,3,96,84
DEV_003_2024-09-15 04:00:00,2024-09-15 04:00:00,DEV_003,75,76,15,94
DEV_003_2024-09-15 05:00:00,2024-09-15 05:00:00,DEV_003,99,32,81,51
DEV_003_2024-09-15 06:00:00,2024-09-15 06:00:00,DEV_003,80,32,28,49
DEV_003_2024-09-15 07:00:00,2024-09-15 07:00:00,DEV_003,39,24,36,78
DEV_003_2024-09-15 08:00:00,2024-09-15 08:00:00,DEV_003,95,19,39,47
DEV_003_2024-09-15 09:00:00,2024-09-15 09:00:00,DEV_003,25,83,20,28
DEV_003_2024-09-15 10:00:00,2024-09-15 10:00:00,DEV_003,46,12,10,87
DEV_003_2024-09-15 11:00:00,2024-09-15 11:00:00,DEV_003,18,29,97,48
DEV_003_2024-09-15 12:00:00,2024-09-15 12:00:00,DEV_003,63,58,32,91
DEV_003_2024-09-15 13:00:00,2024-09-15 13:00:00,DEV_003,41,33,5,4
DEV_003_2024-09-15 14:00:00,2024-09-15 14:00:00,DEV_003,34,75,97,28
DEV_003_2024-09-15 15:00:00,2024-09-15 15:00:00,DEV_003,69,36,13,77
DEV_003_2024-09-15 16:00:00,2024-09-15 16:00:00,DEV_003,20,29,66,16
DEV_003_2024-09-15 17:00:00,2024-09-15 17:00:00,DEV_003,35,7,7,40
DEV_003_2024-09-15 18:00:00,2024-09-15 18:00:00,DEV_003,44,12,37,47
DEV_003_2024-09-15 19:00:00,2024-09-15 19:00:00,DEV_003,83,97,15,62
DEV_003_2024-09-15 20:00:00,2024-09-15 20:00:00,DEV_003,17,88,70,9
DEV_003_2024-09-15 21:00:00,2024-09-15 21:00:00,DEV_003,17,37,3,64
DEV_003_2024-09-15 22:00:00,2024-09-15 22:00:00,DEV_003,16,96,64,9
DEV_003_2024-09-15 23:00:00,2024-09-15 23:00:00,DEV_003,58,61,29,25
DEV_003_2024-09-16 00:00:00,2024-09-16 00:00:00,DEV_003,20,85,67,18
DEV_003_2024-09-16 01:00:00,2024-09-16 01:00:00,DEV_003,70,40,24,64
DEV_003_2024-09-16 02:00:00,2024-09-16 02:00:00,DEV_003,79,20,59,27
DEV_003_2024-09-16 03:00:00,2024-09-16 03:00:00,DEV_003,14,52,34,33
DEV_003_2024-09-16 04:00:00,2024-09-16 04:00:00,DEV_003,7,18,60,4
DEV_003_2024-09-16 05:00:00,2024-09-16 05:00:00,DEV_003,28,23,66,61
DEV_003_2024-09-16 06:00:00,2024-09-16 06:00:00,DEV_003,6,65,38,98
DEV_003_2024-09-16 07:00:00,2024-09-16 07:00:00,DEV_003,82,81,5,21
DEV_003_2024-09-16 08:00:00,2024-09-16 08:00:00,DEV_003,29,40,14,47
DEV_003_2024-09-16 09:00:00,2024-09-16 09:00:00,DEV_003,48,96,38,20
DEV_003_2024-09-16 10:00:00,2024-09-16 10:00:00,DEV_003,71,84,83,32
DEV_003_2024-09-16 11:00:00,2024-09-16 11:00:00,DEV_003,66,51,9,28
DEV_003_2024-09-16 12:00:00,2024-09-16 12:00:00,DEV_003,42,35,38,61
DEV_003_2024-09-16 13:00:00,2024-09-16 13:00:00,DEV_003,83,67,89,56
DEV_003_2024-09-16 14:00:00,2024-09-16 14:00:00,DEV_003,77,76,86,2
DEV_003_2024-09-16 15:00:00,2024-09-16 15:00:00,DEV_003,65,56,12,8
DEV_003_2024-09-16 16:00:00,2024-09-16 16:00:00,DEV_003,51,3,44,60
DEV_003_2024-09-16 17:00:00,2024-09-16 17:00:00,DEV_003,6,53,97,39
DEV_003_2024-09-16 18:00:00,2024-09-16 18:00:00,DEV_003,36,68,70,56
DEV_003_2024-09-16 19:00:00,2024-09-16 19:00:00,DEV_003,37,10,57,7
DEV_003_2024-09-16 20:00:00,2024-09-16 20:00:00,DEV_003,40,94,54,94
DEV_003_2024-09-16 21:00:00,2024-09-16 21:00:00,DEV_003,65,27,18,65
DEV_003_2024-09-16 22:00:00,2024-09-16 22:00:00,DEV_003,23,89,97,9
DEV_003_2024-09-16 23:00:00,2024-09-16 23:00:00,DEV_003,90,16,68,87
DEV_003_2024-09-17 00:00:00,2024-09-17 00:00:00,DEV_003,26,6,94,75
DEV_003_2024-09-17 01:00:00,2024-09-17 01:00:00,DEV_003,98,52,48,61
DEV_003_2024-09-17 02:00:00,2024-09-17 02:00:00,DEV_003,11,33,83,29
DEV_003_2024-09-17 03:00:00,2024-09-17 03:00:00,DEV_003,6,54,57,43
DEV_003_2024-09-17 04:00:00,2024-09-17 04:00:00,DEV_003,37,55,27,5
DEV_003_2024-09-17 05:00:00,2024-09-17 05:00:00,DEV_003,9,70,24,6
DEV_003_2024-09-17 06:00:00,2024-09-17 06:00:00,DEV_003,74,49,12,70
DEV_003_2024-09-17 07:00:00,2024-09-17 07:00:00,DEV_003,31,5,71,69
DEV_003_2024-09-17 08:00:00,2024-09-17 08:00:00,DEV_003,39,83,11,31
DEV_003_2024-09-17 09:00:00,2024-09-17 09:00:00,DEV_003,77,71,49,98
DEV_003_2024-09-17 10:00:00,2024-09-17 10:00:00,DEV_003,73,88,41,70
DEV_003_2024-09-17 11:00:00,2024-09-17 11:00:00,DEV_003,12,88,14,46
DEV_003_2024-09-17 12:00:00,2024-09-17 12:00:00,DEV_003,68,88,73,77
DEV_003_2024-09-17 13:00:00,2024-09-17 13:00:00,DEV_003,41,69,26,69
DEV_003_2024-09-17 14:00:00,2024-09-17 14:00:00,DEV_003,13,3,94,22
DEV_003_2024-09-17 15:00:00,2024-09-17 15:00:00,DEV_003,31,43,8,99
DEV_003_2024-09-17 16:00:00,2024-09-17 16:00:00,DEV_003,15,91,81,52
DEV_003_2024-09-17 17:00:00,2024-09-17 17:00:00,DEV_003,14,58,64,32
DEV_003_2024-09-17 18:00:00,2024-09-17 18:00:00,DEV_003,31,54,83,75
DEV_003_2024-09-17 19:00:00,2024-09-17 19:00:00,DEV_003,89,45,38,56
DEV_003_2024-09-17 20:00:00,2024-09-17 20:00:00,DEV_003,48,79,14,11
DEV_003_2024-09-17 21:00:00,2024-09-17 21:00:00,DEV_003,17,74,43,77
DEV_003_2024-09-17 22:00:00,2024-09-17 22:00:00,DEV_003,96,19,15,5
DEV_003_2024-09-17 23:00:00,2024-09-17 23:00:00,DEV_003,79,5,64,65
DEV_003_2024-09-18 00:00:00,2024-09-18 00:00:00,DEV_003,8,38,39,47
DEV_003_2024-09-18 01:00:00,2024-09-18 01:00:00,DEV_003,94,6,82,12
DEV_003_2024-09-18 02:00:00,2024-09-18 02:00:00,DEV_003,8,4,40,45
DEV_003_2024-09-18 03:00:00,2024-09-18 03:00:00,DEV_003,70,1,76,27
DEV_003_2024-09-18 04:00:00,2024-09-18 04:00:00,DEV_003,3,33,69,68
DEV_003_2024-09-18 05:00:00,2024-09-18 05:00:00,DEV_003,31,40,62,98
DEV_003_2024-09-18 06:00:00,2024-09-18 06:00:00,DEV_003,46,71,67,83
DEV_003_2024-09-18 07:00:00,2024-09-18 07:00:00,DEV_003,89,87,50,3
DEV_003_2024-09-18 08:00:00,2024-09-18 08:00:00,DEV_003,61,63,97,37
DEV_003_2024-09-18 09:00:00,2024-09-18 09:00:00,DEV_003,58,91,9,27
DEV_003_2024-09-18 10:00:00,2024-09-18 10:00:00,DEV_003,89,91,15,73
DEV_003_2024-09-18 11:00:00,2024-09-18 11:00:00,DEV_003,81,46,68,62
DEV_003_2024-09-18 12:00:00,2024-09-18 12:00:00,DEV_003,91,38,5,29
DEV_003_2024-09-18 13:00:00,2024-09-18 13:00:00,DEV_003,77,18,1,32
DEV_003_2024-09-18 14:00:00,2024-09-18 14:00:00,DEV_003,89,27,89,70
DEV_003_2024-09-18 15:00:00,2024-09-18 15:00:00,DEV_003,57,53,79,89
DEV_003_2024-09-18 16:00:00,2024-09-18 16:00:00,DEV_003,2,38,6,59
DEV_003_2024-09-18 17:00:00,2024-09-18 17:00:00,DEV_003,45,21,8,4
DEV_003_2024-09-18 18:00:00,2024-09-18 18:00:00,DEV_003,81,13,54,70
DEV_003_2024-09-18 19:00:00,2024-09-18 19:00:00,DEV_003,51,57,86,69
DEV_003_2024-09-18 20:00:00,2024-09-18 20:00:00,DEV_003,5,68,80,49
DEV_003_2024-09-18 21:00:00,2024-09-18 21:00:00,DEV_003,75,87,43,41
DEV_003_2024-09-18 22:00:00,2024-09-18 22:00:00,DEV_003,62,59,93,44
DEV_003_2024-09-18 23:00:00,2024-09-18 23:00:00,DEV_003,59,60,53,38
DEV_003_2024-09-19 00:00:00,2024-09-19 00:00:00,DEV_003,75,99,29,22
DEV_003_2024-09-19 01:00:00,2024-09-19 01:00:00,DEV_003,25,63,73,64
DEV_003_2024-09-19 02:00:00,2024-09-19 02:00:00,DEV_003,28,31,49,44
DEV_003_2024-09-19 03:00:00,2024-09-19 03:00:00,DEV_003,61,33,23,13
DEV_003_2024-09-19 04:00:00,2024-09-19 04:00:00,DEV_003,87,77,71,8
DEV_003_2024-09-19 05:00:00,2024-09-19 05:00:00,DEV_003,51,78,59,43
DEV_003_2024-09-19 06:00:00,2024-09-19 06:00:00,DEV_003,28,19,4,62
DEV_003_2024-09-19 07:00:00,2024-09-19 07:00:00,DEV_003,91,78,55,54
DEV_003_2024-09-19 08:00:00,2024-09-19 08:00:00,DEV_003,61,81,68,14
DEV_003_2024-09-19 09:00:00,2024-09-19 09:00:00,DEV_003,14,52,27,13
DEV_003_2024-09-19 10:00:00,2024-09-19 10:00:00,DEV_003,48,19,9,40
DEV_003_2024-09-19 11:00:00,2024-09-19 11:00:00,DEV_003,49,24,33,26
DEV_003_2024-09-19 12:00:00,2024-09-19 12:00:00,DEV_003,97,45,77,38
DEV_003_2024-09-19 13:00:00,2024-09-19 13:00:00,DEV_003,23,86,94,19
DEV_003_2024-09-19 14:00:00,2024-09-19 14:00:00,DEV_003,66,59,81,98
DEV_003_2024-09-19 15:00:00,2024-09-19 15:00:00,DEV_003,81,17,51,77
DEV_003_2024-09-19 16:00:00,2024-09-19 16:00:00,DEV_003,7,88,39,96
DEV_003_2024-09-19 17:00:00,2024-09-19 17:00:00,DEV_003,60,76,63,3
DEV_003_2024-09-19 18:00:00,2024-09-19 18:00:00,DEV_003,60,32,54,25
DEV_003_2024-09-19 19:00:00,2024-09-19 19:00:00,DEV_003,51,26,80,50
DEV_003_2024-09-19 20:00:00,2024-09-19 20:00:00,DEV_003,68,30,60,5
DEV_003_2024-09-19 21:00:00,2024-09-19 21:00:00,DEV_003,20,2,45,57
DEV_003_2024-09-19 22:00:00,2024-09-19 22:00:00,DEV_003,11,17,67,31
DEV_003_2024-09-19 23:00:00,2024-09-19 23:00:00,DEV_003,89,97,90,22
DEV_003_2024-09-20 00:00:00,2024-09-20 00:00:00,DEV_003,57,84,37,48
DEV_003_2024-09-20 01:00:00,2024-09-20 01:00:00,DEV_003,83,46,95,93
DEV_003_2024-09-20 02:00:00,2024-09-20 02:00:00,DEV_003,72,47,35,71
DEV_003_2024-09-20 03:00:00,2024-09-20 03:00:00,DEV_003,24,27,87,17
DEV_003_2024-09-20 04:00:00,2024-09-20 04:00:00,DEV_003,26,34,52,48
DEV_003_2024-09-20 05:00:00,2024-09-20 05:00:00,DEV_003,18,20,97,26
DEV_003_2024-09-20 06:00:00,2024-09-20 06:00:00,DEV_003,25,98,75,49
DEV_003_2024-09-20 07:00:00,2024-09-20 07:00:00,DEV_003,72,95,68,44
DEV_003_2024-09-20 08:00:00,2024-09-20 08:00:00,DEV_003,56,57,19,72
DEV_003_2024-09-20 09:00:00,2024-09-20 09:00:00,DEV_003,44,52,36,48
DEV_003_2024-09-20 10:00:00,2024-09-20 10:00:00,DEV_003,2,72,35,24
DEV_003_2024-09-20 11:00:00,2024-09-20 11:00:00,DEV_003,70,81,54,73
DEV_003_2024-09-20 12:00:00,2024-09-20 12:00:00,DEV_003,35,95,29,22
DEV_003_2024-09-20 13:00:00,2024-09-20 13:00:00,DEV_003,25,47,45,32
DEV_003_2024-09-20 14:00:00,2024-09-20 14:00:00,DEV_003,46,39,5,68
DEV_003_2024-09-20 15:00:00,2024-09-20 15:00:00,DEV_003,41,7,43,30
DEV_003_2024-09-20 16:00:00,2024-09-20 16:00:00,DEV_003,95,78,54,37
DEV_003_2024-09-20 17:00:00,2024-09-20 17:00:00,DEV_003,20,59,36,2
DEV_003_2024-09-20 18:00:00,2024-09-20 18:00:00,DEV_003,74,12,7,72
DEV_003_2024-09-20 19:00:00,2024-09-20 19:00:00,DEV_003,56,34,52,46
DEV_003_2024-09-20 20:00:00,2024-09-20 20:00:00,DEV_003,33,4,12,62
DEV_003_2024-09-20 21:00:00,2024-09-20 21:00:00,DEV_003,28,63,66,69
DEV_003_2024-09-20 22:00:00,2024-09-20 22:00:00,DEV_003,80,32,35,20
DEV_003_2024-09-20 23:00:00,2024-09-20 23:00:00,DEV_003,55,35,42,38
DEV_003_2024-09-21 00:00:00,2024-09-21 00:00:00,DEV_003,22,53,57,40
DEV_003_2024-09-21 01:00:00,2024-09-21 01:00:00,DEV_003,12,5,32,46
DEV_003_2024-09-21 02:00:00,2024-09-21 02:00:00,DEV_003,34,21,12,73
DEV_003_2024-09-21 03:00:00,2024-09-21 03:00:00,DEV_003,64,7,89,1
DEV_003_2024-09-21 04:00:00,2024-09-21 04:00:00,DEV_003,56,75,61,26
DEV_003_2024-09-21 05:00:00,2024-09-21 05:00:00,DEV_003,40,59,8,45
DEV_003_2024-09-21 06:00:00,2024-09-21 06:00:00,DEV_003,72,53,95,4
DEV_003_2024-09-21 07:00:00,2024-09-21 07:00:00,DEV_003,59,29,59,48
DEV_003_2024-09-21 08:00:00,2024-09-21 08:00:00,DEV_003,44,75,62,18
DEV_003_2024-09-21 09:00:00,2024-09-21 09:00:00,DEV_003,35,84,51,95
DEV_003_2024-09-21 10:00:00,2024-09-21 10:00:00,DEV_003,39,88,54,85
DEV_003_2024-09-21 11:00:00,2024-09-21 11:00:00,DEV_003,72,13,52,56
DEV_003_2024-09-21 12:00:00,2024-09-21 12:00:00,DEV_003,31,18,28,48
DEV_003_2024-09-21 13:00:00,2024-09-21 13:00:00,DEV_003,96,73,82,36
DEV_003_2024-09-21 14:00:00,2024-09-21 14:00:00,DEV_003,13,21,55,12
DEV_003_2024-09-21 15:00:00,2024-09-21 15:00:00,DEV_003,81,8,69,50
DEV_003_2024-09-21 16:00:00,2024-09-21 16:00:00,DEV_003,71,45,21,67
DEV_003_2024-09-21 17:00:00,2024-09-21 17:00:00,DEV_003,64,92,1,77
DEV_003_2024-09-21 18:00:00,2024-09-21 18:00:00,DEV_003,74,15,50,18
DEV_003_2024-09-21 19:00:00,2024-09-21 19:00:00,DEV_003,86,57,3,74
DEV_003_2024-09-21 20:00:00,2024-09-21 20:00:00,DEV_003,59,18,46,65
DEV_003_2024-09-21 21:00:00,2024-09-21 21:00:00,DEV_003,7,67,2,51
DEV_003_2024-09-21 22:00:00,2024-09-21 22:00:00,DEV_003,2,64,22,16
DEV_003_2024-09-21 23:00:00,2024-09-21 23:00:00,DEV_003,27,71,63,53
DEV_003_2024-09-22 00:00:00,2024-09-22 00:00:00,DEV_003,18,75,87,74
DEV_003_2024-09-22 01:00:00,2024-09-22 01:00:00,DEV_003,95,44,57,79
DEV_003_2024-09-22 02:00:00,2024-09-22 02:00:00,DEV_003,68,74,48,91
DEV_003_2024-09-22 03:00:00,2024-09-22 03:00:00,DEV_003,64,23,70,48
DEV_003_2024-09-22 04:00:00,2024-09-22 04:00:00,DEV_003,91,11,53,46
DEV_003_2024-09-22 05:00:00,2024-09-22 05:00:00,DEV_003,23,51,81,2
DEV_003_2024-09-22 06:00:00,2024-09-22 06:00:00,DEV_003,15,90,74,30
DEV_003_2024-09-22 07:00:00,2024-09-22 07:00:00,DEV_003,71,78,93,65
DEV_003_2024-09-22 08:00:00,2024-09-22 08:00:00,DEV_003,86,17,18,83
DEV_003_2024-09-22 09:00:00,2024-09-22 09:00:00,DEV_003,20,8,48,31
DEV_003_2024-09-22 10:00:00,2024-09-22 10:00:00,DEV_003,6,74,35,11
DEV_003_2024-09-22 11:00:00,2024-09-22 11:00:00,DEV_003,25,85,27,79
DEV_003_2024-09-22 12:00:00,2024-09-22 12:00:00,DEV_003,82,22,55,74
DEV_003_2024-09-22 13:00:00,2024-09-22 13:00:00,DEV_003,54,79,95,29
DEV_003_2024-09-22 14:00:00,2024-09-22 14:00:00,DEV_003,65,82,15,21
DEV_003_2024-09-22 15:00:00,2024-09-22 15:00:00,DEV_003,85,45,86,25
DEV_003_2024-09-22 16:00:00,2024-09-22 16:00:00,DEV_003,83,8,40,99
DEV_003_2024-09-22 17:00:00,2024-09-22 17:00:00,DEV_003,63,94,69,49
DEV_003_2024-09-22 18:00:00,2024-09-22 18:00:00,DEV_003,36,38,65,76
DEV_003_2024-09-22 19:00:00,2024-09-22 19:00:00,DEV_003,76,41,1,61
DEV_003_2024-09-22 20:00:00,2024-09-22 20:00:00,DEV_003,18,35,35,99
DEV_003_2024-09-22 21:00:00,2024-09-22 21:00:00,DEV_003,59,44,38,22
DEV_003_2024-09-22 22:00:00,2024-09-22 22:00:00,DEV_003,48,80,73,93
DEV_003_2024-09-22 23:00:00,2024-09-22 23:00:00,DEV_003,90,5,51,90
DEV_003_2024-09-23 00:00:00,2024-09-23 00:00:00,DEV_003,64,66,83,81
DEV_003_2024-09-23 01:00:00,2024-09-23 01:00:00,DEV_003,32,83,18,99
DEV_003_2024-09-23 02:00:00,2024-09-23 02:00:00,DEV_003,46,38,13,19
DEV_003_2024-09-23 03:00:00,2024-09-23 03:00:00,DEV_003,34,33,80,3
DEV_003_2024-09-23 04:00:00,2024-09-23 04:00:00,DEV_003,48,91,37,18
DEV_003_2024-09-23 05:00:00,2024-09-23 05:00:00,DEV_003,3,61,2,36
DEV_003_2024-09-23 06:00:00,2024-09-23 06:00:00,DEV_003,74,44,3,37
DEV_003_2024-09-23 07:00:00,2024-09-23 07:00:00,DEV_003,19,63,23,53
DEV_003_2024-09-23 08:00:00,2024-09-23 08:00:00,DEV_003,46,7,75,6
DEV_003_2024-09-23 09:00:00,2024-09-23 09:00:00,DEV_003,42,4,82,88
DEV_003_2024-09-23 10:00:00,2024-09-23 10:00:00,DEV_003,20,1,51,61
DEV_003_2024-09-23 11:00:00,2024-09-23 11:00:00,DEV_003,18,41,93,54
DEV_003_2024-09-23 12:00:00,2024-09-23 12:00:00,DEV_003,86,96,31,81
DEV_003_2024-09-23 13:00:00,2024-09-23 13:00:00,DEV_003,59,23,84,82
DEV_003_2024-09-23 14:00:00,2024-09-23 14:00:00,DEV_003,25,45,30,19
DEV_003_2024-09-23 15:00:00,2024-09-23 15:00:00,DEV_003,84,51,33,79
DEV_003_2024-09-23 16:00:00,2024-09-23 16:00:00,DEV_003,48,90,71,39
DEV_003_2024-09-23 17:00:00,2024-09-23 17:00:00,DEV_003,63,24,47,68
DEV_003_2024-09-23 18:00:00,2024-09-23 18:00:00,DEV_003,58,57,86,61
DEV_003_2024-09-23 19:00:00,2024-09-23 19:00:00,DEV_003,17,11,70,38
DEV_003_2024-09-23 20:00:00,2024-09-23 20:00:00,DEV_003,46,5,6,78
DEV_003_2024-09-23 21:00:00,2024-09-23 21:00:00,DEV_003,87,13,55,42
DEV_003_2024-09-23 22:00:00,2024-09-23 22:00:00,DEV_003,35,9,69,36
DEV_003_2024-09-23 23:00:00,2024-09-23 23:00:00,DEV_003,11,67,28,40
DEV_003_2024-09-24 00:00:00,2024-09-24 00:00:00,DEV_003,77,57,15,42
DEV_003_2024-09-24 01:00:00,2024-09-24 01:00:00,DEV_003,83,50,20,75
DEV_003_2024-09-24 02:00:00,2024-09-24 02:00:00,DEV_003,55,66,94,25
DEV_003_2024-09-24 03:00:00,2024-09-24 03:00:00,DEV_003,83,20,5,50
DEV_003_2024-09-24 04:00:00,2024-09-24 04:00:00,DEV_003,7,68,87,96
DEV_003_2024-09-24 05:00:00,2024-09-24 05:00:00,DEV_003,86,69,5,71
DEV_003_2024-09-24 06:00:00,2024-09-24 06:00:00,DEV_003,87,95,65,8
DEV_003_2024-09-24 07:00:00,2024-09-24 07:00:00,DEV_003,18,48,94,66
DEV_003_2024-09-24 08:00:00,2024-09-24 08:00:00,DEV_003,92,38,31,43
DEV_003_2024-09-24 09:00:00,2024-09-24 09:00:00,DEV_003,24,64,95,50
DEV_003_2024-09-24 10:00:00,2024-09-24 10:00:00,DEV_003,59,61,82,47
DEV_003_2024-09-24 11:00:00,2024-09-24 11:00:00,DEV_003,20,70,95,72
DEV_003_2024-09-24 12:00:00,2024-09-24 12:00:00,DEV_003,78,27,81,46
DEV_003_2024-09-24 13:00:00,2024-09-24 13:00:00,DEV_003,13,10,28,26
DEV_003_2024-09-24 14:00:00,2024-09-24 14:00:00,DEV_003,5,12,31,42
DEV_003_2024-09-24 15:00:00,2024-09-24 15:00:00,DEV_003,21,55,67,51
DEV_003_2024-09-24 16:00:00,2024-09-24 16:00:00,DEV_003,14,29,77,75
DEV_003_2024-09-24 17:00:00,2024-09-24 17:00:00,DEV_003,81,70,46,69
DEV_003_2024-09-24 18:00:00,2024-09-24 18:00:00,DEV_003,79,28,60,58
DEV_003_2024-09-24 19:00:00,2024-09-24 19:00:00,DEV_003,21,42,90,83
DEV_003_2024-09-24 20:00:00,2024-09-24 20:00:00,DEV_003,78,50,8,38
DEV_003_2024-09-24 21:00:00,2024-09-24 21:00:00,DEV_003,24,68,16,11
DEV_003_2024-09-24 22:00:00,2024-09-24 22:00:00,DEV_003,71,17,59,45
DEV_003_2024-09-24 23:00:00,2024-09-24 23:00:00,DEV_003,11,41,83,29
DEV_003_2024-09-25 00:00:00,2024-09-25 00:00:00,DEV_003,42,33,54,29
DEV_003_2024-09-25 01:00:00,2024-09-25 01:00:00,DEV_003,89,94,59,70
DEV_003_2024-09-25 02:00:00,2024-09-25 02:00:00,DEV_003,33,1,24,3
DEV_003_2024-09-25 03:00:00,2024-09-25 03:00:00,DEV_003,55,43,32,14
DEV_003_2024-09-25 04:00:00,2024-09-25 04:00:00,DEV_003,96,75,95,46
DEV_003_2024-09-25 05:00:00,2024-09-25 05:00:00,DEV_003,10,62,21,97
DEV_003_2024-09-25 06:00:00,2024-09-25 06:00:00,DEV_003,89,6,72,61
DEV_003_2024-09-25 07:00:00,2024-09-25 07:00:00,DEV_003,34,46,67,76
DEV_003_2024-09-25 08:00:00,2024-09-25 08:00:00,DEV_003,72,90,1,75
DEV_003_2024-09-25 09:00:00,2024-09-25 09:00:00,DEV_003,26,28,67,55
DEV_003_2024-09-25 10:00:00,2024-09-25 10:00:00,DEV_003,93,79,34,7
DEV_003_2024-09-25 11:00:00,2024-09-25 11:00:00,DEV_003,73,80,29,24
DEV_003_2024-09-25 12:00:00,2024-09-25 12:00:00,DEV_003,58,99,31,47
DEV_003_2024-09-25 13:00:00,2024-09-25 13:00:00,DEV_003,30,18,91,9
DEV_003_2024-09-25 14:00:00,2024-09-25 14:00:00,DEV_003,26,29,71,94
DEV_003_2024-09-25 15:00:00,2024-09-25 15:00:00,DEV_003,6,78,2,60
DEV_003_2024-09-25 16:00:00,2024-09-25 16:00:00,DEV_003,59,21,13,17
DEV_003_2024-09-25 17:00:00,2024-09-25 17:00:00,DEV_003,81,92,41,8
DEV_003_2024-09-25 18:00:00,2024-09-25 18:00:00,DEV_003,14,32,22,71
DEV_003_2024-09-25 19:00:00,2024-09-25 19:00:00,DEV_003,20,34,83,94
DEV_003_2024-09-25 20:00:00,2024-09-25 20:00:00,DEV_003,61,56,53,48
DEV_003_2024-09-25 21:00:00,2024-09-25 21:00:00,DEV_003,49,18,97,98
DEV_003_2024-09-25 22:00:00,2024-09-25 22:00:00,DEV_003,18,8,55,11
DEV_003_2024-09-25 23:00:00,2024-09-25 23:00:00,DEV_003,67,58,8,81
DEV_003_2024-09-26 00:00:00,2024-09-26 00:00:00,DEV_003,38,98,11,8
DEV_003_2024-09-26 01:00:00,2024-09-26 01:00:00,DEV_003,52,58,17,26
DEV_003_2024-09-26 02:00:00,2024-09-26 02:00:00,DEV_003,12,18,69,19
DEV_003_2024-09-26 03:00:00,2024-09-26 03:00:00,DEV_003,77,15,71,17
DEV_003_2024-09-26 04:00:00,2024-09-26 04:00:00,DEV_003,89,65,48,37
DEV_003_2024-09-26 05:00:00,2024-09-26 05:00:00,DEV_003,39,55,78,70
DEV_003_2024-09-26 06:00:00,2024-09-26 06:00:00,DEV_003,86,54,64,35
DEV_003_2024-09-26 07:00:00,2024-09-26 07:00:00,DEV_003,37,76,25,68
DEV_003_2024-09-26 08:00:00,2024-09-26 08:00:00,DEV_003,3,92,74,65
DEV_003_2024-09-26 09:00:00,2024-09-26 09:00:00,DEV_003,37,87,34,3
DEV_003_2024-09-26 10:00:00,2024-09-26 10:00:00,DEV_003,28,65,87,19
DEV_003_2024-09-26 11:00:00,2024-09-26 11:00:00,DEV_003,38,33,71,24
DEV_003_2024-09-26 12:00:00,2024-09-26 12:00:00,DEV_003,86,53,57,72
DEV_003_2024-09-26 13:00:00,2024-09-26 13:00:00,DEV_003,79,62,65,55
DEV_003_2024-09-26 14:00:00,2024-09-26 14:00:00,DEV_003,46,19,82,4
DEV_003_2024-09-26 15:00:00,2024-09-26 15:00:00,DEV_003,59,60,70,80
DEV_003_2024-09-26 16:00:00,2024-09-26 16:00:00,DEV_003,64,33,60,20
DEV_003_2024-09-26 17:00:00,2024-09-26 17:00:00,DEV_003,24,56,16,39
DEV_003_2024-09-26 18:00:00,2024-09-26 18:00:00,DEV_003,52,10,25,54
DEV_003_2024-09-26 19:00:00,2024-09-26 19:00:00,DEV_003,37,87,27,48
DEV_003_2024-09-26 20:00:00,2024-09-26 20:00:00,DEV_003,57,81,82,6
DEV_003_2024-09-26 21:00:00,2024-09-26 21:00:00,DEV_003,97,38,20,97
DEV_003_2024-09-26 22:00:00,2024-09-26 22:00:00,DEV_003,19,35,54,26
DEV_003_2024-09-26 23:00:00,2024-09-26 23:00:00,DEV_003,97,55,32,99
DEV_003_2024-09-27 00:00:00,2024-09-27 00:00:00,DEV_003,50,70,30,60
DEV_003_2024-09-27 01:00:00,2024-09-27 01:00:00,DEV_003,23,8,64,55
DEV_003_2024-09-27 02:00:00,2024-09-27 02:00:00,DEV_003,45,55,52,80
DEV_003_2024-09-27 03:00:00,2024-09-27 03:00:00,DEV_003,68,52,67,45
DEV_003_2024-09-27 04:00:00,2024-09-27 04:00:00,DEV_003,51,85,48,37
DEV_003_2024-09-27 05:00:00,2024-09-27 05:00:00,DEV_003,47,9,84,52
DEV_003_2024-09-27 06:00:00,2024-09-27 06:00:00,DEV_003,93,59,79,49
DEV_003_2024-09-27 07:00:00,2024-09-27 07:00:00,DEV_003,84,36,94,25
DEV_003_2024-09-27 08:00:00,2024-09-27 08:00:00,DEV_003,84,15,84,38
DEV_003_2024-09-27 09:00:00,2024-09-27 09:00:00,DEV_003,28,62,69,59
DEV_003_2024-09-27 10:00:00,2024-09-27 10:00:00,DEV_003,17,58,74,14
DEV_003_2024-09-27 11:00:00,2024-09-27 11:00:00,DEV_003,88,15,71,3
DEV_003_2024-09-27 12:00:00,2024-09-27 12:00:00,DEV_003,85,25,32,81
DEV_003_2024-09-27 13:00:00,2024-09-27 13:00:00,DEV_003,23,4,72,70
DEV_003_2024-09-27 14:00:00,2024-09-27 14:00:00,DEV_003,16,10,53,66
DEV_003_2024-09-27 15:00:00,2024-09-27 15:00:00,DEV_003,21,77,86,13
DEV_003_2024-09-27 16:00:00,2024-09-27 16:00:00,DEV_003,18,49,80,63
DEV_003_2024-09-27 17:00:00,2024-09-27 17:00:00,DEV_003,62,69,39,58
DEV_003_2024-09-27 18:00:00,2024-09-27 18:00:00,DEV_003,8,61,58,35
DEV_003_2024-09-27 19:00:00,2024-09-27 19:00:00,DEV_003,54,73,46,24
DEV_003_2024-09-27 20:00:00,2024-09-27 20:00:00,DEV_003,23,82,84,38
DEV_003_2024-09-27 21:00:00,2024-09-27 21:00:00,DEV_003,59,19,1,7
DEV_003_2024-09-27 22:00:00,2024-09-27 22:00:00,DEV_003,98,72,15,38
DEV_003_2024-09-27 23:00:00,2024-09-27 23:00:00,DEV_003,31,71,84,53
DEV_003_2024-09-28 00:00:00,2024-09-28 00:00:00,DEV_003,15,11,3,71
DEV_003_2024-09-28 01:00:00,2024-09-28 01:00:00,DEV_003,14,96,29,3
DEV_003_2024-09-28 02:00:00,2024-09-28 02:00:00,DEV_003,18,22,71,19
DEV_003_2024-09-28 03:00:00,2024-09-28 03:00:00,DEV_003,49,10,29,95
DEV_003_2024-09-28 04:00:00,2024-09-28 04:00:00,DEV_003,62,26,90,51
DEV_003_2024-09-28 05:00:00,2024-09-28 05:00:00,DEV_003,10,33,18,72
DEV_003_2024-09-28 06:00:00,2024-09-28 06:00:00,DEV_003,70,74,58,48
DEV_003_2024-09-28 07:00:00,2024-09-28 07:00:00,DEV_003,95,68,87,44
DEV_003_2024-09-28 08:00:00,2024-09-28 08:00:00,DEV_003,98,64,69,65
DEV_003_2024-09-28 09:00:00,2024-09-28 09:00:00,DEV_003,14,43,58,71
DEV_003_2024-09-28 10:00:00,2024-09-28 10:00:00,DEV_003,20,63,33,87
DEV_003_2024-09-28 11:00:00,2024-09-28 11:00:00,DEV_003,92,45,5,7
DEV_003_2024-09-28 12:00:00,2024-09-28 12:00:00,DEV_003,69,11,23,78
DEV_003_2024-09-28 13:00:00,2024-09-28 13:00:00,DEV_003,82,24,25,78
DEV_003_2024-09-28 14:00:00,2024-09-28 14:00:00,DEV_003,65,41,53,15
DEV_003_2024-09-28 15:00:00,2024-09-28 15:00:00,DEV_003,74,83,84,77
DEV_003_2024-09-28 16:00:00,2024-09-28 16:00:00,DEV_003,89,31,20,19
DEV_003_2024-09-28 17:00:00,2024-09-28 17:00:00,DEV_003,74,17,30,48
DEV_003_2024-09-28 18:00:00,2024-09-28 18:00:00,DEV_003,86,88,28,79
DEV_003_2024-09-28 19:00:00,2024-09-28 19:00:00,DEV_003,94,50,8,96
DEV_003_2024-09-28 20:00:00,2024-09-28 20:00:00,DEV_003,24,85,2,10
DEV_003_2024-09-28 21:00:00,2024-09-28 21:00:00,DEV_003,5,92,24,64
DEV_003_2024-09-28 22:00:00,2024-09-28 22:00:00,DEV_003,57,30,63,63
DEV_003_2024-09-28 23:00:00,2024-09-28 23:00:00,DEV_003,1,8,77,29
DEV_003_2024-09-29 00:00:00,2024-09-29 00:00:00,DEV_003,51,43,70,51
DEV_003_2024-09-29 01:00:00,2024-09-29 01:00:00,DEV_003,93,12,39,75
DEV_003_2024-09-29 02:00:00,2024-09-29 02:00:00,DEV_003,47,60,38,90
DEV_003_2024-09-29 03:00:00,2024-09-29 03:00:00,DEV_003,15,87,14,56
DEV_003_2024-09-29 04:00:00,2024-09-29 04:00:00,DEV_003,62,5,93,80
DEV_003_2024-09-29 05:00:00,2024-09-29 05:00:00,DEV_003,21,26,50,96
DEV_003_2024-09-29 06:00:00,2024-09-29 06:00:00,DEV_003,47,25,23,98
DEV_003_2024-09-29 07:00:00,2024-09-29 07:00:00,DEV_003,68,80,89,12
DEV_003_2024-09-29 08:00:00,2024-09-29 08:00:00,DEV_003,73,69,43,16
DEV_003_2024-09-29 09:00:00,2024-09-29 09:00:00,DEV_003,12,24,28,10
DEV_003_2024-09-29 10:00:00,2024-09-29 10:00:00,DEV_003,51,24,68,47
DEV_003_2024-09-29 11:00:00,2024-09-29 11:00:00,DEV_003,29,30,39,73
DEV_003_2024-09-29 12:00:00,2024-09-29 12:00:00,DEV_003,32,6,96,14
DEV_003_2024-09-29 13:00:00,2024-09-29 13:00:00,DEV_003,80,87,21,4
DEV_003_2024-09-29 14:00:00,2024-09-29 14:00:00,DEV_003,27,68,86,79
DEV_003_2024-09-29 15:00:00,2024-09-29 15:00:00,DEV_003,93,51,42,71
DEV_003_2024-09-29 16:00:00,2024-09-29 16:00:00,DEV_003,62,65,32,65
DEV_003_2024-09-29 17:00:00,2024-09-29 17:00:00,DEV_003,23,81,23,80
DEV_003_2024-09-29 18:00:00,2024-09-29 18:00:00,DEV_003,4,14,50,3
DEV_003_2024-09-29 19:00:00,2024-09-29 19:00:00,DEV_003,96,40,33,87
DEV_003_2024-09-29 20:00:00,2024-09-29 20:00:00,DEV_003,97,79,93,79
DEV_003_2024-09-29 21:00:00,2024-09-29 21:00:00,DEV_003,61,4,84,69
DEV_003_2024-09-29 22:00:00,2024-09-29 22:00:00,DEV_003,32,87,73,88
DEV_003_2024-09-29 23:00:00,2024-09-29 23:00:00,DEV_003,89,29,4,55
DEV_003_2024-09-30 00:00:00,2024-09-30 00:00:00,DEV_003,70,38,92,50
DEV_003_2024-09-30 01:00:00,2024-09-30 01:00:00,DEV_003,32,28,62,98
DEV_003_2024-09-30 02:00:00,2024-09-30 02:00:00,DEV_003,1,26,42,26
DEV_003_2024-09-30 03:00:00,2024-09-30 03:00:00,DEV_003,43,87,2,70
DEV_003_2024-09-30 04:00:00,2024-09-30 04:00:00,DEV_003,74,69,53,25
DEV_003_2024-09-30 05:00:00,2024-09-30 05:00:00,DEV_003,67,43,51,34
DEV_003_2024-09-30 06:00:00,2024-09-30 06:00:00,DEV_003,83,97,1,60
DEV_003_2024-09-30 07:00:00,2024-09-30 07:00:00,DEV_003,94,3,45,77
DEV_003_2024-09-30 08:00:00,2024-09-30 08:00:00,DEV_003,19,39,68,57
DEV_003_2024-09-30 09:00:00,2024-09-30 09:00:00,DEV_003,77,43,76,22
DEV_003_2024-09-30 10:00:00,2024-09-30 10:00:00,DEV_003,93,68,36,40
DEV_003_2024-09-30 11:00:00,2024-09-30 11:00:00,DEV_003,61,75,44,54
DEV_003_2024-09-30 12:00:00,2024-09-30 12:00:00,DEV_003,68,33,70,65
DEV_003_2024-09-30 13:00:00,2024-09-30 13:00:00,DEV_003,35,64,38,19
DEV_003_2024-09-30 14:00:00,2024-09-30 14:00:00,DEV_003,83,58,54,26
DEV_003_2024-09-30 15:00:00,2024-09-30 15:00:00,DEV_003,11,62,62,73
DEV_003_2024-09-30 16:00:00,2024-09-30 16:00:00,DEV_003,48,30,44,10
DEV_003_2024-09-30 17:00:00,2024-09-30 17:00:00,DEV_003,11,88,5,11
DEV_003_2024-09-30 18:00:00,2024-09-30 18:00:00,DEV_003,52,66,76,73
DEV_003_2024-09-30 19:00:00,2024-09-30 19:00:00,DEV_003,50,14,64,22
DEV_003_2024-09-30 20:00:00,2024-09-30 20:00:00,DEV_003,15,55,34,9
DEV_003_2024-09-30 21:00:00,2024-09-30 21:00:00,DEV_003,86,76,83,91
DEV_003_2024-09-30 22:00:00,2024-09-30 22:00:00,DEV_003,4,60,22,52
DEV_003_2024-09-30 23:00:00,2024-09-30 23:00:00,DEV_003,16,45,23,84
DEV_003_2024-10-01 00:00:00,2024-10-01 00:00:00,DEV_003,43,52,11,56
DEV_003_2024-10-01 01:00:00,2024-10-01 01:00:00,DEV_003,34,83,50,82
DEV_003_2024-10-01 02:00:00,2024-10-01 02:00:00,DEV_003,51,1,33,98
DEV_003_2024-10-01 03:00:00,2024-10-01 03:00:00,DEV_003,81,28,12,31
DEV_003_2024-10-01 04:00:00,2024-10-01 04:00:00,DEV_003,17,67,27,75
DEV_003_2024-10-01 05:00:00,2024-10-01 05:00:00,DEV_003,25,98,68,52
DEV_003_2024-10-01 06:00:00,2024-10-01 06:00:00,DEV_003,47,16,67,30
DEV_003_2024-10-01 07:00:00,2024-10-01 07:00:00,DEV_003,17,68,98,39
DEV_003_2024-10-01 08:00:00,2024-10-01 08:00:00,DEV_003,57,36,64,44
DEV_003_2024-10-01 09:00:00,2024-10-01 09:00:00,DEV_003,43,47,82,50
DEV_003_2024-10-01 10:00:00,2024-10-01 10:00:00,DEV_003,6,63,83,85
DEV_003_2024-10-01 11:00:00,2024-10-01 11:00:00,DEV_003,43,59,92,23
DEV_003_2024-10-01 12:00:00,2024-10-01 12:00:00,DEV_003,74,10,6,60
DEV_003_2024-10-01 13:00:00,2024-10-01 13:00:00,DEV_003,12,82,99,64
DEV_003_2024-10-01 14:00:00,2024-10-01 14:00:00,DEV_003,82,86,79,14
DEV_003_2024-10-01 15:00:00,2024-10-01 15:00:00,DEV_003,8,52,10,31
DEV_003_2024-10-01 16:00:00,2024-10-01 16:00:00,DEV_003,52,59,15,88
DEV_003_2024-10-01 17:00:00,2024-10-01 17:00:00,DEV_003,61,86,7,61
DEV_003_2024-10-01 18:00:00,2024-10-01 18:00:00,DEV_003,37,10,90,8
DEV_003_2024-10-01 19:00:00,2024-10-01 19:00:00,DEV_003,86,6,12,76
DEV_003_2024-10-01 20:00:00,2024-10-01 20:00:00,DEV_003,81,75,50,43
DEV_003_2024-10-01 21:00:00,2024-10-01 21:00:00,DEV_003,18,46,26,61
DEV_003_2024-10-01 22:00:00,2024-10-01 22:00:00,DEV_003,20,32,30,19
DEV_003_2024-10-01 23:00:00,2024-10-01 23:00:00,DEV_003,16,35,61,24
DEV_003_2024-10-02 00:00:00,2024-10-02 00:00:00,DEV_003,18,22,90,69
DEV_003_2024-10-02 01:00:00,2024-10-02 01:00:00,DEV_003,77,18,74,6
DEV_003_2024-10-02 02:00:00,2024-10-02 02:00:00,DEV_003,11,92,99,99
DEV_003_2024-10-02 03:00:00,2024-10-02 03:00:00,DEV_003,61,60,21,56
DEV_003_2024-10-02 04:00:00,2024-10-02 04:00:00,DEV_003,82,98,5,2
DEV_003_2024-10-02 05:00:00,2024-10-02 05:00:00,DEV_003,98,26,56,99
DEV_003_2024-10-02 06:00:00,2024-10-02 06:00:00,DEV_003,5,17,48,86
DEV_003_2024-10-02 07:00:00,2024-10-02 07:00:00,DEV_003,33,9,81,86
DEV_003_2024-10-02 08:00:00,2024-10-02 08:00:00,DEV_003,82,53,32,51
DEV_003_2024-10-02 09:00:00,2024-10-02 09:00:00,DEV_003,57,73,96,64
DEV_003_2024-10-02 10:00:00,2024-10-02 10:00:00,DEV_003,25,77,55,72
DEV_003_2024-10-02 11:00:00,2024-10-02 11:00:00,DEV_003,85,21,69,24
DEV_003_2024-10-02 12:00:00,2024-10-02 12:00:00,DEV_003,74,3,35,32
DEV_003_2024-10-02 13:00:00,2024-10-02 13:00:00,DEV_003,50,40,81,57
DEV_003_2024-10-02 14:00:00,2024-10-02 14:00:00,DEV_003,40,82,53,26
DEV_003_2024-10-02 15:00:00,2024-10-02 15:00:00,DEV_003,59,84,45,14
DEV_003_2024-10-02 16:00:00,2024-10-02 16:00:00,DEV_003,54,41,55,52
DEV_003_2024-10-02 17:00:00,2024-10-02 17:00:00,DEV_003,59,51,24,2
DEV_003_2024-10-02 18:00:00,2024-10-02 18:00:00,DEV_003,57,11,28,40
DEV_003_2024-10-02 19:00:00,2024-10-02 19:00:00,DEV_003,9,40,25,2
DEV_003_2024-10-02 20:00:00,2024-10-02 20:00:00,DEV_003,30,93,2,51
DEV_003_2024-10-02 21:00:00,2024-10-02 21:00:00,DEV_003,67,85,80,3
DEV_003_2024-10-02 22:00:00,2024-10-02 22:00:00,DEV_003,85,14,99,56
DEV_003_2024-10-02 23:00:00,2024-10-02 23:00:00,DEV_003,12,20,71,36
DEV_003_2024-10-03 00:00:00,2024-10-03 00:00:00,DEV_003,37,45,82,2
DEV_003_2024-10-03 01:00:00,2024-10-03 01:00:00,DEV_003,32,38,38,98
DEV_003_2024-10-03 02:00:00,2024-10-03 02:00:00,DEV_003,12,63,30,80
DEV_003_2024-10-03 03:00:00,2024-10-03 03:00:00,DEV_003,19,71,4,4
DEV_003_2024-10-03 04:00:00,2024-10-03 04:00:00,DEV_003,88,36,7,95
DEV_003_2024-10-03 05:00:00,2024-10-03 05:00:00,DEV_003,26,28,58,95
DEV_003_2024-10-03 06:00:00,2024-10-03 06:00:00,DEV_003,43,53,50,67
DEV_003_2024-10-03 07:00:00,2024-10-03 07:00:00,DEV_003,50,48,9,4
DEV_003_2024-10-03 08:00:00,2024-10-03 08:00:00,DEV_003,35,60,36,55
DEV_003_2024-10-03 09:00:00,2024-10-03 09:00:00,DEV_003,45,29,75,32
DEV_003_2024-10-03 10:00:00,2024-10-03 10:00:00,DEV_003,18,50,85,96
DEV_003_2024-10-03 11:00:00,2024-10-03 11:00:00,DEV_003,22,49,36,95
DEV_003_2024-10-03 12:00:00,2024-10-03 12:00:00,DEV_003,94,20,71,43
DEV_003_2024-10-03 13:00:00,2024-10-03 13:00:00,DEV_003,85,52,71,24
DEV_003_2024-10-03 14:00:00,2024-10-03 14:00:00,DEV_003,27,92,1,60
DEV_003_2024-10-03 15:00:00,2024-10-03 15:00:00,DEV_003,2,83,66,63
DEV_003_2024-10-03 16:00:00,2024-10-03 16:00:00,DEV_003,6,83,79,34
DEV_003_2024-10-03 17:00:00,2024-10-03 17:00:00,DEV_003,20,97,25,19
DEV_003_2024-10-03 18:00:00,2024-10-03 18:00:00,DEV_003,38,48,64,74
DEV_003_2024-10-03 19:00:00,2024-10-03 19:00:00,DEV_003,62,31,53,96
DEV_003_2024-10-03 20:00:00,2024-10-03 20:00:00,DEV_003,87,62,10,55
DEV_003_2024-10-03 21:00:00,2024-10-03 21:00:00,DEV_003,1,31,69,51
DEV_003_2024-10-03 22:00:00,2024-10-03 22:00:00,DEV_003,53,38,90,44
DEV_003_2024-10-03 23:00:00,2024-10-03 23:00:00,DEV_003,27,1,44,41
DEV_003_2024-10-04 00:00:00,2024-10-04 00:00:00,DEV_003,61,96,76,29
DEV_003_2024-10-04 01:00:00,2024-10-04 01:00:00,DEV_003,65,12,86,15
DEV_003_2024-10-04 02:00:00,2024-10-04 02:00:00,DEV_003,21,3,84,53
DEV_003_2024-10-04 03:00:00,2024-10-04 03:00:00,DEV_003,92,37,7,32
DEV_003_2024-10-04 04:00:00,2024-10-04 04:00:00,DEV_003,50,78,91,20
DEV_003_2024-10-04 05:00:00,2024-10-04 05:00:00,DEV_003,17,18,2,44
DEV_003_2024-10-04 06:00:00,2024-10-04 06:00:00,DEV_003,40,36,81,31
DEV_003_2024-10-04 07:00:00,2024-10-04 07:00:00,DEV_003,62,45,44,9
DEV_003_2024-10-04 08:00:00,2024-10-04 08:00:00,DEV_003,50,6,12,90
DEV_003_2024-10-04 09:00:00,2024-10-04 09:00:00,DEV_003,51,48,54,8
DEV_003_2024-10-04 10:00:00,2024-10-04 10:00:00,DEV_003,49,79,20,40
DEV_003_2024-10-04 11:00:00,2024-10-04 11:00:00,DEV_003,74,96,41,2
DEV_003_2024-10-04 12:00:00,2024-10-04 12:00:00,DEV_003,27,99,1,58
DEV_003_2024-10-04 13:00:00,2024-10-04 13:00:00,DEV_003,22,12,93,6
DEV_003_2024-10-04 14:00:00,2024-10-04 14:00:00,DEV_003,77,55,12,49
DEV_003_2024-10-04 15:00:00,2024-10-04 15:00:00,DEV_003,95,59,93,25
DEV_003_2024-10-04 16:00:00,2024-10-04 16:00:00,DEV_003,1,88,13,24
DEV_003_2024-10-04 17:00:00,2024-10-04 17:00:00,DEV_003,91,72,67,99
DEV_003_2024-10-04 18:00:00,2024-10-04 18:00:00,DEV_003,32,30,62,41
DEV_003_2024-10-04 19:00:00,2024-10-04 19:00:00,DEV_003,50,49,83,73
DEV_003_2024-10-04 20:00:00,2024-10-04 20:00:00,DEV_003,43,3,62,26
DEV_003_2024-10-04 21:00:00,2024-10-04 21:00:00,DEV_003,50,36,79,62
DEV_003_2024-10-04 22:00:00,2024-10-04 22:00:00,DEV_003,87,85,49,83
DEV_003_2024-10-04 23:00:00,2024-10-04 23:00:00,DEV_003,48,31,37,67
DEV_003_2024-10-05 00:00:00,2024-10-05 00:00:00,DEV_003,24,51,10,79
DEV_003_2024-10-05 01:00:00,2024-10-05 01:00:00,DEV_003,10,75,52,89
DEV_003_2024-10-05 02:00:00,2024-10-05 02:00:00,DEV_003,93,56,2,61
DEV_003_2024-10-05 03:00:00,2024-10-05 03:00:00,DEV_003,26,93,88,60
DEV_003_2024-10-05 04:00:00,2024-10-05 04:00:00,DEV_003,78,37,66,49
DEV_003_2024-10-05 05:00:00,2024-10-05 05:00:00,DEV_003,38,57,34,90
DEV_003_2024-10-05 06:00:00,2024-10-05 06:00:00,DEV_003,25,75,7,99
DEV_003_2024-10-05 07:00:00,2024-10-05 07:00:00,DEV_003,2,85,65,85
DEV_003_2024-10-05 08:00:00,2024-10-05 08:00:00,DEV_003,9,38,55,95
DEV_003_2024-10-05 09:00:00,2024-10-05 09:00:00,DEV_003,42,17,49,86
DEV_003_2024-10-05 10:00:00,2024-10-05 10:00:00,DEV_003,96,24,84,80
DEV_003_2024-10-05 11:00:00,2024-10-05 11:00:00,DEV_003,20,40,52,59
DEV_003_2024-10-05 12:00:00,2024-10-05 12:00:00,DEV_003,27,39,8,89
DEV_003_2024-10-05 13:00:00,2024-10-05 13:00:00,DEV_003,54,71,71,47
DEV_003_2024-10-05 14:00:00,2024-10-05 14:00:00,DEV_003,10,83,38,6
DEV_003_2024-10-05 15:00:00,2024-10-05 15:00:00,DEV_003,35,69,65,62
DEV_003_2024-10-05 16:00:00,2024-10-05 16:00:00,DEV_003,58,33,13,3
DEV_003_2024-10-05 17:00:00,2024-10-05 17:00:00,DEV_003,30,16,58,77
DEV_003_2024-10-05 18:00:00,2024-10-05 18:00:00,DEV_003,18,33,93,54
DEV_003_2024-10-05 19:00:00,2024-10-05 19:00:00,DEV_003,66,1,28,91
DEV_003_2024-10-05 20:00:00,2024-10-05 20:00:00,DEV_003,47,17,69,70
DEV_003_2024-10-05 21:00:00,2024-10-05 21:00:00,DEV_003,99,8,96,55
DEV_003_2024-10-05 22:00:00,2024-10-05 22:00:00,DEV_003,50,68,68,94
DEV_003_2024-10-05 23:00:00,2024-10-05 23:00:00,DEV_003,41,15,13,86
DEV_003_2024-10-06 00:00:00,2024-10-06 00:00:00,DEV_003,7,13,55,10
DEV_003_2024-10-06 01:00:00,2024-10-06 01:00:00,DEV_003,25,52,42,78
DEV_003_2024-10-06 02:00:00,2024-10-06 02:00:00,DEV_003,52,47,85,84
DEV_003_2024-10-06 03:00:00,2024-10-06 03:00:00,DEV_003,59,58,6,76
DEV_003_2024-10-06 04:00:00,2024-10-06 04:00:00,DEV_003,93,42,7,47
DEV_003_2024-10-06 05:00:00,2024-10-06 05:00:00,DEV_003,41,3,7,97
DEV_003_2024-10-06 06:00:00,2024-10-06 06:00:00,DEV_003,40,26,43,63
DEV_003_2024-10-06 07:00:00,2024-10-06 07:00:00,DEV_003,28,83,46,61
DEV_003_2024-10-06 08:00:00,2024-10-06 08:00:00,DEV_003,54,70,26,30
DEV_003_2024-10-06 09:00:00,2024-10-06 09:00:00,DEV_003,64,76,32,26
DEV_003_2024-10-06 10:00:00,2024-10-06 10:00:00,DEV_003,9,73,56,63
DEV_003_2024-10-06 11:00:00,2024-10-06 11:00:00,DEV_003,31,2,2,67
DEV_003_2024-10-06 12:00:00,2024-10-06 12:00:00,DEV_003,20,30,91,83
DEV_003_2024-10-06 13:00:00,2024-10-06 13:00:00,DEV_003,76,69,37,61
DEV_003_2024-10-06 14:00:00,2024-10-06 14:00:00,DEV_003,13,13,24,54
DEV_003_2024-10-06 15:00:00,2024-10-06 15:00:00,DEV_003,63,17,85,25
DEV_003_2024-10-06 16:00:00,2024-10-06 16:00:00,DEV_003,95,74,79,78
DEV_003_2024-10-06 17:00:00,2024-10-06 17:00:00,DEV_003,26,6,14,54
DEV_003_2024-10-06 18:00:00,2024-10-06 18:00:00,DEV_003,9,96,77,48
DEV_003_2024-10-06 19:00:00,2024-10-06 19:00:00,DEV_003,29,24,18,70
DEV_003_2024-10-06 20:00:00,2024-10-06 20:00:00,DEV_003,26,71,62,12
DEV_003_2024-10-06 21:00:00,2024-10-06 21:00:00,DEV_003,26,9,44,9
DEV_003_2024-10-06 22:00:00,2024-10-06 22:00:00,DEV_003,7,74,27,55
DEV_003_2024-10-06 23:00:00,2024-10-06 23:00:00,DEV_003,63,79,41,19
DEV_003_2024-10-07 00:00:00,2024-10-07 00:00:00,DEV_003,33,59,66,91
DEV_003_2024-10-07 01:00:00,2024-10-07 01:00:00,DEV_003,63,25,87,25
DEV_003_2024-10-07 02:00:00,2024-10-07 02:00:00,DEV_003,1,37,23,94
DEV_003_2024-10-07 03:00:00,2024-10-07 03:00:00,DEV_003,30,73,39,82
DEV_003_2024-10-07 04:00:00,2024-10-07 04:00:00,DEV_003,33,63,99,52
DEV_003_2024-10-07 05:00:00,2024-10-07 05:00:00,DEV_003,96,58,99,43
DEV_003_2024-10-07 06:00:00,2024-10-07 06:00:00,DEV_003,31,78,13,90
DEV_003_2024-10-07 07:00:00,2024-10-07 07:00:00,DEV_003,88,68,52,68
DEV_003_2024-10-07 08:00:00,2024-10-07 08:00:00,DEV_003,47,57,15,31
DEV_003_2024-10-07 09:00:00,2024-10-07 09:00:00,DEV_003,54,71,49,19
DEV_003_2024-10-07 10:00:00,2024-10-07 10:00:00,DEV_003,92,18,64,45
DEV_003_2024-10-07 11:00:00,2024-10-07 11:00:00,DEV_003,40,34,11,74
DEV_003_2024-10-07 12:00:00,2024-10-07 12:00:00,DEV_003,55,14,10,34
DEV_003_2024-10-07 13:00:00,2024-10-07 13:00:00,DEV_003,9,69,36,38
DEV_003_2024-10-07 14:00:00,2024-10-07 14:00:00,DEV_003,64,26,78,6
DEV_003_2024-10-07 15:00:00,2024-10-07 15:00:00,DEV_003,47,91,33,43
DEV_003_2024-10-07 16:00:00,2024-10-07 16:00:00,DEV_003,82,82,37,91
DEV_003_2024-10-07 17:00:00,2024-10-07 17:00:00,DEV_003,52,5,89,27
DEV_003_2024-10-07 18:00:00,2024-10-07 18:00:00,DEV_003,72,98,58,1
DEV_003_2024-10-07 19:00:00,2024-10-07 19:00:00,DEV_003,49,46,72,85
DEV_003_2024-10-07 20:00:00,2024-10-07 20:00:00,DEV_003,4,31,34,31
DEV_003_2024-10-07 21:00:00,2024-10-07 21:00:00,DEV_003,19,76,24,34
DEV_003_2024-10-07 22:00:00,2024-10-07 22:00:00,DEV_003,30,14,28,71
DEV_003_2024-10-07 23:00:00,2024-10-07 23:00:00,DEV_003,85,34,69,84
DEV_003_2024-10-08 00:00:00,2024-10-08 00:00:00,DEV_003,77,59,94,85
DEV_003_2024-10-08 01:00:00,2024-10-08 01:00:00,DEV_003,42,32,31,61
DEV_003_2024-10-08 02:00:00,2024-10-08 02:00:00,DEV_003,61,22,34,79
DEV_003_2024-10-08 03:00:00,2024-10-08 03:00:00,DEV_003,43,7,64,18
DEV_003_2024-10-08 04:00:00,2024-10-08 04:00:00,DEV_003,3,14,24,54
DEV_003_2024-10-08 05:00:00,2024-10-08 05:00:00,DEV_003,96,2,84,5
DEV_003_2024-10-08 06:00:00,2024-10-08 06:00:00,DEV_003,49,58,32,95
DEV_003_2024-10-08 07:00:00,2024-10-08 07:00:00,DEV_003,44,20,71,45
DEV_003_2024-10-08 08:00:00,2024-10-08 08:00:00,DEV_003,80,70,53,86
DEV_003_2024-10-08 09:00:00,2024-10-08 09:00:00,DEV_003,11,94,92,65
DEV_003_2024-10-08 10:00:00,2024-10-08 10:00:00,DEV_003,88,57,53,38
DEV_003_2024-10-08 11:00:00,2024-10-08 11:00:00,DEV_003,20,27,17,33
DEV_003_2024-10-08 12:00:00,2024-10-08 12:00:00,DEV_003,49,97,74,72
DEV_003_2024-10-08 13:00:00,2024-10-08 13:00:00,DEV_003,45,97,2,84
DEV_003_2024-10-08 14:00:00,2024-10-08 14:00:00,DEV_003,2,30,38,69
DEV_003_2024-10-08 15:00:00,2024-10-08 15:00:00,DEV_003,53,74,18,22
DEV_003_2024-10-08 16:00:00,2024-10-08 16:00:00,DEV_003,53,88,17,87
DEV_003_2024-10-08 17:00:00,2024-10-08 17:00:00,DEV_003,3,8,5,80
DEV_003_2024-10-08 18:00:00,2024-10-08 18:00:00,DEV_003,68,65,37,97
DEV_003_2024-10-08 19:00:00,2024-10-08 19:00:00,DEV_003,44,96,70,23
DEV_003_2024-10-08 20:00:00,2024-10-08 20:00:00,DEV_003,79,1,59,79
DEV_003_2024-10-08 21:00:00,2024-10-08 21:00:00,DEV_003,24,86,54,60
DEV_003_2024-10-08 22:00:00,2024-10-08 22:00:00,DEV_003,56,13,60,19
DEV_003_2024-10-08 23:00:00,2024-10-08 23:00:00,DEV_003,84,94,6,70
DEV_003_2024-10-09 00:00:00,2024-10-09 00:00:00,DEV_003,34,80,30,61
DEV_003_2024-10-09 01:00:00,2024-10-09 01:00:00,DEV_003,93,21,23,91
DEV_003_2024-10-09 02:00:00,2024-10-09 02:00:00,DEV_003,7,76,51,53
DEV_003_2024-10-09 03:00:00,2024-10-09 03:00:00,DEV_003,79,63,2,17
DEV_003_2024-10-09 04:00:00,2024-10-09 04:00:00,DEV_003,77,69,20,22
DEV_003_2024-10-09 05:00:00,2024-10-09 05:00:00,DEV_003,99,70,45,35
DEV_003_2024-10-09 06:00:00,2024-10-09 06:00:00,DEV_003,32,31,25,81
DEV_003_2024-10-09 07:00:00,2024-10-09 07:00:00,DEV_003,74,82,81,90
DEV_003_2024-10-09 08:00:00,2024-10-09 08:00:00,DEV_003,18,42,53,91
DEV_003_2024-10-09 09:00:00,2024-10-09 09:00:00,DEV_003,85,2,23,55
DEV_003_2024-10-09 10:00:00,2024-10-09 10:00:00,DEV_003,65,71,42,46
DEV_003_2024-10-09 11:00:00,2024-10-09 11:00:00,DEV_003,26,22,10,43
DEV_003_2024-10-09 12:00:00,2024-10-09 12:00:00,DEV_003,4,4,35,39
DEV_003_2024-10-09 13:00:00,2024-10-09 13:00:00,DEV_003,33,21,64,88
DEV_003_2024-10-09 14:00:00,2024-10-09 14:00:00,DEV_003,72,10,30,64
DEV_003_2024-10-09 15:00:00,2024-10-09 15:00:00,DEV_003,86,71,67,50
DEV_003_2024-10-09 16:00:00,2024-10-09 16:00:00,DEV_003,28,43,23,44
DEV_003_2024-10-09 17:00:00,2024-10-09 17:00:00,DEV_003,32,77,10,61
DEV_003_2024-10-09 18:00:00,2024-10-09 18:00:00,DEV_003,88,66,25,51
DEV_003_2024-10-09 19:00:00,2024-10-09 19:00:00,DEV_003,91,86,24,84
DEV_003_2024-10-09 20:00:00,2024-10-09 20:00:00,DEV_003,74,55,61,45
DEV_003_2024-10-09 21:00:00,2024-10-09 21:00:00,DEV_003,35,74,77,26
DEV_003_2024-10-09 22:00:00,2024-10-09 22:00:00,DEV_003,92,67,17,18
DEV_003_2024-10-09 23:00:00,2024-10-09 23:00:00,DEV_003,19,34,22,83
DEV_003_2024-10-10 00:00:00,2024-10-10 00:00:00,DEV_003,10,51,20,84
DEV_003_2024-10-10 01:00:00,2024-10-10 01:00:00,DEV_003,80,45,89,11
DEV_003_2024-10-10 02:00:00,2024-10-10 02:00:00,DEV_003,72,25,96,93
DEV_003_2024-10-10 03:00:00,2024-10-10 03:00:00,DEV_003,67,33,62,37
DEV_003_2024-10-10 04:00:00,2024-10-10 04:00:00,DEV_003,32,8,9,86
DEV_003_2024-10-10 05:00:00,2024-10-10 05:00:00,DEV_003,42,48,21,83
DEV_003_2024-10-10 06:00:00,2024-10-10 06:00:00,DEV_003,53,93,98,43
DEV_003_2024-10-10 07:00:00,2024-10-10 07:00:00,DEV_003,10,26,28,66
DEV_003_2024-10-10 08:00:00,2024-10-10 08:00:00,DEV_003,80,18,4,13
DEV_003_2024-10-10 09:00:00,2024-10-10 09:00:00,DEV_003,65,40,21,16
DEV_003_2024-10-10 10:00:00,2024-10-10 10:00:00,DEV_003,26,91,63,78
DEV_003_2024-10-10 11:00:00,2024-10-10 11:00:00,DEV_003,97,45,34,60
DEV_003_2024-10-10 12:00:00,2024-10-10 12:00:00,DEV_003,55,53,23,64
DEV_003_2024-10-10 13:00:00,2024-10-10 13:00:00,DEV_003,17,46,96,24
DEV_003_2024-10-10 14:00:00,2024-10-10 14:00:00,DEV_003,82,83,1,46
DEV_003_2024-10-10 15:00:00,2024-10-10 15:00:00,DEV_003,65,23,76,33
DEV_003_2024-10-10 16:00:00,2024-10-10 16:00:00,DEV_003,47,35,84,26
DEV_003_2024-10-10 17:00:00,2024-10-10 17:00:00,DEV_003,20,24,80,36
DEV_003_2024-10-10 18:00:00,2024-10-10 18:00:00,DEV_003,86,67,80,11
DEV_003_2024-10-10 19:00:00,2024-10-10 19:00:00,DEV_003,44,42,16,24
DEV_003_2024-10-10 20:00:00,2024-10-10 20:00:00,DEV_003,5,23,61,42
DEV_003_2024-10-10 21:00:00,2024-10-10 21:00:00,DEV_003,50,30,18,20
DEV_003_2024-10-10 22:00:00,2024-10-10 22:00:00,DEV_003,51,65,32,31
DEV_003_2024-10-10 23:00:00,2024-10-10 23:00:00,DEV_003,64,84,79,3
DEV_003_2024-10-11 00:00:00,2024-10-11 00:00:00,DEV_003,99,44,91,13
DEV_003_2024-10-11 01:00:00,2024-10-11 01:00:00,DEV_003,54,53,91,1
DEV_003_2024-10-11 02:00:00,2024-10-11 02:00:00,DEV_003,4,73,62,44
DEV_003_2024-10-11 03:00:00,2024-10-11 03:00:00,DEV_003,19,8,91,4
DEV_003_2024-10-11 04:00:00,2024-10-11 04:00:00,DEV_003,31,46,42,98
DEV_003_2024-10-11 05:00:00,2024-10-11 05:00:00,DEV_003,14,96,23,99
DEV_003_2024-10-11 06:00:00,2024-10-11 06:00:00,DEV_003,29,34,83,49
DEV_003_2024-10-11 07:00:00,2024-10-11 07:00:00,DEV_003,47,51,63,53
DEV_003_2024-10-11 08:00:00,2024-10-11 08:00:00,DEV_003,21,17,57,72
DEV_003_2024-10-11 09:00:00,2024-10-11 09:00:00,DEV_003,34,38,79,95
DEV_003_2024-10-11 10:00:00,2024-10-11 10:00:00,DEV_003,69,82,93,32
DEV_003_2024-10-11 11:00:00,2024-10-11 11:00:00,DEV_003,98,62,22,70
DEV_003_2024-10-11 12:00:00,2024-10-11 12:00:00,DEV_003,49,61,48,44
DEV_003_2024-10-11 13:00:00,2024-10-11 13:00:00,DEV_003,47,91,19,10
DEV_003_2024-10-11 14:00:00,2024-10-11 14:00:00,DEV_003,81,41,35,86
DEV_003_2024-10-11 15:00:00,2024-10-11 15:00:00,DEV_003,7,46,90,96
DEV_003_2024-10-11 16:00:00,2024-10-11 16:00:00,DEV_003,92,28,83,7
DEV_003_2024-10-11 17:00:00,2024-10-11 17:00:00,DEV_003,67,87,36,97
DEV_003_2024-10-11 18:00:00,2024-10-11 18:00:00,DEV_003,47,51,31,72
DEV_003_2024-10-11 19:00:00,2024-10-11 19:00:00,DEV_003,17,44,71,89
DEV_003_2024-10-11 20:00:00,2024-10-11 20:00:00,DEV_003,85,3,21,68
DEV_003_2024-10-11 21:00:00,2024-10-11 21:00:00,DEV_003,81,72,65,44
DEV_003_2024-10-11 22:00:00,2024-10-11 22:00:00,DEV_003,90,81,9,10
DEV_003_2024-10-11 23:00:00,2024-10-11 23:00:00,DEV_003,40,98,20,3
DEV_003_2024-10-12 00:00:00,2024-10-12 00:00:00,DEV_003,81,70,47,41
DEV_003_2024-10-12 01:00:00,2024-10-12 01:00:00,DEV_003,25,22,43,45
DEV_003_2024-10-12 02:00:00,2024-10-12 02:00:00,DEV_003,19,97,57,79
DEV_003_2024-10-12 03:00:00,2024-10-12 03:00:00,DEV_003,99,55,63,4
DEV_003_2024-10-12 04:00:00,2024-10-12 04:00:00,DEV_003,17,16,33,37
DEV_003_2024-10-12 05:00:00,2024-10-12 05:00:00,DEV_003,2,9,13,57
DEV_003_2024-10-12 06:00:00,2024-10-12 06:00:00,DEV_003,83,91,89,20
DEV_003_2024-10-12 07:00:00,2024-10-12 07:00:00,DEV_003,42,80,98,51
DEV_003_2024-10-12 08:00:00,2024-10-12 08:00:00,DEV_003,90,97,36,65
DEV_003_2024-10-12 09:00:00,2024-10-12 09:00:00,DEV_003,18,60,98,5
DEV_003_2024-10-12 10:00:00,2024-10-12 10:00:00,DEV_003,15,42,19,9
DEV_003_2024-10-12 11:00:00,2024-10-12 11:00:00,DEV_003,20,80,64,61
DEV_003_2024-10-12 12:00:00,2024-10-12 12:00:00,DEV_003,44,32,79,19
DEV_003_2024-10-12 13:00:00,2024-10-12 13:00:00,DEV_003,96,3,82,96
DEV_003_2024-10-12 14:00:00,2024-10-12 14:00:00,DEV_003,70,52,23,83
DEV_003_2024-10-12 15:00:00,2024-10-12 15:00:00,DEV_003,2,1,1,92
DEV_003_2024-10-12 16:00:00,2024-10-12 16:00:00,DEV_003,79,82,35,77
DEV_003_2024-10-12 17:00:00,2024-10-12 17:00:00,DEV_003,62,25,8,60
DEV_003_2024-10-12 18:00:00,2024-10-12 18:00:00,DEV_003,43,16,70,11
DEV_003_2024-10-12 19:00:00,2024-10-12 19:00:00,DEV_003,1,91,56,12
DEV_003_2024-10-12 20:00:00,2024-10-12 20:00:00,DEV_003,25,44,48,33
DEV_003_2024-10-12 21:00:00,2024-10-12 21:00:00,DEV_003,19,18,90,11
DEV_003_2024-10-12 22:00:00,2024-10-12 22:00:00,DEV_003,35,1,58,63
DEV_003_2024-10-12 23:00:00,2024-10-12 23:00:00,DEV_003,72,45,16,90
DEV_003_2024-10-13 00:00:00,2024-10-13 00:00:00,DEV_003,41,44,70,80
DEV_003_2024-10-13 01:00:00,2024-10-13 01:00:00,DEV_003,51,25,14,44
DEV_003_2024-10-13 02:00:00,2024-10-13 02:00:00,DEV_003,13,49,89,71
DEV_003_2024-10-13 03:00:00,2024-10-13 03:00:00,DEV_003,40,35,66,59
DEV_003_2024-10-13 04:00:00,2024-10-13 04:00:00,DEV_003,40,34,26,83
DEV_003_2024-10-13 05:00:00,2024-10-13 05:00:00,DEV_003,76,11,29,23
DEV_003_2024-10-13 06:00:00,2024-10-13 06:00:00,DEV_003,68,20,61,5
DEV_003_2024-10-13 07:00:00,2024-10-13 07:00:00,DEV_003,81,7,7,97
DEV_003_2024-10-13 08:00:00,2024-10-13 08:00:00,DEV_003,46,38,1,33
DEV_003_2024-10-13 09:00:00,2024-10-13 09:00:00,DEV_003,61,2,97,5
DEV_003_2024-10-13 10:00:00,2024-10-13 10:00:00,DEV_003,89,82,21,68
DEV_003_2024-10-13 11:00:00,2024-10-13 11:00:00,DEV_003,55,74,87,26
DEV_003_2024-10-13 12:00:00,2024-10-13 12:00:00,DEV_003,89,17,51,43
DEV_003_2024-10-13 13:00:00,2024-10-13 13:00:00,DEV_003,61,44,58,51
DEV_003_2024-10-13 14:00:00,2024-10-13 14:00:00,DEV_003,14,67,66,96
DEV_003_2024-10-13 15:00:00,2024-10-13 15:00:00,DEV_003,88,91,40,91
DEV_003_2024-10-13 16:00:00,2024-10-13 16:00:00,DEV_003,19,56,57,22
DEV_003_2024-10-13 17:00:00,2024-10-13 17:00:00,DEV_003,98,66,72,9
DEV_003_2024-10-13 18:00:00,2024-10-13 18:00:00,DEV_003,51,39,73,69
DEV_003_2024-10-13 19:00:00,2024-10-13 19:00:00,DEV_003,15,78,49,60
DEV_003_2024-10-13 20:00:00,2024-10-13 20:00:00,DEV_003,5,22,81,38
DEV_003_2024-10-13 21:00:00,2024-10-13 21:00:00,DEV_003,44,80,13,64
DEV_003_2024-10-13 22:00:00,2024-10-13 22:00:00,DEV_003,76,99,99,9
DEV_003_2024-10-13 23:00:00,2024-10-13 23:00:00,DEV_003,34,75,86,84
DEV_003_2024-10-14 00:00:00,2024-10-14 00:00:00,DEV_003,29,61,60,21
DEV_003_2024-10-14 01:00:00,2024-10-14 01:00:00,DEV_003,15,76,24,48
DEV_003_2024-10-14 02:00:00,2024-10-14 02:00:00,DEV_003,84,61,3,84
DEV_003_2024-10-14 03:00:00,2024-10-14 03:00:00,DEV_003,48,39,45,97
DEV_003_2024-10-14 04:00:00,2024-10-14 04:00:00,DEV_003,47,91,66,68
DEV_003_2024-10-14 05:00:00,2024-10-14 05:00:00,DEV_003,38,35,32,54
DEV_003_2024-10-14 06:00:00,2024-10-14 06:00:00,DEV_003,75,91,74,99
DEV_003_2024-10-14 07:00:00,2024-10-14 07:00:00,DEV_003,41,81,2,84
DEV_003_2024-10-14 08:00:00,2024-10-14 08:00:00,DEV_003,75,12,56,89
DEV_003_2024-10-14 09:00:00,2024-10-14 09:00:00,DEV_003,96,36,61,28
DEV_003_2024-10-14 10:00:00,2024-10-14 10:00:00,DEV_003,53,77,89,89
DEV_003_2024-10-14 11:00:00,2024-10-14 11:00:00,DEV_003,63,62,62,83
DEV_003_2024-10-14 12:00:00,2024-10-14 12:00:00,DEV_003,13,74,90,7
DEV_003_2024-10-14 13:00:00,2024-10-14 13:00:00,DEV_003,70,5,51,43
DEV_003_2024-10-14 14:00:00,2024-10-14 14:00:00,DEV_003,8,87,32,53
DEV_003_2024-10-14 15:00:00,2024-10-14 15:00:00,DEV_003,17,78,57,28
DEV_003_2024-10-14 16:00:00,2024-10-14 16:00:00,DEV_003,19,73,1,39
DEV_003_2024-10-14 17:00:00,2024-10-14 17:00:00,DEV_003,19,5,70,79
DEV_003_2024-10-14 18:00:00,2024-10-14 18:00:00,DEV_003,25,41,9,29
DEV_003_2024-10-14 19:00:00,2024-10-14 19:00:00,DEV_003,94,32,6,8
DEV_003_2024-10-14 20:00:00,2024-10-14 20:00:00,DEV_003,88,37,52,71
DEV_003_2024-10-14 21:00:00,2024-10-14 21:00:00,DEV_003,52,59,48,39
DEV_003_2024-10-14 22:00:00,2024-10-14 22:00:00,DEV_003,36,57,86,12
DEV_003_2024-10-14 23:00:00,2024-10-14 23:00:00,DEV_003,46,39,85,81
DEV_003_2024-10-15 00:00:00,2024-10-15 00:00:00,DEV_003,89,49,2,80
DEV_003_2024-10-15 01:00:00,2024-10-15 01:00:00,DEV_003,97,4,88,21
DEV_003_2024-10-15 02:00:00,2024-10-15 02:00:00,DEV_003,88,87,31,38
DEV_003_2024-10-15 03:00:00,2024-10-15 03:00:00,DEV_003,2,12,26,2
DEV_003_2024-10-15 04:00:00,2024-10-15 04:00:00,DEV_003,61,52,23,66
DEV_003_2024-10-15 05:00:00,2024-10-15 05:00:00,DEV_003,13,84,23,71
DEV_003_2024-10-15 06:00:00,2024-10-15 06:00:00,DEV_003,29,89,96,76
DEV_003_2024-10-15 07:00:00,2024-10-15 07:00:00,DEV_003,87,72,53,47
DEV_003_2024-10-15 08:00:00,2024-10-15 08:00:00,DEV_003,75,31,50,21
DEV_003_2024-10-15 09:00:00,2024-10-15 09:00:00,DEV_003,77,62,24,40
DEV_003_2024-10-15 10:00:00,2024-10-15 10:00:00,DEV_003,2,55,46,15
DEV_003_2024-10-15 11:00:00,2024-10-15 11:00:00,DEV_003,1,26,64,83
DEV_003_2024-10-15 12:00:00,2024-10-15 12:00:00,DEV_003,22,87,72,23
DEV_003_2024-10-15 13:00:00,2024-10-15 13:00:00,DEV_003,21,78,77,33
DEV_003_2024-10-15 14:00:00,2024-10-15 14:00:00,DEV_003,29,6,31,55
DEV_003_2024-10-15 15:00:00,2024-10-15 15:00:00,DEV_003,32,81,90,97
DEV_003_2024-10-15 16:00:00,2024-10-15 16:00:00,DEV_003,6,35,76,66
DEV_003_2024-10-15 17:00:00,2024-10-15 17:00:00,DEV_003,72,88,65,95
DEV_003_2024-10-15 18:00:00,2024-10-15 18:00:00,DEV_003,30,38,90,87
DEV_003_2024-10-15 19:00:00,2024-10-15 19:00:00,DEV_003,86,81,14,15
DEV_003_2024-10-15 20:00:00,2024-10-15 20:00:00,DEV_003,89,28,2,94
DEV_003_2024-10-15 21:00:00,2024-10-15 21:00:00,DEV_003,33,70,24,11
DEV_003_2024-10-15 22:00:00,2024-10-15 22:00:00,DEV_003,86,13,34,70
DEV_003_2024-10-15 23:00:00,2024-10-15 23:00:00,DEV_003,4,23,7,89
DEV_003_2024-10-16 00:00:00,2024-10-16 00:00:00,DEV_003,66,6,16,60
DEV_003_2024-10-16 01:00:00,2024-10-16 01:00:00,DEV_003,5,71,70,4
DEV_003_2024-10-16 02:00:00,2024-10-16 02:00:00,DEV_003,48,36,37,76
DEV_003_2024-10-16 03:00:00,2024-10-16 03:00:00,DEV_003,59,72,57,95
DEV_003_2024-10-16 04:00:00,2024-10-16 04:00:00,DEV_003,87,23,74,62
DEV_003_2024-10-16 05:00:00,2024-10-16 05:00:00,DEV_003,36,33,23,9
DEV_003_2024-10-16 06:00:00,2024-10-16 06:00:00,DEV_003,92,19,40,36
DEV_003_2024-10-16 07:00:00,2024-10-16 07:00:00,DEV_003,38,80,92,57
DEV_003_2024-10-16 08:00:00,2024-10-16 08:00:00,DEV_003,3,5,78,22
DEV_003_2024-10-16 09:00:00,2024-10-16 09:00:00,DEV_003,38,70,32,2
DEV_003_2024-10-16 10:00:00,2024-10-16 10:00:00,DEV_003,6,51,81,5
DEV_003_2024-10-16 11:00:00,2024-10-16 11:00:00,DEV_003,61,65,63,28
DEV_003_2024-10-16 12:00:00,2024-10-16 12:00:00,DEV_003,79,22,18,83
DEV_003_2024-10-16 13:00:00,2024-10-16 13:00:00,DEV_003,14,90,44,78
DEV_003_2024-10-16 14:00:00,2024-10-16 14:00:00,DEV_003,97,64,57,80
DEV_003_2024-10-16 15:00:00,2024-10-16 15:00:00,DEV_003,96,6,37,45
DEV_003_2024-10-16 16:00:00,2024-10-16 16:00:00,DEV_003,3,23,48,47
DEV_003_2024-10-16 17:00:00,2024-10-16 17:00:00,DEV_003,10,30,52,85
DEV_003_2024-10-16 18:00:00,2024-10-16 18:00:00,DEV_003,36,37,58,30
DEV_003_2024-10-16 19:00:00,2024-10-16 19:00:00,DEV_003,55,73,73,35
DEV_003_2024-10-16 20:00:00,2024-10-16 20:00:00,DEV_003,79,89,13,53
DEV_003_2024-10-16 21:00:00,2024-10-16 21:00:00,DEV_003,94,36,70,33
DEV_003_2024-10-16 22:00:00,2024-10-16 22:00:00,DEV_003,53,2,18,8
DEV_003_2024-10-16 23:00:00,2024-10-16 23:00:00,DEV_003,50,38,75,3
DEV_003_2024-10-17 00:00:00,2024-10-17 00:00:00,DEV_003,11,57,73,65
DEV_003_2024-10-17 01:00:00,2024-10-17 01:00:00,DEV_003,67,96,51,77
DEV_003_2024-10-17 02:00:00,2024-10-17 02:00:00,DEV_003,60,32,1,40
DEV_003_2024-10-17 03:00:00,2024-10-17 03:00:00,DEV_003,55,87,47,33
DEV_003_2024-10-17 04:00:00,2024-10-17 04:00:00,DEV_003,94,4,93,70
DEV_003_2024-10-17 05:00:00,2024-10-17 05:00:00,DEV_003,95,7,87,55
DEV_003_2024-10-17 06:00:00,2024-10-17 06:00:00,DEV_003,35,69,16,67
DEV_003_2024-10-17 07:00:00,2024-10-17 07:00:00,DEV_003,89,27,45,1
DEV_003_2024-10-17 08:00:00,2024-10-17 08:00:00,DEV_003,12,59,14,12
DEV_003_2024-10-17 09:00:00,2024-10-17 09:00:00,DEV_003,96,63,47,6
DEV_003_2024-10-17 10:00:00,2024-10-17 10:00:00,DEV_003,25,26,56,57
DEV_003_2024-10-17 11:00:00,2024-10-17 11:00:00,DEV_003,86,43,21,16
DEV_003_2024-10-17 12:00:00,2024-10-17 12:00:00,DEV_003,97,11,30,46
DEV_003_2024-10-17 13:00:00,2024-10-17 13:00:00,DEV_003,59,40,58,34
DEV_003_2024-10-17 14:00:00,2024-10-17 14:00:00,DEV_003,39,1,49,14
DEV_003_2024-10-17 15:00:00,2024-10-17 15:00:00,DEV_003,25,41,48,14
DEV_003_2024-10-17 16:00:00,2024-10-17 16:00:00,DEV_003,78,42,97,69
DEV_003_2024-10-17 17:00:00,2024-10-17 17:00:00,DEV_003,9,40,93,83
DEV_003_2024-10-17 18:00:00,2024-10-17 18:00:00,DEV_003,10,37,75,38
DEV_003_2024-10-17 19:00:00,2024-10-17 19:00:00,DEV_003,91,98,41,20
DEV_003_2024-10-17 20:00:00,2024-10-17 20:00:00,DEV_003,63,82,96,87
DEV_003_2024-10-17 21:00:00,2024-10-17 21:00:00,DEV_003,45,62,48,49
DEV_003_2024-10-17 22:00:00,2024-10-17 22:00:00,DEV_003,11,33,10,29
DEV_003_2024-10-17 23:00:00,2024-10-17 23:00:00,DEV_003,3,35,70,35
DEV_003_2024-10-18 00:00:00,2024-10-18 00:00:00,DEV_003,16,72,66,30
DEV_003_2024-10-18 01:00:00,2024-10-18 01:00:00,DEV_003,72,27,72,57
DEV_003_2024-10-18 02:00:00,2024-10-18 02:00:00,DEV_003,37,63,94,13
DEV_003_2024-10-18 03:00:00,2024-10-18 03:00:00,DEV_003,54,35,14,36
DEV_003_2024-10-18 04:00:00,2024-10-18 04:00:00,DEV_003,5,2,20,83
DEV_003_2024-10-18 05:00:00,2024-10-18 05:00:00,DEV_003,95,51,53,33
DEV_003_2024-10-18 06:00:00,2024-10-18 06:00:00,DEV_003,50,98,49,29
DEV_003_2024-10-18 07:00:00,2024-10-18 07:00:00,DEV_003,76,6,77,81
DEV_003_2024-10-18 08:00:00,2024-10-18 08:00:00,DEV_003,90,28,84,31
DEV_003_2024-10-18 09:00:00,2024-10-18 09:00:00,DEV_003,61,42,87,34
DEV_003_2024-10-18 10:00:00,2024-10-18 10:00:00,DEV_003,82,66,61,97
DEV_003_2024-10-18 11:00:00,2024-10-18 11:00:00,DEV_003,59,5,78,36
DEV_003_2024-10-18 12:00:00,2024-10-18 12:00:00,DEV_003,36,76,74,55
DEV_003_2024-10-18 13:00:00,2024-10-18 13:00:00,DEV_003,2,23,9,74
DEV_003_2024-10-18 14:00:00,2024-10-18 14:00:00,DEV_003,74,31,69,47
DEV_003_2024-10-18 15:00:00,2024-10-18 15:00:00,DEV_003,58,42,12,58
DEV_003_2024-10-18 16:00:00,2024-10-18 16:00:00,DEV_003,48,54,93,73
DEV_003_2024-10-18 17:00:00,2024-10-18 17:00:00,DEV_003,9,2,9,9
DEV_003_2024-10-18 18:00:00,2024-10-18 18:00:00,DEV_003,88,76,14,51
DEV_003_2024-10-18 19:00:00,2024-10-18 19:00:00,DEV_003,41,5,13,93
DEV_003_2024-10-18 20:00:00,2024-10-18 20:00:00,DEV_003,92,41,77,76
DEV_003_2024-10-18 21:00:00,2024-10-18 21:00:00,DEV_003,80,53,51,31
DEV_003_2024-10-18 22:00:00,2024-10-18 22:00:00,DEV_003,9,5,38,91
DEV_003_2024-10-18 23:00:00,2024-10-18 23:00:00,DEV_003,64,1,14,77
DEV_003_2024-10-19 00:00:00,2024-10-19 00:00:00,DEV_003,56,9,77,68
DEV_003_2024-10-19 01:00:00,2024-10-19 01:00:00,DEV_003,6,67,65,90
DEV_003_2024-10-19 02:00:00,2024-10-19 02:00:00,DEV_003,8,45,51,82
DEV_003_2024-10-19 03:00:00,2024-10-19 03:00:00,DEV_003,17,82,98,90
DEV_003_2024-10-19 04:00:00,2024-10-19 04:00:00,DEV_003,35,19,22,53
DEV_003_2024-10-19 05:00:00,2024-10-19 05:00:00,DEV_003,20,32,24,15
DEV_003_2024-10-19 06:00:00,2024-10-19 06:00:00,DEV_003,58,86,65,65
DEV_003_2024-10-19 07:00:00,2024-10-19 07:00:00,DEV_003,80,17,87,62
DEV_003_2024-10-19 08:00:00,2024-10-19 08:00:00,DEV_003,17,56,82,9
DEV_003_2024-10-19 09:00:00,2024-10-19 09:00:00,DEV_003,42,41,20,20
DEV_003_2024-10-19 10:00:00,2024-10-19 10:00:00,DEV_003,4,16,3,35
DEV_003_2024-10-19 11:00:00,2024-10-19 11:00:00,DEV_003,14,24,49,16
DEV_003_2024-10-19 12:00:00,2024-10-19 12:00:00,DEV_003,82,73,50,13
DEV_003_2024-10-19 13:00:00,2024-10-19 13:00:00,DEV_003,51,13,20,34
DEV_003_2024-10-19 14:00:00,2024-10-19 14:00:00,DEV_003,70,84,20,97
DEV_003_2024-10-19 15:00:00,2024-10-19 15:00:00,DEV_003,90,97,5,11
DEV_003_2024-10-19 16:00:00,2024-10-19 16:00:00,DEV_003,3,58,75,70
DEV_003_2024-10-19 17:00:00,2024-10-19 17:00:00,DEV_003,17,17,38,17
DEV_003_2024-10-19 18:00:00,2024-10-19 18:00:00,DEV_003,75,17,20,2
DEV_003_2024-10-19 19:00:00,2024-10-19 19:00:00,DEV_003,15,13,72,59
DEV_003_2024-10-19 20:00:00,2024-10-19 20:00:00,DEV_003,6,86,69,32
DEV_003_2024-10-19 21:00:00,2024-10-19 21:00:00,DEV_003,46,41,63,26
DEV_003_2024-10-19 22:00:00,2024-10-19 22:00:00,DEV_003,2,86,48,48
DEV_003_2024-10-19 23:00:00,2024-10-19 23:00:00,DEV_003,25,24,75,27
DEV_003_2024-10-20 00:00:00,2024-10-20 00:00:00,DEV_003,70,84,21,38
DEV_003_2024-10-20 01:00:00,2024-10-20 01:00:00,DEV_003,40,37,5,34
DEV_003_2024-10-20 02:00:00,2024-10-20 02:00:00,DEV_003,85,88,69,54
DEV_003_2024-10-20 03:00:00,2024-10-20 03:00:00,DEV_003,3,12,19,60
DEV_003_2024-10-20 04:00:00,2024-10-20 04:00:00,DEV_003,35,54,80,94
DEV_003_2024-10-20 05:00:00,2024-10-20 05:00:00,DEV_003,25,58,17,62
DEV_003_2024-10-20 06:00:00,2024-10-20 06:00:00,DEV_003,49,3,23,3
DEV_003_2024-10-20 07:00:00,2024-10-20 07:00:00,DEV_003,98,53,73,30
DEV_003_2024-10-20 08:00:00,2024-10-20 08:00:00,DEV_003,71,67,82,19
DEV_003_2024-10-20 09:00:00,2024-10-20 09:00:00,DEV_003,29,63,61,21
DEV_003_2024-10-20 10:00:00,2024-10-20 10:00:00,DEV_003,18,95,9,86
DEV_003_2024-10-20 11:00:00,2024-10-20 11:00:00,DEV_003,34,16,99,98
DEV_003_2024-10-20 12:00:00,2024-10-20 12:00:00,DEV_003,60,46,74,63
DEV_003_2024-10-20 13:00:00,2024-10-20 13:00:00,DEV_003,93,83,24,80
DEV_003_2024-10-20 14:00:00,2024-10-20 14:00:00,DEV_003,30,43,7,75
DEV_003_2024-10-20 15:00:00,2024-10-20 15:00:00,DEV_003,31,36,17,34
DEV_003_2024-10-20 16:00:00,2024-10-20 16:00:00,DEV_003,22,58,55,64
DEV_003_2024-10-20 17:00:00,2024-10-20 17:00:00,DEV_003,11,57,39,34
DEV_003_2024-10-20 18:00:00,2024-10-20 18:00:00,DEV_003,14,39,14,82
DEV_003_2024-10-20 19:00:00,2024-10-20 19:00:00,DEV_003,91,37,29,73
DEV_003_2024-10-20 20:00:00,2024-10-20 20:00:00,DEV_003,43,83,27,62
DEV_003_2024-10-20 21:00:00,2024-10-20 21:00:00,DEV_003,34,43,12,4
DEV_003_2024-10-20 22:00:00,2024-10-20 22:00:00,DEV_003,84,92,62,11
DEV_003_2024-10-20 23:00:00,2024-10-20 23:00:00,DEV_003,87,79,69,33
DEV_003_2024-10-21 00:00:00,2024-10-21 00:00:00,DEV_003,97,41,54,74
DEV_003_2024-10-21 01:00:00,2024-10-21 01:00:00,DEV_003,12,25,25,25
DEV_003_2024-10-21 02:00:00,2024-10-21 02:00:00,DEV_003,45,64,29,5
DEV_003_2024-10-21 03:00:00,2024-10-21 03:00:00,DEV_003,77,77,59,90
DEV_003_2024-10-21 04:00:00,2024-10-21 04:00:00,DEV_003,37,82,91,6
DEV_003_2024-10-21 05:00:00,2024-10-21 05:00:00,DEV_003,75,4,28,74
DEV_003_2024-10-21 06:00:00,2024-10-21 06:00:00,DEV_003,88,67,12,65
DEV_003_2024-10-21 07:00:00,2024-10-21 07:00:00,DEV_003,30,52,20,48
DEV_003_2024-10-21 08:00:00,2024-10-21 08:00:00,DEV_003,37,45,49,75
DEV_003_2024-10-21 09:00:00,2024-10-21 09:00:00,DEV_003,60,54,6,63
DEV_003_2024-10-21 10:00:00,2024-10-21 10:00:00,DEV_003,96,53,54,34
DEV_003_2024-10-21 11:00:00,2024-10-21 11:00:00,DEV_003,88,13,70,38
DEV_003_2024-10-21 12:00:00,2024-10-21 12:00:00,DEV_003,35,8,62,81
DEV_003_2024-10-21 13:00:00,2024-10-21 13:00:00,DEV_003,78,28,65,12
DEV_003_2024-10-21 14:00:00,2024-10-21 14:00:00,DEV_003,27,60,53,32
DEV_003_2024-10-21 15:00:00,2024-10-21 15:00:00,DEV_003,4,16,53,97
DEV_003_2024-10-21 16:00:00,2024-10-21 16:00:00,DEV_003,40,65,42,97
DEV_003_2024-10-21 17:00:00,2024-10-21 17:00:00,DEV_003,86,74,9,43
DEV_003_2024-10-21 18:00:00,2024-10-21 18:00:00,DEV_003,8,52,24,95
DEV_003_2024-10-21 19:00:00,2024-10-21 19:00:00,DEV_003,84,45,5,66
DEV_003_2024-10-21 20:00:00,2024-10-21 20:00:00,DEV_003,75,94,68,42
DEV_003_2024-10-21 21:00:00,2024-10-21 21:00:00,DEV_003,28,53,69,92
DEV_003_2024-10-21 22:00:00,2024-10-21 22:00:00,DEV_003,95,14,26,19
DEV_003_2024-10-21 23:00:00,2024-10-21 23:00:00,DEV_003,39,8,78,51
DEV_003_2024-10-22 00:00:00,2024-10-22 00:00:00,DEV_003,74,86,60,61
DEV_003_2024-10-22 01:00:00,2024-10-22 01:00:00,DEV_003,34,74,4,37
DEV_003_2024-10-22 02:00:00,2024-10-22 02:00:00,DEV_003,77,1,92,58
DEV_003_2024-10-22 03:00:00,2024-10-22 03:00:00,DEV_003,50,51,12,1
DEV_003_2024-10-22 04:00:00,2024-10-22 04:00:00,DEV_003,60,50,13,27
DEV_003_2024-10-22 05:00:00,2024-10-22 05:00:00,DEV_003,26,31,98,42
DEV_003_2024-10-22 06:00:00,2024-10-22 06:00:00,DEV_003,43,40,42,70
DEV_003_2024-10-22 07:00:00,2024-10-22 07:00:00,DEV_003,85,78,72,15
DEV_003_2024-10-22 08:00:00,2024-10-22 08:00:00,DEV_003,72,21,89,39
DEV_003_2024-10-22 09:00:00,2024-10-22 09:00:00,DEV_003,26,25,91,55
DEV_003_2024-10-22 10:00:00,2024-10-22 10:00:00,DEV_003,60,70,72,8
DEV_003_2024-10-22 11:00:00,2024-10-22 11:00:00,DEV_003,25,30,94,94
DEV_003_2024-10-22 12:00:00,2024-10-22 12:00:00,DEV_003,91,67,67,14
DEV_003_2024-10-22 13:00:00,2024-10-22 13:00:00,DEV_003,78,42,4,61
DEV_003_2024-10-22 14:00:00,2024-10-22 14:00:00,DEV_003,18,45,1,29
DEV_003_2024-10-22 15:00:00,2024-10-22 15:00:00,DEV_003,55,17,22,81
DEV_003_2024-10-22 16:00:00,2024-10-22 16:00:00,DEV_003,23,28,8,86
DEV_003_2024-10-22 17:00:00,2024-10-22 17:00:00,DEV_003,69,4,8,21
DEV_003_2024-10-22 18:00:00,2024-10-22 18:00:00,DEV_003,14,3,9,94
DEV_003_2024-10-22 19:00:00,2024-10-22 19:00:00,DEV_003,60,16,57,67
DEV_003_2024-10-22 20:00:00,2024-10-22 20:00:00,DEV_003,27,60,93,29
DEV_003_2024-10-22 21:00:00,2024-10-22 21:00:00,DEV_003,29,94,65,32
DEV_003_2024-10-22 22:00:00,2024-10-22 22:00:00,DEV_003,91,56,85,87
DEV_003_2024-10-22 23:00:00,2024-10-22 23:00:00,DEV_003,25,6,96,92
DEV_003_2024-10-23 00:00:00,2024-10-23 00:00:00,DEV_003,2,26,92,38
DEV_003_2024-10-23 01:00:00,2024-10-23 01:00:00,DEV_003,13,11,81,23
DEV_003_2024-10-23 02:00:00,2024-10-23 02:00:00,DEV_003,25,38,98,83
DEV_003_2024-10-23 03:00:00,2024-10-23 03:00:00,DEV_003,88,97,88,57
DEV_003_2024-10-23 04:00:00,2024-10-23 04:00:00,DEV_003,59,13,9,79
DEV_003_2024-10-23 05:00:00,2024-10-23 05:00:00,DEV_003,38,9,98,44
DEV_003_2024-10-23 06:00:00,2024-10-23 06:00:00,DEV_003,95,77,35,16
DEV_003_2024-10-23 07:00:00,2024-10-23 07:00:00,DEV_003,1,66,3,91
DEV_003_2024-10-23 08:00:00,2024-10-23 08:00:00,DEV_003,38,36,53,38
DEV_003_2024-10-23 09:00:00,2024-10-23 09:00:00,DEV_003,63,3,64,54
DEV_003_2024-10-23 10:00:00,2024-10-23 10:00:00,DEV_003,64,74,38,22
DEV_003_2024-10-23 11:00:00,2024-10-23 11:00:00,DEV_003,45,57,62,64
DEV_003_2024-10-23 12:00:00,2024-10-23 12:00:00,DEV_003,69,40,12,87
DEV_003_2024-10-23 13:00:00,2024-10-23 13:00:00,DEV_003,7,24,66,19
DEV_003_2024-10-23 14:00:00,2024-10-23 14:00:00,DEV_003,86,42,76,78
DEV_003_2024-10-23 15:00:00,2024-10-23 15:00:00,DEV_003,7,93,92,20
DEV_003_2024-10-23 16:00:00,2024-10-23 16:00:00,DEV_003,53,73,93,66
DEV_003_2024-10-23 17:00:00,2024-10-23 17:00:00,DEV_003,56,62,72,23
DEV_003_2024-10-23 18:00:00,2024-10-23 18:00:00,DEV_003,37,71,20,32
DEV_003_2024-10-23 19:00:00,2024-10-23 19:00:00,DEV_003,98,61,75,85
DEV_003_2024-10-23 20:00:00,2024-10-23 20:00:00,DEV_003,80,59,53,31
DEV_003_2024-10-23 21:00:00,2024-10-23 21:00:00,DEV_003,30,65,80,63
DEV_003_2024-10-23 22:00:00,2024-10-23 22:00:00,DEV_003,86,96,19,78
DEV_003_2024-10-23 23:00:00,2024-10-23 23:00:00,DEV_003,27,63,87,55
DEV_003_2024-10-24 00:00:00,2024-10-24 00:00:00,DEV_003,46,2,97,2
DEV_003_2024-10-24 01:00:00,2024-10-24 01:00:00,DEV_003,44,95,33,27
DEV_003_2024-10-24 02:00:00,2024-10-24 02:00:00,DEV_003,16,24,46,96
DEV_003_2024-10-24 03:00:00,2024-10-24 03:00:00,DEV_003,5,95,57,69
DEV_003_2024-10-24 04:00:00,2024-10-24 04:00:00,DEV_003,8,36,60,81
DEV_003_2024-10-24 05:00:00,2024-10-24 05:00:00,DEV_003,77,66,20,93
DEV_003_2024-10-24 06:00:00,2024-10-24 06:00:00,DEV_003,94,88,18,68
DEV_003_2024-10-24 07:00:00,2024-10-24 07:00:00,DEV_003,91,69,39,80
DEV_003_2024-10-24 08:00:00,2024-10-24 08:00:00,DEV_003,31,11,53,43
DEV_003_2024-10-24 09:00:00,2024-10-24 09:00:00,DEV_003,84,92,7,7
DEV_003_2024-10-24 10:00:00,2024-10-24 10:00:00,DEV_003,66,25,81,70
DEV_003_2024-10-24 11:00:00,2024-10-24 11:00:00,DEV_003,87,6,60,38
DEV_003_2024-10-24 12:00:00,2024-10-24 12:00:00,DEV_003,14,12,65,70
DEV_003_2024-10-24 13:00:00,2024-10-24 13:00:00,DEV_003,52,25,38,2
DEV_003_2024-10-24 14:00:00,2024-10-24 14:00:00,DEV_003,63,55,55,70
DEV_003_2024-10-24 15:00:00,2024-10-24 15:00:00,DEV_003,45,75,19,83
DEV_003_2024-10-24 16:00:00,2024-10-24 16:00:00,DEV_003,6,40,50,51
DEV_003_2024-10-24 17:00:00,2024-10-24 17:00:00,DEV_003,24,74,83,93
DEV_003_2024-10-24 18:00:00,2024-10-24 18:00:00,DEV_003,6,90,1,24
DEV_003_2024-10-24 19:00:00,2024-10-24 19:00:00,DEV_003,52,42,91,45
DEV_003_2024-10-24 20:00:00,2024-10-24 20:00:00,DEV_003,58,9,91,62
DEV_003_2024-10-24 21:00:00,2024-10-24 21:00:00,DEV_003,41,41,94,6
DEV_003_2024-10-24 22:00:00,2024-10-24 22:00:00,DEV_003,43,25,99,13
DEV_003_2024-10-24 23:00:00,2024-10-24 23:00:00,DEV_003,7,44,55,59
DEV_003_2024-10-25 00:00:00,2024-10-25 00:00:00,DEV_003,90,92,41,73
DEV_003_2024-10-25 01:00:00,2024-10-25 01:00:00,DEV_003,1,44,65,10
DEV_003_2024-10-25 02:00:00,2024-10-25 02:00:00,DEV_003,21,47,94,85
DEV_003_2024-10-25 03:00:00,2024-10-25 03:00:00,DEV_003,98,1,76,97
DEV_003_2024-10-25 04:00:00,2024-10-25 04:00:00,DEV_003,38,62,54,11
DEV_003_2024-10-25 05:00:00,2024-10-25 05:00:00,DEV_003,49,51,47,38
DEV_003_2024-10-25 06:00:00,2024-10-25 06:00:00,DEV_003,66,50,30,7
DEV_003_2024-10-25 07:00:00,2024-10-25 07:00:00,DEV_003,25,19,26,38
DEV_003_2024-10-25 08:00:00,2024-10-25 08:00:00,DEV_003,72,70,60,92
DEV_003_2024-10-25 09:00:00,2024-10-25 09:00:00,DEV_003,24,59,87,84
DEV_003_2024-10-25 10:00:00,2024-10-25 10:00:00,DEV_003,1,36,83,77
DEV_003_2024-10-25 11:00:00,2024-10-25 11:00:00,DEV_003,28,69,55,93
DEV_003_2024-10-25 12:00:00,2024-10-25 12:00:00,DEV_003,92,63,10,61
DEV_003_2024-10-25 13:00:00,2024-10-25 13:00:00,DEV_003,32,58,35,29
DEV_003_2024-10-25 14:00:00,2024-10-25 14:00:00,DEV_003,96,61,12,60
DEV_003_2024-10-25 15:00:00,2024-10-25 15:00:00,DEV_003,29,91,80,26
DEV_003_2024-10-25 16:00:00,2024-10-25 16:00:00,DEV_003,8,13,11,42
DEV_003_2024-10-25 17:00:00,2024-10-25 17:00:00,DEV_003,20,36,18,68
DEV_003_2024-10-25 18:00:00,2024-10-25 18:00:00,DEV_003,26,36,3,48
DEV_003_2024-10-25 19:00:00,2024-10-25 19:00:00,DEV_003,38,50,4,75
DEV_003_2024-10-25 20:00:00,2024-10-25 20:00:00,DEV_003,78,92,51,93
DEV_003_2024-10-25 21:00:00,2024-10-25 21:00:00,DEV_003,65,88,47,12
DEV_003_2024-10-25 22:00:00,2024-10-25 22:00:00,DEV_003,50,49,2,77
DEV_003_2024-10-25 23:00:00,2024-10-25 23:00:00,DEV_003,52,80,71,55
DEV_003_2024-10-26 00:00:00,2024-10-26 00:00:00,DEV_003,48,81,80,45
DEV_003_2024-10-26 01:00:00,2024-10-26 01:00:00,DEV_003,63,39,61,58
DEV_003_2024-10-26 02:00:00,2024-10-26 02:00:00,DEV_003,85,81,82,20
DEV_003_2024-10-26 03:00:00,2024-10-26 03:00:00,DEV_003,93,19,93,63
DEV_003_2024-10-26 04:00:00,2024-10-26 04:00:00,DEV_003,89,96,95,66
DEV_003_2024-10-26 05:00:00,2024-10-26 05:00:00,DEV_003,65,7,78,59
DEV_003_2024-10-26 06:00:00,2024-10-26 06:00:00,DEV_003,46,71,88,26
DEV_003_2024-10-26 07:00:00,2024-10-26 07:00:00,DEV_003,66,14,97,32
DEV_003_2024-10-26 08:00:00,2024-10-26 08:00:00,DEV_003,90,32,84,4
DEV_003_2024-10-26 09:00:00,2024-10-26 09:00:00,DEV_003,77,22,76,91
DEV_003_2024-10-26 10:00:00,2024-10-26 10:00:00,DEV_003,85,65,70,2
DEV_003_2024-10-26 11:00:00,2024-10-26 11:00:00,DEV_003,38,23,47,28
DEV_003_2024-10-26 12:00:00,2024-10-26 12:00:00,DEV_003,98,32,40,65
DEV_003_2024-10-26 13:00:00,2024-10-26 13:00:00,DEV_003,9,16,60,37
DEV_003_2024-10-26 14:00:00,2024-10-26 14:00:00,DEV_003,15,60,3,22
DEV_003_2024-10-26 15:00:00,2024-10-26 15:00:00,DEV_003,50,64,44,52
DEV_003_2024-10-26 16:00:00,2024-10-26 16:00:00,DEV_003,1,90,75,65
DEV_003_2024-10-26 17:00:00,2024-10-26 17:00:00,DEV_003,4,11,96,35
DEV_003_2024-10-26 18:00:00,2024-10-26 18:00:00,DEV_003,31,85,22,76
DEV_003_2024-10-26 19:00:00,2024-10-26 19:00:00,DEV_003,58,31,88,77
DEV_003_2024-10-26 20:00:00,2024-10-26 20:00:00,DEV_003,92,94,31,59
DEV_003_2024-10-26 21:00:00,2024-10-26 21:00:00,DEV_003,37,94,12,57
DEV_003_2024-10-26 22:00:00,2024-10-26 22:00:00,DEV_003,24,27,87,1
DEV_003_2024-10-26 23:00:00,2024-10-26 23:00:00,DEV_003,87,18,55,82
DEV_003_2024-10-27 00:00:00,2024-10-27 00:00:00,DEV_003,10,24,63,83
DEV_003_2024-10-27 01:00:00,2024-10-27 01:00:00,DEV_003,47,99,79,17
DEV_003_2024-10-27 02:00:00,2024-10-27 02:00:00,DEV_003,34,95,17,64
DEV_003_2024-10-27 03:00:00,2024-10-27 03:00:00,DEV_003,3,87,6,95
DEV_003_2024-10-27 04:00:00,2024-10-27 04:00:00,DEV_003,18,8,34,70
DEV_003_2024-10-27 05:00:00,2024-10-27 05:00:00,DEV_003,80,82,83,5
DEV_003_2024-10-27 06:00:00,2024-10-27 06:00:00,DEV_003,98,96,95,70
DEV_003_2024-10-27 07:00:00,2024-10-27 07:00:00,DEV_003,52,41,37,29
DEV_003_2024-10-27 08:00:00,2024-10-27 08:00:00,DEV_003,4,64,1,86
DEV_003_2024-10-27 09:00:00,2024-10-27 09:00:00,DEV_003,55,92,67,45
DEV_003_2024-10-27 10:00:00,2024-10-27 10:00:00,DEV_003,47,46,13,77
DEV_003_2024-10-27 11:00:00,2024-10-27 11:00:00,DEV_003,49,19,22,63
DEV_003_2024-10-27 12:00:00,2024-10-27 12:00:00,DEV_003,92,11,98,73
DEV_003_2024-10-27 13:00:00,2024-10-27 13:00:00,DEV_003,40,81,66,26
DEV_003_2024-10-27 14:00:00,2024-10-27 14:00:00,DEV_003,33,65,25,17
DEV_003_2024-10-27 15:00:00,2024-10-27 15:00:00,DEV_003,41,62,68,92
DEV_003_2024-10-27 16:00:00,2024-10-27 16:00:00,DEV_003,61,17,97,91
DEV_003_2024-10-27 17:00:00,2024-10-27 17:00:00,DEV_003,54,99,91,89
DEV_003_2024-10-27 18:00:00,2024-10-27 18:00:00,DEV_003,28,62,26,7
DEV_003_2024-10-27 19:00:00,2024-10-27 19:00:00,DEV_003,62,99,49,59
DEV_003_2024-10-27 20:00:00,2024-10-27 20:00:00,DEV_003,57,34,64,15
DEV_003_2024-10-27 21:00:00,2024-10-27 21:00:00,DEV_003,20,57,8,17
DEV_003_2024-10-27 22:00:00,2024-10-27 22:00:00,DEV_003,68,86,35,82
DEV_003_2024-10-27 23:00:00,2024-10-27 23:00:00,DEV_003,16,82,25,81
DEV_003_2024-10-28 00:00:00,2024-10-28 00:00:00,DEV_003,39,43,77,5
DEV_003_2024-10-28 01:00:00,2024-10-28 01:00:00,DEV_003,8,99,94,92
DEV_003_2024-10-28 02:00:00,2024-10-28 02:00:00,DEV_003,81,46,14,83
DEV_003_2024-10-28 03:00:00,2024-10-28 03:00:00,DEV_003,88,83,55,39
DEV_003_2024-10-28 04:00:00,2024-10-28 04:00:00,DEV_003,33,38,63,41
DEV_003_2024-10-28 05:00:00,2024-10-28 05:00:00,DEV_003,43,83,85,16
DEV_003_2024-10-28 06:00:00,2024-10-28 06:00:00,DEV_003,60,60,27,19
DEV_003_2024-10-28 07:00:00,2024-10-28 07:00:00,DEV_003,86,29,65,43
DEV_003_2024-10-28 08:00:00,2024-10-28 08:00:00,DEV_003,46,33,32,65
DEV_003_2024-10-28 09:00:00,2024-10-28 09:00:00,DEV_003,74,26,55,35
DEV_003_2024-10-28 10:00:00,2024-10-28 10:00:00,DEV_003,64,29,59,30
DEV_003_2024-10-28 11:00:00,2024-10-28 11:00:00,DEV_003,70,34,73,72
DEV_003_2024-10-28 12:00:00,2024-10-28 12:00:00,DEV_003,3,35,73,9
DEV_003_2024-10-28 13:00:00,2024-10-28 13:00:00,DEV_003,1,59,66,70
DEV_003_2024-10-28 14:00:00,2024-10-28 14:00:00,DEV_003,98,45,93,4
DEV_003_2024-10-28 15:00:00,2024-10-28 15:00:00,DEV_003,34,63,62,12
DEV_003_2024-10-28 16:00:00,2024-10-28 16:00:00,DEV_003,49,3,30,82
DEV_003_2024-10-28 17:00:00,2024-10-28 17:00:00,DEV_003,93,46,88,25
DEV_003_2024-10-28 18:00:00,2024-10-28 18:00:00,DEV_003,96,30,99,53
DEV_003_2024-10-28 19:00:00,2024-10-28 19:00:00,DEV_003,21,16,98,19
DEV_003_2024-10-28 20:00:00,2024-10-28 20:00:00,DEV_003,22,58,31,9
DEV_003_2024-10-28 21:00:00,2024-10-28 21:00:00,DEV_003,8,2,73,71
DEV_003_2024-10-28 22:00:00,2024-10-28 22:00:00,DEV_003,19,22,11,43
DEV_003_2024-10-28 23:00:00,2024-10-28 23:00:00,DEV_003,97,69,14,84
DEV_003_2024-10-29 00:00:00,2024-10-29 00:00:00,DEV_003,7,54,4,72
DEV_003_2024-10-29 01:00:00,2024-10-29 01:00:00,DEV_003,63,80,42,49
DEV_003_2024-10-29 02:00:00,2024-10-29 02:00:00,DEV_003,97,39,53,17
DEV_003_2024-10-29 03:00:00,2024-10-29 03:00:00,DEV_003,97,94,18,72
DEV_003_2024-10-29 04:00:00,2024-10-29 04:00:00,DEV_003,26,52,83,48
DEV_003_2024-10-29 05:00:00,2024-10-29 05:00:00,DEV_003,9,48,78,91
DEV_003_2024-10-29 06:00:00,2024-10-29 06:00:00,DEV_003,31,76,92,47
DEV_003_2024-10-29 07:00:00,2024-10-29 07:00:00,DEV_003,18,91,28,17
DEV_003_2024-10-29 08:00:00,2024-10-29 08:00:00,DEV_003,6,93,14,56
DEV_003_2024-10-29 09:00:00,2024-10-29 09:00:00,DEV_003,53,87,34,37
DEV_003_2024-10-29 10:00:00,2024-10-29 10:00:00,DEV_003,89,9,29,34
DEV_003_2024-10-29 11:00:00,2024-10-29 11:00:00,DEV_003,45,37,85,22
DEV_003_2024-10-29 12:00:00,2024-10-29 12:00:00,DEV_003,53,26,34,83
DEV_003_2024-10-29 13:00:00,2024-10-29 13:00:00,DEV_003,44,64,88,46
DEV_003_2024-10-29 14:00:00,2024-10-29 14:00:00,DEV_003,6,75,57,75
DEV_003_2024-10-29 15:00:00,2024-10-29 15:00:00,DEV_003,22,61,8,2
DEV_003_2024-10-29 16:00:00,2024-10-29 16:00:00,DEV_003,87,17,29,65
DEV_003_2024-10-29 17:00:00,2024-10-29 17:00:00,DEV_003,12,96,81,35
DEV_003_2024-10-29 18:00:00,2024-10-29 18:00:00,DEV_003,28,3,39,55
DEV_003_2024-10-29 19:00:00,2024-10-29 19:00:00,DEV_003,55,78,89,6
DEV_003_2024-10-29 20:00:00,2024-10-29 20:00:00,DEV_003,24,32,38,63
DEV_003_2024-10-29 21:00:00,2024-10-29 21:00:00,DEV_003,61,76,32,73
DEV_003_2024-10-29 22:00:00,2024-10-29 22:00:00,DEV_003,95,10,73,43
DEV_003_2024-10-29 23:00:00,2024-10-29 23:00:00,DEV_003,51,23,84,22
DEV_003_2024-10-30 00:00:00,2024-10-30 00:00:00,DEV_003,82,18,86,5
DEV_003_2024-10-30 01:00:00,2024-10-30 01:00:00,DEV_003,69,53,33,33
DEV_003_2024-10-30 02:00:00,2024-10-30 02:00:00,DEV_003,37,48,63,39
DEV_003_2024-10-30 03:00:00,2024-10-30 03:00:00,DEV_003,30,76,34,32
DEV_003_2024-10-30 04:00:00,2024-10-30 04:00:00,DEV_003,31,16,38,10
DEV_003_2024-10-30 05:00:00,2024-10-30 05:00:00,DEV_003,79,5,93,99
DEV_003_2024-10-30 06:00:00,2024-10-30 06:00:00,DEV_003,26,89,18,68
DEV_003_2024-10-30 07:00:00,2024-10-30 07:00:00,DEV_003,99,31,73,35
DEV_003_2024-10-30 08:00:00,2024-10-30 08:00:00,DEV_003,49,25,61,81
DEV_003_2024-10-30 09:00:00,2024-10-30 09:00:00,DEV_003,94,87,53,63
DEV_003_2024-10-30 10:00:00,2024-10-30 10:00:00,DEV_003,98,4,43,17
DEV_003_2024-10-30 11:00:00,2024-10-30 11:00:00,DEV_003,14,93,40,15
DEV_003_2024-10-30 12:00:00,2024-10-30 12:00:00,DEV_003,46,95,74,98
DEV_003_2024-10-30 13:00:00,2024-10-30 13:00:00,DEV_003,22,43,29,56
DEV_003_2024-10-30 14:00:00,2024-10-30 14:00:00,DEV_003,1,53,67,99
DEV_003_2024-10-30 15:00:00,2024-10-30 15:00:00,DEV_003,90,11,48,84
DEV_003_2024-10-30 16:00:00,2024-10-30 16:00:00,DEV_003,97,28,52,15
DEV_003_2024-10-30 17:00:00,2024-10-30 17:00:00,DEV_003,60,58,90,34
DEV_003_2024-10-30 18:00:00,2024-10-30 18:00:00,DEV_003,92,68,32,93
DEV_003_2024-10-30 19:00:00,2024-10-30 19:00:00,DEV_003,95,67,49,27
DEV_003_2024-10-30 20:00:00,2024-10-30 20:00:00,DEV_003,57,63,86,18
DEV_003_2024-10-30 21:00:00,2024-10-30 21:00:00,DEV_003,83,90,2,39
DEV_003_2024-10-30 22:00:00,2024-10-30 22:00:00,DEV_003,18,83,10,4
DEV_003_2024-10-30 23:00:00,2024-10-30 23:00:00,DEV_003,94,29,37,23
DEV_003_2024-10-31 00:00:00,2024-10-31 00:00:00,DEV_003,59,12,37,71
DEV_003_2024-10-31 01:00:00,2024-10-31 01:00:00,DEV_003,94,57,51,12
DEV_003_2024-10-31 02:00:00,2024-10-31 02:00:00,DEV_003,50,59,71,73
DEV_003_2024-10-31 03:00:00,2024-10-31 03:00:00,DEV_003,42,79,82,64
DEV_003_2024-10-31 04:00:00,2024-10-31 04:00:00,DEV_003,42,65,11,98
DEV_003_2024-10-31 05:00:00,2024-10-31 05:00:00,DEV_003,72,41,17,9
DEV_003_2024-10-31 06:00:00,2024-10-31 06:00:00,DEV_003,28,91,88,9
DEV_003_2024-10-31 07:00:00,2024-10-31 07:00:00,DEV_003,53,14,23,25
DEV_003_2024-10-31 08:00:00,2024-10-31 08:00:00,DEV_003,41,16,61,4
DEV_003_2024-10-31 09:00:00,2024-10-31 09:00:00,DEV_003,63,87,55,92
DEV_003_2024-10-31 10:00:00,2024-10-31 10:00:00,DEV_003,33,21,41,61
DEV_003_2024-10-31 11:00:00,2024-10-31 11:00:00,DEV_003,34,84,1,61
DEV_003_2024-10-31 12:00:00,2024-10-31 12:00:00,DEV_003,40,61,15,82
DEV_003_2024-10-31 13:00:00,2024-10-31 13:00:00,DEV_003,13,35,44,57
DEV_003_2024-10-31 14:00:00,2024-10-31 14:00:00,DEV_003,32,85,70,19
DEV_003_2024-10-31 15:00:00,2024-10-31 15:00:00,DEV_003,12,41,53,63
DEV_003_2024-10-31 16:00:00,2024-10-31 16:00:00,DEV_003,18,95,22,96
DEV_003_2024-10-31 17:00:00,2024-10-31 17:00:00,DEV_003,1,74,2,79
DEV_003_2024-10-31 18:00:00,2024-10-31 18:00:00,DEV_003,69,5,40,15
DEV_003_2024-10-31 19:00:00,2024-10-31 19:00:00,DEV_003,29,10,71,8
DEV_003_2024-10-31 20:00:00,2024-10-31 20:00:00,DEV_003,24,77,74,67
DEV_003_2024-10-31 21:00:00,2024-10-31 21:00:00,DEV_003,49,59,13,27
DEV_003_2024-10-31 22:00:00,2024-10-31 22:00:00,DEV_003,74,30,52,97
DEV_003_2024-10-31 23:00:00,2024-10-31 23:00:00,DEV_003,84,67,2,28
DEV_003_2024-11-01 00:00:00,2024-11-01 00:00:00,DEV_003,15,61,15,66
DEV_003_2024-11-01 01:00:00,2024-11-01 01:00:00,DEV_003,96,96,26,4
DEV_003_2024-11-01 02:00:00,2024-11-01 02:00:00,DEV_003,56,62,48,94
DEV_003_2024-11-01 03:00:00,2024-11-01 03:00:00,DEV_003,75,48,77,80
DEV_003_2024-11-01 04:00:00,2024-11-01 04:00:00,DEV_003,94,22,50,38
DEV_003_2024-11-01 05:00:00,2024-11-01 05:00:00,DEV_003,73,16,38,81
DEV_003_2024-11-01 06:00:00,2024-11-01 06:00:00,DEV_003,97,52,19,11
DEV_003_2024-11-01 07:00:00,2024-11-01 07:00:00,DEV_003,88,55,42,25
DEV_003_2024-11-01 08:00:00,2024-11-01 08:00:00,DEV_003,88,2,63,88
DEV_003_2024-11-01 09:00:00,2024-11-01 09:00:00,DEV_003,19,42,12,48
DEV_003_2024-11-01 10:00:00,2024-11-01 10:00:00,DEV_003,68,2,89,16
DEV_003_2024-11-01 11:00:00,2024-11-01 11:00:00,DEV_003,12,69,94,95
DEV_003_2024-11-01 12:00:00,2024-11-01 12:00:00,DEV_003,47,24,75,74
DEV_003_2024-11-01 13:00:00,2024-11-01 13:00:00,DEV_003,23,91,62,89
DEV_003_2024-11-01 14:00:00,2024-11-01 14:00:00,DEV_003,70,80,87,69
DEV_003_2024-11-01 15:00:00,2024-11-01 15:00:00,DEV_003,96,18,78,64
DEV_003_2024-11-01 16:00:00,2024-11-01 16:00:00,DEV_003,30,31,36,76
DEV_003_2024-11-01 17:00:00,2024-11-01 17:00:00,DEV_003,68,95,54,15
DEV_003_2024-11-01 18:00:00,2024-11-01 18:00:00,DEV_003,42,99,94,33
DEV_003_2024-11-01 19:00:00,2024-11-01 19:00:00,DEV_003,13,63,60,40
DEV_003_2024-11-01 20:00:00,2024-11-01 20:00:00,DEV_003,45,75,98,72
DEV_003_2024-11-01 21:00:00,2024-11-01 21:00:00,DEV_003,81,48,24,20
DEV_003_2024-11-01 22:00:00,2024-11-01 22:00:00,DEV_003,34,52,54,24
DEV_003_2024-11-01 23:00:00,2024-11-01 23:00:00,DEV_003,2,88,25,41
DEV_003_2024-11-02 00:00:00,2024-11-02 00:00:00,DEV_003,72,13,74,6
DEV_003_2024-11-02 01:00:00,2024-11-02 01:00:00,DEV_003,37,23,70,21
DEV_003_2024-11-02 02:00:00,2024-11-02 02:00:00,DEV_003,27,50,11,95
DEV_003_2024-11-02 03:00:00,2024-11-02 03:00:00,DEV_003,42,46,31,16
DEV_003_2024-11-02 04:00:00,2024-11-02 04:00:00,DEV_003,3,57,51,46
DEV_003_2024-11-02 05:00:00,2024-11-02 05:00:00,DEV_003,63,58,86,53
DEV_003_2024-11-02 06:00:00,2024-11-02 06:00:00,DEV_003,57,11,11,13
DEV_003_2024-11-02 07:00:00,2024-11-02 07:00:00,DEV_003,37,47,2,16
DEV_003_2024-11-02 08:00:00,2024-11-02 08:00:00,DEV_003,67,56,35,57
DEV_003_2024-11-02 09:00:00,2024-11-02 09:00:00,DEV_003,19,49,21,45
DEV_003_2024-11-02 10:00:00,2024-11-02 10:00:00,DEV_003,46,49,8,63
DEV_003_2024-11-02 11:00:00,2024-11-02 11:00:00,DEV_003,25,27,8,84
DEV_003_2024-11-02 12:00:00,2024-11-02 12:00:00,DEV_003,26,25,78,84
DEV_003_2024-11-02 13:00:00,2024-11-02 13:00:00,DEV_003,20,1,27,67
DEV_003_2024-11-02 14:00:00,2024-11-02 14:00:00,DEV_003,36,89,97,13
DEV_003_2024-11-02 15:00:00,2024-11-02 15:00:00,DEV_003,74,35,25,88
DEV_003_2024-11-02 16:00:00,2024-11-02 16:00:00,DEV_003,97,1,22,83
DEV_003_2024-11-02 17:00:00,2024-11-02 17:00:00,DEV_003,29,3,24,36
DEV_003_2024-11-02 18:00:00,2024-11-02 18:00:00,DEV_003,4,82,23,79
DEV_003_2024-11-02 19:00:00,2024-11-02 19:00:00,DEV_003,62,17,14,46
DEV_003_2024-11-02 20:00:00,2024-11-02 20:00:00,DEV_003,2,59,42,67
DEV_003_2024-11-02 21:00:00,2024-11-02 21:00:00,DEV_003,1,50,78,54
DEV_003_2024-11-02 22:00:00,2024-11-02 22:00:00,DEV_003,63,89,18,25
DEV_003_2024-11-02 23:00:00,2024-11-02 23:00:00,DEV_003,52,75,27,12
DEV_003_2024-11-03 00:00:00,2024-11-03 00:00:00,DEV_003,57,71,76,50
DEV_003_2024-11-03 01:00:00,2024-11-03 01:00:00,DEV_003,73,90,16,90
DEV_003_2024-11-03 02:00:00,2024-11-03 02:00:00,DEV_003,97,95,19,48
DEV_003_2024-11-03 03:00:00,2024-11-03 03:00:00,DEV_003,55,86,8,50
DEV_003_2024-11-03 04:00:00,2024-11-03 04:00:00,DEV_003,13,20,71,62
DEV_003_2024-11-03 05:00:00,2024-11-03 05:00:00,DEV_003,28,72,36,91
DEV_003_2024-11-03 06:00:00,2024-11-03 06:00:00,DEV_003,74,97,74,97
DEV_003_2024-11-03 07:00:00,2024-11-03 07:00:00,DEV_003,67,7,30,90
DEV_003_2024-11-03 08:00:00,2024-11-03 08:00:00,DEV_003,4,96,32,15
DEV_003_2024-11-03 09:00:00,2024-11-03 09:00:00,DEV_003,39,48,74,6
DEV_003_2024-11-03 10:00:00,2024-11-03 10:00:00,DEV_003,18,20,56,21
DEV_003_2024-11-03 11:00:00,2024-11-03 11:00:00,DEV_003,99,52,89,79
DEV_003_2024-11-03 12:00:00,2024-11-03 12:00:00,DEV_003,71,5,30,96
DEV_003_2024-11-03 13:00:00,2024-11-03 13:00:00,DEV_003,86,52,74,22
DEV_003_2024-11-03 14:00:00,2024-11-03 14:00:00,DEV_003,38,87,83,42
DEV_003_2024-11-03 15:00:00,2024-11-03 15:00:00,DEV_003,23,22,97,23
DEV_003_2024-11-03 16:00:00,2024-11-03 16:00:00,DEV_003,73,99,1,86
DEV_003_2024-11-03 17:00:00,2024-11-03 17:00:00,DEV_003,25,81,11,46
DEV_003_2024-11-03 18:00:00,2024-11-03 18:00:00,DEV_003,9,99,74,65
DEV_003_2024-11-03 19:00:00,2024-11-03 19:00:00,DEV_003,7,68,4,66
DEV_003_2024-11-03 20:00:00,2024-11-03 20:00:00,DEV_003,91,27,28,26
DEV_003_2024-11-03 21:00:00,2024-11-03 21:00:00,DEV_003,12,86,78,1
DEV_003_2024-11-03 22:00:00,2024-11-03 22:00:00,DEV_003,92,27,12,62
DEV_003_2024-11-03 23:00:00,2024-11-03 23:00:00,DEV_003,28,65,46,64
DEV_003_2024-11-04 00:00:00,2024-11-04 00:00:00,DEV_003,93,76,12,67
DEV_003_2024-11-04 01:00:00,2024-11-04 01:00:00,DEV_003,94,41,20,81
DEV_003_2024-11-04 02:00:00,2024-11-04 02:00:00,DEV_003,86,22,78,87
DEV_003_2024-11-04 03:00:00,2024-11-04 03:00:00,DEV_003,98,26,90,88
DEV_003_2024-11-04 04:00:00,2024-11-04 04:00:00,DEV_003,78,19,21,3
DEV_003_2024-11-04 05:00:00,2024-11-04 05:00:00,DEV_003,86,15,47,23
DEV_003_2024-11-04 06:00:00,2024-11-04 06:00:00,DEV_003,93,10,61,31
DEV_003_2024-11-04 07:00:00,2024-11-04 07:00:00,DEV_003,75,72,83,8
DEV_003_2024-11-04 08:00:00,2024-11-04 08:00:00,DEV_003,7,98,60,87
DEV_003_2024-11-04 09:00:00,2024-11-04 09:00:00,DEV_003,32,75,3,73
DEV_003_2024-11-04 10:00:00,2024-11-04 10:00:00,DEV_003,18,17,36,57
DEV_003_2024-11-04 11:00:00,2024-11-04 11:00:00,DEV_003,99,73,31,12
DEV_003_2024-11-04 12:00:00,2024-11-04 12:00:00,DEV_003,58,14,69,29
DEV_003_2024-11-04 13:00:00,2024-11-04 13:00:00,DEV_003,52,69,39,9
DEV_003_2024-11-04 14:00:00,2024-11-04 14:00:00,DEV_003,85,2,78,27
DEV_003_2024-11-04 15:00:00,2024-11-04 15:00:00,DEV_003,6,58,73,19
DEV_003_2024-11-04 16:00:00,2024-11-04 16:00:00,DEV_003,4,41,85,90
DEV_003_2024-11-04 17:00:00,2024-11-04 17:00:00,DEV_003,33,73,78,14
DEV_003_2024-11-04 18:00:00,2024-11-04 18:00:00,DEV_003,70,48,48,17
DEV_003_2024-11-04 19:00:00,2024-11-04 19:00:00,DEV_003,54,99,97,65
DEV_003_2024-11-04 20:00:00,2024-11-04 20:00:00,DEV_003,67,15,11,13
DEV_003_2024-11-04 21:00:00,2024-11-04 21:00:00,DEV_003,95,5,10,99
DEV_003_2024-11-04 22:00:00,2024-11-04 22:00:00,DEV_003,72,16,77,30
DEV_003_2024-11-04 23:00:00,2024-11-04 23:00:00,DEV_003,97,44,47,73
DEV_003_2024-11-05 00:00:00,2024-11-05 00:00:00,DEV_003,9,83,4,19
DEV_003_2024-11-05 01:00:00,2024-11-05 01:00:00,DEV_003,18,39,57,21
DEV_003_2024-11-05 02:00:00,2024-11-05 02:00:00,DEV_003,6,68,60,45
DEV_003_2024-11-05 03:00:00,2024-11-05 03:00:00,DEV_003,19,43,80,13
DEV_003_2024-11-05 04:00:00,2024-11-05 04:00:00,DEV_003,57,27,16,32
DEV_003_2024-11-05 05:00:00,2024-11-05 05:00:00,DEV_003,81,59,7,99
DEV_003_2024-11-05 06:00:00,2024-11-05 06:00:00,DEV_003,7,37,56,28
DEV_003_2024-11-05 07:00:00,2024-11-05 07:00:00,DEV_003,52,12,89,50
DEV_003_2024-11-05 08:00:00,2024-11-05 08:00:00,DEV_003,27,53,8,92
DEV_003_2024-11-05 09:00:00,2024-11-05 09:00:00,DEV_003,63,82,95,83
DEV_003_2024-11-05 10:00:00,2024-11-05 10:00:00,DEV_003,24,10,27,6
DEV_003_2024-11-05 11:00:00,2024-11-05 11:00:00,DEV_003,35,74,50,52
DEV_003_2024-11-05 12:00:00,2024-11-05 12:00:00,DEV_003,60,60,54,78
DEV_003_2024-11-05 13:00:00,2024-11-05 13:00:00,DEV_003,26,69,72,84
DEV_003_2024-11-05 14:00:00,2024-11-05 14:00:00,DEV_003,10,27,79,12
DEV_003_2024-11-05 15:00:00,2024-11-05 15:00:00,DEV_003,94,55,5,67
DEV_003_2024-11-05 16:00:00,2024-11-05 16:00:00,DEV_003,63,29,52,74
DEV_003_2024-11-05 17:00:00,2024-11-05 17:00:00,DEV_003,46,68,43,34
DEV_003_2024-11-05 18:00:00,2024-11-05 18:00:00,DEV_003,71,45,52,90
DEV_003_2024-11-05 19:00:00,2024-11-05 19:00:00,DEV_003,67,57,46,23
DEV_003_2024-11-05 20:00:00,2024-11-05 20:00:00,DEV_003,89,92,16,16
DEV_003_2024-11-05 21:00:00,2024-11-05 21:00:00,DEV_003,68,38,8,80
DEV_003_2024-11-05 22:00:00,2024-11-05 22:00:00,DEV_003,92,18,15,23
DEV_003_2024-11-05 23:00:00,2024-11-05 23:00:00,DEV_003,8,19,6,24
DEV_003_2024-11-06 00:00:00,2024-11-06 00:00:00,DEV_003,28,28,77,9
DEV_003_2024-11-06 01:00:00,2024-11-06 01:00:00,DEV_003,54,58,34,14
DEV_003_2024-11-06 02:00:00,2024-11-06 02:00:00,DEV_003,77,27,31,6
DEV_003_2024-11-06 03:00:00,2024-11-06 03:00:00,DEV_003,57,2,41,22
DEV_003_2024-11-06 04:00:00,2024-11-06 04:00:00,DEV_003,66,91,22,28
DEV_003_2024-11-06 05:00:00,2024-11-06 05:00:00,DEV_003,70,56,91,28
DEV_003_2024-11-06 06:00:00,2024-11-06 06:00:00,DEV_003,37,79,85,26
DEV_003_2024-11-06 07:00:00,2024-11-06 07:00:00,DEV_003,43,1,90,83
DEV_003_2024-11-06 08:00:00,2024-11-06 08:00:00,DEV_003,79,5,59,27
DEV_003_2024-11-06 09:00:00,2024-11-06 09:00:00,DEV_003,53,19,17,72
DEV_003_2024-11-06 10:00:00,2024-11-06 10:00:00,DEV_003,1,8,81,27
DEV_003_2024-11-06 11:00:00,2024-11-06 11:00:00,DEV_003,93,8,9,79
DEV_003_2024-11-06 12:00:00,2024-11-06 12:00:00,DEV_003,32,20,56,25
DEV_003_2024-11-06 13:00:00,2024-11-06 13:00:00,DEV_003,41,69,87,24
DEV_003_2024-11-06 14:00:00,2024-11-06 14:00:00,DEV_003,28,22,43,62
DEV_003_2024-11-06 15:00:00,2024-11-06 15:00:00,DEV_003,27,35,6,76
DEV_003_2024-11-06 16:00:00,2024-11-06 16:00:00,DEV_003,95,72,68,52
DEV_003_2024-11-06 17:00:00,2024-11-06 17:00:00,DEV_003,72,19,10,93
DEV_003_2024-11-06 18:00:00,2024-11-06 18:00:00,DEV_003,97,87,9,67
DEV_003_2024-11-06 19:00:00,2024-11-06 19:00:00,DEV_003,32,25,3,6
DEV_003_2024-11-06 20:00:00,2024-11-06 20:00:00,DEV_003,73,98,5,6
DEV_003_2024-11-06 21:00:00,2024-11-06 21:00:00,DEV_003,60,29,4,86
DEV_003_2024-11-06 22:00:00,2024-11-06 22:00:00,DEV_003,82,14,95,28
DEV_003_2024-11-06 23:00:00,2024-11-06 23:00:00,DEV_003,75,58,69,64
DEV_003_2024-11-07 00:00:00,2024-11-07 00:00:00,DEV_003,58,20,69,46
DEV_003_2024-11-07 01:00:00,2024-11-07 01:00:00,DEV_003,96,49,85,94
DEV_003_2024-11-07 02:00:00,2024-11-07 02:00:00,DEV_003,44,80,32,14
DEV_003_2024-11-07 03:00:00,2024-11-07 03:00:00,DEV_003,28,61,44,49
DEV_003_2024-11-07 04:00:00,2024-11-07 04:00:00,DEV_003,16,3,48,51
DEV_003_2024-11-07 05:00:00,2024-11-07 05:00:00,DEV_003,47,75,53,11
DEV_003_2024-11-07 06:00:00,2024-11-07 06:00:00,DEV_003,51,26,92,23
DEV_003_2024-11-07 07:00:00,2024-11-07 07:00:00,DEV_003,83,15,1,85
DEV_003_2024-11-07 08:00:00,2024-11-07 08:00:00,DEV_003,3,41,53,70
DEV_003_2024-11-07 09:00:00,2024-11-07 09:00:00,DEV_003,38,60,74,34
DEV_003_2024-11-07 10:00:00,2024-11-07 10:00:00,DEV_003,98,39,90,96
DEV_003_2024-11-07 11:00:00,2024-11-07 11:00:00,DEV_003,96,70,44,51
DEV_003_2024-11-07 12:00:00,2024-11-07 12:00:00,DEV_003,38,38,82,86
DEV_003_2024-11-07 13:00:00,2024-11-07 13:00:00,DEV_003,23,36,50,46
DEV_003_2024-11-07 14:00:00,2024-11-07 14:00:00,DEV_003,21,65,63,4
DEV_003_2024-11-07 15:00:00,2024-11-07 15:00:00,DEV_003,59,63,47,69
DEV_003_2024-11-07 16:00:00,2024-11-07 16:00:00,DEV_003,2,13,46,81
DEV_003_2024-11-07 17:00:00,2024-11-07 17:00:00,DEV_003,58,31,45,20
DEV_003_2024-11-07 18:00:00,2024-11-07 18:00:00,DEV_003,19,52,81,2
DEV_003_2024-11-07 19:00:00,2024-11-07 19:00:00,DEV_003,94,44,46,46
DEV_003_2024-11-07 20:00:00,2024-11-07 20:00:00,DEV_003,14,25,15,4
DEV_003_2024-11-07 21:00:00,2024-11-07 21:00:00,DEV_003,70,65,89,21
DEV_003_2024-11-07 22:00:00,2024-11-07 22:00:00,DEV_003,55,43,4,79
DEV_003_2024-11-07 23:00:00,2024-11-07 23:00:00,DEV_003,72,18,13,64
DEV_003_2024-11-08 00:00:00,2024-11-08 00:00:00,DEV_003,57,76,74,23
DEV_003_2024-11-08 01:00:00,2024-11-08 01:00:00,DEV_003,19,31,81,20
DEV_003_2024-11-08 02:00:00,2024-11-08 02:00:00,DEV_003,13,21,55,12
DEV_003_2024-11-08 03:00:00,2024-11-08 03:00:00,DEV_003,88,88,43,92
DEV_003_2024-11-08 04:00:00,2024-11-08 04:00:00,DEV_003,96,17,40,75
DEV_003_2024-11-08 05:00:00,2024-11-08 05:00:00,DEV_003,60,8,43,38
DEV_003_2024-11-08 06:00:00,2024-11-08 06:00:00,DEV_003,37,82,3,2
DEV_003_2024-11-08 07:00:00,2024-11-08 07:00:00,DEV_003,26,38,72,31
DEV_003_2024-11-08 08:00:00,2024-11-08 08:00:00,DEV_003,85,80,73,11
DEV_003_2024-11-08 09:00:00,2024-11-08 09:00:00,DEV_003,9,2,31,26
DEV_003_2024-11-08 10:00:00,2024-11-08 10:00:00,DEV_003,59,37,67,53
DEV_003_2024-11-08 11:00:00,2024-11-08 11:00:00,DEV_003,46,61,4,6
DEV_003_2024-11-08 12:00:00,2024-11-08 12:00:00,DEV_003,50,84,72,53
DEV_003_2024-11-08 13:00:00,2024-11-08 13:00:00,DEV_003,31,2,6,33
DEV_003_2024-11-08 14:00:00,2024-11-08 14:00:00,DEV_003,63,18,47,76
DEV_003_2024-11-08 15:00:00,2024-11-08 15:00:00,DEV_003,73,82,15,98
DEV_003_2024-11-08 16:00:00,2024-11-08 16:00:00,DEV_003,56,49,56,36
DEV_003_2024-11-08 17:00:00,2024-11-08 17:00:00,DEV_003,79,68,51,79
DEV_003_2024-11-08 18:00:00,2024-11-08 18:00:00,DEV_003,42,15,1,95
DEV_003_2024-11-08 19:00:00,2024-11-08 19:00:00,DEV_003,5,77,32,15
DEV_003_2024-11-08 20:00:00,2024-11-08 20:00:00,DEV_003,23,85,14,24
DEV_003_2024-11-08 21:00:00,2024-11-08 21:00:00,DEV_003,76,69,82,58
DEV_003_2024-11-08 22:00:00,2024-11-08 22:00:00,DEV_003,2,43,49,50
DEV_003_2024-11-08 23:00:00,2024-11-08 23:00:00,DEV_003,25,4,23,33
DEV_003_2024-11-09 00:00:00,2024-11-09 00:00:00,DEV_003,63,42,54,6
DEV_003_2024-11-09 01:00:00,2024-11-09 01:00:00,DEV_003,74,97,3,83
DEV_003_2024-11-09 02:00:00,2024-11-09 02:00:00,DEV_003,65,30,59,42
DEV_003_2024-11-09 03:00:00,2024-11-09 03:00:00,DEV_003,58,29,68,49
DEV_003_2024-11-09 04:00:00,2024-11-09 04:00:00,DEV_003,93,62,27,2
DEV_003_2024-11-09 05:00:00,2024-11-09 05:00:00,DEV_003,99,76,38,23
DEV_003_2024-11-09 06:00:00,2024-11-09 06:00:00,DEV_003,62,2,70,81
DEV_003_2024-11-09 07:00:00,2024-11-09 07:00:00,DEV_003,62,48,85,19
DEV_003_2024-11-09 08:00:00,2024-11-09 08:00:00,DEV_003,79,21,65,6
DEV_003_2024-11-09 09:00:00,2024-11-09 09:00:00,DEV_003,78,62,7,94
DEV_003_2024-11-09 10:00:00,2024-11-09 10:00:00,DEV_003,24,61,26,10
DEV_003_2024-11-09 11:00:00,2024-11-09 11:00:00,DEV_003,75,1,46,34
DEV_003_2024-11-09 12:00:00,2024-11-09 12:00:00,DEV_003,88,93,18,6
DEV_003_2024-11-09 13:00:00,2024-11-09 13:00:00,DEV_003,66,25,53,87
DEV_003_2024-11-09 14:00:00,2024-11-09 14:00:00,DEV_003,42,28,98,24
DEV_003_2024-11-09 15:00:00,2024-11-09 15:00:00,DEV_003,44,91,11,70
DEV_003_2024-11-09 16:00:00,2024-11-09 16:00:00,DEV_003,55,5,14,78
DEV_003_2024-11-09 17:00:00,2024-11-09 17:00:00,DEV_003,88,11,6,16
DEV_003_2024-11-09 18:00:00,2024-11-09 18:00:00,DEV_003,65,18,3,68
DEV_003_2024-11-09 19:00:00,2024-11-09 19:00:00,DEV_003,52,62,32,17
DEV_003_2024-11-09 20:00:00,2024-11-09 20:00:00,DEV_003,94,16,78,43
DEV_003_2024-11-09 21:00:00,2024-11-09 21:00:00,DEV_003,12,65,69,7
DEV_003_2024-11-09 22:00:00,2024-11-09 22:00:00,DEV_003,23,22,13,51
DEV_003_2024-11-09 23:00:00,2024-11-09 23:00:00,DEV_003,75,91,99,74
DEV_003_2024-11-10 00:00:00,2024-11-10 00:00:00,DEV_003,64,61,89,12
DEV_003_2024-11-10 01:00:00,2024-11-10 01:00:00,DEV_003,14,1,44,49
DEV_003_2024-11-10 02:00:00,2024-11-10 02:00:00,DEV_003,67,29,3,64
DEV_003_2024-11-10 03:00:00,2024-11-10 03:00:00,DEV_003,81,25,87,17
DEV_003_2024-11-10 04:00:00,2024-11-10 04:00:00,DEV_003,40,84,91,50
DEV_003_2024-11-10 05:00:00,2024-11-10 05:00:00,DEV_003,36,37,37,23
DEV_003_2024-11-10 06:00:00,2024-11-10 06:00:00,DEV_003,67,38,23,31
DEV_003_2024-11-10 07:00:00,2024-11-10 07:00:00,DEV_003,10,90,46,8
DEV_003_2024-11-10 08:00:00,2024-11-10 08:00:00,DEV_003,28,91,40,43
DEV_003_2024-11-10 09:00:00,2024-11-10 09:00:00,DEV_003,90,51,47,87
DEV_003_2024-11-10 10:00:00,2024-11-10 10:00:00,DEV_003,77,82,39,90
DEV_003_2024-11-10 11:00:00,2024-11-10 11:00:00,DEV_003,29,77,5,40
DEV_003_2024-11-10 12:00:00,2024-11-10 12:00:00,DEV_003,34,37,66,43
DEV_003_2024-11-10 13:00:00,2024-11-10 13:00:00,DEV_003,16,72,31,13
DEV_003_2024-11-10 14:00:00,2024-11-10 14:00:00,DEV_003,56,66,38,10
DEV_003_2024-11-10 15:00:00,2024-11-10 15:00:00,DEV_003,26,39,59,62
DEV_003_2024-11-10 16:00:00,2024-11-10 16:00:00,DEV_003,95,50,70,15
DEV_003_2024-11-10 17:00:00,2024-11-10 17:00:00,DEV_003,85,26,57,73
DEV_003_2024-11-10 18:00:00,2024-11-10 18:00:00,DEV_003,55,97,37,8
DEV_003_2024-11-10 19:00:00,2024-11-10 19:00:00,DEV_003,67,63,87,66
DEV_003_2024-11-10 20:00:00,2024-11-10 20:00:00,DEV_003,19,36,48,30
DEV_003_2024-11-10 21:00:00,2024-11-10 21:00:00,DEV_003,38,59,46,72
DEV_003_2024-11-10 22:00:00,2024-11-10 22:00:00,DEV_003,36,14,84,90
DEV_003_2024-11-10 23:00:00,2024-11-10 23:00:00,DEV_003,59,79,17,15
DEV_003_2024-11-11 00:00:00,2024-11-11 00:00:00,DEV_003,42,80,57,99
DEV_003_2024-11-11 01:00:00,2024-11-11 01:00:00,DEV_003,94,26,21,24
DEV_003_2024-11-11 02:00:00,2024-11-11 02:00:00,DEV_003,22,21,37,76
DEV_003_2024-11-11 03:00:00,2024-11-11 03:00:00,DEV_003,78,8,48,92
DEV_003_2024-11-11 04:00:00,2024-11-11 04:00:00,DEV_003,97,32,84,58
DEV_003_2024-11-11 05:00:00,2024-11-11 05:00:00,DEV_003,92,51,57,75
DEV_003_2024-11-11 06:00:00,2024-11-11 06:00:00,DEV_003,43,14,59,15
DEV_003_2024-11-11 07:00:00,2024-11-11 07:00:00,DEV_003,90,44,13,69
DEV_003_2024-11-11 08:00:00,2024-11-11 08:00:00,DEV_003,55,61,58,8
DEV_003_2024-11-11 09:00:00,2024-11-11 09:00:00,DEV_003,7,20,50,52
DEV_003_2024-11-11 10:00:00,2024-11-11 10:00:00,DEV_003,23,19,97,40
DEV_003_2024-11-11 11:00:00,2024-11-11 11:00:00,DEV_003,54,98,65,12
DEV_003_2024-11-11 12:00:00,2024-11-11 12:00:00,DEV_003,42,85,29,92
DEV_003_2024-11-11 13:00:00,2024-11-11 13:00:00,DEV_003,48,42,80,61
DEV_003_2024-11-11 14:00:00,2024-11-11 14:00:00,DEV_003,49,59,16,48
DEV_003_2024-11-11 15:00:00,2024-11-11 15:00:00,DEV_003,87,31,33,44
DEV_003_2024-11-11 16:00:00,2024-11-11 16:00:00,DEV_003,43,75,18,53
DEV_003_2024-11-11 17:00:00,2024-11-11 17:00:00,DEV_003,80,74,56,45
DEV_003_2024-11-11 18:00:00,2024-11-11 18:00:00,DEV_003,36,57,93,8
DEV_003_2024-11-11 19:00:00,2024-11-11 19:00:00,DEV_003,4,23,47,98
DEV_003_2024-11-11 20:00:00,2024-11-11 20:00:00,DEV_003,93,59,47,89
DEV_003_2024-11-11 21:00:00,2024-11-11 21:00:00,DEV_003,53,19,93,70
DEV_003_2024-11-11 22:00:00,2024-11-11 22:00:00,DEV_003,20,50,12,48
DEV_003_2024-11-11 23:00:00,2024-11-11 23:00:00,DEV_003,1,17,41,4
DEV_003_2024-11-12 00:00:00,2024-11-12 00:00:00,DEV_003,70,55,65,77
DEV_003_2024-11-12 01:00:00,2024-11-12 01:00:00,DEV_003,62,35,28,78
DEV_003_2024-11-12 02:00:00,2024-11-12 02:00:00,DEV_003,64,64,2,23
DEV_003_2024-11-12 03:00:00,2024-11-12 03:00:00,DEV_003,43,89,36,39
DEV_003_2024-11-12 04:00:00,2024-11-12 04:00:00,DEV_003,56,24,90,94
DEV_003_2024-11-12 05:00:00,2024-11-12 05:00:00,DEV_003,53,63,15,45
DEV_003_2024-11-12 06:00:00,2024-11-12 06:00:00,DEV_003,60,27,45,19
DEV_003_2024-11-12 07:00:00,2024-11-12 07:00:00,DEV_003,2,51,16,94
DEV_003_2024-11-12 08:00:00,2024-11-12 08:00:00,DEV_003,55,77,79,56
DEV_003_2024-11-12 09:00:00,2024-11-12 09:00:00,DEV_003,30,4,72,14
DEV_003_2024-11-12 10:00:00,2024-11-12 10:00:00,DEV_003,97,5,14,52
DEV_003_2024-11-12 11:00:00,2024-11-12 11:00:00,DEV_003,67,53,41,47
DEV_003_2024-11-12 12:00:00,2024-11-12 12:00:00,DEV_003,34,80,48,52
DEV_003_2024-11-12 13:00:00,2024-11-12 13:00:00,DEV_003,79,12,41,52
DEV_003_2024-11-12 14:00:00,2024-11-12 14:00:00,DEV_003,7,12,80,63
DEV_003_2024-11-12 15:00:00,2024-11-12 15:00:00,DEV_003,29,64,17,11
DEV_003_2024-11-12 16:00:00,2024-11-12 16:00:00,DEV_003,90,96,73,56
DEV_003_2024-11-12 17:00:00,2024-11-12 17:00:00,DEV_003,55,51,92,10
DEV_003_2024-11-12 18:00:00,2024-11-12 18:00:00,DEV_003,37,32,62,82
DEV_003_2024-11-12 19:00:00,2024-11-12 19:00:00,DEV_003,89,22,5,74
DEV_003_2024-11-12 20:00:00,2024-11-12 20:00:00,DEV_003,68,9,12,1
DEV_003_2024-11-12 21:00:00,2024-11-12 21:00:00,DEV_003,7,12,33,67
DEV_003_2024-11-12 22:00:00,2024-11-12 22:00:00,DEV_003,18,89,67,5
DEV_003_2024-11-12 23:00:00,2024-11-12 23:00:00,DEV_003,81,76,39,83
DEV_003_2024-11-13 00:00:00,2024-11-13 00:00:00,DEV_003,35,56,46,41
DEV_003_2024-11-13 01:00:00,2024-11-13 01:00:00,DEV_003,43,60,59,27
DEV_003_2024-11-13 02:00:00,2024-11-13 02:00:00,DEV_003,16,48,77,36
DEV_003_2024-11-13 03:00:00,2024-11-13 03:00:00,DEV_003,1,69,46,42
DEV_003_2024-11-13 04:00:00,2024-11-13 04:00:00,DEV_003,74,83,49,77
DEV_003_2024-11-13 05:00:00,2024-11-13 05:00:00,DEV_003,13,74,87,77
DEV_003_2024-11-13 06:00:00,2024-11-13 06:00:00,DEV_003,23,83,69,29
DEV_003_2024-11-13 07:00:00,2024-11-13 07:00:00,DEV_003,53,31,52,35
DEV_003_2024-11-13 08:00:00,2024-11-13 08:00:00,DEV_003,30,78,35,28
DEV_003_2024-11-13 09:00:00,2024-11-13 09:00:00,DEV_003,6,91,65,48
DEV_003_2024-11-13 10:00:00,2024-11-13 10:00:00,DEV_003,71,41,23,59
DEV_003_2024-11-13 11:00:00,2024-11-13 11:00:00,DEV_003,2,51,52,59
DEV_003_2024-11-13 12:00:00,2024-11-13 12:00:00,DEV_003,25,7,7,50
DEV_003_2024-11-13 13:00:00,2024-11-13 13:00:00,DEV_003,62,77,79,51
DEV_003_2024-11-13 14:00:00,2024-11-13 14:00:00,DEV_003,6,88,95,65
DEV_003_2024-11-13 15:00:00,2024-11-13 15:00:00,DEV_003,53,6,14,72
DEV_003_2024-11-13 16:00:00,2024-11-13 16:00:00,DEV_003,25,31,81,20
DEV_003_2024-11-13 17:00:00,2024-11-13 17:00:00,DEV_003,23,52,24,31
DEV_003_2024-11-13 18:00:00,2024-11-13 18:00:00,DEV_003,56,7,37,87
DEV_003_2024-11-13 19:00:00,2024-11-13 19:00:00,DEV_003,10,74,89,25
DEV_003_2024-11-13 20:00:00,2024-11-13 20:00:00,DEV_003,73,99,41,29
DEV_003_2024-11-13 21:00:00,2024-11-13 21:00:00,DEV_003,29,72,15,5
DEV_003_2024-11-13 22:00:00,2024-11-13 22:00:00,DEV_003,15,16,94,99
DEV_003_2024-11-13 23:00:00,2024-11-13 23:00:00,DEV_003,6,44,70,67
DEV_003_2024-11-14 00:00:00,2024-11-14 00:00:00,DEV_003,18,4,84,55
DEV_003_2024-11-14 01:00:00,2024-11-14 01:00:00,DEV_003,7,9,89,32
DEV_003_2024-11-14 02:00:00,2024-11-14 02:00:00,DEV_003,60,32,31,51
DEV_003_2024-11-14 03:00:00,2024-11-14 03:00:00,DEV_003,47,1,25,79
DEV_003_2024-11-14 04:00:00,2024-11-14 04:00:00,DEV_003,47,93,10,3
DEV_003_2024-11-14 05:00:00,2024-11-14 05:00:00,DEV_003,43,43,46,82
DEV_003_2024-11-14 06:00:00,2024-11-14 06:00:00,DEV_003,13,1,1,99
DEV_003_2024-11-14 07:00:00,2024-11-14 07:00:00,DEV_003,14,19,24,82
DEV_003_2024-11-14 08:00:00,2024-11-14 08:00:00,DEV_003,41,88,64,76
DEV_003_2024-11-14 09:00:00,2024-11-14 09:00:00,DEV_003,31,81,4,34
DEV_003_2024-11-14 10:00:00,2024-11-14 10:00:00,DEV_003,41,52,31,4
DEV_003_2024-11-14 11:00:00,2024-11-14 11:00:00,DEV_003,19,13,17,40
DEV_003_2024-11-14 12:00:00,2024-11-14 12:00:00,DEV_003,54,14,70,40
DEV_003_2024-11-14 13:00:00,2024-11-14 13:00:00,DEV_003,52,96,45,63
DEV_003_2024-11-14 14:00:00,2024-11-14 14:00:00,DEV_003,6,44,24,12
DEV_003_2024-11-14 15:00:00,2024-11-14 15:00:00,DEV_003,95,44,39,25
DEV_003_2024-11-14 16:00:00,2024-11-14 16:00:00,DEV_003,4,12,86,54
DEV_003_2024-11-14 17:00:00,2024-11-14 17:00:00,DEV_003,15,26,31,18
DEV_003_2024-11-14 18:00:00,2024-11-14 18:00:00,DEV_003,31,10,86,56
DEV_003_2024-11-14 19:00:00,2024-11-14 19:00:00,DEV_003,26,90,88,27
DEV_003_2024-11-14 20:00:00,2024-11-14 20:00:00,DEV_003,54,53,64,55
DEV_003_2024-11-14 21:00:00,2024-11-14 21:00:00,DEV_003,51,18,15,68
DEV_003_2024-11-14 22:00:00,2024-11-14 22:00:00,DEV_003,67,21,69,95
DEV_003_2024-11-14 23:00:00,2024-11-14 23:00:00,DEV_003,9,60,90,14
DEV_003_2024-11-15 00:00:00,2024-11-15 00:00:00,DEV_003,68,10,3,85
DEV_003_2024-11-15 01:00:00,2024-11-15 01:00:00,DEV_003,53,23,84,99
DEV_003_2024-11-15 02:00:00,2024-11-15 02:00:00,DEV_003,15,52,9,8
DEV_003_2024-11-15 03:00:00,2024-11-15 03:00:00,DEV_003,21,57,89,59
DEV_003_2024-11-15 04:00:00,2024-11-15 04:00:00,DEV_003,93,80,93,10
DEV_003_2024-11-15 05:00:00,2024-11-15 05:00:00,DEV_003,80,9,87,81
DEV_003_2024-11-15 06:00:00,2024-11-15 06:00:00,DEV_003,6,79,89,7
DEV_003_2024-11-15 07:00:00,2024-11-15 07:00:00,DEV_003,91,84,65,15
DEV_003_2024-11-15 08:00:00,2024-11-15 08:00:00,DEV_003,12,29,84,19
DEV_003_2024-11-15 09:00:00,2024-11-15 09:00:00,DEV_003,20,31,50,21
DEV_003_2024-11-15 10:00:00,2024-11-15 10:00:00,DEV_003,59,57,85,94
DEV_003_2024-11-15 11:00:00,2024-11-15 11:00:00,DEV_003,20,55,87,34
DEV_003_2024-11-15 12:00:00,2024-11-15 12:00:00,DEV_003,94,16,81,70
DEV_003_2024-11-15 13:00:00,2024-11-15 13:00:00,DEV_003,54,8,85,72
DEV_003_2024-11-15 14:00:00,2024-11-15 14:00:00,DEV_003,5,76,57,96
DEV_003_2024-11-15 15:00:00,2024-11-15 15:00:00,DEV_003,17,29,33,80
DEV_003_2024-11-15 16:00:00,2024-11-15 16:00:00,DEV_003,83,12,65,64
DEV_003_2024-11-15 17:00:00,2024-11-15 17:00:00,DEV_003,35,30,59,49
DEV_003_2024-11-15 18:00:00,2024-11-15 18:00:00,DEV_003,72,92,69,92
DEV_003_2024-11-15 19:00:00,2024-11-15 19:00:00,DEV_003,39,20,48,7
DEV_003_2024-11-15 20:00:00,2024-11-15 20:00:00,DEV_003,4,11,37,40
DEV_003_2024-11-15 21:00:00,2024-11-15 21:00:00,DEV_003,84,87,22,60
DEV_003_2024-11-15 22:00:00,2024-11-15 22:00:00,DEV_003,36,15,96,60
DEV_003_2024-11-15 23:00:00,2024-11-15 23:00:00,DEV_003,33,23,83,35
DEV_003_2024-11-16 00:00:00,2024-11-16 00:00:00,DEV_003,97,41,14,13
DEV_003_2024-11-16 01:00:00,2024-11-16 01:00:00,DEV_003,82,81,71,38
DEV_003_2024-11-16 02:00:00,2024-11-16 02:00:00,DEV_003,41,61,54,5
DEV_003_2024-11-16 03:00:00,2024-11-16 03:00:00,DEV_003,1,13,35,78
DEV_003_2024-11-16 04:00:00,2024-11-16 04:00:00,DEV_003,7,27,47,85
DEV_003_2024-11-16 05:00:00,2024-11-16 05:00:00,DEV_003,51,78,74,38
DEV_003_2024-11-16 06:00:00,2024-11-16 06:00:00,DEV_003,56,49,2,91
DEV_003_2024-11-16 07:00:00,2024-11-16 07:00:00,DEV_003,59,44,55,26
DEV_003_2024-11-16 08:00:00,2024-11-16 08:00:00,DEV_003,28,73,13,91
DEV_003_2024-11-16 09:00:00,2024-11-16 09:00:00,DEV_003,61,72,57,83
DEV_003_2024-11-16 10:00:00,2024-11-16 10:00:00,DEV_003,43,7,19,14
DEV_003_2024-11-16 11:00:00,2024-11-16 11:00:00,DEV_003,81,85,29,38
DEV_003_2024-11-16 12:00:00,2024-11-16 12:00:00,DEV_003,16,55,97,79
DEV_003_2024-11-16 13:00:00,2024-11-16 13:00:00,DEV_003,50,22,87,10
DEV_003_2024-11-16 14:00:00,2024-11-16 14:00:00,DEV_003,62,64,25,64
DEV_003_2024-11-16 15:00:00,2024-11-16 15:00:00,DEV_003,37,53,49,7
DEV_003_2024-11-16 16:00:00,2024-11-16 16:00:00,DEV_003,14,60,46,73
DEV_003_2024-11-16 17:00:00,2024-11-16 17:00:00,DEV_003,95,73,20,2
DEV_003_2024-11-16 18:00:00,2024-11-16 18:00:00,DEV_003,41,54,6,69
DEV_003_2024-11-16 19:00:00,2024-11-16 19:00:00,DEV_003,96,42,60,36
DEV_003_2024-11-16 20:00:00,2024-11-16 20:00:00,DEV_003,43,62,28,45
DEV_003_2024-11-16 21:00:00,2024-11-16 21:00:00,DEV_003,4,47,56,65
DEV_003_2024-11-16 22:00:00,2024-11-16 22:00:00,DEV_003,56,10,56,96
DEV_003_2024-11-16 23:00:00,2024-11-16 23:00:00,DEV_003,95,43,41,9
DEV_003_2024-11-17 00:00:00,2024-11-17 00:00:00,DEV_003,4,37,87,37
DEV_003_2024-11-17 01:00:00,2024-11-17 01:00:00,DEV_003,49,68,84,13
DEV_003_2024-11-17 02:00:00,2024-11-17 02:00:00,DEV_003,98,9,68,49
DEV_003_2024-11-17 03:00:00,2024-11-17 03:00:00,DEV_003,81,25,76,39
DEV_003_2024-11-17 04:00:00,2024-11-17 04:00:00,DEV_003,88,3,11,50
DEV_003_2024-11-17 05:00:00,2024-11-17 05:00:00,DEV_003,72,33,88,82
DEV_003_2024-11-17 06:00:00,2024-11-17 06:00:00,DEV_003,28,35,39,85
DEV_003_2024-11-17 07:00:00,2024-11-17 07:00:00,DEV_003,36,37,99,37
DEV_003_2024-11-17 08:00:00,2024-11-17 08:00:00,DEV_003,55,74,14,87
DEV_003_2024-11-17 09:00:00,2024-11-17 09:00:00,DEV_003,4,11,12,48
DEV_003_2024-11-17 10:00:00,2024-11-17 10:00:00,DEV_003,59,96,67,38
DEV_003_2024-11-17 11:00:00,2024-11-17 11:00:00,DEV_003,15,65,30,19
DEV_003_2024-11-17 12:00:00,2024-11-17 12:00:00,DEV_003,62,53,22,45
DEV_003_2024-11-17 13:00:00,2024-11-17 13:00:00,DEV_003,90,51,6,53
DEV_003_2024-11-17 14:00:00,2024-11-17 14:00:00,DEV_003,59,27,74,97
DEV_003_2024-11-17 15:00:00,2024-11-17 15:00:00,DEV_003,29,97,67,92
DEV_003_2024-11-17 16:00:00,2024-11-17 16:00:00,DEV_003,58,80,35,49
DEV_003_2024-11-17 17:00:00,2024-11-17 17:00:00,DEV_003,22,86,88,6
DEV_003_2024-11-17 18:00:00,2024-11-17 18:00:00,DEV_003,68,22,15,36
DEV_003_2024-11-17 19:00:00,2024-11-17 19:00:00,DEV_003,35,62,43,73
DEV_003_2024-11-17 20:00:00,2024-11-17 20:00:00,DEV_003,53,35,49,94
DEV_003_2024-11-17 21:00:00,2024-11-17 21:00:00,DEV_003,33,16,49,38
DEV_003_2024-11-17 22:00:00,2024-11-17 22:00:00,DEV_003,32,89,30,53
DEV_003_2024-11-17 23:00:00,2024-11-17 23:00:00,DEV_003,92,10,22,24
DEV_003_2024-11-18 00:00:00,2024-11-18 00:00:00,DEV_003,77,29,19,60
DEV_003_2024-11-18 01:00:00,2024-11-18 01:00:00,DEV_003,19,88,23,54
DEV_003_2024-11-18 02:00:00,2024-11-18 02:00:00,DEV_003,14,4,16,66
DEV_003_2024-11-18 03:00:00,2024-11-18 03:00:00,DEV_003,2,47,68,1
DEV_003_2024-11-18 04:00:00,2024-11-18 04:00:00,DEV_003,69,23,10,76
DEV_003_2024-11-18 05:00:00,2024-11-18 05:00:00,DEV_003,92,99,85,28
DEV_003_2024-11-18 06:00:00,2024-11-18 06:00:00,DEV_003,4,46,5,5
DEV_003_2024-11-18 07:00:00,2024-11-18 07:00:00,DEV_003,36,8,38,31
DEV_003_2024-11-18 08:00:00,2024-11-18 08:00:00,DEV_003,45,51,59,44
DEV_003_2024-11-18 09:00:00,2024-11-18 09:00:00,DEV_003,2,18,11,53
DEV_003_2024-11-18 10:00:00,2024-11-18 10:00:00,DEV_003,89,41,64,52
DEV_003_2024-11-18 11:00:00,2024-11-18 11:00:00,DEV_003,66,55,33,30
DEV_003_2024-11-18 12:00:00,2024-11-18 12:00:00,DEV_003,51,10,40,98
DEV_003_2024-11-18 13:00:00,2024-11-18 13:00:00,DEV_003,55,17,6,82
DEV_003_2024-11-18 14:00:00,2024-11-18 14:00:00,DEV_003,44,82,79,93
DEV_003_2024-11-18 15:00:00,2024-11-18 15:00:00,DEV_003,80,49,7,37
DEV_003_2024-11-18 16:00:00,2024-11-18 16:00:00,DEV_003,90,41,97,94
DEV_003_2024-11-18 17:00:00,2024-11-18 17:00:00,DEV_003,27,64,68,59
DEV_003_2024-11-18 18:00:00,2024-11-18 18:00:00,DEV_003,14,26,95,52
DEV_003_2024-11-18 19:00:00,2024-11-18 19:00:00,DEV_003,81,15,24,38
DEV_003_2024-11-18 20:00:00,2024-11-18 20:00:00,DEV_003,85,84,39,39
DEV_003_2024-11-18 21:00:00,2024-11-18 21:00:00,DEV_003,42,53,60,38
DEV_003_2024-11-18 22:00:00,2024-11-18 22:00:00,DEV_003,12,99,86,12
DEV_003_2024-11-18 23:00:00,2024-11-18 23:00:00,DEV_003,99,58,90,94
DEV_003_2024-11-19 00:00:00,2024-11-19 00:00:00,DEV_003,10,85,56,92
DEV_003_2024-11-19 01:00:00,2024-11-19 01:00:00,DEV_003,36,3,47,40
DEV_003_2024-11-19 02:00:00,2024-11-19 02:00:00,DEV_003,94,21,93,56
DEV_003_2024-11-19 03:00:00,2024-11-19 03:00:00,DEV_003,98,51,21,74
DEV_003_2024-11-19 04:00:00,2024-11-19 04:00:00,DEV_003,23,68,8,61
DEV_003_2024-11-19 05:00:00,2024-11-19 05:00:00,DEV_003,34,35,78,94
DEV_003_2024-11-19 06:00:00,2024-11-19 06:00:00,DEV_003,14,25,32,40
DEV_003_2024-11-19 07:00:00,2024-11-19 07:00:00,DEV_003,22,14,39,25
DEV_003_2024-11-19 08:00:00,2024-11-19 08:00:00,DEV_003,1,73,29,26
DEV_003_2024-11-19 09:00:00,2024-11-19 09:00:00,DEV_003,38,56,78,25
DEV_003_2024-11-19 10:00:00,2024-11-19 10:00:00,DEV_003,22,70,68,57
DEV_003_2024-11-19 11:00:00,2024-11-19 11:00:00,DEV_003,65,42,47,70
DEV_003_2024-11-19 12:00:00,2024-11-19 12:00:00,DEV_003,22,90,42,56
DEV_003_2024-11-19 13:00:00,2024-11-19 13:00:00,DEV_003,20,72,67,17
DEV_003_2024-11-19 14:00:00,2024-11-19 14:00:00,DEV_003,28,70,98,51
DEV_003_2024-11-19 15:00:00,2024-11-19 15:00:00,DEV_003,34,99,53,74
DEV_003_2024-11-19 16:00:00,2024-11-19 16:00:00,DEV_003,23,50,95,94
DEV_003_2024-11-19 17:00:00,2024-11-19 17:00:00,DEV_003,90,85,91,13
DEV_003_2024-11-19 18:00:00,2024-11-19 18:00:00,DEV_003,99,16,28,88
DEV_003_2024-11-19 19:00:00,2024-11-19 19:00:00,DEV_003,93,76,57,55
DEV_003_2024-11-19 20:00:00,2024-11-19 20:00:00,DEV_003,22,26,91,40
DEV_003_2024-11-19 21:00:00,2024-11-19 21:00:00,DEV_003,45,49,30,21
DEV_003_2024-11-19 22:00:00,2024-11-19 22:00:00,DEV_003,26,77,33,84
DEV_003_2024-11-19 23:00:00,2024-11-19 23:00:00,DEV_003,81,48,18,9
DEV_003_2024-11-20 00:00:00,2024-11-20 00:00:00,DEV_003,1,28,89,98
DEV_003_2024-11-20 01:00:00,2024-11-20 01:00:00,DEV_003,99,68,74,51
DEV_003_2024-11-20 02:00:00,2024-11-20 02:00:00,DEV_003,77,54,91,27
DEV_003_2024-11-20 03:00:00,2024-11-20 03:00:00,DEV_003,33,14,92,39
DEV_003_2024-11-20 04:00:00,2024-11-20 04:00:00,DEV_003,12,23,73,89
DEV_003_2024-11-20 05:00:00,2024-11-20 05:00:00,DEV_003,86,89,74,46
DEV_003_2024-11-20 06:00:00,2024-11-20 06:00:00,DEV_003,15,35,2,80
DEV_003_2024-11-20 07:00:00,2024-11-20 07:00:00,DEV_003,6,76,15,93
DEV_003_2024-11-20 08:00:00,2024-11-20 08:00:00,DEV_003,10,38,73,25
DEV_003_2024-11-20 09:00:00,2024-11-20 09:00:00,DEV_003,26,70,20,70
DEV_003_2024-11-20 10:00:00,2024-11-20 10:00:00,DEV_003,4,36,2,34
DEV_003_2024-11-20 11:00:00,2024-11-20 11:00:00,DEV_003,9,67,44,51
DEV_003_2024-11-20 12:00:00,2024-11-20 12:00:00,DEV_003,51,90,99,86
DEV_003_2024-11-20 13:00:00,2024-11-20 13:00:00,DEV_003,45,47,74,97
DEV_003_2024-11-20 14:00:00,2024-11-20 14:00:00,DEV_003,8,26,64,33
DEV_003_2024-11-20 15:00:00,2024-11-20 15:00:00,DEV_003,26,3,35,44
DEV_003_2024-11-20 16:00:00,2024-11-20 16:00:00,DEV_003,56,80,73,24
DEV_003_2024-11-20 17:00:00,2024-11-20 17:00:00,DEV_003,5,59,33,33
DEV_003_2024-11-20 18:00:00,2024-11-20 18:00:00,DEV_003,66,6,11,16
DEV_003_2024-11-20 19:00:00,2024-11-20 19:00:00,DEV_003,49,14,99,18
DEV_003_2024-11-20 20:00:00,2024-11-20 20:00:00,DEV_003,94,99,17,44
DEV_003_2024-11-20 21:00:00,2024-11-20 21:00:00,DEV_003,30,57,29,65
DEV_003_2024-11-20 22:00:00,2024-11-20 22:00:00,DEV_003,68,36,39,93
DEV_003_2024-11-20 23:00:00,2024-11-20 23:00:00,DEV_003,71,49,32,18
DEV_003_2024-11-21 00:00:00,2024-11-21 00:00:00,DEV_003,97,90,16,64
DEV_003_2024-11-21 01:00:00,2024-11-21 01:00:00,DEV_003,7,62,26,7
DEV_003_2024-11-21 02:00:00,2024-11-21 02:00:00,DEV_003,84,21,17,45
DEV_003_2024-11-21 03:00:00,2024-11-21 03:00:00,DEV_003,59,45,1,19
DEV_003_2024-11-21 04:00:00,2024-11-21 04:00:00,DEV_003,47,85,80,92
DEV_003_2024-11-21 05:00:00,2024-11-21 05:00:00,DEV_003,79,9,38,30
DEV_003_2024-11-21 06:00:00,2024-11-21 06:00:00,DEV_003,15,40,31,17
DEV_003_2024-11-21 07:00:00,2024-11-21 07:00:00,DEV_003,79,95,89,52
DEV_003_2024-11-21 08:00:00,2024-11-21 08:00:00,DEV_003,46,47,21,92
DEV_003_2024-11-21 09:00:00,2024-11-21 09:00:00,DEV_003,22,46,33,22
DEV_003_2024-11-21 10:00:00,2024-11-21 10:00:00,DEV_003,38,53,69,80
DEV_003_2024-11-21 11:00:00,2024-11-21 11:00:00,DEV_003,15,74,9,31
DEV_003_2024-11-21 12:00:00,2024-11-21 12:00:00,DEV_003,38,12,65,44
DEV_003_2024-11-21 13:00:00,2024-11-21 13:00:00,DEV_003,73,34,28,59
DEV_003_2024-11-21 14:00:00,2024-11-21 14:00:00,DEV_003,64,99,83,86
DEV_003_2024-11-21 15:00:00,2024-11-21 15:00:00,DEV_003,17,33,58,89
DEV_003_2024-11-21 16:00:00,2024-11-21 16:00:00,DEV_003,99,2,39,23
DEV_003_2024-11-21 17:00:00,2024-11-21 17:00:00,DEV_003,68,33,42,9
DEV_003_2024-11-21 18:00:00,2024-11-21 18:00:00,DEV_003,61,74,4,2
DEV_003_2024-11-21 19:00:00,2024-11-21 19:00:00,DEV_003,35,93,60,46
DEV_003_2024-11-21 20:00:00,2024-11-21 20:00:00,DEV_003,97,10,67,43
DEV_003_2024-11-21 21:00:00,2024-11-21 21:00:00,DEV_003,60,61,33,78
DEV_003_2024-11-21 22:00:00,2024-11-21 22:00:00,DEV_003,88,30,61,54
DEV_003_2024-11-21 23:00:00,2024-11-21 23:00:00,DEV_003,44,87,99,5
DEV_003_2024-11-22 00:00:00,2024-11-22 00:00:00,DEV_003,44,84,71,17
DEV_003_2024-11-22 01:00:00,2024-11-22 01:00:00,DEV_003,96,42,48,40
DEV_003_2024-11-22 02:00:00,2024-11-22 02:00:00,DEV_003,39,49,34,20
DEV_003_2024-11-22 03:00:00,2024-11-22 03:00:00,DEV_003,74,19,22,67
DEV_003_2024-11-22 04:00:00,2024-11-22 04:00:00,DEV_003,89,58,46,17
DEV_003_2024-11-22 05:00:00,2024-11-22 05:00:00,DEV_003,38,46,17,35
DEV_003_2024-11-22 06:00:00,2024-11-22 06:00:00,DEV_003,44,77,39,20
DEV_003_2024-11-22 07:00:00,2024-11-22 07:00:00,DEV_003,38,84,86,75
DEV_003_2024-11-22 08:00:00,2024-11-22 08:00:00,DEV_003,77,16,63,66
DEV_003_2024-11-22 09:00:00,2024-11-22 09:00:00,DEV_003,98,16,17,52
DEV_003_2024-11-22 10:00:00,2024-11-22 10:00:00,DEV_003,68,11,68,27
DEV_003_2024-11-22 11:00:00,2024-11-22 11:00:00,DEV_003,7,8,59,79
DEV_003_2024-11-22 12:00:00,2024-11-22 12:00:00,DEV_003,51,57,55,34
DEV_003_2024-11-22 13:00:00,2024-11-22 13:00:00,DEV_003,99,50,37,74
DEV_003_2024-11-22 14:00:00,2024-11-22 14:00:00,DEV_003,17,36,53,87
DEV_003_2024-11-22 15:00:00,2024-11-22 15:00:00,DEV_003,28,14,8,61
DEV_003_2024-11-22 16:00:00,2024-11-22 16:00:00,DEV_003,39,29,83,39
DEV_003_2024-11-22 17:00:00,2024-11-22 17:00:00,DEV_003,55,94,20,29
DEV_003_2024-11-22 18:00:00,2024-11-22 18:00:00,DEV_003,35,71,42,50
DEV_003_2024-11-22 19:00:00,2024-11-22 19:00:00,DEV_003,86,25,66,47
DEV_003_2024-11-22 20:00:00,2024-11-22 20:00:00,DEV_003,8,16,58,67
DEV_003_2024-11-22 21:00:00,2024-11-22 21:00:00,DEV_003,93,62,69,6
DEV_003_2024-11-22 22:00:00,2024-11-22 22:00:00,DEV_003,20,63,15,45
DEV_003_2024-11-22 23:00:00,2024-11-22 23:00:00,DEV_003,21,51,36,9
DEV_003_2024-11-23 00:00:00,2024-11-23 00:00:00,DEV_003,25,18,32,11
DEV_003_2024-11-23 01:00:00,2024-11-23 01:00:00,DEV_003,85,99,83,70
DEV_003_2024-11-23 02:00:00,2024-11-23 02:00:00,DEV_003,91,53,81,51
DEV_003_2024-11-23 03:00:00,2024-11-23 03:00:00,DEV_003,80,66,16,58
DEV_003_2024-11-23 04:00:00,2024-11-23 04:00:00,DEV_003,13,85,60,4
DEV_003_2024-11-23 05:00:00,2024-11-23 05:00:00,DEV_003,86,44,31,47
DEV_003_2024-11-23 06:00:00,2024-11-23 06:00:00,DEV_003,84,94,80,30
DEV_003_2024-11-23 07:00:00,2024-11-23 07:00:00,DEV_003,58,48,46,13
DEV_003_2024-11-23 08:00:00,2024-11-23 08:00:00,DEV_003,9,35,67,61
DEV_003_2024-11-23 09:00:00,2024-11-23 09:00:00,DEV_003,29,68,61,56
DEV_003_2024-11-23 10:00:00,2024-11-23 10:00:00,DEV_003,62,68,12,92
DEV_003_2024-11-23 11:00:00,2024-11-23 11:00:00,DEV_003,35,48,64,9
DEV_003_2024-11-23 12:00:00,2024-11-23 12:00:00,DEV_003,2,94,87,65
DEV_003_2024-11-23 13:00:00,2024-11-23 13:00:00,DEV_003,78,94,28,91
DEV_003_2024-11-23 14:00:00,2024-11-23 14:00:00,DEV_003,89,43,93,58
DEV_003_2024-11-23 15:00:00,2024-11-23 15:00:00,DEV_003,86,38,68,80
DEV_003_2024-11-23 16:00:00,2024-11-23 16:00:00,DEV_003,7,92,6,40
DEV_003_2024-11-23 17:00:00,2024-11-23 17:00:00,DEV_003,55,80,98,87
DEV_003_2024-11-23 18:00:00,2024-11-23 18:00:00,DEV_003,86,60,20,44
DEV_003_2024-11-23 19:00:00,2024-11-23 19:00:00,DEV_003,79,45,62,8
DEV_003_2024-11-23 20:00:00,2024-11-23 20:00:00,DEV_003,36,52,73,92
DEV_003_2024-11-23 21:00:00,2024-11-23 21:00:00,DEV_003,41,84,34,55
DEV_003_2024-11-23 22:00:00,2024-11-23 22:00:00,DEV_003,14,78,93,96
DEV_003_2024-11-23 23:00:00,2024-11-23 23:00:00,DEV_003,79,67,88,59
DEV_003_2024-11-24 00:00:00,2024-11-24 00:00:00,DEV_003,26,86,83,74
DEV_003_2024-11-24 01:00:00,2024-11-24 01:00:00,DEV_003,34,66,87,7
DEV_003_2024-11-24 02:00:00,2024-11-24 02:00:00,DEV_003,63,42,25,15
DEV_003_2024-11-24 03:00:00,2024-11-24 03:00:00,DEV_003,97,5,20,4
DEV_003_2024-11-24 04:00:00,2024-11-24 04:00:00,DEV_003,38,65,9,16
DEV_003_2024-11-24 05:00:00,2024-11-24 05:00:00,DEV_003,75,3,36,48
DEV_003_2024-11-24 06:00:00,2024-11-24 06:00:00,DEV_003,17,9,61,66
DEV_003_2024-11-24 07:00:00,2024-11-24 07:00:00,DEV_003,70,37,53,68
DEV_003_2024-11-24 08:00:00,2024-11-24 08:00:00,DEV_003,41,23,48,12
DEV_003_2024-11-24 09:00:00,2024-11-24 09:00:00,DEV_003,69,61,92,67
DEV_003_2024-11-24 10:00:00,2024-11-24 10:00:00,DEV_003,66,9,86,35
DEV_003_2024-11-24 11:00:00,2024-11-24 11:00:00,DEV_003,40,21,79,35
DEV_003_2024-11-24 12:00:00,2024-11-24 12:00:00,DEV_003,64,24,23,70
DEV_003_2024-11-24 13:00:00,2024-11-24 13:00:00,DEV_003,51,85,70,16
DEV_003_2024-11-24 14:00:00,2024-11-24 14:00:00,DEV_003,26,77,72,89
DEV_003_2024-11-24 15:00:00,2024-11-24 15:00:00,DEV_003,56,10,13,27
DEV_003_2024-11-24 16:00:00,2024-11-24 16:00:00,DEV_003,76,21,9,56
DEV_003_2024-11-24 17:00:00,2024-11-24 17:00:00,DEV_003,99,31,60,93
DEV_003_2024-11-24 18:00:00,2024-11-24 18:00:00,DEV_003,99,66,74,69
DEV_003_2024-11-24 19:00:00,2024-11-24 19:00:00,DEV_003,67,53,37,99
DEV_003_2024-11-24 20:00:00,2024-11-24 20:00:00,DEV_003,28,13,20,64
DEV_003_2024-11-24 21:00:00,2024-11-24 21:00:00,DEV_003,45,31,58,18
DEV_003_2024-11-24 22:00:00,2024-11-24 22:00:00,DEV_003,5,42,7,53
DEV_003_2024-11-24 23:00:00,2024-11-24 23:00:00,DEV_003,26,46,37,20
DEV_003_2024-11-25 00:00:00,2024-11-25 00:00:00,DEV_003,67,19,93,7
DEV_003_2024-11-25 01:00:00,2024-11-25 01:00:00,DEV_003,5,50,98,86
DEV_003_2024-11-25 02:00:00,2024-11-25 02:00:00,DEV_003,5,54,52,48
DEV_003_2024-11-25 03:00:00,2024-11-25 03:00:00,DEV_003,82,25,75,29
DEV_003_2024-11-25 04:00:00,2024-11-25 04:00:00,DEV_003,82,91,35,16
DEV_003_2024-11-25 05:00:00,2024-11-25 05:00:00,DEV_003,19,79,31,11
DEV_003_2024-11-25 06:00:00,2024-11-25 06:00:00,DEV_003,82,32,65,59
DEV_003_2024-11-25 07:00:00,2024-11-25 07:00:00,DEV_003,10,77,3,85
DEV_003_2024-11-25 08:00:00,2024-11-25 08:00:00,DEV_003,39,91,49,57
DEV_003_2024-11-25 09:00:00,2024-11-25 09:00:00,DEV_003,21,54,63,7
DEV_003_2024-11-25 10:00:00,2024-11-25 10:00:00,DEV_003,78,51,66,56
DEV_003_2024-11-25 11:00:00,2024-11-25 11:00:00,DEV_003,73,58,88,96
DEV_003_2024-11-25 12:00:00,2024-11-25 12:00:00,DEV_003,34,38,26,55
DEV_003_2024-11-25 13:00:00,2024-11-25 13:00:00,DEV_003,85,21,37,98
DEV_003_2024-11-25 14:00:00,2024-11-25 14:00:00,DEV_003,78,86,67,89
DEV_003_2024-11-25 15:00:00,2024-11-25 15:00:00,DEV_003,69,35,28,75
DEV_003_2024-11-25 16:00:00,2024-11-25 16:00:00,DEV_003,73,35,64,86
DEV_003_2024-11-25 17:00:00,2024-11-25 17:00:00,DEV_003,8,11,18,29
DEV_003_2024-11-25 18:00:00,2024-11-25 18:00:00,DEV_003,36,10,7,17
DEV_003_2024-11-25 19:00:00,2024-11-25 19:00:00,DEV_003,51,17,46,6
DEV_003_2024-11-25 20:00:00,2024-11-25 20:00:00,DEV_003,94,30,22,63
DEV_003_2024-11-25 21:00:00,2024-11-25 21:00:00,DEV_003,23,13,99,71
DEV_003_2024-11-25 22:00:00,2024-11-25 22:00:00,DEV_003,22,87,93,48
DEV_003_2024-11-25 23:00:00,2024-11-25 23:00:00,DEV_003,66,3,98,49
DEV_003_2024-11-26 00:00:00,2024-11-26 00:00:00,DEV_003,43,17,41,43
DEV_003_2024-11-26 01:00:00,2024-11-26 01:00:00,DEV_003,21,22,5,16
DEV_003_2024-11-26 02:00:00,2024-11-26 02:00:00,DEV_003,40,70,18,79
DEV_003_2024-11-26 03:00:00,2024-11-26 03:00:00,DEV_003,92,42,48,88
DEV_003_2024-11-26 04:00:00,2024-11-26 04:00:00,DEV_003,59,36,96,2
DEV_003_2024-11-26 05:00:00,2024-11-26 05:00:00,DEV_003,97,62,75,5
DEV_003_2024-11-26 06:00:00,2024-11-26 06:00:00,DEV_003,62,6,20,71
DEV_003_2024-11-26 07:00:00,2024-11-26 07:00:00,DEV_003,67,83,31,83
DEV_003_2024-11-26 08:00:00,2024-11-26 08:00:00,DEV_003,95,14,76,47
DEV_003_2024-11-26 09:00:00,2024-11-26 09:00:00,DEV_003,76,62,14,72
DEV_003_2024-11-26 10:00:00,2024-11-26 10:00:00,DEV_003,31,93,58,50
DEV_003_2024-11-26 11:00:00,2024-11-26 11:00:00,DEV_003,81,6,34,2
DEV_003_2024-11-26 12:00:00,2024-11-26 12:00:00,DEV_003,46,22,36,24
DEV_003_2024-11-26 13:00:00,2024-11-26 13:00:00,DEV_003,12,10,50,46
DEV_003_2024-11-26 14:00:00,2024-11-26 14:00:00,DEV_003,64,84,65,1
DEV_003_2024-11-26 15:00:00,2024-11-26 15:00:00,DEV_003,33,84,84,97
DEV_003_2024-11-26 16:00:00,2024-11-26 16:00:00,DEV_003,40,49,28,87
DEV_003_2024-11-26 17:00:00,2024-11-26 17:00:00,DEV_003,49,27,75,45
DEV_003_2024-11-26 18:00:00,2024-11-26 18:00:00,DEV_003,60,97,24,95
DEV_003_2024-11-26 19:00:00,2024-11-26 19:00:00,DEV_003,1,71,51,72
DEV_003_2024-11-26 20:00:00,2024-11-26 20:00:00,DEV_003,18,36,25,51
DEV_003_2024-11-26 21:00:00,2024-11-26 21:00:00,DEV_003,46,20,80,31
DEV_003_2024-11-26 22:00:00,2024-11-26 22:00:00,DEV_003,2,56,44,14
DEV_003_2024-11-26 23:00:00,2024-11-26 23:00:00,DEV_003,10,51,29,26
DEV_003_2024-11-27 00:00:00,2024-11-27 00:00:00,DEV_003,14,41,53,49
DEV_003_2024-11-27 01:00:00,2024-11-27 01:00:00,DEV_003,86,18,3,14
DEV_003_2024-11-27 02:00:00,2024-11-27 02:00:00,DEV_003,79,27,84,64
DEV_003_2024-11-27 03:00:00,2024-11-27 03:00:00,DEV_003,44,48,3,89
DEV_003_2024-11-27 04:00:00,2024-11-27 04:00:00,DEV_003,11,41,56,47
DEV_003_2024-11-27 05:00:00,2024-11-27 05:00:00,DEV_003,77,37,5,88
DEV_003_2024-11-27 06:00:00,2024-11-27 06:00:00,DEV_003,41,13,79,57
DEV_003_2024-11-27 07:00:00,2024-11-27 07:00:00,DEV_003,20,60,5,85
DEV_003_2024-11-27 08:00:00,2024-11-27 08:00:00,DEV_003,98,95,23,32
DEV_003_2024-11-27 09:00:00,2024-11-27 09:00:00,DEV_003,83,50,19,3
DEV_003_2024-11-27 10:00:00,2024-11-27 10:00:00,DEV_003,4,18,18,48
DEV_003_2024-11-27 11:00:00,2024-11-27 11:00:00,DEV_003,59,65,87,7
DEV_003_2024-11-27 12:00:00,2024-11-27 12:00:00,DEV_003,83,6,42,31
DEV_003_2024-11-27 13:00:00,2024-11-27 13:00:00,DEV_003,10,36,81,46
DEV_003_2024-11-27 14:00:00,2024-11-27 14:00:00,DEV_003,70,36,66,55
DEV_003_2024-11-27 15:00:00,2024-11-27 15:00:00,DEV_003,10,40,26,81
DEV_003_2024-11-27 16:00:00,2024-11-27 16:00:00,DEV_003,61,85,21,35
DEV_003_2024-11-27 17:00:00,2024-11-27 17:00:00,DEV_003,78,53,18,95
DEV_003_2024-11-27 18:00:00,2024-11-27 18:00:00,DEV_003,71,67,4,16
DEV_003_2024-11-27 19:00:00,2024-11-27 19:00:00,DEV_003,16,65,34,45
DEV_003_2024-11-27 20:00:00,2024-11-27 20:00:00,DEV_003,84,93,90,94
DEV_003_2024-11-27 21:00:00,2024-11-27 21:00:00,DEV_003,85,53,81,98
DEV_003_2024-11-27 22:00:00,2024-11-27 22:00:00,DEV_003,41,64,97,78
DEV_003_2024-11-27 23:00:00,2024-11-27 23:00:00,DEV_003,97,36,34,25
DEV_003_2024-11-28 00:00:00,2024-11-28 00:00:00,DEV_003,11,92,79,6
DEV_003_2024-11-28 01:00:00,2024-11-28 01:00:00,DEV_003,93,77,72,94
DEV_003_2024-11-28 02:00:00,2024-11-28 02:00:00,DEV_003,80,91,33,7
DEV_003_2024-11-28 03:00:00,2024-11-28 03:00:00,DEV_003,72,12,34,59
DEV_003_2024-11-28 04:00:00,2024-11-28 04:00:00,DEV_003,19,96,26,14
DEV_003_2024-11-28 05:00:00,2024-11-28 05:00:00,DEV_003,49,66,90,28
DEV_003_2024-11-28 06:00:00,2024-11-28 06:00:00,DEV_003,82,32,72,38
DEV_003_2024-11-28 07:00:00,2024-11-28 07:00:00,DEV_003,60,56,95,29
DEV_003_2024-11-28 08:00:00,2024-11-28 08:00:00,DEV_003,1,10,32,42
DEV_003_2024-11-28 09:00:00,2024-11-28 09:00:00,DEV_003,91,5,50,43
DEV_003_2024-11-28 10:00:00,2024-11-28 10:00:00,DEV_003,78,61,76,57
DEV_003_2024-11-28 11:00:00,2024-11-28 11:00:00,DEV_003,33,48,49,57
DEV_003_2024-11-28 12:00:00,2024-11-28 12:00:00,DEV_003,2,34,91,19
DEV_003_2024-11-28 13:00:00,2024-11-28 13:00:00,DEV_003,51,87,32,16
DEV_003_2024-11-28 14:00:00,2024-11-28 14:00:00,DEV_003,14,43,34,98
DEV_003_2024-11-28 15:00:00,2024-11-28 15:00:00,DEV_003,99,40,51,61
DEV_003_2024-11-28 16:00:00,2024-11-28 16:00:00,DEV_003,42,48,89,25
DEV_003_2024-11-28 17:00:00,2024-11-28 17:00:00,DEV_003,31,83,38,13
DEV_003_2024-11-28 18:00:00,2024-11-28 18:00:00,DEV_003,98,12,72,45
DEV_003_2024-11-28 19:00:00,2024-11-28 19:00:00,DEV_003,13,4,84,46
DEV_003_2024-11-28 20:00:00,2024-11-28 20:00:00,DEV_003,28,77,71,46
DEV_003_2024-11-28 21:00:00,2024-11-28 21:00:00,DEV_003,46,7,88,35
DEV_003_2024-11-28 22:00:00,2024-11-28 22:00:00,DEV_003,97,80,95,71
DEV_003_2024-11-28 23:00:00,2024-11-28 23:00:00,DEV_003,30,68,92,87
DEV_003_2024-11-29 00:00:00,2024-11-29 00:00:00,DEV_003,80,21,99,44
DEV_003_2024-11-29 01:00:00,2024-11-29 01:00:00,DEV_003,44,34,49,89
DEV_003_2024-11-29 02:00:00,2024-11-29 02:00:00,DEV_003,83,29,79,93
DEV_003_2024-11-29 03:00:00,2024-11-29 03:00:00,DEV_003,36,25,64,83
DEV_003_2024-11-29 04:00:00,2024-11-29 04:00:00,DEV_003,19,73,42,27
DEV_003_2024-11-29 05:00:00,2024-11-29 05:00:00,DEV_003,70,17,83,88
DEV_003_2024-11-29 06:00:00,2024-11-29 06:00:00,DEV_003,41,16,74,98
DEV_003_2024-11-29 07:00:00,2024-11-29 07:00:00,DEV_003,37,95,89,75
DEV_003_2024-11-29 08:00:00,2024-11-29 08:00:00,DEV_003,83,30,31,3
DEV_003_2024-11-29 09:00:00,2024-11-29 09:00:00,DEV_003,64,11,91,10
DEV_003_2024-11-29 10:00:00,2024-11-29 10:00:00,DEV_003,12,42,97,35
DEV_003_2024-11-29 11:00:00,2024-11-29 11:00:00,DEV_003,7,42,64,68
DEV_003_2024-11-29 12:00:00,2024-11-29 12:00:00,DEV_003,35,33,23,76
DEV_003_2024-11-29 13:00:00,2024-11-29 13:00:00,DEV_003,92,16,85,28
DEV_003_2024-11-29 14:00:00,2024-11-29 14:00:00,DEV_003,42,45,84,32
DEV_003_2024-11-29 15:00:00,2024-11-29 15:00:00,DEV_003,17,10,92,32
DEV_003_2024-11-29 16:00:00,2024-11-29 16:00:00,DEV_003,9,32,43,29
DEV_003_2024-11-29 17:00:00,2024-11-29 17:00:00,DEV_003,20,15,75,25
DEV_003_2024-11-29 18:00:00,2024-11-29 18:00:00,DEV_003,99,52,67,47
DEV_003_2024-11-29 19:00:00,2024-11-29 19:00:00,DEV_003,66,58,61,39
DEV_003_2024-11-29 20:00:00,2024-11-29 20:00:00,DEV_003,94,26,45,43
DEV_003_2024-11-29 21:00:00,2024-11-29 21:00:00,DEV_003,57,16,98,20
DEV_003_2024-11-29 22:00:00,2024-11-29 22:00:00,DEV_003,55,29,99,90
DEV_003_2024-11-29 23:00:00,2024-11-29 23:00:00,DEV_003,85,62,32,12
DEV_003_2024-11-30 00:00:00,2024-11-30 00:00:00,DEV_003,22,43,28,96
DEV_003_2024-11-30 01:00:00,2024-11-30 01:00:00,DEV_003,88,94,39,9
DEV_003_2024-11-30 02:00:00,2024-11-30 02:00:00,DEV_003,70,64,76,19
DEV_003_2024-11-30 03:00:00,2024-11-30 03:00:00,DEV_003,93,83,52,15
DEV_003_2024-11-30 04:00:00,2024-11-30 04:00:00,DEV_003,63,85,66,15
DEV_003_2024-11-30 05:00:00,2024-11-30 05:00:00,DEV_003,76,53,55,81
DEV_003_2024-11-30 06:00:00,2024-11-30 06:00:00,DEV_003,20,78,66,94
DEV_003_2024-11-30 07:00:00,2024-11-30 07:00:00,DEV_003,11,25,82,85
DEV_003_2024-11-30 08:00:00,2024-11-30 08:00:00,DEV_003,12,50,93,72
DEV_003_2024-11-30 09:00:00,2024-11-30 09:00:00,DEV_003,21,38,50,86
DEV_003_2024-11-30 10:00:00,2024-11-30 10:00:00,DEV_003,56,74,12,88
DEV_003_2024-11-30 11:00:00,2024-11-30 11:00:00,DEV_003,78,97,74,32
DEV_003_2024-11-30 12:00:00,2024-11-30 12:00:00,DEV_003,78,81,80,28
DEV_003_2024-11-30 13:00:00,2024-11-30 13:00:00,DEV_003,21,98,91,18
DEV_003_2024-11-30 14:00:00,2024-11-30 14:00:00,DEV_003,27,82,92,91
DEV_003_2024-11-30 15:00:00,2024-11-30 15:00:00,DEV_003,52,68,76,66
DEV_003_2024-11-30 16:00:00,2024-11-30 16:00:00,DEV_003,10,78,26,60
DEV_003_2024-11-30 17:00:00,2024-11-30 17:00:00,DEV_003,96,79,87,54
DEV_003_2024-11-30 18:00:00,2024-11-30 18:00:00,DEV_003,40,39,65,35
DEV_003_2024-11-30 19:00:00,2024-11-30 19:00:00,DEV_003,78,96,99,33
DEV_003_2024-11-30 20:00:00,2024-11-30 20:00:00,DEV_003,15,69,83,86
DEV_003_2024-11-30 21:00:00,2024-11-30 21:00:00,DEV_003,27,79,7,35
DEV_003_2024-11-30 22:00:00,2024-11-30 22:00:00,DEV_003,37,17,21,72
DEV_003_2024-11-30 23:00:00,2024-11-30 23:00:00,DEV_003,92,52,33,98
DEV_003_2024-12-01 00:00:00,2024-12-01 00:00:00,DEV_003,59,82,39,29
DEV_003_2024-12-01 01:00:00,2024-12-01 01:00:00,DEV_003,43,88,65,97
DEV_003_2024-12-01 02:00:00,2024-12-01 02:00:00,DEV_003,2,47,90,47
DEV_003_2024-12-01 03:00:00,2024-12-01 03:00:00,DEV_003,90,51,9,45
DEV_003_2024-12-01 04:00:00,2024-12-01 04:00:00,DEV_003,49,91,80,15
DEV_003_2024-12-01 05:00:00,2024-12-01 05:00:00,DEV_003,16,90,90,27
DEV_003_2024-12-01 06:00:00,2024-12-01 06:00:00,DEV_003,65,91,89,68
DEV_003_2024-12-01 07:00:00,2024-12-01 07:00:00,DEV_003,18,50,15,82
DEV_003_2024-12-01 08:00:00,2024-12-01 08:00:00,DEV_003,18,50,46,28
DEV_003_2024-12-01 09:00:00,2024-12-01 09:00:00,DEV_003,95,27,20,88
DEV_003_2024-12-01 10:00:00,2024-12-01 10:00:00,DEV_003,6,41,54,12
DEV_003_2024-12-01 11:00:00,2024-12-01 11:00:00,DEV_003,3,1,99,3
DEV_003_2024-12-01 12:00:00,2024-12-01 12:00:00,DEV_003,68,97,73,94
DEV_003_2024-12-01 13:00:00,2024-12-01 13:00:00,DEV_003,24,85,71,7
DEV_003_2024-12-01 14:00:00,2024-12-01 14:00:00,DEV_003,70,90,50,98
DEV_003_2024-12-01 15:00:00,2024-12-01 15:00:00,DEV_003,54,59,77,1
DEV_003_2024-12-01 16:00:00,2024-12-01 16:00:00,DEV_003,36,76,61,9
DEV_003_2024-12-01 17:00:00,2024-12-01 17:00:00,DEV_003,14,77,80,58
DEV_003_2024-12-01 18:00:00,2024-12-01 18:00:00,DEV_003,52,6,87,39
DEV_003_2024-12-01 19:00:00,2024-12-01 19:00:00,DEV_003,22,40,81,83
DEV_003_2024-12-01 20:00:00,2024-12-01 20:00:00,DEV_003,96,8,37,27
DEV_003_2024-12-01 21:00:00,2024-12-01 21:00:00,DEV_003,22,7,19,93
DEV_003_2024-12-01 22:00:00,2024-12-01 22:00:00,DEV_003,7,11,30,10
DEV_003_2024-12-01 23:00:00,2024-12-01 23:00:00,DEV_003,98,56,19,36
DEV_003_2024-12-02 00:00:00,2024-12-02 00:00:00,DEV_003,82,21,47,36
DEV_003_2024-12-02 01:00:00,2024-12-02 01:00:00,DEV_003,19,39,25,34
DEV_003_2024-12-02 02:00:00,2024-12-02 02:00:00,DEV_003,4,6,60,82
DEV_003_2024-12-02 03:00:00,2024-12-02 03:00:00,DEV_003,10,11,20,17
DEV_003_2024-12-02 04:00:00,2024-12-02 04:00:00,DEV_003,70,73,84,26
DEV_003_2024-12-02 05:00:00,2024-12-02 05:00:00,DEV_003,55,92,2,64
DEV_003_2024-12-02 06:00:00,2024-12-02 06:00:00,DEV_003,41,81,28,57
DEV_003_2024-12-02 07:00:00,2024-12-02 07:00:00,DEV_003,31,50,25,28
DEV_003_2024-12-02 08:00:00,2024-12-02 08:00:00,DEV_003,77,24,14,15
DEV_003_2024-12-02 09:00:00,2024-12-02 09:00:00,DEV_003,56,4,29,14
DEV_003_2024-12-02 10:00:00,2024-12-02 10:00:00,DEV_003,61,62,52,4
DEV_003_2024-12-02 11:00:00,2024-12-02 11:00:00,DEV_003,32,47,83,59
DEV_003_2024-12-02 12:00:00,2024-12-02 12:00:00,DEV_003,50,85,97,70
DEV_003_2024-12-02 13:00:00,2024-12-02 13:00:00,DEV_003,41,48,93,36
DEV_003_2024-12-02 14:00:00,2024-12-02 14:00:00,DEV_003,67,38,15,99
DEV_003_2024-12-02 15:00:00,2024-12-02 15:00:00,DEV_003,68,13,4,14
DEV_003_2024-12-02 16:00:00,2024-12-02 16:00:00,DEV_003,6,95,10,56
DEV_003_2024-12-02 17:00:00,2024-12-02 17:00:00,DEV_003,46,58,96,93
DEV_003_2024-12-02 18:00:00,2024-12-02 18:00:00,DEV_003,52,69,84,17
DEV_003_2024-12-02 19:00:00,2024-12-02 19:00:00,DEV_003,12,58,16,23
DEV_003_2024-12-02 20:00:00,2024-12-02 20:00:00,DEV_003,33,69,31,3
DEV_003_2024-12-02 21:00:00,2024-12-02 21:00:00,DEV_003,72,9,14,5
DEV_003_2024-12-02 22:00:00,2024-12-02 22:00:00,DEV_003,59,10,8,66
DEV_003_2024-12-02 23:00:00,2024-12-02 23:00:00,DEV_003,14,18,1,95
DEV_003_2024-12-03 00:00:00,2024-12-03 00:00:00,DEV_003,10,54,5,93
DEV_003_2024-12-03 01:00:00,2024-12-03 01:00:00,DEV_003,11,17,29,69
DEV_003_2024-12-03 02:00:00,2024-12-03 02:00:00,DEV_003,21,72,62,39
DEV_003_2024-12-03 03:00:00,2024-12-03 03:00:00,DEV_003,23,56,7,94
DEV_003_2024-12-03 04:00:00,2024-12-03 04:00:00,DEV_003,29,25,67,44
DEV_003_2024-12-03 05:00:00,2024-12-03 05:00:00,DEV_003,16,37,58,85
DEV_003_2024-12-03 06:00:00,2024-12-03 06:00:00,DEV_003,62,47,6,98
DEV_003_2024-12-03 07:00:00,2024-12-03 07:00:00,DEV_003,48,17,22,18
DEV_003_2024-12-03 08:00:00,2024-12-03 08:00:00,DEV_003,1,84,56,46
DEV_003_2024-12-03 09:00:00,2024-12-03 09:00:00,DEV_003,85,50,34,78
DEV_003_2024-12-03 10:00:00,2024-12-03 10:00:00,DEV_003,1,22,97,53
DEV_003_2024-12-03 11:00:00,2024-12-03 11:00:00,DEV_003,33,55,73,81
DEV_003_2024-12-03 12:00:00,2024-12-03 12:00:00,DEV_003,65,6,25,89
DEV_003_2024-12-03 13:00:00,2024-12-03 13:00:00,DEV_003,28,89,62,48
DEV_003_2024-12-03 14:00:00,2024-12-03 14:00:00,DEV_003,21,25,76,35
DEV_003_2024-12-03 15:00:00,2024-12-03 15:00:00,DEV_003,74,17,97,68
DEV_003_2024-12-03 16:00:00,2024-12-03 16:00:00,DEV_003,37,19,13,9
DEV_003_2024-12-03 17:00:00,2024-12-03 17:00:00,DEV_003,6,51,80,28
DEV_003_2024-12-03 18:00:00,2024-12-03 18:00:00,DEV_003,53,65,97,87
DEV_003_2024-12-03 19:00:00,2024-12-03 19:00:00,DEV_003,29,96,61,73
DEV_003_2024-12-03 20:00:00,2024-12-03 20:00:00,DEV_003,25,6,3,48
DEV_003_2024-12-03 21:00:00,2024-12-03 21:00:00,DEV_003,33,84,54,7
DEV_003_2024-12-03 22:00:00,2024-12-03 22:00:00,DEV_003,37,29,9,55
DEV_003_2024-12-03 23:00:00,2024-12-03 23:00:00,DEV_003,49,69,94,52
DEV_003_2024-12-04 00:00:00,2024-12-04 00:00:00,DEV_003,12,32,49,78
DEV_003_2024-12-04 01:00:00,2024-12-04 01:00:00,DEV_003,82,80,69,85
DEV_003_2024-12-04 02:00:00,2024-12-04 02:00:00,DEV_003,37,95,23,93
DEV_003_2024-12-04 03:00:00,2024-12-04 03:00:00,DEV_003,2,70,59,56
DEV_003_2024-12-04 04:00:00,2024-12-04 04:00:00,DEV_003,96,35,91,64
DEV_003_2024-12-04 05:00:00,2024-12-04 05:00:00,DEV_003,30,3,73,30
DEV_003_2024-12-04 06:00:00,2024-12-04 06:00:00,DEV_003,10,2,80,43
DEV_003_2024-12-04 07:00:00,2024-12-04 07:00:00,DEV_003,63,26,94,16
DEV_003_2024-12-04 08:00:00,2024-12-04 08:00:00,DEV_003,51,79,74,25
DEV_003_2024-12-04 09:00:00,2024-12-04 09:00:00,DEV_003,24,68,83,53
DEV_003_2024-12-04 10:00:00,2024-12-04 10:00:00,DEV_003,31,85,91,31
DEV_003_2024-12-04 11:00:00,2024-12-04 11:00:00,DEV_003,49,40,77,34
DEV_003_2024-12-04 12:00:00,2024-12-04 12:00:00,DEV_003,32,4,61,49
DEV_003_2024-12-04 13:00:00,2024-12-04 13:00:00,DEV_003,82,27,15,69
DEV_003_2024-12-04 14:00:00,2024-12-04 14:00:00,DEV_003,69,4,1,91
DEV_003_2024-12-04 15:00:00,2024-12-04 15:00:00,DEV_003,25,36,4,55
DEV_003_2024-12-04 16:00:00,2024-12-04 16:00:00,DEV_003,97,45,69,25
DEV_003_2024-12-04 17:00:00,2024-12-04 17:00:00,DEV_003,10,18,36,83
DEV_003_2024-12-04 18:00:00,2024-12-04 18:00:00,DEV_003,32,43,89,96
DEV_003_2024-12-04 19:00:00,2024-12-04 19:00:00,DEV_003,52,39,18,2
DEV_003_2024-12-04 20:00:00,2024-12-04 20:00:00,DEV_003,46,14,67,80
DEV_003_2024-12-04 21:00:00,2024-12-04 21:00:00,DEV_003,96,35,15,11
DEV_003_2024-12-04 22:00:00,2024-12-04 22:00:00,DEV_003,69,61,63,26
DEV_003_2024-12-04 23:00:00,2024-12-04 23:00:00,DEV_003,96,90,20,35
DEV_003_2024-12-05 00:00:00,2024-12-05 00:00:00,DEV_003,65,20,59,99
DEV_003_2024-12-05 01:00:00,2024-12-05 01:00:00,DEV_003,86,19,20,17
DEV_003_2024-12-05 02:00:00,2024-12-05 02:00:00,DEV_003,71,80,63,16
DEV_003_2024-12-05 03:00:00,2024-12-05 03:00:00,DEV_003,35,4,10,22
DEV_003_2024-12-05 04:00:00,2024-12-05 04:00:00,DEV_003,80,48,3,81
DEV_003_2024-12-05 05:00:00,2024-12-05 05:00:00,DEV_003,6,48,58,98
DEV_003_2024-12-05 06:00:00,2024-12-05 06:00:00,DEV_003,13,31,47,39
DEV_003_2024-12-05 07:00:00,2024-12-05 07:00:00,DEV_003,63,68,35,56
DEV_003_2024-12-05 08:00:00,2024-12-05 08:00:00,DEV_003,29,32,24,62
DEV_003_2024-12-05 09:00:00,2024-12-05 09:00:00,DEV_003,67,61,64,43
DEV_003_2024-12-05 10:00:00,2024-12-05 10:00:00,DEV_003,2,88,91,9
DEV_003_2024-12-05 11:00:00,2024-12-05 11:00:00,DEV_003,99,71,78,57
DEV_003_2024-12-05 12:00:00,2024-12-05 12:00:00,DEV_003,10,67,62,84
DEV_003_2024-12-05 13:00:00,2024-12-05 13:00:00,DEV_003,7,72,34,18
DEV_003_2024-12-05 14:00:00,2024-12-05 14:00:00,DEV_003,77,85,6,60
DEV_003_2024-12-05 15:00:00,2024-12-05 15:00:00,DEV_003,74,90,60,95
DEV_003_2024-12-05 16:00:00,2024-12-05 16:00:00,DEV_003,53,88,33,77
DEV_003_2024-12-05 17:00:00,2024-12-05 17:00:00,DEV_003,2,33,84,85
DEV_003_2024-12-05 18:00:00,2024-12-05 18:00:00,DEV_003,2,86,89,21
DEV_003_2024-12-05 19:00:00,2024-12-05 19:00:00,DEV_003,52,23,19,87
DEV_003_2024-12-05 20:00:00,2024-12-05 20:00:00,DEV_003,17,47,43,72
DEV_003_2024-12-05 21:00:00,2024-12-05 21:00:00,DEV_003,66,85,45,99
DEV_003_2024-12-05 22:00:00,2024-12-05 22:00:00,DEV_003,93,77,17,69
DEV_003_2024-12-05 23:00:00,2024-12-05 23:00:00,DEV_003,32,72,52,13
DEV_003_2024-12-06 00:00:00,2024-12-06 00:00:00,DEV_003,97,88,63,17
DEV_003_2024-12-06 01:00:00,2024-12-06 01:00:00,DEV_003,77,28,51,58
DEV_003_2024-12-06 02:00:00,2024-12-06 02:00:00,DEV_003,23,73,39,40
DEV_003_2024-12-06 03:00:00,2024-12-06 03:00:00,DEV_003,69,65,18,72
DEV_003_2024-12-06 04:00:00,2024-12-06 04:00:00,DEV_003,95,31,64,28
DEV_003_2024-12-06 05:00:00,2024-12-06 05:00:00,DEV_003,9,7,8,29
DEV_003_2024-12-06 06:00:00,2024-12-06 06:00:00,DEV_003,61,58,26,60
DEV_003_2024-12-06 07:00:00,2024-12-06 07:00:00,DEV_003,17,6,72,43
DEV_003_2024-12-06 08:00:00,2024-12-06 08:00:00,DEV_003,60,5,30,62
DEV_003_2024-12-06 09:00:00,2024-12-06 09:00:00,DEV_003,74,82,61,88
DEV_003_2024-12-06 10:00:00,2024-12-06 10:00:00,DEV_003,46,35,69,24
DEV_003_2024-12-06 11:00:00,2024-12-06 11:00:00,DEV_003,42,3,76,99
DEV_003_2024-12-06 12:00:00,2024-12-06 12:00:00,DEV_003,94,74,18,8
DEV_003_2024-12-06 13:00:00,2024-12-06 13:00:00,DEV_003,9,49,57,30
DEV_003_2024-12-06 14:00:00,2024-12-06 14:00:00,DEV_003,8,81,85,58
DEV_003_2024-12-06 15:00:00,2024-12-06 15:00:00,DEV_003,79,65,40,75
DEV_003_2024-12-06 16:00:00,2024-12-06 16:00:00,DEV_003,6,46,16,12
DEV_003_2024-12-06 17:00:00,2024-12-06 17:00:00,DEV_003,97,68,67,70
DEV_003_2024-12-06 18:00:00,2024-12-06 18:00:00,DEV_003,9,79,37,2
DEV_003_2024-12-06 19:00:00,2024-12-06 19:00:00,DEV_003,97,24,99,98
DEV_003_2024-12-06 20:00:00,2024-12-06 20:00:00,DEV_003,85,5,55,93
DEV_003_2024-12-06 21:00:00,2024-12-06 21:00:00,DEV_003,37,41,53,50
DEV_003_2024-12-06 22:00:00,2024-12-06 22:00:00,DEV_003,62,91,84,54
DEV_003_2024-12-06 23:00:00,2024-12-06 23:00:00,DEV_003,17,38,75,75
DEV_003_2024-12-07 00:00:00,2024-12-07 00:00:00,DEV_003,28,64,68,12
DEV_003_2024-12-07 01:00:00,2024-12-07 01:00:00,DEV_003,53,95,73,13
DEV_003_2024-12-07 02:00:00,2024-12-07 02:00:00,DEV_003,98,64,52,56
DEV_003_2024-12-07 03:00:00,2024-12-07 03:00:00,DEV_003,92,80,64,60
DEV_003_2024-12-07 04:00:00,2024-12-07 04:00:00,DEV_003,89,80,90,70
DEV_003_2024-12-07 05:00:00,2024-12-07 05:00:00,DEV_003,16,93,80,98
DEV_003_2024-12-07 06:00:00,2024-12-07 06:00:00,DEV_003,26,66,54,69
DEV_003_2024-12-07 07:00:00,2024-12-07 07:00:00,DEV_003,58,18,43,5
DEV_003_2024-12-07 08:00:00,2024-12-07 08:00:00,DEV_003,88,72,26,54
DEV_003_2024-12-07 09:00:00,2024-12-07 09:00:00,DEV_003,79,84,36,73
DEV_003_2024-12-07 10:00:00,2024-12-07 10:00:00,DEV_003,17,88,99,57
DEV_003_2024-12-07 11:00:00,2024-12-07 11:00:00,DEV_003,19,39,59,79
DEV_003_2024-12-07 12:00:00,2024-12-07 12:00:00,DEV_003,64,9,80,66
DEV_003_2024-12-07 13:00:00,2024-12-07 13:00:00,DEV_003,19,20,10,95
DEV_003_2024-12-07 14:00:00,2024-12-07 14:00:00,DEV_003,13,16,66,86
DEV_003_2024-12-07 15:00:00,2024-12-07 15:00:00,DEV_003,15,11,54,91
DEV_003_2024-12-07 16:00:00,2024-12-07 16:00:00,DEV_003,36,60,99,22
DEV_003_2024-12-07 17:00:00,2024-12-07 17:00:00,DEV_003,16,65,74,23
DEV_003_2024-12-07 18:00:00,2024-12-07 18:00:00,DEV_003,67,51,66,31
DEV_003_2024-12-07 19:00:00,2024-12-07 19:00:00,DEV_003,46,1,11,60
DEV_003_2024-12-07 20:00:00,2024-12-07 20:00:00,DEV_003,78,27,2,59
DEV_003_2024-12-07 21:00:00,2024-12-07 21:00:00,DEV_003,3,35,76,40
DEV_003_2024-12-07 22:00:00,2024-12-07 22:00:00,DEV_003,46,4,81,51
DEV_003_2024-12-07 23:00:00,2024-12-07 23:00:00,DEV_003,90,57,57,77
DEV_003_2024-12-08 00:00:00,2024-12-08 00:00:00,DEV_003,26,75,89,79
DEV_003_2024-12-08 01:00:00,2024-12-08 01:00:00,DEV_003,9,88,59,12
DEV_003_2024-12-08 02:00:00,2024-12-08 02:00:00,DEV_003,3,16,96,72
DEV_003_2024-12-08 03:00:00,2024-12-08 03:00:00,DEV_003,70,26,48,72
DEV_003_2024-12-08 04:00:00,2024-12-08 04:00:00,DEV_003,92,63,38,90
DEV_003_2024-12-08 05:00:00,2024-12-08 05:00:00,DEV_003,5,68,80,16
DEV_003_2024-12-08 06:00:00,2024-12-08 06:00:00,DEV_003,13,85,4,50
DEV_003_2024-12-08 07:00:00,2024-12-08 07:00:00,DEV_003,1,46,71,38
DEV_003_2024-12-08 08:00:00,2024-12-08 08:00:00,DEV_003,73,59,37,36
DEV_003_2024-12-08 09:00:00,2024-12-08 09:00:00,DEV_003,36,20,44,19
DEV_003_2024-12-08 10:00:00,2024-12-08 10:00:00,DEV_003,30,1,40,86
DEV_003_2024-12-08 11:00:00,2024-12-08 11:00:00,DEV_003,81,34,90,24
DEV_003_2024-12-08 12:00:00,2024-12-08 12:00:00,DEV_003,94,55,55,96
DEV_003_2024-12-08 13:00:00,2024-12-08 13:00:00,DEV_003,16,47,82,72
DEV_003_2024-12-08 14:00:00,2024-12-08 14:00:00,DEV_003,86,76,83,8
DEV_003_2024-12-08 15:00:00,2024-12-08 15:00:00,DEV_003,26,54,93,29
DEV_003_2024-12-08 16:00:00,2024-12-08 16:00:00,DEV_003,9,25,38,14
DEV_003_2024-12-08 17:00:00,2024-12-08 17:00:00,DEV_003,11,74,30,92
DEV_003_2024-12-08 18:00:00,2024-12-08 18:00:00,DEV_003,27,89,94,60
DEV_003_2024-12-08 19:00:00,2024-12-08 19:00:00,DEV_003,9,41,87,10
DEV_003_2024-12-08 20:00:00,2024-12-08 20:00:00,DEV_003,12,65,27,60
DEV_003_2024-12-08 21:00:00,2024-12-08 21:00:00,DEV_003,45,84,32,4
DEV_003_2024-12-08 22:00:00,2024-12-08 22:00:00,DEV_003,24,58,8,34
DEV_003_2024-12-08 23:00:00,2024-12-08 23:00:00,DEV_003,89,54,75,73
DEV_003_2024-12-09 00:00:00,2024-12-09 00:00:00,DEV_003,32,50,33,19
DEV_003_2024-12-09 01:00:00,2024-12-09 01:00:00,DEV_003,29,31,4,40
DEV_003_2024-12-09 02:00:00,2024-12-09 02:00:00,DEV_003,80,18,66,91
DEV_003_2024-12-09 03:00:00,2024-12-09 03:00:00,DEV_003,69,57,1,99
DEV_003_2024-12-09 04:00:00,2024-12-09 04:00:00,DEV_003,22,77,78,23
DEV_003_2024-12-09 05:00:00,2024-12-09 05:00:00,DEV_003,33,27,93,39
DEV_003_2024-12-09 06:00:00,2024-12-09 06:00:00,DEV_003,97,29,55,20
DEV_003_2024-12-09 07:00:00,2024-12-09 07:00:00,DEV_003,58,29,41,94
DEV_003_2024-12-09 08:00:00,2024-12-09 08:00:00,DEV_003,58,97,16,39
DEV_003_2024-12-09 09:00:00,2024-12-09 09:00:00,DEV_003,78,20,9,99
DEV_003_2024-12-09 10:00:00,2024-12-09 10:00:00,DEV_003,92,46,38,59
DEV_003_2024-12-09 11:00:00,2024-12-09 11:00:00,DEV_003,89,18,59,78
DEV_003_2024-12-09 12:00:00,2024-12-09 12:00:00,DEV_003,20,55,33,55
DEV_003_2024-12-09 13:00:00,2024-12-09 13:00:00,DEV_003,50,96,15,45
DEV_003_2024-12-09 14:00:00,2024-12-09 14:00:00,DEV_003,3,31,11,19
DEV_003_2024-12-09 15:00:00,2024-12-09 15:00:00,DEV_003,16,1,30,52
DEV_003_2024-12-09 16:00:00,2024-12-09 16:00:00,DEV_003,56,46,97,11
DEV_003_2024-12-09 17:00:00,2024-12-09 17:00:00,DEV_003,40,81,29,56
DEV_003_2024-12-09 18:00:00,2024-12-09 18:00:00,DEV_003,11,87,59,39
DEV_003_2024-12-09 19:00:00,2024-12-09 19:00:00,DEV_003,22,66,33,97
DEV_003_2024-12-09 20:00:00,2024-12-09 20:00:00,DEV_003,79,15,8,97
DEV_003_2024-12-09 21:00:00,2024-12-09 21:00:00,DEV_003,8,74,91,35
DEV_003_2024-12-09 22:00:00,2024-12-09 22:00:00,DEV_003,9,54,55,51
DEV_003_2024-12-09 23:00:00,2024-12-09 23:00:00,DEV_003,68,53,22,83
DEV_003_2024-12-10 00:00:00,2024-12-10 00:00:00,DEV_003,26,77,35,58
DEV_003_2024-12-10 01:00:00,2024-12-10 01:00:00,DEV_003,22,93,31,95
DEV_003_2024-12-10 02:00:00,2024-12-10 02:00:00,DEV_003,43,69,23,43
DEV_003_2024-12-10 03:00:00,2024-12-10 03:00:00,DEV_003,5,10,71,76
DEV_003_2024-12-10 04:00:00,2024-12-10 04:00:00,DEV_003,41,83,44,10
DEV_003_2024-12-10 05:00:00,2024-12-10 05:00:00,DEV_003,6,16,18,55
DEV_003_2024-12-10 06:00:00,2024-12-10 06:00:00,DEV_003,20,66,24,26
DEV_003_2024-12-10 07:00:00,2024-12-10 07:00:00,DEV_003,67,51,70,27
DEV_003_2024-12-10 08:00:00,2024-12-10 08:00:00,DEV_003,8,22,35,85
DEV_003_2024-12-10 09:00:00,2024-12-10 09:00:00,DEV_003,20,96,60,40
DEV_003_2024-12-10 10:00:00,2024-12-10 10:00:00,DEV_003,57,47,32,73
DEV_003_2024-12-10 11:00:00,2024-12-10 11:00:00,DEV_003,28,44,28,28
DEV_003_2024-12-10 12:00:00,2024-12-10 12:00:00,DEV_003,79,48,44,33
DEV_003_2024-12-10 13:00:00,2024-12-10 13:00:00,DEV_003,15,28,97,50
DEV_003_2024-12-10 14:00:00,2024-12-10 14:00:00,DEV_003,98,46,72,39
DEV_003_2024-12-10 15:00:00,2024-12-10 15:00:00,DEV_003,10,70,14,42
DEV_003_2024-12-10 16:00:00,2024-12-10 16:00:00,DEV_003,11,44,50,70
DEV_003_2024-12-10 17:00:00,2024-12-10 17:00:00,DEV_003,42,26,64,46
DEV_003_2024-12-10 18:00:00,2024-12-10 18:00:00,DEV_003,42,20,49,82
DEV_003_2024-12-10 19:00:00,2024-12-10 19:00:00,DEV_003,79,52,78,80
DEV_003_2024-12-10 20:00:00,2024-12-10 20:00:00,DEV_003,56,31,38,11
DEV_003_2024-12-10 21:00:00,2024-12-10 21:00:00,DEV_003,31,43,26,59
DEV_003_2024-12-10 22:00:00,2024-12-10 22:00:00,DEV_003,86,89,75,5
DEV_003_2024-12-10 23:00:00,2024-12-10 23:00:00,DEV_003,6,84,7,6
DEV_003_2024-12-11 00:00:00,2024-12-11 00:00:00,DEV_003,61,21,92,30
DEV_003_2024-12-11 01:00:00,2024-12-11 01:00:00,DEV_003,10,16,91,42
DEV_003_2024-12-11 02:00:00,2024-12-11 02:00:00,DEV_003,50,28,22,10
DEV_003_2024-12-11 03:00:00,2024-12-11 03:00:00,DEV_003,16,5,88,92
DEV_003_2024-12-11 04:00:00,2024-12-11 04:00:00,DEV_003,22,89,85,64
DEV_003_2024-12-11 05:00:00,2024-12-11 05:00:00,DEV_003,60,60,35,47
DEV_003_2024-12-11 06:00:00,2024-12-11 06:00:00,DEV_003,55,6,74,31
DEV_003_2024-12-11 07:00:00,2024-12-11 07:00:00,DEV_003,25,17,60,6
DEV_003_2024-12-11 08:00:00,2024-12-11 08:00:00,DEV_003,95,19,56,19
DEV_003_2024-12-11 09:00:00,2024-12-11 09:00:00,DEV_003,83,46,42,24
DEV_003_2024-12-11 10:00:00,2024-12-11 10:00:00,DEV_003,21,32,89,95
DEV_003_2024-12-11 11:00:00,2024-12-11 11:00:00,DEV_003,42,12,60,91
DEV_003_2024-12-11 12:00:00,2024-12-11 12:00:00,DEV_003,26,88,9,39
DEV_003_2024-12-11 13:00:00,2024-12-11 13:00:00,DEV_003,86,8,32,38
DEV_003_2024-12-11 14:00:00,2024-12-11 14:00:00,DEV_003,86,5,66,23
DEV_003_2024-12-11 15:00:00,2024-12-11 15:00:00,DEV_003,63,11,45,80
DEV_003_2024-12-11 16:00:00,2024-12-11 16:00:00,DEV_003,2,13,8,43
DEV_003_2024-12-11 17:00:00,2024-12-11 17:00:00,DEV_003,33,62,91,54
DEV_003_2024-12-11 18:00:00,2024-12-11 18:00:00,DEV_003,8,75,37,99
DEV_003_2024-12-11 19:00:00,2024-12-11 19:00:00,DEV_003,3,36,44,50
DEV_003_2024-12-11 20:00:00,2024-12-11 20:00:00,DEV_003,11,93,20,12
DEV_003_2024-12-11 21:00:00,2024-12-11 21:00:00,DEV_003,50,87,42,84
DEV_003_2024-12-11 22:00:00,2024-12-11 22:00:00,DEV_003,40,30,4,21
DEV_003_2024-12-11 23:00:00,2024-12-11 23:00:00,DEV_003,10,63,13,87
DEV_003_2024-12-12 00:00:00,2024-12-12 00:00:00,DEV_003,41,64,54,22
DEV_003_2024-12-12 01:00:00,2024-12-12 01:00:00,DEV_003,4,55,21,31
DEV_003_2024-12-12 02:00:00,2024-12-12 02:00:00,DEV_003,34,74,51,93
DEV_003_2024-12-12 03:00:00,2024-12-12 03:00:00,DEV_003,59,13,51,10
DEV_003_2024-12-12 04:00:00,2024-12-12 04:00:00,DEV_003,42,99,16,54
DEV_003_2024-12-12 05:00:00,2024-12-12 05:00:00,DEV_003,93,18,43,35
DEV_003_2024-12-12 06:00:00,2024-12-12 06:00:00,DEV_003,27,81,89,78
DEV_003_2024-12-12 07:00:00,2024-12-12 07:00:00,DEV_003,84,15,90,83
DEV_003_2024-12-12 08:00:00,2024-12-12 08:00:00,DEV_003,32,59,99,67
DEV_003_2024-12-12 09:00:00,2024-12-12 09:00:00,DEV_003,66,40,44,2
DEV_003_2024-12-12 10:00:00,2024-12-12 10:00:00,DEV_003,15,78,54,28
DEV_003_2024-12-12 11:00:00,2024-12-12 11:00:00,DEV_003,39,82,86,51
DEV_003_2024-12-12 12:00:00,2024-12-12 12:00:00,DEV_003,17,14,70,34
DEV_003_2024-12-12 13:00:00,2024-12-12 13:00:00,DEV_003,88,70,24,25
DEV_003_2024-12-12 14:00:00,2024-12-12 14:00:00,DEV_003,78,4,28,29
DEV_003_2024-12-12 15:00:00,2024-12-12 15:00:00,DEV_003,67,55,4,91
DEV_003_2024-12-12 16:00:00,2024-12-12 16:00:00,DEV_003,93,94,30,13
DEV_003_2024-12-12 17:00:00,2024-12-12 17:00:00,DEV_003,54,97,34,11
DEV_003_2024-12-12 18:00:00,2024-12-12 18:00:00,DEV_003,91,46,4,23
DEV_003_2024-12-12 19:00:00,2024-12-12 19:00:00,DEV_003,18,73,13,71
DEV_003_2024-12-12 20:00:00,2024-12-12 20:00:00,DEV_003,18,23,11,94
DEV_003_2024-12-12 21:00:00,2024-12-12 21:00:00,DEV_003,99,46,19,48
DEV_003_2024-12-12 22:00:00,2024-12-12 22:00:00,DEV_003,11,31,47,73
DEV_003_2024-12-12 23:00:00,2024-12-12 23:00:00,DEV_003,17,57,12,77
DEV_003_2024-12-13 00:00:00,2024-12-13 00:00:00,DEV_003,33,74,88,15
DEV_003_2024-12-13 01:00:00,2024-12-13 01:00:00,DEV_003,77,25,79,45
DEV_003_2024-12-13 02:00:00,2024-12-13 02:00:00,DEV_003,71,28,59,82
DEV_003_2024-12-13 03:00:00,2024-12-13 03:00:00,DEV_003,13,74,24,46
DEV_003_2024-12-13 04:00:00,2024-12-13 04:00:00,DEV_003,45,86,66,13
DEV_003_2024-12-13 05:00:00,2024-12-13 05:00:00,DEV_003,25,84,60,27
DEV_003_2024-12-13 06:00:00,2024-12-13 06:00:00,DEV_003,41,49,9,15
DEV_003_2024-12-13 07:00:00,2024-12-13 07:00:00,DEV_003,29,85,47,30
DEV_003_2024-12-13 08:00:00,2024-12-13 08:00:00,DEV_003,65,1,17,49
DEV_003_2024-12-13 09:00:00,2024-12-13 09:00:00,DEV_003,80,88,46,43
DEV_003_2024-12-13 10:00:00,2024-12-13 10:00:00,DEV_003,94,59,2,86
DEV_003_2024-12-13 11:00:00,2024-12-13 11:00:00,DEV_003,7,24,42,2
DEV_003_2024-12-13 12:00:00,2024-12-13 12:00:00,DEV_003,54,58,22,69
DEV_003_2024-12-13 13:00:00,2024-12-13 13:00:00,DEV_003,31,83,1,21
DEV_003_2024-12-13 14:00:00,2024-12-13 14:00:00,DEV_003,53,17,38,52
DEV_003_2024-12-13 15:00:00,2024-12-13 15:00:00,DEV_003,20,89,33,80
DEV_003_2024-12-13 16:00:00,2024-12-13 16:00:00,DEV_003,10,8,22,63
DEV_003_2024-12-13 17:00:00,2024-12-13 17:00:00,DEV_003,97,63,26,59
DEV_003_2024-12-13 18:00:00,2024-12-13 18:00:00,DEV_003,61,31,57,24
DEV_003_2024-12-13 19:00:00,2024-12-13 19:00:00,DEV_003,49,53,44,11
DEV_003_2024-12-13 20:00:00,2024-12-13 20:00:00,DEV_003,48,44,69,52
DEV_003_2024-12-13 21:00:00,2024-12-13 21:00:00,DEV_003,63,77,54,27
DEV_003_2024-12-13 22:00:00,2024-12-13 22:00:00,DEV_003,39,41,34,82
DEV_003_2024-12-13 23:00:00,2024-12-13 23:00:00,DEV_003,19,96,72,30
DEV_003_2024-12-14 00:00:00,2024-12-14 00:00:00,DEV_003,40,31,5,14
DEV_003_2024-12-14 01:00:00,2024-12-14 01:00:00,DEV_003,67,58,47,19
DEV_003_2024-12-14 02:00:00,2024-12-14 02:00:00,DEV_003,37,59,95,76
DEV_003_2024-12-14 03:00:00,2024-12-14 03:00:00,DEV_003,97,27,76,46
DEV_003_2024-12-14 04:00:00,2024-12-14 04:00:00,DEV_003,34,37,36,54
DEV_003_2024-12-14 05:00:00,2024-12-14 05:00:00,DEV_003,7,93,18,32
DEV_003_2024-12-14 06:00:00,2024-12-14 06:00:00,DEV_003,44,73,62,70
DEV_003_2024-12-14 07:00:00,2024-12-14 07:00:00,DEV_003,36,25,8,49
DEV_003_2024-12-14 08:00:00,2024-12-14 08:00:00,DEV_003,28,72,50,92
DEV_003_2024-12-14 09:00:00,2024-12-14 09:00:00,DEV_003,36,99,61,79
DEV_003_2024-12-14 10:00:00,2024-12-14 10:00:00,DEV_003,25,50,80,17
DEV_003_2024-12-14 11:00:00,2024-12-14 11:00:00,DEV_003,29,8,34,59
DEV_003_2024-12-14 12:00:00,2024-12-14 12:00:00,DEV_003,78,42,86,60
DEV_003_2024-12-14 13:00:00,2024-12-14 13:00:00,DEV_003,47,53,9,15
DEV_003_2024-12-14 14:00:00,2024-12-14 14:00:00,DEV_003,41,99,93,60
DEV_003_2024-12-14 15:00:00,2024-12-14 15:00:00,DEV_003,90,40,52,17
DEV_003_2024-12-14 16:00:00,2024-12-14 16:00:00,DEV_003,94,60,95,5
DEV_003_2024-12-14 17:00:00,2024-12-14 17:00:00,DEV_003,46,92,56,56
DEV_003_2024-12-14 18:00:00,2024-12-14 18:00:00,DEV_003,64,61,94,24
DEV_003_2024-12-14 19:00:00,2024-12-14 19:00:00,DEV_003,61,49,25,63
DEV_003_2024-12-14 20:00:00,2024-12-14 20:00:00,DEV_003,76,43,94,67
DEV_003_2024-12-14 21:00:00,2024-12-14 21:00:00,DEV_003,18,37,69,87
DEV_003_2024-12-14 22:00:00,2024-12-14 22:00:00,DEV_003,84,70,19,56
DEV_003_2024-12-14 23:00:00,2024-12-14 23:00:00,DEV_003,1,77,96,22
DEV_003_2024-12-15 00:00:00,2024-12-15 00:00:00,DEV_003,66,12,15,58
DEV_003_2024-12-15 01:00:00,2024-12-15 01:00:00,DEV_003,26,23,83,34
DEV_003_2024-12-15 02:00:00,2024-12-15 02:00:00,DEV_003,46,90,66,23
DEV_003_2024-12-15 03:00:00,2024-12-15 03:00:00,DEV_003,86,38,47,14
DEV_003_2024-12-15 04:00:00,2024-12-15 04:00:00,DEV_003,38,52,98,8
DEV_003_2024-12-15 05:00:00,2024-12-15 05:00:00,DEV_003,20,46,78,49
DEV_003_2024-12-15 06:00:00,2024-12-15 06:00:00,DEV_003,67,19,5,87
DEV_003_2024-12-15 07:00:00,2024-12-15 07:00:00,DEV_003,74,40,46,55
DEV_003_2024-12-15 08:00:00,2024-12-15 08:00:00,DEV_003,38,20,76,79
DEV_003_2024-12-15 09:00:00,2024-12-15 09:00:00,DEV_003,44,51,78,51
DEV_003_2024-12-15 10:00:00,2024-12-15 10:00:00,DEV_003,85,69,79,54
DEV_003_2024-12-15 11:00:00,2024-12-15 11:00:00,DEV_003,35,60,66,47
DEV_003_2024-12-15 12:00:00,2024-12-15 12:00:00,DEV_003,44,6,3,50
DEV_003_2024-12-15 13:00:00,2024-12-15 13:00:00,DEV_003,15,92,34,3
DEV_003_2024-12-15 14:00:00,2024-12-15 14:00:00,DEV_003,11,26,18,88
DEV_003_2024-12-15 15:00:00,2024-12-15 15:00:00,DEV_003,6,75,33,78
DEV_003_2024-12-15 16:00:00,2024-12-15 16:00:00,DEV_003,58,35,87,80
DEV_003_2024-12-15 17:00:00,2024-12-15 17:00:00,DEV_003,91,59,4,30
DEV_003_2024-12-15 18:00:00,2024-12-15 18:00:00,DEV_003,18,81,58,80
DEV_003_2024-12-15 19:00:00,2024-12-15 19:00:00,DEV_003,5,3,1,29
DEV_003_2024-12-15 20:00:00,2024-12-15 20:00:00,DEV_003,33,27,57,97
DEV_003_2024-12-15 21:00:00,2024-12-15 21:00:00,DEV_003,97,13,52,28
DEV_003_2024-12-15 22:00:00,2024-12-15 22:00:00,DEV_003,59,20,13,62
DEV_003_2024-12-15 23:00:00,2024-12-15 23:00:00,DEV_003,16,56,5,26
DEV_003_2024-12-16 00:00:00,2024-12-16 00:00:00,DEV_003,42,76,43,75
DEV_003_2024-12-16 01:00:00,2024-12-16 01:00:00,DEV_003,13,50,40,57
DEV_003_2024-12-16 02:00:00,2024-12-16 02:00:00,DEV_003,66,11,79,92
DEV_003_2024-12-16 03:00:00,2024-12-16 03:00:00,DEV_003,11,47,37,25
DEV_003_2024-12-16 04:00:00,2024-12-16 04:00:00,DEV_003,11,4,12,29
DEV_003_2024-12-16 05:00:00,2024-12-16 05:00:00,DEV_003,33,57,77,47
DEV_003_2024-12-16 06:00:00,2024-12-16 06:00:00,DEV_003,68,94,88,66
DEV_003_2024-12-16 07:00:00,2024-12-16 07:00:00,DEV_003,72,37,44,62
DEV_003_2024-12-16 08:00:00,2024-12-16 08:00:00,DEV_003,51,90,45,74
DEV_003_2024-12-16 09:00:00,2024-12-16 09:00:00,DEV_003,68,32,45,31
DEV_003_2024-12-16 10:00:00,2024-12-16 10:00:00,DEV_003,38,48,78,59
DEV_003_2024-12-16 11:00:00,2024-12-16 11:00:00,DEV_003,14,26,4,32
DEV_003_2024-12-16 12:00:00,2024-12-16 12:00:00,DEV_003,68,8,57,79
DEV_003_2024-12-16 13:00:00,2024-12-16 13:00:00,DEV_003,85,4,57,95
DEV_003_2024-12-16 14:00:00,2024-12-16 14:00:00,DEV_003,39,92,4,37
DEV_003_2024-12-16 15:00:00,2024-12-16 15:00:00,DEV_003,58,26,91,56
DEV_003_2024-12-16 16:00:00,2024-12-16 16:00:00,DEV_003,75,20,70,42
DEV_003_2024-12-16 17:00:00,2024-12-16 17:00:00,DEV_003,47,13,61,71
DEV_003_2024-12-16 18:00:00,2024-12-16 18:00:00,DEV_003,77,97,47,13
DEV_003_2024-12-16 19:00:00,2024-12-16 19:00:00,DEV_003,27,48,65,58
DEV_003_2024-12-16 20:00:00,2024-12-16 20:00:00,DEV_003,37,91,63,21
DEV_003_2024-12-16 21:00:00,2024-12-16 21:00:00,DEV_003,11,27,1,92
DEV_003_2024-12-16 22:00:00,2024-12-16 22:00:00,DEV_003,56,97,78,42
DEV_003_2024-12-16 23:00:00,2024-12-16 23:00:00,DEV_003,67,47,47,4
DEV_003_2024-12-17 00:00:00,2024-12-17 00:00:00,DEV_003,22,4,45,28
DEV_003_2024-12-17 01:00:00,2024-12-17 01:00:00,DEV_003,45,44,34,27
DEV_003_2024-12-17 02:00:00,2024-12-17 02:00:00,DEV_003,94,57,22,11
DEV_003_2024-12-17 03:00:00,2024-12-17 03:00:00,DEV_003,10,54,12,24
DEV_003_2024-12-17 04:00:00,2024-12-17 04:00:00,DEV_003,25,28,20,90
DEV_003_2024-12-17 05:00:00,2024-12-17 05:00:00,DEV_003,46,6,51,97
DEV_003_2024-12-17 06:00:00,2024-12-17 06:00:00,DEV_003,95,63,85,52
DEV_003_2024-12-17 07:00:00,2024-12-17 07:00:00,DEV_003,55,8,55,11
DEV_003_2024-12-17 08:00:00,2024-12-17 08:00:00,DEV_003,77,64,12,45
DEV_003_2024-12-17 09:00:00,2024-12-17 09:00:00,DEV_003,47,72,59,33
DEV_003_2024-12-17 10:00:00,2024-12-17 10:00:00,DEV_003,89,20,3,87
DEV_003_2024-12-17 11:00:00,2024-12-17 11:00:00,DEV_003,39,86,57,10
DEV_003_2024-12-17 12:00:00,2024-12-17 12:00:00,DEV_003,47,56,8,29
DEV_003_2024-12-17 13:00:00,2024-12-17 13:00:00,DEV_003,3,83,32,88
DEV_003_2024-12-17 14:00:00,2024-12-17 14:00:00,DEV_003,71,87,95,40
DEV_003_2024-12-17 15:00:00,2024-12-17 15:00:00,DEV_003,93,58,21,23
DEV_003_2024-12-17 16:00:00,2024-12-17 16:00:00,DEV_003,94,83,32,74
DEV_003_2024-12-17 17:00:00,2024-12-17 17:00:00,DEV_003,26,68,49,98
DEV_003_2024-12-17 18:00:00,2024-12-17 18:00:00,DEV_003,89,42,33,49
DEV_003_2024-12-17 19:00:00,2024-12-17 19:00:00,DEV_003,90,8,28,70
DEV_003_2024-12-17 20:00:00,2024-12-17 20:00:00,DEV_003,2,89,6,82
DEV_003_2024-12-17 21:00:00,2024-12-17 21:00:00,DEV_003,45,9,9,31
DEV_003_2024-12-17 22:00:00,2024-12-17 22:00:00,DEV_003,91,81,34,26
DEV_003_2024-12-17 23:00:00,2024-12-17 23:00:00,DEV_003,93,64,9,72
DEV_003_2024-12-18 00:00:00,2024-12-18 00:00:00,DEV_003,88,44,94,91
DEV_003_2024-12-18 01:00:00,2024-12-18 01:00:00,DEV_003,99,21,9,44
DEV_003_2024-12-18 02:00:00,2024-12-18 02:00:00,DEV_003,89,71,3,92
DEV_003_2024-12-18 03:00:00,2024-12-18 03:00:00,DEV_003,87,7,86,2
DEV_003_2024-12-18 04:00:00,2024-12-18 04:00:00,DEV_003,23,84,74,48
DEV_003_2024-12-18 05:00:00,2024-12-18 05:00:00,DEV_003,36,21,23,57
DEV_003_2024-12-18 06:00:00,2024-12-18 06:00:00,DEV_003,48,75,2,47
DEV_003_2024-12-18 07:00:00,2024-12-18 07:00:00,DEV_003,18,87,44,86
DEV_003_2024-12-18 08:00:00,2024-12-18 08:00:00,DEV_003,80,78,19,97
DEV_003_2024-12-18 09:00:00,2024-12-18 09:00:00,DEV_003,98,94,45,57
DEV_003_2024-12-18 10:00:00,2024-12-18 10:00:00,DEV_003,52,31,53,11
DEV_003_2024-12-18 11:00:00,2024-12-18 11:00:00,DEV_003,95,9,99,69
DEV_003_2024-12-18 12:00:00,2024-12-18 12:00:00,DEV_003,72,51,8,47
DEV_003_2024-12-18 13:00:00,2024-12-18 13:00:00,DEV_003,89,37,7,55
DEV_003_2024-12-18 14:00:00,2024-12-18 14:00:00,DEV_003,53,83,15,91
DEV_003_2024-12-18 15:00:00,2024-12-18 15:00:00,DEV_003,63,9,5,29
DEV_003_2024-12-18 16:00:00,2024-12-18 16:00:00,DEV_003,92,64,85,44
DEV_003_2024-12-18 17:00:00,2024-12-18 17:00:00,DEV_003,98,78,79,15
DEV_003_2024-12-18 18:00:00,2024-12-18 18:00:00,DEV_003,36,13,58,87
DEV_003_2024-12-18 19:00:00,2024-12-18 19:00:00,DEV_003,69,70,11,96
DEV_003_2024-12-18 20:00:00,2024-12-18 20:00:00,DEV_003,80,32,17,40
DEV_003_2024-12-18 21:00:00,2024-12-18 21:00:00,DEV_003,4,35,13,39
DEV_003_2024-12-18 22:00:00,2024-12-18 22:00:00,DEV_003,68,30,2,79
DEV_003_2024-12-18 23:00:00,2024-12-18 23:00:00,DEV_003,10,28,20,13
DEV_003_2024-12-19 00:00:00,2024-12-19 00:00:00,DEV_003,98,5,52,42
DEV_003_2024-12-19 01:00:00,2024-12-19 01:00:00,DEV_003,22,95,97,79
DEV_003_2024-12-19 02:00:00,2024-12-19 02:00:00,DEV_003,37,72,25,46
DEV_003_2024-12-19 03:00:00,2024-12-19 03:00:00,DEV_003,42,62,96,41
DEV_003_2024-12-19 04:00:00,2024-12-19 04:00:00,DEV_003,83,92,7,56
DEV_003_2024-12-19 05:00:00,2024-12-19 05:00:00,DEV_003,22,85,75,76
DEV_003_2024-12-19 06:00:00,2024-12-19 06:00:00,DEV_003,73,51,73,33
DEV_003_2024-12-19 07:00:00,2024-12-19 07:00:00,DEV_003,98,9,62,26
DEV_003_2024-12-19 08:00:00,2024-12-19 08:00:00,DEV_003,85,32,48,91
DEV_003_2024-12-19 09:00:00,2024-12-19 09:00:00,DEV_003,36,26,34,21
DEV_003_2024-12-19 10:00:00,2024-12-19 10:00:00,DEV_003,57,49,47,79
DEV_003_2024-12-19 11:00:00,2024-12-19 11:00:00,DEV_003,27,19,71,62
DEV_003_2024-12-19 12:00:00,2024-12-19 12:00:00,DEV_003,99,92,35,26
DEV_003_2024-12-19 13:00:00,2024-12-19 13:00:00,DEV_003,90,7,15,31
DEV_003_2024-12-19 14:00:00,2024-12-19 14:00:00,DEV_003,13,36,38,36
DEV_003_2024-12-19 15:00:00,2024-12-19 15:00:00,DEV_003,8,74,92,72
DEV_003_2024-12-19 16:00:00,2024-12-19 16:00:00,DEV_003,10,82,18,53
DEV_003_2024-12-19 17:00:00,2024-12-19 17:00:00,DEV_003,12,66,67,68
DEV_003_2024-12-19 18:00:00,2024-12-19 18:00:00,DEV_003,48,38,19,20
DEV_003_2024-12-19 19:00:00,2024-12-19 19:00:00,DEV_003,89,87,33,87
DEV_003_2024-12-19 20:00:00,2024-12-19 20:00:00,DEV_003,74,29,55,20
DEV_003_2024-12-19 21:00:00,2024-12-19 21:00:00,DEV_003,97,70,79,56
DEV_003_2024-12-19 22:00:00,2024-12-19 22:00:00,DEV_003,85,79,48,51
DEV_003_2024-12-19 23:00:00,2024-12-19 23:00:00,DEV_003,38,28,64,63
DEV_003_2024-12-20 00:00:00,2024-12-20 00:00:00,DEV_003,70,10,7,79
DEV_003_2024-12-20 01:00:00,2024-12-20 01:00:00,DEV_003,97,49,93,52
DEV_003_2024-12-20 02:00:00,2024-12-20 02:00:00,DEV_003,44,10,63,62
DEV_003_2024-12-20 03:00:00,2024-12-20 03:00:00,DEV_003,7,20,29,41
DEV_003_2024-12-20 04:00:00,2024-12-20 04:00:00,DEV_003,27,59,74,7
DEV_003_2024-12-20 05:00:00,2024-12-20 05:00:00,DEV_003,12,47,57,8
DEV_003_2024-12-20 06:00:00,2024-12-20 06:00:00,DEV_003,94,28,16,21
DEV_003_2024-12-20 07:00:00,2024-12-20 07:00:00,DEV_003,1,26,84,81
DEV_003_2024-12-20 08:00:00,2024-12-20 08:00:00,DEV_003,38,15,2,58
DEV_003_2024-12-20 09:00:00,2024-12-20 09:00:00,DEV_003,14,70,96,80
DEV_003_2024-12-20 10:00:00,2024-12-20 10:00:00,DEV_003,69,96,99,95
DEV_003_2024-12-20 11:00:00,2024-12-20 11:00:00,DEV_003,57,14,65,85
DEV_003_2024-12-20 12:00:00,2024-12-20 12:00:00,DEV_003,44,6,86,1
DEV_003_2024-12-20 13:00:00,2024-12-20 13:00:00,DEV_003,73,39,10,67
DEV_003_2024-12-20 14:00:00,2024-12-20 14:00:00,DEV_003,50,86,62,64
DEV_003_2024-12-20 15:00:00,2024-12-20 15:00:00,DEV_003,1,86,43,34
DEV_003_2024-12-20 16:00:00,2024-12-20 16:00:00,DEV_003,78,92,28,36
DEV_003_2024-12-20 17:00:00,2024-12-20 17:00:00,DEV_003,7,65,23,36
DEV_003_2024-12-20 18:00:00,2024-12-20 18:00:00,DEV_003,1,83,32,86
DEV_003_2024-12-20 19:00:00,2024-12-20 19:00:00,DEV_003,66,81,73,11
DEV_003_2024-12-20 20:00:00,2024-12-20 20:00:00,DEV_003,11,4,34,65
DEV_003_2024-12-20 21:00:00,2024-12-20 21:00:00,DEV_003,6,51,52,27
DEV_003_2024-12-20 22:00:00,2024-12-20 22:00:00,DEV_003,94,36,37,48
DEV_003_2024-12-20 23:00:00,2024-12-20 23:00:00,DEV_003,98,98,56,44
DEV_003_2024-12-21 00:00:00,2024-12-21 00:00:00,DEV_003,6,67,47,95
DEV_003_2024-12-21 01:00:00,2024-12-21 01:00:00,DEV_003,15,54,77,20
DEV_003_2024-12-21 02:00:00,2024-12-21 02:00:00,DEV_003,55,69,56,57
DEV_003_2024-12-21 03:00:00,2024-12-21 03:00:00,DEV_003,95,21,50,14
DEV_003_2024-12-21 04:00:00,2024-12-21 04:00:00,DEV_003,89,19,16,31
DEV_003_2024-12-21 05:00:00,2024-12-21 05:00:00,DEV_003,13,75,2,40
DEV_003_2024-12-21 06:00:00,2024-12-21 06:00:00,DEV_003,26,82,51,72
DEV_003_2024-12-21 07:00:00,2024-12-21 07:00:00,DEV_003,5,42,20,83
DEV_003_2024-12-21 08:00:00,2024-12-21 08:00:00,DEV_003,51,86,32,78
DEV_003_2024-12-21 09:00:00,2024-12-21 09:00:00,DEV_003,51,74,30,76
DEV_003_2024-12-21 10:00:00,2024-12-21 10:00:00,DEV_003,43,30,45,48
DEV_003_2024-12-21 11:00:00,2024-12-21 11:00:00,DEV_003,43,7,91,8
DEV_003_2024-12-21 12:00:00,2024-12-21 12:00:00,DEV_003,85,55,50,46
DEV_003_2024-12-21 13:00:00,2024-12-21 13:00:00,DEV_003,77,26,90,13
DEV_003_2024-12-21 14:00:00,2024-12-21 14:00:00,DEV_003,94,6,38,10
DEV_003_2024-12-21 15:00:00,2024-12-21 15:00:00,DEV_003,4,55,14,46
DEV_003_2024-12-21 16:00:00,2024-12-21 16:00:00,DEV_003,81,59,18,92
DEV_003_2024-12-21 17:00:00,2024-12-21 17:00:00,DEV_003,34,45,36,20
DEV_003_2024-12-21 18:00:00,2024-12-21 18:00:00,DEV_003,77,24,64,85
DEV_003_2024-12-21 19:00:00,2024-12-21 19:00:00,DEV_003,2,34,47,17
DEV_003_2024-12-21 20:00:00,2024-12-21 20:00:00,DEV_003,98,4,97,79
DEV_003_2024-12-21 21:00:00,2024-12-21 21:00:00,DEV_003,79,30,81,52
DEV_003_2024-12-21 22:00:00,2024-12-21 22:00:00,DEV_003,9,15,97,42
DEV_003_2024-12-21 23:00:00,2024-12-21 23:00:00,DEV_003,81,61,91,50
DEV_003_2024-12-22 00:00:00,2024-12-22 00:00:00,DEV_003,5,62,2,61
DEV_003_2024-12-22 01:00:00,2024-12-22 01:00:00,DEV_003,56,12,74,47
DEV_003_2024-12-22 02:00:00,2024-12-22 02:00:00,DEV_003,27,1,71,37
DEV_003_2024-12-22 03:00:00,2024-12-22 03:00:00,DEV_003,10,15,76,34
DEV_003_2024-12-22 04:00:00,2024-12-22 04:00:00,DEV_003,37,33,94,16
DEV_003_2024-12-22 05:00:00,2024-12-22 05:00:00,DEV_003,84,99,20,10
DEV_003_2024-12-22 06:00:00,2024-12-22 06:00:00,DEV_003,96,80,74,67
DEV_003_2024-12-22 07:00:00,2024-12-22 07:00:00,DEV_003,9,62,29,4
DEV_003_2024-12-22 08:00:00,2024-12-22 08:00:00,DEV_003,66,86,39,1
DEV_003_2024-12-22 09:00:00,2024-12-22 09:00:00,DEV_003,9,85,49,11
DEV_003_2024-12-22 10:00:00,2024-12-22 10:00:00,DEV_003,76,13,40,70
DEV_003_2024-12-22 11:00:00,2024-12-22 11:00:00,DEV_003,68,17,31,91
DEV_003_2024-12-22 12:00:00,2024-12-22 12:00:00,DEV_003,88,34,92,25
DEV_003_2024-12-22 13:00:00,2024-12-22 13:00:00,DEV_003,99,10,56,62
DEV_003_2024-12-22 14:00:00,2024-12-22 14:00:00,DEV_003,63,92,35,75
DEV_003_2024-12-22 15:00:00,2024-12-22 15:00:00,DEV_003,17,33,65,35
DEV_003_2024-12-22 16:00:00,2024-12-22 16:00:00,DEV_003,81,84,73,25
DEV_003_2024-12-22 17:00:00,2024-12-22 17:00:00,DEV_003,64,99,81,34
DEV_003_2024-12-22 18:00:00,2024-12-22 18:00:00,DEV_003,39,97,79,34
DEV_003_2024-12-22 19:00:00,2024-12-22 19:00:00,DEV_003,67,54,56,47
DEV_003_2024-12-22 20:00:00,2024-12-22 20:00:00,DEV_003,54,22,12,36
DEV_003_2024-12-22 21:00:00,2024-12-22 21:00:00,DEV_003,19,71,71,27
DEV_003_2024-12-22 22:00:00,2024-12-22 22:00:00,DEV_003,95,97,72,55
DEV_003_2024-12-22 23:00:00,2024-12-22 23:00:00,DEV_003,37,69,88,75
DEV_003_2024-12-23 00:00:00,2024-12-23 00:00:00,DEV_003,7,30,76,1
DEV_003_2024-12-23 01:00:00,2024-12-23 01:00:00,DEV_003,57,23,28,18
DEV_003_2024-12-23 02:00:00,2024-12-23 02:00:00,DEV_003,27,6,72,98
DEV_003_2024-12-23 03:00:00,2024-12-23 03:00:00,DEV_003,42,60,55,31
DEV_003_2024-12-23 04:00:00,2024-12-23 04:00:00,DEV_003,62,4,36,80
DEV_003_2024-12-23 05:00:00,2024-12-23 05:00:00,DEV_003,49,30,28,34
DEV_003_2024-12-23 06:00:00,2024-12-23 06:00:00,DEV_003,71,7,53,55
DEV_003_2024-12-23 07:00:00,2024-12-23 07:00:00,DEV_003,98,92,2,72
DEV_003_2024-12-23 08:00:00,2024-12-23 08:00:00,DEV_003,3,66,11,74
DEV_003_2024-12-23 09:00:00,2024-12-23 09:00:00,DEV_003,68,21,60,78
DEV_003_2024-12-23 10:00:00,2024-12-23 10:00:00,DEV_003,7,35,83,14
DEV_003_2024-12-23 11:00:00,2024-12-23 11:00:00,DEV_003,93,62,75,21
DEV_003_2024-12-23 12:00:00,2024-12-23 12:00:00,DEV_003,17,81,5,38
DEV_003_2024-12-23 13:00:00,2024-12-23 13:00:00,DEV_003,94,64,95,90
DEV_003_2024-12-23 14:00:00,2024-12-23 14:00:00,DEV_003,73,1,20,31
DEV_003_2024-12-23 15:00:00,2024-12-23 15:00:00,DEV_003,95,51,76,95
DEV_003_2024-12-23 16:00:00,2024-12-23 16:00:00,DEV_003,72,1,92,65
DEV_003_2024-12-23 17:00:00,2024-12-23 17:00:00,DEV_003,77,85,10,51
DEV_003_2024-12-23 18:00:00,2024-12-23 18:00:00,DEV_003,60,95,86,94
DEV_003_2024-12-23 19:00:00,2024-12-23 19:00:00,DEV_003,32,83,13,97
DEV_003_2024-12-23 20:00:00,2024-12-23 20:00:00,DEV_003,70,17,76,31
DEV_003_2024-12-23 21:00:00,2024-12-23 21:00:00,DEV_003,84,8,79,98
DEV_003_2024-12-23 22:00:00,2024-12-23 22:00:00,DEV_003,18,95,48,10
DEV_003_2024-12-23 23:00:00,2024-12-23 23:00:00,DEV_003,36,37,2,83
DEV_003_2024-12-24 00:00:00,2024-12-24 00:00:00,DEV_003,20,43,47,60
DEV_003_2024-12-24 01:00:00,2024-12-24 01:00:00,DEV_003,81,35,76,49
DEV_003_2024-12-24 02:00:00,2024-12-24 02:00:00,DEV_003,45,89,26,10
DEV_003_2024-12-24 03:00:00,2024-12-24 03:00:00,DEV_003,92,62,89,56
DEV_003_2024-12-24 04:00:00,2024-12-24 04:00:00,DEV_003,58,81,24,76
DEV_003_2024-12-24 05:00:00,2024-12-24 05:00:00,DEV_003,45,98,67,89
DEV_003_2024-12-24 06:00:00,2024-12-24 06:00:00,DEV_003,5,4,19,51
DEV_003_2024-12-24 07:00:00,2024-12-24 07:00:00,DEV_003,99,18,42,6
DEV_003_2024-12-24 08:00:00,2024-12-24 08:00:00,DEV_003,60,76,55,41
DEV_003_2024-12-24 09:00:00,2024-12-24 09:00:00,DEV_003,7,18,27,73
DEV_003_2024-12-24 10:00:00,2024-12-24 10:00:00,DEV_003,35,63,78,43
DEV_003_2024-12-24 11:00:00,2024-12-24 11:00:00,DEV_003,5,76,77,25
DEV_003_2024-12-24 12:00:00,2024-12-24 12:00:00,DEV_003,35,73,90,81
DEV_003_2024-12-24 13:00:00,2024-12-24 13:00:00,DEV_003,17,65,92,30
DEV_003_2024-12-24 14:00:00,2024-12-24 14:00:00,DEV_003,52,80,99,48
DEV_003_2024-12-24 15:00:00,2024-12-24 15:00:00,DEV_003,27,96,39,21
DEV_003_2024-12-24 16:00:00,2024-12-24 16:00:00,DEV_003,83,56,44,46
DEV_003_2024-12-24 17:00:00,2024-12-24 17:00:00,DEV_003,88,90,37,49
DEV_003_2024-12-24 18:00:00,2024-12-24 18:00:00,DEV_003,93,9,48,87
DEV_003_2024-12-24 19:00:00,2024-12-24 19:00:00,DEV_003,6,42,99,31
DEV_003_2024-12-24 20:00:00,2024-12-24 20:00:00,DEV_003,56,38,40,16
DEV_003_2024-12-24 21:00:00,2024-12-24 21:00:00,DEV_003,77,75,40,97
DEV_003_2024-12-24 22:00:00,2024-12-24 22:00:00,DEV_003,71,47,88,94
DEV_003_2024-12-24 23:00:00,2024-12-24 23:00:00,DEV_003,79,83,75,5
DEV_003_2024-12-25 00:00:00,2024-12-25 00:00:00,DEV_003,1,24,88,37
DEV_003_2024-12-25 01:00:00,2024-12-25 01:00:00,DEV_003,55,90,47,15
DEV_003_2024-12-25 02:00:00,2024-12-25 02:00:00,DEV_003,39,17,35,45
DEV_003_2024-12-25 03:00:00,2024-12-25 03:00:00,DEV_003,39,91,71,54
DEV_003_2024-12-25 04:00:00,2024-12-25 04:00:00,DEV_003,89,98,34,13
DEV_003_2024-12-25 05:00:00,2024-12-25 05:00:00,DEV_003,56,36,67,99
DEV_003_2024-12-25 06:00:00,2024-12-25 06:00:00,DEV_003,32,35,2,27
DEV_003_2024-12-25 07:00:00,2024-12-25 07:00:00,DEV_003,59,17,6,17
DEV_003_2024-12-25 08:00:00,2024-12-25 08:00:00,DEV_003,71,88,39,36
DEV_003_2024-12-25 09:00:00,2024-12-25 09:00:00,DEV_003,6,44,2,61
DEV_003_2024-12-25 10:00:00,2024-12-25 10:00:00,DEV_003,97,52,96,67
DEV_003_2024-12-25 11:00:00,2024-12-25 11:00:00,DEV_003,59,14,42,17
DEV_003_2024-12-25 12:00:00,2024-12-25 12:00:00,DEV_003,71,59,67,17
DEV_003_2024-12-25 13:00:00,2024-12-25 13:00:00,DEV_003,96,70,28,8
DEV_003_2024-12-25 14:00:00,2024-12-25 14:00:00,DEV_003,99,7,11,77
DEV_003_2024-12-25 15:00:00,2024-12-25 15:00:00,DEV_003,18,3,43,58
DEV_003_2024-12-25 16:00:00,2024-12-25 16:00:00,DEV_003,53,51,33,83
DEV_003_2024-12-25 17:00:00,2024-12-25 17:00:00,DEV_003,11,35,98,64
DEV_003_2024-12-25 18:00:00,2024-12-25 18:00:00,DEV_003,87,77,12,98
DEV_003_2024-12-25 19:00:00,2024-12-25 19:00:00,DEV_003,78,53,90,33
DEV_003_2024-12-25 20:00:00,2024-12-25 20:00:00,DEV_003,64,90,91,1
DEV_003_2024-12-25 21:00:00,2024-12-25 21:00:00,DEV_003,45,90,50,8
DEV_003_2024-12-25 22:00:00,2024-12-25 22:00:00,DEV_003,58,12,74,80
DEV_003_2024-12-25 23:00:00,2024-12-25 23:00:00,DEV_003,85,33,70,42
DEV_003_2024-12-26 00:00:00,2024-12-26 00:00:00,DEV_003,57,58,47,82
DEV_003_2024-12-26 01:00:00,2024-12-26 01:00:00,DEV_003,38,31,89,79
DEV_003_2024-12-26 02:00:00,2024-12-26 02:00:00,DEV_003,86,9,56,60
DEV_003_2024-12-26 03:00:00,2024-12-26 03:00:00,DEV_003,23,19,35,3
DEV_003_2024-12-26 04:00:00,2024-12-26 04:00:00,DEV_003,50,93,16,69
DEV_003_2024-12-26 05:00:00,2024-12-26 05:00:00,DEV_003,69,23,72,55
DEV_003_2024-12-26 06:00:00,2024-12-26 06:00:00,DEV_003,90,11,41,28
DEV_003_2024-12-26 07:00:00,2024-12-26 07:00:00,DEV_003,40,82,89,87
DEV_003_2024-12-26 08:00:00,2024-12-26 08:00:00,DEV_003,5,20,57,77
DEV_003_2024-12-26 09:00:00,2024-12-26 09:00:00,DEV_003,37,71,77,50
DEV_003_2024-12-26 10:00:00,2024-12-26 10:00:00,DEV_003,71,37,71,98
DEV_003_2024-12-26 11:00:00,2024-12-26 11:00:00,DEV_003,26,62,42,37
DEV_003_2024-12-26 12:00:00,2024-12-26 12:00:00,DEV_003,50,64,19,6
DEV_003_2024-12-26 13:00:00,2024-12-26 13:00:00,DEV_003,39,50,53,18
DEV_003_2024-12-26 14:00:00,2024-12-26 14:00:00,DEV_003,56,39,57,96
DEV_003_2024-12-26 15:00:00,2024-12-26 15:00:00,DEV_003,57,49,50,10
DEV_003_2024-12-26 16:00:00,2024-12-26 16:00:00,DEV_003,11,59,31,66
DEV_003_2024-12-26 17:00:00,2024-12-26 17:00:00,DEV_003,88,35,3,78
DEV_003_2024-12-26 18:00:00,2024-12-26 18:00:00,DEV_003,32,3,22,42
DEV_003_2024-12-26 19:00:00,2024-12-26 19:00:00,DEV_003,45,57,5,21
DEV_003_2024-12-26 20:00:00,2024-12-26 20:00:00,DEV_003,16,48,46,33
DEV_003_2024-12-26 21:00:00,2024-12-26 21:00:00,DEV_003,84,95,40,32
DEV_003_2024-12-26 22:00:00,2024-12-26 22:00:00,DEV_003,33,45,48,32
DEV_003_2024-12-26 23:00:00,2024-12-26 23:00:00,DEV_003,68,60,10,15
DEV_003_2024-12-27 00:00:00,2024-12-27 00:00:00,DEV_003,38,18,9,43
DEV_003_2024-12-27 01:00:00,2024-12-27 01:00:00,DEV_003,36,50,21,19
DEV_003_2024-12-27 02:00:00,2024-12-27 02:00:00,DEV_003,33,71,60,18
DEV_003_2024-12-27 03:00:00,2024-12-27 03:00:00,DEV_003,57,80,78,24
DEV_003_2024-12-27 04:00:00,2024-12-27 04:00:00,DEV_003,32,11,53,52
DEV_003_2024-12-27 05:00:00,2024-12-27 05:00:00,DEV_003,9,1,17,36
DEV_003_2024-12-27 06:00:00,2024-12-27 06:00:00,DEV_003,26,14,50,53
DEV_003_2024-12-27 07:00:00,2024-12-27 07:00:00,DEV_003,69,69,94,21
DEV_003_2024-12-27 08:00:00,2024-12-27 08:00:00,DEV_003,21,18,16,67
DEV_003_2024-12-27 09:00:00,2024-12-27 09:00:00,DEV_003,60,70,3,30
DEV_003_2024-12-27 10:00:00,2024-12-27 10:00:00,DEV_003,50,45,63,45
DEV_003_2024-12-27 11:00:00,2024-12-27 11:00:00,DEV_003,31,69,8,64
DEV_003_2024-12-27 12:00:00,2024-12-27 12:00:00,DEV_003,8,44,38,37
DEV_003_2024-12-27 13:00:00,2024-12-27 13:00:00,DEV_003,22,31,85,42
DEV_003_2024-12-27 14:00:00,2024-12-27 14:00:00,DEV_003,45,47,68,64
DEV_003_2024-12-27 15:00:00,2024-12-27 15:00:00,DEV_003,34,71,64,24
DEV_003_2024-12-27 16:00:00,2024-12-27 16:00:00,DEV_003,96,49,38,21
DEV_003_2024-12-27 17:00:00,2024-12-27 17:00:00,DEV_003,5,26,29,5
DEV_003_2024-12-27 18:00:00,2024-12-27 18:00:00,DEV_003,76,10,44,84
DEV_003_2024-12-27 19:00:00,2024-12-27 19:00:00,DEV_003,51,31,49,53
DEV_003_2024-12-27 20:00:00,2024-12-27 20:00:00,DEV_003,21,10,59,42
DEV_003_2024-12-27 21:00:00,2024-12-27 21:00:00,DEV_003,70,90,1,4
DEV_003_2024-12-27 22:00:00,2024-12-27 22:00:00,DEV_003,58,45,27,4
DEV_003_2024-12-27 23:00:00,2024-12-27 23:00:00,DEV_003,42,54,55,97
DEV_003_2024-12-28 00:00:00,2024-12-28 00:00:00,DEV_003,67,70,12,14
DEV_003_2024-12-28 01:00:00,2024-12-28 01:00:00,DEV_003,66,62,61,37
DEV_003_2024-12-28 02:00:00,2024-12-28 02:00:00,DEV_003,83,55,97,57
DEV_003_2024-12-28 03:00:00,2024-12-28 03:00:00,DEV_003,16,77,66,50
DEV_003_2024-12-28 04:00:00,2024-12-28 04:00:00,DEV_003,47,87,2,46
DEV_003_2024-12-28 05:00:00,2024-12-28 05:00:00,DEV_003,1,84,31,57
DEV_003_2024-12-28 06:00:00,2024-12-28 06:00:00,DEV_003,82,83,43,59
DEV_003_2024-12-28 07:00:00,2024-12-28 07:00:00,DEV_003,2,37,29,99
DEV_003_2024-12-28 08:00:00,2024-12-28 08:00:00,DEV_003,68,48,84,70
DEV_003_2024-12-28 09:00:00,2024-12-28 09:00:00,DEV_003,48,44,87,66
DEV_003_2024-12-28 10:00:00,2024-12-28 10:00:00,DEV_003,88,66,65,45
DEV_003_2024-12-28 11:00:00,2024-12-28 11:00:00,DEV_003,37,54,2,44
DEV_003_2024-12-28 12:00:00,2024-12-28 12:00:00,DEV_003,10,21,23,28
DEV_003_2024-12-28 13:00:00,2024-12-28 13:00:00,DEV_003,83,79,62,83
DEV_003_2024-12-28 14:00:00,2024-12-28 14:00:00,DEV_003,45,52,11,97
DEV_003_2024-12-28 15:00:00,2024-12-28 15:00:00,DEV_003,88,37,45,94
DEV_003_2024-12-28 16:00:00,2024-12-28 16:00:00,DEV_003,68,71,87,89
DEV_003_2024-12-28 17:00:00,2024-12-28 17:00:00,DEV_003,96,21,49,74
DEV_003_2024-12-28 18:00:00,2024-12-28 18:00:00,DEV_003,7,46,65,92
DEV_003_2024-12-28 19:00:00,2024-12-28 19:00:00,DEV_003,83,20,3,14
DEV_003_2024-12-28 20:00:00,2024-12-28 20:00:00,DEV_003,7,83,54,87
DEV_003_2024-12-28 21:00:00,2024-12-28 21:00:00,DEV_003,49,92,67,50
DEV_003_2024-12-28 22:00:00,2024-12-28 22:00:00,DEV_003,80,87,56,20
DEV_003_2024-12-28 23:00:00,2024-12-28 23:00:00,DEV_003,22,19,50,80
DEV_003_2024-12-29 00:00:00,2024-12-29 00:00:00,DEV_003,98,31,40,5
DEV_003_2024-12-29 01:00:00,2024-12-29 01:00:00,DEV_003,39,9,4,76
DEV_003_2024-12-29 02:00:00,2024-12-29 02:00:00,DEV_003,52,2,86,45
DEV_003_2024-12-29 03:00:00,2024-12-29 03:00:00,DEV_003,88,79,62,59
DEV_003_2024-12-29 04:00:00,2024-12-29 04:00:00,DEV_003,67,99,70,74
DEV_003_2024-12-29 05:00:00,2024-12-29 05:00:00,DEV_003,19,75,38,5
DEV_003_2024-12-29 06:00:00,2024-12-29 06:00:00,DEV_003,54,1,99,85
DEV_003_2024-12-29 07:00:00,2024-12-29 07:00:00,DEV_003,57,27,34,71
DEV_003_2024-12-29 08:00:00,2024-12-29 08:00:00,DEV_003,57,94,34,28
DEV_003_2024-12-29 09:00:00,2024-12-29 09:00:00,DEV_003,69,5,12,11
DEV_003_2024-12-29 10:00:00,2024-12-29 10:00:00,DEV_003,59,4,67,63
DEV_003_2024-12-29 11:00:00,2024-12-29 11:00:00,DEV_003,67,66,4,71
DEV_003_2024-12-29 12:00:00,2024-12-29 12:00:00,DEV_003,96,32,46,1
DEV_003_2024-12-29 13:00:00,2024-12-29 13:00:00,DEV_003,47,71,34,52
DEV_003_2024-12-29 14:00:00,2024-12-29 14:00:00,DEV_003,51,49,84,7
DEV_003_2024-12-29 15:00:00,2024-12-29 15:00:00,DEV_003,68,43,80,17
DEV_003_2024-12-29 16:00:00,2024-12-29 16:00:00,DEV_003,8,65,11,13
DEV_003_2024-12-29 17:00:00,2024-12-29 17:00:00,DEV_003,26,6,36,83
DEV_003_2024-12-29 18:00:00,2024-12-29 18:00:00,DEV_003,32,63,11,39
DEV_003_2024-12-29 19:00:00,2024-12-29 19:00:00,DEV_003,88,55,40,79
DEV_003_2024-12-29 20:00:00,2024-12-29 20:00:00,DEV_003,85,72,99,86
DEV_003_2024-12-29 21:00:00,2024-12-29 21:00:00,DEV_003,36,9,3,70
DEV_003_2024-12-29 22:00:00,2024-12-29 22:00:00,DEV_003,32,36,8,65
DEV_003_2024-12-29 23:00:00,2024-12-29 23:00:00,DEV_003,51,99,82,48
DEV_004_2024-09-01 00:00:00,2024-09-01 00:00:00,DEV_004,69,4,8,95
DEV_004_2024-09-01 03:00:00,2024-09-01 03:00:00,DEV_004,95,2,41,48
DEV_004_2024-09-01 06:00:00,2024-09-01 06:00:00,DEV_004,36,51,36,29
DEV_004_2024-09-01 09:00:00,2024-09-01 09:00:00,DEV_004,65,39,88,90
DEV_004_2024-09-01 12:00:00,2024-09-01 12:00:00,DEV_004,78,25,22,42
DEV_004_2024-09-01 15:00:00,2024-09-01 15:00:00,DEV_004,28,69,82,92
DEV_004_2024-09-01 18:00:00,2024-09-01 18:00:00,DEV_004,5,62,92,48
DEV_004_2024-09-01 21:00:00,2024-09-01 21:00:00,DEV_004,9,94,1,32
DEV_004_2024-09-02 00:00:00,2024-09-02 00:00:00,DEV_004,9,50,18,86
DEV_004_2024-09-02 03:00:00,2024-09-02 03:00:00,DEV_004,48,59,14,73
DEV_004_2024-09-02 06:00:00,2024-09-02 06:00:00,DEV_004,87,59,91,31
DEV_004_2024-09-02 09:00:00,2024-09-02 09:00:00,DEV_004,61,19,21,99
DEV_004_2024-09-02 12:00:00,2024-09-02 12:00:00,DEV_004,91,65,72,54
DEV_004_2024-09-02 15:00:00,2024-09-02 15:00:00,DEV_004,76,57,68,3
DEV_004_2024-09-02 18:00:00,2024-09-02 18:00:00,DEV_004,83,21,93,1
DEV_004_2024-09-02 21:00:00,2024-09-02 21:00:00,DEV_004,41,31,87,42
DEV_004_2024-09-03 00:00:00,2024-09-03 00:00:00,DEV_004,13,14,4,49
DEV_004_2024-09-03 03:00:00,2024-09-03 03:00:00,DEV_004,16,58,97,71
DEV_004_2024-09-03 06:00:00,2024-09-03 06:00:00,DEV_004,91,38,99,3
DEV_004_2024-09-03 09:00:00,2024-09-03 09:00:00,DEV_004,34,13,15,51
DEV_004_2024-09-03 12:00:00,2024-09-03 12:00:00,DEV_004,11,83,25,97
DEV_004_2024-09-03 15:00:00,2024-09-03 15:00:00,DEV_004,64,14,74,52
DEV_004_2024-09-03 18:00:00,2024-09-03 18:00:00,DEV_004,17,63,80,37
DEV_004_2024-09-03 21:00:00,2024-09-03 21:00:00,DEV_004,35,69,95,10
DEV_004_2024-09-04 00:00:00,2024-09-04 00:00:00,DEV_004,60,55,61,15
DEV_004_2024-09-04 03:00:00,2024-09-04 03:00:00,DEV_004,55,4,75,66
DEV_004_2024-09-04 06:00:00,2024-09-04 06:00:00,DEV_004,11,91,29,44
DEV_004_2024-09-04 09:00:00,2024-09-04 09:00:00,DEV_004,69,8,28,93
DEV_004_2024-09-04 12:00:00,2024-09-04 12:00:00,DEV_004,78,65,82,14
DEV_004_2024-09-04 15:00:00,2024-09-04 15:00:00,DEV_004,99,86,4,14
DEV_004_2024-09-04 18:00:00,2024-09-04 18:00:00,DEV_004,41,55,8,86
DEV_004_2024-09-04 21:00:00,2024-09-04 21:00:00,DEV_004,56,58,1,81
DEV_004_2024-09-05 00:00:00,2024-09-05 00:00:00,DEV_004,2,92,84,75
DEV_004_2024-09-05 03:00:00,2024-09-05 03:00:00,DEV_004,18,11,11,82
DEV_004_2024-09-05 06:00:00,2024-09-05 06:00:00,DEV_004,66,83,42,8
DEV_004_2024-09-05 09:00:00,2024-09-05 09:00:00,DEV_004,64,3,43,97
DEV_004_2024-09-05 12:00:00,2024-09-05 12:00:00,DEV_004,4,37,13,99
DEV_004_2024-09-05 15:00:00,2024-09-05 15:00:00,DEV_004,99,82,26,20
DEV_004_2024-09-05 18:00:00,2024-09-05 18:00:00,DEV_004,71,76,95,30
DEV_004_2024-09-05 21:00:00,2024-09-05 21:00:00,DEV_004,63,45,6,22
DEV_004_2024-09-06 00:00:00,2024-09-06 00:00:00,DEV_004,40,69,52,5
DEV_004_2024-09-06 03:00:00,2024-09-06 03:00:00,DEV_004,84,31,52,67
DEV_004_2024-09-06 06:00:00,2024-09-06 06:00:00,DEV_004,64,52,33,29
DEV_004_2024-09-06 09:00:00,2024-09-06 09:00:00,DEV_004,83,87,68,60
DEV_004_2024-09-06 12:00:00,2024-09-06 12:00:00,DEV_004,69,16,19,23
DEV_004_2024-09-06 15:00:00,2024-09-06 15:00:00,DEV_004,92,98,93,79
DEV_004_2024-09-06 18:00:00,2024-09-06 18:00:00,DEV_004,40,52,56,48
DEV_004_2024-09-06 21:00:00,2024-09-06 21:00:00,DEV_004,26,71,21,7
DEV_004_2024-09-07 00:00:00,2024-09-07 00:00:00,DEV_004,79,26,66,55
DEV_004_2024-09-07 03:00:00,2024-09-07 03:00:00,DEV_004,46,52,20,14
DEV_004_2024-09-07 06:00:00,2024-09-07 06:00:00,DEV_004,2,16,45,37
DEV_004_2024-09-07 09:00:00,2024-09-07 09:00:00,DEV_004,1,72,82,14
DEV_004_2024-09-07 12:00:00,2024-09-07 12:00:00,DEV_004,21,94,66,1
DEV_004_2024-09-07 15:00:00,2024-09-07 15:00:00,DEV_004,49,51,75,95
DEV_004_2024-09-07 18:00:00,2024-09-07 18:00:00,DEV_004,7,22,29,5
DEV_004_2024-09-07 21:00:00,2024-09-07 21:00:00,DEV_004,24,99,65,23
DEV_004_2024-09-08 00:00:00,2024-09-08 00:00:00,DEV_004,33,19,50,45
DEV_004_2024-09-08 03:00:00,2024-09-08 03:00:00,DEV_004,97,28,97,3
DEV_004_2024-09-08 06:00:00,2024-09-08 06:00:00,DEV_004,43,37,51,68
DEV_004_2024-09-08 09:00:00,2024-09-08 09:00:00,DEV_004,81,7,55,51
DEV_004_2024-09-08 12:00:00,2024-09-08 12:00:00,DEV_004,50,83,89,17
DEV_004_2024-09-08 15:00:00,2024-09-08 15:00:00,DEV_004,76,27,53,10
DEV_004_2024-09-08 18:00:00,2024-09-08 18:00:00,DEV_004,53,32,21,4
DEV_004_2024-09-08 21:00:00,2024-09-08 21:00:00,DEV_004,55,26,82,60
DEV_004_2024-09-09 00:00:00,2024-09-09 00:00:00,DEV_004,56,37,43,5
DEV_004_2024-09-09 03:00:00,2024-09-09 03:00:00,DEV_004,95,4,10,96
DEV_004_2024-09-09 06:00:00,2024-09-09 06:00:00,DEV_004,21,70,94,37
DEV_004_2024-09-09 09:00:00,2024-09-09 09:00:00,DEV_004,9,71,35,62
DEV_004_2024-09-09 12:00:00,2024-09-09 12:00:00,DEV_004,98,52,66,68
DEV_004_2024-09-09 15:00:00,2024-09-09 15:00:00,DEV_004,52,19,15,47
DEV_004_2024-09-09 18:00:00,2024-09-09 18:00:00,DEV_004,52,77,82,68
DEV_004_2024-09-09 21:00:00,2024-09-09 21:00:00,DEV_004,90,22,32,31
DEV_004_2024-09-10 00:00:00,2024-09-10 00:00:00,DEV_004,12,40,72,42
DEV_004_2024-09-10 03:00:00,2024-09-10 03:00:00,DEV_004,23,49,49,4
DEV_004_2024-09-10 06:00:00,2024-09-10 06:00:00,DEV_004,49,71,99,52
DEV_004_2024-09-10 09:00:00,2024-09-10 09:00:00,DEV_004,93,1,67,34
DEV_004_2024-09-10 12:00:00,2024-09-10 12:00:00,DEV_004,60,50,33,38
DEV_004_2024-09-10 15:00:00,2024-09-10 15:00:00,DEV_004,72,53,39,63
DEV_004_2024-09-10 18:00:00,2024-09-10 18:00:00,DEV_004,39,80,86,48
DEV_004_2024-09-10 21:00:00,2024-09-10 21:00:00,DEV_004,92,41,20,44
DEV_004_2024-09-11 00:00:00,2024-09-11 00:00:00,DEV_004,23,11,9,84
DEV_004_2024-09-11 03:00:00,2024-09-11 03:00:00,DEV_004,89,92,38,66
DEV_004_2024-09-11 06:00:00,2024-09-11 06:00:00,DEV_004,99,14,61,85
DEV_004_2024-09-11 09:00:00,2024-09-11 09:00:00,DEV_004,17,53,59,84
DEV_004_2024-09-11 12:00:00,2024-09-11 12:00:00,DEV_004,74,60,8,69
DEV_004_2024-09-11 15:00:00,2024-09-11 15:00:00,DEV_004,45,97,48,7
DEV_004_2024-09-11 18:00:00,2024-09-11 18:00:00,DEV_004,84,45,70,82
DEV_004_2024-09-11 21:00:00,2024-09-11 21:00:00,DEV_004,99,94,2,78
DEV_004_2024-09-12 00:00:00,2024-09-12 00:00:00,DEV_004,90,12,49,45
DEV_004_2024-09-12 03:00:00,2024-09-12 03:00:00,DEV_004,21,47,25,63
DEV_004_2024-09-12 06:00:00,2024-09-12 06:00:00,DEV_004,73,23,76,43
DEV_004_2024-09-12 09:00:00,2024-09-12 09:00:00,DEV_004,97,88,41,68
DEV_004_2024-09-12 12:00:00,2024-09-12 12:00:00,DEV_004,27,55,73,33
DEV_004_2024-09-12 15:00:00,2024-09-12 15:00:00,DEV_004,27,32,39,11
DEV_004_2024-09-12 18:00:00,2024-09-12 18:00:00,DEV_004,48,90,29,37
DEV_004_2024-09-12 21:00:00,2024-09-12 21:00:00,DEV_004,75,40,9,77
DEV_004_2024-09-13 00:00:00,2024-09-13 00:00:00,DEV_004,50,82,61,22
DEV_004_2024-09-13 03:00:00,2024-09-13 03:00:00,DEV_004,49,18,39,95
DEV_004_2024-09-13 06:00:00,2024-09-13 06:00:00,DEV_004,36,55,66,86
DEV_004_2024-09-13 09:00:00,2024-09-13 09:00:00,DEV_004,73,47,56,24
DEV_004_2024-09-13 12:00:00,2024-09-13 12:00:00,DEV_004,91,55,41,60
DEV_004_2024-09-13 15:00:00,2024-09-13 15:00:00,DEV_004,67,81,56,57
DEV_004_2024-09-13 18:00:00,2024-09-13 18:00:00,DEV_004,50,73,42,33
DEV_004_2024-09-13 21:00:00,2024-09-13 21:00:00,DEV_004,70,95,99,1
DEV_004_2024-09-14 00:00:00,2024-09-14 00:00:00,DEV_004,99,72,97,29
DEV_004_2024-09-14 03:00:00,2024-09-14 03:00:00,DEV_004,11,11,26,18
DEV_004_2024-09-14 06:00:00,2024-09-14 06:00:00,DEV_004,92,20,74,9
DEV_004_2024-09-14 09:00:00,2024-09-14 09:00:00,DEV_004,63,60,66,79
DEV_004_2024-09-14 12:00:00,2024-09-14 12:00:00,DEV_004,25,88,81,72
DEV_004_2024-09-14 15:00:00,2024-09-14 15:00:00,DEV_004,25,14,97,93
DEV_004_2024-09-14 18:00:00,2024-09-14 18:00:00,DEV_004,98,70,89,84
DEV_004_2024-09-14 21:00:00,2024-09-14 21:00:00,DEV_004,26,92,22,46
DEV_004_2024-09-15 00:00:00,2024-09-15 00:00:00,DEV_004,14,90,78,84
DEV_004_2024-09-15 03:00:00,2024-09-15 03:00:00,DEV_004,2,31,56,57
DEV_004_2024-09-15 06:00:00,2024-09-15 06:00:00,DEV_004,91,56,89,48
DEV_004_2024-09-15 09:00:00,2024-09-15 09:00:00,DEV_004,4,13,80,35
DEV_004_2024-09-15 12:00:00,2024-09-15 12:00:00,DEV_004,79,31,53,77
DEV_004_2024-09-15 15:00:00,2024-09-15 15:00:00,DEV_004,73,80,86,12
DEV_004_2024-09-15 18:00:00,2024-09-15 18:00:00,DEV_004,46,91,2,17
DEV_004_2024-09-15 21:00:00,2024-09-15 21:00:00,DEV_004,70,70,18,65
DEV_004_2024-09-16 00:00:00,2024-09-16 00:00:00,DEV_004,51,2,15,65
DEV_004_2024-09-16 03:00:00,2024-09-16 03:00:00,DEV_004,49,49,40,2
DEV_004_2024-09-16 06:00:00,2024-09-16 06:00:00,DEV_004,28,88,43,45
DEV_004_2024-09-16 09:00:00,2024-09-16 09:00:00,DEV_004,41,47,46,52
DEV_004_2024-09-16 12:00:00,2024-09-16 12:00:00,DEV_004,3,88,62,17
DEV_004_2024-09-16 15:00:00,2024-09-16 15:00:00,DEV_004,99,98,82,55
DEV_004_2024-09-16 18:00:00,2024-09-16 18:00:00,DEV_004,79,2,84,18
DEV_004_2024-09-16 21:00:00,2024-09-16 21:00:00,DEV_004,50,87,21,74
DEV_004_2024-09-17 00:00:00,2024-09-17 00:00:00,DEV_004,36,8,97,47
DEV_004_2024-09-17 03:00:00,2024-09-17 03:00:00,DEV_004,75,31,18,68
DEV_004_2024-09-17 06:00:00,2024-09-17 06:00:00,DEV_004,77,64,18,84
DEV_004_2024-09-17 09:00:00,2024-09-17 09:00:00,DEV_004,43,47,8,68
DEV_004_2024-09-17 12:00:00,2024-09-17 12:00:00,DEV_004,38,67,87,6
DEV_004_2024-09-17 15:00:00,2024-09-17 15:00:00,DEV_004,34,30,72,63
DEV_004_2024-09-17 18:00:00,2024-09-17 18:00:00,DEV_004,35,64,81,57
DEV_004_2024-09-17 21:00:00,2024-09-17 21:00:00,DEV_004,78,71,7,97
DEV_004_2024-09-18 00:00:00,2024-09-18 00:00:00,DEV_004,77,2,15,24
DEV_004_2024-09-18 03:00:00,2024-09-18 03:00:00,DEV_004,49,98,33,85
DEV_004_2024-09-18 06:00:00,2024-09-18 06:00:00,DEV_004,54,67,50,67
DEV_004_2024-09-18 09:00:00,2024-09-18 09:00:00,DEV_004,15,54,73,89
DEV_004_2024-09-18 12:00:00,2024-09-18 12:00:00,DEV_004,13,42,96,59
DEV_004_2024-09-18 15:00:00,2024-09-18 15:00:00,DEV_004,12,1,13,29
DEV_004_2024-09-18 18:00:00,2024-09-18 18:00:00,DEV_004,6,57,90,2
DEV_004_2024-09-18 21:00:00,2024-09-18 21:00:00,DEV_004,34,34,87,27
DEV_004_2024-09-19 00:00:00,2024-09-19 00:00:00,DEV_004,5,77,67,90
DEV_004_2024-09-19 03:00:00,2024-09-19 03:00:00,DEV_004,2,13,98,51
DEV_004_2024-09-19 06:00:00,2024-09-19 06:00:00,DEV_004,39,12,19,74
DEV_004_2024-09-19 09:00:00,2024-09-19 09:00:00,DEV_004,74,98,23,80
DEV_004_2024-09-19 12:00:00,2024-09-19 12:00:00,DEV_004,5,95,45,39
DEV_004_2024-09-19 15:00:00,2024-09-19 15:00:00,DEV_004,75,31,88,78
DEV_004_2024-09-19 18:00:00,2024-09-19 18:00:00,DEV_004,3,53,19,52
DEV_004_2024-09-19 21:00:00,2024-09-19 21:00:00,DEV_004,51,77,84,84
DEV_004_2024-09-20 00:00:00,2024-09-20 00:00:00,DEV_004,91,67,76,25
DEV_004_2024-09-20 03:00:00,2024-09-20 03:00:00,DEV_004,94,24,33,28
DEV_004_2024-09-20 06:00:00,2024-09-20 06:00:00,DEV_004,48,18,92,97
DEV_004_2024-09-20 09:00:00,2024-09-20 09:00:00,DEV_004,94,19,67,15
DEV_004_2024-09-20 12:00:00,2024-09-20 12:00:00,DEV_004,57,36,14,84
DEV_004_2024-09-20 15:00:00,2024-09-20 15:00:00,DEV_004,20,86,34,30
DEV_004_2024-09-20 18:00:00,2024-09-20 18:00:00,DEV_004,72,83,19,58
DEV_004_2024-09-20 21:00:00,2024-09-20 21:00:00,DEV_004,45,89,70,74
DEV_004_2024-09-21 00:00:00,2024-09-21 00:00:00,DEV_004,54,99,8,77
DEV_004_2024-09-21 03:00:00,2024-09-21 03:00:00,DEV_004,6,60,22,53
DEV_004_2024-09-21 06:00:00,2024-09-21 06:00:00,DEV_004,32,41,77,37
DEV_004_2024-09-21 09:00:00,2024-09-21 09:00:00,DEV_004,80,57,98,96
DEV_004_2024-09-21 12:00:00,2024-09-21 12:00:00,DEV_004,66,11,33,80
DEV_004_2024-09-21 15:00:00,2024-09-21 15:00:00,DEV_004,2,63,29,50
DEV_004_2024-09-21 18:00:00,2024-09-21 18:00:00,DEV_004,99,26,1,73
DEV_004_2024-09-21 21:00:00,2024-09-21 21:00:00,DEV_004,44,24,48,51
DEV_004_2024-09-22 00:00:00,2024-09-22 00:00:00,DEV_004,45,37,14,51
DEV_004_2024-09-22 03:00:00,2024-09-22 03:00:00,DEV_004,23,28,3,11
DEV_004_2024-09-22 06:00:00,2024-09-22 06:00:00,DEV_004,88,26,41,92
DEV_004_2024-09-22 09:00:00,2024-09-22 09:00:00,DEV_004,42,36,62,28
DEV_004_2024-09-22 12:00:00,2024-09-22 12:00:00,DEV_004,51,63,54,72
DEV_004_2024-09-22 15:00:00,2024-09-22 15:00:00,DEV_004,42,33,23,23
DEV_004_2024-09-22 18:00:00,2024-09-22 18:00:00,DEV_004,76,81,86,76
DEV_004_2024-09-22 21:00:00,2024-09-22 21:00:00,DEV_004,7,22,66,15
DEV_004_2024-09-23 00:00:00,2024-09-23 00:00:00,DEV_004,48,14,21,94
DEV_004_2024-09-23 03:00:00,2024-09-23 03:00:00,DEV_004,74,4,98,11
DEV_004_2024-09-23 06:00:00,2024-09-23 06:00:00,DEV_004,82,3,23,45
DEV_004_2024-09-23 09:00:00,2024-09-23 09:00:00,DEV_004,35,30,66,92
DEV_004_2024-09-23 12:00:00,2024-09-23 12:00:00,DEV_004,75,54,91,35
DEV_004_2024-09-23 15:00:00,2024-09-23 15:00:00,DEV_004,22,79,52,18
DEV_004_2024-09-23 18:00:00,2024-09-23 18:00:00,DEV_004,72,96,37,14
DEV_004_2024-09-23 21:00:00,2024-09-23 21:00:00,DEV_004,59,47,48,73
DEV_004_2024-09-24 00:00:00,2024-09-24 00:00:00,DEV_004,16,8,79,50
DEV_004_2024-09-24 03:00:00,2024-09-24 03:00:00,DEV_004,48,50,94,51
DEV_004_2024-09-24 06:00:00,2024-09-24 06:00:00,DEV_004,78,7,63,51
DEV_004_2024-09-24 09:00:00,2024-09-24 09:00:00,DEV_004,90,62,84,70
DEV_004_2024-09-24 12:00:00,2024-09-24 12:00:00,DEV_004,82,33,68,39
DEV_004_2024-09-24 15:00:00,2024-09-24 15:00:00,DEV_004,56,92,95,47
DEV_004_2024-09-24 18:00:00,2024-09-24 18:00:00,DEV_004,49,91,38,50
DEV_004_2024-09-24 21:00:00,2024-09-24 21:00:00,DEV_004,19,29,77,72
DEV_004_2024-09-25 00:00:00,2024-09-25 00:00:00,DEV_004,15,89,81,26
DEV_004_2024-09-25 03:00:00,2024-09-25 03:00:00,DEV_004,13,28,61,63
DEV_004_2024-09-25 06:00:00,2024-09-25 06:00:00,DEV_004,84,10,49,63
DEV_004_2024-09-25 09:00:00,2024-09-25 09:00:00,DEV_004,85,93,50,62
DEV_004_2024-09-25 12:00:00,2024-09-25 12:00:00,DEV_004,4,82,96,11
DEV_004_2024-09-25 15:00:00,2024-09-25 15:00:00,DEV_004,27,26,42,35
DEV_004_2024-09-25 18:00:00,2024-09-25 18:00:00,DEV_004,99,99,82,25
DEV_004_2024-09-25 21:00:00,2024-09-25 21:00:00,DEV_004,76,4,75,25
DEV_004_2024-09-26 00:00:00,2024-09-26 00:00:00,DEV_004,59,12,65,70
DEV_004_2024-09-26 03:00:00,2024-09-26 03:00:00,DEV_004,48,13,54,29
DEV_004_2024-09-26 06:00:00,2024-09-26 06:00:00,DEV_004,47,40,49,18
DEV_004_2024-09-26 09:00:00,2024-09-26 09:00:00,DEV_004,4,24,85,10
DEV_004_2024-09-26 12:00:00,2024-09-26 12:00:00,DEV_004,56,23,31,83
DEV_004_2024-09-26 15:00:00,2024-09-26 15:00:00,DEV_004,72,87,26,21
DEV_004_2024-09-26 18:00:00,2024-09-26 18:00:00,DEV_004,38,40,35,4
DEV_004_2024-09-26 21:00:00,2024-09-26 21:00:00,DEV_004,74,67,61,5
DEV_004_2024-09-27 00:00:00,2024-09-27 00:00:00,DEV_004,90,21,74,77
DEV_004_2024-09-27 03:00:00,2024-09-27 03:00:00,DEV_004,85,97,46,51
DEV_004_2024-09-27 06:00:00,2024-09-27 06:00:00,DEV_004,59,62,42,54
DEV_004_2024-09-27 09:00:00,2024-09-27 09:00:00,DEV_004,47,99,92,71
DEV_004_2024-09-27 12:00:00,2024-09-27 12:00:00,DEV_004,7,32,13,52
DEV_004_2024-09-27 15:00:00,2024-09-27 15:00:00,DEV_004,37,80,74,49
DEV_004_2024-09-27 18:00:00,2024-09-27 18:00:00,DEV_004,28,41,1,82
DEV_004_2024-09-27 21:00:00,2024-09-27 21:00:00,DEV_004,12,62,11,33
DEV_004_2024-09-28 00:00:00,2024-09-28 00:00:00,DEV_004,36,84,56,11
DEV_004_2024-09-28 03:00:00,2024-09-28 03:00:00,DEV_004,73,80,16,38
DEV_004_2024-09-28 06:00:00,2024-09-28 06:00:00,DEV_004,13,3,99,37
DEV_004_2024-09-28 09:00:00,2024-09-28 09:00:00,DEV_004,15,42,49,6
DEV_004_2024-09-28 12:00:00,2024-09-28 12:00:00,DEV_004,18,22,94,32
DEV_004_2024-09-28 15:00:00,2024-09-28 15:00:00,DEV_004,15,87,9,92
DEV_004_2024-09-28 18:00:00,2024-09-28 18:00:00,DEV_004,81,53,40,87
DEV_004_2024-09-28 21:00:00,2024-09-28 21:00:00,DEV_004,34,26,16,75
DEV_004_2024-09-29 00:00:00,2024-09-29 00:00:00,DEV_004,91,42,98,63
DEV_004_2024-09-29 03:00:00,2024-09-29 03:00:00,DEV_004,76,62,72,19
DEV_004_2024-09-29 06:00:00,2024-09-29 06:00:00,DEV_004,11,68,21,88
DEV_004_2024-09-29 09:00:00,2024-09-29 09:00:00,DEV_004,27,91,82,28
DEV_004_2024-09-29 12:00:00,2024-09-29 12:00:00,DEV_004,47,64,14,50
DEV_004_2024-09-29 15:00:00,2024-09-29 15:00:00,DEV_004,93,76,88,5
DEV_004_2024-09-29 18:00:00,2024-09-29 18:00:00,DEV_004,59,97,10,92
DEV_004_2024-09-29 21:00:00,2024-09-29 21:00:00,DEV_004,88,70,4,68
DEV_004_2024-09-30 00:00:00,2024-09-30 00:00:00,DEV_004,78,89,2,76
DEV_004_2024-09-30 03:00:00,2024-09-30 03:00:00,DEV_004,88,40,58,64
DEV_004_2024-09-30 06:00:00,2024-09-30 06:00:00,DEV_004,59,54,91,33
DEV_004_2024-09-30 09:00:00,2024-09-30 09:00:00,DEV_004,4,56,52,76
DEV_004_2024-09-30 12:00:00,2024-09-30 12:00:00,DEV_004,7,74,34,11
DEV_004_2024-09-30 15:00:00,2024-09-30 15:00:00,DEV_004,66,1,63,80
DEV_004_2024-09-30 18:00:00,2024-09-30 18:00:00,DEV_004,82,18,56,68
DEV_004_2024-09-30 21:00:00,2024-09-30 21:00:00,DEV_004,18,86,69,6
DEV_004_2024-10-01 00:00:00,2024-10-01 00:00:00,DEV_004,61,82,44,52
DEV_004_2024-10-01 03:00:00,2024-10-01 03:00:00,DEV_004,97,85,71,29
DEV_004_2024-10-01 06:00:00,2024-10-01 06:00:00,DEV_004,70,72,90,52
DEV_004_2024-10-01 09:00:00,2024-10-01 09:00:00,DEV_004,75,42,48,38
DEV_004_2024-10-01 12:00:00,2024-10-01 12:00:00,DEV_004,23,3,58,88
DEV_004_2024-10-01 15:00:00,2024-10-01 15:00:00,DEV_004,77,96,33,66
DEV_004_2024-10-01 18:00:00,2024-10-01 18:00:00,DEV_004,54,25,69,61
DEV_004_2024-10-01 21:00:00,2024-10-01 21:00:00,DEV_004,74,26,95,38
DEV_004_2024-10-02 00:00:00,2024-10-02 00:00:00,DEV_004,34,58,70,20
DEV_004_2024-10-02 03:00:00,2024-10-02 03:00:00,DEV_004,23,72,27,83
DEV_004_2024-10-02 06:00:00,2024-10-02 06:00:00,DEV_004,2,67,76,49
DEV_004_2024-10-02 09:00:00,2024-10-02 09:00:00,DEV_004,83,18,42,91
DEV_004_2024-10-02 12:00:00,2024-10-02 12:00:00,DEV_004,1,45,30,36
DEV_004_2024-10-02 15:00:00,2024-10-02 15:00:00,DEV_004,51,40,8,35
DEV_004_2024-10-02 18:00:00,2024-10-02 18:00:00,DEV_004,50,14,33,22
DEV_004_2024-10-02 21:00:00,2024-10-02 21:00:00,DEV_004,90,91,17,1
DEV_004_2024-10-03 00:00:00,2024-10-03 00:00:00,DEV_004,2,57,61,20
DEV_004_2024-10-03 03:00:00,2024-10-03 03:00:00,DEV_004,78,58,95,81
DEV_004_2024-10-03 06:00:00,2024-10-03 06:00:00,DEV_004,44,44,48,51
DEV_004_2024-10-03 09:00:00,2024-10-03 09:00:00,DEV_004,64,89,97,3
DEV_004_2024-10-03 12:00:00,2024-10-03 12:00:00,DEV_004,62,33,2,31
DEV_004_2024-10-03 15:00:00,2024-10-03 15:00:00,DEV_004,56,69,98,90
DEV_004_2024-10-03 18:00:00,2024-10-03 18:00:00,DEV_004,65,16,75,25
DEV_004_2024-10-03 21:00:00,2024-10-03 21:00:00,DEV_004,50,25,5,50
DEV_004_2024-10-04 00:00:00,2024-10-04 00:00:00,DEV_004,72,16,29,61
DEV_004_2024-10-04 03:00:00,2024-10-04 03:00:00,DEV_004,43,43,79,40
DEV_004_2024-10-04 06:00:00,2024-10-04 06:00:00,DEV_004,12,38,30,83
DEV_004_2024-10-04 09:00:00,2024-10-04 09:00:00,DEV_004,98,79,37,18
DEV_004_2024-10-04 12:00:00,2024-10-04 12:00:00,DEV_004,49,33,86,31
DEV_004_2024-10-04 15:00:00,2024-10-04 15:00:00,DEV_004,16,64,45,48
DEV_004_2024-10-04 18:00:00,2024-10-04 18:00:00,DEV_004,10,83,85,15
DEV_004_2024-10-04 21:00:00,2024-10-04 21:00:00,DEV_004,84,15,90,36
DEV_004_2024-10-05 00:00:00,2024-10-05 00:00:00,DEV_004,44,12,66,8
DEV_004_2024-10-05 03:00:00,2024-10-05 03:00:00,DEV_004,33,79,92,37
DEV_004_2024-10-05 06:00:00,2024-10-05 06:00:00,DEV_004,6,84,89,62
DEV_004_2024-10-05 09:00:00,2024-10-05 09:00:00,DEV_004,60,53,81,15
DEV_004_2024-10-05 12:00:00,2024-10-05 12:00:00,DEV_004,96,53,5,3
DEV_004_2024-10-05 15:00:00,2024-10-05 15:00:00,DEV_004,5,54,57,14
DEV_004_2024-10-05 18:00:00,2024-10-05 18:00:00,DEV_004,96,53,1,84
DEV_004_2024-10-05 21:00:00,2024-10-05 21:00:00,DEV_004,47,45,46,44
DEV_004_2024-10-06 00:00:00,2024-10-06 00:00:00,DEV_004,83,95,5,70
DEV_004_2024-10-06 03:00:00,2024-10-06 03:00:00,DEV_004,61,93,51,78
DEV_004_2024-10-06 06:00:00,2024-10-06 06:00:00,DEV_004,14,56,10,26
DEV_004_2024-10-06 09:00:00,2024-10-06 09:00:00,DEV_004,96,49,57,41
DEV_004_2024-10-06 12:00:00,2024-10-06 12:00:00,DEV_004,14,28,40,57
DEV_004_2024-10-06 15:00:00,2024-10-06 15:00:00,DEV_004,27,15,66,21
DEV_004_2024-10-06 18:00:00,2024-10-06 18:00:00,DEV_004,53,8,20,18
DEV_004_2024-10-06 21:00:00,2024-10-06 21:00:00,DEV_004,67,68,6,25
DEV_004_2024-10-07 00:00:00,2024-10-07 00:00:00,DEV_004,88,51,49,12
DEV_004_2024-10-07 03:00:00,2024-10-07 03:00:00,DEV_004,80,31,50,58
DEV_004_2024-10-07 06:00:00,2024-10-07 06:00:00,DEV_004,24,89,45,79
DEV_004_2024-10-07 09:00:00,2024-10-07 09:00:00,DEV_004,8,94,40,63
DEV_004_2024-10-07 12:00:00,2024-10-07 12:00:00,DEV_004,29,27,80,73
DEV_004_2024-10-07 15:00:00,2024-10-07 15:00:00,DEV_004,36,2,77,21
DEV_004_2024-10-07 18:00:00,2024-10-07 18:00:00,DEV_004,61,35,88,91
DEV_004_2024-10-07 21:00:00,2024-10-07 21:00:00,DEV_004,93,62,86,55
DEV_004_2024-10-08 00:00:00,2024-10-08 00:00:00,DEV_004,69,6,44,68
DEV_004_2024-10-08 03:00:00,2024-10-08 03:00:00,DEV_004,9,39,21,95
DEV_004_2024-10-08 06:00:00,2024-10-08 06:00:00,DEV_004,46,49,20,48
DEV_004_2024-10-08 09:00:00,2024-10-08 09:00:00,DEV_004,30,95,8,35
DEV_004_2024-10-08 12:00:00,2024-10-08 12:00:00,DEV_004,44,54,3,14
DEV_004_2024-10-08 15:00:00,2024-10-08 15:00:00,DEV_004,65,8,58,25
DEV_004_2024-10-08 18:00:00,2024-10-08 18:00:00,DEV_004,66,16,85,92
DEV_004_2024-10-08 21:00:00,2024-10-08 21:00:00,DEV_004,42,97,10,97
DEV_004_2024-10-09 00:00:00,2024-10-09 00:00:00,DEV_004,37,74,91,67
DEV_004_2024-10-09 03:00:00,2024-10-09 03:00:00,DEV_004,80,15,73,1
DEV_004_2024-10-09 06:00:00,2024-10-09 06:00:00,DEV_004,37,10,83,37
DEV_004_2024-10-09 09:00:00,2024-10-09 09:00:00,DEV_004,33,38,34,27
DEV_004_2024-10-09 12:00:00,2024-10-09 12:00:00,DEV_004,72,92,50,99
DEV_004_2024-10-09 15:00:00,2024-10-09 15:00:00,DEV_004,39,90,30,12
DEV_004_2024-10-09 18:00:00,2024-10-09 18:00:00,DEV_004,56,40,93,20
DEV_004_2024-10-09 21:00:00,2024-10-09 21:00:00,DEV_004,8,63,84,47
DEV_004_2024-10-10 00:00:00,2024-10-10 00:00:00,DEV_004,2,89,96,66
DEV_004_2024-10-10 03:00:00,2024-10-10 03:00:00,DEV_004,6,73,92,49
DEV_004_2024-10-10 06:00:00,2024-10-10 06:00:00,DEV_004,90,62,12,35
DEV_004_2024-10-10 09:00:00,2024-10-10 09:00:00,DEV_004,31,66,60,39
DEV_004_2024-10-10 12:00:00,2024-10-10 12:00:00,DEV_004,97,62,72,48
DEV_004_2024-10-10 15:00:00,2024-10-10 15:00:00,DEV_004,90,56,97,47
DEV_004_2024-10-10 18:00:00,2024-10-10 18:00:00,DEV_004,64,61,7,18
DEV_004_2024-10-10 21:00:00,2024-10-10 21:00:00,DEV_004,49,7,38,72
DEV_004_2024-10-11 00:00:00,2024-10-11 00:00:00,DEV_004,67,48,28,60
DEV_004_2024-10-11 03:00:00,2024-10-11 03:00:00,DEV_004,53,68,57,45
DEV_004_2024-10-11 06:00:00,2024-10-11 06:00:00,DEV_004,63,74,58,38
DEV_004_2024-10-11 09:00:00,2024-10-11 09:00:00,DEV_004,26,84,49,42
DEV_004_2024-10-11 12:00:00,2024-10-11 12:00:00,DEV_004,9,87,2,92
DEV_004_2024-10-11 15:00:00,2024-10-11 15:00:00,DEV_004,13,7,97,70
DEV_004_2024-10-11 18:00:00,2024-10-11 18:00:00,DEV_004,20,43,16,13
DEV_004_2024-10-11 21:00:00,2024-10-11 21:00:00,DEV_004,20,28,74,12
DEV_004_2024-10-12 00:00:00,2024-10-12 00:00:00,DEV_004,2,18,29,11
DEV_004_2024-10-12 03:00:00,2024-10-12 03:00:00,DEV_004,14,69,5,69
DEV_004_2024-10-12 06:00:00,2024-10-12 06:00:00,DEV_004,52,16,68,63
DEV_004_2024-10-12 09:00:00,2024-10-12 09:00:00,DEV_004,29,30,50,73
DEV_004_2024-10-12 12:00:00,2024-10-12 12:00:00,DEV_004,46,40,9,19
DEV_004_2024-10-12 15:00:00,2024-10-12 15:00:00,DEV_004,35,40,87,81
DEV_004_2024-10-12 18:00:00,2024-10-12 18:00:00,DEV_004,53,98,38,33
DEV_004_2024-10-12 21:00:00,2024-10-12 21:00:00,DEV_004,91,52,80,27
DEV_004_2024-10-13 00:00:00,2024-10-13 00:00:00,DEV_004,7,39,56,43
DEV_004_2024-10-13 03:00:00,2024-10-13 03:00:00,DEV_004,9,27,64,88
DEV_004_2024-10-13 06:00:00,2024-10-13 06:00:00,DEV_004,3,35,21,86
DEV_004_2024-10-13 09:00:00,2024-10-13 09:00:00,DEV_004,6,85,24,23
DEV_004_2024-10-13 12:00:00,2024-10-13 12:00:00,DEV_004,87,50,17,78
DEV_004_2024-10-13 15:00:00,2024-10-13 15:00:00,DEV_004,91,91,66,48
DEV_004_2024-10-13 18:00:00,2024-10-13 18:00:00,DEV_004,32,56,35,85
DEV_004_2024-10-13 21:00:00,2024-10-13 21:00:00,DEV_004,62,6,28,73
DEV_004_2024-10-14 00:00:00,2024-10-14 00:00:00,DEV_004,36,1,87,10
DEV_004_2024-10-14 03:00:00,2024-10-14 03:00:00,DEV_004,59,15,81,9
DEV_004_2024-10-14 06:00:00,2024-10-14 06:00:00,DEV_004,63,3,68,38
DEV_004_2024-10-14 09:00:00,2024-10-14 09:00:00,DEV_004,77,74,96,65
DEV_004_2024-10-14 12:00:00,2024-10-14 12:00:00,DEV_004,6,21,10,95
DEV_004_2024-10-14 15:00:00,2024-10-14 15:00:00,DEV_004,38,62,14,9
DEV_004_2024-10-14 18:00:00,2024-10-14 18:00:00,DEV_004,36,25,93,6
DEV_004_2024-10-14 21:00:00,2024-10-14 21:00:00,DEV_004,18,23,78,16
DEV_004_2024-10-15 00:00:00,2024-10-15 00:00:00,DEV_004,46,57,38,92
DEV_004_2024-10-15 03:00:00,2024-10-15 03:00:00,DEV_004,64,96,22,65
DEV_004_2024-10-15 06:00:00,2024-10-15 06:00:00,DEV_004,52,96,65,46
DEV_004_2024-10-15 09:00:00,2024-10-15 09:00:00,DEV_004,46,56,31,87
DEV_004_2024-10-15 12:00:00,2024-10-15 12:00:00,DEV_004,32,63,9,38
DEV_004_2024-10-15 15:00:00,2024-10-15 15:00:00,DEV_004,78,9,22,32
DEV_004_2024-10-15 18:00:00,2024-10-15 18:00:00,DEV_004,83,52,31,26
DEV_004_2024-10-15 21:00:00,2024-10-15 21:00:00,DEV_004,3,96,86,78
DEV_004_2024-10-16 00:00:00,2024-10-16 00:00:00,DEV_004,65,86,32,94
DEV_004_2024-10-16 03:00:00,2024-10-16 03:00:00,DEV_004,73,3,69,63
DEV_004_2024-10-16 06:00:00,2024-10-16 06:00:00,DEV_004,1,40,14,47
DEV_004_2024-10-16 09:00:00,2024-10-16 09:00:00,DEV_004,78,66,60,48
DEV_004_2024-10-16 12:00:00,2024-10-16 12:00:00,DEV_004,5,91,9,7
DEV_004_2024-10-16 15:00:00,2024-10-16 15:00:00,DEV_004,83,44,43,96
DEV_004_2024-10-16 18:00:00,2024-10-16 18:00:00,DEV_004,4,88,92,6
DEV_004_2024-10-16 21:00:00,2024-10-16 21:00:00,DEV_004,7,80,79,12
DEV_004_2024-10-17 00:00:00,2024-10-17 00:00:00,DEV_004,85,2,78,48
DEV_004_2024-10-17 03:00:00,2024-10-17 03:00:00,DEV_004,76,37,94,46
DEV_004_2024-10-17 06:00:00,2024-10-17 06:00:00,DEV_004,58,35,72,5
DEV_004_2024-10-17 09:00:00,2024-10-17 09:00:00,DEV_004,3,27,25,43
DEV_004_2024-10-17 12:00:00,2024-10-17 12:00:00,DEV_004,36,14,90,27
DEV_004_2024-10-17 15:00:00,2024-10-17 15:00:00,DEV_004,39,74,8,75
DEV_004_2024-10-17 18:00:00,2024-10-17 18:00:00,DEV_004,71,47,33,43
DEV_004_2024-10-17 21:00:00,2024-10-17 21:00:00,DEV_004,18,24,81,61
DEV_004_2024-10-18 00:00:00,2024-10-18 00:00:00,DEV_004,2,41,2,64
DEV_004_2024-10-18 03:00:00,2024-10-18 03:00:00,DEV_004,82,21,65,59
DEV_004_2024-10-18 06:00:00,2024-10-18 06:00:00,DEV_004,89,24,8,69
DEV_004_2024-10-18 09:00:00,2024-10-18 09:00:00,DEV_004,23,70,20,43
DEV_004_2024-10-18 12:00:00,2024-10-18 12:00:00,DEV_004,7,51,83,4
DEV_004_2024-10-18 15:00:00,2024-10-18 15:00:00,DEV_004,92,7,91,82
DEV_004_2024-10-18 18:00:00,2024-10-18 18:00:00,DEV_004,50,20,34,71
DEV_004_2024-10-18 21:00:00,2024-10-18 21:00:00,DEV_004,8,43,84,31
DEV_004_2024-10-19 00:00:00,2024-10-19 00:00:00,DEV_004,19,77,45,71
DEV_004_2024-10-19 03:00:00,2024-10-19 03:00:00,DEV_004,25,7,90,29
DEV_004_2024-10-19 06:00:00,2024-10-19 06:00:00,DEV_004,42,96,16,79
DEV_004_2024-10-19 09:00:00,2024-10-19 09:00:00,DEV_004,66,13,38,43
DEV_004_2024-10-19 12:00:00,2024-10-19 12:00:00,DEV_004,39,42,13,20
DEV_004_2024-10-19 15:00:00,2024-10-19 15:00:00,DEV_004,43,45,63,44
DEV_004_2024-10-19 18:00:00,2024-10-19 18:00:00,DEV_004,97,77,42,6
DEV_004_2024-10-19 21:00:00,2024-10-19 21:00:00,DEV_004,79,71,43,86
DEV_004_2024-10-20 00:00:00,2024-10-20 00:00:00,DEV_004,92,54,78,62
DEV_004_2024-10-20 03:00:00,2024-10-20 03:00:00,DEV_004,61,37,27,2
DEV_004_2024-10-20 06:00:00,2024-10-20 06:00:00,DEV_004,76,20,24,67
DEV_004_2024-10-20 09:00:00,2024-10-20 09:00:00,DEV_004,23,90,79,27
DEV_004_2024-10-20 12:00:00,2024-10-20 12:00:00,DEV_004,76,73,52,34
DEV_004_2024-10-20 15:00:00,2024-10-20 15:00:00,DEV_004,34,25,50,20
DEV_004_2024-10-20 18:00:00,2024-10-20 18:00:00,DEV_004,37,15,89,59
DEV_004_2024-10-20 21:00:00,2024-10-20 21:00:00,DEV_004,62,43,85,24
DEV_004_2024-10-21 00:00:00,2024-10-21 00:00:00,DEV_004,88,84,37,92
DEV_004_2024-10-21 03:00:00,2024-10-21 03:00:00,DEV_004,83,67,89,34
DEV_004_2024-10-21 06:00:00,2024-10-21 06:00:00,DEV_004,56,56,21,9
DEV_004_2024-10-21 09:00:00,2024-10-21 09:00:00,DEV_004,57,58,62,65
DEV_004_2024-10-21 12:00:00,2024-10-21 12:00:00,DEV_004,74,90,50,75
DEV_004_2024-10-21 15:00:00,2024-10-21 15:00:00,DEV_004,95,50,21,43
DEV_004_2024-10-21 18:00:00,2024-10-21 18:00:00,DEV_004,24,53,12,68
DEV_004_2024-10-21 21:00:00,2024-10-21 21:00:00,DEV_004,51,21,35,66
DEV_004_2024-10-22 00:00:00,2024-10-22 00:00:00,DEV_004,77,74,28,93
DEV_004_2024-10-22 03:00:00,2024-10-22 03:00:00,DEV_004,60,5,87,64
DEV_004_2024-10-22 06:00:00,2024-10-22 06:00:00,DEV_004,63,61,94,15
DEV_004_2024-10-22 09:00:00,2024-10-22 09:00:00,DEV_004,84,24,80,98
DEV_004_2024-10-22 12:00:00,2024-10-22 12:00:00,DEV_004,67,26,45,32
DEV_004_2024-10-22 15:00:00,2024-10-22 15:00:00,DEV_004,73,74,9,12
DEV_004_2024-10-22 18:00:00,2024-10-22 18:00:00,DEV_004,38,30,36,81
DEV_004_2024-10-22 21:00:00,2024-10-22 21:00:00,DEV_004,39,48,63,54
DEV_004_2024-10-23 00:00:00,2024-10-23 00:00:00,DEV_004,48,13,48,14
DEV_004_2024-10-23 03:00:00,2024-10-23 03:00:00,DEV_004,32,54,96,21
DEV_004_2024-10-23 06:00:00,2024-10-23 06:00:00,DEV_004,7,50,57,17
DEV_004_2024-10-23 09:00:00,2024-10-23 09:00:00,DEV_004,50,38,32,52
DEV_004_2024-10-23 12:00:00,2024-10-23 12:00:00,DEV_004,22,20,72,50
DEV_004_2024-10-23 15:00:00,2024-10-23 15:00:00,DEV_004,81,79,41,76
DEV_004_2024-10-23 18:00:00,2024-10-23 18:00:00,DEV_004,21,77,46,34
DEV_004_2024-10-23 21:00:00,2024-10-23 21:00:00,DEV_004,55,99,4,65
DEV_004_2024-10-24 00:00:00,2024-10-24 00:00:00,DEV_004,96,81,25,18
DEV_004_2024-10-24 03:00:00,2024-10-24 03:00:00,DEV_004,11,73,16,67
DEV_004_2024-10-24 06:00:00,2024-10-24 06:00:00,DEV_004,26,21,73,80
DEV_004_2024-10-24 09:00:00,2024-10-24 09:00:00,DEV_004,65,93,95,10
DEV_004_2024-10-24 12:00:00,2024-10-24 12:00:00,DEV_004,11,55,34,66
DEV_004_2024-10-24 15:00:00,2024-10-24 15:00:00,DEV_004,74,15,75,74
DEV_004_2024-10-24 18:00:00,2024-10-24 18:00:00,DEV_004,78,13,67,57
DEV_004_2024-10-24 21:00:00,2024-10-24 21:00:00,DEV_004,19,48,48,9
DEV_004_2024-10-25 00:00:00,2024-10-25 00:00:00,DEV_004,17,16,4,75
DEV_004_2024-10-25 03:00:00,2024-10-25 03:00:00,DEV_004,63,43,36,87
DEV_004_2024-10-25 06:00:00,2024-10-25 06:00:00,DEV_004,22,51,9,68
DEV_004_2024-10-25 09:00:00,2024-10-25 09:00:00,DEV_004,35,7,82,85
DEV_004_2024-10-25 12:00:00,2024-10-25 12:00:00,DEV_004,92,91,60,26
DEV_004_2024-10-25 15:00:00,2024-10-25 15:00:00,DEV_004,80,64,35,85
DEV_004_2024-10-25 18:00:00,2024-10-25 18:00:00,DEV_004,58,28,42,25
DEV_004_2024-10-25 21:00:00,2024-10-25 21:00:00,DEV_004,34,92,11,28
DEV_004_2024-10-26 00:00:00,2024-10-26 00:00:00,DEV_004,66,37,84,27
DEV_004_2024-10-26 03:00:00,2024-10-26 03:00:00,DEV_004,42,73,13,9
DEV_004_2024-10-26 06:00:00,2024-10-26 06:00:00,DEV_004,17,16,38,43
DEV_004_2024-10-26 09:00:00,2024-10-26 09:00:00,DEV_004,36,6,13,51
DEV_004_2024-10-26 12:00:00,2024-10-26 12:00:00,DEV_004,38,65,72,34
DEV_004_2024-10-26 15:00:00,2024-10-26 15:00:00,DEV_004,1,93,35,30
DEV_004_2024-10-26 18:00:00,2024-10-26 18:00:00,DEV_004,83,40,77,81
DEV_004_2024-10-26 21:00:00,2024-10-26 21:00:00,DEV_004,60,99,38,18
DEV_004_2024-10-27 00:00:00,2024-10-27 00:00:00,DEV_004,60,62,33,36
DEV_004_2024-10-27 03:00:00,2024-10-27 03:00:00,DEV_004,4,33,32,25
DEV_004_2024-10-27 06:00:00,2024-10-27 06:00:00,DEV_004,78,26,45,48
DEV_004_2024-10-27 09:00:00,2024-10-27 09:00:00,DEV_004,6,90,12,10
DEV_004_2024-10-27 12:00:00,2024-10-27 12:00:00,DEV_004,67,15,94,72
DEV_004_2024-10-27 15:00:00,2024-10-27 15:00:00,DEV_004,96,18,28,13
DEV_004_2024-10-27 18:00:00,2024-10-27 18:00:00,DEV_004,73,24,43,35
DEV_004_2024-10-27 21:00:00,2024-10-27 21:00:00,DEV_004,1,63,27,15
DEV_004_2024-10-28 00:00:00,2024-10-28 00:00:00,DEV_004,45,91,55,78
DEV_004_2024-10-28 03:00:00,2024-10-28 03:00:00,DEV_004,3,9,61,81
DEV_004_2024-10-28 06:00:00,2024-10-28 06:00:00,DEV_004,15,53,79,5
DEV_004_2024-10-28 09:00:00,2024-10-28 09:00:00,DEV_004,96,81,48,4
DEV_004_2024-10-28 12:00:00,2024-10-28 12:00:00,DEV_004,77,70,31,93
DEV_004_2024-10-28 15:00:00,2024-10-28 15:00:00,DEV_004,69,75,85,78
DEV_004_2024-10-28 18:00:00,2024-10-28 18:00:00,DEV_004,27,86,89,88
DEV_004_2024-10-28 21:00:00,2024-10-28 21:00:00,DEV_004,49,78,69,64
DEV_004_2024-10-29 00:00:00,2024-10-29 00:00:00,DEV_004,29,10,73,38
DEV_004_2024-10-29 03:00:00,2024-10-29 03:00:00,DEV_004,63,47,36,82
DEV_004_2024-10-29 06:00:00,2024-10-29 06:00:00,DEV_004,99,45,44,46
DEV_004_2024-10-29 09:00:00,2024-10-29 09:00:00,DEV_004,49,45,9,71
DEV_004_2024-10-29 12:00:00,2024-10-29 12:00:00,DEV_004,3,82,71,83
DEV_004_2024-10-29 15:00:00,2024-10-29 15:00:00,DEV_004,16,76,89,76
DEV_004_2024-10-29 18:00:00,2024-10-29 18:00:00,DEV_004,37,58,94,57
DEV_004_2024-10-29 21:00:00,2024-10-29 21:00:00,DEV_004,36,24,93,12
DEV_004_2024-10-30 00:00:00,2024-10-30 00:00:00,DEV_004,55,45,8,80
DEV_004_2024-10-30 03:00:00,2024-10-30 03:00:00,DEV_004,6,43,66,88
DEV_004_2024-10-30 06:00:00,2024-10-30 06:00:00,DEV_004,23,15,67,18
DEV_004_2024-10-30 09:00:00,2024-10-30 09:00:00,DEV_004,87,48,37,57
DEV_004_2024-10-30 12:00:00,2024-10-30 12:00:00,DEV_004,3,24,6,98
DEV_004_2024-10-30 15:00:00,2024-10-30 15:00:00,DEV_004,55,82,43,19
DEV_004_2024-10-30 18:00:00,2024-10-30 18:00:00,DEV_004,90,46,85,9
DEV_004_2024-10-30 21:00:00,2024-10-30 21:00:00,DEV_004,57,69,23,34
DEV_004_2024-10-31 00:00:00,2024-10-31 00:00:00,DEV_004,16,66,48,63
DEV_004_2024-10-31 03:00:00,2024-10-31 03:00:00,DEV_004,85,23,59,14
DEV_004_2024-10-31 06:00:00,2024-10-31 06:00:00,DEV_004,53,79,36,21
DEV_004_2024-10-31 09:00:00,2024-10-31 09:00:00,DEV_004,83,70,72,65
DEV_004_2024-10-31 12:00:00,2024-10-31 12:00:00,DEV_004,3,87,56,71
DEV_004_2024-10-31 15:00:00,2024-10-31 15:00:00,DEV_004,57,77,67,85
DEV_004_2024-10-31 18:00:00,2024-10-31 18:00:00,DEV_004,9,31,21,31
DEV_004_2024-10-31 21:00:00,2024-10-31 21:00:00,DEV_004,72,30,65,74
DEV_004_2024-11-01 00:00:00,2024-11-01 00:00:00,DEV_004,20,34,79,79
DEV_004_2024-11-01 03:00:00,2024-11-01 03:00:00,DEV_004,95,80,55,99
DEV_004_2024-11-01 06:00:00,2024-11-01 06:00:00,DEV_004,26,24,17,74
DEV_004_2024-11-01 09:00:00,2024-11-01 09:00:00,DEV_004,33,82,42,68
DEV_004_2024-11-01 12:00:00,2024-11-01 12:00:00,DEV_004,49,27,13,15
DEV_004_2024-11-01 15:00:00,2024-11-01 15:00:00,DEV_004,63,20,80,84
DEV_004_2024-11-01 18:00:00,2024-11-01 18:00:00,DEV_004,24,14,95,12
DEV_004_2024-11-01 21:00:00,2024-11-01 21:00:00,DEV_004,81,25,39,70
DEV_004_2024-11-02 00:00:00,2024-11-02 00:00:00,DEV_004,40,25,93,80
DEV_004_2024-11-02 03:00:00,2024-11-02 03:00:00,DEV_004,36,10,98,10
DEV_004_2024-11-02 06:00:00,2024-11-02 06:00:00,DEV_004,46,91,13,38
DEV_004_2024-11-02 09:00:00,2024-11-02 09:00:00,DEV_004,84,84,7,4
DEV_004_2024-11-02 12:00:00,2024-11-02 12:00:00,DEV_004,69,90,41,49
DEV_004_2024-11-02 15:00:00,2024-11-02 15:00:00,DEV_004,83,47,62,61
DEV_004_2024-11-02 18:00:00,2024-11-02 18:00:00,DEV_004,58,63,99,8
DEV_004_2024-11-02 21:00:00,2024-11-02 21:00:00,DEV_004,7,26,85,45
DEV_004_2024-11-03 00:00:00,2024-11-03 00:00:00,DEV_004,65,76,79,49
DEV_004_2024-11-03 03:00:00,2024-11-03 03:00:00,DEV_004,32,26,8,92
DEV_004_2024-11-03 06:00:00,2024-11-03 06:00:00,DEV_004,97,95,52,81
DEV_004_2024-11-03 09:00:00,2024-11-03 09:00:00,DEV_004,68,34,84,19
DEV_004_2024-11-03 12:00:00,2024-11-03 12:00:00,DEV_004,55,93,3,53
DEV_004_2024-11-03 15:00:00,2024-11-03 15:00:00,DEV_004,97,14,67,33
DEV_004_2024-11-03 18:00:00,2024-11-03 18:00:00,DEV_004,93,52,26,4
DEV_004_2024-11-03 21:00:00,2024-11-03 21:00:00,DEV_004,23,44,23,13
DEV_004_2024-11-04 00:00:00,2024-11-04 00:00:00,DEV_004,92,67,34,61
DEV_004_2024-11-04 03:00:00,2024-11-04 03:00:00,DEV_004,26,38,70,26
DEV_004_2024-11-04 06:00:00,2024-11-04 06:00:00,DEV_004,10,68,68,1
DEV_004_2024-11-04 09:00:00,2024-11-04 09:00:00,DEV_004,19,55,83,33
DEV_004_2024-11-04 12:00:00,2024-11-04 12:00:00,DEV_004,58,49,78,33
DEV_004_2024-11-04 15:00:00,2024-11-04 15:00:00,DEV_004,96,85,8,97
DEV_004_2024-11-04 18:00:00,2024-11-04 18:00:00,DEV_004,5,7,76,94
DEV_004_2024-11-04 21:00:00,2024-11-04 21:00:00,DEV_004,28,18,41,31
DEV_004_2024-11-05 00:00:00,2024-11-05 00:00:00,DEV_004,34,31,59,30
DEV_004_2024-11-05 03:00:00,2024-11-05 03:00:00,DEV_004,43,67,59,72
DEV_004_2024-11-05 06:00:00,2024-11-05 06:00:00,DEV_004,14,29,97,3
DEV_004_2024-11-05 09:00:00,2024-11-05 09:00:00,DEV_004,65,25,68,14
DEV_004_2024-11-05 12:00:00,2024-11-05 12:00:00,DEV_004,15,60,15,59
DEV_004_2024-11-05 15:00:00,2024-11-05 15:00:00,DEV_004,25,74,20,60
DEV_004_2024-11-05 18:00:00,2024-11-05 18:00:00,DEV_004,56,47,36,66
DEV_004_2024-11-05 21:00:00,2024-11-05 21:00:00,DEV_004,42,3,10,67
DEV_004_2024-11-06 00:00:00,2024-11-06 00:00:00,DEV_004,21,62,76,57
DEV_004_2024-11-06 03:00:00,2024-11-06 03:00:00,DEV_004,39,37,51,93
DEV_004_2024-11-06 06:00:00,2024-11-06 06:00:00,DEV_004,39,34,99,40
DEV_004_2024-11-06 09:00:00,2024-11-06 09:00:00,DEV_004,50,83,49,98
DEV_004_2024-11-06 12:00:00,2024-11-06 12:00:00,DEV_004,81,36,49,22
DEV_004_2024-11-06 15:00:00,2024-11-06 15:00:00,DEV_004,7,90,28,61
DEV_004_2024-11-06 18:00:00,2024-11-06 18:00:00,DEV_004,26,14,55,86
DEV_004_2024-11-06 21:00:00,2024-11-06 21:00:00,DEV_004,45,87,7,23
DEV_004_2024-11-07 00:00:00,2024-11-07 00:00:00,DEV_004,57,28,15,90
DEV_004_2024-11-07 03:00:00,2024-11-07 03:00:00,DEV_004,21,94,52,64
DEV_004_2024-11-07 06:00:00,2024-11-07 06:00:00,DEV_004,63,30,41,40
DEV_004_2024-11-07 09:00:00,2024-11-07 09:00:00,DEV_004,14,53,30,13
DEV_004_2024-11-07 12:00:00,2024-11-07 12:00:00,DEV_004,59,13,21,34
DEV_004_2024-11-07 15:00:00,2024-11-07 15:00:00,DEV_004,10,26,99,10
DEV_004_2024-11-07 18:00:00,2024-11-07 18:00:00,DEV_004,69,11,81,48
DEV_004_2024-11-07 21:00:00,2024-11-07 21:00:00,DEV_004,20,23,14,33
DEV_004_2024-11-08 00:00:00,2024-11-08 00:00:00,DEV_004,58,94,14,15
DEV_004_2024-11-08 03:00:00,2024-11-08 03:00:00,DEV_004,54,88,15,40
DEV_004_2024-11-08 06:00:00,2024-11-08 06:00:00,DEV_004,74,64,30,21
DEV_004_2024-11-08 09:00:00,2024-11-08 09:00:00,DEV_004,94,18,45,8
DEV_004_2024-11-08 12:00:00,2024-11-08 12:00:00,DEV_004,65,25,81,58
DEV_004_2024-11-08 15:00:00,2024-11-08 15:00:00,DEV_004,38,61,97,84
DEV_004_2024-11-08 18:00:00,2024-11-08 18:00:00,DEV_004,24,62,90,70
DEV_004_2024-11-08 21:00:00,2024-11-08 21:00:00,DEV_004,3,93,43,87
DEV_004_2024-11-09 00:00:00,2024-11-09 00:00:00,DEV_004,31,72,35,42
DEV_004_2024-11-09 03:00:00,2024-11-09 03:00:00,DEV_004,5,94,1,75
DEV_004_2024-11-09 06:00:00,2024-11-09 06:00:00,DEV_004,85,27,79,63
DEV_004_2024-11-09 09:00:00,2024-11-09 09:00:00,DEV_004,90,45,59,21
DEV_004_2024-11-09 12:00:00,2024-11-09 12:00:00,DEV_004,6,93,58,11
DEV_004_2024-11-09 15:00:00,2024-11-09 15:00:00,DEV_004,74,70,40,74
DEV_004_2024-11-09 18:00:00,2024-11-09 18:00:00,DEV_004,26,46,92,64
DEV_004_2024-11-09 21:00:00,2024-11-09 21:00:00,DEV_004,92,12,87,59
DEV_004_2024-11-10 00:00:00,2024-11-10 00:00:00,DEV_004,1,97,22,13
DEV_004_2024-11-10 03:00:00,2024-11-10 03:00:00,DEV_004,51,58,80,96
DEV_004_2024-11-10 06:00:00,2024-11-10 06:00:00,DEV_004,95,56,95,62
DEV_004_2024-11-10 09:00:00,2024-11-10 09:00:00,DEV_004,23,81,67,87
DEV_004_2024-11-10 12:00:00,2024-11-10 12:00:00,DEV_004,70,36,51,26
DEV_004_2024-11-10 15:00:00,2024-11-10 15:00:00,DEV_004,34,75,55,17
DEV_004_2024-11-10 18:00:00,2024-11-10 18:00:00,DEV_004,84,36,93,55
DEV_004_2024-11-10 21:00:00,2024-11-10 21:00:00,DEV_004,58,63,80,9
DEV_004_2024-11-11 00:00:00,2024-11-11 00:00:00,DEV_004,37,60,19,51
DEV_004_2024-11-11 03:00:00,2024-11-11 03:00:00,DEV_004,96,27,86,14
DEV_004_2024-11-11 06:00:00,2024-11-11 06:00:00,DEV_004,81,65,4,28
DEV_004_2024-11-11 09:00:00,2024-11-11 09:00:00,DEV_004,24,11,83,72
DEV_004_2024-11-11 12:00:00,2024-11-11 12:00:00,DEV_004,5,53,6,89
DEV_004_2024-11-11 15:00:00,2024-11-11 15:00:00,DEV_004,34,65,91,59
DEV_004_2024-11-11 18:00:00,2024-11-11 18:00:00,DEV_004,72,29,50,98
DEV_004_2024-11-11 21:00:00,2024-11-11 21:00:00,DEV_004,28,26,22,91
DEV_004_2024-11-12 00:00:00,2024-11-12 00:00:00,DEV_004,19,4,99,75
DEV_004_2024-11-12 03:00:00,2024-11-12 03:00:00,DEV_004,12,18,21,67
DEV_004_2024-11-12 06:00:00,2024-11-12 06:00:00,DEV_004,14,9,31,47
DEV_004_2024-11-12 09:00:00,2024-11-12 09:00:00,DEV_004,84,10,32,68
DEV_004_2024-11-12 12:00:00,2024-11-12 12:00:00,DEV_004,47,99,66,83
DEV_004_2024-11-12 15:00:00,2024-11-12 15:00:00,DEV_004,31,42,95,31
DEV_004_2024-11-12 18:00:00,2024-11-12 18:00:00,DEV_004,41,12,41,58
DEV_004_2024-11-12 21:00:00,2024-11-12 21:00:00,DEV_004,28,94,90,29
DEV_004_2024-11-13 00:00:00,2024-11-13 00:00:00,DEV_004,19,68,76,85
DEV_004_2024-11-13 03:00:00,2024-11-13 03:00:00,DEV_004,47,36,93,1
DEV_004_2024-11-13 06:00:00,2024-11-13 06:00:00,DEV_004,57,61,25,42
DEV_004_2024-11-13 09:00:00,2024-11-13 09:00:00,DEV_004,65,31,28,80
DEV_004_2024-11-13 12:00:00,2024-11-13 12:00:00,DEV_004,71,97,44,70
DEV_004_2024-11-13 15:00:00,2024-11-13 15:00:00,DEV_004,33,47,20,66
DEV_004_2024-11-13 18:00:00,2024-11-13 18:00:00,DEV_004,90,27,33,83
DEV_004_2024-11-13 21:00:00,2024-11-13 21:00:00,DEV_004,51,74,1,23
DEV_004_2024-11-14 00:00:00,2024-11-14 00:00:00,DEV_004,70,63,9,38
DEV_004_2024-11-14 03:00:00,2024-11-14 03:00:00,DEV_004,93,7,41,51
DEV_004_2024-11-14 06:00:00,2024-11-14 06:00:00,DEV_004,64,55,25,42
DEV_004_2024-11-14 09:00:00,2024-11-14 09:00:00,DEV_004,24,72,12,25
DEV_004_2024-11-14 12:00:00,2024-11-14 12:00:00,DEV_004,41,4,94,31
DEV_004_2024-11-14 15:00:00,2024-11-14 15:00:00,DEV_004,39,3,1,18
DEV_004_2024-11-14 18:00:00,2024-11-14 18:00:00,DEV_004,91,31,84,24
DEV_004_2024-11-14 21:00:00,2024-11-14 21:00:00,DEV_004,74,66,82,5
DEV_004_2024-11-15 00:00:00,2024-11-15 00:00:00,DEV_004,62,3,80,34
DEV_004_2024-11-15 03:00:00,2024-11-15 03:00:00,DEV_004,84,10,98,74
DEV_004_2024-11-15 06:00:00,2024-11-15 06:00:00,DEV_004,49,17,27,96
DEV_004_2024-11-15 09:00:00,2024-11-15 09:00:00,DEV_004,40,7,83,49
DEV_004_2024-11-15 12:00:00,2024-11-15 12:00:00,DEV_004,18,77,66,76
DEV_004_2024-11-15 15:00:00,2024-11-15 15:00:00,DEV_004,21,5,30,59
DEV_004_2024-11-15 18:00:00,2024-11-15 18:00:00,DEV_004,37,22,45,20
DEV_004_2024-11-15 21:00:00,2024-11-15 21:00:00,DEV_004,1,75,59,6
DEV_004_2024-11-16 00:00:00,2024-11-16 00:00:00,DEV_004,82,93,48,37
DEV_004_2024-11-16 03:00:00,2024-11-16 03:00:00,DEV_004,20,55,93,22
DEV_004_2024-11-16 06:00:00,2024-11-16 06:00:00,DEV_004,53,84,7,69
DEV_004_2024-11-16 09:00:00,2024-11-16 09:00:00,DEV_004,37,58,88,9
DEV_004_2024-11-16 12:00:00,2024-11-16 12:00:00,DEV_004,48,48,29,27
DEV_004_2024-11-16 15:00:00,2024-11-16 15:00:00,DEV_004,36,56,39,82
DEV_004_2024-11-16 18:00:00,2024-11-16 18:00:00,DEV_004,6,36,86,35
DEV_004_2024-11-16 21:00:00,2024-11-16 21:00:00,DEV_004,18,54,70,28
DEV_004_2024-11-17 00:00:00,2024-11-17 00:00:00,DEV_004,1,28,19,83
DEV_004_2024-11-17 03:00:00,2024-11-17 03:00:00,DEV_004,52,25,65,5
DEV_004_2024-11-17 06:00:00,2024-11-17 06:00:00,DEV_004,83,41,13,63
DEV_004_2024-11-17 09:00:00,2024-11-17 09:00:00,DEV_004,45,72,23,67
DEV_004_2024-11-17 12:00:00,2024-11-17 12:00:00,DEV_004,68,45,89,79
DEV_004_2024-11-17 15:00:00,2024-11-17 15:00:00,DEV_004,97,49,79,66
DEV_004_2024-11-17 18:00:00,2024-11-17 18:00:00,DEV_004,33,50,55,45
DEV_004_2024-11-17 21:00:00,2024-11-17 21:00:00,DEV_004,29,34,74,67
DEV_004_2024-11-18 00:00:00,2024-11-18 00:00:00,DEV_004,7,60,34,23
DEV_004_2024-11-18 03:00:00,2024-11-18 03:00:00,DEV_004,55,45,83,67
DEV_004_2024-11-18 06:00:00,2024-11-18 06:00:00,DEV_004,34,78,11,25
DEV_004_2024-11-18 09:00:00,2024-11-18 09:00:00,DEV_004,54,31,20,3
DEV_004_2024-11-18 12:00:00,2024-11-18 12:00:00,DEV_004,78,54,24,44
DEV_004_2024-11-18 15:00:00,2024-11-18 15:00:00,DEV_004,64,77,43,78
DEV_004_2024-11-18 18:00:00,2024-11-18 18:00:00,DEV_004,35,72,69,52
DEV_004_2024-11-18 21:00:00,2024-11-18 21:00:00,DEV_004,44,93,15,90
DEV_004_2024-11-19 00:00:00,2024-11-19 00:00:00,DEV_004,3,34,6,5
DEV_004_2024-11-19 03:00:00,2024-11-19 03:00:00,DEV_004,95,81,52,88
DEV_004_2024-11-19 06:00:00,2024-11-19 06:00:00,DEV_004,29,40,17,26
DEV_004_2024-11-19 09:00:00,2024-11-19 09:00:00,DEV_004,65,69,88,43
DEV_004_2024-11-19 12:00:00,2024-11-19 12:00:00,DEV_004,65,98,74,99
DEV_004_2024-11-19 15:00:00,2024-11-19 15:00:00,DEV_004,83,4,65,15
DEV_004_2024-11-19 18:00:00,2024-11-19 18:00:00,DEV_004,53,1,27,86
DEV_004_2024-11-19 21:00:00,2024-11-19 21:00:00,DEV_004,31,81,21,50
DEV_004_2024-11-20 00:00:00,2024-11-20 00:00:00,DEV_004,73,24,28,65
DEV_004_2024-11-20 03:00:00,2024-11-20 03:00:00,DEV_004,33,21,41,71
DEV_004_2024-11-20 06:00:00,2024-11-20 06:00:00,DEV_004,33,14,55,39
DEV_004_2024-11-20 09:00:00,2024-11-20 09:00:00,DEV_004,86,57,92,61
DEV_004_2024-11-20 12:00:00,2024-11-20 12:00:00,DEV_004,81,22,10,65
DEV_004_2024-11-20 15:00:00,2024-11-20 15:00:00,DEV_004,11,98,32,62
DEV_004_2024-11-20 18:00:00,2024-11-20 18:00:00,DEV_004,23,17,78,82
DEV_004_2024-11-20 21:00:00,2024-11-20 21:00:00,DEV_004,6,82,67,71
DEV_004_2024-11-21 00:00:00,2024-11-21 00:00:00,DEV_004,94,65,29,64
DEV_004_2024-11-21 03:00:00,2024-11-21 03:00:00,DEV_004,42,18,79,74
DEV_004_2024-11-21 06:00:00,2024-11-21 06:00:00,DEV_004,6,23,56,76
DEV_004_2024-11-21 09:00:00,2024-11-21 09:00:00,DEV_004,5,68,22,73
DEV_004_2024-11-21 12:00:00,2024-11-21 12:00:00,DEV_004,73,90,19,40
DEV_004_2024-11-21 15:00:00,2024-11-21 15:00:00,DEV_004,27,7,38,20
DEV_004_2024-11-21 18:00:00,2024-11-21 18:00:00,DEV_004,94,97,20,96
DEV_004_2024-11-21 21:00:00,2024-11-21 21:00:00,DEV_004,39,31,69,9
DEV_004_2024-11-22 00:00:00,2024-11-22 00:00:00,DEV_004,77,88,53,77
DEV_004_2024-11-22 03:00:00,2024-11-22 03:00:00,DEV_004,44,58,38,43
DEV_004_2024-11-22 06:00:00,2024-11-22 06:00:00,DEV_004,37,39,10,78
DEV_004_2024-11-22 09:00:00,2024-11-22 09:00:00,DEV_004,67,21,31,46
DEV_004_2024-11-22 12:00:00,2024-11-22 12:00:00,DEV_004,34,27,61,29
DEV_004_2024-11-22 15:00:00,2024-11-22 15:00:00,DEV_004,53,48,26,5
DEV_004_2024-11-22 18:00:00,2024-11-22 18:00:00,DEV_004,90,96,13,95
DEV_004_2024-11-22 21:00:00,2024-11-22 21:00:00,DEV_004,58,33,23,34
DEV_004_2024-11-23 00:00:00,2024-11-23 00:00:00,DEV_004,20,4,2,9
DEV_004_2024-11-23 03:00:00,2024-11-23 03:00:00,DEV_004,7,67,29,1
DEV_004_2024-11-23 06:00:00,2024-11-23 06:00:00,DEV_004,10,79,46,55
DEV_004_2024-11-23 09:00:00,2024-11-23 09:00:00,DEV_004,70,3,29,58
DEV_004_2024-11-23 12:00:00,2024-11-23 12:00:00,DEV_004,41,93,10,66
DEV_004_2024-11-23 15:00:00,2024-11-23 15:00:00,DEV_004,83,67,21,46
DEV_004_2024-11-23 18:00:00,2024-11-23 18:00:00,DEV_004,81,80,4,87
DEV_004_2024-11-23 21:00:00,2024-11-23 21:00:00,DEV_004,31,11,59,70
DEV_004_2024-11-24 00:00:00,2024-11-24 00:00:00,DEV_004,21,65,32,3
DEV_004_2024-11-24 03:00:00,2024-11-24 03:00:00,DEV_004,78,68,92,1
DEV_004_2024-11-24 06:00:00,2024-11-24 06:00:00,DEV_004,54,78,15,30
DEV_004_2024-11-24 09:00:00,2024-11-24 09:00:00,DEV_004,76,89,72,62
DEV_004_2024-11-24 12:00:00,2024-11-24 12:00:00,DEV_004,8,11,61,85
DEV_004_2024-11-24 15:00:00,2024-11-24 15:00:00,DEV_004,30,44,96,13
DEV_004_2024-11-24 18:00:00,2024-11-24 18:00:00,DEV_004,77,5,24,1
DEV_004_2024-11-24 21:00:00,2024-11-24 21:00:00,DEV_004,18,5,62,28
DEV_004_2024-11-25 00:00:00,2024-11-25 00:00:00,DEV_004,47,92,56,82
DEV_004_2024-11-25 03:00:00,2024-11-25 03:00:00,DEV_004,33,89,29,26
DEV_004_2024-11-25 06:00:00,2024-11-25 06:00:00,DEV_004,37,78,68,68
DEV_004_2024-11-25 09:00:00,2024-11-25 09:00:00,DEV_004,97,75,91,89
DEV_004_2024-11-25 12:00:00,2024-11-25 12:00:00,DEV_004,96,25,37,53
DEV_004_2024-11-25 15:00:00,2024-11-25 15:00:00,DEV_004,11,87,7,46
DEV_004_2024-11-25 18:00:00,2024-11-25 18:00:00,DEV_004,22,91,5,34
DEV_004_2024-11-25 21:00:00,2024-11-25 21:00:00,DEV_004,13,4,10,40
DEV_004_2024-11-26 00:00:00,2024-11-26 00:00:00,DEV_004,1,34,80,45
DEV_004_2024-11-26 03:00:00,2024-11-26 03:00:00,DEV_004,62,36,29,38
DEV_004_2024-11-26 06:00:00,2024-11-26 06:00:00,DEV_004,31,46,88,76
DEV_004_2024-11-26 09:00:00,2024-11-26 09:00:00,DEV_004,4,62,94,9
DEV_004_2024-11-26 12:00:00,2024-11-26 12:00:00,DEV_004,6,38,22,15
DEV_004_2024-11-26 15:00:00,2024-11-26 15:00:00,DEV_004,33,71,6,58
DEV_004_2024-11-26 18:00:00,2024-11-26 18:00:00,DEV_004,23,92,57,1
DEV_004_2024-11-26 21:00:00,2024-11-26 21:00:00,DEV_004,10,6,79,9
DEV_004_2024-11-27 00:00:00,2024-11-27 00:00:00,DEV_004,44,70,87,80
DEV_004_2024-11-27 03:00:00,2024-11-27 03:00:00,DEV_004,65,33,50,63
DEV_004_2024-11-27 06:00:00,2024-11-27 06:00:00,DEV_004,17,99,91,81
DEV_004_2024-11-27 09:00:00,2024-11-27 09:00:00,DEV_004,37,56,83,89
DEV_004_2024-11-27 12:00:00,2024-11-27 12:00:00,DEV_004,31,79,88,78
DEV_004_2024-11-27 15:00:00,2024-11-27 15:00:00,DEV_004,42,78,53,15
DEV_004_2024-11-27 18:00:00,2024-11-27 18:00:00,DEV_004,67,74,2,41
DEV_004_2024-11-27 21:00:00,2024-11-27 21:00:00,DEV_004,7,71,53,43
DEV_004_2024-11-28 00:00:00,2024-11-28 00:00:00,DEV_004,66,78,63,57
DEV_004_2024-11-28 03:00:00,2024-11-28 03:00:00,DEV_004,85,55,76,61
DEV_004_2024-11-28 06:00:00,2024-11-28 06:00:00,DEV_004,25,1,27,1
DEV_004_2024-11-28 09:00:00,2024-11-28 09:00:00,DEV_004,22,10,37,10
DEV_004_2024-11-28 12:00:00,2024-11-28 12:00:00,DEV_004,57,30,75,18
DEV_004_2024-11-28 15:00:00,2024-11-28 15:00:00,DEV_004,76,89,35,64
DEV_004_2024-11-28 18:00:00,2024-11-28 18:00:00,DEV_004,68,61,28,32
DEV_004_2024-11-28 21:00:00,2024-11-28 21:00:00,DEV_004,67,14,91,96
DEV_004_2024-11-29 00:00:00,2024-11-29 00:00:00,DEV_004,54,69,49,49
DEV_004_2024-11-29 03:00:00,2024-11-29 03:00:00,DEV_004,26,68,82,10
DEV_004_2024-11-29 06:00:00,2024-11-29 06:00:00,DEV_004,81,64,50,93
DEV_004_2024-11-29 09:00:00,2024-11-29 09:00:00,DEV_004,95,66,65,95
DEV_004_2024-11-29 12:00:00,2024-11-29 12:00:00,DEV_004,72,98,11,35
DEV_004_2024-11-29 15:00:00,2024-11-29 15:00:00,DEV_004,92,35,11,94
DEV_004_2024-11-29 18:00:00,2024-11-29 18:00:00,DEV_004,18,36,43,65
DEV_004_2024-11-29 21:00:00,2024-11-29 21:00:00,DEV_004,78,70,45,10
DEV_004_2024-11-30 00:00:00,2024-11-30 00:00:00,DEV_004,79,43,34,92
DEV_004_2024-11-30 03:00:00,2024-11-30 03:00:00,DEV_004,9,36,81,2
DEV_004_2024-11-30 06:00:00,2024-11-30 06:00:00,DEV_004,40,87,78,56
DEV_004_2024-11-30 09:00:00,2024-11-30 09:00:00,DEV_004,76,13,74,95
DEV_004_2024-11-30 12:00:00,2024-11-30 12:00:00,DEV_004,37,56,33,33
DEV_004_2024-11-30 15:00:00,2024-11-30 15:00:00,DEV_004,43,41,81,74
DEV_004_2024-11-30 18:00:00,2024-11-30 18:00:00,DEV_004,88,5,97,83
DEV_004_2024-11-30 21:00:00,2024-11-30 21:00:00,DEV_004,51,4,35,73
DEV_004_2024-12-01 00:00:00,2024-12-01 00:00:00,DEV_004,24,16,46,10
DEV_004_2024-12-01 03:00:00,2024-12-01 03:00:00,DEV_004,77,33,78,5
DEV_004_2024-12-01 06:00:00,2024-12-01 06:00:00,DEV_004,66,10,58,38
DEV_004_2024-12-01 09:00:00,2024-12-01 09:00:00,DEV_004,11,21,39,34
DEV_004_2024-12-01 12:00:00,2024-12-01 12:00:00,DEV_004,58,76,22,94
DEV_004_2024-12-01 15:00:00,2024-12-01 15:00:00,DEV_004,58,19,68,69
DEV_004_2024-12-01 18:00:00,2024-12-01 18:00:00,DEV_004,98,31,7,46
DEV_004_2024-12-01 21:00:00,2024-12-01 21:00:00,DEV_004,57,54,46,84
DEV_004_2024-12-02 00:00:00,2024-12-02 00:00:00,DEV_004,39,53,23,60
DEV_004_2024-12-02 03:00:00,2024-12-02 03:00:00,DEV_004,44,15,79,72
DEV_004_2024-12-02 06:00:00,2024-12-02 06:00:00,DEV_004,59,14,62,19
DEV_004_2024-12-02 09:00:00,2024-12-02 09:00:00,DEV_004,5,89,23,81
DEV_004_2024-12-02 12:00:00,2024-12-02 12:00:00,DEV_004,53,10,14,68
DEV_004_2024-12-02 15:00:00,2024-12-02 15:00:00,DEV_004,15,80,57,21
DEV_004_2024-12-02 18:00:00,2024-12-02 18:00:00,DEV_004,80,8,11,99
DEV_004_2024-12-02 21:00:00,2024-12-02 21:00:00,DEV_004,47,80,91,98
DEV_004_2024-12-03 00:00:00,2024-12-03 00:00:00,DEV_004,7,34,15,55
DEV_004_2024-12-03 03:00:00,2024-12-03 03:00:00,DEV_004,88,85,66,1
DEV_004_2024-12-03 06:00:00,2024-12-03 06:00:00,DEV_004,73,90,82,18
DEV_004_2024-12-03 09:00:00,2024-12-03 09:00:00,DEV_004,84,53,80,93
DEV_004_2024-12-03 12:00:00,2024-12-03 12:00:00,DEV_004,87,42,71,1
DEV_004_2024-12-03 15:00:00,2024-12-03 15:00:00,DEV_004,84,21,92,2
DEV_004_2024-12-03 18:00:00,2024-12-03 18:00:00,DEV_004,46,33,9,77
DEV_004_2024-12-03 21:00:00,2024-12-03 21:00:00,DEV_004,36,37,48,93
DEV_004_2024-12-04 00:00:00,2024-12-04 00:00:00,DEV_004,87,55,99,95
DEV_004_2024-12-04 03:00:00,2024-12-04 03:00:00,DEV_004,8,67,20,92
DEV_004_2024-12-04 06:00:00,2024-12-04 06:00:00,DEV_004,94,14,9,76
DEV_004_2024-12-04 09:00:00,2024-12-04 09:00:00,DEV_004,61,1,94,93
DEV_004_2024-12-04 12:00:00,2024-12-04 12:00:00,DEV_004,56,47,13,85
DEV_004_2024-12-04 15:00:00,2024-12-04 15:00:00,DEV_004,11,67,61,54
DEV_004_2024-12-04 18:00:00,2024-12-04 18:00:00,DEV_004,50,92,68,46
DEV_004_2024-12-04 21:00:00,2024-12-04 21:00:00,DEV_004,44,34,63,80
DEV_004_2024-12-05 00:00:00,2024-12-05 00:00:00,DEV_004,67,57,19,83
DEV_004_2024-12-05 03:00:00,2024-12-05 03:00:00,DEV_004,50,9,88,60
DEV_004_2024-12-05 06:00:00,2024-12-05 06:00:00,DEV_004,18,52,32,95
DEV_004_2024-12-05 09:00:00,2024-12-05 09:00:00,DEV_004,1,32,45,59
DEV_004_2024-12-05 12:00:00,2024-12-05 12:00:00,DEV_004,78,77,76,20
DEV_004_2024-12-05 15:00:00,2024-12-05 15:00:00,DEV_004,1,94,69,96
DEV_004_2024-12-05 18:00:00,2024-12-05 18:00:00,DEV_004,58,79,14,72
DEV_004_2024-12-05 21:00:00,2024-12-05 21:00:00,DEV_004,80,36,93,85
DEV_004_2024-12-06 00:00:00,2024-12-06 00:00:00,DEV_004,29,97,41,37
DEV_004_2024-12-06 03:00:00,2024-12-06 03:00:00,DEV_004,49,19,3,94
DEV_004_2024-12-06 06:00:00,2024-12-06 06:00:00,DEV_004,71,26,36,28
DEV_004_2024-12-06 09:00:00,2024-12-06 09:00:00,DEV_004,6,26,7,92
DEV_004_2024-12-06 12:00:00,2024-12-06 12:00:00,DEV_004,87,55,18,7
DEV_004_2024-12-06 15:00:00,2024-12-06 15:00:00,DEV_004,27,17,98,5
DEV_004_2024-12-06 18:00:00,2024-12-06 18:00:00,DEV_004,35,11,33,47
DEV_004_2024-12-06 21:00:00,2024-12-06 21:00:00,DEV_004,94,90,81,74
DEV_004_2024-12-07 00:00:00,2024-12-07 00:00:00,DEV_004,8,42,73,97
DEV_004_2024-12-07 03:00:00,2024-12-07 03:00:00,DEV_004,93,80,90,64
DEV_004_2024-12-07 06:00:00,2024-12-07 06:00:00,DEV_004,47,13,73,21
DEV_004_2024-12-07 09:00:00,2024-12-07 09:00:00,DEV_004,11,88,71,23
DEV_004_2024-12-07 12:00:00,2024-12-07 12:00:00,DEV_004,23,77,21,28
DEV_004_2024-12-07 15:00:00,2024-12-07 15:00:00,DEV_004,73,86,60,13
DEV_004_2024-12-07 18:00:00,2024-12-07 18:00:00,DEV_004,90,46,58,68
DEV_004_2024-12-07 21:00:00,2024-12-07 21:00:00,DEV_004,96,95,13,71
DEV_004_2024-12-08 00:00:00,2024-12-08 00:00:00,DEV_004,48,9,67,77
DEV_004_2024-12-08 03:00:00,2024-12-08 03:00:00,DEV_004,88,93,72,91
DEV_004_2024-12-08 06:00:00,2024-12-08 06:00:00,DEV_004,55,16,81,33
DEV_004_2024-12-08 09:00:00,2024-12-08 09:00:00,DEV_004,20,15,13,42
DEV_004_2024-12-08 12:00:00,2024-12-08 12:00:00,DEV_004,54,73,51,74
DEV_004_2024-12-08 15:00:00,2024-12-08 15:00:00,DEV_004,91,39,41,38
DEV_004_2024-12-08 18:00:00,2024-12-08 18:00:00,DEV_004,30,9,30,87
DEV_004_2024-12-08 21:00:00,2024-12-08 21:00:00,DEV_004,37,42,80,1
DEV_004_2024-12-09 00:00:00,2024-12-09 00:00:00,DEV_004,64,14,25,85
DEV_004_2024-12-09 03:00:00,2024-12-09 03:00:00,DEV_004,80,88,12,97
DEV_004_2024-12-09 06:00:00,2024-12-09 06:00:00,DEV_004,79,93,64,27
DEV_004_2024-12-09 09:00:00,2024-12-09 09:00:00,DEV_004,59,5,60,55
DEV_004_2024-12-09 12:00:00,2024-12-09 12:00:00,DEV_004,99,58,10,40
DEV_004_2024-12-09 15:00:00,2024-12-09 15:00:00,DEV_004,78,19,77,12
DEV_004_2024-12-09 18:00:00,2024-12-09 18:00:00,DEV_004,3,26,87,34
DEV_004_2024-12-09 21:00:00,2024-12-09 21:00:00,DEV_004,64,67,23,77
DEV_004_2024-12-10 00:00:00,2024-12-10 00:00:00,DEV_004,32,45,83,9
DEV_004_2024-12-10 03:00:00,2024-12-10 03:00:00,DEV_004,71,21,49,98
DEV_004_2024-12-10 06:00:00,2024-12-10 06:00:00,DEV_004,71,45,12,88
DEV_004_2024-12-10 09:00:00,2024-12-10 09:00:00,DEV_004,18,9,17,2
DEV_004_2024-12-10 12:00:00,2024-12-10 12:00:00,DEV_004,34,4,8,81
DEV_004_2024-12-10 15:00:00,2024-12-10 15:00:00,DEV_004,17,34,63,62
DEV_004_2024-12-10 18:00:00,2024-12-10 18:00:00,DEV_004,56,75,5,48
DEV_004_2024-12-10 21:00:00,2024-12-10 21:00:00,DEV_004,23,60,14,76
DEV_004_2024-12-11 00:00:00,2024-12-11 00:00:00,DEV_004,79,76,9,3
DEV_004_2024-12-11 03:00:00,2024-12-11 03:00:00,DEV_004,83,58,92,34
DEV_004_2024-12-11 06:00:00,2024-12-11 06:00:00,DEV_004,95,98,26,67
DEV_004_2024-12-11 09:00:00,2024-12-11 09:00:00,DEV_004,27,88,80,86
DEV_004_2024-12-11 12:00:00,2024-12-11 12:00:00,DEV_004,30,87,71,37
DEV_004_2024-12-11 15:00:00,2024-12-11 15:00:00,DEV_004,7,18,90,97
DEV_004_2024-12-11 18:00:00,2024-12-11 18:00:00,DEV_004,44,3,70,12
DEV_004_2024-12-11 21:00:00,2024-12-11 21:00:00,DEV_004,15,73,44,90
DEV_004_2024-12-12 00:00:00,2024-12-12 00:00:00,DEV_004,89,41,88,67
DEV_004_2024-12-12 03:00:00,2024-12-12 03:00:00,DEV_004,64,3,57,38
DEV_004_2024-12-12 06:00:00,2024-12-12 06:00:00,DEV_004,45,75,98,42
DEV_004_2024-12-12 09:00:00,2024-12-12 09:00:00,DEV_004,22,48,21,4
DEV_004_2024-12-12 12:00:00,2024-12-12 12:00:00,DEV_004,20,9,23,12
DEV_004_2024-12-12 15:00:00,2024-12-12 15:00:00,DEV_004,98,70,79,10
DEV_004_2024-12-12 18:00:00,2024-12-12 18:00:00,DEV_004,91,65,53,73
DEV_004_2024-12-12 21:00:00,2024-12-12 21:00:00,DEV_004,81,11,1,53
DEV_004_2024-12-13 00:00:00,2024-12-13 00:00:00,DEV_004,87,71,56,1
DEV_004_2024-12-13 03:00:00,2024-12-13 03:00:00,DEV_004,52,28,60,21
DEV_004_2024-12-13 06:00:00,2024-12-13 06:00:00,DEV_004,97,85,35,66
DEV_004_2024-12-13 09:00:00,2024-12-13 09:00:00,DEV_004,74,59,83,3
DEV_004_2024-12-13 12:00:00,2024-12-13 12:00:00,DEV_004,5,43,32,6
DEV_004_2024-12-13 15:00:00,2024-12-13 15:00:00,DEV_004,74,3,12,38
DEV_004_2024-12-13 18:00:00,2024-12-13 18:00:00,DEV_004,50,96,46,31
DEV_004_2024-12-13 21:00:00,2024-12-13 21:00:00,DEV_004,91,67,46,70
DEV_004_2024-12-14 00:00:00,2024-12-14 00:00:00,DEV_004,33,21,4,50
DEV_004_2024-12-14 03:00:00,2024-12-14 03:00:00,DEV_004,43,58,15,31
DEV_004_2024-12-14 06:00:00,2024-12-14 06:00:00,DEV_004,25,93,97,88
DEV_004_2024-12-14 09:00:00,2024-12-14 09:00:00,DEV_004,46,73,3,3
DEV_004_2024-12-14 12:00:00,2024-12-14 12:00:00,DEV_004,47,79,46,67
DEV_004_2024-12-14 15:00:00,2024-12-14 15:00:00,DEV_004,58,42,41,61
DEV_004_2024-12-14 18:00:00,2024-12-14 18:00:00,DEV_004,28,91,85,90
DEV_004_2024-12-14 21:00:00,2024-12-14 21:00:00,DEV_004,43,90,3,24
DEV_004_2024-12-15 00:00:00,2024-12-15 00:00:00,DEV_004,71,40,76,43
DEV_004_2024-12-15 03:00:00,2024-12-15 03:00:00,DEV_004,68,80,20,71
DEV_004_2024-12-15 06:00:00,2024-12-15 06:00:00,DEV_004,17,9,17,87
DEV_004_2024-12-15 09:00:00,2024-12-15 09:00:00,DEV_004,84,38,62,18
DEV_004_2024-12-15 12:00:00,2024-12-15 12:00:00,DEV_004,73,5,2,45
DEV_004_2024-12-15 15:00:00,2024-12-15 15:00:00,DEV_004,36,67,88,16
DEV_004_2024-12-15 18:00:00,2024-12-15 18:00:00,DEV_004,91,55,72,40
DEV_004_2024-12-15 21:00:00,2024-12-15 21:00:00,DEV_004,69,5,48,79
DEV_004_2024-12-16 00:00:00,2024-12-16 00:00:00,DEV_004,65,47,31,6
DEV_004_2024-12-16 03:00:00,2024-12-16 03:00:00,DEV_004,22,99,26,64
DEV_004_2024-12-16 06:00:00,2024-12-16 06:00:00,DEV_004,94,82,27,62
DEV_004_2024-12-16 09:00:00,2024-12-16 09:00:00,DEV_004,12,42,22,66
DEV_004_2024-12-16 12:00:00,2024-12-16 12:00:00,DEV_004,34,57,42,33
DEV_004_2024-12-16 15:00:00,2024-12-16 15:00:00,DEV_004,76,83,46,80
DEV_004_2024-12-16 18:00:00,2024-12-16 18:00:00,DEV_004,67,82,80,47
DEV_004_2024-12-16 21:00:00,2024-12-16 21:00:00,DEV_004,45,40,98,8
DEV_004_2024-12-17 00:00:00,2024-12-17 00:00:00,DEV_004,40,73,23,88
DEV_004_2024-12-17 03:00:00,2024-12-17 03:00:00,DEV_004,80,62,1,99
DEV_004_2024-12-17 06:00:00,2024-12-17 06:00:00,DEV_004,60,8,56,23
DEV_004_2024-12-17 09:00:00,2024-12-17 09:00:00,DEV_004,83,73,92,41
DEV_004_2024-12-17 12:00:00,2024-12-17 12:00:00,DEV_004,36,94,21,11
DEV_004_2024-12-17 15:00:00,2024-12-17 15:00:00,DEV_004,84,92,83,60
DEV_004_2024-12-17 18:00:00,2024-12-17 18:00:00,DEV_004,14,21,82,68
DEV_004_2024-12-17 21:00:00,2024-12-17 21:00:00,DEV_004,29,65,97,14
DEV_004_2024-12-18 00:00:00,2024-12-18 00:00:00,DEV_004,44,70,40,84
DEV_004_2024-12-18 03:00:00,2024-12-18 03:00:00,DEV_004,86,6,21,49
DEV_004_2024-12-18 06:00:00,2024-12-18 06:00:00,DEV_004,17,97,43,79
DEV_004_2024-12-18 09:00:00,2024-12-18 09:00:00,DEV_004,85,55,54,65
DEV_004_2024-12-18 12:00:00,2024-12-18 12:00:00,DEV_004,93,23,93,58
DEV_004_2024-12-18 15:00:00,2024-12-18 15:00:00,DEV_004,45,9,33,34
DEV_004_2024-12-18 18:00:00,2024-12-18 18:00:00,DEV_004,20,11,83,20
DEV_004_2024-12-18 21:00:00,2024-12-18 21:00:00,DEV_004,21,59,74,18
DEV_004_2024-12-19 00:00:00,2024-12-19 00:00:00,DEV_004,77,73,88,13
DEV_004_2024-12-19 03:00:00,2024-12-19 03:00:00,DEV_004,84,43,15,76
DEV_004_2024-12-19 06:00:00,2024-12-19 06:00:00,DEV_004,49,40,40,93
DEV_004_2024-12-19 09:00:00,2024-12-19 09:00:00,DEV_004,23,72,16,72
DEV_004_2024-12-19 12:00:00,2024-12-19 12:00:00,DEV_004,80,51,22,65
DEV_004_2024-12-19 15:00:00,2024-12-19 15:00:00,DEV_004,37,45,97,49
DEV_004_2024-12-19 18:00:00,2024-12-19 18:00:00,DEV_004,20,76,29,61
DEV_004_2024-12-19 21:00:00,2024-12-19 21:00:00,DEV_004,63,24,29,47
DEV_004_2024-12-20 00:00:00,2024-12-20 00:00:00,DEV_004,37,82,8,10
DEV_004_2024-12-20 03:00:00,2024-12-20 03:00:00,DEV_004,11,2,10,27
DEV_004_2024-12-20 06:00:00,2024-12-20 06:00:00,DEV_004,47,75,82,50
DEV_004_2024-12-20 09:00:00,2024-12-20 09:00:00,DEV_004,15,31,37,96
DEV_004_2024-12-20 12:00:00,2024-12-20 12:00:00,DEV_004,31,81,99,19
DEV_004_2024-12-20 15:00:00,2024-12-20 15:00:00,DEV_004,15,60,1,82
DEV_004_2024-12-20 18:00:00,2024-12-20 18:00:00,DEV_004,32,46,99,63
DEV_004_2024-12-20 21:00:00,2024-12-20 21:00:00,DEV_004,6,29,21,26
DEV_004_2024-12-21 00:00:00,2024-12-21 00:00:00,DEV_004,12,38,56,64
DEV_004_2024-12-21 03:00:00,2024-12-21 03:00:00,DEV_004,27,98,41,59
DEV_004_2024-12-21 06:00:00,2024-12-21 06:00:00,DEV_004,59,55,31,26
DEV_004_2024-12-21 09:00:00,2024-12-21 09:00:00,DEV_004,37,56,83,74
DEV_004_2024-12-21 12:00:00,2024-12-21 12:00:00,DEV_004,66,88,11,82
DEV_004_2024-12-21 15:00:00,2024-12-21 15:00:00,DEV_004,95,93,93,76
DEV_004_2024-12-21 18:00:00,2024-12-21 18:00:00,DEV_004,95,12,79,49
DEV_004_2024-12-21 21:00:00,2024-12-21 21:00:00,DEV_004,55,54,80,38
DEV_004_2024-12-22 00:00:00,2024-12-22 00:00:00,DEV_004,68,34,71,52
DEV_004_2024-12-22 03:00:00,2024-12-22 03:00:00,DEV_004,12,71,65,42
DEV_004_2024-12-22 06:00:00,2024-12-22 06:00:00,DEV_004,40,70,73,8
DEV_004_2024-12-22 09:00:00,2024-12-22 09:00:00,DEV_004,8,71,91,2
DEV_004_2024-12-22 12:00:00,2024-12-22 12:00:00,DEV_004,23,56,22,38
DEV_004_2024-12-22 15:00:00,2024-12-22 15:00:00,DEV_004,22,1,37,71
DEV_004_2024-12-22 18:00:00,2024-12-22 18:00:00,DEV_004,78,99,78,8
DEV_004_2024-12-22 21:00:00,2024-12-22 21:00:00,DEV_004,64,20,77,75
DEV_004_2024-12-23 00:00:00,2024-12-23 00:00:00,DEV_004,34,66,63,57
DEV_004_2024-12-23 03:00:00,2024-12-23 03:00:00,DEV_004,53,50,48,84
DEV_004_2024-12-23 06:00:00,2024-12-23 06:00:00,DEV_004,76,81,62,15
DEV_004_2024-12-23 09:00:00,2024-12-23 09:00:00,DEV_004,46,37,55,50
DEV_004_2024-12-23 12:00:00,2024-12-23 12:00:00,DEV_004,35,48,99,12
DEV_004_2024-12-23 15:00:00,2024-12-23 15:00:00,DEV_004,89,11,44,25
DEV_004_2024-12-23 18:00:00,2024-12-23 18:00:00,DEV_004,76,48,96,82
DEV_004_2024-12-23 21:00:00,2024-12-23 21:00:00,DEV_004,2,40,69,80
DEV_004_2024-12-24 00:00:00,2024-12-24 00:00:00,DEV_004,41,70,91,2
DEV_004_2024-12-24 03:00:00,2024-12-24 03:00:00,DEV_004,10,92,4,44
DEV_004_2024-12-24 06:00:00,2024-12-24 06:00:00,DEV_004,59,46,86,84
DEV_004_2024-12-24 09:00:00,2024-12-24 09:00:00,DEV_004,8,68,49,78
DEV_004_2024-12-24 12:00:00,2024-12-24 12:00:00,DEV_004,18,84,15,85
DEV_004_2024-12-24 15:00:00,2024-12-24 15:00:00,DEV_004,44,57,90,9
DEV_004_2024-12-24 18:00:00,2024-12-24 18:00:00,DEV_004,48,30,29,49
DEV_004_2024-12-24 21:00:00,2024-12-24 21:00:00,DEV_004,2,27,72,85
DEV_004_2024-12-25 00:00:00,2024-12-25 00:00:00,DEV_004,26,58,94,20
DEV_004_2024-12-25 03:00:00,2024-12-25 03:00:00,DEV_004,80,96,75,98
DEV_004_2024-12-25 06:00:00,2024-12-25 06:00:00,DEV_004,35,4,17,91
DEV_004_2024-12-25 09:00:00,2024-12-25 09:00:00,DEV_004,60,83,7,83
DEV_004_2024-12-25 12:00:00,2024-12-25 12:00:00,DEV_004,20,94,77,67
DEV_004_2024-12-25 15:00:00,2024-12-25 15:00:00,DEV_004,49,20,83,36
DEV_004_2024-12-25 18:00:00,2024-12-25 18:00:00,DEV_004,62,1,67,65
DEV_004_2024-12-25 21:00:00,2024-12-25 21:00:00,DEV_004,72,2,39,57
DEV_004_2024-12-26 00:00:00,2024-12-26 00:00:00,DEV_004,64,79,21,23
DEV_004_2024-12-26 03:00:00,2024-12-26 03:00:00,DEV_004,70,49,88,54
DEV_004_2024-12-26 06:00:00,2024-12-26 06:00:00,DEV_004,65,71,28,21
DEV_004_2024-12-26 09:00:00,2024-12-26 09:00:00,DEV_004,53,69,51,5
DEV_004_2024-12-26 12:00:00,2024-12-26 12:00:00,DEV_004,41,46,33,19
DEV_004_2024-12-26 15:00:00,2024-12-26 15:00:00,DEV_004,63,19,64,95
DEV_004_2024-12-26 18:00:00,2024-12-26 18:00:00,DEV_004,88,91,51,58
DEV_004_2024-12-26 21:00:00,2024-12-26 21:00:00,DEV_004,75,64,63,70
DEV_004_2024-12-27 00:00:00,2024-12-27 00:00:00,DEV_004,57,54,32,89
DEV_004_2024-12-27 03:00:00,2024-12-27 03:00:00,DEV_004,75,16,62,68
DEV_004_2024-12-27 06:00:00,2024-12-27 06:00:00,DEV_004,43,2,34,21
DEV_004_2024-12-27 09:00:00,2024-12-27 09:00:00,DEV_004,92,31,65,48
DEV_004_2024-12-27 12:00:00,2024-12-27 12:00:00,DEV_004,26,76,14,96
DEV_004_2024-12-27 15:00:00,2024-12-27 15:00:00,DEV_004,99,36,86,88
DEV_004_2024-12-27 18:00:00,2024-12-27 18:00:00,DEV_004,66,81,87,66
DEV_004_2024-12-27 21:00:00,2024-12-27 21:00:00,DEV_004,39,93,29,84
DEV_004_2024-12-28 00:00:00,2024-12-28 00:00:00,DEV_004,6,2,67,6
DEV_004_2024-12-28 03:00:00,2024-12-28 03:00:00,DEV_004,35,96,16,62
DEV_004_2024-12-28 06:00:00,2024-12-28 06:00:00,DEV_004,36,77,40,75
DEV_004_2024-12-28 09:00:00,2024-12-28 09:00:00,DEV_004,72,11,85,94
DEV_004_2024-12-28 12:00:00,2024-12-28 12:00:00,DEV_004,4,42,17,20
DEV_004_2024-12-28 15:00:00,2024-12-28 15:00:00,DEV_004,38,58,50,57
DEV_004_2024-12-28 18:00:00,2024-12-28 18:00:00,DEV_004,12,62,8,7
DEV_004_2024-12-28 21:00:00,2024-12-28 21:00:00,DEV_004,24,74,75,74
DEV_004_2024-12-29 00:00:00,2024-12-29 00:00:00,DEV_004,3,30,20,75
DEV_004_2024-12-29 03:00:00,2024-12-29 03:00:00,DEV_004,53,56,41,3
DEV_004_2024-12-29 06:00:00,2024-12-29 06:00:00,DEV_004,67,48,21,13
DEV_004_2024-12-29 09:00:00,2024-12-29 09:00:00,DEV_004,10,96,57,59
DEV_004_2024-12-29 12:00:00,2024-12-29 12:00:00,DEV_004,30,35,76,90
DEV_004_2024-12-29 15:00:00,2024-12-29 15:00:00,DEV_004,99,1,73,8
DEV_004_2024-12-29 18:00:00,2024-12-29 18:00:00,DEV_004,8,44,28,23
DEV_004_2024-12-29 21:00:00,2024-12-29 21:00:00,DEV_004,14,40,49,47
DEV_005_2024-09-01 00:00:00,2024-09-01 00:00:00,DEV_005,57,94,1,97
DEV_005_2024-09-01 01:00:00,2024-09-01 01:00:00,DEV_005,61,9,12,18
DEV_005_2024-09-01 02:00:00,2024-09-01 02:00:00,DEV_005,91,1,71,18
DEV_005_2024-09-01 03:00:00,2024-09-01 03:00:00,DEV_005,8,11,30,73
DEV_005_2024-09-01 04:00:00,2024-09-01 04:00:00,DEV_005,43,11,23,6
DEV_005_2024-09-01 05:00:00,2024-09-01 05:00:00,DEV_005,26,94,8,52
DEV_005_2024-09-01 06:00:00,2024-09-01 06:00:00,DEV_005,98,16,27,25
DEV_005_2024-09-01 07:00:00,2024-09-01 07:00:00,DEV_005,14,48,40,25
DEV_005_2024-09-01 08:00:00,2024-09-01 08:00:00,DEV_005,55,14,86,22
DEV_005_2024-09-01 09:00:00,2024-09-01 09:00:00,DEV_005,8,19,28,60
DEV_005_2024-09-01 10:00:00,2024-09-01 10:00:00,DEV_005,93,57,21,89
DEV_005_2024-09-01 11:00:00,2024-09-01 11:00:00,DEV_005,67,27,4,65
DEV_005_2024-09-01 12:00:00,2024-09-01 12:00:00,DEV_005,73,71,36,93
DEV_005_2024-09-01 13:00:00,2024-09-01 13:00:00,DEV_005,29,48,45,38
DEV_005_2024-09-01 14:00:00,2024-09-01 14:00:00,DEV_005,11,91,58,83
DEV_005_2024-09-01 15:00:00,2024-09-01 15:00:00,DEV_005,31,39,29,85
DEV_005_2024-09-01 16:00:00,2024-09-01 16:00:00,DEV_005,27,56,62,10
DEV_005_2024-09-01 17:00:00,2024-09-01 17:00:00,DEV_005,42,57,86,73
DEV_005_2024-09-01 18:00:00,2024-09-01 18:00:00,DEV_005,40,62,34,54
DEV_005_2024-09-01 19:00:00,2024-09-01 19:00:00,DEV_005,80,42,92,53
DEV_005_2024-09-01 20:00:00,2024-09-01 20:00:00,DEV_005,6,79,12,39
DEV_005_2024-09-01 21:00:00,2024-09-01 21:00:00,DEV_005,27,2,21,56
DEV_005_2024-09-01 22:00:00,2024-09-01 22:00:00,DEV_005,89,14,10,87
DEV_005_2024-09-01 23:00:00,2024-09-01 23:00:00,DEV_005,83,41,6,19
DEV_005_2024-09-02 00:00:00,2024-09-02 00:00:00,DEV_005,51,3,19,47
DEV_005_2024-09-02 01:00:00,2024-09-02 01:00:00,DEV_005,15,51,39,87
DEV_005_2024-09-02 02:00:00,2024-09-02 02:00:00,DEV_005,46,84,86,24
DEV_005_2024-09-02 03:00:00,2024-09-02 03:00:00,DEV_005,93,27,71,22
DEV_005_2024-09-02 04:00:00,2024-09-02 04:00:00,DEV_005,38,20,5,11
DEV_005_2024-09-02 05:00:00,2024-09-02 05:00:00,DEV_005,60,59,9,50
DEV_005_2024-09-02 06:00:00,2024-09-02 06:00:00,DEV_005,84,34,80,18
DEV_005_2024-09-02 07:00:00,2024-09-02 07:00:00,DEV_005,33,93,7,32
DEV_005_2024-09-02 08:00:00,2024-09-02 08:00:00,DEV_005,92,71,42,22
DEV_005_2024-09-02 09:00:00,2024-09-02 09:00:00,DEV_005,92,93,80,92
DEV_005_2024-09-02 10:00:00,2024-09-02 10:00:00,DEV_005,39,28,68,73
DEV_005_2024-09-02 11:00:00,2024-09-02 11:00:00,DEV_005,71,9,10,6
DEV_005_2024-09-02 12:00:00,2024-09-02 12:00:00,DEV_005,98,76,38,11
DEV_005_2024-09-02 13:00:00,2024-09-02 13:00:00,DEV_005,94,2,7,32
DEV_005_2024-09-02 14:00:00,2024-09-02 14:00:00,DEV_005,89,61,71,63
DEV_005_2024-09-02 15:00:00,2024-09-02 15:00:00,DEV_005,99,54,37,88
DEV_005_2024-09-02 16:00:00,2024-09-02 16:00:00,DEV_005,30,8,17,78
DEV_005_2024-09-02 17:00:00,2024-09-02 17:00:00,DEV_005,6,14,50,26
DEV_005_2024-09-02 18:00:00,2024-09-02 18:00:00,DEV_005,91,87,41,11
DEV_005_2024-09-02 19:00:00,2024-09-02 19:00:00,DEV_005,14,58,67,69
DEV_005_2024-09-02 20:00:00,2024-09-02 20:00:00,DEV_005,21,99,79,72
DEV_005_2024-09-02 21:00:00,2024-09-02 21:00:00,DEV_005,98,45,64,44
DEV_005_2024-09-02 22:00:00,2024-09-02 22:00:00,DEV_005,81,65,41,31
DEV_005_2024-09-02 23:00:00,2024-09-02 23:00:00,DEV_005,90,15,11,37
DEV_005_2024-09-03 00:00:00,2024-09-03 00:00:00,DEV_005,99,19,16,16
DEV_005_2024-09-03 01:00:00,2024-09-03 01:00:00,DEV_005,19,91,33,38
DEV_005_2024-09-03 02:00:00,2024-09-03 02:00:00,DEV_005,8,12,32,72
DEV_005_2024-09-03 03:00:00,2024-09-03 03:00:00,DEV_005,40,95,70,72
DEV_005_2024-09-03 04:00:00,2024-09-03 04:00:00,DEV_005,18,4,82,99
DEV_005_2024-09-03 05:00:00,2024-09-03 05:00:00,DEV_005,64,48,49,17
DEV_005_2024-09-03 06:00:00,2024-09-03 06:00:00,DEV_005,31,29,7,81
DEV_005_2024-09-03 07:00:00,2024-09-03 07:00:00,DEV_005,88,45,66,13
DEV_005_2024-09-03 08:00:00,2024-09-03 08:00:00,DEV_005,44,10,5,2
DEV_005_2024-09-03 09:00:00,2024-09-03 09:00:00,DEV_005,80,58,60,43
DEV_005_2024-09-03 10:00:00,2024-09-03 10:00:00,DEV_005,51,29,94,73
DEV_005_2024-09-03 11:00:00,2024-09-03 11:00:00,DEV_005,63,47,98,46
DEV_005_2024-09-03 12:00:00,2024-09-03 12:00:00,DEV_005,19,35,98,77
DEV_005_2024-09-03 13:00:00,2024-09-03 13:00:00,DEV_005,87,58,42,35
DEV_005_2024-09-03 14:00:00,2024-09-03 14:00:00,DEV_005,49,51,30,89
DEV_005_2024-09-03 15:00:00,2024-09-03 15:00:00,DEV_005,31,55,48,86
DEV_005_2024-09-03 16:00:00,2024-09-03 16:00:00,DEV_005,31,19,99,26
DEV_005_2024-09-03 17:00:00,2024-09-03 17:00:00,DEV_005,4,46,15,54
DEV_005_2024-09-03 18:00:00,2024-09-03 18:00:00,DEV_005,31,33,71,78
DEV_005_2024-09-03 19:00:00,2024-09-03 19:00:00,DEV_005,95,65,27,40
DEV_005_2024-09-03 20:00:00,2024-09-03 20:00:00,DEV_005,42,49,71,83
DEV_005_2024-09-03 21:00:00,2024-09-03 21:00:00,DEV_005,33,89,44,90
DEV_005_2024-09-03 22:00:00,2024-09-03 22:00:00,DEV_005,29,3,65,52
DEV_005_2024-09-03 23:00:00,2024-09-03 23:00:00,DEV_005,39,48,54,36
DEV_005_2024-09-04 00:00:00,2024-09-04 00:00:00,DEV_005,90,42,57,14
DEV_005_2024-09-04 01:00:00,2024-09-04 01:00:00,DEV_005,8,15,75,29
DEV_005_2024-09-04 02:00:00,2024-09-04 02:00:00,DEV_005,29,7,13,87
DEV_005_2024-09-04 03:00:00,2024-09-04 03:00:00,DEV_005,20,1,11,14
DEV_005_2024-09-04 04:00:00,2024-09-04 04:00:00,DEV_005,98,57,46,69
DEV_005_2024-09-04 05:00:00,2024-09-04 05:00:00,DEV_005,84,73,7,81
DEV_005_2024-09-04 06:00:00,2024-09-04 06:00:00,DEV_005,22,1,48,96
DEV_005_2024-09-04 07:00:00,2024-09-04 07:00:00,DEV_005,48,17,31,16
DEV_005_2024-09-04 08:00:00,2024-09-04 08:00:00,DEV_005,38,84,7,87
DEV_005_2024-09-04 09:00:00,2024-09-04 09:00:00,DEV_005,80,17,48,28
DEV_005_2024-09-04 10:00:00,2024-09-04 10:00:00,DEV_005,99,23,24,50
DEV_005_2024-09-04 11:00:00,2024-09-04 11:00:00,DEV_005,87,90,27,13
DEV_005_2024-09-04 12:00:00,2024-09-04 12:00:00,DEV_005,28,41,48,7
DEV_005_2024-09-04 13:00:00,2024-09-04 13:00:00,DEV_005,60,23,37,78
DEV_005_2024-09-04 14:00:00,2024-09-04 14:00:00,DEV_005,7,67,95,19
DEV_005_2024-09-04 15:00:00,2024-09-04 15:00:00,DEV_005,59,21,96,66
DEV_005_2024-09-04 16:00:00,2024-09-04 16:00:00,DEV_005,12,18,72,26
DEV_005_2024-09-04 17:00:00,2024-09-04 17:00:00,DEV_005,55,94,46,22
DEV_005_2024-09-04 18:00:00,2024-09-04 18:00:00,DEV_005,5,29,97,41
DEV_005_2024-09-04 19:00:00,2024-09-04 19:00:00,DEV_005,74,18,27,34
DEV_005_2024-09-04 20:00:00,2024-09-04 20:00:00,DEV_005,14,72,61,17
DEV_005_2024-09-04 21:00:00,2024-09-04 21:00:00,DEV_005,45,92,27,94
DEV_005_2024-09-04 22:00:00,2024-09-04 22:00:00,DEV_005,66,5,57,25
DEV_005_2024-09-04 23:00:00,2024-09-04 23:00:00,DEV_005,71,57,37,74
DEV_005_2024-09-05 00:00:00,2024-09-05 00:00:00,DEV_005,84,86,72,85
DEV_005_2024-09-05 01:00:00,2024-09-05 01:00:00,DEV_005,97,69,27,25
DEV_005_2024-09-05 02:00:00,2024-09-05 02:00:00,DEV_005,49,52,91,23
DEV_005_2024-09-05 03:00:00,2024-09-05 03:00:00,DEV_005,8,29,89,74
DEV_005_2024-09-05 04:00:00,2024-09-05 04:00:00,DEV_005,61,11,52,54
DEV_005_2024-09-05 05:00:00,2024-09-05 05:00:00,DEV_005,61,11,4,17
DEV_005_2024-09-05 06:00:00,2024-09-05 06:00:00,DEV_005,31,5,94,89
DEV_005_2024-09-05 07:00:00,2024-09-05 07:00:00,DEV_005,70,3,56,28
DEV_005_2024-09-05 08:00:00,2024-09-05 08:00:00,DEV_005,13,33,35,15
DEV_005_2024-09-05 09:00:00,2024-09-05 09:00:00,DEV_005,95,37,19,73
DEV_005_2024-09-05 10:00:00,2024-09-05 10:00:00,DEV_005,73,61,99,97
DEV_005_2024-09-05 11:00:00,2024-09-05 11:00:00,DEV_005,69,83,33,17
DEV_005_2024-09-05 12:00:00,2024-09-05 12:00:00,DEV_005,9,1,73,22
DEV_005_2024-09-05 13:00:00,2024-09-05 13:00:00,DEV_005,28,32,93,84
DEV_005_2024-09-05 14:00:00,2024-09-05 14:00:00,DEV_005,49,99,64,49
DEV_005_2024-09-05 15:00:00,2024-09-05 15:00:00,DEV_005,60,27,83,56
DEV_005_2024-09-05 16:00:00,2024-09-05 16:00:00,DEV_005,86,1,78,71
DEV_005_2024-09-05 17:00:00,2024-09-05 17:00:00,DEV_005,74,51,39,50
DEV_005_2024-09-05 18:00:00,2024-09-05 18:00:00,DEV_005,70,54,92,56
DEV_005_2024-09-05 19:00:00,2024-09-05 19:00:00,DEV_005,32,27,47,50
DEV_005_2024-09-05 20:00:00,2024-09-05 20:00:00,DEV_005,48,86,71,6
DEV_005_2024-09-05 21:00:00,2024-09-05 21:00:00,DEV_005,31,45,77,2
DEV_005_2024-09-05 22:00:00,2024-09-05 22:00:00,DEV_005,68,39,67,99
DEV_005_2024-09-05 23:00:00,2024-09-05 23:00:00,DEV_005,94,89,55,64
DEV_005_2024-09-06 00:00:00,2024-09-06 00:00:00,DEV_005,49,73,67,66
DEV_005_2024-09-06 01:00:00,2024-09-06 01:00:00,DEV_005,60,36,84,47
DEV_005_2024-09-06 02:00:00,2024-09-06 02:00:00,DEV_005,93,10,17,93
DEV_005_2024-09-06 03:00:00,2024-09-06 03:00:00,DEV_005,61,30,13,75
DEV_005_2024-09-06 04:00:00,2024-09-06 04:00:00,DEV_005,69,19,55,7
DEV_005_2024-09-06 05:00:00,2024-09-06 05:00:00,DEV_005,93,22,47,23
DEV_005_2024-09-06 06:00:00,2024-09-06 06:00:00,DEV_005,83,40,84,82
DEV_005_2024-09-06 07:00:00,2024-09-06 07:00:00,DEV_005,95,8,32,79
DEV_005_2024-09-06 08:00:00,2024-09-06 08:00:00,DEV_005,15,62,90,14
DEV_005_2024-09-06 09:00:00,2024-09-06 09:00:00,DEV_005,72,81,70,32
DEV_005_2024-09-06 10:00:00,2024-09-06 10:00:00,DEV_005,36,98,14,45
DEV_005_2024-09-06 11:00:00,2024-09-06 11:00:00,DEV_005,35,91,81,3
DEV_005_2024-09-06 12:00:00,2024-09-06 12:00:00,DEV_005,92,12,30,65
DEV_005_2024-09-06 13:00:00,2024-09-06 13:00:00,DEV_005,15,47,21,64
DEV_005_2024-09-06 14:00:00,2024-09-06 14:00:00,DEV_005,8,25,21,58
DEV_005_2024-09-06 15:00:00,2024-09-06 15:00:00,DEV_005,24,34,37,98
DEV_005_2024-09-06 16:00:00,2024-09-06 16:00:00,DEV_005,82,47,33,65
DEV_005_2024-09-06 17:00:00,2024-09-06 17:00:00,DEV_005,75,72,97,24
DEV_005_2024-09-06 18:00:00,2024-09-06 18:00:00,DEV_005,77,54,59,16
DEV_005_2024-09-06 19:00:00,2024-09-06 19:00:00,DEV_005,11,15,77,33
DEV_005_2024-09-06 20:00:00,2024-09-06 20:00:00,DEV_005,62,81,4,88
DEV_005_2024-09-06 21:00:00,2024-09-06 21:00:00,DEV_005,29,63,4,15
DEV_005_2024-09-06 22:00:00,2024-09-06 22:00:00,DEV_005,23,16,82,19
DEV_005_2024-09-06 23:00:00,2024-09-06 23:00:00,DEV_005,43,88,1,37
DEV_005_2024-09-07 00:00:00,2024-09-07 00:00:00,DEV_005,46,71,45,38
DEV_005_2024-09-07 01:00:00,2024-09-07 01:00:00,DEV_005,63,61,89,8
DEV_005_2024-09-07 02:00:00,2024-09-07 02:00:00,DEV_005,78,86,98,53
DEV_005_2024-09-07 03:00:00,2024-09-07 03:00:00,DEV_005,89,74,26,26
DEV_005_2024-09-07 04:00:00,2024-09-07 04:00:00,DEV_005,86,29,67,26
DEV_005_2024-09-07 05:00:00,2024-09-07 05:00:00,DEV_005,65,21,90,33
DEV_005_2024-09-07 06:00:00,2024-09-07 06:00:00,DEV_005,8,22,96,39
DEV_005_2024-09-07 07:00:00,2024-09-07 07:00:00,DEV_005,80,88,25,83
DEV_005_2024-09-07 08:00:00,2024-09-07 08:00:00,DEV_005,83,84,99,41
DEV_005_2024-09-07 09:00:00,2024-09-07 09:00:00,DEV_005,90,9,60,34
DEV_005_2024-09-07 10:00:00,2024-09-07 10:00:00,DEV_005,23,38,21,37
DEV_005_2024-09-07 11:00:00,2024-09-07 11:00:00,DEV_005,26,86,49,27
DEV_005_2024-09-07 12:00:00,2024-09-07 12:00:00,DEV_005,44,53,61,65
DEV_005_2024-09-07 13:00:00,2024-09-07 13:00:00,DEV_005,25,29,53,1
DEV_005_2024-09-07 14:00:00,2024-09-07 14:00:00,DEV_005,49,73,58,57
DEV_005_2024-09-07 15:00:00,2024-09-07 15:00:00,DEV_005,63,64,18,29
DEV_005_2024-09-07 16:00:00,2024-09-07 16:00:00,DEV_005,12,83,78,13
DEV_005_2024-09-07 17:00:00,2024-09-07 17:00:00,DEV_005,80,53,69,32
DEV_005_2024-09-07 18:00:00,2024-09-07 18:00:00,DEV_005,52,1,81,32
DEV_005_2024-09-07 19:00:00,2024-09-07 19:00:00,DEV_005,44,67,99,82
DEV_005_2024-09-07 20:00:00,2024-09-07 20:00:00,DEV_005,14,60,4,64
DEV_005_2024-09-07 21:00:00,2024-09-07 21:00:00,DEV_005,18,19,63,62
DEV_005_2024-09-07 22:00:00,2024-09-07 22:00:00,DEV_005,81,5,60,8
DEV_005_2024-09-07 23:00:00,2024-09-07 23:00:00,DEV_005,91,39,38,65
DEV_005_2024-09-08 00:00:00,2024-09-08 00:00:00,DEV_005,30,74,8,1
DEV_005_2024-09-08 01:00:00,2024-09-08 01:00:00,DEV_005,39,66,39,30
DEV_005_2024-09-08 02:00:00,2024-09-08 02:00:00,DEV_005,56,40,17,30
DEV_005_2024-09-08 03:00:00,2024-09-08 03:00:00,DEV_005,61,49,68,82
DEV_005_2024-09-08 04:00:00,2024-09-08 04:00:00,DEV_005,1,83,65,32
DEV_005_2024-09-08 05:00:00,2024-09-08 05:00:00,DEV_005,82,61,78,95
DEV_005_2024-09-08 06:00:00,2024-09-08 06:00:00,DEV_005,45,88,18,87
DEV_005_2024-09-08 07:00:00,2024-09-08 07:00:00,DEV_005,57,97,90,98
DEV_005_2024-09-08 08:00:00,2024-09-08 08:00:00,DEV_005,31,99,77,5
DEV_005_2024-09-08 09:00:00,2024-09-08 09:00:00,DEV_005,66,46,61,59
DEV_005_2024-09-08 10:00:00,2024-09-08 10:00:00,DEV_005,26,66,31,14
DEV_005_2024-09-08 11:00:00,2024-09-08 11:00:00,DEV_005,37,73,72,96
DEV_005_2024-09-08 12:00:00,2024-09-08 12:00:00,DEV_005,82,32,25,89
DEV_005_2024-09-08 13:00:00,2024-09-08 13:00:00,DEV_005,62,21,43,76
DEV_005_2024-09-08 14:00:00,2024-09-08 14:00:00,DEV_005,28,22,29,50
DEV_005_2024-09-08 15:00:00,2024-09-08 15:00:00,DEV_005,36,13,76,77
DEV_005_2024-09-08 16:00:00,2024-09-08 16:00:00,DEV_005,17,57,23,69
DEV_005_2024-09-08 17:00:00,2024-09-08 17:00:00,DEV_005,91,39,44,39
DEV_005_2024-09-08 18:00:00,2024-09-08 18:00:00,DEV_005,2,56,99,14
DEV_005_2024-09-08 19:00:00,2024-09-08 19:00:00,DEV_005,34,46,36,25
DEV_005_2024-09-08 20:00:00,2024-09-08 20:00:00,DEV_005,61,54,20,94
DEV_005_2024-09-08 21:00:00,2024-09-08 21:00:00,DEV_005,19,86,37,61
DEV_005_2024-09-08 22:00:00,2024-09-08 22:00:00,DEV_005,27,84,56,92
DEV_005_2024-09-08 23:00:00,2024-09-08 23:00:00,DEV_005,80,52,3,92
DEV_005_2024-09-09 00:00:00,2024-09-09 00:00:00,DEV_005,21,47,76,77
DEV_005_2024-09-09 01:00:00,2024-09-09 01:00:00,DEV_005,79,72,23,30
DEV_005_2024-09-09 02:00:00,2024-09-09 02:00:00,DEV_005,38,23,60,58
DEV_005_2024-09-09 03:00:00,2024-09-09 03:00:00,DEV_005,53,14,58,98
DEV_005_2024-09-09 04:00:00,2024-09-09 04:00:00,DEV_005,65,13,92,9
DEV_005_2024-09-09 05:00:00,2024-09-09 05:00:00,DEV_005,47,93,63,91
DEV_005_2024-09-09 06:00:00,2024-09-09 06:00:00,DEV_005,72,30,8,21
DEV_005_2024-09-09 07:00:00,2024-09-09 07:00:00,DEV_005,20,14,86,50
DEV_005_2024-09-09 08:00:00,2024-09-09 08:00:00,DEV_005,30,86,58,54
DEV_005_2024-09-09 09:00:00,2024-09-09 09:00:00,DEV_005,97,15,18,38
DEV_005_2024-09-09 10:00:00,2024-09-09 10:00:00,DEV_005,63,10,86,23
DEV_005_2024-09-09 11:00:00,2024-09-09 11:00:00,DEV_005,80,86,37,81
DEV_005_2024-09-09 12:00:00,2024-09-09 12:00:00,DEV_005,9,16,24,18
DEV_005_2024-09-09 13:00:00,2024-09-09 13:00:00,DEV_005,82,39,34,52
DEV_005_2024-09-09 14:00:00,2024-09-09 14:00:00,DEV_005,10,27,75,54
DEV_005_2024-09-09 15:00:00,2024-09-09 15:00:00,DEV_005,13,27,19,71
DEV_005_2024-09-09 16:00:00,2024-09-09 16:00:00,DEV_005,93,38,58,64
DEV_005_2024-09-09 17:00:00,2024-09-09 17:00:00,DEV_005,6,13,47,65
DEV_005_2024-09-09 18:00:00,2024-09-09 18:00:00,DEV_005,92,98,27,93
DEV_005_2024-09-09 19:00:00,2024-09-09 19:00:00,DEV_005,64,86,17,11
DEV_005_2024-09-09 20:00:00,2024-09-09 20:00:00,DEV_005,92,52,86,86
DEV_005_2024-09-09 21:00:00,2024-09-09 21:00:00,DEV_005,57,2,22,90
DEV_005_2024-09-09 22:00:00,2024-09-09 22:00:00,DEV_005,13,22,8,21
DEV_005_2024-09-09 23:00:00,2024-09-09 23:00:00,DEV_005,13,44,71,44
DEV_005_2024-09-10 00:00:00,2024-09-10 00:00:00,DEV_005,53,98,43,67
DEV_005_2024-09-10 01:00:00,2024-09-10 01:00:00,DEV_005,36,53,90,97
DEV_005_2024-09-10 02:00:00,2024-09-10 02:00:00,DEV_005,94,88,93,88
DEV_005_2024-09-10 03:00:00,2024-09-10 03:00:00,DEV_005,42,11,94,26
DEV_005_2024-09-10 04:00:00,2024-09-10 04:00:00,DEV_005,25,4,29,9
DEV_005_2024-09-10 05:00:00,2024-09-10 05:00:00,DEV_005,54,79,20,10
DEV_005_2024-09-10 06:00:00,2024-09-10 06:00:00,DEV_005,90,81,42,14
DEV_005_2024-09-10 07:00:00,2024-09-10 07:00:00,DEV_005,61,9,19,66
DEV_005_2024-09-10 08:00:00,2024-09-10 08:00:00,DEV_005,56,40,63,68
DEV_005_2024-09-10 09:00:00,2024-09-10 09:00:00,DEV_005,59,94,70,13
DEV_005_2024-09-10 10:00:00,2024-09-10 10:00:00,DEV_005,28,54,6,21
DEV_005_2024-09-10 11:00:00,2024-09-10 11:00:00,DEV_005,50,46,41,13
DEV_005_2024-09-10 12:00:00,2024-09-10 12:00:00,DEV_005,30,35,77,27
DEV_005_2024-09-10 13:00:00,2024-09-10 13:00:00,DEV_005,48,68,29,75
DEV_005_2024-09-10 14:00:00,2024-09-10 14:00:00,DEV_005,79,54,69,49
DEV_005_2024-09-10 15:00:00,2024-09-10 15:00:00,DEV_005,52,61,86,68
DEV_005_2024-09-10 16:00:00,2024-09-10 16:00:00,DEV_005,26,22,99,15
DEV_005_2024-09-10 17:00:00,2024-09-10 17:00:00,DEV_005,68,50,60,54
DEV_005_2024-09-10 18:00:00,2024-09-10 18:00:00,DEV_005,13,3,66,36
DEV_005_2024-09-10 19:00:00,2024-09-10 19:00:00,DEV_005,65,4,2,93
DEV_005_2024-09-10 20:00:00,2024-09-10 20:00:00,DEV_005,88,44,61,2
DEV_005_2024-09-10 21:00:00,2024-09-10 21:00:00,DEV_005,85,58,81,30
DEV_005_2024-09-10 22:00:00,2024-09-10 22:00:00,DEV_005,85,36,71,10
DEV_005_2024-09-10 23:00:00,2024-09-10 23:00:00,DEV_005,35,27,79,35
DEV_005_2024-09-11 00:00:00,2024-09-11 00:00:00,DEV_005,88,75,80,61
DEV_005_2024-09-11 01:00:00,2024-09-11 01:00:00,DEV_005,54,79,3,24
DEV_005_2024-09-11 02:00:00,2024-09-11 02:00:00,DEV_005,52,10,96,4
DEV_005_2024-09-11 03:00:00,2024-09-11 03:00:00,DEV_005,72,68,97,24
DEV_005_2024-09-11 04:00:00,2024-09-11 04:00:00,DEV_005,71,35,1,84
DEV_005_2024-09-11 05:00:00,2024-09-11 05:00:00,DEV_005,96,73,38,68
DEV_005_2024-09-11 06:00:00,2024-09-11 06:00:00,DEV_005,24,81,94,18
DEV_005_2024-09-11 07:00:00,2024-09-11 07:00:00,DEV_005,20,31,50,75
DEV_005_2024-09-11 08:00:00,2024-09-11 08:00:00,DEV_005,95,39,33,91
DEV_005_2024-09-11 09:00:00,2024-09-11 09:00:00,DEV_005,79,21,46,88
DEV_005_2024-09-11 10:00:00,2024-09-11 10:00:00,DEV_005,52,15,17,17
DEV_005_2024-09-11 11:00:00,2024-09-11 11:00:00,DEV_005,20,57,71,58
DEV_005_2024-09-11 12:00:00,2024-09-11 12:00:00,DEV_005,49,96,8,6
DEV_005_2024-09-11 13:00:00,2024-09-11 13:00:00,DEV_005,17,62,43,69
DEV_005_2024-09-11 14:00:00,2024-09-11 14:00:00,DEV_005,12,52,50,57
DEV_005_2024-09-11 15:00:00,2024-09-11 15:00:00,DEV_005,70,47,51,26
DEV_005_2024-09-11 16:00:00,2024-09-11 16:00:00,DEV_005,1,94,35,28
DEV_005_2024-09-11 17:00:00,2024-09-11 17:00:00,DEV_005,61,35,26,38
DEV_005_2024-09-11 18:00:00,2024-09-11 18:00:00,DEV_005,94,23,50,82
DEV_005_2024-09-11 19:00:00,2024-09-11 19:00:00,DEV_005,8,67,41,83
DEV_005_2024-09-11 20:00:00,2024-09-11 20:00:00,DEV_005,46,49,81,18
DEV_005_2024-09-11 21:00:00,2024-09-11 21:00:00,DEV_005,27,3,37,12
DEV_005_2024-09-11 22:00:00,2024-09-11 22:00:00,DEV_005,68,39,30,23
DEV_005_2024-09-11 23:00:00,2024-09-11 23:00:00,DEV_005,14,93,82,60
DEV_005_2024-09-12 00:00:00,2024-09-12 00:00:00,DEV_005,89,92,89,68
DEV_005_2024-09-12 01:00:00,2024-09-12 01:00:00,DEV_005,65,44,69,57
DEV_005_2024-09-12 02:00:00,2024-09-12 02:00:00,DEV_005,5,37,38,88
DEV_005_2024-09-12 03:00:00,2024-09-12 03:00:00,DEV_005,11,59,71,46
DEV_005_2024-09-12 04:00:00,2024-09-12 04:00:00,DEV_005,73,66,34,18
DEV_005_2024-09-12 05:00:00,2024-09-12 05:00:00,DEV_005,87,31,53,85
DEV_005_2024-09-12 06:00:00,2024-09-12 06:00:00,DEV_005,79,72,54,29
DEV_005_2024-09-12 07:00:00,2024-09-12 07:00:00,DEV_005,55,64,90,24
DEV_005_2024-09-12 08:00:00,2024-09-12 08:00:00,DEV_005,96,26,41,29
DEV_005_2024-09-12 09:00:00,2024-09-12 09:00:00,DEV_005,92,8,28,94
DEV_005_2024-09-12 10:00:00,2024-09-12 10:00:00,DEV_005,52,67,74,59
DEV_005_2024-09-12 11:00:00,2024-09-12 11:00:00,DEV_005,82,87,73,13
DEV_005_2024-09-12 12:00:00,2024-09-12 12:00:00,DEV_005,27,98,84,85
DEV_005_2024-09-12 13:00:00,2024-09-12 13:00:00,DEV_005,20,49,40,55
DEV_005_2024-09-12 14:00:00,2024-09-12 14:00:00,DEV_005,24,55,60,80
DEV_005_2024-09-12 15:00:00,2024-09-12 15:00:00,DEV_005,45,22,98,32
DEV_005_2024-09-12 16:00:00,2024-09-12 16:00:00,DEV_005,14,15,57,95
DEV_005_2024-09-12 17:00:00,2024-09-12 17:00:00,DEV_005,69,48,18,11
DEV_005_2024-09-12 18:00:00,2024-09-12 18:00:00,DEV_005,52,9,21,40
DEV_005_2024-09-12 19:00:00,2024-09-12 19:00:00,DEV_005,86,6,49,84
DEV_005_2024-09-12 20:00:00,2024-09-12 20:00:00,DEV_005,37,3,72,28
DEV_005_2024-09-12 21:00:00,2024-09-12 21:00:00,DEV_005,33,9,15,21
DEV_005_2024-09-12 22:00:00,2024-09-12 22:00:00,DEV_005,64,78,50,59
DEV_005_2024-09-12 23:00:00,2024-09-12 23:00:00,DEV_005,27,71,80,10
DEV_005_2024-09-13 00:00:00,2024-09-13 00:00:00,DEV_005,69,57,13,60
DEV_005_2024-09-13 01:00:00,2024-09-13 01:00:00,DEV_005,23,95,50,7
DEV_005_2024-09-13 02:00:00,2024-09-13 02:00:00,DEV_005,66,5,96,72
DEV_005_2024-09-13 03:00:00,2024-09-13 03:00:00,DEV_005,2,31,41,69
DEV_005_2024-09-13 04:00:00,2024-09-13 04:00:00,DEV_005,7,4,64,59
DEV_005_2024-09-13 05:00:00,2024-09-13 05:00:00,DEV_005,86,71,18,96
DEV_005_2024-09-13 06:00:00,2024-09-13 06:00:00,DEV_005,68,80,90,75
DEV_005_2024-09-13 07:00:00,2024-09-13 07:00:00,DEV_005,71,22,70,4
DEV_005_2024-09-13 08:00:00,2024-09-13 08:00:00,DEV_005,71,56,86,51
DEV_005_2024-09-13 09:00:00,2024-09-13 09:00:00,DEV_005,77,39,20,4
DEV_005_2024-09-13 10:00:00,2024-09-13 10:00:00,DEV_005,86,21,30,99
DEV_005_2024-09-13 11:00:00,2024-09-13 11:00:00,DEV_005,32,85,99,15
DEV_005_2024-09-13 12:00:00,2024-09-13 12:00:00,DEV_005,14,89,12,18
DEV_005_2024-09-13 13:00:00,2024-09-13 13:00:00,DEV_005,79,16,95,13
DEV_005_2024-09-13 14:00:00,2024-09-13 14:00:00,DEV_005,66,18,35,83
DEV_005_2024-09-13 15:00:00,2024-09-13 15:00:00,DEV_005,32,95,42,81
DEV_005_2024-09-13 16:00:00,2024-09-13 16:00:00,DEV_005,91,81,60,42
DEV_005_2024-09-13 17:00:00,2024-09-13 17:00:00,DEV_005,66,79,10,86
DEV_005_2024-09-13 18:00:00,2024-09-13 18:00:00,DEV_005,99,90,80,29
DEV_005_2024-09-13 19:00:00,2024-09-13 19:00:00,DEV_005,54,95,17,4
DEV_005_2024-09-13 20:00:00,2024-09-13 20:00:00,DEV_005,23,24,41,26
DEV_005_2024-09-13 21:00:00,2024-09-13 21:00:00,DEV_005,99,99,79,44
DEV_005_2024-09-13 22:00:00,2024-09-13 22:00:00,DEV_005,52,39,74,80
DEV_005_2024-09-13 23:00:00,2024-09-13 23:00:00,DEV_005,95,85,16,92
DEV_005_2024-09-14 00:00:00,2024-09-14 00:00:00,DEV_005,59,53,19,1
DEV_005_2024-09-14 01:00:00,2024-09-14 01:00:00,DEV_005,15,21,3,96
DEV_005_2024-09-14 02:00:00,2024-09-14 02:00:00,DEV_005,88,53,87,72
DEV_005_2024-09-14 03:00:00,2024-09-14 03:00:00,DEV_005,80,47,25,65
DEV_005_2024-09-14 04:00:00,2024-09-14 04:00:00,DEV_005,54,41,94,25
DEV_005_2024-09-14 05:00:00,2024-09-14 05:00:00,DEV_005,92,97,9,66
DEV_005_2024-09-14 06:00:00,2024-09-14 06:00:00,DEV_005,56,32,4,33
DEV_005_2024-09-14 07:00:00,2024-09-14 07:00:00,DEV_005,27,31,31,77
DEV_005_2024-09-14 08:00:00,2024-09-14 08:00:00,DEV_005,92,10,4,37
DEV_005_2024-09-14 09:00:00,2024-09-14 09:00:00,DEV_005,97,56,94,15
DEV_005_2024-09-14 10:00:00,2024-09-14 10:00:00,DEV_005,13,64,29,16
DEV_005_2024-09-14 11:00:00,2024-09-14 11:00:00,DEV_005,19,57,71,60
DEV_005_2024-09-14 12:00:00,2024-09-14 12:00:00,DEV_005,53,58,63,19
DEV_005_2024-09-14 13:00:00,2024-09-14 13:00:00,DEV_005,39,3,36,12
DEV_005_2024-09-14 14:00:00,2024-09-14 14:00:00,DEV_005,2,77,65,36
DEV_005_2024-09-14 15:00:00,2024-09-14 15:00:00,DEV_005,36,49,39,41
DEV_005_2024-09-14 16:00:00,2024-09-14 16:00:00,DEV_005,41,32,94,42
DEV_005_2024-09-14 17:00:00,2024-09-14 17:00:00,DEV_005,19,44,15,33
DEV_005_2024-09-14 18:00:00,2024-09-14 18:00:00,DEV_005,64,45,76,56
DEV_005_2024-09-14 19:00:00,2024-09-14 19:00:00,DEV_005,74,31,6,62
DEV_005_2024-09-14 20:00:00,2024-09-14 20:00:00,DEV_005,36,50,39,13
DEV_005_2024-09-14 21:00:00,2024-09-14 21:00:00,DEV_005,66,23,80,32
DEV_005_2024-09-14 22:00:00,2024-09-14 22:00:00,DEV_005,55,34,50,20
DEV_005_2024-09-14 23:00:00,2024-09-14 23:00:00,DEV_005,5,47,75,38
DEV_005_2024-09-15 00:00:00,2024-09-15 00:00:00,DEV_005,8,85,90,87
DEV_005_2024-09-15 01:00:00,2024-09-15 01:00:00,DEV_005,7,1,19,13
DEV_005_2024-09-15 02:00:00,2024-09-15 02:00:00,DEV_005,38,76,73,44
DEV_005_2024-09-15 03:00:00,2024-09-15 03:00:00,DEV_005,98,53,52,24
DEV_005_2024-09-15 04:00:00,2024-09-15 04:00:00,DEV_005,83,70,82,42
DEV_005_2024-09-15 05:00:00,2024-09-15 05:00:00,DEV_005,60,24,81,55
DEV_005_2024-09-15 06:00:00,2024-09-15 06:00:00,DEV_005,29,3,16,80
DEV_005_2024-09-15 07:00:00,2024-09-15 07:00:00,DEV_005,69,72,50,43
DEV_005_2024-09-15 08:00:00,2024-09-15 08:00:00,DEV_005,97,22,68,92
DEV_005_2024-09-15 09:00:00,2024-09-15 09:00:00,DEV_005,65,2,38,80
DEV_005_2024-09-15 10:00:00,2024-09-15 10:00:00,DEV_005,46,7,29,80
DEV_005_2024-09-15 11:00:00,2024-09-15 11:00:00,DEV_005,2,45,79,65
DEV_005_2024-09-15 12:00:00,2024-09-15 12:00:00,DEV_005,61,47,84,6
DEV_005_2024-09-15 13:00:00,2024-09-15 13:00:00,DEV_005,84,13,20,70
DEV_005_2024-09-15 14:00:00,2024-09-15 14:00:00,DEV_005,59,52,41,40
DEV_005_2024-09-15 15:00:00,2024-09-15 15:00:00,DEV_005,34,81,6,39
DEV_005_2024-09-15 16:00:00,2024-09-15 16:00:00,DEV_005,27,42,55,68
DEV_005_2024-09-15 17:00:00,2024-09-15 17:00:00,DEV_005,95,29,33,53
DEV_005_2024-09-15 18:00:00,2024-09-15 18:00:00,DEV_005,54,37,9,83
DEV_005_2024-09-15 19:00:00,2024-09-15 19:00:00,DEV_005,56,46,20,63
DEV_005_2024-09-15 20:00:00,2024-09-15 20:00:00,DEV_005,65,71,25,28
DEV_005_2024-09-15 21:00:00,2024-09-15 21:00:00,DEV_005,80,57,99,31
DEV_005_2024-09-15 22:00:00,2024-09-15 22:00:00,DEV_005,16,70,19,25
DEV_005_2024-09-15 23:00:00,2024-09-15 23:00:00,DEV_005,11,63,20,25
DEV_005_2024-09-16 00:00:00,2024-09-16 00:00:00,DEV_005,19,33,12,52
DEV_005_2024-09-16 01:00:00,2024-09-16 01:00:00,DEV_005,78,90,80,41
DEV_005_2024-09-16 02:00:00,2024-09-16 02:00:00,DEV_005,13,80,96,79
DEV_005_2024-09-16 03:00:00,2024-09-16 03:00:00,DEV_005,69,52,66,14
DEV_005_2024-09-16 04:00:00,2024-09-16 04:00:00,DEV_005,91,23,81,27
DEV_005_2024-09-16 05:00:00,2024-09-16 05:00:00,DEV_005,59,69,23,57
DEV_005_2024-09-16 06:00:00,2024-09-16 06:00:00,DEV_005,83,30,2,38
DEV_005_2024-09-16 07:00:00,2024-09-16 07:00:00,DEV_005,70,26,55,52
DEV_005_2024-09-16 08:00:00,2024-09-16 08:00:00,DEV_005,5,60,74,42
DEV_005_2024-09-16 09:00:00,2024-09-16 09:00:00,DEV_005,64,82,82,25
DEV_005_2024-09-16 10:00:00,2024-09-16 10:00:00,DEV_005,4,12,61,51
DEV_005_2024-09-16 11:00:00,2024-09-16 11:00:00,DEV_005,96,49,91,61
DEV_005_2024-09-16 12:00:00,2024-09-16 12:00:00,DEV_005,48,10,27,67
DEV_005_2024-09-16 13:00:00,2024-09-16 13:00:00,DEV_005,80,24,80,69
DEV_005_2024-09-16 14:00:00,2024-09-16 14:00:00,DEV_005,20,11,49,18
DEV_005_2024-09-16 15:00:00,2024-09-16 15:00:00,DEV_005,97,54,67,64
DEV_005_2024-09-16 16:00:00,2024-09-16 16:00:00,DEV_005,84,77,20,20
DEV_005_2024-09-16 17:00:00,2024-09-16 17:00:00,DEV_005,30,36,66,18
DEV_005_2024-09-16 18:00:00,2024-09-16 18:00:00,DEV_005,66,17,84,54
DEV_005_2024-09-16 19:00:00,2024-09-16 19:00:00,DEV_005,49,64,93,15
DEV_005_2024-09-16 20:00:00,2024-09-16 20:00:00,DEV_005,18,35,15,10
DEV_005_2024-09-16 21:00:00,2024-09-16 21:00:00,DEV_005,29,11,36,24
DEV_005_2024-09-16 22:00:00,2024-09-16 22:00:00,DEV_005,77,94,57,41
DEV_005_2024-09-16 23:00:00,2024-09-16 23:00:00,DEV_005,63,88,86,95
DEV_005_2024-09-17 00:00:00,2024-09-17 00:00:00,DEV_005,72,18,8,61
DEV_005_2024-09-17 01:00:00,2024-09-17 01:00:00,DEV_005,49,37,62,54
DEV_005_2024-09-17 02:00:00,2024-09-17 02:00:00,DEV_005,48,97,46,53
DEV_005_2024-09-17 03:00:00,2024-09-17 03:00:00,DEV_005,69,28,87,8
DEV_005_2024-09-17 04:00:00,2024-09-17 04:00:00,DEV_005,60,63,3,16
DEV_005_2024-09-17 05:00:00,2024-09-17 05:00:00,DEV_005,10,24,81,1
DEV_005_2024-09-17 06:00:00,2024-09-17 06:00:00,DEV_005,91,48,21,8
DEV_005_2024-09-17 07:00:00,2024-09-17 07:00:00,DEV_005,37,63,83,51
DEV_005_2024-09-17 08:00:00,2024-09-17 08:00:00,DEV_005,24,48,1,92
DEV_005_2024-09-17 09:00:00,2024-09-17 09:00:00,DEV_005,70,38,92,94
DEV_005_2024-09-17 10:00:00,2024-09-17 10:00:00,DEV_005,49,19,22,40
DEV_005_2024-09-17 11:00:00,2024-09-17 11:00:00,DEV_005,66,46,1,24
DEV_005_2024-09-17 12:00:00,2024-09-17 12:00:00,DEV_005,34,28,24,68
DEV_005_2024-09-17 13:00:00,2024-09-17 13:00:00,DEV_005,48,59,57,92
DEV_005_2024-09-17 14:00:00,2024-09-17 14:00:00,DEV_005,58,41,64,78
DEV_005_2024-09-17 15:00:00,2024-09-17 15:00:00,DEV_005,87,29,10,33
DEV_005_2024-09-17 16:00:00,2024-09-17 16:00:00,DEV_005,37,23,46,46
DEV_005_2024-09-17 17:00:00,2024-09-17 17:00:00,DEV_005,61,50,5,21
DEV_005_2024-09-17 18:00:00,2024-09-17 18:00:00,DEV_005,79,94,55,76
DEV_005_2024-09-17 19:00:00,2024-09-17 19:00:00,DEV_005,19,58,43,21
DEV_005_2024-09-17 20:00:00,2024-09-17 20:00:00,DEV_005,20,11,15,83
DEV_005_2024-09-17 21:00:00,2024-09-17 21:00:00,DEV_005,26,44,48,68
DEV_005_2024-09-17 22:00:00,2024-09-17 22:00:00,DEV_005,4,82,3,39
DEV_005_2024-09-17 23:00:00,2024-09-17 23:00:00,DEV_005,90,54,30,92
DEV_005_2024-09-18 00:00:00,2024-09-18 00:00:00,DEV_005,8,84,89,77
DEV_005_2024-09-18 01:00:00,2024-09-18 01:00:00,DEV_005,96,69,69,96
DEV_005_2024-09-18 02:00:00,2024-09-18 02:00:00,DEV_005,42,6,50,69
DEV_005_2024-09-18 03:00:00,2024-09-18 03:00:00,DEV_005,18,31,3,41
DEV_005_2024-09-18 04:00:00,2024-09-18 04:00:00,DEV_005,63,89,12,17
DEV_005_2024-09-18 05:00:00,2024-09-18 05:00:00,DEV_005,72,96,87,48
DEV_005_2024-09-18 06:00:00,2024-09-18 06:00:00,DEV_005,39,78,72,75
DEV_005_2024-09-18 07:00:00,2024-09-18 07:00:00,DEV_005,92,58,40,6
DEV_005_2024-09-18 08:00:00,2024-09-18 08:00:00,DEV_005,96,78,25,46
DEV_005_2024-09-18 09:00:00,2024-09-18 09:00:00,DEV_005,39,20,71,9
DEV_005_2024-09-18 10:00:00,2024-09-18 10:00:00,DEV_005,2,53,40,66
DEV_005_2024-09-18 11:00:00,2024-09-18 11:00:00,DEV_005,14,44,53,47
DEV_005_2024-09-18 12:00:00,2024-09-18 12:00:00,DEV_005,46,11,61,78
DEV_005_2024-09-18 13:00:00,2024-09-18 13:00:00,DEV_005,76,99,44,78
DEV_005_2024-09-18 14:00:00,2024-09-18 14:00:00,DEV_005,95,76,32,20
DEV_005_2024-09-18 15:00:00,2024-09-18 15:00:00,DEV_005,67,89,52,57
DEV_005_2024-09-18 16:00:00,2024-09-18 16:00:00,DEV_005,73,29,98,56
DEV_005_2024-09-18 17:00:00,2024-09-18 17:00:00,DEV_005,75,50,92,11
DEV_005_2024-09-18 18:00:00,2024-09-18 18:00:00,DEV_005,64,42,41,52
DEV_005_2024-09-18 19:00:00,2024-09-18 19:00:00,DEV_005,86,82,33,18
DEV_005_2024-09-18 20:00:00,2024-09-18 20:00:00,DEV_005,1,55,95,55
DEV_005_2024-09-18 21:00:00,2024-09-18 21:00:00,DEV_005,37,47,78,96
DEV_005_2024-09-18 22:00:00,2024-09-18 22:00:00,DEV_005,48,16,68,99
DEV_005_2024-09-18 23:00:00,2024-09-18 23:00:00,DEV_005,16,17,73,35
DEV_005_2024-09-19 00:00:00,2024-09-19 00:00:00,DEV_005,64,68,48,3
DEV_005_2024-09-19 01:00:00,2024-09-19 01:00:00,DEV_005,7,64,26,19
DEV_005_2024-09-19 02:00:00,2024-09-19 02:00:00,DEV_005,22,25,45,92
DEV_005_2024-09-19 03:00:00,2024-09-19 03:00:00,DEV_005,22,19,64,50
DEV_005_2024-09-19 04:00:00,2024-09-19 04:00:00,DEV_005,66,30,22,20
DEV_005_2024-09-19 05:00:00,2024-09-19 05:00:00,DEV_005,32,40,27,88
DEV_005_2024-09-19 06:00:00,2024-09-19 06:00:00,DEV_005,21,30,64,58
DEV_005_2024-09-19 07:00:00,2024-09-19 07:00:00,DEV_005,55,67,30,56
DEV_005_2024-09-19 08:00:00,2024-09-19 08:00:00,DEV_005,34,28,11,78
DEV_005_2024-09-19 09:00:00,2024-09-19 09:00:00,DEV_005,81,93,55,89
DEV_005_2024-09-19 10:00:00,2024-09-19 10:00:00,DEV_005,23,19,35,32
DEV_005_2024-09-19 11:00:00,2024-09-19 11:00:00,DEV_005,69,64,68,58
DEV_005_2024-09-19 12:00:00,2024-09-19 12:00:00,DEV_005,56,2,27,96
DEV_005_2024-09-19 13:00:00,2024-09-19 13:00:00,DEV_005,83,78,9,95
DEV_005_2024-09-19 14:00:00,2024-09-19 14:00:00,DEV_005,48,14,87,69
DEV_005_2024-09-19 15:00:00,2024-09-19 15:00:00,DEV_005,80,53,66,66
DEV_005_2024-09-19 16:00:00,2024-09-19 16:00:00,DEV_005,73,89,19,52
DEV_005_2024-09-19 17:00:00,2024-09-19 17:00:00,DEV_005,59,68,81,18
DEV_005_2024-09-19 18:00:00,2024-09-19 18:00:00,DEV_005,13,72,3,23
DEV_005_2024-09-19 19:00:00,2024-09-19 19:00:00,DEV_005,38,7,31,13
DEV_005_2024-09-19 20:00:00,2024-09-19 20:00:00,DEV_005,43,43,23,16
DEV_005_2024-09-19 21:00:00,2024-09-19 21:00:00,DEV_005,27,30,3,80
DEV_005_2024-09-19 22:00:00,2024-09-19 22:00:00,DEV_005,29,97,63,71
DEV_005_2024-09-19 23:00:00,2024-09-19 23:00:00,DEV_005,40,89,30,54
DEV_005_2024-09-20 00:00:00,2024-09-20 00:00:00,DEV_005,97,95,37,16
DEV_005_2024-09-20 01:00:00,2024-09-20 01:00:00,DEV_005,68,94,37,15
DEV_005_2024-09-20 02:00:00,2024-09-20 02:00:00,DEV_005,40,33,21,78
DEV_005_2024-09-20 03:00:00,2024-09-20 03:00:00,DEV_005,39,85,98,96
DEV_005_2024-09-20 04:00:00,2024-09-20 04:00:00,DEV_005,20,54,73,69
DEV_005_2024-09-20 05:00:00,2024-09-20 05:00:00,DEV_005,31,13,20,62
DEV_005_2024-09-20 06:00:00,2024-09-20 06:00:00,DEV_005,85,1,69,48
DEV_005_2024-09-20 07:00:00,2024-09-20 07:00:00,DEV_005,96,10,31,75
DEV_005_2024-09-20 08:00:00,2024-09-20 08:00:00,DEV_005,60,5,70,58
DEV_005_2024-09-20 09:00:00,2024-09-20 09:00:00,DEV_005,49,50,86,88
DEV_005_2024-09-20 10:00:00,2024-09-20 10:00:00,DEV_005,23,18,33,40
DEV_005_2024-09-20 11:00:00,2024-09-20 11:00:00,DEV_005,68,56,90,13
DEV_005_2024-09-20 12:00:00,2024-09-20 12:00:00,DEV_005,86,61,96,96
DEV_005_2024-09-20 13:00:00,2024-09-20 13:00:00,DEV_005,24,14,95,40
DEV_005_2024-09-20 14:00:00,2024-09-20 14:00:00,DEV_005,67,93,46,1
DEV_005_2024-09-20 15:00:00,2024-09-20 15:00:00,DEV_005,3,26,59,64
DEV_005_2024-09-20 16:00:00,2024-09-20 16:00:00,DEV_005,32,11,34,39
DEV_005_2024-09-20 17:00:00,2024-09-20 17:00:00,DEV_005,79,15,31,88
DEV_005_2024-09-20 18:00:00,2024-09-20 18:00:00,DEV_005,70,86,88,24
DEV_005_2024-09-20 19:00:00,2024-09-20 19:00:00,DEV_005,46,99,98,49
DEV_005_2024-09-20 20:00:00,2024-09-20 20:00:00,DEV_005,59,45,41,82
DEV_005_2024-09-20 21:00:00,2024-09-20 21:00:00,DEV_005,38,58,88,61
DEV_005_2024-09-20 22:00:00,2024-09-20 22:00:00,DEV_005,8,83,98,61
DEV_005_2024-09-20 23:00:00,2024-09-20 23:00:00,DEV_005,41,26,23,69
DEV_005_2024-09-21 00:00:00,2024-09-21 00:00:00,DEV_005,78,19,55,83
DEV_005_2024-09-21 01:00:00,2024-09-21 01:00:00,DEV_005,58,74,29,48
DEV_005_2024-09-21 02:00:00,2024-09-21 02:00:00,DEV_005,22,87,66,88
DEV_005_2024-09-21 03:00:00,2024-09-21 03:00:00,DEV_005,90,42,11,52
DEV_005_2024-09-21 04:00:00,2024-09-21 04:00:00,DEV_005,1,25,58,43
DEV_005_2024-09-21 05:00:00,2024-09-21 05:00:00,DEV_005,4,55,59,18
DEV_005_2024-09-21 06:00:00,2024-09-21 06:00:00,DEV_005,78,88,25,5
DEV_005_2024-09-21 07:00:00,2024-09-21 07:00:00,DEV_005,10,15,79,61
DEV_005_2024-09-21 08:00:00,2024-09-21 08:00:00,DEV_005,1,24,97,61
DEV_005_2024-09-21 09:00:00,2024-09-21 09:00:00,DEV_005,15,54,67,22
DEV_005_2024-09-21 10:00:00,2024-09-21 10:00:00,DEV_005,46,85,59,23
DEV_005_2024-09-21 11:00:00,2024-09-21 11:00:00,DEV_005,10,43,18,33
DEV_005_2024-09-21 12:00:00,2024-09-21 12:00:00,DEV_005,49,7,40,89
DEV_005_2024-09-21 13:00:00,2024-09-21 13:00:00,DEV_005,2,73,27,61
DEV_005_2024-09-21 14:00:00,2024-09-21 14:00:00,DEV_005,69,72,89,79
DEV_005_2024-09-21 15:00:00,2024-09-21 15:00:00,DEV_005,89,37,64,92
DEV_005_2024-09-21 16:00:00,2024-09-21 16:00:00,DEV_005,9,64,3,63
DEV_005_2024-09-21 17:00:00,2024-09-21 17:00:00,DEV_005,47,66,59,40
DEV_005_2024-09-21 18:00:00,2024-09-21 18:00:00,DEV_005,19,21,67,60
DEV_005_2024-09-21 19:00:00,2024-09-21 19:00:00,DEV_005,28,96,3,2
DEV_005_2024-09-21 20:00:00,2024-09-21 20:00:00,DEV_005,66,63,16,10
DEV_005_2024-09-21 21:00:00,2024-09-21 21:00:00,DEV_005,51,36,9,34
DEV_005_2024-09-21 22:00:00,2024-09-21 22:00:00,DEV_005,89,90,84,26
DEV_005_2024-09-21 23:00:00,2024-09-21 23:00:00,DEV_005,82,33,14,55
DEV_005_2024-09-22 00:00:00,2024-09-22 00:00:00,DEV_005,44,15,83,65
DEV_005_2024-09-22 01:00:00,2024-09-22 01:00:00,DEV_005,37,85,66,33
DEV_005_2024-09-22 02:00:00,2024-09-22 02:00:00,DEV_005,57,48,83,57
DEV_005_2024-09-22 03:00:00,2024-09-22 03:00:00,DEV_005,11,71,11,79
DEV_005_2024-09-22 04:00:00,2024-09-22 04:00:00,DEV_005,45,33,45,35
DEV_005_2024-09-22 05:00:00,2024-09-22 05:00:00,DEV_005,78,92,87,24
DEV_005_2024-09-22 06:00:00,2024-09-22 06:00:00,DEV_005,83,15,14,83
DEV_005_2024-09-22 07:00:00,2024-09-22 07:00:00,DEV_005,19,25,13,91
DEV_005_2024-09-22 08:00:00,2024-09-22 08:00:00,DEV_005,77,83,76,65
DEV_005_2024-09-22 09:00:00,2024-09-22 09:00:00,DEV_005,22,25,86,97
DEV_005_2024-09-22 10:00:00,2024-09-22 10:00:00,DEV_005,37,33,21,69
DEV_005_2024-09-22 11:00:00,2024-09-22 11:00:00,DEV_005,3,98,62,72
DEV_005_2024-09-22 12:00:00,2024-09-22 12:00:00,DEV_005,89,33,37,88
DEV_005_2024-09-22 13:00:00,2024-09-22 13:00:00,DEV_005,56,11,19,22
DEV_005_2024-09-22 14:00:00,2024-09-22 14:00:00,DEV_005,85,19,38,3
DEV_005_2024-09-22 15:00:00,2024-09-22 15:00:00,DEV_005,32,82,24,96
DEV_005_2024-09-22 16:00:00,2024-09-22 16:00:00,DEV_005,11,49,40,44
DEV_005_2024-09-22 17:00:00,2024-09-22 17:00:00,DEV_005,64,89,47,49
DEV_005_2024-09-22 18:00:00,2024-09-22 18:00:00,DEV_005,99,25,54,13
DEV_005_2024-09-22 19:00:00,2024-09-22 19:00:00,DEV_005,75,29,22,41
DEV_005_2024-09-22 20:00:00,2024-09-22 20:00:00,DEV_005,79,49,25,39
DEV_005_2024-09-22 21:00:00,2024-09-22 21:00:00,DEV_005,26,69,87,10
DEV_005_2024-09-22 22:00:00,2024-09-22 22:00:00,DEV_005,2,18,99,84
DEV_005_2024-09-22 23:00:00,2024-09-22 23:00:00,DEV_005,53,50,89,94
DEV_005_2024-09-23 00:00:00,2024-09-23 00:00:00,DEV_005,22,3,26,98
DEV_005_2024-09-23 01:00:00,2024-09-23 01:00:00,DEV_005,70,94,92,33
DEV_005_2024-09-23 02:00:00,2024-09-23 02:00:00,DEV_005,45,55,56,40
DEV_005_2024-09-23 03:00:00,2024-09-23 03:00:00,DEV_005,94,16,83,36
DEV_005_2024-09-23 04:00:00,2024-09-23 04:00:00,DEV_005,57,89,13,96
DEV_005_2024-09-23 05:00:00,2024-09-23 05:00:00,DEV_005,82,75,58,88
DEV_005_2024-09-23 06:00:00,2024-09-23 06:00:00,DEV_005,33,50,21,84
DEV_005_2024-09-23 07:00:00,2024-09-23 07:00:00,DEV_005,84,42,57,62
DEV_005_2024-09-23 08:00:00,2024-09-23 08:00:00,DEV_005,36,29,2,26
DEV_005_2024-09-23 09:00:00,2024-09-23 09:00:00,DEV_005,99,37,63,8
DEV_005_2024-09-23 10:00:00,2024-09-23 10:00:00,DEV_005,66,37,22,1
DEV_005_2024-09-23 11:00:00,2024-09-23 11:00:00,DEV_005,60,5,31,26
DEV_005_2024-09-23 12:00:00,2024-09-23 12:00:00,DEV_005,66,27,45,27
DEV_005_2024-09-23 13:00:00,2024-09-23 13:00:00,DEV_005,60,38,47,16
DEV_005_2024-09-23 14:00:00,2024-09-23 14:00:00,DEV_005,23,76,21,96
DEV_005_2024-09-23 15:00:00,2024-09-23 15:00:00,DEV_005,71,35,20,67
DEV_005_2024-09-23 16:00:00,2024-09-23 16:00:00,DEV_005,52,93,90,2
DEV_005_2024-09-23 17:00:00,2024-09-23 17:00:00,DEV_005,3,76,73,54
DEV_005_2024-09-23 18:00:00,2024-09-23 18:00:00,DEV_005,91,3,2,89
DEV_005_2024-09-23 19:00:00,2024-09-23 19:00:00,DEV_005,91,39,32,89
DEV_005_2024-09-23 20:00:00,2024-09-23 20:00:00,DEV_005,75,27,32,90
DEV_005_2024-09-23 21:00:00,2024-09-23 21:00:00,DEV_005,62,43,97,27
DEV_005_2024-09-23 22:00:00,2024-09-23 22:00:00,DEV_005,31,91,52,38
DEV_005_2024-09-23 23:00:00,2024-09-23 23:00:00,DEV_005,51,52,9,9
DEV_005_2024-09-24 00:00:00,2024-09-24 00:00:00,DEV_005,41,19,56,54
DEV_005_2024-09-24 01:00:00,2024-09-24 01:00:00,DEV_005,96,85,45,72
DEV_005_2024-09-24 02:00:00,2024-09-24 02:00:00,DEV_005,67,51,65,92
DEV_005_2024-09-24 03:00:00,2024-09-24 03:00:00,DEV_005,93,62,98,47
DEV_005_2024-09-24 04:00:00,2024-09-24 04:00:00,DEV_005,14,26,48,93
DEV_005_2024-09-24 05:00:00,2024-09-24 05:00:00,DEV_005,33,12,50,9
DEV_005_2024-09-24 06:00:00,2024-09-24 06:00:00,DEV_005,75,1,15,23
DEV_005_2024-09-24 07:00:00,2024-09-24 07:00:00,DEV_005,1,2,68,83
DEV_005_2024-09-24 08:00:00,2024-09-24 08:00:00,DEV_005,64,35,29,50
DEV_005_2024-09-24 09:00:00,2024-09-24 09:00:00,DEV_005,17,23,39,77
DEV_005_2024-09-24 10:00:00,2024-09-24 10:00:00,DEV_005,78,13,38,47
DEV_005_2024-09-24 11:00:00,2024-09-24 11:00:00,DEV_005,84,49,48,62
DEV_005_2024-09-24 12:00:00,2024-09-24 12:00:00,DEV_005,48,41,38,48
DEV_005_2024-09-24 13:00:00,2024-09-24 13:00:00,DEV_005,92,16,99,89
DEV_005_2024-09-24 14:00:00,2024-09-24 14:00:00,DEV_005,80,96,6,58
DEV_005_2024-09-24 15:00:00,2024-09-24 15:00:00,DEV_005,78,87,18,31
DEV_005_2024-09-24 16:00:00,2024-09-24 16:00:00,DEV_005,60,70,31,42
DEV_005_2024-09-24 17:00:00,2024-09-24 17:00:00,DEV_005,84,80,64,30
DEV_005_2024-09-24 18:00:00,2024-09-24 18:00:00,DEV_005,79,85,43,4
DEV_005_2024-09-24 19:00:00,2024-09-24 19:00:00,DEV_005,86,69,82,13
DEV_005_2024-09-24 20:00:00,2024-09-24 20:00:00,DEV_005,83,74,31,30
DEV_005_2024-09-24 21:00:00,2024-09-24 21:00:00,DEV_005,63,77,26,18
DEV_005_2024-09-24 22:00:00,2024-09-24 22:00:00,DEV_005,49,64,87,36
DEV_005_2024-09-24 23:00:00,2024-09-24 23:00:00,DEV_005,90,24,96,57
DEV_005_2024-09-25 00:00:00,2024-09-25 00:00:00,DEV_005,95,84,73,69
DEV_005_2024-09-25 01:00:00,2024-09-25 01:00:00,DEV_005,6,51,67,82
DEV_005_2024-09-25 02:00:00,2024-09-25 02:00:00,DEV_005,63,51,65,91
DEV_005_2024-09-25 03:00:00,2024-09-25 03:00:00,DEV_005,72,12,86,48
DEV_005_2024-09-25 04:00:00,2024-09-25 04:00:00,DEV_005,41,5,24,95
DEV_005_2024-09-25 05:00:00,2024-09-25 05:00:00,DEV_005,14,87,82,34
DEV_005_2024-09-25 06:00:00,2024-09-25 06:00:00,DEV_005,33,81,70,8
DEV_005_2024-09-25 07:00:00,2024-09-25 07:00:00,DEV_005,76,12,51,21
DEV_005_2024-09-25 08:00:00,2024-09-25 08:00:00,DEV_005,97,61,51,41
DEV_005_2024-09-25 09:00:00,2024-09-25 09:00:00,DEV_005,6,81,43,73
DEV_005_2024-09-25 10:00:00,2024-09-25 10:00:00,DEV_005,75,21,10,84
DEV_005_2024-09-25 11:00:00,2024-09-25 11:00:00,DEV_005,18,95,21,56
DEV_005_2024-09-25 12:00:00,2024-09-25 12:00:00,DEV_005,88,30,70,27
DEV_005_2024-09-25 13:00:00,2024-09-25 13:00:00,DEV_005,54,10,52,5
DEV_005_2024-09-25 14:00:00,2024-09-25 14:00:00,DEV_005,57,45,82,16
DEV_005_2024-09-25 15:00:00,2024-09-25 15:00:00,DEV_005,68,66,90,60
DEV_005_2024-09-25 16:00:00,2024-09-25 16:00:00,DEV_005,10,43,41,90
DEV_005_2024-09-25 17:00:00,2024-09-25 17:00:00,DEV_005,5,6,17,68
DEV_005_2024-09-25 18:00:00,2024-09-25 18:00:00,DEV_005,68,86,89,63
DEV_005_2024-09-25 19:00:00,2024-09-25 19:00:00,DEV_005,75,48,56,78
DEV_005_2024-09-25 20:00:00,2024-09-25 20:00:00,DEV_005,24,44,68,67
DEV_005_2024-09-25 21:00:00,2024-09-25 21:00:00,DEV_005,99,98,12,15
DEV_005_2024-09-25 22:00:00,2024-09-25 22:00:00,DEV_005,51,89,29,96
DEV_005_2024-09-25 23:00:00,2024-09-25 23:00:00,DEV_005,94,9,35,27
DEV_005_2024-09-26 00:00:00,2024-09-26 00:00:00,DEV_005,21,41,6,74
DEV_005_2024-09-26 01:00:00,2024-09-26 01:00:00,DEV_005,60,81,64,59
DEV_005_2024-09-26 02:00:00,2024-09-26 02:00:00,DEV_005,37,25,95,66
DEV_005_2024-09-26 03:00:00,2024-09-26 03:00:00,DEV_005,48,69,23,82
DEV_005_2024-09-26 04:00:00,2024-09-26 04:00:00,DEV_005,85,83,77,64
DEV_005_2024-09-26 05:00:00,2024-09-26 05:00:00,DEV_005,19,47,2,59
DEV_005_2024-09-26 06:00:00,2024-09-26 06:00:00,DEV_005,36,24,73,44
DEV_005_2024-09-26 07:00:00,2024-09-26 07:00:00,DEV_005,59,68,71,88
DEV_005_2024-09-26 08:00:00,2024-09-26 08:00:00,DEV_005,98,60,30,87
DEV_005_2024-09-26 09:00:00,2024-09-26 09:00:00,DEV_005,28,99,38,96
DEV_005_2024-09-26 10:00:00,2024-09-26 10:00:00,DEV_005,79,8,12,43
DEV_005_2024-09-26 11:00:00,2024-09-26 11:00:00,DEV_005,82,49,8,76
DEV_005_2024-09-26 12:00:00,2024-09-26 12:00:00,DEV_005,46,69,37,45
DEV_005_2024-09-26 13:00:00,2024-09-26 13:00:00,DEV_005,19,35,12,79
DEV_005_2024-09-26 14:00:00,2024-09-26 14:00:00,DEV_005,25,38,47,8
DEV_005_2024-09-26 15:00:00,2024-09-26 15:00:00,DEV_005,13,13,27,38
DEV_005_2024-09-26 16:00:00,2024-09-26 16:00:00,DEV_005,23,77,82,40
DEV_005_2024-09-26 17:00:00,2024-09-26 17:00:00,DEV_005,51,38,99,89
DEV_005_2024-09-26 18:00:00,2024-09-26 18:00:00,DEV_005,55,98,7,77
DEV_005_2024-09-26 19:00:00,2024-09-26 19:00:00,DEV_005,98,66,70,47
DEV_005_2024-09-26 20:00:00,2024-09-26 20:00:00,DEV_005,91,49,18,39
DEV_005_2024-09-26 21:00:00,2024-09-26 21:00:00,DEV_005,79,33,45,30
DEV_005_2024-09-26 22:00:00,2024-09-26 22:00:00,DEV_005,57,64,35,16
DEV_005_2024-09-26 23:00:00,2024-09-26 23:00:00,DEV_005,42,3,57,70
DEV_005_2024-09-27 00:00:00,2024-09-27 00:00:00,DEV_005,4,31,93,60
DEV_005_2024-09-27 01:00:00,2024-09-27 01:00:00,DEV_005,98,97,81,57
DEV_005_2024-09-27 02:00:00,2024-09-27 02:00:00,DEV_005,62,98,88,51
DEV_005_2024-09-27 03:00:00,2024-09-27 03:00:00,DEV_005,5,58,48,14
DEV_005_2024-09-27 04:00:00,2024-09-27 04:00:00,DEV_005,58,22,40,26
DEV_005_2024-09-27 05:00:00,2024-09-27 05:00:00,DEV_005,66,41,9,78
DEV_005_2024-09-27 06:00:00,2024-09-27 06:00:00,DEV_005,62,32,79,88
DEV_005_2024-09-27 07:00:00,2024-09-27 07:00:00,DEV_005,65,75,80,12
DEV_005_2024-09-27 08:00:00,2024-09-27 08:00:00,DEV_005,15,93,92,13
DEV_005_2024-09-27 09:00:00,2024-09-27 09:00:00,DEV_005,83,26,50,76
DEV_005_2024-09-27 10:00:00,2024-09-27 10:00:00,DEV_005,52,28,95,61
DEV_005_2024-09-27 11:00:00,2024-09-27 11:00:00,DEV_005,71,47,32,42
DEV_005_2024-09-27 12:00:00,2024-09-27 12:00:00,DEV_005,57,41,84,19
DEV_005_2024-09-27 13:00:00,2024-09-27 13:00:00,DEV_005,54,16,26,71
DEV_005_2024-09-27 14:00:00,2024-09-27 14:00:00,DEV_005,65,2,76,71
DEV_005_2024-09-27 15:00:00,2024-09-27 15:00:00,DEV_005,46,57,84,93
DEV_005_2024-09-27 16:00:00,2024-09-27 16:00:00,DEV_005,35,13,81,74
DEV_005_2024-09-27 17:00:00,2024-09-27 17:00:00,DEV_005,86,47,94,20
DEV_005_2024-09-27 18:00:00,2024-09-27 18:00:00,DEV_005,97,94,49,53
DEV_005_2024-09-27 19:00:00,2024-09-27 19:00:00,DEV_005,66,29,86,59
DEV_005_2024-09-27 20:00:00,2024-09-27 20:00:00,DEV_005,25,27,82,47
DEV_005_2024-09-27 21:00:00,2024-09-27 21:00:00,DEV_005,70,7,96,75
DEV_005_2024-09-27 22:00:00,2024-09-27 22:00:00,DEV_005,88,73,57,70
DEV_005_2024-09-27 23:00:00,2024-09-27 23:00:00,DEV_005,61,37,30,71
DEV_005_2024-09-28 00:00:00,2024-09-28 00:00:00,DEV_005,7,91,95,15
DEV_005_2024-09-28 01:00:00,2024-09-28 01:00:00,DEV_005,46,62,96,4
DEV_005_2024-09-28 02:00:00,2024-09-28 02:00:00,DEV_005,59,23,87,73
DEV_005_2024-09-28 03:00:00,2024-09-28 03:00:00,DEV_005,88,23,60,55
DEV_005_2024-09-28 04:00:00,2024-09-28 04:00:00,DEV_005,96,61,29,78
DEV_005_2024-09-28 05:00:00,2024-09-28 05:00:00,DEV_005,8,82,92,42
DEV_005_2024-09-28 06:00:00,2024-09-28 06:00:00,DEV_005,55,4,94,73
DEV_005_2024-09-28 07:00:00,2024-09-28 07:00:00,DEV_005,57,7,21,71
DEV_005_2024-09-28 08:00:00,2024-09-28 08:00:00,DEV_005,68,97,78,95
DEV_005_2024-09-28 09:00:00,2024-09-28 09:00:00,DEV_005,2,88,52,86
DEV_005_2024-09-28 10:00:00,2024-09-28 10:00:00,DEV_005,96,25,31,68
DEV_005_2024-09-28 11:00:00,2024-09-28 11:00:00,DEV_005,18,21,98,7
DEV_005_2024-09-28 12:00:00,2024-09-28 12:00:00,DEV_005,15,93,71,2
DEV_005_2024-09-28 13:00:00,2024-09-28 13:00:00,DEV_005,23,62,86,89
DEV_005_2024-09-28 14:00:00,2024-09-28 14:00:00,DEV_005,24,87,73,37
DEV_005_2024-09-28 15:00:00,2024-09-28 15:00:00,DEV_005,32,9,29,77
DEV_005_2024-09-28 16:00:00,2024-09-28 16:00:00,DEV_005,92,34,66,47
DEV_005_2024-09-28 17:00:00,2024-09-28 17:00:00,DEV_005,49,32,27,30
DEV_005_2024-09-28 18:00:00,2024-09-28 18:00:00,DEV_005,90,5,52,83
DEV_005_2024-09-28 19:00:00,2024-09-28 19:00:00,DEV_005,75,38,24,73
DEV_005_2024-09-28 20:00:00,2024-09-28 20:00:00,DEV_005,21,98,92,3
DEV_005_2024-09-28 21:00:00,2024-09-28 21:00:00,DEV_005,88,3,91,24
DEV_005_2024-09-28 22:00:00,2024-09-28 22:00:00,DEV_005,51,79,67,17
DEV_005_2024-09-28 23:00:00,2024-09-28 23:00:00,DEV_005,4,66,5,17
DEV_005_2024-09-29 00:00:00,2024-09-29 00:00:00,DEV_005,6,4,88,83
DEV_005_2024-09-29 01:00:00,2024-09-29 01:00:00,DEV_005,6,29,31,48
DEV_005_2024-09-29 02:00:00,2024-09-29 02:00:00,DEV_005,65,25,52,25
DEV_005_2024-09-29 03:00:00,2024-09-29 03:00:00,DEV_005,18,64,77,82
DEV_005_2024-09-29 04:00:00,2024-09-29 04:00:00,DEV_005,93,43,43,37
DEV_005_2024-09-29 05:00:00,2024-09-29 05:00:00,DEV_005,21,36,8,55
DEV_005_2024-09-29 06:00:00,2024-09-29 06:00:00,DEV_005,52,16,94,69
DEV_005_2024-09-29 07:00:00,2024-09-29 07:00:00,DEV_005,73,78,53,95
DEV_005_2024-09-29 08:00:00,2024-09-29 08:00:00,DEV_005,13,84,79,29
DEV_005_2024-09-29 09:00:00,2024-09-29 09:00:00,DEV_005,48,15,16,9
DEV_005_2024-09-29 10:00:00,2024-09-29 10:00:00,DEV_005,44,77,67,78
DEV_005_2024-09-29 11:00:00,2024-09-29 11:00:00,DEV_005,13,77,8,88
DEV_005_2024-09-29 12:00:00,2024-09-29 12:00:00,DEV_005,15,45,59,83
DEV_005_2024-09-29 13:00:00,2024-09-29 13:00:00,DEV_005,81,10,97,59
DEV_005_2024-09-29 14:00:00,2024-09-29 14:00:00,DEV_005,49,99,78,27
DEV_005_2024-09-29 15:00:00,2024-09-29 15:00:00,DEV_005,31,24,6,26
DEV_005_2024-09-29 16:00:00,2024-09-29 16:00:00,DEV_005,86,90,93,75
DEV_005_2024-09-29 17:00:00,2024-09-29 17:00:00,DEV_005,99,89,10,9
DEV_005_2024-09-29 18:00:00,2024-09-29 18:00:00,DEV_005,62,65,86,99
DEV_005_2024-09-29 19:00:00,2024-09-29 19:00:00,DEV_005,20,64,6,86
DEV_005_2024-09-29 20:00:00,2024-09-29 20:00:00,DEV_005,46,11,16,1
DEV_005_2024-09-29 21:00:00,2024-09-29 21:00:00,DEV_005,12,5,45,62
DEV_005_2024-09-29 22:00:00,2024-09-29 22:00:00,DEV_005,19,15,85,25
DEV_005_2024-09-29 23:00:00,2024-09-29 23:00:00,DEV_005,74,31,66,86
DEV_005_2024-09-30 00:00:00,2024-09-30 00:00:00,DEV_005,98,71,80,19
DEV_005_2024-09-30 01:00:00,2024-09-30 01:00:00,DEV_005,61,24,23,57
DEV_005_2024-09-30 02:00:00,2024-09-30 02:00:00,DEV_005,30,32,38,47
DEV_005_2024-09-30 03:00:00,2024-09-30 03:00:00,DEV_005,92,18,75,41
DEV_005_2024-09-30 04:00:00,2024-09-30 04:00:00,DEV_005,87,14,46,53
DEV_005_2024-09-30 05:00:00,2024-09-30 05:00:00,DEV_005,71,37,64,78
DEV_005_2024-09-30 06:00:00,2024-09-30 06:00:00,DEV_005,67,82,69,25
DEV_005_2024-09-30 07:00:00,2024-09-30 07:00:00,DEV_005,1,75,67,12
DEV_005_2024-09-30 08:00:00,2024-09-30 08:00:00,DEV_005,35,44,39,66
DEV_005_2024-09-30 09:00:00,2024-09-30 09:00:00,DEV_005,24,82,24,24
DEV_005_2024-09-30 10:00:00,2024-09-30 10:00:00,DEV_005,18,24,86,41
DEV_005_2024-09-30 11:00:00,2024-09-30 11:00:00,DEV_005,4,66,44,91
DEV_005_2024-09-30 12:00:00,2024-09-30 12:00:00,DEV_005,77,12,98,84
DEV_005_2024-09-30 13:00:00,2024-09-30 13:00:00,DEV_005,24,76,80,62
DEV_005_2024-09-30 14:00:00,2024-09-30 14:00:00,DEV_005,86,62,21,7
DEV_005_2024-09-30 15:00:00,2024-09-30 15:00:00,DEV_005,56,86,74,76
DEV_005_2024-09-30 16:00:00,2024-09-30 16:00:00,DEV_005,22,37,17,35
DEV_005_2024-09-30 17:00:00,2024-09-30 17:00:00,DEV_005,51,89,87,42
DEV_005_2024-09-30 18:00:00,2024-09-30 18:00:00,DEV_005,86,77,68,46
DEV_005_2024-09-30 19:00:00,2024-09-30 19:00:00,DEV_005,54,34,85,31
DEV_005_2024-09-30 20:00:00,2024-09-30 20:00:00,DEV_005,94,48,59,2
DEV_005_2024-09-30 21:00:00,2024-09-30 21:00:00,DEV_005,41,84,38,5
DEV_005_2024-09-30 22:00:00,2024-09-30 22:00:00,DEV_005,35,50,24,86
DEV_005_2024-09-30 23:00:00,2024-09-30 23:00:00,DEV_005,38,40,79,51
DEV_005_2024-10-01 00:00:00,2024-10-01 00:00:00,DEV_005,45,91,67,68
DEV_005_2024-10-01 01:00:00,2024-10-01 01:00:00,DEV_005,28,38,51,18
DEV_005_2024-10-01 02:00:00,2024-10-01 02:00:00,DEV_005,75,5,28,78
DEV_005_2024-10-01 03:00:00,2024-10-01 03:00:00,DEV_005,96,69,62,80
DEV_005_2024-10-01 04:00:00,2024-10-01 04:00:00,DEV_005,13,84,17,7
DEV_005_2024-10-01 05:00:00,2024-10-01 05:00:00,DEV_005,71,17,27,21
DEV_005_2024-10-01 06:00:00,2024-10-01 06:00:00,DEV_005,15,98,86,84
DEV_005_2024-10-01 07:00:00,2024-10-01 07:00:00,DEV_005,38,43,68,45
DEV_005_2024-10-01 08:00:00,2024-10-01 08:00:00,DEV_005,10,43,20,36
DEV_005_2024-10-01 09:00:00,2024-10-01 09:00:00,DEV_005,5,49,8,36
DEV_005_2024-10-01 10:00:00,2024-10-01 10:00:00,DEV_005,72,76,41,98
DEV_005_2024-10-01 11:00:00,2024-10-01 11:00:00,DEV_005,79,36,42,33
DEV_005_2024-10-01 12:00:00,2024-10-01 12:00:00,DEV_005,61,19,2,37
DEV_005_2024-10-01 13:00:00,2024-10-01 13:00:00,DEV_005,72,6,82,18
DEV_005_2024-10-01 14:00:00,2024-10-01 14:00:00,DEV_005,7,2,17,73
DEV_005_2024-10-01 15:00:00,2024-10-01 15:00:00,DEV_005,95,62,39,22
DEV_005_2024-10-01 16:00:00,2024-10-01 16:00:00,DEV_005,24,66,82,14
DEV_005_2024-10-01 17:00:00,2024-10-01 17:00:00,DEV_005,37,28,83,27
DEV_005_2024-10-01 18:00:00,2024-10-01 18:00:00,DEV_005,63,17,50,64
DEV_005_2024-10-01 19:00:00,2024-10-01 19:00:00,DEV_005,82,28,85,27
DEV_005_2024-10-01 20:00:00,2024-10-01 20:00:00,DEV_005,66,66,6,76
DEV_005_2024-10-01 21:00:00,2024-10-01 21:00:00,DEV_005,29,98,37,30
DEV_005_2024-10-01 22:00:00,2024-10-01 22:00:00,DEV_005,75,67,64,37
DEV_005_2024-10-01 23:00:00,2024-10-01 23:00:00,DEV_005,11,16,93,93
DEV_005_2024-10-02 00:00:00,2024-10-02 00:00:00,DEV_005,66,89,93,62
DEV_005_2024-10-02 01:00:00,2024-10-02 01:00:00,DEV_005,2,94,13,81
DEV_005_2024-10-02 02:00:00,2024-10-02 02:00:00,DEV_005,18,74,66,93
DEV_005_2024-10-02 03:00:00,2024-10-02 03:00:00,DEV_005,82,86,17,65
DEV_005_2024-10-02 04:00:00,2024-10-02 04:00:00,DEV_005,49,87,5,44
DEV_005_2024-10-02 05:00:00,2024-10-02 05:00:00,DEV_005,94,34,33,64
DEV_005_2024-10-02 06:00:00,2024-10-02 06:00:00,DEV_005,10,70,45,36
DEV_005_2024-10-02 07:00:00,2024-10-02 07:00:00,DEV_005,65,46,41,66
DEV_005_2024-10-02 08:00:00,2024-10-02 08:00:00,DEV_005,51,87,55,84
DEV_005_2024-10-02 09:00:00,2024-10-02 09:00:00,DEV_005,94,55,91,29
DEV_005_2024-10-02 10:00:00,2024-10-02 10:00:00,DEV_005,12,89,41,1
DEV_005_2024-10-02 11:00:00,2024-10-02 11:00:00,DEV_005,84,96,76,36
DEV_005_2024-10-02 12:00:00,2024-10-02 12:00:00,DEV_005,4,68,99,85
DEV_005_2024-10-02 13:00:00,2024-10-02 13:00:00,DEV_005,33,45,22,40
DEV_005_2024-10-02 14:00:00,2024-10-02 14:00:00,DEV_005,99,86,16,73
DEV_005_2024-10-02 15:00:00,2024-10-02 15:00:00,DEV_005,87,96,38,7
DEV_005_2024-10-02 16:00:00,2024-10-02 16:00:00,DEV_005,75,47,5,20
DEV_005_2024-10-02 17:00:00,2024-10-02 17:00:00,DEV_005,56,31,41,88
DEV_005_2024-10-02 18:00:00,2024-10-02 18:00:00,DEV_005,28,7,73,39
DEV_005_2024-10-02 19:00:00,2024-10-02 19:00:00,DEV_005,36,94,50,47
DEV_005_2024-10-02 20:00:00,2024-10-02 20:00:00,DEV_005,10,81,23,53
DEV_005_2024-10-02 21:00:00,2024-10-02 21:00:00,DEV_005,83,3,29,36
DEV_005_2024-10-02 22:00:00,2024-10-02 22:00:00,DEV_005,44,91,21,75
DEV_005_2024-10-02 23:00:00,2024-10-02 23:00:00,DEV_005,42,17,15,42
DEV_005_2024-10-03 00:00:00,2024-10-03 00:00:00,DEV_005,31,82,84,24
DEV_005_2024-10-03 01:00:00,2024-10-03 01:00:00,DEV_005,62,41,65,28
DEV_005_2024-10-03 02:00:00,2024-10-03 02:00:00,DEV_005,56,5,93,24
DEV_005_2024-10-03 03:00:00,2024-10-03 03:00:00,DEV_005,1,14,81,6
DEV_005_2024-10-03 04:00:00,2024-10-03 04:00:00,DEV_005,29,25,43,21
DEV_005_2024-10-03 05:00:00,2024-10-03 05:00:00,DEV_005,98,26,89,42
DEV_005_2024-10-03 06:00:00,2024-10-03 06:00:00,DEV_005,81,31,76,77
DEV_005_2024-10-03 07:00:00,2024-10-03 07:00:00,DEV_005,47,74,4,55
DEV_005_2024-10-03 08:00:00,2024-10-03 08:00:00,DEV_005,75,41,14,33
DEV_005_2024-10-03 09:00:00,2024-10-03 09:00:00,DEV_005,93,7,87,96
DEV_005_2024-10-03 10:00:00,2024-10-03 10:00:00,DEV_005,68,21,12,86
DEV_005_2024-10-03 11:00:00,2024-10-03 11:00:00,DEV_005,89,99,54,80
DEV_005_2024-10-03 12:00:00,2024-10-03 12:00:00,DEV_005,25,48,96,77
DEV_005_2024-10-03 13:00:00,2024-10-03 13:00:00,DEV_005,86,41,84,90
DEV_005_2024-10-03 14:00:00,2024-10-03 14:00:00,DEV_005,87,77,20,67
DEV_005_2024-10-03 15:00:00,2024-10-03 15:00:00,DEV_005,82,93,72,17
DEV_005_2024-10-03 16:00:00,2024-10-03 16:00:00,DEV_005,22,93,72,15
DEV_005_2024-10-03 17:00:00,2024-10-03 17:00:00,DEV_005,21,77,50,60
DEV_005_2024-10-03 18:00:00,2024-10-03 18:00:00,DEV_005,31,25,79,93
DEV_005_2024-10-03 19:00:00,2024-10-03 19:00:00,DEV_005,13,83,35,52
DEV_005_2024-10-03 20:00:00,2024-10-03 20:00:00,DEV_005,63,82,47,14
DEV_005_2024-10-03 21:00:00,2024-10-03 21:00:00,DEV_005,43,21,96,97
DEV_005_2024-10-03 22:00:00,2024-10-03 22:00:00,DEV_005,55,60,53,14
DEV_005_2024-10-03 23:00:00,2024-10-03 23:00:00,DEV_005,38,37,20,41
DEV_005_2024-10-04 00:00:00,2024-10-04 00:00:00,DEV_005,53,85,82,93
DEV_005_2024-10-04 01:00:00,2024-10-04 01:00:00,DEV_005,64,88,63,26
DEV_005_2024-10-04 02:00:00,2024-10-04 02:00:00,DEV_005,39,55,34,16
DEV_005_2024-10-04 03:00:00,2024-10-04 03:00:00,DEV_005,27,23,50,40
DEV_005_2024-10-04 04:00:00,2024-10-04 04:00:00,DEV_005,39,57,77,11
DEV_005_2024-10-04 05:00:00,2024-10-04 05:00:00,DEV_005,71,20,20,44
DEV_005_2024-10-04 06:00:00,2024-10-04 06:00:00,DEV_005,3,68,45,50
DEV_005_2024-10-04 07:00:00,2024-10-04 07:00:00,DEV_005,41,17,4,27
DEV_005_2024-10-04 08:00:00,2024-10-04 08:00:00,DEV_005,93,64,22,27
DEV_005_2024-10-04 09:00:00,2024-10-04 09:00:00,DEV_005,12,97,48,18
DEV_005_2024-10-04 10:00:00,2024-10-04 10:00:00,DEV_005,76,54,3,96
DEV_005_2024-10-04 11:00:00,2024-10-04 11:00:00,DEV_005,69,17,48,63
DEV_005_2024-10-04 12:00:00,2024-10-04 12:00:00,DEV_005,60,65,2,82
DEV_005_2024-10-04 13:00:00,2024-10-04 13:00:00,DEV_005,31,80,25,75
DEV_005_2024-10-04 14:00:00,2024-10-04 14:00:00,DEV_005,20,54,55,9
DEV_005_2024-10-04 15:00:00,2024-10-04 15:00:00,DEV_005,60,25,91,15
DEV_005_2024-10-04 16:00:00,2024-10-04 16:00:00,DEV_005,91,75,76,99
DEV_005_2024-10-04 17:00:00,2024-10-04 17:00:00,DEV_005,49,14,77,62
DEV_005_2024-10-04 18:00:00,2024-10-04 18:00:00,DEV_005,31,58,7,67
DEV_005_2024-10-04 19:00:00,2024-10-04 19:00:00,DEV_005,95,74,59,3
DEV_005_2024-10-04 20:00:00,2024-10-04 20:00:00,DEV_005,40,95,51,14
DEV_005_2024-10-04 21:00:00,2024-10-04 21:00:00,DEV_005,71,58,9,23
DEV_005_2024-10-04 22:00:00,2024-10-04 22:00:00,DEV_005,70,27,65,33
DEV_005_2024-10-04 23:00:00,2024-10-04 23:00:00,DEV_005,16,92,95,42
DEV_005_2024-10-05 00:00:00,2024-10-05 00:00:00,DEV_005,90,89,44,19
DEV_005_2024-10-05 01:00:00,2024-10-05 01:00:00,DEV_005,76,94,58,35
DEV_005_2024-10-05 02:00:00,2024-10-05 02:00:00,DEV_005,86,18,31,89
DEV_005_2024-10-05 03:00:00,2024-10-05 03:00:00,DEV_005,25,60,27,3
DEV_005_2024-10-05 04:00:00,2024-10-05 04:00:00,DEV_005,86,58,82,91
DEV_005_2024-10-05 05:00:00,2024-10-05 05:00:00,DEV_005,76,32,83,25
DEV_005_2024-10-05 06:00:00,2024-10-05 06:00:00,DEV_005,79,60,81,78
DEV_005_2024-10-05 07:00:00,2024-10-05 07:00:00,DEV_005,95,15,78,24
DEV_005_2024-10-05 08:00:00,2024-10-05 08:00:00,DEV_005,84,49,49,96
DEV_005_2024-10-05 09:00:00,2024-10-05 09:00:00,DEV_005,48,52,31,95
DEV_005_2024-10-05 10:00:00,2024-10-05 10:00:00,DEV_005,29,59,54,88
DEV_005_2024-10-05 11:00:00,2024-10-05 11:00:00,DEV_005,96,52,98,38
DEV_005_2024-10-05 12:00:00,2024-10-05 12:00:00,DEV_005,97,82,96,13
DEV_005_2024-10-05 13:00:00,2024-10-05 13:00:00,DEV_005,15,78,48,99
DEV_005_2024-10-05 14:00:00,2024-10-05 14:00:00,DEV_005,49,87,57,18
DEV_005_2024-10-05 15:00:00,2024-10-05 15:00:00,DEV_005,77,92,47,33
DEV_005_2024-10-05 16:00:00,2024-10-05 16:00:00,DEV_005,92,59,75,69
DEV_005_2024-10-05 17:00:00,2024-10-05 17:00:00,DEV_005,30,9,61,7
DEV_005_2024-10-05 18:00:00,2024-10-05 18:00:00,DEV_005,91,47,21,48
DEV_005_2024-10-05 19:00:00,2024-10-05 19:00:00,DEV_005,14,32,46,43
DEV_005_2024-10-05 20:00:00,2024-10-05 20:00:00,DEV_005,31,46,6,9
DEV_005_2024-10-05 21:00:00,2024-10-05 21:00:00,DEV_005,14,66,30,79
DEV_005_2024-10-05 22:00:00,2024-10-05 22:00:00,DEV_005,62,99,55,89
DEV_005_2024-10-05 23:00:00,2024-10-05 23:00:00,DEV_005,55,30,59,73
DEV_005_2024-10-06 00:00:00,2024-10-06 00:00:00,DEV_005,63,50,54,54
DEV_005_2024-10-06 01:00:00,2024-10-06 01:00:00,DEV_005,42,70,37,49
DEV_005_2024-10-06 02:00:00,2024-10-06 02:00:00,DEV_005,59,96,89,87
DEV_005_2024-10-06 03:00:00,2024-10-06 03:00:00,DEV_005,62,87,5,9
DEV_005_2024-10-06 04:00:00,2024-10-06 04:00:00,DEV_005,46,71,46,52
DEV_005_2024-10-06 05:00:00,2024-10-06 05:00:00,DEV_005,92,48,82,52
DEV_005_2024-10-06 06:00:00,2024-10-06 06:00:00,DEV_005,58,8,82,89
DEV_005_2024-10-06 07:00:00,2024-10-06 07:00:00,DEV_005,73,90,75,42
DEV_005_2024-10-06 08:00:00,2024-10-06 08:00:00,DEV_005,32,8,26,34
DEV_005_2024-10-06 09:00:00,2024-10-06 09:00:00,DEV_005,84,61,7,70
DEV_005_2024-10-06 10:00:00,2024-10-06 10:00:00,DEV_005,66,5,24,89
DEV_005_2024-10-06 11:00:00,2024-10-06 11:00:00,DEV_005,45,74,85,6
DEV_005_2024-10-06 12:00:00,2024-10-06 12:00:00,DEV_005,32,8,48,76
DEV_005_2024-10-06 13:00:00,2024-10-06 13:00:00,DEV_005,2,73,45,54
DEV_005_2024-10-06 14:00:00,2024-10-06 14:00:00,DEV_005,12,68,81,70
DEV_005_2024-10-06 15:00:00,2024-10-06 15:00:00,DEV_005,68,3,15,44
DEV_005_2024-10-06 16:00:00,2024-10-06 16:00:00,DEV_005,22,99,89,50
DEV_005_2024-10-06 17:00:00,2024-10-06 17:00:00,DEV_005,96,46,43,62
DEV_005_2024-10-06 18:00:00,2024-10-06 18:00:00,DEV_005,73,6,73,16
DEV_005_2024-10-06 19:00:00,2024-10-06 19:00:00,DEV_005,98,97,57,33
DEV_005_2024-10-06 20:00:00,2024-10-06 20:00:00,DEV_005,82,49,78,4
DEV_005_2024-10-06 21:00:00,2024-10-06 21:00:00,DEV_005,58,73,82,39
DEV_005_2024-10-06 22:00:00,2024-10-06 22:00:00,DEV_005,38,79,58,66
DEV_005_2024-10-06 23:00:00,2024-10-06 23:00:00,DEV_005,45,62,95,97
DEV_005_2024-10-07 00:00:00,2024-10-07 00:00:00,DEV_005,92,30,77,81
DEV_005_2024-10-07 01:00:00,2024-10-07 01:00:00,DEV_005,52,95,24,49
DEV_005_2024-10-07 02:00:00,2024-10-07 02:00:00,DEV_005,8,34,55,12
DEV_005_2024-10-07 03:00:00,2024-10-07 03:00:00,DEV_005,13,68,7,10
DEV_005_2024-10-07 04:00:00,2024-10-07 04:00:00,DEV_005,84,70,74,77
DEV_005_2024-10-07 05:00:00,2024-10-07 05:00:00,DEV_005,25,88,78,84
DEV_005_2024-10-07 06:00:00,2024-10-07 06:00:00,DEV_005,59,90,98,26
DEV_005_2024-10-07 07:00:00,2024-10-07 07:00:00,DEV_005,24,1,91,10
DEV_005_2024-10-07 08:00:00,2024-10-07 08:00:00,DEV_005,73,78,10,30
DEV_005_2024-10-07 09:00:00,2024-10-07 09:00:00,DEV_005,8,91,44,8
DEV_005_2024-10-07 10:00:00,2024-10-07 10:00:00,DEV_005,28,28,47,59
DEV_005_2024-10-07 11:00:00,2024-10-07 11:00:00,DEV_005,27,3,6,85
DEV_005_2024-10-07 12:00:00,2024-10-07 12:00:00,DEV_005,17,32,92,68
DEV_005_2024-10-07 13:00:00,2024-10-07 13:00:00,DEV_005,44,29,26,10
DEV_005_2024-10-07 14:00:00,2024-10-07 14:00:00,DEV_005,53,46,20,21
DEV_005_2024-10-07 15:00:00,2024-10-07 15:00:00,DEV_005,13,72,11,50
DEV_005_2024-10-07 16:00:00,2024-10-07 16:00:00,DEV_005,85,22,84,3
DEV_005_2024-10-07 17:00:00,2024-10-07 17:00:00,DEV_005,47,55,15,53
DEV_005_2024-10-07 18:00:00,2024-10-07 18:00:00,DEV_005,15,34,59,78
DEV_005_2024-10-07 19:00:00,2024-10-07 19:00:00,DEV_005,37,33,81,56
DEV_005_2024-10-07 20:00:00,2024-10-07 20:00:00,DEV_005,53,60,81,99
DEV_005_2024-10-07 21:00:00,2024-10-07 21:00:00,DEV_005,64,46,75,1
DEV_005_2024-10-07 22:00:00,2024-10-07 22:00:00,DEV_005,13,55,31,10
DEV_005_2024-10-07 23:00:00,2024-10-07 23:00:00,DEV_005,23,74,60,29
DEV_005_2024-10-08 00:00:00,2024-10-08 00:00:00,DEV_005,26,5,42,5
DEV_005_2024-10-08 01:00:00,2024-10-08 01:00:00,DEV_005,1,9,80,68
DEV_005_2024-10-08 02:00:00,2024-10-08 02:00:00,DEV_005,69,50,31,75
DEV_005_2024-10-08 03:00:00,2024-10-08 03:00:00,DEV_005,99,36,55,85
DEV_005_2024-10-08 04:00:00,2024-10-08 04:00:00,DEV_005,11,44,42,39
DEV_005_2024-10-08 05:00:00,2024-10-08 05:00:00,DEV_005,14,64,46,76
DEV_005_2024-10-08 06:00:00,2024-10-08 06:00:00,DEV_005,17,39,73,71
DEV_005_2024-10-08 07:00:00,2024-10-08 07:00:00,DEV_005,89,75,27,72
DEV_005_2024-10-08 08:00:00,2024-10-08 08:00:00,DEV_005,17,29,13,30
DEV_005_2024-10-08 09:00:00,2024-10-08 09:00:00,DEV_005,59,92,23,9
DEV_005_2024-10-08 10:00:00,2024-10-08 10:00:00,DEV_005,83,93,27,11
DEV_005_2024-10-08 11:00:00,2024-10-08 11:00:00,DEV_005,75,78,22,83
DEV_005_2024-10-08 12:00:00,2024-10-08 12:00:00,DEV_005,20,91,91,61
DEV_005_2024-10-08 13:00:00,2024-10-08 13:00:00,DEV_005,17,4,11,25
DEV_005_2024-10-08 14:00:00,2024-10-08 14:00:00,DEV_005,73,77,18,21
DEV_005_2024-10-08 15:00:00,2024-10-08 15:00:00,DEV_005,38,79,98,93
DEV_005_2024-10-08 16:00:00,2024-10-08 16:00:00,DEV_005,35,10,71,36
DEV_005_2024-10-08 17:00:00,2024-10-08 17:00:00,DEV_005,79,52,41,27
DEV_005_2024-10-08 18:00:00,2024-10-08 18:00:00,DEV_005,90,57,3,67
DEV_005_2024-10-08 19:00:00,2024-10-08 19:00:00,DEV_005,91,6,66,10
DEV_005_2024-10-08 20:00:00,2024-10-08 20:00:00,DEV_005,91,48,3,74
DEV_005_2024-10-08 21:00:00,2024-10-08 21:00:00,DEV_005,6,84,42,72
DEV_005_2024-10-08 22:00:00,2024-10-08 22:00:00,DEV_005,66,79,42,38
DEV_005_2024-10-08 23:00:00,2024-10-08 23:00:00,DEV_005,67,4,99,39
DEV_005_2024-10-09 00:00:00,2024-10-09 00:00:00,DEV_005,82,37,79,30
DEV_005_2024-10-09 01:00:00,2024-10-09 01:00:00,DEV_005,72,60,52,45
DEV_005_2024-10-09 02:00:00,2024-10-09 02:00:00,DEV_005,85,47,64,60
DEV_005_2024-10-09 03:00:00,2024-10-09 03:00:00,DEV_005,20,38,69,57
DEV_005_2024-10-09 04:00:00,2024-10-09 04:00:00,DEV_005,46,11,86,91
DEV_005_2024-10-09 05:00:00,2024-10-09 05:00:00,DEV_005,85,21,26,51
DEV_005_2024-10-09 06:00:00,2024-10-09 06:00:00,DEV_005,68,81,92,74
DEV_005_2024-10-09 07:00:00,2024-10-09 07:00:00,DEV_005,54,40,37,59
DEV_005_2024-10-09 08:00:00,2024-10-09 08:00:00,DEV_005,58,83,47,7
DEV_005_2024-10-09 09:00:00,2024-10-09 09:00:00,DEV_005,24,43,84,74
DEV_005_2024-10-09 10:00:00,2024-10-09 10:00:00,DEV_005,59,46,57,51
DEV_005_2024-10-09 11:00:00,2024-10-09 11:00:00,DEV_005,73,57,11,3
DEV_005_2024-10-09 12:00:00,2024-10-09 12:00:00,DEV_005,36,95,48,91
DEV_005_2024-10-09 13:00:00,2024-10-09 13:00:00,DEV_005,74,28,72,46
DEV_005_2024-10-09 14:00:00,2024-10-09 14:00:00,DEV_005,44,41,77,68
DEV_005_2024-10-09 15:00:00,2024-10-09 15:00:00,DEV_005,49,82,36,53
DEV_005_2024-10-09 16:00:00,2024-10-09 16:00:00,DEV_005,11,23,20,13
DEV_005_2024-10-09 17:00:00,2024-10-09 17:00:00,DEV_005,56,6,7,61
DEV_005_2024-10-09 18:00:00,2024-10-09 18:00:00,DEV_005,68,59,36,56
DEV_005_2024-10-09 19:00:00,2024-10-09 19:00:00,DEV_005,17,13,39,41
DEV_005_2024-10-09 20:00:00,2024-10-09 20:00:00,DEV_005,28,60,75,4
DEV_005_2024-10-09 21:00:00,2024-10-09 21:00:00,DEV_005,55,37,42,94
DEV_005_2024-10-09 22:00:00,2024-10-09 22:00:00,DEV_005,13,60,7,82
DEV_005_2024-10-09 23:00:00,2024-10-09 23:00:00,DEV_005,1,58,14,48
DEV_005_2024-10-10 00:00:00,2024-10-10 00:00:00,DEV_005,49,30,2,1
DEV_005_2024-10-10 01:00:00,2024-10-10 01:00:00,DEV_005,76,89,66,39
DEV_005_2024-10-10 02:00:00,2024-10-10 02:00:00,DEV_005,55,67,7,83
DEV_005_2024-10-10 03:00:00,2024-10-10 03:00:00,DEV_005,34,48,20,6
DEV_005_2024-10-10 04:00:00,2024-10-10 04:00:00,DEV_005,95,64,32,69
DEV_005_2024-10-10 05:00:00,2024-10-10 05:00:00,DEV_005,93,40,28,34
DEV_005_2024-10-10 06:00:00,2024-10-10 06:00:00,DEV_005,49,74,1,94
DEV_005_2024-10-10 07:00:00,2024-10-10 07:00:00,DEV_005,30,27,85,87
DEV_005_2024-10-10 08:00:00,2024-10-10 08:00:00,DEV_005,79,44,63,75
DEV_005_2024-10-10 09:00:00,2024-10-10 09:00:00,DEV_005,82,8,13,84
DEV_005_2024-10-10 10:00:00,2024-10-10 10:00:00,DEV_005,99,98,12,99
DEV_005_2024-10-10 11:00:00,2024-10-10 11:00:00,DEV_005,24,90,93,54
DEV_005_2024-10-10 12:00:00,2024-10-10 12:00:00,DEV_005,75,48,46,48
DEV_005_2024-10-10 13:00:00,2024-10-10 13:00:00,DEV_005,36,35,83,42
DEV_005_2024-10-10 14:00:00,2024-10-10 14:00:00,DEV_005,86,86,99,67
DEV_005_2024-10-10 15:00:00,2024-10-10 15:00:00,DEV_005,40,46,9,16
DEV_005_2024-10-10 16:00:00,2024-10-10 16:00:00,DEV_005,74,87,2,6
DEV_005_2024-10-10 17:00:00,2024-10-10 17:00:00,DEV_005,74,9,26,50
DEV_005_2024-10-10 18:00:00,2024-10-10 18:00:00,DEV_005,27,21,11,94
DEV_005_2024-10-10 19:00:00,2024-10-10 19:00:00,DEV_005,35,38,22,80
DEV_005_2024-10-10 20:00:00,2024-10-10 20:00:00,DEV_005,65,71,87,35
DEV_005_2024-10-10 21:00:00,2024-10-10 21:00:00,DEV_005,60,35,35,11
DEV_005_2024-10-10 22:00:00,2024-10-10 22:00:00,DEV_005,6,49,70,29
DEV_005_2024-10-10 23:00:00,2024-10-10 23:00:00,DEV_005,68,2,81,74
DEV_005_2024-10-11 00:00:00,2024-10-11 00:00:00,DEV_005,51,83,21,10
DEV_005_2024-10-11 01:00:00,2024-10-11 01:00:00,DEV_005,42,66,38,1
DEV_005_2024-10-11 02:00:00,2024-10-11 02:00:00,DEV_005,89,7,66,49
DEV_005_2024-10-11 03:00:00,2024-10-11 03:00:00,DEV_005,5,98,2,53
DEV_005_2024-10-11 04:00:00,2024-10-11 04:00:00,DEV_005,10,13,54,62
DEV_005_2024-10-11 05:00:00,2024-10-11 05:00:00,DEV_005,91,26,99,48
DEV_005_2024-10-11 06:00:00,2024-10-11 06:00:00,DEV_005,68,48,51,19
DEV_005_2024-10-11 07:00:00,2024-10-11 07:00:00,DEV_005,23,1,99,36
DEV_005_2024-10-11 08:00:00,2024-10-11 08:00:00,DEV_005,5,83,90,8
DEV_005_2024-10-11 09:00:00,2024-10-11 09:00:00,DEV_005,89,30,48,20
DEV_005_2024-10-11 10:00:00,2024-10-11 10:00:00,DEV_005,33,96,70,95
DEV_005_2024-10-11 11:00:00,2024-10-11 11:00:00,DEV_005,81,59,54,97
DEV_005_2024-10-11 12:00:00,2024-10-11 12:00:00,DEV_005,71,19,91,34
DEV_005_2024-10-11 13:00:00,2024-10-11 13:00:00,DEV_005,8,97,18,93
DEV_005_2024-10-11 14:00:00,2024-10-11 14:00:00,DEV_005,12,8,30,26
DEV_005_2024-10-11 15:00:00,2024-10-11 15:00:00,DEV_005,32,29,82,37
DEV_005_2024-10-11 16:00:00,2024-10-11 16:00:00,DEV_005,43,23,83,91
DEV_005_2024-10-11 17:00:00,2024-10-11 17:00:00,DEV_005,25,21,29,38
DEV_005_2024-10-11 18:00:00,2024-10-11 18:00:00,DEV_005,52,3,50,80
DEV_005_2024-10-11 19:00:00,2024-10-11 19:00:00,DEV_005,28,54,19,3
DEV_005_2024-10-11 20:00:00,2024-10-11 20:00:00,DEV_005,16,75,66,6
DEV_005_2024-10-11 21:00:00,2024-10-11 21:00:00,DEV_005,22,64,86,52
DEV_005_2024-10-11 22:00:00,2024-10-11 22:00:00,DEV_005,89,88,28,18
DEV_005_2024-10-11 23:00:00,2024-10-11 23:00:00,DEV_005,64,84,65,34
DEV_005_2024-10-12 00:00:00,2024-10-12 00:00:00,DEV_005,29,38,55,65
DEV_005_2024-10-12 01:00:00,2024-10-12 01:00:00,DEV_005,61,30,33,21
DEV_005_2024-10-12 02:00:00,2024-10-12 02:00:00,DEV_005,75,51,25,71
DEV_005_2024-10-12 03:00:00,2024-10-12 03:00:00,DEV_005,25,76,5,80
DEV_005_2024-10-12 04:00:00,2024-10-12 04:00:00,DEV_005,40,70,11,41
DEV_005_2024-10-12 05:00:00,2024-10-12 05:00:00,DEV_005,31,83,18,82
DEV_005_2024-10-12 06:00:00,2024-10-12 06:00:00,DEV_005,34,34,25,24
DEV_005_2024-10-12 07:00:00,2024-10-12 07:00:00,DEV_005,6,6,85,45
DEV_005_2024-10-12 08:00:00,2024-10-12 08:00:00,DEV_005,62,49,7,39
DEV_005_2024-10-12 09:00:00,2024-10-12 09:00:00,DEV_005,14,23,87,29
DEV_005_2024-10-12 10:00:00,2024-10-12 10:00:00,DEV_005,39,98,32,62
DEV_005_2024-10-12 11:00:00,2024-10-12 11:00:00,DEV_005,90,58,22,27
DEV_005_2024-10-12 12:00:00,2024-10-12 12:00:00,DEV_005,2,44,33,15
DEV_005_2024-10-12 13:00:00,2024-10-12 13:00:00,DEV_005,20,14,32,94
DEV_005_2024-10-12 14:00:00,2024-10-12 14:00:00,DEV_005,2,95,99,54
DEV_005_2024-10-12 15:00:00,2024-10-12 15:00:00,DEV_005,45,45,43,92
DEV_005_2024-10-12 16:00:00,2024-10-12 16:00:00,DEV_005,26,64,40,63
DEV_005_2024-10-12 17:00:00,2024-10-12 17:00:00,DEV_005,51,94,11,31
DEV_005_2024-10-12 18:00:00,2024-10-12 18:00:00,DEV_005,47,49,21,18
DEV_005_2024-10-12 19:00:00,2024-10-12 19:00:00,DEV_005,5,82,29,66
DEV_005_2024-10-12 20:00:00,2024-10-12 20:00:00,DEV_005,36,12,7,2
DEV_005_2024-10-12 21:00:00,2024-10-12 21:00:00,DEV_005,46,11,30,38
DEV_005_2024-10-12 22:00:00,2024-10-12 22:00:00,DEV_005,22,70,22,47
DEV_005_2024-10-12 23:00:00,2024-10-12 23:00:00,DEV_005,70,20,46,58
DEV_005_2024-10-13 00:00:00,2024-10-13 00:00:00,DEV_005,83,89,29,13
DEV_005_2024-10-13 01:00:00,2024-10-13 01:00:00,DEV_005,40,92,33,63
DEV_005_2024-10-13 02:00:00,2024-10-13 02:00:00,DEV_005,71,55,42,98
DEV_005_2024-10-13 03:00:00,2024-10-13 03:00:00,DEV_005,5,40,2,38
DEV_005_2024-10-13 04:00:00,2024-10-13 04:00:00,DEV_005,57,53,57,97
DEV_005_2024-10-13 05:00:00,2024-10-13 05:00:00,DEV_005,93,47,6,7
DEV_005_2024-10-13 06:00:00,2024-10-13 06:00:00,DEV_005,96,68,49,44
DEV_005_2024-10-13 07:00:00,2024-10-13 07:00:00,DEV_005,22,9,3,15
DEV_005_2024-10-13 08:00:00,2024-10-13 08:00:00,DEV_005,4,96,43,5
DEV_005_2024-10-13 09:00:00,2024-10-13 09:00:00,DEV_005,17,79,59,38
DEV_005_2024-10-13 10:00:00,2024-10-13 10:00:00,DEV_005,17,39,18,98
DEV_005_2024-10-13 11:00:00,2024-10-13 11:00:00,DEV_005,72,86,92,8
DEV_005_2024-10-13 12:00:00,2024-10-13 12:00:00,DEV_005,96,42,28,25
DEV_005_2024-10-13 13:00:00,2024-10-13 13:00:00,DEV_005,35,44,61,6
DEV_005_2024-10-13 14:00:00,2024-10-13 14:00:00,DEV_005,3,94,78,26
DEV_005_2024-10-13 15:00:00,2024-10-13 15:00:00,DEV_005,48,86,98,83
DEV_005_2024-10-13 16:00:00,2024-10-13 16:00:00,DEV_005,74,3,18,77
DEV_005_2024-10-13 17:00:00,2024-10-13 17:00:00,DEV_005,34,59,48,42
DEV_005_2024-10-13 18:00:00,2024-10-13 18:00:00,DEV_005,57,49,55,73
DEV_005_2024-10-13 19:00:00,2024-10-13 19:00:00,DEV_005,22,97,42,19
DEV_005_2024-10-13 20:00:00,2024-10-13 20:00:00,DEV_005,47,54,3,12
DEV_005_2024-10-13 21:00:00,2024-10-13 21:00:00,DEV_005,62,68,15,69
DEV_005_2024-10-13 22:00:00,2024-10-13 22:00:00,DEV_005,53,68,16,53
DEV_005_2024-10-13 23:00:00,2024-10-13 23:00:00,DEV_005,34,1,86,64
DEV_005_2024-10-14 00:00:00,2024-10-14 00:00:00,DEV_005,25,56,5,29
DEV_005_2024-10-14 01:00:00,2024-10-14 01:00:00,DEV_005,77,61,35,3
DEV_005_2024-10-14 02:00:00,2024-10-14 02:00:00,DEV_005,11,9,39,80
DEV_005_2024-10-14 03:00:00,2024-10-14 03:00:00,DEV_005,80,53,80,28
DEV_005_2024-10-14 04:00:00,2024-10-14 04:00:00,DEV_005,36,30,93,46
DEV_005_2024-10-14 05:00:00,2024-10-14 05:00:00,DEV_005,40,19,71,51
DEV_005_2024-10-14 06:00:00,2024-10-14 06:00:00,DEV_005,35,8,37,42
DEV_005_2024-10-14 07:00:00,2024-10-14 07:00:00,DEV_005,57,97,81,82
DEV_005_2024-10-14 08:00:00,2024-10-14 08:00:00,DEV_005,22,99,49,13
DEV_005_2024-10-14 09:00:00,2024-10-14 09:00:00,DEV_005,68,11,45,53
DEV_005_2024-10-14 10:00:00,2024-10-14 10:00:00,DEV_005,92,67,18,36
DEV_005_2024-10-14 11:00:00,2024-10-14 11:00:00,DEV_005,67,17,56,35
DEV_005_2024-10-14 12:00:00,2024-10-14 12:00:00,DEV_005,53,71,63,92
DEV_005_2024-10-14 13:00:00,2024-10-14 13:00:00,DEV_005,4,97,62,9
DEV_005_2024-10-14 14:00:00,2024-10-14 14:00:00,DEV_005,91,88,14,77
DEV_005_2024-10-14 15:00:00,2024-10-14 15:00:00,DEV_005,20,72,74,69
DEV_005_2024-10-14 16:00:00,2024-10-14 16:00:00,DEV_005,55,7,20,43
DEV_005_2024-10-14 17:00:00,2024-10-14 17:00:00,DEV_005,94,27,23,86
DEV_005_2024-10-14 18:00:00,2024-10-14 18:00:00,DEV_005,63,87,56,87
DEV_005_2024-10-14 19:00:00,2024-10-14 19:00:00,DEV_005,1,8,4,95
DEV_005_2024-10-14 20:00:00,2024-10-14 20:00:00,DEV_005,86,73,73,51
DEV_005_2024-10-14 21:00:00,2024-10-14 21:00:00,DEV_005,50,15,99,71
DEV_005_2024-10-14 22:00:00,2024-10-14 22:00:00,DEV_005,8,31,73,14
DEV_005_2024-10-14 23:00:00,2024-10-14 23:00:00,DEV_005,18,6,54,99
DEV_005_2024-10-15 00:00:00,2024-10-15 00:00:00,DEV_005,43,72,80,61
DEV_005_2024-10-15 01:00:00,2024-10-15 01:00:00,DEV_005,96,72,41,94
DEV_005_2024-10-15 02:00:00,2024-10-15 02:00:00,DEV_005,93,20,71,10
DEV_005_2024-10-15 03:00:00,2024-10-15 03:00:00,DEV_005,80,52,55,65
DEV_005_2024-10-15 04:00:00,2024-10-15 04:00:00,DEV_005,97,71,93,77
DEV_005_2024-10-15 05:00:00,2024-10-15 05:00:00,DEV_005,40,67,20,15
DEV_005_2024-10-15 06:00:00,2024-10-15 06:00:00,DEV_005,35,28,83,38
DEV_005_2024-10-15 07:00:00,2024-10-15 07:00:00,DEV_005,67,7,32,43
DEV_005_2024-10-15 08:00:00,2024-10-15 08:00:00,DEV_005,60,13,7,91
DEV_005_2024-10-15 09:00:00,2024-10-15 09:00:00,DEV_005,30,36,48,92
DEV_005_2024-10-15 10:00:00,2024-10-15 10:00:00,DEV_005,30,16,50,76
DEV_005_2024-10-15 11:00:00,2024-10-15 11:00:00,DEV_005,38,40,72,83
DEV_005_2024-10-15 12:00:00,2024-10-15 12:00:00,DEV_005,40,67,61,36
DEV_005_2024-10-15 13:00:00,2024-10-15 13:00:00,DEV_005,65,78,86,93
DEV_005_2024-10-15 14:00:00,2024-10-15 14:00:00,DEV_005,26,71,30,12
DEV_005_2024-10-15 15:00:00,2024-10-15 15:00:00,DEV_005,26,29,34,37
DEV_005_2024-10-15 16:00:00,2024-10-15 16:00:00,DEV_005,66,36,5,39
DEV_005_2024-10-15 17:00:00,2024-10-15 17:00:00,DEV_005,16,84,22,2
DEV_005_2024-10-15 18:00:00,2024-10-15 18:00:00,DEV_005,28,96,85,40
DEV_005_2024-10-15 19:00:00,2024-10-15 19:00:00,DEV_005,75,26,91,97
DEV_005_2024-10-15 20:00:00,2024-10-15 20:00:00,DEV_005,18,42,72,80
DEV_005_2024-10-15 21:00:00,2024-10-15 21:00:00,DEV_005,74,38,88,82
DEV_005_2024-10-15 22:00:00,2024-10-15 22:00:00,DEV_005,21,30,57,79
DEV_005_2024-10-15 23:00:00,2024-10-15 23:00:00,DEV_005,39,44,3,58
DEV_005_2024-10-16 00:00:00,2024-10-16 00:00:00,DEV_005,37,41,22,20
DEV_005_2024-10-16 01:00:00,2024-10-16 01:00:00,DEV_005,20,73,55,45
DEV_005_2024-10-16 02:00:00,2024-10-16 02:00:00,DEV_005,90,41,1,84
DEV_005_2024-10-16 03:00:00,2024-10-16 03:00:00,DEV_005,8,80,94,65
DEV_005_2024-10-16 04:00:00,2024-10-16 04:00:00,DEV_005,79,41,53,72
DEV_005_2024-10-16 05:00:00,2024-10-16 05:00:00,DEV_005,87,65,49,64
DEV_005_2024-10-16 06:00:00,2024-10-16 06:00:00,DEV_005,60,4,4,49
DEV_005_2024-10-16 07:00:00,2024-10-16 07:00:00,DEV_005,49,52,56,24
DEV_005_2024-10-16 08:00:00,2024-10-16 08:00:00,DEV_005,14,80,6,43
DEV_005_2024-10-16 09:00:00,2024-10-16 09:00:00,DEV_005,78,8,64,52
DEV_005_2024-10-16 10:00:00,2024-10-16 10:00:00,DEV_005,87,14,22,55
DEV_005_2024-10-16 11:00:00,2024-10-16 11:00:00,DEV_005,26,52,41,88
DEV_005_2024-10-16 12:00:00,2024-10-16 12:00:00,DEV_005,67,63,86,25
DEV_005_2024-10-16 13:00:00,2024-10-16 13:00:00,DEV_005,84,32,28,81
DEV_005_2024-10-16 14:00:00,2024-10-16 14:00:00,DEV_005,62,47,36,33
DEV_005_2024-10-16 15:00:00,2024-10-16 15:00:00,DEV_005,35,82,15,74
DEV_005_2024-10-16 16:00:00,2024-10-16 16:00:00,DEV_005,92,75,16,48
DEV_005_2024-10-16 17:00:00,2024-10-16 17:00:00,DEV_005,97,99,32,16
DEV_005_2024-10-16 18:00:00,2024-10-16 18:00:00,DEV_005,63,81,40,94
DEV_005_2024-10-16 19:00:00,2024-10-16 19:00:00,DEV_005,19,53,3,12
DEV_005_2024-10-16 20:00:00,2024-10-16 20:00:00,DEV_005,50,8,7,80
DEV_005_2024-10-16 21:00:00,2024-10-16 21:00:00,DEV_005,33,22,57,60
DEV_005_2024-10-16 22:00:00,2024-10-16 22:00:00,DEV_005,64,39,64,12
DEV_005_2024-10-16 23:00:00,2024-10-16 23:00:00,DEV_005,91,85,89,50
DEV_005_2024-10-17 00:00:00,2024-10-17 00:00:00,DEV_005,89,7,14,27
DEV_005_2024-10-17 01:00:00,2024-10-17 01:00:00,DEV_005,70,60,73,49
DEV_005_2024-10-17 02:00:00,2024-10-17 02:00:00,DEV_005,62,47,31,1
DEV_005_2024-10-17 03:00:00,2024-10-17 03:00:00,DEV_005,95,28,4,40
DEV_005_2024-10-17 04:00:00,2024-10-17 04:00:00,DEV_005,71,92,74,31
DEV_005_2024-10-17 05:00:00,2024-10-17 05:00:00,DEV_005,49,39,7,26
DEV_005_2024-10-17 06:00:00,2024-10-17 06:00:00,DEV_005,71,8,5,92
DEV_005_2024-10-17 07:00:00,2024-10-17 07:00:00,DEV_005,78,88,20,88
DEV_005_2024-10-17 08:00:00,2024-10-17 08:00:00,DEV_005,6,96,16,23
DEV_005_2024-10-17 09:00:00,2024-10-17 09:00:00,DEV_005,17,20,62,88
DEV_005_2024-10-17 10:00:00,2024-10-17 10:00:00,DEV_005,24,55,43,40
DEV_005_2024-10-17 11:00:00,2024-10-17 11:00:00,DEV_005,83,22,80,9
DEV_005_2024-10-17 12:00:00,2024-10-17 12:00:00,DEV_005,6,4,94,42
DEV_005_2024-10-17 13:00:00,2024-10-17 13:00:00,DEV_005,41,26,21,96
DEV_005_2024-10-17 14:00:00,2024-10-17 14:00:00,DEV_005,60,84,27,94
DEV_005_2024-10-17 15:00:00,2024-10-17 15:00:00,DEV_005,24,23,44,51
DEV_005_2024-10-17 16:00:00,2024-10-17 16:00:00,DEV_005,27,13,33,69
DEV_005_2024-10-17 17:00:00,2024-10-17 17:00:00,DEV_005,98,82,12,10
DEV_005_2024-10-17 18:00:00,2024-10-17 18:00:00,DEV_005,54,12,13,94
DEV_005_2024-10-17 19:00:00,2024-10-17 19:00:00,DEV_005,31,25,35,91
DEV_005_2024-10-17 20:00:00,2024-10-17 20:00:00,DEV_005,10,82,81,39
DEV_005_2024-10-17 21:00:00,2024-10-17 21:00:00,DEV_005,55,36,67,51
DEV_005_2024-10-17 22:00:00,2024-10-17 22:00:00,DEV_005,92,51,18,81
DEV_005_2024-10-17 23:00:00,2024-10-17 23:00:00,DEV_005,98,87,24,33
DEV_005_2024-10-18 00:00:00,2024-10-18 00:00:00,DEV_005,34,44,86,89
DEV_005_2024-10-18 01:00:00,2024-10-18 01:00:00,DEV_005,7,45,71,21
DEV_005_2024-10-18 02:00:00,2024-10-18 02:00:00,DEV_005,26,41,11,69
DEV_005_2024-10-18 03:00:00,2024-10-18 03:00:00,DEV_005,99,18,97,34
DEV_005_2024-10-18 04:00:00,2024-10-18 04:00:00,DEV_005,87,15,62,39
DEV_005_2024-10-18 05:00:00,2024-10-18 05:00:00,DEV_005,2,4,76,33
DEV_005_2024-10-18 06:00:00,2024-10-18 06:00:00,DEV_005,22,35,66,75
DEV_005_2024-10-18 07:00:00,2024-10-18 07:00:00,DEV_005,21,63,73,19
DEV_005_2024-10-18 08:00:00,2024-10-18 08:00:00,DEV_005,67,20,43,66
DEV_005_2024-10-18 09:00:00,2024-10-18 09:00:00,DEV_005,52,1,28,89
DEV_005_2024-10-18 10:00:00,2024-10-18 10:00:00,DEV_005,73,67,27,83
DEV_005_2024-10-18 11:00:00,2024-10-18 11:00:00,DEV_005,28,88,26,79
DEV_005_2024-10-18 12:00:00,2024-10-18 12:00:00,DEV_005,76,67,72,30
DEV_005_2024-10-18 13:00:00,2024-10-18 13:00:00,DEV_005,38,70,40,86
DEV_005_2024-10-18 14:00:00,2024-10-18 14:00:00,DEV_005,98,38,71,49
DEV_005_2024-10-18 15:00:00,2024-10-18 15:00:00,DEV_005,82,46,63,73
DEV_005_2024-10-18 16:00:00,2024-10-18 16:00:00,DEV_005,67,93,5,22
DEV_005_2024-10-18 17:00:00,2024-10-18 17:00:00,DEV_005,91,62,96,90
DEV_005_2024-10-18 18:00:00,2024-10-18 18:00:00,DEV_005,53,76,29,39
DEV_005_2024-10-18 19:00:00,2024-10-18 19:00:00,DEV_005,65,73,88,92
DEV_005_2024-10-18 20:00:00,2024-10-18 20:00:00,DEV_005,49,2,8,92
DEV_005_2024-10-18 21:00:00,2024-10-18 21:00:00,DEV_005,52,67,66,5
DEV_005_2024-10-18 22:00:00,2024-10-18 22:00:00,DEV_005,77,70,43,8
DEV_005_2024-10-18 23:00:00,2024-10-18 23:00:00,DEV_005,14,13,91,40
DEV_005_2024-10-19 00:00:00,2024-10-19 00:00:00,DEV_005,39,44,12,12
DEV_005_2024-10-19 01:00:00,2024-10-19 01:00:00,DEV_005,17,38,35,60
DEV_005_2024-10-19 02:00:00,2024-10-19 02:00:00,DEV_005,66,60,46,90
DEV_005_2024-10-19 03:00:00,2024-10-19 03:00:00,DEV_005,68,60,79,84
DEV_005_2024-10-19 04:00:00,2024-10-19 04:00:00,DEV_005,9,5,87,42
DEV_005_2024-10-19 05:00:00,2024-10-19 05:00:00,DEV_005,21,85,74,17
DEV_005_2024-10-19 06:00:00,2024-10-19 06:00:00,DEV_005,43,51,22,60
DEV_005_2024-10-19 07:00:00,2024-10-19 07:00:00,DEV_005,34,45,49,36
DEV_005_2024-10-19 08:00:00,2024-10-19 08:00:00,DEV_005,87,91,6,34
DEV_005_2024-10-19 09:00:00,2024-10-19 09:00:00,DEV_005,44,93,16,70
DEV_005_2024-10-19 10:00:00,2024-10-19 10:00:00,DEV_005,37,8,64,89
DEV_005_2024-10-19 11:00:00,2024-10-19 11:00:00,DEV_005,50,65,55,31
DEV_005_2024-10-19 12:00:00,2024-10-19 12:00:00,DEV_005,94,53,8,79
DEV_005_2024-10-19 13:00:00,2024-10-19 13:00:00,DEV_005,37,24,50,57
DEV_005_2024-10-19 14:00:00,2024-10-19 14:00:00,DEV_005,88,11,86,49
DEV_005_2024-10-19 15:00:00,2024-10-19 15:00:00,DEV_005,65,91,32,8
DEV_005_2024-10-19 16:00:00,2024-10-19 16:00:00,DEV_005,16,4,75,32
DEV_005_2024-10-19 17:00:00,2024-10-19 17:00:00,DEV_005,6,91,42,58
DEV_005_2024-10-19 18:00:00,2024-10-19 18:00:00,DEV_005,19,8,60,14
DEV_005_2024-10-19 19:00:00,2024-10-19 19:00:00,DEV_005,56,41,53,39
DEV_005_2024-10-19 20:00:00,2024-10-19 20:00:00,DEV_005,67,99,47,33
DEV_005_2024-10-19 21:00:00,2024-10-19 21:00:00,DEV_005,50,68,19,12
DEV_005_2024-10-19 22:00:00,2024-10-19 22:00:00,DEV_005,34,18,53,7
DEV_005_2024-10-19 23:00:00,2024-10-19 23:00:00,DEV_005,25,53,88,36
DEV_005_2024-10-20 00:00:00,2024-10-20 00:00:00,DEV_005,91,70,89,30
DEV_005_2024-10-20 01:00:00,2024-10-20 01:00:00,DEV_005,64,46,8,84
DEV_005_2024-10-20 02:00:00,2024-10-20 02:00:00,DEV_005,11,43,91,56
DEV_005_2024-10-20 03:00:00,2024-10-20 03:00:00,DEV_005,12,48,80,22
DEV_005_2024-10-20 04:00:00,2024-10-20 04:00:00,DEV_005,32,10,58,14
DEV_005_2024-10-20 05:00:00,2024-10-20 05:00:00,DEV_005,47,71,58,66
DEV_005_2024-10-20 06:00:00,2024-10-20 06:00:00,DEV_005,65,51,81,75
DEV_005_2024-10-20 07:00:00,2024-10-20 07:00:00,DEV_005,16,37,18,17
DEV_005_2024-10-20 08:00:00,2024-10-20 08:00:00,DEV_005,63,39,32,61
DEV_005_2024-10-20 09:00:00,2024-10-20 09:00:00,DEV_005,75,17,28,25
DEV_005_2024-10-20 10:00:00,2024-10-20 10:00:00,DEV_005,34,80,78,94
DEV_005_2024-10-20 11:00:00,2024-10-20 11:00:00,DEV_005,91,37,27,44
DEV_005_2024-10-20 12:00:00,2024-10-20 12:00:00,DEV_005,43,1,82,72
DEV_005_2024-10-20 13:00:00,2024-10-20 13:00:00,DEV_005,65,36,18,38
DEV_005_2024-10-20 14:00:00,2024-10-20 14:00:00,DEV_005,21,24,53,94
DEV_005_2024-10-20 15:00:00,2024-10-20 15:00:00,DEV_005,55,11,35,47
DEV_005_2024-10-20 16:00:00,2024-10-20 16:00:00,DEV_005,96,84,8,39
DEV_005_2024-10-20 17:00:00,2024-10-20 17:00:00,DEV_005,36,88,7,6
DEV_005_2024-10-20 18:00:00,2024-10-20 18:00:00,DEV_005,46,91,38,5
DEV_005_2024-10-20 19:00:00,2024-10-20 19:00:00,DEV_005,91,4,73,10
DEV_005_2024-10-20 20:00:00,2024-10-20 20:00:00,DEV_005,24,22,12,60
DEV_005_2024-10-20 21:00:00,2024-10-20 21:00:00,DEV_005,33,83,39,71
DEV_005_2024-10-20 22:00:00,2024-10-20 22:00:00,DEV_005,42,83,72,44
DEV_005_2024-10-20 23:00:00,2024-10-20 23:00:00,DEV_005,95,20,80,96
DEV_005_2024-10-21 00:00:00,2024-10-21 00:00:00,DEV_005,43,9,62,67
DEV_005_2024-10-21 01:00:00,2024-10-21 01:00:00,DEV_005,43,18,21,46
DEV_005_2024-10-21 02:00:00,2024-10-21 02:00:00,DEV_005,31,31,48,22
DEV_005_2024-10-21 03:00:00,2024-10-21 03:00:00,DEV_005,30,51,36,36
DEV_005_2024-10-21 04:00:00,2024-10-21 04:00:00,DEV_005,18,38,19,29
DEV_005_2024-10-21 05:00:00,2024-10-21 05:00:00,DEV_005,81,7,88,88
DEV_005_2024-10-21 06:00:00,2024-10-21 06:00:00,DEV_005,72,84,79,5
DEV_005_2024-10-21 07:00:00,2024-10-21 07:00:00,DEV_005,30,13,9,41
DEV_005_2024-10-21 08:00:00,2024-10-21 08:00:00,DEV_005,75,83,84,76
DEV_005_2024-10-21 09:00:00,2024-10-21 09:00:00,DEV_005,26,46,32,71
DEV_005_2024-10-21 10:00:00,2024-10-21 10:00:00,DEV_005,27,36,3,14
DEV_005_2024-10-21 11:00:00,2024-10-21 11:00:00,DEV_005,12,30,93,24
DEV_005_2024-10-21 12:00:00,2024-10-21 12:00:00,DEV_005,52,65,10,47
DEV_005_2024-10-21 13:00:00,2024-10-21 13:00:00,DEV_005,80,24,73,90
DEV_005_2024-10-21 14:00:00,2024-10-21 14:00:00,DEV_005,92,56,29,66
DEV_005_2024-10-21 15:00:00,2024-10-21 15:00:00,DEV_005,74,79,33,89
DEV_005_2024-10-21 16:00:00,2024-10-21 16:00:00,DEV_005,16,73,10,84
DEV_005_2024-10-21 17:00:00,2024-10-21 17:00:00,DEV_005,42,42,4,18
DEV_005_2024-10-21 18:00:00,2024-10-21 18:00:00,DEV_005,43,45,62,99
DEV_005_2024-10-21 19:00:00,2024-10-21 19:00:00,DEV_005,61,72,25,48
DEV_005_2024-10-21 20:00:00,2024-10-21 20:00:00,DEV_005,35,66,47,34
DEV_005_2024-10-21 21:00:00,2024-10-21 21:00:00,DEV_005,8,12,9,73
DEV_005_2024-10-21 22:00:00,2024-10-21 22:00:00,DEV_005,99,87,2,88
DEV_005_2024-10-21 23:00:00,2024-10-21 23:00:00,DEV_005,14,99,75,45
DEV_005_2024-10-22 00:00:00,2024-10-22 00:00:00,DEV_005,39,33,81,7
DEV_005_2024-10-22 01:00:00,2024-10-22 01:00:00,DEV_005,26,41,18,84
DEV_005_2024-10-22 02:00:00,2024-10-22 02:00:00,DEV_005,69,48,23,54
DEV_005_2024-10-22 03:00:00,2024-10-22 03:00:00,DEV_005,30,61,18,34
DEV_005_2024-10-22 04:00:00,2024-10-22 04:00:00,DEV_005,49,8,97,23
DEV_005_2024-10-22 05:00:00,2024-10-22 05:00:00,DEV_005,58,29,55,9
DEV_005_2024-10-22 06:00:00,2024-10-22 06:00:00,DEV_005,71,58,55,51
DEV_005_2024-10-22 07:00:00,2024-10-22 07:00:00,DEV_005,42,2,30,77
DEV_005_2024-10-22 08:00:00,2024-10-22 08:00:00,DEV_005,82,31,9,14
DEV_005_2024-10-22 09:00:00,2024-10-22 09:00:00,DEV_005,65,87,60,63
DEV_005_2024-10-22 10:00:00,2024-10-22 10:00:00,DEV_005,78,88,89,75
DEV_005_2024-10-22 11:00:00,2024-10-22 11:00:00,DEV_005,12,9,27,91
DEV_005_2024-10-22 12:00:00,2024-10-22 12:00:00,DEV_005,60,6,11,82
DEV_005_2024-10-22 13:00:00,2024-10-22 13:00:00,DEV_005,37,2,25,32
DEV_005_2024-10-22 14:00:00,2024-10-22 14:00:00,DEV_005,40,33,42,34
DEV_005_2024-10-22 15:00:00,2024-10-22 15:00:00,DEV_005,53,18,42,82
DEV_005_2024-10-22 16:00:00,2024-10-22 16:00:00,DEV_005,23,6,78,66
DEV_005_2024-10-22 17:00:00,2024-10-22 17:00:00,DEV_005,23,33,12,89
DEV_005_2024-10-22 18:00:00,2024-10-22 18:00:00,DEV_005,37,85,62,86
DEV_005_2024-10-22 19:00:00,2024-10-22 19:00:00,DEV_005,81,73,61,69
DEV_005_2024-10-22 20:00:00,2024-10-22 20:00:00,DEV_005,98,19,13,89
DEV_005_2024-10-22 21:00:00,2024-10-22 21:00:00,DEV_005,99,70,45,26
DEV_005_2024-10-22 22:00:00,2024-10-22 22:00:00,DEV_005,62,51,41,93
DEV_005_2024-10-22 23:00:00,2024-10-22 23:00:00,DEV_005,61,34,43,34
DEV_005_2024-10-23 00:00:00,2024-10-23 00:00:00,DEV_005,92,23,97,71
DEV_005_2024-10-23 01:00:00,2024-10-23 01:00:00,DEV_005,94,62,48,57
DEV_005_2024-10-23 02:00:00,2024-10-23 02:00:00,DEV_005,71,24,62,15
DEV_005_2024-10-23 03:00:00,2024-10-23 03:00:00,DEV_005,74,52,77,29
DEV_005_2024-10-23 04:00:00,2024-10-23 04:00:00,DEV_005,80,74,11,85
DEV_005_2024-10-23 05:00:00,2024-10-23 05:00:00,DEV_005,57,7,97,1
DEV_005_2024-10-23 06:00:00,2024-10-23 06:00:00,DEV_005,1,44,73,41
DEV_005_2024-10-23 07:00:00,2024-10-23 07:00:00,DEV_005,5,42,81,60
DEV_005_2024-10-23 08:00:00,2024-10-23 08:00:00,DEV_005,81,74,54,70
DEV_005_2024-10-23 09:00:00,2024-10-23 09:00:00,DEV_005,18,17,62,94
DEV_005_2024-10-23 10:00:00,2024-10-23 10:00:00,DEV_005,69,3,35,50
DEV_005_2024-10-23 11:00:00,2024-10-23 11:00:00,DEV_005,89,37,81,24
DEV_005_2024-10-23 12:00:00,2024-10-23 12:00:00,DEV_005,66,62,67,70
DEV_005_2024-10-23 13:00:00,2024-10-23 13:00:00,DEV_005,13,86,19,53
DEV_005_2024-10-23 14:00:00,2024-10-23 14:00:00,DEV_005,11,60,71,11
DEV_005_2024-10-23 15:00:00,2024-10-23 15:00:00,DEV_005,73,51,86,32
DEV_005_2024-10-23 16:00:00,2024-10-23 16:00:00,DEV_005,94,66,99,2
DEV_005_2024-10-23 17:00:00,2024-10-23 17:00:00,DEV_005,78,26,37,87
DEV_005_2024-10-23 18:00:00,2024-10-23 18:00:00,DEV_005,54,31,58,94
DEV_005_2024-10-23 19:00:00,2024-10-23 19:00:00,DEV_005,14,11,78,87
DEV_005_2024-10-23 20:00:00,2024-10-23 20:00:00,DEV_005,86,15,41,65
DEV_005_2024-10-23 21:00:00,2024-10-23 21:00:00,DEV_005,81,61,2,85
DEV_005_2024-10-23 22:00:00,2024-10-23 22:00:00,DEV_005,96,50,67,5
DEV_005_2024-10-23 23:00:00,2024-10-23 23:00:00,DEV_005,58,85,69,95
DEV_005_2024-10-24 00:00:00,2024-10-24 00:00:00,DEV_005,2,59,43,26
DEV_005_2024-10-24 01:00:00,2024-10-24 01:00:00,DEV_005,79,83,76,61
DEV_005_2024-10-24 02:00:00,2024-10-24 02:00:00,DEV_005,26,20,50,23
DEV_005_2024-10-24 03:00:00,2024-10-24 03:00:00,DEV_005,90,58,8,14
DEV_005_2024-10-24 04:00:00,2024-10-24 04:00:00,DEV_005,17,5,93,40
DEV_005_2024-10-24 05:00:00,2024-10-24 05:00:00,DEV_005,98,65,78,40
DEV_005_2024-10-24 06:00:00,2024-10-24 06:00:00,DEV_005,96,71,90,20
DEV_005_2024-10-24 07:00:00,2024-10-24 07:00:00,DEV_005,6,13,65,82
DEV_005_2024-10-24 08:00:00,2024-10-24 08:00:00,DEV_005,27,39,99,86
DEV_005_2024-10-24 09:00:00,2024-10-24 09:00:00,DEV_005,76,93,82,16
DEV_005_2024-10-24 10:00:00,2024-10-24 10:00:00,DEV_005,72,51,12,67
DEV_005_2024-10-24 11:00:00,2024-10-24 11:00:00,DEV_005,32,77,26,65
DEV_005_2024-10-24 12:00:00,2024-10-24 12:00:00,DEV_005,31,86,23,83
DEV_005_2024-10-24 13:00:00,2024-10-24 13:00:00,DEV_005,94,77,55,43
DEV_005_2024-10-24 14:00:00,2024-10-24 14:00:00,DEV_005,93,52,29,82
DEV_005_2024-10-24 15:00:00,2024-10-24 15:00:00,DEV_005,69,41,14,66
DEV_005_2024-10-24 16:00:00,2024-10-24 16:00:00,DEV_005,18,91,99,50
DEV_005_2024-10-24 17:00:00,2024-10-24 17:00:00,DEV_005,14,29,94,30
DEV_005_2024-10-24 18:00:00,2024-10-24 18:00:00,DEV_005,98,3,73,36
DEV_005_2024-10-24 19:00:00,2024-10-24 19:00:00,DEV_005,41,93,93,7
DEV_005_2024-10-24 20:00:00,2024-10-24 20:00:00,DEV_005,72,23,60,60
DEV_005_2024-10-24 21:00:00,2024-10-24 21:00:00,DEV_005,98,56,88,40
DEV_005_2024-10-24 22:00:00,2024-10-24 22:00:00,DEV_005,33,3,93,33
DEV_005_2024-10-24 23:00:00,2024-10-24 23:00:00,DEV_005,8,75,79,47
DEV_005_2024-10-25 00:00:00,2024-10-25 00:00:00,DEV_005,99,34,80,88
DEV_005_2024-10-25 01:00:00,2024-10-25 01:00:00,DEV_005,10,56,62,18
DEV_005_2024-10-25 02:00:00,2024-10-25 02:00:00,DEV_005,73,18,38,61
DEV_005_2024-10-25 03:00:00,2024-10-25 03:00:00,DEV_005,88,61,51,83
DEV_005_2024-10-25 04:00:00,2024-10-25 04:00:00,DEV_005,19,82,82,88
DEV_005_2024-10-25 05:00:00,2024-10-25 05:00:00,DEV_005,64,17,56,18
DEV_005_2024-10-25 06:00:00,2024-10-25 06:00:00,DEV_005,17,33,60,25
DEV_005_2024-10-25 07:00:00,2024-10-25 07:00:00,DEV_005,89,93,12,71
DEV_005_2024-10-25 08:00:00,2024-10-25 08:00:00,DEV_005,19,91,69,37
DEV_005_2024-10-25 09:00:00,2024-10-25 09:00:00,DEV_005,82,64,15,32
DEV_005_2024-10-25 10:00:00,2024-10-25 10:00:00,DEV_005,92,80,49,46
DEV_005_2024-10-25 11:00:00,2024-10-25 11:00:00,DEV_005,52,48,50,44
DEV_005_2024-10-25 12:00:00,2024-10-25 12:00:00,DEV_005,66,30,30,50
DEV_005_2024-10-25 13:00:00,2024-10-25 13:00:00,DEV_005,63,78,75,80
DEV_005_2024-10-25 14:00:00,2024-10-25 14:00:00,DEV_005,54,55,82,67
DEV_005_2024-10-25 15:00:00,2024-10-25 15:00:00,DEV_005,89,80,15,50
DEV_005_2024-10-25 16:00:00,2024-10-25 16:00:00,DEV_005,90,45,35,52
DEV_005_2024-10-25 17:00:00,2024-10-25 17:00:00,DEV_005,40,43,3,3
DEV_005_2024-10-25 18:00:00,2024-10-25 18:00:00,DEV_005,12,43,77,70
DEV_005_2024-10-25 19:00:00,2024-10-25 19:00:00,DEV_005,90,44,46,34
DEV_005_2024-10-25 20:00:00,2024-10-25 20:00:00,DEV_005,87,86,50,21
DEV_005_2024-10-25 21:00:00,2024-10-25 21:00:00,DEV_005,79,18,21,54
DEV_005_2024-10-25 22:00:00,2024-10-25 22:00:00,DEV_005,75,83,60,32
DEV_005_2024-10-25 23:00:00,2024-10-25 23:00:00,DEV_005,93,10,59,15
DEV_005_2024-10-26 00:00:00,2024-10-26 00:00:00,DEV_005,52,13,33,22
DEV_005_2024-10-26 01:00:00,2024-10-26 01:00:00,DEV_005,96,92,86,64
DEV_005_2024-10-26 02:00:00,2024-10-26 02:00:00,DEV_005,96,30,83,96
DEV_005_2024-10-26 03:00:00,2024-10-26 03:00:00,DEV_005,81,92,4,13
DEV_005_2024-10-26 04:00:00,2024-10-26 04:00:00,DEV_005,41,58,56,41
DEV_005_2024-10-26 05:00:00,2024-10-26 05:00:00,DEV_005,11,5,67,69
DEV_005_2024-10-26 06:00:00,2024-10-26 06:00:00,DEV_005,99,30,73,81
DEV_005_2024-10-26 07:00:00,2024-10-26 07:00:00,DEV_005,32,39,71,14
DEV_005_2024-10-26 08:00:00,2024-10-26 08:00:00,DEV_005,56,85,22,23
DEV_005_2024-10-26 09:00:00,2024-10-26 09:00:00,DEV_005,67,34,46,13
DEV_005_2024-10-26 10:00:00,2024-10-26 10:00:00,DEV_005,4,26,66,4
DEV_005_2024-10-26 11:00:00,2024-10-26 11:00:00,DEV_005,45,54,73,23
DEV_005_2024-10-26 12:00:00,2024-10-26 12:00:00,DEV_005,28,8,92,79
DEV_005_2024-10-26 13:00:00,2024-10-26 13:00:00,DEV_005,61,94,73,40
DEV_005_2024-10-26 14:00:00,2024-10-26 14:00:00,DEV_005,10,99,99,52
DEV_005_2024-10-26 15:00:00,2024-10-26 15:00:00,DEV_005,52,65,96,88
DEV_005_2024-10-26 16:00:00,2024-10-26 16:00:00,DEV_005,1,54,30,29
DEV_005_2024-10-26 17:00:00,2024-10-26 17:00:00,DEV_005,39,37,29,99
DEV_005_2024-10-26 18:00:00,2024-10-26 18:00:00,DEV_005,90,14,29,72
DEV_005_2024-10-26 19:00:00,2024-10-26 19:00:00,DEV_005,75,87,68,17
DEV_005_2024-10-26 20:00:00,2024-10-26 20:00:00,DEV_005,36,27,60,52
DEV_005_2024-10-26 21:00:00,2024-10-26 21:00:00,DEV_005,42,82,27,94
DEV_005_2024-10-26 22:00:00,2024-10-26 22:00:00,DEV_005,89,24,83,28
DEV_005_2024-10-26 23:00:00,2024-10-26 23:00:00,DEV_005,79,62,22,48
DEV_005_2024-10-27 00:00:00,2024-10-27 00:00:00,DEV_005,74,47,13,49
DEV_005_2024-10-27 01:00:00,2024-10-27 01:00:00,DEV_005,48,66,4,46
DEV_005_2024-10-27 02:00:00,2024-10-27 02:00:00,DEV_005,44,9,82,37
DEV_005_2024-10-27 03:00:00,2024-10-27 03:00:00,DEV_005,33,49,89,87
DEV_005_2024-10-27 04:00:00,2024-10-27 04:00:00,DEV_005,4,70,97,65
DEV_005_2024-10-27 05:00:00,2024-10-27 05:00:00,DEV_005,7,15,23,37
DEV_005_2024-10-27 06:00:00,2024-10-27 06:00:00,DEV_005,92,84,5,1
DEV_005_2024-10-27 07:00:00,2024-10-27 07:00:00,DEV_005,43,76,82,21
DEV_005_2024-10-27 08:00:00,2024-10-27 08:00:00,DEV_005,65,63,55,37
DEV_005_2024-10-27 09:00:00,2024-10-27 09:00:00,DEV_005,12,13,72,55
DEV_005_2024-10-27 10:00:00,2024-10-27 10:00:00,DEV_005,26,13,36,20
DEV_005_2024-10-27 11:00:00,2024-10-27 11:00:00,DEV_005,23,52,60,54
DEV_005_2024-10-27 12:00:00,2024-10-27 12:00:00,DEV_005,7,33,89,13
DEV_005_2024-10-27 13:00:00,2024-10-27 13:00:00,DEV_005,57,3,73,48
DEV_005_2024-10-27 14:00:00,2024-10-27 14:00:00,DEV_005,49,20,13,18
DEV_005_2024-10-27 15:00:00,2024-10-27 15:00:00,DEV_005,96,49,81,36
DEV_005_2024-10-27 16:00:00,2024-10-27 16:00:00,DEV_005,46,98,44,7
DEV_005_2024-10-27 17:00:00,2024-10-27 17:00:00,DEV_005,18,27,92,19
DEV_005_2024-10-27 18:00:00,2024-10-27 18:00:00,DEV_005,3,31,75,11
DEV_005_2024-10-27 19:00:00,2024-10-27 19:00:00,DEV_005,73,55,29,67
DEV_005_2024-10-27 20:00:00,2024-10-27 20:00:00,DEV_005,65,75,41,49
DEV_005_2024-10-27 21:00:00,2024-10-27 21:00:00,DEV_005,98,45,66,75
DEV_005_2024-10-27 22:00:00,2024-10-27 22:00:00,DEV_005,4,81,89,14
DEV_005_2024-10-27 23:00:00,2024-10-27 23:00:00,DEV_005,78,71,83,32
DEV_005_2024-10-28 00:00:00,2024-10-28 00:00:00,DEV_005,19,23,66,70
DEV_005_2024-10-28 01:00:00,2024-10-28 01:00:00,DEV_005,8,79,97,17
DEV_005_2024-10-28 02:00:00,2024-10-28 02:00:00,DEV_005,48,52,34,8
DEV_005_2024-10-28 03:00:00,2024-10-28 03:00:00,DEV_005,8,89,72,45
DEV_005_2024-10-28 04:00:00,2024-10-28 04:00:00,DEV_005,37,17,62,43
DEV_005_2024-10-28 05:00:00,2024-10-28 05:00:00,DEV_005,80,14,96,64
DEV_005_2024-10-28 06:00:00,2024-10-28 06:00:00,DEV_005,57,35,47,58
DEV_005_2024-10-28 07:00:00,2024-10-28 07:00:00,DEV_005,22,85,36,35
DEV_005_2024-10-28 08:00:00,2024-10-28 08:00:00,DEV_005,16,21,91,42
DEV_005_2024-10-28 09:00:00,2024-10-28 09:00:00,DEV_005,79,14,72,12
DEV_005_2024-10-28 10:00:00,2024-10-28 10:00:00,DEV_005,95,19,11,6
DEV_005_2024-10-28 11:00:00,2024-10-28 11:00:00,DEV_005,92,91,70,65
DEV_005_2024-10-28 12:00:00,2024-10-28 12:00:00,DEV_005,82,12,41,93
DEV_005_2024-10-28 13:00:00,2024-10-28 13:00:00,DEV_005,77,69,73,91
DEV_005_2024-10-28 14:00:00,2024-10-28 14:00:00,DEV_005,33,36,52,66
DEV_005_2024-10-28 15:00:00,2024-10-28 15:00:00,DEV_005,49,54,97,58
DEV_005_2024-10-28 16:00:00,2024-10-28 16:00:00,DEV_005,73,75,17,37
DEV_005_2024-10-28 17:00:00,2024-10-28 17:00:00,DEV_005,91,14,96,79
DEV_005_2024-10-28 18:00:00,2024-10-28 18:00:00,DEV_005,83,71,22,68
DEV_005_2024-10-28 19:00:00,2024-10-28 19:00:00,DEV_005,91,95,76,3
DEV_005_2024-10-28 20:00:00,2024-10-28 20:00:00,DEV_005,51,11,22,39
DEV_005_2024-10-28 21:00:00,2024-10-28 21:00:00,DEV_005,94,23,8,40
DEV_005_2024-10-28 22:00:00,2024-10-28 22:00:00,DEV_005,9,93,7,64
DEV_005_2024-10-28 23:00:00,2024-10-28 23:00:00,DEV_005,98,56,95,38
DEV_005_2024-10-29 00:00:00,2024-10-29 00:00:00,DEV_005,21,20,6,50
DEV_005_2024-10-29 01:00:00,2024-10-29 01:00:00,DEV_005,6,23,9,29
DEV_005_2024-10-29 02:00:00,2024-10-29 02:00:00,DEV_005,53,53,67,48
DEV_005_2024-10-29 03:00:00,2024-10-29 03:00:00,DEV_005,22,14,33,7
DEV_005_2024-10-29 04:00:00,2024-10-29 04:00:00,DEV_005,80,63,7,47
DEV_005_2024-10-29 05:00:00,2024-10-29 05:00:00,DEV_005,69,83,65,11
DEV_005_2024-10-29 06:00:00,2024-10-29 06:00:00,DEV_005,7,37,83,59
DEV_005_2024-10-29 07:00:00,2024-10-29 07:00:00,DEV_005,11,96,76,77
DEV_005_2024-10-29 08:00:00,2024-10-29 08:00:00,DEV_005,64,96,83,24
DEV_005_2024-10-29 09:00:00,2024-10-29 09:00:00,DEV_005,20,93,48,90
DEV_005_2024-10-29 10:00:00,2024-10-29 10:00:00,DEV_005,69,69,65,66
DEV_005_2024-10-29 11:00:00,2024-10-29 11:00:00,DEV_005,65,92,6,82
DEV_005_2024-10-29 12:00:00,2024-10-29 12:00:00,DEV_005,7,16,54,52
DEV_005_2024-10-29 13:00:00,2024-10-29 13:00:00,DEV_005,94,9,3,33
DEV_005_2024-10-29 14:00:00,2024-10-29 14:00:00,DEV_005,37,40,56,49
DEV_005_2024-10-29 15:00:00,2024-10-29 15:00:00,DEV_005,57,27,41,27
DEV_005_2024-10-29 16:00:00,2024-10-29 16:00:00,DEV_005,79,36,33,35
DEV_005_2024-10-29 17:00:00,2024-10-29 17:00:00,DEV_005,70,50,83,57
DEV_005_2024-10-29 18:00:00,2024-10-29 18:00:00,DEV_005,76,30,69,25
DEV_005_2024-10-29 19:00:00,2024-10-29 19:00:00,DEV_005,57,54,80,86
DEV_005_2024-10-29 20:00:00,2024-10-29 20:00:00,DEV_005,81,46,20,98
DEV_005_2024-10-29 21:00:00,2024-10-29 21:00:00,DEV_005,30,79,56,91
DEV_005_2024-10-29 22:00:00,2024-10-29 22:00:00,DEV_005,17,17,14,37
DEV_005_2024-10-29 23:00:00,2024-10-29 23:00:00,DEV_005,65,2,32,71
DEV_005_2024-10-30 00:00:00,2024-10-30 00:00:00,DEV_005,75,40,31,18
DEV_005_2024-10-30 01:00:00,2024-10-30 01:00:00,DEV_005,58,4,34,76
DEV_005_2024-10-30 02:00:00,2024-10-30 02:00:00,DEV_005,3,88,38,36
DEV_005_2024-10-30 03:00:00,2024-10-30 03:00:00,DEV_005,96,50,76,59
DEV_005_2024-10-30 04:00:00,2024-10-30 04:00:00,DEV_005,82,68,1,54
DEV_005_2024-10-30 05:00:00,2024-10-30 05:00:00,DEV_005,58,10,51,17
DEV_005_2024-10-30 06:00:00,2024-10-30 06:00:00,DEV_005,56,19,40,45
DEV_005_2024-10-30 07:00:00,2024-10-30 07:00:00,DEV_005,98,72,8,81
DEV_005_2024-10-30 08:00:00,2024-10-30 08:00:00,DEV_005,56,87,86,31
DEV_005_2024-10-30 09:00:00,2024-10-30 09:00:00,DEV_005,96,43,72,67
DEV_005_2024-10-30 10:00:00,2024-10-30 10:00:00,DEV_005,29,87,68,40
DEV_005_2024-10-30 11:00:00,2024-10-30 11:00:00,DEV_005,47,71,52,1
DEV_005_2024-10-30 12:00:00,2024-10-30 12:00:00,DEV_005,26,34,88,17
DEV_005_2024-10-30 13:00:00,2024-10-30 13:00:00,DEV_005,78,44,72,72
DEV_005_2024-10-30 14:00:00,2024-10-30 14:00:00,DEV_005,92,79,80,59
DEV_005_2024-10-30 15:00:00,2024-10-30 15:00:00,DEV_005,69,35,39,48
DEV_005_2024-10-30 16:00:00,2024-10-30 16:00:00,DEV_005,22,59,4,46
DEV_005_2024-10-30 17:00:00,2024-10-30 17:00:00,DEV_005,46,88,55,17
DEV_005_2024-10-30 18:00:00,2024-10-30 18:00:00,DEV_005,28,60,3,49
DEV_005_2024-10-30 19:00:00,2024-10-30 19:00:00,DEV_005,98,42,21,6
DEV_005_2024-10-30 20:00:00,2024-10-30 20:00:00,DEV_005,50,71,5,32
DEV_005_2024-10-30 21:00:00,2024-10-30 21:00:00,DEV_005,41,26,77,46
DEV_005_2024-10-30 22:00:00,2024-10-30 22:00:00,DEV_005,11,89,77,21
DEV_005_2024-10-30 23:00:00,2024-10-30 23:00:00,DEV_005,6,79,80,57
DEV_005_2024-10-31 00:00:00,2024-10-31 00:00:00,DEV_005,91,86,55,20
DEV_005_2024-10-31 01:00:00,2024-10-31 01:00:00,DEV_005,97,19,64,87
DEV_005_2024-10-31 02:00:00,2024-10-31 02:00:00,DEV_005,29,70,84,37
DEV_005_2024-10-31 03:00:00,2024-10-31 03:00:00,DEV_005,94,80,68,38
DEV_005_2024-10-31 04:00:00,2024-10-31 04:00:00,DEV_005,20,56,95,4
DEV_005_2024-10-31 05:00:00,2024-10-31 05:00:00,DEV_005,68,67,62,93
DEV_005_2024-10-31 06:00:00,2024-10-31 06:00:00,DEV_005,40,72,28,92
DEV_005_2024-10-31 07:00:00,2024-10-31 07:00:00,DEV_005,83,85,91,5
DEV_005_2024-10-31 08:00:00,2024-10-31 08:00:00,DEV_005,16,50,71,55
DEV_005_2024-10-31 09:00:00,2024-10-31 09:00:00,DEV_005,45,90,51,91
DEV_005_2024-10-31 10:00:00,2024-10-31 10:00:00,DEV_005,60,13,75,15
DEV_005_2024-10-31 11:00:00,2024-10-31 11:00:00,DEV_005,1,12,54,95
DEV_005_2024-10-31 12:00:00,2024-10-31 12:00:00,DEV_005,73,56,71,46
DEV_005_2024-10-31 13:00:00,2024-10-31 13:00:00,DEV_005,23,74,99,50
DEV_005_2024-10-31 14:00:00,2024-10-31 14:00:00,DEV_005,68,45,52,58
DEV_005_2024-10-31 15:00:00,2024-10-31 15:00:00,DEV_005,41,12,89,25
DEV_005_2024-10-31 16:00:00,2024-10-31 16:00:00,DEV_005,30,93,70,77
DEV_005_2024-10-31 17:00:00,2024-10-31 17:00:00,DEV_005,62,75,46,50
DEV_005_2024-10-31 18:00:00,2024-10-31 18:00:00,DEV_005,97,1,60,64
DEV_005_2024-10-31 19:00:00,2024-10-31 19:00:00,DEV_005,66,49,30,93
DEV_005_2024-10-31 20:00:00,2024-10-31 20:00:00,DEV_005,94,48,65,8
DEV_005_2024-10-31 21:00:00,2024-10-31 21:00:00,DEV_005,55,81,34,66
DEV_005_2024-10-31 22:00:00,2024-10-31 22:00:00,DEV_005,62,18,78,21
DEV_005_2024-10-31 23:00:00,2024-10-31 23:00:00,DEV_005,19,4,44,88
DEV_005_2024-11-01 00:00:00,2024-11-01 00:00:00,DEV_005,78,50,33,39
DEV_005_2024-11-01 01:00:00,2024-11-01 01:00:00,DEV_005,33,86,59,75
DEV_005_2024-11-01 02:00:00,2024-11-01 02:00:00,DEV_005,11,25,24,39
DEV_005_2024-11-01 03:00:00,2024-11-01 03:00:00,DEV_005,22,73,31,49
DEV_005_2024-11-01 04:00:00,2024-11-01 04:00:00,DEV_005,1,96,37,12
DEV_005_2024-11-01 05:00:00,2024-11-01 05:00:00,DEV_005,75,35,36,42
DEV_005_2024-11-01 06:00:00,2024-11-01 06:00:00,DEV_005,59,95,46,25
DEV_005_2024-11-01 07:00:00,2024-11-01 07:00:00,DEV_005,43,75,50,68
DEV_005_2024-11-01 08:00:00,2024-11-01 08:00:00,DEV_005,77,54,95,63
DEV_005_2024-11-01 09:00:00,2024-11-01 09:00:00,DEV_005,48,84,14,77
DEV_005_2024-11-01 10:00:00,2024-11-01 10:00:00,DEV_005,61,59,92,28
DEV_005_2024-11-01 11:00:00,2024-11-01 11:00:00,DEV_005,97,84,99,91
DEV_005_2024-11-01 12:00:00,2024-11-01 12:00:00,DEV_005,78,29,57,15
DEV_005_2024-11-01 13:00:00,2024-11-01 13:00:00,DEV_005,2,14,37,75
DEV_005_2024-11-01 14:00:00,2024-11-01 14:00:00,DEV_005,37,80,91,54
DEV_005_2024-11-01 15:00:00,2024-11-01 15:00:00,DEV_005,46,40,74,63
DEV_005_2024-11-01 16:00:00,2024-11-01 16:00:00,DEV_005,32,95,95,11
DEV_005_2024-11-01 17:00:00,2024-11-01 17:00:00,DEV_005,74,3,99,29
DEV_005_2024-11-01 18:00:00,2024-11-01 18:00:00,DEV_005,92,89,69,26
DEV_005_2024-11-01 19:00:00,2024-11-01 19:00:00,DEV_005,68,50,18,59
DEV_005_2024-11-01 20:00:00,2024-11-01 20:00:00,DEV_005,80,84,72,61
DEV_005_2024-11-01 21:00:00,2024-11-01 21:00:00,DEV_005,21,83,22,7
DEV_005_2024-11-01 22:00:00,2024-11-01 22:00:00,DEV_005,62,64,17,33
DEV_005_2024-11-01 23:00:00,2024-11-01 23:00:00,DEV_005,56,2,44,2
DEV_005_2024-11-02 00:00:00,2024-11-02 00:00:00,DEV_005,90,1,75,49
DEV_005_2024-11-02 01:00:00,2024-11-02 01:00:00,DEV_005,87,67,74,79
DEV_005_2024-11-02 02:00:00,2024-11-02 02:00:00,DEV_005,47,97,89,21
DEV_005_2024-11-02 03:00:00,2024-11-02 03:00:00,DEV_005,68,56,16,11
DEV_005_2024-11-02 04:00:00,2024-11-02 04:00:00,DEV_005,19,20,21,20
DEV_005_2024-11-02 05:00:00,2024-11-02 05:00:00,DEV_005,15,92,33,28
DEV_005_2024-11-02 06:00:00,2024-11-02 06:00:00,DEV_005,2,47,50,30
DEV_005_2024-11-02 07:00:00,2024-11-02 07:00:00,DEV_005,71,93,91,24
DEV_005_2024-11-02 08:00:00,2024-11-02 08:00:00,DEV_005,57,75,62,35
DEV_005_2024-11-02 09:00:00,2024-11-02 09:00:00,DEV_005,34,91,70,34
DEV_005_2024-11-02 10:00:00,2024-11-02 10:00:00,DEV_005,3,69,65,64
DEV_005_2024-11-02 11:00:00,2024-11-02 11:00:00,DEV_005,47,7,15,61
DEV_005_2024-11-02 12:00:00,2024-11-02 12:00:00,DEV_005,72,21,81,92
DEV_005_2024-11-02 13:00:00,2024-11-02 13:00:00,DEV_005,85,61,48,87
DEV_005_2024-11-02 14:00:00,2024-11-02 14:00:00,DEV_005,14,32,67,75
DEV_005_2024-11-02 15:00:00,2024-11-02 15:00:00,DEV_005,63,71,83,81
DEV_005_2024-11-02 16:00:00,2024-11-02 16:00:00,DEV_005,68,50,15,40
DEV_005_2024-11-02 17:00:00,2024-11-02 17:00:00,DEV_005,26,63,87,16
DEV_005_2024-11-02 18:00:00,2024-11-02 18:00:00,DEV_005,4,84,62,7
DEV_005_2024-11-02 19:00:00,2024-11-02 19:00:00,DEV_005,95,7,88,30
DEV_005_2024-11-02 20:00:00,2024-11-02 20:00:00,DEV_005,70,77,39,1
DEV_005_2024-11-02 21:00:00,2024-11-02 21:00:00,DEV_005,10,84,92,38
DEV_005_2024-11-02 22:00:00,2024-11-02 22:00:00,DEV_005,28,92,39,73
DEV_005_2024-11-02 23:00:00,2024-11-02 23:00:00,DEV_005,71,52,14,85
DEV_005_2024-11-03 00:00:00,2024-11-03 00:00:00,DEV_005,33,35,43,84
DEV_005_2024-11-03 01:00:00,2024-11-03 01:00:00,DEV_005,40,52,93,22
DEV_005_2024-11-03 02:00:00,2024-11-03 02:00:00,DEV_005,80,10,87,68
DEV_005_2024-11-03 03:00:00,2024-11-03 03:00:00,DEV_005,88,29,95,31
DEV_005_2024-11-03 04:00:00,2024-11-03 04:00:00,DEV_005,8,36,15,82
DEV_005_2024-11-03 05:00:00,2024-11-03 05:00:00,DEV_005,40,34,77,26
DEV_005_2024-11-03 06:00:00,2024-11-03 06:00:00,DEV_005,42,60,36,25
DEV_005_2024-11-03 07:00:00,2024-11-03 07:00:00,DEV_005,9,18,60,57
DEV_005_2024-11-03 08:00:00,2024-11-03 08:00:00,DEV_005,58,48,49,93
DEV_005_2024-11-03 09:00:00,2024-11-03 09:00:00,DEV_005,8,25,91,54
DEV_005_2024-11-03 10:00:00,2024-11-03 10:00:00,DEV_005,2,51,39,86
DEV_005_2024-11-03 11:00:00,2024-11-03 11:00:00,DEV_005,65,57,33,97
DEV_005_2024-11-03 12:00:00,2024-11-03 12:00:00,DEV_005,33,52,64,79
DEV_005_2024-11-03 13:00:00,2024-11-03 13:00:00,DEV_005,93,92,93,15
DEV_005_2024-11-03 14:00:00,2024-11-03 14:00:00,DEV_005,62,12,73,92
DEV_005_2024-11-03 15:00:00,2024-11-03 15:00:00,DEV_005,29,68,28,81
DEV_005_2024-11-03 16:00:00,2024-11-03 16:00:00,DEV_005,61,12,35,32
DEV_005_2024-11-03 17:00:00,2024-11-03 17:00:00,DEV_005,23,24,54,25
DEV_005_2024-11-03 18:00:00,2024-11-03 18:00:00,DEV_005,61,75,57,75
DEV_005_2024-11-03 19:00:00,2024-11-03 19:00:00,DEV_005,90,62,8,65
DEV_005_2024-11-03 20:00:00,2024-11-03 20:00:00,DEV_005,21,47,84,61
DEV_005_2024-11-03 21:00:00,2024-11-03 21:00:00,DEV_005,40,26,3,1
DEV_005_2024-11-03 22:00:00,2024-11-03 22:00:00,DEV_005,15,96,20,7
DEV_005_2024-11-03 23:00:00,2024-11-03 23:00:00,DEV_005,76,24,78,10
DEV_005_2024-11-04 00:00:00,2024-11-04 00:00:00,DEV_005,26,27,88,69
DEV_005_2024-11-04 01:00:00,2024-11-04 01:00:00,DEV_005,29,93,54,17
DEV_005_2024-11-04 02:00:00,2024-11-04 02:00:00,DEV_005,93,84,98,33
DEV_005_2024-11-04 03:00:00,2024-11-04 03:00:00,DEV_005,89,96,55,85
DEV_005_2024-11-04 04:00:00,2024-11-04 04:00:00,DEV_005,74,74,69,20
DEV_005_2024-11-04 05:00:00,2024-11-04 05:00:00,DEV_005,57,62,44,35
DEV_005_2024-11-04 06:00:00,2024-11-04 06:00:00,DEV_005,95,40,49,2
DEV_005_2024-11-04 07:00:00,2024-11-04 07:00:00,DEV_005,34,5,59,85
DEV_005_2024-11-04 08:00:00,2024-11-04 08:00:00,DEV_005,22,43,8,37
DEV_005_2024-11-04 09:00:00,2024-11-04 09:00:00,DEV_005,66,68,89,64
DEV_005_2024-11-04 10:00:00,2024-11-04 10:00:00,DEV_005,41,58,70,57
DEV_005_2024-11-04 11:00:00,2024-11-04 11:00:00,DEV_005,41,64,99,6
DEV_005_2024-11-04 12:00:00,2024-11-04 12:00:00,DEV_005,47,78,8,70
DEV_005_2024-11-04 13:00:00,2024-11-04 13:00:00,DEV_005,33,26,15,68
DEV_005_2024-11-04 14:00:00,2024-11-04 14:00:00,DEV_005,48,61,50,74
DEV_005_2024-11-04 15:00:00,2024-11-04 15:00:00,DEV_005,71,17,42,39
DEV_005_2024-11-04 16:00:00,2024-11-04 16:00:00,DEV_005,73,66,10,63
DEV_005_2024-11-04 17:00:00,2024-11-04 17:00:00,DEV_005,47,9,84,47
DEV_005_2024-11-04 18:00:00,2024-11-04 18:00:00,DEV_005,34,47,28,86
DEV_005_2024-11-04 19:00:00,2024-11-04 19:00:00,DEV_005,70,73,54,29
DEV_005_2024-11-04 20:00:00,2024-11-04 20:00:00,DEV_005,39,17,97,77
DEV_005_2024-11-04 21:00:00,2024-11-04 21:00:00,DEV_005,95,1,66,9
DEV_005_2024-11-04 22:00:00,2024-11-04 22:00:00,DEV_005,3,4,36,76
DEV_005_2024-11-04 23:00:00,2024-11-04 23:00:00,DEV_005,47,8,19,50
DEV_005_2024-11-05 00:00:00,2024-11-05 00:00:00,DEV_005,88,50,45,89
DEV_005_2024-11-05 01:00:00,2024-11-05 01:00:00,DEV_005,67,96,78,63
DEV_005_2024-11-05 02:00:00,2024-11-05 02:00:00,DEV_005,36,99,32,37
DEV_005_2024-11-05 03:00:00,2024-11-05 03:00:00,DEV_005,62,10,15,65
DEV_005_2024-11-05 04:00:00,2024-11-05 04:00:00,DEV_005,31,36,98,34
DEV_005_2024-11-05 05:00:00,2024-11-05 05:00:00,DEV_005,47,93,24,68
DEV_005_2024-11-05 06:00:00,2024-11-05 06:00:00,DEV_005,56,3,76,74
DEV_005_2024-11-05 07:00:00,2024-11-05 07:00:00,DEV_005,23,15,40,2
DEV_005_2024-11-05 08:00:00,2024-11-05 08:00:00,DEV_005,64,18,69,74
DEV_005_2024-11-05 09:00:00,2024-11-05 09:00:00,DEV_005,67,47,85,7
DEV_005_2024-11-05 10:00:00,2024-11-05 10:00:00,DEV_005,84,96,84,81
DEV_005_2024-11-05 11:00:00,2024-11-05 11:00:00,DEV_005,63,80,59,37
DEV_005_2024-11-05 12:00:00,2024-11-05 12:00:00,DEV_005,6,33,80,26
DEV_005_2024-11-05 13:00:00,2024-11-05 13:00:00,DEV_005,89,31,80,61
DEV_005_2024-11-05 14:00:00,2024-11-05 14:00:00,DEV_005,24,57,46,85
DEV_005_2024-11-05 15:00:00,2024-11-05 15:00:00,DEV_005,66,23,57,15
DEV_005_2024-11-05 16:00:00,2024-11-05 16:00:00,DEV_005,41,7,46,62
DEV_005_2024-11-05 17:00:00,2024-11-05 17:00:00,DEV_005,2,15,89,11
DEV_005_2024-11-05 18:00:00,2024-11-05 18:00:00,DEV_005,31,16,67,68
DEV_005_2024-11-05 19:00:00,2024-11-05 19:00:00,DEV_005,89,88,96,50
DEV_005_2024-11-05 20:00:00,2024-11-05 20:00:00,DEV_005,37,89,60,7
DEV_005_2024-11-05 21:00:00,2024-11-05 21:00:00,DEV_005,77,59,90,78
DEV_005_2024-11-05 22:00:00,2024-11-05 22:00:00,DEV_005,88,81,91,93
DEV_005_2024-11-05 23:00:00,2024-11-05 23:00:00,DEV_005,45,9,22,28
DEV_005_2024-11-06 00:00:00,2024-11-06 00:00:00,DEV_005,72,58,25,38
DEV_005_2024-11-06 01:00:00,2024-11-06 01:00:00,DEV_005,45,21,82,69
DEV_005_2024-11-06 02:00:00,2024-11-06 02:00:00,DEV_005,24,48,90,12
DEV_005_2024-11-06 03:00:00,2024-11-06 03:00:00,DEV_005,97,60,7,95
DEV_005_2024-11-06 04:00:00,2024-11-06 04:00:00,DEV_005,35,55,76,91
DEV_005_2024-11-06 05:00:00,2024-11-06 05:00:00,DEV_005,50,51,2,90
DEV_005_2024-11-06 06:00:00,2024-11-06 06:00:00,DEV_005,73,28,18,36
DEV_005_2024-11-06 07:00:00,2024-11-06 07:00:00,DEV_005,40,36,91,32
DEV_005_2024-11-06 08:00:00,2024-11-06 08:00:00,DEV_005,81,57,78,59
DEV_005_2024-11-06 09:00:00,2024-11-06 09:00:00,DEV_005,56,82,95,37
DEV_005_2024-11-06 10:00:00,2024-11-06 10:00:00,DEV_005,34,78,37,10
DEV_005_2024-11-06 11:00:00,2024-11-06 11:00:00,DEV_005,32,1,82,84
DEV_005_2024-11-06 12:00:00,2024-11-06 12:00:00,DEV_005,57,35,28,68
DEV_005_2024-11-06 13:00:00,2024-11-06 13:00:00,DEV_005,14,19,50,16
DEV_005_2024-11-06 14:00:00,2024-11-06 14:00:00,DEV_005,58,64,70,33
DEV_005_2024-11-06 15:00:00,2024-11-06 15:00:00,DEV_005,60,88,92,2
DEV_005_2024-11-06 16:00:00,2024-11-06 16:00:00,DEV_005,86,29,61,81
DEV_005_2024-11-06 17:00:00,2024-11-06 17:00:00,DEV_005,35,72,81,56
DEV_005_2024-11-06 18:00:00,2024-11-06 18:00:00,DEV_005,62,53,40,63
DEV_005_2024-11-06 19:00:00,2024-11-06 19:00:00,DEV_005,45,37,93,89
DEV_005_2024-11-06 20:00:00,2024-11-06 20:00:00,DEV_005,81,10,74,52
DEV_005_2024-11-06 21:00:00,2024-11-06 21:00:00,DEV_005,77,88,63,14
DEV_005_2024-11-06 22:00:00,2024-11-06 22:00:00,DEV_005,81,12,85,89
DEV_005_2024-11-06 23:00:00,2024-11-06 23:00:00,DEV_005,91,91,70,23
DEV_005_2024-11-07 00:00:00,2024-11-07 00:00:00,DEV_005,87,84,31,57
DEV_005_2024-11-07 01:00:00,2024-11-07 01:00:00,DEV_005,23,4,68,28
DEV_005_2024-11-07 02:00:00,2024-11-07 02:00:00,DEV_005,95,75,97,53
DEV_005_2024-11-07 03:00:00,2024-11-07 03:00:00,DEV_005,93,2,29,26
DEV_005_2024-11-07 04:00:00,2024-11-07 04:00:00,DEV_005,33,23,41,7
DEV_005_2024-11-07 05:00:00,2024-11-07 05:00:00,DEV_005,68,55,51,8
DEV_005_2024-11-07 06:00:00,2024-11-07 06:00:00,DEV_005,9,18,22,4
DEV_005_2024-11-07 07:00:00,2024-11-07 07:00:00,DEV_005,21,77,70,63
DEV_005_2024-11-07 08:00:00,2024-11-07 08:00:00,DEV_005,55,54,68,2
DEV_005_2024-11-07 09:00:00,2024-11-07 09:00:00,DEV_005,19,48,10,30
DEV_005_2024-11-07 10:00:00,2024-11-07 10:00:00,DEV_005,72,97,77,15
DEV_005_2024-11-07 11:00:00,2024-11-07 11:00:00,DEV_005,62,25,11,41
DEV_005_2024-11-07 12:00:00,2024-11-07 12:00:00,DEV_005,37,44,38,81
DEV_005_2024-11-07 13:00:00,2024-11-07 13:00:00,DEV_005,84,42,56,37
DEV_005_2024-11-07 14:00:00,2024-11-07 14:00:00,DEV_005,13,97,81,10
DEV_005_2024-11-07 15:00:00,2024-11-07 15:00:00,DEV_005,3,7,65,6
DEV_005_2024-11-07 16:00:00,2024-11-07 16:00:00,DEV_005,4,48,77,62
DEV_005_2024-11-07 17:00:00,2024-11-07 17:00:00,DEV_005,57,90,25,76
DEV_005_2024-11-07 18:00:00,2024-11-07 18:00:00,DEV_005,61,1,79,12
DEV_005_2024-11-07 19:00:00,2024-11-07 19:00:00,DEV_005,23,3,77,61
DEV_005_2024-11-07 20:00:00,2024-11-07 20:00:00,DEV_005,59,67,10,17
DEV_005_2024-11-07 21:00:00,2024-11-07 21:00:00,DEV_005,59,86,86,5
DEV_005_2024-11-07 22:00:00,2024-11-07 22:00:00,DEV_005,97,84,31,94
DEV_005_2024-11-07 23:00:00,2024-11-07 23:00:00,DEV_005,57,99,60,99
DEV_005_2024-11-08 00:00:00,2024-11-08 00:00:00,DEV_005,8,6,65,60
DEV_005_2024-11-08 01:00:00,2024-11-08 01:00:00,DEV_005,98,27,60,46
DEV_005_2024-11-08 02:00:00,2024-11-08 02:00:00,DEV_005,31,99,21,67
DEV_005_2024-11-08 03:00:00,2024-11-08 03:00:00,DEV_005,79,89,48,38
DEV_005_2024-11-08 04:00:00,2024-11-08 04:00:00,DEV_005,20,34,55,78
DEV_005_2024-11-08 05:00:00,2024-11-08 05:00:00,DEV_005,10,79,32,80
DEV_005_2024-11-08 06:00:00,2024-11-08 06:00:00,DEV_005,1,85,84,70
DEV_005_2024-11-08 07:00:00,2024-11-08 07:00:00,DEV_005,63,35,65,32
DEV_005_2024-11-08 08:00:00,2024-11-08 08:00:00,DEV_005,93,81,26,45
DEV_005_2024-11-08 09:00:00,2024-11-08 09:00:00,DEV_005,47,22,54,99
DEV_005_2024-11-08 10:00:00,2024-11-08 10:00:00,DEV_005,15,37,47,34
DEV_005_2024-11-08 11:00:00,2024-11-08 11:00:00,DEV_005,81,79,93,51
DEV_005_2024-11-08 12:00:00,2024-11-08 12:00:00,DEV_005,67,58,99,86
DEV_005_2024-11-08 13:00:00,2024-11-08 13:00:00,DEV_005,86,54,35,31
DEV_005_2024-11-08 14:00:00,2024-11-08 14:00:00,DEV_005,89,87,57,63
DEV_005_2024-11-08 15:00:00,2024-11-08 15:00:00,DEV_005,54,47,40,27
DEV_005_2024-11-08 16:00:00,2024-11-08 16:00:00,DEV_005,65,70,22,24
DEV_005_2024-11-08 17:00:00,2024-11-08 17:00:00,DEV_005,26,65,10,92
DEV_005_2024-11-08 18:00:00,2024-11-08 18:00:00,DEV_005,25,96,89,63
DEV_005_2024-11-08 19:00:00,2024-11-08 19:00:00,DEV_005,44,90,32,34
DEV_005_2024-11-08 20:00:00,2024-11-08 20:00:00,DEV_005,84,57,79,10
DEV_005_2024-11-08 21:00:00,2024-11-08 21:00:00,DEV_005,92,67,77,71
DEV_005_2024-11-08 22:00:00,2024-11-08 22:00:00,DEV_005,48,19,47,87
DEV_005_2024-11-08 23:00:00,2024-11-08 23:00:00,DEV_005,16,79,47,18
DEV_005_2024-11-09 00:00:00,2024-11-09 00:00:00,DEV_005,37,50,6,88
DEV_005_2024-11-09 01:00:00,2024-11-09 01:00:00,DEV_005,81,24,15,3
DEV_005_2024-11-09 02:00:00,2024-11-09 02:00:00,DEV_005,47,29,15,66
DEV_005_2024-11-09 03:00:00,2024-11-09 03:00:00,DEV_005,54,66,82,90
DEV_005_2024-11-09 04:00:00,2024-11-09 04:00:00,DEV_005,81,20,83,87
DEV_005_2024-11-09 05:00:00,2024-11-09 05:00:00,DEV_005,49,98,67,64
DEV_005_2024-11-09 06:00:00,2024-11-09 06:00:00,DEV_005,12,3,58,11
DEV_005_2024-11-09 07:00:00,2024-11-09 07:00:00,DEV_005,58,18,1,8
DEV_005_2024-11-09 08:00:00,2024-11-09 08:00:00,DEV_005,90,37,87,95
DEV_005_2024-11-09 09:00:00,2024-11-09 09:00:00,DEV_005,96,36,71,98
DEV_005_2024-11-09 10:00:00,2024-11-09 10:00:00,DEV_005,12,85,95,1
DEV_005_2024-11-09 11:00:00,2024-11-09 11:00:00,DEV_005,98,76,13,95
DEV_005_2024-11-09 12:00:00,2024-11-09 12:00:00,DEV_005,69,78,73,10
DEV_005_2024-11-09 13:00:00,2024-11-09 13:00:00,DEV_005,11,62,25,62
DEV_005_2024-11-09 14:00:00,2024-11-09 14:00:00,DEV_005,98,73,11,34
DEV_005_2024-11-09 15:00:00,2024-11-09 15:00:00,DEV_005,6,26,9,88
DEV_005_2024-11-09 16:00:00,2024-11-09 16:00:00,DEV_005,54,12,12,32
DEV_005_2024-11-09 17:00:00,2024-11-09 17:00:00,DEV_005,21,21,33,77
DEV_005_2024-11-09 18:00:00,2024-11-09 18:00:00,DEV_005,78,89,38,42
DEV_005_2024-11-09 19:00:00,2024-11-09 19:00:00,DEV_005,42,9,77,89
DEV_005_2024-11-09 20:00:00,2024-11-09 20:00:00,DEV_005,89,5,70,37
DEV_005_2024-11-09 21:00:00,2024-11-09 21:00:00,DEV_005,39,8,59,12
DEV_005_2024-11-09 22:00:00,2024-11-09 22:00:00,DEV_005,32,11,1,96
DEV_005_2024-11-09 23:00:00,2024-11-09 23:00:00,DEV_005,49,96,97,38
DEV_005_2024-11-10 00:00:00,2024-11-10 00:00:00,DEV_005,63,59,20,64
DEV_005_2024-11-10 01:00:00,2024-11-10 01:00:00,DEV_005,50,62,2,47
DEV_005_2024-11-10 02:00:00,2024-11-10 02:00:00,DEV_005,49,30,48,28
DEV_005_2024-11-10 03:00:00,2024-11-10 03:00:00,DEV_005,72,39,73,72
DEV_005_2024-11-10 04:00:00,2024-11-10 04:00:00,DEV_005,41,85,60,30
DEV_005_2024-11-10 05:00:00,2024-11-10 05:00:00,DEV_005,62,95,35,79
DEV_005_2024-11-10 06:00:00,2024-11-10 06:00:00,DEV_005,44,9,71,31
DEV_005_2024-11-10 07:00:00,2024-11-10 07:00:00,DEV_005,99,67,15,94
DEV_005_2024-11-10 08:00:00,2024-11-10 08:00:00,DEV_005,26,58,75,87
DEV_005_2024-11-10 09:00:00,2024-11-10 09:00:00,DEV_005,52,33,90,55
DEV_005_2024-11-10 10:00:00,2024-11-10 10:00:00,DEV_005,54,85,73,21
DEV_005_2024-11-10 11:00:00,2024-11-10 11:00:00,DEV_005,69,50,4,61
DEV_005_2024-11-10 12:00:00,2024-11-10 12:00:00,DEV_005,25,14,22,76
DEV_005_2024-11-10 13:00:00,2024-11-10 13:00:00,DEV_005,89,32,97,96
DEV_005_2024-11-10 14:00:00,2024-11-10 14:00:00,DEV_005,92,16,69,24
DEV_005_2024-11-10 15:00:00,2024-11-10 15:00:00,DEV_005,57,2,23,97
DEV_005_2024-11-10 16:00:00,2024-11-10 16:00:00,DEV_005,95,3,86,97
DEV_005_2024-11-10 17:00:00,2024-11-10 17:00:00,DEV_005,68,51,87,50
DEV_005_2024-11-10 18:00:00,2024-11-10 18:00:00,DEV_005,4,17,70,11
DEV_005_2024-11-10 19:00:00,2024-11-10 19:00:00,DEV_005,34,91,70,89
DEV_005_2024-11-10 20:00:00,2024-11-10 20:00:00,DEV_005,54,39,91,3
DEV_005_2024-11-10 21:00:00,2024-11-10 21:00:00,DEV_005,44,6,80,14
DEV_005_2024-11-10 22:00:00,2024-11-10 22:00:00,DEV_005,1,81,89,58
DEV_005_2024-11-10 23:00:00,2024-11-10 23:00:00,DEV_005,75,68,47,18
DEV_005_2024-11-11 00:00:00,2024-11-11 00:00:00,DEV_005,39,45,8,17
DEV_005_2024-11-11 01:00:00,2024-11-11 01:00:00,DEV_005,43,86,35,48
DEV_005_2024-11-11 02:00:00,2024-11-11 02:00:00,DEV_005,83,10,18,98
DEV_005_2024-11-11 03:00:00,2024-11-11 03:00:00,DEV_005,10,58,21,30
DEV_005_2024-11-11 04:00:00,2024-11-11 04:00:00,DEV_005,82,97,97,64
DEV_005_2024-11-11 05:00:00,2024-11-11 05:00:00,DEV_005,84,64,44,72
DEV_005_2024-11-11 06:00:00,2024-11-11 06:00:00,DEV_005,48,90,3,75
DEV_005_2024-11-11 07:00:00,2024-11-11 07:00:00,DEV_005,28,99,58,39
DEV_005_2024-11-11 08:00:00,2024-11-11 08:00:00,DEV_005,84,84,47,7
DEV_005_2024-11-11 09:00:00,2024-11-11 09:00:00,DEV_005,64,7,92,22
DEV_005_2024-11-11 10:00:00,2024-11-11 10:00:00,DEV_005,68,88,37,90
DEV_005_2024-11-11 11:00:00,2024-11-11 11:00:00,DEV_005,3,35,21,89
DEV_005_2024-11-11 12:00:00,2024-11-11 12:00:00,DEV_005,83,57,81,43
DEV_005_2024-11-11 13:00:00,2024-11-11 13:00:00,DEV_005,58,13,80,22
DEV_005_2024-11-11 14:00:00,2024-11-11 14:00:00,DEV_005,16,66,28,24
DEV_005_2024-11-11 15:00:00,2024-11-11 15:00:00,DEV_005,85,14,6,99
DEV_005_2024-11-11 16:00:00,2024-11-11 16:00:00,DEV_005,16,73,28,68
DEV_005_2024-11-11 17:00:00,2024-11-11 17:00:00,DEV_005,23,30,52,33
DEV_005_2024-11-11 18:00:00,2024-11-11 18:00:00,DEV_005,45,29,30,77
DEV_005_2024-11-11 19:00:00,2024-11-11 19:00:00,DEV_005,23,1,10,92
DEV_005_2024-11-11 20:00:00,2024-11-11 20:00:00,DEV_005,74,67,51,22
DEV_005_2024-11-11 21:00:00,2024-11-11 21:00:00,DEV_005,7,36,2,45
DEV_005_2024-11-11 22:00:00,2024-11-11 22:00:00,DEV_005,79,68,62,93
DEV_005_2024-11-11 23:00:00,2024-11-11 23:00:00,DEV_005,62,10,3,38
DEV_005_2024-11-12 00:00:00,2024-11-12 00:00:00,DEV_005,89,1,11,18
DEV_005_2024-11-12 01:00:00,2024-11-12 01:00:00,DEV_005,54,66,14,46
DEV_005_2024-11-12 02:00:00,2024-11-12 02:00:00,DEV_005,37,71,12,24
DEV_005_2024-11-12 03:00:00,2024-11-12 03:00:00,DEV_005,5,57,13,20
DEV_005_2024-11-12 04:00:00,2024-11-12 04:00:00,DEV_005,84,55,33,44
DEV_005_2024-11-12 05:00:00,2024-11-12 05:00:00,DEV_005,19,92,2,84
DEV_005_2024-11-12 06:00:00,2024-11-12 06:00:00,DEV_005,85,70,23,2
DEV_005_2024-11-12 07:00:00,2024-11-12 07:00:00,DEV_005,15,93,24,13
DEV_005_2024-11-12 08:00:00,2024-11-12 08:00:00,DEV_005,67,5,45,38
DEV_005_2024-11-12 09:00:00,2024-11-12 09:00:00,DEV_005,77,78,89,13
DEV_005_2024-11-12 10:00:00,2024-11-12 10:00:00,DEV_005,44,34,45,19
DEV_005_2024-11-12 11:00:00,2024-11-12 11:00:00,DEV_005,27,25,7,97
DEV_005_2024-11-12 12:00:00,2024-11-12 12:00:00,DEV_005,35,64,35,83
DEV_005_2024-11-12 13:00:00,2024-11-12 13:00:00,DEV_005,9,95,81,59
DEV_005_2024-11-12 14:00:00,2024-11-12 14:00:00,DEV_005,66,67,81,55
DEV_005_2024-11-12 15:00:00,2024-11-12 15:00:00,DEV_005,59,63,42,31
DEV_005_2024-11-12 16:00:00,2024-11-12 16:00:00,DEV_005,44,35,6,99
DEV_005_2024-11-12 17:00:00,2024-11-12 17:00:00,DEV_005,16,84,67,34
DEV_005_2024-11-12 18:00:00,2024-11-12 18:00:00,DEV_005,94,76,42,59
DEV_005_2024-11-12 19:00:00,2024-11-12 19:00:00,DEV_005,62,59,29,82
DEV_005_2024-11-12 20:00:00,2024-11-12 20:00:00,DEV_005,37,30,83,69
DEV_005_2024-11-12 21:00:00,2024-11-12 21:00:00,DEV_005,42,27,68,93
DEV_005_2024-11-12 22:00:00,2024-11-12 22:00:00,DEV_005,16,79,96,77
DEV_005_2024-11-12 23:00:00,2024-11-12 23:00:00,DEV_005,13,62,87,36
DEV_005_2024-11-13 00:00:00,2024-11-13 00:00:00,DEV_005,54,67,55,72
DEV_005_2024-11-13 01:00:00,2024-11-13 01:00:00,DEV_005,86,16,32,32
DEV_005_2024-11-13 02:00:00,2024-11-13 02:00:00,DEV_005,99,87,80,55
DEV_005_2024-11-13 03:00:00,2024-11-13 03:00:00,DEV_005,67,42,20,31
DEV_005_2024-11-13 04:00:00,2024-11-13 04:00:00,DEV_005,33,5,8,28
DEV_005_2024-11-13 05:00:00,2024-11-13 05:00:00,DEV_005,33,59,18,60
DEV_005_2024-11-13 06:00:00,2024-11-13 06:00:00,DEV_005,9,7,93,7
DEV_005_2024-11-13 07:00:00,2024-11-13 07:00:00,DEV_005,91,73,70,65
DEV_005_2024-11-13 08:00:00,2024-11-13 08:00:00,DEV_005,54,17,39,93
DEV_005_2024-11-13 09:00:00,2024-11-13 09:00:00,DEV_005,37,70,10,24
DEV_005_2024-11-13 10:00:00,2024-11-13 10:00:00,DEV_005,12,86,91,24
DEV_005_2024-11-13 11:00:00,2024-11-13 11:00:00,DEV_005,68,86,38,92
DEV_005_2024-11-13 12:00:00,2024-11-13 12:00:00,DEV_005,31,83,41,84
DEV_005_2024-11-13 13:00:00,2024-11-13 13:00:00,DEV_005,31,62,66,50
DEV_005_2024-11-13 14:00:00,2024-11-13 14:00:00,DEV_005,93,77,86,72
DEV_005_2024-11-13 15:00:00,2024-11-13 15:00:00,DEV_005,53,81,38,42
DEV_005_2024-11-13 16:00:00,2024-11-13 16:00:00,DEV_005,14,54,38,70
DEV_005_2024-11-13 17:00:00,2024-11-13 17:00:00,DEV_005,80,93,77,53
DEV_005_2024-11-13 18:00:00,2024-11-13 18:00:00,DEV_005,45,30,64,3
DEV_005_2024-11-13 19:00:00,2024-11-13 19:00:00,DEV_005,4,97,18,81
DEV_005_2024-11-13 20:00:00,2024-11-13 20:00:00,DEV_005,53,7,89,74
DEV_005_2024-11-13 21:00:00,2024-11-13 21:00:00,DEV_005,30,38,63,19
DEV_005_2024-11-13 22:00:00,2024-11-13 22:00:00,DEV_005,84,14,86,19
DEV_005_2024-11-13 23:00:00,2024-11-13 23:00:00,DEV_005,74,19,96,6
DEV_005_2024-11-14 00:00:00,2024-11-14 00:00:00,DEV_005,2,47,30,86
DEV_005_2024-11-14 01:00:00,2024-11-14 01:00:00,DEV_005,56,91,96,52
DEV_005_2024-11-14 02:00:00,2024-11-14 02:00:00,DEV_005,69,93,76,88
DEV_005_2024-11-14 03:00:00,2024-11-14 03:00:00,DEV_005,86,92,79,33
DEV_005_2024-11-14 04:00:00,2024-11-14 04:00:00,DEV_005,26,8,56,2
DEV_005_2024-11-14 05:00:00,2024-11-14 05:00:00,DEV_005,74,88,41,47
DEV_005_2024-11-14 06:00:00,2024-11-14 06:00:00,DEV_005,2,3,30,26
DEV_005_2024-11-14 07:00:00,2024-11-14 07:00:00,DEV_005,44,58,40,37
DEV_005_2024-11-14 08:00:00,2024-11-14 08:00:00,DEV_005,39,62,38,30
DEV_005_2024-11-14 09:00:00,2024-11-14 09:00:00,DEV_005,6,67,50,16
DEV_005_2024-11-14 10:00:00,2024-11-14 10:00:00,DEV_005,8,68,50,59
DEV_005_2024-11-14 11:00:00,2024-11-14 11:00:00,DEV_005,35,75,25,33
DEV_005_2024-11-14 12:00:00,2024-11-14 12:00:00,DEV_005,41,36,79,14
DEV_005_2024-11-14 13:00:00,2024-11-14 13:00:00,DEV_005,77,54,72,70
DEV_005_2024-11-14 14:00:00,2024-11-14 14:00:00,DEV_005,30,14,28,96
DEV_005_2024-11-14 15:00:00,2024-11-14 15:00:00,DEV_005,90,14,20,15
DEV_005_2024-11-14 16:00:00,2024-11-14 16:00:00,DEV_005,91,19,68,91
DEV_005_2024-11-14 17:00:00,2024-11-14 17:00:00,DEV_005,76,16,66,18
DEV_005_2024-11-14 18:00:00,2024-11-14 18:00:00,DEV_005,11,7,78,25
DEV_005_2024-11-14 19:00:00,2024-11-14 19:00:00,DEV_005,67,42,81,99
DEV_005_2024-11-14 20:00:00,2024-11-14 20:00:00,DEV_005,16,12,57,76
DEV_005_2024-11-14 21:00:00,2024-11-14 21:00:00,DEV_005,56,26,69,62
DEV_005_2024-11-14 22:00:00,2024-11-14 22:00:00,DEV_005,73,31,34,84
DEV_005_2024-11-14 23:00:00,2024-11-14 23:00:00,DEV_005,94,6,87,13
DEV_005_2024-11-15 00:00:00,2024-11-15 00:00:00,DEV_005,85,36,26,71
DEV_005_2024-11-15 01:00:00,2024-11-15 01:00:00,DEV_005,64,58,58,6
DEV_005_2024-11-15 02:00:00,2024-11-15 02:00:00,DEV_005,76,53,93,34
DEV_005_2024-11-15 03:00:00,2024-11-15 03:00:00,DEV_005,55,53,24,73
DEV_005_2024-11-15 04:00:00,2024-11-15 04:00:00,DEV_005,21,80,5,14
DEV_005_2024-11-15 05:00:00,2024-11-15 05:00:00,DEV_005,93,29,30,69
DEV_005_2024-11-15 06:00:00,2024-11-15 06:00:00,DEV_005,33,27,9,55
DEV_005_2024-11-15 07:00:00,2024-11-15 07:00:00,DEV_005,15,4,71,60
DEV_005_2024-11-15 08:00:00,2024-11-15 08:00:00,DEV_005,24,23,64,86
DEV_005_2024-11-15 09:00:00,2024-11-15 09:00:00,DEV_005,41,64,26,29
DEV_005_2024-11-15 10:00:00,2024-11-15 10:00:00,DEV_005,58,62,55,33
DEV_005_2024-11-15 11:00:00,2024-11-15 11:00:00,DEV_005,71,57,24,37
DEV_005_2024-11-15 12:00:00,2024-11-15 12:00:00,DEV_005,38,59,64,16
DEV_005_2024-11-15 13:00:00,2024-11-15 13:00:00,DEV_005,81,94,17,42
DEV_005_2024-11-15 14:00:00,2024-11-15 14:00:00,DEV_005,67,10,50,75
DEV_005_2024-11-15 15:00:00,2024-11-15 15:00:00,DEV_005,71,42,72,15
DEV_005_2024-11-15 16:00:00,2024-11-15 16:00:00,DEV_005,73,88,38,92
DEV_005_2024-11-15 17:00:00,2024-11-15 17:00:00,DEV_005,13,38,33,76
DEV_005_2024-11-15 18:00:00,2024-11-15 18:00:00,DEV_005,91,20,48,67
DEV_005_2024-11-15 19:00:00,2024-11-15 19:00:00,DEV_005,98,20,91,36
DEV_005_2024-11-15 20:00:00,2024-11-15 20:00:00,DEV_005,83,35,11,97
DEV_005_2024-11-15 21:00:00,2024-11-15 21:00:00,DEV_005,71,44,26,34
DEV_005_2024-11-15 22:00:00,2024-11-15 22:00:00,DEV_005,62,25,55,28
DEV_005_2024-11-15 23:00:00,2024-11-15 23:00:00,DEV_005,61,50,40,82
DEV_005_2024-11-16 00:00:00,2024-11-16 00:00:00,DEV_005,20,83,21,2
DEV_005_2024-11-16 01:00:00,2024-11-16 01:00:00,DEV_005,16,66,45,61
DEV_005_2024-11-16 02:00:00,2024-11-16 02:00:00,DEV_005,90,69,71,79
DEV_005_2024-11-16 03:00:00,2024-11-16 03:00:00,DEV_005,26,11,47,92
DEV_005_2024-11-16 04:00:00,2024-11-16 04:00:00,DEV_005,18,40,86,68
DEV_005_2024-11-16 05:00:00,2024-11-16 05:00:00,DEV_005,14,60,10,70
DEV_005_2024-11-16 06:00:00,2024-11-16 06:00:00,DEV_005,58,21,86,4
DEV_005_2024-11-16 07:00:00,2024-11-16 07:00:00,DEV_005,62,63,61,17
DEV_005_2024-11-16 08:00:00,2024-11-16 08:00:00,DEV_005,39,33,12,72
DEV_005_2024-11-16 09:00:00,2024-11-16 09:00:00,DEV_005,33,35,16,43
DEV_005_2024-11-16 10:00:00,2024-11-16 10:00:00,DEV_005,24,37,59,46
DEV_005_2024-11-16 11:00:00,2024-11-16 11:00:00,DEV_005,83,77,7,26
DEV_005_2024-11-16 12:00:00,2024-11-16 12:00:00,DEV_005,20,60,14,91
DEV_005_2024-11-16 13:00:00,2024-11-16 13:00:00,DEV_005,42,12,29,62
DEV_005_2024-11-16 14:00:00,2024-11-16 14:00:00,DEV_005,92,31,78,50
DEV_005_2024-11-16 15:00:00,2024-11-16 15:00:00,DEV_005,68,60,73,6
DEV_005_2024-11-16 16:00:00,2024-11-16 16:00:00,DEV_005,44,41,88,40
DEV_005_2024-11-16 17:00:00,2024-11-16 17:00:00,DEV_005,9,78,76,15
DEV_005_2024-11-16 18:00:00,2024-11-16 18:00:00,DEV_005,94,84,25,89
DEV_005_2024-11-16 19:00:00,2024-11-16 19:00:00,DEV_005,17,15,95,61
DEV_005_2024-11-16 20:00:00,2024-11-16 20:00:00,DEV_005,23,28,61,35
DEV_005_2024-11-16 21:00:00,2024-11-16 21:00:00,DEV_005,10,6,75,78
DEV_005_2024-11-16 22:00:00,2024-11-16 22:00:00,DEV_005,87,7,48,57
DEV_005_2024-11-16 23:00:00,2024-11-16 23:00:00,DEV_005,20,44,44,45
DEV_005_2024-11-17 00:00:00,2024-11-17 00:00:00,DEV_005,93,17,93,35
DEV_005_2024-11-17 01:00:00,2024-11-17 01:00:00,DEV_005,3,82,66,49
DEV_005_2024-11-17 02:00:00,2024-11-17 02:00:00,DEV_005,58,6,54,6
DEV_005_2024-11-17 03:00:00,2024-11-17 03:00:00,DEV_005,85,8,65,73
DEV_005_2024-11-17 04:00:00,2024-11-17 04:00:00,DEV_005,77,34,57,59
DEV_005_2024-11-17 05:00:00,2024-11-17 05:00:00,DEV_005,28,3,73,67
DEV_005_2024-11-17 06:00:00,2024-11-17 06:00:00,DEV_005,58,97,53,59
DEV_005_2024-11-17 07:00:00,2024-11-17 07:00:00,DEV_005,60,33,58,69
DEV_005_2024-11-17 08:00:00,2024-11-17 08:00:00,DEV_005,73,39,1,86
DEV_005_2024-11-17 09:00:00,2024-11-17 09:00:00,DEV_005,9,35,95,20
DEV_005_2024-11-17 10:00:00,2024-11-17 10:00:00,DEV_005,99,50,20,3
DEV_005_2024-11-17 11:00:00,2024-11-17 11:00:00,DEV_005,40,6,64,65
DEV_005_2024-11-17 12:00:00,2024-11-17 12:00:00,DEV_005,12,11,26,48
DEV_005_2024-11-17 13:00:00,2024-11-17 13:00:00,DEV_005,73,86,10,17
DEV_005_2024-11-17 14:00:00,2024-11-17 14:00:00,DEV_005,40,19,21,9
DEV_005_2024-11-17 15:00:00,2024-11-17 15:00:00,DEV_005,48,76,47,31
DEV_005_2024-11-17 16:00:00,2024-11-17 16:00:00,DEV_005,40,70,89,87
DEV_005_2024-11-17 17:00:00,2024-11-17 17:00:00,DEV_005,35,97,46,35
DEV_005_2024-11-17 18:00:00,2024-11-17 18:00:00,DEV_005,9,29,15,39
DEV_005_2024-11-17 19:00:00,2024-11-17 19:00:00,DEV_005,17,52,10,68
DEV_005_2024-11-17 20:00:00,2024-11-17 20:00:00,DEV_005,43,99,16,33
DEV_005_2024-11-17 21:00:00,2024-11-17 21:00:00,DEV_005,82,36,98,63
DEV_005_2024-11-17 22:00:00,2024-11-17 22:00:00,DEV_005,21,89,79,47
DEV_005_2024-11-17 23:00:00,2024-11-17 23:00:00,DEV_005,88,34,53,94
DEV_005_2024-11-18 00:00:00,2024-11-18 00:00:00,DEV_005,20,82,60,82
DEV_005_2024-11-18 01:00:00,2024-11-18 01:00:00,DEV_005,39,92,53,50
DEV_005_2024-11-18 02:00:00,2024-11-18 02:00:00,DEV_005,62,46,13,95
DEV_005_2024-11-18 03:00:00,2024-11-18 03:00:00,DEV_005,65,91,15,44
DEV_005_2024-11-18 04:00:00,2024-11-18 04:00:00,DEV_005,41,6,19,4
DEV_005_2024-11-18 05:00:00,2024-11-18 05:00:00,DEV_005,16,35,10,92
DEV_005_2024-11-18 06:00:00,2024-11-18 06:00:00,DEV_005,49,92,56,5
DEV_005_2024-11-18 07:00:00,2024-11-18 07:00:00,DEV_005,63,35,26,41
DEV_005_2024-11-18 08:00:00,2024-11-18 08:00:00,DEV_005,42,8,46,3
DEV_005_2024-11-18 09:00:00,2024-11-18 09:00:00,DEV_005,68,46,34,38
DEV_005_2024-11-18 10:00:00,2024-11-18 10:00:00,DEV_005,70,9,45,47
DEV_005_2024-11-18 11:00:00,2024-11-18 11:00:00,DEV_005,66,8,6,58
DEV_005_2024-11-18 12:00:00,2024-11-18 12:00:00,DEV_005,63,92,92,45
DEV_005_2024-11-18 13:00:00,2024-11-18 13:00:00,DEV_005,74,34,82,15
DEV_005_2024-11-18 14:00:00,2024-11-18 14:00:00,DEV_005,37,10,77,83
DEV_005_2024-11-18 15:00:00,2024-11-18 15:00:00,DEV_005,6,88,3,88
DEV_005_2024-11-18 16:00:00,2024-11-18 16:00:00,DEV_005,55,30,63,70
DEV_005_2024-11-18 17:00:00,2024-11-18 17:00:00,DEV_005,38,52,35,8
DEV_005_2024-11-18 18:00:00,2024-11-18 18:00:00,DEV_005,23,14,30,6
DEV_005_2024-11-18 19:00:00,2024-11-18 19:00:00,DEV_005,60,7,40,88
DEV_005_2024-11-18 20:00:00,2024-11-18 20:00:00,DEV_005,7,72,34,24
DEV_005_2024-11-18 21:00:00,2024-11-18 21:00:00,DEV_005,1,14,2,65
DEV_005_2024-11-18 22:00:00,2024-11-18 22:00:00,DEV_005,79,38,63,72
DEV_005_2024-11-18 23:00:00,2024-11-18 23:00:00,DEV_005,73,84,59,1
DEV_005_2024-11-19 00:00:00,2024-11-19 00:00:00,DEV_005,57,85,20,96
DEV_005_2024-11-19 01:00:00,2024-11-19 01:00:00,DEV_005,64,6,84,45
DEV_005_2024-11-19 02:00:00,2024-11-19 02:00:00,DEV_005,37,11,97,64
DEV_005_2024-11-19 03:00:00,2024-11-19 03:00:00,DEV_005,39,44,55,76
DEV_005_2024-11-19 04:00:00,2024-11-19 04:00:00,DEV_005,64,27,18,3
DEV_005_2024-11-19 05:00:00,2024-11-19 05:00:00,DEV_005,49,17,20,67
DEV_005_2024-11-19 06:00:00,2024-11-19 06:00:00,DEV_005,39,68,27,46
DEV_005_2024-11-19 07:00:00,2024-11-19 07:00:00,DEV_005,20,63,41,63
DEV_005_2024-11-19 08:00:00,2024-11-19 08:00:00,DEV_005,27,31,24,94
DEV_005_2024-11-19 09:00:00,2024-11-19 09:00:00,DEV_005,74,77,32,6
DEV_005_2024-11-19 10:00:00,2024-11-19 10:00:00,DEV_005,87,11,62,87
DEV_005_2024-11-19 11:00:00,2024-11-19 11:00:00,DEV_005,74,10,3,47
DEV_005_2024-11-19 12:00:00,2024-11-19 12:00:00,DEV_005,25,33,71,41
DEV_005_2024-11-19 13:00:00,2024-11-19 13:00:00,DEV_005,41,8,18,42
DEV_005_2024-11-19 14:00:00,2024-11-19 14:00:00,DEV_005,26,8,7,44
DEV_005_2024-11-19 15:00:00,2024-11-19 15:00:00,DEV_005,52,82,67,40
DEV_005_2024-11-19 16:00:00,2024-11-19 16:00:00,DEV_005,94,75,4,10
DEV_005_2024-11-19 17:00:00,2024-11-19 17:00:00,DEV_005,4,66,34,79
DEV_005_2024-11-19 18:00:00,2024-11-19 18:00:00,DEV_005,30,87,89,99
DEV_005_2024-11-19 19:00:00,2024-11-19 19:00:00,DEV_005,44,59,22,18
DEV_005_2024-11-19 20:00:00,2024-11-19 20:00:00,DEV_005,65,82,91,98
DEV_005_2024-11-19 21:00:00,2024-11-19 21:00:00,DEV_005,90,4,81,91
DEV_005_2024-11-19 22:00:00,2024-11-19 22:00:00,DEV_005,64,45,66,56
DEV_005_2024-11-19 23:00:00,2024-11-19 23:00:00,DEV_005,11,12,20,80
DEV_005_2024-11-20 00:00:00,2024-11-20 00:00:00,DEV_005,96,35,12,41
DEV_005_2024-11-20 01:00:00,2024-11-20 01:00:00,DEV_005,4,40,74,75
DEV_005_2024-11-20 02:00:00,2024-11-20 02:00:00,DEV_005,11,17,58,55
DEV_005_2024-11-20 03:00:00,2024-11-20 03:00:00,DEV_005,32,18,78,5
DEV_005_2024-11-20 04:00:00,2024-11-20 04:00:00,DEV_005,66,58,15,56
DEV_005_2024-11-20 05:00:00,2024-11-20 05:00:00,DEV_005,63,76,13,24
DEV_005_2024-11-20 06:00:00,2024-11-20 06:00:00,DEV_005,68,24,77,15
DEV_005_2024-11-20 07:00:00,2024-11-20 07:00:00,DEV_005,28,10,76,62
DEV_005_2024-11-20 08:00:00,2024-11-20 08:00:00,DEV_005,30,60,60,3
DEV_005_2024-11-20 09:00:00,2024-11-20 09:00:00,DEV_005,78,35,68,56
DEV_005_2024-11-20 10:00:00,2024-11-20 10:00:00,DEV_005,85,72,39,28
DEV_005_2024-11-20 11:00:00,2024-11-20 11:00:00,DEV_005,10,14,69,12
DEV_005_2024-11-20 12:00:00,2024-11-20 12:00:00,DEV_005,54,8,88,6
DEV_005_2024-11-20 13:00:00,2024-11-20 13:00:00,DEV_005,60,52,59,74
DEV_005_2024-11-20 14:00:00,2024-11-20 14:00:00,DEV_005,90,11,97,90
DEV_005_2024-11-20 15:00:00,2024-11-20 15:00:00,DEV_005,39,45,80,47
DEV_005_2024-11-20 16:00:00,2024-11-20 16:00:00,DEV_005,13,10,94,26
DEV_005_2024-11-20 17:00:00,2024-11-20 17:00:00,DEV_005,32,2,52,74
DEV_005_2024-11-20 18:00:00,2024-11-20 18:00:00,DEV_005,89,62,99,88
DEV_005_2024-11-20 19:00:00,2024-11-20 19:00:00,DEV_005,51,41,5,88
DEV_005_2024-11-20 20:00:00,2024-11-20 20:00:00,DEV_005,33,94,16,50
DEV_005_2024-11-20 21:00:00,2024-11-20 21:00:00,DEV_005,14,63,12,17
DEV_005_2024-11-20 22:00:00,2024-11-20 22:00:00,DEV_005,13,92,42,99
DEV_005_2024-11-20 23:00:00,2024-11-20 23:00:00,DEV_005,62,31,28,2
DEV_005_2024-11-21 00:00:00,2024-11-21 00:00:00,DEV_005,58,44,57,1
DEV_005_2024-11-21 01:00:00,2024-11-21 01:00:00,DEV_005,31,35,12,40
DEV_005_2024-11-21 02:00:00,2024-11-21 02:00:00,DEV_005,84,37,59,11
DEV_005_2024-11-21 03:00:00,2024-11-21 03:00:00,DEV_005,10,43,76,81
DEV_005_2024-11-21 04:00:00,2024-11-21 04:00:00,DEV_005,33,92,28,13
DEV_005_2024-11-21 05:00:00,2024-11-21 05:00:00,DEV_005,65,75,80,23
DEV_005_2024-11-21 06:00:00,2024-11-21 06:00:00,DEV_005,89,74,57,92
DEV_005_2024-11-21 07:00:00,2024-11-21 07:00:00,DEV_005,3,55,19,30
DEV_005_2024-11-21 08:00:00,2024-11-21 08:00:00,DEV_005,86,44,35,99
DEV_005_2024-11-21 09:00:00,2024-11-21 09:00:00,DEV_005,76,2,92,90
DEV_005_2024-11-21 10:00:00,2024-11-21 10:00:00,DEV_005,37,51,26,67
DEV_005_2024-11-21 11:00:00,2024-11-21 11:00:00,DEV_005,17,18,75,46
DEV_005_2024-11-21 12:00:00,2024-11-21 12:00:00,DEV_005,18,9,15,94
DEV_005_2024-11-21 13:00:00,2024-11-21 13:00:00,DEV_005,25,68,85,61
DEV_005_2024-11-21 14:00:00,2024-11-21 14:00:00,DEV_005,61,61,2,83
DEV_005_2024-11-21 15:00:00,2024-11-21 15:00:00,DEV_005,13,40,35,90
DEV_005_2024-11-21 16:00:00,2024-11-21 16:00:00,DEV_005,49,24,46,45
DEV_005_2024-11-21 17:00:00,2024-11-21 17:00:00,DEV_005,64,48,19,83
DEV_005_2024-11-21 18:00:00,2024-11-21 18:00:00,DEV_005,32,12,82,41
DEV_005_2024-11-21 19:00:00,2024-11-21 19:00:00,DEV_005,91,21,96,75
DEV_005_2024-11-21 20:00:00,2024-11-21 20:00:00,DEV_005,82,78,29,62
DEV_005_2024-11-21 21:00:00,2024-11-21 21:00:00,DEV_005,18,54,34,55
DEV_005_2024-11-21 22:00:00,2024-11-21 22:00:00,DEV_005,12,44,20,89
DEV_005_2024-11-21 23:00:00,2024-11-21 23:00:00,DEV_005,19,24,75,81
DEV_005_2024-11-22 00:00:00,2024-11-22 00:00:00,DEV_005,16,21,46,56
DEV_005_2024-11-22 01:00:00,2024-11-22 01:00:00,DEV_005,76,35,91,51
DEV_005_2024-11-22 02:00:00,2024-11-22 02:00:00,DEV_005,39,62,27,13
DEV_005_2024-11-22 03:00:00,2024-11-22 03:00:00,DEV_005,27,31,4,87
DEV_005_2024-11-22 04:00:00,2024-11-22 04:00:00,DEV_005,97,8,13,22
DEV_005_2024-11-22 05:00:00,2024-11-22 05:00:00,DEV_005,19,91,4,23
DEV_005_2024-11-22 06:00:00,2024-11-22 06:00:00,DEV_005,19,58,84,12
DEV_005_2024-11-22 07:00:00,2024-11-22 07:00:00,DEV_005,5,19,87,89
DEV_005_2024-11-22 08:00:00,2024-11-22 08:00:00,DEV_005,78,2,44,39
DEV_005_2024-11-22 09:00:00,2024-11-22 09:00:00,DEV_005,36,76,41,66
DEV_005_2024-11-22 10:00:00,2024-11-22 10:00:00,DEV_005,48,17,37,43
DEV_005_2024-11-22 11:00:00,2024-11-22 11:00:00,DEV_005,57,69,79,7
DEV_005_2024-11-22 12:00:00,2024-11-22 12:00:00,DEV_005,30,41,44,47
DEV_005_2024-11-22 13:00:00,2024-11-22 13:00:00,DEV_005,78,51,50,4
DEV_005_2024-11-22 14:00:00,2024-11-22 14:00:00,DEV_005,20,85,11,99
DEV_005_2024-11-22 15:00:00,2024-11-22 15:00:00,DEV_005,52,6,46,35
DEV_005_2024-11-22 16:00:00,2024-11-22 16:00:00,DEV_005,54,19,77,12
DEV_005_2024-11-22 17:00:00,2024-11-22 17:00:00,DEV_005,64,78,45,98
DEV_005_2024-11-22 18:00:00,2024-11-22 18:00:00,DEV_005,38,38,6,6
DEV_005_2024-11-22 19:00:00,2024-11-22 19:00:00,DEV_005,69,41,59,31
DEV_005_2024-11-22 20:00:00,2024-11-22 20:00:00,DEV_005,84,1,86,87
DEV_005_2024-11-22 21:00:00,2024-11-22 21:00:00,DEV_005,41,51,76,92
DEV_005_2024-11-22 22:00:00,2024-11-22 22:00:00,DEV_005,16,95,2,22
DEV_005_2024-11-22 23:00:00,2024-11-22 23:00:00,DEV_005,98,85,69,21
DEV_005_2024-11-23 00:00:00,2024-11-23 00:00:00,DEV_005,10,7,1,33
DEV_005_2024-11-23 01:00:00,2024-11-23 01:00:00,DEV_005,23,94,42,47
DEV_005_2024-11-23 02:00:00,2024-11-23 02:00:00,DEV_005,23,43,85,1
DEV_005_2024-11-23 03:00:00,2024-11-23 03:00:00,DEV_005,15,37,7,13
DEV_005_2024-11-23 04:00:00,2024-11-23 04:00:00,DEV_005,77,75,24,15
DEV_005_2024-11-23 05:00:00,2024-11-23 05:00:00,DEV_005,10,54,63,64
DEV_005_2024-11-23 06:00:00,2024-11-23 06:00:00,DEV_005,33,95,54,5
DEV_005_2024-11-23 07:00:00,2024-11-23 07:00:00,DEV_005,81,72,46,85
DEV_005_2024-11-23 08:00:00,2024-11-23 08:00:00,DEV_005,7,1,80,27
DEV_005_2024-11-23 09:00:00,2024-11-23 09:00:00,DEV_005,2,51,17,63
DEV_005_2024-11-23 10:00:00,2024-11-23 10:00:00,DEV_005,38,18,14,86
DEV_005_2024-11-23 11:00:00,2024-11-23 11:00:00,DEV_005,24,15,53,55
DEV_005_2024-11-23 12:00:00,2024-11-23 12:00:00,DEV_005,54,59,43,41
DEV_005_2024-11-23 13:00:00,2024-11-23 13:00:00,DEV_005,76,20,6,37
DEV_005_2024-11-23 14:00:00,2024-11-23 14:00:00,DEV_005,87,36,45,14
DEV_005_2024-11-23 15:00:00,2024-11-23 15:00:00,DEV_005,15,75,83,44
DEV_005_2024-11-23 16:00:00,2024-11-23 16:00:00,DEV_005,59,20,68,74
DEV_005_2024-11-23 17:00:00,2024-11-23 17:00:00,DEV_005,12,14,5,8
DEV_005_2024-11-23 18:00:00,2024-11-23 18:00:00,DEV_005,99,1,56,19
DEV_005_2024-11-23 19:00:00,2024-11-23 19:00:00,DEV_005,43,45,65,11
DEV_005_2024-11-23 20:00:00,2024-11-23 20:00:00,DEV_005,41,84,10,59
DEV_005_2024-11-23 21:00:00,2024-11-23 21:00:00,DEV_005,34,65,50,34
DEV_005_2024-11-23 22:00:00,2024-11-23 22:00:00,DEV_005,50,90,93,21
DEV_005_2024-11-23 23:00:00,2024-11-23 23:00:00,DEV_005,96,41,19,4
DEV_005_2024-11-24 00:00:00,2024-11-24 00:00:00,DEV_005,47,65,86,86
DEV_005_2024-11-24 01:00:00,2024-11-24 01:00:00,DEV_005,55,74,82,7
DEV_005_2024-11-24 02:00:00,2024-11-24 02:00:00,DEV_005,42,80,27,40
DEV_005_2024-11-24 03:00:00,2024-11-24 03:00:00,DEV_005,10,80,54,61
DEV_005_2024-11-24 04:00:00,2024-11-24 04:00:00,DEV_005,89,1,86,21
DEV_005_2024-11-24 05:00:00,2024-11-24 05:00:00,DEV_005,84,30,33,37
DEV_005_2024-11-24 06:00:00,2024-11-24 06:00:00,DEV_005,73,71,24,54
DEV_005_2024-11-24 07:00:00,2024-11-24 07:00:00,DEV_005,63,44,31,40
DEV_005_2024-11-24 08:00:00,2024-11-24 08:00:00,DEV_005,8,63,46,96
DEV_005_2024-11-24 09:00:00,2024-11-24 09:00:00,DEV_005,17,83,56,40
DEV_005_2024-11-24 10:00:00,2024-11-24 10:00:00,DEV_005,37,3,36,9
DEV_005_2024-11-24 11:00:00,2024-11-24 11:00:00,DEV_005,64,70,42,4
DEV_005_2024-11-24 12:00:00,2024-11-24 12:00:00,DEV_005,90,23,59,25
DEV_005_2024-11-24 13:00:00,2024-11-24 13:00:00,DEV_005,88,51,85,15
DEV_005_2024-11-24 14:00:00,2024-11-24 14:00:00,DEV_005,73,27,32,30
DEV_005_2024-11-24 15:00:00,2024-11-24 15:00:00,DEV_005,98,16,29,67
DEV_005_2024-11-24 16:00:00,2024-11-24 16:00:00,DEV_005,94,16,28,4
DEV_005_2024-11-24 17:00:00,2024-11-24 17:00:00,DEV_005,68,50,81,30
DEV_005_2024-11-24 18:00:00,2024-11-24 18:00:00,DEV_005,38,34,44,21
DEV_005_2024-11-24 19:00:00,2024-11-24 19:00:00,DEV_005,26,8,61,18
DEV_005_2024-11-24 20:00:00,2024-11-24 20:00:00,DEV_005,65,2,50,58
DEV_005_2024-11-24 21:00:00,2024-11-24 21:00:00,DEV_005,89,42,4,33
DEV_005_2024-11-24 22:00:00,2024-11-24 22:00:00,DEV_005,56,80,94,31
DEV_005_2024-11-24 23:00:00,2024-11-24 23:00:00,DEV_005,38,7,50,2
DEV_005_2024-11-25 00:00:00,2024-11-25 00:00:00,DEV_005,4,36,26,72
DEV_005_2024-11-25 01:00:00,2024-11-25 01:00:00,DEV_005,77,28,72,56
DEV_005_2024-11-25 02:00:00,2024-11-25 02:00:00,DEV_005,35,8,56,5
DEV_005_2024-11-25 03:00:00,2024-11-25 03:00:00,DEV_005,71,70,94,13
DEV_005_2024-11-25 04:00:00,2024-11-25 04:00:00,DEV_005,30,19,38,16
DEV_005_2024-11-25 05:00:00,2024-11-25 05:00:00,DEV_005,52,4,55,16
DEV_005_2024-11-25 06:00:00,2024-11-25 06:00:00,DEV_005,22,20,76,29
DEV_005_2024-11-25 07:00:00,2024-11-25 07:00:00,DEV_005,45,92,7,90
DEV_005_2024-11-25 08:00:00,2024-11-25 08:00:00,DEV_005,27,51,38,86
DEV_005_2024-11-25 09:00:00,2024-11-25 09:00:00,DEV_005,84,32,52,54
DEV_005_2024-11-25 10:00:00,2024-11-25 10:00:00,DEV_005,32,54,77,87
DEV_005_2024-11-25 11:00:00,2024-11-25 11:00:00,DEV_005,68,54,11,72
DEV_005_2024-11-25 12:00:00,2024-11-25 12:00:00,DEV_005,44,33,98,42
DEV_005_2024-11-25 13:00:00,2024-11-25 13:00:00,DEV_005,25,66,41,93
DEV_005_2024-11-25 14:00:00,2024-11-25 14:00:00,DEV_005,63,39,28,9
DEV_005_2024-11-25 15:00:00,2024-11-25 15:00:00,DEV_005,93,30,32,46
DEV_005_2024-11-25 16:00:00,2024-11-25 16:00:00,DEV_005,68,78,95,90
DEV_005_2024-11-25 17:00:00,2024-11-25 17:00:00,DEV_005,88,31,80,8
DEV_005_2024-11-25 18:00:00,2024-11-25 18:00:00,DEV_005,61,10,15,68
DEV_005_2024-11-25 19:00:00,2024-11-25 19:00:00,DEV_005,40,27,41,40
DEV_005_2024-11-25 20:00:00,2024-11-25 20:00:00,DEV_005,38,54,41,51
DEV_005_2024-11-25 21:00:00,2024-11-25 21:00:00,DEV_005,17,57,88,27
DEV_005_2024-11-25 22:00:00,2024-11-25 22:00:00,DEV_005,47,67,95,15
DEV_005_2024-11-25 23:00:00,2024-11-25 23:00:00,DEV_005,29,64,54,88
DEV_005_2024-11-26 00:00:00,2024-11-26 00:00:00,DEV_005,31,67,55,83
DEV_005_2024-11-26 01:00:00,2024-11-26 01:00:00,DEV_005,54,74,88,70
DEV_005_2024-11-26 02:00:00,2024-11-26 02:00:00,DEV_005,54,19,55,88
DEV_005_2024-11-26 03:00:00,2024-11-26 03:00:00,DEV_005,18,7,89,24
DEV_005_2024-11-26 04:00:00,2024-11-26 04:00:00,DEV_005,6,72,32,29
DEV_005_2024-11-26 05:00:00,2024-11-26 05:00:00,DEV_005,78,94,38,24
DEV_005_2024-11-26 06:00:00,2024-11-26 06:00:00,DEV_005,67,48,79,52
DEV_005_2024-11-26 07:00:00,2024-11-26 07:00:00,DEV_005,58,96,32,17
DEV_005_2024-11-26 08:00:00,2024-11-26 08:00:00,DEV_005,48,11,10,45
DEV_005_2024-11-26 09:00:00,2024-11-26 09:00:00,DEV_005,94,38,52,37
DEV_005_2024-11-26 10:00:00,2024-11-26 10:00:00,DEV_005,91,4,89,32
DEV_005_2024-11-26 11:00:00,2024-11-26 11:00:00,DEV_005,68,3,28,68
DEV_005_2024-11-26 12:00:00,2024-11-26 12:00:00,DEV_005,22,7,4,91
DEV_005_2024-11-26 13:00:00,2024-11-26 13:00:00,DEV_005,68,48,12,75
DEV_005_2024-11-26 14:00:00,2024-11-26 14:00:00,DEV_005,72,36,67,86
DEV_005_2024-11-26 15:00:00,2024-11-26 15:00:00,DEV_005,42,11,1,38
DEV_005_2024-11-26 16:00:00,2024-11-26 16:00:00,DEV_005,40,46,2,67
DEV_005_2024-11-26 17:00:00,2024-11-26 17:00:00,DEV_005,63,12,46,32
DEV_005_2024-11-26 18:00:00,2024-11-26 18:00:00,DEV_005,37,99,79,34
DEV_005_2024-11-26 19:00:00,2024-11-26 19:00:00,DEV_005,61,48,63,21
DEV_005_2024-11-26 20:00:00,2024-11-26 20:00:00,DEV_005,13,9,64,3
DEV_005_2024-11-26 21:00:00,2024-11-26 21:00:00,DEV_005,91,42,25,67
DEV_005_2024-11-26 22:00:00,2024-11-26 22:00:00,DEV_005,2,71,82,61
DEV_005_2024-11-26 23:00:00,2024-11-26 23:00:00,DEV_005,99,74,42,95
DEV_005_2024-11-27 00:00:00,2024-11-27 00:00:00,DEV_005,2,80,91,24
DEV_005_2024-11-27 01:00:00,2024-11-27 01:00:00,DEV_005,18,94,53,97
DEV_005_2024-11-27 02:00:00,2024-11-27 02:00:00,DEV_005,55,34,10,58
DEV_005_2024-11-27 03:00:00,2024-11-27 03:00:00,DEV_005,59,77,68,43
DEV_005_2024-11-27 04:00:00,2024-11-27 04:00:00,DEV_005,40,91,79,47
DEV_005_2024-11-27 05:00:00,2024-11-27 05:00:00,DEV_005,69,84,43,65
DEV_005_2024-11-27 06:00:00,2024-11-27 06:00:00,DEV_005,14,45,91,72
DEV_005_2024-11-27 07:00:00,2024-11-27 07:00:00,DEV_005,15,79,70,80
DEV_005_2024-11-27 08:00:00,2024-11-27 08:00:00,DEV_005,22,64,20,8
DEV_005_2024-11-27 09:00:00,2024-11-27 09:00:00,DEV_005,47,55,62,52
DEV_005_2024-11-27 10:00:00,2024-11-27 10:00:00,DEV_005,31,30,4,48
DEV_005_2024-11-27 11:00:00,2024-11-27 11:00:00,DEV_005,9,77,19,39
DEV_005_2024-11-27 12:00:00,2024-11-27 12:00:00,DEV_005,87,16,65,89
DEV_005_2024-11-27 13:00:00,2024-11-27 13:00:00,DEV_005,23,5,78,49
DEV_005_2024-11-27 14:00:00,2024-11-27 14:00:00,DEV_005,31,67,88,16
DEV_005_2024-11-27 15:00:00,2024-11-27 15:00:00,DEV_005,93,59,40,61
DEV_005_2024-11-27 16:00:00,2024-11-27 16:00:00,DEV_005,54,23,54,21
DEV_005_2024-11-27 17:00:00,2024-11-27 17:00:00,DEV_005,3,79,73,47
DEV_005_2024-11-27 18:00:00,2024-11-27 18:00:00,DEV_005,16,8,54,84
DEV_005_2024-11-27 19:00:00,2024-11-27 19:00:00,DEV_005,98,65,67,64
DEV_005_2024-11-27 20:00:00,2024-11-27 20:00:00,DEV_005,45,9,69,71
DEV_005_2024-11-27 21:00:00,2024-11-27 21:00:00,DEV_005,55,86,67,85
DEV_005_2024-11-27 22:00:00,2024-11-27 22:00:00,DEV_005,57,92,31,87
DEV_005_2024-11-27 23:00:00,2024-11-27 23:00:00,DEV_005,70,11,48,91
DEV_005_2024-11-28 00:00:00,2024-11-28 00:00:00,DEV_005,6,81,42,34
DEV_005_2024-11-28 01:00:00,2024-11-28 01:00:00,DEV_005,44,93,2,22
DEV_005_2024-11-28 02:00:00,2024-11-28 02:00:00,DEV_005,96,60,86,7
DEV_005_2024-11-28 03:00:00,2024-11-28 03:00:00,DEV_005,39,89,25,95
DEV_005_2024-11-28 04:00:00,2024-11-28 04:00:00,DEV_005,47,47,40,6
DEV_005_2024-11-28 05:00:00,2024-11-28 05:00:00,DEV_005,83,9,75,4
DEV_005_2024-11-28 06:00:00,2024-11-28 06:00:00,DEV_005,40,39,46,92
DEV_005_2024-11-28 07:00:00,2024-11-28 07:00:00,DEV_005,42,71,18,62
DEV_005_2024-11-28 08:00:00,2024-11-28 08:00:00,DEV_005,1,13,29,32
DEV_005_2024-11-28 09:00:00,2024-11-28 09:00:00,DEV_005,32,24,83,66
DEV_005_2024-11-28 10:00:00,2024-11-28 10:00:00,DEV_005,4,99,67,65
DEV_005_2024-11-28 11:00:00,2024-11-28 11:00:00,DEV_005,16,22,46,62
DEV_005_2024-11-28 12:00:00,2024-11-28 12:00:00,DEV_005,95,70,33,52
DEV_005_2024-11-28 13:00:00,2024-11-28 13:00:00,DEV_005,75,60,41,87
DEV_005_2024-11-28 14:00:00,2024-11-28 14:00:00,DEV_005,14,61,98,65
DEV_005_2024-11-28 15:00:00,2024-11-28 15:00:00,DEV_005,85,97,69,65
DEV_005_2024-11-28 16:00:00,2024-11-28 16:00:00,DEV_005,50,63,4,83
DEV_005_2024-11-28 17:00:00,2024-11-28 17:00:00,DEV_005,36,61,13,68
DEV_005_2024-11-28 18:00:00,2024-11-28 18:00:00,DEV_005,59,77,55,49
DEV_005_2024-11-28 19:00:00,2024-11-28 19:00:00,DEV_005,23,60,63,29
DEV_005_2024-11-28 20:00:00,2024-11-28 20:00:00,DEV_005,97,33,42,85
DEV_005_2024-11-28 21:00:00,2024-11-28 21:00:00,DEV_005,82,8,50,66
DEV_005_2024-11-28 22:00:00,2024-11-28 22:00:00,DEV_005,96,77,32,3
DEV_005_2024-11-28 23:00:00,2024-11-28 23:00:00,DEV_005,75,41,82,8
DEV_005_2024-11-29 00:00:00,2024-11-29 00:00:00,DEV_005,35,94,62,89
DEV_005_2024-11-29 01:00:00,2024-11-29 01:00:00,DEV_005,69,87,56,31
DEV_005_2024-11-29 02:00:00,2024-11-29 02:00:00,DEV_005,23,13,13,69
DEV_005_2024-11-29 03:00:00,2024-11-29 03:00:00,DEV_005,84,1,1,51
DEV_005_2024-11-29 04:00:00,2024-11-29 04:00:00,DEV_005,8,71,99,81
DEV_005_2024-11-29 05:00:00,2024-11-29 05:00:00,DEV_005,22,72,38,66
DEV_005_2024-11-29 06:00:00,2024-11-29 06:00:00,DEV_005,3,24,68,66
DEV_005_2024-11-29 07:00:00,2024-11-29 07:00:00,DEV_005,98,19,38,20
DEV_005_2024-11-29 08:00:00,2024-11-29 08:00:00,DEV_005,8,60,38,28
DEV_005_2024-11-29 09:00:00,2024-11-29 09:00:00,DEV_005,30,83,20,61
DEV_005_2024-11-29 10:00:00,2024-11-29 10:00:00,DEV_005,85,13,61,18
DEV_005_2024-11-29 11:00:00,2024-11-29 11:00:00,DEV_005,84,6,12,61
DEV_005_2024-11-29 12:00:00,2024-11-29 12:00:00,DEV_005,34,35,10,49
DEV_005_2024-11-29 13:00:00,2024-11-29 13:00:00,DEV_005,69,26,35,54
DEV_005_2024-11-29 14:00:00,2024-11-29 14:00:00,DEV_005,43,87,8,7
DEV_005_2024-11-29 15:00:00,2024-11-29 15:00:00,DEV_005,82,29,55,46
DEV_005_2024-11-29 16:00:00,2024-11-29 16:00:00,DEV_005,14,21,52,44
DEV_005_2024-11-29 17:00:00,2024-11-29 17:00:00,DEV_005,41,59,38,41
DEV_005_2024-11-29 18:00:00,2024-11-29 18:00:00,DEV_005,71,38,79,51
DEV_005_2024-11-29 19:00:00,2024-11-29 19:00:00,DEV_005,89,16,95,43
DEV_005_2024-11-29 20:00:00,2024-11-29 20:00:00,DEV_005,75,61,79,99
DEV_005_2024-11-29 21:00:00,2024-11-29 21:00:00,DEV_005,47,30,60,29
DEV_005_2024-11-29 22:00:00,2024-11-29 22:00:00,DEV_005,2,59,36,10
DEV_005_2024-11-29 23:00:00,2024-11-29 23:00:00,DEV_005,6,94,83,92
DEV_005_2024-11-30 00:00:00,2024-11-30 00:00:00,DEV_005,81,32,28,2
DEV_005_2024-11-30 01:00:00,2024-11-30 01:00:00,DEV_005,97,46,62,13
DEV_005_2024-11-30 02:00:00,2024-11-30 02:00:00,DEV_005,2,68,40,50
DEV_005_2024-11-30 03:00:00,2024-11-30 03:00:00,DEV_005,18,94,57,52
DEV_005_2024-11-30 04:00:00,2024-11-30 04:00:00,DEV_005,12,89,51,38
DEV_005_2024-11-30 05:00:00,2024-11-30 05:00:00,DEV_005,56,52,90,16
DEV_005_2024-11-30 06:00:00,2024-11-30 06:00:00,DEV_005,89,39,98,38
DEV_005_2024-11-30 07:00:00,2024-11-30 07:00:00,DEV_005,41,50,70,72
DEV_005_2024-11-30 08:00:00,2024-11-30 08:00:00,DEV_005,71,41,41,81
DEV_005_2024-11-30 09:00:00,2024-11-30 09:00:00,DEV_005,80,30,93,42
DEV_005_2024-11-30 10:00:00,2024-11-30 10:00:00,DEV_005,19,27,97,24
DEV_005_2024-11-30 11:00:00,2024-11-30 11:00:00,DEV_005,73,57,39,6
DEV_005_2024-11-30 12:00:00,2024-11-30 12:00:00,DEV_005,89,22,14,16
DEV_005_2024-11-30 13:00:00,2024-11-30 13:00:00,DEV_005,27,14,52,73
DEV_005_2024-11-30 14:00:00,2024-11-30 14:00:00,DEV_005,65,50,35,89
DEV_005_2024-11-30 15:00:00,2024-11-30 15:00:00,DEV_005,8,26,17,94
DEV_005_2024-11-30 16:00:00,2024-11-30 16:00:00,DEV_005,39,66,58,79
DEV_005_2024-11-30 17:00:00,2024-11-30 17:00:00,DEV_005,1,14,2,91
DEV_005_2024-11-30 18:00:00,2024-11-30 18:00:00,DEV_005,27,82,85,37
DEV_005_2024-11-30 19:00:00,2024-11-30 19:00:00,DEV_005,23,85,79,13
DEV_005_2024-11-30 20:00:00,2024-11-30 20:00:00,DEV_005,61,68,24,4
DEV_005_2024-11-30 21:00:00,2024-11-30 21:00:00,DEV_005,82,62,87,32
DEV_005_2024-11-30 22:00:00,2024-11-30 22:00:00,DEV_005,91,31,59,44
DEV_005_2024-11-30 23:00:00,2024-11-30 23:00:00,DEV_005,17,88,84,88
DEV_005_2024-12-01 00:00:00,2024-12-01 00:00:00,DEV_005,38,84,86,33
DEV_005_2024-12-01 01:00:00,2024-12-01 01:00:00,DEV_005,46,76,91,15
DEV_005_2024-12-01 02:00:00,2024-12-01 02:00:00,DEV_005,41,84,41,66
DEV_005_2024-12-01 03:00:00,2024-12-01 03:00:00,DEV_005,41,56,18,1
DEV_005_2024-12-01 04:00:00,2024-12-01 04:00:00,DEV_005,97,5,67,15
DEV_005_2024-12-01 05:00:00,2024-12-01 05:00:00,DEV_005,5,7,33,38
DEV_005_2024-12-01 06:00:00,2024-12-01 06:00:00,DEV_005,98,16,41,36
DEV_005_2024-12-01 07:00:00,2024-12-01 07:00:00,DEV_005,69,30,2,64
DEV_005_2024-12-01 08:00:00,2024-12-01 08:00:00,DEV_005,71,77,67,59
DEV_005_2024-12-01 09:00:00,2024-12-01 09:00:00,DEV_005,49,58,53,70
DEV_005_2024-12-01 10:00:00,2024-12-01 10:00:00,DEV_005,28,82,6,98
DEV_005_2024-12-01 11:00:00,2024-12-01 11:00:00,DEV_005,28,95,52,43
DEV_005_2024-12-01 12:00:00,2024-12-01 12:00:00,DEV_005,9,84,35,98
DEV_005_2024-12-01 13:00:00,2024-12-01 13:00:00,DEV_005,93,33,94,83
DEV_005_2024-12-01 14:00:00,2024-12-01 14:00:00,DEV_005,94,22,8,76
DEV_005_2024-12-01 15:00:00,2024-12-01 15:00:00,DEV_005,57,45,80,86
DEV_005_2024-12-01 16:00:00,2024-12-01 16:00:00,DEV_005,81,6,88,7
DEV_005_2024-12-01 17:00:00,2024-12-01 17:00:00,DEV_005,8,99,91,96
DEV_005_2024-12-01 18:00:00,2024-12-01 18:00:00,DEV_005,98,54,85,9
DEV_005_2024-12-01 19:00:00,2024-12-01 19:00:00,DEV_005,32,49,63,61
DEV_005_2024-12-01 20:00:00,2024-12-01 20:00:00,DEV_005,98,71,36,53
DEV_005_2024-12-01 21:00:00,2024-12-01 21:00:00,DEV_005,11,13,89,8
DEV_005_2024-12-01 22:00:00,2024-12-01 22:00:00,DEV_005,53,97,69,94
DEV_005_2024-12-01 23:00:00,2024-12-01 23:00:00,DEV_005,54,84,29,27
DEV_005_2024-12-02 00:00:00,2024-12-02 00:00:00,DEV_005,3,76,51,86
DEV_005_2024-12-02 01:00:00,2024-12-02 01:00:00,DEV_005,53,69,48,7
DEV_005_2024-12-02 02:00:00,2024-12-02 02:00:00,DEV_005,45,25,60,86
DEV_005_2024-12-02 03:00:00,2024-12-02 03:00:00,DEV_005,40,46,55,49
DEV_005_2024-12-02 04:00:00,2024-12-02 04:00:00,DEV_005,71,93,85,27
DEV_005_2024-12-02 05:00:00,2024-12-02 05:00:00,DEV_005,24,77,45,35
DEV_005_2024-12-02 06:00:00,2024-12-02 06:00:00,DEV_005,73,2,6,2
DEV_005_2024-12-02 07:00:00,2024-12-02 07:00:00,DEV_005,71,38,77,89
DEV_005_2024-12-02 08:00:00,2024-12-02 08:00:00,DEV_005,32,62,80,9
DEV_005_2024-12-02 09:00:00,2024-12-02 09:00:00,DEV_005,24,10,79,78
DEV_005_2024-12-02 10:00:00,2024-12-02 10:00:00,DEV_005,32,77,13,90
DEV_005_2024-12-02 11:00:00,2024-12-02 11:00:00,DEV_005,52,83,41,53
DEV_005_2024-12-02 12:00:00,2024-12-02 12:00:00,DEV_005,85,38,64,71
DEV_005_2024-12-02 13:00:00,2024-12-02 13:00:00,DEV_005,37,48,31,65
DEV_005_2024-12-02 14:00:00,2024-12-02 14:00:00,DEV_005,45,14,20,11
DEV_005_2024-12-02 15:00:00,2024-12-02 15:00:00,DEV_005,7,6,20,84
DEV_005_2024-12-02 16:00:00,2024-12-02 16:00:00,DEV_005,94,28,63,10
DEV_005_2024-12-02 17:00:00,2024-12-02 17:00:00,DEV_005,19,51,90,15
DEV_005_2024-12-02 18:00:00,2024-12-02 18:00:00,DEV_005,54,27,41,10
DEV_005_2024-12-02 19:00:00,2024-12-02 19:00:00,DEV_005,81,87,40,78
DEV_005_2024-12-02 20:00:00,2024-12-02 20:00:00,DEV_005,57,46,47,9
DEV_005_2024-12-02 21:00:00,2024-12-02 21:00:00,DEV_005,80,82,30,17
DEV_005_2024-12-02 22:00:00,2024-12-02 22:00:00,DEV_005,78,77,21,88
DEV_005_2024-12-02 23:00:00,2024-12-02 23:00:00,DEV_005,42,42,48,46
DEV_005_2024-12-03 00:00:00,2024-12-03 00:00:00,DEV_005,55,82,29,5
DEV_005_2024-12-03 01:00:00,2024-12-03 01:00:00,DEV_005,71,80,10,42
DEV_005_2024-12-03 02:00:00,2024-12-03 02:00:00,DEV_005,30,93,17,46
DEV_005_2024-12-03 03:00:00,2024-12-03 03:00:00,DEV_005,42,11,96,67
DEV_005_2024-12-03 04:00:00,2024-12-03 04:00:00,DEV_005,27,41,4,65
DEV_005_2024-12-03 05:00:00,2024-12-03 05:00:00,DEV_005,16,81,14,13
DEV_005_2024-12-03 06:00:00,2024-12-03 06:00:00,DEV_005,31,75,81,82
DEV_005_2024-12-03 07:00:00,2024-12-03 07:00:00,DEV_005,8,19,71,62
DEV_005_2024-12-03 08:00:00,2024-12-03 08:00:00,DEV_005,79,66,94,46
DEV_005_2024-12-03 09:00:00,2024-12-03 09:00:00,DEV_005,71,44,70,44
DEV_005_2024-12-03 10:00:00,2024-12-03 10:00:00,DEV_005,97,65,66,97
DEV_005_2024-12-03 11:00:00,2024-12-03 11:00:00,DEV_005,9,93,60,48
DEV_005_2024-12-03 12:00:00,2024-12-03 12:00:00,DEV_005,19,51,88,38
DEV_005_2024-12-03 13:00:00,2024-12-03 13:00:00,DEV_005,99,29,52,78
DEV_005_2024-12-03 14:00:00,2024-12-03 14:00:00,DEV_005,52,28,26,59
DEV_005_2024-12-03 15:00:00,2024-12-03 15:00:00,DEV_005,26,2,42,46
DEV_005_2024-12-03 16:00:00,2024-12-03 16:00:00,DEV_005,8,64,75,94
DEV_005_2024-12-03 17:00:00,2024-12-03 17:00:00,DEV_005,1,85,83,49
DEV_005_2024-12-03 18:00:00,2024-12-03 18:00:00,DEV_005,22,25,59,83
DEV_005_2024-12-03 19:00:00,2024-12-03 19:00:00,DEV_005,96,37,14,89
DEV_005_2024-12-03 20:00:00,2024-12-03 20:00:00,DEV_005,45,96,15,13
DEV_005_2024-12-03 21:00:00,2024-12-03 21:00:00,DEV_005,20,29,57,13
DEV_005_2024-12-03 22:00:00,2024-12-03 22:00:00,DEV_005,93,5,46,99
DEV_005_2024-12-03 23:00:00,2024-12-03 23:00:00,DEV_005,66,36,28,24
DEV_005_2024-12-04 00:00:00,2024-12-04 00:00:00,DEV_005,97,3,98,25
DEV_005_2024-12-04 01:00:00,2024-12-04 01:00:00,DEV_005,60,88,92,87
DEV_005_2024-12-04 02:00:00,2024-12-04 02:00:00,DEV_005,41,42,37,85
DEV_005_2024-12-04 03:00:00,2024-12-04 03:00:00,DEV_005,3,98,54,36
DEV_005_2024-12-04 04:00:00,2024-12-04 04:00:00,DEV_005,56,14,56,13
DEV_005_2024-12-04 05:00:00,2024-12-04 05:00:00,DEV_005,96,17,2,72
DEV_005_2024-12-04 06:00:00,2024-12-04 06:00:00,DEV_005,34,10,48,4
DEV_005_2024-12-04 07:00:00,2024-12-04 07:00:00,DEV_005,90,83,4,62
DEV_005_2024-12-04 08:00:00,2024-12-04 08:00:00,DEV_005,88,1,70,80
DEV_005_2024-12-04 09:00:00,2024-12-04 09:00:00,DEV_005,59,47,17,46
DEV_005_2024-12-04 10:00:00,2024-12-04 10:00:00,DEV_005,54,27,64,37
DEV_005_2024-12-04 11:00:00,2024-12-04 11:00:00,DEV_005,14,38,63,22
DEV_005_2024-12-04 12:00:00,2024-12-04 12:00:00,DEV_005,13,43,90,71
DEV_005_2024-12-04 13:00:00,2024-12-04 13:00:00,DEV_005,61,77,37,42
DEV_005_2024-12-04 14:00:00,2024-12-04 14:00:00,DEV_005,42,85,56,59
DEV_005_2024-12-04 15:00:00,2024-12-04 15:00:00,DEV_005,16,97,21,17
DEV_005_2024-12-04 16:00:00,2024-12-04 16:00:00,DEV_005,90,53,97,59
DEV_005_2024-12-04 17:00:00,2024-12-04 17:00:00,DEV_005,79,78,99,22
DEV_005_2024-12-04 18:00:00,2024-12-04 18:00:00,DEV_005,86,5,32,36
DEV_005_2024-12-04 19:00:00,2024-12-04 19:00:00,DEV_005,14,6,3,28
DEV_005_2024-12-04 20:00:00,2024-12-04 20:00:00,DEV_005,1,2,57,39
DEV_005_2024-12-04 21:00:00,2024-12-04 21:00:00,DEV_005,54,79,49,88
DEV_005_2024-12-04 22:00:00,2024-12-04 22:00:00,DEV_005,54,62,75,30
DEV_005_2024-12-04 23:00:00,2024-12-04 23:00:00,DEV_005,27,96,33,12
DEV_005_2024-12-05 00:00:00,2024-12-05 00:00:00,DEV_005,82,33,97,86
DEV_005_2024-12-05 01:00:00,2024-12-05 01:00:00,DEV_005,2,99,25,11
DEV_005_2024-12-05 02:00:00,2024-12-05 02:00:00,DEV_005,98,83,39,78
DEV_005_2024-12-05 03:00:00,2024-12-05 03:00:00,DEV_005,15,8,7,55
DEV_005_2024-12-05 04:00:00,2024-12-05 04:00:00,DEV_005,27,8,45,31
DEV_005_2024-12-05 05:00:00,2024-12-05 05:00:00,DEV_005,86,56,65,7
DEV_005_2024-12-05 06:00:00,2024-12-05 06:00:00,DEV_005,62,8,63,71
DEV_005_2024-12-05 07:00:00,2024-12-05 07:00:00,DEV_005,48,94,2,60
DEV_005_2024-12-05 08:00:00,2024-12-05 08:00:00,DEV_005,66,33,23,51
DEV_005_2024-12-05 09:00:00,2024-12-05 09:00:00,DEV_005,10,18,48,97
DEV_005_2024-12-05 10:00:00,2024-12-05 10:00:00,DEV_005,19,99,80,52
DEV_005_2024-12-05 11:00:00,2024-12-05 11:00:00,DEV_005,2,35,79,11
DEV_005_2024-12-05 12:00:00,2024-12-05 12:00:00,DEV_005,37,4,92,72
DEV_005_2024-12-05 13:00:00,2024-12-05 13:00:00,DEV_005,64,37,45,10
DEV_005_2024-12-05 14:00:00,2024-12-05 14:00:00,DEV_005,10,28,9,29
DEV_005_2024-12-05 15:00:00,2024-12-05 15:00:00,DEV_005,16,81,70,6
DEV_005_2024-12-05 16:00:00,2024-12-05 16:00:00,DEV_005,56,53,32,43
DEV_005_2024-12-05 17:00:00,2024-12-05 17:00:00,DEV_005,8,72,8,93
DEV_005_2024-12-05 18:00:00,2024-12-05 18:00:00,DEV_005,24,17,96,23
DEV_005_2024-12-05 19:00:00,2024-12-05 19:00:00,DEV_005,81,63,78,64
DEV_005_2024-12-05 20:00:00,2024-12-05 20:00:00,DEV_005,76,14,10,3
DEV_005_2024-12-05 21:00:00,2024-12-05 21:00:00,DEV_005,32,15,40,85
DEV_005_2024-12-05 22:00:00,2024-12-05 22:00:00,DEV_005,98,70,47,21
DEV_005_2024-12-05 23:00:00,2024-12-05 23:00:00,DEV_005,40,34,81,28
DEV_005_2024-12-06 00:00:00,2024-12-06 00:00:00,DEV_005,11,4,9,91
DEV_005_2024-12-06 01:00:00,2024-12-06 01:00:00,DEV_005,90,66,6,85
DEV_005_2024-12-06 02:00:00,2024-12-06 02:00:00,DEV_005,72,66,66,51
DEV_005_2024-12-06 03:00:00,2024-12-06 03:00:00,DEV_005,88,42,53,92
DEV_005_2024-12-06 04:00:00,2024-12-06 04:00:00,DEV_005,34,3,8,32
DEV_005_2024-12-06 05:00:00,2024-12-06 05:00:00,DEV_005,17,77,47,12
DEV_005_2024-12-06 06:00:00,2024-12-06 06:00:00,DEV_005,34,80,56,46
DEV_005_2024-12-06 07:00:00,2024-12-06 07:00:00,DEV_005,4,78,16,83
DEV_005_2024-12-06 08:00:00,2024-12-06 08:00:00,DEV_005,44,16,90,66
DEV_005_2024-12-06 09:00:00,2024-12-06 09:00:00,DEV_005,18,96,85,39
DEV_005_2024-12-06 10:00:00,2024-12-06 10:00:00,DEV_005,10,34,39,81
DEV_005_2024-12-06 11:00:00,2024-12-06 11:00:00,DEV_005,49,27,3,79
DEV_005_2024-12-06 12:00:00,2024-12-06 12:00:00,DEV_005,94,17,71,76
DEV_005_2024-12-06 13:00:00,2024-12-06 13:00:00,DEV_005,2,83,29,53
DEV_005_2024-12-06 14:00:00,2024-12-06 14:00:00,DEV_005,98,1,23,50
DEV_005_2024-12-06 15:00:00,2024-12-06 15:00:00,DEV_005,42,36,33,44
DEV_005_2024-12-06 16:00:00,2024-12-06 16:00:00,DEV_005,29,34,29,81
DEV_005_2024-12-06 17:00:00,2024-12-06 17:00:00,DEV_005,49,70,51,37
DEV_005_2024-12-06 18:00:00,2024-12-06 18:00:00,DEV_005,29,38,69,37
DEV_005_2024-12-06 19:00:00,2024-12-06 19:00:00,DEV_005,53,73,64,47
DEV_005_2024-12-06 20:00:00,2024-12-06 20:00:00,DEV_005,42,15,49,96
DEV_005_2024-12-06 21:00:00,2024-12-06 21:00:00,DEV_005,35,21,4,61
DEV_005_2024-12-06 22:00:00,2024-12-06 22:00:00,DEV_005,17,25,82,66
DEV_005_2024-12-06 23:00:00,2024-12-06 23:00:00,DEV_005,28,81,82,43
DEV_005_2024-12-07 00:00:00,2024-12-07 00:00:00,DEV_005,33,98,23,25
DEV_005_2024-12-07 01:00:00,2024-12-07 01:00:00,DEV_005,23,85,56,55
DEV_005_2024-12-07 02:00:00,2024-12-07 02:00:00,DEV_005,29,41,34,36
DEV_005_2024-12-07 03:00:00,2024-12-07 03:00:00,DEV_005,6,4,52,27
DEV_005_2024-12-07 04:00:00,2024-12-07 04:00:00,DEV_005,98,89,7,63
DEV_005_2024-12-07 05:00:00,2024-12-07 05:00:00,DEV_005,42,90,38,54
DEV_005_2024-12-07 06:00:00,2024-12-07 06:00:00,DEV_005,42,50,63,47
DEV_005_2024-12-07 07:00:00,2024-12-07 07:00:00,DEV_005,57,37,23,11
DEV_005_2024-12-07 08:00:00,2024-12-07 08:00:00,DEV_005,10,65,44,48
DEV_005_2024-12-07 09:00:00,2024-12-07 09:00:00,DEV_005,37,89,70,19
DEV_005_2024-12-07 10:00:00,2024-12-07 10:00:00,DEV_005,83,97,30,38
DEV_005_2024-12-07 11:00:00,2024-12-07 11:00:00,DEV_005,77,57,39,30
DEV_005_2024-12-07 12:00:00,2024-12-07 12:00:00,DEV_005,68,31,82,8
DEV_005_2024-12-07 13:00:00,2024-12-07 13:00:00,DEV_005,82,44,99,18
DEV_005_2024-12-07 14:00:00,2024-12-07 14:00:00,DEV_005,8,1,73,70
DEV_005_2024-12-07 15:00:00,2024-12-07 15:00:00,DEV_005,64,60,89,84
DEV_005_2024-12-07 16:00:00,2024-12-07 16:00:00,DEV_005,43,80,5,66
DEV_005_2024-12-07 17:00:00,2024-12-07 17:00:00,DEV_005,93,98,18,69
DEV_005_2024-12-07 18:00:00,2024-12-07 18:00:00,DEV_005,23,28,20,7
DEV_005_2024-12-07 19:00:00,2024-12-07 19:00:00,DEV_005,16,4,9,89
DEV_005_2024-12-07 20:00:00,2024-12-07 20:00:00,DEV_005,76,35,14,70
DEV_005_2024-12-07 21:00:00,2024-12-07 21:00:00,DEV_005,94,79,23,74
DEV_005_2024-12-07 22:00:00,2024-12-07 22:00:00,DEV_005,51,86,66,68
DEV_005_2024-12-07 23:00:00,2024-12-07 23:00:00,DEV_005,84,42,64,15
DEV_005_2024-12-08 00:00:00,2024-12-08 00:00:00,DEV_005,62,4,86,31
DEV_005_2024-12-08 01:00:00,2024-12-08 01:00:00,DEV_005,22,47,51,8
DEV_005_2024-12-08 02:00:00,2024-12-08 02:00:00,DEV_005,68,97,69,17
DEV_005_2024-12-08 03:00:00,2024-12-08 03:00:00,DEV_005,27,88,20,82
DEV_005_2024-12-08 04:00:00,2024-12-08 04:00:00,DEV_005,51,12,80,99
DEV_005_2024-12-08 05:00:00,2024-12-08 05:00:00,DEV_005,95,21,20,60
DEV_005_2024-12-08 06:00:00,2024-12-08 06:00:00,DEV_005,15,30,57,60
DEV_005_2024-12-08 07:00:00,2024-12-08 07:00:00,DEV_005,15,28,19,63
DEV_005_2024-12-08 08:00:00,2024-12-08 08:00:00,DEV_005,65,89,68,67
DEV_005_2024-12-08 09:00:00,2024-12-08 09:00:00,DEV_005,93,13,59,98
DEV_005_2024-12-08 10:00:00,2024-12-08 10:00:00,DEV_005,24,59,62,64
DEV_005_2024-12-08 11:00:00,2024-12-08 11:00:00,DEV_005,18,97,78,31
DEV_005_2024-12-08 12:00:00,2024-12-08 12:00:00,DEV_005,32,2,68,49
DEV_005_2024-12-08 13:00:00,2024-12-08 13:00:00,DEV_005,99,9,28,89
DEV_005_2024-12-08 14:00:00,2024-12-08 14:00:00,DEV_005,18,11,87,70
DEV_005_2024-12-08 15:00:00,2024-12-08 15:00:00,DEV_005,67,88,30,98
DEV_005_2024-12-08 16:00:00,2024-12-08 16:00:00,DEV_005,25,90,86,77
DEV_005_2024-12-08 17:00:00,2024-12-08 17:00:00,DEV_005,75,1,57,45
DEV_005_2024-12-08 18:00:00,2024-12-08 18:00:00,DEV_005,15,76,33,82
DEV_005_2024-12-08 19:00:00,2024-12-08 19:00:00,DEV_005,89,73,81,27
DEV_005_2024-12-08 20:00:00,2024-12-08 20:00:00,DEV_005,55,82,43,19
DEV_005_2024-12-08 21:00:00,2024-12-08 21:00:00,DEV_005,72,73,31,58
DEV_005_2024-12-08 22:00:00,2024-12-08 22:00:00,DEV_005,42,16,14,66
DEV_005_2024-12-08 23:00:00,2024-12-08 23:00:00,DEV_005,55,92,42,29
DEV_005_2024-12-09 00:00:00,2024-12-09 00:00:00,DEV_005,29,43,40,23
DEV_005_2024-12-09 01:00:00,2024-12-09 01:00:00,DEV_005,59,42,31,59
DEV_005_2024-12-09 02:00:00,2024-12-09 02:00:00,DEV_005,22,21,89,97
DEV_005_2024-12-09 03:00:00,2024-12-09 03:00:00,DEV_005,51,58,62,99
DEV_005_2024-12-09 04:00:00,2024-12-09 04:00:00,DEV_005,2,61,75,12
DEV_005_2024-12-09 05:00:00,2024-12-09 05:00:00,DEV_005,47,50,43,93
DEV_005_2024-12-09 06:00:00,2024-12-09 06:00:00,DEV_005,48,31,30,76
DEV_005_2024-12-09 07:00:00,2024-12-09 07:00:00,DEV_005,2,18,94,76
DEV_005_2024-12-09 08:00:00,2024-12-09 08:00:00,DEV_005,58,83,87,59
DEV_005_2024-12-09 09:00:00,2024-12-09 09:00:00,DEV_005,59,7,14,54
DEV_005_2024-12-09 10:00:00,2024-12-09 10:00:00,DEV_005,7,77,96,79
DEV_005_2024-12-09 11:00:00,2024-12-09 11:00:00,DEV_005,85,99,42,67
DEV_005_2024-12-09 12:00:00,2024-12-09 12:00:00,DEV_005,10,12,84,77
DEV_005_2024-12-09 13:00:00,2024-12-09 13:00:00,DEV_005,77,55,26,12
DEV_005_2024-12-09 14:00:00,2024-12-09 14:00:00,DEV_005,57,5,51,64
DEV_005_2024-12-09 15:00:00,2024-12-09 15:00:00,DEV_005,95,70,63,45
DEV_005_2024-12-09 16:00:00,2024-12-09 16:00:00,DEV_005,41,26,31,99
DEV_005_2024-12-09 17:00:00,2024-12-09 17:00:00,DEV_005,20,18,92,69
DEV_005_2024-12-09 18:00:00,2024-12-09 18:00:00,DEV_005,1,87,94,24
DEV_005_2024-12-09 19:00:00,2024-12-09 19:00:00,DEV_005,46,82,64,36
DEV_005_2024-12-09 20:00:00,2024-12-09 20:00:00,DEV_005,17,66,56,50
DEV_005_2024-12-09 21:00:00,2024-12-09 21:00:00,DEV_005,66,37,53,90
DEV_005_2024-12-09 22:00:00,2024-12-09 22:00:00,DEV_005,30,25,28,95
DEV_005_2024-12-09 23:00:00,2024-12-09 23:00:00,DEV_005,49,25,90,6
DEV_005_2024-12-10 00:00:00,2024-12-10 00:00:00,DEV_005,30,1,64,10
DEV_005_2024-12-10 01:00:00,2024-12-10 01:00:00,DEV_005,83,81,87,5
DEV_005_2024-12-10 02:00:00,2024-12-10 02:00:00,DEV_005,38,25,24,8
DEV_005_2024-12-10 03:00:00,2024-12-10 03:00:00,DEV_005,87,19,60,47
DEV_005_2024-12-10 04:00:00,2024-12-10 04:00:00,DEV_005,2,24,24,62
DEV_005_2024-12-10 05:00:00,2024-12-10 05:00:00,DEV_005,88,52,48,22
DEV_005_2024-12-10 06:00:00,2024-12-10 06:00:00,DEV_005,60,55,15,86
DEV_005_2024-12-10 07:00:00,2024-12-10 07:00:00,DEV_005,56,52,90,63
DEV_005_2024-12-10 08:00:00,2024-12-10 08:00:00,DEV_005,9,46,42,85
DEV_005_2024-12-10 09:00:00,2024-12-10 09:00:00,DEV_005,40,61,70,36
DEV_005_2024-12-10 10:00:00,2024-12-10 10:00:00,DEV_005,50,60,6,97
DEV_005_2024-12-10 11:00:00,2024-12-10 11:00:00,DEV_005,51,68,29,27
DEV_005_2024-12-10 12:00:00,2024-12-10 12:00:00,DEV_005,19,27,86,63
DEV_005_2024-12-10 13:00:00,2024-12-10 13:00:00,DEV_005,56,12,95,76
DEV_005_2024-12-10 14:00:00,2024-12-10 14:00:00,DEV_005,40,95,15,36
DEV_005_2024-12-10 15:00:00,2024-12-10 15:00:00,DEV_005,86,21,13,9
DEV_005_2024-12-10 16:00:00,2024-12-10 16:00:00,DEV_005,95,41,1,86
DEV_005_2024-12-10 17:00:00,2024-12-10 17:00:00,DEV_005,29,9,80,5
DEV_005_2024-12-10 18:00:00,2024-12-10 18:00:00,DEV_005,27,87,14,81
DEV_005_2024-12-10 19:00:00,2024-12-10 19:00:00,DEV_005,91,20,30,78
DEV_005_2024-12-10 20:00:00,2024-12-10 20:00:00,DEV_005,79,19,9,92
DEV_005_2024-12-10 21:00:00,2024-12-10 21:00:00,DEV_005,48,48,73,87
DEV_005_2024-12-10 22:00:00,2024-12-10 22:00:00,DEV_005,37,31,40,69
DEV_005_2024-12-10 23:00:00,2024-12-10 23:00:00,DEV_005,21,65,84,55
DEV_005_2024-12-11 00:00:00,2024-12-11 00:00:00,DEV_005,42,92,62,71
DEV_005_2024-12-11 01:00:00,2024-12-11 01:00:00,DEV_005,37,48,80,48
DEV_005_2024-12-11 02:00:00,2024-12-11 02:00:00,DEV_005,55,75,34,69
DEV_005_2024-12-11 03:00:00,2024-12-11 03:00:00,DEV_005,89,91,20,87
DEV_005_2024-12-11 04:00:00,2024-12-11 04:00:00,DEV_005,67,62,77,31
DEV_005_2024-12-11 05:00:00,2024-12-11 05:00:00,DEV_005,27,40,2,24
DEV_005_2024-12-11 06:00:00,2024-12-11 06:00:00,DEV_005,46,46,18,64
DEV_005_2024-12-11 07:00:00,2024-12-11 07:00:00,DEV_005,78,52,34,87
DEV_005_2024-12-11 08:00:00,2024-12-11 08:00:00,DEV_005,99,68,73,89
DEV_005_2024-12-11 09:00:00,2024-12-11 09:00:00,DEV_005,5,21,35,50
DEV_005_2024-12-11 10:00:00,2024-12-11 10:00:00,DEV_005,1,55,78,1
DEV_005_2024-12-11 11:00:00,2024-12-11 11:00:00,DEV_005,89,57,63,80
DEV_005_2024-12-11 12:00:00,2024-12-11 12:00:00,DEV_005,14,14,5,75
DEV_005_2024-12-11 13:00:00,2024-12-11 13:00:00,DEV_005,54,37,81,81
DEV_005_2024-12-11 14:00:00,2024-12-11 14:00:00,DEV_005,88,86,4,37
DEV_005_2024-12-11 15:00:00,2024-12-11 15:00:00,DEV_005,73,33,22,97
DEV_005_2024-12-11 16:00:00,2024-12-11 16:00:00,DEV_005,40,22,40,3
DEV_005_2024-12-11 17:00:00,2024-12-11 17:00:00,DEV_005,56,80,44,19
DEV_005_2024-12-11 18:00:00,2024-12-11 18:00:00,DEV_005,19,43,51,55
DEV_005_2024-12-11 19:00:00,2024-12-11 19:00:00,DEV_005,86,53,99,88
DEV_005_2024-12-11 20:00:00,2024-12-11 20:00:00,DEV_005,25,69,41,27
DEV_005_2024-12-11 21:00:00,2024-12-11 21:00:00,DEV_005,97,88,7,4
DEV_005_2024-12-11 22:00:00,2024-12-11 22:00:00,DEV_005,60,65,25,87
DEV_005_2024-12-11 23:00:00,2024-12-11 23:00:00,DEV_005,4,68,71,7
DEV_005_2024-12-12 00:00:00,2024-12-12 00:00:00,DEV_005,75,77,76,80
DEV_005_2024-12-12 01:00:00,2024-12-12 01:00:00,DEV_005,82,61,19,72
DEV_005_2024-12-12 02:00:00,2024-12-12 02:00:00,DEV_005,49,88,64,85
DEV_005_2024-12-12 03:00:00,2024-12-12 03:00:00,DEV_005,60,34,18,80
DEV_005_2024-12-12 04:00:00,2024-12-12 04:00:00,DEV_005,67,63,67,62
DEV_005_2024-12-12 05:00:00,2024-12-12 05:00:00,DEV_005,54,2,46,2
DEV_005_2024-12-12 06:00:00,2024-12-12 06:00:00,DEV_005,55,79,28,63
DEV_005_2024-12-12 07:00:00,2024-12-12 07:00:00,DEV_005,40,13,96,16
DEV_005_2024-12-12 08:00:00,2024-12-12 08:00:00,DEV_005,85,54,19,56
DEV_005_2024-12-12 09:00:00,2024-12-12 09:00:00,DEV_005,74,32,87,39
DEV_005_2024-12-12 10:00:00,2024-12-12 10:00:00,DEV_005,23,27,13,46
DEV_005_2024-12-12 11:00:00,2024-12-12 11:00:00,DEV_005,34,41,98,94
DEV_005_2024-12-12 12:00:00,2024-12-12 12:00:00,DEV_005,46,42,69,34
DEV_005_2024-12-12 13:00:00,2024-12-12 13:00:00,DEV_005,45,14,51,14
DEV_005_2024-12-12 14:00:00,2024-12-12 14:00:00,DEV_005,86,26,53,7
DEV_005_2024-12-12 15:00:00,2024-12-12 15:00:00,DEV_005,31,44,48,19
DEV_005_2024-12-12 16:00:00,2024-12-12 16:00:00,DEV_005,58,40,6,65
DEV_005_2024-12-12 17:00:00,2024-12-12 17:00:00,DEV_005,79,44,62,42
DEV_005_2024-12-12 18:00:00,2024-12-12 18:00:00,DEV_005,99,36,12,95
DEV_005_2024-12-12 19:00:00,2024-12-12 19:00:00,DEV_005,65,78,3,62
DEV_005_2024-12-12 20:00:00,2024-12-12 20:00:00,DEV_005,34,84,91,13
DEV_005_2024-12-12 21:00:00,2024-12-12 21:00:00,DEV_005,99,18,78,74
DEV_005_2024-12-12 22:00:00,2024-12-12 22:00:00,DEV_005,23,20,55,7
DEV_005_2024-12-12 23:00:00,2024-12-12 23:00:00,DEV_005,56,25,71,77
DEV_005_2024-12-13 00:00:00,2024-12-13 00:00:00,DEV_005,79,31,67,47
DEV_005_2024-12-13 01:00:00,2024-12-13 01:00:00,DEV_005,96,62,30,48
DEV_005_2024-12-13 02:00:00,2024-12-13 02:00:00,DEV_005,19,41,89,1
DEV_005_2024-12-13 03:00:00,2024-12-13 03:00:00,DEV_005,64,3,48,27
DEV_005_2024-12-13 04:00:00,2024-12-13 04:00:00,DEV_005,97,60,19,36
DEV_005_2024-12-13 05:00:00,2024-12-13 05:00:00,DEV_005,18,58,70,72
DEV_005_2024-12-13 06:00:00,2024-12-13 06:00:00,DEV_005,76,71,40,60
DEV_005_2024-12-13 07:00:00,2024-12-13 07:00:00,DEV_005,63,32,12,39
DEV_005_2024-12-13 08:00:00,2024-12-13 08:00:00,DEV_005,43,41,19,48
DEV_005_2024-12-13 09:00:00,2024-12-13 09:00:00,DEV_005,93,48,53,45
DEV_005_2024-12-13 10:00:00,2024-12-13 10:00:00,DEV_005,9,30,21,29
DEV_005_2024-12-13 11:00:00,2024-12-13 11:00:00,DEV_005,24,52,70,83
DEV_005_2024-12-13 12:00:00,2024-12-13 12:00:00,DEV_005,10,43,48,27
DEV_005_2024-12-13 13:00:00,2024-12-13 13:00:00,DEV_005,43,40,12,87
DEV_005_2024-12-13 14:00:00,2024-12-13 14:00:00,DEV_005,70,22,83,77
DEV_005_2024-12-13 15:00:00,2024-12-13 15:00:00,DEV_005,96,36,29,73
DEV_005_2024-12-13 16:00:00,2024-12-13 16:00:00,DEV_005,29,20,87,96
DEV_005_2024-12-13 17:00:00,2024-12-13 17:00:00,DEV_005,64,14,88,71
DEV_005_2024-12-13 18:00:00,2024-12-13 18:00:00,DEV_005,9,87,30,38
DEV_005_2024-12-13 19:00:00,2024-12-13 19:00:00,DEV_005,46,55,54,60
DEV_005_2024-12-13 20:00:00,2024-12-13 20:00:00,DEV_005,29,97,66,84
DEV_005_2024-12-13 21:00:00,2024-12-13 21:00:00,DEV_005,49,65,38,80
DEV_005_2024-12-13 22:00:00,2024-12-13 22:00:00,DEV_005,30,98,13,16
DEV_005_2024-12-13 23:00:00,2024-12-13 23:00:00,DEV_005,32,86,51,64
DEV_005_2024-12-14 00:00:00,2024-12-14 00:00:00,DEV_005,99,1,33,28
DEV_005_2024-12-14 01:00:00,2024-12-14 01:00:00,DEV_005,96,97,47,66
DEV_005_2024-12-14 02:00:00,2024-12-14 02:00:00,DEV_005,68,64,53,11
DEV_005_2024-12-14 03:00:00,2024-12-14 03:00:00,DEV_005,52,20,16,75
DEV_005_2024-12-14 04:00:00,2024-12-14 04:00:00,DEV_005,19,48,18,46
DEV_005_2024-12-14 05:00:00,2024-12-14 05:00:00,DEV_005,47,2,73,68
DEV_005_2024-12-14 06:00:00,2024-12-14 06:00:00,DEV_005,28,18,83,87
DEV_005_2024-12-14 07:00:00,2024-12-14 07:00:00,DEV_005,21,42,62,6
DEV_005_2024-12-14 08:00:00,2024-12-14 08:00:00,DEV_005,97,40,4,94
DEV_005_2024-12-14 09:00:00,2024-12-14 09:00:00,DEV_005,93,21,54,6
DEV_005_2024-12-14 10:00:00,2024-12-14 10:00:00,DEV_005,45,1,45,48
DEV_005_2024-12-14 11:00:00,2024-12-14 11:00:00,DEV_005,69,61,51,12
DEV_005_2024-12-14 12:00:00,2024-12-14 12:00:00,DEV_005,83,31,71,1
DEV_005_2024-12-14 13:00:00,2024-12-14 13:00:00,DEV_005,63,2,6,71
DEV_005_2024-12-14 14:00:00,2024-12-14 14:00:00,DEV_005,53,68,57,24
DEV_005_2024-12-14 15:00:00,2024-12-14 15:00:00,DEV_005,37,83,72,98
DEV_005_2024-12-14 16:00:00,2024-12-14 16:00:00,DEV_005,52,39,94,79
DEV_005_2024-12-14 17:00:00,2024-12-14 17:00:00,DEV_005,39,94,88,7
DEV_005_2024-12-14 18:00:00,2024-12-14 18:00:00,DEV_005,55,18,48,47
DEV_005_2024-12-14 19:00:00,2024-12-14 19:00:00,DEV_005,88,41,58,59
DEV_005_2024-12-14 20:00:00,2024-12-14 20:00:00,DEV_005,5,27,22,96
DEV_005_2024-12-14 21:00:00,2024-12-14 21:00:00,DEV_005,67,49,59,55
DEV_005_2024-12-14 22:00:00,2024-12-14 22:00:00,DEV_005,41,73,78,93
DEV_005_2024-12-14 23:00:00,2024-12-14 23:00:00,DEV_005,65,24,19,10
DEV_005_2024-12-15 00:00:00,2024-12-15 00:00:00,DEV_005,81,57,44,22
DEV_005_2024-12-15 01:00:00,2024-12-15 01:00:00,DEV_005,49,68,15,14
DEV_005_2024-12-15 02:00:00,2024-12-15 02:00:00,DEV_005,51,75,80,26
DEV_005_2024-12-15 03:00:00,2024-12-15 03:00:00,DEV_005,39,61,17,34
DEV_005_2024-12-15 04:00:00,2024-12-15 04:00:00,DEV_005,37,33,78,97
DEV_005_2024-12-15 05:00:00,2024-12-15 05:00:00,DEV_005,4,93,91,24
DEV_005_2024-12-15 06:00:00,2024-12-15 06:00:00,DEV_005,88,82,96,47
DEV_005_2024-12-15 07:00:00,2024-12-15 07:00:00,DEV_005,90,33,62,84
DEV_005_2024-12-15 08:00:00,2024-12-15 08:00:00,DEV_005,42,73,75,67
DEV_005_2024-12-15 09:00:00,2024-12-15 09:00:00,DEV_005,29,45,32,28
DEV_005_2024-12-15 10:00:00,2024-12-15 10:00:00,DEV_005,7,23,14,88
DEV_005_2024-12-15 11:00:00,2024-12-15 11:00:00,DEV_005,60,9,14,35
DEV_005_2024-12-15 12:00:00,2024-12-15 12:00:00,DEV_005,41,2,97,74
DEV_005_2024-12-15 13:00:00,2024-12-15 13:00:00,DEV_005,26,7,98,93
DEV_005_2024-12-15 14:00:00,2024-12-15 14:00:00,DEV_005,9,15,16,84
DEV_005_2024-12-15 15:00:00,2024-12-15 15:00:00,DEV_005,53,46,8,49
DEV_005_2024-12-15 16:00:00,2024-12-15 16:00:00,DEV_005,69,36,54,79
DEV_005_2024-12-15 17:00:00,2024-12-15 17:00:00,DEV_005,47,59,86,95
DEV_005_2024-12-15 18:00:00,2024-12-15 18:00:00,DEV_005,74,19,24,68
DEV_005_2024-12-15 19:00:00,2024-12-15 19:00:00,DEV_005,25,83,85,28
DEV_005_2024-12-15 20:00:00,2024-12-15 20:00:00,DEV_005,76,97,60,49
DEV_005_2024-12-15 21:00:00,2024-12-15 21:00:00,DEV_005,87,71,33,85
DEV_005_2024-12-15 22:00:00,2024-12-15 22:00:00,DEV_005,9,33,14,36
DEV_005_2024-12-15 23:00:00,2024-12-15 23:00:00,DEV_005,36,16,2,79
DEV_005_2024-12-16 00:00:00,2024-12-16 00:00:00,DEV_005,73,76,63,45
DEV_005_2024-12-16 01:00:00,2024-12-16 01:00:00,DEV_005,62,76,30,6
DEV_005_2024-12-16 02:00:00,2024-12-16 02:00:00,DEV_005,85,59,99,41
DEV_005_2024-12-16 03:00:00,2024-12-16 03:00:00,DEV_005,19,71,61,94
DEV_005_2024-12-16 04:00:00,2024-12-16 04:00:00,DEV_005,1,89,12,67
DEV_005_2024-12-16 05:00:00,2024-12-16 05:00:00,DEV_005,29,73,87,64
DEV_005_2024-12-16 06:00:00,2024-12-16 06:00:00,DEV_005,79,90,57,47
DEV_005_2024-12-16 07:00:00,2024-12-16 07:00:00,DEV_005,2,6,81,4
DEV_005_2024-12-16 08:00:00,2024-12-16 08:00:00,DEV_005,68,71,55,6
DEV_005_2024-12-16 09:00:00,2024-12-16 09:00:00,DEV_005,77,50,39,83
DEV_005_2024-12-16 10:00:00,2024-12-16 10:00:00,DEV_005,32,32,96,67
DEV_005_2024-12-16 11:00:00,2024-12-16 11:00:00,DEV_005,6,90,20,2
DEV_005_2024-12-16 12:00:00,2024-12-16 12:00:00,DEV_005,41,46,2,80
DEV_005_2024-12-16 13:00:00,2024-12-16 13:00:00,DEV_005,99,28,56,20
DEV_005_2024-12-16 14:00:00,2024-12-16 14:00:00,DEV_005,40,28,30,36
DEV_005_2024-12-16 15:00:00,2024-12-16 15:00:00,DEV_005,2,79,78,97
DEV_005_2024-12-16 16:00:00,2024-12-16 16:00:00,DEV_005,31,74,50,18
DEV_005_2024-12-16 17:00:00,2024-12-16 17:00:00,DEV_005,76,61,70,53
DEV_005_2024-12-16 18:00:00,2024-12-16 18:00:00,DEV_005,7,91,56,95
DEV_005_2024-12-16 19:00:00,2024-12-16 19:00:00,DEV_005,45,74,46,4
DEV_005_2024-12-16 20:00:00,2024-12-16 20:00:00,DEV_005,21,21,35,8
DEV_005_2024-12-16 21:00:00,2024-12-16 21:00:00,DEV_005,19,41,11,77
DEV_005_2024-12-16 22:00:00,2024-12-16 22:00:00,DEV_005,99,61,67,65
DEV_005_2024-12-16 23:00:00,2024-12-16 23:00:00,DEV_005,24,45,11,73
DEV_005_2024-12-17 00:00:00,2024-12-17 00:00:00,DEV_005,40,88,79,84
DEV_005_2024-12-17 01:00:00,2024-12-17 01:00:00,DEV_005,56,27,89,57
DEV_005_2024-12-17 02:00:00,2024-12-17 02:00:00,DEV_005,3,83,23,43
DEV_005_2024-12-17 03:00:00,2024-12-17 03:00:00,DEV_005,33,98,46,62
DEV_005_2024-12-17 04:00:00,2024-12-17 04:00:00,DEV_005,17,83,20,82
DEV_005_2024-12-17 05:00:00,2024-12-17 05:00:00,DEV_005,24,56,84,73
DEV_005_2024-12-17 06:00:00,2024-12-17 06:00:00,DEV_005,62,45,57,37
DEV_005_2024-12-17 07:00:00,2024-12-17 07:00:00,DEV_005,33,11,65,74
DEV_005_2024-12-17 08:00:00,2024-12-17 08:00:00,DEV_005,95,59,1,37
DEV_005_2024-12-17 09:00:00,2024-12-17 09:00:00,DEV_005,11,31,49,10
DEV_005_2024-12-17 10:00:00,2024-12-17 10:00:00,DEV_005,68,82,15,15
DEV_005_2024-12-17 11:00:00,2024-12-17 11:00:00,DEV_005,25,33,65,24
DEV_005_2024-12-17 12:00:00,2024-12-17 12:00:00,DEV_005,60,23,34,68
DEV_005_2024-12-17 13:00:00,2024-12-17 13:00:00,DEV_005,84,90,28,16
DEV_005_2024-12-17 14:00:00,2024-12-17 14:00:00,DEV_005,83,58,22,16
DEV_005_2024-12-17 15:00:00,2024-12-17 15:00:00,DEV_005,83,98,46,64
DEV_005_2024-12-17 16:00:00,2024-12-17 16:00:00,DEV_005,87,82,51,14
DEV_005_2024-12-17 17:00:00,2024-12-17 17:00:00,DEV_005,2,2,52,35
DEV_005_2024-12-17 18:00:00,2024-12-17 18:00:00,DEV_005,15,72,69,2
DEV_005_2024-12-17 19:00:00,2024-12-17 19:00:00,DEV_005,97,2,29,77
DEV_005_2024-12-17 20:00:00,2024-12-17 20:00:00,DEV_005,4,13,94,40
DEV_005_2024-12-17 21:00:00,2024-12-17 21:00:00,DEV_005,81,28,91,80
DEV_005_2024-12-17 22:00:00,2024-12-17 22:00:00,DEV_005,89,55,5,75
DEV_005_2024-12-17 23:00:00,2024-12-17 23:00:00,DEV_005,33,97,57,9
DEV_005_2024-12-18 00:00:00,2024-12-18 00:00:00,DEV_005,94,2,57,19
DEV_005_2024-12-18 01:00:00,2024-12-18 01:00:00,DEV_005,22,68,59,77
DEV_005_2024-12-18 02:00:00,2024-12-18 02:00:00,DEV_005,71,94,54,11
DEV_005_2024-12-18 03:00:00,2024-12-18 03:00:00,DEV_005,55,82,13,5
DEV_005_2024-12-18 04:00:00,2024-12-18 04:00:00,DEV_005,28,10,84,46
DEV_005_2024-12-18 05:00:00,2024-12-18 05:00:00,DEV_005,56,19,94,31
DEV_005_2024-12-18 06:00:00,2024-12-18 06:00:00,DEV_005,52,83,66,4
DEV_005_2024-12-18 07:00:00,2024-12-18 07:00:00,DEV_005,90,69,45,77
DEV_005_2024-12-18 08:00:00,2024-12-18 08:00:00,DEV_005,47,68,14,87
DEV_005_2024-12-18 09:00:00,2024-12-18 09:00:00,DEV_005,71,47,13,12
DEV_005_2024-12-18 10:00:00,2024-12-18 10:00:00,DEV_005,44,60,71,95
DEV_005_2024-12-18 11:00:00,2024-12-18 11:00:00,DEV_005,43,2,21,4
DEV_005_2024-12-18 12:00:00,2024-12-18 12:00:00,DEV_005,19,14,37,11
DEV_005_2024-12-18 13:00:00,2024-12-18 13:00:00,DEV_005,61,68,50,4
DEV_005_2024-12-18 14:00:00,2024-12-18 14:00:00,DEV_005,49,28,93,73
DEV_005_2024-12-18 15:00:00,2024-12-18 15:00:00,DEV_005,43,33,63,8
DEV_005_2024-12-18 16:00:00,2024-12-18 16:00:00,DEV_005,75,94,19,12
DEV_005_2024-12-18 17:00:00,2024-12-18 17:00:00,DEV_005,42,37,80,34
DEV_005_2024-12-18 18:00:00,2024-12-18 18:00:00,DEV_005,91,51,93,35
DEV_005_2024-12-18 19:00:00,2024-12-18 19:00:00,DEV_005,17,61,40,81
DEV_005_2024-12-18 20:00:00,2024-12-18 20:00:00,DEV_005,51,89,75,14
DEV_005_2024-12-18 21:00:00,2024-12-18 21:00:00,DEV_005,55,19,1,93
DEV_005_2024-12-18 22:00:00,2024-12-18 22:00:00,DEV_005,48,7,2,23
DEV_005_2024-12-18 23:00:00,2024-12-18 23:00:00,DEV_005,44,80,73,83
DEV_005_2024-12-19 00:00:00,2024-12-19 00:00:00,DEV_005,19,16,89,83
DEV_005_2024-12-19 01:00:00,2024-12-19 01:00:00,DEV_005,31,68,64,67
DEV_005_2024-12-19 02:00:00,2024-12-19 02:00:00,DEV_005,6,98,93,99
DEV_005_2024-12-19 03:00:00,2024-12-19 03:00:00,DEV_005,55,84,9,84
DEV_005_2024-12-19 04:00:00,2024-12-19 04:00:00,DEV_005,79,75,86,67
DEV_005_2024-12-19 05:00:00,2024-12-19 05:00:00,DEV_005,56,84,58,1
DEV_005_2024-12-19 06:00:00,2024-12-19 06:00:00,DEV_005,36,14,65,97
DEV_005_2024-12-19 07:00:00,2024-12-19 07:00:00,DEV_005,27,36,73,28
DEV_005_2024-12-19 08:00:00,2024-12-19 08:00:00,DEV_005,79,51,70,89
DEV_005_2024-12-19 09:00:00,2024-12-19 09:00:00,DEV_005,12,10,36,6
DEV_005_2024-12-19 10:00:00,2024-12-19 10:00:00,DEV_005,74,25,5,88
DEV_005_2024-12-19 11:00:00,2024-12-19 11:00:00,DEV_005,47,52,97,70
DEV_005_2024-12-19 12:00:00,2024-12-19 12:00:00,DEV_005,4,29,46,69
DEV_005_2024-12-19 13:00:00,2024-12-19 13:00:00,DEV_005,67,19,46,43
DEV_005_2024-12-19 14:00:00,2024-12-19 14:00:00,DEV_005,41,89,41,94
DEV_005_2024-12-19 15:00:00,2024-12-19 15:00:00,DEV_005,92,15,50,7
DEV_005_2024-12-19 16:00:00,2024-12-19 16:00:00,DEV_005,3,11,82,69
DEV_005_2024-12-19 17:00:00,2024-12-19 17:00:00,DEV_005,66,11,11,54
DEV_005_2024-12-19 18:00:00,2024-12-19 18:00:00,DEV_005,72,95,96,30
DEV_005_2024-12-19 19:00:00,2024-12-19 19:00:00,DEV_005,53,83,40,11
DEV_005_2024-12-19 20:00:00,2024-12-19 20:00:00,DEV_005,96,75,37,64
DEV_005_2024-12-19 21:00:00,2024-12-19 21:00:00,DEV_005,71,55,10,96
DEV_005_2024-12-19 22:00:00,2024-12-19 22:00:00,DEV_005,78,3,19,89
DEV_005_2024-12-19 23:00:00,2024-12-19 23:00:00,DEV_005,14,88,30,22
DEV_005_2024-12-20 00:00:00,2024-12-20 00:00:00,DEV_005,13,47,3,85
DEV_005_2024-12-20 01:00:00,2024-12-20 01:00:00,DEV_005,81,45,10,66
DEV_005_2024-12-20 02:00:00,2024-12-20 02:00:00,DEV_005,73,33,75,54
DEV_005_2024-12-20 03:00:00,2024-12-20 03:00:00,DEV_005,57,6,29,20
DEV_005_2024-12-20 04:00:00,2024-12-20 04:00:00,DEV_005,73,74,48,89
DEV_005_2024-12-20 05:00:00,2024-12-20 05:00:00,DEV_005,76,55,78,49
DEV_005_2024-12-20 06:00:00,2024-12-20 06:00:00,DEV_005,77,42,72,49
DEV_005_2024-12-20 07:00:00,2024-12-20 07:00:00,DEV_005,17,77,70,7
DEV_005_2024-12-20 08:00:00,2024-12-20 08:00:00,DEV_005,94,37,66,82
DEV_005_2024-12-20 09:00:00,2024-12-20 09:00:00,DEV_005,99,97,89,98
DEV_005_2024-12-20 10:00:00,2024-12-20 10:00:00,DEV_005,99,22,85,38
DEV_005_2024-12-20 11:00:00,2024-12-20 11:00:00,DEV_005,53,26,65,64
DEV_005_2024-12-20 12:00:00,2024-12-20 12:00:00,DEV_005,30,16,32,22
DEV_005_2024-12-20 13:00:00,2024-12-20 13:00:00,DEV_005,61,9,38,46
DEV_005_2024-12-20 14:00:00,2024-12-20 14:00:00,DEV_005,13,24,36,31
DEV_005_2024-12-20 15:00:00,2024-12-20 15:00:00,DEV_005,20,47,80,55
DEV_005_2024-12-20 16:00:00,2024-12-20 16:00:00,DEV_005,46,55,65,53
DEV_005_2024-12-20 17:00:00,2024-12-20 17:00:00,DEV_005,12,36,87,39
DEV_005_2024-12-20 18:00:00,2024-12-20 18:00:00,DEV_005,22,7,74,79
DEV_005_2024-12-20 19:00:00,2024-12-20 19:00:00,DEV_005,79,72,89,70
DEV_005_2024-12-20 20:00:00,2024-12-20 20:00:00,DEV_005,84,25,62,27
DEV_005_2024-12-20 21:00:00,2024-12-20 21:00:00,DEV_005,50,80,34,17
DEV_005_2024-12-20 22:00:00,2024-12-20 22:00:00,DEV_005,10,49,62,49
DEV_005_2024-12-20 23:00:00,2024-12-20 23:00:00,DEV_005,19,75,78,51
DEV_005_2024-12-21 00:00:00,2024-12-21 00:00:00,DEV_005,42,53,77,92
DEV_005_2024-12-21 01:00:00,2024-12-21 01:00:00,DEV_005,85,6,74,64
DEV_005_2024-12-21 02:00:00,2024-12-21 02:00:00,DEV_005,58,74,90,76
DEV_005_2024-12-21 03:00:00,2024-12-21 03:00:00,DEV_005,14,39,8,38
DEV_005_2024-12-21 04:00:00,2024-12-21 04:00:00,DEV_005,64,89,42,63
DEV_005_2024-12-21 05:00:00,2024-12-21 05:00:00,DEV_005,99,21,65,25
DEV_005_2024-12-21 06:00:00,2024-12-21 06:00:00,DEV_005,28,20,28,44
DEV_005_2024-12-21 07:00:00,2024-12-21 07:00:00,DEV_005,13,80,90,82
DEV_005_2024-12-21 08:00:00,2024-12-21 08:00:00,DEV_005,6,55,72,22
DEV_005_2024-12-21 09:00:00,2024-12-21 09:00:00,DEV_005,66,91,27,40
DEV_005_2024-12-21 10:00:00,2024-12-21 10:00:00,DEV_005,54,32,52,25
DEV_005_2024-12-21 11:00:00,2024-12-21 11:00:00,DEV_005,48,53,8,89
DEV_005_2024-12-21 12:00:00,2024-12-21 12:00:00,DEV_005,46,4,68,44
DEV_005_2024-12-21 13:00:00,2024-12-21 13:00:00,DEV_005,75,24,31,47
DEV_005_2024-12-21 14:00:00,2024-12-21 14:00:00,DEV_005,23,52,2,92
DEV_005_2024-12-21 15:00:00,2024-12-21 15:00:00,DEV_005,25,10,77,30
DEV_005_2024-12-21 16:00:00,2024-12-21 16:00:00,DEV_005,18,95,83,84
DEV_005_2024-12-21 17:00:00,2024-12-21 17:00:00,DEV_005,49,55,50,9
DEV_005_2024-12-21 18:00:00,2024-12-21 18:00:00,DEV_005,19,34,97,67
DEV_005_2024-12-21 19:00:00,2024-12-21 19:00:00,DEV_005,23,31,14,50
DEV_005_2024-12-21 20:00:00,2024-12-21 20:00:00,DEV_005,64,66,77,85
DEV_005_2024-12-21 21:00:00,2024-12-21 21:00:00,DEV_005,99,32,16,3
DEV_005_2024-12-21 22:00:00,2024-12-21 22:00:00,DEV_005,24,25,44,2
DEV_005_2024-12-21 23:00:00,2024-12-21 23:00:00,DEV_005,51,43,86,34
DEV_005_2024-12-22 00:00:00,2024-12-22 00:00:00,DEV_005,21,69,19,24
DEV_005_2024-12-22 01:00:00,2024-12-22 01:00:00,DEV_005,37,16,6,54
DEV_005_2024-12-22 02:00:00,2024-12-22 02:00:00,DEV_005,15,86,91,21
DEV_005_2024-12-22 03:00:00,2024-12-22 03:00:00,DEV_005,53,5,93,69
DEV_005_2024-12-22 04:00:00,2024-12-22 04:00:00,DEV_005,30,74,14,78
DEV_005_2024-12-22 05:00:00,2024-12-22 05:00:00,DEV_005,81,4,7,25
DEV_005_2024-12-22 06:00:00,2024-12-22 06:00:00,DEV_005,9,14,62,22
DEV_005_2024-12-22 07:00:00,2024-12-22 07:00:00,DEV_005,59,82,11,40
DEV_005_2024-12-22 08:00:00,2024-12-22 08:00:00,DEV_005,95,10,57,47
DEV_005_2024-12-22 09:00:00,2024-12-22 09:00:00,DEV_005,13,55,99,89
DEV_005_2024-12-22 10:00:00,2024-12-22 10:00:00,DEV_005,38,87,75,31
DEV_005_2024-12-22 11:00:00,2024-12-22 11:00:00,DEV_005,78,49,21,93
DEV_005_2024-12-22 12:00:00,2024-12-22 12:00:00,DEV_005,69,17,76,77
DEV_005_2024-12-22 13:00:00,2024-12-22 13:00:00,DEV_005,34,76,75,92
DEV_005_2024-12-22 14:00:00,2024-12-22 14:00:00,DEV_005,80,90,19,96
DEV_005_2024-12-22 15:00:00,2024-12-22 15:00:00,DEV_005,15,84,51,36
DEV_005_2024-12-22 16:00:00,2024-12-22 16:00:00,DEV_005,82,51,55,5
DEV_005_2024-12-22 17:00:00,2024-12-22 17:00:00,DEV_005,85,21,89,15
DEV_005_2024-12-22 18:00:00,2024-12-22 18:00:00,DEV_005,46,36,99,35
DEV_005_2024-12-22 19:00:00,2024-12-22 19:00:00,DEV_005,35,88,35,65
DEV_005_2024-12-22 20:00:00,2024-12-22 20:00:00,DEV_005,81,75,27,83
DEV_005_2024-12-22 21:00:00,2024-12-22 21:00:00,DEV_005,73,43,54,72
DEV_005_2024-12-22 22:00:00,2024-12-22 22:00:00,DEV_005,95,99,26,62
DEV_005_2024-12-22 23:00:00,2024-12-22 23:00:00,DEV_005,81,60,37,65
DEV_005_2024-12-23 00:00:00,2024-12-23 00:00:00,DEV_005,46,64,74,96
DEV_005_2024-12-23 01:00:00,2024-12-23 01:00:00,DEV_005,94,97,17,86
DEV_005_2024-12-23 02:00:00,2024-12-23 02:00:00,DEV_005,36,37,42,63
DEV_005_2024-12-23 03:00:00,2024-12-23 03:00:00,DEV_005,22,9,42,95
DEV_005_2024-12-23 04:00:00,2024-12-23 04:00:00,DEV_005,96,99,49,83
DEV_005_2024-12-23 05:00:00,2024-12-23 05:00:00,DEV_005,11,87,12,68
DEV_005_2024-12-23 06:00:00,2024-12-23 06:00:00,DEV_005,31,61,30,79
DEV_005_2024-12-23 07:00:00,2024-12-23 07:00:00,DEV_005,94,6,24,63
DEV_005_2024-12-23 08:00:00,2024-12-23 08:00:00,DEV_005,78,74,90,38
DEV_005_2024-12-23 09:00:00,2024-12-23 09:00:00,DEV_005,27,75,30,5
DEV_005_2024-12-23 10:00:00,2024-12-23 10:00:00,DEV_005,97,82,92,18
DEV_005_2024-12-23 11:00:00,2024-12-23 11:00:00,DEV_005,21,20,26,52
DEV_005_2024-12-23 12:00:00,2024-12-23 12:00:00,DEV_005,4,70,73,36
DEV_005_2024-12-23 13:00:00,2024-12-23 13:00:00,DEV_005,37,69,36,11
DEV_005_2024-12-23 14:00:00,2024-12-23 14:00:00,DEV_005,36,59,3,67
DEV_005_2024-12-23 15:00:00,2024-12-23 15:00:00,DEV_005,86,16,58,71
DEV_005_2024-12-23 16:00:00,2024-12-23 16:00:00,DEV_005,35,76,57,13
DEV_005_2024-12-23 17:00:00,2024-12-23 17:00:00,DEV_005,67,64,53,31
DEV_005_2024-12-23 18:00:00,2024-12-23 18:00:00,DEV_005,80,49,80,24
DEV_005_2024-12-23 19:00:00,2024-12-23 19:00:00,DEV_005,85,92,54,80
DEV_005_2024-12-23 20:00:00,2024-12-23 20:00:00,DEV_005,36,47,66,28
DEV_005_2024-12-23 21:00:00,2024-12-23 21:00:00,DEV_005,10,16,70,40
DEV_005_2024-12-23 22:00:00,2024-12-23 22:00:00,DEV_005,45,24,27,67
DEV_005_2024-12-23 23:00:00,2024-12-23 23:00:00,DEV_005,61,16,80,86
DEV_005_2024-12-24 00:00:00,2024-12-24 00:00:00,DEV_005,39,97,31,79
DEV_005_2024-12-24 01:00:00,2024-12-24 01:00:00,DEV_005,65,79,68,60
DEV_005_2024-12-24 02:00:00,2024-12-24 02:00:00,DEV_005,89,20,46,46
DEV_005_2024-12-24 03:00:00,2024-12-24 03:00:00,DEV_005,13,76,55,29
DEV_005_2024-12-24 04:00:00,2024-12-24 04:00:00,DEV_005,96,6,92,26
DEV_005_2024-12-24 05:00:00,2024-12-24 05:00:00,DEV_005,78,42,56,51
DEV_005_2024-12-24 06:00:00,2024-12-24 06:00:00,DEV_005,85,52,50,51
DEV_005_2024-12-24 07:00:00,2024-12-24 07:00:00,DEV_005,32,13,66,92
DEV_005_2024-12-24 08:00:00,2024-12-24 08:00:00,DEV_005,45,93,44,47
DEV_005_2024-12-24 09:00:00,2024-12-24 09:00:00,DEV_005,56,51,70,9
DEV_005_2024-12-24 10:00:00,2024-12-24 10:00:00,DEV_005,44,82,92,86
DEV_005_2024-12-24 11:00:00,2024-12-24 11:00:00,DEV_005,96,96,44,78
DEV_005_2024-12-24 12:00:00,2024-12-24 12:00:00,DEV_005,80,10,67,7
DEV_005_2024-12-24 13:00:00,2024-12-24 13:00:00,DEV_005,86,86,39,11
DEV_005_2024-12-24 14:00:00,2024-12-24 14:00:00,DEV_005,52,59,60,82
DEV_005_2024-12-24 15:00:00,2024-12-24 15:00:00,DEV_005,16,55,11,45
DEV_005_2024-12-24 16:00:00,2024-12-24 16:00:00,DEV_005,5,73,13,93
DEV_005_2024-12-24 17:00:00,2024-12-24 17:00:00,DEV_005,99,85,74,37
DEV_005_2024-12-24 18:00:00,2024-12-24 18:00:00,DEV_005,93,98,10,63
DEV_005_2024-12-24 19:00:00,2024-12-24 19:00:00,DEV_005,31,99,95,17
DEV_005_2024-12-24 20:00:00,2024-12-24 20:00:00,DEV_005,65,13,59,23
DEV_005_2024-12-24 21:00:00,2024-12-24 21:00:00,DEV_005,71,39,67,73
DEV_005_2024-12-24 22:00:00,2024-12-24 22:00:00,DEV_005,73,60,90,2
DEV_005_2024-12-24 23:00:00,2024-12-24 23:00:00,DEV_005,97,10,32,56
DEV_005_2024-12-25 00:00:00,2024-12-25 00:00:00,DEV_005,30,2,96,49
DEV_005_2024-12-25 01:00:00,2024-12-25 01:00:00,DEV_005,23,52,88,97
DEV_005_2024-12-25 02:00:00,2024-12-25 02:00:00,DEV_005,2,99,97,3
DEV_005_2024-12-25 03:00:00,2024-12-25 03:00:00,DEV_005,17,35,33,86
DEV_005_2024-12-25 04:00:00,2024-12-25 04:00:00,DEV_005,23,75,94,92
DEV_005_2024-12-25 05:00:00,2024-12-25 05:00:00,DEV_005,10,78,55,52
DEV_005_2024-12-25 06:00:00,2024-12-25 06:00:00,DEV_005,11,24,22,20
DEV_005_2024-12-25 07:00:00,2024-12-25 07:00:00,DEV_005,76,22,60,47
DEV_005_2024-12-25 08:00:00,2024-12-25 08:00:00,DEV_005,52,6,45,9
DEV_005_2024-12-25 09:00:00,2024-12-25 09:00:00,DEV_005,96,69,84,90
DEV_005_2024-12-25 10:00:00,2024-12-25 10:00:00,DEV_005,86,30,83,92
DEV_005_2024-12-25 11:00:00,2024-12-25 11:00:00,DEV_005,85,79,55,46
DEV_005_2024-12-25 12:00:00,2024-12-25 12:00:00,DEV_005,91,88,63,79
DEV_005_2024-12-25 13:00:00,2024-12-25 13:00:00,DEV_005,22,20,43,28
DEV_005_2024-12-25 14:00:00,2024-12-25 14:00:00,DEV_005,9,60,50,39
DEV_005_2024-12-25 15:00:00,2024-12-25 15:00:00,DEV_005,16,74,75,35
DEV_005_2024-12-25 16:00:00,2024-12-25 16:00:00,DEV_005,16,67,12,7
DEV_005_2024-12-25 17:00:00,2024-12-25 17:00:00,DEV_005,59,7,93,12
DEV_005_2024-12-25 18:00:00,2024-12-25 18:00:00,DEV_005,86,72,19,64
DEV_005_2024-12-25 19:00:00,2024-12-25 19:00:00,DEV_005,10,14,96,91
DEV_005_2024-12-25 20:00:00,2024-12-25 20:00:00,DEV_005,29,78,92,27
DEV_005_2024-12-25 21:00:00,2024-12-25 21:00:00,DEV_005,77,10,5,24
DEV_005_2024-12-25 22:00:00,2024-12-25 22:00:00,DEV_005,45,95,42,99
DEV_005_2024-12-25 23:00:00,2024-12-25 23:00:00,DEV_005,93,84,32,29
DEV_005_2024-12-26 00:00:00,2024-12-26 00:00:00,DEV_005,57,5,89,76
DEV_005_2024-12-26 01:00:00,2024-12-26 01:00:00,DEV_005,13,56,47,70
DEV_005_2024-12-26 02:00:00,2024-12-26 02:00:00,DEV_005,14,16,58,29
DEV_005_2024-12-26 03:00:00,2024-12-26 03:00:00,DEV_005,97,27,74,90
DEV_005_2024-12-26 04:00:00,2024-12-26 04:00:00,DEV_005,67,43,86,29
DEV_005_2024-12-26 05:00:00,2024-12-26 05:00:00,DEV_005,50,38,74,21
DEV_005_2024-12-26 06:00:00,2024-12-26 06:00:00,DEV_005,26,75,90,85
DEV_005_2024-12-26 07:00:00,2024-12-26 07:00:00,DEV_005,15,71,86,62
DEV_005_2024-12-26 08:00:00,2024-12-26 08:00:00,DEV_005,30,5,58,76
DEV_005_2024-12-26 09:00:00,2024-12-26 09:00:00,DEV_005,20,40,48,86
DEV_005_2024-12-26 10:00:00,2024-12-26 10:00:00,DEV_005,6,80,78,68
DEV_005_2024-12-26 11:00:00,2024-12-26 11:00:00,DEV_005,64,89,58,11
DEV_005_2024-12-26 12:00:00,2024-12-26 12:00:00,DEV_005,21,93,65,65
DEV_005_2024-12-26 13:00:00,2024-12-26 13:00:00,DEV_005,11,57,92,86
DEV_005_2024-12-26 14:00:00,2024-12-26 14:00:00,DEV_005,4,60,73,72
DEV_005_2024-12-26 15:00:00,2024-12-26 15:00:00,DEV_005,59,99,44,10
DEV_005_2024-12-26 16:00:00,2024-12-26 16:00:00,DEV_005,92,86,14,85
DEV_005_2024-12-26 17:00:00,2024-12-26 17:00:00,DEV_005,27,89,78,84
DEV_005_2024-12-26 18:00:00,2024-12-26 18:00:00,DEV_005,99,16,6,7
DEV_005_2024-12-26 19:00:00,2024-12-26 19:00:00,DEV_005,5,34,4,75
DEV_005_2024-12-26 20:00:00,2024-12-26 20:00:00,DEV_005,42,80,37,88
DEV_005_2024-12-26 21:00:00,2024-12-26 21:00:00,DEV_005,7,76,43,96
DEV_005_2024-12-26 22:00:00,2024-12-26 22:00:00,DEV_005,5,86,38,22
DEV_005_2024-12-26 23:00:00,2024-12-26 23:00:00,DEV_005,59,70,40,32
DEV_005_2024-12-27 00:00:00,2024-12-27 00:00:00,DEV_005,80,36,99,14
DEV_005_2024-12-27 01:00:00,2024-12-27 01:00:00,DEV_005,81,32,87,9
DEV_005_2024-12-27 02:00:00,2024-12-27 02:00:00,DEV_005,81,67,63,37
DEV_005_2024-12-27 03:00:00,2024-12-27 03:00:00,DEV_005,83,84,47,79
DEV_005_2024-12-27 04:00:00,2024-12-27 04:00:00,DEV_005,43,25,23,84
DEV_005_2024-12-27 05:00:00,2024-12-27 05:00:00,DEV_005,22,96,14,78
DEV_005_2024-12-27 06:00:00,2024-12-27 06:00:00,DEV_005,69,21,41,23
DEV_005_2024-12-27 07:00:00,2024-12-27 07:00:00,DEV_005,4,15,65,10
DEV_005_2024-12-27 08:00:00,2024-12-27 08:00:00,DEV_005,57,64,5,20
DEV_005_2024-12-27 09:00:00,2024-12-27 09:00:00,DEV_005,28,33,23,46
DEV_005_2024-12-27 10:00:00,2024-12-27 10:00:00,DEV_005,17,92,37,64
DEV_005_2024-12-27 11:00:00,2024-12-27 11:00:00,DEV_005,7,41,16,1
DEV_005_2024-12-27 12:00:00,2024-12-27 12:00:00,DEV_005,36,75,71,7
DEV_005_2024-12-27 13:00:00,2024-12-27 13:00:00,DEV_005,74,78,40,74
DEV_005_2024-12-27 14:00:00,2024-12-27 14:00:00,DEV_005,88,55,43,6
DEV_005_2024-12-27 15:00:00,2024-12-27 15:00:00,DEV_005,37,83,95,3
DEV_005_2024-12-27 16:00:00,2024-12-27 16:00:00,DEV_005,43,84,47,83
DEV_005_2024-12-27 17:00:00,2024-12-27 17:00:00,DEV_005,14,82,7,77
DEV_005_2024-12-27 18:00:00,2024-12-27 18:00:00,DEV_005,72,79,64,27
DEV_005_2024-12-27 19:00:00,2024-12-27 19:00:00,DEV_005,48,33,82,92
DEV_005_2024-12-27 20:00:00,2024-12-27 20:00:00,DEV_005,70,37,42,19
DEV_005_2024-12-27 21:00:00,2024-12-27 21:00:00,DEV_005,80,46,49,40
DEV_005_2024-12-27 22:00:00,2024-12-27 22:00:00,DEV_005,61,16,26,61
DEV_005_2024-12-27 23:00:00,2024-12-27 23:00:00,DEV_005,50,77,11,36
DEV_005_2024-12-28 00:00:00,2024-12-28 00:00:00,DEV_005,41,13,37,73
DEV_005_2024-12-28 01:00:00,2024-12-28 01:00:00,DEV_005,23,86,53,41
DEV_005_2024-12-28 02:00:00,2024-12-28 02:00:00,DEV_005,33,40,99,13
DEV_005_2024-12-28 03:00:00,2024-12-28 03:00:00,DEV_005,4,1,61,60
DEV_005_2024-12-28 04:00:00,2024-12-28 04:00:00,DEV_005,48,2,99,84
DEV_005_2024-12-28 05:00:00,2024-12-28 05:00:00,DEV_005,75,89,66,80
DEV_005_2024-12-28 06:00:00,2024-12-28 06:00:00,DEV_005,75,57,64,34
DEV_005_2024-12-28 07:00:00,2024-12-28 07:00:00,DEV_005,42,43,49,51
DEV_005_2024-12-28 08:00:00,2024-12-28 08:00:00,DEV_005,8,85,5,34
DEV_005_2024-12-28 09:00:00,2024-12-28 09:00:00,DEV_005,9,80,81,85
DEV_005_2024-12-28 10:00:00,2024-12-28 10:00:00,DEV_005,20,62,69,96
DEV_005_2024-12-28 11:00:00,2024-12-28 11:00:00,DEV_005,7,40,11,89
DEV_005_2024-12-28 12:00:00,2024-12-28 12:00:00,DEV_005,25,36,8,26
DEV_005_2024-12-28 13:00:00,2024-12-28 13:00:00,DEV_005,19,72,18,84
DEV_005_2024-12-28 14:00:00,2024-12-28 14:00:00,DEV_005,14,54,96,54
DEV_005_2024-12-28 15:00:00,2024-12-28 15:00:00,DEV_005,68,98,50,68
DEV_005_2024-12-28 16:00:00,2024-12-28 16:00:00,DEV_005,43,21,42,34
DEV_005_2024-12-28 17:00:00,2024-12-28 17:00:00,DEV_005,73,14,72,89
DEV_005_2024-12-28 18:00:00,2024-12-28 18:00:00,DEV_005,99,89,73,66
DEV_005_2024-12-28 19:00:00,2024-12-28 19:00:00,DEV_005,50,71,69,3
DEV_005_2024-12-28 20:00:00,2024-12-28 20:00:00,DEV_005,77,54,77,98
DEV_005_2024-12-28 21:00:00,2024-12-28 21:00:00,DEV_005,91,28,56,69
DEV_005_2024-12-28 22:00:00,2024-12-28 22:00:00,DEV_005,80,48,19,86
DEV_005_2024-12-28 23:00:00,2024-12-28 23:00:00,DEV_005,38,41,15,26
DEV_005_2024-12-29 00:00:00,2024-12-29 00:00:00,DEV_005,28,1,45,50
DEV_005_2024-12-29 01:00:00,2024-12-29 01:00:00,DEV_005,16,6,28,35
DEV_005_2024-12-29 02:00:00,2024-12-29 02:00:00,DEV_005,16,6,36,11
DEV_005_2024-12-29 03:00:00,2024-12-29 03:00:00,DEV_005,7,1,40,29
DEV_005_2024-12-29 04:00:00,2024-12-29 04:00:00,DEV_005,12,36,2,58
DEV_005_2024-12-29 05:00:00,2024-12-29 05:00:00,DEV_005,92,87,49,16
DEV_005_2024-12-29 06:00:00,2024-12-29 06:00:00,DEV_005,39,47,6,31
DEV_005_2024-12-29 07:00:00,2024-12-29 07:00:00,DEV_005,40,16,38,97
DEV_005_2024-12-29 08:00:00,2024-12-29 08:00:00,DEV_005,61,58,4,74
DEV_005_2024-12-29 09:00:00,2024-12-29 09:00:00,DEV_005,66,16,13,86
DEV_005_2024-12-29 10:00:00,2024-12-29 10:00:00,DEV_005,5,73,67,84
DEV_005_2024-12-29 11:00:00,2024-12-29 11:00:00,DEV_005,27,9,31,97
DEV_005_2024-12-29 12:00:00,2024-12-29 12:00:00,DEV_005,90,27,81,39
DEV_005_2024-12-29 13:00:00,2024-12-29 13:00:00,DEV_005,97,27,19,79
DEV_005_2024-12-29 14:00:00,2024-12-29 14:00:00,DEV_005,93,10,87,88
DEV_005_2024-12-29 15:00:00,2024-12-29 15:00:00,DEV_005,61,50,21,22
DEV_005_2024-12-29 16:00:00,2024-12-29 16:00:00,DEV_005,98,49,6,75
DEV_005_2024-12-29 17:00:00,2024-12-29 17:00:00,DEV_005,76,32,22,83
DEV_005_2024-12-29 18:00:00,2024-12-29 18:00:00,DEV_005,66,58,36,4
DEV_005_2024-12-29 19:00:00,2024-12-29 19:00:00,DEV_005,96,35,18,16
DEV_005_2024-12-29 20:00:00,2024-12-29 20:00:00,DEV_005,47,99,91,11
DEV_005_2024-12-29 21:00:00,2024-12-29 21:00:00,DEV_005,33,39,57,60
DEV_005_2024-12-29 22:00:00,2024-12-29 22:00:00,DEV_005,30,65,95,42
DEV_005_2024-12-29 23:00:00,2024-12-29 23:00:00,DEV_005,19,55,44,57
DEV_006_2024-09-01 00:00:00,2024-09-01 00:00:00,DEV_006,60,59,67,35
DEV_006_2024-09-01 05:00:00,2024-09-01 05:00:00,DEV_006,98,11,2,16
DEV_006_2024-09-01 10:00:00,2024-09-01 10:00:00,DEV_006,51,9,51,85
DEV_006_2024-09-01 15:00:00,2024-09-01 15:00:00,DEV_006,53,78,78,71
DEV_006_2024-09-01 20:00:00,2024-09-01 20:00:00,DEV_006,73,11,19,6
DEV_006_2024-09-02 01:00:00,2024-09-02 01:00:00,DEV_006,94,24,35,76
DEV_006_2024-09-02 06:00:00,2024-09-02 06:00:00,DEV_006,34,47,53,29
DEV_006_2024-09-02 11:00:00,2024-09-02 11:00:00,DEV_006,45,33,32,43
DEV_006_2024-09-02 16:00:00,2024-09-02 16:00:00,DEV_006,42,29,54,81
DEV_006_2024-09-02 21:00:00,2024-09-02 21:00:00,DEV_006,48,10,75,13
DEV_006_2024-09-03 02:00:00,2024-09-03 02:00:00,DEV_006,94,46,30,22
DEV_006_2024-09-03 07:00:00,2024-09-03 07:00:00,DEV_006,18,47,60,47
DEV_006_2024-09-03 12:00:00,2024-09-03 12:00:00,DEV_006,11,73,7,55
DEV_006_2024-09-03 17:00:00,2024-09-03 17:00:00,DEV_006,75,82,50,21
DEV_006_2024-09-03 22:00:00,2024-09-03 22:00:00,DEV_006,66,51,84,98
DEV_006_2024-09-04 03:00:00,2024-09-04 03:00:00,DEV_006,29,2,15,58
DEV_006_2024-09-04 08:00:00,2024-09-04 08:00:00,DEV_006,79,14,20,4
DEV_006_2024-09-04 13:00:00,2024-09-04 13:00:00,DEV_006,6,27,83,53
DEV_006_2024-09-04 18:00:00,2024-09-04 18:00:00,DEV_006,95,16,42,37
DEV_006_2024-09-04 23:00:00,2024-09-04 23:00:00,DEV_006,92,60,52,88
DEV_006_2024-09-05 04:00:00,2024-09-05 04:00:00,DEV_006,53,95,99,12
DEV_006_2024-09-05 09:00:00,2024-09-05 09:00:00,DEV_006,69,46,56,14
DEV_006_2024-09-05 14:00:00,2024-09-05 14:00:00,DEV_006,19,17,61,60
DEV_006_2024-09-05 19:00:00,2024-09-05 19:00:00,DEV_006,24,34,7,75
DEV_006_2024-09-06 00:00:00,2024-09-06 00:00:00,DEV_006,32,63,26,47
DEV_006_2024-09-06 05:00:00,2024-09-06 05:00:00,DEV_006,20,98,49,2
DEV_006_2024-09-06 10:00:00,2024-09-06 10:00:00,DEV_006,21,95,16,87
DEV_006_2024-09-06 15:00:00,2024-09-06 15:00:00,DEV_006,69,24,98,14
DEV_006_2024-09-06 20:00:00,2024-09-06 20:00:00,DEV_006,99,35,3,76
DEV_006_2024-09-07 01:00:00,2024-09-07 01:00:00,DEV_006,2,23,12,26
DEV_006_2024-09-07 06:00:00,2024-09-07 06:00:00,DEV_006,14,57,65,33
DEV_006_2024-09-07 11:00:00,2024-09-07 11:00:00,DEV_006,31,83,50,85
DEV_006_2024-09-07 16:00:00,2024-09-07 16:00:00,DEV_006,87,86,55,62
DEV_006_2024-09-07 21:00:00,2024-09-07 21:00:00,DEV_006,82,48,75,5
DEV_006_2024-09-08 02:00:00,2024-09-08 02:00:00,DEV_006,50,98,71,90
DEV_006_2024-09-08 07:00:00,2024-09-08 07:00:00,DEV_006,7,91,9,9
DEV_006_2024-09-08 12:00:00,2024-09-08 12:00:00,DEV_006,40,30,67,31
DEV_006_2024-09-08 17:00:00,2024-09-08 17:00:00,DEV_006,13,68,76,95
DEV_006_2024-09-08 22:00:00,2024-09-08 22:00:00,DEV_006,83,80,79,3
DEV_006_2024-09-09 03:00:00,2024-09-09 03:00:00,DEV_006,78,77,19,22
DEV_006_2024-09-09 08:00:00,2024-09-09 08:00:00,DEV_006,33,95,88,84
DEV_006_2024-09-09 13:00:00,2024-09-09 13:00:00,DEV_006,82,77,31,47
DEV_006_2024-09-09 18:00:00,2024-09-09 18:00:00,DEV_006,62,64,43,86
DEV_006_2024-09-09 23:00:00,2024-09-09 23:00:00,DEV_006,47,36,68,56
DEV_006_2024-09-10 04:00:00,2024-09-10 04:00:00,DEV_006,12,86,64,60
DEV_006_2024-09-10 09:00:00,2024-09-10 09:00:00,DEV_006,39,87,23,74
DEV_006_2024-09-10 14:00:00,2024-09-10 14:00:00,DEV_006,10,10,38,38
DEV_006_2024-09-10 19:00:00,2024-09-10 19:00:00,DEV_006,79,26,58,21
DEV_006_2024-09-11 00:00:00,2024-09-11 00:00:00,DEV_006,91,41,4,56
DEV_006_2024-09-11 05:00:00,2024-09-11 05:00:00,DEV_006,24,62,30,7
DEV_006_2024-09-11 10:00:00,2024-09-11 10:00:00,DEV_006,62,54,83,10
DEV_006_2024-09-11 15:00:00,2024-09-11 15:00:00,DEV_006,60,21,89,29
DEV_006_2024-09-11 20:00:00,2024-09-11 20:00:00,DEV_006,36,81,55,27
DEV_006_2024-09-12 01:00:00,2024-09-12 01:00:00,DEV_006,50,39,53,73
DEV_006_2024-09-12 06:00:00,2024-09-12 06:00:00,DEV_006,39,14,32,31
DEV_006_2024-09-12 11:00:00,2024-09-12 11:00:00,DEV_006,25,30,57,48
DEV_006_2024-09-12 16:00:00,2024-09-12 16:00:00,DEV_006,36,2,5,54
DEV_006_2024-09-12 21:00:00,2024-09-12 21:00:00,DEV_006,75,80,38,63
DEV_006_2024-09-13 02:00:00,2024-09-13 02:00:00,DEV_006,39,9,72,9
DEV_006_2024-09-13 07:00:00,2024-09-13 07:00:00,DEV_006,9,47,33,70
DEV_006_2024-09-13 12:00:00,2024-09-13 12:00:00,DEV_006,10,9,50,26
DEV_006_2024-09-13 17:00:00,2024-09-13 17:00:00,DEV_006,27,34,42,83
DEV_006_2024-09-13 22:00:00,2024-09-13 22:00:00,DEV_006,58,32,5,98
DEV_006_2024-09-14 03:00:00,2024-09-14 03:00:00,DEV_006,54,30,98,70
DEV_006_2024-09-14 08:00:00,2024-09-14 08:00:00,DEV_006,54,59,72,45
DEV_006_2024-09-14 13:00:00,2024-09-14 13:00:00,DEV_006,63,4,37,14
DEV_006_2024-09-14 18:00:00,2024-09-14 18:00:00,DEV_006,69,73,75,88
DEV_006_2024-09-14 23:00:00,2024-09-14 23:00:00,DEV_006,11,87,96,54
DEV_006_2024-09-15 04:00:00,2024-09-15 04:00:00,DEV_006,13,86,92,18
DEV_006_2024-09-15 09:00:00,2024-09-15 09:00:00,DEV_006,74,44,54,35
DEV_006_2024-09-15 14:00:00,2024-09-15 14:00:00,DEV_006,35,2,57,50
DEV_006_2024-09-15 19:00:00,2024-09-15 19:00:00,DEV_006,54,60,63,74
DEV_006_2024-09-16 00:00:00,2024-09-16 00:00:00,DEV_006,29,80,59,10
DEV_006_2024-09-16 05:00:00,2024-09-16 05:00:00,DEV_006,84,28,58,8
DEV_006_2024-09-16 10:00:00,2024-09-16 10:00:00,DEV_006,85,95,95,18
DEV_006_2024-09-16 15:00:00,2024-09-16 15:00:00,DEV_006,51,46,47,99
DEV_006_2024-09-16 20:00:00,2024-09-16 20:00:00,DEV_006,59,73,94,77
DEV_006_2024-09-17 01:00:00,2024-09-17 01:00:00,DEV_006,63,1,89,71
DEV_006_2024-09-17 06:00:00,2024-09-17 06:00:00,DEV_006,80,14,85,36
DEV_006_2024-09-17 11:00:00,2024-09-17 11:00:00,DEV_006,97,90,11,3
DEV_006_2024-09-17 16:00:00,2024-09-17 16:00:00,DEV_006,97,48,84,33
DEV_006_2024-09-17 21:00:00,2024-09-17 21:00:00,DEV_006,72,53,18,57
DEV_006_2024-09-18 02:00:00,2024-09-18 02:00:00,DEV_006,25,77,21,58
DEV_006_2024-09-18 07:00:00,2024-09-18 07:00:00,DEV_006,1,48,64,33
DEV_006_2024-09-18 12:00:00,2024-09-18 12:00:00,DEV_006,65,52,75,48
DEV_006_2024-09-18 17:00:00,2024-09-18 17:00:00,DEV_006,51,53,46,51
DEV_006_2024-09-18 22:00:00,2024-09-18 22:00:00,DEV_006,90,17,98,62
DEV_006_2024-09-19 03:00:00,2024-09-19 03:00:00,DEV_006,65,16,26,68
DEV_006_2024-09-19 08:00:00,2024-09-19 08:00:00,DEV_006,39,42,5,94
DEV_006_2024-09-19 13:00:00,2024-09-19 13:00:00,DEV_006,45,40,58,28
DEV_006_2024-09-19 18:00:00,2024-09-19 18:00:00,DEV_006,19,44,30,48
DEV_006_2024-09-19 23:00:00,2024-09-19 23:00:00,DEV_006,73,72,44,10
DEV_006_2024-09-20 04:00:00,2024-09-20 04:00:00,DEV_006,90,56,96,69
DEV_006_2024-09-20 09:00:00,2024-09-20 09:00:00,DEV_006,39,44,90,69
DEV_006_2024-09-20 14:00:00,2024-09-20 14:00:00,DEV_006,46,2,31,80
DEV_006_2024-09-20 19:00:00,2024-09-20 19:00:00,DEV_006,97,41,57,75
DEV_006_2024-09-21 00:00:00,2024-09-21 00:00:00,DEV_006,25,62,25,95
DEV_006_2024-09-21 05:00:00,2024-09-21 05:00:00,DEV_006,9,35,96,52
DEV_006_2024-09-21 10:00:00,2024-09-21 10:00:00,DEV_006,15,24,95,83
DEV_006_2024-09-21 15:00:00,2024-09-21 15:00:00,DEV_006,33,5,44,97
DEV_006_2024-09-21 20:00:00,2024-09-21 20:00:00,DEV_006,53,68,84,53
DEV_006_2024-09-22 01:00:00,2024-09-22 01:00:00,DEV_006,7,41,3,9
DEV_006_2024-09-22 06:00:00,2024-09-22 06:00:00,DEV_006,91,14,87,89
DEV_006_2024-09-22 11:00:00,2024-09-22 11:00:00,DEV_006,38,16,62,16
DEV_006_2024-09-22 16:00:00,2024-09-22 16:00:00,DEV_006,11,72,51,66
DEV_006_2024-09-22 21:00:00,2024-09-22 21:00:00,DEV_006,80,32,40,1
DEV_006_2024-09-23 02:00:00,2024-09-23 02:00:00,DEV_006,82,79,81,10
DEV_006_2024-09-23 07:00:00,2024-09-23 07:00:00,DEV_006,79,62,35,74
DEV_006_2024-09-23 12:00:00,2024-09-23 12:00:00,DEV_006,15,76,26,28
DEV_006_2024-09-23 17:00:00,2024-09-23 17:00:00,DEV_006,93,33,96,69
DEV_006_2024-09-23 22:00:00,2024-09-23 22:00:00,DEV_006,96,74,46,68
DEV_006_2024-09-24 03:00:00,2024-09-24 03:00:00,DEV_006,37,5,11,5
DEV_006_2024-09-24 08:00:00,2024-09-24 08:00:00,DEV_006,40,86,59,9
DEV_006_2024-09-24 13:00:00,2024-09-24 13:00:00,DEV_006,42,9,25,97
DEV_006_2024-09-24 18:00:00,2024-09-24 18:00:00,DEV_006,58,10,3,90
DEV_006_2024-09-24 23:00:00,2024-09-24 23:00:00,DEV_006,70,70,53,48
DEV_006_2024-09-25 04:00:00,2024-09-25 04:00:00,DEV_006,80,52,37,50
DEV_006_2024-09-25 09:00:00,2024-09-25 09:00:00,DEV_006,72,17,25,13
DEV_006_2024-09-25 14:00:00,2024-09-25 14:00:00,DEV_006,88,29,76,46
DEV_006_2024-09-25 19:00:00,2024-09-25 19:00:00,DEV_006,89,59,96,79
DEV_006_2024-09-26 00:00:00,2024-09-26 00:00:00,DEV_006,96,58,49,13
DEV_006_2024-09-26 05:00:00,2024-09-26 05:00:00,DEV_006,14,51,10,4
DEV_006_2024-09-26 10:00:00,2024-09-26 10:00:00,DEV_006,35,24,81,79
DEV_006_2024-09-26 15:00:00,2024-09-26 15:00:00,DEV_006,43,42,47,44
DEV_006_2024-09-26 20:00:00,2024-09-26 20:00:00,DEV_006,76,50,42,92
DEV_006_2024-09-27 01:00:00,2024-09-27 01:00:00,DEV_006,97,87,56,21
DEV_006_2024-09-27 06:00:00,2024-09-27 06:00:00,DEV_006,39,25,10,90
DEV_006_2024-09-27 11:00:00,2024-09-27 11:00:00,DEV_006,54,48,32,43
DEV_006_2024-09-27 16:00:00,2024-09-27 16:00:00,DEV_006,66,90,56,19
DEV_006_2024-09-27 21:00:00,2024-09-27 21:00:00,DEV_006,20,36,5,60
DEV_006_2024-09-28 02:00:00,2024-09-28 02:00:00,DEV_006,64,11,57,86
DEV_006_2024-09-28 07:00:00,2024-09-28 07:00:00,DEV_006,42,31,40,61
DEV_006_2024-09-28 12:00:00,2024-09-28 12:00:00,DEV_006,77,58,26,62
DEV_006_2024-09-28 17:00:00,2024-09-28 17:00:00,DEV_006,29,22,2,13
DEV_006_2024-09-28 22:00:00,2024-09-28 22:00:00,DEV_006,74,90,12,49
DEV_006_2024-09-29 03:00:00,2024-09-29 03:00:00,DEV_006,39,77,27,79
DEV_006_2024-09-29 08:00:00,2024-09-29 08:00:00,DEV_006,73,53,36,7
DEV_006_2024-09-29 13:00:00,2024-09-29 13:00:00,DEV_006,35,52,87,42
DEV_006_2024-09-29 18:00:00,2024-09-29 18:00:00,DEV_006,37,77,59,15
DEV_006_2024-09-29 23:00:00,2024-09-29 23:00:00,DEV_006,71,27,31,62
DEV_006_2024-09-30 04:00:00,2024-09-30 04:00:00,DEV_006,64,32,51,74
DEV_006_2024-09-30 09:00:00,2024-09-30 09:00:00,DEV_006,78,59,68,46
DEV_006_2024-09-30 14:00:00,2024-09-30 14:00:00,DEV_006,63,84,43,64
DEV_006_2024-09-30 19:00:00,2024-09-30 19:00:00,DEV_006,69,74,37,67
DEV_006_2024-10-01 00:00:00,2024-10-01 00:00:00,DEV_006,40,29,21,7
DEV_006_2024-10-01 05:00:00,2024-10-01 05:00:00,DEV_006,52,7,17,87
DEV_006_2024-10-01 10:00:00,2024-10-01 10:00:00,DEV_006,93,97,76,68
DEV_006_2024-10-01 15:00:00,2024-10-01 15:00:00,DEV_006,88,51,97,22
DEV_006_2024-10-01 20:00:00,2024-10-01 20:00:00,DEV_006,44,37,41,8
DEV_006_2024-10-02 01:00:00,2024-10-02 01:00:00,DEV_006,54,72,35,67
DEV_006_2024-10-02 06:00:00,2024-10-02 06:00:00,DEV_006,21,86,79,46
DEV_006_2024-10-02 11:00:00,2024-10-02 11:00:00,DEV_006,77,63,54,4
DEV_006_2024-10-02 16:00:00,2024-10-02 16:00:00,DEV_006,57,60,18,98
DEV_006_2024-10-02 21:00:00,2024-10-02 21:00:00,DEV_006,85,50,1,96
DEV_006_2024-10-03 02:00:00,2024-10-03 02:00:00,DEV_006,75,6,83,80
DEV_006_2024-10-03 07:00:00,2024-10-03 07:00:00,DEV_006,59,18,5,94
DEV_006_2024-10-03 12:00:00,2024-10-03 12:00:00,DEV_006,33,44,41,81
DEV_006_2024-10-03 17:00:00,2024-10-03 17:00:00,DEV_006,40,12,33,91
DEV_006_2024-10-03 22:00:00,2024-10-03 22:00:00,DEV_006,44,82,83,25
DEV_006_2024-10-04 03:00:00,2024-10-04 03:00:00,DEV_006,92,94,98,50
DEV_006_2024-10-04 08:00:00,2024-10-04 08:00:00,DEV_006,8,39,75,38
DEV_006_2024-10-04 13:00:00,2024-10-04 13:00:00,DEV_006,90,52,77,61
DEV_006_2024-10-04 18:00:00,2024-10-04 18:00:00,DEV_006,2,17,62,64
DEV_006_2024-10-04 23:00:00,2024-10-04 23:00:00,DEV_006,83,68,48,28
DEV_006_2024-10-05 04:00:00,2024-10-05 04:00:00,DEV_006,82,71,26,5
DEV_006_2024-10-05 09:00:00,2024-10-05 09:00:00,DEV_006,90,66,41,16
DEV_006_2024-10-05 14:00:00,2024-10-05 14:00:00,DEV_006,8,67,95,92
DEV_006_2024-10-05 19:00:00,2024-10-05 19:00:00,DEV_006,11,64,86,87
DEV_006_2024-10-06 00:00:00,2024-10-06 00:00:00,DEV_006,61,33,84,44
DEV_006_2024-10-06 05:00:00,2024-10-06 05:00:00,DEV_006,56,73,21,53
DEV_006_2024-10-06 10:00:00,2024-10-06 10:00:00,DEV_006,72,77,91,95
DEV_006_2024-10-06 15:00:00,2024-10-06 15:00:00,DEV_006,70,82,93,42
DEV_006_2024-10-06 20:00:00,2024-10-06 20:00:00,DEV_006,62,7,8,57
DEV_006_2024-10-07 01:00:00,2024-10-07 01:00:00,DEV_006,58,45,5,16
DEV_006_2024-10-07 06:00:00,2024-10-07 06:00:00,DEV_006,34,52,90,99
DEV_006_2024-10-07 11:00:00,2024-10-07 11:00:00,DEV_006,80,79,83,25
DEV_006_2024-10-07 16:00:00,2024-10-07 16:00:00,DEV_006,69,24,45,67
DEV_006_2024-10-07 21:00:00,2024-10-07 21:00:00,DEV_006,14,42,73,5
DEV_006_2024-10-08 02:00:00,2024-10-08 02:00:00,DEV_006,27,73,37,44
DEV_006_2024-10-08 07:00:00,2024-10-08 07:00:00,DEV_006,53,75,33,86
DEV_006_2024-10-08 12:00:00,2024-10-08 12:00:00,DEV_006,55,55,79,2
DEV_006_2024-10-08 17:00:00,2024-10-08 17:00:00,DEV_006,25,24,32,94
DEV_006_2024-10-08 22:00:00,2024-10-08 22:00:00,DEV_006,72,27,62,90
DEV_006_2024-10-09 03:00:00,2024-10-09 03:00:00,DEV_006,48,92,4,45
DEV_006_2024-10-09 08:00:00,2024-10-09 08:00:00,DEV_006,49,12,92,8
DEV_006_2024-10-09 13:00:00,2024-10-09 13:00:00,DEV_006,12,65,57,28
DEV_006_2024-10-09 18:00:00,2024-10-09 18:00:00,DEV_006,17,87,52,75
DEV_006_2024-10-09 23:00:00,2024-10-09 23:00:00,DEV_006,80,53,91,10
DEV_006_2024-10-10 04:00:00,2024-10-10 04:00:00,DEV_006,81,99,35,22
DEV_006_2024-10-10 09:00:00,2024-10-10 09:00:00,DEV_006,36,30,52,94
DEV_006_2024-10-10 14:00:00,2024-10-10 14:00:00,DEV_006,63,36,94,68
DEV_006_2024-10-10 19:00:00,2024-10-10 19:00:00,DEV_006,44,98,76,31
DEV_006_2024-10-11 00:00:00,2024-10-11 00:00:00,DEV_006,76,78,27,96
DEV_006_2024-10-11 05:00:00,2024-10-11 05:00:00,DEV_006,85,18,96,71
DEV_006_2024-10-11 10:00:00,2024-10-11 10:00:00,DEV_006,96,2,22,40
DEV_006_2024-10-11 15:00:00,2024-10-11 15:00:00,DEV_006,68,97,27,34
DEV_006_2024-10-11 20:00:00,2024-10-11 20:00:00,DEV_006,90,31,14,68
DEV_006_2024-10-12 01:00:00,2024-10-12 01:00:00,DEV_006,63,87,69,17
DEV_006_2024-10-12 06:00:00,2024-10-12 06:00:00,DEV_006,52,91,5,49
DEV_006_2024-10-12 11:00:00,2024-10-12 11:00:00,DEV_006,18,73,55,6
DEV_006_2024-10-12 16:00:00,2024-10-12 16:00:00,DEV_006,40,90,54,59
DEV_006_2024-10-12 21:00:00,2024-10-12 21:00:00,DEV_006,29,44,74,89
DEV_006_2024-10-13 02:00:00,2024-10-13 02:00:00,DEV_006,49,93,90,87
DEV_006_2024-10-13 07:00:00,2024-10-13 07:00:00,DEV_006,90,78,36,13
DEV_006_2024-10-13 12:00:00,2024-10-13 12:00:00,DEV_006,69,20,89,15
DEV_006_2024-10-13 17:00:00,2024-10-13 17:00:00,DEV_006,12,15,50,73
DEV_006_2024-10-13 22:00:00,2024-10-13 22:00:00,DEV_006,20,13,54,5
DEV_006_2024-10-14 03:00:00,2024-10-14 03:00:00,DEV_006,37,23,93,5
DEV_006_2024-10-14 08:00:00,2024-10-14 08:00:00,DEV_006,15,29,75,28
DEV_006_2024-10-14 13:00:00,2024-10-14 13:00:00,DEV_006,74,2,24,31
DEV_006_2024-10-14 18:00:00,2024-10-14 18:00:00,DEV_006,35,89,26,84
DEV_006_2024-10-14 23:00:00,2024-10-14 23:00:00,DEV_006,31,89,60,27
DEV_006_2024-10-15 04:00:00,2024-10-15 04:00:00,DEV_006,27,87,43,13
DEV_006_2024-10-15 09:00:00,2024-10-15 09:00:00,DEV_006,52,81,67,97
DEV_006_2024-10-15 14:00:00,2024-10-15 14:00:00,DEV_006,53,73,62,76
DEV_006_2024-10-15 19:00:00,2024-10-15 19:00:00,DEV_006,37,90,15,73
DEV_006_2024-10-16 00:00:00,2024-10-16 00:00:00,DEV_006,90,35,33,55
DEV_006_2024-10-16 05:00:00,2024-10-16 05:00:00,DEV_006,95,7,21,63
DEV_006_2024-10-16 10:00:00,2024-10-16 10:00:00,DEV_006,3,62,40,53
DEV_006_2024-10-16 15:00:00,2024-10-16 15:00:00,DEV_006,64,24,17,23
DEV_006_2024-10-16 20:00:00,2024-10-16 20:00:00,DEV_006,58,74,44,13
DEV_006_2024-10-17 01:00:00,2024-10-17 01:00:00,DEV_006,27,54,37,17
DEV_006_2024-10-17 06:00:00,2024-10-17 06:00:00,DEV_006,70,52,26,23
DEV_006_2024-10-17 11:00:00,2024-10-17 11:00:00,DEV_006,9,96,82,71
DEV_006_2024-10-17 16:00:00,2024-10-17 16:00:00,DEV_006,95,36,43,40
DEV_006_2024-10-17 21:00:00,2024-10-17 21:00:00,DEV_006,7,27,19,56
DEV_006_2024-10-18 02:00:00,2024-10-18 02:00:00,DEV_006,49,28,33,72
DEV_006_2024-10-18 07:00:00,2024-10-18 07:00:00,DEV_006,81,93,8,76
DEV_006_2024-10-18 12:00:00,2024-10-18 12:00:00,DEV_006,97,91,61,6
DEV_006_2024-10-18 17:00:00,2024-10-18 17:00:00,DEV_006,78,89,46,56
DEV_006_2024-10-18 22:00:00,2024-10-18 22:00:00,DEV_006,79,71,80,77
DEV_006_2024-10-19 03:00:00,2024-10-19 03:00:00,DEV_006,48,16,46,89
DEV_006_2024-10-19 08:00:00,2024-10-19 08:00:00,DEV_006,26,82,40,12
DEV_006_2024-10-19 13:00:00,2024-10-19 13:00:00,DEV_006,58,4,25,44
DEV_006_2024-10-19 18:00:00,2024-10-19 18:00:00,DEV_006,2,87,8,65
DEV_006_2024-10-19 23:00:00,2024-10-19 23:00:00,DEV_006,21,87,82,10
DEV_006_2024-10-20 04:00:00,2024-10-20 04:00:00,DEV_006,17,61,44,17
DEV_006_2024-10-20 09:00:00,2024-10-20 09:00:00,DEV_006,10,65,33,81
DEV_006_2024-10-20 14:00:00,2024-10-20 14:00:00,DEV_006,67,20,39,77
DEV_006_2024-10-20 19:00:00,2024-10-20 19:00:00,DEV_006,21,34,52,96
DEV_006_2024-10-21 00:00:00,2024-10-21 00:00:00,DEV_006,23,97,64,48
DEV_006_2024-10-21 05:00:00,2024-10-21 05:00:00,DEV_006,17,33,45,32
DEV_006_2024-10-21 10:00:00,2024-10-21 10:00:00,DEV_006,89,3,53,88
DEV_006_2024-10-21 15:00:00,2024-10-21 15:00:00,DEV_006,24,74,86,19
DEV_006_2024-10-21 20:00:00,2024-10-21 20:00:00,DEV_006,29,21,57,67
DEV_006_2024-10-22 01:00:00,2024-10-22 01:00:00,DEV_006,30,32,11,86
DEV_006_2024-10-22 06:00:00,2024-10-22 06:00:00,DEV_006,96,81,6,30
DEV_006_2024-10-22 11:00:00,2024-10-22 11:00:00,DEV_006,23,87,89,31
DEV_006_2024-10-22 16:00:00,2024-10-22 16:00:00,DEV_006,63,36,23,68
DEV_006_2024-10-22 21:00:00,2024-10-22 21:00:00,DEV_006,44,66,81,18
DEV_006_2024-10-23 02:00:00,2024-10-23 02:00:00,DEV_006,43,73,9,42
DEV_006_2024-10-23 07:00:00,2024-10-23 07:00:00,DEV_006,41,98,77,96
DEV_006_2024-10-23 12:00:00,2024-10-23 12:00:00,DEV_006,73,11,65,41
DEV_006_2024-10-23 17:00:00,2024-10-23 17:00:00,DEV_006,35,11,22,86
DEV_006_2024-10-23 22:00:00,2024-10-23 22:00:00,DEV_006,6,74,86,23
DEV_006_2024-10-24 03:00:00,2024-10-24 03:00:00,DEV_006,76,32,54,94
DEV_006_2024-10-24 08:00:00,2024-10-24 08:00:00,DEV_006,82,13,96,51
DEV_006_2024-10-24 13:00:00,2024-10-24 13:00:00,DEV_006,6,71,78,51
DEV_006_2024-10-24 18:00:00,2024-10-24 18:00:00,DEV_006,85,32,53,31
DEV_006_2024-10-24 23:00:00,2024-10-24 23:00:00,DEV_006,22,26,29,22
DEV_006_2024-10-25 04:00:00,2024-10-25 04:00:00,DEV_006,92,63,12,38
DEV_006_2024-10-25 09:00:00,2024-10-25 09:00:00,DEV_006,52,22,58,99
DEV_006_2024-10-25 14:00:00,2024-10-25 14:00:00,DEV_006,42,66,17,28
DEV_006_2024-10-25 19:00:00,2024-10-25 19:00:00,DEV_006,79,6,42,38
DEV_006_2024-10-26 00:00:00,2024-10-26 00:00:00,DEV_006,89,47,37,20
DEV_006_2024-10-26 05:00:00,2024-10-26 05:00:00,DEV_006,60,37,45,5
DEV_006_2024-10-26 10:00:00,2024-10-26 10:00:00,DEV_006,61,2,71,17
DEV_006_2024-10-26 15:00:00,2024-10-26 15:00:00,DEV_006,52,32,7,19
DEV_006_2024-10-26 20:00:00,2024-10-26 20:00:00,DEV_006,18,43,24,49
DEV_006_2024-10-27 01:00:00,2024-10-27 01:00:00,DEV_006,20,1,43,7
DEV_006_2024-10-27 06:00:00,2024-10-27 06:00:00,DEV_006,4,90,15,45
DEV_006_2024-10-27 11:00:00,2024-10-27 11:00:00,DEV_006,14,45,34,58
DEV_006_2024-10-27 16:00:00,2024-10-27 16:00:00,DEV_006,28,94,51,19
DEV_006_2024-10-27 21:00:00,2024-10-27 21:00:00,DEV_006,91,5,8,51
DEV_006_2024-10-28 02:00:00,2024-10-28 02:00:00,DEV_006,53,6,8,4
DEV_006_2024-10-28 07:00:00,2024-10-28 07:00:00,DEV_006,54,49,21,10
DEV_006_2024-10-28 12:00:00,2024-10-28 12:00:00,DEV_006,73,70,29,51
DEV_006_2024-10-28 17:00:00,2024-10-28 17:00:00,DEV_006,10,84,78,89
DEV_006_2024-10-28 22:00:00,2024-10-28 22:00:00,DEV_006,65,43,6,22
DEV_006_2024-10-29 03:00:00,2024-10-29 03:00:00,DEV_006,98,60,91,44
DEV_006_2024-10-29 08:00:00,2024-10-29 08:00:00,DEV_006,9,43,57,83
DEV_006_2024-10-29 13:00:00,2024-10-29 13:00:00,DEV_006,71,5,46,18
DEV_006_2024-10-29 18:00:00,2024-10-29 18:00:00,DEV_006,98,89,38,97
DEV_006_2024-10-29 23:00:00,2024-10-29 23:00:00,DEV_006,19,60,38,99
DEV_006_2024-10-30 04:00:00,2024-10-30 04:00:00,DEV_006,87,65,88,4
DEV_006_2024-10-30 09:00:00,2024-10-30 09:00:00,DEV_006,14,87,88,28
DEV_006_2024-10-30 14:00:00,2024-10-30 14:00:00,DEV_006,8,56,28,89
DEV_006_2024-10-30 19:00:00,2024-10-30 19:00:00,DEV_006,20,30,57,30
DEV_006_2024-10-31 00:00:00,2024-10-31 00:00:00,DEV_006,24,64,81,25
DEV_006_2024-10-31 05:00:00,2024-10-31 05:00:00,DEV_006,93,5,71,33
DEV_006_2024-10-31 10:00:00,2024-10-31 10:00:00,DEV_006,61,32,75,75
DEV_006_2024-10-31 15:00:00,2024-10-31 15:00:00,DEV_006,46,33,89,33
DEV_006_2024-10-31 20:00:00,2024-10-31 20:00:00,DEV_006,5,33,81,59
DEV_006_2024-11-01 01:00:00,2024-11-01 01:00:00,DEV_006,45,16,72,80
DEV_006_2024-11-01 06:00:00,2024-11-01 06:00:00,DEV_006,79,75,66,85
DEV_006_2024-11-01 11:00:00,2024-11-01 11:00:00,DEV_006,1,9,28,26
DEV_006_2024-11-01 16:00:00,2024-11-01 16:00:00,DEV_006,36,48,87,66
DEV_006_2024-11-01 21:00:00,2024-11-01 21:00:00,DEV_006,39,20,97,17
DEV_006_2024-11-02 02:00:00,2024-11-02 02:00:00,DEV_006,64,98,69,87
DEV_006_2024-11-02 07:00:00,2024-11-02 07:00:00,DEV_006,58,14,17,76
DEV_006_2024-11-02 12:00:00,2024-11-02 12:00:00,DEV_006,82,11,48,6
DEV_006_2024-11-02 17:00:00,2024-11-02 17:00:00,DEV_006,97,81,78,76
DEV_006_2024-11-02 22:00:00,2024-11-02 22:00:00,DEV_006,15,78,78,85
DEV_006_2024-11-03 03:00:00,2024-11-03 03:00:00,DEV_006,33,92,33,18
DEV_006_2024-11-03 08:00:00,2024-11-03 08:00:00,DEV_006,30,27,12,20
DEV_006_2024-11-03 13:00:00,2024-11-03 13:00:00,DEV_006,27,28,99,73
DEV_006_2024-11-03 18:00:00,2024-11-03 18:00:00,DEV_006,69,7,97,5
DEV_006_2024-11-03 23:00:00,2024-11-03 23:00:00,DEV_006,56,10,77,53
DEV_006_2024-11-04 04:00:00,2024-11-04 04:00:00,DEV_006,55,9,16,47
DEV_006_2024-11-04 09:00:00,2024-11-04 09:00:00,DEV_006,84,38,4,10
DEV_006_2024-11-04 14:00:00,2024-11-04 14:00:00,DEV_006,40,26,69,14
DEV_006_2024-11-04 19:00:00,2024-11-04 19:00:00,DEV_006,87,7,85,8
DEV_006_2024-11-05 00:00:00,2024-11-05 00:00:00,DEV_006,3,43,64,87
DEV_006_2024-11-05 05:00:00,2024-11-05 05:00:00,DEV_006,92,47,6,36
DEV_006_2024-11-05 10:00:00,2024-11-05 10:00:00,DEV_006,83,84,46,43
DEV_006_2024-11-05 15:00:00,2024-11-05 15:00:00,DEV_006,84,41,89,28
DEV_006_2024-11-05 20:00:00,2024-11-05 20:00:00,DEV_006,68,4,68,65
DEV_006_2024-11-06 01:00:00,2024-11-06 01:00:00,DEV_006,36,36,20,66
DEV_006_2024-11-06 06:00:00,2024-11-06 06:00:00,DEV_006,81,63,27,59
DEV_006_2024-11-06 11:00:00,2024-11-06 11:00:00,DEV_006,31,57,44,87
DEV_006_2024-11-06 16:00:00,2024-11-06 16:00:00,DEV_006,31,71,5,76
DEV_006_2024-11-06 21:00:00,2024-11-06 21:00:00,DEV_006,91,58,27,88
DEV_006_2024-11-07 02:00:00,2024-11-07 02:00:00,DEV_006,19,13,68,84
DEV_006_2024-11-07 07:00:00,2024-11-07 07:00:00,DEV_006,64,80,28,67
DEV_006_2024-11-07 12:00:00,2024-11-07 12:00:00,DEV_006,71,94,42,58
DEV_006_2024-11-07 17:00:00,2024-11-07 17:00:00,DEV_006,9,49,23,65
DEV_006_2024-11-07 22:00:00,2024-11-07 22:00:00,DEV_006,12,44,29,50
DEV_006_2024-11-08 03:00:00,2024-11-08 03:00:00,DEV_006,73,64,81,68
DEV_006_2024-11-08 08:00:00,2024-11-08 08:00:00,DEV_006,86,5,67,47
DEV_006_2024-11-08 13:00:00,2024-11-08 13:00:00,DEV_006,20,39,29,70
DEV_006_2024-11-08 18:00:00,2024-11-08 18:00:00,DEV_006,16,74,61,99
DEV_006_2024-11-08 23:00:00,2024-11-08 23:00:00,DEV_006,57,46,21,97
DEV_006_2024-11-09 04:00:00,2024-11-09 04:00:00,DEV_006,30,10,5,92
DEV_006_2024-11-09 09:00:00,2024-11-09 09:00:00,DEV_006,29,56,58,36
DEV_006_2024-11-09 14:00:00,2024-11-09 14:00:00,DEV_006,96,49,97,34
DEV_006_2024-11-09 19:00:00,2024-11-09 19:00:00,DEV_006,49,6,44,85
DEV_006_2024-11-10 00:00:00,2024-11-10 00:00:00,DEV_006,67,32,57,31
DEV_006_2024-11-10 05:00:00,2024-11-10 05:00:00,DEV_006,4,18,44,52
DEV_006_2024-11-10 10:00:00,2024-11-10 10:00:00,DEV_006,99,83,91,38
DEV_006_2024-11-10 15:00:00,2024-11-10 15:00:00,DEV_006,96,3,37,85
DEV_006_2024-11-10 20:00:00,2024-11-10 20:00:00,DEV_006,37,78,65,20
DEV_006_2024-11-11 01:00:00,2024-11-11 01:00:00,DEV_006,2,21,30,72
DEV_006_2024-11-11 06:00:00,2024-11-11 06:00:00,DEV_006,99,68,72,10
DEV_006_2024-11-11 11:00:00,2024-11-11 11:00:00,DEV_006,23,41,19,84
DEV_006_2024-11-11 16:00:00,2024-11-11 16:00:00,DEV_006,8,24,67,47
DEV_006_2024-11-11 21:00:00,2024-11-11 21:00:00,DEV_006,8,80,8,98
DEV_006_2024-11-12 02:00:00,2024-11-12 02:00:00,DEV_006,58,84,78,43
DEV_006_2024-11-12 07:00:00,2024-11-12 07:00:00,DEV_006,86,89,33,11
DEV_006_2024-11-12 12:00:00,2024-11-12 12:00:00,DEV_006,20,87,81,62
DEV_006_2024-11-12 17:00:00,2024-11-12 17:00:00,DEV_006,97,22,47,63
DEV_006_2024-11-12 22:00:00,2024-11-12 22:00:00,DEV_006,66,4,66,11
DEV_006_2024-11-13 03:00:00,2024-11-13 03:00:00,DEV_006,99,27,88,99
DEV_006_2024-11-13 08:00:00,2024-11-13 08:00:00,DEV_006,47,39,83,62
DEV_006_2024-11-13 13:00:00,2024-11-13 13:00:00,DEV_006,84,73,29,78
DEV_006_2024-11-13 18:00:00,2024-11-13 18:00:00,DEV_006,99,72,41,73
DEV_006_2024-11-13 23:00:00,2024-11-13 23:00:00,DEV_006,33,52,73,19
DEV_006_2024-11-14 04:00:00,2024-11-14 04:00:00,DEV_006,98,91,82,64
DEV_006_2024-11-14 09:00:00,2024-11-14 09:00:00,DEV_006,2,6,77,9
DEV_006_2024-11-14 14:00:00,2024-11-14 14:00:00,DEV_006,36,57,97,95
DEV_006_2024-11-14 19:00:00,2024-11-14 19:00:00,DEV_006,70,73,28,45
DEV_006_2024-11-15 00:00:00,2024-11-15 00:00:00,DEV_006,48,53,10,9
DEV_006_2024-11-15 05:00:00,2024-11-15 05:00:00,DEV_006,5,17,70,59
DEV_006_2024-11-15 10:00:00,2024-11-15 10:00:00,DEV_006,57,23,55,13
DEV_006_2024-11-15 15:00:00,2024-11-15 15:00:00,DEV_006,83,70,38,95
DEV_006_2024-11-15 20:00:00,2024-11-15 20:00:00,DEV_006,42,27,39,89
DEV_006_2024-11-16 01:00:00,2024-11-16 01:00:00,DEV_006,16,70,20,18
DEV_006_2024-11-16 06:00:00,2024-11-16 06:00:00,DEV_006,41,22,3,45
DEV_006_2024-11-16 11:00:00,2024-11-16 11:00:00,DEV_006,40,97,99,60
DEV_006_2024-11-16 16:00:00,2024-11-16 16:00:00,DEV_006,55,26,21,38
DEV_006_2024-11-16 21:00:00,2024-11-16 21:00:00,DEV_006,97,36,80,63
DEV_006_2024-11-17 02:00:00,2024-11-17 02:00:00,DEV_006,26,84,72,27
DEV_006_2024-11-17 07:00:00,2024-11-17 07:00:00,DEV_006,87,15,78,1
DEV_006_2024-11-17 12:00:00,2024-11-17 12:00:00,DEV_006,30,41,10,12
DEV_006_2024-11-17 17:00:00,2024-11-17 17:00:00,DEV_006,49,50,94,62
DEV_006_2024-11-17 22:00:00,2024-11-17 22:00:00,DEV_006,32,59,47,39
DEV_006_2024-11-18 03:00:00,2024-11-18 03:00:00,DEV_006,76,61,70,86
DEV_006_2024-11-18 08:00:00,2024-11-18 08:00:00,DEV_006,73,52,92,51
DEV_006_2024-11-18 13:00:00,2024-11-18 13:00:00,DEV_006,24,79,85,25
DEV_006_2024-11-18 18:00:00,2024-11-18 18:00:00,DEV_006,15,15,87,64
DEV_006_2024-11-18 23:00:00,2024-11-18 23:00:00,DEV_006,37,34,19,54
DEV_006_2024-11-19 04:00:00,2024-11-19 04:00:00,DEV_006,93,96,1,63
DEV_006_2024-11-19 09:00:00,2024-11-19 09:00:00,DEV_006,59,21,83,59
DEV_006_2024-11-19 14:00:00,2024-11-19 14:00:00,DEV_006,17,16,95,41
DEV_006_2024-11-19 19:00:00,2024-11-19 19:00:00,DEV_006,13,1,81,20
DEV_006_2024-11-20 00:00:00,2024-11-20 00:00:00,DEV_006,80,61,18,16
DEV_006_2024-11-20 05:00:00,2024-11-20 05:00:00,DEV_006,36,36,62,53
DEV_006_2024-11-20 10:00:00,2024-11-20 10:00:00,DEV_006,73,90,80,92
DEV_006_2024-11-20 15:00:00,2024-11-20 15:00:00,DEV_006,47,75,90,57
DEV_006_2024-11-20 20:00:00,2024-11-20 20:00:00,DEV_006,59,33,3,23
DEV_006_2024-11-21 01:00:00,2024-11-21 01:00:00,DEV_006,81,76,43,19
DEV_006_2024-11-21 06:00:00,2024-11-21 06:00:00,DEV_006,66,61,63,67
DEV_006_2024-11-21 11:00:00,2024-11-21 11:00:00,DEV_006,92,27,7,48
DEV_006_2024-11-21 16:00:00,2024-11-21 16:00:00,DEV_006,7,50,61,87
DEV_006_2024-11-21 21:00:00,2024-11-21 21:00:00,DEV_006,23,34,86,56
DEV_006_2024-11-22 02:00:00,2024-11-22 02:00:00,DEV_006,62,36,20,41
DEV_006_2024-11-22 07:00:00,2024-11-22 07:00:00,DEV_006,96,90,52,64
DEV_006_2024-11-22 12:00:00,2024-11-22 12:00:00,DEV_006,76,72,90,56
DEV_006_2024-11-22 17:00:00,2024-11-22 17:00:00,DEV_006,24,99,9,17
DEV_006_2024-11-22 22:00:00,2024-11-22 22:00:00,DEV_006,93,66,21,51
DEV_006_2024-11-23 03:00:00,2024-11-23 03:00:00,DEV_006,25,61,44,63
DEV_006_2024-11-23 08:00:00,2024-11-23 08:00:00,DEV_006,56,77,43,29
DEV_006_2024-11-23 13:00:00,2024-11-23 13:00:00,DEV_006,90,51,88,96
DEV_006_2024-11-23 18:00:00,2024-11-23 18:00:00,DEV_006,38,64,95,69
DEV_006_2024-11-23 23:00:00,2024-11-23 23:00:00,DEV_006,92,92,43,66
DEV_006_2024-11-24 04:00:00,2024-11-24 04:00:00,DEV_006,9,96,38,18
DEV_006_2024-11-24 09:00:00,2024-11-24 09:00:00,DEV_006,37,26,93,88
DEV_006_2024-11-24 14:00:00,2024-11-24 14:00:00,DEV_006,37,66,89,64
DEV_006_2024-11-24 19:00:00,2024-11-24 19:00:00,DEV_006,58,78,56,35
DEV_006_2024-11-25 00:00:00,2024-11-25 00:00:00,DEV_006,84,19,43,45
DEV_006_2024-11-25 05:00:00,2024-11-25 05:00:00,DEV_006,70,75,48,29
DEV_006_2024-11-25 10:00:00,2024-11-25 10:00:00,DEV_006,94,91,90,87
DEV_006_2024-11-25 15:00:00,2024-11-25 15:00:00,DEV_006,13,58,74,46
DEV_006_2024-11-25 20:00:00,2024-11-25 20:00:00,DEV_006,77,9,22,25
DEV_006_2024-11-26 01:00:00,2024-11-26 01:00:00,DEV_006,28,53,60,77
DEV_006_2024-11-26 06:00:00,2024-11-26 06:00:00,DEV_006,23,80,71,16
DEV_006_2024-11-26 11:00:00,2024-11-26 11:00:00,DEV_006,47,59,40,60
DEV_006_2024-11-26 16:00:00,2024-11-26 16:00:00,DEV_006,88,20,17,38
DEV_006_2024-11-26 21:00:00,2024-11-26 21:00:00,DEV_006,86,32,87,20
DEV_006_2024-11-27 02:00:00,2024-11-27 02:00:00,DEV_006,85,38,17,62
DEV_006_2024-11-27 07:00:00,2024-11-27 07:00:00,DEV_006,95,39,3,84
DEV_006_2024-11-27 12:00:00,2024-11-27 12:00:00,DEV_006,50,60,21,24
DEV_006_2024-11-27 17:00:00,2024-11-27 17:00:00,DEV_006,1,60,74,31
DEV_006_2024-11-27 22:00:00,2024-11-27 22:00:00,DEV_006,45,6,52,23
DEV_006_2024-11-28 03:00:00,2024-11-28 03:00:00,DEV_006,74,99,41,16
DEV_006_2024-11-28 08:00:00,2024-11-28 08:00:00,DEV_006,60,48,1,58
DEV_006_2024-11-28 13:00:00,2024-11-28 13:00:00,DEV_006,5,47,55,87
DEV_006_2024-11-28 18:00:00,2024-11-28 18:00:00,DEV_006,86,56,78,36
DEV_006_2024-11-28 23:00:00,2024-11-28 23:00:00,DEV_006,71,4,91,66
DEV_006_2024-11-29 04:00:00,2024-11-29 04:00:00,DEV_006,59,36,13,72
DEV_006_2024-11-29 09:00:00,2024-11-29 09:00:00,DEV_006,41,91,69,94
DEV_006_2024-11-29 14:00:00,2024-11-29 14:00:00,DEV_006,93,27,56,74
DEV_006_2024-11-29 19:00:00,2024-11-29 19:00:00,DEV_006,41,85,19,21
DEV_006_2024-11-30 00:00:00,2024-11-30 00:00:00,DEV_006,74,14,79,88
DEV_006_2024-11-30 05:00:00,2024-11-30 05:00:00,DEV_006,30,52,65,88
DEV_006_2024-11-30 10:00:00,2024-11-30 10:00:00,DEV_006,66,57,24,48
DEV_006_2024-11-30 15:00:00,2024-11-30 15:00:00,DEV_006,66,19,47,35
DEV_006_2024-11-30 20:00:00,2024-11-30 20:00:00,DEV_006,69,12,59,92
DEV_006_2024-12-01 01:00:00,2024-12-01 01:00:00,DEV_006,8,4,88,8
DEV_006_2024-12-01 06:00:00,2024-12-01 06:00:00,DEV_006,36,72,39,41
DEV_006_2024-12-01 11:00:00,2024-12-01 11:00:00,DEV_006,32,72,41,8
DEV_006_2024-12-01 16:00:00,2024-12-01 16:00:00,DEV_006,10,65,41,1
DEV_006_2024-12-01 21:00:00,2024-12-01 21:00:00,DEV_006,68,96,48,13
DEV_006_2024-12-02 02:00:00,2024-12-02 02:00:00,DEV_006,61,44,12,15
DEV_006_2024-12-02 07:00:00,2024-12-02 07:00:00,DEV_006,25,58,50,80
DEV_006_2024-12-02 12:00:00,2024-12-02 12:00:00,DEV_006,4,65,48,32
DEV_006_2024-12-02 17:00:00,2024-12-02 17:00:00,DEV_006,69,25,54,29
DEV_006_2024-12-02 22:00:00,2024-12-02 22:00:00,DEV_006,80,4,12,39
DEV_006_2024-12-03 03:00:00,2024-12-03 03:00:00,DEV_006,93,43,76,96
DEV_006_2024-12-03 08:00:00,2024-12-03 08:00:00,DEV_006,53,59,15,77
DEV_006_2024-12-03 13:00:00,2024-12-03 13:00:00,DEV_006,32,21,90,91
DEV_006_2024-12-03 18:00:00,2024-12-03 18:00:00,DEV_006,22,79,38,62
DEV_006_2024-12-03 23:00:00,2024-12-03 23:00:00,DEV_006,28,82,23,93
DEV_006_2024-12-04 04:00:00,2024-12-04 04:00:00,DEV_006,24,49,20,27
DEV_006_2024-12-04 09:00:00,2024-12-04 09:00:00,DEV_006,66,51,43,86
DEV_006_2024-12-04 14:00:00,2024-12-04 14:00:00,DEV_006,54,15,44,12
DEV_006_2024-12-04 19:00:00,2024-12-04 19:00:00,DEV_006,73,61,95,43
DEV_006_2024-12-05 00:00:00,2024-12-05 00:00:00,DEV_006,60,39,3,48
DEV_006_2024-12-05 05:00:00,2024-12-05 05:00:00,DEV_006,96,40,63,71
DEV_006_2024-12-05 10:00:00,2024-12-05 10:00:00,DEV_006,6,56,35,34
DEV_006_2024-12-05 15:00:00,2024-12-05 15:00:00,DEV_006,96,89,3,70
DEV_006_2024-12-05 20:00:00,2024-12-05 20:00:00,DEV_006,78,31,4,93
DEV_006_2024-12-06 01:00:00,2024-12-06 01:00:00,DEV_006,14,9,37,41
DEV_006_2024-12-06 06:00:00,2024-12-06 06:00:00,DEV_006,51,4,80,31
DEV_006_2024-12-06 11:00:00,2024-12-06 11:00:00,DEV_006,70,94,7,92
DEV_006_2024-12-06 16:00:00,2024-12-06 16:00:00,DEV_006,11,65,53,51
DEV_006_2024-12-06 21:00:00,2024-12-06 21:00:00,DEV_006,57,64,80,48
DEV_006_2024-12-07 02:00:00,2024-12-07 02:00:00,DEV_006,23,95,40,72
DEV_006_2024-12-07 07:00:00,2024-12-07 07:00:00,DEV_006,74,22,16,13
DEV_006_2024-12-07 12:00:00,2024-12-07 12:00:00,DEV_006,42,83,17,64
DEV_006_2024-12-07 17:00:00,2024-12-07 17:00:00,DEV_006,90,31,22,33
DEV_006_2024-12-07 22:00:00,2024-12-07 22:00:00,DEV_006,60,66,91,10
DEV_006_2024-12-08 03:00:00,2024-12-08 03:00:00,DEV_006,97,1,57,77
DEV_006_2024-12-08 08:00:00,2024-12-08 08:00:00,DEV_006,50,69,95,18
DEV_006_2024-12-08 13:00:00,2024-12-08 13:00:00,DEV_006,6,28,9,37
DEV_006_2024-12-08 18:00:00,2024-12-08 18:00:00,DEV_006,39,19,7,82
DEV_006_2024-12-08 23:00:00,2024-12-08 23:00:00,DEV_006,79,76,32,32
DEV_006_2024-12-09 04:00:00,2024-12-09 04:00:00,DEV_006,64,85,5,66
DEV_006_2024-12-09 09:00:00,2024-12-09 09:00:00,DEV_006,16,98,43,43
DEV_006_2024-12-09 14:00:00,2024-12-09 14:00:00,DEV_006,51,27,98,64
DEV_006_2024-12-09 19:00:00,2024-12-09 19:00:00,DEV_006,36,13,39,9
DEV_006_2024-12-10 00:00:00,2024-12-10 00:00:00,DEV_006,78,79,34,62
DEV_006_2024-12-10 05:00:00,2024-12-10 05:00:00,DEV_006,31,2,37,73
DEV_006_2024-12-10 10:00:00,2024-12-10 10:00:00,DEV_006,91,66,41,28
DEV_006_2024-12-10 15:00:00,2024-12-10 15:00:00,DEV_006,23,14,47,73
DEV_006_2024-12-10 20:00:00,2024-12-10 20:00:00,DEV_006,7,47,96,97
DEV_006_2024-12-11 01:00:00,2024-12-11 01:00:00,DEV_006,26,70,73,11
DEV_006_2024-12-11 06:00:00,2024-12-11 06:00:00,DEV_006,84,60,28,40
DEV_006_2024-12-11 11:00:00,2024-12-11 11:00:00,DEV_006,19,28,68,76
DEV_006_2024-12-11 16:00:00,2024-12-11 16:00:00,DEV_006,71,55,68,75
DEV_006_2024-12-11 21:00:00,2024-12-11 21:00:00,DEV_006,99,30,91,73
DEV_006_2024-12-12 02:00:00,2024-12-12 02:00:00,DEV_006,85,89,8,60
DEV_006_2024-12-12 07:00:00,2024-12-12 07:00:00,DEV_006,17,68,35,30
DEV_006_2024-12-12 12:00:00,2024-12-12 12:00:00,DEV_006,7,55,85,1
DEV_006_2024-12-12 17:00:00,2024-12-12 17:00:00,DEV_006,39,97,40,51
DEV_006_2024-12-12 22:00:00,2024-12-12 22:00:00,DEV_006,32,74,95,40
DEV_006_2024-12-13 03:00:00,2024-12-13 03:00:00,DEV_006,3,80,76,81
DEV_006_2024-12-13 08:00:00,2024-12-13 08:00:00,DEV_006,25,34,70,17
DEV_006_2024-12-13 13:00:00,2024-12-13 13:00:00,DEV_006,8,66,76,2
DEV_006_2024-12-13 18:00:00,2024-12-13 18:00:00,DEV_006,36,52,80,57
DEV_006_2024-12-13 23:00:00,2024-12-13 23:00:00,DEV_006,84,92,30,36
DEV_006_2024-12-14 04:00:00,2024-12-14 04:00:00,DEV_006,77,75,64,14
DEV_006_2024-12-14 09:00:00,2024-12-14 09:00:00,DEV_006,76,70,83,55
DEV_006_2024-12-14 14:00:00,2024-12-14 14:00:00,DEV_006,7,53,81,54
DEV_006_2024-12-14 19:00:00,2024-12-14 19:00:00,DEV_006,30,68,59,55
DEV_006_2024-12-15 00:00:00,2024-12-15 00:00:00,DEV_006,25,9,92,4
DEV_006_2024-12-15 05:00:00,2024-12-15 05:00:00,DEV_006,41,12,10,44
DEV_006_2024-12-15 10:00:00,2024-12-15 10:00:00,DEV_006,44,60,73,82
DEV_006_2024-12-15 15:00:00,2024-12-15 15:00:00,DEV_006,38,65,84,14
DEV_006_2024-12-15 20:00:00,2024-12-15 20:00:00,DEV_006,10,45,4,92
DEV_006_2024-12-16 01:00:00,2024-12-16 01:00:00,DEV_006,63,66,10,40
DEV_006_2024-12-16 06:00:00,2024-12-16 06:00:00,DEV_006,79,21,77,50
DEV_006_2024-12-16 11:00:00,2024-12-16 11:00:00,DEV_006,27,88,1,2
DEV_006_2024-12-16 16:00:00,2024-12-16 16:00:00,DEV_006,47,43,72,50
DEV_006_2024-12-16 21:00:00,2024-12-16 21:00:00,DEV_006,41,57,80,75
DEV_006_2024-12-17 02:00:00,2024-12-17 02:00:00,DEV_006,86,27,52,1
DEV_006_2024-12-17 07:00:00,2024-12-17 07:00:00,DEV_006,32,35,78,73
DEV_006_2024-12-17 12:00:00,2024-12-17 12:00:00,DEV_006,56,6,22,23
DEV_006_2024-12-17 17:00:00,2024-12-17 17:00:00,DEV_006,88,61,25,43
DEV_006_2024-12-17 22:00:00,2024-12-17 22:00:00,DEV_006,93,99,29,66
DEV_006_2024-12-18 03:00:00,2024-12-18 03:00:00,DEV_006,90,52,29,3
DEV_006_2024-12-18 08:00:00,2024-12-18 08:00:00,DEV_006,97,41,57,11
DEV_006_2024-12-18 13:00:00,2024-12-18 13:00:00,DEV_006,14,2,59,86
DEV_006_2024-12-18 18:00:00,2024-12-18 18:00:00,DEV_006,26,56,33,16
DEV_006_2024-12-18 23:00:00,2024-12-18 23:00:00,DEV_006,48,66,18,56
DEV_006_2024-12-19 04:00:00,2024-12-19 04:00:00,DEV_006,55,24,42,24
DEV_006_2024-12-19 09:00:00,2024-12-19 09:00:00,DEV_006,18,77,80,40
DEV_006_2024-12-19 14:00:00,2024-12-19 14:00:00,DEV_006,34,91,82,89
DEV_006_2024-12-19 19:00:00,2024-12-19 19:00:00,DEV_006,30,68,44,25
DEV_006_2024-12-20 00:00:00,2024-12-20 00:00:00,DEV_006,10,14,50,16
DEV_006_2024-12-20 05:00:00,2024-12-20 05:00:00,DEV_006,64,88,50,78
DEV_006_2024-12-20 10:00:00,2024-12-20 10:00:00,DEV_006,97,9,62,28
DEV_006_2024-12-20 15:00:00,2024-12-20 15:00:00,DEV_006,52,99,52,28
DEV_006_2024-12-20 20:00:00,2024-12-20 20:00:00,DEV_006,49,49,31,46
DEV_006_2024-12-21 01:00:00,2024-12-21 01:00:00,DEV_006,2,38,68,99
DEV_006_2024-12-21 06:00:00,2024-12-21 06:00:00,DEV_006,24,97,71,51
DEV_006_2024-12-21 11:00:00,2024-12-21 11:00:00,DEV_006,14,34,48,68
DEV_006_2024-12-21 16:00:00,2024-12-21 16:00:00,DEV_006,55,95,50,77
DEV_006_2024-12-21 21:00:00,2024-12-21 21:00:00,DEV_006,75,54,35,4
DEV_006_2024-12-22 02:00:00,2024-12-22 02:00:00,DEV_006,71,60,19,95
DEV_006_2024-12-22 07:00:00,2024-12-22 07:00:00,DEV_006,49,28,80,16
DEV_006_2024-12-22 12:00:00,2024-12-22 12:00:00,DEV_006,34,85,88,53
DEV_006_2024-12-22 17:00:00,2024-12-22 17:00:00,DEV_006,45,56,96,56
DEV_006_2024-12-22 22:00:00,2024-12-22 22:00:00,DEV_006,84,5,66,79
DEV_006_2024-12-23 03:00:00,2024-12-23 03:00:00,DEV_006,73,74,92,56
DEV_006_2024-12-23 08:00:00,2024-12-23 08:00:00,DEV_006,90,9,85,61
DEV_006_2024-12-23 13:00:00,2024-12-23 13:00:00,DEV_006,17,68,7,36
DEV_006_2024-12-23 18:00:00,2024-12-23 18:00:00,DEV_006,78,19,13,94
DEV_006_2024-12-23 23:00:00,2024-12-23 23:00:00,DEV_006,93,81,74,76
DEV_006_2024-12-24 04:00:00,2024-12-24 04:00:00,DEV_006,75,50,16,16
DEV_006_2024-12-24 09:00:00,2024-12-24 09:00:00,DEV_006,72,27,6,23
DEV_006_2024-12-24 14:00:00,2024-12-24 14:00:00,DEV_006,95,17,74,79
DEV_006_2024-12-24 19:00:00,2024-12-24 19:00:00,DEV_006,42,61,36,20
DEV_006_2024-12-25 00:00:00,2024-12-25 00:00:00,DEV_006,33,35,87,5
DEV_006_2024-12-25 05:00:00,2024-12-25 05:00:00,DEV_006,97,25,5,37
DEV_006_2024-12-25 10:00:00,2024-12-25 10:00:00,DEV_006,65,79,18,73
DEV_006_2024-12-25 15:00:00,2024-12-25 15:00:00,DEV_006,69,8,31,62
DEV_006_2024-12-25 20:00:00,2024-12-25 20:00:00,DEV_006,68,72,46,45
DEV_006_2024-12-26 01:00:00,2024-12-26 01:00:00,DEV_006,58,29,95,77
DEV_006_2024-12-26 06:00:00,2024-12-26 06:00:00,DEV_006,17,87,91,63
DEV_006_2024-12-26 11:00:00,2024-12-26 11:00:00,DEV_006,44,42,63,42
DEV_006_2024-12-26 16:00:00,2024-12-26 16:00:00,DEV_006,23,66,60,60
DEV_006_2024-12-26 21:00:00,2024-12-26 21:00:00,DEV_006,88,68,1,80
DEV_006_2024-12-27 02:00:00,2024-12-27 02:00:00,DEV_006,1,80,15,44
DEV_006_2024-12-27 07:00:00,2024-12-27 07:00:00,DEV_006,21,98,22,22
DEV_006_2024-12-27 12:00:00,2024-12-27 12:00:00,DEV_006,90,67,57,91
DEV_006_2024-12-27 17:00:00,2024-12-27 17:00:00,DEV_006,9,9,22,36
DEV_006_2024-12-27 22:00:00,2024-12-27 22:00:00,DEV_006,7,32,68,1
DEV_006_2024-12-28 03:00:00,2024-12-28 03:00:00,DEV_006,43,4,45,54
DEV_006_2024-12-28 08:00:00,2024-12-28 08:00:00,DEV_006,86,60,38,80
DEV_006_2024-12-28 13:00:00,2024-12-28 13:00:00,DEV_006,55,33,78,83
DEV_006_2024-12-28 18:00:00,2024-12-28 18:00:00,DEV_006,19,83,71,99
DEV_006_2024-12-28 23:00:00,2024-12-28 23:00:00,DEV_006,95,17,35,11
DEV_006_2024-12-29 04:00:00,2024-12-29 04:00:00,DEV_006,64,23,78,67
DEV_006_2024-12-29 09:00:00,2024-12-29 09:00:00,DEV_006,90,54,70,40
DEV_006_2024-12-29 14:00:00,2024-12-29 14:00:00,DEV_006,78,86,29,73
DEV_006_2024-12-29 19:00:00,2024-12-29 19:00:00,DEV_006,7,18,85,60
DEV_007_2024-09-01 00:00:00,2024-09-01 00:00:00,DEV_007,85,59,28,11
DEV_007_2024-09-01 02:00:00,2024-09-01 02:00:00,DEV_007,86,39,25,84
DEV_007_2024-09-01 04:00:00,2024-09-01 04:00:00,DEV_007,90,9,85,83
DEV_007_2024-09-01 06:00:00,2024-09-01 06:00:00,DEV_007,50,73,64,70
DEV_007_2024-09-01 08:00:00,2024-09-01 08:00:00,DEV_007,77,76,65,63
DEV_007_2024-09-01 10:00:00,2024-09-01 10:00:00,DEV_007,36,6,49,73
DEV_007_2024-09-01 12:00:00,2024-09-01 12:00:00,DEV_007,23,27,65,7
DEV_007_2024-09-01 14:00:00,2024-09-01 14:00:00,DEV_007,20,65,34,44
DEV_007_2024-09-01 16:00:00,2024-09-01 16:00:00,DEV_007,34,79,93,63
DEV_007_2024-09-01 18:00:00,2024-09-01 18:00:00,DEV_007,46,54,43,89
DEV_007_2024-09-01 20:00:00,2024-09-01 20:00:00,DEV_007,39,92,43,69
DEV_007_2024-09-01 22:00:00,2024-09-01 22:00:00,DEV_007,44,80,46,38
DEV_007_2024-09-02 00:00:00,2024-09-02 00:00:00,DEV_007,21,63,1,18
DEV_007_2024-09-02 02:00:00,2024-09-02 02:00:00,DEV_007,3,9,71,68
DEV_007_2024-09-02 04:00:00,2024-09-02 04:00:00,DEV_007,81,58,76,41
DEV_007_2024-09-02 06:00:00,2024-09-02 06:00:00,DEV_007,15,35,23,12
DEV_007_2024-09-02 08:00:00,2024-09-02 08:00:00,DEV_007,43,26,37,2
DEV_007_2024-09-02 10:00:00,2024-09-02 10:00:00,DEV_007,61,13,97,6
DEV_007_2024-09-02 12:00:00,2024-09-02 12:00:00,DEV_007,67,89,85,88
DEV_007_2024-09-02 14:00:00,2024-09-02 14:00:00,DEV_007,57,94,63,9
DEV_007_2024-09-02 16:00:00,2024-09-02 16:00:00,DEV_007,63,71,4,34
DEV_007_2024-09-02 18:00:00,2024-09-02 18:00:00,DEV_007,48,39,48,68
DEV_007_2024-09-02 20:00:00,2024-09-02 20:00:00,DEV_007,33,56,91,84
DEV_007_2024-09-02 22:00:00,2024-09-02 22:00:00,DEV_007,46,46,36,58
DEV_007_2024-09-03 00:00:00,2024-09-03 00:00:00,DEV_007,72,80,75,8
DEV_007_2024-09-03 02:00:00,2024-09-03 02:00:00,DEV_007,22,1,32,57
DEV_007_2024-09-03 04:00:00,2024-09-03 04:00:00,DEV_007,41,78,89,18
DEV_007_2024-09-03 06:00:00,2024-09-03 06:00:00,DEV_007,32,39,58,44
DEV_007_2024-09-03 08:00:00,2024-09-03 08:00:00,DEV_007,83,78,26,5
DEV_007_2024-09-03 10:00:00,2024-09-03 10:00:00,DEV_007,92,21,9,68
DEV_007_2024-09-03 12:00:00,2024-09-03 12:00:00,DEV_007,94,2,57,34
DEV_007_2024-09-03 14:00:00,2024-09-03 14:00:00,DEV_007,71,47,47,57
DEV_007_2024-09-03 16:00:00,2024-09-03 16:00:00,DEV_007,93,77,84,88
DEV_007_2024-09-03 18:00:00,2024-09-03 18:00:00,DEV_007,25,45,99,65
DEV_007_2024-09-03 20:00:00,2024-09-03 20:00:00,DEV_007,58,2,62,2
DEV_007_2024-09-03 22:00:00,2024-09-03 22:00:00,DEV_007,10,60,17,18
DEV_007_2024-09-04 00:00:00,2024-09-04 00:00:00,DEV_007,14,89,15,9
DEV_007_2024-09-04 02:00:00,2024-09-04 02:00:00,DEV_007,58,56,78,83
DEV_007_2024-09-04 04:00:00,2024-09-04 04:00:00,DEV_007,83,58,95,41
DEV_007_2024-09-04 06:00:00,2024-09-04 06:00:00,DEV_007,35,52,13,84
DEV_007_2024-09-04 08:00:00,2024-09-04 08:00:00,DEV_007,21,30,33,45
DEV_007_2024-09-04 10:00:00,2024-09-04 10:00:00,DEV_007,3,80,3,53
DEV_007_2024-09-04 12:00:00,2024-09-04 12:00:00,DEV_007,50,45,87,49
DEV_007_2024-09-04 14:00:00,2024-09-04 14:00:00,DEV_007,64,76,37,79
DEV_007_2024-09-04 16:00:00,2024-09-04 16:00:00,DEV_007,30,6,42,91
DEV_007_2024-09-04 18:00:00,2024-09-04 18:00:00,DEV_007,80,98,7,39
DEV_007_2024-09-04 20:00:00,2024-09-04 20:00:00,DEV_007,9,27,78,90
DEV_007_2024-09-04 22:00:00,2024-09-04 22:00:00,DEV_007,82,39,92,49
DEV_007_2024-09-05 00:00:00,2024-09-05 00:00:00,DEV_007,82,15,4,98
DEV_007_2024-09-05 02:00:00,2024-09-05 02:00:00,DEV_007,1,44,86,19
DEV_007_2024-09-05 04:00:00,2024-09-05 04:00:00,DEV_007,90,45,6,14
DEV_007_2024-09-05 06:00:00,2024-09-05 06:00:00,DEV_007,53,36,85,89
DEV_007_2024-09-05 08:00:00,2024-09-05 08:00:00,DEV_007,16,12,72,48
DEV_007_2024-09-05 10:00:00,2024-09-05 10:00:00,DEV_007,5,63,99,6
DEV_007_2024-09-05 12:00:00,2024-09-05 12:00:00,DEV_007,79,22,44,39
DEV_007_2024-09-05 14:00:00,2024-09-05 14:00:00,DEV_007,87,87,21,53
DEV_007_2024-09-05 16:00:00,2024-09-05 16:00:00,DEV_007,6,56,1,56
DEV_007_2024-09-05 18:00:00,2024-09-05 18:00:00,DEV_007,40,89,67,46
DEV_007_2024-09-05 20:00:00,2024-09-05 20:00:00,DEV_007,74,81,41,33
DEV_007_2024-09-05 22:00:00,2024-09-05 22:00:00,DEV_007,75,96,87,62
DEV_007_2024-09-06 00:00:00,2024-09-06 00:00:00,DEV_007,19,93,95,75
DEV_007_2024-09-06 02:00:00,2024-09-06 02:00:00,DEV_007,42,6,70,73
DEV_007_2024-09-06 04:00:00,2024-09-06 04:00:00,DEV_007,88,46,53,40
DEV_007_2024-09-06 06:00:00,2024-09-06 06:00:00,DEV_007,88,87,1,16
DEV_007_2024-09-06 08:00:00,2024-09-06 08:00:00,DEV_007,67,78,4,51
DEV_007_2024-09-06 10:00:00,2024-09-06 10:00:00,DEV_007,26,98,88,19
DEV_007_2024-09-06 12:00:00,2024-09-06 12:00:00,DEV_007,85,68,30,30
DEV_007_2024-09-06 14:00:00,2024-09-06 14:00:00,DEV_007,43,14,87,21
DEV_007_2024-09-06 16:00:00,2024-09-06 16:00:00,DEV_007,38,21,16,11
DEV_007_2024-09-06 18:00:00,2024-09-06 18:00:00,DEV_007,65,17,55,66
DEV_007_2024-09-06 20:00:00,2024-09-06 20:00:00,DEV_007,13,97,55,85
DEV_007_2024-09-06 22:00:00,2024-09-06 22:00:00,DEV_007,18,56,83,93
DEV_007_2024-09-07 00:00:00,2024-09-07 00:00:00,DEV_007,62,13,92,42
DEV_007_2024-09-07 02:00:00,2024-09-07 02:00:00,DEV_007,37,67,20,61
DEV_007_2024-09-07 04:00:00,2024-09-07 04:00:00,DEV_007,66,34,4,23
DEV_007_2024-09-07 06:00:00,2024-09-07 06:00:00,DEV_007,26,67,42,50
DEV_007_2024-09-07 08:00:00,2024-09-07 08:00:00,DEV_007,77,87,67,92
DEV_007_2024-09-07 10:00:00,2024-09-07 10:00:00,DEV_007,19,80,10,44
DEV_007_2024-09-07 12:00:00,2024-09-07 12:00:00,DEV_007,39,5,56,4
DEV_007_2024-09-07 14:00:00,2024-09-07 14:00:00,DEV_007,6,83,40,95
DEV_007_2024-09-07 16:00:00,2024-09-07 16:00:00,DEV_007,44,3,58,45
DEV_007_2024-09-07 18:00:00,2024-09-07 18:00:00,DEV_007,7,17,75,66
DEV_007_2024-09-07 20:00:00,2024-09-07 20:00:00,DEV_007,75,58,12,94
DEV_007_2024-09-07 22:00:00,2024-09-07 22:00:00,DEV_007,6,19,39,13
DEV_007_2024-09-08 00:00:00,2024-09-08 00:00:00,DEV_007,75,92,87,3
DEV_007_2024-09-08 02:00:00,2024-09-08 02:00:00,DEV_007,20,70,36,58
DEV_007_2024-09-08 04:00:00,2024-09-08 04:00:00,DEV_007,72,1,57,95
DEV_007_2024-09-08 06:00:00,2024-09-08 06:00:00,DEV_007,93,52,36,95
DEV_007_2024-09-08 08:00:00,2024-09-08 08:00:00,DEV_007,79,47,76,53
DEV_007_2024-09-08 10:00:00,2024-09-08 10:00:00,DEV_007,97,53,48,97
DEV_007_2024-09-08 12:00:00,2024-09-08 12:00:00,DEV_007,53,55,6,57
DEV_007_2024-09-08 14:00:00,2024-09-08 14:00:00,DEV_007,51,83,48,92
DEV_007_2024-09-08 16:00:00,2024-09-08 16:00:00,DEV_007,56,94,8,96
DEV_007_2024-09-08 18:00:00,2024-09-08 18:00:00,DEV_007,46,95,61,44
DEV_007_2024-09-08 20:00:00,2024-09-08 20:00:00,DEV_007,51,33,46,93
DEV_007_2024-09-08 22:00:00,2024-09-08 22:00:00,DEV_007,42,87,59,73
DEV_007_2024-09-09 00:00:00,2024-09-09 00:00:00,DEV_007,25,67,10,43
DEV_007_2024-09-09 02:00:00,2024-09-09 02:00:00,DEV_007,16,79,45,3
DEV_007_2024-09-09 04:00:00,2024-09-09 04:00:00,DEV_007,17,96,98,83
DEV_007_2024-09-09 06:00:00,2024-09-09 06:00:00,DEV_007,77,19,47,89
DEV_007_2024-09-09 08:00:00,2024-09-09 08:00:00,DEV_007,39,30,82,71
DEV_007_2024-09-09 10:00:00,2024-09-09 10:00:00,DEV_007,64,28,25,56
DEV_007_2024-09-09 12:00:00,2024-09-09 12:00:00,DEV_007,25,96,88,29
DEV_007_2024-09-09 14:00:00,2024-09-09 14:00:00,DEV_007,51,90,98,80
DEV_007_2024-09-09 16:00:00,2024-09-09 16:00:00,DEV_007,42,83,12,53
DEV_007_2024-09-09 18:00:00,2024-09-09 18:00:00,DEV_007,43,83,67,53
DEV_007_2024-09-09 20:00:00,2024-09-09 20:00:00,DEV_007,99,1,86,24
DEV_007_2024-09-09 22:00:00,2024-09-09 22:00:00,DEV_007,9,81,15,75
DEV_007_2024-09-10 00:00:00,2024-09-10 00:00:00,DEV_007,94,30,35,57
DEV_007_2024-09-10 02:00:00,2024-09-10 02:00:00,DEV_007,27,50,33,54
DEV_007_2024-09-10 04:00:00,2024-09-10 04:00:00,DEV_007,89,89,81,73
DEV_007_2024-09-10 06:00:00,2024-09-10 06:00:00,DEV_007,31,30,26,3
DEV_007_2024-09-10 08:00:00,2024-09-10 08:00:00,DEV_007,11,54,66,68
DEV_007_2024-09-10 10:00:00,2024-09-10 10:00:00,DEV_007,75,46,41,95
DEV_007_2024-09-10 12:00:00,2024-09-10 12:00:00,DEV_007,60,94,4,59
DEV_007_2024-09-10 14:00:00,2024-09-10 14:00:00,DEV_007,48,64,13,23
DEV_007_2024-09-10 16:00:00,2024-09-10 16:00:00,DEV_007,6,82,1,25
DEV_007_2024-09-10 18:00:00,2024-09-10 18:00:00,DEV_007,54,9,13,74
DEV_007_2024-09-10 20:00:00,2024-09-10 20:00:00,DEV_007,56,33,91,72
DEV_007_2024-09-10 22:00:00,2024-09-10 22:00:00,DEV_007,99,40,98,12
DEV_007_2024-09-11 00:00:00,2024-09-11 00:00:00,DEV_007,96,55,8,77
DEV_007_2024-09-11 02:00:00,2024-09-11 02:00:00,DEV_007,98,38,26,35
DEV_007_2024-09-11 04:00:00,2024-09-11 04:00:00,DEV_007,39,34,91,9
DEV_007_2024-09-11 06:00:00,2024-09-11 06:00:00,DEV_007,27,69,99,32
DEV_007_2024-09-11 08:00:00,2024-09-11 08:00:00,DEV_007,64,37,74,16
DEV_007_2024-09-11 10:00:00,2024-09-11 10:00:00,DEV_007,24,22,58,84
DEV_007_2024-09-11 12:00:00,2024-09-11 12:00:00,DEV_007,48,90,74,68
DEV_007_2024-09-11 14:00:00,2024-09-11 14:00:00,DEV_007,74,3,47,31
DEV_007_2024-09-11 16:00:00,2024-09-11 16:00:00,DEV_007,96,21,2,13
DEV_007_2024-09-11 18:00:00,2024-09-11 18:00:00,DEV_007,87,86,94,85
DEV_007_2024-09-11 20:00:00,2024-09-11 20:00:00,DEV_007,1,94,55,41
DEV_007_2024-09-11 22:00:00,2024-09-11 22:00:00,DEV_007,78,28,79,35
DEV_007_2024-09-12 00:00:00,2024-09-12 00:00:00,DEV_007,34,42,92,68
DEV_007_2024-09-12 02:00:00,2024-09-12 02:00:00,DEV_007,47,6,26,27
DEV_007_2024-09-12 04:00:00,2024-09-12 04:00:00,DEV_007,38,49,82,58
DEV_007_2024-09-12 06:00:00,2024-09-12 06:00:00,DEV_007,65,67,77,4
DEV_007_2024-09-12 08:00:00,2024-09-12 08:00:00,DEV_007,13,19,41,36
DEV_007_2024-09-12 10:00:00,2024-09-12 10:00:00,DEV_007,61,28,12,76
DEV_007_2024-09-12 12:00:00,2024-09-12 12:00:00,DEV_007,23,48,55,46
DEV_007_2024-09-12 14:00:00,2024-09-12 14:00:00,DEV_007,90,4,85,2
DEV_007_2024-09-12 16:00:00,2024-09-12 16:00:00,DEV_007,67,72,44,8
DEV_007_2024-09-12 18:00:00,2024-09-12 18:00:00,DEV_007,49,56,58,23
DEV_007_2024-09-12 20:00:00,2024-09-12 20:00:00,DEV_007,24,98,19,62
DEV_007_2024-09-12 22:00:00,2024-09-12 22:00:00,DEV_007,16,92,41,41
DEV_007_2024-09-13 00:00:00,2024-09-13 00:00:00,DEV_007,40,76,68,36
DEV_007_2024-09-13 02:00:00,2024-09-13 02:00:00,DEV_007,37,51,9,77
DEV_007_2024-09-13 04:00:00,2024-09-13 04:00:00,DEV_007,36,37,1,90
DEV_007_2024-09-13 06:00:00,2024-09-13 06:00:00,DEV_007,41,85,24,57
DEV_007_2024-09-13 08:00:00,2024-09-13 08:00:00,DEV_007,42,13,46,51
DEV_007_2024-09-13 10:00:00,2024-09-13 10:00:00,DEV_007,72,77,26,44
DEV_007_2024-09-13 12:00:00,2024-09-13 12:00:00,DEV_007,23,81,19,54
DEV_007_2024-09-13 14:00:00,2024-09-13 14:00:00,DEV_007,59,39,4,96
DEV_007_2024-09-13 16:00:00,2024-09-13 16:00:00,DEV_007,9,1,67,82
DEV_007_2024-09-13 18:00:00,2024-09-13 18:00:00,DEV_007,61,49,10,36
DEV_007_2024-09-13 20:00:00,2024-09-13 20:00:00,DEV_007,84,11,26,14
DEV_007_2024-09-13 22:00:00,2024-09-13 22:00:00,DEV_007,38,66,38,89
DEV_007_2024-09-14 00:00:00,2024-09-14 00:00:00,DEV_007,19,60,12,86
DEV_007_2024-09-14 02:00:00,2024-09-14 02:00:00,DEV_007,75,92,24,59
DEV_007_2024-09-14 04:00:00,2024-09-14 04:00:00,DEV_007,65,30,89,33
DEV_007_2024-09-14 06:00:00,2024-09-14 06:00:00,DEV_007,26,91,97,46
DEV_007_2024-09-14 08:00:00,2024-09-14 08:00:00,DEV_007,90,62,4,6
DEV_007_2024-09-14 10:00:00,2024-09-14 10:00:00,DEV_007,74,59,29,73
DEV_007_2024-09-14 12:00:00,2024-09-14 12:00:00,DEV_007,24,77,9,84
DEV_007_2024-09-14 14:00:00,2024-09-14 14:00:00,DEV_007,66,63,72,10
DEV_007_2024-09-14 16:00:00,2024-09-14 16:00:00,DEV_007,46,94,14,55
DEV_007_2024-09-14 18:00:00,2024-09-14 18:00:00,DEV_007,99,1,79,56
DEV_007_2024-09-14 20:00:00,2024-09-14 20:00:00,DEV_007,36,54,45,32
DEV_007_2024-09-14 22:00:00,2024-09-14 22:00:00,DEV_007,4,4,33,35
DEV_007_2024-09-15 00:00:00,2024-09-15 00:00:00,DEV_007,30,57,97,58
DEV_007_2024-09-15 02:00:00,2024-09-15 02:00:00,DEV_007,17,61,52,48
DEV_007_2024-09-15 04:00:00,2024-09-15 04:00:00,DEV_007,68,86,54,86
DEV_007_2024-09-15 06:00:00,2024-09-15 06:00:00,DEV_007,23,60,62,31
DEV_007_2024-09-15 08:00:00,2024-09-15 08:00:00,DEV_007,42,39,34,77
DEV_007_2024-09-15 10:00:00,2024-09-15 10:00:00,DEV_007,2,16,20,80
DEV_007_2024-09-15 12:00:00,2024-09-15 12:00:00,DEV_007,23,45,63,5
DEV_007_2024-09-15 14:00:00,2024-09-15 14:00:00,DEV_007,20,37,87,52
DEV_007_2024-09-15 16:00:00,2024-09-15 16:00:00,DEV_007,47,21,57,71
DEV_007_2024-09-15 18:00:00,2024-09-15 18:00:00,DEV_007,92,8,98,90
DEV_007_2024-09-15 20:00:00,2024-09-15 20:00:00,DEV_007,77,58,50,6
DEV_007_2024-09-15 22:00:00,2024-09-15 22:00:00,DEV_007,23,44,3,98
DEV_007_2024-09-16 00:00:00,2024-09-16 00:00:00,DEV_007,83,70,94,56
DEV_007_2024-09-16 02:00:00,2024-09-16 02:00:00,DEV_007,77,77,43,2
DEV_007_2024-09-16 04:00:00,2024-09-16 04:00:00,DEV_007,92,89,1,32
DEV_007_2024-09-16 06:00:00,2024-09-16 06:00:00,DEV_007,93,2,59,10
DEV_007_2024-09-16 08:00:00,2024-09-16 08:00:00,DEV_007,60,80,38,1
DEV_007_2024-09-16 10:00:00,2024-09-16 10:00:00,DEV_007,58,53,54,30
DEV_007_2024-09-16 12:00:00,2024-09-16 12:00:00,DEV_007,65,91,18,2
DEV_007_2024-09-16 14:00:00,2024-09-16 14:00:00,DEV_007,65,86,28,27
DEV_007_2024-09-16 16:00:00,2024-09-16 16:00:00,DEV_007,11,13,45,82
DEV_007_2024-09-16 18:00:00,2024-09-16 18:00:00,DEV_007,4,94,66,37
DEV_007_2024-09-16 20:00:00,2024-09-16 20:00:00,DEV_007,7,69,55,23
DEV_007_2024-09-16 22:00:00,2024-09-16 22:00:00,DEV_007,88,74,18,44
DEV_007_2024-09-17 00:00:00,2024-09-17 00:00:00,DEV_007,9,61,39,28
DEV_007_2024-09-17 02:00:00,2024-09-17 02:00:00,DEV_007,35,23,40,41
DEV_007_2024-09-17 04:00:00,2024-09-17 04:00:00,DEV_007,46,33,92,6
DEV_007_2024-09-17 06:00:00,2024-09-17 06:00:00,DEV_007,7,4,53,7
DEV_007_2024-09-17 08:00:00,2024-09-17 08:00:00,DEV_007,75,11,90,47
DEV_007_2024-09-17 10:00:00,2024-09-17 10:00:00,DEV_007,85,30,29,45
DEV_007_2024-09-17 12:00:00,2024-09-17 12:00:00,DEV_007,71,31,11,65
DEV_007_2024-09-17 14:00:00,2024-09-17 14:00:00,DEV_007,9,63,2,17
DEV_007_2024-09-17 16:00:00,2024-09-17 16:00:00,DEV_007,29,88,91,83
DEV_007_2024-09-17 18:00:00,2024-09-17 18:00:00,DEV_007,72,6,21,35
DEV_007_2024-09-17 20:00:00,2024-09-17 20:00:00,DEV_007,52,64,25,70
DEV_007_2024-09-17 22:00:00,2024-09-17 22:00:00,DEV_007,8,74,96,28
DEV_007_2024-09-18 00:00:00,2024-09-18 00:00:00,DEV_007,76,50,23,61
DEV_007_2024-09-18 02:00:00,2024-09-18 02:00:00,DEV_007,64,90,74,78
DEV_007_2024-09-18 04:00:00,2024-09-18 04:00:00,DEV_007,43,92,3,94
DEV_007_2024-09-18 06:00:00,2024-09-18 06:00:00,DEV_007,44,92,12,43
DEV_007_2024-09-18 08:00:00,2024-09-18 08:00:00,DEV_007,33,66,83,26
DEV_007_2024-09-18 10:00:00,2024-09-18 10:00:00,DEV_007,73,43,30,24
DEV_007_2024-09-18 12:00:00,2024-09-18 12:00:00,DEV_007,31,40,29,4
DEV_007_2024-09-18 14:00:00,2024-09-18 14:00:00,DEV_007,68,79,44,98
DEV_007_2024-09-18 16:00:00,2024-09-18 16:00:00,DEV_007,1,95,84,66
DEV_007_2024-09-18 18:00:00,2024-09-18 18:00:00,DEV_007,44,28,21,70
DEV_007_2024-09-18 20:00:00,2024-09-18 20:00:00,DEV_007,9,93,63,98
DEV_007_2024-09-18 22:00:00,2024-09-18 22:00:00,DEV_007,48,28,43,31
DEV_007_2024-09-19 00:00:00,2024-09-19 00:00:00,DEV_007,70,67,71,63
DEV_007_2024-09-19 02:00:00,2024-09-19 02:00:00,DEV_007,14,2,72,4
DEV_007_2024-09-19 04:00:00,2024-09-19 04:00:00,DEV_007,76,31,50,65
DEV_007_2024-09-19 06:00:00,2024-09-19 06:00:00,DEV_007,98,50,42,7
DEV_007_2024-09-19 08:00:00,2024-09-19 08:00:00,DEV_007,91,35,35,93
DEV_007_2024-09-19 10:00:00,2024-09-19 10:00:00,DEV_007,94,58,83,58
DEV_007_2024-09-19 12:00:00,2024-09-19 12:00:00,DEV_007,29,19,84,54
DEV_007_2024-09-19 14:00:00,2024-09-19 14:00:00,DEV_007,98,45,23,81
DEV_007_2024-09-19 16:00:00,2024-09-19 16:00:00,DEV_007,92,32,46,20
DEV_007_2024-09-19 18:00:00,2024-09-19 18:00:00,DEV_007,9,84,3,51
DEV_007_2024-09-19 20:00:00,2024-09-19 20:00:00,DEV_007,80,45,84,83
DEV_007_2024-09-19 22:00:00,2024-09-19 22:00:00,DEV_007,52,41,64,57
DEV_007_2024-09-20 00:00:00,2024-09-20 00:00:00,DEV_007,27,47,31,7
DEV_007_2024-09-20 02:00:00,2024-09-20 02:00:00,DEV_007,28,14,18,26
DEV_007_2024-09-20 04:00:00,2024-09-20 04:00:00,DEV_007,76,65,35,41
DEV_007_2024-09-20 06:00:00,2024-09-20 06:00:00,DEV_007,46,53,15,11
DEV_007_2024-09-20 08:00:00,2024-09-20 08:00:00,DEV_007,76,56,97,48
DEV_007_2024-09-20 10:00:00,2024-09-20 10:00:00,DEV_007,92,17,58,18
DEV_007_2024-09-20 12:00:00,2024-09-20 12:00:00,DEV_007,3,67,83,49
DEV_007_2024-09-20 14:00:00,2024-09-20 14:00:00,DEV_007,57,12,65,92
DEV_007_2024-09-20 16:00:00,2024-09-20 16:00:00,DEV_007,50,72,53,74
DEV_007_2024-09-20 18:00:00,2024-09-20 18:00:00,DEV_007,26,15,42,46
DEV_007_2024-09-20 20:00:00,2024-09-20 20:00:00,DEV_007,2,13,67,40
DEV_007_2024-09-20 22:00:00,2024-09-20 22:00:00,DEV_007,68,82,64,5
DEV_007_2024-09-21 00:00:00,2024-09-21 00:00:00,DEV_007,21,53,91,30
DEV_007_2024-09-21 02:00:00,2024-09-21 02:00:00,DEV_007,29,2,81,75
DEV_007_2024-09-21 04:00:00,2024-09-21 04:00:00,DEV_007,2,88,63,76
DEV_007_2024-09-21 06:00:00,2024-09-21 06:00:00,DEV_007,2,10,32,84
DEV_007_2024-09-21 08:00:00,2024-09-21 08:00:00,DEV_007,18,41,34,31
DEV_007_2024-09-21 10:00:00,2024-09-21 10:00:00,DEV_007,60,94,37,96
DEV_007_2024-09-21 12:00:00,2024-09-21 12:00:00,DEV_007,99,27,51,43
DEV_007_2024-09-21 14:00:00,2024-09-21 14:00:00,DEV_007,1,93,29,17
DEV_007_2024-09-21 16:00:00,2024-09-21 16:00:00,DEV_007,68,44,98,28
DEV_007_2024-09-21 18:00:00,2024-09-21 18:00:00,DEV_007,88,83,77,52
DEV_007_2024-09-21 20:00:00,2024-09-21 20:00:00,DEV_007,49,4,21,23
DEV_007_2024-09-21 22:00:00,2024-09-21 22:00:00,DEV_007,71,49,91,43
DEV_007_2024-09-22 00:00:00,2024-09-22 00:00:00,DEV_007,79,74,9,54
DEV_007_2024-09-22 02:00:00,2024-09-22 02:00:00,DEV_007,12,75,29,50
DEV_007_2024-09-22 04:00:00,2024-09-22 04:00:00,DEV_007,15,18,88,43
DEV_007_2024-09-22 06:00:00,2024-09-22 06:00:00,DEV_007,36,50,79,65
DEV_007_2024-09-22 08:00:00,2024-09-22 08:00:00,DEV_007,45,44,65,83
DEV_007_2024-09-22 10:00:00,2024-09-22 10:00:00,DEV_007,44,44,72,11
DEV_007_2024-09-22 12:00:00,2024-09-22 12:00:00,DEV_007,49,51,2,53
DEV_007_2024-09-22 14:00:00,2024-09-22 14:00:00,DEV_007,13,87,15,49
DEV_007_2024-09-22 16:00:00,2024-09-22 16:00:00,DEV_007,74,36,20,25
DEV_007_2024-09-22 18:00:00,2024-09-22 18:00:00,DEV_007,13,89,13,97
DEV_007_2024-09-22 20:00:00,2024-09-22 20:00:00,DEV_007,59,24,2,10
DEV_007_2024-09-22 22:00:00,2024-09-22 22:00:00,DEV_007,57,53,39,98
DEV_007_2024-09-23 00:00:00,2024-09-23 00:00:00,DEV_007,52,1,82,86
DEV_007_2024-09-23 02:00:00,2024-09-23 02:00:00,DEV_007,98,21,59,21
DEV_007_2024-09-23 04:00:00,2024-09-23 04:00:00,DEV_007,24,32,1,92
DEV_007_2024-09-23 06:00:00,2024-09-23 06:00:00,DEV_007,89,79,48,73
DEV_007_2024-09-23 08:00:00,2024-09-23 08:00:00,DEV_007,32,40,98,45
DEV_007_2024-09-23 10:00:00,2024-09-23 10:00:00,DEV_007,69,79,15,50
DEV_007_2024-09-23 12:00:00,2024-09-23 12:00:00,DEV_007,8,51,18,42
DEV_007_2024-09-23 14:00:00,2024-09-23 14:00:00,DEV_007,97,97,55,51
DEV_007_2024-09-23 16:00:00,2024-09-23 16:00:00,DEV_007,82,37,36,3
DEV_007_2024-09-23 18:00:00,2024-09-23 18:00:00,DEV_007,22,13,42,66
DEV_007_2024-09-23 20:00:00,2024-09-23 20:00:00,DEV_007,13,66,67,85
DEV_007_2024-09-23 22:00:00,2024-09-23 22:00:00,DEV_007,97,54,81,48
DEV_007_2024-09-24 00:00:00,2024-09-24 00:00:00,DEV_007,18,59,21,30
DEV_007_2024-09-24 02:00:00,2024-09-24 02:00:00,DEV_007,49,37,23,90
DEV_007_2024-09-24 04:00:00,2024-09-24 04:00:00,DEV_007,66,11,43,48
DEV_007_2024-09-24 06:00:00,2024-09-24 06:00:00,DEV_007,3,43,97,7
DEV_007_2024-09-24 08:00:00,2024-09-24 08:00:00,DEV_007,47,38,99,21
DEV_007_2024-09-24 10:00:00,2024-09-24 10:00:00,DEV_007,19,44,16,53
DEV_007_2024-09-24 12:00:00,2024-09-24 12:00:00,DEV_007,46,17,22,86
DEV_007_2024-09-24 14:00:00,2024-09-24 14:00:00,DEV_007,88,62,24,48
DEV_007_2024-09-24 16:00:00,2024-09-24 16:00:00,DEV_007,13,83,72,44
DEV_007_2024-09-24 18:00:00,2024-09-24 18:00:00,DEV_007,54,63,55,47
DEV_007_2024-09-24 20:00:00,2024-09-24 20:00:00,DEV_007,77,64,74,25
DEV_007_2024-09-24 22:00:00,2024-09-24 22:00:00,DEV_007,1,10,87,70
DEV_007_2024-09-25 00:00:00,2024-09-25 00:00:00,DEV_007,59,97,45,67
DEV_007_2024-09-25 02:00:00,2024-09-25 02:00:00,DEV_007,2,97,97,23
DEV_007_2024-09-25 04:00:00,2024-09-25 04:00:00,DEV_007,44,80,14,81
DEV_007_2024-09-25 06:00:00,2024-09-25 06:00:00,DEV_007,4,96,77,65
DEV_007_2024-09-25 08:00:00,2024-09-25 08:00:00,DEV_007,94,66,56,57
DEV_007_2024-09-25 10:00:00,2024-09-25 10:00:00,DEV_007,23,51,40,88
DEV_007_2024-09-25 12:00:00,2024-09-25 12:00:00,DEV_007,24,59,62,84
DEV_007_2024-09-25 14:00:00,2024-09-25 14:00:00,DEV_007,58,48,88,49
DEV_007_2024-09-25 16:00:00,2024-09-25 16:00:00,DEV_007,91,90,49,28
DEV_007_2024-09-25 18:00:00,2024-09-25 18:00:00,DEV_007,35,40,49,44
DEV_007_2024-09-25 20:00:00,2024-09-25 20:00:00,DEV_007,44,11,2,14
DEV_007_2024-09-25 22:00:00,2024-09-25 22:00:00,DEV_007,85,97,39,69
DEV_007_2024-09-26 00:00:00,2024-09-26 00:00:00,DEV_007,59,44,13,74
DEV_007_2024-09-26 02:00:00,2024-09-26 02:00:00,DEV_007,14,7,96,73
DEV_007_2024-09-26 04:00:00,2024-09-26 04:00:00,DEV_007,55,42,42,99
DEV_007_2024-09-26 06:00:00,2024-09-26 06:00:00,DEV_007,70,47,65,11
DEV_007_2024-09-26 08:00:00,2024-09-26 08:00:00,DEV_007,51,77,94,44
DEV_007_2024-09-26 10:00:00,2024-09-26 10:00:00,DEV_007,73,53,54,6
DEV_007_2024-09-26 12:00:00,2024-09-26 12:00:00,DEV_007,56,20,92,26
DEV_007_2024-09-26 14:00:00,2024-09-26 14:00:00,DEV_007,25,60,68,36
DEV_007_2024-09-26 16:00:00,2024-09-26 16:00:00,DEV_007,70,44,62,7
DEV_007_2024-09-26 18:00:00,2024-09-26 18:00:00,DEV_007,91,52,61,57
DEV_007_2024-09-26 20:00:00,2024-09-26 20:00:00,DEV_007,14,5,2,57
DEV_007_2024-09-26 22:00:00,2024-09-26 22:00:00,DEV_007,48,55,94,79
DEV_007_2024-09-27 00:00:00,2024-09-27 00:00:00,DEV_007,49,68,14,49
DEV_007_2024-09-27 02:00:00,2024-09-27 02:00:00,DEV_007,72,97,57,36
DEV_007_2024-09-27 04:00:00,2024-09-27 04:00:00,DEV_007,43,63,10,9
DEV_007_2024-09-27 06:00:00,2024-09-27 06:00:00,DEV_007,78,77,17,98
DEV_007_2024-09-27 08:00:00,2024-09-27 08:00:00,DEV_007,73,30,31,99
DEV_007_2024-09-27 10:00:00,2024-09-27 10:00:00,DEV_007,52,77,72,34
DEV_007_2024-09-27 12:00:00,2024-09-27 12:00:00,DEV_007,12,59,79,73
DEV_007_2024-09-27 14:00:00,2024-09-27 14:00:00,DEV_007,67,44,13,16
DEV_007_2024-09-27 16:00:00,2024-09-27 16:00:00,DEV_007,32,95,21,55
DEV_007_2024-09-27 18:00:00,2024-09-27 18:00:00,DEV_007,13,57,18,41
DEV_007_2024-09-27 20:00:00,2024-09-27 20:00:00,DEV_007,97,41,28,77
DEV_007_2024-09-27 22:00:00,2024-09-27 22:00:00,DEV_007,76,42,59,28
DEV_007_2024-09-28 00:00:00,2024-09-28 00:00:00,DEV_007,36,56,1,95
DEV_007_2024-09-28 02:00:00,2024-09-28 02:00:00,DEV_007,83,31,34,61
DEV_007_2024-09-28 04:00:00,2024-09-28 04:00:00,DEV_007,31,82,82,62
DEV_007_2024-09-28 06:00:00,2024-09-28 06:00:00,DEV_007,15,75,26,45
DEV_007_2024-09-28 08:00:00,2024-09-28 08:00:00,DEV_007,21,48,65,81
DEV_007_2024-09-28 10:00:00,2024-09-28 10:00:00,DEV_007,9,3,41,26
DEV_007_2024-09-28 12:00:00,2024-09-28 12:00:00,DEV_007,26,99,82,36
DEV_007_2024-09-28 14:00:00,2024-09-28 14:00:00,DEV_007,54,7,94,75
DEV_007_2024-09-28 16:00:00,2024-09-28 16:00:00,DEV_007,77,11,60,64
DEV_007_2024-09-28 18:00:00,2024-09-28 18:00:00,DEV_007,17,45,95,88
DEV_007_2024-09-28 20:00:00,2024-09-28 20:00:00,DEV_007,49,15,60,4
DEV_007_2024-09-28 22:00:00,2024-09-28 22:00:00,DEV_007,93,73,66,3
DEV_007_2024-09-29 00:00:00,2024-09-29 00:00:00,DEV_007,78,58,97,48
DEV_007_2024-09-29 02:00:00,2024-09-29 02:00:00,DEV_007,5,89,35,3
DEV_007_2024-09-29 04:00:00,2024-09-29 04:00:00,DEV_007,80,4,90,74
DEV_007_2024-09-29 06:00:00,2024-09-29 06:00:00,DEV_007,28,81,25,81
DEV_007_2024-09-29 08:00:00,2024-09-29 08:00:00,DEV_007,92,54,40,41
DEV_007_2024-09-29 10:00:00,2024-09-29 10:00:00,DEV_007,38,20,51,29
DEV_007_2024-09-29 12:00:00,2024-09-29 12:00:00,DEV_007,30,20,67,64
DEV_007_2024-09-29 14:00:00,2024-09-29 14:00:00,DEV_007,56,31,32,72
DEV_007_2024-09-29 16:00:00,2024-09-29 16:00:00,DEV_007,33,65,58,67
DEV_007_2024-09-29 18:00:00,2024-09-29 18:00:00,DEV_007,49,98,91,96
DEV_007_2024-09-29 20:00:00,2024-09-29 20:00:00,DEV_007,52,51,37,6
DEV_007_2024-09-29 22:00:00,2024-09-29 22:00:00,DEV_007,7,96,29,75
DEV_007_2024-09-30 00:00:00,2024-09-30 00:00:00,DEV_007,32,82,99,89
DEV_007_2024-09-30 02:00:00,2024-09-30 02:00:00,DEV_007,4,55,59,31
DEV_007_2024-09-30 04:00:00,2024-09-30 04:00:00,DEV_007,33,47,69,54
DEV_007_2024-09-30 06:00:00,2024-09-30 06:00:00,DEV_007,92,25,56,59
DEV_007_2024-09-30 08:00:00,2024-09-30 08:00:00,DEV_007,62,71,81,42
DEV_007_2024-09-30 10:00:00,2024-09-30 10:00:00,DEV_007,49,53,10,21
DEV_007_2024-09-30 12:00:00,2024-09-30 12:00:00,DEV_007,44,29,41,71
DEV_007_2024-09-30 14:00:00,2024-09-30 14:00:00,DEV_007,95,73,34,69
DEV_007_2024-09-30 16:00:00,2024-09-30 16:00:00,DEV_007,43,95,71,3
DEV_007_2024-09-30 18:00:00,2024-09-30 18:00:00,DEV_007,73,17,37,67
DEV_007_2024-09-30 20:00:00,2024-09-30 20:00:00,DEV_007,49,60,1,90
DEV_007_2024-09-30 22:00:00,2024-09-30 22:00:00,DEV_007,34,64,59,10
DEV_007_2024-10-01 00:00:00,2024-10-01 00:00:00,DEV_007,87,26,29,10
DEV_007_2024-10-01 02:00:00,2024-10-01 02:00:00,DEV_007,55,43,32,36
DEV_007_2024-10-01 04:00:00,2024-10-01 04:00:00,DEV_007,32,89,56,68
DEV_007_2024-10-01 06:00:00,2024-10-01 06:00:00,DEV_007,24,14,3,65
DEV_007_2024-10-01 08:00:00,2024-10-01 08:00:00,DEV_007,61,48,42,87
DEV_007_2024-10-01 10:00:00,2024-10-01 10:00:00,DEV_007,84,79,22,12
DEV_007_2024-10-01 12:00:00,2024-10-01 12:00:00,DEV_007,55,26,82,45
DEV_007_2024-10-01 14:00:00,2024-10-01 14:00:00,DEV_007,7,5,46,59
DEV_007_2024-10-01 16:00:00,2024-10-01 16:00:00,DEV_007,18,1,88,24
DEV_007_2024-10-01 18:00:00,2024-10-01 18:00:00,DEV_007,39,95,77,81
DEV_007_2024-10-01 20:00:00,2024-10-01 20:00:00,DEV_007,39,11,89,64
DEV_007_2024-10-01 22:00:00,2024-10-01 22:00:00,DEV_007,11,51,91,17
DEV_007_2024-10-02 00:00:00,2024-10-02 00:00:00,DEV_007,13,7,74,22
DEV_007_2024-10-02 02:00:00,2024-10-02 02:00:00,DEV_007,7,11,27,66
DEV_007_2024-10-02 04:00:00,2024-10-02 04:00:00,DEV_007,81,45,2,1
DEV_007_2024-10-02 06:00:00,2024-10-02 06:00:00,DEV_007,30,21,89,96
DEV_007_2024-10-02 08:00:00,2024-10-02 08:00:00,DEV_007,98,98,1,82
DEV_007_2024-10-02 10:00:00,2024-10-02 10:00:00,DEV_007,24,67,17,65
DEV_007_2024-10-02 12:00:00,2024-10-02 12:00:00,DEV_007,27,38,10,30
DEV_007_2024-10-02 14:00:00,2024-10-02 14:00:00,DEV_007,58,57,65,69
DEV_007_2024-10-02 16:00:00,2024-10-02 16:00:00,DEV_007,38,60,14,91
DEV_007_2024-10-02 18:00:00,2024-10-02 18:00:00,DEV_007,81,63,43,83
DEV_007_2024-10-02 20:00:00,2024-10-02 20:00:00,DEV_007,9,51,51,93
DEV_007_2024-10-02 22:00:00,2024-10-02 22:00:00,DEV_007,96,30,49,24
DEV_007_2024-10-03 00:00:00,2024-10-03 00:00:00,DEV_007,85,35,30,26
DEV_007_2024-10-03 02:00:00,2024-10-03 02:00:00,DEV_007,22,58,72,98
DEV_007_2024-10-03 04:00:00,2024-10-03 04:00:00,DEV_007,93,40,77,72
DEV_007_2024-10-03 06:00:00,2024-10-03 06:00:00,DEV_007,6,43,74,58
DEV_007_2024-10-03 08:00:00,2024-10-03 08:00:00,DEV_007,90,13,68,67
DEV_007_2024-10-03 10:00:00,2024-10-03 10:00:00,DEV_007,17,33,78,87
DEV_007_2024-10-03 12:00:00,2024-10-03 12:00:00,DEV_007,8,27,8,78
DEV_007_2024-10-03 14:00:00,2024-10-03 14:00:00,DEV_007,92,64,9,8
DEV_007_2024-10-03 16:00:00,2024-10-03 16:00:00,DEV_007,47,22,63,7
DEV_007_2024-10-03 18:00:00,2024-10-03 18:00:00,DEV_007,9,1,32,59
DEV_007_2024-10-03 20:00:00,2024-10-03 20:00:00,DEV_007,69,56,89,6
DEV_007_2024-10-03 22:00:00,2024-10-03 22:00:00,DEV_007,94,7,8,79
DEV_007_2024-10-04 00:00:00,2024-10-04 00:00:00,DEV_007,83,38,87,7
DEV_007_2024-10-04 02:00:00,2024-10-04 02:00:00,DEV_007,21,46,88,21
DEV_007_2024-10-04 04:00:00,2024-10-04 04:00:00,DEV_007,22,24,70,96
DEV_007_2024-10-04 06:00:00,2024-10-04 06:00:00,DEV_007,44,18,60,42
DEV_007_2024-10-04 08:00:00,2024-10-04 08:00:00,DEV_007,4,68,8,31
DEV_007_2024-10-04 10:00:00,2024-10-04 10:00:00,DEV_007,21,12,41,7
DEV_007_2024-10-04 12:00:00,2024-10-04 12:00:00,DEV_007,2,52,1,7
DEV_007_2024-10-04 14:00:00,2024-10-04 14:00:00,DEV_007,19,94,78,13
DEV_007_2024-10-04 16:00:00,2024-10-04 16:00:00,DEV_007,71,90,37,47
DEV_007_2024-10-04 18:00:00,2024-10-04 18:00:00,DEV_007,57,4,40,70
DEV_007_2024-10-04 20:00:00,2024-10-04 20:00:00,DEV_007,42,79,35,38
DEV_007_2024-10-04 22:00:00,2024-10-04 22:00:00,DEV_007,62,91,22,14
DEV_007_2024-10-05 00:00:00,2024-10-05 00:00:00,DEV_007,21,15,59,57
DEV_007_2024-10-05 02:00:00,2024-10-05 02:00:00,DEV_007,56,45,41,60
DEV_007_2024-10-05 04:00:00,2024-10-05 04:00:00,DEV_007,66,77,51,97
DEV_007_2024-10-05 06:00:00,2024-10-05 06:00:00,DEV_007,61,26,34,76
DEV_007_2024-10-05 08:00:00,2024-10-05 08:00:00,DEV_007,99,13,24,3
DEV_007_2024-10-05 10:00:00,2024-10-05 10:00:00,DEV_007,45,50,60,71
DEV_007_2024-10-05 12:00:00,2024-10-05 12:00:00,DEV_007,85,8,49,96
DEV_007_2024-10-05 14:00:00,2024-10-05 14:00:00,DEV_007,83,3,9,87
DEV_007_2024-10-05 16:00:00,2024-10-05 16:00:00,DEV_007,10,17,19,23
DEV_007_2024-10-05 18:00:00,2024-10-05 18:00:00,DEV_007,48,13,72,4
DEV_007_2024-10-05 20:00:00,2024-10-05 20:00:00,DEV_007,34,34,27,90
DEV_007_2024-10-05 22:00:00,2024-10-05 22:00:00,DEV_007,96,34,83,55
DEV_007_2024-10-06 00:00:00,2024-10-06 00:00:00,DEV_007,46,23,55,48
DEV_007_2024-10-06 02:00:00,2024-10-06 02:00:00,DEV_007,95,35,82,94
DEV_007_2024-10-06 04:00:00,2024-10-06 04:00:00,DEV_007,81,61,89,33
DEV_007_2024-10-06 06:00:00,2024-10-06 06:00:00,DEV_007,96,97,16,68
DEV_007_2024-10-06 08:00:00,2024-10-06 08:00:00,DEV_007,31,4,3,68
DEV_007_2024-10-06 10:00:00,2024-10-06 10:00:00,DEV_007,46,42,36,92
DEV_007_2024-10-06 12:00:00,2024-10-06 12:00:00,DEV_007,95,6,50,89
DEV_007_2024-10-06 14:00:00,2024-10-06 14:00:00,DEV_007,47,81,49,44
DEV_007_2024-10-06 16:00:00,2024-10-06 16:00:00,DEV_007,97,21,37,69
DEV_007_2024-10-06 18:00:00,2024-10-06 18:00:00,DEV_007,91,52,83,20
DEV_007_2024-10-06 20:00:00,2024-10-06 20:00:00,DEV_007,93,57,94,65
DEV_007_2024-10-06 22:00:00,2024-10-06 22:00:00,DEV_007,20,75,41,17
DEV_007_2024-10-07 00:00:00,2024-10-07 00:00:00,DEV_007,19,69,92,48
DEV_007_2024-10-07 02:00:00,2024-10-07 02:00:00,DEV_007,53,93,8,92
DEV_007_2024-10-07 04:00:00,2024-10-07 04:00:00,DEV_007,87,7,85,18
DEV_007_2024-10-07 06:00:00,2024-10-07 06:00:00,DEV_007,12,17,56,27
DEV_007_2024-10-07 08:00:00,2024-10-07 08:00:00,DEV_007,80,77,33,85
DEV_007_2024-10-07 10:00:00,2024-10-07 10:00:00,DEV_007,56,59,36,41
DEV_007_2024-10-07 12:00:00,2024-10-07 12:00:00,DEV_007,80,89,44,99
DEV_007_2024-10-07 14:00:00,2024-10-07 14:00:00,DEV_007,33,57,70,41
DEV_007_2024-10-07 16:00:00,2024-10-07 16:00:00,DEV_007,71,23,94,88
DEV_007_2024-10-07 18:00:00,2024-10-07 18:00:00,DEV_007,16,45,14,83
DEV_007_2024-10-07 20:00:00,2024-10-07 20:00:00,DEV_007,33,27,98,74
DEV_007_2024-10-07 22:00:00,2024-10-07 22:00:00,DEV_007,33,18,8,96
DEV_007_2024-10-08 00:00:00,2024-10-08 00:00:00,DEV_007,66,34,84,30
DEV_007_2024-10-08 02:00:00,2024-10-08 02:00:00,DEV_007,90,7,30,34
DEV_007_2024-10-08 04:00:00,2024-10-08 04:00:00,DEV_007,31,33,51,81
DEV_007_2024-10-08 06:00:00,2024-10-08 06:00:00,DEV_007,48,38,86,91
DEV_007_2024-10-08 08:00:00,2024-10-08 08:00:00,DEV_007,92,31,38,2
DEV_007_2024-10-08 10:00:00,2024-10-08 10:00:00,DEV_007,92,81,96,94
DEV_007_2024-10-08 12:00:00,2024-10-08 12:00:00,DEV_007,42,20,83,40
DEV_007_2024-10-08 14:00:00,2024-10-08 14:00:00,DEV_007,85,4,49,83
DEV_007_2024-10-08 16:00:00,2024-10-08 16:00:00,DEV_007,63,21,80,21
DEV_007_2024-10-08 18:00:00,2024-10-08 18:00:00,DEV_007,74,49,74,16
DEV_007_2024-10-08 20:00:00,2024-10-08 20:00:00,DEV_007,95,64,94,37
DEV_007_2024-10-08 22:00:00,2024-10-08 22:00:00,DEV_007,26,60,42,95
DEV_007_2024-10-09 00:00:00,2024-10-09 00:00:00,DEV_007,93,7,48,12
DEV_007_2024-10-09 02:00:00,2024-10-09 02:00:00,DEV_007,74,67,22,63
DEV_007_2024-10-09 04:00:00,2024-10-09 04:00:00,DEV_007,71,71,62,87
DEV_007_2024-10-09 06:00:00,2024-10-09 06:00:00,DEV_007,29,51,1,79
DEV_007_2024-10-09 08:00:00,2024-10-09 08:00:00,DEV_007,27,26,6,75
DEV_007_2024-10-09 10:00:00,2024-10-09 10:00:00,DEV_007,89,63,47,27
DEV_007_2024-10-09 12:00:00,2024-10-09 12:00:00,DEV_007,88,27,75,29
DEV_007_2024-10-09 14:00:00,2024-10-09 14:00:00,DEV_007,78,91,96,25
DEV_007_2024-10-09 16:00:00,2024-10-09 16:00:00,DEV_007,40,64,58,87
DEV_007_2024-10-09 18:00:00,2024-10-09 18:00:00,DEV_007,48,88,31,6
DEV_007_2024-10-09 20:00:00,2024-10-09 20:00:00,DEV_007,18,86,63,59
DEV_007_2024-10-09 22:00:00,2024-10-09 22:00:00,DEV_007,24,31,3,96
DEV_007_2024-10-10 00:00:00,2024-10-10 00:00:00,DEV_007,63,91,56,72
DEV_007_2024-10-10 02:00:00,2024-10-10 02:00:00,DEV_007,21,47,52,46
DEV_007_2024-10-10 04:00:00,2024-10-10 04:00:00,DEV_007,51,61,69,58
DEV_007_2024-10-10 06:00:00,2024-10-10 06:00:00,DEV_007,54,80,13,48
DEV_007_2024-10-10 08:00:00,2024-10-10 08:00:00,DEV_007,15,8,89,8
DEV_007_2024-10-10 10:00:00,2024-10-10 10:00:00,DEV_007,61,98,40,10
DEV_007_2024-10-10 12:00:00,2024-10-10 12:00:00,DEV_007,13,11,59,97
DEV_007_2024-10-10 14:00:00,2024-10-10 14:00:00,DEV_007,53,24,75,47
DEV_007_2024-10-10 16:00:00,2024-10-10 16:00:00,DEV_007,12,23,31,17
DEV_007_2024-10-10 18:00:00,2024-10-10 18:00:00,DEV_007,13,21,4,54
DEV_007_2024-10-10 20:00:00,2024-10-10 20:00:00,DEV_007,89,16,94,99
DEV_007_2024-10-10 22:00:00,2024-10-10 22:00:00,DEV_007,52,2,6,17
DEV_007_2024-10-11 00:00:00,2024-10-11 00:00:00,DEV_007,80,82,71,2
DEV_007_2024-10-11 02:00:00,2024-10-11 02:00:00,DEV_007,26,21,34,21
DEV_007_2024-10-11 04:00:00,2024-10-11 04:00:00,DEV_007,26,98,72,24
DEV_007_2024-10-11 06:00:00,2024-10-11 06:00:00,DEV_007,34,15,90,55
DEV_007_2024-10-11 08:00:00,2024-10-11 08:00:00,DEV_007,36,30,64,9
DEV_007_2024-10-11 10:00:00,2024-10-11 10:00:00,DEV_007,56,73,69,48
DEV_007_2024-10-11 12:00:00,2024-10-11 12:00:00,DEV_007,9,44,83,11
DEV_007_2024-10-11 14:00:00,2024-10-11 14:00:00,DEV_007,28,78,42,83
DEV_007_2024-10-11 16:00:00,2024-10-11 16:00:00,DEV_007,61,40,68,38
DEV_007_2024-10-11 18:00:00,2024-10-11 18:00:00,DEV_007,36,12,43,93
DEV_007_2024-10-11 20:00:00,2024-10-11 20:00:00,DEV_007,31,58,83,38
DEV_007_2024-10-11 22:00:00,2024-10-11 22:00:00,DEV_007,24,22,52,91
DEV_007_2024-10-12 00:00:00,2024-10-12 00:00:00,DEV_007,35,29,25,6
DEV_007_2024-10-12 02:00:00,2024-10-12 02:00:00,DEV_007,53,26,99,48
DEV_007_2024-10-12 04:00:00,2024-10-12 04:00:00,DEV_007,38,72,10,36
DEV_007_2024-10-12 06:00:00,2024-10-12 06:00:00,DEV_007,99,74,23,37
DEV_007_2024-10-12 08:00:00,2024-10-12 08:00:00,DEV_007,33,13,21,92
DEV_007_2024-10-12 10:00:00,2024-10-12 10:00:00,DEV_007,63,84,57,93
DEV_007_2024-10-12 12:00:00,2024-10-12 12:00:00,DEV_007,4,66,56,87
DEV_007_2024-10-12 14:00:00,2024-10-12 14:00:00,DEV_007,20,53,33,55
DEV_007_2024-10-12 16:00:00,2024-10-12 16:00:00,DEV_007,57,65,87,7
DEV_007_2024-10-12 18:00:00,2024-10-12 18:00:00,DEV_007,18,17,90,87
DEV_007_2024-10-12 20:00:00,2024-10-12 20:00:00,DEV_007,77,93,23,59
DEV_007_2024-10-12 22:00:00,2024-10-12 22:00:00,DEV_007,11,54,61,11
DEV_007_2024-10-13 00:00:00,2024-10-13 00:00:00,DEV_007,45,31,73,57
DEV_007_2024-10-13 02:00:00,2024-10-13 02:00:00,DEV_007,37,14,51,42
DEV_007_2024-10-13 04:00:00,2024-10-13 04:00:00,DEV_007,24,96,80,16
DEV_007_2024-10-13 06:00:00,2024-10-13 06:00:00,DEV_007,26,26,99,63
DEV_007_2024-10-13 08:00:00,2024-10-13 08:00:00,DEV_007,18,83,63,93
DEV_007_2024-10-13 10:00:00,2024-10-13 10:00:00,DEV_007,6,50,80,6
DEV_007_2024-10-13 12:00:00,2024-10-13 12:00:00,DEV_007,42,68,95,62
DEV_007_2024-10-13 14:00:00,2024-10-13 14:00:00,DEV_007,61,77,92,1
DEV_007_2024-10-13 16:00:00,2024-10-13 16:00:00,DEV_007,98,50,89,23
DEV_007_2024-10-13 18:00:00,2024-10-13 18:00:00,DEV_007,3,91,67,65
DEV_007_2024-10-13 20:00:00,2024-10-13 20:00:00,DEV_007,10,40,62,31
DEV_007_2024-10-13 22:00:00,2024-10-13 22:00:00,DEV_007,90,51,91,97
DEV_007_2024-10-14 00:00:00,2024-10-14 00:00:00,DEV_007,22,87,39,37
DEV_007_2024-10-14 02:00:00,2024-10-14 02:00:00,DEV_007,72,65,69,6
DEV_007_2024-10-14 04:00:00,2024-10-14 04:00:00,DEV_007,18,22,15,30
DEV_007_2024-10-14 06:00:00,2024-10-14 06:00:00,DEV_007,45,71,84,41
DEV_007_2024-10-14 08:00:00,2024-10-14 08:00:00,DEV_007,58,31,22,52
DEV_007_2024-10-14 10:00:00,2024-10-14 10:00:00,DEV_007,44,41,81,28
DEV_007_2024-10-14 12:00:00,2024-10-14 12:00:00,DEV_007,92,62,15,79
DEV_007_2024-10-14 14:00:00,2024-10-14 14:00:00,DEV_007,37,45,84,1
DEV_007_2024-10-14 16:00:00,2024-10-14 16:00:00,DEV_007,65,46,85,46
DEV_007_2024-10-14 18:00:00,2024-10-14 18:00:00,DEV_007,60,44,75,92
DEV_007_2024-10-14 20:00:00,2024-10-14 20:00:00,DEV_007,38,52,69,12
DEV_007_2024-10-14 22:00:00,2024-10-14 22:00:00,DEV_007,77,14,26,95
DEV_007_2024-10-15 00:00:00,2024-10-15 00:00:00,DEV_007,80,76,52,46
DEV_007_2024-10-15 02:00:00,2024-10-15 02:00:00,DEV_007,54,62,70,1
DEV_007_2024-10-15 04:00:00,2024-10-15 04:00:00,DEV_007,15,42,12,99
DEV_007_2024-10-15 06:00:00,2024-10-15 06:00:00,DEV_007,49,70,86,77
DEV_007_2024-10-15 08:00:00,2024-10-15 08:00:00,DEV_007,64,96,8,6
DEV_007_2024-10-15 10:00:00,2024-10-15 10:00:00,DEV_007,17,52,28,48
DEV_007_2024-10-15 12:00:00,2024-10-15 12:00:00,DEV_007,56,22,94,61
DEV_007_2024-10-15 14:00:00,2024-10-15 14:00:00,DEV_007,85,13,90,65
DEV_007_2024-10-15 16:00:00,2024-10-15 16:00:00,DEV_007,36,86,9,28
DEV_007_2024-10-15 18:00:00,2024-10-15 18:00:00,DEV_007,16,30,71,49
DEV_007_2024-10-15 20:00:00,2024-10-15 20:00:00,DEV_007,2,80,7,51
DEV_007_2024-10-15 22:00:00,2024-10-15 22:00:00,DEV_007,79,2,27,90
DEV_007_2024-10-16 00:00:00,2024-10-16 00:00:00,DEV_007,30,74,82,42
DEV_007_2024-10-16 02:00:00,2024-10-16 02:00:00,DEV_007,90,90,15,14
DEV_007_2024-10-16 04:00:00,2024-10-16 04:00:00,DEV_007,72,3,79,95
DEV_007_2024-10-16 06:00:00,2024-10-16 06:00:00,DEV_007,28,90,50,80
DEV_007_2024-10-16 08:00:00,2024-10-16 08:00:00,DEV_007,54,74,69,75
DEV_007_2024-10-16 10:00:00,2024-10-16 10:00:00,DEV_007,54,20,69,8
DEV_007_2024-10-16 12:00:00,2024-10-16 12:00:00,DEV_007,8,5,67,99
DEV_007_2024-10-16 14:00:00,2024-10-16 14:00:00,DEV_007,5,91,77,18
DEV_007_2024-10-16 16:00:00,2024-10-16 16:00:00,DEV_007,63,14,14,77
DEV_007_2024-10-16 18:00:00,2024-10-16 18:00:00,DEV_007,2,92,75,32
DEV_007_2024-10-16 20:00:00,2024-10-16 20:00:00,DEV_007,37,90,5,7
DEV_007_2024-10-16 22:00:00,2024-10-16 22:00:00,DEV_007,16,46,76,6
DEV_007_2024-10-17 00:00:00,2024-10-17 00:00:00,DEV_007,9,87,94,34
DEV_007_2024-10-17 02:00:00,2024-10-17 02:00:00,DEV_007,23,21,66,70
DEV_007_2024-10-17 04:00:00,2024-10-17 04:00:00,DEV_007,64,17,52,75
DEV_007_2024-10-17 06:00:00,2024-10-17 06:00:00,DEV_007,53,80,6,83
DEV_007_2024-10-17 08:00:00,2024-10-17 08:00:00,DEV_007,12,70,29,15
DEV_007_2024-10-17 10:00:00,2024-10-17 10:00:00,DEV_007,39,91,78,32
DEV_007_2024-10-17 12:00:00,2024-10-17 12:00:00,DEV_007,73,27,25,81
DEV_007_2024-10-17 14:00:00,2024-10-17 14:00:00,DEV_007,64,82,79,29
DEV_007_2024-10-17 16:00:00,2024-10-17 16:00:00,DEV_007,12,52,98,65
DEV_007_2024-10-17 18:00:00,2024-10-17 18:00:00,DEV_007,45,98,19,15
DEV_007_2024-10-17 20:00:00,2024-10-17 20:00:00,DEV_007,55,44,78,15
DEV_007_2024-10-17 22:00:00,2024-10-17 22:00:00,DEV_007,88,19,80,88
DEV_007_2024-10-18 00:00:00,2024-10-18 00:00:00,DEV_007,88,22,23,94
DEV_007_2024-10-18 02:00:00,2024-10-18 02:00:00,DEV_007,45,36,80,12
DEV_007_2024-10-18 04:00:00,2024-10-18 04:00:00,DEV_007,22,18,81,77
DEV_007_2024-10-18 06:00:00,2024-10-18 06:00:00,DEV_007,69,92,55,45
DEV_007_2024-10-18 08:00:00,2024-10-18 08:00:00,DEV_007,92,5,30,31
DEV_007_2024-10-18 10:00:00,2024-10-18 10:00:00,DEV_007,36,29,94,54
DEV_007_2024-10-18 12:00:00,2024-10-18 12:00:00,DEV_007,6,4,92,33
DEV_007_2024-10-18 14:00:00,2024-10-18 14:00:00,DEV_007,42,70,78,80
DEV_007_2024-10-18 16:00:00,2024-10-18 16:00:00,DEV_007,97,98,12,19
DEV_007_2024-10-18 18:00:00,2024-10-18 18:00:00,DEV_007,71,5,76,32
DEV_007_2024-10-18 20:00:00,2024-10-18 20:00:00,DEV_007,41,14,69,89
DEV_007_2024-10-18 22:00:00,2024-10-18 22:00:00,DEV_007,47,32,18,77
DEV_007_2024-10-19 00:00:00,2024-10-19 00:00:00,DEV_007,90,48,94,81
DEV_007_2024-10-19 02:00:00,2024-10-19 02:00:00,DEV_007,3,46,83,43
DEV_007_2024-10-19 04:00:00,2024-10-19 04:00:00,DEV_007,24,2,44,13
DEV_007_2024-10-19 06:00:00,2024-10-19 06:00:00,DEV_007,73,91,45,77
DEV_007_2024-10-19 08:00:00,2024-10-19 08:00:00,DEV_007,18,70,76,53
DEV_007_2024-10-19 10:00:00,2024-10-19 10:00:00,DEV_007,81,62,32,92
DEV_007_2024-10-19 12:00:00,2024-10-19 12:00:00,DEV_007,11,80,4,14
DEV_007_2024-10-19 14:00:00,2024-10-19 14:00:00,DEV_007,50,72,78,31
DEV_007_2024-10-19 16:00:00,2024-10-19 16:00:00,DEV_007,97,91,89,98
DEV_007_2024-10-19 18:00:00,2024-10-19 18:00:00,DEV_007,42,41,5,35
DEV_007_2024-10-19 20:00:00,2024-10-19 20:00:00,DEV_007,7,55,94,15
DEV_007_2024-10-19 22:00:00,2024-10-19 22:00:00,DEV_007,50,42,3,28
DEV_007_2024-10-20 00:00:00,2024-10-20 00:00:00,DEV_007,8,79,64,56
DEV_007_2024-10-20 02:00:00,2024-10-20 02:00:00,DEV_007,20,19,52,5
DEV_007_2024-10-20 04:00:00,2024-10-20 04:00:00,DEV_007,78,40,44,38
DEV_007_2024-10-20 06:00:00,2024-10-20 06:00:00,DEV_007,11,48,50,63
DEV_007_2024-10-20 08:00:00,2024-10-20 08:00:00,DEV_007,71,6,55,75
DEV_007_2024-10-20 10:00:00,2024-10-20 10:00:00,DEV_007,64,45,17,48
DEV_007_2024-10-20 12:00:00,2024-10-20 12:00:00,DEV_007,21,44,20,6
DEV_007_2024-10-20 14:00:00,2024-10-20 14:00:00,DEV_007,10,90,35,18
DEV_007_2024-10-20 16:00:00,2024-10-20 16:00:00,DEV_007,56,9,60,87
DEV_007_2024-10-20 18:00:00,2024-10-20 18:00:00,DEV_007,24,21,38,83
DEV_007_2024-10-20 20:00:00,2024-10-20 20:00:00,DEV_007,27,38,31,34
DEV_007_2024-10-20 22:00:00,2024-10-20 22:00:00,DEV_007,49,49,48,28
DEV_007_2024-10-21 00:00:00,2024-10-21 00:00:00,DEV_007,45,84,94,11
DEV_007_2024-10-21 02:00:00,2024-10-21 02:00:00,DEV_007,84,27,72,79
DEV_007_2024-10-21 04:00:00,2024-10-21 04:00:00,DEV_007,78,99,4,28
DEV_007_2024-10-21 06:00:00,2024-10-21 06:00:00,DEV_007,85,91,99,65
DEV_007_2024-10-21 08:00:00,2024-10-21 08:00:00,DEV_007,35,23,62,30
DEV_007_2024-10-21 10:00:00,2024-10-21 10:00:00,DEV_007,72,97,22,61
DEV_007_2024-10-21 12:00:00,2024-10-21 12:00:00,DEV_007,20,40,33,69
DEV_007_2024-10-21 14:00:00,2024-10-21 14:00:00,DEV_007,79,72,60,48
DEV_007_2024-10-21 16:00:00,2024-10-21 16:00:00,DEV_007,29,21,38,56
DEV_007_2024-10-21 18:00:00,2024-10-21 18:00:00,DEV_007,46,42,45,16
DEV_007_2024-10-21 20:00:00,2024-10-21 20:00:00,DEV_007,93,68,29,7
DEV_007_2024-10-21 22:00:00,2024-10-21 22:00:00,DEV_007,92,23,39,92
DEV_007_2024-10-22 00:00:00,2024-10-22 00:00:00,DEV_007,47,9,84,20
DEV_007_2024-10-22 02:00:00,2024-10-22 02:00:00,DEV_007,5,72,53,37
DEV_007_2024-10-22 04:00:00,2024-10-22 04:00:00,DEV_007,16,89,60,74
DEV_007_2024-10-22 06:00:00,2024-10-22 06:00:00,DEV_007,40,26,19,66
DEV_007_2024-10-22 08:00:00,2024-10-22 08:00:00,DEV_007,48,83,78,35
DEV_007_2024-10-22 10:00:00,2024-10-22 10:00:00,DEV_007,61,5,14,86
DEV_007_2024-10-22 12:00:00,2024-10-22 12:00:00,DEV_007,58,39,99,21
DEV_007_2024-10-22 14:00:00,2024-10-22 14:00:00,DEV_007,79,44,52,26
DEV_007_2024-10-22 16:00:00,2024-10-22 16:00:00,DEV_007,40,8,86,90
DEV_007_2024-10-22 18:00:00,2024-10-22 18:00:00,DEV_007,37,5,9,42
DEV_007_2024-10-22 20:00:00,2024-10-22 20:00:00,DEV_007,70,92,1,82
DEV_007_2024-10-22 22:00:00,2024-10-22 22:00:00,DEV_007,22,35,95,41
DEV_007_2024-10-23 00:00:00,2024-10-23 00:00:00,DEV_007,8,15,8,32
DEV_007_2024-10-23 02:00:00,2024-10-23 02:00:00,DEV_007,13,70,96,33
DEV_007_2024-10-23 04:00:00,2024-10-23 04:00:00,DEV_007,33,3,11,87
DEV_007_2024-10-23 06:00:00,2024-10-23 06:00:00,DEV_007,24,50,46,32
DEV_007_2024-10-23 08:00:00,2024-10-23 08:00:00,DEV_007,98,73,32,27
DEV_007_2024-10-23 10:00:00,2024-10-23 10:00:00,DEV_007,99,87,29,90
DEV_007_2024-10-23 12:00:00,2024-10-23 12:00:00,DEV_007,37,52,86,98
DEV_007_2024-10-23 14:00:00,2024-10-23 14:00:00,DEV_007,57,98,53,59
DEV_007_2024-10-23 16:00:00,2024-10-23 16:00:00,DEV_007,28,43,56,54
DEV_007_2024-10-23 18:00:00,2024-10-23 18:00:00,DEV_007,83,36,5,47
DEV_007_2024-10-23 20:00:00,2024-10-23 20:00:00,DEV_007,78,89,39,15
DEV_007_2024-10-23 22:00:00,2024-10-23 22:00:00,DEV_007,28,82,70,48
DEV_007_2024-10-24 00:00:00,2024-10-24 00:00:00,DEV_007,71,42,39,3
DEV_007_2024-10-24 02:00:00,2024-10-24 02:00:00,DEV_007,22,96,25,93
DEV_007_2024-10-24 04:00:00,2024-10-24 04:00:00,DEV_007,62,54,81,64
DEV_007_2024-10-24 06:00:00,2024-10-24 06:00:00,DEV_007,92,78,30,42
DEV_007_2024-10-24 08:00:00,2024-10-24 08:00:00,DEV_007,5,41,56,51
DEV_007_2024-10-24 10:00:00,2024-10-24 10:00:00,DEV_007,79,3,81,40
DEV_007_2024-10-24 12:00:00,2024-10-24 12:00:00,DEV_007,62,57,33,61
DEV_007_2024-10-24 14:00:00,2024-10-24 14:00:00,DEV_007,73,66,70,53
DEV_007_2024-10-24 16:00:00,2024-10-24 16:00:00,DEV_007,23,77,46,34
DEV_007_2024-10-24 18:00:00,2024-10-24 18:00:00,DEV_007,27,95,87,7
DEV_007_2024-10-24 20:00:00,2024-10-24 20:00:00,DEV_007,78,87,49,60
DEV_007_2024-10-24 22:00:00,2024-10-24 22:00:00,DEV_007,61,98,37,42
DEV_007_2024-10-25 00:00:00,2024-10-25 00:00:00,DEV_007,13,38,15,11
DEV_007_2024-10-25 02:00:00,2024-10-25 02:00:00,DEV_007,17,95,42,85
DEV_007_2024-10-25 04:00:00,2024-10-25 04:00:00,DEV_007,41,21,66,62
DEV_007_2024-10-25 06:00:00,2024-10-25 06:00:00,DEV_007,24,96,26,17
DEV_007_2024-10-25 08:00:00,2024-10-25 08:00:00,DEV_007,55,45,33,15
DEV_007_2024-10-25 10:00:00,2024-10-25 10:00:00,DEV_007,95,65,27,83
DEV_007_2024-10-25 12:00:00,2024-10-25 12:00:00,DEV_007,55,55,56,71
DEV_007_2024-10-25 14:00:00,2024-10-25 14:00:00,DEV_007,23,44,67,35
DEV_007_2024-10-25 16:00:00,2024-10-25 16:00:00,DEV_007,71,30,61,95
DEV_007_2024-10-25 18:00:00,2024-10-25 18:00:00,DEV_007,76,9,94,29
DEV_007_2024-10-25 20:00:00,2024-10-25 20:00:00,DEV_007,26,30,48,11
DEV_007_2024-10-25 22:00:00,2024-10-25 22:00:00,DEV_007,52,89,39,68
DEV_007_2024-10-26 00:00:00,2024-10-26 00:00:00,DEV_007,15,11,92,75
DEV_007_2024-10-26 02:00:00,2024-10-26 02:00:00,DEV_007,20,77,32,70
DEV_007_2024-10-26 04:00:00,2024-10-26 04:00:00,DEV_007,85,64,54,4
DEV_007_2024-10-26 06:00:00,2024-10-26 06:00:00,DEV_007,11,94,36,40
DEV_007_2024-10-26 08:00:00,2024-10-26 08:00:00,DEV_007,25,91,89,35
DEV_007_2024-10-26 10:00:00,2024-10-26 10:00:00,DEV_007,72,71,25,11
DEV_007_2024-10-26 12:00:00,2024-10-26 12:00:00,DEV_007,70,65,28,66
DEV_007_2024-10-26 14:00:00,2024-10-26 14:00:00,DEV_007,88,48,9,13
DEV_007_2024-10-26 16:00:00,2024-10-26 16:00:00,DEV_007,90,27,87,9
DEV_007_2024-10-26 18:00:00,2024-10-26 18:00:00,DEV_007,53,8,45,44
DEV_007_2024-10-26 20:00:00,2024-10-26 20:00:00,DEV_007,52,29,59,9
DEV_007_2024-10-26 22:00:00,2024-10-26 22:00:00,DEV_007,4,61,53,74
DEV_007_2024-10-27 00:00:00,2024-10-27 00:00:00,DEV_007,40,52,71,1
DEV_007_2024-10-27 02:00:00,2024-10-27 02:00:00,DEV_007,58,96,77,8
DEV_007_2024-10-27 04:00:00,2024-10-27 04:00:00,DEV_007,20,84,12,50
DEV_007_2024-10-27 06:00:00,2024-10-27 06:00:00,DEV_007,88,64,7,35
DEV_007_2024-10-27 08:00:00,2024-10-27 08:00:00,DEV_007,51,52,48,80
DEV_007_2024-10-27 10:00:00,2024-10-27 10:00:00,DEV_007,49,39,50,92
DEV_007_2024-10-27 12:00:00,2024-10-27 12:00:00,DEV_007,81,18,85,15
DEV_007_2024-10-27 14:00:00,2024-10-27 14:00:00,DEV_007,92,76,17,94
DEV_007_2024-10-27 16:00:00,2024-10-27 16:00:00,DEV_007,68,62,43,67
DEV_007_2024-10-27 18:00:00,2024-10-27 18:00:00,DEV_007,34,31,53,97
DEV_007_2024-10-27 20:00:00,2024-10-27 20:00:00,DEV_007,26,88,55,70
DEV_007_2024-10-27 22:00:00,2024-10-27 22:00:00,DEV_007,68,3,80,60
DEV_007_2024-10-28 00:00:00,2024-10-28 00:00:00,DEV_007,43,62,48,18
DEV_007_2024-10-28 02:00:00,2024-10-28 02:00:00,DEV_007,37,44,31,63
DEV_007_2024-10-28 04:00:00,2024-10-28 04:00:00,DEV_007,76,69,46,4
DEV_007_2024-10-28 06:00:00,2024-10-28 06:00:00,DEV_007,88,86,4,6
DEV_007_2024-10-28 08:00:00,2024-10-28 08:00:00,DEV_007,78,50,73,54
DEV_007_2024-10-28 10:00:00,2024-10-28 10:00:00,DEV_007,32,87,9,64
DEV_007_2024-10-28 12:00:00,2024-10-28 12:00:00,DEV_007,26,1,84,9
DEV_007_2024-10-28 14:00:00,2024-10-28 14:00:00,DEV_007,61,91,8,54
DEV_007_2024-10-28 16:00:00,2024-10-28 16:00:00,DEV_007,51,11,91,97
DEV_007_2024-10-28 18:00:00,2024-10-28 18:00:00,DEV_007,66,56,16,37
DEV_007_2024-10-28 20:00:00,2024-10-28 20:00:00,DEV_007,66,61,74,38
DEV_007_2024-10-28 22:00:00,2024-10-28 22:00:00,DEV_007,49,10,41,58
DEV_007_2024-10-29 00:00:00,2024-10-29 00:00:00,DEV_007,18,15,64,28
DEV_007_2024-10-29 02:00:00,2024-10-29 02:00:00,DEV_007,23,40,77,22
DEV_007_2024-10-29 04:00:00,2024-10-29 04:00:00,DEV_007,34,65,88,57
DEV_007_2024-10-29 06:00:00,2024-10-29 06:00:00,DEV_007,19,70,14,16
DEV_007_2024-10-29 08:00:00,2024-10-29 08:00:00,DEV_007,45,64,80,13
DEV_007_2024-10-29 10:00:00,2024-10-29 10:00:00,DEV_007,69,87,98,87
DEV_007_2024-10-29 12:00:00,2024-10-29 12:00:00,DEV_007,87,50,28,26
DEV_007_2024-10-29 14:00:00,2024-10-29 14:00:00,DEV_007,44,44,3,24
DEV_007_2024-10-29 16:00:00,2024-10-29 16:00:00,DEV_007,31,18,60,98
DEV_007_2024-10-29 18:00:00,2024-10-29 18:00:00,DEV_007,11,26,77,36
DEV_007_2024-10-29 20:00:00,2024-10-29 20:00:00,DEV_007,99,77,79,99
DEV_007_2024-10-29 22:00:00,2024-10-29 22:00:00,DEV_007,48,76,1,99
DEV_007_2024-10-30 00:00:00,2024-10-30 00:00:00,DEV_007,4,50,80,55
DEV_007_2024-10-30 02:00:00,2024-10-30 02:00:00,DEV_007,29,50,55,7
DEV_007_2024-10-30 04:00:00,2024-10-30 04:00:00,DEV_007,60,60,88,82
DEV_007_2024-10-30 06:00:00,2024-10-30 06:00:00,DEV_007,69,3,93,24
DEV_007_2024-10-30 08:00:00,2024-10-30 08:00:00,DEV_007,67,24,31,52
DEV_007_2024-10-30 10:00:00,2024-10-30 10:00:00,DEV_007,83,46,65,96
DEV_007_2024-10-30 12:00:00,2024-10-30 12:00:00,DEV_007,84,57,47,34
DEV_007_2024-10-30 14:00:00,2024-10-30 14:00:00,DEV_007,27,48,81,68
DEV_007_2024-10-30 16:00:00,2024-10-30 16:00:00,DEV_007,67,87,15,10
DEV_007_2024-10-30 18:00:00,2024-10-30 18:00:00,DEV_007,11,5,23,59
DEV_007_2024-10-30 20:00:00,2024-10-30 20:00:00,DEV_007,46,38,74,49
DEV_007_2024-10-30 22:00:00,2024-10-30 22:00:00,DEV_007,95,35,15,66
DEV_007_2024-10-31 00:00:00,2024-10-31 00:00:00,DEV_007,57,90,61,42
DEV_007_2024-10-31 02:00:00,2024-10-31 02:00:00,DEV_007,98,76,11,63
DEV_007_2024-10-31 04:00:00,2024-10-31 04:00:00,DEV_007,8,8,34,9
DEV_007_2024-10-31 06:00:00,2024-10-31 06:00:00,DEV_007,5,51,5,80
DEV_007_2024-10-31 08:00:00,2024-10-31 08:00:00,DEV_007,52,10,31,9
DEV_007_2024-10-31 10:00:00,2024-10-31 10:00:00,DEV_007,71,24,51,86
DEV_007_2024-10-31 12:00:00,2024-10-31 12:00:00,DEV_007,73,10,6,17
DEV_007_2024-10-31 14:00:00,2024-10-31 14:00:00,DEV_007,9,54,75,38
DEV_007_2024-10-31 16:00:00,2024-10-31 16:00:00,DEV_007,2,35,45,77
DEV_007_2024-10-31 18:00:00,2024-10-31 18:00:00,DEV_007,73,13,62,9
DEV_007_2024-10-31 20:00:00,2024-10-31 20:00:00,DEV_007,8,63,29,97
DEV_007_2024-10-31 22:00:00,2024-10-31 22:00:00,DEV_007,67,25,61,66
DEV_007_2024-11-01 00:00:00,2024-11-01 00:00:00,DEV_007,82,83,56,49
DEV_007_2024-11-01 02:00:00,2024-11-01 02:00:00,DEV_007,90,88,80,9
DEV_007_2024-11-01 04:00:00,2024-11-01 04:00:00,DEV_007,17,14,47,96
DEV_007_2024-11-01 06:00:00,2024-11-01 06:00:00,DEV_007,19,70,9,68
DEV_007_2024-11-01 08:00:00,2024-11-01 08:00:00,DEV_007,69,18,27,20
DEV_007_2024-11-01 10:00:00,2024-11-01 10:00:00,DEV_007,7,52,41,21
DEV_007_2024-11-01 12:00:00,2024-11-01 12:00:00,DEV_007,58,26,41,25
DEV_007_2024-11-01 14:00:00,2024-11-01 14:00:00,DEV_007,55,6,65,19
DEV_007_2024-11-01 16:00:00,2024-11-01 16:00:00,DEV_007,36,60,49,52
DEV_007_2024-11-01 18:00:00,2024-11-01 18:00:00,DEV_007,9,58,58,38
DEV_007_2024-11-01 20:00:00,2024-11-01 20:00:00,DEV_007,80,66,29,85
DEV_007_2024-11-01 22:00:00,2024-11-01 22:00:00,DEV_007,61,19,86,76
DEV_007_2024-11-02 00:00:00,2024-11-02 00:00:00,DEV_007,90,71,42,91
DEV_007_2024-11-02 02:00:00,2024-11-02 02:00:00,DEV_007,35,32,41,19
DEV_007_2024-11-02 04:00:00,2024-11-02 04:00:00,DEV_007,26,53,74,18
DEV_007_2024-11-02 06:00:00,2024-11-02 06:00:00,DEV_007,93,80,85,8
DEV_007_2024-11-02 08:00:00,2024-11-02 08:00:00,DEV_007,17,46,27,78
DEV_007_2024-11-02 10:00:00,2024-11-02 10:00:00,DEV_007,16,46,8,35
DEV_007_2024-11-02 12:00:00,2024-11-02 12:00:00,DEV_007,44,5,4,79
DEV_007_2024-11-02 14:00:00,2024-11-02 14:00:00,DEV_007,37,44,3,57
DEV_007_2024-11-02 16:00:00,2024-11-02 16:00:00,DEV_007,61,23,35,77
DEV_007_2024-11-02 18:00:00,2024-11-02 18:00:00,DEV_007,34,49,5,8
DEV_007_2024-11-02 20:00:00,2024-11-02 20:00:00,DEV_007,76,98,79,90
DEV_007_2024-11-02 22:00:00,2024-11-02 22:00:00,DEV_007,17,15,68,38
DEV_007_2024-11-03 00:00:00,2024-11-03 00:00:00,DEV_007,91,65,88,34
DEV_007_2024-11-03 02:00:00,2024-11-03 02:00:00,DEV_007,82,85,58,7
DEV_007_2024-11-03 04:00:00,2024-11-03 04:00:00,DEV_007,47,34,18,81
DEV_007_2024-11-03 06:00:00,2024-11-03 06:00:00,DEV_007,7,30,48,18
DEV_007_2024-11-03 08:00:00,2024-11-03 08:00:00,DEV_007,89,94,91,13
DEV_007_2024-11-03 10:00:00,2024-11-03 10:00:00,DEV_007,58,75,2,75
DEV_007_2024-11-03 12:00:00,2024-11-03 12:00:00,DEV_007,86,47,91,47
DEV_007_2024-11-03 14:00:00,2024-11-03 14:00:00,DEV_007,41,38,83,30
DEV_007_2024-11-03 16:00:00,2024-11-03 16:00:00,DEV_007,60,92,91,49
DEV_007_2024-11-03 18:00:00,2024-11-03 18:00:00,DEV_007,85,65,98,81
DEV_007_2024-11-03 20:00:00,2024-11-03 20:00:00,DEV_007,73,69,81,86
DEV_007_2024-11-03 22:00:00,2024-11-03 22:00:00,DEV_007,51,49,1,82
DEV_007_2024-11-04 00:00:00,2024-11-04 00:00:00,DEV_007,11,30,69,2
DEV_007_2024-11-04 02:00:00,2024-11-04 02:00:00,DEV_007,26,4,18,88
DEV_007_2024-11-04 04:00:00,2024-11-04 04:00:00,DEV_007,99,71,58,92
DEV_007_2024-11-04 06:00:00,2024-11-04 06:00:00,DEV_007,86,42,13,98
DEV_007_2024-11-04 08:00:00,2024-11-04 08:00:00,DEV_007,52,51,39,48
DEV_007_2024-11-04 10:00:00,2024-11-04 10:00:00,DEV_007,97,12,90,13
DEV_007_2024-11-04 12:00:00,2024-11-04 12:00:00,DEV_007,33,13,36,34
DEV_007_2024-11-04 14:00:00,2024-11-04 14:00:00,DEV_007,39,68,87,3
DEV_007_2024-11-04 16:00:00,2024-11-04 16:00:00,DEV_007,90,97,24,5
DEV_007_2024-11-04 18:00:00,2024-11-04 18:00:00,DEV_007,15,14,74,81
DEV_007_2024-11-04 20:00:00,2024-11-04 20:00:00,DEV_007,4,54,94,86
DEV_007_2024-11-04 22:00:00,2024-11-04 22:00:00,DEV_007,92,66,99,25
DEV_007_2024-11-05 00:00:00,2024-11-05 00:00:00,DEV_007,5,6,88,53
DEV_007_2024-11-05 02:00:00,2024-11-05 02:00:00,DEV_007,83,13,23,64
DEV_007_2024-11-05 04:00:00,2024-11-05 04:00:00,DEV_007,52,29,23,24
DEV_007_2024-11-05 06:00:00,2024-11-05 06:00:00,DEV_007,10,61,3,81
DEV_007_2024-11-05 08:00:00,2024-11-05 08:00:00,DEV_007,86,75,36,73
DEV_007_2024-11-05 10:00:00,2024-11-05 10:00:00,DEV_007,56,91,9,97
DEV_007_2024-11-05 12:00:00,2024-11-05 12:00:00,DEV_007,2,69,7,57
DEV_007_2024-11-05 14:00:00,2024-11-05 14:00:00,DEV_007,27,40,95,5
DEV_007_2024-11-05 16:00:00,2024-11-05 16:00:00,DEV_007,20,62,97,78
DEV_007_2024-11-05 18:00:00,2024-11-05 18:00:00,DEV_007,19,40,92,42
DEV_007_2024-11-05 20:00:00,2024-11-05 20:00:00,DEV_007,92,37,58,34
DEV_007_2024-11-05 22:00:00,2024-11-05 22:00:00,DEV_007,62,26,28,97
DEV_007_2024-11-06 00:00:00,2024-11-06 00:00:00,DEV_007,26,95,96,2
DEV_007_2024-11-06 02:00:00,2024-11-06 02:00:00,DEV_007,81,68,27,56
DEV_007_2024-11-06 04:00:00,2024-11-06 04:00:00,DEV_007,80,21,78,50
DEV_007_2024-11-06 06:00:00,2024-11-06 06:00:00,DEV_007,86,15,37,22
DEV_007_2024-11-06 08:00:00,2024-11-06 08:00:00,DEV_007,23,8,6,54
DEV_007_2024-11-06 10:00:00,2024-11-06 10:00:00,DEV_007,72,72,31,20
DEV_007_2024-11-06 12:00:00,2024-11-06 12:00:00,DEV_007,5,50,40,22
DEV_007_2024-11-06 14:00:00,2024-11-06 14:00:00,DEV_007,94,67,58,11
DEV_007_2024-11-06 16:00:00,2024-11-06 16:00:00,DEV_007,20,69,80,43
DEV_007_2024-11-06 18:00:00,2024-11-06 18:00:00,DEV_007,18,38,67,96
DEV_007_2024-11-06 20:00:00,2024-11-06 20:00:00,DEV_007,31,75,45,71
DEV_007_2024-11-06 22:00:00,2024-11-06 22:00:00,DEV_007,66,54,80,38
DEV_007_2024-11-07 00:00:00,2024-11-07 00:00:00,DEV_007,40,76,83,65
DEV_007_2024-11-07 02:00:00,2024-11-07 02:00:00,DEV_007,27,47,20,75
DEV_007_2024-11-07 04:00:00,2024-11-07 04:00:00,DEV_007,21,3,98,38
DEV_007_2024-11-07 06:00:00,2024-11-07 06:00:00,DEV_007,7,51,5,45
DEV_007_2024-11-07 08:00:00,2024-11-07 08:00:00,DEV_007,88,13,25,31
DEV_007_2024-11-07 10:00:00,2024-11-07 10:00:00,DEV_007,53,97,81,80
DEV_007_2024-11-07 12:00:00,2024-11-07 12:00:00,DEV_007,16,95,14,48
DEV_007_2024-11-07 14:00:00,2024-11-07 14:00:00,DEV_007,99,9,5,60
DEV_007_2024-11-07 16:00:00,2024-11-07 16:00:00,DEV_007,8,1,26,92
DEV_007_2024-11-07 18:00:00,2024-11-07 18:00:00,DEV_007,45,22,40,34
DEV_007_2024-11-07 20:00:00,2024-11-07 20:00:00,DEV_007,47,42,9,29
DEV_007_2024-11-07 22:00:00,2024-11-07 22:00:00,DEV_007,31,48,95,10
DEV_007_2024-11-08 00:00:00,2024-11-08 00:00:00,DEV_007,60,61,33,58
DEV_007_2024-11-08 02:00:00,2024-11-08 02:00:00,DEV_007,68,66,48,39
DEV_007_2024-11-08 04:00:00,2024-11-08 04:00:00,DEV_007,38,85,79,71
DEV_007_2024-11-08 06:00:00,2024-11-08 06:00:00,DEV_007,19,87,36,13
DEV_007_2024-11-08 08:00:00,2024-11-08 08:00:00,DEV_007,41,66,16,74
DEV_007_2024-11-08 10:00:00,2024-11-08 10:00:00,DEV_007,63,49,86,11
DEV_007_2024-11-08 12:00:00,2024-11-08 12:00:00,DEV_007,40,21,99,38
DEV_007_2024-11-08 14:00:00,2024-11-08 14:00:00,DEV_007,75,56,4,43
DEV_007_2024-11-08 16:00:00,2024-11-08 16:00:00,DEV_007,65,15,78,10
DEV_007_2024-11-08 18:00:00,2024-11-08 18:00:00,DEV_007,35,17,90,81
DEV_007_2024-11-08 20:00:00,2024-11-08 20:00:00,DEV_007,28,52,37,75
DEV_007_2024-11-08 22:00:00,2024-11-08 22:00:00,DEV_007,53,28,77,32
DEV_007_2024-11-09 00:00:00,2024-11-09 00:00:00,DEV_007,66,61,29,68
DEV_007_2024-11-09 02:00:00,2024-11-09 02:00:00,DEV_007,2,26,71,94
DEV_007_2024-11-09 04:00:00,2024-11-09 04:00:00,DEV_007,26,45,78,67
DEV_007_2024-11-09 06:00:00,2024-11-09 06:00:00,DEV_007,38,66,11,54
DEV_007_2024-11-09 08:00:00,2024-11-09 08:00:00,DEV_007,97,67,25,8
DEV_007_2024-11-09 10:00:00,2024-11-09 10:00:00,DEV_007,5,43,45,20
DEV_007_2024-11-09 12:00:00,2024-11-09 12:00:00,DEV_007,60,96,25,41
DEV_007_2024-11-09 14:00:00,2024-11-09 14:00:00,DEV_007,83,15,76,63
DEV_007_2024-11-09 16:00:00,2024-11-09 16:00:00,DEV_007,30,84,21,25
DEV_007_2024-11-09 18:00:00,2024-11-09 18:00:00,DEV_007,36,45,41,71
DEV_007_2024-11-09 20:00:00,2024-11-09 20:00:00,DEV_007,99,82,87,97
DEV_007_2024-11-09 22:00:00,2024-11-09 22:00:00,DEV_007,35,28,13,21
DEV_007_2024-11-10 00:00:00,2024-11-10 00:00:00,DEV_007,9,1,25,84
DEV_007_2024-11-10 02:00:00,2024-11-10 02:00:00,DEV_007,41,10,34,72
DEV_007_2024-11-10 04:00:00,2024-11-10 04:00:00,DEV_007,12,25,29,94
DEV_007_2024-11-10 06:00:00,2024-11-10 06:00:00,DEV_007,99,3,40,7
DEV_007_2024-11-10 08:00:00,2024-11-10 08:00:00,DEV_007,47,50,2,46
DEV_007_2024-11-10 10:00:00,2024-11-10 10:00:00,DEV_007,80,29,81,20
DEV_007_2024-11-10 12:00:00,2024-11-10 12:00:00,DEV_007,12,5,44,7
DEV_007_2024-11-10 14:00:00,2024-11-10 14:00:00,DEV_007,81,39,97,63
DEV_007_2024-11-10 16:00:00,2024-11-10 16:00:00,DEV_007,30,4,4,2
DEV_007_2024-11-10 18:00:00,2024-11-10 18:00:00,DEV_007,27,26,24,99
DEV_007_2024-11-10 20:00:00,2024-11-10 20:00:00,DEV_007,22,63,42,21
DEV_007_2024-11-10 22:00:00,2024-11-10 22:00:00,DEV_007,54,62,87,65
DEV_007_2024-11-11 00:00:00,2024-11-11 00:00:00,DEV_007,81,37,81,95
DEV_007_2024-11-11 02:00:00,2024-11-11 02:00:00,DEV_007,37,30,43,6
DEV_007_2024-11-11 04:00:00,2024-11-11 04:00:00,DEV_007,93,87,9,31
DEV_007_2024-11-11 06:00:00,2024-11-11 06:00:00,DEV_007,12,11,40,22
DEV_007_2024-11-11 08:00:00,2024-11-11 08:00:00,DEV_007,87,13,65,16
DEV_007_2024-11-11 10:00:00,2024-11-11 10:00:00,DEV_007,73,43,43,56
DEV_007_2024-11-11 12:00:00,2024-11-11 12:00:00,DEV_007,60,56,76,6
DEV_007_2024-11-11 14:00:00,2024-11-11 14:00:00,DEV_007,72,96,30,34
DEV_007_2024-11-11 16:00:00,2024-11-11 16:00:00,DEV_007,89,42,78,57
DEV_007_2024-11-11 18:00:00,2024-11-11 18:00:00,DEV_007,30,93,36,92
DEV_007_2024-11-11 20:00:00,2024-11-11 20:00:00,DEV_007,77,30,48,22
DEV_007_2024-11-11 22:00:00,2024-11-11 22:00:00,DEV_007,26,85,30,38
DEV_007_2024-11-12 00:00:00,2024-11-12 00:00:00,DEV_007,61,27,93,23
DEV_007_2024-11-12 02:00:00,2024-11-12 02:00:00,DEV_007,36,82,86,52
DEV_007_2024-11-12 04:00:00,2024-11-12 04:00:00,DEV_007,20,25,20,35
DEV_007_2024-11-12 06:00:00,2024-11-12 06:00:00,DEV_007,88,32,25,4
DEV_007_2024-11-12 08:00:00,2024-11-12 08:00:00,DEV_007,76,12,44,38
DEV_007_2024-11-12 10:00:00,2024-11-12 10:00:00,DEV_007,57,15,20,52
DEV_007_2024-11-12 12:00:00,2024-11-12 12:00:00,DEV_007,96,29,66,29
DEV_007_2024-11-12 14:00:00,2024-11-12 14:00:00,DEV_007,41,89,68,25
DEV_007_2024-11-12 16:00:00,2024-11-12 16:00:00,DEV_007,52,5,50,43
DEV_007_2024-11-12 18:00:00,2024-11-12 18:00:00,DEV_007,35,85,76,58
DEV_007_2024-11-12 20:00:00,2024-11-12 20:00:00,DEV_007,80,16,42,2
DEV_007_2024-11-12 22:00:00,2024-11-12 22:00:00,DEV_007,68,35,28,30
DEV_007_2024-11-13 00:00:00,2024-11-13 00:00:00,DEV_007,35,94,65,57
DEV_007_2024-11-13 02:00:00,2024-11-13 02:00:00,DEV_007,96,33,54,95
DEV_007_2024-11-13 04:00:00,2024-11-13 04:00:00,DEV_007,17,96,79,46
DEV_007_2024-11-13 06:00:00,2024-11-13 06:00:00,DEV_007,75,30,62,79
DEV_007_2024-11-13 08:00:00,2024-11-13 08:00:00,DEV_007,33,12,17,23
DEV_007_2024-11-13 10:00:00,2024-11-13 10:00:00,DEV_007,48,87,1,5
DEV_007_2024-11-13 12:00:00,2024-11-13 12:00:00,DEV_007,74,40,27,79
DEV_007_2024-11-13 14:00:00,2024-11-13 14:00:00,DEV_007,41,60,77,47
DEV_007_2024-11-13 16:00:00,2024-11-13 16:00:00,DEV_007,55,65,17,72
DEV_007_2024-11-13 18:00:00,2024-11-13 18:00:00,DEV_007,82,25,91,25
DEV_007_2024-11-13 20:00:00,2024-11-13 20:00:00,DEV_007,98,43,5,79
DEV_007_2024-11-13 22:00:00,2024-11-13 22:00:00,DEV_007,25,35,25,58
DEV_007_2024-11-14 00:00:00,2024-11-14 00:00:00,DEV_007,56,86,9,39
DEV_007_2024-11-14 02:00:00,2024-11-14 02:00:00,DEV_007,10,75,33,49
DEV_007_2024-11-14 04:00:00,2024-11-14 04:00:00,DEV_007,61,95,70,66
DEV_007_2024-11-14 06:00:00,2024-11-14 06:00:00,DEV_007,72,38,20,35
DEV_007_2024-11-14 08:00:00,2024-11-14 08:00:00,DEV_007,96,76,47,70
DEV_007_2024-11-14 10:00:00,2024-11-14 10:00:00,DEV_007,84,10,8,86
DEV_007_2024-11-14 12:00:00,2024-11-14 12:00:00,DEV_007,37,47,31,20
DEV_007_2024-11-14 14:00:00,2024-11-14 14:00:00,DEV_007,76,51,94,68
DEV_007_2024-11-14 16:00:00,2024-11-14 16:00:00,DEV_007,62,45,16,44
DEV_007_2024-11-14 18:00:00,2024-11-14 18:00:00,DEV_007,11,39,12,85
DEV_007_2024-11-14 20:00:00,2024-11-14 20:00:00,DEV_007,45,29,18,6
DEV_007_2024-11-14 22:00:00,2024-11-14 22:00:00,DEV_007,58,61,19,9
DEV_007_2024-11-15 00:00:00,2024-11-15 00:00:00,DEV_007,43,64,29,76
DEV_007_2024-11-15 02:00:00,2024-11-15 02:00:00,DEV_007,70,80,57,38
DEV_007_2024-11-15 04:00:00,2024-11-15 04:00:00,DEV_007,76,93,81,6
DEV_007_2024-11-15 06:00:00,2024-11-15 06:00:00,DEV_007,41,54,55,2
DEV_007_2024-11-15 08:00:00,2024-11-15 08:00:00,DEV_007,52,89,7,5
DEV_007_2024-11-15 10:00:00,2024-11-15 10:00:00,DEV_007,16,60,27,2
DEV_007_2024-11-15 12:00:00,2024-11-15 12:00:00,DEV_007,55,78,5,76
DEV_007_2024-11-15 14:00:00,2024-11-15 14:00:00,DEV_007,30,94,92,21
DEV_007_2024-11-15 16:00:00,2024-11-15 16:00:00,DEV_007,20,85,11,95
DEV_007_2024-11-15 18:00:00,2024-11-15 18:00:00,DEV_007,10,67,93,79
DEV_007_2024-11-15 20:00:00,2024-11-15 20:00:00,DEV_007,21,78,36,10
DEV_007_2024-11-15 22:00:00,2024-11-15 22:00:00,DEV_007,22,58,22,24
DEV_007_2024-11-16 00:00:00,2024-11-16 00:00:00,DEV_007,67,26,40,35
DEV_007_2024-11-16 02:00:00,2024-11-16 02:00:00,DEV_007,5,85,14,31
DEV_007_2024-11-16 04:00:00,2024-11-16 04:00:00,DEV_007,77,67,39,13
DEV_007_2024-11-16 06:00:00,2024-11-16 06:00:00,DEV_007,88,15,72,81
DEV_007_2024-11-16 08:00:00,2024-11-16 08:00:00,DEV_007,97,57,92,21
DEV_007_2024-11-16 10:00:00,2024-11-16 10:00:00,DEV_007,15,55,33,87
DEV_007_2024-11-16 12:00:00,2024-11-16 12:00:00,DEV_007,62,76,41,8
DEV_007_2024-11-16 14:00:00,2024-11-16 14:00:00,DEV_007,32,78,91,2
DEV_007_2024-11-16 16:00:00,2024-11-16 16:00:00,DEV_007,64,2,78,59
DEV_007_2024-11-16 18:00:00,2024-11-16 18:00:00,DEV_007,26,69,61,49
DEV_007_2024-11-16 20:00:00,2024-11-16 20:00:00,DEV_007,87,28,59,36
DEV_007_2024-11-16 22:00:00,2024-11-16 22:00:00,DEV_007,30,1,10,66
DEV_007_2024-11-17 00:00:00,2024-11-17 00:00:00,DEV_007,9,70,14,93
DEV_007_2024-11-17 02:00:00,2024-11-17 02:00:00,DEV_007,66,29,95,98
DEV_007_2024-11-17 04:00:00,2024-11-17 04:00:00,DEV_007,16,9,30,77
DEV_007_2024-11-17 06:00:00,2024-11-17 06:00:00,DEV_007,66,99,93,54
DEV_007_2024-11-17 08:00:00,2024-11-17 08:00:00,DEV_007,88,70,39,95
DEV_007_2024-11-17 10:00:00,2024-11-17 10:00:00,DEV_007,59,28,68,88
DEV_007_2024-11-17 12:00:00,2024-11-17 12:00:00,DEV_007,22,14,93,33
DEV_007_2024-11-17 14:00:00,2024-11-17 14:00:00,DEV_007,48,8,94,20
DEV_007_2024-11-17 16:00:00,2024-11-17 16:00:00,DEV_007,25,11,88,23
DEV_007_2024-11-17 18:00:00,2024-11-17 18:00:00,DEV_007,62,83,20,76
DEV_007_2024-11-17 20:00:00,2024-11-17 20:00:00,DEV_007,31,45,46,12
DEV_007_2024-11-17 22:00:00,2024-11-17 22:00:00,DEV_007,76,40,54,96
DEV_007_2024-11-18 00:00:00,2024-11-18 00:00:00,DEV_007,13,85,94,52
DEV_007_2024-11-18 02:00:00,2024-11-18 02:00:00,DEV_007,81,91,68,33
DEV_007_2024-11-18 04:00:00,2024-11-18 04:00:00,DEV_007,70,24,5,66
DEV_007_2024-11-18 06:00:00,2024-11-18 06:00:00,DEV_007,29,16,64,97
DEV_007_2024-11-18 08:00:00,2024-11-18 08:00:00,DEV_007,24,61,86,53
DEV_007_2024-11-18 10:00:00,2024-11-18 10:00:00,DEV_007,95,64,31,72
DEV_007_2024-11-18 12:00:00,2024-11-18 12:00:00,DEV_007,28,27,66,77
DEV_007_2024-11-18 14:00:00,2024-11-18 14:00:00,DEV_007,15,33,17,33
DEV_007_2024-11-18 16:00:00,2024-11-18 16:00:00,DEV_007,40,7,56,85
DEV_007_2024-11-18 18:00:00,2024-11-18 18:00:00,DEV_007,64,30,30,67
DEV_007_2024-11-18 20:00:00,2024-11-18 20:00:00,DEV_007,63,67,68,1
DEV_007_2024-11-18 22:00:00,2024-11-18 22:00:00,DEV_007,20,66,99,44
DEV_007_2024-11-19 00:00:00,2024-11-19 00:00:00,DEV_007,20,70,10,20
DEV_007_2024-11-19 02:00:00,2024-11-19 02:00:00,DEV_007,2,82,75,63
DEV_007_2024-11-19 04:00:00,2024-11-19 04:00:00,DEV_007,75,21,29,8
DEV_007_2024-11-19 06:00:00,2024-11-19 06:00:00,DEV_007,47,60,47,84
DEV_007_2024-11-19 08:00:00,2024-11-19 08:00:00,DEV_007,74,84,12,91
DEV_007_2024-11-19 10:00:00,2024-11-19 10:00:00,DEV_007,77,91,70,13
DEV_007_2024-11-19 12:00:00,2024-11-19 12:00:00,DEV_007,59,35,5,12
DEV_007_2024-11-19 14:00:00,2024-11-19 14:00:00,DEV_007,1,7,57,23
DEV_007_2024-11-19 16:00:00,2024-11-19 16:00:00,DEV_007,80,99,23,30
DEV_007_2024-11-19 18:00:00,2024-11-19 18:00:00,DEV_007,40,26,33,39
DEV_007_2024-11-19 20:00:00,2024-11-19 20:00:00,DEV_007,28,42,96,83
DEV_007_2024-11-19 22:00:00,2024-11-19 22:00:00,DEV_007,56,39,57,50
DEV_007_2024-11-20 00:00:00,2024-11-20 00:00:00,DEV_007,72,59,65,15
DEV_007_2024-11-20 02:00:00,2024-11-20 02:00:00,DEV_007,60,36,24,87
DEV_007_2024-11-20 04:00:00,2024-11-20 04:00:00,DEV_007,14,74,48,6
DEV_007_2024-11-20 06:00:00,2024-11-20 06:00:00,DEV_007,93,42,71,40
DEV_007_2024-11-20 08:00:00,2024-11-20 08:00:00,DEV_007,75,83,85,88
DEV_007_2024-11-20 10:00:00,2024-11-20 10:00:00,DEV_007,4,90,79,77
DEV_007_2024-11-20 12:00:00,2024-11-20 12:00:00,DEV_007,65,68,98,93
DEV_007_2024-11-20 14:00:00,2024-11-20 14:00:00,DEV_007,35,36,23,24
DEV_007_2024-11-20 16:00:00,2024-11-20 16:00:00,DEV_007,33,78,30,19
DEV_007_2024-11-20 18:00:00,2024-11-20 18:00:00,DEV_007,90,70,82,77
DEV_007_2024-11-20 20:00:00,2024-11-20 20:00:00,DEV_007,81,54,89,73
DEV_007_2024-11-20 22:00:00,2024-11-20 22:00:00,DEV_007,19,78,11,30
DEV_007_2024-11-21 00:00:00,2024-11-21 00:00:00,DEV_007,41,86,84,63
DEV_007_2024-11-21 02:00:00,2024-11-21 02:00:00,DEV_007,15,85,96,49
DEV_007_2024-11-21 04:00:00,2024-11-21 04:00:00,DEV_007,90,79,6,27
DEV_007_2024-11-21 06:00:00,2024-11-21 06:00:00,DEV_007,36,15,75,28
DEV_007_2024-11-21 08:00:00,2024-11-21 08:00:00,DEV_007,88,30,41,27
DEV_007_2024-11-21 10:00:00,2024-11-21 10:00:00,DEV_007,71,2,18,62
DEV_007_2024-11-21 12:00:00,2024-11-21 12:00:00,DEV_007,67,21,96,62
DEV_007_2024-11-21 14:00:00,2024-11-21 14:00:00,DEV_007,32,18,45,42
DEV_007_2024-11-21 16:00:00,2024-11-21 16:00:00,DEV_007,1,47,62,10
DEV_007_2024-11-21 18:00:00,2024-11-21 18:00:00,DEV_007,83,48,25,57
DEV_007_2024-11-21 20:00:00,2024-11-21 20:00:00,DEV_007,27,92,93,89
DEV_007_2024-11-21 22:00:00,2024-11-21 22:00:00,DEV_007,58,79,20,42
DEV_007_2024-11-22 00:00:00,2024-11-22 00:00:00,DEV_007,52,92,52,86
DEV_007_2024-11-22 02:00:00,2024-11-22 02:00:00,DEV_007,48,52,51,5
DEV_007_2024-11-22 04:00:00,2024-11-22 04:00:00,DEV_007,34,41,42,44
DEV_007_2024-11-22 06:00:00,2024-11-22 06:00:00,DEV_007,27,99,64,82
DEV_007_2024-11-22 08:00:00,2024-11-22 08:00:00,DEV_007,45,54,67,72
DEV_007_2024-11-22 10:00:00,2024-11-22 10:00:00,DEV_007,77,44,6,74
DEV_007_2024-11-22 12:00:00,2024-11-22 12:00:00,DEV_007,89,34,80,58
DEV_007_2024-11-22 14:00:00,2024-11-22 14:00:00,DEV_007,98,37,61,91
DEV_007_2024-11-22 16:00:00,2024-11-22 16:00:00,DEV_007,22,40,90,94
DEV_007_2024-11-22 18:00:00,2024-11-22 18:00:00,DEV_007,39,67,15,93
DEV_007_2024-11-22 20:00:00,2024-11-22 20:00:00,DEV_007,96,93,76,68
DEV_007_2024-11-22 22:00:00,2024-11-22 22:00:00,DEV_007,23,21,13,26
DEV_007_2024-11-23 00:00:00,2024-11-23 00:00:00,DEV_007,10,94,1,49
DEV_007_2024-11-23 02:00:00,2024-11-23 02:00:00,DEV_007,25,25,36,15
DEV_007_2024-11-23 04:00:00,2024-11-23 04:00:00,DEV_007,5,23,65,98
DEV_007_2024-11-23 06:00:00,2024-11-23 06:00:00,DEV_007,33,53,7,39
DEV_007_2024-11-23 08:00:00,2024-11-23 08:00:00,DEV_007,98,63,3,47
DEV_007_2024-11-23 10:00:00,2024-11-23 10:00:00,DEV_007,59,87,82,53
DEV_007_2024-11-23 12:00:00,2024-11-23 12:00:00,DEV_007,7,81,49,64
DEV_007_2024-11-23 14:00:00,2024-11-23 14:00:00,DEV_007,35,42,14,5
DEV_007_2024-11-23 16:00:00,2024-11-23 16:00:00,DEV_007,31,22,62,86
DEV_007_2024-11-23 18:00:00,2024-11-23 18:00:00,DEV_007,23,59,66,63
DEV_007_2024-11-23 20:00:00,2024-11-23 20:00:00,DEV_007,8,59,26,62
DEV_007_2024-11-23 22:00:00,2024-11-23 22:00:00,DEV_007,47,13,1,73
DEV_007_2024-11-24 00:00:00,2024-11-24 00:00:00,DEV_007,5,49,30,97
DEV_007_2024-11-24 02:00:00,2024-11-24 02:00:00,DEV_007,24,17,94,42
DEV_007_2024-11-24 04:00:00,2024-11-24 04:00:00,DEV_007,65,72,93,99
DEV_007_2024-11-24 06:00:00,2024-11-24 06:00:00,DEV_007,23,5,63,88
DEV_007_2024-11-24 08:00:00,2024-11-24 08:00:00,DEV_007,92,11,4,79
DEV_007_2024-11-24 10:00:00,2024-11-24 10:00:00,DEV_007,47,88,94,8
DEV_007_2024-11-24 12:00:00,2024-11-24 12:00:00,DEV_007,56,32,90,72
DEV_007_2024-11-24 14:00:00,2024-11-24 14:00:00,DEV_007,11,44,28,75
DEV_007_2024-11-24 16:00:00,2024-11-24 16:00:00,DEV_007,58,2,82,22
DEV_007_2024-11-24 18:00:00,2024-11-24 18:00:00,DEV_007,34,4,87,53
DEV_007_2024-11-24 20:00:00,2024-11-24 20:00:00,DEV_007,58,49,92,17
DEV_007_2024-11-24 22:00:00,2024-11-24 22:00:00,DEV_007,93,84,11,98
DEV_007_2024-11-25 00:00:00,2024-11-25 00:00:00,DEV_007,8,35,76,69
DEV_007_2024-11-25 02:00:00,2024-11-25 02:00:00,DEV_007,34,55,42,71
DEV_007_2024-11-25 04:00:00,2024-11-25 04:00:00,DEV_007,67,44,70,45
DEV_007_2024-11-25 06:00:00,2024-11-25 06:00:00,DEV_007,75,30,67,32
DEV_007_2024-11-25 08:00:00,2024-11-25 08:00:00,DEV_007,30,96,6,94
DEV_007_2024-11-25 10:00:00,2024-11-25 10:00:00,DEV_007,46,43,51,77
DEV_007_2024-11-25 12:00:00,2024-11-25 12:00:00,DEV_007,20,97,1,35
DEV_007_2024-11-25 14:00:00,2024-11-25 14:00:00,DEV_007,26,32,66,75
DEV_007_2024-11-25 16:00:00,2024-11-25 16:00:00,DEV_007,81,67,79,53
DEV_007_2024-11-25 18:00:00,2024-11-25 18:00:00,DEV_007,23,75,28,9
DEV_007_2024-11-25 20:00:00,2024-11-25 20:00:00,DEV_007,63,69,77,23
DEV_007_2024-11-25 22:00:00,2024-11-25 22:00:00,DEV_007,61,13,72,19
DEV_007_2024-11-26 00:00:00,2024-11-26 00:00:00,DEV_007,59,28,45,81
DEV_007_2024-11-26 02:00:00,2024-11-26 02:00:00,DEV_007,50,52,32,55
DEV_007_2024-11-26 04:00:00,2024-11-26 04:00:00,DEV_007,32,72,9,19
DEV_007_2024-11-26 06:00:00,2024-11-26 06:00:00,DEV_007,83,68,37,42
DEV_007_2024-11-26 08:00:00,2024-11-26 08:00:00,DEV_007,30,75,69,57
DEV_007_2024-11-26 10:00:00,2024-11-26 10:00:00,DEV_007,78,7,70,58
DEV_007_2024-11-26 12:00:00,2024-11-26 12:00:00,DEV_007,9,17,86,52
DEV_007_2024-11-26 14:00:00,2024-11-26 14:00:00,DEV_007,43,32,47,27
DEV_007_2024-11-26 16:00:00,2024-11-26 16:00:00,DEV_007,4,49,69,91
DEV_007_2024-11-26 18:00:00,2024-11-26 18:00:00,DEV_007,60,76,21,11
DEV_007_2024-11-26 20:00:00,2024-11-26 20:00:00,DEV_007,91,8,19,10
DEV_007_2024-11-26 22:00:00,2024-11-26 22:00:00,DEV_007,50,24,50,28
DEV_007_2024-11-27 00:00:00,2024-11-27 00:00:00,DEV_007,11,16,41,53
DEV_007_2024-11-27 02:00:00,2024-11-27 02:00:00,DEV_007,88,8,35,53
DEV_007_2024-11-27 04:00:00,2024-11-27 04:00:00,DEV_007,11,7,83,80
DEV_007_2024-11-27 06:00:00,2024-11-27 06:00:00,DEV_007,85,11,74,20
DEV_007_2024-11-27 08:00:00,2024-11-27 08:00:00,DEV_007,24,12,92,99
DEV_007_2024-11-27 10:00:00,2024-11-27 10:00:00,DEV_007,98,32,29,68
DEV_007_2024-11-27 12:00:00,2024-11-27 12:00:00,DEV_007,86,43,7,6
DEV_007_2024-11-27 14:00:00,2024-11-27 14:00:00,DEV_007,33,21,16,4
DEV_007_2024-11-27 16:00:00,2024-11-27 16:00:00,DEV_007,7,86,14,60
DEV_007_2024-11-27 18:00:00,2024-11-27 18:00:00,DEV_007,42,29,55,43
DEV_007_2024-11-27 20:00:00,2024-11-27 20:00:00,DEV_007,79,32,41,21
DEV_007_2024-11-27 22:00:00,2024-11-27 22:00:00,DEV_007,20,8,41,99
DEV_007_2024-11-28 00:00:00,2024-11-28 00:00:00,DEV_007,24,77,36,54
DEV_007_2024-11-28 02:00:00,2024-11-28 02:00:00,DEV_007,19,16,42,71
DEV_007_2024-11-28 04:00:00,2024-11-28 04:00:00,DEV_007,95,6,32,50
DEV_007_2024-11-28 06:00:00,2024-11-28 06:00:00,DEV_007,23,1,88,67
DEV_007_2024-11-28 08:00:00,2024-11-28 08:00:00,DEV_007,39,75,38,87
DEV_007_2024-11-28 10:00:00,2024-11-28 10:00:00,DEV_007,35,50,23,31
DEV_007_2024-11-28 12:00:00,2024-11-28 12:00:00,DEV_007,50,15,1,18
DEV_007_2024-11-28 14:00:00,2024-11-28 14:00:00,DEV_007,40,65,63,36
DEV_007_2024-11-28 16:00:00,2024-11-28 16:00:00,DEV_007,31,20,21,84
DEV_007_2024-11-28 18:00:00,2024-11-28 18:00:00,DEV_007,26,7,35,30
DEV_007_2024-11-28 20:00:00,2024-11-28 20:00:00,DEV_007,54,20,15,80
DEV_007_2024-11-28 22:00:00,2024-11-28 22:00:00,DEV_007,71,96,7,30
DEV_007_2024-11-29 00:00:00,2024-11-29 00:00:00,DEV_007,76,35,70,68
DEV_007_2024-11-29 02:00:00,2024-11-29 02:00:00,DEV_007,84,86,44,59
DEV_007_2024-11-29 04:00:00,2024-11-29 04:00:00,DEV_007,74,77,33,25
DEV_007_2024-11-29 06:00:00,2024-11-29 06:00:00,DEV_007,63,57,21,60
DEV_007_2024-11-29 08:00:00,2024-11-29 08:00:00,DEV_007,90,94,27,32
DEV_007_2024-11-29 10:00:00,2024-11-29 10:00:00,DEV_007,61,40,85,68
DEV_007_2024-11-29 12:00:00,2024-11-29 12:00:00,DEV_007,55,74,60,65
DEV_007_2024-11-29 14:00:00,2024-11-29 14:00:00,DEV_007,75,79,46,45
DEV_007_2024-11-29 16:00:00,2024-11-29 16:00:00,DEV_007,20,47,2,63
DEV_007_2024-11-29 18:00:00,2024-11-29 18:00:00,DEV_007,84,91,50,19
DEV_007_2024-11-29 20:00:00,2024-11-29 20:00:00,DEV_007,92,50,34,85
DEV_007_2024-11-29 22:00:00,2024-11-29 22:00:00,DEV_007,27,21,2,12
DEV_007_2024-11-30 00:00:00,2024-11-30 00:00:00,DEV_007,47,43,55,92
DEV_007_2024-11-30 02:00:00,2024-11-30 02:00:00,DEV_007,8,8,93,39
DEV_007_2024-11-30 04:00:00,2024-11-30 04:00:00,DEV_007,6,60,67,1
DEV_007_2024-11-30 06:00:00,2024-11-30 06:00:00,DEV_007,28,85,51,86
DEV_007_2024-11-30 08:00:00,2024-11-30 08:00:00,DEV_007,81,11,71,94
DEV_007_2024-11-30 10:00:00,2024-11-30 10:00:00,DEV_007,65,33,47,11
DEV_007_2024-11-30 12:00:00,2024-11-30 12:00:00,DEV_007,75,19,59,73
DEV_007_2024-11-30 14:00:00,2024-11-30 14:00:00,DEV_007,34,7,91,8
DEV_007_2024-11-30 16:00:00,2024-11-30 16:00:00,DEV_007,2,73,89,55
DEV_007_2024-11-30 18:00:00,2024-11-30 18:00:00,DEV_007,22,4,36,31
DEV_007_2024-11-30 20:00:00,2024-11-30 20:00:00,DEV_007,50,69,83,33
DEV_007_2024-11-30 22:00:00,2024-11-30 22:00:00,DEV_007,45,55,66,65
DEV_007_2024-12-01 00:00:00,2024-12-01 00:00:00,DEV_007,93,66,43,63
DEV_007_2024-12-01 02:00:00,2024-12-01 02:00:00,DEV_007,36,53,74,87
DEV_007_2024-12-01 04:00:00,2024-12-01 04:00:00,DEV_007,26,59,13,40
DEV_007_2024-12-01 06:00:00,2024-12-01 06:00:00,DEV_007,33,15,78,93
DEV_007_2024-12-01 08:00:00,2024-12-01 08:00:00,DEV_007,2,48,32,97
DEV_007_2024-12-01 10:00:00,2024-12-01 10:00:00,DEV_007,31,8,52,40
DEV_007_2024-12-01 12:00:00,2024-12-01 12:00:00,DEV_007,33,3,81,3
DEV_007_2024-12-01 14:00:00,2024-12-01 14:00:00,DEV_007,69,97,44,33
DEV_007_2024-12-01 16:00:00,2024-12-01 16:00:00,DEV_007,58,8,54,12
DEV_007_2024-12-01 18:00:00,2024-12-01 18:00:00,DEV_007,60,68,24,55
DEV_007_2024-12-01 20:00:00,2024-12-01 20:00:00,DEV_007,9,64,90,45
DEV_007_2024-12-01 22:00:00,2024-12-01 22:00:00,DEV_007,70,21,25,68
DEV_007_2024-12-02 00:00:00,2024-12-02 00:00:00,DEV_007,60,11,47,75
DEV_007_2024-12-02 02:00:00,2024-12-02 02:00:00,DEV_007,59,15,74,26
DEV_007_2024-12-02 04:00:00,2024-12-02 04:00:00,DEV_007,90,84,68,17
DEV_007_2024-12-02 06:00:00,2024-12-02 06:00:00,DEV_007,69,61,88,3
DEV_007_2024-12-02 08:00:00,2024-12-02 08:00:00,DEV_007,24,10,61,51
DEV_007_2024-12-02 10:00:00,2024-12-02 10:00:00,DEV_007,58,48,61,36
DEV_007_2024-12-02 12:00:00,2024-12-02 12:00:00,DEV_007,33,56,45,32
DEV_007_2024-12-02 14:00:00,2024-12-02 14:00:00,DEV_007,56,17,27,55
DEV_007_2024-12-02 16:00:00,2024-12-02 16:00:00,DEV_007,55,3,72,16
DEV_007_2024-12-02 18:00:00,2024-12-02 18:00:00,DEV_007,95,92,29,45
DEV_007_2024-12-02 20:00:00,2024-12-02 20:00:00,DEV_007,25,74,44,71
DEV_007_2024-12-02 22:00:00,2024-12-02 22:00:00,DEV_007,63,52,23,98
DEV_007_2024-12-03 00:00:00,2024-12-03 00:00:00,DEV_007,15,54,70,30
DEV_007_2024-12-03 02:00:00,2024-12-03 02:00:00,DEV_007,56,3,49,27
DEV_007_2024-12-03 04:00:00,2024-12-03 04:00:00,DEV_007,42,47,59,53
DEV_007_2024-12-03 06:00:00,2024-12-03 06:00:00,DEV_007,96,13,61,39
DEV_007_2024-12-03 08:00:00,2024-12-03 08:00:00,DEV_007,10,53,35,52
DEV_007_2024-12-03 10:00:00,2024-12-03 10:00:00,DEV_007,15,1,66,17
DEV_007_2024-12-03 12:00:00,2024-12-03 12:00:00,DEV_007,58,13,76,81
DEV_007_2024-12-03 14:00:00,2024-12-03 14:00:00,DEV_007,68,10,82,57
DEV_007_2024-12-03 16:00:00,2024-12-03 16:00:00,DEV_007,79,58,85,82
DEV_007_2024-12-03 18:00:00,2024-12-03 18:00:00,DEV_007,93,11,96,60
DEV_007_2024-12-03 20:00:00,2024-12-03 20:00:00,DEV_007,6,85,43,72
DEV_007_2024-12-03 22:00:00,2024-12-03 22:00:00,DEV_007,69,13,6,81
DEV_007_2024-12-04 00:00:00,2024-12-04 00:00:00,DEV_007,77,80,72,13
DEV_007_2024-12-04 02:00:00,2024-12-04 02:00:00,DEV_007,15,72,85,84
DEV_007_2024-12-04 04:00:00,2024-12-04 04:00:00,DEV_007,46,52,69,46
DEV_007_2024-12-04 06:00:00,2024-12-04 06:00:00,DEV_007,77,96,54,64
DEV_007_2024-12-04 08:00:00,2024-12-04 08:00:00,DEV_007,77,82,44,19
DEV_007_2024-12-04 10:00:00,2024-12-04 10:00:00,DEV_007,98,66,76,67
DEV_007_2024-12-04 12:00:00,2024-12-04 12:00:00,DEV_007,86,39,70,36
DEV_007_2024-12-04 14:00:00,2024-12-04 14:00:00,DEV_007,10,72,20,86
DEV_007_2024-12-04 16:00:00,2024-12-04 16:00:00,DEV_007,7,16,29,38
DEV_007_2024-12-04 18:00:00,2024-12-04 18:00:00,DEV_007,15,20,64,78
DEV_007_2024-12-04 20:00:00,2024-12-04 20:00:00,DEV_007,84,94,76,9
DEV_007_2024-12-04 22:00:00,2024-12-04 22:00:00,DEV_007,55,52,50,4
DEV_007_2024-12-05 00:00:00,2024-12-05 00:00:00,DEV_007,78,85,34,27
DEV_007_2024-12-05 02:00:00,2024-12-05 02:00:00,DEV_007,39,12,30,25
DEV_007_2024-12-05 04:00:00,2024-12-05 04:00:00,DEV_007,75,9,39,42
DEV_007_2024-12-05 06:00:00,2024-12-05 06:00:00,DEV_007,83,96,64,13
DEV_007_2024-12-05 08:00:00,2024-12-05 08:00:00,DEV_007,73,56,28,34
DEV_007_2024-12-05 10:00:00,2024-12-05 10:00:00,DEV_007,5,52,15,41
DEV_007_2024-12-05 12:00:00,2024-12-05 12:00:00,DEV_007,75,45,60,67
DEV_007_2024-12-05 14:00:00,2024-12-05 14:00:00,DEV_007,54,68,53,74
DEV_007_2024-12-05 16:00:00,2024-12-05 16:00:00,DEV_007,67,71,78,82
DEV_007_2024-12-05 18:00:00,2024-12-05 18:00:00,DEV_007,74,17,49,70
DEV_007_2024-12-05 20:00:00,2024-12-05 20:00:00,DEV_007,2,56,97,63
DEV_007_2024-12-05 22:00:00,2024-12-05 22:00:00,DEV_007,93,1,12,2
DEV_007_2024-12-06 00:00:00,2024-12-06 00:00:00,DEV_007,53,15,36,43
DEV_007_2024-12-06 02:00:00,2024-12-06 02:00:00,DEV_007,43,56,82,59
DEV_007_2024-12-06 04:00:00,2024-12-06 04:00:00,DEV_007,72,59,29,72
DEV_007_2024-12-06 06:00:00,2024-12-06 06:00:00,DEV_007,75,4,24,31
DEV_007_2024-12-06 08:00:00,2024-12-06 08:00:00,DEV_007,71,13,37,88
DEV_007_2024-12-06 10:00:00,2024-12-06 10:00:00,DEV_007,19,68,25,26
DEV_007_2024-12-06 12:00:00,2024-12-06 12:00:00,DEV_007,55,39,42,68
DEV_007_2024-12-06 14:00:00,2024-12-06 14:00:00,DEV_007,84,70,20,17
DEV_007_2024-12-06 16:00:00,2024-12-06 16:00:00,DEV_007,11,92,19,67
DEV_007_2024-12-06 18:00:00,2024-12-06 18:00:00,DEV_007,3,12,18,10
DEV_007_2024-12-06 20:00:00,2024-12-06 20:00:00,DEV_007,77,17,57,79
DEV_007_2024-12-06 22:00:00,2024-12-06 22:00:00,DEV_007,38,88,17,8
DEV_007_2024-12-07 00:00:00,2024-12-07 00:00:00,DEV_007,91,33,59,75
DEV_007_2024-12-07 02:00:00,2024-12-07 02:00:00,DEV_007,47,27,10,88
DEV_007_2024-12-07 04:00:00,2024-12-07 04:00:00,DEV_007,75,13,88,73
DEV_007_2024-12-07 06:00:00,2024-12-07 06:00:00,DEV_007,88,68,33,98
DEV_007_2024-12-07 08:00:00,2024-12-07 08:00:00,DEV_007,7,34,85,92
DEV_007_2024-12-07 10:00:00,2024-12-07 10:00:00,DEV_007,13,45,39,85
DEV_007_2024-12-07 12:00:00,2024-12-07 12:00:00,DEV_007,22,55,93,25
DEV_007_2024-12-07 14:00:00,2024-12-07 14:00:00,DEV_007,9,27,60,62
DEV_007_2024-12-07 16:00:00,2024-12-07 16:00:00,DEV_007,94,75,21,63
DEV_007_2024-12-07 18:00:00,2024-12-07 18:00:00,DEV_007,31,14,68,48
DEV_007_2024-12-07 20:00:00,2024-12-07 20:00:00,DEV_007,88,69,28,12
DEV_007_2024-12-07 22:00:00,2024-12-07 22:00:00,DEV_007,1,22,39,35
DEV_007_2024-12-08 00:00:00,2024-12-08 00:00:00,DEV_007,99,3,43,9
DEV_007_2024-12-08 02:00:00,2024-12-08 02:00:00,DEV_007,44,9,74,36
DEV_007_2024-12-08 04:00:00,2024-12-08 04:00:00,DEV_007,23,89,12,25
DEV_007_2024-12-08 06:00:00,2024-12-08 06:00:00,DEV_007,56,15,81,8
DEV_007_2024-12-08 08:00:00,2024-12-08 08:00:00,DEV_007,40,34,66,94
DEV_007_2024-12-08 10:00:00,2024-12-08 10:00:00,DEV_007,41,79,30,81
DEV_007_2024-12-08 12:00:00,2024-12-08 12:00:00,DEV_007,22,10,73,55
DEV_007_2024-12-08 14:00:00,2024-12-08 14:00:00,DEV_007,22,44,34,71
DEV_007_2024-12-08 16:00:00,2024-12-08 16:00:00,DEV_007,93,38,70,96
DEV_007_2024-12-08 18:00:00,2024-12-08 18:00:00,DEV_007,33,88,83,99
DEV_007_2024-12-08 20:00:00,2024-12-08 20:00:00,DEV_007,62,5,8,39
DEV_007_2024-12-08 22:00:00,2024-12-08 22:00:00,DEV_007,85,4,26,96
DEV_007_2024-12-09 00:00:00,2024-12-09 00:00:00,DEV_007,64,44,17,79
DEV_007_2024-12-09 02:00:00,2024-12-09 02:00:00,DEV_007,32,15,75,51
DEV_007_2024-12-09 04:00:00,2024-12-09 04:00:00,DEV_007,88,57,57,91
DEV_007_2024-12-09 06:00:00,2024-12-09 06:00:00,DEV_007,97,59,99,8
DEV_007_2024-12-09 08:00:00,2024-12-09 08:00:00,DEV_007,79,43,38,58
DEV_007_2024-12-09 10:00:00,2024-12-09 10:00:00,DEV_007,77,28,62,39
DEV_007_2024-12-09 12:00:00,2024-12-09 12:00:00,DEV_007,83,6,14,21
DEV_007_2024-12-09 14:00:00,2024-12-09 14:00:00,DEV_007,87,10,85,59
DEV_007_2024-12-09 16:00:00,2024-12-09 16:00:00,DEV_007,60,66,67,66
DEV_007_2024-12-09 18:00:00,2024-12-09 18:00:00,DEV_007,84,70,19,80
DEV_007_2024-12-09 20:00:00,2024-12-09 20:00:00,DEV_007,27,24,65,67
DEV_007_2024-12-09 22:00:00,2024-12-09 22:00:00,DEV_007,35,72,3,10
DEV_007_2024-12-10 00:00:00,2024-12-10 00:00:00,DEV_007,10,43,62,30
DEV_007_2024-12-10 02:00:00,2024-12-10 02:00:00,DEV_007,95,8,73,71
DEV_007_2024-12-10 04:00:00,2024-12-10 04:00:00,DEV_007,85,21,12,34
DEV_007_2024-12-10 06:00:00,2024-12-10 06:00:00,DEV_007,30,37,49,63
DEV_007_2024-12-10 08:00:00,2024-12-10 08:00:00,DEV_007,29,2,10,15
DEV_007_2024-12-10 10:00:00,2024-12-10 10:00:00,DEV_007,69,34,64,8
DEV_007_2024-12-10 12:00:00,2024-12-10 12:00:00,DEV_007,81,88,62,38
DEV_007_2024-12-10 14:00:00,2024-12-10 14:00:00,DEV_007,13,60,2,75
DEV_007_2024-12-10 16:00:00,2024-12-10 16:00:00,DEV_007,55,60,21,84
DEV_007_2024-12-10 18:00:00,2024-12-10 18:00:00,DEV_007,18,81,33,11
DEV_007_2024-12-10 20:00:00,2024-12-10 20:00:00,DEV_007,45,87,71,40
DEV_007_2024-12-10 22:00:00,2024-12-10 22:00:00,DEV_007,45,45,61,39
DEV_007_2024-12-11 00:00:00,2024-12-11 00:00:00,DEV_007,29,83,34,59
DEV_007_2024-12-11 02:00:00,2024-12-11 02:00:00,DEV_007,62,14,13,18
DEV_007_2024-12-11 04:00:00,2024-12-11 04:00:00,DEV_007,66,22,95,15
DEV_007_2024-12-11 06:00:00,2024-12-11 06:00:00,DEV_007,48,32,39,23
DEV_007_2024-12-11 08:00:00,2024-12-11 08:00:00,DEV_007,31,6,62,59
DEV_007_2024-12-11 10:00:00,2024-12-11 10:00:00,DEV_007,10,90,60,78
DEV_007_2024-12-11 12:00:00,2024-12-11 12:00:00,DEV_007,74,81,55,1
DEV_007_2024-12-11 14:00:00,2024-12-11 14:00:00,DEV_007,17,37,84,34
DEV_007_2024-12-11 16:00:00,2024-12-11 16:00:00,DEV_007,9,33,83,86
DEV_007_2024-12-11 18:00:00,2024-12-11 18:00:00,DEV_007,96,93,49,48
DEV_007_2024-12-11 20:00:00,2024-12-11 20:00:00,DEV_007,97,61,75,41
DEV_007_2024-12-11 22:00:00,2024-12-11 22:00:00,DEV_007,52,75,70,97
DEV_007_2024-12-12 00:00:00,2024-12-12 00:00:00,DEV_007,68,5,40,29
DEV_007_2024-12-12 02:00:00,2024-12-12 02:00:00,DEV_007,76,88,43,42
DEV_007_2024-12-12 04:00:00,2024-12-12 04:00:00,DEV_007,34,30,88,38
DEV_007_2024-12-12 06:00:00,2024-12-12 06:00:00,DEV_007,85,99,56,55
DEV_007_2024-12-12 08:00:00,2024-12-12 08:00:00,DEV_007,2,97,90,54
DEV_007_2024-12-12 10:00:00,2024-12-12 10:00:00,DEV_007,3,44,63,92
DEV_007_2024-12-12 12:00:00,2024-12-12 12:00:00,DEV_007,16,33,22,70
DEV_007_2024-12-12 14:00:00,2024-12-12 14:00:00,DEV_007,14,20,22,86
DEV_007_2024-12-12 16:00:00,2024-12-12 16:00:00,DEV_007,28,7,46,31
DEV_007_2024-12-12 18:00:00,2024-12-12 18:00:00,DEV_007,68,29,20,30
DEV_007_2024-12-12 20:00:00,2024-12-12 20:00:00,DEV_007,93,58,56,41
DEV_007_2024-12-12 22:00:00,2024-12-12 22:00:00,DEV_007,95,57,81,31
DEV_007_2024-12-13 00:00:00,2024-12-13 00:00:00,DEV_007,43,6,88,65
DEV_007_2024-12-13 02:00:00,2024-12-13 02:00:00,DEV_007,6,51,26,80
DEV_007_2024-12-13 04:00:00,2024-12-13 04:00:00,DEV_007,63,27,30,10
DEV_007_2024-12-13 06:00:00,2024-12-13 06:00:00,DEV_007,60,53,81,20
DEV_007_2024-12-13 08:00:00,2024-12-13 08:00:00,DEV_007,53,45,88,27
DEV_007_2024-12-13 10:00:00,2024-12-13 10:00:00,DEV_007,96,98,95,41
DEV_007_2024-12-13 12:00:00,2024-12-13 12:00:00,DEV_007,47,58,47,44
DEV_007_2024-12-13 14:00:00,2024-12-13 14:00:00,DEV_007,16,32,66,62
DEV_007_2024-12-13 16:00:00,2024-12-13 16:00:00,DEV_007,68,35,19,93
DEV_007_2024-12-13 18:00:00,2024-12-13 18:00:00,DEV_007,73,57,32,97
DEV_007_2024-12-13 20:00:00,2024-12-13 20:00:00,DEV_007,97,83,74,74
DEV_007_2024-12-13 22:00:00,2024-12-13 22:00:00,DEV_007,46,5,17,70
DEV_007_2024-12-14 00:00:00,2024-12-14 00:00:00,DEV_007,84,29,5,95
DEV_007_2024-12-14 02:00:00,2024-12-14 02:00:00,DEV_007,86,32,24,77
DEV_007_2024-12-14 04:00:00,2024-12-14 04:00:00,DEV_007,25,44,96,77
DEV_007_2024-12-14 06:00:00,2024-12-14 06:00:00,DEV_007,43,55,13,99
DEV_007_2024-12-14 08:00:00,2024-12-14 08:00:00,DEV_007,2,75,31,35
DEV_007_2024-12-14 10:00:00,2024-12-14 10:00:00,DEV_007,69,15,13,3
DEV_007_2024-12-14 12:00:00,2024-12-14 12:00:00,DEV_007,22,95,2,4
DEV_007_2024-12-14 14:00:00,2024-12-14 14:00:00,DEV_007,80,72,60,7
DEV_007_2024-12-14 16:00:00,2024-12-14 16:00:00,DEV_007,1,57,35,35
DEV_007_2024-12-14 18:00:00,2024-12-14 18:00:00,DEV_007,20,32,53,20
DEV_007_2024-12-14 20:00:00,2024-12-14 20:00:00,DEV_007,32,75,82,69
DEV_007_2024-12-14 22:00:00,2024-12-14 22:00:00,DEV_007,18,47,33,54
DEV_007_2024-12-15 00:00:00,2024-12-15 00:00:00,DEV_007,46,59,88,68
DEV_007_2024-12-15 02:00:00,2024-12-15 02:00:00,DEV_007,59,15,59,15
DEV_007_2024-12-15 04:00:00,2024-12-15 04:00:00,DEV_007,72,29,82,2
DEV_007_2024-12-15 06:00:00,2024-12-15 06:00:00,DEV_007,97,24,99,46
DEV_007_2024-12-15 08:00:00,2024-12-15 08:00:00,DEV_007,60,54,60,14
DEV_007_2024-12-15 10:00:00,2024-12-15 10:00:00,DEV_007,25,17,66,85
DEV_007_2024-12-15 12:00:00,2024-12-15 12:00:00,DEV_007,10,22,73,79
DEV_007_2024-12-15 14:00:00,2024-12-15 14:00:00,DEV_007,92,14,84,32
DEV_007_2024-12-15 16:00:00,2024-12-15 16:00:00,DEV_007,77,44,9,2
DEV_007_2024-12-15 18:00:00,2024-12-15 18:00:00,DEV_007,81,86,34,36
DEV_007_2024-12-15 20:00:00,2024-12-15 20:00:00,DEV_007,70,36,42,34
DEV_007_2024-12-15 22:00:00,2024-12-15 22:00:00,DEV_007,49,77,96,69
DEV_007_2024-12-16 00:00:00,2024-12-16 00:00:00,DEV_007,72,17,55,84
DEV_007_2024-12-16 02:00:00,2024-12-16 02:00:00,DEV_007,61,3,23,61
DEV_007_2024-12-16 04:00:00,2024-12-16 04:00:00,DEV_007,37,5,91,38
DEV_007_2024-12-16 06:00:00,2024-12-16 06:00:00,DEV_007,30,48,80,43
DEV_007_2024-12-16 08:00:00,2024-12-16 08:00:00,DEV_007,62,84,95,38
DEV_007_2024-12-16 10:00:00,2024-12-16 10:00:00,DEV_007,39,76,42,21
DEV_007_2024-12-16 12:00:00,2024-12-16 12:00:00,DEV_007,65,60,15,16
DEV_007_2024-12-16 14:00:00,2024-12-16 14:00:00,DEV_007,85,18,90,2
DEV_007_2024-12-16 16:00:00,2024-12-16 16:00:00,DEV_007,50,31,67,37
DEV_007_2024-12-16 18:00:00,2024-12-16 18:00:00,DEV_007,38,17,11,64
DEV_007_2024-12-16 20:00:00,2024-12-16 20:00:00,DEV_007,47,56,10,53
DEV_007_2024-12-16 22:00:00,2024-12-16 22:00:00,DEV_007,1,61,89,4
DEV_007_2024-12-17 00:00:00,2024-12-17 00:00:00,DEV_007,45,1,49,84
DEV_007_2024-12-17 02:00:00,2024-12-17 02:00:00,DEV_007,88,6,32,12
DEV_007_2024-12-17 04:00:00,2024-12-17 04:00:00,DEV_007,5,33,97,64
DEV_007_2024-12-17 06:00:00,2024-12-17 06:00:00,DEV_007,44,35,90,43
DEV_007_2024-12-17 08:00:00,2024-12-17 08:00:00,DEV_007,76,70,86,54
DEV_007_2024-12-17 10:00:00,2024-12-17 10:00:00,DEV_007,26,94,93,93
DEV_007_2024-12-17 12:00:00,2024-12-17 12:00:00,DEV_007,85,62,18,62
DEV_007_2024-12-17 14:00:00,2024-12-17 14:00:00,DEV_007,84,23,91,46
DEV_007_2024-12-17 16:00:00,2024-12-17 16:00:00,DEV_007,31,79,51,98
DEV_007_2024-12-17 18:00:00,2024-12-17 18:00:00,DEV_007,55,42,29,9
DEV_007_2024-12-17 20:00:00,2024-12-17 20:00:00,DEV_007,24,7,52,92
DEV_007_2024-12-17 22:00:00,2024-12-17 22:00:00,DEV_007,24,39,79,32
DEV_007_2024-12-18 00:00:00,2024-12-18 00:00:00,DEV_007,34,40,20,20
DEV_007_2024-12-18 02:00:00,2024-12-18 02:00:00,DEV_007,29,65,12,60
DEV_007_2024-12-18 04:00:00,2024-12-18 04:00:00,DEV_007,60,2,44,76
DEV_007_2024-12-18 06:00:00,2024-12-18 06:00:00,DEV_007,83,31,80,21
DEV_007_2024-12-18 08:00:00,2024-12-18 08:00:00,DEV_007,23,84,72,6
DEV_007_2024-12-18 10:00:00,2024-12-18 10:00:00,DEV_007,41,51,97,85
DEV_007_2024-12-18 12:00:00,2024-12-18 12:00:00,DEV_007,63,84,54,48
DEV_007_2024-12-18 14:00:00,2024-12-18 14:00:00,DEV_007,58,49,14,97
DEV_007_2024-12-18 16:00:00,2024-12-18 16:00:00,DEV_007,32,46,41,96
DEV_007_2024-12-18 18:00:00,2024-12-18 18:00:00,DEV_007,47,34,28,71
DEV_007_2024-12-18 20:00:00,2024-12-18 20:00:00,DEV_007,4,21,15,55
DEV_007_2024-12-18 22:00:00,2024-12-18 22:00:00,DEV_007,18,13,76,53
DEV_007_2024-12-19 00:00:00,2024-12-19 00:00:00,DEV_007,38,67,45,37
DEV_007_2024-12-19 02:00:00,2024-12-19 02:00:00,DEV_007,62,83,4,40
DEV_007_2024-12-19 04:00:00,2024-12-19 04:00:00,DEV_007,88,9,48,12
DEV_007_2024-12-19 06:00:00,2024-12-19 06:00:00,DEV_007,15,79,57,69
DEV_007_2024-12-19 08:00:00,2024-12-19 08:00:00,DEV_007,2,79,70,81
DEV_007_2024-12-19 10:00:00,2024-12-19 10:00:00,DEV_007,80,70,11,73
DEV_007_2024-12-19 12:00:00,2024-12-19 12:00:00,DEV_007,95,29,25,45
DEV_007_2024-12-19 14:00:00,2024-12-19 14:00:00,DEV_007,78,9,22,44
DEV_007_2024-12-19 16:00:00,2024-12-19 16:00:00,DEV_007,15,2,65,24
DEV_007_2024-12-19 18:00:00,2024-12-19 18:00:00,DEV_007,63,7,26,3
DEV_007_2024-12-19 20:00:00,2024-12-19 20:00:00,DEV_007,43,98,48,41
DEV_007_2024-12-19 22:00:00,2024-12-19 22:00:00,DEV_007,10,65,23,19
DEV_007_2024-12-20 00:00:00,2024-12-20 00:00:00,DEV_007,66,18,38,51
DEV_007_2024-12-20 02:00:00,2024-12-20 02:00:00,DEV_007,71,83,54,71
DEV_007_2024-12-20 04:00:00,2024-12-20 04:00:00,DEV_007,76,61,20,14
DEV_007_2024-12-20 06:00:00,2024-12-20 06:00:00,DEV_007,19,2,38,51
DEV_007_2024-12-20 08:00:00,2024-12-20 08:00:00,DEV_007,44,1,59,94
DEV_007_2024-12-20 10:00:00,2024-12-20 10:00:00,DEV_007,82,64,21,49
DEV_007_2024-12-20 12:00:00,2024-12-20 12:00:00,DEV_007,87,84,7,39
DEV_007_2024-12-20 14:00:00,2024-12-20 14:00:00,DEV_007,32,95,26,23
DEV_007_2024-12-20 16:00:00,2024-12-20 16:00:00,DEV_007,75,91,42,61
DEV_007_2024-12-20 18:00:00,2024-12-20 18:00:00,DEV_007,54,46,93,38
DEV_007_2024-12-20 20:00:00,2024-12-20 20:00:00,DEV_007,81,76,87,73
DEV_007_2024-12-20 22:00:00,2024-12-20 22:00:00,DEV_007,66,8,91,15
DEV_007_2024-12-21 00:00:00,2024-12-21 00:00:00,DEV_007,71,49,15,31
DEV_007_2024-12-21 02:00:00,2024-12-21 02:00:00,DEV_007,39,56,82,55
DEV_007_2024-12-21 04:00:00,2024-12-21 04:00:00,DEV_007,45,12,81,57
DEV_007_2024-12-21 06:00:00,2024-12-21 06:00:00,DEV_007,62,37,4,58
DEV_007_2024-12-21 08:00:00,2024-12-21 08:00:00,DEV_007,90,60,63,46
DEV_007_2024-12-21 10:00:00,2024-12-21 10:00:00,DEV_007,75,9,7,43
DEV_007_2024-12-21 12:00:00,2024-12-21 12:00:00,DEV_007,99,51,95,4
DEV_007_2024-12-21 14:00:00,2024-12-21 14:00:00,DEV_007,86,70,43,8
DEV_007_2024-12-21 16:00:00,2024-12-21 16:00:00,DEV_007,46,91,84,22
DEV_007_2024-12-21 18:00:00,2024-12-21 18:00:00,DEV_007,48,69,75,60
DEV_007_2024-12-21 20:00:00,2024-12-21 20:00:00,DEV_007,81,21,38,60
DEV_007_2024-12-21 22:00:00,2024-12-21 22:00:00,DEV_007,65,88,11,32
DEV_007_2024-12-22 00:00:00,2024-12-22 00:00:00,DEV_007,55,51,12,66
DEV_007_2024-12-22 02:00:00,2024-12-22 02:00:00,DEV_007,56,80,95,51
DEV_007_2024-12-22 04:00:00,2024-12-22 04:00:00,DEV_007,7,23,14,10
DEV_007_2024-12-22 06:00:00,2024-12-22 06:00:00,DEV_007,43,97,26,80
DEV_007_2024-12-22 08:00:00,2024-12-22 08:00:00,DEV_007,68,50,25,19
DEV_007_2024-12-22 10:00:00,2024-12-22 10:00:00,DEV_007,95,80,85,17
DEV_007_2024-12-22 12:00:00,2024-12-22 12:00:00,DEV_007,32,28,17,98
DEV_007_2024-12-22 14:00:00,2024-12-22 14:00:00,DEV_007,56,62,16,34
DEV_007_2024-12-22 16:00:00,2024-12-22 16:00:00,DEV_007,53,59,1,94
DEV_007_2024-12-22 18:00:00,2024-12-22 18:00:00,DEV_007,91,1,99,15
DEV_007_2024-12-22 20:00:00,2024-12-22 20:00:00,DEV_007,63,45,77,73
DEV_007_2024-12-22 22:00:00,2024-12-22 22:00:00,DEV_007,80,35,34,84
DEV_007_2024-12-23 00:00:00,2024-12-23 00:00:00,DEV_007,26,40,73,67
DEV_007_2024-12-23 02:00:00,2024-12-23 02:00:00,DEV_007,56,18,36,46
DEV_007_2024-12-23 04:00:00,2024-12-23 04:00:00,DEV_007,51,40,89,81
DEV_007_2024-12-23 06:00:00,2024-12-23 06:00:00,DEV_007,35,60,39,69
DEV_007_2024-12-23 08:00:00,2024-12-23 08:00:00,DEV_007,56,56,12,33
DEV_007_2024-12-23 10:00:00,2024-12-23 10:00:00,DEV_007,59,35,14,70
DEV_007_2024-12-23 12:00:00,2024-12-23 12:00:00,DEV_007,37,41,59,2
DEV_007_2024-12-23 14:00:00,2024-12-23 14:00:00,DEV_007,77,24,86,51
DEV_007_2024-12-23 16:00:00,2024-12-23 16:00:00,DEV_007,37,7,24,18
DEV_007_2024-12-23 18:00:00,2024-12-23 18:00:00,DEV_007,11,65,14,14
DEV_007_2024-12-23 20:00:00,2024-12-23 20:00:00,DEV_007,16,39,1,97
DEV_007_2024-12-23 22:00:00,2024-12-23 22:00:00,DEV_007,31,20,10,94
DEV_007_2024-12-24 00:00:00,2024-12-24 00:00:00,DEV_007,64,23,63,10
DEV_007_2024-12-24 02:00:00,2024-12-24 02:00:00,DEV_007,76,20,56,79
DEV_007_2024-12-24 04:00:00,2024-12-24 04:00:00,DEV_007,37,84,11,86
DEV_007_2024-12-24 06:00:00,2024-12-24 06:00:00,DEV_007,92,76,95,79
DEV_007_2024-12-24 08:00:00,2024-12-24 08:00:00,DEV_007,73,84,19,39
DEV_007_2024-12-24 10:00:00,2024-12-24 10:00:00,DEV_007,95,95,87,52
DEV_007_2024-12-24 12:00:00,2024-12-24 12:00:00,DEV_007,58,34,50,87
DEV_007_2024-12-24 14:00:00,2024-12-24 14:00:00,DEV_007,36,73,6,16
DEV_007_2024-12-24 16:00:00,2024-12-24 16:00:00,DEV_007,15,55,24,33
DEV_007_2024-12-24 18:00:00,2024-12-24 18:00:00,DEV_007,68,36,72,69
DEV_007_2024-12-24 20:00:00,2024-12-24 20:00:00,DEV_007,74,80,87,43
DEV_007_2024-12-24 22:00:00,2024-12-24 22:00:00,DEV_007,62,24,30,57
DEV_007_2024-12-25 00:00:00,2024-12-25 00:00:00,DEV_007,42,14,44,72
DEV_007_2024-12-25 02:00:00,2024-12-25 02:00:00,DEV_007,43,5,72,74
DEV_007_2024-12-25 04:00:00,2024-12-25 04:00:00,DEV_007,92,3,73,40
DEV_007_2024-12-25 06:00:00,2024-12-25 06:00:00,DEV_007,87,86,44,93
DEV_007_2024-12-25 08:00:00,2024-12-25 08:00:00,DEV_007,1,14,22,6
DEV_007_2024-12-25 10:00:00,2024-12-25 10:00:00,DEV_007,15,82,9,21
DEV_007_2024-12-25 12:00:00,2024-12-25 12:00:00,DEV_007,82,84,70,17
DEV_007_2024-12-25 14:00:00,2024-12-25 14:00:00,DEV_007,99,70,2,62
DEV_007_2024-12-25 16:00:00,2024-12-25 16:00:00,DEV_007,21,32,74,28
DEV_007_2024-12-25 18:00:00,2024-12-25 18:00:00,DEV_007,14,65,57,35
DEV_007_2024-12-25 20:00:00,2024-12-25 20:00:00,DEV_007,67,19,36,92
DEV_007_2024-12-25 22:00:00,2024-12-25 22:00:00,DEV_007,98,54,66,34
DEV_007_2024-12-26 00:00:00,2024-12-26 00:00:00,DEV_007,81,59,32,17
DEV_007_2024-12-26 02:00:00,2024-12-26 02:00:00,DEV_007,8,52,11,66
DEV_007_2024-12-26 04:00:00,2024-12-26 04:00:00,DEV_007,25,92,36,82
DEV_007_2024-12-26 06:00:00,2024-12-26 06:00:00,DEV_007,26,23,38,99
DEV_007_2024-12-26 08:00:00,2024-12-26 08:00:00,DEV_007,64,84,28,86
DEV_007_2024-12-26 10:00:00,2024-12-26 10:00:00,DEV_007,46,86,23,50
DEV_007_2024-12-26 12:00:00,2024-12-26 12:00:00,DEV_007,71,25,8,92
DEV_007_2024-12-26 14:00:00,2024-12-26 14:00:00,DEV_007,6,51,99,81
DEV_007_2024-12-26 16:00:00,2024-12-26 16:00:00,DEV_007,18,49,66,63
DEV_007_2024-12-26 18:00:00,2024-12-26 18:00:00,DEV_007,72,77,33,42
DEV_007_2024-12-26 20:00:00,2024-12-26 20:00:00,DEV_007,47,34,76,72
DEV_007_2024-12-26 22:00:00,2024-12-26 22:00:00,DEV_007,92,21,43,68
DEV_007_2024-12-27 00:00:00,2024-12-27 00:00:00,DEV_007,16,36,34,72
DEV_007_2024-12-27 02:00:00,2024-12-27 02:00:00,DEV_007,41,30,46,4
DEV_007_2024-12-27 04:00:00,2024-12-27 04:00:00,DEV_007,74,95,81,22
DEV_007_2024-12-27 06:00:00,2024-12-27 06:00:00,DEV_007,23,51,57,92
DEV_007_2024-12-27 08:00:00,2024-12-27 08:00:00,DEV_007,10,9,5,46
DEV_007_2024-12-27 10:00:00,2024-12-27 10:00:00,DEV_007,57,58,93,77
DEV_007_2024-12-27 12:00:00,2024-12-27 12:00:00,DEV_007,32,14,1,64
DEV_007_2024-12-27 14:00:00,2024-12-27 14:00:00,DEV_007,63,82,35,38
DEV_007_2024-12-27 16:00:00,2024-12-27 16:00:00,DEV_007,85,50,66,71
DEV_007_2024-12-27 18:00:00,2024-12-27 18:00:00,DEV_007,82,25,23,44
DEV_007_2024-12-27 20:00:00,2024-12-27 20:00:00,DEV_007,40,13,48,62
DEV_007_2024-12-27 22:00:00,2024-12-27 22:00:00,DEV_007,41,31,98,33
DEV_007_2024-12-28 00:00:00,2024-12-28 00:00:00,DEV_007,51,66,98,22
DEV_007_2024-12-28 02:00:00,2024-12-28 02:00:00,DEV_007,71,43,30,45
DEV_007_2024-12-28 04:00:00,2024-12-28 04:00:00,DEV_007,50,96,7,1
DEV_007_2024-12-28 06:00:00,2024-12-28 06:00:00,DEV_007,76,28,26,65
DEV_007_2024-12-28 08:00:00,2024-12-28 08:00:00,DEV_007,62,8,1,18
DEV_007_2024-12-28 10:00:00,2024-12-28 10:00:00,DEV_007,32,96,27,62
DEV_007_2024-12-28 12:00:00,2024-12-28 12:00:00,DEV_007,16,81,94,33
DEV_007_2024-12-28 14:00:00,2024-12-28 14:00:00,DEV_007,63,96,91,44
DEV_007_2024-12-28 16:00:00,2024-12-28 16:00:00,DEV_007,61,12,29,86
DEV_007_2024-12-28 18:00:00,2024-12-28 18:00:00,DEV_007,40,85,61,13
DEV_007_2024-12-28 20:00:00,2024-12-28 20:00:00,DEV_007,31,40,68,69
DEV_007_2024-12-28 22:00:00,2024-12-28 22:00:00,DEV_007,25,3,15,33
DEV_007_2024-12-29 00:00:00,2024-12-29 00:00:00,DEV_007,14,56,86,65
DEV_007_2024-12-29 02:00:00,2024-12-29 02:00:00,DEV_007,14,15,5,11
DEV_007_2024-12-29 04:00:00,2024-12-29 04:00:00,DEV_007,12,77,47,39
DEV_007_2024-12-29 06:00:00,2024-12-29 06:00:00,DEV_007,91,41,32,58
DEV_007_2024-12-29 08:00:00,2024-12-29 08:00:00,DEV_007,27,30,29,77
DEV_007_2024-12-29 10:00:00,2024-12-29 10:00:00,DEV_007,96,98,53,22
DEV_007_2024-12-29 12:00:00,2024-12-29 12:00:00,DEV_007,90,13,95,80
DEV_007_2024-12-29 14:00:00,2024-12-29 14:00:00,DEV_007,99,85,57,63
DEV_007_2024-12-29 16:00:00,2024-12-29 16:00:00,DEV_007,53,27,6,28
DEV_007_2024-12-29 18:00:00,2024-12-29 18:00:00,DEV_007,15,52,82,98
DEV_007_2024-12-29 20:00:00,2024-12-29 20:00:00,DEV_007,71,89,37,60
DEV_007_2024-12-29 22:00:00,2024-12-29 22:00:00,DEV_007,89,92,72,89
DEV_008_2024-09-01 00:00:00,2024-09-01 00:00:00,DEV_008,2,33,11,54
DEV_008_2024-09-01 04:00:00,2024-09-01 04:00:00,DEV_008,42,56,40,54
DEV_008_2024-09-01 08:00:00,2024-09-01 08:00:00,DEV_008,12,62,78,58
DEV_008_2024-09-01 12:00:00,2024-09-01 12:00:00,DEV_008,24,52,81,36
DEV_008_2024-09-01 16:00:00,2024-09-01 16:00:00,DEV_008,89,13,38,84
DEV_008_2024-09-01 20:00:00,2024-09-01 20:00:00,DEV_008,3,45,64,53
DEV_008_2024-09-02 00:00:00,2024-09-02 00:00:00,DEV_008,94,95,11,96
DEV_008_2024-09-02 04:00:00,2024-09-02 04:00:00,DEV_008,34,57,40,93
DEV_008_2024-09-02 08:00:00,2024-09-02 08:00:00,DEV_008,58,77,53,56
DEV_008_2024-09-02 12:00:00,2024-09-02 12:00:00,DEV_008,61,67,26,41
DEV_008_2024-09-02 16:00:00,2024-09-02 16:00:00,DEV_008,46,42,84,48
DEV_008_2024-09-02 20:00:00,2024-09-02 20:00:00,DEV_008,12,16,61,54
DEV_008_2024-09-03 00:00:00,2024-09-03 00:00:00,DEV_008,24,3,97,36
DEV_008_2024-09-03 04:00:00,2024-09-03 04:00:00,DEV_008,70,95,97,94
DEV_008_2024-09-03 08:00:00,2024-09-03 08:00:00,DEV_008,63,42,49,32
DEV_008_2024-09-03 12:00:00,2024-09-03 12:00:00,DEV_008,41,54,22,25
DEV_008_2024-09-03 16:00:00,2024-09-03 16:00:00,DEV_008,36,6,32,27
DEV_008_2024-09-03 20:00:00,2024-09-03 20:00:00,DEV_008,44,18,81,44
DEV_008_2024-09-04 00:00:00,2024-09-04 00:00:00,DEV_008,79,79,44,67
DEV_008_2024-09-04 04:00:00,2024-09-04 04:00:00,DEV_008,95,91,4,74
DEV_008_2024-09-04 08:00:00,2024-09-04 08:00:00,DEV_008,2,37,65,97
DEV_008_2024-09-04 12:00:00,2024-09-04 12:00:00,DEV_008,59,64,52,27
DEV_008_2024-09-04 16:00:00,2024-09-04 16:00:00,DEV_008,24,60,70,79
DEV_008_2024-09-04 20:00:00,2024-09-04 20:00:00,DEV_008,37,64,92,87
DEV_008_2024-09-05 00:00:00,2024-09-05 00:00:00,DEV_008,89,64,42,9
DEV_008_2024-09-05 04:00:00,2024-09-05 04:00:00,DEV_008,19,40,77,51
DEV_008_2024-09-05 08:00:00,2024-09-05 08:00:00,DEV_008,92,45,61,11
DEV_008_2024-09-05 12:00:00,2024-09-05 12:00:00,DEV_008,55,16,29,81
DEV_008_2024-09-05 16:00:00,2024-09-05 16:00:00,DEV_008,72,29,75,78
DEV_008_2024-09-05 20:00:00,2024-09-05 20:00:00,DEV_008,69,71,67,31
DEV_008_2024-09-06 00:00:00,2024-09-06 00:00:00,DEV_008,24,29,17,69
DEV_008_2024-09-06 04:00:00,2024-09-06 04:00:00,DEV_008,1,58,59,25
DEV_008_2024-09-06 08:00:00,2024-09-06 08:00:00,DEV_008,7,76,18,16
DEV_008_2024-09-06 12:00:00,2024-09-06 12:00:00,DEV_008,54,47,24,95
DEV_008_2024-09-06 16:00:00,2024-09-06 16:00:00,DEV_008,93,20,97,19
DEV_008_2024-09-06 20:00:00,2024-09-06 20:00:00,DEV_008,97,11,57,69
DEV_008_2024-09-07 00:00:00,2024-09-07 00:00:00,DEV_008,42,49,6,69
DEV_008_2024-09-07 04:00:00,2024-09-07 04:00:00,DEV_008,93,38,60,28
DEV_008_2024-09-07 08:00:00,2024-09-07 08:00:00,DEV_008,61,78,41,59
DEV_008_2024-09-07 12:00:00,2024-09-07 12:00:00,DEV_008,48,57,68,43
DEV_008_2024-09-07 16:00:00,2024-09-07 16:00:00,DEV_008,35,63,54,76
DEV_008_2024-09-07 20:00:00,2024-09-07 20:00:00,DEV_008,15,13,69,77
DEV_008_2024-09-08 00:00:00,2024-09-08 00:00:00,DEV_008,31,51,94,14
DEV_008_2024-09-08 04:00:00,2024-09-08 04:00:00,DEV_008,34,62,45,82
DEV_008_2024-09-08 08:00:00,2024-09-08 08:00:00,DEV_008,23,47,86,2
DEV_008_2024-09-08 12:00:00,2024-09-08 12:00:00,DEV_008,95,54,71,86
DEV_008_2024-09-08 16:00:00,2024-09-08 16:00:00,DEV_008,84,45,50,66
DEV_008_2024-09-08 20:00:00,2024-09-08 20:00:00,DEV_008,61,88,54,91
DEV_008_2024-09-09 00:00:00,2024-09-09 00:00:00,DEV_008,4,82,83,56
DEV_008_2024-09-09 04:00:00,2024-09-09 04:00:00,DEV_008,80,32,39,47
DEV_008_2024-09-09 08:00:00,2024-09-09 08:00:00,DEV_008,78,55,50,60
DEV_008_2024-09-09 12:00:00,2024-09-09 12:00:00,DEV_008,81,94,61,33
DEV_008_2024-09-09 16:00:00,2024-09-09 16:00:00,DEV_008,55,78,81,6
DEV_008_2024-09-09 20:00:00,2024-09-09 20:00:00,DEV_008,3,54,76,6
DEV_008_2024-09-10 00:00:00,2024-09-10 00:00:00,DEV_008,68,84,76,36
DEV_008_2024-09-10 04:00:00,2024-09-10 04:00:00,DEV_008,33,38,65,5
DEV_008_2024-09-10 08:00:00,2024-09-10 08:00:00,DEV_008,44,48,66,21
DEV_008_2024-09-10 12:00:00,2024-09-10 12:00:00,DEV_008,30,83,14,59
DEV_008_2024-09-10 16:00:00,2024-09-10 16:00:00,DEV_008,46,72,59,34
DEV_008_2024-09-10 20:00:00,2024-09-10 20:00:00,DEV_008,15,63,98,59
DEV_008_2024-09-11 00:00:00,2024-09-11 00:00:00,DEV_008,56,58,76,69
DEV_008_2024-09-11 04:00:00,2024-09-11 04:00:00,DEV_008,68,5,52,53
DEV_008_2024-09-11 08:00:00,2024-09-11 08:00:00,DEV_008,70,58,54,19
DEV_008_2024-09-11 12:00:00,2024-09-11 12:00:00,DEV_008,83,9,25,29
DEV_008_2024-09-11 16:00:00,2024-09-11 16:00:00,DEV_008,99,41,98,89
DEV_008_2024-09-11 20:00:00,2024-09-11 20:00:00,DEV_008,65,22,1,87
DEV_008_2024-09-12 00:00:00,2024-09-12 00:00:00,DEV_008,89,81,17,54
DEV_008_2024-09-12 04:00:00,2024-09-12 04:00:00,DEV_008,2,42,99,19
DEV_008_2024-09-12 08:00:00,2024-09-12 08:00:00,DEV_008,51,22,8,63
DEV_008_2024-09-12 12:00:00,2024-09-12 12:00:00,DEV_008,73,39,79,56
DEV_008_2024-09-12 16:00:00,2024-09-12 16:00:00,DEV_008,92,35,98,85
DEV_008_2024-09-12 20:00:00,2024-09-12 20:00:00,DEV_008,3,60,49,20
DEV_008_2024-09-13 00:00:00,2024-09-13 00:00:00,DEV_008,46,92,42,78
DEV_008_2024-09-13 04:00:00,2024-09-13 04:00:00,DEV_008,32,68,14,11
DEV_008_2024-09-13 08:00:00,2024-09-13 08:00:00,DEV_008,85,23,33,25
DEV_008_2024-09-13 12:00:00,2024-09-13 12:00:00,DEV_008,40,81,88,40
DEV_008_2024-09-13 16:00:00,2024-09-13 16:00:00,DEV_008,72,6,4,33
DEV_008_2024-09-13 20:00:00,2024-09-13 20:00:00,DEV_008,51,90,50,54
DEV_008_2024-09-14 00:00:00,2024-09-14 00:00:00,DEV_008,32,61,22,19
DEV_008_2024-09-14 04:00:00,2024-09-14 04:00:00,DEV_008,64,41,19,5
DEV_008_2024-09-14 08:00:00,2024-09-14 08:00:00,DEV_008,15,57,69,3
DEV_008_2024-09-14 12:00:00,2024-09-14 12:00:00,DEV_008,22,27,73,59
DEV_008_2024-09-14 16:00:00,2024-09-14 16:00:00,DEV_008,84,43,94,57
DEV_008_2024-09-14 20:00:00,2024-09-14 20:00:00,DEV_008,9,62,77,92
DEV_008_2024-09-15 00:00:00,2024-09-15 00:00:00,DEV_008,45,43,56,10
DEV_008_2024-09-15 04:00:00,2024-09-15 04:00:00,DEV_008,71,14,47,68
DEV_008_2024-09-15 08:00:00,2024-09-15 08:00:00,DEV_008,45,3,35,16
DEV_008_2024-09-15 12:00:00,2024-09-15 12:00:00,DEV_008,73,85,19,79
DEV_008_2024-09-15 16:00:00,2024-09-15 16:00:00,DEV_008,91,38,25,7
DEV_008_2024-09-15 20:00:00,2024-09-15 20:00:00,DEV_008,19,69,49,50
DEV_008_2024-09-16 00:00:00,2024-09-16 00:00:00,DEV_008,29,81,6,20
DEV_008_2024-09-16 04:00:00,2024-09-16 04:00:00,DEV_008,69,97,97,50
DEV_008_2024-09-16 08:00:00,2024-09-16 08:00:00,DEV_008,17,69,53,9
DEV_008_2024-09-16 12:00:00,2024-09-16 12:00:00,DEV_008,45,1,20,22
DEV_008_2024-09-16 16:00:00,2024-09-16 16:00:00,DEV_008,68,42,62,24
DEV_008_2024-09-16 20:00:00,2024-09-16 20:00:00,DEV_008,54,95,85,17
DEV_008_2024-09-17 00:00:00,2024-09-17 00:00:00,DEV_008,91,93,37,39
DEV_008_2024-09-17 04:00:00,2024-09-17 04:00:00,DEV_008,24,97,51,1
DEV_008_2024-09-17 08:00:00,2024-09-17 08:00:00,DEV_008,37,55,86,86
DEV_008_2024-09-17 12:00:00,2024-09-17 12:00:00,DEV_008,87,98,86,6
DEV_008_2024-09-17 16:00:00,2024-09-17 16:00:00,DEV_008,52,37,4,64
DEV_008_2024-09-17 20:00:00,2024-09-17 20:00:00,DEV_008,67,72,78,93
DEV_008_2024-09-18 00:00:00,2024-09-18 00:00:00,DEV_008,40,6,91,21
DEV_008_2024-09-18 04:00:00,2024-09-18 04:00:00,DEV_008,16,83,65,85
DEV_008_2024-09-18 08:00:00,2024-09-18 08:00:00,DEV_008,52,74,31,26
DEV_008_2024-09-18 12:00:00,2024-09-18 12:00:00,DEV_008,75,54,44,59
DEV_008_2024-09-18 16:00:00,2024-09-18 16:00:00,DEV_008,90,1,69,13
DEV_008_2024-09-18 20:00:00,2024-09-18 20:00:00,DEV_008,55,77,91,31
DEV_008_2024-09-19 00:00:00,2024-09-19 00:00:00,DEV_008,82,29,92,73
DEV_008_2024-09-19 04:00:00,2024-09-19 04:00:00,DEV_008,57,73,32,68
DEV_008_2024-09-19 08:00:00,2024-09-19 08:00:00,DEV_008,5,94,80,72
DEV_008_2024-09-19 12:00:00,2024-09-19 12:00:00,DEV_008,21,8,49,15
DEV_008_2024-09-19 16:00:00,2024-09-19 16:00:00,DEV_008,64,97,21,86
DEV_008_2024-09-19 20:00:00,2024-09-19 20:00:00,DEV_008,50,69,50,51
DEV_008_2024-09-20 00:00:00,2024-09-20 00:00:00,DEV_008,8,5,9,62
DEV_008_2024-09-20 04:00:00,2024-09-20 04:00:00,DEV_008,69,4,62,92
DEV_008_2024-09-20 08:00:00,2024-09-20 08:00:00,DEV_008,78,39,8,64
DEV_008_2024-09-20 12:00:00,2024-09-20 12:00:00,DEV_008,36,15,92,68
DEV_008_2024-09-20 16:00:00,2024-09-20 16:00:00,DEV_008,63,9,44,41
DEV_008_2024-09-20 20:00:00,2024-09-20 20:00:00,DEV_008,70,83,4,40
DEV_008_2024-09-21 00:00:00,2024-09-21 00:00:00,DEV_008,74,78,59,41
DEV_008_2024-09-21 04:00:00,2024-09-21 04:00:00,DEV_008,23,58,73,67
DEV_008_2024-09-21 08:00:00,2024-09-21 08:00:00,DEV_008,84,44,96,52
DEV_008_2024-09-21 12:00:00,2024-09-21 12:00:00,DEV_008,91,51,14,43
DEV_008_2024-09-21 16:00:00,2024-09-21 16:00:00,DEV_008,61,97,85,83
DEV_008_2024-09-21 20:00:00,2024-09-21 20:00:00,DEV_008,41,24,30,80
DEV_008_2024-09-22 00:00:00,2024-09-22 00:00:00,DEV_008,71,12,43,60
DEV_008_2024-09-22 04:00:00,2024-09-22 04:00:00,DEV_008,67,92,75,18
DEV_008_2024-09-22 08:00:00,2024-09-22 08:00:00,DEV_008,73,63,23,99
DEV_008_2024-09-22 12:00:00,2024-09-22 12:00:00,DEV_008,94,45,5,89
DEV_008_2024-09-22 16:00:00,2024-09-22 16:00:00,DEV_008,1,38,98,16
DEV_008_2024-09-22 20:00:00,2024-09-22 20:00:00,DEV_008,41,66,83,86
DEV_008_2024-09-23 00:00:00,2024-09-23 00:00:00,DEV_008,83,95,93,97
DEV_008_2024-09-23 04:00:00,2024-09-23 04:00:00,DEV_008,47,53,71,49
DEV_008_2024-09-23 08:00:00,2024-09-23 08:00:00,DEV_008,39,3,60,68
DEV_008_2024-09-23 12:00:00,2024-09-23 12:00:00,DEV_008,31,20,14,61
DEV_008_2024-09-23 16:00:00,2024-09-23 16:00:00,DEV_008,63,40,21,54
DEV_008_2024-09-23 20:00:00,2024-09-23 20:00:00,DEV_008,31,75,23,40
DEV_008_2024-09-24 00:00:00,2024-09-24 00:00:00,DEV_008,62,3,30,68
DEV_008_2024-09-24 04:00:00,2024-09-24 04:00:00,DEV_008,7,68,32,36
DEV_008_2024-09-24 08:00:00,2024-09-24 08:00:00,DEV_008,66,92,44,91
DEV_008_2024-09-24 12:00:00,2024-09-24 12:00:00,DEV_008,81,25,92,83
DEV_008_2024-09-24 16:00:00,2024-09-24 16:00:00,DEV_008,26,21,34,80
DEV_008_2024-09-24 20:00:00,2024-09-24 20:00:00,DEV_008,6,63,57,77
DEV_008_2024-09-25 00:00:00,2024-09-25 00:00:00,DEV_008,83,49,12,81
DEV_008_2024-09-25 04:00:00,2024-09-25 04:00:00,DEV_008,70,45,41,87
DEV_008_2024-09-25 08:00:00,2024-09-25 08:00:00,DEV_008,32,81,4,6
DEV_008_2024-09-25 12:00:00,2024-09-25 12:00:00,DEV_008,33,44,25,70
DEV_008_2024-09-25 16:00:00,2024-09-25 16:00:00,DEV_008,36,26,74,85
DEV_008_2024-09-25 20:00:00,2024-09-25 20:00:00,DEV_008,59,11,2,53
DEV_008_2024-09-26 00:00:00,2024-09-26 00:00:00,DEV_008,92,6,53,68
DEV_008_2024-09-26 04:00:00,2024-09-26 04:00:00,DEV_008,16,65,3,27
DEV_008_2024-09-26 08:00:00,2024-09-26 08:00:00,DEV_008,19,80,3,57
DEV_008_2024-09-26 12:00:00,2024-09-26 12:00:00,DEV_008,3,37,46,47
DEV_008_2024-09-26 16:00:00,2024-09-26 16:00:00,DEV_008,4,45,74,87
DEV_008_2024-09-26 20:00:00,2024-09-26 20:00:00,DEV_008,22,19,61,82
DEV_008_2024-09-27 00:00:00,2024-09-27 00:00:00,DEV_008,94,34,78,82
DEV_008_2024-09-27 04:00:00,2024-09-27 04:00:00,DEV_008,15,92,58,33
DEV_008_2024-09-27 08:00:00,2024-09-27 08:00:00,DEV_008,7,96,58,97
DEV_008_2024-09-27 12:00:00,2024-09-27 12:00:00,DEV_008,95,97,75,16
DEV_008_2024-09-27 16:00:00,2024-09-27 16:00:00,DEV_008,90,99,6,73
DEV_008_2024-09-27 20:00:00,2024-09-27 20:00:00,DEV_008,6,41,25,96
DEV_008_2024-09-28 00:00:00,2024-09-28 00:00:00,DEV_008,98,60,20,99
DEV_008_2024-09-28 04:00:00,2024-09-28 04:00:00,DEV_008,64,35,35,90
DEV_008_2024-09-28 08:00:00,2024-09-28 08:00:00,DEV_008,73,38,42,12
DEV_008_2024-09-28 12:00:00,2024-09-28 12:00:00,DEV_008,42,77,1,2
DEV_008_2024-09-28 16:00:00,2024-09-28 16:00:00,DEV_008,10,84,25,61
DEV_008_2024-09-28 20:00:00,2024-09-28 20:00:00,DEV_008,8,52,13,15
DEV_008_2024-09-29 00:00:00,2024-09-29 00:00:00,DEV_008,49,78,99,84
DEV_008_2024-09-29 04:00:00,2024-09-29 04:00:00,DEV_008,23,75,31,99
DEV_008_2024-09-29 08:00:00,2024-09-29 08:00:00,DEV_008,14,43,89,53
DEV_008_2024-09-29 12:00:00,2024-09-29 12:00:00,DEV_008,70,16,78,10
DEV_008_2024-09-29 16:00:00,2024-09-29 16:00:00,DEV_008,32,60,73,3
DEV_008_2024-09-29 20:00:00,2024-09-29 20:00:00,DEV_008,77,51,40,96
DEV_008_2024-09-30 00:00:00,2024-09-30 00:00:00,DEV_008,91,46,96,71
DEV_008_2024-09-30 04:00:00,2024-09-30 04:00:00,DEV_008,44,68,19,1
DEV_008_2024-09-30 08:00:00,2024-09-30 08:00:00,DEV_008,69,92,54,78
DEV_008_2024-09-30 12:00:00,2024-09-30 12:00:00,DEV_008,40,71,54,92
DEV_008_2024-09-30 16:00:00,2024-09-30 16:00:00,DEV_008,76,42,31,69
DEV_008_2024-09-30 20:00:00,2024-09-30 20:00:00,DEV_008,71,86,47,18
DEV_008_2024-10-01 00:00:00,2024-10-01 00:00:00,DEV_008,29,16,52,80
DEV_008_2024-10-01 04:00:00,2024-10-01 04:00:00,DEV_008,36,5,33,34
DEV_008_2024-10-01 08:00:00,2024-10-01 08:00:00,DEV_008,35,56,58,47
DEV_008_2024-10-01 12:00:00,2024-10-01 12:00:00,DEV_008,38,40,80,89
DEV_008_2024-10-01 16:00:00,2024-10-01 16:00:00,DEV_008,20,70,68,78
DEV_008_2024-10-01 20:00:00,2024-10-01 20:00:00,DEV_008,89,27,57,77
DEV_008_2024-10-02 00:00:00,2024-10-02 00:00:00,DEV_008,35,3,64,48
DEV_008_2024-10-02 04:00:00,2024-10-02 04:00:00,DEV_008,83,77,76,24
DEV_008_2024-10-02 08:00:00,2024-10-02 08:00:00,DEV_008,41,59,88,39
DEV_008_2024-10-02 12:00:00,2024-10-02 12:00:00,DEV_008,3,40,51,23
DEV_008_2024-10-02 16:00:00,2024-10-02 16:00:00,DEV_008,41,95,2,29
DEV_008_2024-10-02 20:00:00,2024-10-02 20:00:00,DEV_008,93,97,75,64
DEV_008_2024-10-03 00:00:00,2024-10-03 00:00:00,DEV_008,51,18,32,30
DEV_008_2024-10-03 04:00:00,2024-10-03 04:00:00,DEV_008,33,8,73,8
DEV_008_2024-10-03 08:00:00,2024-10-03 08:00:00,DEV_008,91,71,99,4
DEV_008_2024-10-03 12:00:00,2024-10-03 12:00:00,DEV_008,83,17,19,7
DEV_008_2024-10-03 16:00:00,2024-10-03 16:00:00,DEV_008,35,74,30,16
DEV_008_2024-10-03 20:00:00,2024-10-03 20:00:00,DEV_008,56,91,28,1
DEV_008_2024-10-04 00:00:00,2024-10-04 00:00:00,DEV_008,19,31,5,60
DEV_008_2024-10-04 04:00:00,2024-10-04 04:00:00,DEV_008,9,84,63,37
DEV_008_2024-10-04 08:00:00,2024-10-04 08:00:00,DEV_008,26,87,70,67
DEV_008_2024-10-04 12:00:00,2024-10-04 12:00:00,DEV_008,93,87,56,51
DEV_008_2024-10-04 16:00:00,2024-10-04 16:00:00,DEV_008,12,96,13,79
DEV_008_2024-10-04 20:00:00,2024-10-04 20:00:00,DEV_008,8,84,5,98
DEV_008_2024-10-05 00:00:00,2024-10-05 00:00:00,DEV_008,53,6,32,83
DEV_008_2024-10-05 04:00:00,2024-10-05 04:00:00,DEV_008,63,66,48,62
DEV_008_2024-10-05 08:00:00,2024-10-05 08:00:00,DEV_008,50,59,44,63
DEV_008_2024-10-05 12:00:00,2024-10-05 12:00:00,DEV_008,29,11,64,63
DEV_008_2024-10-05 16:00:00,2024-10-05 16:00:00,DEV_008,59,35,99,91
DEV_008_2024-10-05 20:00:00,2024-10-05 20:00:00,DEV_008,23,32,23,55
DEV_008_2024-10-06 00:00:00,2024-10-06 00:00:00,DEV_008,94,85,84,73
DEV_008_2024-10-06 04:00:00,2024-10-06 04:00:00,DEV_008,51,43,55,35
DEV_008_2024-10-06 08:00:00,2024-10-06 08:00:00,DEV_008,57,73,14,1
DEV_008_2024-10-06 12:00:00,2024-10-06 12:00:00,DEV_008,59,26,90,58
DEV_008_2024-10-06 16:00:00,2024-10-06 16:00:00,DEV_008,57,82,59,89
DEV_008_2024-10-06 20:00:00,2024-10-06 20:00:00,DEV_008,89,45,31,18
DEV_008_2024-10-07 00:00:00,2024-10-07 00:00:00,DEV_008,22,69,11,76
DEV_008_2024-10-07 04:00:00,2024-10-07 04:00:00,DEV_008,61,81,46,50
DEV_008_2024-10-07 08:00:00,2024-10-07 08:00:00,DEV_008,16,91,27,28
DEV_008_2024-10-07 12:00:00,2024-10-07 12:00:00,DEV_008,18,36,44,83
DEV_008_2024-10-07 16:00:00,2024-10-07 16:00:00,DEV_008,90,3,24,32
DEV_008_2024-10-07 20:00:00,2024-10-07 20:00:00,DEV_008,36,42,87,58
DEV_008_2024-10-08 00:00:00,2024-10-08 00:00:00,DEV_008,95,87,87,37
DEV_008_2024-10-08 04:00:00,2024-10-08 04:00:00,DEV_008,27,83,1,32
DEV_008_2024-10-08 08:00:00,2024-10-08 08:00:00,DEV_008,41,73,26,84
DEV_008_2024-10-08 12:00:00,2024-10-08 12:00:00,DEV_008,61,47,92,28
DEV_008_2024-10-08 16:00:00,2024-10-08 16:00:00,DEV_008,16,59,45,70
DEV_008_2024-10-08 20:00:00,2024-10-08 20:00:00,DEV_008,65,37,96,19
DEV_008_2024-10-09 00:00:00,2024-10-09 00:00:00,DEV_008,50,11,6,83
DEV_008_2024-10-09 04:00:00,2024-10-09 04:00:00,DEV_008,24,65,54,76
DEV_008_2024-10-09 08:00:00,2024-10-09 08:00:00,DEV_008,76,16,25,98
DEV_008_2024-10-09 12:00:00,2024-10-09 12:00:00,DEV_008,41,4,23,1
DEV_008_2024-10-09 16:00:00,2024-10-09 16:00:00,DEV_008,16,26,69,66
DEV_008_2024-10-09 20:00:00,2024-10-09 20:00:00,DEV_008,54,39,60,45
DEV_008_2024-10-10 00:00:00,2024-10-10 00:00:00,DEV_008,36,79,10,10
DEV_008_2024-10-10 04:00:00,2024-10-10 04:00:00,DEV_008,34,90,27,72
DEV_008_2024-10-10 08:00:00,2024-10-10 08:00:00,DEV_008,86,3,99,61
DEV_008_2024-10-10 12:00:00,2024-10-10 12:00:00,DEV_008,33,79,31,47
DEV_008_2024-10-10 16:00:00,2024-10-10 16:00:00,DEV_008,5,5,50,8
DEV_008_2024-10-10 20:00:00,2024-10-10 20:00:00,DEV_008,12,19,37,78
DEV_008_2024-10-11 00:00:00,2024-10-11 00:00:00,DEV_008,55,35,61,28
DEV_008_2024-10-11 04:00:00,2024-10-11 04:00:00,DEV_008,43,90,29,68
DEV_008_2024-10-11 08:00:00,2024-10-11 08:00:00,DEV_008,40,27,70,75
DEV_008_2024-10-11 12:00:00,2024-10-11 12:00:00,DEV_008,73,87,48,29
DEV_008_2024-10-11 16:00:00,2024-10-11 16:00:00,DEV_008,72,59,21,36
DEV_008_2024-10-11 20:00:00,2024-10-11 20:00:00,DEV_008,23,84,49,85
DEV_008_2024-10-12 00:00:00,2024-10-12 00:00:00,DEV_008,72,88,47,65
DEV_008_2024-10-12 04:00:00,2024-10-12 04:00:00,DEV_008,6,12,31,46
DEV_008_2024-10-12 08:00:00,2024-10-12 08:00:00,DEV_008,79,97,62,81
DEV_008_2024-10-12 12:00:00,2024-10-12 12:00:00,DEV_008,47,12,63,67
DEV_008_2024-10-12 16:00:00,2024-10-12 16:00:00,DEV_008,4,26,64,7
DEV_008_2024-10-12 20:00:00,2024-10-12 20:00:00,DEV_008,64,90,16,9
DEV_008_2024-10-13 00:00:00,2024-10-13 00:00:00,DEV_008,90,45,12,90
DEV_008_2024-10-13 04:00:00,2024-10-13 04:00:00,DEV_008,19,87,54,72
DEV_008_2024-10-13 08:00:00,2024-10-13 08:00:00,DEV_008,57,68,60,78
DEV_008_2024-10-13 12:00:00,2024-10-13 12:00:00,DEV_008,10,65,10,34
DEV_008_2024-10-13 16:00:00,2024-10-13 16:00:00,DEV_008,64,88,86,35
DEV_008_2024-10-13 20:00:00,2024-10-13 20:00:00,DEV_008,90,81,34,12
DEV_008_2024-10-14 00:00:00,2024-10-14 00:00:00,DEV_008,81,67,8,92
DEV_008_2024-10-14 04:00:00,2024-10-14 04:00:00,DEV_008,34,17,46,32
DEV_008_2024-10-14 08:00:00,2024-10-14 08:00:00,DEV_008,12,88,89,29
DEV_008_2024-10-14 12:00:00,2024-10-14 12:00:00,DEV_008,96,54,70,30
DEV_008_2024-10-14 16:00:00,2024-10-14 16:00:00,DEV_008,62,71,78,58
DEV_008_2024-10-14 20:00:00,2024-10-14 20:00:00,DEV_008,83,84,90,51
DEV_008_2024-10-15 00:00:00,2024-10-15 00:00:00,DEV_008,92,84,95,48
DEV_008_2024-10-15 04:00:00,2024-10-15 04:00:00,DEV_008,34,37,17,67
DEV_008_2024-10-15 08:00:00,2024-10-15 08:00:00,DEV_008,90,78,3,19
DEV_008_2024-10-15 12:00:00,2024-10-15 12:00:00,DEV_008,87,58,7,37
DEV_008_2024-10-15 16:00:00,2024-10-15 16:00:00,DEV_008,94,75,35,35
DEV_008_2024-10-15 20:00:00,2024-10-15 20:00:00,DEV_008,30,81,14,13
DEV_008_2024-10-16 00:00:00,2024-10-16 00:00:00,DEV_008,25,55,61,69
DEV_008_2024-10-16 04:00:00,2024-10-16 04:00:00,DEV_008,4,24,67,72
DEV_008_2024-10-16 08:00:00,2024-10-16 08:00:00,DEV_008,36,8,71,79
DEV_008_2024-10-16 12:00:00,2024-10-16 12:00:00,DEV_008,98,81,27,4
DEV_008_2024-10-16 16:00:00,2024-10-16 16:00:00,DEV_008,9,81,70,90
DEV_008_2024-10-16 20:00:00,2024-10-16 20:00:00,DEV_008,23,97,75,36
DEV_008_2024-10-17 00:00:00,2024-10-17 00:00:00,DEV_008,54,95,72,96
DEV_008_2024-10-17 04:00:00,2024-10-17 04:00:00,DEV_008,30,28,11,53
DEV_008_2024-10-17 08:00:00,2024-10-17 08:00:00,DEV_008,61,64,20,31
DEV_008_2024-10-17 12:00:00,2024-10-17 12:00:00,DEV_008,19,61,31,91
DEV_008_2024-10-17 16:00:00,2024-10-17 16:00:00,DEV_008,54,21,38,84
DEV_008_2024-10-17 20:00:00,2024-10-17 20:00:00,DEV_008,93,65,81,79
DEV_008_2024-10-18 00:00:00,2024-10-18 00:00:00,DEV_008,38,61,54,97
DEV_008_2024-10-18 04:00:00,2024-10-18 04:00:00,DEV_008,2,86,91,71
DEV_008_2024-10-18 08:00:00,2024-10-18 08:00:00,DEV_008,74,60,48,72
DEV_008_2024-10-18 12:00:00,2024-10-18 12:00:00,DEV_008,65,7,58,58
DEV_008_2024-10-18 16:00:00,2024-10-18 16:00:00,DEV_008,41,53,45,90
DEV_008_2024-10-18 20:00:00,2024-10-18 20:00:00,DEV_008,81,22,16,15
DEV_008_2024-10-19 00:00:00,2024-10-19 00:00:00,DEV_008,77,21,21,93
DEV_008_2024-10-19 04:00:00,2024-10-19 04:00:00,DEV_008,11,77,12,19
DEV_008_2024-10-19 08:00:00,2024-10-19 08:00:00,DEV_008,62,91,7,57
DEV_008_2024-10-19 12:00:00,2024-10-19 12:00:00,DEV_008,47,70,69,6
DEV_008_2024-10-19 16:00:00,2024-10-19 16:00:00,DEV_008,70,17,55,81
DEV_008_2024-10-19 20:00:00,2024-10-19 20:00:00,DEV_008,9,47,10,9
DEV_008_2024-10-20 00:00:00,2024-10-20 00:00:00,DEV_008,27,23,98,95
DEV_008_2024-10-20 04:00:00,2024-10-20 04:00:00,DEV_008,17,31,9,4
DEV_008_2024-10-20 08:00:00,2024-10-20 08:00:00,DEV_008,90,4,87,46
DEV_008_2024-10-20 12:00:00,2024-10-20 12:00:00,DEV_008,88,5,96,10
DEV_008_2024-10-20 16:00:00,2024-10-20 16:00:00,DEV_008,36,46,76,18
DEV_008_2024-10-20 20:00:00,2024-10-20 20:00:00,DEV_008,50,74,51,21
DEV_008_2024-10-21 00:00:00,2024-10-21 00:00:00,DEV_008,15,81,79,8
DEV_008_2024-10-21 04:00:00,2024-10-21 04:00:00,DEV_008,87,55,34,33
DEV_008_2024-10-21 08:00:00,2024-10-21 08:00:00,DEV_008,72,61,19,69
DEV_008_2024-10-21 12:00:00,2024-10-21 12:00:00,DEV_008,70,97,69,22
DEV_008_2024-10-21 16:00:00,2024-10-21 16:00:00,DEV_008,11,77,51,98
DEV_008_2024-10-21 20:00:00,2024-10-21 20:00:00,DEV_008,65,5,17,54
DEV_008_2024-10-22 00:00:00,2024-10-22 00:00:00,DEV_008,90,55,51,26
DEV_008_2024-10-22 04:00:00,2024-10-22 04:00:00,DEV_008,83,82,23,99
DEV_008_2024-10-22 08:00:00,2024-10-22 08:00:00,DEV_008,20,50,61,36
DEV_008_2024-10-22 12:00:00,2024-10-22 12:00:00,DEV_008,86,65,12,30
DEV_008_2024-10-22 16:00:00,2024-10-22 16:00:00,DEV_008,18,36,3,45
DEV_008_2024-10-22 20:00:00,2024-10-22 20:00:00,DEV_008,24,30,80,69
DEV_008_2024-10-23 00:00:00,2024-10-23 00:00:00,DEV_008,67,98,1,62
DEV_008_2024-10-23 04:00:00,2024-10-23 04:00:00,DEV_008,58,9,29,67
DEV_008_2024-10-23 08:00:00,2024-10-23 08:00:00,DEV_008,42,18,10,84
DEV_008_2024-10-23 12:00:00,2024-10-23 12:00:00,DEV_008,62,20,44,54
DEV_008_2024-10-23 16:00:00,2024-10-23 16:00:00,DEV_008,15,76,34,82
DEV_008_2024-10-23 20:00:00,2024-10-23 20:00:00,DEV_008,14,43,3,94
DEV_008_2024-10-24 00:00:00,2024-10-24 00:00:00,DEV_008,76,71,91,12
DEV_008_2024-10-24 04:00:00,2024-10-24 04:00:00,DEV_008,55,68,90,60
DEV_008_2024-10-24 08:00:00,2024-10-24 08:00:00,DEV_008,10,82,39,69
DEV_008_2024-10-24 12:00:00,2024-10-24 12:00:00,DEV_008,69,18,72,4
DEV_008_2024-10-24 16:00:00,2024-10-24 16:00:00,DEV_008,49,11,83,55
DEV_008_2024-10-24 20:00:00,2024-10-24 20:00:00,DEV_008,40,61,47,54
DEV_008_2024-10-25 00:00:00,2024-10-25 00:00:00,DEV_008,98,47,7,95
DEV_008_2024-10-25 04:00:00,2024-10-25 04:00:00,DEV_008,5,24,39,84
DEV_008_2024-10-25 08:00:00,2024-10-25 08:00:00,DEV_008,48,74,4,4
DEV_008_2024-10-25 12:00:00,2024-10-25 12:00:00,DEV_008,64,39,43,43
DEV_008_2024-10-25 16:00:00,2024-10-25 16:00:00,DEV_008,67,76,82,77
DEV_008_2024-10-25 20:00:00,2024-10-25 20:00:00,DEV_008,99,87,61,49
DEV_008_2024-10-26 00:00:00,2024-10-26 00:00:00,DEV_008,88,48,89,37
DEV_008_2024-10-26 04:00:00,2024-10-26 04:00:00,DEV_008,18,39,8,36
DEV_008_2024-10-26 08:00:00,2024-10-26 08:00:00,DEV_008,57,70,60,97
DEV_008_2024-10-26 12:00:00,2024-10-26 12:00:00,DEV_008,46,91,15,81
DEV_008_2024-10-26 16:00:00,2024-10-26 16:00:00,DEV_008,39,55,37,88
DEV_008_2024-10-26 20:00:00,2024-10-26 20:00:00,DEV_008,4,33,35,61
DEV_008_2024-10-27 00:00:00,2024-10-27 00:00:00,DEV_008,42,18,22,7
DEV_008_2024-10-27 04:00:00,2024-10-27 04:00:00,DEV_008,21,53,16,77
DEV_008_2024-10-27 08:00:00,2024-10-27 08:00:00,DEV_008,29,77,63,71
DEV_008_2024-10-27 12:00:00,2024-10-27 12:00:00,DEV_008,90,87,20,64
DEV_008_2024-10-27 16:00:00,2024-10-27 16:00:00,DEV_008,12,60,14,24
DEV_008_2024-10-27 20:00:00,2024-10-27 20:00:00,DEV_008,31,93,67,82
DEV_008_2024-10-28 00:00:00,2024-10-28 00:00:00,DEV_008,11,27,91,36
DEV_008_2024-10-28 04:00:00,2024-10-28 04:00:00,DEV_008,82,4,81,43
DEV_008_2024-10-28 08:00:00,2024-10-28 08:00:00,DEV_008,71,40,13,48
DEV_008_2024-10-28 12:00:00,2024-10-28 12:00:00,DEV_008,76,21,23,55
DEV_008_2024-10-28 16:00:00,2024-10-28 16:00:00,DEV_008,19,27,97,20
DEV_008_2024-10-28 20:00:00,2024-10-28 20:00:00,DEV_008,35,98,97,98
DEV_008_2024-10-29 00:00:00,2024-10-29 00:00:00,DEV_008,62,85,66,1
DEV_008_2024-10-29 04:00:00,2024-10-29 04:00:00,DEV_008,24,85,81,25
DEV_008_2024-10-29 08:00:00,2024-10-29 08:00:00,DEV_008,33,22,6,57
DEV_008_2024-10-29 12:00:00,2024-10-29 12:00:00,DEV_008,9,58,76,74
DEV_008_2024-10-29 16:00:00,2024-10-29 16:00:00,DEV_008,81,61,96,83
DEV_008_2024-10-29 20:00:00,2024-10-29 20:00:00,DEV_008,68,31,75,56
DEV_008_2024-10-30 00:00:00,2024-10-30 00:00:00,DEV_008,77,66,86,66
DEV_008_2024-10-30 04:00:00,2024-10-30 04:00:00,DEV_008,44,75,46,86
DEV_008_2024-10-30 08:00:00,2024-10-30 08:00:00,DEV_008,72,9,24,70
DEV_008_2024-10-30 12:00:00,2024-10-30 12:00:00,DEV_008,80,84,22,13
DEV_008_2024-10-30 16:00:00,2024-10-30 16:00:00,DEV_008,44,75,63,6
DEV_008_2024-10-30 20:00:00,2024-10-30 20:00:00,DEV_008,10,72,75,44
DEV_008_2024-10-31 00:00:00,2024-10-31 00:00:00,DEV_008,40,23,17,65
DEV_008_2024-10-31 04:00:00,2024-10-31 04:00:00,DEV_008,64,22,40,62
DEV_008_2024-10-31 08:00:00,2024-10-31 08:00:00,DEV_008,4,23,8,42
DEV_008_2024-10-31 12:00:00,2024-10-31 12:00:00,DEV_008,63,65,47,45
DEV_008_2024-10-31 16:00:00,2024-10-31 16:00:00,DEV_008,99,7,9,41
DEV_008_2024-10-31 20:00:00,2024-10-31 20:00:00,DEV_008,37,90,1,44
DEV_008_2024-11-01 00:00:00,2024-11-01 00:00:00,DEV_008,55,59,44,59
DEV_008_2024-11-01 04:00:00,2024-11-01 04:00:00,DEV_008,34,17,23,80
DEV_008_2024-11-01 08:00:00,2024-11-01 08:00:00,DEV_008,81,12,68,50
DEV_008_2024-11-01 12:00:00,2024-11-01 12:00:00,DEV_008,92,39,36,54
DEV_008_2024-11-01 16:00:00,2024-11-01 16:00:00,DEV_008,18,48,90,87
DEV_008_2024-11-01 20:00:00,2024-11-01 20:00:00,DEV_008,92,32,15,69
DEV_008_2024-11-02 00:00:00,2024-11-02 00:00:00,DEV_008,66,16,25,24
DEV_008_2024-11-02 04:00:00,2024-11-02 04:00:00,DEV_008,10,9,62,27
DEV_008_2024-11-02 08:00:00,2024-11-02 08:00:00,DEV_008,42,81,61,72
DEV_008_2024-11-02 12:00:00,2024-11-02 12:00:00,DEV_008,15,37,57,89
DEV_008_2024-11-02 16:00:00,2024-11-02 16:00:00,DEV_008,46,53,77,32
DEV_008_2024-11-02 20:00:00,2024-11-02 20:00:00,DEV_008,63,89,44,78
DEV_008_2024-11-03 00:00:00,2024-11-03 00:00:00,DEV_008,60,69,30,11
DEV_008_2024-11-03 04:00:00,2024-11-03 04:00:00,DEV_008,49,88,11,55
DEV_008_2024-11-03 08:00:00,2024-11-03 08:00:00,DEV_008,6,86,44,5
DEV_008_2024-11-03 12:00:00,2024-11-03 12:00:00,DEV_008,68,24,50,58
DEV_008_2024-11-03 16:00:00,2024-11-03 16:00:00,DEV_008,71,19,38,34
DEV_008_2024-11-03 20:00:00,2024-11-03 20:00:00,DEV_008,18,33,92,79
DEV_008_2024-11-04 00:00:00,2024-11-04 00:00:00,DEV_008,91,85,72,13
DEV_008_2024-11-04 04:00:00,2024-11-04 04:00:00,DEV_008,95,59,34,92
DEV_008_2024-11-04 08:00:00,2024-11-04 08:00:00,DEV_008,31,87,73,58
DEV_008_2024-11-04 12:00:00,2024-11-04 12:00:00,DEV_008,56,1,21,68
DEV_008_2024-11-04 16:00:00,2024-11-04 16:00:00,DEV_008,88,66,43,92
DEV_008_2024-11-04 20:00:00,2024-11-04 20:00:00,DEV_008,89,67,81,1
DEV_008_2024-11-05 00:00:00,2024-11-05 00:00:00,DEV_008,65,57,39,17
DEV_008_2024-11-05 04:00:00,2024-11-05 04:00:00,DEV_008,62,30,95,54
DEV_008_2024-11-05 08:00:00,2024-11-05 08:00:00,DEV_008,58,65,77,74
DEV_008_2024-11-05 12:00:00,2024-11-05 12:00:00,DEV_008,34,45,69,73
DEV_008_2024-11-05 16:00:00,2024-11-05 16:00:00,DEV_008,33,99,34,77
DEV_008_2024-11-05 20:00:00,2024-11-05 20:00:00,DEV_008,35,6,90,33
DEV_008_2024-11-06 00:00:00,2024-11-06 00:00:00,DEV_008,27,40,71,45
DEV_008_2024-11-06 04:00:00,2024-11-06 04:00:00,DEV_008,41,19,84,42
DEV_008_2024-11-06 08:00:00,2024-11-06 08:00:00,DEV_008,84,1,13,77
DEV_008_2024-11-06 12:00:00,2024-11-06 12:00:00,DEV_008,20,94,59,86
DEV_008_2024-11-06 16:00:00,2024-11-06 16:00:00,DEV_008,80,19,25,2
DEV_008_2024-11-06 20:00:00,2024-11-06 20:00:00,DEV_008,55,80,84,45
DEV_008_2024-11-07 00:00:00,2024-11-07 00:00:00,DEV_008,51,4,15,79
DEV_008_2024-11-07 04:00:00,2024-11-07 04:00:00,DEV_008,18,10,40,67
DEV_008_2024-11-07 08:00:00,2024-11-07 08:00:00,DEV_008,50,26,9,85
DEV_008_2024-11-07 12:00:00,2024-11-07 12:00:00,DEV_008,76,52,57,33
DEV_008_2024-11-07 16:00:00,2024-11-07 16:00:00,DEV_008,52,85,51,68
DEV_008_2024-11-07 20:00:00,2024-11-07 20:00:00,DEV_008,63,38,52,54
DEV_008_2024-11-08 00:00:00,2024-11-08 00:00:00,DEV_008,75,23,26,87
DEV_008_2024-11-08 04:00:00,2024-11-08 04:00:00,DEV_008,57,56,67,44
DEV_008_2024-11-08 08:00:00,2024-11-08 08:00:00,DEV_008,29,50,1,74
DEV_008_2024-11-08 12:00:00,2024-11-08 12:00:00,DEV_008,14,80,4,64
DEV_008_2024-11-08 16:00:00,2024-11-08 16:00:00,DEV_008,43,67,53,96
DEV_008_2024-11-08 20:00:00,2024-11-08 20:00:00,DEV_008,44,64,80,73
DEV_008_2024-11-09 00:00:00,2024-11-09 00:00:00,DEV_008,53,20,97,51
DEV_008_2024-11-09 04:00:00,2024-11-09 04:00:00,DEV_008,97,61,32,70
DEV_008_2024-11-09 08:00:00,2024-11-09 08:00:00,DEV_008,54,41,6,83
DEV_008_2024-11-09 12:00:00,2024-11-09 12:00:00,DEV_008,27,9,66,76
DEV_008_2024-11-09 16:00:00,2024-11-09 16:00:00,DEV_008,5,7,83,43
DEV_008_2024-11-09 20:00:00,2024-11-09 20:00:00,DEV_008,98,8,79,87
DEV_008_2024-11-10 00:00:00,2024-11-10 00:00:00,DEV_008,38,87,25,9
DEV_008_2024-11-10 04:00:00,2024-11-10 04:00:00,DEV_008,87,61,93,26
DEV_008_2024-11-10 08:00:00,2024-11-10 08:00:00,DEV_008,46,63,95,22
DEV_008_2024-11-10 12:00:00,2024-11-10 12:00:00,DEV_008,92,43,70,15
DEV_008_2024-11-10 16:00:00,2024-11-10 16:00:00,DEV_008,32,61,24,21
DEV_008_2024-11-10 20:00:00,2024-11-10 20:00:00,DEV_008,36,40,77,44
DEV_008_2024-11-11 00:00:00,2024-11-11 00:00:00,DEV_008,66,20,85,42
DEV_008_2024-11-11 04:00:00,2024-11-11 04:00:00,DEV_008,8,45,70,55
DEV_008_2024-11-11 08:00:00,2024-11-11 08:00:00,DEV_008,21,92,65,83
DEV_008_2024-11-11 12:00:00,2024-11-11 12:00:00,DEV_008,51,14,13,1
DEV_008_2024-11-11 16:00:00,2024-11-11 16:00:00,DEV_008,60,4,58,35
DEV_008_2024-11-11 20:00:00,2024-11-11 20:00:00,DEV_008,69,75,25,64
DEV_008_2024-11-12 00:00:00,2024-11-12 00:00:00,DEV_008,28,52,53,26
DEV_008_2024-11-12 04:00:00,2024-11-12 04:00:00,DEV_008,58,62,73,3
DEV_008_2024-11-12 08:00:00,2024-11-12 08:00:00,DEV_008,52,53,22,94
DEV_008_2024-11-12 12:00:00,2024-11-12 12:00:00,DEV_008,37,61,72,42
DEV_008_2024-11-12 16:00:00,2024-11-12 16:00:00,DEV_008,9,14,83,84
DEV_008_2024-11-12 20:00:00,2024-11-12 20:00:00,DEV_008,98,5,39,20
DEV_008_2024-11-13 00:00:00,2024-11-13 00:00:00,DEV_008,81,55,92,11
DEV_008_2024-11-13 04:00:00,2024-11-13 04:00:00,DEV_008,11,38,33,45
DEV_008_2024-11-13 08:00:00,2024-11-13 08:00:00,DEV_008,33,45,10,45
DEV_008_2024-11-13 12:00:00,2024-11-13 12:00:00,DEV_008,43,46,53,21
DEV_008_2024-11-13 16:00:00,2024-11-13 16:00:00,DEV_008,54,21,34,17
DEV_008_2024-11-13 20:00:00,2024-11-13 20:00:00,DEV_008,33,22,31,92
DEV_008_2024-11-14 00:00:00,2024-11-14 00:00:00,DEV_008,38,79,80,55
DEV_008_2024-11-14 04:00:00,2024-11-14 04:00:00,DEV_008,24,42,46,57
DEV_008_2024-11-14 08:00:00,2024-11-14 08:00:00,DEV_008,93,77,98,61
DEV_008_2024-11-14 12:00:00,2024-11-14 12:00:00,DEV_008,97,61,71,1
DEV_008_2024-11-14 16:00:00,2024-11-14 16:00:00,DEV_008,12,70,93,53
DEV_008_2024-11-14 20:00:00,2024-11-14 20:00:00,DEV_008,88,76,15,68
DEV_008_2024-11-15 00:00:00,2024-11-15 00:00:00,DEV_008,7,12,83,70
DEV_008_2024-11-15 04:00:00,2024-11-15 04:00:00,DEV_008,41,56,99,76
DEV_008_2024-11-15 08:00:00,2024-11-15 08:00:00,DEV_008,40,63,23,71
DEV_008_2024-11-15 12:00:00,2024-11-15 12:00:00,DEV_008,3,59,91,37
DEV_008_2024-11-15 16:00:00,2024-11-15 16:00:00,DEV_008,96,48,76,4
DEV_008_2024-11-15 20:00:00,2024-11-15 20:00:00,DEV_008,54,15,8,17
DEV_008_2024-11-16 00:00:00,2024-11-16 00:00:00,DEV_008,14,15,99,98
DEV_008_2024-11-16 04:00:00,2024-11-16 04:00:00,DEV_008,60,5,84,29
DEV_008_2024-11-16 08:00:00,2024-11-16 08:00:00,DEV_008,73,16,38,30
DEV_008_2024-11-16 12:00:00,2024-11-16 12:00:00,DEV_008,54,3,63,96
DEV_008_2024-11-16 16:00:00,2024-11-16 16:00:00,DEV_008,99,61,20,69
DEV_008_2024-11-16 20:00:00,2024-11-16 20:00:00,DEV_008,49,85,73,79
DEV_008_2024-11-17 00:00:00,2024-11-17 00:00:00,DEV_008,65,18,31,42
DEV_008_2024-11-17 04:00:00,2024-11-17 04:00:00,DEV_008,50,39,65,18
DEV_008_2024-11-17 08:00:00,2024-11-17 08:00:00,DEV_008,45,59,43,58
DEV_008_2024-11-17 12:00:00,2024-11-17 12:00:00,DEV_008,26,34,8,57
DEV_008_2024-11-17 16:00:00,2024-11-17 16:00:00,DEV_008,43,51,45,42
DEV_008_2024-11-17 20:00:00,2024-11-17 20:00:00,DEV_008,38,1,33,40
DEV_008_2024-11-18 00:00:00,2024-11-18 00:00:00,DEV_008,1,7,53,29
DEV_008_2024-11-18 04:00:00,2024-11-18 04:00:00,DEV_008,47,76,57,49
DEV_008_2024-11-18 08:00:00,2024-11-18 08:00:00,DEV_008,45,73,67,14
DEV_008_2024-11-18 12:00:00,2024-11-18 12:00:00,DEV_008,71,76,52,9
DEV_008_2024-11-18 16:00:00,2024-11-18 16:00:00,DEV_008,3,90,23,17
DEV_008_2024-11-18 20:00:00,2024-11-18 20:00:00,DEV_008,18,81,32,84
DEV_008_2024-11-19 00:00:00,2024-11-19 00:00:00,DEV_008,32,34,64,99
DEV_008_2024-11-19 04:00:00,2024-11-19 04:00:00,DEV_008,70,13,21,89
DEV_008_2024-11-19 08:00:00,2024-11-19 08:00:00,DEV_008,8,10,47,8
DEV_008_2024-11-19 12:00:00,2024-11-19 12:00:00,DEV_008,58,86,77,67
DEV_008_2024-11-19 16:00:00,2024-11-19 16:00:00,DEV_008,38,11,96,81
DEV_008_2024-11-19 20:00:00,2024-11-19 20:00:00,DEV_008,94,43,14,80
DEV_008_2024-11-20 00:00:00,2024-11-20 00:00:00,DEV_008,98,24,40,40
DEV_008_2024-11-20 04:00:00,2024-11-20 04:00:00,DEV_008,81,18,43,34
DEV_008_2024-11-20 08:00:00,2024-11-20 08:00:00,DEV_008,3,65,83,23
DEV_008_2024-11-20 12:00:00,2024-11-20 12:00:00,DEV_008,3,22,42,85
DEV_008_2024-11-20 16:00:00,2024-11-20 16:00:00,DEV_008,97,53,43,24
DEV_008_2024-11-20 20:00:00,2024-11-20 20:00:00,DEV_008,16,80,97,29
DEV_008_2024-11-21 00:00:00,2024-11-21 00:00:00,DEV_008,14,83,94,77
DEV_008_2024-11-21 04:00:00,2024-11-21 04:00:00,DEV_008,51,25,34,6
DEV_008_2024-11-21 08:00:00,2024-11-21 08:00:00,DEV_008,82,37,86,95
DEV_008_2024-11-21 12:00:00,2024-11-21 12:00:00,DEV_008,65,76,5,14
DEV_008_2024-11-21 16:00:00,2024-11-21 16:00:00,DEV_008,9,17,45,67
DEV_008_2024-11-21 20:00:00,2024-11-21 20:00:00,DEV_008,5,40,90,93
DEV_008_2024-11-22 00:00:00,2024-11-22 00:00:00,DEV_008,22,7,30,76
DEV_008_2024-11-22 04:00:00,2024-11-22 04:00:00,DEV_008,47,41,21,98
DEV_008_2024-11-22 08:00:00,2024-11-22 08:00:00,DEV_008,1,14,68,61
DEV_008_2024-11-22 12:00:00,2024-11-22 12:00:00,DEV_008,83,90,86,75
DEV_008_2024-11-22 16:00:00,2024-11-22 16:00:00,DEV_008,83,77,2,75
DEV_008_2024-11-22 20:00:00,2024-11-22 20:00:00,DEV_008,84,30,24,78
DEV_008_2024-11-23 00:00:00,2024-11-23 00:00:00,DEV_008,19,7,24,99
DEV_008_2024-11-23 04:00:00,2024-11-23 04:00:00,DEV_008,81,22,63,84
DEV_008_2024-11-23 08:00:00,2024-11-23 08:00:00,DEV_008,76,48,97,31
DEV_008_2024-11-23 12:00:00,2024-11-23 12:00:00,DEV_008,2,53,62,85
DEV_008_2024-11-23 16:00:00,2024-11-23 16:00:00,DEV_008,70,47,49,17
DEV_008_2024-11-23 20:00:00,2024-11-23 20:00:00,DEV_008,24,78,49,81
DEV_008_2024-11-24 00:00:00,2024-11-24 00:00:00,DEV_008,54,40,50,79
DEV_008_2024-11-24 04:00:00,2024-11-24 04:00:00,DEV_008,36,96,7,52
DEV_008_2024-11-24 08:00:00,2024-11-24 08:00:00,DEV_008,1,63,76,54
DEV_008_2024-11-24 12:00:00,2024-11-24 12:00:00,DEV_008,50,40,27,46
DEV_008_2024-11-24 16:00:00,2024-11-24 16:00:00,DEV_008,17,78,2,41
DEV_008_2024-11-24 20:00:00,2024-11-24 20:00:00,DEV_008,60,34,93,62
DEV_008_2024-11-25 00:00:00,2024-11-25 00:00:00,DEV_008,62,77,71,86
DEV_008_2024-11-25 04:00:00,2024-11-25 04:00:00,DEV_008,69,5,42,15
DEV_008_2024-11-25 08:00:00,2024-11-25 08:00:00,DEV_008,40,23,83,71
DEV_008_2024-11-25 12:00:00,2024-11-25 12:00:00,DEV_008,39,99,36,86
DEV_008_2024-11-25 16:00:00,2024-11-25 16:00:00,DEV_008,62,49,41,85
DEV_008_2024-11-25 20:00:00,2024-11-25 20:00:00,DEV_008,12,39,26,45
DEV_008_2024-11-26 00:00:00,2024-11-26 00:00:00,DEV_008,20,4,12,81
DEV_008_2024-11-26 04:00:00,2024-11-26 04:00:00,DEV_008,15,6,88,80
DEV_008_2024-11-26 08:00:00,2024-11-26 08:00:00,DEV_008,62,97,71,43
DEV_008_2024-11-26 12:00:00,2024-11-26 12:00:00,DEV_008,26,7,80,80
DEV_008_2024-11-26 16:00:00,2024-11-26 16:00:00,DEV_008,78,49,51,4
DEV_008_2024-11-26 20:00:00,2024-11-26 20:00:00,DEV_008,48,12,3,17
DEV_008_2024-11-27 00:00:00,2024-11-27 00:00:00,DEV_008,18,26,13,26
DEV_008_2024-11-27 04:00:00,2024-11-27 04:00:00,DEV_008,98,27,66,34
DEV_008_2024-11-27 08:00:00,2024-11-27 08:00:00,DEV_008,29,53,54,14
DEV_008_2024-11-27 12:00:00,2024-11-27 12:00:00,DEV_008,71,62,18,87
DEV_008_2024-11-27 16:00:00,2024-11-27 16:00:00,DEV_008,52,86,35,24
DEV_008_2024-11-27 20:00:00,2024-11-27 20:00:00,DEV_008,33,37,16,39
DEV_008_2024-11-28 00:00:00,2024-11-28 00:00:00,DEV_008,23,56,30,37
DEV_008_2024-11-28 04:00:00,2024-11-28 04:00:00,DEV_008,93,38,69,87
DEV_008_2024-11-28 08:00:00,2024-11-28 08:00:00,DEV_008,53,30,61,65
DEV_008_2024-11-28 12:00:00,2024-11-28 12:00:00,DEV_008,76,97,87,58
DEV_008_2024-11-28 16:00:00,2024-11-28 16:00:00,DEV_008,27,3,73,20
DEV_008_2024-11-28 20:00:00,2024-11-28 20:00:00,DEV_008,95,8,53,87
DEV_008_2024-11-29 00:00:00,2024-11-29 00:00:00,DEV_008,36,75,79,31
DEV_008_2024-11-29 04:00:00,2024-11-29 04:00:00,DEV_008,93,67,29,24
DEV_008_2024-11-29 08:00:00,2024-11-29 08:00:00,DEV_008,23,1,3,87
DEV_008_2024-11-29 12:00:00,2024-11-29 12:00:00,DEV_008,79,88,99,29
DEV_008_2024-11-29 16:00:00,2024-11-29 16:00:00,DEV_008,20,78,51,38
DEV_008_2024-11-29 20:00:00,2024-11-29 20:00:00,DEV_008,12,90,55,82
DEV_008_2024-11-30 00:00:00,2024-11-30 00:00:00,DEV_008,42,62,46,33
DEV_008_2024-11-30 04:00:00,2024-11-30 04:00:00,DEV_008,15,68,37,38
DEV_008_2024-11-30 08:00:00,2024-11-30 08:00:00,DEV_008,75,40,28,80
DEV_008_2024-11-30 12:00:00,2024-11-30 12:00:00,DEV_008,89,94,42,70
DEV_008_2024-11-30 16:00:00,2024-11-30 16:00:00,DEV_008,68,5,37,9
DEV_008_2024-11-30 20:00:00,2024-11-30 20:00:00,DEV_008,6,27,54,75
DEV_008_2024-12-01 00:00:00,2024-12-01 00:00:00,DEV_008,99,80,40,10
DEV_008_2024-12-01 04:00:00,2024-12-01 04:00:00,DEV_008,63,65,28,42
DEV_008_2024-12-01 08:00:00,2024-12-01 08:00:00,DEV_008,51,60,77,56
DEV_008_2024-12-01 12:00:00,2024-12-01 12:00:00,DEV_008,45,27,73,46
DEV_008_2024-12-01 16:00:00,2024-12-01 16:00:00,DEV_008,79,85,20,38
DEV_008_2024-12-01 20:00:00,2024-12-01 20:00:00,DEV_008,65,19,96,91
DEV_008_2024-12-02 00:00:00,2024-12-02 00:00:00,DEV_008,69,87,41,6
DEV_008_2024-12-02 04:00:00,2024-12-02 04:00:00,DEV_008,36,65,76,86
DEV_008_2024-12-02 08:00:00,2024-12-02 08:00:00,DEV_008,68,32,66,95
DEV_008_2024-12-02 12:00:00,2024-12-02 12:00:00,DEV_008,23,68,96,86
DEV_008_2024-12-02 16:00:00,2024-12-02 16:00:00,DEV_008,62,64,82,78
DEV_008_2024-12-02 20:00:00,2024-12-02 20:00:00,DEV_008,96,88,57,95
DEV_008_2024-12-03 00:00:00,2024-12-03 00:00:00,DEV_008,27,52,66,52
DEV_008_2024-12-03 04:00:00,2024-12-03 04:00:00,DEV_008,79,76,69,72
DEV_008_2024-12-03 08:00:00,2024-12-03 08:00:00,DEV_008,70,32,20,20
DEV_008_2024-12-03 12:00:00,2024-12-03 12:00:00,DEV_008,40,94,39,82
DEV_008_2024-12-03 16:00:00,2024-12-03 16:00:00,DEV_008,66,58,49,90
DEV_008_2024-12-03 20:00:00,2024-12-03 20:00:00,DEV_008,57,75,23,80
DEV_008_2024-12-04 00:00:00,2024-12-04 00:00:00,DEV_008,33,35,36,33
DEV_008_2024-12-04 04:00:00,2024-12-04 04:00:00,DEV_008,19,53,89,83
DEV_008_2024-12-04 08:00:00,2024-12-04 08:00:00,DEV_008,84,95,16,89
DEV_008_2024-12-04 12:00:00,2024-12-04 12:00:00,DEV_008,15,24,84,72
DEV_008_2024-12-04 16:00:00,2024-12-04 16:00:00,DEV_008,25,68,63,47
DEV_008_2024-12-04 20:00:00,2024-12-04 20:00:00,DEV_008,50,22,46,7
DEV_008_2024-12-05 00:00:00,2024-12-05 00:00:00,DEV_008,9,19,77,80
DEV_008_2024-12-05 04:00:00,2024-12-05 04:00:00,DEV_008,47,41,4,85
DEV_008_2024-12-05 08:00:00,2024-12-05 08:00:00,DEV_008,41,82,34,6
DEV_008_2024-12-05 12:00:00,2024-12-05 12:00:00,DEV_008,34,81,88,43
DEV_008_2024-12-05 16:00:00,2024-12-05 16:00:00,DEV_008,34,87,31,31
DEV_008_2024-12-05 20:00:00,2024-12-05 20:00:00,DEV_008,43,58,32,47
DEV_008_2024-12-06 00:00:00,2024-12-06 00:00:00,DEV_008,72,18,27,59
DEV_008_2024-12-06 04:00:00,2024-12-06 04:00:00,DEV_008,38,99,11,37
DEV_008_2024-12-06 08:00:00,2024-12-06 08:00:00,DEV_008,26,4,59,91
DEV_008_2024-12-06 12:00:00,2024-12-06 12:00:00,DEV_008,92,49,62,71
DEV_008_2024-12-06 16:00:00,2024-12-06 16:00:00,DEV_008,84,24,76,39
DEV_008_2024-12-06 20:00:00,2024-12-06 20:00:00,DEV_008,26,47,21,33
DEV_008_2024-12-07 00:00:00,2024-12-07 00:00:00,DEV_008,20,92,17,6
DEV_008_2024-12-07 04:00:00,2024-12-07 04:00:00,DEV_008,2,2,36,86
DEV_008_2024-12-07 08:00:00,2024-12-07 08:00:00,DEV_008,83,73,6,16
DEV_008_2024-12-07 12:00:00,2024-12-07 12:00:00,DEV_008,3,46,94,69
DEV_008_2024-12-07 16:00:00,2024-12-07 16:00:00,DEV_008,8,30,29,21
DEV_008_2024-12-07 20:00:00,2024-12-07 20:00:00,DEV_008,17,79,8,9
DEV_008_2024-12-08 00:00:00,2024-12-08 00:00:00,DEV_008,30,28,6,5
DEV_008_2024-12-08 04:00:00,2024-12-08 04:00:00,DEV_008,24,5,51,29
DEV_008_2024-12-08 08:00:00,2024-12-08 08:00:00,DEV_008,76,1,95,94
DEV_008_2024-12-08 12:00:00,2024-12-08 12:00:00,DEV_008,66,84,26,22
DEV_008_2024-12-08 16:00:00,2024-12-08 16:00:00,DEV_008,26,39,76,59
DEV_008_2024-12-08 20:00:00,2024-12-08 20:00:00,DEV_008,12,18,52,92
DEV_008_2024-12-09 00:00:00,2024-12-09 00:00:00,DEV_008,5,66,50,82
DEV_008_2024-12-09 04:00:00,2024-12-09 04:00:00,DEV_008,37,23,92,28
DEV_008_2024-12-09 08:00:00,2024-12-09 08:00:00,DEV_008,58,56,53,8
DEV_008_2024-12-09 12:00:00,2024-12-09 12:00:00,DEV_008,66,74,24,37
DEV_008_2024-12-09 16:00:00,2024-12-09 16:00:00,DEV_008,50,94,17,78
DEV_008_2024-12-09 20:00:00,2024-12-09 20:00:00,DEV_008,53,8,30,31
DEV_008_2024-12-10 00:00:00,2024-12-10 00:00:00,DEV_008,77,29,15,54
DEV_008_2024-12-10 04:00:00,2024-12-10 04:00:00,DEV_008,21,94,25,83
DEV_008_2024-12-10 08:00:00,2024-12-10 08:00:00,DEV_008,32,47,54,46
DEV_008_2024-12-10 12:00:00,2024-12-10 12:00:00,DEV_008,63,80,78,48
DEV_008_2024-12-10 16:00:00,2024-12-10 16:00:00,DEV_008,1,52,29,76
DEV_008_2024-12-10 20:00:00,2024-12-10 20:00:00,DEV_008,36,52,89,54
DEV_008_2024-12-11 00:00:00,2024-12-11 00:00:00,DEV_008,92,52,9,21
DEV_008_2024-12-11 04:00:00,2024-12-11 04:00:00,DEV_008,79,85,45,32
DEV_008_2024-12-11 08:00:00,2024-12-11 08:00:00,DEV_008,10,85,72,69
DEV_008_2024-12-11 12:00:00,2024-12-11 12:00:00,DEV_008,64,15,71,22
DEV_008_2024-12-11 16:00:00,2024-12-11 16:00:00,DEV_008,18,2,61,31
DEV_008_2024-12-11 20:00:00,2024-12-11 20:00:00,DEV_008,86,69,26,97
DEV_008_2024-12-12 00:00:00,2024-12-12 00:00:00,DEV_008,66,32,21,88
DEV_008_2024-12-12 04:00:00,2024-12-12 04:00:00,DEV_008,59,14,15,51
DEV_008_2024-12-12 08:00:00,2024-12-12 08:00:00,DEV_008,33,66,89,97
DEV_008_2024-12-12 12:00:00,2024-12-12 12:00:00,DEV_008,97,56,35,89
DEV_008_2024-12-12 16:00:00,2024-12-12 16:00:00,DEV_008,96,60,63,6
DEV_008_2024-12-12 20:00:00,2024-12-12 20:00:00,DEV_008,13,45,41,19
DEV_008_2024-12-13 00:00:00,2024-12-13 00:00:00,DEV_008,28,42,54,99
DEV_008_2024-12-13 04:00:00,2024-12-13 04:00:00,DEV_008,42,71,56,12
DEV_008_2024-12-13 08:00:00,2024-12-13 08:00:00,DEV_008,71,2,87,51
DEV_008_2024-12-13 12:00:00,2024-12-13 12:00:00,DEV_008,39,96,11,34
DEV_008_2024-12-13 16:00:00,2024-12-13 16:00:00,DEV_008,18,89,33,65
DEV_008_2024-12-13 20:00:00,2024-12-13 20:00:00,DEV_008,9,54,45,49
DEV_008_2024-12-14 00:00:00,2024-12-14 00:00:00,DEV_008,65,84,28,1
DEV_008_2024-12-14 04:00:00,2024-12-14 04:00:00,DEV_008,82,79,48,99
DEV_008_2024-12-14 08:00:00,2024-12-14 08:00:00,DEV_008,90,48,77,16
DEV_008_2024-12-14 12:00:00,2024-12-14 12:00:00,DEV_008,3,7,19,96
DEV_008_2024-12-14 16:00:00,2024-12-14 16:00:00,DEV_008,18,6,54,74
DEV_008_2024-12-14 20:00:00,2024-12-14 20:00:00,DEV_008,88,50,51,98
DEV_008_2024-12-15 00:00:00,2024-12-15 00:00:00,DEV_008,52,26,97,41
DEV_008_2024-12-15 04:00:00,2024-12-15 04:00:00,DEV_008,61,57,31,32
DEV_008_2024-12-15 08:00:00,2024-12-15 08:00:00,DEV_008,32,41,34,67
DEV_008_2024-12-15 12:00:00,2024-12-15 12:00:00,DEV_008,58,44,9,7
DEV_008_2024-12-15 16:00:00,2024-12-15 16:00:00,DEV_008,33,98,5,2
DEV_008_2024-12-15 20:00:00,2024-12-15 20:00:00,DEV_008,46,10,44,88
DEV_008_2024-12-16 00:00:00,2024-12-16 00:00:00,DEV_008,73,39,28,42
DEV_008_2024-12-16 04:00:00,2024-12-16 04:00:00,DEV_008,24,31,77,97
DEV_008_2024-12-16 08:00:00,2024-12-16 08:00:00,DEV_008,44,67,14,63
DEV_008_2024-12-16 12:00:00,2024-12-16 12:00:00,DEV_008,36,91,16,95
DEV_008_2024-12-16 16:00:00,2024-12-16 16:00:00,DEV_008,93,44,74,94
DEV_008_2024-12-16 20:00:00,2024-12-16 20:00:00,DEV_008,15,25,22,97
DEV_008_2024-12-17 00:00:00,2024-12-17 00:00:00,DEV_008,90,4,87,64
DEV_008_2024-12-17 04:00:00,2024-12-17 04:00:00,DEV_008,31,11,29,3
DEV_008_2024-12-17 08:00:00,2024-12-17 08:00:00,DEV_008,88,52,10,90
DEV_008_2024-12-17 12:00:00,2024-12-17 12:00:00,DEV_008,72,12,85,68
DEV_008_2024-12-17 16:00:00,2024-12-17 16:00:00,DEV_008,95,67,24,66
DEV_008_2024-12-17 20:00:00,2024-12-17 20:00:00,DEV_008,69,97,35,55
DEV_008_2024-12-18 00:00:00,2024-12-18 00:00:00,DEV_008,68,63,18,18
DEV_008_2024-12-18 04:00:00,2024-12-18 04:00:00,DEV_008,64,56,33,23
DEV_008_2024-12-18 08:00:00,2024-12-18 08:00:00,DEV_008,39,15,25,10
DEV_008_2024-12-18 12:00:00,2024-12-18 12:00:00,DEV_008,20,2,94,95
DEV_008_2024-12-18 16:00:00,2024-12-18 16:00:00,DEV_008,55,39,19,71
DEV_008_2024-12-18 20:00:00,2024-12-18 20:00:00,DEV_008,42,3,89,21
DEV_008_2024-12-19 00:00:00,2024-12-19 00:00:00,DEV_008,55,51,50,61
DEV_008_2024-12-19 04:00:00,2024-12-19 04:00:00,DEV_008,50,22,35,53
DEV_008_2024-12-19 08:00:00,2024-12-19 08:00:00,DEV_008,22,83,84,69
DEV_008_2024-12-19 12:00:00,2024-12-19 12:00:00,DEV_008,22,9,6,28
DEV_008_2024-12-19 16:00:00,2024-12-19 16:00:00,DEV_008,58,85,5,42
DEV_008_2024-12-19 20:00:00,2024-12-19 20:00:00,DEV_008,1,26,66,93
DEV_008_2024-12-20 00:00:00,2024-12-20 00:00:00,DEV_008,13,27,49,63
DEV_008_2024-12-20 04:00:00,2024-12-20 04:00:00,DEV_008,2,8,32,61
DEV_008_2024-12-20 08:00:00,2024-12-20 08:00:00,DEV_008,36,27,36,39
DEV_008_2024-12-20 12:00:00,2024-12-20 12:00:00,DEV_008,18,53,60,36
DEV_008_2024-12-20 16:00:00,2024-12-20 16:00:00,DEV_008,97,52,27,37
DEV_008_2024-12-20 20:00:00,2024-12-20 20:00:00,DEV_008,91,27,51,31
DEV_008_2024-12-21 00:00:00,2024-12-21 00:00:00,DEV_008,86,27,97,11
DEV_008_2024-12-21 04:00:00,2024-12-21 04:00:00,DEV_008,88,24,41,3
DEV_008_2024-12-21 08:00:00,2024-12-21 08:00:00,DEV_008,75,26,56,52
DEV_008_2024-12-21 12:00:00,2024-12-21 12:00:00,DEV_008,67,22,99,69
DEV_008_2024-12-21 16:00:00,2024-12-21 16:00:00,DEV_008,3,96,74,43
DEV_008_2024-12-21 20:00:00,2024-12-21 20:00:00,DEV_008,21,11,31,85
DEV_008_2024-12-22 00:00:00,2024-12-22 00:00:00,DEV_008,45,98,36,29
DEV_008_2024-12-22 04:00:00,2024-12-22 04:00:00,DEV_008,65,9,47,3
DEV_008_2024-12-22 08:00:00,2024-12-22 08:00:00,DEV_008,26,74,73,30
DEV_008_2024-12-22 12:00:00,2024-12-22 12:00:00,DEV_008,20,40,3,15
DEV_008_2024-12-22 16:00:00,2024-12-22 16:00:00,DEV_008,81,85,98,93
DEV_008_2024-12-22 20:00:00,2024-12-22 20:00:00,DEV_008,38,58,49,89
DEV_008_2024-12-23 00:00:00,2024-12-23 00:00:00,DEV_008,1,13,2,99
DEV_008_2024-12-23 04:00:00,2024-12-23 04:00:00,DEV_008,55,30,63,77
DEV_008_2024-12-23 08:00:00,2024-12-23 08:00:00,DEV_008,14,35,83,10
DEV_008_2024-12-23 12:00:00,2024-12-23 12:00:00,DEV_008,76,43,60,45
DEV_008_2024-12-23 16:00:00,2024-12-23 16:00:00,DEV_008,49,54,55,88
DEV_008_2024-12-23 20:00:00,2024-12-23 20:00:00,DEV_008,44,36,91,79
DEV_008_2024-12-24 00:00:00,2024-12-24 00:00:00,DEV_008,86,45,98,6
DEV_008_2024-12-24 04:00:00,2024-12-24 04:00:00,DEV_008,39,11,50,36
DEV_008_2024-12-24 08:00:00,2024-12-24 08:00:00,DEV_008,64,1,36,62
DEV_008_2024-12-24 12:00:00,2024-12-24 12:00:00,DEV_008,91,10,63,22
DEV_008_2024-12-24 16:00:00,2024-12-24 16:00:00,DEV_008,72,9,95,9
DEV_008_2024-12-24 20:00:00,2024-12-24 20:00:00,DEV_008,16,64,14,14
DEV_008_2024-12-25 00:00:00,2024-12-25 00:00:00,DEV_008,56,87,77,60
DEV_008_2024-12-25 04:00:00,2024-12-25 04:00:00,DEV_008,37,68,18,30
DEV_008_2024-12-25 08:00:00,2024-12-25 08:00:00,DEV_008,37,18,35,36
DEV_008_2024-12-25 12:00:00,2024-12-25 12:00:00,DEV_008,45,96,56,51
DEV_008_2024-12-25 16:00:00,2024-12-25 16:00:00,DEV_008,13,46,61,65
DEV_008_2024-12-25 20:00:00,2024-12-25 20:00:00,DEV_008,29,10,80,20
DEV_008_2024-12-26 00:00:00,2024-12-26 00:00:00,DEV_008,39,56,1,55
DEV_008_2024-12-26 04:00:00,2024-12-26 04:00:00,DEV_008,92,5,3,81
DEV_008_2024-12-26 08:00:00,2024-12-26 08:00:00,DEV_008,32,35,96,71
DEV_008_2024-12-26 12:00:00,2024-12-26 12:00:00,DEV_008,43,47,39,45
DEV_008_2024-12-26 16:00:00,2024-12-26 16:00:00,DEV_008,81,48,82,73
DEV_008_2024-12-26 20:00:00,2024-12-26 20:00:00,DEV_008,59,73,1,41
DEV_008_2024-12-27 00:00:00,2024-12-27 00:00:00,DEV_008,62,70,42,65
DEV_008_2024-12-27 04:00:00,2024-12-27 04:00:00,DEV_008,49,79,64,79
DEV_008_2024-12-27 08:00:00,2024-12-27 08:00:00,DEV_008,46,22,23,4
DEV_008_2024-12-27 12:00:00,2024-12-27 12:00:00,DEV_008,80,52,17,51
DEV_008_2024-12-27 16:00:00,2024-12-27 16:00:00,DEV_008,61,6,12,62
DEV_008_2024-12-27 20:00:00,2024-12-27 20:00:00,DEV_008,9,95,57,23
DEV_008_2024-12-28 00:00:00,2024-12-28 00:00:00,DEV_008,59,28,54,13
DEV_008_2024-12-28 04:00:00,2024-12-28 04:00:00,DEV_008,76,3,38,58
DEV_008_2024-12-28 08:00:00,2024-12-28 08:00:00,DEV_008,99,2,53,3
DEV_008_2024-12-28 12:00:00,2024-12-28 12:00:00,DEV_008,95,65,10,93
DEV_008_2024-12-28 16:00:00,2024-12-28 16:00:00,DEV_008,90,3,13,89
DEV_008_2024-12-28 20:00:00,2024-12-28 20:00:00,DEV_008,38,17,1,14
DEV_008_2024-12-29 00:00:00,2024-12-29 00:00:00,DEV_008,1,92,37,66
DEV_008_2024-12-29 04:00:00,2024-12-29 04:00:00,DEV_008,80,15,1,11
DEV_008_2024-12-29 08:00:00,2024-12-29 08:00:00,DEV_008,13,86,68,59
DEV_008_2024-12-29 12:00:00,2024-12-29 12:00:00,DEV_008,17,40,72,23
DEV_008_2024-12-29 16:00:00,2024-12-29 16:00:00,DEV_008,16,60,94,97
DEV_008_2024-12-29 20:00:00,2024-12-29 20:00:00,DEV_008,16,69,92,12
DEV_009_2024-09-01 00:00:00,2024-09-01 00:00:00,DEV_009,28,18,2,51
DEV_009_2024-09-01 02:00:00,2024-09-01 02:00:00,DEV_009,10,65,13,29
DEV_009_2024-09-01 04:00:00,2024-09-01 04:00:00,DEV_009,2,91,34,65
DEV_009_2024-09-01 06:00:00,2024-09-01 06:00:00,DEV_009,5,22,16,16
DEV_009_2024-09-01 08:00:00,2024-09-01 08:00:00,DEV_009,11,70,5,10
DEV_009_2024-09-01 10:00:00,2024-09-01 10:00:00,DEV_009,82,6,39,14
DEV_009_2024-09-01 12:00:00,2024-09-01 12:00:00,DEV_009,1,53,93,82
DEV_009_2024-09-01 14:00:00,2024-09-01 14:00:00,DEV_009,84,1,81,39
DEV_009_2024-09-01 16:00:00,2024-09-01 16:00:00,DEV_009,92,88,66,31
DEV_009_2024-09-01 18:00:00,2024-09-01 18:00:00,DEV_009,51,36,60,96
DEV_009_2024-09-01 20:00:00,2024-09-01 20:00:00,DEV_009,15,34,37,79
DEV_009_2024-09-01 22:00:00,2024-09-01 22:00:00,DEV_009,20,46,24,71
DEV_009_2024-09-02 00:00:00,2024-09-02 00:00:00,DEV_009,79,96,40,49
DEV_009_2024-09-02 02:00:00,2024-09-02 02:00:00,DEV_009,45,52,47,4
DEV_009_2024-09-02 04:00:00,2024-09-02 04:00:00,DEV_009,25,63,13,37
DEV_009_2024-09-02 06:00:00,2024-09-02 06:00:00,DEV_009,71,78,25,75
DEV_009_2024-09-02 08:00:00,2024-09-02 08:00:00,DEV_009,97,19,94,15
DEV_009_2024-09-02 10:00:00,2024-09-02 10:00:00,DEV_009,45,93,64,47
DEV_009_2024-09-02 12:00:00,2024-09-02 12:00:00,DEV_009,83,25,52,69
DEV_009_2024-09-02 14:00:00,2024-09-02 14:00:00,DEV_009,71,50,1,65
DEV_009_2024-09-02 16:00:00,2024-09-02 16:00:00,DEV_009,56,69,45,19
DEV_009_2024-09-02 18:00:00,2024-09-02 18:00:00,DEV_009,82,96,14,11
DEV_009_2024-09-02 20:00:00,2024-09-02 20:00:00,DEV_009,56,53,85,68
DEV_009_2024-09-02 22:00:00,2024-09-02 22:00:00,DEV_009,55,11,67,27
DEV_009_2024-09-03 00:00:00,2024-09-03 00:00:00,DEV_009,86,28,65,52
DEV_009_2024-09-03 02:00:00,2024-09-03 02:00:00,DEV_009,48,56,40,48
DEV_009_2024-09-03 04:00:00,2024-09-03 04:00:00,DEV_009,96,18,73,67
DEV_009_2024-09-03 06:00:00,2024-09-03 06:00:00,DEV_009,20,10,36,58
DEV_009_2024-09-03 08:00:00,2024-09-03 08:00:00,DEV_009,46,6,41,66
DEV_009_2024-09-03 10:00:00,2024-09-03 10:00:00,DEV_009,9,26,18,2
DEV_009_2024-09-03 12:00:00,2024-09-03 12:00:00,DEV_009,86,7,26,67
DEV_009_2024-09-03 14:00:00,2024-09-03 14:00:00,DEV_009,13,90,64,99
DEV_009_2024-09-03 16:00:00,2024-09-03 16:00:00,DEV_009,24,97,2,93
DEV_009_2024-09-03 18:00:00,2024-09-03 18:00:00,DEV_009,82,79,83,35
DEV_009_2024-09-03 20:00:00,2024-09-03 20:00:00,DEV_009,27,9,29,77
DEV_009_2024-09-03 22:00:00,2024-09-03 22:00:00,DEV_009,13,86,11,77
DEV_009_2024-09-04 00:00:00,2024-09-04 00:00:00,DEV_009,50,31,35,65
DEV_009_2024-09-04 02:00:00,2024-09-04 02:00:00,DEV_009,52,76,60,59
DEV_009_2024-09-04 04:00:00,2024-09-04 04:00:00,DEV_009,40,38,55,37
DEV_009_2024-09-04 06:00:00,2024-09-04 06:00:00,DEV_009,30,36,90,6
DEV_009_2024-09-04 08:00:00,2024-09-04 08:00:00,DEV_009,25,89,16,21
DEV_009_2024-09-04 10:00:00,2024-09-04 10:00:00,DEV_009,79,14,32,95
DEV_009_2024-09-04 12:00:00,2024-09-04 12:00:00,DEV_009,29,69,55,36
DEV_009_2024-09-04 14:00:00,2024-09-04 14:00:00,DEV_009,20,35,4,31
DEV_009_2024-09-04 16:00:00,2024-09-04 16:00:00,DEV_009,49,9,52,89
DEV_009_2024-09-04 18:00:00,2024-09-04 18:00:00,DEV_009,11,93,92,3
DEV_009_2024-09-04 20:00:00,2024-09-04 20:00:00,DEV_009,40,62,58,22
DEV_009_2024-09-04 22:00:00,2024-09-04 22:00:00,DEV_009,98,27,99,1
DEV_009_2024-09-05 00:00:00,2024-09-05 00:00:00,DEV_009,45,58,93,60
DEV_009_2024-09-05 02:00:00,2024-09-05 02:00:00,DEV_009,9,71,40,28
DEV_009_2024-09-05 04:00:00,2024-09-05 04:00:00,DEV_009,57,25,52,55
DEV_009_2024-09-05 06:00:00,2024-09-05 06:00:00,DEV_009,49,20,60,14
DEV_009_2024-09-05 08:00:00,2024-09-05 08:00:00,DEV_009,57,60,10,86
DEV_009_2024-09-05 10:00:00,2024-09-05 10:00:00,DEV_009,1,3,6,17
DEV_009_2024-09-05 12:00:00,2024-09-05 12:00:00,DEV_009,56,30,89,22
DEV_009_2024-09-05 14:00:00,2024-09-05 14:00:00,DEV_009,85,22,91,54
DEV_009_2024-09-05 16:00:00,2024-09-05 16:00:00,DEV_009,43,79,63,56
DEV_009_2024-09-05 18:00:00,2024-09-05 18:00:00,DEV_009,2,54,28,1
DEV_009_2024-09-05 20:00:00,2024-09-05 20:00:00,DEV_009,84,46,72,86
DEV_009_2024-09-05 22:00:00,2024-09-05 22:00:00,DEV_009,98,40,47,84
DEV_009_2024-09-06 00:00:00,2024-09-06 00:00:00,DEV_009,48,88,55,30
DEV_009_2024-09-06 02:00:00,2024-09-06 02:00:00,DEV_009,4,21,6,17
DEV_009_2024-09-06 04:00:00,2024-09-06 04:00:00,DEV_009,16,44,69,75
DEV_009_2024-09-06 06:00:00,2024-09-06 06:00:00,DEV_009,85,99,30,93
DEV_009_2024-09-06 08:00:00,2024-09-06 08:00:00,DEV_009,28,90,35,86
DEV_009_2024-09-06 10:00:00,2024-09-06 10:00:00,DEV_009,15,82,53,2
DEV_009_2024-09-06 12:00:00,2024-09-06 12:00:00,DEV_009,89,5,20,49
DEV_009_2024-09-06 14:00:00,2024-09-06 14:00:00,DEV_009,83,42,76,18
DEV_009_2024-09-06 16:00:00,2024-09-06 16:00:00,DEV_009,38,77,36,62
DEV_009_2024-09-06 18:00:00,2024-09-06 18:00:00,DEV_009,77,27,56,31
DEV_009_2024-09-06 20:00:00,2024-09-06 20:00:00,DEV_009,73,68,68,49
DEV_009_2024-09-06 22:00:00,2024-09-06 22:00:00,DEV_009,9,93,11,27
DEV_009_2024-09-07 00:00:00,2024-09-07 00:00:00,DEV_009,55,60,90,68
DEV_009_2024-09-07 02:00:00,2024-09-07 02:00:00,DEV_009,42,35,79,94
DEV_009_2024-09-07 04:00:00,2024-09-07 04:00:00,DEV_009,82,5,23,49
DEV_009_2024-09-07 06:00:00,2024-09-07 06:00:00,DEV_009,71,64,85,12
DEV_009_2024-09-07 08:00:00,2024-09-07 08:00:00,DEV_009,79,39,59,56
DEV_009_2024-09-07 10:00:00,2024-09-07 10:00:00,DEV_009,58,32,22,46
DEV_009_2024-09-07 12:00:00,2024-09-07 12:00:00,DEV_009,46,12,95,29
DEV_009_2024-09-07 14:00:00,2024-09-07 14:00:00,DEV_009,56,39,19,76
DEV_009_2024-09-07 16:00:00,2024-09-07 16:00:00,DEV_009,56,92,14,35
DEV_009_2024-09-07 18:00:00,2024-09-07 18:00:00,DEV_009,80,81,95,99
DEV_009_2024-09-07 20:00:00,2024-09-07 20:00:00,DEV_009,56,71,36,41
DEV_009_2024-09-07 22:00:00,2024-09-07 22:00:00,DEV_009,43,78,50,2
DEV_009_2024-09-08 00:00:00,2024-09-08 00:00:00,DEV_009,34,8,59,88
DEV_009_2024-09-08 02:00:00,2024-09-08 02:00:00,DEV_009,72,42,42,38
DEV_009_2024-09-08 04:00:00,2024-09-08 04:00:00,DEV_009,75,91,72,49
DEV_009_2024-09-08 06:00:00,2024-09-08 06:00:00,DEV_009,77,76,60,93
DEV_009_2024-09-08 08:00:00,2024-09-08 08:00:00,DEV_009,43,47,38,6
DEV_009_2024-09-08 10:00:00,2024-09-08 10:00:00,DEV_009,71,66,56,26
DEV_009_2024-09-08 12:00:00,2024-09-08 12:00:00,DEV_009,39,17,49,74
DEV_009_2024-09-08 14:00:00,2024-09-08 14:00:00,DEV_009,20,27,4,36
DEV_009_2024-09-08 16:00:00,2024-09-08 16:00:00,DEV_009,54,14,49,18
DEV_009_2024-09-08 18:00:00,2024-09-08 18:00:00,DEV_009,55,44,87,69
DEV_009_2024-09-08 20:00:00,2024-09-08 20:00:00,DEV_009,75,46,39,31
DEV_009_2024-09-08 22:00:00,2024-09-08 22:00:00,DEV_009,78,80,91,45
DEV_009_2024-09-09 00:00:00,2024-09-09 00:00:00,DEV_009,66,16,20,33
DEV_009_2024-09-09 02:00:00,2024-09-09 02:00:00,DEV_009,83,86,77,15
DEV_009_2024-09-09 04:00:00,2024-09-09 04:00:00,DEV_009,15,18,87,85
DEV_009_2024-09-09 06:00:00,2024-09-09 06:00:00,DEV_009,37,65,97,91
DEV_009_2024-09-09 08:00:00,2024-09-09 08:00:00,DEV_009,48,62,77,7
DEV_009_2024-09-09 10:00:00,2024-09-09 10:00:00,DEV_009,88,29,15,25
DEV_009_2024-09-09 12:00:00,2024-09-09 12:00:00,DEV_009,45,76,58,1
DEV_009_2024-09-09 14:00:00,2024-09-09 14:00:00,DEV_009,35,70,99,64
DEV_009_2024-09-09 16:00:00,2024-09-09 16:00:00,DEV_009,98,89,93,85
DEV_009_2024-09-09 18:00:00,2024-09-09 18:00:00,DEV_009,7,13,96,39
DEV_009_2024-09-09 20:00:00,2024-09-09 20:00:00,DEV_009,37,69,8,29
DEV_009_2024-09-09 22:00:00,2024-09-09 22:00:00,DEV_009,30,32,17,26
DEV_009_2024-09-10 00:00:00,2024-09-10 00:00:00,DEV_009,42,26,14,2
DEV_009_2024-09-10 02:00:00,2024-09-10 02:00:00,DEV_009,45,59,39,23
DEV_009_2024-09-10 04:00:00,2024-09-10 04:00:00,DEV_009,95,26,5,35
DEV_009_2024-09-10 06:00:00,2024-09-10 06:00:00,DEV_009,86,38,73,37
DEV_009_2024-09-10 08:00:00,2024-09-10 08:00:00,DEV_009,36,28,50,98
DEV_009_2024-09-10 10:00:00,2024-09-10 10:00:00,DEV_009,45,23,67,3
DEV_009_2024-09-10 12:00:00,2024-09-10 12:00:00,DEV_009,91,73,84,45
DEV_009_2024-09-10 14:00:00,2024-09-10 14:00:00,DEV_009,23,73,80,33
DEV_009_2024-09-10 16:00:00,2024-09-10 16:00:00,DEV_009,75,88,92,23
DEV_009_2024-09-10 18:00:00,2024-09-10 18:00:00,DEV_009,19,14,3,53
DEV_009_2024-09-10 20:00:00,2024-09-10 20:00:00,DEV_009,49,42,12,4
DEV_009_2024-09-10 22:00:00,2024-09-10 22:00:00,DEV_009,66,41,1,58
DEV_009_2024-09-11 00:00:00,2024-09-11 00:00:00,DEV_009,81,77,77,30
DEV_009_2024-09-11 02:00:00,2024-09-11 02:00:00,DEV_009,26,24,54,11
DEV_009_2024-09-11 04:00:00,2024-09-11 04:00:00,DEV_009,12,12,53,61
DEV_009_2024-09-11 06:00:00,2024-09-11 06:00:00,DEV_009,9,72,73,31
DEV_009_2024-09-11 08:00:00,2024-09-11 08:00:00,DEV_009,4,19,7,24
DEV_009_2024-09-11 10:00:00,2024-09-11 10:00:00,DEV_009,31,10,19,47
DEV_009_2024-09-11 12:00:00,2024-09-11 12:00:00,DEV_009,30,21,41,58
DEV_009_2024-09-11 14:00:00,2024-09-11 14:00:00,DEV_009,96,44,14,61
DEV_009_2024-09-11 16:00:00,2024-09-11 16:00:00,DEV_009,20,78,43,9
DEV_009_2024-09-11 18:00:00,2024-09-11 18:00:00,DEV_009,81,26,87,50
DEV_009_2024-09-11 20:00:00,2024-09-11 20:00:00,DEV_009,59,24,83,1
DEV_009_2024-09-11 22:00:00,2024-09-11 22:00:00,DEV_009,38,96,95,66
DEV_009_2024-09-12 00:00:00,2024-09-12 00:00:00,DEV_009,40,94,45,70
DEV_009_2024-09-12 02:00:00,2024-09-12 02:00:00,DEV_009,3,27,28,56
DEV_009_2024-09-12 04:00:00,2024-09-12 04:00:00,DEV_009,14,76,13,93
DEV_009_2024-09-12 06:00:00,2024-09-12 06:00:00,DEV_009,54,20,47,41
DEV_009_2024-09-12 08:00:00,2024-09-12 08:00:00,DEV_009,59,54,57,86
DEV_009_2024-09-12 10:00:00,2024-09-12 10:00:00,DEV_009,1,62,37,7
DEV_009_2024-09-12 12:00:00,2024-09-12 12:00:00,DEV_009,73,1,53,91
DEV_009_2024-09-12 14:00:00,2024-09-12 14:00:00,DEV_009,21,75,57,71
DEV_009_2024-09-12 16:00:00,2024-09-12 16:00:00,DEV_009,98,72,31,39
DEV_009_2024-09-12 18:00:00,2024-09-12 18:00:00,DEV_009,50,24,45,2
DEV_009_2024-09-12 20:00:00,2024-09-12 20:00:00,DEV_009,16,93,20,2
DEV_009_2024-09-12 22:00:00,2024-09-12 22:00:00,DEV_009,3,56,10,86
DEV_009_2024-09-13 00:00:00,2024-09-13 00:00:00,DEV_009,82,51,49,56
DEV_009_2024-09-13 02:00:00,2024-09-13 02:00:00,DEV_009,13,64,63,41
DEV_009_2024-09-13 04:00:00,2024-09-13 04:00:00,DEV_009,54,40,36,30
DEV_009_2024-09-13 06:00:00,2024-09-13 06:00:00,DEV_009,17,3,86,67
DEV_009_2024-09-13 08:00:00,2024-09-13 08:00:00,DEV_009,37,4,97,14
DEV_009_2024-09-13 10:00:00,2024-09-13 10:00:00,DEV_009,41,81,48,25
DEV_009_2024-09-13 12:00:00,2024-09-13 12:00:00,DEV_009,39,10,81,29
DEV_009_2024-09-13 14:00:00,2024-09-13 14:00:00,DEV_009,94,33,83,57
DEV_009_2024-09-13 16:00:00,2024-09-13 16:00:00,DEV_009,38,59,25,80
DEV_009_2024-09-13 18:00:00,2024-09-13 18:00:00,DEV_009,79,66,21,27
DEV_009_2024-09-13 20:00:00,2024-09-13 20:00:00,DEV_009,39,25,8,5
DEV_009_2024-09-13 22:00:00,2024-09-13 22:00:00,DEV_009,89,21,65,16
DEV_009_2024-09-14 00:00:00,2024-09-14 00:00:00,DEV_009,19,65,69,60
DEV_009_2024-09-14 02:00:00,2024-09-14 02:00:00,DEV_009,51,47,65,12
DEV_009_2024-09-14 04:00:00,2024-09-14 04:00:00,DEV_009,41,47,26,94
DEV_009_2024-09-14 06:00:00,2024-09-14 06:00:00,DEV_009,73,38,1,22
DEV_009_2024-09-14 08:00:00,2024-09-14 08:00:00,DEV_009,38,86,83,27
DEV_009_2024-09-14 10:00:00,2024-09-14 10:00:00,DEV_009,57,9,76,8
DEV_009_2024-09-14 12:00:00,2024-09-14 12:00:00,DEV_009,31,31,47,64
DEV_009_2024-09-14 14:00:00,2024-09-14 14:00:00,DEV_009,10,35,57,75
DEV_009_2024-09-14 16:00:00,2024-09-14 16:00:00,DEV_009,79,19,7,17
DEV_009_2024-09-14 18:00:00,2024-09-14 18:00:00,DEV_009,51,63,81,25
DEV_009_2024-09-14 20:00:00,2024-09-14 20:00:00,DEV_009,60,90,10,33
DEV_009_2024-09-14 22:00:00,2024-09-14 22:00:00,DEV_009,38,16,84,62
DEV_009_2024-09-15 00:00:00,2024-09-15 00:00:00,DEV_009,64,50,57,37
DEV_009_2024-09-15 02:00:00,2024-09-15 02:00:00,DEV_009,23,35,91,61
DEV_009_2024-09-15 04:00:00,2024-09-15 04:00:00,DEV_009,76,13,36,14
DEV_009_2024-09-15 06:00:00,2024-09-15 06:00:00,DEV_009,29,13,31,22
DEV_009_2024-09-15 08:00:00,2024-09-15 08:00:00,DEV_009,6,97,35,83
DEV_009_2024-09-15 10:00:00,2024-09-15 10:00:00,DEV_009,56,39,96,19
DEV_009_2024-09-15 12:00:00,2024-09-15 12:00:00,DEV_009,83,15,54,86
DEV_009_2024-09-15 14:00:00,2024-09-15 14:00:00,DEV_009,72,75,68,51
DEV_009_2024-09-15 16:00:00,2024-09-15 16:00:00,DEV_009,9,74,77,77
DEV_009_2024-09-15 18:00:00,2024-09-15 18:00:00,DEV_009,60,85,70,54
DEV_009_2024-09-15 20:00:00,2024-09-15 20:00:00,DEV_009,42,92,24,59
DEV_009_2024-09-15 22:00:00,2024-09-15 22:00:00,DEV_009,22,83,90,67
DEV_009_2024-09-16 00:00:00,2024-09-16 00:00:00,DEV_009,88,43,18,45
DEV_009_2024-09-16 02:00:00,2024-09-16 02:00:00,DEV_009,55,52,29,45
DEV_009_2024-09-16 04:00:00,2024-09-16 04:00:00,DEV_009,86,29,50,24
DEV_009_2024-09-16 06:00:00,2024-09-16 06:00:00,DEV_009,1,84,45,45
DEV_009_2024-09-16 08:00:00,2024-09-16 08:00:00,DEV_009,19,16,79,95
DEV_009_2024-09-16 10:00:00,2024-09-16 10:00:00,DEV_009,3,74,79,86
DEV_009_2024-09-16 12:00:00,2024-09-16 12:00:00,DEV_009,30,83,94,56
DEV_009_2024-09-16 14:00:00,2024-09-16 14:00:00,DEV_009,17,58,70,64
DEV_009_2024-09-16 16:00:00,2024-09-16 16:00:00,DEV_009,55,86,79,7
DEV_009_2024-09-16 18:00:00,2024-09-16 18:00:00,DEV_009,15,6,12,48
DEV_009_2024-09-16 20:00:00,2024-09-16 20:00:00,DEV_009,38,93,8,63
DEV_009_2024-09-16 22:00:00,2024-09-16 22:00:00,DEV_009,36,32,92,15
DEV_009_2024-09-17 00:00:00,2024-09-17 00:00:00,DEV_009,94,19,17,11
DEV_009_2024-09-17 02:00:00,2024-09-17 02:00:00,DEV_009,7,12,81,36
DEV_009_2024-09-17 04:00:00,2024-09-17 04:00:00,DEV_009,63,26,49,42
DEV_009_2024-09-17 06:00:00,2024-09-17 06:00:00,DEV_009,75,60,75,71
DEV_009_2024-09-17 08:00:00,2024-09-17 08:00:00,DEV_009,45,16,47,99
DEV_009_2024-09-17 10:00:00,2024-09-17 10:00:00,DEV_009,49,44,55,48
DEV_009_2024-09-17 12:00:00,2024-09-17 12:00:00,DEV_009,98,58,85,70
DEV_009_2024-09-17 14:00:00,2024-09-17 14:00:00,DEV_009,49,31,89,71
DEV_009_2024-09-17 16:00:00,2024-09-17 16:00:00,DEV_009,72,61,73,63
DEV_009_2024-09-17 18:00:00,2024-09-17 18:00:00,DEV_009,72,24,40,17
DEV_009_2024-09-17 20:00:00,2024-09-17 20:00:00,DEV_009,39,78,24,6
DEV_009_2024-09-17 22:00:00,2024-09-17 22:00:00,DEV_009,1,34,37,12
DEV_009_2024-09-18 00:00:00,2024-09-18 00:00:00,DEV_009,89,3,45,4
DEV_009_2024-09-18 02:00:00,2024-09-18 02:00:00,DEV_009,59,86,10,95
DEV_009_2024-09-18 04:00:00,2024-09-18 04:00:00,DEV_009,55,66,76,4
DEV_009_2024-09-18 06:00:00,2024-09-18 06:00:00,DEV_009,57,23,59,67
DEV_009_2024-09-18 08:00:00,2024-09-18 08:00:00,DEV_009,10,37,59,20
DEV_009_2024-09-18 10:00:00,2024-09-18 10:00:00,DEV_009,72,19,79,74
DEV_009_2024-09-18 12:00:00,2024-09-18 12:00:00,DEV_009,10,91,94,22
DEV_009_2024-09-18 14:00:00,2024-09-18 14:00:00,DEV_009,13,75,35,21
DEV_009_2024-09-18 16:00:00,2024-09-18 16:00:00,DEV_009,30,7,52,47
DEV_009_2024-09-18 18:00:00,2024-09-18 18:00:00,DEV_009,41,32,53,89
DEV_009_2024-09-18 20:00:00,2024-09-18 20:00:00,DEV_009,29,24,33,69
DEV_009_2024-09-18 22:00:00,2024-09-18 22:00:00,DEV_009,67,82,76,49
DEV_009_2024-09-19 00:00:00,2024-09-19 00:00:00,DEV_009,2,53,47,72
DEV_009_2024-09-19 02:00:00,2024-09-19 02:00:00,DEV_009,86,45,12,26
DEV_009_2024-09-19 04:00:00,2024-09-19 04:00:00,DEV_009,84,91,93,56
DEV_009_2024-09-19 06:00:00,2024-09-19 06:00:00,DEV_009,44,51,10,13
DEV_009_2024-09-19 08:00:00,2024-09-19 08:00:00,DEV_009,16,66,8,33
DEV_009_2024-09-19 10:00:00,2024-09-19 10:00:00,DEV_009,5,70,23,81
DEV_009_2024-09-19 12:00:00,2024-09-19 12:00:00,DEV_009,69,29,64,39
DEV_009_2024-09-19 14:00:00,2024-09-19 14:00:00,DEV_009,51,14,64,58
DEV_009_2024-09-19 16:00:00,2024-09-19 16:00:00,DEV_009,19,13,32,35
DEV_009_2024-09-19 18:00:00,2024-09-19 18:00:00,DEV_009,40,80,31,31
DEV_009_2024-09-19 20:00:00,2024-09-19 20:00:00,DEV_009,97,25,18,37
DEV_009_2024-09-19 22:00:00,2024-09-19 22:00:00,DEV_009,78,24,79,5
DEV_009_2024-09-20 00:00:00,2024-09-20 00:00:00,DEV_009,81,54,96,86
DEV_009_2024-09-20 02:00:00,2024-09-20 02:00:00,DEV_009,81,70,32,77
DEV_009_2024-09-20 04:00:00,2024-09-20 04:00:00,DEV_009,58,98,2,55
DEV_009_2024-09-20 06:00:00,2024-09-20 06:00:00,DEV_009,4,76,43,30
DEV_009_2024-09-20 08:00:00,2024-09-20 08:00:00,DEV_009,53,18,95,98
DEV_009_2024-09-20 10:00:00,2024-09-20 10:00:00,DEV_009,11,63,25,91
DEV_009_2024-09-20 12:00:00,2024-09-20 12:00:00,DEV_009,32,10,50,21
DEV_009_2024-09-20 14:00:00,2024-09-20 14:00:00,DEV_009,89,50,98,47
DEV_009_2024-09-20 16:00:00,2024-09-20 16:00:00,DEV_009,49,62,53,85
DEV_009_2024-09-20 18:00:00,2024-09-20 18:00:00,DEV_009,64,61,20,93
DEV_009_2024-09-20 20:00:00,2024-09-20 20:00:00,DEV_009,56,95,11,38
DEV_009_2024-09-20 22:00:00,2024-09-20 22:00:00,DEV_009,41,41,4,39
DEV_009_2024-09-21 00:00:00,2024-09-21 00:00:00,DEV_009,67,84,99,14
DEV_009_2024-09-21 02:00:00,2024-09-21 02:00:00,DEV_009,9,16,17,33
DEV_009_2024-09-21 04:00:00,2024-09-21 04:00:00,DEV_009,51,98,34,12
DEV_009_2024-09-21 06:00:00,2024-09-21 06:00:00,DEV_009,3,94,86,67
DEV_009_2024-09-21 08:00:00,2024-09-21 08:00:00,DEV_009,53,73,93,60
DEV_009_2024-09-21 10:00:00,2024-09-21 10:00:00,DEV_009,99,4,28,92
DEV_009_2024-09-21 12:00:00,2024-09-21 12:00:00,DEV_009,41,60,49,39
DEV_009_2024-09-21 14:00:00,2024-09-21 14:00:00,DEV_009,43,4,53,99
DEV_009_2024-09-21 16:00:00,2024-09-21 16:00:00,DEV_009,48,67,69,40
DEV_009_2024-09-21 18:00:00,2024-09-21 18:00:00,DEV_009,81,55,80,80
DEV_009_2024-09-21 20:00:00,2024-09-21 20:00:00,DEV_009,57,90,66,78
DEV_009_2024-09-21 22:00:00,2024-09-21 22:00:00,DEV_009,35,21,28,79
DEV_009_2024-09-22 00:00:00,2024-09-22 00:00:00,DEV_009,43,13,83,17
DEV_009_2024-09-22 02:00:00,2024-09-22 02:00:00,DEV_009,55,30,16,10
DEV_009_2024-09-22 04:00:00,2024-09-22 04:00:00,DEV_009,42,35,14,93
DEV_009_2024-09-22 06:00:00,2024-09-22 06:00:00,DEV_009,98,98,97,93
DEV_009_2024-09-22 08:00:00,2024-09-22 08:00:00,DEV_009,78,42,63,30
DEV_009_2024-09-22 10:00:00,2024-09-22 10:00:00,DEV_009,82,44,19,44
DEV_009_2024-09-22 12:00:00,2024-09-22 12:00:00,DEV_009,80,46,82,76
DEV_009_2024-09-22 14:00:00,2024-09-22 14:00:00,DEV_009,93,68,47,32
DEV_009_2024-09-22 16:00:00,2024-09-22 16:00:00,DEV_009,56,35,24,99
DEV_009_2024-09-22 18:00:00,2024-09-22 18:00:00,DEV_009,89,83,9,28
DEV_009_2024-09-22 20:00:00,2024-09-22 20:00:00,DEV_009,77,70,25,68
DEV_009_2024-09-22 22:00:00,2024-09-22 22:00:00,DEV_009,8,96,13,11
DEV_009_2024-09-23 00:00:00,2024-09-23 00:00:00,DEV_009,83,51,61,57
DEV_009_2024-09-23 02:00:00,2024-09-23 02:00:00,DEV_009,19,45,97,36
DEV_009_2024-09-23 04:00:00,2024-09-23 04:00:00,DEV_009,96,10,74,12
DEV_009_2024-09-23 06:00:00,2024-09-23 06:00:00,DEV_009,73,90,34,16
DEV_009_2024-09-23 08:00:00,2024-09-23 08:00:00,DEV_009,79,32,18,63
DEV_009_2024-09-23 10:00:00,2024-09-23 10:00:00,DEV_009,60,29,3,11
DEV_009_2024-09-23 12:00:00,2024-09-23 12:00:00,DEV_009,29,4,2,14
DEV_009_2024-09-23 14:00:00,2024-09-23 14:00:00,DEV_009,53,16,87,40
DEV_009_2024-09-23 16:00:00,2024-09-23 16:00:00,DEV_009,81,54,55,99
DEV_009_2024-09-23 18:00:00,2024-09-23 18:00:00,DEV_009,15,13,25,86
DEV_009_2024-09-23 20:00:00,2024-09-23 20:00:00,DEV_009,52,32,67,38
DEV_009_2024-09-23 22:00:00,2024-09-23 22:00:00,DEV_009,66,44,68,8
DEV_009_2024-09-24 00:00:00,2024-09-24 00:00:00,DEV_009,55,80,14,94
DEV_009_2024-09-24 02:00:00,2024-09-24 02:00:00,DEV_009,90,79,57,69
DEV_009_2024-09-24 04:00:00,2024-09-24 04:00:00,DEV_009,57,71,26,52
DEV_009_2024-09-24 06:00:00,2024-09-24 06:00:00,DEV_009,73,86,31,4
DEV_009_2024-09-24 08:00:00,2024-09-24 08:00:00,DEV_009,34,87,72,97
DEV_009_2024-09-24 10:00:00,2024-09-24 10:00:00,DEV_009,87,50,15,51
DEV_009_2024-09-24 12:00:00,2024-09-24 12:00:00,DEV_009,36,79,63,19
DEV_009_2024-09-24 14:00:00,2024-09-24 14:00:00,DEV_009,98,30,54,41
DEV_009_2024-09-24 16:00:00,2024-09-24 16:00:00,DEV_009,18,3,36,71
DEV_009_2024-09-24 18:00:00,2024-09-24 18:00:00,DEV_009,50,9,32,57
DEV_009_2024-09-24 20:00:00,2024-09-24 20:00:00,DEV_009,1,40,3,24
DEV_009_2024-09-24 22:00:00,2024-09-24 22:00:00,DEV_009,53,27,54,68
DEV_009_2024-09-25 00:00:00,2024-09-25 00:00:00,DEV_009,53,29,59,23
DEV_009_2024-09-25 02:00:00,2024-09-25 02:00:00,DEV_009,83,17,17,99
DEV_009_2024-09-25 04:00:00,2024-09-25 04:00:00,DEV_009,31,79,15,44
DEV_009_2024-09-25 06:00:00,2024-09-25 06:00:00,DEV_009,1,23,51,40
DEV_009_2024-09-25 08:00:00,2024-09-25 08:00:00,DEV_009,71,5,8,29
DEV_009_2024-09-25 10:00:00,2024-09-25 10:00:00,DEV_009,27,63,55,78
DEV_009_2024-09-25 12:00:00,2024-09-25 12:00:00,DEV_009,20,64,92,34
DEV_009_2024-09-25 14:00:00,2024-09-25 14:00:00,DEV_009,95,40,47,68
DEV_009_2024-09-25 16:00:00,2024-09-25 16:00:00,DEV_009,47,38,67,62
DEV_009_2024-09-25 18:00:00,2024-09-25 18:00:00,DEV_009,1,90,91,79
DEV_009_2024-09-25 20:00:00,2024-09-25 20:00:00,DEV_009,61,53,38,38
DEV_009_2024-09-25 22:00:00,2024-09-25 22:00:00,DEV_009,52,63,51,2
DEV_009_2024-09-26 00:00:00,2024-09-26 00:00:00,DEV_009,32,9,41,18
DEV_009_2024-09-26 02:00:00,2024-09-26 02:00:00,DEV_009,42,43,58,53
DEV_009_2024-09-26 04:00:00,2024-09-26 04:00:00,DEV_009,80,66,89,6
DEV_009_2024-09-26 06:00:00,2024-09-26 06:00:00,DEV_009,46,75,27,50
DEV_009_2024-09-26 08:00:00,2024-09-26 08:00:00,DEV_009,85,13,31,53
DEV_009_2024-09-26 10:00:00,2024-09-26 10:00:00,DEV_009,65,40,88,88
DEV_009_2024-09-26 12:00:00,2024-09-26 12:00:00,DEV_009,20,64,72,28
DEV_009_2024-09-26 14:00:00,2024-09-26 14:00:00,DEV_009,88,96,79,37
DEV_009_2024-09-26 16:00:00,2024-09-26 16:00:00,DEV_009,6,94,4,32
DEV_009_2024-09-26 18:00:00,2024-09-26 18:00:00,DEV_009,41,49,85,17
DEV_009_2024-09-26 20:00:00,2024-09-26 20:00:00,DEV_009,16,48,78,91
DEV_009_2024-09-26 22:00:00,2024-09-26 22:00:00,DEV_009,48,27,63,7
DEV_009_2024-09-27 00:00:00,2024-09-27 00:00:00,DEV_009,2,70,59,60
DEV_009_2024-09-27 02:00:00,2024-09-27 02:00:00,DEV_009,96,45,37,87
DEV_009_2024-09-27 04:00:00,2024-09-27 04:00:00,DEV_009,25,47,70,33
DEV_009_2024-09-27 06:00:00,2024-09-27 06:00:00,DEV_009,50,62,68,97
DEV_009_2024-09-27 08:00:00,2024-09-27 08:00:00,DEV_009,68,40,99,70
DEV_009_2024-09-27 10:00:00,2024-09-27 10:00:00,DEV_009,52,89,63,57
DEV_009_2024-09-27 12:00:00,2024-09-27 12:00:00,DEV_009,69,83,53,31
DEV_009_2024-09-27 14:00:00,2024-09-27 14:00:00,DEV_009,67,96,30,56
DEV_009_2024-09-27 16:00:00,2024-09-27 16:00:00,DEV_009,56,72,1,68
DEV_009_2024-09-27 18:00:00,2024-09-27 18:00:00,DEV_009,25,11,34,33
DEV_009_2024-09-27 20:00:00,2024-09-27 20:00:00,DEV_009,43,3,54,16
DEV_009_2024-09-27 22:00:00,2024-09-27 22:00:00,DEV_009,94,10,55,47
DEV_009_2024-09-28 00:00:00,2024-09-28 00:00:00,DEV_009,60,84,83,81
DEV_009_2024-09-28 02:00:00,2024-09-28 02:00:00,DEV_009,55,74,50,56
DEV_009_2024-09-28 04:00:00,2024-09-28 04:00:00,DEV_009,64,29,34,45
DEV_009_2024-09-28 06:00:00,2024-09-28 06:00:00,DEV_009,34,85,3,67
DEV_009_2024-09-28 08:00:00,2024-09-28 08:00:00,DEV_009,70,12,59,91
DEV_009_2024-09-28 10:00:00,2024-09-28 10:00:00,DEV_009,94,32,80,77
DEV_009_2024-09-28 12:00:00,2024-09-28 12:00:00,DEV_009,83,50,22,22
DEV_009_2024-09-28 14:00:00,2024-09-28 14:00:00,DEV_009,64,71,18,59
DEV_009_2024-09-28 16:00:00,2024-09-28 16:00:00,DEV_009,60,56,19,98
DEV_009_2024-09-28 18:00:00,2024-09-28 18:00:00,DEV_009,82,34,45,28
DEV_009_2024-09-28 20:00:00,2024-09-28 20:00:00,DEV_009,37,67,41,88
DEV_009_2024-09-28 22:00:00,2024-09-28 22:00:00,DEV_009,50,79,98,50
DEV_009_2024-09-29 00:00:00,2024-09-29 00:00:00,DEV_009,42,54,11,84
DEV_009_2024-09-29 02:00:00,2024-09-29 02:00:00,DEV_009,27,37,72,29
DEV_009_2024-09-29 04:00:00,2024-09-29 04:00:00,DEV_009,1,16,63,83
DEV_009_2024-09-29 06:00:00,2024-09-29 06:00:00,DEV_009,29,14,55,90
DEV_009_2024-09-29 08:00:00,2024-09-29 08:00:00,DEV_009,45,76,85,53
DEV_009_2024-09-29 10:00:00,2024-09-29 10:00:00,DEV_009,46,67,3,86
DEV_009_2024-09-29 12:00:00,2024-09-29 12:00:00,DEV_009,49,25,78,93
DEV_009_2024-09-29 14:00:00,2024-09-29 14:00:00,DEV_009,35,53,82,31
DEV_009_2024-09-29 16:00:00,2024-09-29 16:00:00,DEV_009,77,71,27,20
DEV_009_2024-09-29 18:00:00,2024-09-29 18:00:00,DEV_009,49,23,17,11
DEV_009_2024-09-29 20:00:00,2024-09-29 20:00:00,DEV_009,60,6,86,2
DEV_009_2024-09-29 22:00:00,2024-09-29 22:00:00,DEV_009,1,66,14,49
DEV_009_2024-09-30 00:00:00,2024-09-30 00:00:00,DEV_009,36,3,79,36
DEV_009_2024-09-30 02:00:00,2024-09-30 02:00:00,DEV_009,52,79,16,71
DEV_009_2024-09-30 04:00:00,2024-09-30 04:00:00,DEV_009,25,29,13,32
DEV_009_2024-09-30 06:00:00,2024-09-30 06:00:00,DEV_009,65,34,87,1
DEV_009_2024-09-30 08:00:00,2024-09-30 08:00:00,DEV_009,55,82,93,17
DEV_009_2024-09-30 10:00:00,2024-09-30 10:00:00,DEV_009,85,42,59,43
DEV_009_2024-09-30 12:00:00,2024-09-30 12:00:00,DEV_009,63,5,41,10
DEV_009_2024-09-30 14:00:00,2024-09-30 14:00:00,DEV_009,82,79,73,45
DEV_009_2024-09-30 16:00:00,2024-09-30 16:00:00,DEV_009,10,74,61,81
DEV_009_2024-09-30 18:00:00,2024-09-30 18:00:00,DEV_009,56,97,49,97
DEV_009_2024-09-30 20:00:00,2024-09-30 20:00:00,DEV_009,37,48,54,48
DEV_009_2024-09-30 22:00:00,2024-09-30 22:00:00,DEV_009,70,27,20,27
DEV_009_2024-10-01 00:00:00,2024-10-01 00:00:00,DEV_009,4,31,30,57
DEV_009_2024-10-01 02:00:00,2024-10-01 02:00:00,DEV_009,77,7,63,14
DEV_009_2024-10-01 04:00:00,2024-10-01 04:00:00,DEV_009,6,81,68,13
DEV_009_2024-10-01 06:00:00,2024-10-01 06:00:00,DEV_009,29,3,58,98
DEV_009_2024-10-01 08:00:00,2024-10-01 08:00:00,DEV_009,3,55,11,2
DEV_009_2024-10-01 10:00:00,2024-10-01 10:00:00,DEV_009,19,73,3,72
DEV_009_2024-10-01 12:00:00,2024-10-01 12:00:00,DEV_009,19,84,23,69
DEV_009_2024-10-01 14:00:00,2024-10-01 14:00:00,DEV_009,18,25,71,69
DEV_009_2024-10-01 16:00:00,2024-10-01 16:00:00,DEV_009,46,44,24,70
DEV_009_2024-10-01 18:00:00,2024-10-01 18:00:00,DEV_009,31,3,95,38
DEV_009_2024-10-01 20:00:00,2024-10-01 20:00:00,DEV_009,42,99,24,20
DEV_009_2024-10-01 22:00:00,2024-10-01 22:00:00,DEV_009,68,36,17,63
DEV_009_2024-10-02 00:00:00,2024-10-02 00:00:00,DEV_009,11,34,81,69
DEV_009_2024-10-02 02:00:00,2024-10-02 02:00:00,DEV_009,87,45,51,35
DEV_009_2024-10-02 04:00:00,2024-10-02 04:00:00,DEV_009,29,31,65,53
DEV_009_2024-10-02 06:00:00,2024-10-02 06:00:00,DEV_009,11,52,15,83
DEV_009_2024-10-02 08:00:00,2024-10-02 08:00:00,DEV_009,54,80,77,68
DEV_009_2024-10-02 10:00:00,2024-10-02 10:00:00,DEV_009,93,15,48,55
DEV_009_2024-10-02 12:00:00,2024-10-02 12:00:00,DEV_009,81,53,18,37
DEV_009_2024-10-02 14:00:00,2024-10-02 14:00:00,DEV_009,17,35,80,76
DEV_009_2024-10-02 16:00:00,2024-10-02 16:00:00,DEV_009,73,20,23,44
DEV_009_2024-10-02 18:00:00,2024-10-02 18:00:00,DEV_009,88,52,47,35
DEV_009_2024-10-02 20:00:00,2024-10-02 20:00:00,DEV_009,35,13,38,29
DEV_009_2024-10-02 22:00:00,2024-10-02 22:00:00,DEV_009,82,81,79,90
DEV_009_2024-10-03 00:00:00,2024-10-03 00:00:00,DEV_009,3,25,1,8
DEV_009_2024-10-03 02:00:00,2024-10-03 02:00:00,DEV_009,78,94,63,89
DEV_009_2024-10-03 04:00:00,2024-10-03 04:00:00,DEV_009,15,57,78,47
DEV_009_2024-10-03 06:00:00,2024-10-03 06:00:00,DEV_009,93,56,35,20
DEV_009_2024-10-03 08:00:00,2024-10-03 08:00:00,DEV_009,38,65,92,53
DEV_009_2024-10-03 10:00:00,2024-10-03 10:00:00,DEV_009,73,6,58,96
DEV_009_2024-10-03 12:00:00,2024-10-03 12:00:00,DEV_009,23,4,94,68
DEV_009_2024-10-03 14:00:00,2024-10-03 14:00:00,DEV_009,57,10,98,88
DEV_009_2024-10-03 16:00:00,2024-10-03 16:00:00,DEV_009,12,99,9,19
DEV_009_2024-10-03 18:00:00,2024-10-03 18:00:00,DEV_009,76,7,26,17
DEV_009_2024-10-03 20:00:00,2024-10-03 20:00:00,DEV_009,22,13,50,93
DEV_009_2024-10-03 22:00:00,2024-10-03 22:00:00,DEV_009,74,74,27,43
DEV_009_2024-10-04 00:00:00,2024-10-04 00:00:00,DEV_009,47,27,69,51
DEV_009_2024-10-04 02:00:00,2024-10-04 02:00:00,DEV_009,66,80,38,80
DEV_009_2024-10-04 04:00:00,2024-10-04 04:00:00,DEV_009,93,71,10,8
DEV_009_2024-10-04 06:00:00,2024-10-04 06:00:00,DEV_009,84,61,30,99
DEV_009_2024-10-04 08:00:00,2024-10-04 08:00:00,DEV_009,67,40,91,75
DEV_009_2024-10-04 10:00:00,2024-10-04 10:00:00,DEV_009,60,86,4,90
DEV_009_2024-10-04 12:00:00,2024-10-04 12:00:00,DEV_009,30,55,54,30
DEV_009_2024-10-04 14:00:00,2024-10-04 14:00:00,DEV_009,33,67,96,4
DEV_009_2024-10-04 16:00:00,2024-10-04 16:00:00,DEV_009,75,40,21,33
DEV_009_2024-10-04 18:00:00,2024-10-04 18:00:00,DEV_009,96,95,19,60
DEV_009_2024-10-04 20:00:00,2024-10-04 20:00:00,DEV_009,80,74,28,46
DEV_009_2024-10-04 22:00:00,2024-10-04 22:00:00,DEV_009,33,1,16,83
DEV_009_2024-10-05 00:00:00,2024-10-05 00:00:00,DEV_009,60,36,64,21
DEV_009_2024-10-05 02:00:00,2024-10-05 02:00:00,DEV_009,31,75,46,19
DEV_009_2024-10-05 04:00:00,2024-10-05 04:00:00,DEV_009,4,9,82,83
DEV_009_2024-10-05 06:00:00,2024-10-05 06:00:00,DEV_009,35,75,34,20
DEV_009_2024-10-05 08:00:00,2024-10-05 08:00:00,DEV_009,4,87,19,75
DEV_009_2024-10-05 10:00:00,2024-10-05 10:00:00,DEV_009,60,82,52,34
DEV_009_2024-10-05 12:00:00,2024-10-05 12:00:00,DEV_009,90,74,70,17
DEV_009_2024-10-05 14:00:00,2024-10-05 14:00:00,DEV_009,41,21,19,62
DEV_009_2024-10-05 16:00:00,2024-10-05 16:00:00,DEV_009,21,26,41,84
DEV_009_2024-10-05 18:00:00,2024-10-05 18:00:00,DEV_009,80,71,75,4
DEV_009_2024-10-05 20:00:00,2024-10-05 20:00:00,DEV_009,22,31,50,27
DEV_009_2024-10-05 22:00:00,2024-10-05 22:00:00,DEV_009,80,20,87,54
DEV_009_2024-10-06 00:00:00,2024-10-06 00:00:00,DEV_009,98,99,28,85
DEV_009_2024-10-06 02:00:00,2024-10-06 02:00:00,DEV_009,33,86,36,58
DEV_009_2024-10-06 04:00:00,2024-10-06 04:00:00,DEV_009,8,84,64,54
DEV_009_2024-10-06 06:00:00,2024-10-06 06:00:00,DEV_009,71,10,9,72
DEV_009_2024-10-06 08:00:00,2024-10-06 08:00:00,DEV_009,92,34,35,18
DEV_009_2024-10-06 10:00:00,2024-10-06 10:00:00,DEV_009,84,75,10,13
DEV_009_2024-10-06 12:00:00,2024-10-06 12:00:00,DEV_009,30,26,26,27
DEV_009_2024-10-06 14:00:00,2024-10-06 14:00:00,DEV_009,62,58,50,1
DEV_009_2024-10-06 16:00:00,2024-10-06 16:00:00,DEV_009,42,40,9,55
DEV_009_2024-10-06 18:00:00,2024-10-06 18:00:00,DEV_009,2,24,54,29
DEV_009_2024-10-06 20:00:00,2024-10-06 20:00:00,DEV_009,85,93,68,41
DEV_009_2024-10-06 22:00:00,2024-10-06 22:00:00,DEV_009,70,99,36,3
DEV_009_2024-10-07 00:00:00,2024-10-07 00:00:00,DEV_009,13,39,13,56
DEV_009_2024-10-07 02:00:00,2024-10-07 02:00:00,DEV_009,60,42,61,40
DEV_009_2024-10-07 04:00:00,2024-10-07 04:00:00,DEV_009,83,41,13,19
DEV_009_2024-10-07 06:00:00,2024-10-07 06:00:00,DEV_009,7,42,21,69
DEV_009_2024-10-07 08:00:00,2024-10-07 08:00:00,DEV_009,89,27,52,51
DEV_009_2024-10-07 10:00:00,2024-10-07 10:00:00,DEV_009,57,54,75,13
DEV_009_2024-10-07 12:00:00,2024-10-07 12:00:00,DEV_009,90,57,9,80
DEV_009_2024-10-07 14:00:00,2024-10-07 14:00:00,DEV_009,85,93,14,9
DEV_009_2024-10-07 16:00:00,2024-10-07 16:00:00,DEV_009,59,74,5,20
DEV_009_2024-10-07 18:00:00,2024-10-07 18:00:00,DEV_009,48,66,7,63
DEV_009_2024-10-07 20:00:00,2024-10-07 20:00:00,DEV_009,82,92,95,54
DEV_009_2024-10-07 22:00:00,2024-10-07 22:00:00,DEV_009,5,31,78,37
DEV_009_2024-10-08 00:00:00,2024-10-08 00:00:00,DEV_009,22,26,45,19
DEV_009_2024-10-08 02:00:00,2024-10-08 02:00:00,DEV_009,9,60,55,25
DEV_009_2024-10-08 04:00:00,2024-10-08 04:00:00,DEV_009,42,66,81,97
DEV_009_2024-10-08 06:00:00,2024-10-08 06:00:00,DEV_009,41,47,92,82
DEV_009_2024-10-08 08:00:00,2024-10-08 08:00:00,DEV_009,12,61,61,61
DEV_009_2024-10-08 10:00:00,2024-10-08 10:00:00,DEV_009,14,62,1,10
DEV_009_2024-10-08 12:00:00,2024-10-08 12:00:00,DEV_009,8,26,9,66
DEV_009_2024-10-08 14:00:00,2024-10-08 14:00:00,DEV_009,17,14,55,56
DEV_009_2024-10-08 16:00:00,2024-10-08 16:00:00,DEV_009,88,92,53,17
DEV_009_2024-10-08 18:00:00,2024-10-08 18:00:00,DEV_009,62,79,41,24
DEV_009_2024-10-08 20:00:00,2024-10-08 20:00:00,DEV_009,79,29,1,16
DEV_009_2024-10-08 22:00:00,2024-10-08 22:00:00,DEV_009,24,58,66,84
DEV_009_2024-10-09 00:00:00,2024-10-09 00:00:00,DEV_009,77,29,59,18
DEV_009_2024-10-09 02:00:00,2024-10-09 02:00:00,DEV_009,37,16,91,70
DEV_009_2024-10-09 04:00:00,2024-10-09 04:00:00,DEV_009,89,93,83,11
DEV_009_2024-10-09 06:00:00,2024-10-09 06:00:00,DEV_009,34,52,26,89
DEV_009_2024-10-09 08:00:00,2024-10-09 08:00:00,DEV_009,85,51,44,42
DEV_009_2024-10-09 10:00:00,2024-10-09 10:00:00,DEV_009,32,27,55,21
DEV_009_2024-10-09 12:00:00,2024-10-09 12:00:00,DEV_009,81,78,84,43
DEV_009_2024-10-09 14:00:00,2024-10-09 14:00:00,DEV_009,73,17,14,50
DEV_009_2024-10-09 16:00:00,2024-10-09 16:00:00,DEV_009,63,48,32,4
DEV_009_2024-10-09 18:00:00,2024-10-09 18:00:00,DEV_009,15,45,5,21
DEV_009_2024-10-09 20:00:00,2024-10-09 20:00:00,DEV_009,87,96,98,81
DEV_009_2024-10-09 22:00:00,2024-10-09 22:00:00,DEV_009,17,48,5,19
DEV_009_2024-10-10 00:00:00,2024-10-10 00:00:00,DEV_009,93,12,27,79
DEV_009_2024-10-10 02:00:00,2024-10-10 02:00:00,DEV_009,28,98,44,95
DEV_009_2024-10-10 04:00:00,2024-10-10 04:00:00,DEV_009,29,24,32,49
DEV_009_2024-10-10 06:00:00,2024-10-10 06:00:00,DEV_009,13,89,95,67
DEV_009_2024-10-10 08:00:00,2024-10-10 08:00:00,DEV_009,41,54,98,65
DEV_009_2024-10-10 10:00:00,2024-10-10 10:00:00,DEV_009,69,15,69,42
DEV_009_2024-10-10 12:00:00,2024-10-10 12:00:00,DEV_009,1,59,59,74
DEV_009_2024-10-10 14:00:00,2024-10-10 14:00:00,DEV_009,97,36,37,83
DEV_009_2024-10-10 16:00:00,2024-10-10 16:00:00,DEV_009,91,21,33,77
DEV_009_2024-10-10 18:00:00,2024-10-10 18:00:00,DEV_009,24,15,52,22
DEV_009_2024-10-10 20:00:00,2024-10-10 20:00:00,DEV_009,52,53,46,66
DEV_009_2024-10-10 22:00:00,2024-10-10 22:00:00,DEV_009,59,12,79,9
DEV_009_2024-10-11 00:00:00,2024-10-11 00:00:00,DEV_009,24,33,30,3
DEV_009_2024-10-11 02:00:00,2024-10-11 02:00:00,DEV_009,33,44,4,67
DEV_009_2024-10-11 04:00:00,2024-10-11 04:00:00,DEV_009,41,88,68,76
DEV_009_2024-10-11 06:00:00,2024-10-11 06:00:00,DEV_009,16,12,57,43
DEV_009_2024-10-11 08:00:00,2024-10-11 08:00:00,DEV_009,26,84,59,19
DEV_009_2024-10-11 10:00:00,2024-10-11 10:00:00,DEV_009,11,74,48,40
DEV_009_2024-10-11 12:00:00,2024-10-11 12:00:00,DEV_009,87,9,47,54
DEV_009_2024-10-11 14:00:00,2024-10-11 14:00:00,DEV_009,91,37,85,40
DEV_009_2024-10-11 16:00:00,2024-10-11 16:00:00,DEV_009,9,21,80,26
DEV_009_2024-10-11 18:00:00,2024-10-11 18:00:00,DEV_009,9,41,87,1
DEV_009_2024-10-11 20:00:00,2024-10-11 20:00:00,DEV_009,83,69,83,50
DEV_009_2024-10-11 22:00:00,2024-10-11 22:00:00,DEV_009,95,88,87,9
DEV_009_2024-10-12 00:00:00,2024-10-12 00:00:00,DEV_009,20,52,64,15
DEV_009_2024-10-12 02:00:00,2024-10-12 02:00:00,DEV_009,14,25,48,74
DEV_009_2024-10-12 04:00:00,2024-10-12 04:00:00,DEV_009,28,12,98,58
DEV_009_2024-10-12 06:00:00,2024-10-12 06:00:00,DEV_009,68,97,38,5
DEV_009_2024-10-12 08:00:00,2024-10-12 08:00:00,DEV_009,46,15,15,31
DEV_009_2024-10-12 10:00:00,2024-10-12 10:00:00,DEV_009,12,89,73,30
DEV_009_2024-10-12 12:00:00,2024-10-12 12:00:00,DEV_009,14,93,59,97
DEV_009_2024-10-12 14:00:00,2024-10-12 14:00:00,DEV_009,83,61,3,63
DEV_009_2024-10-12 16:00:00,2024-10-12 16:00:00,DEV_009,14,69,74,21
DEV_009_2024-10-12 18:00:00,2024-10-12 18:00:00,DEV_009,3,66,97,23
DEV_009_2024-10-12 20:00:00,2024-10-12 20:00:00,DEV_009,53,98,66,13
DEV_009_2024-10-12 22:00:00,2024-10-12 22:00:00,DEV_009,41,7,60,69
DEV_009_2024-10-13 00:00:00,2024-10-13 00:00:00,DEV_009,22,30,49,97
DEV_009_2024-10-13 02:00:00,2024-10-13 02:00:00,DEV_009,14,57,18,15
DEV_009_2024-10-13 04:00:00,2024-10-13 04:00:00,DEV_009,47,7,10,50
DEV_009_2024-10-13 06:00:00,2024-10-13 06:00:00,DEV_009,7,89,66,64
DEV_009_2024-10-13 08:00:00,2024-10-13 08:00:00,DEV_009,74,69,15,63
DEV_009_2024-10-13 10:00:00,2024-10-13 10:00:00,DEV_009,6,12,60,61
DEV_009_2024-10-13 12:00:00,2024-10-13 12:00:00,DEV_009,16,52,85,8
DEV_009_2024-10-13 14:00:00,2024-10-13 14:00:00,DEV_009,85,97,65,66
DEV_009_2024-10-13 16:00:00,2024-10-13 16:00:00,DEV_009,42,18,87,37
DEV_009_2024-10-13 18:00:00,2024-10-13 18:00:00,DEV_009,34,8,54,21
DEV_009_2024-10-13 20:00:00,2024-10-13 20:00:00,DEV_009,59,59,48,48
DEV_009_2024-10-13 22:00:00,2024-10-13 22:00:00,DEV_009,21,8,4,26
DEV_009_2024-10-14 00:00:00,2024-10-14 00:00:00,DEV_009,93,44,64,77
DEV_009_2024-10-14 02:00:00,2024-10-14 02:00:00,DEV_009,68,17,28,35
DEV_009_2024-10-14 04:00:00,2024-10-14 04:00:00,DEV_009,92,80,92,1
DEV_009_2024-10-14 06:00:00,2024-10-14 06:00:00,DEV_009,83,6,30,87
DEV_009_2024-10-14 08:00:00,2024-10-14 08:00:00,DEV_009,37,46,67,60
DEV_009_2024-10-14 10:00:00,2024-10-14 10:00:00,DEV_009,83,17,19,80
DEV_009_2024-10-14 12:00:00,2024-10-14 12:00:00,DEV_009,16,79,98,26
DEV_009_2024-10-14 14:00:00,2024-10-14 14:00:00,DEV_009,93,73,16,88
DEV_009_2024-10-14 16:00:00,2024-10-14 16:00:00,DEV_009,98,1,42,27
DEV_009_2024-10-14 18:00:00,2024-10-14 18:00:00,DEV_009,30,98,19,89
DEV_009_2024-10-14 20:00:00,2024-10-14 20:00:00,DEV_009,15,88,5,92
DEV_009_2024-10-14 22:00:00,2024-10-14 22:00:00,DEV_009,26,88,31,30
DEV_009_2024-10-15 00:00:00,2024-10-15 00:00:00,DEV_009,60,57,79,70
DEV_009_2024-10-15 02:00:00,2024-10-15 02:00:00,DEV_009,49,42,39,32
DEV_009_2024-10-15 04:00:00,2024-10-15 04:00:00,DEV_009,59,28,32,58
DEV_009_2024-10-15 06:00:00,2024-10-15 06:00:00,DEV_009,14,55,78,52
DEV_009_2024-10-15 08:00:00,2024-10-15 08:00:00,DEV_009,25,3,61,31
DEV_009_2024-10-15 10:00:00,2024-10-15 10:00:00,DEV_009,70,61,7,43
DEV_009_2024-10-15 12:00:00,2024-10-15 12:00:00,DEV_009,2,42,6,33
DEV_009_2024-10-15 14:00:00,2024-10-15 14:00:00,DEV_009,98,68,90,57
DEV_009_2024-10-15 16:00:00,2024-10-15 16:00:00,DEV_009,77,71,92,44
DEV_009_2024-10-15 18:00:00,2024-10-15 18:00:00,DEV_009,8,1,28,32
DEV_009_2024-10-15 20:00:00,2024-10-15 20:00:00,DEV_009,89,59,1,53
DEV_009_2024-10-15 22:00:00,2024-10-15 22:00:00,DEV_009,97,87,31,30
DEV_009_2024-10-16 00:00:00,2024-10-16 00:00:00,DEV_009,55,88,93,91
DEV_009_2024-10-16 02:00:00,2024-10-16 02:00:00,DEV_009,45,59,98,18
DEV_009_2024-10-16 04:00:00,2024-10-16 04:00:00,DEV_009,55,77,22,46
DEV_009_2024-10-16 06:00:00,2024-10-16 06:00:00,DEV_009,33,17,1,58
DEV_009_2024-10-16 08:00:00,2024-10-16 08:00:00,DEV_009,32,89,19,75
DEV_009_2024-10-16 10:00:00,2024-10-16 10:00:00,DEV_009,41,40,28,72
DEV_009_2024-10-16 12:00:00,2024-10-16 12:00:00,DEV_009,85,34,22,78
DEV_009_2024-10-16 14:00:00,2024-10-16 14:00:00,DEV_009,26,29,57,1
DEV_009_2024-10-16 16:00:00,2024-10-16 16:00:00,DEV_009,70,8,71,98
DEV_009_2024-10-16 18:00:00,2024-10-16 18:00:00,DEV_009,46,69,37,51
DEV_009_2024-10-16 20:00:00,2024-10-16 20:00:00,DEV_009,61,58,7,68
DEV_009_2024-10-16 22:00:00,2024-10-16 22:00:00,DEV_009,57,96,16,11
DEV_009_2024-10-17 00:00:00,2024-10-17 00:00:00,DEV_009,61,43,84,90
DEV_009_2024-10-17 02:00:00,2024-10-17 02:00:00,DEV_009,69,61,41,97
DEV_009_2024-10-17 04:00:00,2024-10-17 04:00:00,DEV_009,37,12,98,71
DEV_009_2024-10-17 06:00:00,2024-10-17 06:00:00,DEV_009,65,49,21,79
DEV_009_2024-10-17 08:00:00,2024-10-17 08:00:00,DEV_009,91,62,83,99
DEV_009_2024-10-17 10:00:00,2024-10-17 10:00:00,DEV_009,97,27,77,83
DEV_009_2024-10-17 12:00:00,2024-10-17 12:00:00,DEV_009,21,63,67,39
DEV_009_2024-10-17 14:00:00,2024-10-17 14:00:00,DEV_009,20,39,78,95
DEV_009_2024-10-17 16:00:00,2024-10-17 16:00:00,DEV_009,23,22,6,17
DEV_009_2024-10-17 18:00:00,2024-10-17 18:00:00,DEV_009,14,23,45,76
DEV_009_2024-10-17 20:00:00,2024-10-17 20:00:00,DEV_009,69,9,59,91
DEV_009_2024-10-17 22:00:00,2024-10-17 22:00:00,DEV_009,31,60,13,86
DEV_009_2024-10-18 00:00:00,2024-10-18 00:00:00,DEV_009,1,88,74,52
DEV_009_2024-10-18 02:00:00,2024-10-18 02:00:00,DEV_009,44,58,49,28
DEV_009_2024-10-18 04:00:00,2024-10-18 04:00:00,DEV_009,95,45,2,90
DEV_009_2024-10-18 06:00:00,2024-10-18 06:00:00,DEV_009,59,38,4,54
DEV_009_2024-10-18 08:00:00,2024-10-18 08:00:00,DEV_009,91,13,19,74
DEV_009_2024-10-18 10:00:00,2024-10-18 10:00:00,DEV_009,85,34,47,58
DEV_009_2024-10-18 12:00:00,2024-10-18 12:00:00,DEV_009,26,65,91,97
DEV_009_2024-10-18 14:00:00,2024-10-18 14:00:00,DEV_009,34,91,18,13
DEV_009_2024-10-18 16:00:00,2024-10-18 16:00:00,DEV_009,43,10,17,15
DEV_009_2024-10-18 18:00:00,2024-10-18 18:00:00,DEV_009,3,43,75,21
DEV_009_2024-10-18 20:00:00,2024-10-18 20:00:00,DEV_009,88,53,29,10
DEV_009_2024-10-18 22:00:00,2024-10-18 22:00:00,DEV_009,71,43,42,30
DEV_009_2024-10-19 00:00:00,2024-10-19 00:00:00,DEV_009,90,72,26,39
DEV_009_2024-10-19 02:00:00,2024-10-19 02:00:00,DEV_009,67,13,30,3
DEV_009_2024-10-19 04:00:00,2024-10-19 04:00:00,DEV_009,62,96,46,69
DEV_009_2024-10-19 06:00:00,2024-10-19 06:00:00,DEV_009,52,73,35,68
DEV_009_2024-10-19 08:00:00,2024-10-19 08:00:00,DEV_009,98,19,2,51
DEV_009_2024-10-19 10:00:00,2024-10-19 10:00:00,DEV_009,99,13,33,32
DEV_009_2024-10-19 12:00:00,2024-10-19 12:00:00,DEV_009,72,62,60,64
DEV_009_2024-10-19 14:00:00,2024-10-19 14:00:00,DEV_009,82,32,37,10
DEV_009_2024-10-19 16:00:00,2024-10-19 16:00:00,DEV_009,99,60,62,4
DEV_009_2024-10-19 18:00:00,2024-10-19 18:00:00,DEV_009,11,85,89,43
DEV_009_2024-10-19 20:00:00,2024-10-19 20:00:00,DEV_009,56,13,62,94
DEV_009_2024-10-19 22:00:00,2024-10-19 22:00:00,DEV_009,73,9,85,60
DEV_009_2024-10-20 00:00:00,2024-10-20 00:00:00,DEV_009,23,16,82,29
DEV_009_2024-10-20 02:00:00,2024-10-20 02:00:00,DEV_009,65,60,87,88
DEV_009_2024-10-20 04:00:00,2024-10-20 04:00:00,DEV_009,55,29,82,88
DEV_009_2024-10-20 06:00:00,2024-10-20 06:00:00,DEV_009,2,53,82,26
DEV_009_2024-10-20 08:00:00,2024-10-20 08:00:00,DEV_009,22,89,42,27
DEV_009_2024-10-20 10:00:00,2024-10-20 10:00:00,DEV_009,16,9,31,60
DEV_009_2024-10-20 12:00:00,2024-10-20 12:00:00,DEV_009,58,33,23,58
DEV_009_2024-10-20 14:00:00,2024-10-20 14:00:00,DEV_009,87,60,16,99
DEV_009_2024-10-20 16:00:00,2024-10-20 16:00:00,DEV_009,41,45,20,5
DEV_009_2024-10-20 18:00:00,2024-10-20 18:00:00,DEV_009,89,50,95,80
DEV_009_2024-10-20 20:00:00,2024-10-20 20:00:00,DEV_009,62,71,38,72
DEV_009_2024-10-20 22:00:00,2024-10-20 22:00:00,DEV_009,4,97,94,25
DEV_009_2024-10-21 00:00:00,2024-10-21 00:00:00,DEV_009,32,31,70,84
DEV_009_2024-10-21 02:00:00,2024-10-21 02:00:00,DEV_009,31,64,41,73
DEV_009_2024-10-21 04:00:00,2024-10-21 04:00:00,DEV_009,71,66,63,37
DEV_009_2024-10-21 06:00:00,2024-10-21 06:00:00,DEV_009,83,44,27,65
DEV_009_2024-10-21 08:00:00,2024-10-21 08:00:00,DEV_009,55,10,37,9
DEV_009_2024-10-21 10:00:00,2024-10-21 10:00:00,DEV_009,91,57,15,56
DEV_009_2024-10-21 12:00:00,2024-10-21 12:00:00,DEV_009,43,65,19,38
DEV_009_2024-10-21 14:00:00,2024-10-21 14:00:00,DEV_009,48,12,49,15
DEV_009_2024-10-21 16:00:00,2024-10-21 16:00:00,DEV_009,45,35,97,93
DEV_009_2024-10-21 18:00:00,2024-10-21 18:00:00,DEV_009,16,4,64,16
DEV_009_2024-10-21 20:00:00,2024-10-21 20:00:00,DEV_009,48,26,95,42
DEV_009_2024-10-21 22:00:00,2024-10-21 22:00:00,DEV_009,63,40,84,13
DEV_009_2024-10-22 00:00:00,2024-10-22 00:00:00,DEV_009,98,89,42,10
DEV_009_2024-10-22 02:00:00,2024-10-22 02:00:00,DEV_009,17,96,92,64
DEV_009_2024-10-22 04:00:00,2024-10-22 04:00:00,DEV_009,87,49,38,5
DEV_009_2024-10-22 06:00:00,2024-10-22 06:00:00,DEV_009,60,70,36,36
DEV_009_2024-10-22 08:00:00,2024-10-22 08:00:00,DEV_009,59,80,86,74
DEV_009_2024-10-22 10:00:00,2024-10-22 10:00:00,DEV_009,26,63,97,50
DEV_009_2024-10-22 12:00:00,2024-10-22 12:00:00,DEV_009,25,95,42,1
DEV_009_2024-10-22 14:00:00,2024-10-22 14:00:00,DEV_009,57,56,24,4
DEV_009_2024-10-22 16:00:00,2024-10-22 16:00:00,DEV_009,29,35,67,44
DEV_009_2024-10-22 18:00:00,2024-10-22 18:00:00,DEV_009,50,28,9,85
DEV_009_2024-10-22 20:00:00,2024-10-22 20:00:00,DEV_009,75,15,21,52
DEV_009_2024-10-22 22:00:00,2024-10-22 22:00:00,DEV_009,40,58,61,3
DEV_009_2024-10-23 00:00:00,2024-10-23 00:00:00,DEV_009,25,38,99,25
DEV_009_2024-10-23 02:00:00,2024-10-23 02:00:00,DEV_009,21,37,43,73
DEV_009_2024-10-23 04:00:00,2024-10-23 04:00:00,DEV_009,33,86,35,70
DEV_009_2024-10-23 06:00:00,2024-10-23 06:00:00,DEV_009,4,87,73,65
DEV_009_2024-10-23 08:00:00,2024-10-23 08:00:00,DEV_009,83,31,55,6
DEV_009_2024-10-23 10:00:00,2024-10-23 10:00:00,DEV_009,10,10,67,39
DEV_009_2024-10-23 12:00:00,2024-10-23 12:00:00,DEV_009,3,45,96,98
DEV_009_2024-10-23 14:00:00,2024-10-23 14:00:00,DEV_009,47,69,63,89
DEV_009_2024-10-23 16:00:00,2024-10-23 16:00:00,DEV_009,46,19,1,27
DEV_009_2024-10-23 18:00:00,2024-10-23 18:00:00,DEV_009,6,78,17,60
DEV_009_2024-10-23 20:00:00,2024-10-23 20:00:00,DEV_009,45,41,31,58
DEV_009_2024-10-23 22:00:00,2024-10-23 22:00:00,DEV_009,91,77,42,60
DEV_009_2024-10-24 00:00:00,2024-10-24 00:00:00,DEV_009,54,26,63,23
DEV_009_2024-10-24 02:00:00,2024-10-24 02:00:00,DEV_009,46,38,55,24
DEV_009_2024-10-24 04:00:00,2024-10-24 04:00:00,DEV_009,82,95,14,44
DEV_009_2024-10-24 06:00:00,2024-10-24 06:00:00,DEV_009,36,36,90,57
DEV_009_2024-10-24 08:00:00,2024-10-24 08:00:00,DEV_009,69,64,71,8
DEV_009_2024-10-24 10:00:00,2024-10-24 10:00:00,DEV_009,86,71,16,34
DEV_009_2024-10-24 12:00:00,2024-10-24 12:00:00,DEV_009,90,82,11,61
DEV_009_2024-10-24 14:00:00,2024-10-24 14:00:00,DEV_009,69,95,39,83
DEV_009_2024-10-24 16:00:00,2024-10-24 16:00:00,DEV_009,88,65,80,35
DEV_009_2024-10-24 18:00:00,2024-10-24 18:00:00,DEV_009,64,39,5,74
DEV_009_2024-10-24 20:00:00,2024-10-24 20:00:00,DEV_009,7,54,28,78
DEV_009_2024-10-24 22:00:00,2024-10-24 22:00:00,DEV_009,64,36,6,69
DEV_009_2024-10-25 00:00:00,2024-10-25 00:00:00,DEV_009,65,10,37,30
DEV_009_2024-10-25 02:00:00,2024-10-25 02:00:00,DEV_009,29,49,16,18
DEV_009_2024-10-25 04:00:00,2024-10-25 04:00:00,DEV_009,63,58,21,90
DEV_009_2024-10-25 06:00:00,2024-10-25 06:00:00,DEV_009,74,87,78,32
DEV_009_2024-10-25 08:00:00,2024-10-25 08:00:00,DEV_009,41,43,56,4
DEV_009_2024-10-25 10:00:00,2024-10-25 10:00:00,DEV_009,38,93,47,45
DEV_009_2024-10-25 12:00:00,2024-10-25 12:00:00,DEV_009,2,15,94,29
DEV_009_2024-10-25 14:00:00,2024-10-25 14:00:00,DEV_009,55,74,92,10
DEV_009_2024-10-25 16:00:00,2024-10-25 16:00:00,DEV_009,25,36,15,80
DEV_009_2024-10-25 18:00:00,2024-10-25 18:00:00,DEV_009,46,23,2,1
DEV_009_2024-10-25 20:00:00,2024-10-25 20:00:00,DEV_009,46,83,81,69
DEV_009_2024-10-25 22:00:00,2024-10-25 22:00:00,DEV_009,49,89,39,53
DEV_009_2024-10-26 00:00:00,2024-10-26 00:00:00,DEV_009,72,14,19,11
DEV_009_2024-10-26 02:00:00,2024-10-26 02:00:00,DEV_009,61,12,86,74
DEV_009_2024-10-26 04:00:00,2024-10-26 04:00:00,DEV_009,7,82,22,67
DEV_009_2024-10-26 06:00:00,2024-10-26 06:00:00,DEV_009,21,15,72,57
DEV_009_2024-10-26 08:00:00,2024-10-26 08:00:00,DEV_009,46,67,94,60
DEV_009_2024-10-26 10:00:00,2024-10-26 10:00:00,DEV_009,92,31,67,34
DEV_009_2024-10-26 12:00:00,2024-10-26 12:00:00,DEV_009,31,45,89,52
DEV_009_2024-10-26 14:00:00,2024-10-26 14:00:00,DEV_009,91,6,59,99
DEV_009_2024-10-26 16:00:00,2024-10-26 16:00:00,DEV_009,39,92,87,69
DEV_009_2024-10-26 18:00:00,2024-10-26 18:00:00,DEV_009,61,35,82,4
DEV_009_2024-10-26 20:00:00,2024-10-26 20:00:00,DEV_009,80,92,25,93
DEV_009_2024-10-26 22:00:00,2024-10-26 22:00:00,DEV_009,97,91,26,8
DEV_009_2024-10-27 00:00:00,2024-10-27 00:00:00,DEV_009,92,35,52,68
DEV_009_2024-10-27 02:00:00,2024-10-27 02:00:00,DEV_009,54,64,17,77
DEV_009_2024-10-27 04:00:00,2024-10-27 04:00:00,DEV_009,88,91,20,43
DEV_009_2024-10-27 06:00:00,2024-10-27 06:00:00,DEV_009,6,96,41,70
DEV_009_2024-10-27 08:00:00,2024-10-27 08:00:00,DEV_009,33,70,1,61
DEV_009_2024-10-27 10:00:00,2024-10-27 10:00:00,DEV_009,39,97,44,24
DEV_009_2024-10-27 12:00:00,2024-10-27 12:00:00,DEV_009,35,44,48,88
DEV_009_2024-10-27 14:00:00,2024-10-27 14:00:00,DEV_009,69,21,4,67
DEV_009_2024-10-27 16:00:00,2024-10-27 16:00:00,DEV_009,98,49,32,98
DEV_009_2024-10-27 18:00:00,2024-10-27 18:00:00,DEV_009,72,82,84,7
DEV_009_2024-10-27 20:00:00,2024-10-27 20:00:00,DEV_009,22,76,13,22
DEV_009_2024-10-27 22:00:00,2024-10-27 22:00:00,DEV_009,51,47,45,64
DEV_009_2024-10-28 00:00:00,2024-10-28 00:00:00,DEV_009,12,37,98,53
DEV_009_2024-10-28 02:00:00,2024-10-28 02:00:00,DEV_009,3,21,79,46
DEV_009_2024-10-28 04:00:00,2024-10-28 04:00:00,DEV_009,16,35,49,49
DEV_009_2024-10-28 06:00:00,2024-10-28 06:00:00,DEV_009,59,25,63,30
DEV_009_2024-10-28 08:00:00,2024-10-28 08:00:00,DEV_009,91,26,85,51
DEV_009_2024-10-28 10:00:00,2024-10-28 10:00:00,DEV_009,6,43,4,61
DEV_009_2024-10-28 12:00:00,2024-10-28 12:00:00,DEV_009,90,53,16,55
DEV_009_2024-10-28 14:00:00,2024-10-28 14:00:00,DEV_009,20,83,87,80
DEV_009_2024-10-28 16:00:00,2024-10-28 16:00:00,DEV_009,10,16,89,98
DEV_009_2024-10-28 18:00:00,2024-10-28 18:00:00,DEV_009,82,53,80,34
DEV_009_2024-10-28 20:00:00,2024-10-28 20:00:00,DEV_009,26,90,92,7
DEV_009_2024-10-28 22:00:00,2024-10-28 22:00:00,DEV_009,51,66,91,48
DEV_009_2024-10-29 00:00:00,2024-10-29 00:00:00,DEV_009,36,74,1,21
DEV_009_2024-10-29 02:00:00,2024-10-29 02:00:00,DEV_009,8,15,51,76
DEV_009_2024-10-29 04:00:00,2024-10-29 04:00:00,DEV_009,75,81,44,73
DEV_009_2024-10-29 06:00:00,2024-10-29 06:00:00,DEV_009,34,37,61,65
DEV_009_2024-10-29 08:00:00,2024-10-29 08:00:00,DEV_009,50,60,37,71
DEV_009_2024-10-29 10:00:00,2024-10-29 10:00:00,DEV_009,94,83,56,64
DEV_009_2024-10-29 12:00:00,2024-10-29 12:00:00,DEV_009,32,13,1,55
DEV_009_2024-10-29 14:00:00,2024-10-29 14:00:00,DEV_009,89,63,2,8
DEV_009_2024-10-29 16:00:00,2024-10-29 16:00:00,DEV_009,26,24,68,14
DEV_009_2024-10-29 18:00:00,2024-10-29 18:00:00,DEV_009,54,85,67,25
DEV_009_2024-10-29 20:00:00,2024-10-29 20:00:00,DEV_009,5,47,10,53
DEV_009_2024-10-29 22:00:00,2024-10-29 22:00:00,DEV_009,2,55,17,36
DEV_009_2024-10-30 00:00:00,2024-10-30 00:00:00,DEV_009,21,60,97,61
DEV_009_2024-10-30 02:00:00,2024-10-30 02:00:00,DEV_009,89,94,51,36
DEV_009_2024-10-30 04:00:00,2024-10-30 04:00:00,DEV_009,16,43,36,68
DEV_009_2024-10-30 06:00:00,2024-10-30 06:00:00,DEV_009,74,34,39,2
DEV_009_2024-10-30 08:00:00,2024-10-30 08:00:00,DEV_009,42,69,46,5
DEV_009_2024-10-30 10:00:00,2024-10-30 10:00:00,DEV_009,97,31,32,11
DEV_009_2024-10-30 12:00:00,2024-10-30 12:00:00,DEV_009,5,98,63,9
DEV_009_2024-10-30 14:00:00,2024-10-30 14:00:00,DEV_009,48,7,47,62
DEV_009_2024-10-30 16:00:00,2024-10-30 16:00:00,DEV_009,56,80,34,10
DEV_009_2024-10-30 18:00:00,2024-10-30 18:00:00,DEV_009,43,97,88,53
DEV_009_2024-10-30 20:00:00,2024-10-30 20:00:00,DEV_009,43,18,2,66
DEV_009_2024-10-30 22:00:00,2024-10-30 22:00:00,DEV_009,33,92,46,2
DEV_009_2024-10-31 00:00:00,2024-10-31 00:00:00,DEV_009,38,57,83,1
DEV_009_2024-10-31 02:00:00,2024-10-31 02:00:00,DEV_009,46,57,77,88
DEV_009_2024-10-31 04:00:00,2024-10-31 04:00:00,DEV_009,82,14,7,34
DEV_009_2024-10-31 06:00:00,2024-10-31 06:00:00,DEV_009,53,80,30,68
DEV_009_2024-10-31 08:00:00,2024-10-31 08:00:00,DEV_009,11,19,99,10
DEV_009_2024-10-31 10:00:00,2024-10-31 10:00:00,DEV_009,52,99,34,5
DEV_009_2024-10-31 12:00:00,2024-10-31 12:00:00,DEV_009,9,75,90,88
DEV_009_2024-10-31 14:00:00,2024-10-31 14:00:00,DEV_009,89,70,1,56
DEV_009_2024-10-31 16:00:00,2024-10-31 16:00:00,DEV_009,16,79,2,46
DEV_009_2024-10-31 18:00:00,2024-10-31 18:00:00,DEV_009,3,32,8,24
DEV_009_2024-10-31 20:00:00,2024-10-31 20:00:00,DEV_009,25,51,95,43
DEV_009_2024-10-31 22:00:00,2024-10-31 22:00:00,DEV_009,74,50,45,93
DEV_009_2024-11-01 00:00:00,2024-11-01 00:00:00,DEV_009,23,85,49,91
DEV_009_2024-11-01 02:00:00,2024-11-01 02:00:00,DEV_009,59,38,39,53
DEV_009_2024-11-01 04:00:00,2024-11-01 04:00:00,DEV_009,17,97,78,9
DEV_009_2024-11-01 06:00:00,2024-11-01 06:00:00,DEV_009,8,18,79,56
DEV_009_2024-11-01 08:00:00,2024-11-01 08:00:00,DEV_009,55,12,55,16
DEV_009_2024-11-01 10:00:00,2024-11-01 10:00:00,DEV_009,53,45,74,22
DEV_009_2024-11-01 12:00:00,2024-11-01 12:00:00,DEV_009,80,23,11,59
DEV_009_2024-11-01 14:00:00,2024-11-01 14:00:00,DEV_009,18,93,28,62
DEV_009_2024-11-01 16:00:00,2024-11-01 16:00:00,DEV_009,68,11,32,56
DEV_009_2024-11-01 18:00:00,2024-11-01 18:00:00,DEV_009,86,37,94,33
DEV_009_2024-11-01 20:00:00,2024-11-01 20:00:00,DEV_009,78,65,63,69
DEV_009_2024-11-01 22:00:00,2024-11-01 22:00:00,DEV_009,17,40,92,63
DEV_009_2024-11-02 00:00:00,2024-11-02 00:00:00,DEV_009,82,73,48,71
DEV_009_2024-11-02 02:00:00,2024-11-02 02:00:00,DEV_009,86,13,73,87
DEV_009_2024-11-02 04:00:00,2024-11-02 04:00:00,DEV_009,47,52,78,3
DEV_009_2024-11-02 06:00:00,2024-11-02 06:00:00,DEV_009,64,70,25,21
DEV_009_2024-11-02 08:00:00,2024-11-02 08:00:00,DEV_009,41,87,5,55
DEV_009_2024-11-02 10:00:00,2024-11-02 10:00:00,DEV_009,70,88,27,66
DEV_009_2024-11-02 12:00:00,2024-11-02 12:00:00,DEV_009,34,28,14,9
DEV_009_2024-11-02 14:00:00,2024-11-02 14:00:00,DEV_009,3,36,48,35
DEV_009_2024-11-02 16:00:00,2024-11-02 16:00:00,DEV_009,19,48,89,10
DEV_009_2024-11-02 18:00:00,2024-11-02 18:00:00,DEV_009,42,46,23,67
DEV_009_2024-11-02 20:00:00,2024-11-02 20:00:00,DEV_009,27,3,98,34
DEV_009_2024-11-02 22:00:00,2024-11-02 22:00:00,DEV_009,82,24,46,31
DEV_009_2024-11-03 00:00:00,2024-11-03 00:00:00,DEV_009,96,68,41,51
DEV_009_2024-11-03 02:00:00,2024-11-03 02:00:00,DEV_009,51,47,66,5
DEV_009_2024-11-03 04:00:00,2024-11-03 04:00:00,DEV_009,67,2,75,71
DEV_009_2024-11-03 06:00:00,2024-11-03 06:00:00,DEV_009,98,94,4,65
DEV_009_2024-11-03 08:00:00,2024-11-03 08:00:00,DEV_009,63,65,48,42
DEV_009_2024-11-03 10:00:00,2024-11-03 10:00:00,DEV_009,27,88,29,18
DEV_009_2024-11-03 12:00:00,2024-11-03 12:00:00,DEV_009,95,19,14,22
DEV_009_2024-11-03 14:00:00,2024-11-03 14:00:00,DEV_009,85,38,74,84
DEV_009_2024-11-03 16:00:00,2024-11-03 16:00:00,DEV_009,62,78,75,1
DEV_009_2024-11-03 18:00:00,2024-11-03 18:00:00,DEV_009,44,50,13,52
DEV_009_2024-11-03 20:00:00,2024-11-03 20:00:00,DEV_009,47,38,68,84
DEV_009_2024-11-03 22:00:00,2024-11-03 22:00:00,DEV_009,95,37,37,26
DEV_009_2024-11-04 00:00:00,2024-11-04 00:00:00,DEV_009,76,68,22,99
DEV_009_2024-11-04 02:00:00,2024-11-04 02:00:00,DEV_009,65,43,17,47
DEV_009_2024-11-04 04:00:00,2024-11-04 04:00:00,DEV_009,66,35,2,63
DEV_009_2024-11-04 06:00:00,2024-11-04 06:00:00,DEV_009,70,83,13,41
DEV_009_2024-11-04 08:00:00,2024-11-04 08:00:00,DEV_009,7,26,60,62
DEV_009_2024-11-04 10:00:00,2024-11-04 10:00:00,DEV_009,58,53,45,21
DEV_009_2024-11-04 12:00:00,2024-11-04 12:00:00,DEV_009,10,39,89,32
DEV_009_2024-11-04 14:00:00,2024-11-04 14:00:00,DEV_009,39,12,15,77
DEV_009_2024-11-04 16:00:00,2024-11-04 16:00:00,DEV_009,28,25,41,87
DEV_009_2024-11-04 18:00:00,2024-11-04 18:00:00,DEV_009,81,27,47,40
DEV_009_2024-11-04 20:00:00,2024-11-04 20:00:00,DEV_009,57,81,77,22
DEV_009_2024-11-04 22:00:00,2024-11-04 22:00:00,DEV_009,2,50,36,10
DEV_009_2024-11-05 00:00:00,2024-11-05 00:00:00,DEV_009,27,3,13,72
DEV_009_2024-11-05 02:00:00,2024-11-05 02:00:00,DEV_009,98,11,8,54
DEV_009_2024-11-05 04:00:00,2024-11-05 04:00:00,DEV_009,41,6,31,5
DEV_009_2024-11-05 06:00:00,2024-11-05 06:00:00,DEV_009,68,75,30,8
DEV_009_2024-11-05 08:00:00,2024-11-05 08:00:00,DEV_009,97,10,19,93
DEV_009_2024-11-05 10:00:00,2024-11-05 10:00:00,DEV_009,9,3,34,25
DEV_009_2024-11-05 12:00:00,2024-11-05 12:00:00,DEV_009,23,7,13,93
DEV_009_2024-11-05 14:00:00,2024-11-05 14:00:00,DEV_009,75,50,89,84
DEV_009_2024-11-05 16:00:00,2024-11-05 16:00:00,DEV_009,76,53,39,33
DEV_009_2024-11-05 18:00:00,2024-11-05 18:00:00,DEV_009,38,15,50,19
DEV_009_2024-11-05 20:00:00,2024-11-05 20:00:00,DEV_009,11,55,14,45
DEV_009_2024-11-05 22:00:00,2024-11-05 22:00:00,DEV_009,47,27,10,65
DEV_009_2024-11-06 00:00:00,2024-11-06 00:00:00,DEV_009,50,55,15,2
DEV_009_2024-11-06 02:00:00,2024-11-06 02:00:00,DEV_009,16,51,64,61
DEV_009_2024-11-06 04:00:00,2024-11-06 04:00:00,DEV_009,25,41,22,17
DEV_009_2024-11-06 06:00:00,2024-11-06 06:00:00,DEV_009,27,53,36,23
DEV_009_2024-11-06 08:00:00,2024-11-06 08:00:00,DEV_009,2,78,71,18
DEV_009_2024-11-06 10:00:00,2024-11-06 10:00:00,DEV_009,78,98,33,54
DEV_009_2024-11-06 12:00:00,2024-11-06 12:00:00,DEV_009,8,9,64,3
DEV_009_2024-11-06 14:00:00,2024-11-06 14:00:00,DEV_009,70,42,22,74
DEV_009_2024-11-06 16:00:00,2024-11-06 16:00:00,DEV_009,93,24,21,53
DEV_009_2024-11-06 18:00:00,2024-11-06 18:00:00,DEV_009,21,34,97,72
DEV_009_2024-11-06 20:00:00,2024-11-06 20:00:00,DEV_009,99,80,6,3
DEV_009_2024-11-06 22:00:00,2024-11-06 22:00:00,DEV_009,17,39,32,30
DEV_009_2024-11-07 00:00:00,2024-11-07 00:00:00,DEV_009,86,60,72,92
DEV_009_2024-11-07 02:00:00,2024-11-07 02:00:00,DEV_009,50,65,28,72
DEV_009_2024-11-07 04:00:00,2024-11-07 04:00:00,DEV_009,35,2,94,80
DEV_009_2024-11-07 06:00:00,2024-11-07 06:00:00,DEV_009,53,92,9,71
DEV_009_2024-11-07 08:00:00,2024-11-07 08:00:00,DEV_009,86,68,21,99
DEV_009_2024-11-07 10:00:00,2024-11-07 10:00:00,DEV_009,59,22,59,80
DEV_009_2024-11-07 12:00:00,2024-11-07 12:00:00,DEV_009,35,66,99,69
DEV_009_2024-11-07 14:00:00,2024-11-07 14:00:00,DEV_009,27,23,33,98
DEV_009_2024-11-07 16:00:00,2024-11-07 16:00:00,DEV_009,72,99,39,16
DEV_009_2024-11-07 18:00:00,2024-11-07 18:00:00,DEV_009,58,74,42,54
DEV_009_2024-11-07 20:00:00,2024-11-07 20:00:00,DEV_009,39,34,66,45
DEV_009_2024-11-07 22:00:00,2024-11-07 22:00:00,DEV_009,97,11,2,14
DEV_009_2024-11-08 00:00:00,2024-11-08 00:00:00,DEV_009,68,5,95,99
DEV_009_2024-11-08 02:00:00,2024-11-08 02:00:00,DEV_009,33,38,51,55
DEV_009_2024-11-08 04:00:00,2024-11-08 04:00:00,DEV_009,32,10,9,65
DEV_009_2024-11-08 06:00:00,2024-11-08 06:00:00,DEV_009,72,34,3,64
DEV_009_2024-11-08 08:00:00,2024-11-08 08:00:00,DEV_009,82,66,55,73
DEV_009_2024-11-08 10:00:00,2024-11-08 10:00:00,DEV_009,68,35,66,15
DEV_009_2024-11-08 12:00:00,2024-11-08 12:00:00,DEV_009,96,36,97,44
DEV_009_2024-11-08 14:00:00,2024-11-08 14:00:00,DEV_009,62,79,13,14
DEV_009_2024-11-08 16:00:00,2024-11-08 16:00:00,DEV_009,16,98,61,58
DEV_009_2024-11-08 18:00:00,2024-11-08 18:00:00,DEV_009,70,41,44,91
DEV_009_2024-11-08 20:00:00,2024-11-08 20:00:00,DEV_009,29,31,14,36
DEV_009_2024-11-08 22:00:00,2024-11-08 22:00:00,DEV_009,12,15,23,79
DEV_009_2024-11-09 00:00:00,2024-11-09 00:00:00,DEV_009,88,18,66,85
DEV_009_2024-11-09 02:00:00,2024-11-09 02:00:00,DEV_009,36,84,57,37
DEV_009_2024-11-09 04:00:00,2024-11-09 04:00:00,DEV_009,3,97,75,24
DEV_009_2024-11-09 06:00:00,2024-11-09 06:00:00,DEV_009,77,74,59,55
DEV_009_2024-11-09 08:00:00,2024-11-09 08:00:00,DEV_009,88,58,9,18
DEV_009_2024-11-09 10:00:00,2024-11-09 10:00:00,DEV_009,39,15,30,34
DEV_009_2024-11-09 12:00:00,2024-11-09 12:00:00,DEV_009,9,85,37,15
DEV_009_2024-11-09 14:00:00,2024-11-09 14:00:00,DEV_009,30,56,75,78
DEV_009_2024-11-09 16:00:00,2024-11-09 16:00:00,DEV_009,44,88,58,95
DEV_009_2024-11-09 18:00:00,2024-11-09 18:00:00,DEV_009,5,94,91,5
DEV_009_2024-11-09 20:00:00,2024-11-09 20:00:00,DEV_009,63,59,83,56
DEV_009_2024-11-09 22:00:00,2024-11-09 22:00:00,DEV_009,24,38,62,60
DEV_009_2024-11-10 00:00:00,2024-11-10 00:00:00,DEV_009,75,11,65,52
DEV_009_2024-11-10 02:00:00,2024-11-10 02:00:00,DEV_009,95,39,43,2
DEV_009_2024-11-10 04:00:00,2024-11-10 04:00:00,DEV_009,10,26,19,36
DEV_009_2024-11-10 06:00:00,2024-11-10 06:00:00,DEV_009,2,60,26,68
DEV_009_2024-11-10 08:00:00,2024-11-10 08:00:00,DEV_009,52,79,30,69
DEV_009_2024-11-10 10:00:00,2024-11-10 10:00:00,DEV_009,82,54,73,65
DEV_009_2024-11-10 12:00:00,2024-11-10 12:00:00,DEV_009,21,70,30,36
DEV_009_2024-11-10 14:00:00,2024-11-10 14:00:00,DEV_009,4,42,19,75
DEV_009_2024-11-10 16:00:00,2024-11-10 16:00:00,DEV_009,83,8,43,16
DEV_009_2024-11-10 18:00:00,2024-11-10 18:00:00,DEV_009,69,33,29,25
DEV_009_2024-11-10 20:00:00,2024-11-10 20:00:00,DEV_009,42,31,63,85
DEV_009_2024-11-10 22:00:00,2024-11-10 22:00:00,DEV_009,13,32,81,28
DEV_009_2024-11-11 00:00:00,2024-11-11 00:00:00,DEV_009,8,86,71,53
DEV_009_2024-11-11 02:00:00,2024-11-11 02:00:00,DEV_009,70,96,46,24
DEV_009_2024-11-11 04:00:00,2024-11-11 04:00:00,DEV_009,72,57,39,5
DEV_009_2024-11-11 06:00:00,2024-11-11 06:00:00,DEV_009,30,3,63,31
DEV_009_2024-11-11 08:00:00,2024-11-11 08:00:00,DEV_009,54,18,17,36
DEV_009_2024-11-11 10:00:00,2024-11-11 10:00:00,DEV_009,48,85,96,1
DEV_009_2024-11-11 12:00:00,2024-11-11 12:00:00,DEV_009,66,64,23,10
DEV_009_2024-11-11 14:00:00,2024-11-11 14:00:00,DEV_009,59,94,32,40
DEV_009_2024-11-11 16:00:00,2024-11-11 16:00:00,DEV_009,98,20,98,98
DEV_009_2024-11-11 18:00:00,2024-11-11 18:00:00,DEV_009,75,87,64,86
DEV_009_2024-11-11 20:00:00,2024-11-11 20:00:00,DEV_009,35,62,18,31
DEV_009_2024-11-11 22:00:00,2024-11-11 22:00:00,DEV_009,99,4,52,93
DEV_009_2024-11-12 00:00:00,2024-11-12 00:00:00,DEV_009,21,43,50,65
DEV_009_2024-11-12 02:00:00,2024-11-12 02:00:00,DEV_009,29,80,96,57
DEV_009_2024-11-12 04:00:00,2024-11-12 04:00:00,DEV_009,47,87,15,81
DEV_009_2024-11-12 06:00:00,2024-11-12 06:00:00,DEV_009,19,41,60,92
DEV_009_2024-11-12 08:00:00,2024-11-12 08:00:00,DEV_009,6,21,48,46
DEV_009_2024-11-12 10:00:00,2024-11-12 10:00:00,DEV_009,13,7,64,81
DEV_009_2024-11-12 12:00:00,2024-11-12 12:00:00,DEV_009,77,9,46,73
DEV_009_2024-11-12 14:00:00,2024-11-12 14:00:00,DEV_009,75,61,44,60
DEV_009_2024-11-12 16:00:00,2024-11-12 16:00:00,DEV_009,56,48,48,76
DEV_009_2024-11-12 18:00:00,2024-11-12 18:00:00,DEV_009,73,30,63,67
DEV_009_2024-11-12 20:00:00,2024-11-12 20:00:00,DEV_009,82,69,91,96
DEV_009_2024-11-12 22:00:00,2024-11-12 22:00:00,DEV_009,39,10,66,55
DEV_009_2024-11-13 00:00:00,2024-11-13 00:00:00,DEV_009,19,63,72,60
DEV_009_2024-11-13 02:00:00,2024-11-13 02:00:00,DEV_009,17,40,33,21
DEV_009_2024-11-13 04:00:00,2024-11-13 04:00:00,DEV_009,56,72,37,73
DEV_009_2024-11-13 06:00:00,2024-11-13 06:00:00,DEV_009,10,97,77,46
DEV_009_2024-11-13 08:00:00,2024-11-13 08:00:00,DEV_009,74,10,23,37
DEV_009_2024-11-13 10:00:00,2024-11-13 10:00:00,DEV_009,47,94,9,68
DEV_009_2024-11-13 12:00:00,2024-11-13 12:00:00,DEV_009,21,50,26,59
DEV_009_2024-11-13 14:00:00,2024-11-13 14:00:00,DEV_009,89,95,52,52
DEV_009_2024-11-13 16:00:00,2024-11-13 16:00:00,DEV_009,83,21,70,19
DEV_009_2024-11-13 18:00:00,2024-11-13 18:00:00,DEV_009,91,21,51,20
DEV_009_2024-11-13 20:00:00,2024-11-13 20:00:00,DEV_009,73,37,49,10
DEV_009_2024-11-13 22:00:00,2024-11-13 22:00:00,DEV_009,49,86,80,50
DEV_009_2024-11-14 00:00:00,2024-11-14 00:00:00,DEV_009,8,54,49,69
DEV_009_2024-11-14 02:00:00,2024-11-14 02:00:00,DEV_009,87,42,94,79
DEV_009_2024-11-14 04:00:00,2024-11-14 04:00:00,DEV_009,41,65,20,42
DEV_009_2024-11-14 06:00:00,2024-11-14 06:00:00,DEV_009,6,64,9,73
DEV_009_2024-11-14 08:00:00,2024-11-14 08:00:00,DEV_009,7,16,29,40
DEV_009_2024-11-14 10:00:00,2024-11-14 10:00:00,DEV_009,92,81,93,36
DEV_009_2024-11-14 12:00:00,2024-11-14 12:00:00,DEV_009,85,87,21,69
DEV_009_2024-11-14 14:00:00,2024-11-14 14:00:00,DEV_009,90,25,71,59
DEV_009_2024-11-14 16:00:00,2024-11-14 16:00:00,DEV_009,44,48,42,13
DEV_009_2024-11-14 18:00:00,2024-11-14 18:00:00,DEV_009,17,62,6,73
DEV_009_2024-11-14 20:00:00,2024-11-14 20:00:00,DEV_009,73,27,17,87
DEV_009_2024-11-14 22:00:00,2024-11-14 22:00:00,DEV_009,60,54,57,98
DEV_009_2024-11-15 00:00:00,2024-11-15 00:00:00,DEV_009,96,75,77,55
DEV_009_2024-11-15 02:00:00,2024-11-15 02:00:00,DEV_009,72,57,67,84
DEV_009_2024-11-15 04:00:00,2024-11-15 04:00:00,DEV_009,86,95,16,47
DEV_009_2024-11-15 06:00:00,2024-11-15 06:00:00,DEV_009,67,90,16,87
DEV_009_2024-11-15 08:00:00,2024-11-15 08:00:00,DEV_009,18,9,54,23
DEV_009_2024-11-15 10:00:00,2024-11-15 10:00:00,DEV_009,37,73,36,48
DEV_009_2024-11-15 12:00:00,2024-11-15 12:00:00,DEV_009,19,59,96,54
DEV_009_2024-11-15 14:00:00,2024-11-15 14:00:00,DEV_009,20,82,55,68
DEV_009_2024-11-15 16:00:00,2024-11-15 16:00:00,DEV_009,70,94,88,40
DEV_009_2024-11-15 18:00:00,2024-11-15 18:00:00,DEV_009,81,74,51,17
DEV_009_2024-11-15 20:00:00,2024-11-15 20:00:00,DEV_009,11,96,43,81
DEV_009_2024-11-15 22:00:00,2024-11-15 22:00:00,DEV_009,20,28,93,74
DEV_009_2024-11-16 00:00:00,2024-11-16 00:00:00,DEV_009,86,43,79,98
DEV_009_2024-11-16 02:00:00,2024-11-16 02:00:00,DEV_009,55,7,15,34
DEV_009_2024-11-16 04:00:00,2024-11-16 04:00:00,DEV_009,14,66,22,13
DEV_009_2024-11-16 06:00:00,2024-11-16 06:00:00,DEV_009,69,22,6,33
DEV_009_2024-11-16 08:00:00,2024-11-16 08:00:00,DEV_009,42,8,27,23
DEV_009_2024-11-16 10:00:00,2024-11-16 10:00:00,DEV_009,95,36,47,38
DEV_009_2024-11-16 12:00:00,2024-11-16 12:00:00,DEV_009,71,36,19,99
DEV_009_2024-11-16 14:00:00,2024-11-16 14:00:00,DEV_009,27,67,56,51
DEV_009_2024-11-16 16:00:00,2024-11-16 16:00:00,DEV_009,52,29,78,77
DEV_009_2024-11-16 18:00:00,2024-11-16 18:00:00,DEV_009,23,14,42,83
DEV_009_2024-11-16 20:00:00,2024-11-16 20:00:00,DEV_009,82,23,63,48
DEV_009_2024-11-16 22:00:00,2024-11-16 22:00:00,DEV_009,84,89,99,89
DEV_009_2024-11-17 00:00:00,2024-11-17 00:00:00,DEV_009,74,55,92,52
DEV_009_2024-11-17 02:00:00,2024-11-17 02:00:00,DEV_009,60,35,34,12
DEV_009_2024-11-17 04:00:00,2024-11-17 04:00:00,DEV_009,40,53,87,30
DEV_009_2024-11-17 06:00:00,2024-11-17 06:00:00,DEV_009,81,99,67,17
DEV_009_2024-11-17 08:00:00,2024-11-17 08:00:00,DEV_009,10,84,31,5
DEV_009_2024-11-17 10:00:00,2024-11-17 10:00:00,DEV_009,79,93,31,47
DEV_009_2024-11-17 12:00:00,2024-11-17 12:00:00,DEV_009,24,3,9,60
DEV_009_2024-11-17 14:00:00,2024-11-17 14:00:00,DEV_009,7,44,87,18
DEV_009_2024-11-17 16:00:00,2024-11-17 16:00:00,DEV_009,99,40,65,17
DEV_009_2024-11-17 18:00:00,2024-11-17 18:00:00,DEV_009,10,47,2,71
DEV_009_2024-11-17 20:00:00,2024-11-17 20:00:00,DEV_009,75,83,44,22
DEV_009_2024-11-17 22:00:00,2024-11-17 22:00:00,DEV_009,39,17,83,48
DEV_009_2024-11-18 00:00:00,2024-11-18 00:00:00,DEV_009,7,19,80,71
DEV_009_2024-11-18 02:00:00,2024-11-18 02:00:00,DEV_009,75,49,93,60
DEV_009_2024-11-18 04:00:00,2024-11-18 04:00:00,DEV_009,78,94,23,40
DEV_009_2024-11-18 06:00:00,2024-11-18 06:00:00,DEV_009,45,54,83,28
DEV_009_2024-11-18 08:00:00,2024-11-18 08:00:00,DEV_009,23,9,18,91
DEV_009_2024-11-18 10:00:00,2024-11-18 10:00:00,DEV_009,8,37,23,73
DEV_009_2024-11-18 12:00:00,2024-11-18 12:00:00,DEV_009,50,83,75,50
DEV_009_2024-11-18 14:00:00,2024-11-18 14:00:00,DEV_009,14,75,20,82
DEV_009_2024-11-18 16:00:00,2024-11-18 16:00:00,DEV_009,48,19,91,88
DEV_009_2024-11-18 18:00:00,2024-11-18 18:00:00,DEV_009,37,30,18,58
DEV_009_2024-11-18 20:00:00,2024-11-18 20:00:00,DEV_009,56,32,54,32
DEV_009_2024-11-18 22:00:00,2024-11-18 22:00:00,DEV_009,82,15,23,73
DEV_009_2024-11-19 00:00:00,2024-11-19 00:00:00,DEV_009,6,47,52,99
DEV_009_2024-11-19 02:00:00,2024-11-19 02:00:00,DEV_009,99,29,58,72
DEV_009_2024-11-19 04:00:00,2024-11-19 04:00:00,DEV_009,46,79,54,62
DEV_009_2024-11-19 06:00:00,2024-11-19 06:00:00,DEV_009,54,23,40,11
DEV_009_2024-11-19 08:00:00,2024-11-19 08:00:00,DEV_009,62,81,47,13
DEV_009_2024-11-19 10:00:00,2024-11-19 10:00:00,DEV_009,7,90,8,36
DEV_009_2024-11-19 12:00:00,2024-11-19 12:00:00,DEV_009,72,19,54,84
DEV_009_2024-11-19 14:00:00,2024-11-19 14:00:00,DEV_009,12,25,11,89
DEV_009_2024-11-19 16:00:00,2024-11-19 16:00:00,DEV_009,57,78,50,88
DEV_009_2024-11-19 18:00:00,2024-11-19 18:00:00,DEV_009,21,88,11,83
DEV_009_2024-11-19 20:00:00,2024-11-19 20:00:00,DEV_009,66,90,49,58
DEV_009_2024-11-19 22:00:00,2024-11-19 22:00:00,DEV_009,71,43,22,31
DEV_009_2024-11-20 00:00:00,2024-11-20 00:00:00,DEV_009,42,90,47,94
DEV_009_2024-11-20 02:00:00,2024-11-20 02:00:00,DEV_009,1,62,6,22
DEV_009_2024-11-20 04:00:00,2024-11-20 04:00:00,DEV_009,42,25,97,27
DEV_009_2024-11-20 06:00:00,2024-11-20 06:00:00,DEV_009,30,43,11,34
DEV_009_2024-11-20 08:00:00,2024-11-20 08:00:00,DEV_009,36,71,15,12
DEV_009_2024-11-20 10:00:00,2024-11-20 10:00:00,DEV_009,49,64,79,54
DEV_009_2024-11-20 12:00:00,2024-11-20 12:00:00,DEV_009,68,59,85,54
DEV_009_2024-11-20 14:00:00,2024-11-20 14:00:00,DEV_009,42,45,60,32
DEV_009_2024-11-20 16:00:00,2024-11-20 16:00:00,DEV_009,43,56,81,97
DEV_009_2024-11-20 18:00:00,2024-11-20 18:00:00,DEV_009,30,7,92,25
DEV_009_2024-11-20 20:00:00,2024-11-20 20:00:00,DEV_009,87,66,48,58
DEV_009_2024-11-20 22:00:00,2024-11-20 22:00:00,DEV_009,57,30,85,62
DEV_009_2024-11-21 00:00:00,2024-11-21 00:00:00,DEV_009,2,6,27,22
DEV_009_2024-11-21 02:00:00,2024-11-21 02:00:00,DEV_009,85,31,4,21
DEV_009_2024-11-21 04:00:00,2024-11-21 04:00:00,DEV_009,11,74,7,77
DEV_009_2024-11-21 06:00:00,2024-11-21 06:00:00,DEV_009,81,91,93,98
DEV_009_2024-11-21 08:00:00,2024-11-21 08:00:00,DEV_009,87,99,81,76
DEV_009_2024-11-21 10:00:00,2024-11-21 10:00:00,DEV_009,81,58,47,24
DEV_009_2024-11-21 12:00:00,2024-11-21 12:00:00,DEV_009,1,72,15,40
DEV_009_2024-11-21 14:00:00,2024-11-21 14:00:00,DEV_009,19,44,15,54
DEV_009_2024-11-21 16:00:00,2024-11-21 16:00:00,DEV_009,80,58,66,84
DEV_009_2024-11-21 18:00:00,2024-11-21 18:00:00,DEV_009,16,55,54,28
DEV_009_2024-11-21 20:00:00,2024-11-21 20:00:00,DEV_009,30,97,44,48
DEV_009_2024-11-21 22:00:00,2024-11-21 22:00:00,DEV_009,71,22,94,16
DEV_009_2024-11-22 00:00:00,2024-11-22 00:00:00,DEV_009,63,62,82,31
DEV_009_2024-11-22 02:00:00,2024-11-22 02:00:00,DEV_009,6,13,65,11
DEV_009_2024-11-22 04:00:00,2024-11-22 04:00:00,DEV_009,42,46,67,36
DEV_009_2024-11-22 06:00:00,2024-11-22 06:00:00,DEV_009,96,57,36,63
DEV_009_2024-11-22 08:00:00,2024-11-22 08:00:00,DEV_009,18,8,67,38
DEV_009_2024-11-22 10:00:00,2024-11-22 10:00:00,DEV_009,37,66,26,55
DEV_009_2024-11-22 12:00:00,2024-11-22 12:00:00,DEV_009,31,13,22,85
DEV_009_2024-11-22 14:00:00,2024-11-22 14:00:00,DEV_009,33,51,70,77
DEV_009_2024-11-22 16:00:00,2024-11-22 16:00:00,DEV_009,76,41,54,26
DEV_009_2024-11-22 18:00:00,2024-11-22 18:00:00,DEV_009,81,38,40,5
DEV_009_2024-11-22 20:00:00,2024-11-22 20:00:00,DEV_009,92,26,43,79
DEV_009_2024-11-22 22:00:00,2024-11-22 22:00:00,DEV_009,52,80,33,65
DEV_009_2024-11-23 00:00:00,2024-11-23 00:00:00,DEV_009,53,85,22,53
DEV_009_2024-11-23 02:00:00,2024-11-23 02:00:00,DEV_009,98,82,59,9
DEV_009_2024-11-23 04:00:00,2024-11-23 04:00:00,DEV_009,61,28,15,34
DEV_009_2024-11-23 06:00:00,2024-11-23 06:00:00,DEV_009,28,6,98,49
DEV_009_2024-11-23 08:00:00,2024-11-23 08:00:00,DEV_009,48,93,58,41
DEV_009_2024-11-23 10:00:00,2024-11-23 10:00:00,DEV_009,78,14,24,20
DEV_009_2024-11-23 12:00:00,2024-11-23 12:00:00,DEV_009,40,88,66,2
DEV_009_2024-11-23 14:00:00,2024-11-23 14:00:00,DEV_009,99,22,11,18
DEV_009_2024-11-23 16:00:00,2024-11-23 16:00:00,DEV_009,55,72,99,42
DEV_009_2024-11-23 18:00:00,2024-11-23 18:00:00,DEV_009,41,45,97,45
DEV_009_2024-11-23 20:00:00,2024-11-23 20:00:00,DEV_009,22,28,67,22
DEV_009_2024-11-23 22:00:00,2024-11-23 22:00:00,DEV_009,76,75,10,47
DEV_009_2024-11-24 00:00:00,2024-11-24 00:00:00,DEV_009,43,54,78,82
DEV_009_2024-11-24 02:00:00,2024-11-24 02:00:00,DEV_009,68,85,85,81
DEV_009_2024-11-24 04:00:00,2024-11-24 04:00:00,DEV_009,6,68,44,96
DEV_009_2024-11-24 06:00:00,2024-11-24 06:00:00,DEV_009,67,47,70,44
DEV_009_2024-11-24 08:00:00,2024-11-24 08:00:00,DEV_009,45,3,42,40
DEV_009_2024-11-24 10:00:00,2024-11-24 10:00:00,DEV_009,32,80,48,11
DEV_009_2024-11-24 12:00:00,2024-11-24 12:00:00,DEV_009,69,23,82,4
DEV_009_2024-11-24 14:00:00,2024-11-24 14:00:00,DEV_009,24,48,6,7
DEV_009_2024-11-24 16:00:00,2024-11-24 16:00:00,DEV_009,9,92,9,17
DEV_009_2024-11-24 18:00:00,2024-11-24 18:00:00,DEV_009,33,35,90,57
DEV_009_2024-11-24 20:00:00,2024-11-24 20:00:00,DEV_009,5,70,40,19
DEV_009_2024-11-24 22:00:00,2024-11-24 22:00:00,DEV_009,46,97,2,72
DEV_009_2024-11-25 00:00:00,2024-11-25 00:00:00,DEV_009,3,27,45,26
DEV_009_2024-11-25 02:00:00,2024-11-25 02:00:00,DEV_009,85,50,29,26
DEV_009_2024-11-25 04:00:00,2024-11-25 04:00:00,DEV_009,99,93,71,88
DEV_009_2024-11-25 06:00:00,2024-11-25 06:00:00,DEV_009,61,79,60,77
DEV_009_2024-11-25 08:00:00,2024-11-25 08:00:00,DEV_009,93,65,87,70
DEV_009_2024-11-25 10:00:00,2024-11-25 10:00:00,DEV_009,60,29,42,15
DEV_009_2024-11-25 12:00:00,2024-11-25 12:00:00,DEV_009,90,3,14,45
DEV_009_2024-11-25 14:00:00,2024-11-25 14:00:00,DEV_009,89,1,1,15
DEV_009_2024-11-25 16:00:00,2024-11-25 16:00:00,DEV_009,94,28,82,50
DEV_009_2024-11-25 18:00:00,2024-11-25 18:00:00,DEV_009,84,24,64,81
DEV_009_2024-11-25 20:00:00,2024-11-25 20:00:00,DEV_009,77,91,93,9
DEV_009_2024-11-25 22:00:00,2024-11-25 22:00:00,DEV_009,83,2,67,82
DEV_009_2024-11-26 00:00:00,2024-11-26 00:00:00,DEV_009,19,55,11,24
DEV_009_2024-11-26 02:00:00,2024-11-26 02:00:00,DEV_009,2,51,75,18
DEV_009_2024-11-26 04:00:00,2024-11-26 04:00:00,DEV_009,32,90,19,12
DEV_009_2024-11-26 06:00:00,2024-11-26 06:00:00,DEV_009,59,48,55,48
DEV_009_2024-11-26 08:00:00,2024-11-26 08:00:00,DEV_009,40,30,1,73
DEV_009_2024-11-26 10:00:00,2024-11-26 10:00:00,DEV_009,3,63,96,43
DEV_009_2024-11-26 12:00:00,2024-11-26 12:00:00,DEV_009,91,63,38,8
DEV_009_2024-11-26 14:00:00,2024-11-26 14:00:00,DEV_009,90,84,58,91
DEV_009_2024-11-26 16:00:00,2024-11-26 16:00:00,DEV_009,40,51,40,18
DEV_009_2024-11-26 18:00:00,2024-11-26 18:00:00,DEV_009,76,34,2,23
DEV_009_2024-11-26 20:00:00,2024-11-26 20:00:00,DEV_009,72,22,34,91
DEV_009_2024-11-26 22:00:00,2024-11-26 22:00:00,DEV_009,1,41,61,19
DEV_009_2024-11-27 00:00:00,2024-11-27 00:00:00,DEV_009,93,41,48,24
DEV_009_2024-11-27 02:00:00,2024-11-27 02:00:00,DEV_009,77,34,87,47
DEV_009_2024-11-27 04:00:00,2024-11-27 04:00:00,DEV_009,93,66,15,60
DEV_009_2024-11-27 06:00:00,2024-11-27 06:00:00,DEV_009,1,97,90,61
DEV_009_2024-11-27 08:00:00,2024-11-27 08:00:00,DEV_009,25,51,44,31
DEV_009_2024-11-27 10:00:00,2024-11-27 10:00:00,DEV_009,24,42,28,99
DEV_009_2024-11-27 12:00:00,2024-11-27 12:00:00,DEV_009,9,30,59,45
DEV_009_2024-11-27 14:00:00,2024-11-27 14:00:00,DEV_009,52,88,69,51
DEV_009_2024-11-27 16:00:00,2024-11-27 16:00:00,DEV_009,5,35,81,26
DEV_009_2024-11-27 18:00:00,2024-11-27 18:00:00,DEV_009,37,54,24,17
DEV_009_2024-11-27 20:00:00,2024-11-27 20:00:00,DEV_009,66,93,40,97
DEV_009_2024-11-27 22:00:00,2024-11-27 22:00:00,DEV_009,50,77,96,68
DEV_009_2024-11-28 00:00:00,2024-11-28 00:00:00,DEV_009,40,97,17,84
DEV_009_2024-11-28 02:00:00,2024-11-28 02:00:00,DEV_009,79,97,87,59
DEV_009_2024-11-28 04:00:00,2024-11-28 04:00:00,DEV_009,34,82,48,78
DEV_009_2024-11-28 06:00:00,2024-11-28 06:00:00,DEV_009,30,65,12,82
DEV_009_2024-11-28 08:00:00,2024-11-28 08:00:00,DEV_009,17,28,44,89
DEV_009_2024-11-28 10:00:00,2024-11-28 10:00:00,DEV_009,32,66,73,33
DEV_009_2024-11-28 12:00:00,2024-11-28 12:00:00,DEV_009,6,53,46,44
DEV_009_2024-11-28 14:00:00,2024-11-28 14:00:00,DEV_009,66,15,66,59
DEV_009_2024-11-28 16:00:00,2024-11-28 16:00:00,DEV_009,61,76,22,48
DEV_009_2024-11-28 18:00:00,2024-11-28 18:00:00,DEV_009,20,44,86,49
DEV_009_2024-11-28 20:00:00,2024-11-28 20:00:00,DEV_009,27,73,4,1
DEV_009_2024-11-28 22:00:00,2024-11-28 22:00:00,DEV_009,79,65,28,26
DEV_009_2024-11-29 00:00:00,2024-11-29 00:00:00,DEV_009,37,88,43,44
DEV_009_2024-11-29 02:00:00,2024-11-29 02:00:00,DEV_009,57,80,9,95
DEV_009_2024-11-29 04:00:00,2024-11-29 04:00:00,DEV_009,24,75,54,66
DEV_009_2024-11-29 06:00:00,2024-11-29 06:00:00,DEV_009,62,62,9,83
DEV_009_2024-11-29 08:00:00,2024-11-29 08:00:00,DEV_009,61,10,48,86
DEV_009_2024-11-29 10:00:00,2024-11-29 10:00:00,DEV_009,84,1,73,95
DEV_009_2024-11-29 12:00:00,2024-11-29 12:00:00,DEV_009,88,66,66,83
DEV_009_2024-11-29 14:00:00,2024-11-29 14:00:00,DEV_009,29,47,95,77
DEV_009_2024-11-29 16:00:00,2024-11-29 16:00:00,DEV_009,85,11,82,97
DEV_009_2024-11-29 18:00:00,2024-11-29 18:00:00,DEV_009,32,17,73,38
DEV_009_2024-11-29 20:00:00,2024-11-29 20:00:00,DEV_009,22,73,9,36
DEV_009_2024-11-29 22:00:00,2024-11-29 22:00:00,DEV_009,92,95,6,64
DEV_009_2024-11-30 00:00:00,2024-11-30 00:00:00,DEV_009,94,83,53,35
DEV_009_2024-11-30 02:00:00,2024-11-30 02:00:00,DEV_009,27,83,52,89
DEV_009_2024-11-30 04:00:00,2024-11-30 04:00:00,DEV_009,12,43,33,77
DEV_009_2024-11-30 06:00:00,2024-11-30 06:00:00,DEV_009,86,24,59,89
DEV_009_2024-11-30 08:00:00,2024-11-30 08:00:00,DEV_009,14,21,94,1
DEV_009_2024-11-30 10:00:00,2024-11-30 10:00:00,DEV_009,32,14,14,94
DEV_009_2024-11-30 12:00:00,2024-11-30 12:00:00,DEV_009,41,37,57,46
DEV_009_2024-11-30 14:00:00,2024-11-30 14:00:00,DEV_009,7,4,87,88
DEV_009_2024-11-30 16:00:00,2024-11-30 16:00:00,DEV_009,8,73,30,15
DEV_009_2024-11-30 18:00:00,2024-11-30 18:00:00,DEV_009,3,2,88,43
DEV_009_2024-11-30 20:00:00,2024-11-30 20:00:00,DEV_009,10,42,77,91
DEV_009_2024-11-30 22:00:00,2024-11-30 22:00:00,DEV_009,23,15,33,59
DEV_009_2024-12-01 00:00:00,2024-12-01 00:00:00,DEV_009,38,62,90,63
DEV_009_2024-12-01 02:00:00,2024-12-01 02:00:00,DEV_009,27,54,6,90
DEV_009_2024-12-01 04:00:00,2024-12-01 04:00:00,DEV_009,51,97,28,49
DEV_009_2024-12-01 06:00:00,2024-12-01 06:00:00,DEV_009,73,22,90,13
DEV_009_2024-12-01 08:00:00,2024-12-01 08:00:00,DEV_009,80,38,6,83
DEV_009_2024-12-01 10:00:00,2024-12-01 10:00:00,DEV_009,20,53,47,38
DEV_009_2024-12-01 12:00:00,2024-12-01 12:00:00,DEV_009,16,22,5,1
DEV_009_2024-12-01 14:00:00,2024-12-01 14:00:00,DEV_009,77,19,10,6
DEV_009_2024-12-01 16:00:00,2024-12-01 16:00:00,DEV_009,32,35,3,76
DEV_009_2024-12-01 18:00:00,2024-12-01 18:00:00,DEV_009,8,67,3,20
DEV_009_2024-12-01 20:00:00,2024-12-01 20:00:00,DEV_009,54,89,56,15
DEV_009_2024-12-01 22:00:00,2024-12-01 22:00:00,DEV_009,92,53,82,70
DEV_009_2024-12-02 00:00:00,2024-12-02 00:00:00,DEV_009,56,36,56,96
DEV_009_2024-12-02 02:00:00,2024-12-02 02:00:00,DEV_009,68,59,24,21
DEV_009_2024-12-02 04:00:00,2024-12-02 04:00:00,DEV_009,9,42,2,28
DEV_009_2024-12-02 06:00:00,2024-12-02 06:00:00,DEV_009,25,42,23,4
DEV_009_2024-12-02 08:00:00,2024-12-02 08:00:00,DEV_009,44,99,47,17
DEV_009_2024-12-02 10:00:00,2024-12-02 10:00:00,DEV_009,31,15,2,98
DEV_009_2024-12-02 12:00:00,2024-12-02 12:00:00,DEV_009,99,61,37,36
DEV_009_2024-12-02 14:00:00,2024-12-02 14:00:00,DEV_009,73,99,60,4
DEV_009_2024-12-02 16:00:00,2024-12-02 16:00:00,DEV_009,64,24,76,52
DEV_009_2024-12-02 18:00:00,2024-12-02 18:00:00,DEV_009,80,68,67,90
DEV_009_2024-12-02 20:00:00,2024-12-02 20:00:00,DEV_009,35,80,93,80
DEV_009_2024-12-02 22:00:00,2024-12-02 22:00:00,DEV_009,94,52,92,47
DEV_009_2024-12-03 00:00:00,2024-12-03 00:00:00,DEV_009,23,91,46,34
DEV_009_2024-12-03 02:00:00,2024-12-03 02:00:00,DEV_009,48,25,38,5
DEV_009_2024-12-03 04:00:00,2024-12-03 04:00:00,DEV_009,52,7,29,59
DEV_009_2024-12-03 06:00:00,2024-12-03 06:00:00,DEV_009,76,11,96,31
DEV_009_2024-12-03 08:00:00,2024-12-03 08:00:00,DEV_009,41,93,55,51
DEV_009_2024-12-03 10:00:00,2024-12-03 10:00:00,DEV_009,42,42,63,57
DEV_009_2024-12-03 12:00:00,2024-12-03 12:00:00,DEV_009,43,87,26,12
DEV_009_2024-12-03 14:00:00,2024-12-03 14:00:00,DEV_009,75,47,48,98
DEV_009_2024-12-03 16:00:00,2024-12-03 16:00:00,DEV_009,77,57,28,31
DEV_009_2024-12-03 18:00:00,2024-12-03 18:00:00,DEV_009,77,38,67,35
DEV_009_2024-12-03 20:00:00,2024-12-03 20:00:00,DEV_009,34,21,86,54
DEV_009_2024-12-03 22:00:00,2024-12-03 22:00:00,DEV_009,5,2,20,3
DEV_009_2024-12-04 00:00:00,2024-12-04 00:00:00,DEV_009,75,64,46,48
DEV_009_2024-12-04 02:00:00,2024-12-04 02:00:00,DEV_009,67,42,92,32
DEV_009_2024-12-04 04:00:00,2024-12-04 04:00:00,DEV_009,53,65,55,25
DEV_009_2024-12-04 06:00:00,2024-12-04 06:00:00,DEV_009,59,99,36,40
DEV_009_2024-12-04 08:00:00,2024-12-04 08:00:00,DEV_009,47,91,8,81
DEV_009_2024-12-04 10:00:00,2024-12-04 10:00:00,DEV_009,69,16,74,98
DEV_009_2024-12-04 12:00:00,2024-12-04 12:00:00,DEV_009,7,21,27,66
DEV_009_2024-12-04 14:00:00,2024-12-04 14:00:00,DEV_009,55,33,45,90
DEV_009_2024-12-04 16:00:00,2024-12-04 16:00:00,DEV_009,2,96,47,37
DEV_009_2024-12-04 18:00:00,2024-12-04 18:00:00,DEV_009,85,91,70,8
DEV_009_2024-12-04 20:00:00,2024-12-04 20:00:00,DEV_009,9,69,7,23
DEV_009_2024-12-04 22:00:00,2024-12-04 22:00:00,DEV_009,65,1,81,81
DEV_009_2024-12-05 00:00:00,2024-12-05 00:00:00,DEV_009,3,5,53,2
DEV_009_2024-12-05 02:00:00,2024-12-05 02:00:00,DEV_009,76,31,93,58
DEV_009_2024-12-05 04:00:00,2024-12-05 04:00:00,DEV_009,29,97,94,7
DEV_009_2024-12-05 06:00:00,2024-12-05 06:00:00,DEV_009,4,43,93,82
DEV_009_2024-12-05 08:00:00,2024-12-05 08:00:00,DEV_009,16,32,43,17
DEV_009_2024-12-05 10:00:00,2024-12-05 10:00:00,DEV_009,32,19,47,28
DEV_009_2024-12-05 12:00:00,2024-12-05 12:00:00,DEV_009,10,94,94,79
DEV_009_2024-12-05 14:00:00,2024-12-05 14:00:00,DEV_009,24,72,13,43
DEV_009_2024-12-05 16:00:00,2024-12-05 16:00:00,DEV_009,53,73,86,15
DEV_009_2024-12-05 18:00:00,2024-12-05 18:00:00,DEV_009,91,3,50,89
DEV_009_2024-12-05 20:00:00,2024-12-05 20:00:00,DEV_009,57,56,57,58
DEV_009_2024-12-05 22:00:00,2024-12-05 22:00:00,DEV_009,38,18,31,27
DEV_009_2024-12-06 00:00:00,2024-12-06 00:00:00,DEV_009,95,97,62,51
DEV_009_2024-12-06 02:00:00,2024-12-06 02:00:00,DEV_009,79,79,73,86
DEV_009_2024-12-06 04:00:00,2024-12-06 04:00:00,DEV_009,50,90,78,32
DEV_009_2024-12-06 06:00:00,2024-12-06 06:00:00,DEV_009,89,4,14,54
DEV_009_2024-12-06 08:00:00,2024-12-06 08:00:00,DEV_009,97,45,71,31
DEV_009_2024-12-06 10:00:00,2024-12-06 10:00:00,DEV_009,34,93,29,25
DEV_009_2024-12-06 12:00:00,2024-12-06 12:00:00,DEV_009,55,11,94,33
DEV_009_2024-12-06 14:00:00,2024-12-06 14:00:00,DEV_009,75,85,87,40
DEV_009_2024-12-06 16:00:00,2024-12-06 16:00:00,DEV_009,21,63,65,12
DEV_009_2024-12-06 18:00:00,2024-12-06 18:00:00,DEV_009,40,7,32,73
DEV_009_2024-12-06 20:00:00,2024-12-06 20:00:00,DEV_009,99,8,14,75
DEV_009_2024-12-06 22:00:00,2024-12-06 22:00:00,DEV_009,4,12,44,10
DEV_009_2024-12-07 00:00:00,2024-12-07 00:00:00,DEV_009,82,84,51,96
DEV_009_2024-12-07 02:00:00,2024-12-07 02:00:00,DEV_009,91,37,10,18
DEV_009_2024-12-07 04:00:00,2024-12-07 04:00:00,DEV_009,25,24,69,74
DEV_009_2024-12-07 06:00:00,2024-12-07 06:00:00,DEV_009,54,42,88,88
DEV_009_2024-12-07 08:00:00,2024-12-07 08:00:00,DEV_009,53,98,56,22
DEV_009_2024-12-07 10:00:00,2024-12-07 10:00:00,DEV_009,48,46,56,71
DEV_009_2024-12-07 12:00:00,2024-12-07 12:00:00,DEV_009,63,29,21,34
DEV_009_2024-12-07 14:00:00,2024-12-07 14:00:00,DEV_009,80,85,72,61
DEV_009_2024-12-07 16:00:00,2024-12-07 16:00:00,DEV_009,11,75,6,12
DEV_009_2024-12-07 18:00:00,2024-12-07 18:00:00,DEV_009,13,3,99,18
DEV_009_2024-12-07 20:00:00,2024-12-07 20:00:00,DEV_009,68,99,57,58
DEV_009_2024-12-07 22:00:00,2024-12-07 22:00:00,DEV_009,39,68,95,44
DEV_009_2024-12-08 00:00:00,2024-12-08 00:00:00,DEV_009,36,90,94,48
DEV_009_2024-12-08 02:00:00,2024-12-08 02:00:00,DEV_009,50,8,30,16
DEV_009_2024-12-08 04:00:00,2024-12-08 04:00:00,DEV_009,76,10,74,89
DEV_009_2024-12-08 06:00:00,2024-12-08 06:00:00,DEV_009,20,53,6,80
DEV_009_2024-12-08 08:00:00,2024-12-08 08:00:00,DEV_009,61,53,34,1
DEV_009_2024-12-08 10:00:00,2024-12-08 10:00:00,DEV_009,30,82,73,87
DEV_009_2024-12-08 12:00:00,2024-12-08 12:00:00,DEV_009,13,88,41,53
DEV_009_2024-12-08 14:00:00,2024-12-08 14:00:00,DEV_009,67,82,66,12
DEV_009_2024-12-08 16:00:00,2024-12-08 16:00:00,DEV_009,61,12,65,92
DEV_009_2024-12-08 18:00:00,2024-12-08 18:00:00,DEV_009,1,5,59,16
DEV_009_2024-12-08 20:00:00,2024-12-08 20:00:00,DEV_009,74,82,54,46
DEV_009_2024-12-08 22:00:00,2024-12-08 22:00:00,DEV_009,97,65,60,21
DEV_009_2024-12-09 00:00:00,2024-12-09 00:00:00,DEV_009,89,47,88,74
DEV_009_2024-12-09 02:00:00,2024-12-09 02:00:00,DEV_009,9,53,91,84
DEV_009_2024-12-09 04:00:00,2024-12-09 04:00:00,DEV_009,2,84,14,5
DEV_009_2024-12-09 06:00:00,2024-12-09 06:00:00,DEV_009,11,47,31,51
DEV_009_2024-12-09 08:00:00,2024-12-09 08:00:00,DEV_009,4,55,46,33
DEV_009_2024-12-09 10:00:00,2024-12-09 10:00:00,DEV_009,36,48,98,66
DEV_009_2024-12-09 12:00:00,2024-12-09 12:00:00,DEV_009,3,76,18,8
DEV_009_2024-12-09 14:00:00,2024-12-09 14:00:00,DEV_009,14,46,5,20
DEV_009_2024-12-09 16:00:00,2024-12-09 16:00:00,DEV_009,94,61,57,70
DEV_009_2024-12-09 18:00:00,2024-12-09 18:00:00,DEV_009,12,23,59,44
DEV_009_2024-12-09 20:00:00,2024-12-09 20:00:00,DEV_009,62,18,89,16
DEV_009_2024-12-09 22:00:00,2024-12-09 22:00:00,DEV_009,7,38,37,64
DEV_009_2024-12-10 00:00:00,2024-12-10 00:00:00,DEV_009,48,24,58,75
DEV_009_2024-12-10 02:00:00,2024-12-10 02:00:00,DEV_009,54,81,27,35
DEV_009_2024-12-10 04:00:00,2024-12-10 04:00:00,DEV_009,51,57,14,31
DEV_009_2024-12-10 06:00:00,2024-12-10 06:00:00,DEV_009,88,88,39,36
DEV_009_2024-12-10 08:00:00,2024-12-10 08:00:00,DEV_009,90,96,73,35
DEV_009_2024-12-10 10:00:00,2024-12-10 10:00:00,DEV_009,97,4,33,36
DEV_009_2024-12-10 12:00:00,2024-12-10 12:00:00,DEV_009,84,13,88,87
DEV_009_2024-12-10 14:00:00,2024-12-10 14:00:00,DEV_009,78,1,14,99
DEV_009_2024-12-10 16:00:00,2024-12-10 16:00:00,DEV_009,38,98,72,29
DEV_009_2024-12-10 18:00:00,2024-12-10 18:00:00,DEV_009,56,19,60,76
DEV_009_2024-12-10 20:00:00,2024-12-10 20:00:00,DEV_009,64,51,73,57
DEV_009_2024-12-10 22:00:00,2024-12-10 22:00:00,DEV_009,90,48,58,45
DEV_009_2024-12-11 00:00:00,2024-12-11 00:00:00,DEV_009,62,5,29,71
DEV_009_2024-12-11 02:00:00,2024-12-11 02:00:00,DEV_009,13,69,5,54
DEV_009_2024-12-11 04:00:00,2024-12-11 04:00:00,DEV_009,87,32,72,20
DEV_009_2024-12-11 06:00:00,2024-12-11 06:00:00,DEV_009,87,76,44,80
DEV_009_2024-12-11 08:00:00,2024-12-11 08:00:00,DEV_009,49,57,94,71
DEV_009_2024-12-11 10:00:00,2024-12-11 10:00:00,DEV_009,7,34,77,25
DEV_009_2024-12-11 12:00:00,2024-12-11 12:00:00,DEV_009,88,3,55,3
DEV_009_2024-12-11 14:00:00,2024-12-11 14:00:00,DEV_009,64,36,97,78
DEV_009_2024-12-11 16:00:00,2024-12-11 16:00:00,DEV_009,86,26,5,34
DEV_009_2024-12-11 18:00:00,2024-12-11 18:00:00,DEV_009,4,48,32,73
DEV_009_2024-12-11 20:00:00,2024-12-11 20:00:00,DEV_009,78,11,78,57
DEV_009_2024-12-11 22:00:00,2024-12-11 22:00:00,DEV_009,52,46,25,64
DEV_009_2024-12-12 00:00:00,2024-12-12 00:00:00,DEV_009,3,38,5,4
DEV_009_2024-12-12 02:00:00,2024-12-12 02:00:00,DEV_009,32,99,93,74
DEV_009_2024-12-12 04:00:00,2024-12-12 04:00:00,DEV_009,92,29,44,67
DEV_009_2024-12-12 06:00:00,2024-12-12 06:00:00,DEV_009,92,23,38,58
DEV_009_2024-12-12 08:00:00,2024-12-12 08:00:00,DEV_009,79,73,86,78
DEV_009_2024-12-12 10:00:00,2024-12-12 10:00:00,DEV_009,13,42,1,1
DEV_009_2024-12-12 12:00:00,2024-12-12 12:00:00,DEV_009,71,61,18,61
DEV_009_2024-12-12 14:00:00,2024-12-12 14:00:00,DEV_009,63,6,24,79
DEV_009_2024-12-12 16:00:00,2024-12-12 16:00:00,DEV_009,34,97,10,74
DEV_009_2024-12-12 18:00:00,2024-12-12 18:00:00,DEV_009,29,31,8,81
DEV_009_2024-12-12 20:00:00,2024-12-12 20:00:00,DEV_009,30,42,47,41
DEV_009_2024-12-12 22:00:00,2024-12-12 22:00:00,DEV_009,24,45,81,81
DEV_009_2024-12-13 00:00:00,2024-12-13 00:00:00,DEV_009,42,20,16,77
DEV_009_2024-12-13 02:00:00,2024-12-13 02:00:00,DEV_009,67,49,79,20
DEV_009_2024-12-13 04:00:00,2024-12-13 04:00:00,DEV_009,26,37,39,46
DEV_009_2024-12-13 06:00:00,2024-12-13 06:00:00,DEV_009,22,70,30,26
DEV_009_2024-12-13 08:00:00,2024-12-13 08:00:00,DEV_009,46,32,30,71
DEV_009_2024-12-13 10:00:00,2024-12-13 10:00:00,DEV_009,51,95,27,66
DEV_009_2024-12-13 12:00:00,2024-12-13 12:00:00,DEV_009,44,44,98,42
DEV_009_2024-12-13 14:00:00,2024-12-13 14:00:00,DEV_009,67,52,96,52
DEV_009_2024-12-13 16:00:00,2024-12-13 16:00:00,DEV_009,85,71,9,89
DEV_009_2024-12-13 18:00:00,2024-12-13 18:00:00,DEV_009,21,24,92,43
DEV_009_2024-12-13 20:00:00,2024-12-13 20:00:00,DEV_009,35,22,61,49
DEV_009_2024-12-13 22:00:00,2024-12-13 22:00:00,DEV_009,4,69,43,99
DEV_009_2024-12-14 00:00:00,2024-12-14 00:00:00,DEV_009,14,50,82,95
DEV_009_2024-12-14 02:00:00,2024-12-14 02:00:00,DEV_009,52,87,4,86
DEV_009_2024-12-14 04:00:00,2024-12-14 04:00:00,DEV_009,27,66,73,76
DEV_009_2024-12-14 06:00:00,2024-12-14 06:00:00,DEV_009,33,33,33,37
DEV_009_2024-12-14 08:00:00,2024-12-14 08:00:00,DEV_009,74,15,12,19
DEV_009_2024-12-14 10:00:00,2024-12-14 10:00:00,DEV_009,31,93,29,24
DEV_009_2024-12-14 12:00:00,2024-12-14 12:00:00,DEV_009,55,15,51,62
DEV_009_2024-12-14 14:00:00,2024-12-14 14:00:00,DEV_009,99,6,18,85
DEV_009_2024-12-14 16:00:00,2024-12-14 16:00:00,DEV_009,36,87,96,18
DEV_009_2024-12-14 18:00:00,2024-12-14 18:00:00,DEV_009,69,70,35,56
DEV_009_2024-12-14 20:00:00,2024-12-14 20:00:00,DEV_009,88,14,54,99
DEV_009_2024-12-14 22:00:00,2024-12-14 22:00:00,DEV_009,60,5,25,4
DEV_009_2024-12-15 00:00:00,2024-12-15 00:00:00,DEV_009,58,16,32,22
DEV_009_2024-12-15 02:00:00,2024-12-15 02:00:00,DEV_009,15,70,15,30
DEV_009_2024-12-15 04:00:00,2024-12-15 04:00:00,DEV_009,38,10,92,14
DEV_009_2024-12-15 06:00:00,2024-12-15 06:00:00,DEV_009,99,25,76,43
DEV_009_2024-12-15 08:00:00,2024-12-15 08:00:00,DEV_009,22,41,49,99
DEV_009_2024-12-15 10:00:00,2024-12-15 10:00:00,DEV_009,25,40,3,45
DEV_009_2024-12-15 12:00:00,2024-12-15 12:00:00,DEV_009,60,16,83,62
DEV_009_2024-12-15 14:00:00,2024-12-15 14:00:00,DEV_009,26,93,64,73
DEV_009_2024-12-15 16:00:00,2024-12-15 16:00:00,DEV_009,72,53,6,32
DEV_009_2024-12-15 18:00:00,2024-12-15 18:00:00,DEV_009,35,67,17,80
DEV_009_2024-12-15 20:00:00,2024-12-15 20:00:00,DEV_009,90,29,87,39
DEV_009_2024-12-15 22:00:00,2024-12-15 22:00:00,DEV_009,88,74,67,94
DEV_009_2024-12-16 00:00:00,2024-12-16 00:00:00,DEV_009,62,26,54,83
DEV_009_2024-12-16 02:00:00,2024-12-16 02:00:00,DEV_009,46,91,64,17
DEV_009_2024-12-16 04:00:00,2024-12-16 04:00:00,DEV_009,28,7,41,29
DEV_009_2024-12-16 06:00:00,2024-12-16 06:00:00,DEV_009,7,25,29,90
DEV_009_2024-12-16 08:00:00,2024-12-16 08:00:00,DEV_009,80,31,81,84
DEV_009_2024-12-16 10:00:00,2024-12-16 10:00:00,DEV_009,40,5,38,11
DEV_009_2024-12-16 12:00:00,2024-12-16 12:00:00,DEV_009,46,60,11,21
DEV_009_2024-12-16 14:00:00,2024-12-16 14:00:00,DEV_009,76,43,15,46
DEV_009_2024-12-16 16:00:00,2024-12-16 16:00:00,DEV_009,56,91,11,48
DEV_009_2024-12-16 18:00:00,2024-12-16 18:00:00,DEV_009,22,73,4,73
DEV_009_2024-12-16 20:00:00,2024-12-16 20:00:00,DEV_009,7,68,94,45
DEV_009_2024-12-16 22:00:00,2024-12-16 22:00:00,DEV_009,22,43,54,72
DEV_009_2024-12-17 00:00:00,2024-12-17 00:00:00,DEV_009,69,44,88,45
DEV_009_2024-12-17 02:00:00,2024-12-17 02:00:00,DEV_009,62,45,9,55
DEV_009_2024-12-17 04:00:00,2024-12-17 04:00:00,DEV_009,21,86,13,62
DEV_009_2024-12-17 06:00:00,2024-12-17 06:00:00,DEV_009,4,67,21,77
DEV_009_2024-12-17 08:00:00,2024-12-17 08:00:00,DEV_009,92,67,86,8
DEV_009_2024-12-17 10:00:00,2024-12-17 10:00:00,DEV_009,89,28,96,87
DEV_009_2024-12-17 12:00:00,2024-12-17 12:00:00,DEV_009,5,97,86,68
DEV_009_2024-12-17 14:00:00,2024-12-17 14:00:00,DEV_009,98,18,83,54
DEV_009_2024-12-17 16:00:00,2024-12-17 16:00:00,DEV_009,60,10,72,36
DEV_009_2024-12-17 18:00:00,2024-12-17 18:00:00,DEV_009,27,73,73,30
DEV_009_2024-12-17 20:00:00,2024-12-17 20:00:00,DEV_009,17,12,77,97
DEV_009_2024-12-17 22:00:00,2024-12-17 22:00:00,DEV_009,36,57,16,92
DEV_009_2024-12-18 00:00:00,2024-12-18 00:00:00,DEV_009,72,71,25,56
DEV_009_2024-12-18 02:00:00,2024-12-18 02:00:00,DEV_009,98,32,65,12
DEV_009_2024-12-18 04:00:00,2024-12-18 04:00:00,DEV_009,18,76,34,69
DEV_009_2024-12-18 06:00:00,2024-12-18 06:00:00,DEV_009,54,19,22,60
DEV_009_2024-12-18 08:00:00,2024-12-18 08:00:00,DEV_009,86,44,66,72
DEV_009_2024-12-18 10:00:00,2024-12-18 10:00:00,DEV_009,17,81,89,70
DEV_009_2024-12-18 12:00:00,2024-12-18 12:00:00,DEV_009,80,47,76,6
DEV_009_2024-12-18 14:00:00,2024-12-18 14:00:00,DEV_009,91,90,83,78
DEV_009_2024-12-18 16:00:00,2024-12-18 16:00:00,DEV_009,70,30,34,67
DEV_009_2024-12-18 18:00:00,2024-12-18 18:00:00,DEV_009,99,2,28,69
DEV_009_2024-12-18 20:00:00,2024-12-18 20:00:00,DEV_009,69,11,97,4
DEV_009_2024-12-18 22:00:00,2024-12-18 22:00:00,DEV_009,29,77,68,45
DEV_009_2024-12-19 00:00:00,2024-12-19 00:00:00,DEV_009,6,27,19,29
DEV_009_2024-12-19 02:00:00,2024-12-19 02:00:00,DEV_009,95,21,2,39
DEV_009_2024-12-19 04:00:00,2024-12-19 04:00:00,DEV_009,48,72,67,49
DEV_009_2024-12-19 06:00:00,2024-12-19 06:00:00,DEV_009,45,1,16,56
DEV_009_2024-12-19 08:00:00,2024-12-19 08:00:00,DEV_009,78,25,22,27
DEV_009_2024-12-19 10:00:00,2024-12-19 10:00:00,DEV_009,40,31,34,26
DEV_009_2024-12-19 12:00:00,2024-12-19 12:00:00,DEV_009,35,12,60,92
DEV_009_2024-12-19 14:00:00,2024-12-19 14:00:00,DEV_009,98,6,65,71
DEV_009_2024-12-19 16:00:00,2024-12-19 16:00:00,DEV_009,65,20,56,44
DEV_009_2024-12-19 18:00:00,2024-12-19 18:00:00,DEV_009,19,54,7,63
DEV_009_2024-12-19 20:00:00,2024-12-19 20:00:00,DEV_009,67,91,87,73
DEV_009_2024-12-19 22:00:00,2024-12-19 22:00:00,DEV_009,76,36,28,50
DEV_009_2024-12-20 00:00:00,2024-12-20 00:00:00,DEV_009,90,55,63,63
DEV_009_2024-12-20 02:00:00,2024-12-20 02:00:00,DEV_009,38,31,16,21
DEV_009_2024-12-20 04:00:00,2024-12-20 04:00:00,DEV_009,78,13,73,65
DEV_009_2024-12-20 06:00:00,2024-12-20 06:00:00,DEV_009,25,99,42,87
DEV_009_2024-12-20 08:00:00,2024-12-20 08:00:00,DEV_009,43,37,40,64
DEV_009_2024-12-20 10:00:00,2024-12-20 10:00:00,DEV_009,46,7,47,36
DEV_009_2024-12-20 12:00:00,2024-12-20 12:00:00,DEV_009,87,91,94,19
DEV_009_2024-12-20 14:00:00,2024-12-20 14:00:00,DEV_009,38,43,84,68
DEV_009_2024-12-20 16:00:00,2024-12-20 16:00:00,DEV_009,23,42,24,11
DEV_009_2024-12-20 18:00:00,2024-12-20 18:00:00,DEV_009,38,84,49,65
DEV_009_2024-12-20 20:00:00,2024-12-20 20:00:00,DEV_009,22,65,7,23
DEV_009_2024-12-20 22:00:00,2024-12-20 22:00:00,DEV_009,77,81,35,9
DEV_009_2024-12-21 00:00:00,2024-12-21 00:00:00,DEV_009,83,97,56,55
DEV_009_2024-12-21 02:00:00,2024-12-21 02:00:00,DEV_009,52,70,14,60
DEV_009_2024-12-21 04:00:00,2024-12-21 04:00:00,DEV_009,49,5,5,93
DEV_009_2024-12-21 06:00:00,2024-12-21 06:00:00,DEV_009,42,59,90,2
DEV_009_2024-12-21 08:00:00,2024-12-21 08:00:00,DEV_009,45,91,41,16
DEV_009_2024-12-21 10:00:00,2024-12-21 10:00:00,DEV_009,11,30,43,2
DEV_009_2024-12-21 12:00:00,2024-12-21 12:00:00,DEV_009,81,80,89,93
DEV_009_2024-12-21 14:00:00,2024-12-21 14:00:00,DEV_009,96,37,46,38
DEV_009_2024-12-21 16:00:00,2024-12-21 16:00:00,DEV_009,76,40,97,17
DEV_009_2024-12-21 18:00:00,2024-12-21 18:00:00,DEV_009,78,10,96,97
DEV_009_2024-12-21 20:00:00,2024-12-21 20:00:00,DEV_009,22,31,85,51
DEV_009_2024-12-21 22:00:00,2024-12-21 22:00:00,DEV_009,20,90,26,90
DEV_009_2024-12-22 00:00:00,2024-12-22 00:00:00,DEV_009,50,50,8,86
DEV_009_2024-12-22 02:00:00,2024-12-22 02:00:00,DEV_009,52,69,45,14
DEV_009_2024-12-22 04:00:00,2024-12-22 04:00:00,DEV_009,91,37,91,47
DEV_009_2024-12-22 06:00:00,2024-12-22 06:00:00,DEV_009,79,37,28,11
DEV_009_2024-12-22 08:00:00,2024-12-22 08:00:00,DEV_009,94,25,73,93
DEV_009_2024-12-22 10:00:00,2024-12-22 10:00:00,DEV_009,6,33,13,39
DEV_009_2024-12-22 12:00:00,2024-12-22 12:00:00,DEV_009,74,90,91,57
DEV_009_2024-12-22 14:00:00,2024-12-22 14:00:00,DEV_009,23,62,85,32
DEV_009_2024-12-22 16:00:00,2024-12-22 16:00:00,DEV_009,89,39,87,87
DEV_009_2024-12-22 18:00:00,2024-12-22 18:00:00,DEV_009,94,95,83,69
DEV_009_2024-12-22 20:00:00,2024-12-22 20:00:00,DEV_009,91,84,90,12
DEV_009_2024-12-22 22:00:00,2024-12-22 22:00:00,DEV_009,64,46,92,48
DEV_009_2024-12-23 00:00:00,2024-12-23 00:00:00,DEV_009,18,38,9,9
DEV_009_2024-12-23 02:00:00,2024-12-23 02:00:00,DEV_009,78,23,16,36
DEV_009_2024-12-23 04:00:00,2024-12-23 04:00:00,DEV_009,18,14,37,58
DEV_009_2024-12-23 06:00:00,2024-12-23 06:00:00,DEV_009,49,79,22,93
DEV_009_2024-12-23 08:00:00,2024-12-23 08:00:00,DEV_009,79,21,73,19
DEV_009_2024-12-23 10:00:00,2024-12-23 10:00:00,DEV_009,54,39,90,98
DEV_009_2024-12-23 12:00:00,2024-12-23 12:00:00,DEV_009,13,3,3,49
DEV_009_2024-12-23 14:00:00,2024-12-23 14:00:00,DEV_009,48,39,64,59
DEV_009_2024-12-23 16:00:00,2024-12-23 16:00:00,DEV_009,40,40,49,5
DEV_009_2024-12-23 18:00:00,2024-12-23 18:00:00,DEV_009,4,92,99,76
DEV_009_2024-12-23 20:00:00,2024-12-23 20:00:00,DEV_009,48,90,46,40
DEV_009_2024-12-23 22:00:00,2024-12-23 22:00:00,DEV_009,59,33,28,28
DEV_009_2024-12-24 00:00:00,2024-12-24 00:00:00,DEV_009,97,90,42,40
DEV_009_2024-12-24 02:00:00,2024-12-24 02:00:00,DEV_009,8,24,89,88
DEV_009_2024-12-24 04:00:00,2024-12-24 04:00:00,DEV_009,4,95,86,58
DEV_009_2024-12-24 06:00:00,2024-12-24 06:00:00,DEV_009,45,94,28,83
DEV_009_2024-12-24 08:00:00,2024-12-24 08:00:00,DEV_009,23,37,62,36
DEV_009_2024-12-24 10:00:00,2024-12-24 10:00:00,DEV_009,66,84,20,43
DEV_009_2024-12-24 12:00:00,2024-12-24 12:00:00,DEV_009,93,47,85,70
DEV_009_2024-12-24 14:00:00,2024-12-24 14:00:00,DEV_009,50,96,3,8
DEV_009_2024-12-24 16:00:00,2024-12-24 16:00:00,DEV_009,38,96,15,31
DEV_009_2024-12-24 18:00:00,2024-12-24 18:00:00,DEV_009,97,90,1,69
DEV_009_2024-12-24 20:00:00,2024-12-24 20:00:00,DEV_009,77,20,68,11
DEV_009_2024-12-24 22:00:00,2024-12-24 22:00:00,DEV_009,2,92,50,8
DEV_009_2024-12-25 00:00:00,2024-12-25 00:00:00,DEV_009,23,83,76,6
DEV_009_2024-12-25 02:00:00,2024-12-25 02:00:00,DEV_009,32,43,92,1
DEV_009_2024-12-25 04:00:00,2024-12-25 04:00:00,DEV_009,55,87,58,82
DEV_009_2024-12-25 06:00:00,2024-12-25 06:00:00,DEV_009,65,85,86,50
DEV_009_2024-12-25 08:00:00,2024-12-25 08:00:00,DEV_009,80,30,86,23
DEV_009_2024-12-25 10:00:00,2024-12-25 10:00:00,DEV_009,33,94,49,19
DEV_009_2024-12-25 12:00:00,2024-12-25 12:00:00,DEV_009,19,76,88,89
DEV_009_2024-12-25 14:00:00,2024-12-25 14:00:00,DEV_009,85,14,61,33
DEV_009_2024-12-25 16:00:00,2024-12-25 16:00:00,DEV_009,41,81,90,84
DEV_009_2024-12-25 18:00:00,2024-12-25 18:00:00,DEV_009,28,59,57,99
DEV_009_2024-12-25 20:00:00,2024-12-25 20:00:00,DEV_009,50,6,85,4
DEV_009_2024-12-25 22:00:00,2024-12-25 22:00:00,DEV_009,9,79,64,47
DEV_009_2024-12-26 00:00:00,2024-12-26 00:00:00,DEV_009,89,10,50,7
DEV_009_2024-12-26 02:00:00,2024-12-26 02:00:00,DEV_009,2,29,31,93
DEV_009_2024-12-26 04:00:00,2024-12-26 04:00:00,DEV_009,75,30,16,92
DEV_009_2024-12-26 06:00:00,2024-12-26 06:00:00,DEV_009,82,2,2,6
DEV_009_2024-12-26 08:00:00,2024-12-26 08:00:00,DEV_009,22,64,81,94
DEV_009_2024-12-26 10:00:00,2024-12-26 10:00:00,DEV_009,64,83,44,56
DEV_009_2024-12-26 12:00:00,2024-12-26 12:00:00,DEV_009,12,69,52,43
DEV_009_2024-12-26 14:00:00,2024-12-26 14:00:00,DEV_009,33,45,17,35
DEV_009_2024-12-26 16:00:00,2024-12-26 16:00:00,DEV_009,43,64,34,74
DEV_009_2024-12-26 18:00:00,2024-12-26 18:00:00,DEV_009,18,16,2,14
DEV_009_2024-12-26 20:00:00,2024-12-26 20:00:00,DEV_009,53,99,8,40
DEV_009_2024-12-26 22:00:00,2024-12-26 22:00:00,DEV_009,84,83,56,97
DEV_009_2024-12-27 00:00:00,2024-12-27 00:00:00,DEV_009,66,64,34,64
DEV_009_2024-12-27 02:00:00,2024-12-27 02:00:00,DEV_009,25,19,7,7
DEV_009_2024-12-27 04:00:00,2024-12-27 04:00:00,DEV_009,18,21,39,16
DEV_009_2024-12-27 06:00:00,2024-12-27 06:00:00,DEV_009,50,42,38,84
DEV_009_2024-12-27 08:00:00,2024-12-27 08:00:00,DEV_009,21,61,59,19
DEV_009_2024-12-27 10:00:00,2024-12-27 10:00:00,DEV_009,98,47,67,19
DEV_009_2024-12-27 12:00:00,2024-12-27 12:00:00,DEV_009,41,23,86,2
DEV_009_2024-12-27 14:00:00,2024-12-27 14:00:00,DEV_009,52,8,5,6
DEV_009_2024-12-27 16:00:00,2024-12-27 16:00:00,DEV_009,40,25,35,36
DEV_009_2024-12-27 18:00:00,2024-12-27 18:00:00,DEV_009,69,87,15,37
DEV_009_2024-12-27 20:00:00,2024-12-27 20:00:00,DEV_009,44,79,67,75
DEV_009_2024-12-27 22:00:00,2024-12-27 22:00:00,DEV_009,74,46,54,91
DEV_009_2024-12-28 00:00:00,2024-12-28 00:00:00,DEV_009,72,97,28,43
DEV_009_2024-12-28 02:00:00,2024-12-28 02:00:00,DEV_009,60,77,90,34
DEV_009_2024-12-28 04:00:00,2024-12-28 04:00:00,DEV_009,75,7,5,68
DEV_009_2024-12-28 06:00:00,2024-12-28 06:00:00,DEV_009,47,7,37,21
DEV_009_2024-12-28 08:00:00,2024-12-28 08:00:00,DEV_009,4,9,68,22
DEV_009_2024-12-28 10:00:00,2024-12-28 10:00:00,DEV_009,7,58,54,14
DEV_009_2024-12-28 12:00:00,2024-12-28 12:00:00,DEV_009,22,52,37,94
DEV_009_2024-12-28 14:00:00,2024-12-28 14:00:00,DEV_009,62,70,99,79
DEV_009_2024-12-28 16:00:00,2024-12-28 16:00:00,DEV_009,38,62,88,74
DEV_009_2024-12-28 18:00:00,2024-12-28 18:00:00,DEV_009,4,42,27,26
DEV_009_2024-12-28 20:00:00,2024-12-28 20:00:00,DEV_009,15,94,83,51
DEV_009_2024-12-28 22:00:00,2024-12-28 22:00:00,DEV_009,72,68,67,67
DEV_009_2024-12-29 00:00:00,2024-12-29 00:00:00,DEV_009,73,95,10,38
DEV_009_2024-12-29 02:00:00,2024-12-29 02:00:00,DEV_009,21,84,86,40
DEV_009_2024-12-29 04:00:00,2024-12-29 04:00:00,DEV_009,19,30,65,6
DEV_009_2024-12-29 06:00:00,2024-12-29 06:00:00,DEV_009,53,37,12,57
DEV_009_2024-12-29 08:00:00,2024-12-29 08:00:00,DEV_009,10,35,21,88
DEV_009_2024-12-29 10:00:00,2024-12-29 10:00:00,DEV_009,70,36,23,69
DEV_009_2024-12-29 12:00:00,2024-12-29 12:00:00,DEV_009,20,20,94,10
DEV_009_2024-12-29 14:00:00,2024-12-29 14:00:00,DEV_009,39,95,75,26
DEV_009_2024-12-29 16:00:00,2024-12-29 16:00:00,DEV_009,84,37,63,49
DEV_009_2024-12-29 18:00:00,2024-12-29 18:00:00,DEV_009,84,42,94,14
DEV_009_2024-12-29 20:00:00,2024-12-29 20:00:00,DEV_009,24,40,37,1
DEV_009_2024-12-29 22:00:00,2024-12-29 22:00:00,DEV_009,88,54,10,64
DEV_010_2024-09-01 00:00:00,2024-09-01 00:00:00,DEV_010,5,77,26,40
DEV_010_2024-09-01 02:00:00,2024-09-01 02:00:00,DEV_010,49,86,60,51
DEV_010_2024-09-01 04:00:00,2024-09-01 04:00:00,DEV_010,54,15,25,13
DEV_010_2024-09-01 06:00:00,2024-09-01 06:00:00,DEV_010,84,11,44,48
DEV_010_2024-09-01 08:00:00,2024-09-01 08:00:00,DEV_010,92,27,42,62
DEV_010_2024-09-01 10:00:00,2024-09-01 10:00:00,DEV_010,58,63,41,75
DEV_010_2024-09-01 12:00:00,2024-09-01 12:00:00,DEV_010,8,73,99,6
DEV_010_2024-09-01 14:00:00,2024-09-01 14:00:00,DEV_010,95,48,30,45
DEV_010_2024-09-01 16:00:00,2024-09-01 16:00:00,DEV_010,19,34,19,45
DEV_010_2024-09-01 18:00:00,2024-09-01 18:00:00,DEV_010,53,33,60,87
DEV_010_2024-09-01 20:00:00,2024-09-01 20:00:00,DEV_010,21,65,7,2
DEV_010_2024-09-01 22:00:00,2024-09-01 22:00:00,DEV_010,18,12,99,12
DEV_010_2024-09-02 00:00:00,2024-09-02 00:00:00,DEV_010,2,50,88,69
DEV_010_2024-09-02 02:00:00,2024-09-02 02:00:00,DEV_010,87,98,32,15
DEV_010_2024-09-02 04:00:00,2024-09-02 04:00:00,DEV_010,41,41,4,42
DEV_010_2024-09-02 06:00:00,2024-09-02 06:00:00,DEV_010,22,33,33,11
DEV_010_2024-09-02 08:00:00,2024-09-02 08:00:00,DEV_010,68,5,41,80
DEV_010_2024-09-02 10:00:00,2024-09-02 10:00:00,DEV_010,39,15,36,75
DEV_010_2024-09-02 12:00:00,2024-09-02 12:00:00,DEV_010,41,11,25,40
DEV_010_2024-09-02 14:00:00,2024-09-02 14:00:00,DEV_010,50,19,39,12
DEV_010_2024-09-02 16:00:00,2024-09-02 16:00:00,DEV_010,75,28,52,20
DEV_010_2024-09-02 18:00:00,2024-09-02 18:00:00,DEV_010,63,5,27,53
DEV_010_2024-09-02 20:00:00,2024-09-02 20:00:00,DEV_010,19,62,98,72
DEV_010_2024-09-02 22:00:00,2024-09-02 22:00:00,DEV_010,10,90,74,93
DEV_010_2024-09-03 00:00:00,2024-09-03 00:00:00,DEV_010,52,81,91,65
DEV_010_2024-09-03 02:00:00,2024-09-03 02:00:00,DEV_010,90,93,80,18
DEV_010_2024-09-03 04:00:00,2024-09-03 04:00:00,DEV_010,9,29,62,89
DEV_010_2024-09-03 06:00:00,2024-09-03 06:00:00,DEV_010,4,40,47,15
DEV_010_2024-09-03 08:00:00,2024-09-03 08:00:00,DEV_010,35,82,22,97
DEV_010_2024-09-03 10:00:00,2024-09-03 10:00:00,DEV_010,63,54,7,58
DEV_010_2024-09-03 12:00:00,2024-09-03 12:00:00,DEV_010,64,73,54,79
DEV_010_2024-09-03 14:00:00,2024-09-03 14:00:00,DEV_010,21,21,20,19
DEV_010_2024-09-03 16:00:00,2024-09-03 16:00:00,DEV_010,56,42,6,97
DEV_010_2024-09-03 18:00:00,2024-09-03 18:00:00,DEV_010,7,34,55,35
DEV_010_2024-09-03 20:00:00,2024-09-03 20:00:00,DEV_010,57,86,73,88
DEV_010_2024-09-03 22:00:00,2024-09-03 22:00:00,DEV_010,20,29,48,52
DEV_010_2024-09-04 00:00:00,2024-09-04 00:00:00,DEV_010,8,77,2,12
DEV_010_2024-09-04 02:00:00,2024-09-04 02:00:00,DEV_010,6,47,7,2
DEV_010_2024-09-04 04:00:00,2024-09-04 04:00:00,DEV_010,77,3,65,40
DEV_010_2024-09-04 06:00:00,2024-09-04 06:00:00,DEV_010,99,87,25,92
DEV_010_2024-09-04 08:00:00,2024-09-04 08:00:00,DEV_010,59,62,12,16
DEV_010_2024-09-04 10:00:00,2024-09-04 10:00:00,DEV_010,77,36,11,81
DEV_010_2024-09-04 12:00:00,2024-09-04 12:00:00,DEV_010,16,75,6,10
DEV_010_2024-09-04 14:00:00,2024-09-04 14:00:00,DEV_010,84,90,31,85
DEV_010_2024-09-04 16:00:00,2024-09-04 16:00:00,DEV_010,71,28,96,14
DEV_010_2024-09-04 18:00:00,2024-09-04 18:00:00,DEV_010,83,41,56,74
DEV_010_2024-09-04 20:00:00,2024-09-04 20:00:00,DEV_010,50,32,2,53
DEV_010_2024-09-04 22:00:00,2024-09-04 22:00:00,DEV_010,96,68,89,7
DEV_010_2024-09-05 00:00:00,2024-09-05 00:00:00,DEV_010,86,50,5,72
DEV_010_2024-09-05 02:00:00,2024-09-05 02:00:00,DEV_010,48,30,15,15
DEV_010_2024-09-05 04:00:00,2024-09-05 04:00:00,DEV_010,57,35,63,61
DEV_010_2024-09-05 06:00:00,2024-09-05 06:00:00,DEV_010,81,39,36,26
DEV_010_2024-09-05 08:00:00,2024-09-05 08:00:00,DEV_010,72,5,36,81
DEV_010_2024-09-05 10:00:00,2024-09-05 10:00:00,DEV_010,16,81,17,32
DEV_010_2024-09-05 12:00:00,2024-09-05 12:00:00,DEV_010,86,44,32,38
DEV_010_2024-09-05 14:00:00,2024-09-05 14:00:00,DEV_010,24,39,99,94
DEV_010_2024-09-05 16:00:00,2024-09-05 16:00:00,DEV_010,97,78,34,49
DEV_010_2024-09-05 18:00:00,2024-09-05 18:00:00,DEV_010,57,18,38,85
DEV_010_2024-09-05 20:00:00,2024-09-05 20:00:00,DEV_010,72,29,36,24
DEV_010_2024-09-05 22:00:00,2024-09-05 22:00:00,DEV_010,7,98,85,47
DEV_010_2024-09-06 00:00:00,2024-09-06 00:00:00,DEV_010,14,65,86,48
DEV_010_2024-09-06 02:00:00,2024-09-06 02:00:00,DEV_010,43,8,7,56
DEV_010_2024-09-06 04:00:00,2024-09-06 04:00:00,DEV_010,56,88,61,62
DEV_010_2024-09-06 06:00:00,2024-09-06 06:00:00,DEV_010,34,14,4,14
DEV_010_2024-09-06 08:00:00,2024-09-06 08:00:00,DEV_010,27,49,43,59
DEV_010_2024-09-06 10:00:00,2024-09-06 10:00:00,DEV_010,51,76,83,89
DEV_010_2024-09-06 12:00:00,2024-09-06 12:00:00,DEV_010,35,69,89,37
DEV_010_2024-09-06 14:00:00,2024-09-06 14:00:00,DEV_010,44,69,5,57
DEV_010_2024-09-06 16:00:00,2024-09-06 16:00:00,DEV_010,75,47,31,90
DEV_010_2024-09-06 18:00:00,2024-09-06 18:00:00,DEV_010,5,68,34,32
DEV_010_2024-09-06 20:00:00,2024-09-06 20:00:00,DEV_010,60,13,7,77
DEV_010_2024-09-06 22:00:00,2024-09-06 22:00:00,DEV_010,33,12,69,57
DEV_010_2024-09-07 00:00:00,2024-09-07 00:00:00,DEV_010,7,52,14,15
DEV_010_2024-09-07 02:00:00,2024-09-07 02:00:00,DEV_010,83,67,57,15
DEV_010_2024-09-07 04:00:00,2024-09-07 04:00:00,DEV_010,86,81,43,1
DEV_010_2024-09-07 06:00:00,2024-09-07 06:00:00,DEV_010,64,45,68,30
DEV_010_2024-09-07 08:00:00,2024-09-07 08:00:00,DEV_010,23,14,70,13
DEV_010_2024-09-07 10:00:00,2024-09-07 10:00:00,DEV_010,51,23,33,98
DEV_010_2024-09-07 12:00:00,2024-09-07 12:00:00,DEV_010,68,24,43,12
DEV_010_2024-09-07 14:00:00,2024-09-07 14:00:00,DEV_010,82,46,12,48
DEV_010_2024-09-07 16:00:00,2024-09-07 16:00:00,DEV_010,57,40,47,36
DEV_010_2024-09-07 18:00:00,2024-09-07 18:00:00,DEV_010,22,50,68,98
DEV_010_2024-09-07 20:00:00,2024-09-07 20:00:00,DEV_010,77,78,39,55
DEV_010_2024-09-07 22:00:00,2024-09-07 22:00:00,DEV_010,87,75,65,27
DEV_010_2024-09-08 00:00:00,2024-09-08 00:00:00,DEV_010,33,27,70,34
DEV_010_2024-09-08 02:00:00,2024-09-08 02:00:00,DEV_010,67,71,84,33
DEV_010_2024-09-08 04:00:00,2024-09-08 04:00:00,DEV_010,7,61,3,9
DEV_010_2024-09-08 06:00:00,2024-09-08 06:00:00,DEV_010,67,92,60,34
DEV_010_2024-09-08 08:00:00,2024-09-08 08:00:00,DEV_010,39,79,7,76
DEV_010_2024-09-08 10:00:00,2024-09-08 10:00:00,DEV_010,48,18,58,17
DEV_010_2024-09-08 12:00:00,2024-09-08 12:00:00,DEV_010,36,5,50,83
DEV_010_2024-09-08 14:00:00,2024-09-08 14:00:00,DEV_010,18,24,31,38
DEV_010_2024-09-08 16:00:00,2024-09-08 16:00:00,DEV_010,94,24,13,53
DEV_010_2024-09-08 18:00:00,2024-09-08 18:00:00,DEV_010,11,27,31,47
DEV_010_2024-09-08 20:00:00,2024-09-08 20:00:00,DEV_010,3,14,41,72
DEV_010_2024-09-08 22:00:00,2024-09-08 22:00:00,DEV_010,39,22,31,40
DEV_010_2024-09-09 00:00:00,2024-09-09 00:00:00,DEV_010,62,87,31,57
DEV_010_2024-09-09 02:00:00,2024-09-09 02:00:00,DEV_010,16,59,9,81
DEV_010_2024-09-09 04:00:00,2024-09-09 04:00:00,DEV_010,67,58,67,60
DEV_010_2024-09-09 06:00:00,2024-09-09 06:00:00,DEV_010,4,97,9,16
DEV_010_2024-09-09 08:00:00,2024-09-09 08:00:00,DEV_010,83,87,57,76
DEV_010_2024-09-09 10:00:00,2024-09-09 10:00:00,DEV_010,80,46,84,96
DEV_010_2024-09-09 12:00:00,2024-09-09 12:00:00,DEV_010,35,16,3,84
DEV_010_2024-09-09 14:00:00,2024-09-09 14:00:00,DEV_010,42,79,7,2
DEV_010_2024-09-09 16:00:00,2024-09-09 16:00:00,DEV_010,99,83,13,61
DEV_010_2024-09-09 18:00:00,2024-09-09 18:00:00,DEV_010,44,8,87,95
DEV_010_2024-09-09 20:00:00,2024-09-09 20:00:00,DEV_010,80,83,41,79
DEV_010_2024-09-09 22:00:00,2024-09-09 22:00:00,DEV_010,53,69,72,73
DEV_010_2024-09-10 00:00:00,2024-09-10 00:00:00,DEV_010,19,36,67,88
DEV_010_2024-09-10 02:00:00,2024-09-10 02:00:00,DEV_010,3,85,25,66
DEV_010_2024-09-10 04:00:00,2024-09-10 04:00:00,DEV_010,94,54,60,75
DEV_010_2024-09-10 06:00:00,2024-09-10 06:00:00,DEV_010,95,8,21,5
DEV_010_2024-09-10 08:00:00,2024-09-10 08:00:00,DEV_010,57,30,90,70
DEV_010_2024-09-10 10:00:00,2024-09-10 10:00:00,DEV_010,52,15,29,10
DEV_010_2024-09-10 12:00:00,2024-09-10 12:00:00,DEV_010,37,39,86,97
DEV_010_2024-09-10 14:00:00,2024-09-10 14:00:00,DEV_010,61,74,42,71
DEV_010_2024-09-10 16:00:00,2024-09-10 16:00:00,DEV_010,22,3,90,36
DEV_010_2024-09-10 18:00:00,2024-09-10 18:00:00,DEV_010,82,67,58,55
DEV_010_2024-09-10 20:00:00,2024-09-10 20:00:00,DEV_010,29,77,5,15
DEV_010_2024-09-10 22:00:00,2024-09-10 22:00:00,DEV_010,23,59,93,83
DEV_010_2024-09-11 00:00:00,2024-09-11 00:00:00,DEV_010,61,5,68,43
DEV_010_2024-09-11 02:00:00,2024-09-11 02:00:00,DEV_010,58,69,2,46
DEV_010_2024-09-11 04:00:00,2024-09-11 04:00:00,DEV_010,78,64,13,43
DEV_010_2024-09-11 06:00:00,2024-09-11 06:00:00,DEV_010,80,76,37,10
DEV_010_2024-09-11 08:00:00,2024-09-11 08:00:00,DEV_010,16,29,5,30
DEV_010_2024-09-11 10:00:00,2024-09-11 10:00:00,DEV_010,65,15,70,39
DEV_010_2024-09-11 12:00:00,2024-09-11 12:00:00,DEV_010,67,14,12,2
DEV_010_2024-09-11 14:00:00,2024-09-11 14:00:00,DEV_010,59,94,38,42
DEV_010_2024-09-11 16:00:00,2024-09-11 16:00:00,DEV_010,8,56,23,39
DEV_010_2024-09-11 18:00:00,2024-09-11 18:00:00,DEV_010,25,82,30,51
DEV_010_2024-09-11 20:00:00,2024-09-11 20:00:00,DEV_010,2,24,19,87
DEV_010_2024-09-11 22:00:00,2024-09-11 22:00:00,DEV_010,20,55,70,71
DEV_010_2024-09-12 00:00:00,2024-09-12 00:00:00,DEV_010,17,65,46,78
DEV_010_2024-09-12 02:00:00,2024-09-12 02:00:00,DEV_010,78,38,34,4
DEV_010_2024-09-12 04:00:00,2024-09-12 04:00:00,DEV_010,22,85,37,81
DEV_010_2024-09-12 06:00:00,2024-09-12 06:00:00,DEV_010,30,86,17,72
DEV_010_2024-09-12 08:00:00,2024-09-12 08:00:00,DEV_010,16,45,29,63
DEV_010_2024-09-12 10:00:00,2024-09-12 10:00:00,DEV_010,39,27,47,17
DEV_010_2024-09-12 12:00:00,2024-09-12 12:00:00,DEV_010,67,65,37,23
DEV_010_2024-09-12 14:00:00,2024-09-12 14:00:00,DEV_010,86,75,11,12
DEV_010_2024-09-12 16:00:00,2024-09-12 16:00:00,DEV_010,53,71,46,68
DEV_010_2024-09-12 18:00:00,2024-09-12 18:00:00,DEV_010,4,12,56,14
DEV_010_2024-09-12 20:00:00,2024-09-12 20:00:00,DEV_010,81,29,26,40
DEV_010_2024-09-12 22:00:00,2024-09-12 22:00:00,DEV_010,22,43,88,69
DEV_010_2024-09-13 00:00:00,2024-09-13 00:00:00,DEV_010,69,5,81,19
DEV_010_2024-09-13 02:00:00,2024-09-13 02:00:00,DEV_010,25,11,55,11
DEV_010_2024-09-13 04:00:00,2024-09-13 04:00:00,DEV_010,82,90,34,54
DEV_010_2024-09-13 06:00:00,2024-09-13 06:00:00,DEV_010,24,65,36,99
DEV_010_2024-09-13 08:00:00,2024-09-13 08:00:00,DEV_010,95,17,21,58
DEV_010_2024-09-13 10:00:00,2024-09-13 10:00:00,DEV_010,44,25,50,34
DEV_010_2024-09-13 12:00:00,2024-09-13 12:00:00,DEV_010,80,55,30,92
DEV_010_2024-09-13 14:00:00,2024-09-13 14:00:00,DEV_010,70,64,74,59
DEV_010_2024-09-13 16:00:00,2024-09-13 16:00:00,DEV_010,50,86,83,4
DEV_010_2024-09-13 18:00:00,2024-09-13 18:00:00,DEV_010,42,81,86,50
DEV_010_2024-09-13 20:00:00,2024-09-13 20:00:00,DEV_010,12,47,10,93
DEV_010_2024-09-13 22:00:00,2024-09-13 22:00:00,DEV_010,32,13,9,72
DEV_010_2024-09-14 00:00:00,2024-09-14 00:00:00,DEV_010,18,49,16,71
DEV_010_2024-09-14 02:00:00,2024-09-14 02:00:00,DEV_010,84,45,84,53
DEV_010_2024-09-14 04:00:00,2024-09-14 04:00:00,DEV_010,89,8,71,40
DEV_010_2024-09-14 06:00:00,2024-09-14 06:00:00,DEV_010,24,77,59,60
DEV_010_2024-09-14 08:00:00,2024-09-14 08:00:00,DEV_010,31,92,92,71
DEV_010_2024-09-14 10:00:00,2024-09-14 10:00:00,DEV_010,41,7,9,42
DEV_010_2024-09-14 12:00:00,2024-09-14 12:00:00,DEV_010,18,9,17,92
DEV_010_2024-09-14 14:00:00,2024-09-14 14:00:00,DEV_010,63,53,88,96
DEV_010_2024-09-14 16:00:00,2024-09-14 16:00:00,DEV_010,80,2,6,83
DEV_010_2024-09-14 18:00:00,2024-09-14 18:00:00,DEV_010,62,44,50,57
DEV_010_2024-09-14 20:00:00,2024-09-14 20:00:00,DEV_010,82,23,31,35
DEV_010_2024-09-14 22:00:00,2024-09-14 22:00:00,DEV_010,95,39,26,32
DEV_010_2024-09-15 00:00:00,2024-09-15 00:00:00,DEV_010,28,34,4,29
DEV_010_2024-09-15 02:00:00,2024-09-15 02:00:00,DEV_010,78,94,78,15
DEV_010_2024-09-15 04:00:00,2024-09-15 04:00:00,DEV_010,89,7,16,32
DEV_010_2024-09-15 06:00:00,2024-09-15 06:00:00,DEV_010,90,34,61,61
DEV_010_2024-09-15 08:00:00,2024-09-15 08:00:00,DEV_010,32,73,84,64
DEV_010_2024-09-15 10:00:00,2024-09-15 10:00:00,DEV_010,49,97,51,33
DEV_010_2024-09-15 12:00:00,2024-09-15 12:00:00,DEV_010,61,37,82,83
DEV_010_2024-09-15 14:00:00,2024-09-15 14:00:00,DEV_010,66,9,85,17
DEV_010_2024-09-15 16:00:00,2024-09-15 16:00:00,DEV_010,67,55,92,94
DEV_010_2024-09-15 18:00:00,2024-09-15 18:00:00,DEV_010,31,52,55,89
DEV_010_2024-09-15 20:00:00,2024-09-15 20:00:00,DEV_010,70,1,55,95
DEV_010_2024-09-15 22:00:00,2024-09-15 22:00:00,DEV_010,69,40,66,23
DEV_010_2024-09-16 00:00:00,2024-09-16 00:00:00,DEV_010,20,5,77,80
DEV_010_2024-09-16 02:00:00,2024-09-16 02:00:00,DEV_010,29,36,19,41
DEV_010_2024-09-16 04:00:00,2024-09-16 04:00:00,DEV_010,97,14,92,22
DEV_010_2024-09-16 06:00:00,2024-09-16 06:00:00,DEV_010,42,37,55,10
DEV_010_2024-09-16 08:00:00,2024-09-16 08:00:00,DEV_010,64,88,35,72
DEV_010_2024-09-16 10:00:00,2024-09-16 10:00:00,DEV_010,97,64,83,39
DEV_010_2024-09-16 12:00:00,2024-09-16 12:00:00,DEV_010,93,94,27,25
DEV_010_2024-09-16 14:00:00,2024-09-16 14:00:00,DEV_010,44,35,84,86
DEV_010_2024-09-16 16:00:00,2024-09-16 16:00:00,DEV_010,51,45,6,6
DEV_010_2024-09-16 18:00:00,2024-09-16 18:00:00,DEV_010,59,29,27,42
DEV_010_2024-09-16 20:00:00,2024-09-16 20:00:00,DEV_010,68,72,44,12
DEV_010_2024-09-16 22:00:00,2024-09-16 22:00:00,DEV_010,42,30,95,71
DEV_010_2024-09-17 00:00:00,2024-09-17 00:00:00,DEV_010,37,31,52,82
DEV_010_2024-09-17 02:00:00,2024-09-17 02:00:00,DEV_010,60,86,70,43
DEV_010_2024-09-17 04:00:00,2024-09-17 04:00:00,DEV_010,7,87,40,23
DEV_010_2024-09-17 06:00:00,2024-09-17 06:00:00,DEV_010,58,17,32,61
DEV_010_2024-09-17 08:00:00,2024-09-17 08:00:00,DEV_010,70,33,97,95
DEV_010_2024-09-17 10:00:00,2024-09-17 10:00:00,DEV_010,44,66,12,79
DEV_010_2024-09-17 12:00:00,2024-09-17 12:00:00,DEV_010,15,27,20,82
DEV_010_2024-09-17 14:00:00,2024-09-17 14:00:00,DEV_010,41,40,38,27
DEV_010_2024-09-17 16:00:00,2024-09-17 16:00:00,DEV_010,57,4,40,39
DEV_010_2024-09-17 18:00:00,2024-09-17 18:00:00,DEV_010,94,66,33,59
DEV_010_2024-09-17 20:00:00,2024-09-17 20:00:00,DEV_010,60,4,59,30
DEV_010_2024-09-17 22:00:00,2024-09-17 22:00:00,DEV_010,53,76,17,86
DEV_010_2024-09-18 00:00:00,2024-09-18 00:00:00,DEV_010,9,8,99,20
DEV_010_2024-09-18 02:00:00,2024-09-18 02:00:00,DEV_010,29,26,76,70
DEV_010_2024-09-18 04:00:00,2024-09-18 04:00:00,DEV_010,89,53,34,26
DEV_010_2024-09-18 06:00:00,2024-09-18 06:00:00,DEV_010,49,59,88,68
DEV_010_2024-09-18 08:00:00,2024-09-18 08:00:00,DEV_010,54,17,96,48
DEV_010_2024-09-18 10:00:00,2024-09-18 10:00:00,DEV_010,26,53,17,2
DEV_010_2024-09-18 12:00:00,2024-09-18 12:00:00,DEV_010,3,57,19,15
DEV_010_2024-09-18 14:00:00,2024-09-18 14:00:00,DEV_010,50,97,84,5
DEV_010_2024-09-18 16:00:00,2024-09-18 16:00:00,DEV_010,62,39,39,44
DEV_010_2024-09-18 18:00:00,2024-09-18 18:00:00,DEV_010,61,26,72,43
DEV_010_2024-09-18 20:00:00,2024-09-18 20:00:00,DEV_010,81,15,37,93
DEV_010_2024-09-18 22:00:00,2024-09-18 22:00:00,DEV_010,51,66,32,87
DEV_010_2024-09-19 00:00:00,2024-09-19 00:00:00,DEV_010,15,36,76,51
DEV_010_2024-09-19 02:00:00,2024-09-19 02:00:00,DEV_010,47,22,22,34
DEV_010_2024-09-19 04:00:00,2024-09-19 04:00:00,DEV_010,6,24,49,95
DEV_010_2024-09-19 06:00:00,2024-09-19 06:00:00,DEV_010,22,40,12,56
DEV_010_2024-09-19 08:00:00,2024-09-19 08:00:00,DEV_010,67,1,98,38
DEV_010_2024-09-19 10:00:00,2024-09-19 10:00:00,DEV_010,72,9,19,64
DEV_010_2024-09-19 12:00:00,2024-09-19 12:00:00,DEV_010,17,59,91,91
DEV_010_2024-09-19 14:00:00,2024-09-19 14:00:00,DEV_010,65,9,47,70
DEV_010_2024-09-19 16:00:00,2024-09-19 16:00:00,DEV_010,12,24,70,32
DEV_010_2024-09-19 18:00:00,2024-09-19 18:00:00,DEV_010,25,72,13,73
DEV_010_2024-09-19 20:00:00,2024-09-19 20:00:00,DEV_010,27,94,96,57
DEV_010_2024-09-19 22:00:00,2024-09-19 22:00:00,DEV_010,64,39,7,24
DEV_010_2024-09-20 00:00:00,2024-09-20 00:00:00,DEV_010,93,88,41,30
DEV_010_2024-09-20 02:00:00,2024-09-20 02:00:00,DEV_010,51,68,69,19
DEV_010_2024-09-20 04:00:00,2024-09-20 04:00:00,DEV_010,86,39,71,69
DEV_010_2024-09-20 06:00:00,2024-09-20 06:00:00,DEV_010,84,18,84,1
DEV_010_2024-09-20 08:00:00,2024-09-20 08:00:00,DEV_010,27,15,35,86
DEV_010_2024-09-20 10:00:00,2024-09-20 10:00:00,DEV_010,92,18,36,75
DEV_010_2024-09-20 12:00:00,2024-09-20 12:00:00,DEV_010,32,99,10,64
DEV_010_2024-09-20 14:00:00,2024-09-20 14:00:00,DEV_010,23,80,68,23
DEV_010_2024-09-20 16:00:00,2024-09-20 16:00:00,DEV_010,11,74,96,14
DEV_010_2024-09-20 18:00:00,2024-09-20 18:00:00,DEV_010,26,73,30,86
DEV_010_2024-09-20 20:00:00,2024-09-20 20:00:00,DEV_010,65,91,55,42
DEV_010_2024-09-20 22:00:00,2024-09-20 22:00:00,DEV_010,15,22,8,78
DEV_010_2024-09-21 00:00:00,2024-09-21 00:00:00,DEV_010,84,17,90,13
DEV_010_2024-09-21 02:00:00,2024-09-21 02:00:00,DEV_010,93,80,8,51
DEV_010_2024-09-21 04:00:00,2024-09-21 04:00:00,DEV_010,62,21,72,27
DEV_010_2024-09-21 06:00:00,2024-09-21 06:00:00,DEV_010,90,51,5,47
DEV_010_2024-09-21 08:00:00,2024-09-21 08:00:00,DEV_010,44,5,23,81
DEV_010_2024-09-21 10:00:00,2024-09-21 10:00:00,DEV_010,91,12,86,68
DEV_010_2024-09-21 12:00:00,2024-09-21 12:00:00,DEV_010,10,81,17,99
DEV_010_2024-09-21 14:00:00,2024-09-21 14:00:00,DEV_010,85,2,39,65
DEV_010_2024-09-21 16:00:00,2024-09-21 16:00:00,DEV_010,62,23,88,43
DEV_010_2024-09-21 18:00:00,2024-09-21 18:00:00,DEV_010,63,27,43,57
DEV_010_2024-09-21 20:00:00,2024-09-21 20:00:00,DEV_010,44,55,98,22
DEV_010_2024-09-21 22:00:00,2024-09-21 22:00:00,DEV_010,43,3,64,14
DEV_010_2024-09-22 00:00:00,2024-09-22 00:00:00,DEV_010,8,35,1,94
DEV_010_2024-09-22 02:00:00,2024-09-22 02:00:00,DEV_010,8,20,67,81
DEV_010_2024-09-22 04:00:00,2024-09-22 04:00:00,DEV_010,30,68,42,18
DEV_010_2024-09-22 06:00:00,2024-09-22 06:00:00,DEV_010,52,75,20,78
DEV_010_2024-09-22 08:00:00,2024-09-22 08:00:00,DEV_010,29,41,75,69
DEV_010_2024-09-22 10:00:00,2024-09-22 10:00:00,DEV_010,70,79,82,77
DEV_010_2024-09-22 12:00:00,2024-09-22 12:00:00,DEV_010,92,16,33,69
DEV_010_2024-09-22 14:00:00,2024-09-22 14:00:00,DEV_010,90,58,33,37
DEV_010_2024-09-22 16:00:00,2024-09-22 16:00:00,DEV_010,63,45,96,85
DEV_010_2024-09-22 18:00:00,2024-09-22 18:00:00,DEV_010,45,60,13,32
DEV_010_2024-09-22 20:00:00,2024-09-22 20:00:00,DEV_010,66,52,6,62
DEV_010_2024-09-22 22:00:00,2024-09-22 22:00:00,DEV_010,95,73,35,19
DEV_010_2024-09-23 00:00:00,2024-09-23 00:00:00,DEV_010,66,35,85,49
DEV_010_2024-09-23 02:00:00,2024-09-23 02:00:00,DEV_010,74,63,72,86
DEV_010_2024-09-23 04:00:00,2024-09-23 04:00:00,DEV_010,22,58,69,50
DEV_010_2024-09-23 06:00:00,2024-09-23 06:00:00,DEV_010,59,45,60,14
DEV_010_2024-09-23 08:00:00,2024-09-23 08:00:00,DEV_010,7,9,5,40
DEV_010_2024-09-23 10:00:00,2024-09-23 10:00:00,DEV_010,83,96,11,41
DEV_010_2024-09-23 12:00:00,2024-09-23 12:00:00,DEV_010,61,97,98,18
DEV_010_2024-09-23 14:00:00,2024-09-23 14:00:00,DEV_010,54,31,55,5
DEV_010_2024-09-23 16:00:00,2024-09-23 16:00:00,DEV_010,24,8,33,4
DEV_010_2024-09-23 18:00:00,2024-09-23 18:00:00,DEV_010,66,55,19,82
DEV_010_2024-09-23 20:00:00,2024-09-23 20:00:00,DEV_010,45,45,82,56
DEV_010_2024-09-23 22:00:00,2024-09-23 22:00:00,DEV_010,22,78,76,82
DEV_010_2024-09-24 00:00:00,2024-09-24 00:00:00,DEV_010,71,96,24,81
DEV_010_2024-09-24 02:00:00,2024-09-24 02:00:00,DEV_010,87,33,91,34
DEV_010_2024-09-24 04:00:00,2024-09-24 04:00:00,DEV_010,70,76,36,5
DEV_010_2024-09-24 06:00:00,2024-09-24 06:00:00,DEV_010,26,96,6,37
DEV_010_2024-09-24 08:00:00,2024-09-24 08:00:00,DEV_010,28,40,77,41
DEV_010_2024-09-24 10:00:00,2024-09-24 10:00:00,DEV_010,26,20,68,80
DEV_010_2024-09-24 12:00:00,2024-09-24 12:00:00,DEV_010,21,69,6,60
DEV_010_2024-09-24 14:00:00,2024-09-24 14:00:00,DEV_010,29,15,74,49
DEV_010_2024-09-24 16:00:00,2024-09-24 16:00:00,DEV_010,25,40,19,82
DEV_010_2024-09-24 18:00:00,2024-09-24 18:00:00,DEV_010,12,78,29,33
DEV_010_2024-09-24 20:00:00,2024-09-24 20:00:00,DEV_010,81,52,35,96
DEV_010_2024-09-24 22:00:00,2024-09-24 22:00:00,DEV_010,30,66,74,99
DEV_010_2024-09-25 00:00:00,2024-09-25 00:00:00,DEV_010,62,10,52,2
DEV_010_2024-09-25 02:00:00,2024-09-25 02:00:00,DEV_010,62,47,14,3
DEV_010_2024-09-25 04:00:00,2024-09-25 04:00:00,DEV_010,17,83,77,38
DEV_010_2024-09-25 06:00:00,2024-09-25 06:00:00,DEV_010,29,38,25,87
DEV_010_2024-09-25 08:00:00,2024-09-25 08:00:00,DEV_010,51,91,26,97
DEV_010_2024-09-25 10:00:00,2024-09-25 10:00:00,DEV_010,59,75,99,26
DEV_010_2024-09-25 12:00:00,2024-09-25 12:00:00,DEV_010,51,85,52,49
DEV_010_2024-09-25 14:00:00,2024-09-25 14:00:00,DEV_010,76,10,33,88
DEV_010_2024-09-25 16:00:00,2024-09-25 16:00:00,DEV_010,24,6,98,64
DEV_010_2024-09-25 18:00:00,2024-09-25 18:00:00,DEV_010,90,19,7,36
DEV_010_2024-09-25 20:00:00,2024-09-25 20:00:00,DEV_010,37,35,87,65
DEV_010_2024-09-25 22:00:00,2024-09-25 22:00:00,DEV_010,13,69,3,98
DEV_010_2024-09-26 00:00:00,2024-09-26 00:00:00,DEV_010,21,26,68,40
DEV_010_2024-09-26 02:00:00,2024-09-26 02:00:00,DEV_010,86,92,85,60
DEV_010_2024-09-26 04:00:00,2024-09-26 04:00:00,DEV_010,10,61,88,55
DEV_010_2024-09-26 06:00:00,2024-09-26 06:00:00,DEV_010,75,61,55,20
DEV_010_2024-09-26 08:00:00,2024-09-26 08:00:00,DEV_010,83,73,41,55
DEV_010_2024-09-26 10:00:00,2024-09-26 10:00:00,DEV_010,63,74,65,69
DEV_010_2024-09-26 12:00:00,2024-09-26 12:00:00,DEV_010,78,52,36,12
DEV_010_2024-09-26 14:00:00,2024-09-26 14:00:00,DEV_010,12,33,35,82
DEV_010_2024-09-26 16:00:00,2024-09-26 16:00:00,DEV_010,66,71,17,48
DEV_010_2024-09-26 18:00:00,2024-09-26 18:00:00,DEV_010,50,85,23,74
DEV_010_2024-09-26 20:00:00,2024-09-26 20:00:00,DEV_010,1,53,67,44
DEV_010_2024-09-26 22:00:00,2024-09-26 22:00:00,DEV_010,79,50,72,45
DEV_010_2024-09-27 00:00:00,2024-09-27 00:00:00,DEV_010,47,34,96,39
DEV_010_2024-09-27 02:00:00,2024-09-27 02:00:00,DEV_010,54,4,80,27
DEV_010_2024-09-27 04:00:00,2024-09-27 04:00:00,DEV_010,20,33,99,34
DEV_010_2024-09-27 06:00:00,2024-09-27 06:00:00,DEV_010,93,71,81,43
DEV_010_2024-09-27 08:00:00,2024-09-27 08:00:00,DEV_010,77,14,7,47
DEV_010_2024-09-27 10:00:00,2024-09-27 10:00:00,DEV_010,80,67,47,65
DEV_010_2024-09-27 12:00:00,2024-09-27 12:00:00,DEV_010,24,42,86,39
DEV_010_2024-09-27 14:00:00,2024-09-27 14:00:00,DEV_010,25,7,64,74
DEV_010_2024-09-27 16:00:00,2024-09-27 16:00:00,DEV_010,55,65,94,23
DEV_010_2024-09-27 18:00:00,2024-09-27 18:00:00,DEV_010,54,2,50,74
DEV_010_2024-09-27 20:00:00,2024-09-27 20:00:00,DEV_010,98,38,95,22
DEV_010_2024-09-27 22:00:00,2024-09-27 22:00:00,DEV_010,15,96,48,84
DEV_010_2024-09-28 00:00:00,2024-09-28 00:00:00,DEV_010,5,75,80,30
DEV_010_2024-09-28 02:00:00,2024-09-28 02:00:00,DEV_010,24,97,84,58
DEV_010_2024-09-28 04:00:00,2024-09-28 04:00:00,DEV_010,33,84,65,77
DEV_010_2024-09-28 06:00:00,2024-09-28 06:00:00,DEV_010,24,16,86,30
DEV_010_2024-09-28 08:00:00,2024-09-28 08:00:00,DEV_010,64,46,65,3
DEV_010_2024-09-28 10:00:00,2024-09-28 10:00:00,DEV_010,41,35,40,62
DEV_010_2024-09-28 12:00:00,2024-09-28 12:00:00,DEV_010,45,21,99,23
DEV_010_2024-09-28 14:00:00,2024-09-28 14:00:00,DEV_010,67,24,92,32
DEV_010_2024-09-28 16:00:00,2024-09-28 16:00:00,DEV_010,29,38,97,87
DEV_010_2024-09-28 18:00:00,2024-09-28 18:00:00,DEV_010,37,4,82,46
DEV_010_2024-09-28 20:00:00,2024-09-28 20:00:00,DEV_010,87,59,76,31
DEV_010_2024-09-28 22:00:00,2024-09-28 22:00:00,DEV_010,98,52,16,58
DEV_010_2024-09-29 00:00:00,2024-09-29 00:00:00,DEV_010,12,46,81,70
DEV_010_2024-09-29 02:00:00,2024-09-29 02:00:00,DEV_010,90,99,49,45
DEV_010_2024-09-29 04:00:00,2024-09-29 04:00:00,DEV_010,73,46,18,68
DEV_010_2024-09-29 06:00:00,2024-09-29 06:00:00,DEV_010,40,88,72,81
DEV_010_2024-09-29 08:00:00,2024-09-29 08:00:00,DEV_010,34,90,59,77
DEV_010_2024-09-29 10:00:00,2024-09-29 10:00:00,DEV_010,79,60,12,46
DEV_010_2024-09-29 12:00:00,2024-09-29 12:00:00,DEV_010,36,78,66,35
DEV_010_2024-09-29 14:00:00,2024-09-29 14:00:00,DEV_010,18,92,67,9
DEV_010_2024-09-29 16:00:00,2024-09-29 16:00:00,DEV_010,26,89,29,4
DEV_010_2024-09-29 18:00:00,2024-09-29 18:00:00,DEV_010,4,71,87,88
DEV_010_2024-09-29 20:00:00,2024-09-29 20:00:00,DEV_010,26,9,92,66
DEV_010_2024-09-29 22:00:00,2024-09-29 22:00:00,DEV_010,20,72,73,45
DEV_010_2024-09-30 00:00:00,2024-09-30 00:00:00,DEV_010,52,18,20,70
DEV_010_2024-09-30 02:00:00,2024-09-30 02:00:00,DEV_010,93,40,15,78
DEV_010_2024-09-30 04:00:00,2024-09-30 04:00:00,DEV_010,86,58,85,85
DEV_010_2024-09-30 06:00:00,2024-09-30 06:00:00,DEV_010,72,17,79,34
DEV_010_2024-09-30 08:00:00,2024-09-30 08:00:00,DEV_010,15,35,83,41
DEV_010_2024-09-30 10:00:00,2024-09-30 10:00:00,DEV_010,79,60,90,56
DEV_010_2024-09-30 12:00:00,2024-09-30 12:00:00,DEV_010,99,93,94,86
DEV_010_2024-09-30 14:00:00,2024-09-30 14:00:00,DEV_010,84,95,75,51
DEV_010_2024-09-30 16:00:00,2024-09-30 16:00:00,DEV_010,81,48,21,72
DEV_010_2024-09-30 18:00:00,2024-09-30 18:00:00,DEV_010,33,14,12,36
DEV_010_2024-09-30 20:00:00,2024-09-30 20:00:00,DEV_010,88,20,95,76
DEV_010_2024-09-30 22:00:00,2024-09-30 22:00:00,DEV_010,85,3,27,90
DEV_010_2024-10-01 00:00:00,2024-10-01 00:00:00,DEV_010,2,19,35,3
DEV_010_2024-10-01 02:00:00,2024-10-01 02:00:00,DEV_010,17,62,55,27
DEV_010_2024-10-01 04:00:00,2024-10-01 04:00:00,DEV_010,55,36,38,7
DEV_010_2024-10-01 06:00:00,2024-10-01 06:00:00,DEV_010,53,30,79,32
DEV_010_2024-10-01 08:00:00,2024-10-01 08:00:00,DEV_010,90,18,85,62
DEV_010_2024-10-01 10:00:00,2024-10-01 10:00:00,DEV_010,11,54,23,30
DEV_010_2024-10-01 12:00:00,2024-10-01 12:00:00,DEV_010,63,19,23,49
DEV_010_2024-10-01 14:00:00,2024-10-01 14:00:00,DEV_010,82,5,61,29
DEV_010_2024-10-01 16:00:00,2024-10-01 16:00:00,DEV_010,38,99,12,90
DEV_010_2024-10-01 18:00:00,2024-10-01 18:00:00,DEV_010,53,81,33,23
DEV_010_2024-10-01 20:00:00,2024-10-01 20:00:00,DEV_010,2,92,92,77
DEV_010_2024-10-01 22:00:00,2024-10-01 22:00:00,DEV_010,69,83,73,89
DEV_010_2024-10-02 00:00:00,2024-10-02 00:00:00,DEV_010,61,36,28,5
DEV_010_2024-10-02 02:00:00,2024-10-02 02:00:00,DEV_010,67,6,44,91
DEV_010_2024-10-02 04:00:00,2024-10-02 04:00:00,DEV_010,51,4,43,87
DEV_010_2024-10-02 06:00:00,2024-10-02 06:00:00,DEV_010,76,11,19,19
DEV_010_2024-10-02 08:00:00,2024-10-02 08:00:00,DEV_010,43,19,25,71
DEV_010_2024-10-02 10:00:00,2024-10-02 10:00:00,DEV_010,90,89,59,30
DEV_010_2024-10-02 12:00:00,2024-10-02 12:00:00,DEV_010,86,82,41,93
DEV_010_2024-10-02 14:00:00,2024-10-02 14:00:00,DEV_010,42,92,85,82
DEV_010_2024-10-02 16:00:00,2024-10-02 16:00:00,DEV_010,15,99,15,50
DEV_010_2024-10-02 18:00:00,2024-10-02 18:00:00,DEV_010,46,27,4,82
DEV_010_2024-10-02 20:00:00,2024-10-02 20:00:00,DEV_010,47,52,2,82
DEV_010_2024-10-02 22:00:00,2024-10-02 22:00:00,DEV_010,26,37,28,67
DEV_010_2024-10-03 00:00:00,2024-10-03 00:00:00,DEV_010,93,64,80,63
DEV_010_2024-10-03 02:00:00,2024-10-03 02:00:00,DEV_010,68,44,91,23
DEV_010_2024-10-03 04:00:00,2024-10-03 04:00:00,DEV_010,48,48,30,34
DEV_010_2024-10-03 06:00:00,2024-10-03 06:00:00,DEV_010,43,76,66,36
DEV_010_2024-10-03 08:00:00,2024-10-03 08:00:00,DEV_010,3,78,78,78
DEV_010_2024-10-03 10:00:00,2024-10-03 10:00:00,DEV_010,39,23,19,70
DEV_010_2024-10-03 12:00:00,2024-10-03 12:00:00,DEV_010,12,67,29,9
DEV_010_2024-10-03 14:00:00,2024-10-03 14:00:00,DEV_010,28,45,49,23
DEV_010_2024-10-03 16:00:00,2024-10-03 16:00:00,DEV_010,20,58,57,90
DEV_010_2024-10-03 18:00:00,2024-10-03 18:00:00,DEV_010,66,13,96,23
DEV_010_2024-10-03 20:00:00,2024-10-03 20:00:00,DEV_010,39,51,8,7
DEV_010_2024-10-03 22:00:00,2024-10-03 22:00:00,DEV_010,19,45,47,66
DEV_010_2024-10-04 00:00:00,2024-10-04 00:00:00,DEV_010,2,78,61,36
DEV_010_2024-10-04 02:00:00,2024-10-04 02:00:00,DEV_010,31,99,17,57
DEV_010_2024-10-04 04:00:00,2024-10-04 04:00:00,DEV_010,18,27,16,72
DEV_010_2024-10-04 06:00:00,2024-10-04 06:00:00,DEV_010,30,17,38,18
DEV_010_2024-10-04 08:00:00,2024-10-04 08:00:00,DEV_010,53,68,5,91
DEV_010_2024-10-04 10:00:00,2024-10-04 10:00:00,DEV_010,59,51,18,59
DEV_010_2024-10-04 12:00:00,2024-10-04 12:00:00,DEV_010,59,11,5,67
DEV_010_2024-10-04 14:00:00,2024-10-04 14:00:00,DEV_010,41,56,83,22
DEV_010_2024-10-04 16:00:00,2024-10-04 16:00:00,DEV_010,89,90,36,93
DEV_010_2024-10-04 18:00:00,2024-10-04 18:00:00,DEV_010,45,89,57,31
DEV_010_2024-10-04 20:00:00,2024-10-04 20:00:00,DEV_010,94,94,50,85
DEV_010_2024-10-04 22:00:00,2024-10-04 22:00:00,DEV_010,44,15,86,87
DEV_010_2024-10-05 00:00:00,2024-10-05 00:00:00,DEV_010,88,15,46,4
DEV_010_2024-10-05 02:00:00,2024-10-05 02:00:00,DEV_010,45,87,76,6
DEV_010_2024-10-05 04:00:00,2024-10-05 04:00:00,DEV_010,59,97,55,63
DEV_010_2024-10-05 06:00:00,2024-10-05 06:00:00,DEV_010,31,72,67,2
DEV_010_2024-10-05 08:00:00,2024-10-05 08:00:00,DEV_010,42,1,74,64
DEV_010_2024-10-05 10:00:00,2024-10-05 10:00:00,DEV_010,79,81,19,9
DEV_010_2024-10-05 12:00:00,2024-10-05 12:00:00,DEV_010,40,65,46,46
DEV_010_2024-10-05 14:00:00,2024-10-05 14:00:00,DEV_010,57,5,19,42
DEV_010_2024-10-05 16:00:00,2024-10-05 16:00:00,DEV_010,8,76,67,52
DEV_010_2024-10-05 18:00:00,2024-10-05 18:00:00,DEV_010,52,11,45,70
DEV_010_2024-10-05 20:00:00,2024-10-05 20:00:00,DEV_010,27,38,79,36
DEV_010_2024-10-05 22:00:00,2024-10-05 22:00:00,DEV_010,46,90,84,44
DEV_010_2024-10-06 00:00:00,2024-10-06 00:00:00,DEV_010,1,22,67,35
DEV_010_2024-10-06 02:00:00,2024-10-06 02:00:00,DEV_010,92,46,45,90
DEV_010_2024-10-06 04:00:00,2024-10-06 04:00:00,DEV_010,91,76,32,28
DEV_010_2024-10-06 06:00:00,2024-10-06 06:00:00,DEV_010,60,48,69,68
DEV_010_2024-10-06 08:00:00,2024-10-06 08:00:00,DEV_010,70,57,30,79
DEV_010_2024-10-06 10:00:00,2024-10-06 10:00:00,DEV_010,87,6,81,36
DEV_010_2024-10-06 12:00:00,2024-10-06 12:00:00,DEV_010,96,34,60,49
DEV_010_2024-10-06 14:00:00,2024-10-06 14:00:00,DEV_010,28,12,76,7
DEV_010_2024-10-06 16:00:00,2024-10-06 16:00:00,DEV_010,71,61,53,78
DEV_010_2024-10-06 18:00:00,2024-10-06 18:00:00,DEV_010,30,69,33,44
DEV_010_2024-10-06 20:00:00,2024-10-06 20:00:00,DEV_010,71,2,3,83
DEV_010_2024-10-06 22:00:00,2024-10-06 22:00:00,DEV_010,29,72,53,58
DEV_010_2024-10-07 00:00:00,2024-10-07 00:00:00,DEV_010,41,61,95,94
DEV_010_2024-10-07 02:00:00,2024-10-07 02:00:00,DEV_010,91,3,72,59
DEV_010_2024-10-07 04:00:00,2024-10-07 04:00:00,DEV_010,92,19,49,50
DEV_010_2024-10-07 06:00:00,2024-10-07 06:00:00,DEV_010,7,11,69,53
DEV_010_2024-10-07 08:00:00,2024-10-07 08:00:00,DEV_010,54,63,31,42
DEV_010_2024-10-07 10:00:00,2024-10-07 10:00:00,DEV_010,81,4,58,34
DEV_010_2024-10-07 12:00:00,2024-10-07 12:00:00,DEV_010,23,29,23,4
DEV_010_2024-10-07 14:00:00,2024-10-07 14:00:00,DEV_010,87,11,11,96
DEV_010_2024-10-07 16:00:00,2024-10-07 16:00:00,DEV_010,3,33,47,7
DEV_010_2024-10-07 18:00:00,2024-10-07 18:00:00,DEV_010,55,62,8,64
DEV_010_2024-10-07 20:00:00,2024-10-07 20:00:00,DEV_010,4,26,66,50
DEV_010_2024-10-07 22:00:00,2024-10-07 22:00:00,DEV_010,38,58,4,93
DEV_010_2024-10-08 00:00:00,2024-10-08 00:00:00,DEV_010,73,96,65,28
DEV_010_2024-10-08 02:00:00,2024-10-08 02:00:00,DEV_010,45,52,66,31
DEV_010_2024-10-08 04:00:00,2024-10-08 04:00:00,DEV_010,79,21,19,68
DEV_010_2024-10-08 06:00:00,2024-10-08 06:00:00,DEV_010,3,43,5,75
DEV_010_2024-10-08 08:00:00,2024-10-08 08:00:00,DEV_010,51,55,25,81
DEV_010_2024-10-08 10:00:00,2024-10-08 10:00:00,DEV_010,27,8,32,87
DEV_010_2024-10-08 12:00:00,2024-10-08 12:00:00,DEV_010,33,31,72,16
DEV_010_2024-10-08 14:00:00,2024-10-08 14:00:00,DEV_010,99,83,59,93
DEV_010_2024-10-08 16:00:00,2024-10-08 16:00:00,DEV_010,28,13,32,8
DEV_010_2024-10-08 18:00:00,2024-10-08 18:00:00,DEV_010,18,94,21,64
DEV_010_2024-10-08 20:00:00,2024-10-08 20:00:00,DEV_010,9,17,89,67
DEV_010_2024-10-08 22:00:00,2024-10-08 22:00:00,DEV_010,48,70,1,68
DEV_010_2024-10-09 00:00:00,2024-10-09 00:00:00,DEV_010,94,30,70,10
DEV_010_2024-10-09 02:00:00,2024-10-09 02:00:00,DEV_010,86,63,90,92
DEV_010_2024-10-09 04:00:00,2024-10-09 04:00:00,DEV_010,13,24,37,87
DEV_010_2024-10-09 06:00:00,2024-10-09 06:00:00,DEV_010,49,1,20,42
DEV_010_2024-10-09 08:00:00,2024-10-09 08:00:00,DEV_010,44,31,92,3
DEV_010_2024-10-09 10:00:00,2024-10-09 10:00:00,DEV_010,60,5,48,46
DEV_010_2024-10-09 12:00:00,2024-10-09 12:00:00,DEV_010,20,65,62,1
DEV_010_2024-10-09 14:00:00,2024-10-09 14:00:00,DEV_010,24,85,39,16
DEV_010_2024-10-09 16:00:00,2024-10-09 16:00:00,DEV_010,52,23,4,52
DEV_010_2024-10-09 18:00:00,2024-10-09 18:00:00,DEV_010,73,55,39,9
DEV_010_2024-10-09 20:00:00,2024-10-09 20:00:00,DEV_010,97,89,4,29
DEV_010_2024-10-09 22:00:00,2024-10-09 22:00:00,DEV_010,65,33,82,32
DEV_010_2024-10-10 00:00:00,2024-10-10 00:00:00,DEV_010,10,22,47,90
DEV_010_2024-10-10 02:00:00,2024-10-10 02:00:00,DEV_010,90,43,32,16
DEV_010_2024-10-10 04:00:00,2024-10-10 04:00:00,DEV_010,49,98,60,11
DEV_010_2024-10-10 06:00:00,2024-10-10 06:00:00,DEV_010,60,73,31,49
DEV_010_2024-10-10 08:00:00,2024-10-10 08:00:00,DEV_010,49,80,97,12
DEV_010_2024-10-10 10:00:00,2024-10-10 10:00:00,DEV_010,10,90,40,6
DEV_010_2024-10-10 12:00:00,2024-10-10 12:00:00,DEV_010,35,18,23,24
DEV_010_2024-10-10 14:00:00,2024-10-10 14:00:00,DEV_010,12,86,67,75
DEV_010_2024-10-10 16:00:00,2024-10-10 16:00:00,DEV_010,89,19,20,3
DEV_010_2024-10-10 18:00:00,2024-10-10 18:00:00,DEV_010,57,96,95,3
DEV_010_2024-10-10 20:00:00,2024-10-10 20:00:00,DEV_010,93,25,82,29
DEV_010_2024-10-10 22:00:00,2024-10-10 22:00:00,DEV_010,49,27,72,84
DEV_010_2024-10-11 00:00:00,2024-10-11 00:00:00,DEV_010,86,30,64,68
DEV_010_2024-10-11 02:00:00,2024-10-11 02:00:00,DEV_010,27,38,50,7
DEV_010_2024-10-11 04:00:00,2024-10-11 04:00:00,DEV_010,23,14,16,37
DEV_010_2024-10-11 06:00:00,2024-10-11 06:00:00,DEV_010,60,37,97,69
DEV_010_2024-10-11 08:00:00,2024-10-11 08:00:00,DEV_010,36,97,72,18
DEV_010_2024-10-11 10:00:00,2024-10-11 10:00:00,DEV_010,80,48,26,64
DEV_010_2024-10-11 12:00:00,2024-10-11 12:00:00,DEV_010,58,93,6,51
DEV_010_2024-10-11 14:00:00,2024-10-11 14:00:00,DEV_010,88,30,19,97
DEV_010_2024-10-11 16:00:00,2024-10-11 16:00:00,DEV_010,90,56,69,28
DEV_010_2024-10-11 18:00:00,2024-10-11 18:00:00,DEV_010,27,75,73,71
DEV_010_2024-10-11 20:00:00,2024-10-11 20:00:00,DEV_010,40,49,80,78
DEV_010_2024-10-11 22:00:00,2024-10-11 22:00:00,DEV_010,91,82,62,40
DEV_010_2024-10-12 00:00:00,2024-10-12 00:00:00,DEV_010,67,12,26,88
DEV_010_2024-10-12 02:00:00,2024-10-12 02:00:00,DEV_010,49,73,43,65
DEV_010_2024-10-12 04:00:00,2024-10-12 04:00:00,DEV_010,6,32,3,94
DEV_010_2024-10-12 06:00:00,2024-10-12 06:00:00,DEV_010,60,90,98,72
DEV_010_2024-10-12 08:00:00,2024-10-12 08:00:00,DEV_010,30,46,88,35
DEV_010_2024-10-12 10:00:00,2024-10-12 10:00:00,DEV_010,72,32,12,43
DEV_010_2024-10-12 12:00:00,2024-10-12 12:00:00,DEV_010,47,18,6,87
DEV_010_2024-10-12 14:00:00,2024-10-12 14:00:00,DEV_010,14,71,46,18
DEV_010_2024-10-12 16:00:00,2024-10-12 16:00:00,DEV_010,62,16,8,78
DEV_010_2024-10-12 18:00:00,2024-10-12 18:00:00,DEV_010,11,15,34,97
DEV_010_2024-10-12 20:00:00,2024-10-12 20:00:00,DEV_010,40,42,63,58
DEV_010_2024-10-12 22:00:00,2024-10-12 22:00:00,DEV_010,74,48,47,17
DEV_010_2024-10-13 00:00:00,2024-10-13 00:00:00,DEV_010,30,52,40,49
DEV_010_2024-10-13 02:00:00,2024-10-13 02:00:00,DEV_010,49,84,71,28
DEV_010_2024-10-13 04:00:00,2024-10-13 04:00:00,DEV_010,6,64,10,99
DEV_010_2024-10-13 06:00:00,2024-10-13 06:00:00,DEV_010,63,28,40,78
DEV_010_2024-10-13 08:00:00,2024-10-13 08:00:00,DEV_010,49,94,65,84
DEV_010_2024-10-13 10:00:00,2024-10-13 10:00:00,DEV_010,41,44,39,49
DEV_010_2024-10-13 12:00:00,2024-10-13 12:00:00,DEV_010,20,76,10,77
DEV_010_2024-10-13 14:00:00,2024-10-13 14:00:00,DEV_010,25,48,44,63
DEV_010_2024-10-13 16:00:00,2024-10-13 16:00:00,DEV_010,94,89,98,9
DEV_010_2024-10-13 18:00:00,2024-10-13 18:00:00,DEV_010,63,62,77,62
DEV_010_2024-10-13 20:00:00,2024-10-13 20:00:00,DEV_010,40,10,44,86
DEV_010_2024-10-13 22:00:00,2024-10-13 22:00:00,DEV_010,49,99,67,35
DEV_010_2024-10-14 00:00:00,2024-10-14 00:00:00,DEV_010,7,50,37,66
DEV_010_2024-10-14 02:00:00,2024-10-14 02:00:00,DEV_010,6,53,92,91
DEV_010_2024-10-14 04:00:00,2024-10-14 04:00:00,DEV_010,21,30,2,96
DEV_010_2024-10-14 06:00:00,2024-10-14 06:00:00,DEV_010,43,67,29,13
DEV_010_2024-10-14 08:00:00,2024-10-14 08:00:00,DEV_010,97,68,76,91
DEV_010_2024-10-14 10:00:00,2024-10-14 10:00:00,DEV_010,49,37,57,82
DEV_010_2024-10-14 12:00:00,2024-10-14 12:00:00,DEV_010,19,96,36,23
DEV_010_2024-10-14 14:00:00,2024-10-14 14:00:00,DEV_010,66,14,88,19
DEV_010_2024-10-14 16:00:00,2024-10-14 16:00:00,DEV_010,20,38,77,42
DEV_010_2024-10-14 18:00:00,2024-10-14 18:00:00,DEV_010,56,39,36,55
DEV_010_2024-10-14 20:00:00,2024-10-14 20:00:00,DEV_010,12,62,50,1
DEV_010_2024-10-14 22:00:00,2024-10-14 22:00:00,DEV_010,61,61,81,88
DEV_010_2024-10-15 00:00:00,2024-10-15 00:00:00,DEV_010,90,32,90,58
DEV_010_2024-10-15 02:00:00,2024-10-15 02:00:00,DEV_010,91,56,70,60
DEV_010_2024-10-15 04:00:00,2024-10-15 04:00:00,DEV_010,90,91,94,70
DEV_010_2024-10-15 06:00:00,2024-10-15 06:00:00,DEV_010,55,97,70,89
DEV_010_2024-10-15 08:00:00,2024-10-15 08:00:00,DEV_010,26,77,40,58
DEV_010_2024-10-15 10:00:00,2024-10-15 10:00:00,DEV_010,3,5,46,34
DEV_010_2024-10-15 12:00:00,2024-10-15 12:00:00,DEV_010,91,97,18,27
DEV_010_2024-10-15 14:00:00,2024-10-15 14:00:00,DEV_010,12,4,53,10
DEV_010_2024-10-15 16:00:00,2024-10-15 16:00:00,DEV_010,37,85,24,79
DEV_010_2024-10-15 18:00:00,2024-10-15 18:00:00,DEV_010,44,95,63,48
DEV_010_2024-10-15 20:00:00,2024-10-15 20:00:00,DEV_010,78,39,9,95
DEV_010_2024-10-15 22:00:00,2024-10-15 22:00:00,DEV_010,82,52,45,79
DEV_010_2024-10-16 00:00:00,2024-10-16 00:00:00,DEV_010,73,62,28,87
DEV_010_2024-10-16 02:00:00,2024-10-16 02:00:00,DEV_010,52,53,64,26
DEV_010_2024-10-16 04:00:00,2024-10-16 04:00:00,DEV_010,66,3,52,82
DEV_010_2024-10-16 06:00:00,2024-10-16 06:00:00,DEV_010,94,23,92,91
DEV_010_2024-10-16 08:00:00,2024-10-16 08:00:00,DEV_010,72,79,54,21
DEV_010_2024-10-16 10:00:00,2024-10-16 10:00:00,DEV_010,36,45,52,25
DEV_010_2024-10-16 12:00:00,2024-10-16 12:00:00,DEV_010,95,61,28,64
DEV_010_2024-10-16 14:00:00,2024-10-16 14:00:00,DEV_010,85,65,89,21
DEV_010_2024-10-16 16:00:00,2024-10-16 16:00:00,DEV_010,45,32,74,35
DEV_010_2024-10-16 18:00:00,2024-10-16 18:00:00,DEV_010,8,92,82,36
DEV_010_2024-10-16 20:00:00,2024-10-16 20:00:00,DEV_010,52,42,62,33
DEV_010_2024-10-16 22:00:00,2024-10-16 22:00:00,DEV_010,11,65,38,68
DEV_010_2024-10-17 00:00:00,2024-10-17 00:00:00,DEV_010,4,37,73,59
DEV_010_2024-10-17 02:00:00,2024-10-17 02:00:00,DEV_010,63,5,40,51
DEV_010_2024-10-17 04:00:00,2024-10-17 04:00:00,DEV_010,82,5,75,22
DEV_010_2024-10-17 06:00:00,2024-10-17 06:00:00,DEV_010,20,95,87,15
DEV_010_2024-10-17 08:00:00,2024-10-17 08:00:00,DEV_010,62,78,62,41
DEV_010_2024-10-17 10:00:00,2024-10-17 10:00:00,DEV_010,91,81,85,59
DEV_010_2024-10-17 12:00:00,2024-10-17 12:00:00,DEV_010,71,35,23,53
DEV_010_2024-10-17 14:00:00,2024-10-17 14:00:00,DEV_010,23,78,57,72
DEV_010_2024-10-17 16:00:00,2024-10-17 16:00:00,DEV_010,23,60,32,65
DEV_010_2024-10-17 18:00:00,2024-10-17 18:00:00,DEV_010,26,41,33,81
DEV_010_2024-10-17 20:00:00,2024-10-17 20:00:00,DEV_010,25,35,29,75
DEV_010_2024-10-17 22:00:00,2024-10-17 22:00:00,DEV_010,7,19,51,88
DEV_010_2024-10-18 00:00:00,2024-10-18 00:00:00,DEV_010,10,95,92,93
DEV_010_2024-10-18 02:00:00,2024-10-18 02:00:00,DEV_010,20,29,22,42
DEV_010_2024-10-18 04:00:00,2024-10-18 04:00:00,DEV_010,28,40,84,52
DEV_010_2024-10-18 06:00:00,2024-10-18 06:00:00,DEV_010,10,72,84,24
DEV_010_2024-10-18 08:00:00,2024-10-18 08:00:00,DEV_010,16,24,61,87
DEV_010_2024-10-18 10:00:00,2024-10-18 10:00:00,DEV_010,88,20,40,31
DEV_010_2024-10-18 12:00:00,2024-10-18 12:00:00,DEV_010,86,17,61,52
DEV_010_2024-10-18 14:00:00,2024-10-18 14:00:00,DEV_010,60,22,89,11
DEV_010_2024-10-18 16:00:00,2024-10-18 16:00:00,DEV_010,40,47,12,77
DEV_010_2024-10-18 18:00:00,2024-10-18 18:00:00,DEV_010,87,34,49,36
DEV_010_2024-10-18 20:00:00,2024-10-18 20:00:00,DEV_010,26,43,58,34
DEV_010_2024-10-18 22:00:00,2024-10-18 22:00:00,DEV_010,34,44,71,20
DEV_010_2024-10-19 00:00:00,2024-10-19 00:00:00,DEV_010,29,99,4,66
DEV_010_2024-10-19 02:00:00,2024-10-19 02:00:00,DEV_010,88,55,58,18
DEV_010_2024-10-19 04:00:00,2024-10-19 04:00:00,DEV_010,46,85,22,61
DEV_010_2024-10-19 06:00:00,2024-10-19 06:00:00,DEV_010,96,37,60,31
DEV_010_2024-10-19 08:00:00,2024-10-19 08:00:00,DEV_010,96,87,72,55
DEV_010_2024-10-19 10:00:00,2024-10-19 10:00:00,DEV_010,36,16,1,87
DEV_010_2024-10-19 12:00:00,2024-10-19 12:00:00,DEV_010,16,45,72,8
DEV_010_2024-10-19 14:00:00,2024-10-19 14:00:00,DEV_010,27,2,70,7
DEV_010_2024-10-19 16:00:00,2024-10-19 16:00:00,DEV_010,97,69,85,97
DEV_010_2024-10-19 18:00:00,2024-10-19 18:00:00,DEV_010,31,15,20,7
DEV_010_2024-10-19 20:00:00,2024-10-19 20:00:00,DEV_010,16,74,21,4
DEV_010_2024-10-19 22:00:00,2024-10-19 22:00:00,DEV_010,42,46,51,51
DEV_010_2024-10-20 00:00:00,2024-10-20 00:00:00,DEV_010,26,40,72,82
DEV_010_2024-10-20 02:00:00,2024-10-20 02:00:00,DEV_010,44,56,71,8
DEV_010_2024-10-20 04:00:00,2024-10-20 04:00:00,DEV_010,76,44,19,37
DEV_010_2024-10-20 06:00:00,2024-10-20 06:00:00,DEV_010,62,12,32,86
DEV_010_2024-10-20 08:00:00,2024-10-20 08:00:00,DEV_010,84,52,49,18
DEV_010_2024-10-20 10:00:00,2024-10-20 10:00:00,DEV_010,50,96,76,39
DEV_010_2024-10-20 12:00:00,2024-10-20 12:00:00,DEV_010,57,28,45,43
DEV_010_2024-10-20 14:00:00,2024-10-20 14:00:00,DEV_010,77,70,24,95
DEV_010_2024-10-20 16:00:00,2024-10-20 16:00:00,DEV_010,5,29,11,61
DEV_010_2024-10-20 18:00:00,2024-10-20 18:00:00,DEV_010,38,23,62,46
DEV_010_2024-10-20 20:00:00,2024-10-20 20:00:00,DEV_010,84,9,95,21
DEV_010_2024-10-20 22:00:00,2024-10-20 22:00:00,DEV_010,1,82,88,30
DEV_010_2024-10-21 00:00:00,2024-10-21 00:00:00,DEV_010,25,30,15,79
DEV_010_2024-10-21 02:00:00,2024-10-21 02:00:00,DEV_010,43,44,69,71
DEV_010_2024-10-21 04:00:00,2024-10-21 04:00:00,DEV_010,96,1,75,6
DEV_010_2024-10-21 06:00:00,2024-10-21 06:00:00,DEV_010,21,9,46,46
DEV_010_2024-10-21 08:00:00,2024-10-21 08:00:00,DEV_010,52,12,85,21
DEV_010_2024-10-21 10:00:00,2024-10-21 10:00:00,DEV_010,87,47,22,19
DEV_010_2024-10-21 12:00:00,2024-10-21 12:00:00,DEV_010,78,69,11,64
DEV_010_2024-10-21 14:00:00,2024-10-21 14:00:00,DEV_010,59,5,67,31
DEV_010_2024-10-21 16:00:00,2024-10-21 16:00:00,DEV_010,9,85,5,92
DEV_010_2024-10-21 18:00:00,2024-10-21 18:00:00,DEV_010,86,15,99,75
DEV_010_2024-10-21 20:00:00,2024-10-21 20:00:00,DEV_010,20,29,16,24
DEV_010_2024-10-21 22:00:00,2024-10-21 22:00:00,DEV_010,7,39,90,24
DEV_010_2024-10-22 00:00:00,2024-10-22 00:00:00,DEV_010,56,84,64,20
DEV_010_2024-10-22 02:00:00,2024-10-22 02:00:00,DEV_010,27,71,4,8
DEV_010_2024-10-22 04:00:00,2024-10-22 04:00:00,DEV_010,75,25,3,52
DEV_010_2024-10-22 06:00:00,2024-10-22 06:00:00,DEV_010,79,55,40,89
DEV_010_2024-10-22 08:00:00,2024-10-22 08:00:00,DEV_010,55,41,28,73
DEV_010_2024-10-22 10:00:00,2024-10-22 10:00:00,DEV_010,87,11,62,15
DEV_010_2024-10-22 12:00:00,2024-10-22 12:00:00,DEV_010,91,43,96,92
DEV_010_2024-10-22 14:00:00,2024-10-22 14:00:00,DEV_010,88,30,77,64
DEV_010_2024-10-22 16:00:00,2024-10-22 16:00:00,DEV_010,31,94,64,68
DEV_010_2024-10-22 18:00:00,2024-10-22 18:00:00,DEV_010,3,55,28,67
DEV_010_2024-10-22 20:00:00,2024-10-22 20:00:00,DEV_010,10,2,40,25
DEV_010_2024-10-22 22:00:00,2024-10-22 22:00:00,DEV_010,2,13,95,80
DEV_010_2024-10-23 00:00:00,2024-10-23 00:00:00,DEV_010,83,99,9,62
DEV_010_2024-10-23 02:00:00,2024-10-23 02:00:00,DEV_010,89,46,32,42
DEV_010_2024-10-23 04:00:00,2024-10-23 04:00:00,DEV_010,36,11,27,41
DEV_010_2024-10-23 06:00:00,2024-10-23 06:00:00,DEV_010,67,6,57,83
DEV_010_2024-10-23 08:00:00,2024-10-23 08:00:00,DEV_010,14,3,36,6
DEV_010_2024-10-23 10:00:00,2024-10-23 10:00:00,DEV_010,75,13,68,86
DEV_010_2024-10-23 12:00:00,2024-10-23 12:00:00,DEV_010,74,99,86,99
DEV_010_2024-10-23 14:00:00,2024-10-23 14:00:00,DEV_010,2,78,74,24
DEV_010_2024-10-23 16:00:00,2024-10-23 16:00:00,DEV_010,98,35,8,14
DEV_010_2024-10-23 18:00:00,2024-10-23 18:00:00,DEV_010,67,11,10,53
DEV_010_2024-10-23 20:00:00,2024-10-23 20:00:00,DEV_010,63,84,14,32
DEV_010_2024-10-23 22:00:00,2024-10-23 22:00:00,DEV_010,8,72,14,64
DEV_010_2024-10-24 00:00:00,2024-10-24 00:00:00,DEV_010,61,12,1,23
DEV_010_2024-10-24 02:00:00,2024-10-24 02:00:00,DEV_010,40,8,77,65
DEV_010_2024-10-24 04:00:00,2024-10-24 04:00:00,DEV_010,84,90,4,35
DEV_010_2024-10-24 06:00:00,2024-10-24 06:00:00,DEV_010,41,46,7,55
DEV_010_2024-10-24 08:00:00,2024-10-24 08:00:00,DEV_010,56,88,85,52
DEV_010_2024-10-24 10:00:00,2024-10-24 10:00:00,DEV_010,33,52,86,84
DEV_010_2024-10-24 12:00:00,2024-10-24 12:00:00,DEV_010,35,89,14,74
DEV_010_2024-10-24 14:00:00,2024-10-24 14:00:00,DEV_010,2,23,61,48
DEV_010_2024-10-24 16:00:00,2024-10-24 16:00:00,DEV_010,72,15,14,18
DEV_010_2024-10-24 18:00:00,2024-10-24 18:00:00,DEV_010,17,70,94,3
DEV_010_2024-10-24 20:00:00,2024-10-24 20:00:00,DEV_010,83,7,2,65
DEV_010_2024-10-24 22:00:00,2024-10-24 22:00:00,DEV_010,27,98,52,20
DEV_010_2024-10-25 00:00:00,2024-10-25 00:00:00,DEV_010,89,4,15,33
DEV_010_2024-10-25 02:00:00,2024-10-25 02:00:00,DEV_010,53,49,21,49
DEV_010_2024-10-25 04:00:00,2024-10-25 04:00:00,DEV_010,58,56,62,65
DEV_010_2024-10-25 06:00:00,2024-10-25 06:00:00,DEV_010,72,16,44,98
DEV_010_2024-10-25 08:00:00,2024-10-25 08:00:00,DEV_010,34,33,82,82
DEV_010_2024-10-25 10:00:00,2024-10-25 10:00:00,DEV_010,81,46,59,55
DEV_010_2024-10-25 12:00:00,2024-10-25 12:00:00,DEV_010,52,55,53,59
DEV_010_2024-10-25 14:00:00,2024-10-25 14:00:00,DEV_010,36,8,47,97
DEV_010_2024-10-25 16:00:00,2024-10-25 16:00:00,DEV_010,63,21,20,75
DEV_010_2024-10-25 18:00:00,2024-10-25 18:00:00,DEV_010,36,2,26,20
DEV_010_2024-10-25 20:00:00,2024-10-25 20:00:00,DEV_010,83,69,57,86
DEV_010_2024-10-25 22:00:00,2024-10-25 22:00:00,DEV_010,7,39,23,8
DEV_010_2024-10-26 00:00:00,2024-10-26 00:00:00,DEV_010,50,48,85,66
DEV_010_2024-10-26 02:00:00,2024-10-26 02:00:00,DEV_010,21,34,69,76
DEV_010_2024-10-26 04:00:00,2024-10-26 04:00:00,DEV_010,13,6,94,31
DEV_010_2024-10-26 06:00:00,2024-10-26 06:00:00,DEV_010,96,51,45,60
DEV_010_2024-10-26 08:00:00,2024-10-26 08:00:00,DEV_010,48,26,27,62
DEV_010_2024-10-26 10:00:00,2024-10-26 10:00:00,DEV_010,49,5,24,24
DEV_010_2024-10-26 12:00:00,2024-10-26 12:00:00,DEV_010,46,70,78,93
DEV_010_2024-10-26 14:00:00,2024-10-26 14:00:00,DEV_010,15,31,17,8
DEV_010_2024-10-26 16:00:00,2024-10-26 16:00:00,DEV_010,96,47,96,59
DEV_010_2024-10-26 18:00:00,2024-10-26 18:00:00,DEV_010,60,92,86,4
DEV_010_2024-10-26 20:00:00,2024-10-26 20:00:00,DEV_010,34,40,90,26
DEV_010_2024-10-26 22:00:00,2024-10-26 22:00:00,DEV_010,80,87,54,5
DEV_010_2024-10-27 00:00:00,2024-10-27 00:00:00,DEV_010,59,59,33,11
DEV_010_2024-10-27 02:00:00,2024-10-27 02:00:00,DEV_010,4,8,27,45
DEV_010_2024-10-27 04:00:00,2024-10-27 04:00:00,DEV_010,31,59,70,71
DEV_010_2024-10-27 06:00:00,2024-10-27 06:00:00,DEV_010,40,96,81,24
DEV_010_2024-10-27 08:00:00,2024-10-27 08:00:00,DEV_010,22,77,71,7
DEV_010_2024-10-27 10:00:00,2024-10-27 10:00:00,DEV_010,2,92,60,89
DEV_010_2024-10-27 12:00:00,2024-10-27 12:00:00,DEV_010,86,81,40,27
DEV_010_2024-10-27 14:00:00,2024-10-27 14:00:00,DEV_010,69,40,88,2
DEV_010_2024-10-27 16:00:00,2024-10-27 16:00:00,DEV_010,19,33,37,59
DEV_010_2024-10-27 18:00:00,2024-10-27 18:00:00,DEV_010,10,61,29,9
DEV_010_2024-10-27 20:00:00,2024-10-27 20:00:00,DEV_010,17,31,44,21
DEV_010_2024-10-27 22:00:00,2024-10-27 22:00:00,DEV_010,8,78,97,65
DEV_010_2024-10-28 00:00:00,2024-10-28 00:00:00,DEV_010,96,65,63,1
DEV_010_2024-10-28 02:00:00,2024-10-28 02:00:00,DEV_010,76,49,53,75
DEV_010_2024-10-28 04:00:00,2024-10-28 04:00:00,DEV_010,10,56,35,86
DEV_010_2024-10-28 06:00:00,2024-10-28 06:00:00,DEV_010,66,41,14,16
DEV_010_2024-10-28 08:00:00,2024-10-28 08:00:00,DEV_010,79,66,41,39
DEV_010_2024-10-28 10:00:00,2024-10-28 10:00:00,DEV_010,76,45,50,92
DEV_010_2024-10-28 12:00:00,2024-10-28 12:00:00,DEV_010,35,23,29,11
DEV_010_2024-10-28 14:00:00,2024-10-28 14:00:00,DEV_010,78,81,59,1
DEV_010_2024-10-28 16:00:00,2024-10-28 16:00:00,DEV_010,58,67,54,18
DEV_010_2024-10-28 18:00:00,2024-10-28 18:00:00,DEV_010,19,8,76,32
DEV_010_2024-10-28 20:00:00,2024-10-28 20:00:00,DEV_010,27,69,36,37
DEV_010_2024-10-28 22:00:00,2024-10-28 22:00:00,DEV_010,87,44,44,2
DEV_010_2024-10-29 00:00:00,2024-10-29 00:00:00,DEV_010,73,22,79,31
DEV_010_2024-10-29 02:00:00,2024-10-29 02:00:00,DEV_010,8,22,50,50
DEV_010_2024-10-29 04:00:00,2024-10-29 04:00:00,DEV_010,57,96,72,5
DEV_010_2024-10-29 06:00:00,2024-10-29 06:00:00,DEV_010,14,71,24,16
DEV_010_2024-10-29 08:00:00,2024-10-29 08:00:00,DEV_010,46,45,31,26
DEV_010_2024-10-29 10:00:00,2024-10-29 10:00:00,DEV_010,81,70,77,42
DEV_010_2024-10-29 12:00:00,2024-10-29 12:00:00,DEV_010,4,9,11,64
DEV_010_2024-10-29 14:00:00,2024-10-29 14:00:00,DEV_010,59,88,75,41
DEV_010_2024-10-29 16:00:00,2024-10-29 16:00:00,DEV_010,80,58,26,94
DEV_010_2024-10-29 18:00:00,2024-10-29 18:00:00,DEV_010,42,84,47,37
DEV_010_2024-10-29 20:00:00,2024-10-29 20:00:00,DEV_010,6,87,52,32
DEV_010_2024-10-29 22:00:00,2024-10-29 22:00:00,DEV_010,54,10,65,93
DEV_010_2024-10-30 00:00:00,2024-10-30 00:00:00,DEV_010,81,69,26,27
DEV_010_2024-10-30 02:00:00,2024-10-30 02:00:00,DEV_010,17,95,67,65
DEV_010_2024-10-30 04:00:00,2024-10-30 04:00:00,DEV_010,2,80,22,58
DEV_010_2024-10-30 06:00:00,2024-10-30 06:00:00,DEV_010,17,42,75,80
DEV_010_2024-10-30 08:00:00,2024-10-30 08:00:00,DEV_010,52,31,98,6
DEV_010_2024-10-30 10:00:00,2024-10-30 10:00:00,DEV_010,57,30,58,30
DEV_010_2024-10-30 12:00:00,2024-10-30 12:00:00,DEV_010,60,22,17,66
DEV_010_2024-10-30 14:00:00,2024-10-30 14:00:00,DEV_010,3,48,92,59
DEV_010_2024-10-30 16:00:00,2024-10-30 16:00:00,DEV_010,46,69,25,72
DEV_010_2024-10-30 18:00:00,2024-10-30 18:00:00,DEV_010,76,6,12,92
DEV_010_2024-10-30 20:00:00,2024-10-30 20:00:00,DEV_010,16,98,57,79
DEV_010_2024-10-30 22:00:00,2024-10-30 22:00:00,DEV_010,81,30,79,47
DEV_010_2024-10-31 00:00:00,2024-10-31 00:00:00,DEV_010,6,17,74,81
DEV_010_2024-10-31 02:00:00,2024-10-31 02:00:00,DEV_010,27,63,76,19
DEV_010_2024-10-31 04:00:00,2024-10-31 04:00:00,DEV_010,76,68,42,66
DEV_010_2024-10-31 06:00:00,2024-10-31 06:00:00,DEV_010,79,8,69,6
DEV_010_2024-10-31 08:00:00,2024-10-31 08:00:00,DEV_010,14,20,26,23
DEV_010_2024-10-31 10:00:00,2024-10-31 10:00:00,DEV_010,13,49,11,50
DEV_010_2024-10-31 12:00:00,2024-10-31 12:00:00,DEV_010,76,29,68,22
DEV_010_2024-10-31 14:00:00,2024-10-31 14:00:00,DEV_010,10,42,52,7
DEV_010_2024-10-31 16:00:00,2024-10-31 16:00:00,DEV_010,4,76,77,9
DEV_010_2024-10-31 18:00:00,2024-10-31 18:00:00,DEV_010,53,19,45,33
DEV_010_2024-10-31 20:00:00,2024-10-31 20:00:00,DEV_010,55,44,26,95
DEV_010_2024-10-31 22:00:00,2024-10-31 22:00:00,DEV_010,77,28,85,55
DEV_010_2024-11-01 00:00:00,2024-11-01 00:00:00,DEV_010,1,73,53,34
DEV_010_2024-11-01 02:00:00,2024-11-01 02:00:00,DEV_010,66,50,89,5
DEV_010_2024-11-01 04:00:00,2024-11-01 04:00:00,DEV_010,34,49,21,70
DEV_010_2024-11-01 06:00:00,2024-11-01 06:00:00,DEV_010,98,31,62,18
DEV_010_2024-11-01 08:00:00,2024-11-01 08:00:00,DEV_010,38,75,8,58
DEV_010_2024-11-01 10:00:00,2024-11-01 10:00:00,DEV_010,37,52,46,33
DEV_010_2024-11-01 12:00:00,2024-11-01 12:00:00,DEV_010,67,59,52,12
DEV_010_2024-11-01 14:00:00,2024-11-01 14:00:00,DEV_010,71,94,28,53
DEV_010_2024-11-01 16:00:00,2024-11-01 16:00:00,DEV_010,81,53,25,85
DEV_010_2024-11-01 18:00:00,2024-11-01 18:00:00,DEV_010,93,88,33,53
DEV_010_2024-11-01 20:00:00,2024-11-01 20:00:00,DEV_010,56,24,97,52
DEV_010_2024-11-01 22:00:00,2024-11-01 22:00:00,DEV_010,98,2,30,39
DEV_010_2024-11-02 00:00:00,2024-11-02 00:00:00,DEV_010,73,47,59,86
DEV_010_2024-11-02 02:00:00,2024-11-02 02:00:00,DEV_010,42,80,3,16
DEV_010_2024-11-02 04:00:00,2024-11-02 04:00:00,DEV_010,56,3,1,92
DEV_010_2024-11-02 06:00:00,2024-11-02 06:00:00,DEV_010,45,99,77,86
DEV_010_2024-11-02 08:00:00,2024-11-02 08:00:00,DEV_010,65,81,68,28
DEV_010_2024-11-02 10:00:00,2024-11-02 10:00:00,DEV_010,5,50,46,41
DEV_010_2024-11-02 12:00:00,2024-11-02 12:00:00,DEV_010,40,51,66,21
DEV_010_2024-11-02 14:00:00,2024-11-02 14:00:00,DEV_010,51,35,92,62
DEV_010_2024-11-02 16:00:00,2024-11-02 16:00:00,DEV_010,38,25,8,80
DEV_010_2024-11-02 18:00:00,2024-11-02 18:00:00,DEV_010,68,61,42,9
DEV_010_2024-11-02 20:00:00,2024-11-02 20:00:00,DEV_010,91,94,14,65
DEV_010_2024-11-02 22:00:00,2024-11-02 22:00:00,DEV_010,19,55,37,37
DEV_010_2024-11-03 00:00:00,2024-11-03 00:00:00,DEV_010,61,70,58,89
DEV_010_2024-11-03 02:00:00,2024-11-03 02:00:00,DEV_010,12,66,24,78
DEV_010_2024-11-03 04:00:00,2024-11-03 04:00:00,DEV_010,9,75,55,18
DEV_010_2024-11-03 06:00:00,2024-11-03 06:00:00,DEV_010,11,64,70,72
DEV_010_2024-11-03 08:00:00,2024-11-03 08:00:00,DEV_010,15,30,21,52
DEV_010_2024-11-03 10:00:00,2024-11-03 10:00:00,DEV_010,83,78,59,57
DEV_010_2024-11-03 12:00:00,2024-11-03 12:00:00,DEV_010,20,14,42,78
DEV_010_2024-11-03 14:00:00,2024-11-03 14:00:00,DEV_010,29,69,93,71
DEV_010_2024-11-03 16:00:00,2024-11-03 16:00:00,DEV_010,48,47,28,73
DEV_010_2024-11-03 18:00:00,2024-11-03 18:00:00,DEV_010,36,4,79,48
DEV_010_2024-11-03 20:00:00,2024-11-03 20:00:00,DEV_010,7,18,40,97
DEV_010_2024-11-03 22:00:00,2024-11-03 22:00:00,DEV_010,70,7,77,92
DEV_010_2024-11-04 00:00:00,2024-11-04 00:00:00,DEV_010,75,89,19,39
DEV_010_2024-11-04 02:00:00,2024-11-04 02:00:00,DEV_010,98,94,38,17
DEV_010_2024-11-04 04:00:00,2024-11-04 04:00:00,DEV_010,45,11,48,73
DEV_010_2024-11-04 06:00:00,2024-11-04 06:00:00,DEV_010,52,69,97,17
DEV_010_2024-11-04 08:00:00,2024-11-04 08:00:00,DEV_010,79,69,70,78
DEV_010_2024-11-04 10:00:00,2024-11-04 10:00:00,DEV_010,77,14,57,99
DEV_010_2024-11-04 12:00:00,2024-11-04 12:00:00,DEV_010,79,38,60,71
DEV_010_2024-11-04 14:00:00,2024-11-04 14:00:00,DEV_010,29,51,54,51
DEV_010_2024-11-04 16:00:00,2024-11-04 16:00:00,DEV_010,65,15,71,68
DEV_010_2024-11-04 18:00:00,2024-11-04 18:00:00,DEV_010,49,63,93,50
DEV_010_2024-11-04 20:00:00,2024-11-04 20:00:00,DEV_010,5,86,4,97
DEV_010_2024-11-04 22:00:00,2024-11-04 22:00:00,DEV_010,27,12,52,36
DEV_010_2024-11-05 00:00:00,2024-11-05 00:00:00,DEV_010,1,85,65,5
DEV_010_2024-11-05 02:00:00,2024-11-05 02:00:00,DEV_010,22,98,19,1
DEV_010_2024-11-05 04:00:00,2024-11-05 04:00:00,DEV_010,26,89,11,95
DEV_010_2024-11-05 06:00:00,2024-11-05 06:00:00,DEV_010,82,77,18,37
DEV_010_2024-11-05 08:00:00,2024-11-05 08:00:00,DEV_010,80,43,82,58
DEV_010_2024-11-05 10:00:00,2024-11-05 10:00:00,DEV_010,22,24,60,91
DEV_010_2024-11-05 12:00:00,2024-11-05 12:00:00,DEV_010,37,74,26,78
DEV_010_2024-11-05 14:00:00,2024-11-05 14:00:00,DEV_010,54,83,34,84
DEV_010_2024-11-05 16:00:00,2024-11-05 16:00:00,DEV_010,97,19,65,75
DEV_010_2024-11-05 18:00:00,2024-11-05 18:00:00,DEV_010,55,99,49,1
DEV_010_2024-11-05 20:00:00,2024-11-05 20:00:00,DEV_010,31,71,95,12
DEV_010_2024-11-05 22:00:00,2024-11-05 22:00:00,DEV_010,89,41,87,9
DEV_010_2024-11-06 00:00:00,2024-11-06 00:00:00,DEV_010,34,62,33,69
DEV_010_2024-11-06 02:00:00,2024-11-06 02:00:00,DEV_010,61,83,7,23
DEV_010_2024-11-06 04:00:00,2024-11-06 04:00:00,DEV_010,46,97,8,24
DEV_010_2024-11-06 06:00:00,2024-11-06 06:00:00,DEV_010,28,45,7,44
DEV_010_2024-11-06 08:00:00,2024-11-06 08:00:00,DEV_010,75,70,21,21
DEV_010_2024-11-06 10:00:00,2024-11-06 10:00:00,DEV_010,10,12,89,73
DEV_010_2024-11-06 12:00:00,2024-11-06 12:00:00,DEV_010,80,34,32,4
DEV_010_2024-11-06 14:00:00,2024-11-06 14:00:00,DEV_010,82,92,49,93
DEV_010_2024-11-06 16:00:00,2024-11-06 16:00:00,DEV_010,44,33,82,56
DEV_010_2024-11-06 18:00:00,2024-11-06 18:00:00,DEV_010,70,11,44,10
DEV_010_2024-11-06 20:00:00,2024-11-06 20:00:00,DEV_010,10,29,60,9
DEV_010_2024-11-06 22:00:00,2024-11-06 22:00:00,DEV_010,65,5,4,69
DEV_010_2024-11-07 00:00:00,2024-11-07 00:00:00,DEV_010,10,98,72,82
DEV_010_2024-11-07 02:00:00,2024-11-07 02:00:00,DEV_010,17,90,74,68
DEV_010_2024-11-07 04:00:00,2024-11-07 04:00:00,DEV_010,45,47,40,91
DEV_010_2024-11-07 06:00:00,2024-11-07 06:00:00,DEV_010,48,81,13,8
DEV_010_2024-11-07 08:00:00,2024-11-07 08:00:00,DEV_010,77,43,85,1
DEV_010_2024-11-07 10:00:00,2024-11-07 10:00:00,DEV_010,59,53,54,60
DEV_010_2024-11-07 12:00:00,2024-11-07 12:00:00,DEV_010,37,36,78,11
DEV_010_2024-11-07 14:00:00,2024-11-07 14:00:00,DEV_010,98,45,16,85
DEV_010_2024-11-07 16:00:00,2024-11-07 16:00:00,DEV_010,30,48,38,76
DEV_010_2024-11-07 18:00:00,2024-11-07 18:00:00,DEV_010,89,54,5,82
DEV_010_2024-11-07 20:00:00,2024-11-07 20:00:00,DEV_010,59,12,2,96
DEV_010_2024-11-07 22:00:00,2024-11-07 22:00:00,DEV_010,41,11,93,86
DEV_010_2024-11-08 00:00:00,2024-11-08 00:00:00,DEV_010,33,56,87,29
DEV_010_2024-11-08 02:00:00,2024-11-08 02:00:00,DEV_010,49,40,89,14
DEV_010_2024-11-08 04:00:00,2024-11-08 04:00:00,DEV_010,51,16,36,1
DEV_010_2024-11-08 06:00:00,2024-11-08 06:00:00,DEV_010,62,63,27,77
DEV_010_2024-11-08 08:00:00,2024-11-08 08:00:00,DEV_010,65,68,37,26
DEV_010_2024-11-08 10:00:00,2024-11-08 10:00:00,DEV_010,74,54,10,94
DEV_010_2024-11-08 12:00:00,2024-11-08 12:00:00,DEV_010,72,79,82,86
DEV_010_2024-11-08 14:00:00,2024-11-08 14:00:00,DEV_010,48,37,22,36
DEV_010_2024-11-08 16:00:00,2024-11-08 16:00:00,DEV_010,8,11,96,97
DEV_010_2024-11-08 18:00:00,2024-11-08 18:00:00,DEV_010,57,1,36,41
DEV_010_2024-11-08 20:00:00,2024-11-08 20:00:00,DEV_010,26,96,40,77
DEV_010_2024-11-08 22:00:00,2024-11-08 22:00:00,DEV_010,43,6,32,67
DEV_010_2024-11-09 00:00:00,2024-11-09 00:00:00,DEV_010,86,61,76,54
DEV_010_2024-11-09 02:00:00,2024-11-09 02:00:00,DEV_010,1,22,46,49
DEV_010_2024-11-09 04:00:00,2024-11-09 04:00:00,DEV_010,11,62,19,74
DEV_010_2024-11-09 06:00:00,2024-11-09 06:00:00,DEV_010,63,22,38,38
DEV_010_2024-11-09 08:00:00,2024-11-09 08:00:00,DEV_010,32,35,24,51
DEV_010_2024-11-09 10:00:00,2024-11-09 10:00:00,DEV_010,37,20,74,23
DEV_010_2024-11-09 12:00:00,2024-11-09 12:00:00,DEV_010,62,86,85,91
DEV_010_2024-11-09 14:00:00,2024-11-09 14:00:00,DEV_010,26,28,21,12
DEV_010_2024-11-09 16:00:00,2024-11-09 16:00:00,DEV_010,17,76,88,98
DEV_010_2024-11-09 18:00:00,2024-11-09 18:00:00,DEV_010,75,89,74,94
DEV_010_2024-11-09 20:00:00,2024-11-09 20:00:00,DEV_010,86,56,70,95
DEV_010_2024-11-09 22:00:00,2024-11-09 22:00:00,DEV_010,38,40,47,10
DEV_010_2024-11-10 00:00:00,2024-11-10 00:00:00,DEV_010,7,25,15,7
DEV_010_2024-11-10 02:00:00,2024-11-10 02:00:00,DEV_010,9,49,5,10
DEV_010_2024-11-10 04:00:00,2024-11-10 04:00:00,DEV_010,44,24,60,31
DEV_010_2024-11-10 06:00:00,2024-11-10 06:00:00,DEV_010,44,80,60,24
DEV_010_2024-11-10 08:00:00,2024-11-10 08:00:00,DEV_010,84,60,94,80
DEV_010_2024-11-10 10:00:00,2024-11-10 10:00:00,DEV_010,99,40,75,48
DEV_010_2024-11-10 12:00:00,2024-11-10 12:00:00,DEV_010,23,41,61,67
DEV_010_2024-11-10 14:00:00,2024-11-10 14:00:00,DEV_010,70,17,3,53
DEV_010_2024-11-10 16:00:00,2024-11-10 16:00:00,DEV_010,39,93,63,18
DEV_010_2024-11-10 18:00:00,2024-11-10 18:00:00,DEV_010,85,63,1,4
DEV_010_2024-11-10 20:00:00,2024-11-10 20:00:00,DEV_010,68,13,90,42
DEV_010_2024-11-10 22:00:00,2024-11-10 22:00:00,DEV_010,14,85,4,1
DEV_010_2024-11-11 00:00:00,2024-11-11 00:00:00,DEV_010,50,95,82,15
DEV_010_2024-11-11 02:00:00,2024-11-11 02:00:00,DEV_010,87,5,57,98
DEV_010_2024-11-11 04:00:00,2024-11-11 04:00:00,DEV_010,29,15,83,23
DEV_010_2024-11-11 06:00:00,2024-11-11 06:00:00,DEV_010,68,83,11,88
DEV_010_2024-11-11 08:00:00,2024-11-11 08:00:00,DEV_010,72,78,6,85
DEV_010_2024-11-11 10:00:00,2024-11-11 10:00:00,DEV_010,5,35,65,97
DEV_010_2024-11-11 12:00:00,2024-11-11 12:00:00,DEV_010,30,18,11,18
DEV_010_2024-11-11 14:00:00,2024-11-11 14:00:00,DEV_010,25,1,6,3
DEV_010_2024-11-11 16:00:00,2024-11-11 16:00:00,DEV_010,3,16,82,66
DEV_010_2024-11-11 18:00:00,2024-11-11 18:00:00,DEV_010,33,86,51,1
DEV_010_2024-11-11 20:00:00,2024-11-11 20:00:00,DEV_010,19,75,74,27
DEV_010_2024-11-11 22:00:00,2024-11-11 22:00:00,DEV_010,76,37,54,97
DEV_010_2024-11-12 00:00:00,2024-11-12 00:00:00,DEV_010,83,96,29,11
DEV_010_2024-11-12 02:00:00,2024-11-12 02:00:00,DEV_010,84,1,44,50
DEV_010_2024-11-12 04:00:00,2024-11-12 04:00:00,DEV_010,77,75,44,82
DEV_010_2024-11-12 06:00:00,2024-11-12 06:00:00,DEV_010,64,86,80,66
DEV_010_2024-11-12 08:00:00,2024-11-12 08:00:00,DEV_010,51,52,86,55
DEV_010_2024-11-12 10:00:00,2024-11-12 10:00:00,DEV_010,27,54,77,16
DEV_010_2024-11-12 12:00:00,2024-11-12 12:00:00,DEV_010,95,99,53,17
DEV_010_2024-11-12 14:00:00,2024-11-12 14:00:00,DEV_010,26,88,44,87
DEV_010_2024-11-12 16:00:00,2024-11-12 16:00:00,DEV_010,98,6,50,70
DEV_010_2024-11-12 18:00:00,2024-11-12 18:00:00,DEV_010,47,53,1,27
DEV_010_2024-11-12 20:00:00,2024-11-12 20:00:00,DEV_010,7,57,5,16
DEV_010_2024-11-12 22:00:00,2024-11-12 22:00:00,DEV_010,45,22,7,66
DEV_010_2024-11-13 00:00:00,2024-11-13 00:00:00,DEV_010,1,27,62,35
DEV_010_2024-11-13 02:00:00,2024-11-13 02:00:00,DEV_010,66,41,43,7
DEV_010_2024-11-13 04:00:00,2024-11-13 04:00:00,DEV_010,50,30,57,9
DEV_010_2024-11-13 06:00:00,2024-11-13 06:00:00,DEV_010,59,78,92,16
DEV_010_2024-11-13 08:00:00,2024-11-13 08:00:00,DEV_010,24,98,78,20
DEV_010_2024-11-13 10:00:00,2024-11-13 10:00:00,DEV_010,19,16,98,70
DEV_010_2024-11-13 12:00:00,2024-11-13 12:00:00,DEV_010,19,51,81,67
DEV_010_2024-11-13 14:00:00,2024-11-13 14:00:00,DEV_010,76,97,86,47
DEV_010_2024-11-13 16:00:00,2024-11-13 16:00:00,DEV_010,71,6,15,20
DEV_010_2024-11-13 18:00:00,2024-11-13 18:00:00,DEV_010,23,74,40,88
DEV_010_2024-11-13 20:00:00,2024-11-13 20:00:00,DEV_010,81,77,23,49
DEV_010_2024-11-13 22:00:00,2024-11-13 22:00:00,DEV_010,78,36,83,98
DEV_010_2024-11-14 00:00:00,2024-11-14 00:00:00,DEV_010,82,6,80,29
DEV_010_2024-11-14 02:00:00,2024-11-14 02:00:00,DEV_010,21,3,51,53
DEV_010_2024-11-14 04:00:00,2024-11-14 04:00:00,DEV_010,1,48,86,24
DEV_010_2024-11-14 06:00:00,2024-11-14 06:00:00,DEV_010,78,15,36,48
DEV_010_2024-11-14 08:00:00,2024-11-14 08:00:00,DEV_010,11,31,52,27
DEV_010_2024-11-14 10:00:00,2024-11-14 10:00:00,DEV_010,22,21,25,10
DEV_010_2024-11-14 12:00:00,2024-11-14 12:00:00,DEV_010,71,28,8,89
DEV_010_2024-11-14 14:00:00,2024-11-14 14:00:00,DEV_010,32,65,89,7
DEV_010_2024-11-14 16:00:00,2024-11-14 16:00:00,DEV_010,72,39,42,19
DEV_010_2024-11-14 18:00:00,2024-11-14 18:00:00,DEV_010,52,91,68,42
DEV_010_2024-11-14 20:00:00,2024-11-14 20:00:00,DEV_010,45,61,39,32
DEV_010_2024-11-14 22:00:00,2024-11-14 22:00:00,DEV_010,78,14,39,62
DEV_010_2024-11-15 00:00:00,2024-11-15 00:00:00,DEV_010,41,69,30,36
DEV_010_2024-11-15 02:00:00,2024-11-15 02:00:00,DEV_010,72,41,64,83
DEV_010_2024-11-15 04:00:00,2024-11-15 04:00:00,DEV_010,90,84,25,55
DEV_010_2024-11-15 06:00:00,2024-11-15 06:00:00,DEV_010,93,39,76,83
DEV_010_2024-11-15 08:00:00,2024-11-15 08:00:00,DEV_010,38,75,42,92
DEV_010_2024-11-15 10:00:00,2024-11-15 10:00:00,DEV_010,56,81,67,99
DEV_010_2024-11-15 12:00:00,2024-11-15 12:00:00,DEV_010,84,10,30,83
DEV_010_2024-11-15 14:00:00,2024-11-15 14:00:00,DEV_010,83,23,15,12
DEV_010_2024-11-15 16:00:00,2024-11-15 16:00:00,DEV_010,89,80,1,22
DEV_010_2024-11-15 18:00:00,2024-11-15 18:00:00,DEV_010,26,73,54,87
DEV_010_2024-11-15 20:00:00,2024-11-15 20:00:00,DEV_010,20,85,34,52
DEV_010_2024-11-15 22:00:00,2024-11-15 22:00:00,DEV_010,19,79,89,56
DEV_010_2024-11-16 00:00:00,2024-11-16 00:00:00,DEV_010,51,74,74,19
DEV_010_2024-11-16 02:00:00,2024-11-16 02:00:00,DEV_010,91,11,32,60
DEV_010_2024-11-16 04:00:00,2024-11-16 04:00:00,DEV_010,41,85,93,76
DEV_010_2024-11-16 06:00:00,2024-11-16 06:00:00,DEV_010,72,30,3,76
DEV_010_2024-11-16 08:00:00,2024-11-16 08:00:00,DEV_010,49,16,2,96
DEV_010_2024-11-16 10:00:00,2024-11-16 10:00:00,DEV_010,81,59,55,16
DEV_010_2024-11-16 12:00:00,2024-11-16 12:00:00,DEV_010,77,27,68,20
DEV_010_2024-11-16 14:00:00,2024-11-16 14:00:00,DEV_010,37,98,70,59
DEV_010_2024-11-16 16:00:00,2024-11-16 16:00:00,DEV_010,21,17,34,21
DEV_010_2024-11-16 18:00:00,2024-11-16 18:00:00,DEV_010,13,6,99,85
DEV_010_2024-11-16 20:00:00,2024-11-16 20:00:00,DEV_010,49,22,95,71
DEV_010_2024-11-16 22:00:00,2024-11-16 22:00:00,DEV_010,67,23,99,46
DEV_010_2024-11-17 00:00:00,2024-11-17 00:00:00,DEV_010,21,56,12,67
DEV_010_2024-11-17 02:00:00,2024-11-17 02:00:00,DEV_010,53,41,94,54
DEV_010_2024-11-17 04:00:00,2024-11-17 04:00:00,DEV_010,82,24,37,53
DEV_010_2024-11-17 06:00:00,2024-11-17 06:00:00,DEV_010,94,99,86,54
DEV_010_2024-11-17 08:00:00,2024-11-17 08:00:00,DEV_010,11,70,9,28
DEV_010_2024-11-17 10:00:00,2024-11-17 10:00:00,DEV_010,62,68,44,46
DEV_010_2024-11-17 12:00:00,2024-11-17 12:00:00,DEV_010,13,80,32,87
DEV_010_2024-11-17 14:00:00,2024-11-17 14:00:00,DEV_010,27,4,5,48
DEV_010_2024-11-17 16:00:00,2024-11-17 16:00:00,DEV_010,21,27,5,23
DEV_010_2024-11-17 18:00:00,2024-11-17 18:00:00,DEV_010,3,26,66,34
DEV_010_2024-11-17 20:00:00,2024-11-17 20:00:00,DEV_010,36,27,31,34
DEV_010_2024-11-17 22:00:00,2024-11-17 22:00:00,DEV_010,65,97,46,75
DEV_010_2024-11-18 00:00:00,2024-11-18 00:00:00,DEV_010,68,20,80,81
DEV_010_2024-11-18 02:00:00,2024-11-18 02:00:00,DEV_010,48,46,74,96
DEV_010_2024-11-18 04:00:00,2024-11-18 04:00:00,DEV_010,26,23,35,3
DEV_010_2024-11-18 06:00:00,2024-11-18 06:00:00,DEV_010,67,51,89,51
DEV_010_2024-11-18 08:00:00,2024-11-18 08:00:00,DEV_010,67,66,27,11
DEV_010_2024-11-18 10:00:00,2024-11-18 10:00:00,DEV_010,26,52,50,27
DEV_010_2024-11-18 12:00:00,2024-11-18 12:00:00,DEV_010,80,75,36,66
DEV_010_2024-11-18 14:00:00,2024-11-18 14:00:00,DEV_010,21,52,65,45
DEV_010_2024-11-18 16:00:00,2024-11-18 16:00:00,DEV_010,29,43,35,88
DEV_010_2024-11-18 18:00:00,2024-11-18 18:00:00,DEV_010,91,41,80,21
DEV_010_2024-11-18 20:00:00,2024-11-18 20:00:00,DEV_010,37,86,51,77
DEV_010_2024-11-18 22:00:00,2024-11-18 22:00:00,DEV_010,61,46,56,34
DEV_010_2024-11-19 00:00:00,2024-11-19 00:00:00,DEV_010,57,90,30,30
DEV_010_2024-11-19 02:00:00,2024-11-19 02:00:00,DEV_010,83,26,68,55
DEV_010_2024-11-19 04:00:00,2024-11-19 04:00:00,DEV_010,59,77,1,76
DEV_010_2024-11-19 06:00:00,2024-11-19 06:00:00,DEV_010,46,82,51,93
DEV_010_2024-11-19 08:00:00,2024-11-19 08:00:00,DEV_010,73,86,95,45
DEV_010_2024-11-19 10:00:00,2024-11-19 10:00:00,DEV_010,66,55,60,71
DEV_010_2024-11-19 12:00:00,2024-11-19 12:00:00,DEV_010,66,50,55,22
DEV_010_2024-11-19 14:00:00,2024-11-19 14:00:00,DEV_010,53,53,71,6
DEV_010_2024-11-19 16:00:00,2024-11-19 16:00:00,DEV_010,33,80,41,11
DEV_010_2024-11-19 18:00:00,2024-11-19 18:00:00,DEV_010,33,47,12,70
DEV_010_2024-11-19 20:00:00,2024-11-19 20:00:00,DEV_010,44,68,88,57
DEV_010_2024-11-19 22:00:00,2024-11-19 22:00:00,DEV_010,16,72,74,75
DEV_010_2024-11-20 00:00:00,2024-11-20 00:00:00,DEV_010,24,62,51,10
DEV_010_2024-11-20 02:00:00,2024-11-20 02:00:00,DEV_010,51,90,74,67
DEV_010_2024-11-20 04:00:00,2024-11-20 04:00:00,DEV_010,38,39,40,96
DEV_010_2024-11-20 06:00:00,2024-11-20 06:00:00,DEV_010,36,13,78,49
DEV_010_2024-11-20 08:00:00,2024-11-20 08:00:00,DEV_010,4,50,81,61
DEV_010_2024-11-20 10:00:00,2024-11-20 10:00:00,DEV_010,64,30,86,31
DEV_010_2024-11-20 12:00:00,2024-11-20 12:00:00,DEV_010,1,69,68,61
DEV_010_2024-11-20 14:00:00,2024-11-20 14:00:00,DEV_010,58,30,2,7
DEV_010_2024-11-20 16:00:00,2024-11-20 16:00:00,DEV_010,72,65,69,45
DEV_010_2024-11-20 18:00:00,2024-11-20 18:00:00,DEV_010,66,35,43,80
DEV_010_2024-11-20 20:00:00,2024-11-20 20:00:00,DEV_010,43,37,4,40
DEV_010_2024-11-20 22:00:00,2024-11-20 22:00:00,DEV_010,15,94,47,48
DEV_010_2024-11-21 00:00:00,2024-11-21 00:00:00,DEV_010,32,91,47,55
DEV_010_2024-11-21 02:00:00,2024-11-21 02:00:00,DEV_010,64,14,70,41
DEV_010_2024-11-21 04:00:00,2024-11-21 04:00:00,DEV_010,52,72,11,18
DEV_010_2024-11-21 06:00:00,2024-11-21 06:00:00,DEV_010,89,69,9,57
DEV_010_2024-11-21 08:00:00,2024-11-21 08:00:00,DEV_010,79,85,43,63
DEV_010_2024-11-21 10:00:00,2024-11-21 10:00:00,DEV_010,52,96,47,78
DEV_010_2024-11-21 12:00:00,2024-11-21 12:00:00,DEV_010,71,40,38,28
DEV_010_2024-11-21 14:00:00,2024-11-21 14:00:00,DEV_010,3,99,55,33
DEV_010_2024-11-21 16:00:00,2024-11-21 16:00:00,DEV_010,8,25,37,23
DEV_010_2024-11-21 18:00:00,2024-11-21 18:00:00,DEV_010,87,41,86,59
DEV_010_2024-11-21 20:00:00,2024-11-21 20:00:00,DEV_010,40,83,43,16
DEV_010_2024-11-21 22:00:00,2024-11-21 22:00:00,DEV_010,85,22,99,37
DEV_010_2024-11-22 00:00:00,2024-11-22 00:00:00,DEV_010,34,93,18,75
DEV_010_2024-11-22 02:00:00,2024-11-22 02:00:00,DEV_010,14,86,21,69
DEV_010_2024-11-22 04:00:00,2024-11-22 04:00:00,DEV_010,31,66,10,17
DEV_010_2024-11-22 06:00:00,2024-11-22 06:00:00,DEV_010,44,20,35,12
DEV_010_2024-11-22 08:00:00,2024-11-22 08:00:00,DEV_010,24,39,98,31
DEV_010_2024-11-22 10:00:00,2024-11-22 10:00:00,DEV_010,94,43,22,38
DEV_010_2024-11-22 12:00:00,2024-11-22 12:00:00,DEV_010,73,12,64,33
DEV_010_2024-11-22 14:00:00,2024-11-22 14:00:00,DEV_010,84,24,51,41
DEV_010_2024-11-22 16:00:00,2024-11-22 16:00:00,DEV_010,18,44,45,3
DEV_010_2024-11-22 18:00:00,2024-11-22 18:00:00,DEV_010,53,30,73,27
DEV_010_2024-11-22 20:00:00,2024-11-22 20:00:00,DEV_010,81,57,27,91
DEV_010_2024-11-22 22:00:00,2024-11-22 22:00:00,DEV_010,96,80,14,42
DEV_010_2024-11-23 00:00:00,2024-11-23 00:00:00,DEV_010,16,93,13,45
DEV_010_2024-11-23 02:00:00,2024-11-23 02:00:00,DEV_010,20,43,49,78
DEV_010_2024-11-23 04:00:00,2024-11-23 04:00:00,DEV_010,44,48,30,49
DEV_010_2024-11-23 06:00:00,2024-11-23 06:00:00,DEV_010,83,37,38,11
DEV_010_2024-11-23 08:00:00,2024-11-23 08:00:00,DEV_010,41,10,40,64
DEV_010_2024-11-23 10:00:00,2024-11-23 10:00:00,DEV_010,50,76,16,74
DEV_010_2024-11-23 12:00:00,2024-11-23 12:00:00,DEV_010,33,38,63,95
DEV_010_2024-11-23 14:00:00,2024-11-23 14:00:00,DEV_010,94,37,30,1
DEV_010_2024-11-23 16:00:00,2024-11-23 16:00:00,DEV_010,41,11,59,1
DEV_010_2024-11-23 18:00:00,2024-11-23 18:00:00,DEV_010,38,72,21,2
DEV_010_2024-11-23 20:00:00,2024-11-23 20:00:00,DEV_010,85,75,23,18
DEV_010_2024-11-23 22:00:00,2024-11-23 22:00:00,DEV_010,77,84,80,30
DEV_010_2024-11-24 00:00:00,2024-11-24 00:00:00,DEV_010,99,33,47,45
DEV_010_2024-11-24 02:00:00,2024-11-24 02:00:00,DEV_010,33,24,13,38
DEV_010_2024-11-24 04:00:00,2024-11-24 04:00:00,DEV_010,90,23,10,37
DEV_010_2024-11-24 06:00:00,2024-11-24 06:00:00,DEV_010,13,66,14,49
DEV_010_2024-11-24 08:00:00,2024-11-24 08:00:00,DEV_010,36,13,65,52
DEV_010_2024-11-24 10:00:00,2024-11-24 10:00:00,DEV_010,86,74,62,51
DEV_010_2024-11-24 12:00:00,2024-11-24 12:00:00,DEV_010,31,59,52,68
DEV_010_2024-11-24 14:00:00,2024-11-24 14:00:00,DEV_010,89,33,52,53
DEV_010_2024-11-24 16:00:00,2024-11-24 16:00:00,DEV_010,55,68,31,2
DEV_010_2024-11-24 18:00:00,2024-11-24 18:00:00,DEV_010,83,32,22,68
DEV_010_2024-11-24 20:00:00,2024-11-24 20:00:00,DEV_010,23,65,38,41
DEV_010_2024-11-24 22:00:00,2024-11-24 22:00:00,DEV_010,91,89,45,85
DEV_010_2024-11-25 00:00:00,2024-11-25 00:00:00,DEV_010,90,45,88,27
DEV_010_2024-11-25 02:00:00,2024-11-25 02:00:00,DEV_010,98,91,59,44
DEV_010_2024-11-25 04:00:00,2024-11-25 04:00:00,DEV_010,50,80,89,8
DEV_010_2024-11-25 06:00:00,2024-11-25 06:00:00,DEV_010,47,35,25,9
DEV_010_2024-11-25 08:00:00,2024-11-25 08:00:00,DEV_010,49,82,41,22
DEV_010_2024-11-25 10:00:00,2024-11-25 10:00:00,DEV_010,83,52,64,13
DEV_010_2024-11-25 12:00:00,2024-11-25 12:00:00,DEV_010,24,38,54,35
DEV_010_2024-11-25 14:00:00,2024-11-25 14:00:00,DEV_010,63,6,70,14
DEV_010_2024-11-25 16:00:00,2024-11-25 16:00:00,DEV_010,76,97,16,65
DEV_010_2024-11-25 18:00:00,2024-11-25 18:00:00,DEV_010,9,10,8,57
DEV_010_2024-11-25 20:00:00,2024-11-25 20:00:00,DEV_010,60,96,44,59
DEV_010_2024-11-25 22:00:00,2024-11-25 22:00:00,DEV_010,44,91,21,72
DEV_010_2024-11-26 00:00:00,2024-11-26 00:00:00,DEV_010,81,78,99,71
DEV_010_2024-11-26 02:00:00,2024-11-26 02:00:00,DEV_010,69,11,14,25
DEV_010_2024-11-26 04:00:00,2024-11-26 04:00:00,DEV_010,12,3,60,92
DEV_010_2024-11-26 06:00:00,2024-11-26 06:00:00,DEV_010,70,35,48,2
DEV_010_2024-11-26 08:00:00,2024-11-26 08:00:00,DEV_010,98,36,79,60
DEV_010_2024-11-26 10:00:00,2024-11-26 10:00:00,DEV_010,53,40,6,48
DEV_010_2024-11-26 12:00:00,2024-11-26 12:00:00,DEV_010,97,21,94,85
DEV_010_2024-11-26 14:00:00,2024-11-26 14:00:00,DEV_010,20,97,83,23
DEV_010_2024-11-26 16:00:00,2024-11-26 16:00:00,DEV_010,90,40,35,41
DEV_010_2024-11-26 18:00:00,2024-11-26 18:00:00,DEV_010,19,57,26,55
DEV_010_2024-11-26 20:00:00,2024-11-26 20:00:00,DEV_010,90,65,40,45
DEV_010_2024-11-26 22:00:00,2024-11-26 22:00:00,DEV_010,45,53,75,37
DEV_010_2024-11-27 00:00:00,2024-11-27 00:00:00,DEV_010,23,29,29,70
DEV_010_2024-11-27 02:00:00,2024-11-27 02:00:00,DEV_010,42,76,28,77
DEV_010_2024-11-27 04:00:00,2024-11-27 04:00:00,DEV_010,21,56,75,37
DEV_010_2024-11-27 06:00:00,2024-11-27 06:00:00,DEV_010,65,90,26,20
DEV_010_2024-11-27 08:00:00,2024-11-27 08:00:00,DEV_010,25,57,33,80
DEV_010_2024-11-27 10:00:00,2024-11-27 10:00:00,DEV_010,31,71,28,73
DEV_010_2024-11-27 12:00:00,2024-11-27 12:00:00,DEV_010,79,67,11,10
DEV_010_2024-11-27 14:00:00,2024-11-27 14:00:00,DEV_010,32,32,32,46
DEV_010_2024-11-27 16:00:00,2024-11-27 16:00:00,DEV_010,49,81,54,33
DEV_010_2024-11-27 18:00:00,2024-11-27 18:00:00,DEV_010,79,77,75,5
DEV_010_2024-11-27 20:00:00,2024-11-27 20:00:00,DEV_010,56,52,41,99
DEV_010_2024-11-27 22:00:00,2024-11-27 22:00:00,DEV_010,69,34,20,64
DEV_010_2024-11-28 00:00:00,2024-11-28 00:00:00,DEV_010,20,93,88,44
DEV_010_2024-11-28 02:00:00,2024-11-28 02:00:00,DEV_010,89,53,37,37
DEV_010_2024-11-28 04:00:00,2024-11-28 04:00:00,DEV_010,34,21,30,39
DEV_010_2024-11-28 06:00:00,2024-11-28 06:00:00,DEV_010,35,88,53,88
DEV_010_2024-11-28 08:00:00,2024-11-28 08:00:00,DEV_010,6,62,78,20
DEV_010_2024-11-28 10:00:00,2024-11-28 10:00:00,DEV_010,15,17,47,61
DEV_010_2024-11-28 12:00:00,2024-11-28 12:00:00,DEV_010,43,53,74,63
DEV_010_2024-11-28 14:00:00,2024-11-28 14:00:00,DEV_010,63,26,23,7
DEV_010_2024-11-28 16:00:00,2024-11-28 16:00:00,DEV_010,87,90,43,52
DEV_010_2024-11-28 18:00:00,2024-11-28 18:00:00,DEV_010,11,37,59,74
DEV_010_2024-11-28 20:00:00,2024-11-28 20:00:00,DEV_010,38,9,49,27
DEV_010_2024-11-28 22:00:00,2024-11-28 22:00:00,DEV_010,12,25,83,44
DEV_010_2024-11-29 00:00:00,2024-11-29 00:00:00,DEV_010,33,38,21,8
DEV_010_2024-11-29 02:00:00,2024-11-29 02:00:00,DEV_010,59,7,58,61
DEV_010_2024-11-29 04:00:00,2024-11-29 04:00:00,DEV_010,1,36,69,81
DEV_010_2024-11-29 06:00:00,2024-11-29 06:00:00,DEV_010,50,8,59,15
DEV_010_2024-11-29 08:00:00,2024-11-29 08:00:00,DEV_010,90,64,48,2
DEV_010_2024-11-29 10:00:00,2024-11-29 10:00:00,DEV_010,5,32,97,65
DEV_010_2024-11-29 12:00:00,2024-11-29 12:00:00,DEV_010,43,70,60,62
DEV_010_2024-11-29 14:00:00,2024-11-29 14:00:00,DEV_010,48,28,82,5
DEV_010_2024-11-29 16:00:00,2024-11-29 16:00:00,DEV_010,87,43,63,51
DEV_010_2024-11-29 18:00:00,2024-11-29 18:00:00,DEV_010,59,64,12,9
DEV_010_2024-11-29 20:00:00,2024-11-29 20:00:00,DEV_010,76,12,69,73
DEV_010_2024-11-29 22:00:00,2024-11-29 22:00:00,DEV_010,25,94,68,79
DEV_010_2024-11-30 00:00:00,2024-11-30 00:00:00,DEV_010,71,18,41,10
DEV_010_2024-11-30 02:00:00,2024-11-30 02:00:00,DEV_010,89,70,46,84
DEV_010_2024-11-30 04:00:00,2024-11-30 04:00:00,DEV_010,15,79,30,35
DEV_010_2024-11-30 06:00:00,2024-11-30 06:00:00,DEV_010,96,86,63,34
DEV_010_2024-11-30 08:00:00,2024-11-30 08:00:00,DEV_010,48,32,20,96
DEV_010_2024-11-30 10:00:00,2024-11-30 10:00:00,DEV_010,41,84,3,85
DEV_010_2024-11-30 12:00:00,2024-11-30 12:00:00,DEV_010,64,74,49,44
DEV_010_2024-11-30 14:00:00,2024-11-30 14:00:00,DEV_010,79,27,76,75
DEV_010_2024-11-30 16:00:00,2024-11-30 16:00:00,DEV_010,80,28,62,11
DEV_010_2024-11-30 18:00:00,2024-11-30 18:00:00,DEV_010,82,91,16,43
DEV_010_2024-11-30 20:00:00,2024-11-30 20:00:00,DEV_010,2,35,76,60
DEV_010_2024-11-30 22:00:00,2024-11-30 22:00:00,DEV_010,94,8,51,81
DEV_010_2024-12-01 00:00:00,2024-12-01 00:00:00,DEV_010,64,90,93,37
DEV_010_2024-12-01 02:00:00,2024-12-01 02:00:00,DEV_010,3,64,98,96
DEV_010_2024-12-01 04:00:00,2024-12-01 04:00:00,DEV_010,69,30,40,80
DEV_010_2024-12-01 06:00:00,2024-12-01 06:00:00,DEV_010,50,63,49,33
DEV_010_2024-12-01 08:00:00,2024-12-01 08:00:00,DEV_010,45,28,88,80
DEV_010_2024-12-01 10:00:00,2024-12-01 10:00:00,DEV_010,34,95,76,79
DEV_010_2024-12-01 12:00:00,2024-12-01 12:00:00,DEV_010,68,86,32,21
DEV_010_2024-12-01 14:00:00,2024-12-01 14:00:00,DEV_010,46,58,9,80
DEV_010_2024-12-01 16:00:00,2024-12-01 16:00:00,DEV_010,85,73,14,95
DEV_010_2024-12-01 18:00:00,2024-12-01 18:00:00,DEV_010,58,34,6,62
DEV_010_2024-12-01 20:00:00,2024-12-01 20:00:00,DEV_010,36,38,76,73
DEV_010_2024-12-01 22:00:00,2024-12-01 22:00:00,DEV_010,69,44,70,9
DEV_010_2024-12-02 00:00:00,2024-12-02 00:00:00,DEV_010,49,23,75,23
DEV_010_2024-12-02 02:00:00,2024-12-02 02:00:00,DEV_010,46,19,29,7
DEV_010_2024-12-02 04:00:00,2024-12-02 04:00:00,DEV_010,1,11,37,64
DEV_010_2024-12-02 06:00:00,2024-12-02 06:00:00,DEV_010,75,54,82,39
DEV_010_2024-12-02 08:00:00,2024-12-02 08:00:00,DEV_010,95,51,42,81
DEV_010_2024-12-02 10:00:00,2024-12-02 10:00:00,DEV_010,88,81,26,25
DEV_010_2024-12-02 12:00:00,2024-12-02 12:00:00,DEV_010,63,31,33,95
DEV_010_2024-12-02 14:00:00,2024-12-02 14:00:00,DEV_010,72,5,98,35
DEV_010_2024-12-02 16:00:00,2024-12-02 16:00:00,DEV_010,47,17,5,14
DEV_010_2024-12-02 18:00:00,2024-12-02 18:00:00,DEV_010,64,12,82,50
DEV_010_2024-12-02 20:00:00,2024-12-02 20:00:00,DEV_010,87,32,72,22
DEV_010_2024-12-02 22:00:00,2024-12-02 22:00:00,DEV_010,66,73,75,5
DEV_010_2024-12-03 00:00:00,2024-12-03 00:00:00,DEV_010,78,80,25,35
DEV_010_2024-12-03 02:00:00,2024-12-03 02:00:00,DEV_010,34,87,73,88
DEV_010_2024-12-03 04:00:00,2024-12-03 04:00:00,DEV_010,3,80,55,91
DEV_010_2024-12-03 06:00:00,2024-12-03 06:00:00,DEV_010,57,70,87,92
DEV_010_2024-12-03 08:00:00,2024-12-03 08:00:00,DEV_010,95,90,9,45
DEV_010_2024-12-03 10:00:00,2024-12-03 10:00:00,DEV_010,6,34,94,29
DEV_010_2024-12-03 12:00:00,2024-12-03 12:00:00,DEV_010,5,13,58,96
DEV_010_2024-12-03 14:00:00,2024-12-03 14:00:00,DEV_010,31,64,7,23
DEV_010_2024-12-03 16:00:00,2024-12-03 16:00:00,DEV_010,31,99,72,83
DEV_010_2024-12-03 18:00:00,2024-12-03 18:00:00,DEV_010,38,90,75,22
DEV_010_2024-12-03 20:00:00,2024-12-03 20:00:00,DEV_010,44,93,24,83
DEV_010_2024-12-03 22:00:00,2024-12-03 22:00:00,DEV_010,67,83,30,36
DEV_010_2024-12-04 00:00:00,2024-12-04 00:00:00,DEV_010,28,55,15,42
DEV_010_2024-12-04 02:00:00,2024-12-04 02:00:00,DEV_010,55,47,28,55
DEV_010_2024-12-04 04:00:00,2024-12-04 04:00:00,DEV_010,52,17,64,55
DEV_010_2024-12-04 06:00:00,2024-12-04 06:00:00,DEV_010,33,21,66,4
DEV_010_2024-12-04 08:00:00,2024-12-04 08:00:00,DEV_010,56,8,46,31
DEV_010_2024-12-04 10:00:00,2024-12-04 10:00:00,DEV_010,92,58,9,3
DEV_010_2024-12-04 12:00:00,2024-12-04 12:00:00,DEV_010,10,24,69,29
DEV_010_2024-12-04 14:00:00,2024-12-04 14:00:00,DEV_010,86,31,89,10
DEV_010_2024-12-04 16:00:00,2024-12-04 16:00:00,DEV_010,24,86,87,70
DEV_010_2024-12-04 18:00:00,2024-12-04 18:00:00,DEV_010,95,3,18,89
DEV_010_2024-12-04 20:00:00,2024-12-04 20:00:00,DEV_010,48,59,27,23
DEV_010_2024-12-04 22:00:00,2024-12-04 22:00:00,DEV_010,74,78,85,79
DEV_010_2024-12-05 00:00:00,2024-12-05 00:00:00,DEV_010,76,47,98,60
DEV_010_2024-12-05 02:00:00,2024-12-05 02:00:00,DEV_010,5,39,75,65
DEV_010_2024-12-05 04:00:00,2024-12-05 04:00:00,DEV_010,74,72,93,77
DEV_010_2024-12-05 06:00:00,2024-12-05 06:00:00,DEV_010,35,9,99,44
DEV_010_2024-12-05 08:00:00,2024-12-05 08:00:00,DEV_010,50,29,67,12
DEV_010_2024-12-05 10:00:00,2024-12-05 10:00:00,DEV_010,43,27,29,90
DEV_010_2024-12-05 12:00:00,2024-12-05 12:00:00,DEV_010,93,53,19,3
DEV_010_2024-12-05 14:00:00,2024-12-05 14:00:00,DEV_010,98,58,89,74
DEV_010_2024-12-05 16:00:00,2024-12-05 16:00:00,DEV_010,79,8,25,94
DEV_010_2024-12-05 18:00:00,2024-12-05 18:00:00,DEV_010,36,18,5,1
DEV_010_2024-12-05 20:00:00,2024-12-05 20:00:00,DEV_010,27,63,78,69
DEV_010_2024-12-05 22:00:00,2024-12-05 22:00:00,DEV_010,46,14,56,80
DEV_010_2024-12-06 00:00:00,2024-12-06 00:00:00,DEV_010,50,59,58,19
DEV_010_2024-12-06 02:00:00,2024-12-06 02:00:00,DEV_010,4,70,79,49
DEV_010_2024-12-06 04:00:00,2024-12-06 04:00:00,DEV_010,14,25,92,50
DEV_010_2024-12-06 06:00:00,2024-12-06 06:00:00,DEV_010,29,13,72,48
DEV_010_2024-12-06 08:00:00,2024-12-06 08:00:00,DEV_010,97,26,88,24
DEV_010_2024-12-06 10:00:00,2024-12-06 10:00:00,DEV_010,77,30,15,62
DEV_010_2024-12-06 12:00:00,2024-12-06 12:00:00,DEV_010,95,82,91,11
DEV_010_2024-12-06 14:00:00,2024-12-06 14:00:00,DEV_010,75,74,92,72
DEV_010_2024-12-06 16:00:00,2024-12-06 16:00:00,DEV_010,50,19,40,7
DEV_010_2024-12-06 18:00:00,2024-12-06 18:00:00,DEV_010,14,48,71,4
DEV_010_2024-12-06 20:00:00,2024-12-06 20:00:00,DEV_010,59,54,91,46
DEV_010_2024-12-06 22:00:00,2024-12-06 22:00:00,DEV_010,19,8,23,82
DEV_010_2024-12-07 00:00:00,2024-12-07 00:00:00,DEV_010,76,51,65,29
DEV_010_2024-12-07 02:00:00,2024-12-07 02:00:00,DEV_010,97,25,49,16
DEV_010_2024-12-07 04:00:00,2024-12-07 04:00:00,DEV_010,58,12,14,98
DEV_010_2024-12-07 06:00:00,2024-12-07 06:00:00,DEV_010,35,14,16,68
DEV_010_2024-12-07 08:00:00,2024-12-07 08:00:00,DEV_010,98,21,75,50
DEV_010_2024-12-07 10:00:00,2024-12-07 10:00:00,DEV_010,4,58,67,24
DEV_010_2024-12-07 12:00:00,2024-12-07 12:00:00,DEV_010,73,76,7,33
DEV_010_2024-12-07 14:00:00,2024-12-07 14:00:00,DEV_010,62,78,50,31
DEV_010_2024-12-07 16:00:00,2024-12-07 16:00:00,DEV_010,27,98,27,78
DEV_010_2024-12-07 18:00:00,2024-12-07 18:00:00,DEV_010,70,72,23,62
DEV_010_2024-12-07 20:00:00,2024-12-07 20:00:00,DEV_010,7,86,62,6
DEV_010_2024-12-07 22:00:00,2024-12-07 22:00:00,DEV_010,19,44,97,26
DEV_010_2024-12-08 00:00:00,2024-12-08 00:00:00,DEV_010,66,54,46,22
DEV_010_2024-12-08 02:00:00,2024-12-08 02:00:00,DEV_010,76,49,97,10
DEV_010_2024-12-08 04:00:00,2024-12-08 04:00:00,DEV_010,75,14,26,37
DEV_010_2024-12-08 06:00:00,2024-12-08 06:00:00,DEV_010,7,9,83,7
DEV_010_2024-12-08 08:00:00,2024-12-08 08:00:00,DEV_010,66,67,65,90
DEV_010_2024-12-08 10:00:00,2024-12-08 10:00:00,DEV_010,10,26,66,21
DEV_010_2024-12-08 12:00:00,2024-12-08 12:00:00,DEV_010,31,26,15,80
DEV_010_2024-12-08 14:00:00,2024-12-08 14:00:00,DEV_010,20,79,4,39
DEV_010_2024-12-08 16:00:00,2024-12-08 16:00:00,DEV_010,14,23,60,98
DEV_010_2024-12-08 18:00:00,2024-12-08 18:00:00,DEV_010,42,26,1,51
DEV_010_2024-12-08 20:00:00,2024-12-08 20:00:00,DEV_010,87,78,80,11
DEV_010_2024-12-08 22:00:00,2024-12-08 22:00:00,DEV_010,86,76,66,31
DEV_010_2024-12-09 00:00:00,2024-12-09 00:00:00,DEV_010,45,23,57,19
DEV_010_2024-12-09 02:00:00,2024-12-09 02:00:00,DEV_010,94,87,99,77
DEV_010_2024-12-09 04:00:00,2024-12-09 04:00:00,DEV_010,87,88,37,10
DEV_010_2024-12-09 06:00:00,2024-12-09 06:00:00,DEV_010,57,89,56,3
DEV_010_2024-12-09 08:00:00,2024-12-09 08:00:00,DEV_010,86,28,84,31
DEV_010_2024-12-09 10:00:00,2024-12-09 10:00:00,DEV_010,22,2,55,49
DEV_010_2024-12-09 12:00:00,2024-12-09 12:00:00,DEV_010,95,17,26,31
DEV_010_2024-12-09 14:00:00,2024-12-09 14:00:00,DEV_010,94,93,61,54
DEV_010_2024-12-09 16:00:00,2024-12-09 16:00:00,DEV_010,96,92,15,72
DEV_010_2024-12-09 18:00:00,2024-12-09 18:00:00,DEV_010,58,58,54,51
DEV_010_2024-12-09 20:00:00,2024-12-09 20:00:00,DEV_010,17,24,48,60
DEV_010_2024-12-09 22:00:00,2024-12-09 22:00:00,DEV_010,63,97,92,93
DEV_010_2024-12-10 00:00:00,2024-12-10 00:00:00,DEV_010,64,98,49,51
DEV_010_2024-12-10 02:00:00,2024-12-10 02:00:00,DEV_010,10,69,63,85
DEV_010_2024-12-10 04:00:00,2024-12-10 04:00:00,DEV_010,28,7,52,70
DEV_010_2024-12-10 06:00:00,2024-12-10 06:00:00,DEV_010,93,87,71,22
DEV_010_2024-12-10 08:00:00,2024-12-10 08:00:00,DEV_010,30,18,91,80
DEV_010_2024-12-10 10:00:00,2024-12-10 10:00:00,DEV_010,32,31,57,71
DEV_010_2024-12-10 12:00:00,2024-12-10 12:00:00,DEV_010,16,30,33,83
DEV_010_2024-12-10 14:00:00,2024-12-10 14:00:00,DEV_010,48,71,97,37
DEV_010_2024-12-10 16:00:00,2024-12-10 16:00:00,DEV_010,85,57,46,59
DEV_010_2024-12-10 18:00:00,2024-12-10 18:00:00,DEV_010,94,58,57,70
DEV_010_2024-12-10 20:00:00,2024-12-10 20:00:00,DEV_010,53,90,6,24
DEV_010_2024-12-10 22:00:00,2024-12-10 22:00:00,DEV_010,95,93,53,70
DEV_010_2024-12-11 00:00:00,2024-12-11 00:00:00,DEV_010,87,12,96,65
DEV_010_2024-12-11 02:00:00,2024-12-11 02:00:00,DEV_010,33,46,22,39
DEV_010_2024-12-11 04:00:00,2024-12-11 04:00:00,DEV_010,23,76,10,82
DEV_010_2024-12-11 06:00:00,2024-12-11 06:00:00,DEV_010,61,46,99,91
DEV_010_2024-12-11 08:00:00,2024-12-11 08:00:00,DEV_010,50,37,54,34
DEV_010_2024-12-11 10:00:00,2024-12-11 10:00:00,DEV_010,82,92,36,64
DEV_010_2024-12-11 12:00:00,2024-12-11 12:00:00,DEV_010,48,86,35,58
DEV_010_2024-12-11 14:00:00,2024-12-11 14:00:00,DEV_010,43,4,76,67
DEV_010_2024-12-11 16:00:00,2024-12-11 16:00:00,DEV_010,45,6,15,96
DEV_010_2024-12-11 18:00:00,2024-12-11 18:00:00,DEV_010,93,15,59,16
DEV_010_2024-12-11 20:00:00,2024-12-11 20:00:00,DEV_010,95,70,75,75
DEV_010_2024-12-11 22:00:00,2024-12-11 22:00:00,DEV_010,53,50,15,52
DEV_010_2024-12-12 00:00:00,2024-12-12 00:00:00,DEV_010,37,4,8,25
DEV_010_2024-12-12 02:00:00,2024-12-12 02:00:00,DEV_010,26,91,66,26
DEV_010_2024-12-12 04:00:00,2024-12-12 04:00:00,DEV_010,29,11,98,45
DEV_010_2024-12-12 06:00:00,2024-12-12 06:00:00,DEV_010,52,19,76,51
DEV_010_2024-12-12 08:00:00,2024-12-12 08:00:00,DEV_010,79,35,22,41
DEV_010_2024-12-12 10:00:00,2024-12-12 10:00:00,DEV_010,19,54,49,20
DEV_010_2024-12-12 12:00:00,2024-12-12 12:00:00,DEV_010,36,39,57,96
DEV_010_2024-12-12 14:00:00,2024-12-12 14:00:00,DEV_010,25,77,80,60
DEV_010_2024-12-12 16:00:00,2024-12-12 16:00:00,DEV_010,3,24,21,10
DEV_010_2024-12-12 18:00:00,2024-12-12 18:00:00,DEV_010,36,12,28,14
DEV_010_2024-12-12 20:00:00,2024-12-12 20:00:00,DEV_010,32,3,62,15
DEV_010_2024-12-12 22:00:00,2024-12-12 22:00:00,DEV_010,86,33,58,36
DEV_010_2024-12-13 00:00:00,2024-12-13 00:00:00,DEV_010,72,26,7,22
DEV_010_2024-12-13 02:00:00,2024-12-13 02:00:00,DEV_010,46,29,35,46
DEV_010_2024-12-13 04:00:00,2024-12-13 04:00:00,DEV_010,99,44,64,89
DEV_010_2024-12-13 06:00:00,2024-12-13 06:00:00,DEV_010,33,53,29,96
DEV_010_2024-12-13 08:00:00,2024-12-13 08:00:00,DEV_010,52,65,61,25
DEV_010_2024-12-13 10:00:00,2024-12-13 10:00:00,DEV_010,41,72,10,65
DEV_010_2024-12-13 12:00:00,2024-12-13 12:00:00,DEV_010,39,50,36,72
DEV_010_2024-12-13 14:00:00,2024-12-13 14:00:00,DEV_010,99,57,71,25
DEV_010_2024-12-13 16:00:00,2024-12-13 16:00:00,DEV_010,73,3,77,56
DEV_010_2024-12-13 18:00:00,2024-12-13 18:00:00,DEV_010,40,89,35,64
DEV_010_2024-12-13 20:00:00,2024-12-13 20:00:00,DEV_010,1,68,74,95
DEV_010_2024-12-13 22:00:00,2024-12-13 22:00:00,DEV_010,60,47,7,33
DEV_010_2024-12-14 00:00:00,2024-12-14 00:00:00,DEV_010,63,53,44,96
DEV_010_2024-12-14 02:00:00,2024-12-14 02:00:00,DEV_010,19,67,31,6
DEV_010_2024-12-14 04:00:00,2024-12-14 04:00:00,DEV_010,80,49,36,36
DEV_010_2024-12-14 06:00:00,2024-12-14 06:00:00,DEV_010,86,2,47,79
DEV_010_2024-12-14 08:00:00,2024-12-14 08:00:00,DEV_010,23,34,1,31
DEV_010_2024-12-14 10:00:00,2024-12-14 10:00:00,DEV_010,12,10,26,82
DEV_010_2024-12-14 12:00:00,2024-12-14 12:00:00,DEV_010,78,98,14,57
DEV_010_2024-12-14 14:00:00,2024-12-14 14:00:00,DEV_010,83,30,86,85
DEV_010_2024-12-14 16:00:00,2024-12-14 16:00:00,DEV_010,72,62,25,95
DEV_010_2024-12-14 18:00:00,2024-12-14 18:00:00,DEV_010,76,5,57,9
DEV_010_2024-12-14 20:00:00,2024-12-14 20:00:00,DEV_010,39,74,60,48
DEV_010_2024-12-14 22:00:00,2024-12-14 22:00:00,DEV_010,77,43,2,88
DEV_010_2024-12-15 00:00:00,2024-12-15 00:00:00,DEV_010,69,54,93,45
DEV_010_2024-12-15 02:00:00,2024-12-15 02:00:00,DEV_010,94,42,19,19
DEV_010_2024-12-15 04:00:00,2024-12-15 04:00:00,DEV_010,89,90,61,57
DEV_010_2024-12-15 06:00:00,2024-12-15 06:00:00,DEV_010,68,26,53,29
DEV_010_2024-12-15 08:00:00,2024-12-15 08:00:00,DEV_010,28,45,74,92
DEV_010_2024-12-15 10:00:00,2024-12-15 10:00:00,DEV_010,74,34,81,29
DEV_010_2024-12-15 12:00:00,2024-12-15 12:00:00,DEV_010,78,13,74,41
DEV_010_2024-12-15 14:00:00,2024-12-15 14:00:00,DEV_010,75,75,55,44
DEV_010_2024-12-15 16:00:00,2024-12-15 16:00:00,DEV_010,87,35,50,32
DEV_010_2024-12-15 18:00:00,2024-12-15 18:00:00,DEV_010,65,72,17,81
DEV_010_2024-12-15 20:00:00,2024-12-15 20:00:00,DEV_010,42,45,99,86
DEV_010_2024-12-15 22:00:00,2024-12-15 22:00:00,DEV_010,18,77,48,57
DEV_010_2024-12-16 00:00:00,2024-12-16 00:00:00,DEV_010,79,37,86,39
DEV_010_2024-12-16 02:00:00,2024-12-16 02:00:00,DEV_010,82,15,65,69
DEV_010_2024-12-16 04:00:00,2024-12-16 04:00:00,DEV_010,34,24,15,71
DEV_010_2024-12-16 06:00:00,2024-12-16 06:00:00,DEV_010,43,31,39,18
DEV_010_2024-12-16 08:00:00,2024-12-16 08:00:00,DEV_010,64,74,99,99
DEV_010_2024-12-16 10:00:00,2024-12-16 10:00:00,DEV_010,85,33,45,28
DEV_010_2024-12-16 12:00:00,2024-12-16 12:00:00,DEV_010,19,83,95,96
DEV_010_2024-12-16 14:00:00,2024-12-16 14:00:00,DEV_010,51,22,79,98
DEV_010_2024-12-16 16:00:00,2024-12-16 16:00:00,DEV_010,54,28,34,6
DEV_010_2024-12-16 18:00:00,2024-12-16 18:00:00,DEV_010,81,56,74,73
DEV_010_2024-12-16 20:00:00,2024-12-16 20:00:00,DEV_010,99,39,60,77
DEV_010_2024-12-16 22:00:00,2024-12-16 22:00:00,DEV_010,7,73,28,86
DEV_010_2024-12-17 00:00:00,2024-12-17 00:00:00,DEV_010,71,76,41,65
DEV_010_2024-12-17 02:00:00,2024-12-17 02:00:00,DEV_010,68,66,95,37
DEV_010_2024-12-17 04:00:00,2024-12-17 04:00:00,DEV_010,10,24,50,23
DEV_010_2024-12-17 06:00:00,2024-12-17 06:00:00,DEV_010,33,91,45,37
DEV_010_2024-12-17 08:00:00,2024-12-17 08:00:00,DEV_010,39,38,14,26
DEV_010_2024-12-17 10:00:00,2024-12-17 10:00:00,DEV_010,54,7,18,32
DEV_010_2024-12-17 12:00:00,2024-12-17 12:00:00,DEV_010,44,48,31,97
DEV_010_2024-12-17 14:00:00,2024-12-17 14:00:00,DEV_010,82,23,33,78
DEV_010_2024-12-17 16:00:00,2024-12-17 16:00:00,DEV_010,35,4,52,14
DEV_010_2024-12-17 18:00:00,2024-12-17 18:00:00,DEV_010,72,45,10,49
DEV_010_2024-12-17 20:00:00,2024-12-17 20:00:00,DEV_010,69,28,35,12
DEV_010_2024-12-17 22:00:00,2024-12-17 22:00:00,DEV_010,31,20,70,55
DEV_010_2024-12-18 00:00:00,2024-12-18 00:00:00,DEV_010,5,48,5,61
DEV_010_2024-12-18 02:00:00,2024-12-18 02:00:00,DEV_010,88,98,75,80
DEV_010_2024-12-18 04:00:00,2024-12-18 04:00:00,DEV_010,56,90,96,95
DEV_010_2024-12-18 06:00:00,2024-12-18 06:00:00,DEV_010,96,66,80,53
DEV_010_2024-12-18 08:00:00,2024-12-18 08:00:00,DEV_010,96,66,87,13
DEV_010_2024-12-18 10:00:00,2024-12-18 10:00:00,DEV_010,83,13,16,52
DEV_010_2024-12-18 12:00:00,2024-12-18 12:00:00,DEV_010,88,50,97,65
DEV_010_2024-12-18 14:00:00,2024-12-18 14:00:00,DEV_010,66,5,97,42
DEV_010_2024-12-18 16:00:00,2024-12-18 16:00:00,DEV_010,43,81,8,60
DEV_010_2024-12-18 18:00:00,2024-12-18 18:00:00,DEV_010,38,53,51,84
DEV_010_2024-12-18 20:00:00,2024-12-18 20:00:00,DEV_010,72,80,15,10
DEV_010_2024-12-18 22:00:00,2024-12-18 22:00:00,DEV_010,71,34,29,36
DEV_010_2024-12-19 00:00:00,2024-12-19 00:00:00,DEV_010,80,93,42,96
DEV_010_2024-12-19 02:00:00,2024-12-19 02:00:00,DEV_010,99,48,15,22
DEV_010_2024-12-19 04:00:00,2024-12-19 04:00:00,DEV_010,38,43,94,20
DEV_010_2024-12-19 06:00:00,2024-12-19 06:00:00,DEV_010,20,53,14,51
DEV_010_2024-12-19 08:00:00,2024-12-19 08:00:00,DEV_010,88,48,89,68
DEV_010_2024-12-19 10:00:00,2024-12-19 10:00:00,DEV_010,7,59,88,18
DEV_010_2024-12-19 12:00:00,2024-12-19 12:00:00,DEV_010,48,49,6,23
DEV_010_2024-12-19 14:00:00,2024-12-19 14:00:00,DEV_010,14,76,3,61
DEV_010_2024-12-19 16:00:00,2024-12-19 16:00:00,DEV_010,17,71,93,33
DEV_010_2024-12-19 18:00:00,2024-12-19 18:00:00,DEV_010,25,19,31,22
DEV_010_2024-12-19 20:00:00,2024-12-19 20:00:00,DEV_010,76,71,90,18
DEV_010_2024-12-19 22:00:00,2024-12-19 22:00:00,DEV_010,44,21,67,17
DEV_010_2024-12-20 00:00:00,2024-12-20 00:00:00,DEV_010,67,31,48,30
DEV_010_2024-12-20 02:00:00,2024-12-20 02:00:00,DEV_010,72,72,88,56
DEV_010_2024-12-20 04:00:00,2024-12-20 04:00:00,DEV_010,93,20,34,47
DEV_010_2024-12-20 06:00:00,2024-12-20 06:00:00,DEV_010,4,8,36,78
DEV_010_2024-12-20 08:00:00,2024-12-20 08:00:00,DEV_010,84,37,17,72
DEV_010_2024-12-20 10:00:00,2024-12-20 10:00:00,DEV_010,37,89,91,85
DEV_010_2024-12-20 12:00:00,2024-12-20 12:00:00,DEV_010,67,8,71,37
DEV_010_2024-12-20 14:00:00,2024-12-20 14:00:00,DEV_010,61,32,27,62
DEV_010_2024-12-20 16:00:00,2024-12-20 16:00:00,DEV_010,98,31,71,26
DEV_010_2024-12-20 18:00:00,2024-12-20 18:00:00,DEV_010,81,25,57,40
DEV_010_2024-12-20 20:00:00,2024-12-20 20:00:00,DEV_010,31,24,92,31
DEV_010_2024-12-20 22:00:00,2024-12-20 22:00:00,DEV_010,35,34,3,6
DEV_010_2024-12-21 00:00:00,2024-12-21 00:00:00,DEV_010,66,29,49,56
DEV_010_2024-12-21 02:00:00,2024-12-21 02:00:00,DEV_010,36,14,60,12
DEV_010_2024-12-21 04:00:00,2024-12-21 04:00:00,DEV_010,56,68,93,5
DEV_010_2024-12-21 06:00:00,2024-12-21 06:00:00,DEV_010,98,59,7,42
DEV_010_2024-12-21 08:00:00,2024-12-21 08:00:00,DEV_010,11,83,75,41
DEV_010_2024-12-21 10:00:00,2024-12-21 10:00:00,DEV_010,41,79,65,26
DEV_010_2024-12-21 12:00:00,2024-12-21 12:00:00,DEV_010,50,54,11,72
DEV_010_2024-12-21 14:00:00,2024-12-21 14:00:00,DEV_010,74,8,86,57
DEV_010_2024-12-21 16:00:00,2024-12-21 16:00:00,DEV_010,6,87,64,8
DEV_010_2024-12-21 18:00:00,2024-12-21 18:00:00,DEV_010,33,21,48,17
DEV_010_2024-12-21 20:00:00,2024-12-21 20:00:00,DEV_010,5,98,95,35
DEV_010_2024-12-21 22:00:00,2024-12-21 22:00:00,DEV_010,83,65,13,24
DEV_010_2024-12-22 00:00:00,2024-12-22 00:00:00,DEV_010,44,18,49,30
DEV_010_2024-12-22 02:00:00,2024-12-22 02:00:00,DEV_010,30,57,47,72
DEV_010_2024-12-22 04:00:00,2024-12-22 04:00:00,DEV_010,10,96,99,3
DEV_010_2024-12-22 06:00:00,2024-12-22 06:00:00,DEV_010,97,37,87,87
DEV_010_2024-12-22 08:00:00,2024-12-22 08:00:00,DEV_010,34,33,63,78
DEV_010_2024-12-22 10:00:00,2024-12-22 10:00:00,DEV_010,97,53,5,24
DEV_010_2024-12-22 12:00:00,2024-12-22 12:00:00,DEV_010,25,66,20,27
DEV_010_2024-12-22 14:00:00,2024-12-22 14:00:00,DEV_010,35,89,7,8
DEV_010_2024-12-22 16:00:00,2024-12-22 16:00:00,DEV_010,20,70,70,60
DEV_010_2024-12-22 18:00:00,2024-12-22 18:00:00,DEV_010,96,78,18,18
DEV_010_2024-12-22 20:00:00,2024-12-22 20:00:00,DEV_010,89,89,26,90
DEV_010_2024-12-22 22:00:00,2024-12-22 22:00:00,DEV_010,18,70,14,74
DEV_010_2024-12-23 00:00:00,2024-12-23 00:00:00,DEV_010,95,38,26,71
DEV_010_2024-12-23 02:00:00,2024-12-23 02:00:00,DEV_010,96,55,19,79
DEV_010_2024-12-23 04:00:00,2024-12-23 04:00:00,DEV_010,77,11,19,2
DEV_010_2024-12-23 06:00:00,2024-12-23 06:00:00,DEV_010,79,4,35,74
DEV_010_2024-12-23 08:00:00,2024-12-23 08:00:00,DEV_010,85,1,1,45
DEV_010_2024-12-23 10:00:00,2024-12-23 10:00:00,DEV_010,6,47,87,27
DEV_010_2024-12-23 12:00:00,2024-12-23 12:00:00,DEV_010,31,21,42,31
DEV_010_2024-12-23 14:00:00,2024-12-23 14:00:00,DEV_010,18,10,7,58
DEV_010_2024-12-23 16:00:00,2024-12-23 16:00:00,DEV_010,53,8,48,38
DEV_010_2024-12-23 18:00:00,2024-12-23 18:00:00,DEV_010,5,57,66,61
DEV_010_2024-12-23 20:00:00,2024-12-23 20:00:00,DEV_010,9,34,26,60
DEV_010_2024-12-23 22:00:00,2024-12-23 22:00:00,DEV_010,21,95,72,35
DEV_010_2024-12-24 00:00:00,2024-12-24 00:00:00,DEV_010,46,37,69,25
DEV_010_2024-12-24 02:00:00,2024-12-24 02:00:00,DEV_010,6,67,46,3
DEV_010_2024-12-24 04:00:00,2024-12-24 04:00:00,DEV_010,50,64,72,62
DEV_010_2024-12-24 06:00:00,2024-12-24 06:00:00,DEV_010,48,83,12,85
DEV_010_2024-12-24 08:00:00,2024-12-24 08:00:00,DEV_010,63,82,81,6
DEV_010_2024-12-24 10:00:00,2024-12-24 10:00:00,DEV_010,57,88,33,62
DEV_010_2024-12-24 12:00:00,2024-12-24 12:00:00,DEV_010,5,4,34,24
DEV_010_2024-12-24 14:00:00,2024-12-24 14:00:00,DEV_010,43,40,13,62
DEV_010_2024-12-24 16:00:00,2024-12-24 16:00:00,DEV_010,94,73,73,89
DEV_010_2024-12-24 18:00:00,2024-12-24 18:00:00,DEV_010,55,40,40,37
DEV_010_2024-12-24 20:00:00,2024-12-24 20:00:00,DEV_010,69,76,83,65
DEV_010_2024-12-24 22:00:00,2024-12-24 22:00:00,DEV_010,49,92,76,7
DEV_010_2024-12-25 00:00:00,2024-12-25 00:00:00,DEV_010,4,90,65,10
DEV_010_2024-12-25 02:00:00,2024-12-25 02:00:00,DEV_010,57,58,83,2
DEV_010_2024-12-25 04:00:00,2024-12-25 04:00:00,DEV_010,65,17,15,52
DEV_010_2024-12-25 06:00:00,2024-12-25 06:00:00,DEV_010,94,11,91,74
DEV_010_2024-12-25 08:00:00,2024-12-25 08:00:00,DEV_010,46,67,21,7
DEV_010_2024-12-25 10:00:00,2024-12-25 10:00:00,DEV_010,55,61,71,79
DEV_010_2024-12-25 12:00:00,2024-12-25 12:00:00,DEV_010,53,52,86,75
DEV_010_2024-12-25 14:00:00,2024-12-25 14:00:00,DEV_010,49,58,31,95
DEV_010_2024-12-25 16:00:00,2024-12-25 16:00:00,DEV_010,31,83,28,36
DEV_010_2024-12-25 18:00:00,2024-12-25 18:00:00,DEV_010,57,13,73,27
DEV_010_2024-12-25 20:00:00,2024-12-25 20:00:00,DEV_010,73,63,94,83
DEV_010_2024-12-25 22:00:00,2024-12-25 22:00:00,DEV_010,86,60,30,65
DEV_010_2024-12-26 00:00:00,2024-12-26 00:00:00,DEV_010,77,45,88,41
DEV_010_2024-12-26 02:00:00,2024-12-26 02:00:00,DEV_010,37,11,18,42
DEV_010_2024-12-26 04:00:00,2024-12-26 04:00:00,DEV_010,40,11,95,74
DEV_010_2024-12-26 06:00:00,2024-12-26 06:00:00,DEV_010,9,31,84,14
DEV_010_2024-12-26 08:00:00,2024-12-26 08:00:00,DEV_010,51,49,59,34
DEV_010_2024-12-26 10:00:00,2024-12-26 10:00:00,DEV_010,49,99,63,34
DEV_010_2024-12-26 12:00:00,2024-12-26 12:00:00,DEV_010,68,57,16,73
DEV_010_2024-12-26 14:00:00,2024-12-26 14:00:00,DEV_010,37,41,54,29
DEV_010_2024-12-26 16:00:00,2024-12-26 16:00:00,DEV_010,48,58,50,15
DEV_010_2024-12-26 18:00:00,2024-12-26 18:00:00,DEV_010,89,9,92,26
DEV_010_2024-12-26 20:00:00,2024-12-26 20:00:00,DEV_010,11,84,58,4
DEV_010_2024-12-26 22:00:00,2024-12-26 22:00:00,DEV_010,63,15,45,48
DEV_010_2024-12-27 00:00:00,2024-12-27 00:00:00,DEV_010,57,50,24,97
DEV_010_2024-12-27 02:00:00,2024-12-27 02:00:00,DEV_010,11,56,29,66
DEV_010_2024-12-27 04:00:00,2024-12-27 04:00:00,DEV_010,73,91,61,84
DEV_010_2024-12-27 06:00:00,2024-12-27 06:00:00,DEV_010,98,28,17,12
DEV_010_2024-12-27 08:00:00,2024-12-27 08:00:00,DEV_010,70,38,47,52
DEV_010_2024-12-27 10:00:00,2024-12-27 10:00:00,DEV_010,30,31,1,13
DEV_010_2024-12-27 12:00:00,2024-12-27 12:00:00,DEV_010,94,33,60,24
DEV_010_2024-12-27 14:00:00,2024-12-27 14:00:00,DEV_010,41,33,39,34
DEV_010_2024-12-27 16:00:00,2024-12-27 16:00:00,DEV_010,37,61,75,52
DEV_010_2024-12-27 18:00:00,2024-12-27 18:00:00,DEV_010,60,46,48,42
DEV_010_2024-12-27 20:00:00,2024-12-27 20:00:00,DEV_010,99,22,28,25
DEV_010_2024-12-27 22:00:00,2024-12-27 22:00:00,DEV_010,78,98,97,39
DEV_010_2024-12-28 00:00:00,2024-12-28 00:00:00,DEV_010,83,74,30,56
DEV_010_2024-12-28 02:00:00,2024-12-28 02:00:00,DEV_010,45,76,12,84
DEV_010_2024-12-28 04:00:00,2024-12-28 04:00:00,DEV_010,75,35,42,71
DEV_010_2024-12-28 06:00:00,2024-12-28 06:00:00,DEV_010,27,83,33,2
DEV_010_2024-12-28 08:00:00,2024-12-28 08:00:00,DEV_010,24,29,36,21
DEV_010_2024-12-28 10:00:00,2024-12-28 10:00:00,DEV_010,39,25,35,37
DEV_010_2024-12-28 12:00:00,2024-12-28 12:00:00,DEV_010,21,65,33,82
DEV_010_2024-12-28 14:00:00,2024-12-28 14:00:00,DEV_010,18,19,6,35
DEV_010_2024-12-28 16:00:00,2024-12-28 16:00:00,DEV_010,51,22,67,8
DEV_010_2024-12-28 18:00:00,2024-12-28 18:00:00,DEV_010,36,8,83,43
DEV_010_2024-12-28 20:00:00,2024-12-28 20:00:00,DEV_010,55,80,25,61
DEV_010_2024-12-28 22:00:00,2024-12-28 22:00:00,DEV_010,36,49,67,12
DEV_010_2024-12-29 00:00:00,2024-12-29 00:00:00,DEV_010,66,91,60,68
DEV_010_2024-12-29 02:00:00,2024-12-29 02:00:00,DEV_010,41,89,88,12
DEV_010_2024-12-29 04:00:00,2024-12-29 04:00:00,DEV_010,77,33,84,80
DEV_010_2024-12-29 06:00:00,2024-12-29 06:00:00,DEV_010,81,57,22,6
DEV_010_2024-12-29 08:00:00,2024-12-29 08:00:00,DEV_010,6,18,91,1
DEV_010_2024-12-29 10:00:00,2024-12-29 10:00:00,DEV_010,94,28,44,92
DEV_010_2024-12-29 12:00:00,2024-12-29 12:00:00,DEV_010,70,92,66,54
DEV_010_2024-12-29 14:00:00,2024-12-29 14:00:00,DEV_010,63,64,77,53
DEV_010_2024-12-29 16:00:00,2024-12-29 16:00:00,DEV_010,81,85,64,31
DEV_010_2024-12-29 18:00:00,2024-12-29 18:00:00,DEV_010,63,41,84,71
DEV_010_2024-12-29 20:00:00,2024-12-29 20:00:00,DEV_010,23,20,66,6
DEV_010_2024-12-29 22:00:00,2024-12-29 22:00:00,DEV_010,68,52,16,24
