distid,createdts,sn,event_reason
DEV_001_2024-09-01 00:00:00,2024-09-01 00:00:00,DEV_001,25
DEV_001_2024-09-01 03:00:00,2024-09-01 03:00:00,DEV_001,54
DEV_001_2024-09-01 06:00:00,2024-09-01 06:00:00,DEV_001,54
DEV_001_2024-09-01 09:00:00,2024-09-01 09:00:00,DEV_001,46
DEV_001_2024-09-01 12:00:00,2024-09-01 12:00:00,DEV_001,32
DEV_001_2024-09-01 15:00:00,2024-09-01 15:00:00,DEV_001,86
DEV_001_2024-09-01 18:00:00,2024-09-01 18:00:00,DEV_001,40
DEV_001_2024-09-01 21:00:00,2024-09-01 21:00:00,DEV_001,37
DEV_001_2024-09-02 00:00:00,2024-09-02 00:00:00,DEV_001,91
DEV_001_2024-09-02 03:00:00,2024-09-02 03:00:00,DEV_001,26
DEV_001_2024-09-02 06:00:00,2024-09-02 06:00:00,DEV_001,60
DEV_001_2024-09-02 09:00:00,2024-09-02 09:00:00,DEV_001,27
DEV_001_2024-09-02 12:00:00,2024-09-02 12:00:00,DEV_001,71
DEV_001_2024-09-02 15:00:00,2024-09-02 15:00:00,DEV_001,8
DEV_001_2024-09-02 18:00:00,2024-09-02 18:00:00,DEV_001,24
DEV_001_2024-09-02 21:00:00,2024-09-02 21:00:00,DEV_001,14
DEV_001_2024-09-03 00:00:00,2024-09-03 00:00:00,DEV_001,93
DEV_001_2024-09-03 03:00:00,2024-09-03 03:00:00,DEV_001,49
DEV_001_2024-09-03 06:00:00,2024-09-03 06:00:00,DEV_001,56
DEV_001_2024-09-03 09:00:00,2024-09-03 09:00:00,DEV_001,58
DEV_001_2024-09-03 12:00:00,2024-09-03 12:00:00,DEV_001,77
DEV_001_2024-09-03 15:00:00,2024-09-03 15:00:00,DEV_001,75
DEV_001_2024-09-03 18:00:00,2024-09-03 18:00:00,DEV_001,65
DEV_001_2024-09-03 21:00:00,2024-09-03 21:00:00,DEV_001,12
DEV_001_2024-09-04 00:00:00,2024-09-04 00:00:00,DEV_001,49
DEV_001_2024-09-04 03:00:00,2024-09-04 03:00:00,DEV_001,8
DEV_001_2024-09-04 06:00:00,2024-09-04 06:00:00,DEV_001,52
DEV_001_2024-09-04 09:00:00,2024-09-04 09:00:00,DEV_001,54
DEV_001_2024-09-04 12:00:00,2024-09-04 12:00:00,DEV_001,88
DEV_001_2024-09-04 15:00:00,2024-09-04 15:00:00,DEV_001,83
DEV_001_2024-09-04 18:00:00,2024-09-04 18:00:00,DEV_001,49
DEV_001_2024-09-04 21:00:00,2024-09-04 21:00:00,DEV_001,51
DEV_001_2024-09-05 00:00:00,2024-09-05 00:00:00,DEV_001,53
DEV_001_2024-09-05 03:00:00,2024-09-05 03:00:00,DEV_001,66
DEV_001_2024-09-05 06:00:00,2024-09-05 06:00:00,DEV_001,66
DEV_001_2024-09-05 09:00:00,2024-09-05 09:00:00,DEV_001,47
DEV_001_2024-09-05 12:00:00,2024-09-05 12:00:00,DEV_001,30
DEV_001_2024-09-05 15:00:00,2024-09-05 15:00:00,DEV_001,77
DEV_001_2024-09-05 18:00:00,2024-09-05 18:00:00,DEV_001,47
DEV_001_2024-09-05 21:00:00,2024-09-05 21:00:00,DEV_001,42
DEV_001_2024-09-06 00:00:00,2024-09-06 00:00:00,DEV_001,47
DEV_001_2024-09-06 03:00:00,2024-09-06 03:00:00,DEV_001,7
DEV_001_2024-09-06 06:00:00,2024-09-06 06:00:00,DEV_001,39
DEV_001_2024-09-06 09:00:00,2024-09-06 09:00:00,DEV_001,43
DEV_001_2024-09-06 12:00:00,2024-09-06 12:00:00,DEV_001,59
DEV_001_2024-09-06 15:00:00,2024-09-06 15:00:00,DEV_001,75
DEV_001_2024-09-06 18:00:00,2024-09-06 18:00:00,DEV_001,99
DEV_001_2024-09-06 21:00:00,2024-09-06 21:00:00,DEV_001,99
DEV_001_2024-09-07 00:00:00,2024-09-07 00:00:00,DEV_001,96
DEV_001_2024-09-07 03:00:00,2024-09-07 03:00:00,DEV_001,25
DEV_001_2024-09-07 06:00:00,2024-09-07 06:00:00,DEV_001,73
DEV_001_2024-09-07 09:00:00,2024-09-07 09:00:00,DEV_001,44
DEV_001_2024-09-07 12:00:00,2024-09-07 12:00:00,DEV_001,66
DEV_001_2024-09-07 15:00:00,2024-09-07 15:00:00,DEV_001,14
DEV_001_2024-09-07 18:00:00,2024-09-07 18:00:00,DEV_001,1
DEV_001_2024-09-07 21:00:00,2024-09-07 21:00:00,DEV_001,25
DEV_001_2024-09-08 00:00:00,2024-09-08 00:00:00,DEV_001,76
DEV_001_2024-09-08 03:00:00,2024-09-08 03:00:00,DEV_001,72
DEV_001_2024-09-08 06:00:00,2024-09-08 06:00:00,DEV_001,85
DEV_001_2024-09-08 09:00:00,2024-09-08 09:00:00,DEV_001,51
DEV_001_2024-09-08 12:00:00,2024-09-08 12:00:00,DEV_001,94
DEV_001_2024-09-08 15:00:00,2024-09-08 15:00:00,DEV_001,52
DEV_001_2024-09-08 18:00:00,2024-09-08 18:00:00,DEV_001,84
DEV_001_2024-09-08 21:00:00,2024-09-08 21:00:00,DEV_001,2
DEV_001_2024-09-09 00:00:00,2024-09-09 00:00:00,DEV_001,84
DEV_001_2024-09-09 03:00:00,2024-09-09 03:00:00,DEV_001,65
DEV_001_2024-09-09 06:00:00,2024-09-09 06:00:00,DEV_001,8
DEV_001_2024-09-09 09:00:00,2024-09-09 09:00:00,DEV_001,15
DEV_001_2024-09-09 12:00:00,2024-09-09 12:00:00,DEV_001,66
DEV_001_2024-09-09 15:00:00,2024-09-09 15:00:00,DEV_001,9
DEV_001_2024-09-09 18:00:00,2024-09-09 18:00:00,DEV_001,60
DEV_001_2024-09-09 21:00:00,2024-09-09 21:00:00,DEV_001,42
DEV_001_2024-09-10 00:00:00,2024-09-10 00:00:00,DEV_001,95
DEV_001_2024-09-10 03:00:00,2024-09-10 03:00:00,DEV_001,31
DEV_001_2024-09-10 06:00:00,2024-09-10 06:00:00,DEV_001,60
DEV_001_2024-09-10 09:00:00,2024-09-10 09:00:00,DEV_001,80
DEV_001_2024-09-10 12:00:00,2024-09-10 12:00:00,DEV_001,24
DEV_001_2024-09-10 15:00:00,2024-09-10 15:00:00,DEV_001,15
DEV_001_2024-09-10 18:00:00,2024-09-10 18:00:00,DEV_001,54
DEV_001_2024-09-10 21:00:00,2024-09-10 21:00:00,DEV_001,44
DEV_001_2024-09-11 00:00:00,2024-09-11 00:00:00,DEV_001,94
DEV_001_2024-09-11 03:00:00,2024-09-11 03:00:00,DEV_001,63
DEV_001_2024-09-11 06:00:00,2024-09-11 06:00:00,DEV_001,62
DEV_001_2024-09-11 09:00:00,2024-09-11 09:00:00,DEV_001,40
DEV_001_2024-09-11 12:00:00,2024-09-11 12:00:00,DEV_001,31
DEV_001_2024-09-11 15:00:00,2024-09-11 15:00:00,DEV_001,82
DEV_001_2024-09-11 18:00:00,2024-09-11 18:00:00,DEV_001,82
DEV_001_2024-09-11 21:00:00,2024-09-11 21:00:00,DEV_001,81
DEV_001_2024-09-12 00:00:00,2024-09-12 00:00:00,DEV_001,25
DEV_001_2024-09-12 03:00:00,2024-09-12 03:00:00,DEV_001,94
DEV_001_2024-09-12 06:00:00,2024-09-12 06:00:00,DEV_001,83
DEV_001_2024-09-12 09:00:00,2024-09-12 09:00:00,DEV_001,33
DEV_001_2024-09-12 12:00:00,2024-09-12 12:00:00,DEV_001,93
DEV_001_2024-09-12 15:00:00,2024-09-12 15:00:00,DEV_001,61
DEV_001_2024-09-12 18:00:00,2024-09-12 18:00:00,DEV_001,9
DEV_001_2024-09-12 21:00:00,2024-09-12 21:00:00,DEV_001,38
DEV_001_2024-09-13 00:00:00,2024-09-13 00:00:00,DEV_001,66
DEV_001_2024-09-13 03:00:00,2024-09-13 03:00:00,DEV_001,57
DEV_001_2024-09-13 06:00:00,2024-09-13 06:00:00,DEV_001,70
DEV_001_2024-09-13 09:00:00,2024-09-13 09:00:00,DEV_001,25
DEV_001_2024-09-13 12:00:00,2024-09-13 12:00:00,DEV_001,14
DEV_001_2024-09-13 15:00:00,2024-09-13 15:00:00,DEV_001,55
DEV_001_2024-09-13 18:00:00,2024-09-13 18:00:00,DEV_001,67
DEV_001_2024-09-13 21:00:00,2024-09-13 21:00:00,DEV_001,49
DEV_001_2024-09-14 00:00:00,2024-09-14 00:00:00,DEV_001,18
DEV_001_2024-09-14 03:00:00,2024-09-14 03:00:00,DEV_001,44
DEV_001_2024-09-14 06:00:00,2024-09-14 06:00:00,DEV_001,21
DEV_001_2024-09-14 09:00:00,2024-09-14 09:00:00,DEV_001,49
DEV_001_2024-09-14 12:00:00,2024-09-14 12:00:00,DEV_001,99
DEV_001_2024-09-14 15:00:00,2024-09-14 15:00:00,DEV_001,7
DEV_001_2024-09-14 18:00:00,2024-09-14 18:00:00,DEV_001,41
DEV_001_2024-09-14 21:00:00,2024-09-14 21:00:00,DEV_001,95
DEV_001_2024-09-15 00:00:00,2024-09-15 00:00:00,DEV_001,69
DEV_001_2024-09-15 03:00:00,2024-09-15 03:00:00,DEV_001,23
DEV_001_2024-09-15 06:00:00,2024-09-15 06:00:00,DEV_001,92
DEV_001_2024-09-15 09:00:00,2024-09-15 09:00:00,DEV_001,7
DEV_001_2024-09-15 12:00:00,2024-09-15 12:00:00,DEV_001,65
DEV_001_2024-09-15 15:00:00,2024-09-15 15:00:00,DEV_001,7
DEV_001_2024-09-15 18:00:00,2024-09-15 18:00:00,DEV_001,69
DEV_001_2024-09-15 21:00:00,2024-09-15 21:00:00,DEV_001,73
DEV_001_2024-09-16 00:00:00,2024-09-16 00:00:00,DEV_001,49
DEV_001_2024-09-16 03:00:00,2024-09-16 03:00:00,DEV_001,71
DEV_001_2024-09-16 06:00:00,2024-09-16 06:00:00,DEV_001,30
DEV_001_2024-09-16 09:00:00,2024-09-16 09:00:00,DEV_001,70
DEV_001_2024-09-16 12:00:00,2024-09-16 12:00:00,DEV_001,84
DEV_001_2024-09-16 15:00:00,2024-09-16 15:00:00,DEV_001,24
DEV_001_2024-09-16 18:00:00,2024-09-16 18:00:00,DEV_001,34
DEV_001_2024-09-16 21:00:00,2024-09-16 21:00:00,DEV_001,21
DEV_001_2024-09-17 00:00:00,2024-09-17 00:00:00,DEV_001,56
DEV_001_2024-09-17 03:00:00,2024-09-17 03:00:00,DEV_001,36
DEV_001_2024-09-17 06:00:00,2024-09-17 06:00:00,DEV_001,21
DEV_001_2024-09-17 09:00:00,2024-09-17 09:00:00,DEV_001,66
DEV_001_2024-09-17 12:00:00,2024-09-17 12:00:00,DEV_001,41
DEV_001_2024-09-17 15:00:00,2024-09-17 15:00:00,DEV_001,22
DEV_001_2024-09-17 18:00:00,2024-09-17 18:00:00,DEV_001,66
DEV_001_2024-09-17 21:00:00,2024-09-17 21:00:00,DEV_001,75
DEV_001_2024-09-18 00:00:00,2024-09-18 00:00:00,DEV_001,9
DEV_001_2024-09-18 03:00:00,2024-09-18 03:00:00,DEV_001,35
DEV_001_2024-09-18 06:00:00,2024-09-18 06:00:00,DEV_001,34
DEV_001_2024-09-18 09:00:00,2024-09-18 09:00:00,DEV_001,84
DEV_001_2024-09-18 12:00:00,2024-09-18 12:00:00,DEV_001,28
DEV_001_2024-09-18 15:00:00,2024-09-18 15:00:00,DEV_001,89
DEV_001_2024-09-18 18:00:00,2024-09-18 18:00:00,DEV_001,37
DEV_001_2024-09-18 21:00:00,2024-09-18 21:00:00,DEV_001,47
DEV_001_2024-09-19 00:00:00,2024-09-19 00:00:00,DEV_001,3
DEV_001_2024-09-19 03:00:00,2024-09-19 03:00:00,DEV_001,71
DEV_001_2024-09-19 06:00:00,2024-09-19 06:00:00,DEV_001,20
DEV_001_2024-09-19 09:00:00,2024-09-19 09:00:00,DEV_001,14
DEV_001_2024-09-19 12:00:00,2024-09-19 12:00:00,DEV_001,94
DEV_001_2024-09-19 15:00:00,2024-09-19 15:00:00,DEV_001,68
DEV_001_2024-09-19 18:00:00,2024-09-19 18:00:00,DEV_001,57
DEV_001_2024-09-19 21:00:00,2024-09-19 21:00:00,DEV_001,38
DEV_001_2024-09-20 00:00:00,2024-09-20 00:00:00,DEV_001,84
DEV_001_2024-09-20 03:00:00,2024-09-20 03:00:00,DEV_001,25
DEV_001_2024-09-20 06:00:00,2024-09-20 06:00:00,DEV_001,62
DEV_001_2024-09-20 09:00:00,2024-09-20 09:00:00,DEV_001,28
DEV_001_2024-09-20 12:00:00,2024-09-20 12:00:00,DEV_001,57
DEV_001_2024-09-20 15:00:00,2024-09-20 15:00:00,DEV_001,70
DEV_001_2024-09-20 18:00:00,2024-09-20 18:00:00,DEV_001,27
DEV_001_2024-09-20 21:00:00,2024-09-20 21:00:00,DEV_001,42
DEV_001_2024-09-21 00:00:00,2024-09-21 00:00:00,DEV_001,28
DEV_001_2024-09-21 03:00:00,2024-09-21 03:00:00,DEV_001,33
DEV_001_2024-09-21 06:00:00,2024-09-21 06:00:00,DEV_001,87
DEV_001_2024-09-21 09:00:00,2024-09-21 09:00:00,DEV_001,44
DEV_001_2024-09-21 12:00:00,2024-09-21 12:00:00,DEV_001,42
DEV_001_2024-09-21 15:00:00,2024-09-21 15:00:00,DEV_001,88
DEV_001_2024-09-21 18:00:00,2024-09-21 18:00:00,DEV_001,2
DEV_001_2024-09-21 21:00:00,2024-09-21 21:00:00,DEV_001,66
DEV_001_2024-09-22 00:00:00,2024-09-22 00:00:00,DEV_001,95
DEV_001_2024-09-22 03:00:00,2024-09-22 03:00:00,DEV_001,53
DEV_001_2024-09-22 06:00:00,2024-09-22 06:00:00,DEV_001,60
DEV_001_2024-09-22 09:00:00,2024-09-22 09:00:00,DEV_001,68
DEV_001_2024-09-22 12:00:00,2024-09-22 12:00:00,DEV_001,27
DEV_001_2024-09-22 15:00:00,2024-09-22 15:00:00,DEV_001,51
DEV_001_2024-09-22 18:00:00,2024-09-22 18:00:00,DEV_001,26
DEV_001_2024-09-22 21:00:00,2024-09-22 21:00:00,DEV_001,13
DEV_001_2024-09-23 00:00:00,2024-09-23 00:00:00,DEV_001,36
DEV_001_2024-09-23 03:00:00,2024-09-23 03:00:00,DEV_001,82
DEV_001_2024-09-23 06:00:00,2024-09-23 06:00:00,DEV_001,17
DEV_001_2024-09-23 09:00:00,2024-09-23 09:00:00,DEV_001,57
DEV_001_2024-09-23 12:00:00,2024-09-23 12:00:00,DEV_001,83
DEV_001_2024-09-23 15:00:00,2024-09-23 15:00:00,DEV_001,28
DEV_001_2024-09-23 18:00:00,2024-09-23 18:00:00,DEV_001,52
DEV_001_2024-09-23 21:00:00,2024-09-23 21:00:00,DEV_001,62
DEV_001_2024-09-24 00:00:00,2024-09-24 00:00:00,DEV_001,73
DEV_001_2024-09-24 03:00:00,2024-09-24 03:00:00,DEV_001,89
DEV_001_2024-09-24 06:00:00,2024-09-24 06:00:00,DEV_001,57
DEV_001_2024-09-24 09:00:00,2024-09-24 09:00:00,DEV_001,48
DEV_001_2024-09-24 12:00:00,2024-09-24 12:00:00,DEV_001,87
DEV_001_2024-09-24 15:00:00,2024-09-24 15:00:00,DEV_001,48
DEV_001_2024-09-24 18:00:00,2024-09-24 18:00:00,DEV_001,83
DEV_001_2024-09-24 21:00:00,2024-09-24 21:00:00,DEV_001,26
DEV_001_2024-09-25 00:00:00,2024-09-25 00:00:00,DEV_001,94
DEV_001_2024-09-25 03:00:00,2024-09-25 03:00:00,DEV_001,89
DEV_001_2024-09-25 06:00:00,2024-09-25 06:00:00,DEV_001,31
DEV_001_2024-09-25 09:00:00,2024-09-25 09:00:00,DEV_001,48
DEV_001_2024-09-25 12:00:00,2024-09-25 12:00:00,DEV_001,5
DEV_001_2024-09-25 15:00:00,2024-09-25 15:00:00,DEV_001,67
DEV_001_2024-09-25 18:00:00,2024-09-25 18:00:00,DEV_001,19
DEV_001_2024-09-25 21:00:00,2024-09-25 21:00:00,DEV_001,54
DEV_001_2024-09-26 00:00:00,2024-09-26 00:00:00,DEV_001,48
DEV_001_2024-09-26 03:00:00,2024-09-26 03:00:00,DEV_001,93
DEV_001_2024-09-26 06:00:00,2024-09-26 06:00:00,DEV_001,89
DEV_001_2024-09-26 09:00:00,2024-09-26 09:00:00,DEV_001,63
DEV_001_2024-09-26 12:00:00,2024-09-26 12:00:00,DEV_001,20
DEV_001_2024-09-26 15:00:00,2024-09-26 15:00:00,DEV_001,69
DEV_001_2024-09-26 18:00:00,2024-09-26 18:00:00,DEV_001,98
DEV_001_2024-09-26 21:00:00,2024-09-26 21:00:00,DEV_001,35
DEV_001_2024-09-27 00:00:00,2024-09-27 00:00:00,DEV_001,11
DEV_001_2024-09-27 03:00:00,2024-09-27 03:00:00,DEV_001,24
DEV_001_2024-09-27 06:00:00,2024-09-27 06:00:00,DEV_001,56
DEV_001_2024-09-27 09:00:00,2024-09-27 09:00:00,DEV_001,36
DEV_001_2024-09-27 12:00:00,2024-09-27 12:00:00,DEV_001,36
DEV_001_2024-09-27 15:00:00,2024-09-27 15:00:00,DEV_001,72
DEV_001_2024-09-27 18:00:00,2024-09-27 18:00:00,DEV_001,67
DEV_001_2024-09-27 21:00:00,2024-09-27 21:00:00,DEV_001,64
DEV_001_2024-09-28 00:00:00,2024-09-28 00:00:00,DEV_001,3
DEV_001_2024-09-28 03:00:00,2024-09-28 03:00:00,DEV_001,93
DEV_001_2024-09-28 06:00:00,2024-09-28 06:00:00,DEV_001,65
DEV_001_2024-09-28 09:00:00,2024-09-28 09:00:00,DEV_001,26
DEV_001_2024-09-28 12:00:00,2024-09-28 12:00:00,DEV_001,89
DEV_001_2024-09-28 15:00:00,2024-09-28 15:00:00,DEV_001,42
DEV_001_2024-09-28 18:00:00,2024-09-28 18:00:00,DEV_001,39
DEV_001_2024-09-28 21:00:00,2024-09-28 21:00:00,DEV_001,22
DEV_001_2024-09-29 00:00:00,2024-09-29 00:00:00,DEV_001,51
DEV_001_2024-09-29 03:00:00,2024-09-29 03:00:00,DEV_001,33
DEV_001_2024-09-29 06:00:00,2024-09-29 06:00:00,DEV_001,33
DEV_001_2024-09-29 09:00:00,2024-09-29 09:00:00,DEV_001,67
DEV_001_2024-09-29 12:00:00,2024-09-29 12:00:00,DEV_001,31
DEV_001_2024-09-29 15:00:00,2024-09-29 15:00:00,DEV_001,20
DEV_001_2024-09-29 18:00:00,2024-09-29 18:00:00,DEV_001,21
DEV_001_2024-09-29 21:00:00,2024-09-29 21:00:00,DEV_001,41
DEV_001_2024-09-30 00:00:00,2024-09-30 00:00:00,DEV_001,15
DEV_001_2024-09-30 03:00:00,2024-09-30 03:00:00,DEV_001,68
DEV_001_2024-09-30 06:00:00,2024-09-30 06:00:00,DEV_001,39
DEV_001_2024-09-30 09:00:00,2024-09-30 09:00:00,DEV_001,33
DEV_001_2024-09-30 12:00:00,2024-09-30 12:00:00,DEV_001,34
DEV_001_2024-09-30 15:00:00,2024-09-30 15:00:00,DEV_001,63
DEV_001_2024-09-30 18:00:00,2024-09-30 18:00:00,DEV_001,61
DEV_001_2024-09-30 21:00:00,2024-09-30 21:00:00,DEV_001,22
DEV_001_2024-10-01 00:00:00,2024-10-01 00:00:00,DEV_001,55
DEV_001_2024-10-01 03:00:00,2024-10-01 03:00:00,DEV_001,20
DEV_001_2024-10-01 06:00:00,2024-10-01 06:00:00,DEV_001,25
DEV_001_2024-10-01 09:00:00,2024-10-01 09:00:00,DEV_001,39
DEV_001_2024-10-01 12:00:00,2024-10-01 12:00:00,DEV_001,39
DEV_001_2024-10-01 15:00:00,2024-10-01 15:00:00,DEV_001,55
DEV_001_2024-10-01 18:00:00,2024-10-01 18:00:00,DEV_001,56
DEV_001_2024-10-01 21:00:00,2024-10-01 21:00:00,DEV_001,44
DEV_001_2024-10-02 00:00:00,2024-10-02 00:00:00,DEV_001,27
DEV_001_2024-10-02 03:00:00,2024-10-02 03:00:00,DEV_001,51
DEV_001_2024-10-02 06:00:00,2024-10-02 06:00:00,DEV_001,91
DEV_001_2024-10-02 09:00:00,2024-10-02 09:00:00,DEV_001,35
DEV_001_2024-10-02 12:00:00,2024-10-02 12:00:00,DEV_001,59
DEV_001_2024-10-02 15:00:00,2024-10-02 15:00:00,DEV_001,51
DEV_001_2024-10-02 18:00:00,2024-10-02 18:00:00,DEV_001,94
DEV_001_2024-10-02 21:00:00,2024-10-02 21:00:00,DEV_001,4
DEV_001_2024-10-03 00:00:00,2024-10-03 00:00:00,DEV_001,33
DEV_001_2024-10-03 03:00:00,2024-10-03 03:00:00,DEV_001,26
DEV_001_2024-10-03 06:00:00,2024-10-03 06:00:00,DEV_001,25
DEV_001_2024-10-03 09:00:00,2024-10-03 09:00:00,DEV_001,85
DEV_001_2024-10-03 12:00:00,2024-10-03 12:00:00,DEV_001,77
DEV_001_2024-10-03 15:00:00,2024-10-03 15:00:00,DEV_001,45
DEV_001_2024-10-03 18:00:00,2024-10-03 18:00:00,DEV_001,87
DEV_001_2024-10-03 21:00:00,2024-10-03 21:00:00,DEV_001,53
DEV_001_2024-10-04 00:00:00,2024-10-04 00:00:00,DEV_001,27
DEV_001_2024-10-04 03:00:00,2024-10-04 03:00:00,DEV_001,87
DEV_001_2024-10-04 06:00:00,2024-10-04 06:00:00,DEV_001,99
DEV_001_2024-10-04 09:00:00,2024-10-04 09:00:00,DEV_001,97
DEV_001_2024-10-04 12:00:00,2024-10-04 12:00:00,DEV_001,77
DEV_001_2024-10-04 15:00:00,2024-10-04 15:00:00,DEV_001,42
DEV_001_2024-10-04 18:00:00,2024-10-04 18:00:00,DEV_001,84
DEV_001_2024-10-04 21:00:00,2024-10-04 21:00:00,DEV_001,8
DEV_001_2024-10-05 00:00:00,2024-10-05 00:00:00,DEV_001,89
DEV_001_2024-10-05 03:00:00,2024-10-05 03:00:00,DEV_001,11
DEV_001_2024-10-05 06:00:00,2024-10-05 06:00:00,DEV_001,3
DEV_001_2024-10-05 09:00:00,2024-10-05 09:00:00,DEV_001,25
DEV_001_2024-10-05 12:00:00,2024-10-05 12:00:00,DEV_001,57
DEV_001_2024-10-05 15:00:00,2024-10-05 15:00:00,DEV_001,13
DEV_001_2024-10-05 18:00:00,2024-10-05 18:00:00,DEV_001,37
DEV_001_2024-10-05 21:00:00,2024-10-05 21:00:00,DEV_001,56
DEV_001_2024-10-06 00:00:00,2024-10-06 00:00:00,DEV_001,58
DEV_001_2024-10-06 03:00:00,2024-10-06 03:00:00,DEV_001,96
DEV_001_2024-10-06 06:00:00,2024-10-06 06:00:00,DEV_001,1
DEV_001_2024-10-06 09:00:00,2024-10-06 09:00:00,DEV_001,9
DEV_001_2024-10-06 12:00:00,2024-10-06 12:00:00,DEV_001,2
DEV_001_2024-10-06 15:00:00,2024-10-06 15:00:00,DEV_001,39
DEV_001_2024-10-06 18:00:00,2024-10-06 18:00:00,DEV_001,79
DEV_001_2024-10-06 21:00:00,2024-10-06 21:00:00,DEV_001,55
DEV_001_2024-10-07 00:00:00,2024-10-07 00:00:00,DEV_001,78
DEV_001_2024-10-07 03:00:00,2024-10-07 03:00:00,DEV_001,73
DEV_001_2024-10-07 06:00:00,2024-10-07 06:00:00,DEV_001,90
DEV_001_2024-10-07 09:00:00,2024-10-07 09:00:00,DEV_001,86
DEV_001_2024-10-07 12:00:00,2024-10-07 12:00:00,DEV_001,29
DEV_001_2024-10-07 15:00:00,2024-10-07 15:00:00,DEV_001,56
DEV_001_2024-10-07 18:00:00,2024-10-07 18:00:00,DEV_001,21
DEV_001_2024-10-07 21:00:00,2024-10-07 21:00:00,DEV_001,63
DEV_001_2024-10-08 00:00:00,2024-10-08 00:00:00,DEV_001,5
DEV_001_2024-10-08 03:00:00,2024-10-08 03:00:00,DEV_001,52
DEV_001_2024-10-08 06:00:00,2024-10-08 06:00:00,DEV_001,47
DEV_001_2024-10-08 09:00:00,2024-10-08 09:00:00,DEV_001,95
DEV_001_2024-10-08 12:00:00,2024-10-08 12:00:00,DEV_001,2
DEV_001_2024-10-08 15:00:00,2024-10-08 15:00:00,DEV_001,50
DEV_001_2024-10-08 18:00:00,2024-10-08 18:00:00,DEV_001,28
DEV_001_2024-10-08 21:00:00,2024-10-08 21:00:00,DEV_001,61
DEV_001_2024-10-09 00:00:00,2024-10-09 00:00:00,DEV_001,84
DEV_001_2024-10-09 03:00:00,2024-10-09 03:00:00,DEV_001,80
DEV_001_2024-10-09 06:00:00,2024-10-09 06:00:00,DEV_001,99
DEV_001_2024-10-09 09:00:00,2024-10-09 09:00:00,DEV_001,37
DEV_001_2024-10-09 12:00:00,2024-10-09 12:00:00,DEV_001,38
DEV_001_2024-10-09 15:00:00,2024-10-09 15:00:00,DEV_001,29
DEV_001_2024-10-09 18:00:00,2024-10-09 18:00:00,DEV_001,46
DEV_001_2024-10-09 21:00:00,2024-10-09 21:00:00,DEV_001,67
DEV_001_2024-10-10 00:00:00,2024-10-10 00:00:00,DEV_001,15
DEV_001_2024-10-10 03:00:00,2024-10-10 03:00:00,DEV_001,15
DEV_001_2024-10-10 06:00:00,2024-10-10 06:00:00,DEV_001,66
DEV_001_2024-10-10 09:00:00,2024-10-10 09:00:00,DEV_001,70
DEV_001_2024-10-10 12:00:00,2024-10-10 12:00:00,DEV_001,43
DEV_001_2024-10-10 15:00:00,2024-10-10 15:00:00,DEV_001,39
DEV_001_2024-10-10 18:00:00,2024-10-10 18:00:00,DEV_001,87
DEV_001_2024-10-10 21:00:00,2024-10-10 21:00:00,DEV_001,49
DEV_001_2024-10-11 00:00:00,2024-10-11 00:00:00,DEV_001,9
DEV_001_2024-10-11 03:00:00,2024-10-11 03:00:00,DEV_001,17
DEV_001_2024-10-11 06:00:00,2024-10-11 06:00:00,DEV_001,72
DEV_001_2024-10-11 09:00:00,2024-10-11 09:00:00,DEV_001,56
DEV_001_2024-10-11 12:00:00,2024-10-11 12:00:00,DEV_001,84
DEV_001_2024-10-11 15:00:00,2024-10-11 15:00:00,DEV_001,50
DEV_001_2024-10-11 18:00:00,2024-10-11 18:00:00,DEV_001,2
DEV_001_2024-10-11 21:00:00,2024-10-11 21:00:00,DEV_001,76
DEV_001_2024-10-12 00:00:00,2024-10-12 00:00:00,DEV_001,4
DEV_001_2024-10-12 03:00:00,2024-10-12 03:00:00,DEV_001,12
DEV_001_2024-10-12 06:00:00,2024-10-12 06:00:00,DEV_001,60
DEV_001_2024-10-12 09:00:00,2024-10-12 09:00:00,DEV_001,60
DEV_001_2024-10-12 12:00:00,2024-10-12 12:00:00,DEV_001,69
DEV_001_2024-10-12 15:00:00,2024-10-12 15:00:00,DEV_001,53
DEV_001_2024-10-12 18:00:00,2024-10-12 18:00:00,DEV_001,64
DEV_001_2024-10-12 21:00:00,2024-10-12 21:00:00,DEV_001,95
DEV_001_2024-10-13 00:00:00,2024-10-13 00:00:00,DEV_001,66
DEV_001_2024-10-13 03:00:00,2024-10-13 03:00:00,DEV_001,85
DEV_001_2024-10-13 06:00:00,2024-10-13 06:00:00,DEV_001,49
DEV_001_2024-10-13 09:00:00,2024-10-13 09:00:00,DEV_001,68
DEV_001_2024-10-13 12:00:00,2024-10-13 12:00:00,DEV_001,23
DEV_001_2024-10-13 15:00:00,2024-10-13 15:00:00,DEV_001,5
DEV_001_2024-10-13 18:00:00,2024-10-13 18:00:00,DEV_001,26
DEV_001_2024-10-13 21:00:00,2024-10-13 21:00:00,DEV_001,58
DEV_001_2024-10-14 00:00:00,2024-10-14 00:00:00,DEV_001,39
DEV_001_2024-10-14 03:00:00,2024-10-14 03:00:00,DEV_001,73
DEV_001_2024-10-14 06:00:00,2024-10-14 06:00:00,DEV_001,45
DEV_001_2024-10-14 09:00:00,2024-10-14 09:00:00,DEV_001,72
DEV_001_2024-10-14 12:00:00,2024-10-14 12:00:00,DEV_001,45
DEV_001_2024-10-14 15:00:00,2024-10-14 15:00:00,DEV_001,92
DEV_001_2024-10-14 18:00:00,2024-10-14 18:00:00,DEV_001,37
DEV_001_2024-10-14 21:00:00,2024-10-14 21:00:00,DEV_001,80
DEV_001_2024-10-15 00:00:00,2024-10-15 00:00:00,DEV_001,34
DEV_001_2024-10-15 03:00:00,2024-10-15 03:00:00,DEV_001,66
DEV_001_2024-10-15 06:00:00,2024-10-15 06:00:00,DEV_001,81
DEV_001_2024-10-15 09:00:00,2024-10-15 09:00:00,DEV_001,78
DEV_001_2024-10-15 12:00:00,2024-10-15 12:00:00,DEV_001,77
DEV_001_2024-10-15 15:00:00,2024-10-15 15:00:00,DEV_001,88
DEV_001_2024-10-15 18:00:00,2024-10-15 18:00:00,DEV_001,30
DEV_001_2024-10-15 21:00:00,2024-10-15 21:00:00,DEV_001,56
DEV_001_2024-10-16 00:00:00,2024-10-16 00:00:00,DEV_001,98
DEV_001_2024-10-16 03:00:00,2024-10-16 03:00:00,DEV_001,33
DEV_001_2024-10-16 06:00:00,2024-10-16 06:00:00,DEV_001,40
DEV_001_2024-10-16 09:00:00,2024-10-16 09:00:00,DEV_001,55
DEV_001_2024-10-16 12:00:00,2024-10-16 12:00:00,DEV_001,82
DEV_001_2024-10-16 15:00:00,2024-10-16 15:00:00,DEV_001,76
DEV_001_2024-10-16 18:00:00,2024-10-16 18:00:00,DEV_001,16
DEV_001_2024-10-16 21:00:00,2024-10-16 21:00:00,DEV_001,10
DEV_001_2024-10-17 00:00:00,2024-10-17 00:00:00,DEV_001,16
DEV_001_2024-10-17 03:00:00,2024-10-17 03:00:00,DEV_001,86
DEV_001_2024-10-17 06:00:00,2024-10-17 06:00:00,DEV_001,35
DEV_001_2024-10-17 09:00:00,2024-10-17 09:00:00,DEV_001,4
DEV_001_2024-10-17 12:00:00,2024-10-17 12:00:00,DEV_001,80
DEV_001_2024-10-17 15:00:00,2024-10-17 15:00:00,DEV_001,21
DEV_001_2024-10-17 18:00:00,2024-10-17 18:00:00,DEV_001,54
DEV_001_2024-10-17 21:00:00,2024-10-17 21:00:00,DEV_001,1
DEV_001_2024-10-18 00:00:00,2024-10-18 00:00:00,DEV_001,44
DEV_001_2024-10-18 03:00:00,2024-10-18 03:00:00,DEV_001,42
DEV_001_2024-10-18 06:00:00,2024-10-18 06:00:00,DEV_001,6
DEV_001_2024-10-18 09:00:00,2024-10-18 09:00:00,DEV_001,36
DEV_001_2024-10-18 12:00:00,2024-10-18 12:00:00,DEV_001,97
DEV_001_2024-10-18 15:00:00,2024-10-18 15:00:00,DEV_001,25
DEV_001_2024-10-18 18:00:00,2024-10-18 18:00:00,DEV_001,60
DEV_001_2024-10-18 21:00:00,2024-10-18 21:00:00,DEV_001,35
DEV_001_2024-10-19 00:00:00,2024-10-19 00:00:00,DEV_001,66
DEV_001_2024-10-19 03:00:00,2024-10-19 03:00:00,DEV_001,71
DEV_001_2024-10-19 06:00:00,2024-10-19 06:00:00,DEV_001,56
DEV_001_2024-10-19 09:00:00,2024-10-19 09:00:00,DEV_001,81
DEV_001_2024-10-19 12:00:00,2024-10-19 12:00:00,DEV_001,26
DEV_001_2024-10-19 15:00:00,2024-10-19 15:00:00,DEV_001,44
DEV_001_2024-10-19 18:00:00,2024-10-19 18:00:00,DEV_001,83
DEV_001_2024-10-19 21:00:00,2024-10-19 21:00:00,DEV_001,52
DEV_001_2024-10-20 00:00:00,2024-10-20 00:00:00,DEV_001,32
DEV_001_2024-10-20 03:00:00,2024-10-20 03:00:00,DEV_001,33
DEV_001_2024-10-20 06:00:00,2024-10-20 06:00:00,DEV_001,95
DEV_001_2024-10-20 09:00:00,2024-10-20 09:00:00,DEV_001,35
DEV_001_2024-10-20 12:00:00,2024-10-20 12:00:00,DEV_001,48
DEV_001_2024-10-20 15:00:00,2024-10-20 15:00:00,DEV_001,46
DEV_001_2024-10-20 18:00:00,2024-10-20 18:00:00,DEV_001,25
DEV_001_2024-10-20 21:00:00,2024-10-20 21:00:00,DEV_001,98
DEV_001_2024-10-21 00:00:00,2024-10-21 00:00:00,DEV_001,97
DEV_001_2024-10-21 03:00:00,2024-10-21 03:00:00,DEV_001,90
DEV_001_2024-10-21 06:00:00,2024-10-21 06:00:00,DEV_001,54
DEV_001_2024-10-21 09:00:00,2024-10-21 09:00:00,DEV_001,52
DEV_001_2024-10-21 12:00:00,2024-10-21 12:00:00,DEV_001,43
DEV_001_2024-10-21 15:00:00,2024-10-21 15:00:00,DEV_001,58
DEV_001_2024-10-21 18:00:00,2024-10-21 18:00:00,DEV_001,76
DEV_001_2024-10-21 21:00:00,2024-10-21 21:00:00,DEV_001,16
DEV_001_2024-10-22 00:00:00,2024-10-22 00:00:00,DEV_001,49
DEV_001_2024-10-22 03:00:00,2024-10-22 03:00:00,DEV_001,97
DEV_001_2024-10-22 06:00:00,2024-10-22 06:00:00,DEV_001,44
DEV_001_2024-10-22 09:00:00,2024-10-22 09:00:00,DEV_001,48
DEV_001_2024-10-22 12:00:00,2024-10-22 12:00:00,DEV_001,22
DEV_001_2024-10-22 15:00:00,2024-10-22 15:00:00,DEV_001,94
DEV_001_2024-10-22 18:00:00,2024-10-22 18:00:00,DEV_001,56
DEV_001_2024-10-22 21:00:00,2024-10-22 21:00:00,DEV_001,80
DEV_001_2024-10-23 00:00:00,2024-10-23 00:00:00,DEV_001,66
DEV_001_2024-10-23 03:00:00,2024-10-23 03:00:00,DEV_001,14
DEV_001_2024-10-23 06:00:00,2024-10-23 06:00:00,DEV_001,70
DEV_001_2024-10-23 09:00:00,2024-10-23 09:00:00,DEV_001,80
DEV_001_2024-10-23 12:00:00,2024-10-23 12:00:00,DEV_001,7
DEV_001_2024-10-23 15:00:00,2024-10-23 15:00:00,DEV_001,32
DEV_001_2024-10-23 18:00:00,2024-10-23 18:00:00,DEV_001,40
DEV_001_2024-10-23 21:00:00,2024-10-23 21:00:00,DEV_001,93
DEV_001_2024-10-24 00:00:00,2024-10-24 00:00:00,DEV_001,65
DEV_001_2024-10-24 03:00:00,2024-10-24 03:00:00,DEV_001,1
DEV_001_2024-10-24 06:00:00,2024-10-24 06:00:00,DEV_001,92
DEV_001_2024-10-24 09:00:00,2024-10-24 09:00:00,DEV_001,98
DEV_001_2024-10-24 12:00:00,2024-10-24 12:00:00,DEV_001,77
DEV_001_2024-10-24 15:00:00,2024-10-24 15:00:00,DEV_001,13
DEV_001_2024-10-24 18:00:00,2024-10-24 18:00:00,DEV_001,50
DEV_001_2024-10-24 21:00:00,2024-10-24 21:00:00,DEV_001,26
DEV_001_2024-10-25 00:00:00,2024-10-25 00:00:00,DEV_001,84
DEV_001_2024-10-25 03:00:00,2024-10-25 03:00:00,DEV_001,3
DEV_001_2024-10-25 06:00:00,2024-10-25 06:00:00,DEV_001,1
DEV_001_2024-10-25 09:00:00,2024-10-25 09:00:00,DEV_001,73
DEV_001_2024-10-25 12:00:00,2024-10-25 12:00:00,DEV_001,56
DEV_001_2024-10-25 15:00:00,2024-10-25 15:00:00,DEV_001,8
DEV_001_2024-10-25 18:00:00,2024-10-25 18:00:00,DEV_001,95
DEV_001_2024-10-25 21:00:00,2024-10-25 21:00:00,DEV_001,4
DEV_001_2024-10-26 00:00:00,2024-10-26 00:00:00,DEV_001,69
DEV_001_2024-10-26 03:00:00,2024-10-26 03:00:00,DEV_001,26
DEV_001_2024-10-26 06:00:00,2024-10-26 06:00:00,DEV_001,17
DEV_001_2024-10-26 09:00:00,2024-10-26 09:00:00,DEV_001,45
DEV_001_2024-10-26 12:00:00,2024-10-26 12:00:00,DEV_001,60
DEV_001_2024-10-26 15:00:00,2024-10-26 15:00:00,DEV_001,78
DEV_001_2024-10-26 18:00:00,2024-10-26 18:00:00,DEV_001,81
DEV_001_2024-10-26 21:00:00,2024-10-26 21:00:00,DEV_001,86
DEV_001_2024-10-27 00:00:00,2024-10-27 00:00:00,DEV_001,63
DEV_001_2024-10-27 03:00:00,2024-10-27 03:00:00,DEV_001,51
DEV_001_2024-10-27 06:00:00,2024-10-27 06:00:00,DEV_001,78
DEV_001_2024-10-27 09:00:00,2024-10-27 09:00:00,DEV_001,28
DEV_001_2024-10-27 12:00:00,2024-10-27 12:00:00,DEV_001,75
DEV_001_2024-10-27 15:00:00,2024-10-27 15:00:00,DEV_001,89
DEV_001_2024-10-27 18:00:00,2024-10-27 18:00:00,DEV_001,15
DEV_001_2024-10-27 21:00:00,2024-10-27 21:00:00,DEV_001,77
DEV_001_2024-10-28 00:00:00,2024-10-28 00:00:00,DEV_001,14
DEV_001_2024-10-28 03:00:00,2024-10-28 03:00:00,DEV_001,67
DEV_001_2024-10-28 06:00:00,2024-10-28 06:00:00,DEV_001,47
DEV_001_2024-10-28 09:00:00,2024-10-28 09:00:00,DEV_001,97
DEV_001_2024-10-28 12:00:00,2024-10-28 12:00:00,DEV_001,22
DEV_001_2024-10-28 15:00:00,2024-10-28 15:00:00,DEV_001,22
DEV_001_2024-10-28 18:00:00,2024-10-28 18:00:00,DEV_001,40
DEV_001_2024-10-28 21:00:00,2024-10-28 21:00:00,DEV_001,84
DEV_001_2024-10-29 00:00:00,2024-10-29 00:00:00,DEV_001,2
DEV_001_2024-10-29 03:00:00,2024-10-29 03:00:00,DEV_001,90
DEV_001_2024-10-29 06:00:00,2024-10-29 06:00:00,DEV_001,71
DEV_001_2024-10-29 09:00:00,2024-10-29 09:00:00,DEV_001,13
DEV_001_2024-10-29 12:00:00,2024-10-29 12:00:00,DEV_001,62
DEV_001_2024-10-29 15:00:00,2024-10-29 15:00:00,DEV_001,83
DEV_001_2024-10-29 18:00:00,2024-10-29 18:00:00,DEV_001,72
DEV_001_2024-10-29 21:00:00,2024-10-29 21:00:00,DEV_001,97
DEV_001_2024-10-30 00:00:00,2024-10-30 00:00:00,DEV_001,60
DEV_001_2024-10-30 03:00:00,2024-10-30 03:00:00,DEV_001,56
DEV_001_2024-10-30 06:00:00,2024-10-30 06:00:00,DEV_001,47
DEV_001_2024-10-30 09:00:00,2024-10-30 09:00:00,DEV_001,52
DEV_001_2024-10-30 12:00:00,2024-10-30 12:00:00,DEV_001,78
DEV_001_2024-10-30 15:00:00,2024-10-30 15:00:00,DEV_001,35
DEV_001_2024-10-30 18:00:00,2024-10-30 18:00:00,DEV_001,70
DEV_001_2024-10-30 21:00:00,2024-10-30 21:00:00,DEV_001,97
DEV_001_2024-10-31 00:00:00,2024-10-31 00:00:00,DEV_001,31
DEV_001_2024-10-31 03:00:00,2024-10-31 03:00:00,DEV_001,64
DEV_001_2024-10-31 06:00:00,2024-10-31 06:00:00,DEV_001,95
DEV_001_2024-10-31 09:00:00,2024-10-31 09:00:00,DEV_001,62
DEV_001_2024-10-31 12:00:00,2024-10-31 12:00:00,DEV_001,87
DEV_001_2024-10-31 15:00:00,2024-10-31 15:00:00,DEV_001,82
DEV_001_2024-10-31 18:00:00,2024-10-31 18:00:00,DEV_001,34
DEV_001_2024-10-31 21:00:00,2024-10-31 21:00:00,DEV_001,69
DEV_001_2024-11-01 00:00:00,2024-11-01 00:00:00,DEV_001,74
DEV_001_2024-11-01 03:00:00,2024-11-01 03:00:00,DEV_001,8
DEV_001_2024-11-01 06:00:00,2024-11-01 06:00:00,DEV_001,1
DEV_001_2024-11-01 09:00:00,2024-11-01 09:00:00,DEV_001,2
DEV_001_2024-11-01 12:00:00,2024-11-01 12:00:00,DEV_001,85
DEV_001_2024-11-01 15:00:00,2024-11-01 15:00:00,DEV_001,79
DEV_001_2024-11-01 18:00:00,2024-11-01 18:00:00,DEV_001,55
DEV_001_2024-11-01 21:00:00,2024-11-01 21:00:00,DEV_001,43
DEV_001_2024-11-02 00:00:00,2024-11-02 00:00:00,DEV_001,58
DEV_001_2024-11-02 03:00:00,2024-11-02 03:00:00,DEV_001,67
DEV_001_2024-11-02 06:00:00,2024-11-02 06:00:00,DEV_001,83
DEV_001_2024-11-02 09:00:00,2024-11-02 09:00:00,DEV_001,27
DEV_001_2024-11-02 12:00:00,2024-11-02 12:00:00,DEV_001,57
DEV_001_2024-11-02 15:00:00,2024-11-02 15:00:00,DEV_001,48
DEV_001_2024-11-02 18:00:00,2024-11-02 18:00:00,DEV_001,89
DEV_001_2024-11-02 21:00:00,2024-11-02 21:00:00,DEV_001,70
DEV_001_2024-11-03 00:00:00,2024-11-03 00:00:00,DEV_001,90
DEV_001_2024-11-03 03:00:00,2024-11-03 03:00:00,DEV_001,95
DEV_001_2024-11-03 06:00:00,2024-11-03 06:00:00,DEV_001,46
DEV_001_2024-11-03 09:00:00,2024-11-03 09:00:00,DEV_001,69
DEV_001_2024-11-03 12:00:00,2024-11-03 12:00:00,DEV_001,32
DEV_001_2024-11-03 15:00:00,2024-11-03 15:00:00,DEV_001,13
DEV_001_2024-11-03 18:00:00,2024-11-03 18:00:00,DEV_001,62
DEV_001_2024-11-03 21:00:00,2024-11-03 21:00:00,DEV_001,64
DEV_001_2024-11-04 00:00:00,2024-11-04 00:00:00,DEV_001,28
DEV_001_2024-11-04 03:00:00,2024-11-04 03:00:00,DEV_001,57
DEV_001_2024-11-04 06:00:00,2024-11-04 06:00:00,DEV_001,84
DEV_001_2024-11-04 09:00:00,2024-11-04 09:00:00,DEV_001,81
DEV_001_2024-11-04 12:00:00,2024-11-04 12:00:00,DEV_001,9
DEV_001_2024-11-04 15:00:00,2024-11-04 15:00:00,DEV_001,43
DEV_001_2024-11-04 18:00:00,2024-11-04 18:00:00,DEV_001,68
DEV_001_2024-11-04 21:00:00,2024-11-04 21:00:00,DEV_001,1
DEV_001_2024-11-05 00:00:00,2024-11-05 00:00:00,DEV_001,99
DEV_001_2024-11-05 03:00:00,2024-11-05 03:00:00,DEV_001,80
DEV_001_2024-11-05 06:00:00,2024-11-05 06:00:00,DEV_001,41
DEV_001_2024-11-05 09:00:00,2024-11-05 09:00:00,DEV_001,5
DEV_001_2024-11-05 12:00:00,2024-11-05 12:00:00,DEV_001,25
DEV_001_2024-11-05 15:00:00,2024-11-05 15:00:00,DEV_001,99
DEV_001_2024-11-05 18:00:00,2024-11-05 18:00:00,DEV_001,27
DEV_001_2024-11-05 21:00:00,2024-11-05 21:00:00,DEV_001,62
DEV_001_2024-11-06 00:00:00,2024-11-06 00:00:00,DEV_001,95
DEV_001_2024-11-06 03:00:00,2024-11-06 03:00:00,DEV_001,80
DEV_001_2024-11-06 06:00:00,2024-11-06 06:00:00,DEV_001,73
DEV_001_2024-11-06 09:00:00,2024-11-06 09:00:00,DEV_001,56
DEV_001_2024-11-06 12:00:00,2024-11-06 12:00:00,DEV_001,51
DEV_001_2024-11-06 15:00:00,2024-11-06 15:00:00,DEV_001,75
DEV_001_2024-11-06 18:00:00,2024-11-06 18:00:00,DEV_001,10
DEV_001_2024-11-06 21:00:00,2024-11-06 21:00:00,DEV_001,24
DEV_001_2024-11-07 00:00:00,2024-11-07 00:00:00,DEV_001,48
DEV_001_2024-11-07 03:00:00,2024-11-07 03:00:00,DEV_001,72
DEV_001_2024-11-07 06:00:00,2024-11-07 06:00:00,DEV_001,26
DEV_001_2024-11-07 09:00:00,2024-11-07 09:00:00,DEV_001,94
DEV_001_2024-11-07 12:00:00,2024-11-07 12:00:00,DEV_001,17
DEV_001_2024-11-07 15:00:00,2024-11-07 15:00:00,DEV_001,25
DEV_001_2024-11-07 18:00:00,2024-11-07 18:00:00,DEV_001,42
DEV_001_2024-11-07 21:00:00,2024-11-07 21:00:00,DEV_001,65
DEV_001_2024-11-08 00:00:00,2024-11-08 00:00:00,DEV_001,48
DEV_001_2024-11-08 03:00:00,2024-11-08 03:00:00,DEV_001,94
DEV_001_2024-11-08 06:00:00,2024-11-08 06:00:00,DEV_001,81
DEV_001_2024-11-08 09:00:00,2024-11-08 09:00:00,DEV_001,7
DEV_001_2024-11-08 12:00:00,2024-11-08 12:00:00,DEV_001,26
DEV_001_2024-11-08 15:00:00,2024-11-08 15:00:00,DEV_001,28
DEV_001_2024-11-08 18:00:00,2024-11-08 18:00:00,DEV_001,8
DEV_001_2024-11-08 21:00:00,2024-11-08 21:00:00,DEV_001,21
DEV_001_2024-11-09 00:00:00,2024-11-09 00:00:00,DEV_001,11
DEV_001_2024-11-09 03:00:00,2024-11-09 03:00:00,DEV_001,79
DEV_001_2024-11-09 06:00:00,2024-11-09 06:00:00,DEV_001,42
DEV_001_2024-11-09 09:00:00,2024-11-09 09:00:00,DEV_001,54
DEV_001_2024-11-09 12:00:00,2024-11-09 12:00:00,DEV_001,58
DEV_001_2024-11-09 15:00:00,2024-11-09 15:00:00,DEV_001,4
DEV_001_2024-11-09 18:00:00,2024-11-09 18:00:00,DEV_001,61
DEV_001_2024-11-09 21:00:00,2024-11-09 21:00:00,DEV_001,18
DEV_001_2024-11-10 00:00:00,2024-11-10 00:00:00,DEV_001,95
DEV_001_2024-11-10 03:00:00,2024-11-10 03:00:00,DEV_001,59
DEV_001_2024-11-10 06:00:00,2024-11-10 06:00:00,DEV_001,57
DEV_001_2024-11-10 09:00:00,2024-11-10 09:00:00,DEV_001,92
DEV_001_2024-11-10 12:00:00,2024-11-10 12:00:00,DEV_001,13
DEV_001_2024-11-10 15:00:00,2024-11-10 15:00:00,DEV_001,75
DEV_001_2024-11-10 18:00:00,2024-11-10 18:00:00,DEV_001,89
DEV_001_2024-11-10 21:00:00,2024-11-10 21:00:00,DEV_001,80
DEV_001_2024-11-11 00:00:00,2024-11-11 00:00:00,DEV_001,52
DEV_001_2024-11-11 03:00:00,2024-11-11 03:00:00,DEV_001,19
DEV_001_2024-11-11 06:00:00,2024-11-11 06:00:00,DEV_001,53
DEV_001_2024-11-11 09:00:00,2024-11-11 09:00:00,DEV_001,8
DEV_001_2024-11-11 12:00:00,2024-11-11 12:00:00,DEV_001,29
DEV_001_2024-11-11 15:00:00,2024-11-11 15:00:00,DEV_001,59
DEV_001_2024-11-11 18:00:00,2024-11-11 18:00:00,DEV_001,11
DEV_001_2024-11-11 21:00:00,2024-11-11 21:00:00,DEV_001,55
DEV_001_2024-11-12 00:00:00,2024-11-12 00:00:00,DEV_001,57
DEV_001_2024-11-12 03:00:00,2024-11-12 03:00:00,DEV_001,65
DEV_001_2024-11-12 06:00:00,2024-11-12 06:00:00,DEV_001,40
DEV_001_2024-11-12 09:00:00,2024-11-12 09:00:00,DEV_001,52
DEV_001_2024-11-12 12:00:00,2024-11-12 12:00:00,DEV_001,12
DEV_001_2024-11-12 15:00:00,2024-11-12 15:00:00,DEV_001,25
DEV_001_2024-11-12 18:00:00,2024-11-12 18:00:00,DEV_001,16
DEV_001_2024-11-12 21:00:00,2024-11-12 21:00:00,DEV_001,48
DEV_001_2024-11-13 00:00:00,2024-11-13 00:00:00,DEV_001,9
DEV_001_2024-11-13 03:00:00,2024-11-13 03:00:00,DEV_001,11
DEV_001_2024-11-13 06:00:00,2024-11-13 06:00:00,DEV_001,9
DEV_001_2024-11-13 09:00:00,2024-11-13 09:00:00,DEV_001,96
DEV_001_2024-11-13 12:00:00,2024-11-13 12:00:00,DEV_001,50
DEV_001_2024-11-13 15:00:00,2024-11-13 15:00:00,DEV_001,23
DEV_001_2024-11-13 18:00:00,2024-11-13 18:00:00,DEV_001,81
DEV_001_2024-11-13 21:00:00,2024-11-13 21:00:00,DEV_001,39
DEV_001_2024-11-14 00:00:00,2024-11-14 00:00:00,DEV_001,25
DEV_001_2024-11-14 03:00:00,2024-11-14 03:00:00,DEV_001,13
DEV_001_2024-11-14 06:00:00,2024-11-14 06:00:00,DEV_001,77
DEV_001_2024-11-14 09:00:00,2024-11-14 09:00:00,DEV_001,44
DEV_001_2024-11-14 12:00:00,2024-11-14 12:00:00,DEV_001,96
DEV_001_2024-11-14 15:00:00,2024-11-14 15:00:00,DEV_001,91
DEV_001_2024-11-14 18:00:00,2024-11-14 18:00:00,DEV_001,67
DEV_001_2024-11-14 21:00:00,2024-11-14 21:00:00,DEV_001,17
DEV_001_2024-11-15 00:00:00,2024-11-15 00:00:00,DEV_001,92
DEV_001_2024-11-15 03:00:00,2024-11-15 03:00:00,DEV_001,73
DEV_001_2024-11-15 06:00:00,2024-11-15 06:00:00,DEV_001,97
DEV_001_2024-11-15 09:00:00,2024-11-15 09:00:00,DEV_001,82
DEV_001_2024-11-15 12:00:00,2024-11-15 12:00:00,DEV_001,21
DEV_001_2024-11-15 15:00:00,2024-11-15 15:00:00,DEV_001,24
DEV_001_2024-11-15 18:00:00,2024-11-15 18:00:00,DEV_001,69
DEV_001_2024-11-15 21:00:00,2024-11-15 21:00:00,DEV_001,41
DEV_001_2024-11-16 00:00:00,2024-11-16 00:00:00,DEV_001,52
DEV_001_2024-11-16 03:00:00,2024-11-16 03:00:00,DEV_001,24
DEV_001_2024-11-16 06:00:00,2024-11-16 06:00:00,DEV_001,96
DEV_001_2024-11-16 09:00:00,2024-11-16 09:00:00,DEV_001,60
DEV_001_2024-11-16 12:00:00,2024-11-16 12:00:00,DEV_001,98
DEV_001_2024-11-16 15:00:00,2024-11-16 15:00:00,DEV_001,80
DEV_001_2024-11-16 18:00:00,2024-11-16 18:00:00,DEV_001,98
DEV_001_2024-11-16 21:00:00,2024-11-16 21:00:00,DEV_001,13
DEV_001_2024-11-17 00:00:00,2024-11-17 00:00:00,DEV_001,23
DEV_001_2024-11-17 03:00:00,2024-11-17 03:00:00,DEV_001,91
DEV_001_2024-11-17 06:00:00,2024-11-17 06:00:00,DEV_001,34
DEV_001_2024-11-17 09:00:00,2024-11-17 09:00:00,DEV_001,25
DEV_001_2024-11-17 12:00:00,2024-11-17 12:00:00,DEV_001,93
DEV_001_2024-11-17 15:00:00,2024-11-17 15:00:00,DEV_001,89
DEV_001_2024-11-17 18:00:00,2024-11-17 18:00:00,DEV_001,69
DEV_001_2024-11-17 21:00:00,2024-11-17 21:00:00,DEV_001,46
DEV_001_2024-11-18 00:00:00,2024-11-18 00:00:00,DEV_001,71
DEV_001_2024-11-18 03:00:00,2024-11-18 03:00:00,DEV_001,51
DEV_001_2024-11-18 06:00:00,2024-11-18 06:00:00,DEV_001,81
DEV_001_2024-11-18 09:00:00,2024-11-18 09:00:00,DEV_001,99
DEV_001_2024-11-18 12:00:00,2024-11-18 12:00:00,DEV_001,43
DEV_001_2024-11-18 15:00:00,2024-11-18 15:00:00,DEV_001,29
DEV_001_2024-11-18 18:00:00,2024-11-18 18:00:00,DEV_001,17
DEV_001_2024-11-18 21:00:00,2024-11-18 21:00:00,DEV_001,44
DEV_001_2024-11-19 00:00:00,2024-11-19 00:00:00,DEV_001,53
DEV_001_2024-11-19 03:00:00,2024-11-19 03:00:00,DEV_001,58
DEV_001_2024-11-19 06:00:00,2024-11-19 06:00:00,DEV_001,4
DEV_001_2024-11-19 09:00:00,2024-11-19 09:00:00,DEV_001,14
DEV_001_2024-11-19 12:00:00,2024-11-19 12:00:00,DEV_001,63
DEV_001_2024-11-19 15:00:00,2024-11-19 15:00:00,DEV_001,96
DEV_001_2024-11-19 18:00:00,2024-11-19 18:00:00,DEV_001,59
DEV_001_2024-11-19 21:00:00,2024-11-19 21:00:00,DEV_001,25
DEV_001_2024-11-20 00:00:00,2024-11-20 00:00:00,DEV_001,25
DEV_001_2024-11-20 03:00:00,2024-11-20 03:00:00,DEV_001,92
DEV_001_2024-11-20 06:00:00,2024-11-20 06:00:00,DEV_001,59
DEV_001_2024-11-20 09:00:00,2024-11-20 09:00:00,DEV_001,67
DEV_001_2024-11-20 12:00:00,2024-11-20 12:00:00,DEV_001,22
DEV_001_2024-11-20 15:00:00,2024-11-20 15:00:00,DEV_001,78
DEV_001_2024-11-20 18:00:00,2024-11-20 18:00:00,DEV_001,82
DEV_001_2024-11-20 21:00:00,2024-11-20 21:00:00,DEV_001,92
DEV_001_2024-11-21 00:00:00,2024-11-21 00:00:00,DEV_001,2
DEV_001_2024-11-21 03:00:00,2024-11-21 03:00:00,DEV_001,69
DEV_001_2024-11-21 06:00:00,2024-11-21 06:00:00,DEV_001,17
DEV_001_2024-11-21 09:00:00,2024-11-21 09:00:00,DEV_001,77
DEV_001_2024-11-21 12:00:00,2024-11-21 12:00:00,DEV_001,38
DEV_001_2024-11-21 15:00:00,2024-11-21 15:00:00,DEV_001,95
DEV_001_2024-11-21 18:00:00,2024-11-21 18:00:00,DEV_001,89
DEV_001_2024-11-21 21:00:00,2024-11-21 21:00:00,DEV_001,70
DEV_001_2024-11-22 00:00:00,2024-11-22 00:00:00,DEV_001,53
DEV_001_2024-11-22 03:00:00,2024-11-22 03:00:00,DEV_001,9
DEV_001_2024-11-22 06:00:00,2024-11-22 06:00:00,DEV_001,89
DEV_001_2024-11-22 09:00:00,2024-11-22 09:00:00,DEV_001,13
DEV_001_2024-11-22 12:00:00,2024-11-22 12:00:00,DEV_001,61
DEV_001_2024-11-22 15:00:00,2024-11-22 15:00:00,DEV_001,13
DEV_001_2024-11-22 18:00:00,2024-11-22 18:00:00,DEV_001,49
DEV_001_2024-11-22 21:00:00,2024-11-22 21:00:00,DEV_001,87
DEV_001_2024-11-23 00:00:00,2024-11-23 00:00:00,DEV_001,76
DEV_001_2024-11-23 03:00:00,2024-11-23 03:00:00,DEV_001,13
DEV_001_2024-11-23 06:00:00,2024-11-23 06:00:00,DEV_001,70
DEV_001_2024-11-23 09:00:00,2024-11-23 09:00:00,DEV_001,19
DEV_001_2024-11-23 12:00:00,2024-11-23 12:00:00,DEV_001,55
DEV_001_2024-11-23 15:00:00,2024-11-23 15:00:00,DEV_001,84
DEV_001_2024-11-23 18:00:00,2024-11-23 18:00:00,DEV_001,41
DEV_001_2024-11-23 21:00:00,2024-11-23 21:00:00,DEV_001,4
DEV_001_2024-11-24 00:00:00,2024-11-24 00:00:00,DEV_001,13
DEV_001_2024-11-24 03:00:00,2024-11-24 03:00:00,DEV_001,59
DEV_001_2024-11-24 06:00:00,2024-11-24 06:00:00,DEV_001,84
DEV_001_2024-11-24 09:00:00,2024-11-24 09:00:00,DEV_001,75
DEV_001_2024-11-24 12:00:00,2024-11-24 12:00:00,DEV_001,97
DEV_001_2024-11-24 15:00:00,2024-11-24 15:00:00,DEV_001,42
DEV_001_2024-11-24 18:00:00,2024-11-24 18:00:00,DEV_001,49
DEV_001_2024-11-24 21:00:00,2024-11-24 21:00:00,DEV_001,38
DEV_001_2024-11-25 00:00:00,2024-11-25 00:00:00,DEV_001,96
DEV_001_2024-11-25 03:00:00,2024-11-25 03:00:00,DEV_001,54
DEV_001_2024-11-25 06:00:00,2024-11-25 06:00:00,DEV_001,5
DEV_001_2024-11-25 09:00:00,2024-11-25 09:00:00,DEV_001,59
DEV_001_2024-11-25 12:00:00,2024-11-25 12:00:00,DEV_001,82
DEV_001_2024-11-25 15:00:00,2024-11-25 15:00:00,DEV_001,77
DEV_001_2024-11-25 18:00:00,2024-11-25 18:00:00,DEV_001,12
DEV_001_2024-11-25 21:00:00,2024-11-25 21:00:00,DEV_001,30
DEV_001_2024-11-26 00:00:00,2024-11-26 00:00:00,DEV_001,16
DEV_001_2024-11-26 03:00:00,2024-11-26 03:00:00,DEV_001,27
DEV_001_2024-11-26 06:00:00,2024-11-26 06:00:00,DEV_001,69
DEV_001_2024-11-26 09:00:00,2024-11-26 09:00:00,DEV_001,62
DEV_001_2024-11-26 12:00:00,2024-11-26 12:00:00,DEV_001,7
DEV_001_2024-11-26 15:00:00,2024-11-26 15:00:00,DEV_001,92
DEV_001_2024-11-26 18:00:00,2024-11-26 18:00:00,DEV_001,83
DEV_001_2024-11-26 21:00:00,2024-11-26 21:00:00,DEV_001,47
DEV_001_2024-11-27 00:00:00,2024-11-27 00:00:00,DEV_001,94
DEV_001_2024-11-27 03:00:00,2024-11-27 03:00:00,DEV_001,6
DEV_001_2024-11-27 06:00:00,2024-11-27 06:00:00,DEV_001,92
DEV_001_2024-11-27 09:00:00,2024-11-27 09:00:00,DEV_001,77
DEV_001_2024-11-27 12:00:00,2024-11-27 12:00:00,DEV_001,69
DEV_001_2024-11-27 15:00:00,2024-11-27 15:00:00,DEV_001,30
DEV_001_2024-11-27 18:00:00,2024-11-27 18:00:00,DEV_001,24
DEV_001_2024-11-27 21:00:00,2024-11-27 21:00:00,DEV_001,71
DEV_001_2024-11-28 00:00:00,2024-11-28 00:00:00,DEV_001,96
DEV_001_2024-11-28 03:00:00,2024-11-28 03:00:00,DEV_001,60
DEV_001_2024-11-28 06:00:00,2024-11-28 06:00:00,DEV_001,68
DEV_001_2024-11-28 09:00:00,2024-11-28 09:00:00,DEV_001,55
DEV_001_2024-11-28 12:00:00,2024-11-28 12:00:00,DEV_001,70
DEV_001_2024-11-28 15:00:00,2024-11-28 15:00:00,DEV_001,69
DEV_001_2024-11-28 18:00:00,2024-11-28 18:00:00,DEV_001,60
DEV_001_2024-11-28 21:00:00,2024-11-28 21:00:00,DEV_001,91
DEV_001_2024-11-29 00:00:00,2024-11-29 00:00:00,DEV_001,54
DEV_001_2024-11-29 03:00:00,2024-11-29 03:00:00,DEV_001,63
DEV_001_2024-11-29 06:00:00,2024-11-29 06:00:00,DEV_001,9
DEV_001_2024-11-29 09:00:00,2024-11-29 09:00:00,DEV_001,92
DEV_001_2024-11-29 12:00:00,2024-11-29 12:00:00,DEV_001,32
DEV_001_2024-11-29 15:00:00,2024-11-29 15:00:00,DEV_001,17
DEV_001_2024-11-29 18:00:00,2024-11-29 18:00:00,DEV_001,27
DEV_001_2024-11-29 21:00:00,2024-11-29 21:00:00,DEV_001,17
DEV_001_2024-11-30 00:00:00,2024-11-30 00:00:00,DEV_001,85
DEV_001_2024-11-30 03:00:00,2024-11-30 03:00:00,DEV_001,2
DEV_001_2024-11-30 06:00:00,2024-11-30 06:00:00,DEV_001,60
DEV_001_2024-11-30 09:00:00,2024-11-30 09:00:00,DEV_001,60
DEV_001_2024-11-30 12:00:00,2024-11-30 12:00:00,DEV_001,30
DEV_001_2024-11-30 15:00:00,2024-11-30 15:00:00,DEV_001,40
DEV_001_2024-11-30 18:00:00,2024-11-30 18:00:00,DEV_001,38
DEV_001_2024-11-30 21:00:00,2024-11-30 21:00:00,DEV_001,93
DEV_001_2024-12-01 00:00:00,2024-12-01 00:00:00,DEV_001,57
DEV_001_2024-12-01 03:00:00,2024-12-01 03:00:00,DEV_001,61
DEV_001_2024-12-01 06:00:00,2024-12-01 06:00:00,DEV_001,43
DEV_001_2024-12-01 09:00:00,2024-12-01 09:00:00,DEV_001,39
DEV_001_2024-12-01 12:00:00,2024-12-01 12:00:00,DEV_001,39
DEV_001_2024-12-01 15:00:00,2024-12-01 15:00:00,DEV_001,94
DEV_001_2024-12-01 18:00:00,2024-12-01 18:00:00,DEV_001,69
DEV_001_2024-12-01 21:00:00,2024-12-01 21:00:00,DEV_001,51
DEV_001_2024-12-02 00:00:00,2024-12-02 00:00:00,DEV_001,35
DEV_001_2024-12-02 03:00:00,2024-12-02 03:00:00,DEV_001,81
DEV_001_2024-12-02 06:00:00,2024-12-02 06:00:00,DEV_001,34
DEV_001_2024-12-02 09:00:00,2024-12-02 09:00:00,DEV_001,80
DEV_001_2024-12-02 12:00:00,2024-12-02 12:00:00,DEV_001,74
DEV_001_2024-12-02 15:00:00,2024-12-02 15:00:00,DEV_001,33
DEV_001_2024-12-02 18:00:00,2024-12-02 18:00:00,DEV_001,22
DEV_001_2024-12-02 21:00:00,2024-12-02 21:00:00,DEV_001,22
DEV_001_2024-12-03 00:00:00,2024-12-03 00:00:00,DEV_001,74
DEV_001_2024-12-03 03:00:00,2024-12-03 03:00:00,DEV_001,95
DEV_001_2024-12-03 06:00:00,2024-12-03 06:00:00,DEV_001,14
DEV_001_2024-12-03 09:00:00,2024-12-03 09:00:00,DEV_001,20
DEV_001_2024-12-03 12:00:00,2024-12-03 12:00:00,DEV_001,72
DEV_001_2024-12-03 15:00:00,2024-12-03 15:00:00,DEV_001,83
DEV_001_2024-12-03 18:00:00,2024-12-03 18:00:00,DEV_001,49
DEV_001_2024-12-03 21:00:00,2024-12-03 21:00:00,DEV_001,98
DEV_001_2024-12-04 00:00:00,2024-12-04 00:00:00,DEV_001,47
DEV_001_2024-12-04 03:00:00,2024-12-04 03:00:00,DEV_001,74
DEV_001_2024-12-04 06:00:00,2024-12-04 06:00:00,DEV_001,99
DEV_001_2024-12-04 09:00:00,2024-12-04 09:00:00,DEV_001,21
DEV_001_2024-12-04 12:00:00,2024-12-04 12:00:00,DEV_001,30
DEV_001_2024-12-04 15:00:00,2024-12-04 15:00:00,DEV_001,77
DEV_001_2024-12-04 18:00:00,2024-12-04 18:00:00,DEV_001,83
DEV_001_2024-12-04 21:00:00,2024-12-04 21:00:00,DEV_001,63
DEV_001_2024-12-05 00:00:00,2024-12-05 00:00:00,DEV_001,27
DEV_001_2024-12-05 03:00:00,2024-12-05 03:00:00,DEV_001,28
DEV_001_2024-12-05 06:00:00,2024-12-05 06:00:00,DEV_001,63
DEV_001_2024-12-05 09:00:00,2024-12-05 09:00:00,DEV_001,25
DEV_001_2024-12-05 12:00:00,2024-12-05 12:00:00,DEV_001,73
DEV_001_2024-12-05 15:00:00,2024-12-05 15:00:00,DEV_001,56
DEV_001_2024-12-05 18:00:00,2024-12-05 18:00:00,DEV_001,20
DEV_001_2024-12-05 21:00:00,2024-12-05 21:00:00,DEV_001,45
DEV_001_2024-12-06 00:00:00,2024-12-06 00:00:00,DEV_001,15
DEV_001_2024-12-06 03:00:00,2024-12-06 03:00:00,DEV_001,9
DEV_001_2024-12-06 06:00:00,2024-12-06 06:00:00,DEV_001,65
DEV_001_2024-12-06 09:00:00,2024-12-06 09:00:00,DEV_001,16
DEV_001_2024-12-06 12:00:00,2024-12-06 12:00:00,DEV_001,11
DEV_001_2024-12-06 15:00:00,2024-12-06 15:00:00,DEV_001,21
DEV_001_2024-12-06 18:00:00,2024-12-06 18:00:00,DEV_001,88
DEV_001_2024-12-06 21:00:00,2024-12-06 21:00:00,DEV_001,6
DEV_001_2024-12-07 00:00:00,2024-12-07 00:00:00,DEV_001,49
DEV_001_2024-12-07 03:00:00,2024-12-07 03:00:00,DEV_001,85
DEV_001_2024-12-07 06:00:00,2024-12-07 06:00:00,DEV_001,7
DEV_001_2024-12-07 09:00:00,2024-12-07 09:00:00,DEV_001,2
DEV_001_2024-12-07 12:00:00,2024-12-07 12:00:00,DEV_001,21
DEV_001_2024-12-07 15:00:00,2024-12-07 15:00:00,DEV_001,15
DEV_001_2024-12-07 18:00:00,2024-12-07 18:00:00,DEV_001,37
DEV_001_2024-12-07 21:00:00,2024-12-07 21:00:00,DEV_001,79
DEV_001_2024-12-08 00:00:00,2024-12-08 00:00:00,DEV_001,62
DEV_001_2024-12-08 03:00:00,2024-12-08 03:00:00,DEV_001,56
DEV_001_2024-12-08 06:00:00,2024-12-08 06:00:00,DEV_001,84
DEV_001_2024-12-08 09:00:00,2024-12-08 09:00:00,DEV_001,49
DEV_001_2024-12-08 12:00:00,2024-12-08 12:00:00,DEV_001,84
DEV_001_2024-12-08 15:00:00,2024-12-08 15:00:00,DEV_001,45
DEV_001_2024-12-08 18:00:00,2024-12-08 18:00:00,DEV_001,39
DEV_001_2024-12-08 21:00:00,2024-12-08 21:00:00,DEV_001,39
DEV_001_2024-12-09 00:00:00,2024-12-09 00:00:00,DEV_001,46
DEV_001_2024-12-09 03:00:00,2024-12-09 03:00:00,DEV_001,48
DEV_001_2024-12-09 06:00:00,2024-12-09 06:00:00,DEV_001,88
DEV_001_2024-12-09 09:00:00,2024-12-09 09:00:00,DEV_001,63
DEV_001_2024-12-09 12:00:00,2024-12-09 12:00:00,DEV_001,35
DEV_001_2024-12-09 15:00:00,2024-12-09 15:00:00,DEV_001,79
DEV_001_2024-12-09 18:00:00,2024-12-09 18:00:00,DEV_001,79
DEV_001_2024-12-09 21:00:00,2024-12-09 21:00:00,DEV_001,75
DEV_001_2024-12-10 00:00:00,2024-12-10 00:00:00,DEV_001,61
DEV_001_2024-12-10 03:00:00,2024-12-10 03:00:00,DEV_001,70
DEV_001_2024-12-10 06:00:00,2024-12-10 06:00:00,DEV_001,32
DEV_001_2024-12-10 09:00:00,2024-12-10 09:00:00,DEV_001,65
DEV_001_2024-12-10 12:00:00,2024-12-10 12:00:00,DEV_001,14
DEV_001_2024-12-10 15:00:00,2024-12-10 15:00:00,DEV_001,36
DEV_001_2024-12-10 18:00:00,2024-12-10 18:00:00,DEV_001,13
DEV_001_2024-12-10 21:00:00,2024-12-10 21:00:00,DEV_001,99
DEV_001_2024-12-11 00:00:00,2024-12-11 00:00:00,DEV_001,11
DEV_001_2024-12-11 03:00:00,2024-12-11 03:00:00,DEV_001,7
DEV_001_2024-12-11 06:00:00,2024-12-11 06:00:00,DEV_001,24
DEV_001_2024-12-11 09:00:00,2024-12-11 09:00:00,DEV_001,96
DEV_001_2024-12-11 12:00:00,2024-12-11 12:00:00,DEV_001,27
DEV_001_2024-12-11 15:00:00,2024-12-11 15:00:00,DEV_001,36
DEV_001_2024-12-11 18:00:00,2024-12-11 18:00:00,DEV_001,79
DEV_001_2024-12-11 21:00:00,2024-12-11 21:00:00,DEV_001,23
DEV_001_2024-12-12 00:00:00,2024-12-12 00:00:00,DEV_001,98
DEV_001_2024-12-12 03:00:00,2024-12-12 03:00:00,DEV_001,42
DEV_001_2024-12-12 06:00:00,2024-12-12 06:00:00,DEV_001,92
DEV_001_2024-12-12 09:00:00,2024-12-12 09:00:00,DEV_001,88
DEV_001_2024-12-12 12:00:00,2024-12-12 12:00:00,DEV_001,1
DEV_001_2024-12-12 15:00:00,2024-12-12 15:00:00,DEV_001,38
DEV_001_2024-12-12 18:00:00,2024-12-12 18:00:00,DEV_001,80
DEV_001_2024-12-12 21:00:00,2024-12-12 21:00:00,DEV_001,39
DEV_001_2024-12-13 00:00:00,2024-12-13 00:00:00,DEV_001,75
DEV_001_2024-12-13 03:00:00,2024-12-13 03:00:00,DEV_001,59
DEV_001_2024-12-13 06:00:00,2024-12-13 06:00:00,DEV_001,94
DEV_001_2024-12-13 09:00:00,2024-12-13 09:00:00,DEV_001,34
DEV_001_2024-12-13 12:00:00,2024-12-13 12:00:00,DEV_001,62
DEV_001_2024-12-13 15:00:00,2024-12-13 15:00:00,DEV_001,44
DEV_001_2024-12-13 18:00:00,2024-12-13 18:00:00,DEV_001,90
DEV_001_2024-12-13 21:00:00,2024-12-13 21:00:00,DEV_001,11
DEV_001_2024-12-14 00:00:00,2024-12-14 00:00:00,DEV_001,69
DEV_001_2024-12-14 03:00:00,2024-12-14 03:00:00,DEV_001,12
DEV_001_2024-12-14 06:00:00,2024-12-14 06:00:00,DEV_001,35
DEV_001_2024-12-14 09:00:00,2024-12-14 09:00:00,DEV_001,5
DEV_001_2024-12-14 12:00:00,2024-12-14 12:00:00,DEV_001,38
DEV_001_2024-12-14 15:00:00,2024-12-14 15:00:00,DEV_001,60
DEV_001_2024-12-14 18:00:00,2024-12-14 18:00:00,DEV_001,62
DEV_001_2024-12-14 21:00:00,2024-12-14 21:00:00,DEV_001,97
DEV_001_2024-12-15 00:00:00,2024-12-15 00:00:00,DEV_001,14
DEV_001_2024-12-15 03:00:00,2024-12-15 03:00:00,DEV_001,44
DEV_001_2024-12-15 06:00:00,2024-12-15 06:00:00,DEV_001,34
DEV_001_2024-12-15 09:00:00,2024-12-15 09:00:00,DEV_001,70
DEV_001_2024-12-15 12:00:00,2024-12-15 12:00:00,DEV_001,69
DEV_001_2024-12-15 15:00:00,2024-12-15 15:00:00,DEV_001,23
DEV_001_2024-12-15 18:00:00,2024-12-15 18:00:00,DEV_001,23
DEV_001_2024-12-15 21:00:00,2024-12-15 21:00:00,DEV_001,11
DEV_001_2024-12-16 00:00:00,2024-12-16 00:00:00,DEV_001,7
DEV_001_2024-12-16 03:00:00,2024-12-16 03:00:00,DEV_001,79
DEV_001_2024-12-16 06:00:00,2024-12-16 06:00:00,DEV_001,53
DEV_001_2024-12-16 09:00:00,2024-12-16 09:00:00,DEV_001,75
DEV_001_2024-12-16 12:00:00,2024-12-16 12:00:00,DEV_001,26
DEV_001_2024-12-16 15:00:00,2024-12-16 15:00:00,DEV_001,42
DEV_001_2024-12-16 18:00:00,2024-12-16 18:00:00,DEV_001,6
DEV_001_2024-12-16 21:00:00,2024-12-16 21:00:00,DEV_001,8
DEV_001_2024-12-17 00:00:00,2024-12-17 00:00:00,DEV_001,87
DEV_001_2024-12-17 03:00:00,2024-12-17 03:00:00,DEV_001,61
DEV_001_2024-12-17 06:00:00,2024-12-17 06:00:00,DEV_001,52
DEV_001_2024-12-17 09:00:00,2024-12-17 09:00:00,DEV_001,72
DEV_001_2024-12-17 12:00:00,2024-12-17 12:00:00,DEV_001,41
DEV_001_2024-12-17 15:00:00,2024-12-17 15:00:00,DEV_001,15
DEV_001_2024-12-17 18:00:00,2024-12-17 18:00:00,DEV_001,29
DEV_001_2024-12-17 21:00:00,2024-12-17 21:00:00,DEV_001,41
DEV_001_2024-12-18 00:00:00,2024-12-18 00:00:00,DEV_001,43
DEV_001_2024-12-18 03:00:00,2024-12-18 03:00:00,DEV_001,89
DEV_001_2024-12-18 06:00:00,2024-12-18 06:00:00,DEV_001,69
DEV_001_2024-12-18 09:00:00,2024-12-18 09:00:00,DEV_001,70
DEV_001_2024-12-18 12:00:00,2024-12-18 12:00:00,DEV_001,10
DEV_001_2024-12-18 15:00:00,2024-12-18 15:00:00,DEV_001,63
DEV_001_2024-12-18 18:00:00,2024-12-18 18:00:00,DEV_001,22
DEV_001_2024-12-18 21:00:00,2024-12-18 21:00:00,DEV_001,99
DEV_001_2024-12-19 00:00:00,2024-12-19 00:00:00,DEV_001,47
DEV_001_2024-12-19 03:00:00,2024-12-19 03:00:00,DEV_001,13
DEV_001_2024-12-19 06:00:00,2024-12-19 06:00:00,DEV_001,5
DEV_001_2024-12-19 09:00:00,2024-12-19 09:00:00,DEV_001,4
DEV_001_2024-12-19 12:00:00,2024-12-19 12:00:00,DEV_001,2
DEV_001_2024-12-19 15:00:00,2024-12-19 15:00:00,DEV_001,67
DEV_001_2024-12-19 18:00:00,2024-12-19 18:00:00,DEV_001,6
DEV_001_2024-12-19 21:00:00,2024-12-19 21:00:00,DEV_001,15
DEV_001_2024-12-20 00:00:00,2024-12-20 00:00:00,DEV_001,64
DEV_001_2024-12-20 03:00:00,2024-12-20 03:00:00,DEV_001,88
DEV_001_2024-12-20 06:00:00,2024-12-20 06:00:00,DEV_001,62
DEV_001_2024-12-20 09:00:00,2024-12-20 09:00:00,DEV_001,1
DEV_001_2024-12-20 12:00:00,2024-12-20 12:00:00,DEV_001,74
DEV_001_2024-12-20 15:00:00,2024-12-20 15:00:00,DEV_001,23
DEV_001_2024-12-20 18:00:00,2024-12-20 18:00:00,DEV_001,24
DEV_001_2024-12-20 21:00:00,2024-12-20 21:00:00,DEV_001,48
DEV_001_2024-12-21 00:00:00,2024-12-21 00:00:00,DEV_001,41
DEV_001_2024-12-21 03:00:00,2024-12-21 03:00:00,DEV_001,59
DEV_001_2024-12-21 06:00:00,2024-12-21 06:00:00,DEV_001,17
DEV_001_2024-12-21 09:00:00,2024-12-21 09:00:00,DEV_001,41
DEV_001_2024-12-21 12:00:00,2024-12-21 12:00:00,DEV_001,46
DEV_001_2024-12-21 15:00:00,2024-12-21 15:00:00,DEV_001,94
DEV_001_2024-12-21 18:00:00,2024-12-21 18:00:00,DEV_001,48
DEV_001_2024-12-21 21:00:00,2024-12-21 21:00:00,DEV_001,81
DEV_001_2024-12-22 00:00:00,2024-12-22 00:00:00,DEV_001,15
DEV_001_2024-12-22 03:00:00,2024-12-22 03:00:00,DEV_001,77
DEV_001_2024-12-22 06:00:00,2024-12-22 06:00:00,DEV_001,40
DEV_001_2024-12-22 09:00:00,2024-12-22 09:00:00,DEV_001,99
DEV_001_2024-12-22 12:00:00,2024-12-22 12:00:00,DEV_001,32
DEV_001_2024-12-22 15:00:00,2024-12-22 15:00:00,DEV_001,80
DEV_001_2024-12-22 18:00:00,2024-12-22 18:00:00,DEV_001,16
DEV_001_2024-12-22 21:00:00,2024-12-22 21:00:00,DEV_001,18
DEV_001_2024-12-23 00:00:00,2024-12-23 00:00:00,DEV_001,5
DEV_001_2024-12-23 03:00:00,2024-12-23 03:00:00,DEV_001,52
DEV_001_2024-12-23 06:00:00,2024-12-23 06:00:00,DEV_001,67
DEV_001_2024-12-23 09:00:00,2024-12-23 09:00:00,DEV_001,93
DEV_001_2024-12-23 12:00:00,2024-12-23 12:00:00,DEV_001,5
DEV_001_2024-12-23 15:00:00,2024-12-23 15:00:00,DEV_001,67
DEV_001_2024-12-23 18:00:00,2024-12-23 18:00:00,DEV_001,59
DEV_001_2024-12-23 21:00:00,2024-12-23 21:00:00,DEV_001,47
DEV_001_2024-12-24 00:00:00,2024-12-24 00:00:00,DEV_001,72
DEV_001_2024-12-24 03:00:00,2024-12-24 03:00:00,DEV_001,38
DEV_001_2024-12-24 06:00:00,2024-12-24 06:00:00,DEV_001,64
DEV_001_2024-12-24 09:00:00,2024-12-24 09:00:00,DEV_001,43
DEV_001_2024-12-24 12:00:00,2024-12-24 12:00:00,DEV_001,62
DEV_001_2024-12-24 15:00:00,2024-12-24 15:00:00,DEV_001,28
DEV_001_2024-12-24 18:00:00,2024-12-24 18:00:00,DEV_001,20
DEV_001_2024-12-24 21:00:00,2024-12-24 21:00:00,DEV_001,80
DEV_001_2024-12-25 00:00:00,2024-12-25 00:00:00,DEV_001,99
DEV_001_2024-12-25 03:00:00,2024-12-25 03:00:00,DEV_001,48
DEV_001_2024-12-25 06:00:00,2024-12-25 06:00:00,DEV_001,4
DEV_001_2024-12-25 09:00:00,2024-12-25 09:00:00,DEV_001,34
DEV_001_2024-12-25 12:00:00,2024-12-25 12:00:00,DEV_001,52
DEV_001_2024-12-25 15:00:00,2024-12-25 15:00:00,DEV_001,83
DEV_001_2024-12-25 18:00:00,2024-12-25 18:00:00,DEV_001,98
DEV_001_2024-12-25 21:00:00,2024-12-25 21:00:00,DEV_001,60
DEV_001_2024-12-26 00:00:00,2024-12-26 00:00:00,DEV_001,45
DEV_001_2024-12-26 03:00:00,2024-12-26 03:00:00,DEV_001,93
DEV_001_2024-12-26 06:00:00,2024-12-26 06:00:00,DEV_001,54
DEV_001_2024-12-26 09:00:00,2024-12-26 09:00:00,DEV_001,93
DEV_001_2024-12-26 12:00:00,2024-12-26 12:00:00,DEV_001,5
DEV_001_2024-12-26 15:00:00,2024-12-26 15:00:00,DEV_001,78
DEV_001_2024-12-26 18:00:00,2024-12-26 18:00:00,DEV_001,24
DEV_001_2024-12-26 21:00:00,2024-12-26 21:00:00,DEV_001,6
DEV_001_2024-12-27 00:00:00,2024-12-27 00:00:00,DEV_001,80
DEV_001_2024-12-27 03:00:00,2024-12-27 03:00:00,DEV_001,41
DEV_001_2024-12-27 06:00:00,2024-12-27 06:00:00,DEV_001,74
DEV_001_2024-12-27 09:00:00,2024-12-27 09:00:00,DEV_001,85
DEV_001_2024-12-27 12:00:00,2024-12-27 12:00:00,DEV_001,80
DEV_001_2024-12-27 15:00:00,2024-12-27 15:00:00,DEV_001,62
DEV_001_2024-12-27 18:00:00,2024-12-27 18:00:00,DEV_001,92
DEV_001_2024-12-27 21:00:00,2024-12-27 21:00:00,DEV_001,19
DEV_001_2024-12-28 00:00:00,2024-12-28 00:00:00,DEV_001,64
DEV_001_2024-12-28 03:00:00,2024-12-28 03:00:00,DEV_001,63
DEV_001_2024-12-28 06:00:00,2024-12-28 06:00:00,DEV_001,83
DEV_001_2024-12-28 09:00:00,2024-12-28 09:00:00,DEV_001,92
DEV_001_2024-12-28 12:00:00,2024-12-28 12:00:00,DEV_001,12
DEV_001_2024-12-28 15:00:00,2024-12-28 15:00:00,DEV_001,43
DEV_001_2024-12-28 18:00:00,2024-12-28 18:00:00,DEV_001,80
DEV_001_2024-12-28 21:00:00,2024-12-28 21:00:00,DEV_001,3
DEV_001_2024-12-29 00:00:00,2024-12-29 00:00:00,DEV_001,26
DEV_001_2024-12-29 03:00:00,2024-12-29 03:00:00,DEV_001,7
DEV_001_2024-12-29 06:00:00,2024-12-29 06:00:00,DEV_001,30
DEV_001_2024-12-29 09:00:00,2024-12-29 09:00:00,DEV_001,82
DEV_001_2024-12-29 12:00:00,2024-12-29 12:00:00,DEV_001,23
DEV_001_2024-12-29 15:00:00,2024-12-29 15:00:00,DEV_001,69
DEV_001_2024-12-29 18:00:00,2024-12-29 18:00:00,DEV_001,64
DEV_001_2024-12-29 21:00:00,2024-12-29 21:00:00,DEV_001,28
DEV_002_2024-09-01 00:00:00,2024-09-01 00:00:00,DEV_002,81
DEV_002_2024-09-01 04:00:00,2024-09-01 04:00:00,DEV_002,68
DEV_002_2024-09-01 08:00:00,2024-09-01 08:00:00,DEV_002,22
DEV_002_2024-09-01 12:00:00,2024-09-01 12:00:00,DEV_002,81
DEV_002_2024-09-01 16:00:00,2024-09-01 16:00:00,DEV_002,74
DEV_002_2024-09-01 20:00:00,2024-09-01 20:00:00,DEV_002,53
DEV_002_2024-09-02 00:00:00,2024-09-02 00:00:00,DEV_002,26
DEV_002_2024-09-02 04:00:00,2024-09-02 04:00:00,DEV_002,26
DEV_002_2024-09-02 08:00:00,2024-09-02 08:00:00,DEV_002,44
DEV_002_2024-09-02 12:00:00,2024-09-02 12:00:00,DEV_002,56
DEV_002_2024-09-02 16:00:00,2024-09-02 16:00:00,DEV_002,8
DEV_002_2024-09-02 20:00:00,2024-09-02 20:00:00,DEV_002,13
DEV_002_2024-09-03 00:00:00,2024-09-03 00:00:00,DEV_002,40
DEV_002_2024-09-03 04:00:00,2024-09-03 04:00:00,DEV_002,8
DEV_002_2024-09-03 08:00:00,2024-09-03 08:00:00,DEV_002,49
DEV_002_2024-09-03 12:00:00,2024-09-03 12:00:00,DEV_002,20
DEV_002_2024-09-03 16:00:00,2024-09-03 16:00:00,DEV_002,65
DEV_002_2024-09-03 20:00:00,2024-09-03 20:00:00,DEV_002,85
DEV_002_2024-09-04 00:00:00,2024-09-04 00:00:00,DEV_002,27
DEV_002_2024-09-04 04:00:00,2024-09-04 04:00:00,DEV_002,43
DEV_002_2024-09-04 08:00:00,2024-09-04 08:00:00,DEV_002,71
DEV_002_2024-09-04 12:00:00,2024-09-04 12:00:00,DEV_002,55
DEV_002_2024-09-04 16:00:00,2024-09-04 16:00:00,DEV_002,47
DEV_002_2024-09-04 20:00:00,2024-09-04 20:00:00,DEV_002,57
DEV_002_2024-09-05 00:00:00,2024-09-05 00:00:00,DEV_002,71
DEV_002_2024-09-05 04:00:00,2024-09-05 04:00:00,DEV_002,39
DEV_002_2024-09-05 08:00:00,2024-09-05 08:00:00,DEV_002,9
DEV_002_2024-09-05 12:00:00,2024-09-05 12:00:00,DEV_002,69
DEV_002_2024-09-05 16:00:00,2024-09-05 16:00:00,DEV_002,83
DEV_002_2024-09-05 20:00:00,2024-09-05 20:00:00,DEV_002,62
DEV_002_2024-09-06 00:00:00,2024-09-06 00:00:00,DEV_002,35
DEV_002_2024-09-06 04:00:00,2024-09-06 04:00:00,DEV_002,69
DEV_002_2024-09-06 08:00:00,2024-09-06 08:00:00,DEV_002,88
DEV_002_2024-09-06 12:00:00,2024-09-06 12:00:00,DEV_002,12
DEV_002_2024-09-06 16:00:00,2024-09-06 16:00:00,DEV_002,94
DEV_002_2024-09-06 20:00:00,2024-09-06 20:00:00,DEV_002,57
DEV_002_2024-09-07 00:00:00,2024-09-07 00:00:00,DEV_002,50
DEV_002_2024-09-07 04:00:00,2024-09-07 04:00:00,DEV_002,46
DEV_002_2024-09-07 08:00:00,2024-09-07 08:00:00,DEV_002,11
DEV_002_2024-09-07 12:00:00,2024-09-07 12:00:00,DEV_002,83
DEV_002_2024-09-07 16:00:00,2024-09-07 16:00:00,DEV_002,24
DEV_002_2024-09-07 20:00:00,2024-09-07 20:00:00,DEV_002,36
DEV_002_2024-09-08 00:00:00,2024-09-08 00:00:00,DEV_002,50
DEV_002_2024-09-08 04:00:00,2024-09-08 04:00:00,DEV_002,91
DEV_002_2024-09-08 08:00:00,2024-09-08 08:00:00,DEV_002,10
DEV_002_2024-09-08 12:00:00,2024-09-08 12:00:00,DEV_002,12
DEV_002_2024-09-08 16:00:00,2024-09-08 16:00:00,DEV_002,81
DEV_002_2024-09-08 20:00:00,2024-09-08 20:00:00,DEV_002,7
DEV_002_2024-09-09 00:00:00,2024-09-09 00:00:00,DEV_002,45
DEV_002_2024-09-09 04:00:00,2024-09-09 04:00:00,DEV_002,28
DEV_002_2024-09-09 08:00:00,2024-09-09 08:00:00,DEV_002,60
DEV_002_2024-09-09 12:00:00,2024-09-09 12:00:00,DEV_002,82
DEV_002_2024-09-09 16:00:00,2024-09-09 16:00:00,DEV_002,32
DEV_002_2024-09-09 20:00:00,2024-09-09 20:00:00,DEV_002,69
DEV_002_2024-09-10 00:00:00,2024-09-10 00:00:00,DEV_002,47
DEV_002_2024-09-10 04:00:00,2024-09-10 04:00:00,DEV_002,70
DEV_002_2024-09-10 08:00:00,2024-09-10 08:00:00,DEV_002,76
DEV_002_2024-09-10 12:00:00,2024-09-10 12:00:00,DEV_002,97
DEV_002_2024-09-10 16:00:00,2024-09-10 16:00:00,DEV_002,70
DEV_002_2024-09-10 20:00:00,2024-09-10 20:00:00,DEV_002,27
DEV_002_2024-09-11 00:00:00,2024-09-11 00:00:00,DEV_002,11
DEV_002_2024-09-11 04:00:00,2024-09-11 04:00:00,DEV_002,3
DEV_002_2024-09-11 08:00:00,2024-09-11 08:00:00,DEV_002,84
DEV_002_2024-09-11 12:00:00,2024-09-11 12:00:00,DEV_002,1
DEV_002_2024-09-11 16:00:00,2024-09-11 16:00:00,DEV_002,90
DEV_002_2024-09-11 20:00:00,2024-09-11 20:00:00,DEV_002,17
DEV_002_2024-09-12 00:00:00,2024-09-12 00:00:00,DEV_002,73
DEV_002_2024-09-12 04:00:00,2024-09-12 04:00:00,DEV_002,6
DEV_002_2024-09-12 08:00:00,2024-09-12 08:00:00,DEV_002,35
DEV_002_2024-09-12 12:00:00,2024-09-12 12:00:00,DEV_002,55
DEV_002_2024-09-12 16:00:00,2024-09-12 16:00:00,DEV_002,94
DEV_002_2024-09-12 20:00:00,2024-09-12 20:00:00,DEV_002,38
DEV_002_2024-09-13 00:00:00,2024-09-13 00:00:00,DEV_002,47
DEV_002_2024-09-13 04:00:00,2024-09-13 04:00:00,DEV_002,57
DEV_002_2024-09-13 08:00:00,2024-09-13 08:00:00,DEV_002,23
DEV_002_2024-09-13 12:00:00,2024-09-13 12:00:00,DEV_002,33
DEV_002_2024-09-13 16:00:00,2024-09-13 16:00:00,DEV_002,86
DEV_002_2024-09-13 20:00:00,2024-09-13 20:00:00,DEV_002,42
DEV_002_2024-09-14 00:00:00,2024-09-14 00:00:00,DEV_002,75
DEV_002_2024-09-14 04:00:00,2024-09-14 04:00:00,DEV_002,73
DEV_002_2024-09-14 08:00:00,2024-09-14 08:00:00,DEV_002,1
DEV_002_2024-09-14 12:00:00,2024-09-14 12:00:00,DEV_002,32
DEV_002_2024-09-14 16:00:00,2024-09-14 16:00:00,DEV_002,90
DEV_002_2024-09-14 20:00:00,2024-09-14 20:00:00,DEV_002,95
DEV_002_2024-09-15 00:00:00,2024-09-15 00:00:00,DEV_002,34
DEV_002_2024-09-15 04:00:00,2024-09-15 04:00:00,DEV_002,90
DEV_002_2024-09-15 08:00:00,2024-09-15 08:00:00,DEV_002,33
DEV_002_2024-09-15 12:00:00,2024-09-15 12:00:00,DEV_002,2
DEV_002_2024-09-15 16:00:00,2024-09-15 16:00:00,DEV_002,75
DEV_002_2024-09-15 20:00:00,2024-09-15 20:00:00,DEV_002,81
DEV_002_2024-09-16 00:00:00,2024-09-16 00:00:00,DEV_002,5
DEV_002_2024-09-16 04:00:00,2024-09-16 04:00:00,DEV_002,71
DEV_002_2024-09-16 08:00:00,2024-09-16 08:00:00,DEV_002,7
DEV_002_2024-09-16 12:00:00,2024-09-16 12:00:00,DEV_002,72
DEV_002_2024-09-16 16:00:00,2024-09-16 16:00:00,DEV_002,9
DEV_002_2024-09-16 20:00:00,2024-09-16 20:00:00,DEV_002,45
DEV_002_2024-09-17 00:00:00,2024-09-17 00:00:00,DEV_002,89
DEV_002_2024-09-17 04:00:00,2024-09-17 04:00:00,DEV_002,92
DEV_002_2024-09-17 08:00:00,2024-09-17 08:00:00,DEV_002,99
DEV_002_2024-09-17 12:00:00,2024-09-17 12:00:00,DEV_002,81
DEV_002_2024-09-17 16:00:00,2024-09-17 16:00:00,DEV_002,98
DEV_002_2024-09-17 20:00:00,2024-09-17 20:00:00,DEV_002,22
DEV_002_2024-09-18 00:00:00,2024-09-18 00:00:00,DEV_002,43
DEV_002_2024-09-18 04:00:00,2024-09-18 04:00:00,DEV_002,20
DEV_002_2024-09-18 08:00:00,2024-09-18 08:00:00,DEV_002,49
DEV_002_2024-09-18 12:00:00,2024-09-18 12:00:00,DEV_002,50
DEV_002_2024-09-18 16:00:00,2024-09-18 16:00:00,DEV_002,60
DEV_002_2024-09-18 20:00:00,2024-09-18 20:00:00,DEV_002,59
DEV_002_2024-09-19 00:00:00,2024-09-19 00:00:00,DEV_002,20
DEV_002_2024-09-19 04:00:00,2024-09-19 04:00:00,DEV_002,90
DEV_002_2024-09-19 08:00:00,2024-09-19 08:00:00,DEV_002,90
DEV_002_2024-09-19 12:00:00,2024-09-19 12:00:00,DEV_002,91
DEV_002_2024-09-19 16:00:00,2024-09-19 16:00:00,DEV_002,4
DEV_002_2024-09-19 20:00:00,2024-09-19 20:00:00,DEV_002,38
DEV_002_2024-09-20 00:00:00,2024-09-20 00:00:00,DEV_002,24
DEV_002_2024-09-20 04:00:00,2024-09-20 04:00:00,DEV_002,22
DEV_002_2024-09-20 08:00:00,2024-09-20 08:00:00,DEV_002,95
DEV_002_2024-09-20 12:00:00,2024-09-20 12:00:00,DEV_002,5
DEV_002_2024-09-20 16:00:00,2024-09-20 16:00:00,DEV_002,87
DEV_002_2024-09-20 20:00:00,2024-09-20 20:00:00,DEV_002,28
DEV_002_2024-09-21 00:00:00,2024-09-21 00:00:00,DEV_002,39
DEV_002_2024-09-21 04:00:00,2024-09-21 04:00:00,DEV_002,37
DEV_002_2024-09-21 08:00:00,2024-09-21 08:00:00,DEV_002,31
DEV_002_2024-09-21 12:00:00,2024-09-21 12:00:00,DEV_002,84
DEV_002_2024-09-21 16:00:00,2024-09-21 16:00:00,DEV_002,91
DEV_002_2024-09-21 20:00:00,2024-09-21 20:00:00,DEV_002,81
DEV_002_2024-09-22 00:00:00,2024-09-22 00:00:00,DEV_002,53
DEV_002_2024-09-22 04:00:00,2024-09-22 04:00:00,DEV_002,19
DEV_002_2024-09-22 08:00:00,2024-09-22 08:00:00,DEV_002,85
DEV_002_2024-09-22 12:00:00,2024-09-22 12:00:00,DEV_002,54
DEV_002_2024-09-22 16:00:00,2024-09-22 16:00:00,DEV_002,23
DEV_002_2024-09-22 20:00:00,2024-09-22 20:00:00,DEV_002,51
DEV_002_2024-09-23 00:00:00,2024-09-23 00:00:00,DEV_002,7
DEV_002_2024-09-23 04:00:00,2024-09-23 04:00:00,DEV_002,17
DEV_002_2024-09-23 08:00:00,2024-09-23 08:00:00,DEV_002,77
DEV_002_2024-09-23 12:00:00,2024-09-23 12:00:00,DEV_002,87
DEV_002_2024-09-23 16:00:00,2024-09-23 16:00:00,DEV_002,20
DEV_002_2024-09-23 20:00:00,2024-09-23 20:00:00,DEV_002,95
DEV_002_2024-09-24 00:00:00,2024-09-24 00:00:00,DEV_002,79
DEV_002_2024-09-24 04:00:00,2024-09-24 04:00:00,DEV_002,67
DEV_002_2024-09-24 08:00:00,2024-09-24 08:00:00,DEV_002,87
DEV_002_2024-09-24 12:00:00,2024-09-24 12:00:00,DEV_002,62
DEV_002_2024-09-24 16:00:00,2024-09-24 16:00:00,DEV_002,81
DEV_002_2024-09-24 20:00:00,2024-09-24 20:00:00,DEV_002,85
DEV_002_2024-09-25 00:00:00,2024-09-25 00:00:00,DEV_002,50
DEV_002_2024-09-25 04:00:00,2024-09-25 04:00:00,DEV_002,34
DEV_002_2024-09-25 08:00:00,2024-09-25 08:00:00,DEV_002,79
DEV_002_2024-09-25 12:00:00,2024-09-25 12:00:00,DEV_002,78
DEV_002_2024-09-25 16:00:00,2024-09-25 16:00:00,DEV_002,70
DEV_002_2024-09-25 20:00:00,2024-09-25 20:00:00,DEV_002,58
DEV_002_2024-09-26 00:00:00,2024-09-26 00:00:00,DEV_002,95
DEV_002_2024-09-26 04:00:00,2024-09-26 04:00:00,DEV_002,59
DEV_002_2024-09-26 08:00:00,2024-09-26 08:00:00,DEV_002,40
DEV_002_2024-09-26 12:00:00,2024-09-26 12:00:00,DEV_002,50
DEV_002_2024-09-26 16:00:00,2024-09-26 16:00:00,DEV_002,71
DEV_002_2024-09-26 20:00:00,2024-09-26 20:00:00,DEV_002,11
DEV_002_2024-09-27 00:00:00,2024-09-27 00:00:00,DEV_002,81
DEV_002_2024-09-27 04:00:00,2024-09-27 04:00:00,DEV_002,35
DEV_002_2024-09-27 08:00:00,2024-09-27 08:00:00,DEV_002,82
DEV_002_2024-09-27 12:00:00,2024-09-27 12:00:00,DEV_002,48
DEV_002_2024-09-27 16:00:00,2024-09-27 16:00:00,DEV_002,6
DEV_002_2024-09-27 20:00:00,2024-09-27 20:00:00,DEV_002,42
DEV_002_2024-09-28 00:00:00,2024-09-28 00:00:00,DEV_002,98
DEV_002_2024-09-28 04:00:00,2024-09-28 04:00:00,DEV_002,97
DEV_002_2024-09-28 08:00:00,2024-09-28 08:00:00,DEV_002,96
DEV_002_2024-09-28 12:00:00,2024-09-28 12:00:00,DEV_002,32
DEV_002_2024-09-28 16:00:00,2024-09-28 16:00:00,DEV_002,4
DEV_002_2024-09-28 20:00:00,2024-09-28 20:00:00,DEV_002,40
DEV_002_2024-09-29 00:00:00,2024-09-29 00:00:00,DEV_002,55
DEV_002_2024-09-29 04:00:00,2024-09-29 04:00:00,DEV_002,15
DEV_002_2024-09-29 08:00:00,2024-09-29 08:00:00,DEV_002,56
DEV_002_2024-09-29 12:00:00,2024-09-29 12:00:00,DEV_002,11
DEV_002_2024-09-29 16:00:00,2024-09-29 16:00:00,DEV_002,50
DEV_002_2024-09-29 20:00:00,2024-09-29 20:00:00,DEV_002,58
DEV_002_2024-09-30 00:00:00,2024-09-30 00:00:00,DEV_002,49
DEV_002_2024-09-30 04:00:00,2024-09-30 04:00:00,DEV_002,67
DEV_002_2024-09-30 08:00:00,2024-09-30 08:00:00,DEV_002,99
DEV_002_2024-09-30 12:00:00,2024-09-30 12:00:00,DEV_002,38
DEV_002_2024-09-30 16:00:00,2024-09-30 16:00:00,DEV_002,34
DEV_002_2024-09-30 20:00:00,2024-09-30 20:00:00,DEV_002,71
DEV_002_2024-10-01 00:00:00,2024-10-01 00:00:00,DEV_002,40
DEV_002_2024-10-01 04:00:00,2024-10-01 04:00:00,DEV_002,22
DEV_002_2024-10-01 08:00:00,2024-10-01 08:00:00,DEV_002,11
DEV_002_2024-10-01 12:00:00,2024-10-01 12:00:00,DEV_002,42
DEV_002_2024-10-01 16:00:00,2024-10-01 16:00:00,DEV_002,42
DEV_002_2024-10-01 20:00:00,2024-10-01 20:00:00,DEV_002,28
DEV_002_2024-10-02 00:00:00,2024-10-02 00:00:00,DEV_002,57
DEV_002_2024-10-02 04:00:00,2024-10-02 04:00:00,DEV_002,30
DEV_002_2024-10-02 08:00:00,2024-10-02 08:00:00,DEV_002,68
DEV_002_2024-10-02 12:00:00,2024-10-02 12:00:00,DEV_002,71
DEV_002_2024-10-02 16:00:00,2024-10-02 16:00:00,DEV_002,88
DEV_002_2024-10-02 20:00:00,2024-10-02 20:00:00,DEV_002,84
DEV_002_2024-10-03 00:00:00,2024-10-03 00:00:00,DEV_002,57
DEV_002_2024-10-03 04:00:00,2024-10-03 04:00:00,DEV_002,33
DEV_002_2024-10-03 08:00:00,2024-10-03 08:00:00,DEV_002,28
DEV_002_2024-10-03 12:00:00,2024-10-03 12:00:00,DEV_002,63
DEV_002_2024-10-03 16:00:00,2024-10-03 16:00:00,DEV_002,32
DEV_002_2024-10-03 20:00:00,2024-10-03 20:00:00,DEV_002,43
DEV_002_2024-10-04 00:00:00,2024-10-04 00:00:00,DEV_002,67
DEV_002_2024-10-04 04:00:00,2024-10-04 04:00:00,DEV_002,87
DEV_002_2024-10-04 08:00:00,2024-10-04 08:00:00,DEV_002,16
DEV_002_2024-10-04 12:00:00,2024-10-04 12:00:00,DEV_002,17
DEV_002_2024-10-04 16:00:00,2024-10-04 16:00:00,DEV_002,51
DEV_002_2024-10-04 20:00:00,2024-10-04 20:00:00,DEV_002,55
DEV_002_2024-10-05 00:00:00,2024-10-05 00:00:00,DEV_002,5
DEV_002_2024-10-05 04:00:00,2024-10-05 04:00:00,DEV_002,30
DEV_002_2024-10-05 08:00:00,2024-10-05 08:00:00,DEV_002,17
DEV_002_2024-10-05 12:00:00,2024-10-05 12:00:00,DEV_002,97
DEV_002_2024-10-05 16:00:00,2024-10-05 16:00:00,DEV_002,65
DEV_002_2024-10-05 20:00:00,2024-10-05 20:00:00,DEV_002,74
DEV_002_2024-10-06 00:00:00,2024-10-06 00:00:00,DEV_002,68
DEV_002_2024-10-06 04:00:00,2024-10-06 04:00:00,DEV_002,44
DEV_002_2024-10-06 08:00:00,2024-10-06 08:00:00,DEV_002,72
DEV_002_2024-10-06 12:00:00,2024-10-06 12:00:00,DEV_002,49
DEV_002_2024-10-06 16:00:00,2024-10-06 16:00:00,DEV_002,77
DEV_002_2024-10-06 20:00:00,2024-10-06 20:00:00,DEV_002,99
DEV_002_2024-10-07 00:00:00,2024-10-07 00:00:00,DEV_002,94
DEV_002_2024-10-07 04:00:00,2024-10-07 04:00:00,DEV_002,44
DEV_002_2024-10-07 08:00:00,2024-10-07 08:00:00,DEV_002,36
DEV_002_2024-10-07 12:00:00,2024-10-07 12:00:00,DEV_002,83
DEV_002_2024-10-07 16:00:00,2024-10-07 16:00:00,DEV_002,3
DEV_002_2024-10-07 20:00:00,2024-10-07 20:00:00,DEV_002,81
DEV_002_2024-10-08 00:00:00,2024-10-08 00:00:00,DEV_002,39
DEV_002_2024-10-08 04:00:00,2024-10-08 04:00:00,DEV_002,83
DEV_002_2024-10-08 08:00:00,2024-10-08 08:00:00,DEV_002,8
DEV_002_2024-10-08 12:00:00,2024-10-08 12:00:00,DEV_002,12
DEV_002_2024-10-08 16:00:00,2024-10-08 16:00:00,DEV_002,95
DEV_002_2024-10-08 20:00:00,2024-10-08 20:00:00,DEV_002,34
DEV_002_2024-10-09 00:00:00,2024-10-09 00:00:00,DEV_002,29
DEV_002_2024-10-09 04:00:00,2024-10-09 04:00:00,DEV_002,65
DEV_002_2024-10-09 08:00:00,2024-10-09 08:00:00,DEV_002,60
DEV_002_2024-10-09 12:00:00,2024-10-09 12:00:00,DEV_002,14
DEV_002_2024-10-09 16:00:00,2024-10-09 16:00:00,DEV_002,73
DEV_002_2024-10-09 20:00:00,2024-10-09 20:00:00,DEV_002,75
DEV_002_2024-10-10 00:00:00,2024-10-10 00:00:00,DEV_002,42
DEV_002_2024-10-10 04:00:00,2024-10-10 04:00:00,DEV_002,96
DEV_002_2024-10-10 08:00:00,2024-10-10 08:00:00,DEV_002,74
DEV_002_2024-10-10 12:00:00,2024-10-10 12:00:00,DEV_002,5
DEV_002_2024-10-10 16:00:00,2024-10-10 16:00:00,DEV_002,6
DEV_002_2024-10-10 20:00:00,2024-10-10 20:00:00,DEV_002,38
DEV_002_2024-10-11 00:00:00,2024-10-11 00:00:00,DEV_002,47
DEV_002_2024-10-11 04:00:00,2024-10-11 04:00:00,DEV_002,37
DEV_002_2024-10-11 08:00:00,2024-10-11 08:00:00,DEV_002,63
DEV_002_2024-10-11 12:00:00,2024-10-11 12:00:00,DEV_002,88
DEV_002_2024-10-11 16:00:00,2024-10-11 16:00:00,DEV_002,56
DEV_002_2024-10-11 20:00:00,2024-10-11 20:00:00,DEV_002,28
DEV_002_2024-10-12 00:00:00,2024-10-12 00:00:00,DEV_002,77
DEV_002_2024-10-12 04:00:00,2024-10-12 04:00:00,DEV_002,14
DEV_002_2024-10-12 08:00:00,2024-10-12 08:00:00,DEV_002,94
DEV_002_2024-10-12 12:00:00,2024-10-12 12:00:00,DEV_002,99
DEV_002_2024-10-12 16:00:00,2024-10-12 16:00:00,DEV_002,37
DEV_002_2024-10-12 20:00:00,2024-10-12 20:00:00,DEV_002,16
DEV_002_2024-10-13 00:00:00,2024-10-13 00:00:00,DEV_002,87
DEV_002_2024-10-13 04:00:00,2024-10-13 04:00:00,DEV_002,35
DEV_002_2024-10-13 08:00:00,2024-10-13 08:00:00,DEV_002,8
DEV_002_2024-10-13 12:00:00,2024-10-13 12:00:00,DEV_002,70
DEV_002_2024-10-13 16:00:00,2024-10-13 16:00:00,DEV_002,61
DEV_002_2024-10-13 20:00:00,2024-10-13 20:00:00,DEV_002,27
DEV_002_2024-10-14 00:00:00,2024-10-14 00:00:00,DEV_002,81
DEV_002_2024-10-14 04:00:00,2024-10-14 04:00:00,DEV_002,29
DEV_002_2024-10-14 08:00:00,2024-10-14 08:00:00,DEV_002,80
DEV_002_2024-10-14 12:00:00,2024-10-14 12:00:00,DEV_002,77
DEV_002_2024-10-14 16:00:00,2024-10-14 16:00:00,DEV_002,82
DEV_002_2024-10-14 20:00:00,2024-10-14 20:00:00,DEV_002,41
DEV_002_2024-10-15 00:00:00,2024-10-15 00:00:00,DEV_002,84
DEV_002_2024-10-15 04:00:00,2024-10-15 04:00:00,DEV_002,90
DEV_002_2024-10-15 08:00:00,2024-10-15 08:00:00,DEV_002,87
DEV_002_2024-10-15 12:00:00,2024-10-15 12:00:00,DEV_002,70
DEV_002_2024-10-15 16:00:00,2024-10-15 16:00:00,DEV_002,77
DEV_002_2024-10-15 20:00:00,2024-10-15 20:00:00,DEV_002,62
DEV_002_2024-10-16 00:00:00,2024-10-16 00:00:00,DEV_002,25
DEV_002_2024-10-16 04:00:00,2024-10-16 04:00:00,DEV_002,38
DEV_002_2024-10-16 08:00:00,2024-10-16 08:00:00,DEV_002,31
DEV_002_2024-10-16 12:00:00,2024-10-16 12:00:00,DEV_002,11
DEV_002_2024-10-16 16:00:00,2024-10-16 16:00:00,DEV_002,63
DEV_002_2024-10-16 20:00:00,2024-10-16 20:00:00,DEV_002,76
DEV_002_2024-10-17 00:00:00,2024-10-17 00:00:00,DEV_002,78
DEV_002_2024-10-17 04:00:00,2024-10-17 04:00:00,DEV_002,18
DEV_002_2024-10-17 08:00:00,2024-10-17 08:00:00,DEV_002,68
DEV_002_2024-10-17 12:00:00,2024-10-17 12:00:00,DEV_002,6
DEV_002_2024-10-17 16:00:00,2024-10-17 16:00:00,DEV_002,67
DEV_002_2024-10-17 20:00:00,2024-10-17 20:00:00,DEV_002,2
DEV_002_2024-10-18 00:00:00,2024-10-18 00:00:00,DEV_002,83
DEV_002_2024-10-18 04:00:00,2024-10-18 04:00:00,DEV_002,8
DEV_002_2024-10-18 08:00:00,2024-10-18 08:00:00,DEV_002,72
DEV_002_2024-10-18 12:00:00,2024-10-18 12:00:00,DEV_002,3
DEV_002_2024-10-18 16:00:00,2024-10-18 16:00:00,DEV_002,91
DEV_002_2024-10-18 20:00:00,2024-10-18 20:00:00,DEV_002,87
DEV_002_2024-10-19 00:00:00,2024-10-19 00:00:00,DEV_002,57
DEV_002_2024-10-19 04:00:00,2024-10-19 04:00:00,DEV_002,42
DEV_002_2024-10-19 08:00:00,2024-10-19 08:00:00,DEV_002,35
DEV_002_2024-10-19 12:00:00,2024-10-19 12:00:00,DEV_002,60
DEV_002_2024-10-19 16:00:00,2024-10-19 16:00:00,DEV_002,30
DEV_002_2024-10-19 20:00:00,2024-10-19 20:00:00,DEV_002,52
DEV_002_2024-10-20 00:00:00,2024-10-20 00:00:00,DEV_002,16
DEV_002_2024-10-20 04:00:00,2024-10-20 04:00:00,DEV_002,93
DEV_002_2024-10-20 08:00:00,2024-10-20 08:00:00,DEV_002,9
DEV_002_2024-10-20 12:00:00,2024-10-20 12:00:00,DEV_002,71
DEV_002_2024-10-20 16:00:00,2024-10-20 16:00:00,DEV_002,58
DEV_002_2024-10-20 20:00:00,2024-10-20 20:00:00,DEV_002,44
DEV_002_2024-10-21 00:00:00,2024-10-21 00:00:00,DEV_002,23
DEV_002_2024-10-21 04:00:00,2024-10-21 04:00:00,DEV_002,90
DEV_002_2024-10-21 08:00:00,2024-10-21 08:00:00,DEV_002,40
DEV_002_2024-10-21 12:00:00,2024-10-21 12:00:00,DEV_002,48
DEV_002_2024-10-21 16:00:00,2024-10-21 16:00:00,DEV_002,41
DEV_002_2024-10-21 20:00:00,2024-10-21 20:00:00,DEV_002,35
DEV_002_2024-10-22 00:00:00,2024-10-22 00:00:00,DEV_002,92
DEV_002_2024-10-22 04:00:00,2024-10-22 04:00:00,DEV_002,23
DEV_002_2024-10-22 08:00:00,2024-10-22 08:00:00,DEV_002,49
DEV_002_2024-10-22 12:00:00,2024-10-22 12:00:00,DEV_002,21
DEV_002_2024-10-22 16:00:00,2024-10-22 16:00:00,DEV_002,35
DEV_002_2024-10-22 20:00:00,2024-10-22 20:00:00,DEV_002,44
DEV_002_2024-10-23 00:00:00,2024-10-23 00:00:00,DEV_002,46
DEV_002_2024-10-23 04:00:00,2024-10-23 04:00:00,DEV_002,58
DEV_002_2024-10-23 08:00:00,2024-10-23 08:00:00,DEV_002,49
DEV_002_2024-10-23 12:00:00,2024-10-23 12:00:00,DEV_002,68
DEV_002_2024-10-23 16:00:00,2024-10-23 16:00:00,DEV_002,1
DEV_002_2024-10-23 20:00:00,2024-10-23 20:00:00,DEV_002,28
DEV_002_2024-10-24 00:00:00,2024-10-24 00:00:00,DEV_002,56
DEV_002_2024-10-24 04:00:00,2024-10-24 04:00:00,DEV_002,45
DEV_002_2024-10-24 08:00:00,2024-10-24 08:00:00,DEV_002,81
DEV_002_2024-10-24 12:00:00,2024-10-24 12:00:00,DEV_002,55
DEV_002_2024-10-24 16:00:00,2024-10-24 16:00:00,DEV_002,45
DEV_002_2024-10-24 20:00:00,2024-10-24 20:00:00,DEV_002,84
DEV_002_2024-10-25 00:00:00,2024-10-25 00:00:00,DEV_002,14
DEV_002_2024-10-25 04:00:00,2024-10-25 04:00:00,DEV_002,46
DEV_002_2024-10-25 08:00:00,2024-10-25 08:00:00,DEV_002,83
DEV_002_2024-10-25 12:00:00,2024-10-25 12:00:00,DEV_002,95
DEV_002_2024-10-25 16:00:00,2024-10-25 16:00:00,DEV_002,42
DEV_002_2024-10-25 20:00:00,2024-10-25 20:00:00,DEV_002,55
DEV_002_2024-10-26 00:00:00,2024-10-26 00:00:00,DEV_002,48
DEV_002_2024-10-26 04:00:00,2024-10-26 04:00:00,DEV_002,32
DEV_002_2024-10-26 08:00:00,2024-10-26 08:00:00,DEV_002,95
DEV_002_2024-10-26 12:00:00,2024-10-26 12:00:00,DEV_002,88
DEV_002_2024-10-26 16:00:00,2024-10-26 16:00:00,DEV_002,85
DEV_002_2024-10-26 20:00:00,2024-10-26 20:00:00,DEV_002,40
DEV_002_2024-10-27 00:00:00,2024-10-27 00:00:00,DEV_002,4
DEV_002_2024-10-27 04:00:00,2024-10-27 04:00:00,DEV_002,92
DEV_002_2024-10-27 08:00:00,2024-10-27 08:00:00,DEV_002,54
DEV_002_2024-10-27 12:00:00,2024-10-27 12:00:00,DEV_002,21
DEV_002_2024-10-27 16:00:00,2024-10-27 16:00:00,DEV_002,6
DEV_002_2024-10-27 20:00:00,2024-10-27 20:00:00,DEV_002,11
DEV_002_2024-10-28 00:00:00,2024-10-28 00:00:00,DEV_002,67
DEV_002_2024-10-28 04:00:00,2024-10-28 04:00:00,DEV_002,36
DEV_002_2024-10-28 08:00:00,2024-10-28 08:00:00,DEV_002,76
DEV_002_2024-10-28 12:00:00,2024-10-28 12:00:00,DEV_002,39
DEV_002_2024-10-28 16:00:00,2024-10-28 16:00:00,DEV_002,78
DEV_002_2024-10-28 20:00:00,2024-10-28 20:00:00,DEV_002,25
DEV_002_2024-10-29 00:00:00,2024-10-29 00:00:00,DEV_002,52
DEV_002_2024-10-29 04:00:00,2024-10-29 04:00:00,DEV_002,54
DEV_002_2024-10-29 08:00:00,2024-10-29 08:00:00,DEV_002,66
DEV_002_2024-10-29 12:00:00,2024-10-29 12:00:00,DEV_002,40
DEV_002_2024-10-29 16:00:00,2024-10-29 16:00:00,DEV_002,89
DEV_002_2024-10-29 20:00:00,2024-10-29 20:00:00,DEV_002,14
DEV_002_2024-10-30 00:00:00,2024-10-30 00:00:00,DEV_002,21
DEV_002_2024-10-30 04:00:00,2024-10-30 04:00:00,DEV_002,46
DEV_002_2024-10-30 08:00:00,2024-10-30 08:00:00,DEV_002,21
DEV_002_2024-10-30 12:00:00,2024-10-30 12:00:00,DEV_002,21
DEV_002_2024-10-30 16:00:00,2024-10-30 16:00:00,DEV_002,39
DEV_002_2024-10-30 20:00:00,2024-10-30 20:00:00,DEV_002,56
DEV_002_2024-10-31 00:00:00,2024-10-31 00:00:00,DEV_002,48
DEV_002_2024-10-31 04:00:00,2024-10-31 04:00:00,DEV_002,64
DEV_002_2024-10-31 08:00:00,2024-10-31 08:00:00,DEV_002,52
DEV_002_2024-10-31 12:00:00,2024-10-31 12:00:00,DEV_002,92
DEV_002_2024-10-31 16:00:00,2024-10-31 16:00:00,DEV_002,73
DEV_002_2024-10-31 20:00:00,2024-10-31 20:00:00,DEV_002,69
DEV_002_2024-11-01 00:00:00,2024-11-01 00:00:00,DEV_002,40
DEV_002_2024-11-01 04:00:00,2024-11-01 04:00:00,DEV_002,26
DEV_002_2024-11-01 08:00:00,2024-11-01 08:00:00,DEV_002,74
DEV_002_2024-11-01 12:00:00,2024-11-01 12:00:00,DEV_002,87
DEV_002_2024-11-01 16:00:00,2024-11-01 16:00:00,DEV_002,16
DEV_002_2024-11-01 20:00:00,2024-11-01 20:00:00,DEV_002,27
DEV_002_2024-11-02 00:00:00,2024-11-02 00:00:00,DEV_002,13
DEV_002_2024-11-02 04:00:00,2024-11-02 04:00:00,DEV_002,98
DEV_002_2024-11-02 08:00:00,2024-11-02 08:00:00,DEV_002,67
DEV_002_2024-11-02 12:00:00,2024-11-02 12:00:00,DEV_002,73
DEV_002_2024-11-02 16:00:00,2024-11-02 16:00:00,DEV_002,5
DEV_002_2024-11-02 20:00:00,2024-11-02 20:00:00,DEV_002,45
DEV_002_2024-11-03 00:00:00,2024-11-03 00:00:00,DEV_002,40
DEV_002_2024-11-03 04:00:00,2024-11-03 04:00:00,DEV_002,72
DEV_002_2024-11-03 08:00:00,2024-11-03 08:00:00,DEV_002,92
DEV_002_2024-11-03 12:00:00,2024-11-03 12:00:00,DEV_002,39
DEV_002_2024-11-03 16:00:00,2024-11-03 16:00:00,DEV_002,1
DEV_002_2024-11-03 20:00:00,2024-11-03 20:00:00,DEV_002,13
DEV_002_2024-11-04 00:00:00,2024-11-04 00:00:00,DEV_002,49
DEV_002_2024-11-04 04:00:00,2024-11-04 04:00:00,DEV_002,10
DEV_002_2024-11-04 08:00:00,2024-11-04 08:00:00,DEV_002,39
DEV_002_2024-11-04 12:00:00,2024-11-04 12:00:00,DEV_002,88
DEV_002_2024-11-04 16:00:00,2024-11-04 16:00:00,DEV_002,58
DEV_002_2024-11-04 20:00:00,2024-11-04 20:00:00,DEV_002,51
DEV_002_2024-11-05 00:00:00,2024-11-05 00:00:00,DEV_002,78
DEV_002_2024-11-05 04:00:00,2024-11-05 04:00:00,DEV_002,19
DEV_002_2024-11-05 08:00:00,2024-11-05 08:00:00,DEV_002,23
DEV_002_2024-11-05 12:00:00,2024-11-05 12:00:00,DEV_002,50
DEV_002_2024-11-05 16:00:00,2024-11-05 16:00:00,DEV_002,76
DEV_002_2024-11-05 20:00:00,2024-11-05 20:00:00,DEV_002,10
DEV_002_2024-11-06 00:00:00,2024-11-06 00:00:00,DEV_002,30
DEV_002_2024-11-06 04:00:00,2024-11-06 04:00:00,DEV_002,44
DEV_002_2024-11-06 08:00:00,2024-11-06 08:00:00,DEV_002,66
DEV_002_2024-11-06 12:00:00,2024-11-06 12:00:00,DEV_002,51
DEV_002_2024-11-06 16:00:00,2024-11-06 16:00:00,DEV_002,66
DEV_002_2024-11-06 20:00:00,2024-11-06 20:00:00,DEV_002,49
DEV_002_2024-11-07 00:00:00,2024-11-07 00:00:00,DEV_002,42
DEV_002_2024-11-07 04:00:00,2024-11-07 04:00:00,DEV_002,25
DEV_002_2024-11-07 08:00:00,2024-11-07 08:00:00,DEV_002,24
DEV_002_2024-11-07 12:00:00,2024-11-07 12:00:00,DEV_002,87
DEV_002_2024-11-07 16:00:00,2024-11-07 16:00:00,DEV_002,91
DEV_002_2024-11-07 20:00:00,2024-11-07 20:00:00,DEV_002,87
DEV_002_2024-11-08 00:00:00,2024-11-08 00:00:00,DEV_002,64
DEV_002_2024-11-08 04:00:00,2024-11-08 04:00:00,DEV_002,14
DEV_002_2024-11-08 08:00:00,2024-11-08 08:00:00,DEV_002,42
DEV_002_2024-11-08 12:00:00,2024-11-08 12:00:00,DEV_002,27
DEV_002_2024-11-08 16:00:00,2024-11-08 16:00:00,DEV_002,66
DEV_002_2024-11-08 20:00:00,2024-11-08 20:00:00,DEV_002,4
DEV_002_2024-11-09 00:00:00,2024-11-09 00:00:00,DEV_002,31
DEV_002_2024-11-09 04:00:00,2024-11-09 04:00:00,DEV_002,92
DEV_002_2024-11-09 08:00:00,2024-11-09 08:00:00,DEV_002,85
DEV_002_2024-11-09 12:00:00,2024-11-09 12:00:00,DEV_002,4
DEV_002_2024-11-09 16:00:00,2024-11-09 16:00:00,DEV_002,88
DEV_002_2024-11-09 20:00:00,2024-11-09 20:00:00,DEV_002,22
DEV_002_2024-11-10 00:00:00,2024-11-10 00:00:00,DEV_002,19
DEV_002_2024-11-10 04:00:00,2024-11-10 04:00:00,DEV_002,92
DEV_002_2024-11-10 08:00:00,2024-11-10 08:00:00,DEV_002,34
DEV_002_2024-11-10 12:00:00,2024-11-10 12:00:00,DEV_002,55
DEV_002_2024-11-10 16:00:00,2024-11-10 16:00:00,DEV_002,42
DEV_002_2024-11-10 20:00:00,2024-11-10 20:00:00,DEV_002,60
DEV_002_2024-11-11 00:00:00,2024-11-11 00:00:00,DEV_002,55
DEV_002_2024-11-11 04:00:00,2024-11-11 04:00:00,DEV_002,10
DEV_002_2024-11-11 08:00:00,2024-11-11 08:00:00,DEV_002,57
DEV_002_2024-11-11 12:00:00,2024-11-11 12:00:00,DEV_002,30
DEV_002_2024-11-11 16:00:00,2024-11-11 16:00:00,DEV_002,72
DEV_002_2024-11-11 20:00:00,2024-11-11 20:00:00,DEV_002,59
DEV_002_2024-11-12 00:00:00,2024-11-12 00:00:00,DEV_002,14
DEV_002_2024-11-12 04:00:00,2024-11-12 04:00:00,DEV_002,30
DEV_002_2024-11-12 08:00:00,2024-11-12 08:00:00,DEV_002,37
DEV_002_2024-11-12 12:00:00,2024-11-12 12:00:00,DEV_002,90
DEV_002_2024-11-12 16:00:00,2024-11-12 16:00:00,DEV_002,19
DEV_002_2024-11-12 20:00:00,2024-11-12 20:00:00,DEV_002,68
DEV_002_2024-11-13 00:00:00,2024-11-13 00:00:00,DEV_002,58
DEV_002_2024-11-13 04:00:00,2024-11-13 04:00:00,DEV_002,5
DEV_002_2024-11-13 08:00:00,2024-11-13 08:00:00,DEV_002,95
DEV_002_2024-11-13 12:00:00,2024-11-13 12:00:00,DEV_002,89
DEV_002_2024-11-13 16:00:00,2024-11-13 16:00:00,DEV_002,11
DEV_002_2024-11-13 20:00:00,2024-11-13 20:00:00,DEV_002,52
DEV_002_2024-11-14 00:00:00,2024-11-14 00:00:00,DEV_002,53
DEV_002_2024-11-14 04:00:00,2024-11-14 04:00:00,DEV_002,97
DEV_002_2024-11-14 08:00:00,2024-11-14 08:00:00,DEV_002,45
DEV_002_2024-11-14 12:00:00,2024-11-14 12:00:00,DEV_002,87
DEV_002_2024-11-14 16:00:00,2024-11-14 16:00:00,DEV_002,34
DEV_002_2024-11-14 20:00:00,2024-11-14 20:00:00,DEV_002,78
DEV_002_2024-11-15 00:00:00,2024-11-15 00:00:00,DEV_002,61
DEV_002_2024-11-15 04:00:00,2024-11-15 04:00:00,DEV_002,18
DEV_002_2024-11-15 08:00:00,2024-11-15 08:00:00,DEV_002,37
DEV_002_2024-11-15 12:00:00,2024-11-15 12:00:00,DEV_002,9
DEV_002_2024-11-15 16:00:00,2024-11-15 16:00:00,DEV_002,21
DEV_002_2024-11-15 20:00:00,2024-11-15 20:00:00,DEV_002,5
DEV_002_2024-11-16 00:00:00,2024-11-16 00:00:00,DEV_002,50
DEV_002_2024-11-16 04:00:00,2024-11-16 04:00:00,DEV_002,86
DEV_002_2024-11-16 08:00:00,2024-11-16 08:00:00,DEV_002,52
DEV_002_2024-11-16 12:00:00,2024-11-16 12:00:00,DEV_002,3
DEV_002_2024-11-16 16:00:00,2024-11-16 16:00:00,DEV_002,78
DEV_002_2024-11-16 20:00:00,2024-11-16 20:00:00,DEV_002,98
DEV_002_2024-11-17 00:00:00,2024-11-17 00:00:00,DEV_002,54
DEV_002_2024-11-17 04:00:00,2024-11-17 04:00:00,DEV_002,62
DEV_002_2024-11-17 08:00:00,2024-11-17 08:00:00,DEV_002,18
DEV_002_2024-11-17 12:00:00,2024-11-17 12:00:00,DEV_002,58
DEV_002_2024-11-17 16:00:00,2024-11-17 16:00:00,DEV_002,70
DEV_002_2024-11-17 20:00:00,2024-11-17 20:00:00,DEV_002,65
DEV_002_2024-11-18 00:00:00,2024-11-18 00:00:00,DEV_002,81
DEV_002_2024-11-18 04:00:00,2024-11-18 04:00:00,DEV_002,18
DEV_002_2024-11-18 08:00:00,2024-11-18 08:00:00,DEV_002,33
DEV_002_2024-11-18 12:00:00,2024-11-18 12:00:00,DEV_002,63
DEV_002_2024-11-18 16:00:00,2024-11-18 16:00:00,DEV_002,84
DEV_002_2024-11-18 20:00:00,2024-11-18 20:00:00,DEV_002,47
DEV_002_2024-11-19 00:00:00,2024-11-19 00:00:00,DEV_002,88
DEV_002_2024-11-19 04:00:00,2024-11-19 04:00:00,DEV_002,18
DEV_002_2024-11-19 08:00:00,2024-11-19 08:00:00,DEV_002,4
DEV_002_2024-11-19 12:00:00,2024-11-19 12:00:00,DEV_002,57
DEV_002_2024-11-19 16:00:00,2024-11-19 16:00:00,DEV_002,40
DEV_002_2024-11-19 20:00:00,2024-11-19 20:00:00,DEV_002,72
DEV_002_2024-11-20 00:00:00,2024-11-20 00:00:00,DEV_002,51
DEV_002_2024-11-20 04:00:00,2024-11-20 04:00:00,DEV_002,40
DEV_002_2024-11-20 08:00:00,2024-11-20 08:00:00,DEV_002,29
DEV_002_2024-11-20 12:00:00,2024-11-20 12:00:00,DEV_002,52
DEV_002_2024-11-20 16:00:00,2024-11-20 16:00:00,DEV_002,55
DEV_002_2024-11-20 20:00:00,2024-11-20 20:00:00,DEV_002,88
DEV_002_2024-11-21 00:00:00,2024-11-21 00:00:00,DEV_002,74
DEV_002_2024-11-21 04:00:00,2024-11-21 04:00:00,DEV_002,85
DEV_002_2024-11-21 08:00:00,2024-11-21 08:00:00,DEV_002,1
DEV_002_2024-11-21 12:00:00,2024-11-21 12:00:00,DEV_002,59
DEV_002_2024-11-21 16:00:00,2024-11-21 16:00:00,DEV_002,48
DEV_002_2024-11-21 20:00:00,2024-11-21 20:00:00,DEV_002,99
DEV_002_2024-11-22 00:00:00,2024-11-22 00:00:00,DEV_002,93
DEV_002_2024-11-22 04:00:00,2024-11-22 04:00:00,DEV_002,98
DEV_002_2024-11-22 08:00:00,2024-11-22 08:00:00,DEV_002,72
DEV_002_2024-11-22 12:00:00,2024-11-22 12:00:00,DEV_002,35
DEV_002_2024-11-22 16:00:00,2024-11-22 16:00:00,DEV_002,39
DEV_002_2024-11-22 20:00:00,2024-11-22 20:00:00,DEV_002,13
DEV_002_2024-11-23 00:00:00,2024-11-23 00:00:00,DEV_002,46
DEV_002_2024-11-23 04:00:00,2024-11-23 04:00:00,DEV_002,22
DEV_002_2024-11-23 08:00:00,2024-11-23 08:00:00,DEV_002,97
DEV_002_2024-11-23 12:00:00,2024-11-23 12:00:00,DEV_002,25
DEV_002_2024-11-23 16:00:00,2024-11-23 16:00:00,DEV_002,92
DEV_002_2024-11-23 20:00:00,2024-11-23 20:00:00,DEV_002,69
DEV_002_2024-11-24 00:00:00,2024-11-24 00:00:00,DEV_002,31
DEV_002_2024-11-24 04:00:00,2024-11-24 04:00:00,DEV_002,6
DEV_002_2024-11-24 08:00:00,2024-11-24 08:00:00,DEV_002,48
DEV_002_2024-11-24 12:00:00,2024-11-24 12:00:00,DEV_002,87
DEV_002_2024-11-24 16:00:00,2024-11-24 16:00:00,DEV_002,25
DEV_002_2024-11-24 20:00:00,2024-11-24 20:00:00,DEV_002,84
DEV_002_2024-11-25 00:00:00,2024-11-25 00:00:00,DEV_002,69
DEV_002_2024-11-25 04:00:00,2024-11-25 04:00:00,DEV_002,33
DEV_002_2024-11-25 08:00:00,2024-11-25 08:00:00,DEV_002,65
DEV_002_2024-11-25 12:00:00,2024-11-25 12:00:00,DEV_002,63
DEV_002_2024-11-25 16:00:00,2024-11-25 16:00:00,DEV_002,97
DEV_002_2024-11-25 20:00:00,2024-11-25 20:00:00,DEV_002,92
DEV_002_2024-11-26 00:00:00,2024-11-26 00:00:00,DEV_002,55
DEV_002_2024-11-26 04:00:00,2024-11-26 04:00:00,DEV_002,21
DEV_002_2024-11-26 08:00:00,2024-11-26 08:00:00,DEV_002,40
DEV_002_2024-11-26 12:00:00,2024-11-26 12:00:00,DEV_002,7
DEV_002_2024-11-26 16:00:00,2024-11-26 16:00:00,DEV_002,95
DEV_002_2024-11-26 20:00:00,2024-11-26 20:00:00,DEV_002,76
DEV_002_2024-11-27 00:00:00,2024-11-27 00:00:00,DEV_002,36
DEV_002_2024-11-27 04:00:00,2024-11-27 04:00:00,DEV_002,13
DEV_002_2024-11-27 08:00:00,2024-11-27 08:00:00,DEV_002,17
DEV_002_2024-11-27 12:00:00,2024-11-27 12:00:00,DEV_002,69
DEV_002_2024-11-27 16:00:00,2024-11-27 16:00:00,DEV_002,88
DEV_002_2024-11-27 20:00:00,2024-11-27 20:00:00,DEV_002,77
DEV_002_2024-11-28 00:00:00,2024-11-28 00:00:00,DEV_002,1
DEV_002_2024-11-28 04:00:00,2024-11-28 04:00:00,DEV_002,75
DEV_002_2024-11-28 08:00:00,2024-11-28 08:00:00,DEV_002,25
DEV_002_2024-11-28 12:00:00,2024-11-28 12:00:00,DEV_002,99
DEV_002_2024-11-28 16:00:00,2024-11-28 16:00:00,DEV_002,57
DEV_002_2024-11-28 20:00:00,2024-11-28 20:00:00,DEV_002,27
DEV_002_2024-11-29 00:00:00,2024-11-29 00:00:00,DEV_002,85
DEV_002_2024-11-29 04:00:00,2024-11-29 04:00:00,DEV_002,96
DEV_002_2024-11-29 08:00:00,2024-11-29 08:00:00,DEV_002,50
DEV_002_2024-11-29 12:00:00,2024-11-29 12:00:00,DEV_002,74
DEV_002_2024-11-29 16:00:00,2024-11-29 16:00:00,DEV_002,92
DEV_002_2024-11-29 20:00:00,2024-11-29 20:00:00,DEV_002,52
DEV_002_2024-11-30 00:00:00,2024-11-30 00:00:00,DEV_002,22
DEV_002_2024-11-30 04:00:00,2024-11-30 04:00:00,DEV_002,29
DEV_002_2024-11-30 08:00:00,2024-11-30 08:00:00,DEV_002,11
DEV_002_2024-11-30 12:00:00,2024-11-30 12:00:00,DEV_002,52
DEV_002_2024-11-30 16:00:00,2024-11-30 16:00:00,DEV_002,57
DEV_002_2024-11-30 20:00:00,2024-11-30 20:00:00,DEV_002,81
DEV_002_2024-12-01 00:00:00,2024-12-01 00:00:00,DEV_002,10
DEV_002_2024-12-01 04:00:00,2024-12-01 04:00:00,DEV_002,3
DEV_002_2024-12-01 08:00:00,2024-12-01 08:00:00,DEV_002,7
DEV_002_2024-12-01 12:00:00,2024-12-01 12:00:00,DEV_002,89
DEV_002_2024-12-01 16:00:00,2024-12-01 16:00:00,DEV_002,17
DEV_002_2024-12-01 20:00:00,2024-12-01 20:00:00,DEV_002,66
DEV_002_2024-12-02 00:00:00,2024-12-02 00:00:00,DEV_002,75
DEV_002_2024-12-02 04:00:00,2024-12-02 04:00:00,DEV_002,14
DEV_002_2024-12-02 08:00:00,2024-12-02 08:00:00,DEV_002,15
DEV_002_2024-12-02 12:00:00,2024-12-02 12:00:00,DEV_002,33
DEV_002_2024-12-02 16:00:00,2024-12-02 16:00:00,DEV_002,40
DEV_002_2024-12-02 20:00:00,2024-12-02 20:00:00,DEV_002,47
DEV_002_2024-12-03 00:00:00,2024-12-03 00:00:00,DEV_002,90
DEV_002_2024-12-03 04:00:00,2024-12-03 04:00:00,DEV_002,98
DEV_002_2024-12-03 08:00:00,2024-12-03 08:00:00,DEV_002,64
DEV_002_2024-12-03 12:00:00,2024-12-03 12:00:00,DEV_002,76
DEV_002_2024-12-03 16:00:00,2024-12-03 16:00:00,DEV_002,88
DEV_002_2024-12-03 20:00:00,2024-12-03 20:00:00,DEV_002,83
DEV_002_2024-12-04 00:00:00,2024-12-04 00:00:00,DEV_002,32
DEV_002_2024-12-04 04:00:00,2024-12-04 04:00:00,DEV_002,51
DEV_002_2024-12-04 08:00:00,2024-12-04 08:00:00,DEV_002,50
DEV_002_2024-12-04 12:00:00,2024-12-04 12:00:00,DEV_002,3
DEV_002_2024-12-04 16:00:00,2024-12-04 16:00:00,DEV_002,24
DEV_002_2024-12-04 20:00:00,2024-12-04 20:00:00,DEV_002,6
DEV_002_2024-12-05 00:00:00,2024-12-05 00:00:00,DEV_002,52
DEV_002_2024-12-05 04:00:00,2024-12-05 04:00:00,DEV_002,92
DEV_002_2024-12-05 08:00:00,2024-12-05 08:00:00,DEV_002,20
DEV_002_2024-12-05 12:00:00,2024-12-05 12:00:00,DEV_002,2
DEV_002_2024-12-05 16:00:00,2024-12-05 16:00:00,DEV_002,82
DEV_002_2024-12-05 20:00:00,2024-12-05 20:00:00,DEV_002,5
DEV_002_2024-12-06 00:00:00,2024-12-06 00:00:00,DEV_002,84
DEV_002_2024-12-06 04:00:00,2024-12-06 04:00:00,DEV_002,20
DEV_002_2024-12-06 08:00:00,2024-12-06 08:00:00,DEV_002,10
DEV_002_2024-12-06 12:00:00,2024-12-06 12:00:00,DEV_002,89
DEV_002_2024-12-06 16:00:00,2024-12-06 16:00:00,DEV_002,91
DEV_002_2024-12-06 20:00:00,2024-12-06 20:00:00,DEV_002,91
DEV_002_2024-12-07 00:00:00,2024-12-07 00:00:00,DEV_002,51
DEV_002_2024-12-07 04:00:00,2024-12-07 04:00:00,DEV_002,4
DEV_002_2024-12-07 08:00:00,2024-12-07 08:00:00,DEV_002,27
DEV_002_2024-12-07 12:00:00,2024-12-07 12:00:00,DEV_002,62
DEV_002_2024-12-07 16:00:00,2024-12-07 16:00:00,DEV_002,96
DEV_002_2024-12-07 20:00:00,2024-12-07 20:00:00,DEV_002,26
DEV_002_2024-12-08 00:00:00,2024-12-08 00:00:00,DEV_002,82
DEV_002_2024-12-08 04:00:00,2024-12-08 04:00:00,DEV_002,73
DEV_002_2024-12-08 08:00:00,2024-12-08 08:00:00,DEV_002,16
DEV_002_2024-12-08 12:00:00,2024-12-08 12:00:00,DEV_002,8
DEV_002_2024-12-08 16:00:00,2024-12-08 16:00:00,DEV_002,41
DEV_002_2024-12-08 20:00:00,2024-12-08 20:00:00,DEV_002,25
DEV_002_2024-12-09 00:00:00,2024-12-09 00:00:00,DEV_002,35
DEV_002_2024-12-09 04:00:00,2024-12-09 04:00:00,DEV_002,79
DEV_002_2024-12-09 08:00:00,2024-12-09 08:00:00,DEV_002,34
DEV_002_2024-12-09 12:00:00,2024-12-09 12:00:00,DEV_002,56
DEV_002_2024-12-09 16:00:00,2024-12-09 16:00:00,DEV_002,12
DEV_002_2024-12-09 20:00:00,2024-12-09 20:00:00,DEV_002,17
DEV_002_2024-12-10 00:00:00,2024-12-10 00:00:00,DEV_002,12
DEV_002_2024-12-10 04:00:00,2024-12-10 04:00:00,DEV_002,17
DEV_002_2024-12-10 08:00:00,2024-12-10 08:00:00,DEV_002,17
DEV_002_2024-12-10 12:00:00,2024-12-10 12:00:00,DEV_002,72
DEV_002_2024-12-10 16:00:00,2024-12-10 16:00:00,DEV_002,61
DEV_002_2024-12-10 20:00:00,2024-12-10 20:00:00,DEV_002,69
DEV_002_2024-12-11 00:00:00,2024-12-11 00:00:00,DEV_002,59
DEV_002_2024-12-11 04:00:00,2024-12-11 04:00:00,DEV_002,68
DEV_002_2024-12-11 08:00:00,2024-12-11 08:00:00,DEV_002,32
DEV_002_2024-12-11 12:00:00,2024-12-11 12:00:00,DEV_002,92
DEV_002_2024-12-11 16:00:00,2024-12-11 16:00:00,DEV_002,11
DEV_002_2024-12-11 20:00:00,2024-12-11 20:00:00,DEV_002,12
DEV_002_2024-12-12 00:00:00,2024-12-12 00:00:00,DEV_002,13
DEV_002_2024-12-12 04:00:00,2024-12-12 04:00:00,DEV_002,72
DEV_002_2024-12-12 08:00:00,2024-12-12 08:00:00,DEV_002,83
DEV_002_2024-12-12 12:00:00,2024-12-12 12:00:00,DEV_002,95
DEV_002_2024-12-12 16:00:00,2024-12-12 16:00:00,DEV_002,40
DEV_002_2024-12-12 20:00:00,2024-12-12 20:00:00,DEV_002,58
DEV_002_2024-12-13 00:00:00,2024-12-13 00:00:00,DEV_002,26
DEV_002_2024-12-13 04:00:00,2024-12-13 04:00:00,DEV_002,92
DEV_002_2024-12-13 08:00:00,2024-12-13 08:00:00,DEV_002,43
DEV_002_2024-12-13 12:00:00,2024-12-13 12:00:00,DEV_002,91
DEV_002_2024-12-13 16:00:00,2024-12-13 16:00:00,DEV_002,82
DEV_002_2024-12-13 20:00:00,2024-12-13 20:00:00,DEV_002,51
DEV_002_2024-12-14 00:00:00,2024-12-14 00:00:00,DEV_002,14
DEV_002_2024-12-14 04:00:00,2024-12-14 04:00:00,DEV_002,29
DEV_002_2024-12-14 08:00:00,2024-12-14 08:00:00,DEV_002,98
DEV_002_2024-12-14 12:00:00,2024-12-14 12:00:00,DEV_002,9
DEV_002_2024-12-14 16:00:00,2024-12-14 16:00:00,DEV_002,6
DEV_002_2024-12-14 20:00:00,2024-12-14 20:00:00,DEV_002,8
DEV_002_2024-12-15 00:00:00,2024-12-15 00:00:00,DEV_002,72
DEV_002_2024-12-15 04:00:00,2024-12-15 04:00:00,DEV_002,37
DEV_002_2024-12-15 08:00:00,2024-12-15 08:00:00,DEV_002,14
DEV_002_2024-12-15 12:00:00,2024-12-15 12:00:00,DEV_002,8
DEV_002_2024-12-15 16:00:00,2024-12-15 16:00:00,DEV_002,56
DEV_002_2024-12-15 20:00:00,2024-12-15 20:00:00,DEV_002,58
DEV_002_2024-12-16 00:00:00,2024-12-16 00:00:00,DEV_002,42
DEV_002_2024-12-16 04:00:00,2024-12-16 04:00:00,DEV_002,19
DEV_002_2024-12-16 08:00:00,2024-12-16 08:00:00,DEV_002,87
DEV_002_2024-12-16 12:00:00,2024-12-16 12:00:00,DEV_002,7
DEV_002_2024-12-16 16:00:00,2024-12-16 16:00:00,DEV_002,34
DEV_002_2024-12-16 20:00:00,2024-12-16 20:00:00,DEV_002,86
DEV_002_2024-12-17 00:00:00,2024-12-17 00:00:00,DEV_002,44
DEV_002_2024-12-17 04:00:00,2024-12-17 04:00:00,DEV_002,33
DEV_002_2024-12-17 08:00:00,2024-12-17 08:00:00,DEV_002,1
DEV_002_2024-12-17 12:00:00,2024-12-17 12:00:00,DEV_002,87
DEV_002_2024-12-17 16:00:00,2024-12-17 16:00:00,DEV_002,23
DEV_002_2024-12-17 20:00:00,2024-12-17 20:00:00,DEV_002,93
DEV_002_2024-12-18 00:00:00,2024-12-18 00:00:00,DEV_002,49
DEV_002_2024-12-18 04:00:00,2024-12-18 04:00:00,DEV_002,53
DEV_002_2024-12-18 08:00:00,2024-12-18 08:00:00,DEV_002,62
DEV_002_2024-12-18 12:00:00,2024-12-18 12:00:00,DEV_002,91
DEV_002_2024-12-18 16:00:00,2024-12-18 16:00:00,DEV_002,85
DEV_002_2024-12-18 20:00:00,2024-12-18 20:00:00,DEV_002,24
DEV_002_2024-12-19 00:00:00,2024-12-19 00:00:00,DEV_002,3
DEV_002_2024-12-19 04:00:00,2024-12-19 04:00:00,DEV_002,20
DEV_002_2024-12-19 08:00:00,2024-12-19 08:00:00,DEV_002,79
DEV_002_2024-12-19 12:00:00,2024-12-19 12:00:00,DEV_002,87
DEV_002_2024-12-19 16:00:00,2024-12-19 16:00:00,DEV_002,9
DEV_002_2024-12-19 20:00:00,2024-12-19 20:00:00,DEV_002,31
DEV_002_2024-12-20 00:00:00,2024-12-20 00:00:00,DEV_002,76
DEV_002_2024-12-20 04:00:00,2024-12-20 04:00:00,DEV_002,51
DEV_002_2024-12-20 08:00:00,2024-12-20 08:00:00,DEV_002,91
DEV_002_2024-12-20 12:00:00,2024-12-20 12:00:00,DEV_002,98
DEV_002_2024-12-20 16:00:00,2024-12-20 16:00:00,DEV_002,72
DEV_002_2024-12-20 20:00:00,2024-12-20 20:00:00,DEV_002,6
DEV_002_2024-12-21 00:00:00,2024-12-21 00:00:00,DEV_002,7
DEV_002_2024-12-21 04:00:00,2024-12-21 04:00:00,DEV_002,24
DEV_002_2024-12-21 08:00:00,2024-12-21 08:00:00,DEV_002,2
DEV_002_2024-12-21 12:00:00,2024-12-21 12:00:00,DEV_002,93
DEV_002_2024-12-21 16:00:00,2024-12-21 16:00:00,DEV_002,41
DEV_002_2024-12-21 20:00:00,2024-12-21 20:00:00,DEV_002,27
DEV_002_2024-12-22 00:00:00,2024-12-22 00:00:00,DEV_002,2
DEV_002_2024-12-22 04:00:00,2024-12-22 04:00:00,DEV_002,88
DEV_002_2024-12-22 08:00:00,2024-12-22 08:00:00,DEV_002,8
DEV_002_2024-12-22 12:00:00,2024-12-22 12:00:00,DEV_002,28
DEV_002_2024-12-22 16:00:00,2024-12-22 16:00:00,DEV_002,8
DEV_002_2024-12-22 20:00:00,2024-12-22 20:00:00,DEV_002,8
DEV_002_2024-12-23 00:00:00,2024-12-23 00:00:00,DEV_002,21
DEV_002_2024-12-23 04:00:00,2024-12-23 04:00:00,DEV_002,11
DEV_002_2024-12-23 08:00:00,2024-12-23 08:00:00,DEV_002,3
DEV_002_2024-12-23 12:00:00,2024-12-23 12:00:00,DEV_002,99
DEV_002_2024-12-23 16:00:00,2024-12-23 16:00:00,DEV_002,58
DEV_002_2024-12-23 20:00:00,2024-12-23 20:00:00,DEV_002,12
DEV_002_2024-12-24 00:00:00,2024-12-24 00:00:00,DEV_002,9
DEV_002_2024-12-24 04:00:00,2024-12-24 04:00:00,DEV_002,81
DEV_002_2024-12-24 08:00:00,2024-12-24 08:00:00,DEV_002,69
DEV_002_2024-12-24 12:00:00,2024-12-24 12:00:00,DEV_002,97
DEV_002_2024-12-24 16:00:00,2024-12-24 16:00:00,DEV_002,40
DEV_002_2024-12-24 20:00:00,2024-12-24 20:00:00,DEV_002,48
DEV_002_2024-12-25 00:00:00,2024-12-25 00:00:00,DEV_002,24
DEV_002_2024-12-25 04:00:00,2024-12-25 04:00:00,DEV_002,94
DEV_002_2024-12-25 08:00:00,2024-12-25 08:00:00,DEV_002,76
DEV_002_2024-12-25 12:00:00,2024-12-25 12:00:00,DEV_002,35
DEV_002_2024-12-25 16:00:00,2024-12-25 16:00:00,DEV_002,92
DEV_002_2024-12-25 20:00:00,2024-12-25 20:00:00,DEV_002,93
DEV_002_2024-12-26 00:00:00,2024-12-26 00:00:00,DEV_002,7
DEV_002_2024-12-26 04:00:00,2024-12-26 04:00:00,DEV_002,55
DEV_002_2024-12-26 08:00:00,2024-12-26 08:00:00,DEV_002,97
DEV_002_2024-12-26 12:00:00,2024-12-26 12:00:00,DEV_002,26
DEV_002_2024-12-26 16:00:00,2024-12-26 16:00:00,DEV_002,78
DEV_002_2024-12-26 20:00:00,2024-12-26 20:00:00,DEV_002,63
DEV_002_2024-12-27 00:00:00,2024-12-27 00:00:00,DEV_002,73
DEV_002_2024-12-27 04:00:00,2024-12-27 04:00:00,DEV_002,45
DEV_002_2024-12-27 08:00:00,2024-12-27 08:00:00,DEV_002,84
DEV_002_2024-12-27 12:00:00,2024-12-27 12:00:00,DEV_002,69
DEV_002_2024-12-27 16:00:00,2024-12-27 16:00:00,DEV_002,80
DEV_002_2024-12-27 20:00:00,2024-12-27 20:00:00,DEV_002,74
DEV_002_2024-12-28 00:00:00,2024-12-28 00:00:00,DEV_002,27
DEV_002_2024-12-28 04:00:00,2024-12-28 04:00:00,DEV_002,39
DEV_002_2024-12-28 08:00:00,2024-12-28 08:00:00,DEV_002,25
DEV_002_2024-12-28 12:00:00,2024-12-28 12:00:00,DEV_002,49
DEV_002_2024-12-28 16:00:00,2024-12-28 16:00:00,DEV_002,64
DEV_002_2024-12-28 20:00:00,2024-12-28 20:00:00,DEV_002,52
DEV_002_2024-12-29 00:00:00,2024-12-29 00:00:00,DEV_002,1
DEV_002_2024-12-29 04:00:00,2024-12-29 04:00:00,DEV_002,81
DEV_002_2024-12-29 08:00:00,2024-12-29 08:00:00,DEV_002,88
DEV_002_2024-12-29 12:00:00,2024-12-29 12:00:00,DEV_002,34
DEV_002_2024-12-29 16:00:00,2024-12-29 16:00:00,DEV_002,50
DEV_002_2024-12-29 20:00:00,2024-12-29 20:00:00,DEV_002,24
DEV_003_2024-09-01 00:00:00,2024-09-01 00:00:00,DEV_003,1
DEV_003_2024-09-01 01:00:00,2024-09-01 01:00:00,DEV_003,15
DEV_003_2024-09-01 02:00:00,2024-09-01 02:00:00,DEV_003,11
DEV_003_2024-09-01 03:00:00,2024-09-01 03:00:00,DEV_003,16
DEV_003_2024-09-01 04:00:00,2024-09-01 04:00:00,DEV_003,83
DEV_003_2024-09-01 05:00:00,2024-09-01 05:00:00,DEV_003,8
DEV_003_2024-09-01 06:00:00,2024-09-01 06:00:00,DEV_003,14
DEV_003_2024-09-01 07:00:00,2024-09-01 07:00:00,DEV_003,2
DEV_003_2024-09-01 08:00:00,2024-09-01 08:00:00,DEV_003,73
DEV_003_2024-09-01 09:00:00,2024-09-01 09:00:00,DEV_003,90
DEV_003_2024-09-01 10:00:00,2024-09-01 10:00:00,DEV_003,64
DEV_003_2024-09-01 11:00:00,2024-09-01 11:00:00,DEV_003,63
DEV_003_2024-09-01 12:00:00,2024-09-01 12:00:00,DEV_003,39
DEV_003_2024-09-01 13:00:00,2024-09-01 13:00:00,DEV_003,51
DEV_003_2024-09-01 14:00:00,2024-09-01 14:00:00,DEV_003,11
DEV_003_2024-09-01 15:00:00,2024-09-01 15:00:00,DEV_003,19
DEV_003_2024-09-01 16:00:00,2024-09-01 16:00:00,DEV_003,87
DEV_003_2024-09-01 17:00:00,2024-09-01 17:00:00,DEV_003,28
DEV_003_2024-09-01 18:00:00,2024-09-01 18:00:00,DEV_003,7
DEV_003_2024-09-01 19:00:00,2024-09-01 19:00:00,DEV_003,46
DEV_003_2024-09-01 20:00:00,2024-09-01 20:00:00,DEV_003,72
DEV_003_2024-09-01 21:00:00,2024-09-01 21:00:00,DEV_003,79
DEV_003_2024-09-01 22:00:00,2024-09-01 22:00:00,DEV_003,96
DEV_003_2024-09-01 23:00:00,2024-09-01 23:00:00,DEV_003,36
DEV_003_2024-09-02 00:00:00,2024-09-02 00:00:00,DEV_003,32
DEV_003_2024-09-02 01:00:00,2024-09-02 01:00:00,DEV_003,19
DEV_003_2024-09-02 02:00:00,2024-09-02 02:00:00,DEV_003,35
DEV_003_2024-09-02 03:00:00,2024-09-02 03:00:00,DEV_003,25
DEV_003_2024-09-02 04:00:00,2024-09-02 04:00:00,DEV_003,86
DEV_003_2024-09-02 05:00:00,2024-09-02 05:00:00,DEV_003,10
DEV_003_2024-09-02 06:00:00,2024-09-02 06:00:00,DEV_003,8
DEV_003_2024-09-02 07:00:00,2024-09-02 07:00:00,DEV_003,15
DEV_003_2024-09-02 08:00:00,2024-09-02 08:00:00,DEV_003,51
DEV_003_2024-09-02 09:00:00,2024-09-02 09:00:00,DEV_003,2
DEV_003_2024-09-02 10:00:00,2024-09-02 10:00:00,DEV_003,74
DEV_003_2024-09-02 11:00:00,2024-09-02 11:00:00,DEV_003,47
DEV_003_2024-09-02 12:00:00,2024-09-02 12:00:00,DEV_003,43
DEV_003_2024-09-02 13:00:00,2024-09-02 13:00:00,DEV_003,40
DEV_003_2024-09-02 14:00:00,2024-09-02 14:00:00,DEV_003,41
DEV_003_2024-09-02 15:00:00,2024-09-02 15:00:00,DEV_003,48
DEV_003_2024-09-02 16:00:00,2024-09-02 16:00:00,DEV_003,36
DEV_003_2024-09-02 17:00:00,2024-09-02 17:00:00,DEV_003,39
DEV_003_2024-09-02 18:00:00,2024-09-02 18:00:00,DEV_003,80
DEV_003_2024-09-02 19:00:00,2024-09-02 19:00:00,DEV_003,37
DEV_003_2024-09-02 20:00:00,2024-09-02 20:00:00,DEV_003,8
DEV_003_2024-09-02 21:00:00,2024-09-02 21:00:00,DEV_003,23
DEV_003_2024-09-02 22:00:00,2024-09-02 22:00:00,DEV_003,3
DEV_003_2024-09-02 23:00:00,2024-09-02 23:00:00,DEV_003,21
DEV_003_2024-09-03 00:00:00,2024-09-03 00:00:00,DEV_003,47
DEV_003_2024-09-03 01:00:00,2024-09-03 01:00:00,DEV_003,8
DEV_003_2024-09-03 02:00:00,2024-09-03 02:00:00,DEV_003,96
DEV_003_2024-09-03 03:00:00,2024-09-03 03:00:00,DEV_003,87
DEV_003_2024-09-03 04:00:00,2024-09-03 04:00:00,DEV_003,25
DEV_003_2024-09-03 05:00:00,2024-09-03 05:00:00,DEV_003,74
DEV_003_2024-09-03 06:00:00,2024-09-03 06:00:00,DEV_003,22
DEV_003_2024-09-03 07:00:00,2024-09-03 07:00:00,DEV_003,82
DEV_003_2024-09-03 08:00:00,2024-09-03 08:00:00,DEV_003,51
DEV_003_2024-09-03 09:00:00,2024-09-03 09:00:00,DEV_003,37
DEV_003_2024-09-03 10:00:00,2024-09-03 10:00:00,DEV_003,25
DEV_003_2024-09-03 11:00:00,2024-09-03 11:00:00,DEV_003,51
DEV_003_2024-09-03 12:00:00,2024-09-03 12:00:00,DEV_003,79
DEV_003_2024-09-03 13:00:00,2024-09-03 13:00:00,DEV_003,12
DEV_003_2024-09-03 14:00:00,2024-09-03 14:00:00,DEV_003,58
DEV_003_2024-09-03 15:00:00,2024-09-03 15:00:00,DEV_003,92
DEV_003_2024-09-03 16:00:00,2024-09-03 16:00:00,DEV_003,56
DEV_003_2024-09-03 17:00:00,2024-09-03 17:00:00,DEV_003,71
DEV_003_2024-09-03 18:00:00,2024-09-03 18:00:00,DEV_003,48
DEV_003_2024-09-03 19:00:00,2024-09-03 19:00:00,DEV_003,14
DEV_003_2024-09-03 20:00:00,2024-09-03 20:00:00,DEV_003,1
DEV_003_2024-09-03 21:00:00,2024-09-03 21:00:00,DEV_003,93
DEV_003_2024-09-03 22:00:00,2024-09-03 22:00:00,DEV_003,11
DEV_003_2024-09-03 23:00:00,2024-09-03 23:00:00,DEV_003,6
DEV_003_2024-09-04 00:00:00,2024-09-04 00:00:00,DEV_003,81
DEV_003_2024-09-04 01:00:00,2024-09-04 01:00:00,DEV_003,40
DEV_003_2024-09-04 02:00:00,2024-09-04 02:00:00,DEV_003,58
DEV_003_2024-09-04 03:00:00,2024-09-04 03:00:00,DEV_003,32
DEV_003_2024-09-04 04:00:00,2024-09-04 04:00:00,DEV_003,75
DEV_003_2024-09-04 05:00:00,2024-09-04 05:00:00,DEV_003,90
DEV_003_2024-09-04 06:00:00,2024-09-04 06:00:00,DEV_003,57
DEV_003_2024-09-04 07:00:00,2024-09-04 07:00:00,DEV_003,55
DEV_003_2024-09-04 08:00:00,2024-09-04 08:00:00,DEV_003,62
DEV_003_2024-09-04 09:00:00,2024-09-04 09:00:00,DEV_003,6
DEV_003_2024-09-04 10:00:00,2024-09-04 10:00:00,DEV_003,49
DEV_003_2024-09-04 11:00:00,2024-09-04 11:00:00,DEV_003,1
DEV_003_2024-09-04 12:00:00,2024-09-04 12:00:00,DEV_003,12
DEV_003_2024-09-04 13:00:00,2024-09-04 13:00:00,DEV_003,55
DEV_003_2024-09-04 14:00:00,2024-09-04 14:00:00,DEV_003,49
DEV_003_2024-09-04 15:00:00,2024-09-04 15:00:00,DEV_003,79
DEV_003_2024-09-04 16:00:00,2024-09-04 16:00:00,DEV_003,74
DEV_003_2024-09-04 17:00:00,2024-09-04 17:00:00,DEV_003,63
DEV_003_2024-09-04 18:00:00,2024-09-04 18:00:00,DEV_003,16
DEV_003_2024-09-04 19:00:00,2024-09-04 19:00:00,DEV_003,23
DEV_003_2024-09-04 20:00:00,2024-09-04 20:00:00,DEV_003,17
DEV_003_2024-09-04 21:00:00,2024-09-04 21:00:00,DEV_003,5
DEV_003_2024-09-04 22:00:00,2024-09-04 22:00:00,DEV_003,3
DEV_003_2024-09-04 23:00:00,2024-09-04 23:00:00,DEV_003,42
DEV_003_2024-09-05 00:00:00,2024-09-05 00:00:00,DEV_003,91
DEV_003_2024-09-05 01:00:00,2024-09-05 01:00:00,DEV_003,10
DEV_003_2024-09-05 02:00:00,2024-09-05 02:00:00,DEV_003,9
DEV_003_2024-09-05 03:00:00,2024-09-05 03:00:00,DEV_003,3
DEV_003_2024-09-05 04:00:00,2024-09-05 04:00:00,DEV_003,99
DEV_003_2024-09-05 05:00:00,2024-09-05 05:00:00,DEV_003,67
DEV_003_2024-09-05 06:00:00,2024-09-05 06:00:00,DEV_003,69
DEV_003_2024-09-05 07:00:00,2024-09-05 07:00:00,DEV_003,57
DEV_003_2024-09-05 08:00:00,2024-09-05 08:00:00,DEV_003,2
DEV_003_2024-09-05 09:00:00,2024-09-05 09:00:00,DEV_003,56
DEV_003_2024-09-05 10:00:00,2024-09-05 10:00:00,DEV_003,31
DEV_003_2024-09-05 11:00:00,2024-09-05 11:00:00,DEV_003,1
DEV_003_2024-09-05 12:00:00,2024-09-05 12:00:00,DEV_003,57
DEV_003_2024-09-05 13:00:00,2024-09-05 13:00:00,DEV_003,3
DEV_003_2024-09-05 14:00:00,2024-09-05 14:00:00,DEV_003,38
DEV_003_2024-09-05 15:00:00,2024-09-05 15:00:00,DEV_003,42
DEV_003_2024-09-05 16:00:00,2024-09-05 16:00:00,DEV_003,34
DEV_003_2024-09-05 17:00:00,2024-09-05 17:00:00,DEV_003,73
DEV_003_2024-09-05 18:00:00,2024-09-05 18:00:00,DEV_003,34
DEV_003_2024-09-05 19:00:00,2024-09-05 19:00:00,DEV_003,81
DEV_003_2024-09-05 20:00:00,2024-09-05 20:00:00,DEV_003,74
DEV_003_2024-09-05 21:00:00,2024-09-05 21:00:00,DEV_003,9
DEV_003_2024-09-05 22:00:00,2024-09-05 22:00:00,DEV_003,71
DEV_003_2024-09-05 23:00:00,2024-09-05 23:00:00,DEV_003,26
DEV_003_2024-09-06 00:00:00,2024-09-06 00:00:00,DEV_003,47
DEV_003_2024-09-06 01:00:00,2024-09-06 01:00:00,DEV_003,74
DEV_003_2024-09-06 02:00:00,2024-09-06 02:00:00,DEV_003,12
DEV_003_2024-09-06 03:00:00,2024-09-06 03:00:00,DEV_003,66
DEV_003_2024-09-06 04:00:00,2024-09-06 04:00:00,DEV_003,36
DEV_003_2024-09-06 05:00:00,2024-09-06 05:00:00,DEV_003,3
DEV_003_2024-09-06 06:00:00,2024-09-06 06:00:00,DEV_003,31
DEV_003_2024-09-06 07:00:00,2024-09-06 07:00:00,DEV_003,21
DEV_003_2024-09-06 08:00:00,2024-09-06 08:00:00,DEV_003,66
DEV_003_2024-09-06 09:00:00,2024-09-06 09:00:00,DEV_003,43
DEV_003_2024-09-06 10:00:00,2024-09-06 10:00:00,DEV_003,30
DEV_003_2024-09-06 11:00:00,2024-09-06 11:00:00,DEV_003,2
DEV_003_2024-09-06 12:00:00,2024-09-06 12:00:00,DEV_003,41
DEV_003_2024-09-06 13:00:00,2024-09-06 13:00:00,DEV_003,87
DEV_003_2024-09-06 14:00:00,2024-09-06 14:00:00,DEV_003,66
DEV_003_2024-09-06 15:00:00,2024-09-06 15:00:00,DEV_003,43
DEV_003_2024-09-06 16:00:00,2024-09-06 16:00:00,DEV_003,3
DEV_003_2024-09-06 17:00:00,2024-09-06 17:00:00,DEV_003,1
DEV_003_2024-09-06 18:00:00,2024-09-06 18:00:00,DEV_003,1
DEV_003_2024-09-06 19:00:00,2024-09-06 19:00:00,DEV_003,13
DEV_003_2024-09-06 20:00:00,2024-09-06 20:00:00,DEV_003,27
DEV_003_2024-09-06 21:00:00,2024-09-06 21:00:00,DEV_003,55
DEV_003_2024-09-06 22:00:00,2024-09-06 22:00:00,DEV_003,9
DEV_003_2024-09-06 23:00:00,2024-09-06 23:00:00,DEV_003,17
DEV_003_2024-09-07 00:00:00,2024-09-07 00:00:00,DEV_003,91
DEV_003_2024-09-07 01:00:00,2024-09-07 01:00:00,DEV_003,55
DEV_003_2024-09-07 02:00:00,2024-09-07 02:00:00,DEV_003,48
DEV_003_2024-09-07 03:00:00,2024-09-07 03:00:00,DEV_003,94
DEV_003_2024-09-07 04:00:00,2024-09-07 04:00:00,DEV_003,13
DEV_003_2024-09-07 05:00:00,2024-09-07 05:00:00,DEV_003,39
DEV_003_2024-09-07 06:00:00,2024-09-07 06:00:00,DEV_003,40
DEV_003_2024-09-07 07:00:00,2024-09-07 07:00:00,DEV_003,84
DEV_003_2024-09-07 08:00:00,2024-09-07 08:00:00,DEV_003,73
DEV_003_2024-09-07 09:00:00,2024-09-07 09:00:00,DEV_003,53
DEV_003_2024-09-07 10:00:00,2024-09-07 10:00:00,DEV_003,3
DEV_003_2024-09-07 11:00:00,2024-09-07 11:00:00,DEV_003,98
DEV_003_2024-09-07 12:00:00,2024-09-07 12:00:00,DEV_003,48
DEV_003_2024-09-07 13:00:00,2024-09-07 13:00:00,DEV_003,9
DEV_003_2024-09-07 14:00:00,2024-09-07 14:00:00,DEV_003,38
DEV_003_2024-09-07 15:00:00,2024-09-07 15:00:00,DEV_003,28
DEV_003_2024-09-07 16:00:00,2024-09-07 16:00:00,DEV_003,18
DEV_003_2024-09-07 17:00:00,2024-09-07 17:00:00,DEV_003,9
DEV_003_2024-09-07 18:00:00,2024-09-07 18:00:00,DEV_003,43
DEV_003_2024-09-07 19:00:00,2024-09-07 19:00:00,DEV_003,17
DEV_003_2024-09-07 20:00:00,2024-09-07 20:00:00,DEV_003,52
DEV_003_2024-09-07 21:00:00,2024-09-07 21:00:00,DEV_003,56
DEV_003_2024-09-07 22:00:00,2024-09-07 22:00:00,DEV_003,77
DEV_003_2024-09-07 23:00:00,2024-09-07 23:00:00,DEV_003,7
DEV_003_2024-09-08 00:00:00,2024-09-08 00:00:00,DEV_003,92
DEV_003_2024-09-08 01:00:00,2024-09-08 01:00:00,DEV_003,1
DEV_003_2024-09-08 02:00:00,2024-09-08 02:00:00,DEV_003,69
DEV_003_2024-09-08 03:00:00,2024-09-08 03:00:00,DEV_003,41
DEV_003_2024-09-08 04:00:00,2024-09-08 04:00:00,DEV_003,12
DEV_003_2024-09-08 05:00:00,2024-09-08 05:00:00,DEV_003,34
DEV_003_2024-09-08 06:00:00,2024-09-08 06:00:00,DEV_003,24
DEV_003_2024-09-08 07:00:00,2024-09-08 07:00:00,DEV_003,56
DEV_003_2024-09-08 08:00:00,2024-09-08 08:00:00,DEV_003,87
DEV_003_2024-09-08 09:00:00,2024-09-08 09:00:00,DEV_003,20
DEV_003_2024-09-08 10:00:00,2024-09-08 10:00:00,DEV_003,30
DEV_003_2024-09-08 11:00:00,2024-09-08 11:00:00,DEV_003,17
DEV_003_2024-09-08 12:00:00,2024-09-08 12:00:00,DEV_003,51
DEV_003_2024-09-08 13:00:00,2024-09-08 13:00:00,DEV_003,40
DEV_003_2024-09-08 14:00:00,2024-09-08 14:00:00,DEV_003,39
DEV_003_2024-09-08 15:00:00,2024-09-08 15:00:00,DEV_003,53
DEV_003_2024-09-08 16:00:00,2024-09-08 16:00:00,DEV_003,70
DEV_003_2024-09-08 17:00:00,2024-09-08 17:00:00,DEV_003,5
DEV_003_2024-09-08 18:00:00,2024-09-08 18:00:00,DEV_003,1
DEV_003_2024-09-08 19:00:00,2024-09-08 19:00:00,DEV_003,17
DEV_003_2024-09-08 20:00:00,2024-09-08 20:00:00,DEV_003,66
DEV_003_2024-09-08 21:00:00,2024-09-08 21:00:00,DEV_003,44
DEV_003_2024-09-08 22:00:00,2024-09-08 22:00:00,DEV_003,4
DEV_003_2024-09-08 23:00:00,2024-09-08 23:00:00,DEV_003,4
DEV_003_2024-09-09 00:00:00,2024-09-09 00:00:00,DEV_003,48
DEV_003_2024-09-09 01:00:00,2024-09-09 01:00:00,DEV_003,67
DEV_003_2024-09-09 02:00:00,2024-09-09 02:00:00,DEV_003,42
DEV_003_2024-09-09 03:00:00,2024-09-09 03:00:00,DEV_003,41
DEV_003_2024-09-09 04:00:00,2024-09-09 04:00:00,DEV_003,74
DEV_003_2024-09-09 05:00:00,2024-09-09 05:00:00,DEV_003,22
DEV_003_2024-09-09 06:00:00,2024-09-09 06:00:00,DEV_003,21
DEV_003_2024-09-09 07:00:00,2024-09-09 07:00:00,DEV_003,69
DEV_003_2024-09-09 08:00:00,2024-09-09 08:00:00,DEV_003,35
DEV_003_2024-09-09 09:00:00,2024-09-09 09:00:00,DEV_003,89
DEV_003_2024-09-09 10:00:00,2024-09-09 10:00:00,DEV_003,56
DEV_003_2024-09-09 11:00:00,2024-09-09 11:00:00,DEV_003,23
DEV_003_2024-09-09 12:00:00,2024-09-09 12:00:00,DEV_003,16
DEV_003_2024-09-09 13:00:00,2024-09-09 13:00:00,DEV_003,11
DEV_003_2024-09-09 14:00:00,2024-09-09 14:00:00,DEV_003,42
DEV_003_2024-09-09 15:00:00,2024-09-09 15:00:00,DEV_003,97
DEV_003_2024-09-09 16:00:00,2024-09-09 16:00:00,DEV_003,33
DEV_003_2024-09-09 17:00:00,2024-09-09 17:00:00,DEV_003,58
DEV_003_2024-09-09 18:00:00,2024-09-09 18:00:00,DEV_003,23
DEV_003_2024-09-09 19:00:00,2024-09-09 19:00:00,DEV_003,32
DEV_003_2024-09-09 20:00:00,2024-09-09 20:00:00,DEV_003,52
DEV_003_2024-09-09 21:00:00,2024-09-09 21:00:00,DEV_003,61
DEV_003_2024-09-09 22:00:00,2024-09-09 22:00:00,DEV_003,56
DEV_003_2024-09-09 23:00:00,2024-09-09 23:00:00,DEV_003,89
DEV_003_2024-09-10 00:00:00,2024-09-10 00:00:00,DEV_003,17
DEV_003_2024-09-10 01:00:00,2024-09-10 01:00:00,DEV_003,53
DEV_003_2024-09-10 02:00:00,2024-09-10 02:00:00,DEV_003,35
DEV_003_2024-09-10 03:00:00,2024-09-10 03:00:00,DEV_003,15
DEV_003_2024-09-10 04:00:00,2024-09-10 04:00:00,DEV_003,78
DEV_003_2024-09-10 05:00:00,2024-09-10 05:00:00,DEV_003,68
DEV_003_2024-09-10 06:00:00,2024-09-10 06:00:00,DEV_003,21
DEV_003_2024-09-10 07:00:00,2024-09-10 07:00:00,DEV_003,29
DEV_003_2024-09-10 08:00:00,2024-09-10 08:00:00,DEV_003,7
DEV_003_2024-09-10 09:00:00,2024-09-10 09:00:00,DEV_003,77
DEV_003_2024-09-10 10:00:00,2024-09-10 10:00:00,DEV_003,13
DEV_003_2024-09-10 11:00:00,2024-09-10 11:00:00,DEV_003,70
DEV_003_2024-09-10 12:00:00,2024-09-10 12:00:00,DEV_003,70
DEV_003_2024-09-10 13:00:00,2024-09-10 13:00:00,DEV_003,6
DEV_003_2024-09-10 14:00:00,2024-09-10 14:00:00,DEV_003,77
DEV_003_2024-09-10 15:00:00,2024-09-10 15:00:00,DEV_003,1
DEV_003_2024-09-10 16:00:00,2024-09-10 16:00:00,DEV_003,2
DEV_003_2024-09-10 17:00:00,2024-09-10 17:00:00,DEV_003,48
DEV_003_2024-09-10 18:00:00,2024-09-10 18:00:00,DEV_003,85
DEV_003_2024-09-10 19:00:00,2024-09-10 19:00:00,DEV_003,85
DEV_003_2024-09-10 20:00:00,2024-09-10 20:00:00,DEV_003,23
DEV_003_2024-09-10 21:00:00,2024-09-10 21:00:00,DEV_003,28
DEV_003_2024-09-10 22:00:00,2024-09-10 22:00:00,DEV_003,34
DEV_003_2024-09-10 23:00:00,2024-09-10 23:00:00,DEV_003,85
DEV_003_2024-09-11 00:00:00,2024-09-11 00:00:00,DEV_003,81
DEV_003_2024-09-11 01:00:00,2024-09-11 01:00:00,DEV_003,84
DEV_003_2024-09-11 02:00:00,2024-09-11 02:00:00,DEV_003,44
DEV_003_2024-09-11 03:00:00,2024-09-11 03:00:00,DEV_003,69
DEV_003_2024-09-11 04:00:00,2024-09-11 04:00:00,DEV_003,76
DEV_003_2024-09-11 05:00:00,2024-09-11 05:00:00,DEV_003,48
DEV_003_2024-09-11 06:00:00,2024-09-11 06:00:00,DEV_003,13
DEV_003_2024-09-11 07:00:00,2024-09-11 07:00:00,DEV_003,79
DEV_003_2024-09-11 08:00:00,2024-09-11 08:00:00,DEV_003,9
DEV_003_2024-09-11 09:00:00,2024-09-11 09:00:00,DEV_003,40
DEV_003_2024-09-11 10:00:00,2024-09-11 10:00:00,DEV_003,99
DEV_003_2024-09-11 11:00:00,2024-09-11 11:00:00,DEV_003,50
DEV_003_2024-09-11 12:00:00,2024-09-11 12:00:00,DEV_003,48
DEV_003_2024-09-11 13:00:00,2024-09-11 13:00:00,DEV_003,73
DEV_003_2024-09-11 14:00:00,2024-09-11 14:00:00,DEV_003,4
DEV_003_2024-09-11 15:00:00,2024-09-11 15:00:00,DEV_003,1
DEV_003_2024-09-11 16:00:00,2024-09-11 16:00:00,DEV_003,17
DEV_003_2024-09-11 17:00:00,2024-09-11 17:00:00,DEV_003,59
DEV_003_2024-09-11 18:00:00,2024-09-11 18:00:00,DEV_003,76
DEV_003_2024-09-11 19:00:00,2024-09-11 19:00:00,DEV_003,4
DEV_003_2024-09-11 20:00:00,2024-09-11 20:00:00,DEV_003,41
DEV_003_2024-09-11 21:00:00,2024-09-11 21:00:00,DEV_003,3
DEV_003_2024-09-11 22:00:00,2024-09-11 22:00:00,DEV_003,5
DEV_003_2024-09-11 23:00:00,2024-09-11 23:00:00,DEV_003,70
DEV_003_2024-09-12 00:00:00,2024-09-12 00:00:00,DEV_003,50
DEV_003_2024-09-12 01:00:00,2024-09-12 01:00:00,DEV_003,51
DEV_003_2024-09-12 02:00:00,2024-09-12 02:00:00,DEV_003,69
DEV_003_2024-09-12 03:00:00,2024-09-12 03:00:00,DEV_003,31
DEV_003_2024-09-12 04:00:00,2024-09-12 04:00:00,DEV_003,10
DEV_003_2024-09-12 05:00:00,2024-09-12 05:00:00,DEV_003,46
DEV_003_2024-09-12 06:00:00,2024-09-12 06:00:00,DEV_003,22
DEV_003_2024-09-12 07:00:00,2024-09-12 07:00:00,DEV_003,68
DEV_003_2024-09-12 08:00:00,2024-09-12 08:00:00,DEV_003,7
DEV_003_2024-09-12 09:00:00,2024-09-12 09:00:00,DEV_003,91
DEV_003_2024-09-12 10:00:00,2024-09-12 10:00:00,DEV_003,3
DEV_003_2024-09-12 11:00:00,2024-09-12 11:00:00,DEV_003,18
DEV_003_2024-09-12 12:00:00,2024-09-12 12:00:00,DEV_003,38
DEV_003_2024-09-12 13:00:00,2024-09-12 13:00:00,DEV_003,56
DEV_003_2024-09-12 14:00:00,2024-09-12 14:00:00,DEV_003,70
DEV_003_2024-09-12 15:00:00,2024-09-12 15:00:00,DEV_003,60
DEV_003_2024-09-12 16:00:00,2024-09-12 16:00:00,DEV_003,46
DEV_003_2024-09-12 17:00:00,2024-09-12 17:00:00,DEV_003,77
DEV_003_2024-09-12 18:00:00,2024-09-12 18:00:00,DEV_003,96
DEV_003_2024-09-12 19:00:00,2024-09-12 19:00:00,DEV_003,79
DEV_003_2024-09-12 20:00:00,2024-09-12 20:00:00,DEV_003,52
DEV_003_2024-09-12 21:00:00,2024-09-12 21:00:00,DEV_003,15
DEV_003_2024-09-12 22:00:00,2024-09-12 22:00:00,DEV_003,92
DEV_003_2024-09-12 23:00:00,2024-09-12 23:00:00,DEV_003,84
DEV_003_2024-09-13 00:00:00,2024-09-13 00:00:00,DEV_003,63
DEV_003_2024-09-13 01:00:00,2024-09-13 01:00:00,DEV_003,14
DEV_003_2024-09-13 02:00:00,2024-09-13 02:00:00,DEV_003,56
DEV_003_2024-09-13 03:00:00,2024-09-13 03:00:00,DEV_003,5
DEV_003_2024-09-13 04:00:00,2024-09-13 04:00:00,DEV_003,70
DEV_003_2024-09-13 05:00:00,2024-09-13 05:00:00,DEV_003,64
DEV_003_2024-09-13 06:00:00,2024-09-13 06:00:00,DEV_003,92
DEV_003_2024-09-13 07:00:00,2024-09-13 07:00:00,DEV_003,54
DEV_003_2024-09-13 08:00:00,2024-09-13 08:00:00,DEV_003,47
DEV_003_2024-09-13 09:00:00,2024-09-13 09:00:00,DEV_003,27
DEV_003_2024-09-13 10:00:00,2024-09-13 10:00:00,DEV_003,92
DEV_003_2024-09-13 11:00:00,2024-09-13 11:00:00,DEV_003,96
DEV_003_2024-09-13 12:00:00,2024-09-13 12:00:00,DEV_003,14
DEV_003_2024-09-13 13:00:00,2024-09-13 13:00:00,DEV_003,5
DEV_003_2024-09-13 14:00:00,2024-09-13 14:00:00,DEV_003,28
DEV_003_2024-09-13 15:00:00,2024-09-13 15:00:00,DEV_003,78
DEV_003_2024-09-13 16:00:00,2024-09-13 16:00:00,DEV_003,47
DEV_003_2024-09-13 17:00:00,2024-09-13 17:00:00,DEV_003,49
DEV_003_2024-09-13 18:00:00,2024-09-13 18:00:00,DEV_003,27
DEV_003_2024-09-13 19:00:00,2024-09-13 19:00:00,DEV_003,23
DEV_003_2024-09-13 20:00:00,2024-09-13 20:00:00,DEV_003,85
DEV_003_2024-09-13 21:00:00,2024-09-13 21:00:00,DEV_003,24
DEV_003_2024-09-13 22:00:00,2024-09-13 22:00:00,DEV_003,86
DEV_003_2024-09-13 23:00:00,2024-09-13 23:00:00,DEV_003,20
DEV_003_2024-09-14 00:00:00,2024-09-14 00:00:00,DEV_003,66
DEV_003_2024-09-14 01:00:00,2024-09-14 01:00:00,DEV_003,2
DEV_003_2024-09-14 02:00:00,2024-09-14 02:00:00,DEV_003,36
DEV_003_2024-09-14 03:00:00,2024-09-14 03:00:00,DEV_003,36
DEV_003_2024-09-14 04:00:00,2024-09-14 04:00:00,DEV_003,95
DEV_003_2024-09-14 05:00:00,2024-09-14 05:00:00,DEV_003,74
DEV_003_2024-09-14 06:00:00,2024-09-14 06:00:00,DEV_003,20
DEV_003_2024-09-14 07:00:00,2024-09-14 07:00:00,DEV_003,69
DEV_003_2024-09-14 08:00:00,2024-09-14 08:00:00,DEV_003,10
DEV_003_2024-09-14 09:00:00,2024-09-14 09:00:00,DEV_003,29
DEV_003_2024-09-14 10:00:00,2024-09-14 10:00:00,DEV_003,52
DEV_003_2024-09-14 11:00:00,2024-09-14 11:00:00,DEV_003,39
DEV_003_2024-09-14 12:00:00,2024-09-14 12:00:00,DEV_003,21
DEV_003_2024-09-14 13:00:00,2024-09-14 13:00:00,DEV_003,86
DEV_003_2024-09-14 14:00:00,2024-09-14 14:00:00,DEV_003,99
DEV_003_2024-09-14 15:00:00,2024-09-14 15:00:00,DEV_003,9
DEV_003_2024-09-14 16:00:00,2024-09-14 16:00:00,DEV_003,71
DEV_003_2024-09-14 17:00:00,2024-09-14 17:00:00,DEV_003,61
DEV_003_2024-09-14 18:00:00,2024-09-14 18:00:00,DEV_003,19
DEV_003_2024-09-14 19:00:00,2024-09-14 19:00:00,DEV_003,25
DEV_003_2024-09-14 20:00:00,2024-09-14 20:00:00,DEV_003,25
DEV_003_2024-09-14 21:00:00,2024-09-14 21:00:00,DEV_003,9
DEV_003_2024-09-14 22:00:00,2024-09-14 22:00:00,DEV_003,85
DEV_003_2024-09-14 23:00:00,2024-09-14 23:00:00,DEV_003,6
DEV_003_2024-09-15 00:00:00,2024-09-15 00:00:00,DEV_003,17
DEV_003_2024-09-15 01:00:00,2024-09-15 01:00:00,DEV_003,13
DEV_003_2024-09-15 02:00:00,2024-09-15 02:00:00,DEV_003,17
DEV_003_2024-09-15 03:00:00,2024-09-15 03:00:00,DEV_003,82
DEV_003_2024-09-15 04:00:00,2024-09-15 04:00:00,DEV_003,38
DEV_003_2024-09-15 05:00:00,2024-09-15 05:00:00,DEV_003,77
DEV_003_2024-09-15 06:00:00,2024-09-15 06:00:00,DEV_003,10
DEV_003_2024-09-15 07:00:00,2024-09-15 07:00:00,DEV_003,19
DEV_003_2024-09-15 08:00:00,2024-09-15 08:00:00,DEV_003,21
DEV_003_2024-09-15 09:00:00,2024-09-15 09:00:00,DEV_003,69
DEV_003_2024-09-15 10:00:00,2024-09-15 10:00:00,DEV_003,29
DEV_003_2024-09-15 11:00:00,2024-09-15 11:00:00,DEV_003,62
DEV_003_2024-09-15 12:00:00,2024-09-15 12:00:00,DEV_003,9
DEV_003_2024-09-15 13:00:00,2024-09-15 13:00:00,DEV_003,51
DEV_003_2024-09-15 14:00:00,2024-09-15 14:00:00,DEV_003,36
DEV_003_2024-09-15 15:00:00,2024-09-15 15:00:00,DEV_003,99
DEV_003_2024-09-15 16:00:00,2024-09-15 16:00:00,DEV_003,1
DEV_003_2024-09-15 17:00:00,2024-09-15 17:00:00,DEV_003,7
DEV_003_2024-09-15 18:00:00,2024-09-15 18:00:00,DEV_003,44
DEV_003_2024-09-15 19:00:00,2024-09-15 19:00:00,DEV_003,75
DEV_003_2024-09-15 20:00:00,2024-09-15 20:00:00,DEV_003,53
DEV_003_2024-09-15 21:00:00,2024-09-15 21:00:00,DEV_003,31
DEV_003_2024-09-15 22:00:00,2024-09-15 22:00:00,DEV_003,10
DEV_003_2024-09-15 23:00:00,2024-09-15 23:00:00,DEV_003,9
DEV_003_2024-09-16 00:00:00,2024-09-16 00:00:00,DEV_003,21
DEV_003_2024-09-16 01:00:00,2024-09-16 01:00:00,DEV_003,37
DEV_003_2024-09-16 02:00:00,2024-09-16 02:00:00,DEV_003,35
DEV_003_2024-09-16 03:00:00,2024-09-16 03:00:00,DEV_003,27
DEV_003_2024-09-16 04:00:00,2024-09-16 04:00:00,DEV_003,78
DEV_003_2024-09-16 05:00:00,2024-09-16 05:00:00,DEV_003,22
DEV_003_2024-09-16 06:00:00,2024-09-16 06:00:00,DEV_003,44
DEV_003_2024-09-16 07:00:00,2024-09-16 07:00:00,DEV_003,66
DEV_003_2024-09-16 08:00:00,2024-09-16 08:00:00,DEV_003,53
DEV_003_2024-09-16 09:00:00,2024-09-16 09:00:00,DEV_003,38
DEV_003_2024-09-16 10:00:00,2024-09-16 10:00:00,DEV_003,30
DEV_003_2024-09-16 11:00:00,2024-09-16 11:00:00,DEV_003,83
DEV_003_2024-09-16 12:00:00,2024-09-16 12:00:00,DEV_003,50
DEV_003_2024-09-16 13:00:00,2024-09-16 13:00:00,DEV_003,30
DEV_003_2024-09-16 14:00:00,2024-09-16 14:00:00,DEV_003,45
DEV_003_2024-09-16 15:00:00,2024-09-16 15:00:00,DEV_003,6
DEV_003_2024-09-16 16:00:00,2024-09-16 16:00:00,DEV_003,85
DEV_003_2024-09-16 17:00:00,2024-09-16 17:00:00,DEV_003,53
DEV_003_2024-09-16 18:00:00,2024-09-16 18:00:00,DEV_003,38
DEV_003_2024-09-16 19:00:00,2024-09-16 19:00:00,DEV_003,70
DEV_003_2024-09-16 20:00:00,2024-09-16 20:00:00,DEV_003,61
DEV_003_2024-09-16 21:00:00,2024-09-16 21:00:00,DEV_003,95
DEV_003_2024-09-16 22:00:00,2024-09-16 22:00:00,DEV_003,37
DEV_003_2024-09-16 23:00:00,2024-09-16 23:00:00,DEV_003,87
DEV_003_2024-09-17 00:00:00,2024-09-17 00:00:00,DEV_003,93
DEV_003_2024-09-17 01:00:00,2024-09-17 01:00:00,DEV_003,20
DEV_003_2024-09-17 02:00:00,2024-09-17 02:00:00,DEV_003,38
DEV_003_2024-09-17 03:00:00,2024-09-17 03:00:00,DEV_003,37
DEV_003_2024-09-17 04:00:00,2024-09-17 04:00:00,DEV_003,17
DEV_003_2024-09-17 05:00:00,2024-09-17 05:00:00,DEV_003,43
DEV_003_2024-09-17 06:00:00,2024-09-17 06:00:00,DEV_003,56
DEV_003_2024-09-17 07:00:00,2024-09-17 07:00:00,DEV_003,1
DEV_003_2024-09-17 08:00:00,2024-09-17 08:00:00,DEV_003,89
DEV_003_2024-09-17 09:00:00,2024-09-17 09:00:00,DEV_003,48
DEV_003_2024-09-17 10:00:00,2024-09-17 10:00:00,DEV_003,48
DEV_003_2024-09-17 11:00:00,2024-09-17 11:00:00,DEV_003,82
DEV_003_2024-09-17 12:00:00,2024-09-17 12:00:00,DEV_003,86
DEV_003_2024-09-17 13:00:00,2024-09-17 13:00:00,DEV_003,38
DEV_003_2024-09-17 14:00:00,2024-09-17 14:00:00,DEV_003,3
DEV_003_2024-09-17 15:00:00,2024-09-17 15:00:00,DEV_003,74
DEV_003_2024-09-17 16:00:00,2024-09-17 16:00:00,DEV_003,83
DEV_003_2024-09-17 17:00:00,2024-09-17 17:00:00,DEV_003,20
DEV_003_2024-09-17 18:00:00,2024-09-17 18:00:00,DEV_003,27
DEV_003_2024-09-17 19:00:00,2024-09-17 19:00:00,DEV_003,46
DEV_003_2024-09-17 20:00:00,2024-09-17 20:00:00,DEV_003,55
DEV_003_2024-09-17 21:00:00,2024-09-17 21:00:00,DEV_003,66
DEV_003_2024-09-17 22:00:00,2024-09-17 22:00:00,DEV_003,67
DEV_003_2024-09-17 23:00:00,2024-09-17 23:00:00,DEV_003,30
DEV_003_2024-09-18 00:00:00,2024-09-18 00:00:00,DEV_003,97
DEV_003_2024-09-18 01:00:00,2024-09-18 01:00:00,DEV_003,77
DEV_003_2024-09-18 02:00:00,2024-09-18 02:00:00,DEV_003,12
DEV_003_2024-09-18 03:00:00,2024-09-18 03:00:00,DEV_003,61
DEV_003_2024-09-18 04:00:00,2024-09-18 04:00:00,DEV_003,91
DEV_003_2024-09-18 05:00:00,2024-09-18 05:00:00,DEV_003,96
DEV_003_2024-09-18 06:00:00,2024-09-18 06:00:00,DEV_003,74
DEV_003_2024-09-18 07:00:00,2024-09-18 07:00:00,DEV_003,79
DEV_003_2024-09-18 08:00:00,2024-09-18 08:00:00,DEV_003,92
DEV_003_2024-09-18 09:00:00,2024-09-18 09:00:00,DEV_003,13
DEV_003_2024-09-18 10:00:00,2024-09-18 10:00:00,DEV_003,25
DEV_003_2024-09-18 11:00:00,2024-09-18 11:00:00,DEV_003,80
DEV_003_2024-09-18 12:00:00,2024-09-18 12:00:00,DEV_003,44
DEV_003_2024-09-18 13:00:00,2024-09-18 13:00:00,DEV_003,32
DEV_003_2024-09-18 14:00:00,2024-09-18 14:00:00,DEV_003,28
DEV_003_2024-09-18 15:00:00,2024-09-18 15:00:00,DEV_003,14
DEV_003_2024-09-18 16:00:00,2024-09-18 16:00:00,DEV_003,16
DEV_003_2024-09-18 17:00:00,2024-09-18 17:00:00,DEV_003,96
DEV_003_2024-09-18 18:00:00,2024-09-18 18:00:00,DEV_003,32
DEV_003_2024-09-18 19:00:00,2024-09-18 19:00:00,DEV_003,57
DEV_003_2024-09-18 20:00:00,2024-09-18 20:00:00,DEV_003,48
DEV_003_2024-09-18 21:00:00,2024-09-18 21:00:00,DEV_003,33
DEV_003_2024-09-18 22:00:00,2024-09-18 22:00:00,DEV_003,73
DEV_003_2024-09-18 23:00:00,2024-09-18 23:00:00,DEV_003,20
DEV_003_2024-09-19 00:00:00,2024-09-19 00:00:00,DEV_003,63
DEV_003_2024-09-19 01:00:00,2024-09-19 01:00:00,DEV_003,42
DEV_003_2024-09-19 02:00:00,2024-09-19 02:00:00,DEV_003,32
DEV_003_2024-09-19 03:00:00,2024-09-19 03:00:00,DEV_003,77
DEV_003_2024-09-19 04:00:00,2024-09-19 04:00:00,DEV_003,69
DEV_003_2024-09-19 05:00:00,2024-09-19 05:00:00,DEV_003,92
DEV_003_2024-09-19 06:00:00,2024-09-19 06:00:00,DEV_003,3
DEV_003_2024-09-19 07:00:00,2024-09-19 07:00:00,DEV_003,97
DEV_003_2024-09-19 08:00:00,2024-09-19 08:00:00,DEV_003,17
DEV_003_2024-09-19 09:00:00,2024-09-19 09:00:00,DEV_003,85
DEV_003_2024-09-19 10:00:00,2024-09-19 10:00:00,DEV_003,35
DEV_003_2024-09-19 11:00:00,2024-09-19 11:00:00,DEV_003,23
DEV_003_2024-09-19 12:00:00,2024-09-19 12:00:00,DEV_003,9
DEV_003_2024-09-19 13:00:00,2024-09-19 13:00:00,DEV_003,96
DEV_003_2024-09-19 14:00:00,2024-09-19 14:00:00,DEV_003,2
DEV_003_2024-09-19 15:00:00,2024-09-19 15:00:00,DEV_003,87
DEV_003_2024-09-19 16:00:00,2024-09-19 16:00:00,DEV_003,88
DEV_003_2024-09-19 17:00:00,2024-09-19 17:00:00,DEV_003,78
DEV_003_2024-09-19 18:00:00,2024-09-19 18:00:00,DEV_003,76
DEV_003_2024-09-19 19:00:00,2024-09-19 19:00:00,DEV_003,80
DEV_003_2024-09-19 20:00:00,2024-09-19 20:00:00,DEV_003,20
DEV_003_2024-09-19 21:00:00,2024-09-19 21:00:00,DEV_003,79
DEV_003_2024-09-19 22:00:00,2024-09-19 22:00:00,DEV_003,85
DEV_003_2024-09-19 23:00:00,2024-09-19 23:00:00,DEV_003,20
DEV_003_2024-09-20 00:00:00,2024-09-20 00:00:00,DEV_003,39
DEV_003_2024-09-20 01:00:00,2024-09-20 01:00:00,DEV_003,39
DEV_003_2024-09-20 02:00:00,2024-09-20 02:00:00,DEV_003,81
DEV_003_2024-09-20 03:00:00,2024-09-20 03:00:00,DEV_003,75
DEV_003_2024-09-20 04:00:00,2024-09-20 04:00:00,DEV_003,94
DEV_003_2024-09-20 05:00:00,2024-09-20 05:00:00,DEV_003,30
DEV_003_2024-09-20 06:00:00,2024-09-20 06:00:00,DEV_003,26
DEV_003_2024-09-20 07:00:00,2024-09-20 07:00:00,DEV_003,94
DEV_003_2024-09-20 08:00:00,2024-09-20 08:00:00,DEV_003,11
DEV_003_2024-09-20 09:00:00,2024-09-20 09:00:00,DEV_003,40
DEV_003_2024-09-20 10:00:00,2024-09-20 10:00:00,DEV_003,56
DEV_003_2024-09-20 11:00:00,2024-09-20 11:00:00,DEV_003,19
DEV_003_2024-09-20 12:00:00,2024-09-20 12:00:00,DEV_003,72
DEV_003_2024-09-20 13:00:00,2024-09-20 13:00:00,DEV_003,73
DEV_003_2024-09-20 14:00:00,2024-09-20 14:00:00,DEV_003,5
DEV_003_2024-09-20 15:00:00,2024-09-20 15:00:00,DEV_003,52
DEV_003_2024-09-20 16:00:00,2024-09-20 16:00:00,DEV_003,87
DEV_003_2024-09-20 17:00:00,2024-09-20 17:00:00,DEV_003,39
DEV_003_2024-09-20 18:00:00,2024-09-20 18:00:00,DEV_003,65
DEV_003_2024-09-20 19:00:00,2024-09-20 19:00:00,DEV_003,39
DEV_003_2024-09-20 20:00:00,2024-09-20 20:00:00,DEV_003,98
DEV_003_2024-09-20 21:00:00,2024-09-20 21:00:00,DEV_003,67
DEV_003_2024-09-20 22:00:00,2024-09-20 22:00:00,DEV_003,23
DEV_003_2024-09-20 23:00:00,2024-09-20 23:00:00,DEV_003,67
DEV_003_2024-09-21 00:00:00,2024-09-21 00:00:00,DEV_003,87
DEV_003_2024-09-21 01:00:00,2024-09-21 01:00:00,DEV_003,5
DEV_003_2024-09-21 02:00:00,2024-09-21 02:00:00,DEV_003,34
DEV_003_2024-09-21 03:00:00,2024-09-21 03:00:00,DEV_003,81
DEV_003_2024-09-21 04:00:00,2024-09-21 04:00:00,DEV_003,87
DEV_003_2024-09-21 05:00:00,2024-09-21 05:00:00,DEV_003,60
DEV_003_2024-09-21 06:00:00,2024-09-21 06:00:00,DEV_003,11
DEV_003_2024-09-21 07:00:00,2024-09-21 07:00:00,DEV_003,61
DEV_003_2024-09-21 08:00:00,2024-09-21 08:00:00,DEV_003,54
DEV_003_2024-09-21 09:00:00,2024-09-21 09:00:00,DEV_003,85
DEV_003_2024-09-21 10:00:00,2024-09-21 10:00:00,DEV_003,70
DEV_003_2024-09-21 11:00:00,2024-09-21 11:00:00,DEV_003,38
DEV_003_2024-09-21 12:00:00,2024-09-21 12:00:00,DEV_003,49
DEV_003_2024-09-21 13:00:00,2024-09-21 13:00:00,DEV_003,15
DEV_003_2024-09-21 14:00:00,2024-09-21 14:00:00,DEV_003,42
DEV_003_2024-09-21 15:00:00,2024-09-21 15:00:00,DEV_003,32
DEV_003_2024-09-21 16:00:00,2024-09-21 16:00:00,DEV_003,65
DEV_003_2024-09-21 17:00:00,2024-09-21 17:00:00,DEV_003,74
DEV_003_2024-09-21 18:00:00,2024-09-21 18:00:00,DEV_003,19
DEV_003_2024-09-21 19:00:00,2024-09-21 19:00:00,DEV_003,97
DEV_003_2024-09-21 20:00:00,2024-09-21 20:00:00,DEV_003,62
DEV_003_2024-09-21 21:00:00,2024-09-21 21:00:00,DEV_003,27
DEV_003_2024-09-21 22:00:00,2024-09-21 22:00:00,DEV_003,66
DEV_003_2024-09-21 23:00:00,2024-09-21 23:00:00,DEV_003,75
DEV_003_2024-09-22 00:00:00,2024-09-22 00:00:00,DEV_003,70
DEV_003_2024-09-22 01:00:00,2024-09-22 01:00:00,DEV_003,37
DEV_003_2024-09-22 02:00:00,2024-09-22 02:00:00,DEV_003,52
DEV_003_2024-09-22 03:00:00,2024-09-22 03:00:00,DEV_003,92
DEV_003_2024-09-22 04:00:00,2024-09-22 04:00:00,DEV_003,74
DEV_003_2024-09-22 05:00:00,2024-09-22 05:00:00,DEV_003,44
DEV_003_2024-09-22 06:00:00,2024-09-22 06:00:00,DEV_003,98
DEV_003_2024-09-22 07:00:00,2024-09-22 07:00:00,DEV_003,28
DEV_003_2024-09-22 08:00:00,2024-09-22 08:00:00,DEV_003,6
DEV_003_2024-09-22 09:00:00,2024-09-22 09:00:00,DEV_003,91
DEV_003_2024-09-22 10:00:00,2024-09-22 10:00:00,DEV_003,9
DEV_003_2024-09-22 11:00:00,2024-09-22 11:00:00,DEV_003,48
DEV_003_2024-09-22 12:00:00,2024-09-22 12:00:00,DEV_003,35
DEV_003_2024-09-22 13:00:00,2024-09-22 13:00:00,DEV_003,43
DEV_003_2024-09-22 14:00:00,2024-09-22 14:00:00,DEV_003,23
DEV_003_2024-09-22 15:00:00,2024-09-22 15:00:00,DEV_003,70
DEV_003_2024-09-22 16:00:00,2024-09-22 16:00:00,DEV_003,39
DEV_003_2024-09-22 17:00:00,2024-09-22 17:00:00,DEV_003,24
DEV_003_2024-09-22 18:00:00,2024-09-22 18:00:00,DEV_003,79
DEV_003_2024-09-22 19:00:00,2024-09-22 19:00:00,DEV_003,82
DEV_003_2024-09-22 20:00:00,2024-09-22 20:00:00,DEV_003,86
DEV_003_2024-09-22 21:00:00,2024-09-22 21:00:00,DEV_003,27
DEV_003_2024-09-22 22:00:00,2024-09-22 22:00:00,DEV_003,7
DEV_003_2024-09-22 23:00:00,2024-09-22 23:00:00,DEV_003,86
DEV_003_2024-09-23 00:00:00,2024-09-23 00:00:00,DEV_003,8
DEV_003_2024-09-23 01:00:00,2024-09-23 01:00:00,DEV_003,4
DEV_003_2024-09-23 02:00:00,2024-09-23 02:00:00,DEV_003,28
DEV_003_2024-09-23 03:00:00,2024-09-23 03:00:00,DEV_003,97
DEV_003_2024-09-23 04:00:00,2024-09-23 04:00:00,DEV_003,45
DEV_003_2024-09-23 05:00:00,2024-09-23 05:00:00,DEV_003,7
DEV_003_2024-09-23 06:00:00,2024-09-23 06:00:00,DEV_003,43
DEV_003_2024-09-23 07:00:00,2024-09-23 07:00:00,DEV_003,75
DEV_003_2024-09-23 08:00:00,2024-09-23 08:00:00,DEV_003,62
DEV_003_2024-09-23 09:00:00,2024-09-23 09:00:00,DEV_003,93
DEV_003_2024-09-23 10:00:00,2024-09-23 10:00:00,DEV_003,74
DEV_003_2024-09-23 11:00:00,2024-09-23 11:00:00,DEV_003,42
DEV_003_2024-09-23 12:00:00,2024-09-23 12:00:00,DEV_003,90
DEV_003_2024-09-23 13:00:00,2024-09-23 13:00:00,DEV_003,12
DEV_003_2024-09-23 14:00:00,2024-09-23 14:00:00,DEV_003,25
DEV_003_2024-09-23 15:00:00,2024-09-23 15:00:00,DEV_003,95
DEV_003_2024-09-23 16:00:00,2024-09-23 16:00:00,DEV_003,94
DEV_003_2024-09-23 17:00:00,2024-09-23 17:00:00,DEV_003,1
DEV_003_2024-09-23 18:00:00,2024-09-23 18:00:00,DEV_003,43
DEV_003_2024-09-23 19:00:00,2024-09-23 19:00:00,DEV_003,31
DEV_003_2024-09-23 20:00:00,2024-09-23 20:00:00,DEV_003,83
DEV_003_2024-09-23 21:00:00,2024-09-23 21:00:00,DEV_003,25
DEV_003_2024-09-23 22:00:00,2024-09-23 22:00:00,DEV_003,8
DEV_003_2024-09-23 23:00:00,2024-09-23 23:00:00,DEV_003,77
DEV_003_2024-09-24 00:00:00,2024-09-24 00:00:00,DEV_003,29
DEV_003_2024-09-24 01:00:00,2024-09-24 01:00:00,DEV_003,12
DEV_003_2024-09-24 02:00:00,2024-09-24 02:00:00,DEV_003,48
DEV_003_2024-09-24 03:00:00,2024-09-24 03:00:00,DEV_003,81
DEV_003_2024-09-24 04:00:00,2024-09-24 04:00:00,DEV_003,57
DEV_003_2024-09-24 05:00:00,2024-09-24 05:00:00,DEV_003,7
DEV_003_2024-09-24 06:00:00,2024-09-24 06:00:00,DEV_003,3
DEV_003_2024-09-24 07:00:00,2024-09-24 07:00:00,DEV_003,96
DEV_003_2024-09-24 08:00:00,2024-09-24 08:00:00,DEV_003,15
DEV_003_2024-09-24 09:00:00,2024-09-24 09:00:00,DEV_003,53
DEV_003_2024-09-24 10:00:00,2024-09-24 10:00:00,DEV_003,43
DEV_003_2024-09-24 11:00:00,2024-09-24 11:00:00,DEV_003,56
DEV_003_2024-09-24 12:00:00,2024-09-24 12:00:00,DEV_003,70
DEV_003_2024-09-24 13:00:00,2024-09-24 13:00:00,DEV_003,54
DEV_003_2024-09-24 14:00:00,2024-09-24 14:00:00,DEV_003,5
DEV_003_2024-09-24 15:00:00,2024-09-24 15:00:00,DEV_003,21
DEV_003_2024-09-24 16:00:00,2024-09-24 16:00:00,DEV_003,50
DEV_003_2024-09-24 17:00:00,2024-09-24 17:00:00,DEV_003,94
DEV_003_2024-09-24 18:00:00,2024-09-24 18:00:00,DEV_003,62
DEV_003_2024-09-24 19:00:00,2024-09-24 19:00:00,DEV_003,28
DEV_003_2024-09-24 20:00:00,2024-09-24 20:00:00,DEV_003,16
DEV_003_2024-09-24 21:00:00,2024-09-24 21:00:00,DEV_003,20
DEV_003_2024-09-24 22:00:00,2024-09-24 22:00:00,DEV_003,21
DEV_003_2024-09-24 23:00:00,2024-09-24 23:00:00,DEV_003,73
DEV_003_2024-09-25 00:00:00,2024-09-25 00:00:00,DEV_003,61
DEV_003_2024-09-25 01:00:00,2024-09-25 01:00:00,DEV_003,94
DEV_003_2024-09-25 02:00:00,2024-09-25 02:00:00,DEV_003,76
DEV_003_2024-09-25 03:00:00,2024-09-25 03:00:00,DEV_003,47
DEV_003_2024-09-25 04:00:00,2024-09-25 04:00:00,DEV_003,21
DEV_003_2024-09-25 05:00:00,2024-09-25 05:00:00,DEV_003,97
DEV_003_2024-09-25 06:00:00,2024-09-25 06:00:00,DEV_003,62
DEV_003_2024-09-25 07:00:00,2024-09-25 07:00:00,DEV_003,32
DEV_003_2024-09-25 08:00:00,2024-09-25 08:00:00,DEV_003,88
DEV_003_2024-09-25 09:00:00,2024-09-25 09:00:00,DEV_003,52
DEV_003_2024-09-25 10:00:00,2024-09-25 10:00:00,DEV_003,74
DEV_003_2024-09-25 11:00:00,2024-09-25 11:00:00,DEV_003,82
DEV_003_2024-09-25 12:00:00,2024-09-25 12:00:00,DEV_003,15
DEV_003_2024-09-25 13:00:00,2024-09-25 13:00:00,DEV_003,24
DEV_003_2024-09-25 14:00:00,2024-09-25 14:00:00,DEV_003,4
DEV_003_2024-09-25 15:00:00,2024-09-25 15:00:00,DEV_003,74
DEV_003_2024-09-25 16:00:00,2024-09-25 16:00:00,DEV_003,92
DEV_003_2024-09-25 17:00:00,2024-09-25 17:00:00,DEV_003,75
DEV_003_2024-09-25 18:00:00,2024-09-25 18:00:00,DEV_003,39
DEV_003_2024-09-25 19:00:00,2024-09-25 19:00:00,DEV_003,22
DEV_003_2024-09-25 20:00:00,2024-09-25 20:00:00,DEV_003,71
DEV_003_2024-09-25 21:00:00,2024-09-25 21:00:00,DEV_003,6
DEV_003_2024-09-25 22:00:00,2024-09-25 22:00:00,DEV_003,25
DEV_003_2024-09-25 23:00:00,2024-09-25 23:00:00,DEV_003,45
DEV_003_2024-09-26 00:00:00,2024-09-26 00:00:00,DEV_003,1
DEV_003_2024-09-26 01:00:00,2024-09-26 01:00:00,DEV_003,12
DEV_003_2024-09-26 02:00:00,2024-09-26 02:00:00,DEV_003,22
DEV_003_2024-09-26 03:00:00,2024-09-26 03:00:00,DEV_003,94
DEV_003_2024-09-26 04:00:00,2024-09-26 04:00:00,DEV_003,89
DEV_003_2024-09-26 05:00:00,2024-09-26 05:00:00,DEV_003,19
DEV_003_2024-09-26 06:00:00,2024-09-26 06:00:00,DEV_003,63
DEV_003_2024-09-26 07:00:00,2024-09-26 07:00:00,DEV_003,10
DEV_003_2024-09-26 08:00:00,2024-09-26 08:00:00,DEV_003,69
DEV_003_2024-09-26 09:00:00,2024-09-26 09:00:00,DEV_003,67
DEV_003_2024-09-26 10:00:00,2024-09-26 10:00:00,DEV_003,1
DEV_003_2024-09-26 11:00:00,2024-09-26 11:00:00,DEV_003,15
DEV_003_2024-09-26 12:00:00,2024-09-26 12:00:00,DEV_003,60
DEV_003_2024-09-26 13:00:00,2024-09-26 13:00:00,DEV_003,7
DEV_003_2024-09-26 14:00:00,2024-09-26 14:00:00,DEV_003,50
DEV_003_2024-09-26 15:00:00,2024-09-26 15:00:00,DEV_003,1
DEV_003_2024-09-26 16:00:00,2024-09-26 16:00:00,DEV_003,41
DEV_003_2024-09-26 17:00:00,2024-09-26 17:00:00,DEV_003,21
DEV_003_2024-09-26 18:00:00,2024-09-26 18:00:00,DEV_003,28
DEV_003_2024-09-26 19:00:00,2024-09-26 19:00:00,DEV_003,57
DEV_003_2024-09-26 20:00:00,2024-09-26 20:00:00,DEV_003,43
DEV_003_2024-09-26 21:00:00,2024-09-26 21:00:00,DEV_003,11
DEV_003_2024-09-26 22:00:00,2024-09-26 22:00:00,DEV_003,82
DEV_003_2024-09-26 23:00:00,2024-09-26 23:00:00,DEV_003,47
DEV_003_2024-09-27 00:00:00,2024-09-27 00:00:00,DEV_003,62
DEV_003_2024-09-27 01:00:00,2024-09-27 01:00:00,DEV_003,50
DEV_003_2024-09-27 02:00:00,2024-09-27 02:00:00,DEV_003,30
DEV_003_2024-09-27 03:00:00,2024-09-27 03:00:00,DEV_003,54
DEV_003_2024-09-27 04:00:00,2024-09-27 04:00:00,DEV_003,25
DEV_003_2024-09-27 05:00:00,2024-09-27 05:00:00,DEV_003,85
DEV_003_2024-09-27 06:00:00,2024-09-27 06:00:00,DEV_003,95
DEV_003_2024-09-27 07:00:00,2024-09-27 07:00:00,DEV_003,58
DEV_003_2024-09-27 08:00:00,2024-09-27 08:00:00,DEV_003,9
DEV_003_2024-09-27 09:00:00,2024-09-27 09:00:00,DEV_003,45
DEV_003_2024-09-27 10:00:00,2024-09-27 10:00:00,DEV_003,7
DEV_003_2024-09-27 11:00:00,2024-09-27 11:00:00,DEV_003,67
DEV_003_2024-09-27 12:00:00,2024-09-27 12:00:00,DEV_003,44
DEV_003_2024-09-27 13:00:00,2024-09-27 13:00:00,DEV_003,7
DEV_003_2024-09-27 14:00:00,2024-09-27 14:00:00,DEV_003,61
DEV_003_2024-09-27 15:00:00,2024-09-27 15:00:00,DEV_003,41
DEV_003_2024-09-27 16:00:00,2024-09-27 16:00:00,DEV_003,89
DEV_003_2024-09-27 17:00:00,2024-09-27 17:00:00,DEV_003,93
DEV_003_2024-09-27 18:00:00,2024-09-27 18:00:00,DEV_003,48
DEV_003_2024-09-27 19:00:00,2024-09-27 19:00:00,DEV_003,58
DEV_003_2024-09-27 20:00:00,2024-09-27 20:00:00,DEV_003,17
DEV_003_2024-09-27 21:00:00,2024-09-27 21:00:00,DEV_003,54
DEV_003_2024-09-27 22:00:00,2024-09-27 22:00:00,DEV_003,78
DEV_003_2024-09-27 23:00:00,2024-09-27 23:00:00,DEV_003,66
DEV_003_2024-09-28 00:00:00,2024-09-28 00:00:00,DEV_003,40
DEV_003_2024-09-28 01:00:00,2024-09-28 01:00:00,DEV_003,66
DEV_003_2024-09-28 02:00:00,2024-09-28 02:00:00,DEV_003,20
DEV_003_2024-09-28 03:00:00,2024-09-28 03:00:00,DEV_003,66
DEV_003_2024-09-28 04:00:00,2024-09-28 04:00:00,DEV_003,81
DEV_003_2024-09-28 05:00:00,2024-09-28 05:00:00,DEV_003,30
DEV_003_2024-09-28 06:00:00,2024-09-28 06:00:00,DEV_003,47
DEV_003_2024-09-28 07:00:00,2024-09-28 07:00:00,DEV_003,6
DEV_003_2024-09-28 08:00:00,2024-09-28 08:00:00,DEV_003,58
DEV_003_2024-09-28 09:00:00,2024-09-28 09:00:00,DEV_003,68
DEV_003_2024-09-28 10:00:00,2024-09-28 10:00:00,DEV_003,71
DEV_003_2024-09-28 11:00:00,2024-09-28 11:00:00,DEV_003,61
DEV_003_2024-09-28 12:00:00,2024-09-28 12:00:00,DEV_003,3
DEV_003_2024-09-28 13:00:00,2024-09-28 13:00:00,DEV_003,3
DEV_003_2024-09-28 14:00:00,2024-09-28 14:00:00,DEV_003,54
DEV_003_2024-09-28 15:00:00,2024-09-28 15:00:00,DEV_003,36
DEV_003_2024-09-28 16:00:00,2024-09-28 16:00:00,DEV_003,56
DEV_003_2024-09-28 17:00:00,2024-09-28 17:00:00,DEV_003,16
DEV_003_2024-09-28 18:00:00,2024-09-28 18:00:00,DEV_003,43
DEV_003_2024-09-28 19:00:00,2024-09-28 19:00:00,DEV_003,7
DEV_003_2024-09-28 20:00:00,2024-09-28 20:00:00,DEV_003,78
DEV_003_2024-09-28 21:00:00,2024-09-28 21:00:00,DEV_003,37
DEV_003_2024-09-28 22:00:00,2024-09-28 22:00:00,DEV_003,65
DEV_003_2024-09-28 23:00:00,2024-09-28 23:00:00,DEV_003,41
DEV_003_2024-09-29 00:00:00,2024-09-29 00:00:00,DEV_003,28
DEV_003_2024-09-29 01:00:00,2024-09-29 01:00:00,DEV_003,70
DEV_003_2024-09-29 02:00:00,2024-09-29 02:00:00,DEV_003,6
DEV_003_2024-09-29 03:00:00,2024-09-29 03:00:00,DEV_003,88
DEV_003_2024-09-29 04:00:00,2024-09-29 04:00:00,DEV_003,34
DEV_003_2024-09-29 05:00:00,2024-09-29 05:00:00,DEV_003,34
DEV_003_2024-09-29 06:00:00,2024-09-29 06:00:00,DEV_003,94
DEV_003_2024-09-29 07:00:00,2024-09-29 07:00:00,DEV_003,49
DEV_003_2024-09-29 08:00:00,2024-09-29 08:00:00,DEV_003,57
DEV_003_2024-09-29 09:00:00,2024-09-29 09:00:00,DEV_003,84
DEV_003_2024-09-29 10:00:00,2024-09-29 10:00:00,DEV_003,70
DEV_003_2024-09-29 11:00:00,2024-09-29 11:00:00,DEV_003,54
DEV_003_2024-09-29 12:00:00,2024-09-29 12:00:00,DEV_003,3
DEV_003_2024-09-29 13:00:00,2024-09-29 13:00:00,DEV_003,82
DEV_003_2024-09-29 14:00:00,2024-09-29 14:00:00,DEV_003,53
DEV_003_2024-09-29 15:00:00,2024-09-29 15:00:00,DEV_003,95
DEV_003_2024-09-29 16:00:00,2024-09-29 16:00:00,DEV_003,31
DEV_003_2024-09-29 17:00:00,2024-09-29 17:00:00,DEV_003,62
DEV_003_2024-09-29 18:00:00,2024-09-29 18:00:00,DEV_003,82
DEV_003_2024-09-29 19:00:00,2024-09-29 19:00:00,DEV_003,6
DEV_003_2024-09-29 20:00:00,2024-09-29 20:00:00,DEV_003,18
DEV_003_2024-09-29 21:00:00,2024-09-29 21:00:00,DEV_003,61
DEV_003_2024-09-29 22:00:00,2024-09-29 22:00:00,DEV_003,31
DEV_003_2024-09-29 23:00:00,2024-09-29 23:00:00,DEV_003,4
DEV_003_2024-09-30 00:00:00,2024-09-30 00:00:00,DEV_003,99
DEV_003_2024-09-30 01:00:00,2024-09-30 01:00:00,DEV_003,93
DEV_003_2024-09-30 02:00:00,2024-09-30 02:00:00,DEV_003,45
DEV_003_2024-09-30 03:00:00,2024-09-30 03:00:00,DEV_003,53
DEV_003_2024-09-30 04:00:00,2024-09-30 04:00:00,DEV_003,36
DEV_003_2024-09-30 05:00:00,2024-09-30 05:00:00,DEV_003,81
DEV_003_2024-09-30 06:00:00,2024-09-30 06:00:00,DEV_003,60
DEV_003_2024-09-30 07:00:00,2024-09-30 07:00:00,DEV_003,84
DEV_003_2024-09-30 08:00:00,2024-09-30 08:00:00,DEV_003,84
DEV_003_2024-09-30 09:00:00,2024-09-30 09:00:00,DEV_003,97
DEV_003_2024-09-30 10:00:00,2024-09-30 10:00:00,DEV_003,51
DEV_003_2024-09-30 11:00:00,2024-09-30 11:00:00,DEV_003,82
DEV_003_2024-09-30 12:00:00,2024-09-30 12:00:00,DEV_003,47
DEV_003_2024-09-30 13:00:00,2024-09-30 13:00:00,DEV_003,66
DEV_003_2024-09-30 14:00:00,2024-09-30 14:00:00,DEV_003,69
DEV_003_2024-09-30 15:00:00,2024-09-30 15:00:00,DEV_003,6
DEV_003_2024-09-30 16:00:00,2024-09-30 16:00:00,DEV_003,42
DEV_003_2024-09-30 17:00:00,2024-09-30 17:00:00,DEV_003,91
DEV_003_2024-09-30 18:00:00,2024-09-30 18:00:00,DEV_003,24
DEV_003_2024-09-30 19:00:00,2024-09-30 19:00:00,DEV_003,69
DEV_003_2024-09-30 20:00:00,2024-09-30 20:00:00,DEV_003,87
DEV_003_2024-09-30 21:00:00,2024-09-30 21:00:00,DEV_003,84
DEV_003_2024-09-30 22:00:00,2024-09-30 22:00:00,DEV_003,91
DEV_003_2024-09-30 23:00:00,2024-09-30 23:00:00,DEV_003,37
DEV_003_2024-10-01 00:00:00,2024-10-01 00:00:00,DEV_003,10
DEV_003_2024-10-01 01:00:00,2024-10-01 01:00:00,DEV_003,1
DEV_003_2024-10-01 02:00:00,2024-10-01 02:00:00,DEV_003,77
DEV_003_2024-10-01 03:00:00,2024-10-01 03:00:00,DEV_003,4
DEV_003_2024-10-01 04:00:00,2024-10-01 04:00:00,DEV_003,25
DEV_003_2024-10-01 05:00:00,2024-10-01 05:00:00,DEV_003,80
DEV_003_2024-10-01 06:00:00,2024-10-01 06:00:00,DEV_003,28
DEV_003_2024-10-01 07:00:00,2024-10-01 07:00:00,DEV_003,78
DEV_003_2024-10-01 08:00:00,2024-10-01 08:00:00,DEV_003,57
DEV_003_2024-10-01 09:00:00,2024-10-01 09:00:00,DEV_003,65
DEV_003_2024-10-01 10:00:00,2024-10-01 10:00:00,DEV_003,56
DEV_003_2024-10-01 11:00:00,2024-10-01 11:00:00,DEV_003,89
DEV_003_2024-10-01 12:00:00,2024-10-01 12:00:00,DEV_003,89
DEV_003_2024-10-01 13:00:00,2024-10-01 13:00:00,DEV_003,5
DEV_003_2024-10-01 14:00:00,2024-10-01 14:00:00,DEV_003,19
DEV_003_2024-10-01 15:00:00,2024-10-01 15:00:00,DEV_003,33
DEV_003_2024-10-01 16:00:00,2024-10-01 16:00:00,DEV_003,9
DEV_003_2024-10-01 17:00:00,2024-10-01 17:00:00,DEV_003,10
DEV_003_2024-10-01 18:00:00,2024-10-01 18:00:00,DEV_003,35
DEV_003_2024-10-01 19:00:00,2024-10-01 19:00:00,DEV_003,35
DEV_003_2024-10-01 20:00:00,2024-10-01 20:00:00,DEV_003,9
DEV_003_2024-10-01 21:00:00,2024-10-01 21:00:00,DEV_003,50
DEV_003_2024-10-01 22:00:00,2024-10-01 22:00:00,DEV_003,10
DEV_003_2024-10-01 23:00:00,2024-10-01 23:00:00,DEV_003,75
DEV_003_2024-10-02 00:00:00,2024-10-02 00:00:00,DEV_003,34
DEV_003_2024-10-02 01:00:00,2024-10-02 01:00:00,DEV_003,22
DEV_003_2024-10-02 02:00:00,2024-10-02 02:00:00,DEV_003,67
DEV_003_2024-10-02 03:00:00,2024-10-02 03:00:00,DEV_003,2
DEV_003_2024-10-02 04:00:00,2024-10-02 04:00:00,DEV_003,60
DEV_003_2024-10-02 05:00:00,2024-10-02 05:00:00,DEV_003,76
DEV_003_2024-10-02 06:00:00,2024-10-02 06:00:00,DEV_003,30
DEV_003_2024-10-02 07:00:00,2024-10-02 07:00:00,DEV_003,27
DEV_003_2024-10-02 08:00:00,2024-10-02 08:00:00,DEV_003,80
DEV_003_2024-10-02 09:00:00,2024-10-02 09:00:00,DEV_003,28
DEV_003_2024-10-02 10:00:00,2024-10-02 10:00:00,DEV_003,45
DEV_003_2024-10-02 11:00:00,2024-10-02 11:00:00,DEV_003,14
DEV_003_2024-10-02 12:00:00,2024-10-02 12:00:00,DEV_003,80
DEV_003_2024-10-02 13:00:00,2024-10-02 13:00:00,DEV_003,13
DEV_003_2024-10-02 14:00:00,2024-10-02 14:00:00,DEV_003,95
DEV_003_2024-10-02 15:00:00,2024-10-02 15:00:00,DEV_003,61
DEV_003_2024-10-02 16:00:00,2024-10-02 16:00:00,DEV_003,64
DEV_003_2024-10-02 17:00:00,2024-10-02 17:00:00,DEV_003,16
DEV_003_2024-10-02 18:00:00,2024-10-02 18:00:00,DEV_003,87
DEV_003_2024-10-02 19:00:00,2024-10-02 19:00:00,DEV_003,60
DEV_003_2024-10-02 20:00:00,2024-10-02 20:00:00,DEV_003,27
DEV_003_2024-10-02 21:00:00,2024-10-02 21:00:00,DEV_003,90
DEV_003_2024-10-02 22:00:00,2024-10-02 22:00:00,DEV_003,60
DEV_003_2024-10-02 23:00:00,2024-10-02 23:00:00,DEV_003,24
DEV_003_2024-10-03 00:00:00,2024-10-03 00:00:00,DEV_003,96
DEV_003_2024-10-03 01:00:00,2024-10-03 01:00:00,DEV_003,80
DEV_003_2024-10-03 02:00:00,2024-10-03 02:00:00,DEV_003,90
DEV_003_2024-10-03 03:00:00,2024-10-03 03:00:00,DEV_003,22
DEV_003_2024-10-03 04:00:00,2024-10-03 04:00:00,DEV_003,34
DEV_003_2024-10-03 05:00:00,2024-10-03 05:00:00,DEV_003,20
DEV_003_2024-10-03 06:00:00,2024-10-03 06:00:00,DEV_003,28
DEV_003_2024-10-03 07:00:00,2024-10-03 07:00:00,DEV_003,85
DEV_003_2024-10-03 08:00:00,2024-10-03 08:00:00,DEV_003,9
DEV_003_2024-10-03 09:00:00,2024-10-03 09:00:00,DEV_003,89
DEV_003_2024-10-03 10:00:00,2024-10-03 10:00:00,DEV_003,8
DEV_003_2024-10-03 11:00:00,2024-10-03 11:00:00,DEV_003,17
DEV_003_2024-10-03 12:00:00,2024-10-03 12:00:00,DEV_003,52
DEV_003_2024-10-03 13:00:00,2024-10-03 13:00:00,DEV_003,29
DEV_003_2024-10-03 14:00:00,2024-10-03 14:00:00,DEV_003,89
DEV_003_2024-10-03 15:00:00,2024-10-03 15:00:00,DEV_003,76
DEV_003_2024-10-03 16:00:00,2024-10-03 16:00:00,DEV_003,26
DEV_003_2024-10-03 17:00:00,2024-10-03 17:00:00,DEV_003,72
DEV_003_2024-10-03 18:00:00,2024-10-03 18:00:00,DEV_003,44
DEV_003_2024-10-03 19:00:00,2024-10-03 19:00:00,DEV_003,76
DEV_003_2024-10-03 20:00:00,2024-10-03 20:00:00,DEV_003,84
DEV_003_2024-10-03 21:00:00,2024-10-03 21:00:00,DEV_003,40
DEV_003_2024-10-03 22:00:00,2024-10-03 22:00:00,DEV_003,43
DEV_003_2024-10-03 23:00:00,2024-10-03 23:00:00,DEV_003,62
DEV_003_2024-10-04 00:00:00,2024-10-04 00:00:00,DEV_003,76
DEV_003_2024-10-04 01:00:00,2024-10-04 01:00:00,DEV_003,65
DEV_003_2024-10-04 02:00:00,2024-10-04 02:00:00,DEV_003,93
DEV_003_2024-10-04 03:00:00,2024-10-04 03:00:00,DEV_003,82
DEV_003_2024-10-04 04:00:00,2024-10-04 04:00:00,DEV_003,24
DEV_003_2024-10-04 05:00:00,2024-10-04 05:00:00,DEV_003,1
DEV_003_2024-10-04 06:00:00,2024-10-04 06:00:00,DEV_003,43
DEV_003_2024-10-04 07:00:00,2024-10-04 07:00:00,DEV_003,8
DEV_003_2024-10-04 08:00:00,2024-10-04 08:00:00,DEV_003,46
DEV_003_2024-10-04 09:00:00,2024-10-04 09:00:00,DEV_003,68
DEV_003_2024-10-04 10:00:00,2024-10-04 10:00:00,DEV_003,69
DEV_003_2024-10-04 11:00:00,2024-10-04 11:00:00,DEV_003,33
DEV_003_2024-10-04 12:00:00,2024-10-04 12:00:00,DEV_003,83
DEV_003_2024-10-04 13:00:00,2024-10-04 13:00:00,DEV_003,31
DEV_003_2024-10-04 14:00:00,2024-10-04 14:00:00,DEV_003,4
DEV_003_2024-10-04 15:00:00,2024-10-04 15:00:00,DEV_003,59
DEV_003_2024-10-04 16:00:00,2024-10-04 16:00:00,DEV_003,81
DEV_003_2024-10-04 17:00:00,2024-10-04 17:00:00,DEV_003,3
DEV_003_2024-10-04 18:00:00,2024-10-04 18:00:00,DEV_003,87
DEV_003_2024-10-04 19:00:00,2024-10-04 19:00:00,DEV_003,62
DEV_003_2024-10-04 20:00:00,2024-10-04 20:00:00,DEV_003,19
DEV_003_2024-10-04 21:00:00,2024-10-04 21:00:00,DEV_003,71
DEV_003_2024-10-04 22:00:00,2024-10-04 22:00:00,DEV_003,77
DEV_003_2024-10-04 23:00:00,2024-10-04 23:00:00,DEV_003,64
DEV_003_2024-10-05 00:00:00,2024-10-05 00:00:00,DEV_003,85
DEV_003_2024-10-05 01:00:00,2024-10-05 01:00:00,DEV_003,42
DEV_003_2024-10-05 02:00:00,2024-10-05 02:00:00,DEV_003,67
DEV_003_2024-10-05 03:00:00,2024-10-05 03:00:00,DEV_003,99
DEV_003_2024-10-05 04:00:00,2024-10-05 04:00:00,DEV_003,35
DEV_003_2024-10-05 05:00:00,2024-10-05 05:00:00,DEV_003,20
DEV_003_2024-10-05 06:00:00,2024-10-05 06:00:00,DEV_003,47
DEV_003_2024-10-05 07:00:00,2024-10-05 07:00:00,DEV_003,86
DEV_003_2024-10-05 08:00:00,2024-10-05 08:00:00,DEV_003,29
DEV_003_2024-10-05 09:00:00,2024-10-05 09:00:00,DEV_003,97
DEV_003_2024-10-05 10:00:00,2024-10-05 10:00:00,DEV_003,38
DEV_003_2024-10-05 11:00:00,2024-10-05 11:00:00,DEV_003,81
DEV_003_2024-10-05 12:00:00,2024-10-05 12:00:00,DEV_003,93
DEV_003_2024-10-05 13:00:00,2024-10-05 13:00:00,DEV_003,77
DEV_003_2024-10-05 14:00:00,2024-10-05 14:00:00,DEV_003,15
DEV_003_2024-10-05 15:00:00,2024-10-05 15:00:00,DEV_003,39
DEV_003_2024-10-05 16:00:00,2024-10-05 16:00:00,DEV_003,66
DEV_003_2024-10-05 17:00:00,2024-10-05 17:00:00,DEV_003,95
DEV_003_2024-10-05 18:00:00,2024-10-05 18:00:00,DEV_003,7
DEV_003_2024-10-05 19:00:00,2024-10-05 19:00:00,DEV_003,2
DEV_003_2024-10-05 20:00:00,2024-10-05 20:00:00,DEV_003,39
DEV_003_2024-10-05 21:00:00,2024-10-05 21:00:00,DEV_003,44
DEV_003_2024-10-05 22:00:00,2024-10-05 22:00:00,DEV_003,61
DEV_003_2024-10-05 23:00:00,2024-10-05 23:00:00,DEV_003,90
DEV_003_2024-10-06 00:00:00,2024-10-06 00:00:00,DEV_003,19
DEV_003_2024-10-06 01:00:00,2024-10-06 01:00:00,DEV_003,42
DEV_003_2024-10-06 02:00:00,2024-10-06 02:00:00,DEV_003,46
DEV_003_2024-10-06 03:00:00,2024-10-06 03:00:00,DEV_003,26
DEV_003_2024-10-06 04:00:00,2024-10-06 04:00:00,DEV_003,55
DEV_003_2024-10-06 05:00:00,2024-10-06 05:00:00,DEV_003,4
DEV_003_2024-10-06 06:00:00,2024-10-06 06:00:00,DEV_003,25
DEV_003_2024-10-06 07:00:00,2024-10-06 07:00:00,DEV_003,35
DEV_003_2024-10-06 08:00:00,2024-10-06 08:00:00,DEV_003,38
DEV_003_2024-10-06 09:00:00,2024-10-06 09:00:00,DEV_003,90
DEV_003_2024-10-06 10:00:00,2024-10-06 10:00:00,DEV_003,58
DEV_003_2024-10-06 11:00:00,2024-10-06 11:00:00,DEV_003,52
DEV_003_2024-10-06 12:00:00,2024-10-06 12:00:00,DEV_003,52
DEV_003_2024-10-06 13:00:00,2024-10-06 13:00:00,DEV_003,32
DEV_003_2024-10-06 14:00:00,2024-10-06 14:00:00,DEV_003,21
DEV_003_2024-10-06 15:00:00,2024-10-06 15:00:00,DEV_003,84
DEV_003_2024-10-06 16:00:00,2024-10-06 16:00:00,DEV_003,31
DEV_003_2024-10-06 17:00:00,2024-10-06 17:00:00,DEV_003,9
DEV_003_2024-10-06 18:00:00,2024-10-06 18:00:00,DEV_003,29
DEV_003_2024-10-06 19:00:00,2024-10-06 19:00:00,DEV_003,72
DEV_003_2024-10-06 20:00:00,2024-10-06 20:00:00,DEV_003,52
DEV_003_2024-10-06 21:00:00,2024-10-06 21:00:00,DEV_003,51
DEV_003_2024-10-06 22:00:00,2024-10-06 22:00:00,DEV_003,47
DEV_003_2024-10-06 23:00:00,2024-10-06 23:00:00,DEV_003,49
DEV_003_2024-10-07 00:00:00,2024-10-07 00:00:00,DEV_003,76
DEV_003_2024-10-07 01:00:00,2024-10-07 01:00:00,DEV_003,56
DEV_003_2024-10-07 02:00:00,2024-10-07 02:00:00,DEV_003,60
DEV_003_2024-10-07 03:00:00,2024-10-07 03:00:00,DEV_003,52
DEV_003_2024-10-07 04:00:00,2024-10-07 04:00:00,DEV_003,71
DEV_003_2024-10-07 05:00:00,2024-10-07 05:00:00,DEV_003,21
DEV_003_2024-10-07 06:00:00,2024-10-07 06:00:00,DEV_003,26
DEV_003_2024-10-07 07:00:00,2024-10-07 07:00:00,DEV_003,80
DEV_003_2024-10-07 08:00:00,2024-10-07 08:00:00,DEV_003,62
DEV_003_2024-10-07 09:00:00,2024-10-07 09:00:00,DEV_003,10
DEV_003_2024-10-07 10:00:00,2024-10-07 10:00:00,DEV_003,83
DEV_003_2024-10-07 11:00:00,2024-10-07 11:00:00,DEV_003,11
DEV_003_2024-10-07 12:00:00,2024-10-07 12:00:00,DEV_003,12
DEV_003_2024-10-07 13:00:00,2024-10-07 13:00:00,DEV_003,34
DEV_003_2024-10-07 14:00:00,2024-10-07 14:00:00,DEV_003,99
DEV_003_2024-10-07 15:00:00,2024-10-07 15:00:00,DEV_003,35
DEV_003_2024-10-07 16:00:00,2024-10-07 16:00:00,DEV_003,27
DEV_003_2024-10-07 17:00:00,2024-10-07 17:00:00,DEV_003,77
DEV_003_2024-10-07 18:00:00,2024-10-07 18:00:00,DEV_003,98
DEV_003_2024-10-07 19:00:00,2024-10-07 19:00:00,DEV_003,18
DEV_003_2024-10-07 20:00:00,2024-10-07 20:00:00,DEV_003,29
DEV_003_2024-10-07 21:00:00,2024-10-07 21:00:00,DEV_003,60
DEV_003_2024-10-07 22:00:00,2024-10-07 22:00:00,DEV_003,19
DEV_003_2024-10-07 23:00:00,2024-10-07 23:00:00,DEV_003,31
DEV_003_2024-10-08 00:00:00,2024-10-08 00:00:00,DEV_003,37
DEV_003_2024-10-08 01:00:00,2024-10-08 01:00:00,DEV_003,71
DEV_003_2024-10-08 02:00:00,2024-10-08 02:00:00,DEV_003,26
DEV_003_2024-10-08 03:00:00,2024-10-08 03:00:00,DEV_003,62
DEV_003_2024-10-08 04:00:00,2024-10-08 04:00:00,DEV_003,84
DEV_003_2024-10-08 05:00:00,2024-10-08 05:00:00,DEV_003,42
DEV_003_2024-10-08 06:00:00,2024-10-08 06:00:00,DEV_003,70
DEV_003_2024-10-08 07:00:00,2024-10-08 07:00:00,DEV_003,66
DEV_003_2024-10-08 08:00:00,2024-10-08 08:00:00,DEV_003,51
DEV_003_2024-10-08 09:00:00,2024-10-08 09:00:00,DEV_003,77
DEV_003_2024-10-08 10:00:00,2024-10-08 10:00:00,DEV_003,25
DEV_003_2024-10-08 11:00:00,2024-10-08 11:00:00,DEV_003,50
DEV_003_2024-10-08 12:00:00,2024-10-08 12:00:00,DEV_003,15
DEV_003_2024-10-08 13:00:00,2024-10-08 13:00:00,DEV_003,3
DEV_003_2024-10-08 14:00:00,2024-10-08 14:00:00,DEV_003,53
DEV_003_2024-10-08 15:00:00,2024-10-08 15:00:00,DEV_003,52
DEV_003_2024-10-08 16:00:00,2024-10-08 16:00:00,DEV_003,12
DEV_003_2024-10-08 17:00:00,2024-10-08 17:00:00,DEV_003,79
DEV_003_2024-10-08 18:00:00,2024-10-08 18:00:00,DEV_003,17
DEV_003_2024-10-08 19:00:00,2024-10-08 19:00:00,DEV_003,82
DEV_003_2024-10-08 20:00:00,2024-10-08 20:00:00,DEV_003,38
DEV_003_2024-10-08 21:00:00,2024-10-08 21:00:00,DEV_003,50
DEV_003_2024-10-08 22:00:00,2024-10-08 22:00:00,DEV_003,87
DEV_003_2024-10-08 23:00:00,2024-10-08 23:00:00,DEV_003,41
DEV_003_2024-10-09 00:00:00,2024-10-09 00:00:00,DEV_003,67
DEV_003_2024-10-09 01:00:00,2024-10-09 01:00:00,DEV_003,17
DEV_003_2024-10-09 02:00:00,2024-10-09 02:00:00,DEV_003,87
DEV_003_2024-10-09 03:00:00,2024-10-09 03:00:00,DEV_003,82
DEV_003_2024-10-09 04:00:00,2024-10-09 04:00:00,DEV_003,80
DEV_003_2024-10-09 05:00:00,2024-10-09 05:00:00,DEV_003,89
DEV_003_2024-10-09 06:00:00,2024-10-09 06:00:00,DEV_003,82
DEV_003_2024-10-09 07:00:00,2024-10-09 07:00:00,DEV_003,16
DEV_003_2024-10-09 08:00:00,2024-10-09 08:00:00,DEV_003,45
DEV_003_2024-10-09 09:00:00,2024-10-09 09:00:00,DEV_003,53
DEV_003_2024-10-09 10:00:00,2024-10-09 10:00:00,DEV_003,4
DEV_003_2024-10-09 11:00:00,2024-10-09 11:00:00,DEV_003,15
DEV_003_2024-10-09 12:00:00,2024-10-09 12:00:00,DEV_003,17
DEV_003_2024-10-09 13:00:00,2024-10-09 13:00:00,DEV_003,75
DEV_003_2024-10-09 14:00:00,2024-10-09 14:00:00,DEV_003,95
DEV_003_2024-10-09 15:00:00,2024-10-09 15:00:00,DEV_003,89
DEV_003_2024-10-09 16:00:00,2024-10-09 16:00:00,DEV_003,86
DEV_003_2024-10-09 17:00:00,2024-10-09 17:00:00,DEV_003,21
DEV_003_2024-10-09 18:00:00,2024-10-09 18:00:00,DEV_003,15
DEV_003_2024-10-09 19:00:00,2024-10-09 19:00:00,DEV_003,38
DEV_003_2024-10-09 20:00:00,2024-10-09 20:00:00,DEV_003,15
DEV_003_2024-10-09 21:00:00,2024-10-09 21:00:00,DEV_003,81
DEV_003_2024-10-09 22:00:00,2024-10-09 22:00:00,DEV_003,91
DEV_003_2024-10-09 23:00:00,2024-10-09 23:00:00,DEV_003,3
DEV_003_2024-10-10 00:00:00,2024-10-10 00:00:00,DEV_003,28
DEV_003_2024-10-10 01:00:00,2024-10-10 01:00:00,DEV_003,45
DEV_003_2024-10-10 02:00:00,2024-10-10 02:00:00,DEV_003,21
DEV_003_2024-10-10 03:00:00,2024-10-10 03:00:00,DEV_003,26
DEV_003_2024-10-10 04:00:00,2024-10-10 04:00:00,DEV_003,82
DEV_003_2024-10-10 05:00:00,2024-10-10 05:00:00,DEV_003,27
DEV_003_2024-10-10 06:00:00,2024-10-10 06:00:00,DEV_003,99
DEV_003_2024-10-10 07:00:00,2024-10-10 07:00:00,DEV_003,5
DEV_003_2024-10-10 08:00:00,2024-10-10 08:00:00,DEV_003,57
DEV_003_2024-10-10 09:00:00,2024-10-10 09:00:00,DEV_003,55
DEV_003_2024-10-10 10:00:00,2024-10-10 10:00:00,DEV_003,61
DEV_003_2024-10-10 11:00:00,2024-10-10 11:00:00,DEV_003,68
DEV_003_2024-10-10 12:00:00,2024-10-10 12:00:00,DEV_003,84
DEV_003_2024-10-10 13:00:00,2024-10-10 13:00:00,DEV_003,63
DEV_003_2024-10-10 14:00:00,2024-10-10 14:00:00,DEV_003,68
DEV_003_2024-10-10 15:00:00,2024-10-10 15:00:00,DEV_003,44
DEV_003_2024-10-10 16:00:00,2024-10-10 16:00:00,DEV_003,75
DEV_003_2024-10-10 17:00:00,2024-10-10 17:00:00,DEV_003,60
DEV_003_2024-10-10 18:00:00,2024-10-10 18:00:00,DEV_003,94
DEV_003_2024-10-10 19:00:00,2024-10-10 19:00:00,DEV_003,81
DEV_003_2024-10-10 20:00:00,2024-10-10 20:00:00,DEV_003,51
DEV_003_2024-10-10 21:00:00,2024-10-10 21:00:00,DEV_003,3
DEV_003_2024-10-10 22:00:00,2024-10-10 22:00:00,DEV_003,75
DEV_003_2024-10-10 23:00:00,2024-10-10 23:00:00,DEV_003,55
DEV_003_2024-10-11 00:00:00,2024-10-11 00:00:00,DEV_003,92
DEV_003_2024-10-11 01:00:00,2024-10-11 01:00:00,DEV_003,97
DEV_003_2024-10-11 02:00:00,2024-10-11 02:00:00,DEV_003,7
DEV_003_2024-10-11 03:00:00,2024-10-11 03:00:00,DEV_003,96
DEV_003_2024-10-11 04:00:00,2024-10-11 04:00:00,DEV_003,56
DEV_003_2024-10-11 05:00:00,2024-10-11 05:00:00,DEV_003,46
DEV_003_2024-10-11 06:00:00,2024-10-11 06:00:00,DEV_003,41
DEV_003_2024-10-11 07:00:00,2024-10-11 07:00:00,DEV_003,45
DEV_003_2024-10-11 08:00:00,2024-10-11 08:00:00,DEV_003,58
DEV_003_2024-10-11 09:00:00,2024-10-11 09:00:00,DEV_003,85
DEV_003_2024-10-11 10:00:00,2024-10-11 10:00:00,DEV_003,10
DEV_003_2024-10-11 11:00:00,2024-10-11 11:00:00,DEV_003,43
DEV_003_2024-10-11 12:00:00,2024-10-11 12:00:00,DEV_003,38
DEV_003_2024-10-11 13:00:00,2024-10-11 13:00:00,DEV_003,77
DEV_003_2024-10-11 14:00:00,2024-10-11 14:00:00,DEV_003,93
DEV_003_2024-10-11 15:00:00,2024-10-11 15:00:00,DEV_003,87
DEV_003_2024-10-11 16:00:00,2024-10-11 16:00:00,DEV_003,60
DEV_003_2024-10-11 17:00:00,2024-10-11 17:00:00,DEV_003,98
DEV_003_2024-10-11 18:00:00,2024-10-11 18:00:00,DEV_003,97
DEV_003_2024-10-11 19:00:00,2024-10-11 19:00:00,DEV_003,32
DEV_003_2024-10-11 20:00:00,2024-10-11 20:00:00,DEV_003,1
DEV_003_2024-10-11 21:00:00,2024-10-11 21:00:00,DEV_003,63
DEV_003_2024-10-11 22:00:00,2024-10-11 22:00:00,DEV_003,6
DEV_003_2024-10-11 23:00:00,2024-10-11 23:00:00,DEV_003,92
DEV_003_2024-10-12 00:00:00,2024-10-12 00:00:00,DEV_003,16
DEV_003_2024-10-12 01:00:00,2024-10-12 01:00:00,DEV_003,46
DEV_003_2024-10-12 02:00:00,2024-10-12 02:00:00,DEV_003,79
DEV_003_2024-10-12 03:00:00,2024-10-12 03:00:00,DEV_003,99
DEV_003_2024-10-12 04:00:00,2024-10-12 04:00:00,DEV_003,87
DEV_003_2024-10-12 05:00:00,2024-10-12 05:00:00,DEV_003,60
DEV_003_2024-10-12 06:00:00,2024-10-12 06:00:00,DEV_003,55
DEV_003_2024-10-12 07:00:00,2024-10-12 07:00:00,DEV_003,83
DEV_003_2024-10-12 08:00:00,2024-10-12 08:00:00,DEV_003,41
DEV_003_2024-10-12 09:00:00,2024-10-12 09:00:00,DEV_003,48
DEV_003_2024-10-12 10:00:00,2024-10-12 10:00:00,DEV_003,95
DEV_003_2024-10-12 11:00:00,2024-10-12 11:00:00,DEV_003,19
DEV_003_2024-10-12 12:00:00,2024-10-12 12:00:00,DEV_003,99
DEV_003_2024-10-12 13:00:00,2024-10-12 13:00:00,DEV_003,80
DEV_003_2024-10-12 14:00:00,2024-10-12 14:00:00,DEV_003,25
DEV_003_2024-10-12 15:00:00,2024-10-12 15:00:00,DEV_003,87
DEV_003_2024-10-12 16:00:00,2024-10-12 16:00:00,DEV_003,33
DEV_003_2024-10-12 17:00:00,2024-10-12 17:00:00,DEV_003,89
DEV_003_2024-10-12 18:00:00,2024-10-12 18:00:00,DEV_003,97
DEV_003_2024-10-12 19:00:00,2024-10-12 19:00:00,DEV_003,51
DEV_003_2024-10-12 20:00:00,2024-10-12 20:00:00,DEV_003,53
DEV_003_2024-10-12 21:00:00,2024-10-12 21:00:00,DEV_003,31
DEV_003_2024-10-12 22:00:00,2024-10-12 22:00:00,DEV_003,7
DEV_003_2024-10-12 23:00:00,2024-10-12 23:00:00,DEV_003,23
DEV_003_2024-10-13 00:00:00,2024-10-13 00:00:00,DEV_003,58
DEV_003_2024-10-13 01:00:00,2024-10-13 01:00:00,DEV_003,22
DEV_003_2024-10-13 02:00:00,2024-10-13 02:00:00,DEV_003,30
DEV_003_2024-10-13 03:00:00,2024-10-13 03:00:00,DEV_003,75
DEV_003_2024-10-13 04:00:00,2024-10-13 04:00:00,DEV_003,90
DEV_003_2024-10-13 05:00:00,2024-10-13 05:00:00,DEV_003,53
DEV_003_2024-10-13 06:00:00,2024-10-13 06:00:00,DEV_003,75
DEV_003_2024-10-13 07:00:00,2024-10-13 07:00:00,DEV_003,24
DEV_003_2024-10-13 08:00:00,2024-10-13 08:00:00,DEV_003,78
DEV_003_2024-10-13 09:00:00,2024-10-13 09:00:00,DEV_003,54
DEV_003_2024-10-13 10:00:00,2024-10-13 10:00:00,DEV_003,75
DEV_003_2024-10-13 11:00:00,2024-10-13 11:00:00,DEV_003,74
DEV_003_2024-10-13 12:00:00,2024-10-13 12:00:00,DEV_003,52
DEV_003_2024-10-13 13:00:00,2024-10-13 13:00:00,DEV_003,56
DEV_003_2024-10-13 14:00:00,2024-10-13 14:00:00,DEV_003,3
DEV_003_2024-10-13 15:00:00,2024-10-13 15:00:00,DEV_003,39
DEV_003_2024-10-13 16:00:00,2024-10-13 16:00:00,DEV_003,28
DEV_003_2024-10-13 17:00:00,2024-10-13 17:00:00,DEV_003,31
DEV_003_2024-10-13 18:00:00,2024-10-13 18:00:00,DEV_003,57
DEV_003_2024-10-13 19:00:00,2024-10-13 19:00:00,DEV_003,63
DEV_003_2024-10-13 20:00:00,2024-10-13 20:00:00,DEV_003,9
DEV_003_2024-10-13 21:00:00,2024-10-13 21:00:00,DEV_003,2
DEV_003_2024-10-13 22:00:00,2024-10-13 22:00:00,DEV_003,34
DEV_003_2024-10-13 23:00:00,2024-10-13 23:00:00,DEV_003,66
DEV_003_2024-10-14 00:00:00,2024-10-14 00:00:00,DEV_003,74
DEV_003_2024-10-14 01:00:00,2024-10-14 01:00:00,DEV_003,52
DEV_003_2024-10-14 02:00:00,2024-10-14 02:00:00,DEV_003,80
DEV_003_2024-10-14 03:00:00,2024-10-14 03:00:00,DEV_003,43
DEV_003_2024-10-14 04:00:00,2024-10-14 04:00:00,DEV_003,45
DEV_003_2024-10-14 05:00:00,2024-10-14 05:00:00,DEV_003,41
DEV_003_2024-10-14 06:00:00,2024-10-14 06:00:00,DEV_003,6
DEV_003_2024-10-14 07:00:00,2024-10-14 07:00:00,DEV_003,78
DEV_003_2024-10-14 08:00:00,2024-10-14 08:00:00,DEV_003,51
DEV_003_2024-10-14 09:00:00,2024-10-14 09:00:00,DEV_003,28
DEV_003_2024-10-14 10:00:00,2024-10-14 10:00:00,DEV_003,55
DEV_003_2024-10-14 11:00:00,2024-10-14 11:00:00,DEV_003,54
DEV_003_2024-10-14 12:00:00,2024-10-14 12:00:00,DEV_003,77
DEV_003_2024-10-14 13:00:00,2024-10-14 13:00:00,DEV_003,58
DEV_003_2024-10-14 14:00:00,2024-10-14 14:00:00,DEV_003,87
DEV_003_2024-10-14 15:00:00,2024-10-14 15:00:00,DEV_003,47
DEV_003_2024-10-14 16:00:00,2024-10-14 16:00:00,DEV_003,50
DEV_003_2024-10-14 17:00:00,2024-10-14 17:00:00,DEV_003,65
DEV_003_2024-10-14 18:00:00,2024-10-14 18:00:00,DEV_003,68
DEV_003_2024-10-14 19:00:00,2024-10-14 19:00:00,DEV_003,97
DEV_003_2024-10-14 20:00:00,2024-10-14 20:00:00,DEV_003,22
DEV_003_2024-10-14 21:00:00,2024-10-14 21:00:00,DEV_003,88
DEV_003_2024-10-14 22:00:00,2024-10-14 22:00:00,DEV_003,24
DEV_003_2024-10-14 23:00:00,2024-10-14 23:00:00,DEV_003,98
DEV_003_2024-10-15 00:00:00,2024-10-15 00:00:00,DEV_003,89
DEV_003_2024-10-15 01:00:00,2024-10-15 01:00:00,DEV_003,65
DEV_003_2024-10-15 02:00:00,2024-10-15 02:00:00,DEV_003,67
DEV_003_2024-10-15 03:00:00,2024-10-15 03:00:00,DEV_003,7
DEV_003_2024-10-15 04:00:00,2024-10-15 04:00:00,DEV_003,64
DEV_003_2024-10-15 05:00:00,2024-10-15 05:00:00,DEV_003,18
DEV_003_2024-10-15 06:00:00,2024-10-15 06:00:00,DEV_003,34
DEV_003_2024-10-15 07:00:00,2024-10-15 07:00:00,DEV_003,66
DEV_003_2024-10-15 08:00:00,2024-10-15 08:00:00,DEV_003,21
DEV_003_2024-10-15 09:00:00,2024-10-15 09:00:00,DEV_003,49
DEV_003_2024-10-15 10:00:00,2024-10-15 10:00:00,DEV_003,71
DEV_003_2024-10-15 11:00:00,2024-10-15 11:00:00,DEV_003,28
DEV_003_2024-10-15 12:00:00,2024-10-15 12:00:00,DEV_003,32
DEV_003_2024-10-15 13:00:00,2024-10-15 13:00:00,DEV_003,74
DEV_003_2024-10-15 14:00:00,2024-10-15 14:00:00,DEV_003,94
DEV_003_2024-10-15 15:00:00,2024-10-15 15:00:00,DEV_003,84
DEV_003_2024-10-15 16:00:00,2024-10-15 16:00:00,DEV_003,61
DEV_003_2024-10-15 17:00:00,2024-10-15 17:00:00,DEV_003,57
DEV_003_2024-10-15 18:00:00,2024-10-15 18:00:00,DEV_003,50
DEV_003_2024-10-15 19:00:00,2024-10-15 19:00:00,DEV_003,96
DEV_003_2024-10-15 20:00:00,2024-10-15 20:00:00,DEV_003,65
DEV_003_2024-10-15 21:00:00,2024-10-15 21:00:00,DEV_003,7
DEV_003_2024-10-15 22:00:00,2024-10-15 22:00:00,DEV_003,30
DEV_003_2024-10-15 23:00:00,2024-10-15 23:00:00,DEV_003,32
DEV_003_2024-10-16 00:00:00,2024-10-16 00:00:00,DEV_003,37
DEV_003_2024-10-16 01:00:00,2024-10-16 01:00:00,DEV_003,9
DEV_003_2024-10-16 02:00:00,2024-10-16 02:00:00,DEV_003,30
DEV_003_2024-10-16 03:00:00,2024-10-16 03:00:00,DEV_003,69
DEV_003_2024-10-16 04:00:00,2024-10-16 04:00:00,DEV_003,16
DEV_003_2024-10-16 05:00:00,2024-10-16 05:00:00,DEV_003,47
DEV_003_2024-10-16 06:00:00,2024-10-16 06:00:00,DEV_003,37
DEV_003_2024-10-16 07:00:00,2024-10-16 07:00:00,DEV_003,51
DEV_003_2024-10-16 08:00:00,2024-10-16 08:00:00,DEV_003,32
DEV_003_2024-10-16 09:00:00,2024-10-16 09:00:00,DEV_003,23
DEV_003_2024-10-16 10:00:00,2024-10-16 10:00:00,DEV_003,39
DEV_003_2024-10-16 11:00:00,2024-10-16 11:00:00,DEV_003,12
DEV_003_2024-10-16 12:00:00,2024-10-16 12:00:00,DEV_003,27
DEV_003_2024-10-16 13:00:00,2024-10-16 13:00:00,DEV_003,97
DEV_003_2024-10-16 14:00:00,2024-10-16 14:00:00,DEV_003,35
DEV_003_2024-10-16 15:00:00,2024-10-16 15:00:00,DEV_003,67
DEV_003_2024-10-16 16:00:00,2024-10-16 16:00:00,DEV_003,51
DEV_003_2024-10-16 17:00:00,2024-10-16 17:00:00,DEV_003,5
DEV_003_2024-10-16 18:00:00,2024-10-16 18:00:00,DEV_003,38
DEV_003_2024-10-16 19:00:00,2024-10-16 19:00:00,DEV_003,50
DEV_003_2024-10-16 20:00:00,2024-10-16 20:00:00,DEV_003,58
DEV_003_2024-10-16 21:00:00,2024-10-16 21:00:00,DEV_003,9
DEV_003_2024-10-16 22:00:00,2024-10-16 22:00:00,DEV_003,24
DEV_003_2024-10-16 23:00:00,2024-10-16 23:00:00,DEV_003,53
DEV_003_2024-10-17 00:00:00,2024-10-17 00:00:00,DEV_003,91
DEV_003_2024-10-17 01:00:00,2024-10-17 01:00:00,DEV_003,87
DEV_003_2024-10-17 02:00:00,2024-10-17 02:00:00,DEV_003,96
DEV_003_2024-10-17 03:00:00,2024-10-17 03:00:00,DEV_003,55
DEV_003_2024-10-17 04:00:00,2024-10-17 04:00:00,DEV_003,7
DEV_003_2024-10-17 05:00:00,2024-10-17 05:00:00,DEV_003,30
DEV_003_2024-10-17 06:00:00,2024-10-17 06:00:00,DEV_003,98
DEV_003_2024-10-17 07:00:00,2024-10-17 07:00:00,DEV_003,71
DEV_003_2024-10-17 08:00:00,2024-10-17 08:00:00,DEV_003,1
DEV_003_2024-10-17 09:00:00,2024-10-17 09:00:00,DEV_003,14
DEV_003_2024-10-17 10:00:00,2024-10-17 10:00:00,DEV_003,22
DEV_003_2024-10-17 11:00:00,2024-10-17 11:00:00,DEV_003,35
DEV_003_2024-10-17 12:00:00,2024-10-17 12:00:00,DEV_003,61
DEV_003_2024-10-17 13:00:00,2024-10-17 13:00:00,DEV_003,71
DEV_003_2024-10-17 14:00:00,2024-10-17 14:00:00,DEV_003,9
DEV_003_2024-10-17 15:00:00,2024-10-17 15:00:00,DEV_003,26
DEV_003_2024-10-17 16:00:00,2024-10-17 16:00:00,DEV_003,82
DEV_003_2024-10-17 17:00:00,2024-10-17 17:00:00,DEV_003,52
DEV_003_2024-10-17 18:00:00,2024-10-17 18:00:00,DEV_003,22
DEV_003_2024-10-17 19:00:00,2024-10-17 19:00:00,DEV_003,54
DEV_003_2024-10-17 20:00:00,2024-10-17 20:00:00,DEV_003,99
DEV_003_2024-10-17 21:00:00,2024-10-17 21:00:00,DEV_003,43
DEV_003_2024-10-17 22:00:00,2024-10-17 22:00:00,DEV_003,67
DEV_003_2024-10-17 23:00:00,2024-10-17 23:00:00,DEV_003,63
DEV_003_2024-10-18 00:00:00,2024-10-18 00:00:00,DEV_003,30
DEV_003_2024-10-18 01:00:00,2024-10-18 01:00:00,DEV_003,74
DEV_003_2024-10-18 02:00:00,2024-10-18 02:00:00,DEV_003,69
DEV_003_2024-10-18 03:00:00,2024-10-18 03:00:00,DEV_003,92
DEV_003_2024-10-18 04:00:00,2024-10-18 04:00:00,DEV_003,41
DEV_003_2024-10-18 05:00:00,2024-10-18 05:00:00,DEV_003,21
DEV_003_2024-10-18 06:00:00,2024-10-18 06:00:00,DEV_003,62
DEV_003_2024-10-18 07:00:00,2024-10-18 07:00:00,DEV_003,83
DEV_003_2024-10-18 08:00:00,2024-10-18 08:00:00,DEV_003,20
DEV_003_2024-10-18 09:00:00,2024-10-18 09:00:00,DEV_003,23
DEV_003_2024-10-18 10:00:00,2024-10-18 10:00:00,DEV_003,10
DEV_003_2024-10-18 11:00:00,2024-10-18 11:00:00,DEV_003,27
DEV_003_2024-10-18 12:00:00,2024-10-18 12:00:00,DEV_003,90
DEV_003_2024-10-18 13:00:00,2024-10-18 13:00:00,DEV_003,61
DEV_003_2024-10-18 14:00:00,2024-10-18 14:00:00,DEV_003,30
DEV_003_2024-10-18 15:00:00,2024-10-18 15:00:00,DEV_003,35
DEV_003_2024-10-18 16:00:00,2024-10-18 16:00:00,DEV_003,71
DEV_003_2024-10-18 17:00:00,2024-10-18 17:00:00,DEV_003,58
DEV_003_2024-10-18 18:00:00,2024-10-18 18:00:00,DEV_003,92
DEV_003_2024-10-18 19:00:00,2024-10-18 19:00:00,DEV_003,93
DEV_003_2024-10-18 20:00:00,2024-10-18 20:00:00,DEV_003,34
DEV_003_2024-10-18 21:00:00,2024-10-18 21:00:00,DEV_003,27
DEV_003_2024-10-18 22:00:00,2024-10-18 22:00:00,DEV_003,40
DEV_003_2024-10-18 23:00:00,2024-10-18 23:00:00,DEV_003,18
DEV_003_2024-10-19 00:00:00,2024-10-19 00:00:00,DEV_003,11
DEV_003_2024-10-19 01:00:00,2024-10-19 01:00:00,DEV_003,53
DEV_003_2024-10-19 02:00:00,2024-10-19 02:00:00,DEV_003,45
DEV_003_2024-10-19 03:00:00,2024-10-19 03:00:00,DEV_003,89
DEV_003_2024-10-19 04:00:00,2024-10-19 04:00:00,DEV_003,51
DEV_003_2024-10-19 05:00:00,2024-10-19 05:00:00,DEV_003,93
DEV_003_2024-10-19 06:00:00,2024-10-19 06:00:00,DEV_003,51
DEV_003_2024-10-19 07:00:00,2024-10-19 07:00:00,DEV_003,42
DEV_003_2024-10-19 08:00:00,2024-10-19 08:00:00,DEV_003,64
DEV_003_2024-10-19 09:00:00,2024-10-19 09:00:00,DEV_003,71
DEV_003_2024-10-19 10:00:00,2024-10-19 10:00:00,DEV_003,4
DEV_003_2024-10-19 11:00:00,2024-10-19 11:00:00,DEV_003,88
DEV_003_2024-10-19 12:00:00,2024-10-19 12:00:00,DEV_003,95
DEV_003_2024-10-19 13:00:00,2024-10-19 13:00:00,DEV_003,66
DEV_003_2024-10-19 14:00:00,2024-10-19 14:00:00,DEV_003,14
DEV_003_2024-10-19 15:00:00,2024-10-19 15:00:00,DEV_003,88
DEV_003_2024-10-19 16:00:00,2024-10-19 16:00:00,DEV_003,16
DEV_003_2024-10-19 17:00:00,2024-10-19 17:00:00,DEV_003,82
DEV_003_2024-10-19 18:00:00,2024-10-19 18:00:00,DEV_003,37
DEV_003_2024-10-19 19:00:00,2024-10-19 19:00:00,DEV_003,46
DEV_003_2024-10-19 20:00:00,2024-10-19 20:00:00,DEV_003,35
DEV_003_2024-10-19 21:00:00,2024-10-19 21:00:00,DEV_003,18
DEV_003_2024-10-19 22:00:00,2024-10-19 22:00:00,DEV_003,74
DEV_003_2024-10-19 23:00:00,2024-10-19 23:00:00,DEV_003,32
DEV_003_2024-10-20 00:00:00,2024-10-20 00:00:00,DEV_003,30
DEV_003_2024-10-20 01:00:00,2024-10-20 01:00:00,DEV_003,64
DEV_003_2024-10-20 02:00:00,2024-10-20 02:00:00,DEV_003,66
DEV_003_2024-10-20 03:00:00,2024-10-20 03:00:00,DEV_003,1
DEV_003_2024-10-20 04:00:00,2024-10-20 04:00:00,DEV_003,2
DEV_003_2024-10-20 05:00:00,2024-10-20 05:00:00,DEV_003,51
DEV_003_2024-10-20 06:00:00,2024-10-20 06:00:00,DEV_003,4
DEV_003_2024-10-20 07:00:00,2024-10-20 07:00:00,DEV_003,21
DEV_003_2024-10-20 08:00:00,2024-10-20 08:00:00,DEV_003,29
DEV_003_2024-10-20 09:00:00,2024-10-20 09:00:00,DEV_003,16
DEV_003_2024-10-20 10:00:00,2024-10-20 10:00:00,DEV_003,4
DEV_003_2024-10-20 11:00:00,2024-10-20 11:00:00,DEV_003,17
DEV_003_2024-10-20 12:00:00,2024-10-20 12:00:00,DEV_003,5
DEV_003_2024-10-20 13:00:00,2024-10-20 13:00:00,DEV_003,69
DEV_003_2024-10-20 14:00:00,2024-10-20 14:00:00,DEV_003,31
DEV_003_2024-10-20 15:00:00,2024-10-20 15:00:00,DEV_003,48
DEV_003_2024-10-20 16:00:00,2024-10-20 16:00:00,DEV_003,4
DEV_003_2024-10-20 17:00:00,2024-10-20 17:00:00,DEV_003,25
DEV_003_2024-10-20 18:00:00,2024-10-20 18:00:00,DEV_003,3
DEV_003_2024-10-20 19:00:00,2024-10-20 19:00:00,DEV_003,90
DEV_003_2024-10-20 20:00:00,2024-10-20 20:00:00,DEV_003,40
DEV_003_2024-10-20 21:00:00,2024-10-20 21:00:00,DEV_003,44
DEV_003_2024-10-20 22:00:00,2024-10-20 22:00:00,DEV_003,41
DEV_003_2024-10-20 23:00:00,2024-10-20 23:00:00,DEV_003,90
DEV_003_2024-10-21 00:00:00,2024-10-21 00:00:00,DEV_003,1
DEV_003_2024-10-21 01:00:00,2024-10-21 01:00:00,DEV_003,76
DEV_003_2024-10-21 02:00:00,2024-10-21 02:00:00,DEV_003,29
DEV_003_2024-10-21 03:00:00,2024-10-21 03:00:00,DEV_003,62
DEV_003_2024-10-21 04:00:00,2024-10-21 04:00:00,DEV_003,25
DEV_003_2024-10-21 05:00:00,2024-10-21 05:00:00,DEV_003,65
DEV_003_2024-10-21 06:00:00,2024-10-21 06:00:00,DEV_003,66
DEV_003_2024-10-21 07:00:00,2024-10-21 07:00:00,DEV_003,69
DEV_003_2024-10-21 08:00:00,2024-10-21 08:00:00,DEV_003,72
DEV_003_2024-10-21 09:00:00,2024-10-21 09:00:00,DEV_003,43
DEV_003_2024-10-21 10:00:00,2024-10-21 10:00:00,DEV_003,5
DEV_003_2024-10-21 11:00:00,2024-10-21 11:00:00,DEV_003,80
DEV_003_2024-10-21 12:00:00,2024-10-21 12:00:00,DEV_003,32
DEV_003_2024-10-21 13:00:00,2024-10-21 13:00:00,DEV_003,54
DEV_003_2024-10-21 14:00:00,2024-10-21 14:00:00,DEV_003,82
DEV_003_2024-10-21 15:00:00,2024-10-21 15:00:00,DEV_003,23
DEV_003_2024-10-21 16:00:00,2024-10-21 16:00:00,DEV_003,10
DEV_003_2024-10-21 17:00:00,2024-10-21 17:00:00,DEV_003,71
DEV_003_2024-10-21 18:00:00,2024-10-21 18:00:00,DEV_003,93
DEV_003_2024-10-21 19:00:00,2024-10-21 19:00:00,DEV_003,26
DEV_003_2024-10-21 20:00:00,2024-10-21 20:00:00,DEV_003,29
DEV_003_2024-10-21 21:00:00,2024-10-21 21:00:00,DEV_003,51
DEV_003_2024-10-21 22:00:00,2024-10-21 22:00:00,DEV_003,80
DEV_003_2024-10-21 23:00:00,2024-10-21 23:00:00,DEV_003,65
DEV_003_2024-10-22 00:00:00,2024-10-22 00:00:00,DEV_003,96
DEV_003_2024-10-22 01:00:00,2024-10-22 01:00:00,DEV_003,43
DEV_003_2024-10-22 02:00:00,2024-10-22 02:00:00,DEV_003,36
DEV_003_2024-10-22 03:00:00,2024-10-22 03:00:00,DEV_003,14
DEV_003_2024-10-22 04:00:00,2024-10-22 04:00:00,DEV_003,37
DEV_003_2024-10-22 05:00:00,2024-10-22 05:00:00,DEV_003,94
DEV_003_2024-10-22 06:00:00,2024-10-22 06:00:00,DEV_003,31
DEV_003_2024-10-22 07:00:00,2024-10-22 07:00:00,DEV_003,50
DEV_003_2024-10-22 08:00:00,2024-10-22 08:00:00,DEV_003,76
DEV_003_2024-10-22 09:00:00,2024-10-22 09:00:00,DEV_003,52
DEV_003_2024-10-22 10:00:00,2024-10-22 10:00:00,DEV_003,68
DEV_003_2024-10-22 11:00:00,2024-10-22 11:00:00,DEV_003,13
DEV_003_2024-10-22 12:00:00,2024-10-22 12:00:00,DEV_003,96
DEV_003_2024-10-22 13:00:00,2024-10-22 13:00:00,DEV_003,24
DEV_003_2024-10-22 14:00:00,2024-10-22 14:00:00,DEV_003,62
DEV_003_2024-10-22 15:00:00,2024-10-22 15:00:00,DEV_003,85
DEV_003_2024-10-22 16:00:00,2024-10-22 16:00:00,DEV_003,86
DEV_003_2024-10-22 17:00:00,2024-10-22 17:00:00,DEV_003,12
DEV_003_2024-10-22 18:00:00,2024-10-22 18:00:00,DEV_003,28
DEV_003_2024-10-22 19:00:00,2024-10-22 19:00:00,DEV_003,3
DEV_003_2024-10-22 20:00:00,2024-10-22 20:00:00,DEV_003,21
DEV_003_2024-10-22 21:00:00,2024-10-22 21:00:00,DEV_003,36
DEV_003_2024-10-22 22:00:00,2024-10-22 22:00:00,DEV_003,34
DEV_003_2024-10-22 23:00:00,2024-10-22 23:00:00,DEV_003,97
DEV_003_2024-10-23 00:00:00,2024-10-23 00:00:00,DEV_003,79
DEV_003_2024-10-23 01:00:00,2024-10-23 01:00:00,DEV_003,3
DEV_003_2024-10-23 02:00:00,2024-10-23 02:00:00,DEV_003,78
DEV_003_2024-10-23 03:00:00,2024-10-23 03:00:00,DEV_003,60
DEV_003_2024-10-23 04:00:00,2024-10-23 04:00:00,DEV_003,67
DEV_003_2024-10-23 05:00:00,2024-10-23 05:00:00,DEV_003,37
DEV_003_2024-10-23 06:00:00,2024-10-23 06:00:00,DEV_003,69
DEV_003_2024-10-23 07:00:00,2024-10-23 07:00:00,DEV_003,79
DEV_003_2024-10-23 08:00:00,2024-10-23 08:00:00,DEV_003,70
DEV_003_2024-10-23 09:00:00,2024-10-23 09:00:00,DEV_003,97
DEV_003_2024-10-23 10:00:00,2024-10-23 10:00:00,DEV_003,20
DEV_003_2024-10-23 11:00:00,2024-10-23 11:00:00,DEV_003,61
DEV_003_2024-10-23 12:00:00,2024-10-23 12:00:00,DEV_003,80
DEV_003_2024-10-23 13:00:00,2024-10-23 13:00:00,DEV_003,5
DEV_003_2024-10-23 14:00:00,2024-10-23 14:00:00,DEV_003,77
DEV_003_2024-10-23 15:00:00,2024-10-23 15:00:00,DEV_003,13
DEV_003_2024-10-23 16:00:00,2024-10-23 16:00:00,DEV_003,18
DEV_003_2024-10-23 17:00:00,2024-10-23 17:00:00,DEV_003,72
DEV_003_2024-10-23 18:00:00,2024-10-23 18:00:00,DEV_003,18
DEV_003_2024-10-23 19:00:00,2024-10-23 19:00:00,DEV_003,26
DEV_003_2024-10-23 20:00:00,2024-10-23 20:00:00,DEV_003,85
DEV_003_2024-10-23 21:00:00,2024-10-23 21:00:00,DEV_003,14
DEV_003_2024-10-23 22:00:00,2024-10-23 22:00:00,DEV_003,44
DEV_003_2024-10-23 23:00:00,2024-10-23 23:00:00,DEV_003,3
DEV_003_2024-10-24 00:00:00,2024-10-24 00:00:00,DEV_003,48
DEV_003_2024-10-24 01:00:00,2024-10-24 01:00:00,DEV_003,58
DEV_003_2024-10-24 02:00:00,2024-10-24 02:00:00,DEV_003,70
DEV_003_2024-10-24 03:00:00,2024-10-24 03:00:00,DEV_003,29
DEV_003_2024-10-24 04:00:00,2024-10-24 04:00:00,DEV_003,68
DEV_003_2024-10-24 05:00:00,2024-10-24 05:00:00,DEV_003,67
DEV_003_2024-10-24 06:00:00,2024-10-24 06:00:00,DEV_003,82
DEV_003_2024-10-24 07:00:00,2024-10-24 07:00:00,DEV_003,44
DEV_003_2024-10-24 08:00:00,2024-10-24 08:00:00,DEV_003,66
DEV_003_2024-10-24 09:00:00,2024-10-24 09:00:00,DEV_003,13
DEV_003_2024-10-24 10:00:00,2024-10-24 10:00:00,DEV_003,10
DEV_003_2024-10-24 11:00:00,2024-10-24 11:00:00,DEV_003,51
DEV_003_2024-10-24 12:00:00,2024-10-24 12:00:00,DEV_003,81
DEV_003_2024-10-24 13:00:00,2024-10-24 13:00:00,DEV_003,58
DEV_003_2024-10-24 14:00:00,2024-10-24 14:00:00,DEV_003,60
DEV_003_2024-10-24 15:00:00,2024-10-24 15:00:00,DEV_003,60
DEV_003_2024-10-24 16:00:00,2024-10-24 16:00:00,DEV_003,38
DEV_003_2024-10-24 17:00:00,2024-10-24 17:00:00,DEV_003,43
DEV_003_2024-10-24 18:00:00,2024-10-24 18:00:00,DEV_003,45
DEV_003_2024-10-24 19:00:00,2024-10-24 19:00:00,DEV_003,24
DEV_003_2024-10-24 20:00:00,2024-10-24 20:00:00,DEV_003,70
DEV_003_2024-10-24 21:00:00,2024-10-24 21:00:00,DEV_003,36
DEV_003_2024-10-24 22:00:00,2024-10-24 22:00:00,DEV_003,60
DEV_003_2024-10-24 23:00:00,2024-10-24 23:00:00,DEV_003,24
DEV_003_2024-10-25 00:00:00,2024-10-25 00:00:00,DEV_003,50
DEV_003_2024-10-25 01:00:00,2024-10-25 01:00:00,DEV_003,76
DEV_003_2024-10-25 02:00:00,2024-10-25 02:00:00,DEV_003,76
DEV_003_2024-10-25 03:00:00,2024-10-25 03:00:00,DEV_003,33
DEV_003_2024-10-25 04:00:00,2024-10-25 04:00:00,DEV_003,22
DEV_003_2024-10-25 05:00:00,2024-10-25 05:00:00,DEV_003,57
DEV_003_2024-10-25 06:00:00,2024-10-25 06:00:00,DEV_003,8
DEV_003_2024-10-25 07:00:00,2024-10-25 07:00:00,DEV_003,50
DEV_003_2024-10-25 08:00:00,2024-10-25 08:00:00,DEV_003,27
DEV_003_2024-10-25 09:00:00,2024-10-25 09:00:00,DEV_003,60
DEV_003_2024-10-25 10:00:00,2024-10-25 10:00:00,DEV_003,74
DEV_003_2024-10-25 11:00:00,2024-10-25 11:00:00,DEV_003,48
DEV_003_2024-10-25 12:00:00,2024-10-25 12:00:00,DEV_003,8
DEV_003_2024-10-25 13:00:00,2024-10-25 13:00:00,DEV_003,11
DEV_003_2024-10-25 14:00:00,2024-10-25 14:00:00,DEV_003,49
DEV_003_2024-10-25 15:00:00,2024-10-25 15:00:00,DEV_003,28
DEV_003_2024-10-25 16:00:00,2024-10-25 16:00:00,DEV_003,22
DEV_003_2024-10-25 17:00:00,2024-10-25 17:00:00,DEV_003,21
DEV_003_2024-10-25 18:00:00,2024-10-25 18:00:00,DEV_003,4
DEV_003_2024-10-25 19:00:00,2024-10-25 19:00:00,DEV_003,55
DEV_003_2024-10-25 20:00:00,2024-10-25 20:00:00,DEV_003,75
DEV_003_2024-10-25 21:00:00,2024-10-25 21:00:00,DEV_003,78
DEV_003_2024-10-25 22:00:00,2024-10-25 22:00:00,DEV_003,89
DEV_003_2024-10-25 23:00:00,2024-10-25 23:00:00,DEV_003,12
DEV_003_2024-10-26 00:00:00,2024-10-26 00:00:00,DEV_003,22
DEV_003_2024-10-26 01:00:00,2024-10-26 01:00:00,DEV_003,42
DEV_003_2024-10-26 02:00:00,2024-10-26 02:00:00,DEV_003,42
DEV_003_2024-10-26 03:00:00,2024-10-26 03:00:00,DEV_003,43
DEV_003_2024-10-26 04:00:00,2024-10-26 04:00:00,DEV_003,70
DEV_003_2024-10-26 05:00:00,2024-10-26 05:00:00,DEV_003,20
DEV_003_2024-10-26 06:00:00,2024-10-26 06:00:00,DEV_003,17
DEV_003_2024-10-26 07:00:00,2024-10-26 07:00:00,DEV_003,33
DEV_003_2024-10-26 08:00:00,2024-10-26 08:00:00,DEV_003,15
DEV_003_2024-10-26 09:00:00,2024-10-26 09:00:00,DEV_003,44
DEV_003_2024-10-26 10:00:00,2024-10-26 10:00:00,DEV_003,76
DEV_003_2024-10-26 11:00:00,2024-10-26 11:00:00,DEV_003,65
DEV_003_2024-10-26 12:00:00,2024-10-26 12:00:00,DEV_003,36
DEV_003_2024-10-26 13:00:00,2024-10-26 13:00:00,DEV_003,35
DEV_003_2024-10-26 14:00:00,2024-10-26 14:00:00,DEV_003,24
DEV_003_2024-10-26 15:00:00,2024-10-26 15:00:00,DEV_003,46
DEV_003_2024-10-26 16:00:00,2024-10-26 16:00:00,DEV_003,66
DEV_003_2024-10-26 17:00:00,2024-10-26 17:00:00,DEV_003,1
DEV_003_2024-10-26 18:00:00,2024-10-26 18:00:00,DEV_003,9
DEV_003_2024-10-26 19:00:00,2024-10-26 19:00:00,DEV_003,15
DEV_003_2024-10-26 20:00:00,2024-10-26 20:00:00,DEV_003,55
DEV_003_2024-10-26 21:00:00,2024-10-26 21:00:00,DEV_003,86
DEV_003_2024-10-26 22:00:00,2024-10-26 22:00:00,DEV_003,26
DEV_003_2024-10-26 23:00:00,2024-10-26 23:00:00,DEV_003,5
DEV_003_2024-10-27 00:00:00,2024-10-27 00:00:00,DEV_003,58
DEV_003_2024-10-27 01:00:00,2024-10-27 01:00:00,DEV_003,74
DEV_003_2024-10-27 02:00:00,2024-10-27 02:00:00,DEV_003,56
DEV_003_2024-10-27 03:00:00,2024-10-27 03:00:00,DEV_003,75
DEV_003_2024-10-27 04:00:00,2024-10-27 04:00:00,DEV_003,11
DEV_003_2024-10-27 05:00:00,2024-10-27 05:00:00,DEV_003,86
DEV_003_2024-10-27 06:00:00,2024-10-27 06:00:00,DEV_003,42
DEV_003_2024-10-27 07:00:00,2024-10-27 07:00:00,DEV_003,41
DEV_003_2024-10-27 08:00:00,2024-10-27 08:00:00,DEV_003,5
DEV_003_2024-10-27 09:00:00,2024-10-27 09:00:00,DEV_003,48
DEV_003_2024-10-27 10:00:00,2024-10-27 10:00:00,DEV_003,9
DEV_003_2024-10-27 11:00:00,2024-10-27 11:00:00,DEV_003,23
DEV_003_2024-10-27 12:00:00,2024-10-27 12:00:00,DEV_003,41
DEV_003_2024-10-27 13:00:00,2024-10-27 13:00:00,DEV_003,63
DEV_003_2024-10-27 14:00:00,2024-10-27 14:00:00,DEV_003,49
DEV_003_2024-10-27 15:00:00,2024-10-27 15:00:00,DEV_003,44
DEV_003_2024-10-27 16:00:00,2024-10-27 16:00:00,DEV_003,2
DEV_003_2024-10-27 17:00:00,2024-10-27 17:00:00,DEV_003,18
DEV_003_2024-10-27 18:00:00,2024-10-27 18:00:00,DEV_003,13
DEV_003_2024-10-27 19:00:00,2024-10-27 19:00:00,DEV_003,3
DEV_003_2024-10-27 20:00:00,2024-10-27 20:00:00,DEV_003,20
DEV_003_2024-10-27 21:00:00,2024-10-27 21:00:00,DEV_003,82
DEV_003_2024-10-27 22:00:00,2024-10-27 22:00:00,DEV_003,28
DEV_003_2024-10-27 23:00:00,2024-10-27 23:00:00,DEV_003,70
DEV_003_2024-10-28 00:00:00,2024-10-28 00:00:00,DEV_003,67
DEV_003_2024-10-28 01:00:00,2024-10-28 01:00:00,DEV_003,57
DEV_003_2024-10-28 02:00:00,2024-10-28 02:00:00,DEV_003,52
DEV_003_2024-10-28 03:00:00,2024-10-28 03:00:00,DEV_003,34
DEV_003_2024-10-28 04:00:00,2024-10-28 04:00:00,DEV_003,59
DEV_003_2024-10-28 05:00:00,2024-10-28 05:00:00,DEV_003,62
DEV_003_2024-10-28 06:00:00,2024-10-28 06:00:00,DEV_003,32
DEV_003_2024-10-28 07:00:00,2024-10-28 07:00:00,DEV_003,47
DEV_003_2024-10-28 08:00:00,2024-10-28 08:00:00,DEV_003,57
DEV_003_2024-10-28 09:00:00,2024-10-28 09:00:00,DEV_003,12
DEV_003_2024-10-28 10:00:00,2024-10-28 10:00:00,DEV_003,4
DEV_003_2024-10-28 11:00:00,2024-10-28 11:00:00,DEV_003,72
DEV_003_2024-10-28 12:00:00,2024-10-28 12:00:00,DEV_003,91
DEV_003_2024-10-28 13:00:00,2024-10-28 13:00:00,DEV_003,99
DEV_003_2024-10-28 14:00:00,2024-10-28 14:00:00,DEV_003,85
DEV_003_2024-10-28 15:00:00,2024-10-28 15:00:00,DEV_003,22
DEV_003_2024-10-28 16:00:00,2024-10-28 16:00:00,DEV_003,85
DEV_003_2024-10-28 17:00:00,2024-10-28 17:00:00,DEV_003,5
DEV_003_2024-10-28 18:00:00,2024-10-28 18:00:00,DEV_003,66
DEV_003_2024-10-28 19:00:00,2024-10-28 19:00:00,DEV_003,97
DEV_003_2024-10-28 20:00:00,2024-10-28 20:00:00,DEV_003,63
DEV_003_2024-10-28 21:00:00,2024-10-28 21:00:00,DEV_003,49
DEV_003_2024-10-28 22:00:00,2024-10-28 22:00:00,DEV_003,37
DEV_003_2024-10-28 23:00:00,2024-10-28 23:00:00,DEV_003,43
DEV_003_2024-10-29 00:00:00,2024-10-29 00:00:00,DEV_003,5
DEV_003_2024-10-29 01:00:00,2024-10-29 01:00:00,DEV_003,22
DEV_003_2024-10-29 02:00:00,2024-10-29 02:00:00,DEV_003,58
DEV_003_2024-10-29 03:00:00,2024-10-29 03:00:00,DEV_003,61
DEV_003_2024-10-29 04:00:00,2024-10-29 04:00:00,DEV_003,93
DEV_003_2024-10-29 05:00:00,2024-10-29 05:00:00,DEV_003,83
DEV_003_2024-10-29 06:00:00,2024-10-29 06:00:00,DEV_003,99
DEV_003_2024-10-29 07:00:00,2024-10-29 07:00:00,DEV_003,41
DEV_003_2024-10-29 08:00:00,2024-10-29 08:00:00,DEV_003,97
DEV_003_2024-10-29 09:00:00,2024-10-29 09:00:00,DEV_003,80
DEV_003_2024-10-29 10:00:00,2024-10-29 10:00:00,DEV_003,21
DEV_003_2024-10-29 11:00:00,2024-10-29 11:00:00,DEV_003,25
DEV_003_2024-10-29 12:00:00,2024-10-29 12:00:00,DEV_003,78
DEV_003_2024-10-29 13:00:00,2024-10-29 13:00:00,DEV_003,45
DEV_003_2024-10-29 14:00:00,2024-10-29 14:00:00,DEV_003,20
DEV_003_2024-10-29 15:00:00,2024-10-29 15:00:00,DEV_003,6
DEV_003_2024-10-29 16:00:00,2024-10-29 16:00:00,DEV_003,49
DEV_003_2024-10-29 17:00:00,2024-10-29 17:00:00,DEV_003,81
DEV_003_2024-10-29 18:00:00,2024-10-29 18:00:00,DEV_003,3
DEV_003_2024-10-29 19:00:00,2024-10-29 19:00:00,DEV_003,56
DEV_003_2024-10-29 20:00:00,2024-10-29 20:00:00,DEV_003,93
DEV_003_2024-10-29 21:00:00,2024-10-29 21:00:00,DEV_003,3
DEV_003_2024-10-29 22:00:00,2024-10-29 22:00:00,DEV_003,9
DEV_003_2024-10-29 23:00:00,2024-10-29 23:00:00,DEV_003,68
DEV_003_2024-10-30 00:00:00,2024-10-30 00:00:00,DEV_003,1
DEV_003_2024-10-30 01:00:00,2024-10-30 01:00:00,DEV_003,56
DEV_003_2024-10-30 02:00:00,2024-10-30 02:00:00,DEV_003,86
DEV_003_2024-10-30 03:00:00,2024-10-30 03:00:00,DEV_003,5
DEV_003_2024-10-30 04:00:00,2024-10-30 04:00:00,DEV_003,60
DEV_003_2024-10-30 05:00:00,2024-10-30 05:00:00,DEV_003,28
DEV_003_2024-10-30 06:00:00,2024-10-30 06:00:00,DEV_003,69
DEV_003_2024-10-30 07:00:00,2024-10-30 07:00:00,DEV_003,28
DEV_003_2024-10-30 08:00:00,2024-10-30 08:00:00,DEV_003,49
DEV_003_2024-10-30 09:00:00,2024-10-30 09:00:00,DEV_003,63
DEV_003_2024-10-30 10:00:00,2024-10-30 10:00:00,DEV_003,39
DEV_003_2024-10-30 11:00:00,2024-10-30 11:00:00,DEV_003,46
DEV_003_2024-10-30 12:00:00,2024-10-30 12:00:00,DEV_003,46
DEV_003_2024-10-30 13:00:00,2024-10-30 13:00:00,DEV_003,50
DEV_003_2024-10-30 14:00:00,2024-10-30 14:00:00,DEV_003,83
DEV_003_2024-10-30 15:00:00,2024-10-30 15:00:00,DEV_003,90
DEV_003_2024-10-30 16:00:00,2024-10-30 16:00:00,DEV_003,41
DEV_003_2024-10-30 17:00:00,2024-10-30 17:00:00,DEV_003,84
DEV_003_2024-10-30 18:00:00,2024-10-30 18:00:00,DEV_003,77
DEV_003_2024-10-30 19:00:00,2024-10-30 19:00:00,DEV_003,11
DEV_003_2024-10-30 20:00:00,2024-10-30 20:00:00,DEV_003,94
DEV_003_2024-10-30 21:00:00,2024-10-30 21:00:00,DEV_003,72
DEV_003_2024-10-30 22:00:00,2024-10-30 22:00:00,DEV_003,85
DEV_003_2024-10-30 23:00:00,2024-10-30 23:00:00,DEV_003,78
DEV_003_2024-10-31 00:00:00,2024-10-31 00:00:00,DEV_003,78
DEV_003_2024-10-31 01:00:00,2024-10-31 01:00:00,DEV_003,3
DEV_003_2024-10-31 02:00:00,2024-10-31 02:00:00,DEV_003,54
DEV_003_2024-10-31 03:00:00,2024-10-31 03:00:00,DEV_003,55
DEV_003_2024-10-31 04:00:00,2024-10-31 04:00:00,DEV_003,57
DEV_003_2024-10-31 05:00:00,2024-10-31 05:00:00,DEV_003,71
DEV_003_2024-10-31 06:00:00,2024-10-31 06:00:00,DEV_003,1
DEV_003_2024-10-31 07:00:00,2024-10-31 07:00:00,DEV_003,95
DEV_003_2024-10-31 08:00:00,2024-10-31 08:00:00,DEV_003,80
DEV_003_2024-10-31 09:00:00,2024-10-31 09:00:00,DEV_003,75
DEV_003_2024-10-31 10:00:00,2024-10-31 10:00:00,DEV_003,66
DEV_003_2024-10-31 11:00:00,2024-10-31 11:00:00,DEV_003,52
DEV_003_2024-10-31 12:00:00,2024-10-31 12:00:00,DEV_003,82
DEV_003_2024-10-31 13:00:00,2024-10-31 13:00:00,DEV_003,10
DEV_003_2024-10-31 14:00:00,2024-10-31 14:00:00,DEV_003,57
DEV_003_2024-10-31 15:00:00,2024-10-31 15:00:00,DEV_003,66
DEV_003_2024-10-31 16:00:00,2024-10-31 16:00:00,DEV_003,2
DEV_003_2024-10-31 17:00:00,2024-10-31 17:00:00,DEV_003,41
DEV_003_2024-10-31 18:00:00,2024-10-31 18:00:00,DEV_003,51
DEV_003_2024-10-31 19:00:00,2024-10-31 19:00:00,DEV_003,96
DEV_003_2024-10-31 20:00:00,2024-10-31 20:00:00,DEV_003,39
DEV_003_2024-10-31 21:00:00,2024-10-31 21:00:00,DEV_003,30
DEV_003_2024-10-31 22:00:00,2024-10-31 22:00:00,DEV_003,50
DEV_003_2024-10-31 23:00:00,2024-10-31 23:00:00,DEV_003,21
DEV_003_2024-11-01 00:00:00,2024-11-01 00:00:00,DEV_003,90
DEV_003_2024-11-01 01:00:00,2024-11-01 01:00:00,DEV_003,77
DEV_003_2024-11-01 02:00:00,2024-11-01 02:00:00,DEV_003,32
DEV_003_2024-11-01 03:00:00,2024-11-01 03:00:00,DEV_003,16
DEV_003_2024-11-01 04:00:00,2024-11-01 04:00:00,DEV_003,97
DEV_003_2024-11-01 05:00:00,2024-11-01 05:00:00,DEV_003,67
DEV_003_2024-11-01 06:00:00,2024-11-01 06:00:00,DEV_003,15
DEV_003_2024-11-01 07:00:00,2024-11-01 07:00:00,DEV_003,21
DEV_003_2024-11-01 08:00:00,2024-11-01 08:00:00,DEV_003,60
DEV_003_2024-11-01 09:00:00,2024-11-01 09:00:00,DEV_003,35
DEV_003_2024-11-01 10:00:00,2024-11-01 10:00:00,DEV_003,52
DEV_003_2024-11-01 11:00:00,2024-11-01 11:00:00,DEV_003,88
DEV_003_2024-11-01 12:00:00,2024-11-01 12:00:00,DEV_003,56
DEV_003_2024-11-01 13:00:00,2024-11-01 13:00:00,DEV_003,23
DEV_003_2024-11-01 14:00:00,2024-11-01 14:00:00,DEV_003,74
DEV_003_2024-11-01 15:00:00,2024-11-01 15:00:00,DEV_003,97
DEV_003_2024-11-01 16:00:00,2024-11-01 16:00:00,DEV_003,90
DEV_003_2024-11-01 17:00:00,2024-11-01 17:00:00,DEV_003,51
DEV_003_2024-11-01 18:00:00,2024-11-01 18:00:00,DEV_003,12
DEV_003_2024-11-01 19:00:00,2024-11-01 19:00:00,DEV_003,33
DEV_003_2024-11-01 20:00:00,2024-11-01 20:00:00,DEV_003,49
DEV_003_2024-11-01 21:00:00,2024-11-01 21:00:00,DEV_003,44
DEV_003_2024-11-01 22:00:00,2024-11-01 22:00:00,DEV_003,35
DEV_003_2024-11-01 23:00:00,2024-11-01 23:00:00,DEV_003,95
DEV_003_2024-11-02 00:00:00,2024-11-02 00:00:00,DEV_003,82
DEV_003_2024-11-02 01:00:00,2024-11-02 01:00:00,DEV_003,27
DEV_003_2024-11-02 02:00:00,2024-11-02 02:00:00,DEV_003,80
DEV_003_2024-11-02 03:00:00,2024-11-02 03:00:00,DEV_003,56
DEV_003_2024-11-02 04:00:00,2024-11-02 04:00:00,DEV_003,78
DEV_003_2024-11-02 05:00:00,2024-11-02 05:00:00,DEV_003,58
DEV_003_2024-11-02 06:00:00,2024-11-02 06:00:00,DEV_003,39
DEV_003_2024-11-02 07:00:00,2024-11-02 07:00:00,DEV_003,24
DEV_003_2024-11-02 08:00:00,2024-11-02 08:00:00,DEV_003,15
DEV_003_2024-11-02 09:00:00,2024-11-02 09:00:00,DEV_003,14
DEV_003_2024-11-02 10:00:00,2024-11-02 10:00:00,DEV_003,16
DEV_003_2024-11-02 11:00:00,2024-11-02 11:00:00,DEV_003,62
DEV_003_2024-11-02 12:00:00,2024-11-02 12:00:00,DEV_003,37
DEV_003_2024-11-02 13:00:00,2024-11-02 13:00:00,DEV_003,15
DEV_003_2024-11-02 14:00:00,2024-11-02 14:00:00,DEV_003,14
DEV_003_2024-11-02 15:00:00,2024-11-02 15:00:00,DEV_003,88
DEV_003_2024-11-02 16:00:00,2024-11-02 16:00:00,DEV_003,68
DEV_003_2024-11-02 17:00:00,2024-11-02 17:00:00,DEV_003,59
DEV_003_2024-11-02 18:00:00,2024-11-02 18:00:00,DEV_003,63
DEV_003_2024-11-02 19:00:00,2024-11-02 19:00:00,DEV_003,35
DEV_003_2024-11-02 20:00:00,2024-11-02 20:00:00,DEV_003,36
DEV_003_2024-11-02 21:00:00,2024-11-02 21:00:00,DEV_003,49
DEV_003_2024-11-02 22:00:00,2024-11-02 22:00:00,DEV_003,29
DEV_003_2024-11-02 23:00:00,2024-11-02 23:00:00,DEV_003,42
DEV_003_2024-11-03 00:00:00,2024-11-03 00:00:00,DEV_003,95
DEV_003_2024-11-03 01:00:00,2024-11-03 01:00:00,DEV_003,54
DEV_003_2024-11-03 02:00:00,2024-11-03 02:00:00,DEV_003,54
DEV_003_2024-11-03 03:00:00,2024-11-03 03:00:00,DEV_003,65
DEV_003_2024-11-03 04:00:00,2024-11-03 04:00:00,DEV_003,62
DEV_003_2024-11-03 05:00:00,2024-11-03 05:00:00,DEV_003,43
DEV_003_2024-11-03 06:00:00,2024-11-03 06:00:00,DEV_003,61
DEV_003_2024-11-03 07:00:00,2024-11-03 07:00:00,DEV_003,91
DEV_003_2024-11-03 08:00:00,2024-11-03 08:00:00,DEV_003,50
DEV_003_2024-11-03 09:00:00,2024-11-03 09:00:00,DEV_003,58
DEV_003_2024-11-03 10:00:00,2024-11-03 10:00:00,DEV_003,22
DEV_003_2024-11-03 11:00:00,2024-11-03 11:00:00,DEV_003,36
DEV_003_2024-11-03 12:00:00,2024-11-03 12:00:00,DEV_003,10
DEV_003_2024-11-03 13:00:00,2024-11-03 13:00:00,DEV_003,94
DEV_003_2024-11-03 14:00:00,2024-11-03 14:00:00,DEV_003,3
DEV_003_2024-11-03 15:00:00,2024-11-03 15:00:00,DEV_003,97
DEV_003_2024-11-03 16:00:00,2024-11-03 16:00:00,DEV_003,10
DEV_003_2024-11-03 17:00:00,2024-11-03 17:00:00,DEV_003,70
DEV_003_2024-11-03 18:00:00,2024-11-03 18:00:00,DEV_003,44
DEV_003_2024-11-03 19:00:00,2024-11-03 19:00:00,DEV_003,53
DEV_003_2024-11-03 20:00:00,2024-11-03 20:00:00,DEV_003,63
DEV_003_2024-11-03 21:00:00,2024-11-03 21:00:00,DEV_003,71
DEV_003_2024-11-03 22:00:00,2024-11-03 22:00:00,DEV_003,64
DEV_003_2024-11-03 23:00:00,2024-11-03 23:00:00,DEV_003,24
DEV_003_2024-11-04 00:00:00,2024-11-04 00:00:00,DEV_003,85
DEV_003_2024-11-04 01:00:00,2024-11-04 01:00:00,DEV_003,83
DEV_003_2024-11-04 02:00:00,2024-11-04 02:00:00,DEV_003,19
DEV_003_2024-11-04 03:00:00,2024-11-04 03:00:00,DEV_003,37
DEV_003_2024-11-04 04:00:00,2024-11-04 04:00:00,DEV_003,96
DEV_003_2024-11-04 05:00:00,2024-11-04 05:00:00,DEV_003,74
DEV_003_2024-11-04 06:00:00,2024-11-04 06:00:00,DEV_003,75
DEV_003_2024-11-04 07:00:00,2024-11-04 07:00:00,DEV_003,42
DEV_003_2024-11-04 08:00:00,2024-11-04 08:00:00,DEV_003,19
DEV_003_2024-11-04 09:00:00,2024-11-04 09:00:00,DEV_003,96
DEV_003_2024-11-04 10:00:00,2024-11-04 10:00:00,DEV_003,54
DEV_003_2024-11-04 11:00:00,2024-11-04 11:00:00,DEV_003,58
DEV_003_2024-11-04 12:00:00,2024-11-04 12:00:00,DEV_003,29
DEV_003_2024-11-04 13:00:00,2024-11-04 13:00:00,DEV_003,41
DEV_003_2024-11-04 14:00:00,2024-11-04 14:00:00,DEV_003,66
DEV_003_2024-11-04 15:00:00,2024-11-04 15:00:00,DEV_003,51
DEV_003_2024-11-04 16:00:00,2024-11-04 16:00:00,DEV_003,73
DEV_003_2024-11-04 17:00:00,2024-11-04 17:00:00,DEV_003,75
DEV_003_2024-11-04 18:00:00,2024-11-04 18:00:00,DEV_003,14
DEV_003_2024-11-04 19:00:00,2024-11-04 19:00:00,DEV_003,20
DEV_003_2024-11-04 20:00:00,2024-11-04 20:00:00,DEV_003,63
DEV_003_2024-11-04 21:00:00,2024-11-04 21:00:00,DEV_003,14
DEV_003_2024-11-04 22:00:00,2024-11-04 22:00:00,DEV_003,91
DEV_003_2024-11-04 23:00:00,2024-11-04 23:00:00,DEV_003,43
DEV_003_2024-11-05 00:00:00,2024-11-05 00:00:00,DEV_003,69
DEV_003_2024-11-05 01:00:00,2024-11-05 01:00:00,DEV_003,12
DEV_003_2024-11-05 02:00:00,2024-11-05 02:00:00,DEV_003,58
DEV_003_2024-11-05 03:00:00,2024-11-05 03:00:00,DEV_003,50
DEV_003_2024-11-05 04:00:00,2024-11-05 04:00:00,DEV_003,90
DEV_003_2024-11-05 05:00:00,2024-11-05 05:00:00,DEV_003,13
DEV_003_2024-11-05 06:00:00,2024-11-05 06:00:00,DEV_003,68
DEV_003_2024-11-05 07:00:00,2024-11-05 07:00:00,DEV_003,32
DEV_003_2024-11-05 08:00:00,2024-11-05 08:00:00,DEV_003,43
DEV_003_2024-11-05 09:00:00,2024-11-05 09:00:00,DEV_003,56
DEV_003_2024-11-05 10:00:00,2024-11-05 10:00:00,DEV_003,41
DEV_003_2024-11-05 11:00:00,2024-11-05 11:00:00,DEV_003,74
DEV_003_2024-11-05 12:00:00,2024-11-05 12:00:00,DEV_003,55
DEV_003_2024-11-05 13:00:00,2024-11-05 13:00:00,DEV_003,32
DEV_003_2024-11-05 14:00:00,2024-11-05 14:00:00,DEV_003,6
DEV_003_2024-11-05 15:00:00,2024-11-05 15:00:00,DEV_003,38
DEV_003_2024-11-05 16:00:00,2024-11-05 16:00:00,DEV_003,20
DEV_003_2024-11-05 17:00:00,2024-11-05 17:00:00,DEV_003,53
DEV_003_2024-11-05 18:00:00,2024-11-05 18:00:00,DEV_003,50
DEV_003_2024-11-05 19:00:00,2024-11-05 19:00:00,DEV_003,5
DEV_003_2024-11-05 20:00:00,2024-11-05 20:00:00,DEV_003,26
DEV_003_2024-11-05 21:00:00,2024-11-05 21:00:00,DEV_003,69
DEV_003_2024-11-05 22:00:00,2024-11-05 22:00:00,DEV_003,1
DEV_003_2024-11-05 23:00:00,2024-11-05 23:00:00,DEV_003,67
DEV_003_2024-11-06 00:00:00,2024-11-06 00:00:00,DEV_003,83
DEV_003_2024-11-06 01:00:00,2024-11-06 01:00:00,DEV_003,86
DEV_003_2024-11-06 02:00:00,2024-11-06 02:00:00,DEV_003,80
DEV_003_2024-11-06 03:00:00,2024-11-06 03:00:00,DEV_003,84
DEV_003_2024-11-06 04:00:00,2024-11-06 04:00:00,DEV_003,36
DEV_003_2024-11-06 05:00:00,2024-11-06 05:00:00,DEV_003,38
DEV_003_2024-11-06 06:00:00,2024-11-06 06:00:00,DEV_003,51
DEV_003_2024-11-06 07:00:00,2024-11-06 07:00:00,DEV_003,30
DEV_003_2024-11-06 08:00:00,2024-11-06 08:00:00,DEV_003,67
DEV_003_2024-11-06 09:00:00,2024-11-06 09:00:00,DEV_003,16
DEV_003_2024-11-06 10:00:00,2024-11-06 10:00:00,DEV_003,1
DEV_003_2024-11-06 11:00:00,2024-11-06 11:00:00,DEV_003,31
DEV_003_2024-11-06 12:00:00,2024-11-06 12:00:00,DEV_003,73
DEV_003_2024-11-06 13:00:00,2024-11-06 13:00:00,DEV_003,42
DEV_003_2024-11-06 14:00:00,2024-11-06 14:00:00,DEV_003,82
DEV_003_2024-11-06 15:00:00,2024-11-06 15:00:00,DEV_003,38
DEV_003_2024-11-06 16:00:00,2024-11-06 16:00:00,DEV_003,62
DEV_003_2024-11-06 17:00:00,2024-11-06 17:00:00,DEV_003,59
DEV_003_2024-11-06 18:00:00,2024-11-06 18:00:00,DEV_003,14
DEV_003_2024-11-06 19:00:00,2024-11-06 19:00:00,DEV_003,23
DEV_003_2024-11-06 20:00:00,2024-11-06 20:00:00,DEV_003,56
DEV_003_2024-11-06 21:00:00,2024-11-06 21:00:00,DEV_003,25
DEV_003_2024-11-06 22:00:00,2024-11-06 22:00:00,DEV_003,52
DEV_003_2024-11-06 23:00:00,2024-11-06 23:00:00,DEV_003,81
DEV_003_2024-11-07 00:00:00,2024-11-07 00:00:00,DEV_003,7
DEV_003_2024-11-07 01:00:00,2024-11-07 01:00:00,DEV_003,42
DEV_003_2024-11-07 02:00:00,2024-11-07 02:00:00,DEV_003,90
DEV_003_2024-11-07 03:00:00,2024-11-07 03:00:00,DEV_003,96
DEV_003_2024-11-07 04:00:00,2024-11-07 04:00:00,DEV_003,45
DEV_003_2024-11-07 05:00:00,2024-11-07 05:00:00,DEV_003,67
DEV_003_2024-11-07 06:00:00,2024-11-07 06:00:00,DEV_003,29
DEV_003_2024-11-07 07:00:00,2024-11-07 07:00:00,DEV_003,97
DEV_003_2024-11-07 08:00:00,2024-11-07 08:00:00,DEV_003,8
DEV_003_2024-11-07 09:00:00,2024-11-07 09:00:00,DEV_003,4
DEV_003_2024-11-07 10:00:00,2024-11-07 10:00:00,DEV_003,17
DEV_003_2024-11-07 11:00:00,2024-11-07 11:00:00,DEV_003,50
DEV_003_2024-11-07 12:00:00,2024-11-07 12:00:00,DEV_003,18
DEV_003_2024-11-07 13:00:00,2024-11-07 13:00:00,DEV_003,90
DEV_003_2024-11-07 14:00:00,2024-11-07 14:00:00,DEV_003,53
DEV_003_2024-11-07 15:00:00,2024-11-07 15:00:00,DEV_003,82
DEV_003_2024-11-07 16:00:00,2024-11-07 16:00:00,DEV_003,51
DEV_003_2024-11-07 17:00:00,2024-11-07 17:00:00,DEV_003,83
DEV_003_2024-11-07 18:00:00,2024-11-07 18:00:00,DEV_003,51
DEV_003_2024-11-07 19:00:00,2024-11-07 19:00:00,DEV_003,3
DEV_003_2024-11-07 20:00:00,2024-11-07 20:00:00,DEV_003,1
DEV_003_2024-11-07 21:00:00,2024-11-07 21:00:00,DEV_003,69
DEV_003_2024-11-07 22:00:00,2024-11-07 22:00:00,DEV_003,87
DEV_003_2024-11-07 23:00:00,2024-11-07 23:00:00,DEV_003,88
DEV_003_2024-11-08 00:00:00,2024-11-08 00:00:00,DEV_003,85
DEV_003_2024-11-08 01:00:00,2024-11-08 01:00:00,DEV_003,91
DEV_003_2024-11-08 02:00:00,2024-11-08 02:00:00,DEV_003,48
DEV_003_2024-11-08 03:00:00,2024-11-08 03:00:00,DEV_003,58
DEV_003_2024-11-08 04:00:00,2024-11-08 04:00:00,DEV_003,77
DEV_003_2024-11-08 05:00:00,2024-11-08 05:00:00,DEV_003,92
DEV_003_2024-11-08 06:00:00,2024-11-08 06:00:00,DEV_003,56
DEV_003_2024-11-08 07:00:00,2024-11-08 07:00:00,DEV_003,12
DEV_003_2024-11-08 08:00:00,2024-11-08 08:00:00,DEV_003,14
DEV_003_2024-11-08 09:00:00,2024-11-08 09:00:00,DEV_003,18
DEV_003_2024-11-08 10:00:00,2024-11-08 10:00:00,DEV_003,97
DEV_003_2024-11-08 11:00:00,2024-11-08 11:00:00,DEV_003,20
DEV_003_2024-11-08 12:00:00,2024-11-08 12:00:00,DEV_003,31
DEV_003_2024-11-08 13:00:00,2024-11-08 13:00:00,DEV_003,84
DEV_003_2024-11-08 14:00:00,2024-11-08 14:00:00,DEV_003,89
DEV_003_2024-11-08 15:00:00,2024-11-08 15:00:00,DEV_003,76
DEV_003_2024-11-08 16:00:00,2024-11-08 16:00:00,DEV_003,67
DEV_003_2024-11-08 17:00:00,2024-11-08 17:00:00,DEV_003,11
DEV_003_2024-11-08 18:00:00,2024-11-08 18:00:00,DEV_003,56
DEV_003_2024-11-08 19:00:00,2024-11-08 19:00:00,DEV_003,72
DEV_003_2024-11-08 20:00:00,2024-11-08 20:00:00,DEV_003,84
DEV_003_2024-11-08 21:00:00,2024-11-08 21:00:00,DEV_003,91
DEV_003_2024-11-08 22:00:00,2024-11-08 22:00:00,DEV_003,27
DEV_003_2024-11-08 23:00:00,2024-11-08 23:00:00,DEV_003,29
DEV_003_2024-11-09 00:00:00,2024-11-09 00:00:00,DEV_003,54
DEV_003_2024-11-09 01:00:00,2024-11-09 01:00:00,DEV_003,53
DEV_003_2024-11-09 02:00:00,2024-11-09 02:00:00,DEV_003,81
DEV_003_2024-11-09 03:00:00,2024-11-09 03:00:00,DEV_003,74
DEV_003_2024-11-09 04:00:00,2024-11-09 04:00:00,DEV_003,91
DEV_003_2024-11-09 05:00:00,2024-11-09 05:00:00,DEV_003,73
DEV_003_2024-11-09 06:00:00,2024-11-09 06:00:00,DEV_003,70
DEV_003_2024-11-09 07:00:00,2024-11-09 07:00:00,DEV_003,11
DEV_003_2024-11-09 08:00:00,2024-11-09 08:00:00,DEV_003,77
DEV_003_2024-11-09 09:00:00,2024-11-09 09:00:00,DEV_003,47
DEV_003_2024-11-09 10:00:00,2024-11-09 10:00:00,DEV_003,97
DEV_003_2024-11-09 11:00:00,2024-11-09 11:00:00,DEV_003,50
DEV_003_2024-11-09 12:00:00,2024-11-09 12:00:00,DEV_003,81
DEV_003_2024-11-09 13:00:00,2024-11-09 13:00:00,DEV_003,26
DEV_003_2024-11-09 14:00:00,2024-11-09 14:00:00,DEV_003,30
DEV_003_2024-11-09 15:00:00,2024-11-09 15:00:00,DEV_003,21
DEV_003_2024-11-09 16:00:00,2024-11-09 16:00:00,DEV_003,38
DEV_003_2024-11-09 17:00:00,2024-11-09 17:00:00,DEV_003,17
DEV_003_2024-11-09 18:00:00,2024-11-09 18:00:00,DEV_003,4
DEV_003_2024-11-09 19:00:00,2024-11-09 19:00:00,DEV_003,6
DEV_003_2024-11-09 20:00:00,2024-11-09 20:00:00,DEV_003,28
DEV_003_2024-11-09 21:00:00,2024-11-09 21:00:00,DEV_003,63
DEV_003_2024-11-09 22:00:00,2024-11-09 22:00:00,DEV_003,77
DEV_003_2024-11-09 23:00:00,2024-11-09 23:00:00,DEV_003,59
DEV_003_2024-11-10 00:00:00,2024-11-10 00:00:00,DEV_003,79
DEV_003_2024-11-10 01:00:00,2024-11-10 01:00:00,DEV_003,89
DEV_003_2024-11-10 02:00:00,2024-11-10 02:00:00,DEV_003,68
DEV_003_2024-11-10 03:00:00,2024-11-10 03:00:00,DEV_003,21
DEV_003_2024-11-10 04:00:00,2024-11-10 04:00:00,DEV_003,20
DEV_003_2024-11-10 05:00:00,2024-11-10 05:00:00,DEV_003,75
DEV_003_2024-11-10 06:00:00,2024-11-10 06:00:00,DEV_003,65
DEV_003_2024-11-10 07:00:00,2024-11-10 07:00:00,DEV_003,91
DEV_003_2024-11-10 08:00:00,2024-11-10 08:00:00,DEV_003,92
DEV_003_2024-11-10 09:00:00,2024-11-10 09:00:00,DEV_003,49
DEV_003_2024-11-10 10:00:00,2024-11-10 10:00:00,DEV_003,12
DEV_003_2024-11-10 11:00:00,2024-11-10 11:00:00,DEV_003,17
DEV_003_2024-11-10 12:00:00,2024-11-10 12:00:00,DEV_003,18
DEV_003_2024-11-10 13:00:00,2024-11-10 13:00:00,DEV_003,74
DEV_003_2024-11-10 14:00:00,2024-11-10 14:00:00,DEV_003,78
DEV_003_2024-11-10 15:00:00,2024-11-10 15:00:00,DEV_003,77
DEV_003_2024-11-10 16:00:00,2024-11-10 16:00:00,DEV_003,22
DEV_003_2024-11-10 17:00:00,2024-11-10 17:00:00,DEV_003,13
DEV_003_2024-11-10 18:00:00,2024-11-10 18:00:00,DEV_003,45
DEV_003_2024-11-10 19:00:00,2024-11-10 19:00:00,DEV_003,75
DEV_003_2024-11-10 20:00:00,2024-11-10 20:00:00,DEV_003,80
DEV_003_2024-11-10 21:00:00,2024-11-10 21:00:00,DEV_003,64
DEV_003_2024-11-10 22:00:00,2024-11-10 22:00:00,DEV_003,10
DEV_003_2024-11-10 23:00:00,2024-11-10 23:00:00,DEV_003,28
DEV_003_2024-11-11 00:00:00,2024-11-11 00:00:00,DEV_003,32
DEV_003_2024-11-11 01:00:00,2024-11-11 01:00:00,DEV_003,64
DEV_003_2024-11-11 02:00:00,2024-11-11 02:00:00,DEV_003,41
DEV_003_2024-11-11 03:00:00,2024-11-11 03:00:00,DEV_003,6
DEV_003_2024-11-11 04:00:00,2024-11-11 04:00:00,DEV_003,54
DEV_003_2024-11-11 05:00:00,2024-11-11 05:00:00,DEV_003,57
DEV_003_2024-11-11 06:00:00,2024-11-11 06:00:00,DEV_003,81
DEV_003_2024-11-11 07:00:00,2024-11-11 07:00:00,DEV_003,71
DEV_003_2024-11-11 08:00:00,2024-11-11 08:00:00,DEV_003,54
DEV_003_2024-11-11 09:00:00,2024-11-11 09:00:00,DEV_003,62
DEV_003_2024-11-11 10:00:00,2024-11-11 10:00:00,DEV_003,13
DEV_003_2024-11-11 11:00:00,2024-11-11 11:00:00,DEV_003,83
DEV_003_2024-11-11 12:00:00,2024-11-11 12:00:00,DEV_003,75
DEV_003_2024-11-11 13:00:00,2024-11-11 13:00:00,DEV_003,69
DEV_003_2024-11-11 14:00:00,2024-11-11 14:00:00,DEV_003,77
DEV_003_2024-11-11 15:00:00,2024-11-11 15:00:00,DEV_003,32
DEV_003_2024-11-11 16:00:00,2024-11-11 16:00:00,DEV_003,35
DEV_003_2024-11-11 17:00:00,2024-11-11 17:00:00,DEV_003,39
DEV_003_2024-11-11 18:00:00,2024-11-11 18:00:00,DEV_003,88
DEV_003_2024-11-11 19:00:00,2024-11-11 19:00:00,DEV_003,68
DEV_003_2024-11-11 20:00:00,2024-11-11 20:00:00,DEV_003,68
DEV_003_2024-11-11 21:00:00,2024-11-11 21:00:00,DEV_003,6
DEV_003_2024-11-11 22:00:00,2024-11-11 22:00:00,DEV_003,31
DEV_003_2024-11-11 23:00:00,2024-11-11 23:00:00,DEV_003,34
DEV_003_2024-11-12 00:00:00,2024-11-12 00:00:00,DEV_003,24
DEV_003_2024-11-12 01:00:00,2024-11-12 01:00:00,DEV_003,66
DEV_003_2024-11-12 02:00:00,2024-11-12 02:00:00,DEV_003,23
DEV_003_2024-11-12 03:00:00,2024-11-12 03:00:00,DEV_003,91
DEV_003_2024-11-12 04:00:00,2024-11-12 04:00:00,DEV_003,82
DEV_003_2024-11-12 05:00:00,2024-11-12 05:00:00,DEV_003,93
DEV_003_2024-11-12 06:00:00,2024-11-12 06:00:00,DEV_003,98
DEV_003_2024-11-12 07:00:00,2024-11-12 07:00:00,DEV_003,31
DEV_003_2024-11-12 08:00:00,2024-11-12 08:00:00,DEV_003,22
DEV_003_2024-11-12 09:00:00,2024-11-12 09:00:00,DEV_003,62
DEV_003_2024-11-12 10:00:00,2024-11-12 10:00:00,DEV_003,81
DEV_003_2024-11-12 11:00:00,2024-11-12 11:00:00,DEV_003,5
DEV_003_2024-11-12 12:00:00,2024-11-12 12:00:00,DEV_003,25
DEV_003_2024-11-12 13:00:00,2024-11-12 13:00:00,DEV_003,65
DEV_003_2024-11-12 14:00:00,2024-11-12 14:00:00,DEV_003,74
DEV_003_2024-11-12 15:00:00,2024-11-12 15:00:00,DEV_003,83
DEV_003_2024-11-12 16:00:00,2024-11-12 16:00:00,DEV_003,37
DEV_003_2024-11-12 17:00:00,2024-11-12 17:00:00,DEV_003,59
DEV_003_2024-11-12 18:00:00,2024-11-12 18:00:00,DEV_003,90
DEV_003_2024-11-12 19:00:00,2024-11-12 19:00:00,DEV_003,55
DEV_003_2024-11-12 20:00:00,2024-11-12 20:00:00,DEV_003,8
DEV_003_2024-11-12 21:00:00,2024-11-12 21:00:00,DEV_003,81
DEV_003_2024-11-12 22:00:00,2024-11-12 22:00:00,DEV_003,47
DEV_003_2024-11-12 23:00:00,2024-11-12 23:00:00,DEV_003,21
DEV_003_2024-11-13 00:00:00,2024-11-13 00:00:00,DEV_003,70
DEV_003_2024-11-13 01:00:00,2024-11-13 01:00:00,DEV_003,99
DEV_003_2024-11-13 02:00:00,2024-11-13 02:00:00,DEV_003,92
DEV_003_2024-11-13 03:00:00,2024-11-13 03:00:00,DEV_003,95
DEV_003_2024-11-13 04:00:00,2024-11-13 04:00:00,DEV_003,6
DEV_003_2024-11-13 05:00:00,2024-11-13 05:00:00,DEV_003,40
DEV_003_2024-11-13 06:00:00,2024-11-13 06:00:00,DEV_003,78
DEV_003_2024-11-13 07:00:00,2024-11-13 07:00:00,DEV_003,44
DEV_003_2024-11-13 08:00:00,2024-11-13 08:00:00,DEV_003,22
DEV_003_2024-11-13 09:00:00,2024-11-13 09:00:00,DEV_003,67
DEV_003_2024-11-13 10:00:00,2024-11-13 10:00:00,DEV_003,85
DEV_003_2024-11-13 11:00:00,2024-11-13 11:00:00,DEV_003,11
DEV_003_2024-11-13 12:00:00,2024-11-13 12:00:00,DEV_003,35
DEV_003_2024-11-13 13:00:00,2024-11-13 13:00:00,DEV_003,73
DEV_003_2024-11-13 14:00:00,2024-11-13 14:00:00,DEV_003,31
DEV_003_2024-11-13 15:00:00,2024-11-13 15:00:00,DEV_003,66
DEV_003_2024-11-13 16:00:00,2024-11-13 16:00:00,DEV_003,34
DEV_003_2024-11-13 17:00:00,2024-11-13 17:00:00,DEV_003,49
DEV_003_2024-11-13 18:00:00,2024-11-13 18:00:00,DEV_003,42
DEV_003_2024-11-13 19:00:00,2024-11-13 19:00:00,DEV_003,94
DEV_003_2024-11-13 20:00:00,2024-11-13 20:00:00,DEV_003,22
DEV_003_2024-11-13 21:00:00,2024-11-13 21:00:00,DEV_003,16
DEV_003_2024-11-13 22:00:00,2024-11-13 22:00:00,DEV_003,95
DEV_003_2024-11-13 23:00:00,2024-11-13 23:00:00,DEV_003,14
DEV_003_2024-11-14 00:00:00,2024-11-14 00:00:00,DEV_003,23
DEV_003_2024-11-14 01:00:00,2024-11-14 01:00:00,DEV_003,63
DEV_003_2024-11-14 02:00:00,2024-11-14 02:00:00,DEV_003,36
DEV_003_2024-11-14 03:00:00,2024-11-14 03:00:00,DEV_003,96
DEV_003_2024-11-14 04:00:00,2024-11-14 04:00:00,DEV_003,86
DEV_003_2024-11-14 05:00:00,2024-11-14 05:00:00,DEV_003,15
DEV_003_2024-11-14 06:00:00,2024-11-14 06:00:00,DEV_003,47
DEV_003_2024-11-14 07:00:00,2024-11-14 07:00:00,DEV_003,13
DEV_003_2024-11-14 08:00:00,2024-11-14 08:00:00,DEV_003,90
DEV_003_2024-11-14 09:00:00,2024-11-14 09:00:00,DEV_003,31
DEV_003_2024-11-14 10:00:00,2024-11-14 10:00:00,DEV_003,42
DEV_003_2024-11-14 11:00:00,2024-11-14 11:00:00,DEV_003,98
DEV_003_2024-11-14 12:00:00,2024-11-14 12:00:00,DEV_003,46
DEV_003_2024-11-14 13:00:00,2024-11-14 13:00:00,DEV_003,8
DEV_003_2024-11-14 14:00:00,2024-11-14 14:00:00,DEV_003,24
DEV_003_2024-11-14 15:00:00,2024-11-14 15:00:00,DEV_003,65
DEV_003_2024-11-14 16:00:00,2024-11-14 16:00:00,DEV_003,45
DEV_003_2024-11-14 17:00:00,2024-11-14 17:00:00,DEV_003,61
DEV_003_2024-11-14 18:00:00,2024-11-14 18:00:00,DEV_003,99
DEV_003_2024-11-14 19:00:00,2024-11-14 19:00:00,DEV_003,94
DEV_003_2024-11-14 20:00:00,2024-11-14 20:00:00,DEV_003,78
DEV_003_2024-11-14 21:00:00,2024-11-14 21:00:00,DEV_003,17
DEV_003_2024-11-14 22:00:00,2024-11-14 22:00:00,DEV_003,90
DEV_003_2024-11-14 23:00:00,2024-11-14 23:00:00,DEV_003,76
DEV_003_2024-11-15 00:00:00,2024-11-15 00:00:00,DEV_003,41
DEV_003_2024-11-15 01:00:00,2024-11-15 01:00:00,DEV_003,72
DEV_003_2024-11-15 02:00:00,2024-11-15 02:00:00,DEV_003,69
DEV_003_2024-11-15 03:00:00,2024-11-15 03:00:00,DEV_003,13
DEV_003_2024-11-15 04:00:00,2024-11-15 04:00:00,DEV_003,56
DEV_003_2024-11-15 05:00:00,2024-11-15 05:00:00,DEV_003,29
DEV_003_2024-11-15 06:00:00,2024-11-15 06:00:00,DEV_003,34
DEV_003_2024-11-15 07:00:00,2024-11-15 07:00:00,DEV_003,77
DEV_003_2024-11-15 08:00:00,2024-11-15 08:00:00,DEV_003,56
DEV_003_2024-11-15 09:00:00,2024-11-15 09:00:00,DEV_003,35
DEV_003_2024-11-15 10:00:00,2024-11-15 10:00:00,DEV_003,30
DEV_003_2024-11-15 11:00:00,2024-11-15 11:00:00,DEV_003,73
DEV_003_2024-11-15 12:00:00,2024-11-15 12:00:00,DEV_003,36
DEV_003_2024-11-15 13:00:00,2024-11-15 13:00:00,DEV_003,14
DEV_003_2024-11-15 14:00:00,2024-11-15 14:00:00,DEV_003,23
DEV_003_2024-11-15 15:00:00,2024-11-15 15:00:00,DEV_003,51
DEV_003_2024-11-15 16:00:00,2024-11-15 16:00:00,DEV_003,86
DEV_003_2024-11-15 17:00:00,2024-11-15 17:00:00,DEV_003,96
DEV_003_2024-11-15 18:00:00,2024-11-15 18:00:00,DEV_003,24
DEV_003_2024-11-15 19:00:00,2024-11-15 19:00:00,DEV_003,82
DEV_003_2024-11-15 20:00:00,2024-11-15 20:00:00,DEV_003,32
DEV_003_2024-11-15 21:00:00,2024-11-15 21:00:00,DEV_003,61
DEV_003_2024-11-15 22:00:00,2024-11-15 22:00:00,DEV_003,42
DEV_003_2024-11-15 23:00:00,2024-11-15 23:00:00,DEV_003,2
DEV_003_2024-11-16 00:00:00,2024-11-16 00:00:00,DEV_003,97
DEV_003_2024-11-16 01:00:00,2024-11-16 01:00:00,DEV_003,74
DEV_003_2024-11-16 02:00:00,2024-11-16 02:00:00,DEV_003,77
DEV_003_2024-11-16 03:00:00,2024-11-16 03:00:00,DEV_003,94
DEV_003_2024-11-16 04:00:00,2024-11-16 04:00:00,DEV_003,33
DEV_003_2024-11-16 05:00:00,2024-11-16 05:00:00,DEV_003,94
DEV_003_2024-11-16 06:00:00,2024-11-16 06:00:00,DEV_003,14
DEV_003_2024-11-16 07:00:00,2024-11-16 07:00:00,DEV_003,46
DEV_003_2024-11-16 08:00:00,2024-11-16 08:00:00,DEV_003,56
DEV_003_2024-11-16 09:00:00,2024-11-16 09:00:00,DEV_003,24
DEV_003_2024-11-16 10:00:00,2024-11-16 10:00:00,DEV_003,56
DEV_003_2024-11-16 11:00:00,2024-11-16 11:00:00,DEV_003,13
DEV_003_2024-11-16 12:00:00,2024-11-16 12:00:00,DEV_003,40
DEV_003_2024-11-16 13:00:00,2024-11-16 13:00:00,DEV_003,6
DEV_003_2024-11-16 14:00:00,2024-11-16 14:00:00,DEV_003,97
DEV_003_2024-11-16 15:00:00,2024-11-16 15:00:00,DEV_003,29
DEV_003_2024-11-16 16:00:00,2024-11-16 16:00:00,DEV_003,40
DEV_003_2024-11-16 17:00:00,2024-11-16 17:00:00,DEV_003,77
DEV_003_2024-11-16 18:00:00,2024-11-16 18:00:00,DEV_003,43
DEV_003_2024-11-16 19:00:00,2024-11-16 19:00:00,DEV_003,78
DEV_003_2024-11-16 20:00:00,2024-11-16 20:00:00,DEV_003,67
DEV_003_2024-11-16 21:00:00,2024-11-16 21:00:00,DEV_003,94
DEV_003_2024-11-16 22:00:00,2024-11-16 22:00:00,DEV_003,90
DEV_003_2024-11-16 23:00:00,2024-11-16 23:00:00,DEV_003,24
DEV_003_2024-11-17 00:00:00,2024-11-17 00:00:00,DEV_003,23
DEV_003_2024-11-17 01:00:00,2024-11-17 01:00:00,DEV_003,52
DEV_003_2024-11-17 02:00:00,2024-11-17 02:00:00,DEV_003,44
DEV_003_2024-11-17 03:00:00,2024-11-17 03:00:00,DEV_003,93
DEV_003_2024-11-17 04:00:00,2024-11-17 04:00:00,DEV_003,43
DEV_003_2024-11-17 05:00:00,2024-11-17 05:00:00,DEV_003,78
DEV_003_2024-11-17 06:00:00,2024-11-17 06:00:00,DEV_003,50
DEV_003_2024-11-17 07:00:00,2024-11-17 07:00:00,DEV_003,80
DEV_003_2024-11-17 08:00:00,2024-11-17 08:00:00,DEV_003,3
DEV_003_2024-11-17 09:00:00,2024-11-17 09:00:00,DEV_003,68
DEV_003_2024-11-17 10:00:00,2024-11-17 10:00:00,DEV_003,16
DEV_003_2024-11-17 11:00:00,2024-11-17 11:00:00,DEV_003,97
DEV_003_2024-11-17 12:00:00,2024-11-17 12:00:00,DEV_003,6
DEV_003_2024-11-17 13:00:00,2024-11-17 13:00:00,DEV_003,99
DEV_003_2024-11-17 14:00:00,2024-11-17 14:00:00,DEV_003,56
DEV_003_2024-11-17 15:00:00,2024-11-17 15:00:00,DEV_003,75
DEV_003_2024-11-17 16:00:00,2024-11-17 16:00:00,DEV_003,72
DEV_003_2024-11-17 17:00:00,2024-11-17 17:00:00,DEV_003,2
DEV_003_2024-11-17 18:00:00,2024-11-17 18:00:00,DEV_003,20
DEV_003_2024-11-17 19:00:00,2024-11-17 19:00:00,DEV_003,8
DEV_003_2024-11-17 20:00:00,2024-11-17 20:00:00,DEV_003,81
DEV_003_2024-11-17 21:00:00,2024-11-17 21:00:00,DEV_003,76
DEV_003_2024-11-17 22:00:00,2024-11-17 22:00:00,DEV_003,75
DEV_003_2024-11-17 23:00:00,2024-11-17 23:00:00,DEV_003,58
DEV_003_2024-11-18 00:00:00,2024-11-18 00:00:00,DEV_003,59
DEV_003_2024-11-18 01:00:00,2024-11-18 01:00:00,DEV_003,66
DEV_003_2024-11-18 02:00:00,2024-11-18 02:00:00,DEV_003,27
DEV_003_2024-11-18 03:00:00,2024-11-18 03:00:00,DEV_003,74
DEV_003_2024-11-18 04:00:00,2024-11-18 04:00:00,DEV_003,72
DEV_003_2024-11-18 05:00:00,2024-11-18 05:00:00,DEV_003,98
DEV_003_2024-11-18 06:00:00,2024-11-18 06:00:00,DEV_003,65
DEV_003_2024-11-18 07:00:00,2024-11-18 07:00:00,DEV_003,31
DEV_003_2024-11-18 08:00:00,2024-11-18 08:00:00,DEV_003,57
DEV_003_2024-11-18 09:00:00,2024-11-18 09:00:00,DEV_003,36
DEV_003_2024-11-18 10:00:00,2024-11-18 10:00:00,DEV_003,84
DEV_003_2024-11-18 11:00:00,2024-11-18 11:00:00,DEV_003,69
DEV_003_2024-11-18 12:00:00,2024-11-18 12:00:00,DEV_003,88
DEV_003_2024-11-18 13:00:00,2024-11-18 13:00:00,DEV_003,25
DEV_003_2024-11-18 14:00:00,2024-11-18 14:00:00,DEV_003,49
DEV_003_2024-11-18 15:00:00,2024-11-18 15:00:00,DEV_003,83
DEV_003_2024-11-18 16:00:00,2024-11-18 16:00:00,DEV_003,97
DEV_003_2024-11-18 17:00:00,2024-11-18 17:00:00,DEV_003,81
DEV_003_2024-11-18 18:00:00,2024-11-18 18:00:00,DEV_003,37
DEV_003_2024-11-18 19:00:00,2024-11-18 19:00:00,DEV_003,71
DEV_003_2024-11-18 20:00:00,2024-11-18 20:00:00,DEV_003,3
DEV_003_2024-11-18 21:00:00,2024-11-18 21:00:00,DEV_003,68
DEV_003_2024-11-18 22:00:00,2024-11-18 22:00:00,DEV_003,93
DEV_003_2024-11-18 23:00:00,2024-11-18 23:00:00,DEV_003,54
DEV_003_2024-11-19 00:00:00,2024-11-19 00:00:00,DEV_003,32
DEV_003_2024-11-19 01:00:00,2024-11-19 01:00:00,DEV_003,29
DEV_003_2024-11-19 02:00:00,2024-11-19 02:00:00,DEV_003,55
DEV_003_2024-11-19 03:00:00,2024-11-19 03:00:00,DEV_003,89
DEV_003_2024-11-19 04:00:00,2024-11-19 04:00:00,DEV_003,90
DEV_003_2024-11-19 05:00:00,2024-11-19 05:00:00,DEV_003,68
DEV_003_2024-11-19 06:00:00,2024-11-19 06:00:00,DEV_003,6
DEV_003_2024-11-19 07:00:00,2024-11-19 07:00:00,DEV_003,88
DEV_003_2024-11-19 08:00:00,2024-11-19 08:00:00,DEV_003,48
DEV_003_2024-11-19 09:00:00,2024-11-19 09:00:00,DEV_003,22
DEV_003_2024-11-19 10:00:00,2024-11-19 10:00:00,DEV_003,32
DEV_003_2024-11-19 11:00:00,2024-11-19 11:00:00,DEV_003,45
DEV_003_2024-11-19 12:00:00,2024-11-19 12:00:00,DEV_003,89
DEV_003_2024-11-19 13:00:00,2024-11-19 13:00:00,DEV_003,89
DEV_003_2024-11-19 14:00:00,2024-11-19 14:00:00,DEV_003,92
DEV_003_2024-11-19 15:00:00,2024-11-19 15:00:00,DEV_003,52
DEV_003_2024-11-19 16:00:00,2024-11-19 16:00:00,DEV_003,81
DEV_003_2024-11-19 17:00:00,2024-11-19 17:00:00,DEV_003,24
DEV_003_2024-11-19 18:00:00,2024-11-19 18:00:00,DEV_003,6
DEV_003_2024-11-19 19:00:00,2024-11-19 19:00:00,DEV_003,45
DEV_003_2024-11-19 20:00:00,2024-11-19 20:00:00,DEV_003,20
DEV_003_2024-11-19 21:00:00,2024-11-19 21:00:00,DEV_003,71
DEV_003_2024-11-19 22:00:00,2024-11-19 22:00:00,DEV_003,60
DEV_003_2024-11-19 23:00:00,2024-11-19 23:00:00,DEV_003,73
DEV_003_2024-11-20 00:00:00,2024-11-20 00:00:00,DEV_003,15
DEV_003_2024-11-20 01:00:00,2024-11-20 01:00:00,DEV_003,2
DEV_003_2024-11-20 02:00:00,2024-11-20 02:00:00,DEV_003,85
DEV_003_2024-11-20 03:00:00,2024-11-20 03:00:00,DEV_003,91
DEV_003_2024-11-20 04:00:00,2024-11-20 04:00:00,DEV_003,87
DEV_003_2024-11-20 05:00:00,2024-11-20 05:00:00,DEV_003,55
DEV_003_2024-11-20 06:00:00,2024-11-20 06:00:00,DEV_003,63
DEV_003_2024-11-20 07:00:00,2024-11-20 07:00:00,DEV_003,37
DEV_003_2024-11-20 08:00:00,2024-11-20 08:00:00,DEV_003,47
DEV_003_2024-11-20 09:00:00,2024-11-20 09:00:00,DEV_003,15
DEV_003_2024-11-20 10:00:00,2024-11-20 10:00:00,DEV_003,58
DEV_003_2024-11-20 11:00:00,2024-11-20 11:00:00,DEV_003,30
DEV_003_2024-11-20 12:00:00,2024-11-20 12:00:00,DEV_003,65
DEV_003_2024-11-20 13:00:00,2024-11-20 13:00:00,DEV_003,70
DEV_003_2024-11-20 14:00:00,2024-11-20 14:00:00,DEV_003,62
DEV_003_2024-11-20 15:00:00,2024-11-20 15:00:00,DEV_003,97
DEV_003_2024-11-20 16:00:00,2024-11-20 16:00:00,DEV_003,88
DEV_003_2024-11-20 17:00:00,2024-11-20 17:00:00,DEV_003,55
DEV_003_2024-11-20 18:00:00,2024-11-20 18:00:00,DEV_003,83
DEV_003_2024-11-20 19:00:00,2024-11-20 19:00:00,DEV_003,36
DEV_003_2024-11-20 20:00:00,2024-11-20 20:00:00,DEV_003,12
DEV_003_2024-11-20 21:00:00,2024-11-20 21:00:00,DEV_003,98
DEV_003_2024-11-20 22:00:00,2024-11-20 22:00:00,DEV_003,93
DEV_003_2024-11-20 23:00:00,2024-11-20 23:00:00,DEV_003,83
DEV_003_2024-11-21 00:00:00,2024-11-21 00:00:00,DEV_003,89
DEV_003_2024-11-21 01:00:00,2024-11-21 01:00:00,DEV_003,75
DEV_003_2024-11-21 02:00:00,2024-11-21 02:00:00,DEV_003,55
DEV_003_2024-11-21 03:00:00,2024-11-21 03:00:00,DEV_003,72
DEV_003_2024-11-21 04:00:00,2024-11-21 04:00:00,DEV_003,59
DEV_003_2024-11-21 05:00:00,2024-11-21 05:00:00,DEV_003,59
DEV_003_2024-11-21 06:00:00,2024-11-21 06:00:00,DEV_003,21
DEV_003_2024-11-21 07:00:00,2024-11-21 07:00:00,DEV_003,25
DEV_003_2024-11-21 08:00:00,2024-11-21 08:00:00,DEV_003,18
DEV_003_2024-11-21 09:00:00,2024-11-21 09:00:00,DEV_003,32
DEV_003_2024-11-21 10:00:00,2024-11-21 10:00:00,DEV_003,70
DEV_003_2024-11-21 11:00:00,2024-11-21 11:00:00,DEV_003,83
DEV_003_2024-11-21 12:00:00,2024-11-21 12:00:00,DEV_003,43
DEV_003_2024-11-21 13:00:00,2024-11-21 13:00:00,DEV_003,2
DEV_003_2024-11-21 14:00:00,2024-11-21 14:00:00,DEV_003,22
DEV_003_2024-11-21 15:00:00,2024-11-21 15:00:00,DEV_003,14
DEV_003_2024-11-21 16:00:00,2024-11-21 16:00:00,DEV_003,44
DEV_003_2024-11-21 17:00:00,2024-11-21 17:00:00,DEV_003,66
DEV_003_2024-11-21 18:00:00,2024-11-21 18:00:00,DEV_003,74
DEV_003_2024-11-21 19:00:00,2024-11-21 19:00:00,DEV_003,85
DEV_003_2024-11-21 20:00:00,2024-11-21 20:00:00,DEV_003,40
DEV_003_2024-11-21 21:00:00,2024-11-21 21:00:00,DEV_003,5
DEV_003_2024-11-21 22:00:00,2024-11-21 22:00:00,DEV_003,81
DEV_003_2024-11-21 23:00:00,2024-11-21 23:00:00,DEV_003,79
DEV_003_2024-11-22 00:00:00,2024-11-22 00:00:00,DEV_003,24
DEV_003_2024-11-22 01:00:00,2024-11-22 01:00:00,DEV_003,69
DEV_003_2024-11-22 02:00:00,2024-11-22 02:00:00,DEV_003,63
DEV_003_2024-11-22 03:00:00,2024-11-22 03:00:00,DEV_003,50
DEV_003_2024-11-22 04:00:00,2024-11-22 04:00:00,DEV_003,76
DEV_003_2024-11-22 05:00:00,2024-11-22 05:00:00,DEV_003,66
DEV_003_2024-11-22 06:00:00,2024-11-22 06:00:00,DEV_003,61
DEV_003_2024-11-22 07:00:00,2024-11-22 07:00:00,DEV_003,68
DEV_003_2024-11-22 08:00:00,2024-11-22 08:00:00,DEV_003,59
DEV_003_2024-11-22 09:00:00,2024-11-22 09:00:00,DEV_003,55
DEV_003_2024-11-22 10:00:00,2024-11-22 10:00:00,DEV_003,74
DEV_003_2024-11-22 11:00:00,2024-11-22 11:00:00,DEV_003,71
DEV_003_2024-11-22 12:00:00,2024-11-22 12:00:00,DEV_003,59
DEV_003_2024-11-22 13:00:00,2024-11-22 13:00:00,DEV_003,16
DEV_003_2024-11-22 14:00:00,2024-11-22 14:00:00,DEV_003,66
DEV_003_2024-11-22 15:00:00,2024-11-22 15:00:00,DEV_003,97
DEV_003_2024-11-22 16:00:00,2024-11-22 16:00:00,DEV_003,91
DEV_003_2024-11-22 17:00:00,2024-11-22 17:00:00,DEV_003,11
DEV_003_2024-11-22 18:00:00,2024-11-22 18:00:00,DEV_003,98
DEV_003_2024-11-22 19:00:00,2024-11-22 19:00:00,DEV_003,44
DEV_003_2024-11-22 20:00:00,2024-11-22 20:00:00,DEV_003,64
DEV_003_2024-11-22 21:00:00,2024-11-22 21:00:00,DEV_003,90
DEV_003_2024-11-22 22:00:00,2024-11-22 22:00:00,DEV_003,41
DEV_003_2024-11-22 23:00:00,2024-11-22 23:00:00,DEV_003,6
DEV_003_2024-11-23 00:00:00,2024-11-23 00:00:00,DEV_003,88
DEV_003_2024-11-23 01:00:00,2024-11-23 01:00:00,DEV_003,85
DEV_003_2024-11-23 02:00:00,2024-11-23 02:00:00,DEV_003,10
DEV_003_2024-11-23 03:00:00,2024-11-23 03:00:00,DEV_003,92
DEV_003_2024-11-23 04:00:00,2024-11-23 04:00:00,DEV_003,59
DEV_003_2024-11-23 05:00:00,2024-11-23 05:00:00,DEV_003,59
DEV_003_2024-11-23 06:00:00,2024-11-23 06:00:00,DEV_003,87
DEV_003_2024-11-23 07:00:00,2024-11-23 07:00:00,DEV_003,99
DEV_003_2024-11-23 08:00:00,2024-11-23 08:00:00,DEV_003,74
DEV_003_2024-11-23 09:00:00,2024-11-23 09:00:00,DEV_003,85
DEV_003_2024-11-23 10:00:00,2024-11-23 10:00:00,DEV_003,38
DEV_003_2024-11-23 11:00:00,2024-11-23 11:00:00,DEV_003,70
DEV_003_2024-11-23 12:00:00,2024-11-23 12:00:00,DEV_003,52
DEV_003_2024-11-23 13:00:00,2024-11-23 13:00:00,DEV_003,51
DEV_003_2024-11-23 14:00:00,2024-11-23 14:00:00,DEV_003,20
DEV_003_2024-11-23 15:00:00,2024-11-23 15:00:00,DEV_003,89
DEV_003_2024-11-23 16:00:00,2024-11-23 16:00:00,DEV_003,59
DEV_003_2024-11-23 17:00:00,2024-11-23 17:00:00,DEV_003,5
DEV_003_2024-11-23 18:00:00,2024-11-23 18:00:00,DEV_003,54
DEV_003_2024-11-23 19:00:00,2024-11-23 19:00:00,DEV_003,82
DEV_003_2024-11-23 20:00:00,2024-11-23 20:00:00,DEV_003,70
DEV_003_2024-11-23 21:00:00,2024-11-23 21:00:00,DEV_003,53
DEV_003_2024-11-23 22:00:00,2024-11-23 22:00:00,DEV_003,20
DEV_003_2024-11-23 23:00:00,2024-11-23 23:00:00,DEV_003,25
DEV_003_2024-11-24 00:00:00,2024-11-24 00:00:00,DEV_003,46
DEV_003_2024-11-24 01:00:00,2024-11-24 01:00:00,DEV_003,74
DEV_003_2024-11-24 02:00:00,2024-11-24 02:00:00,DEV_003,7
DEV_003_2024-11-24 03:00:00,2024-11-24 03:00:00,DEV_003,66
DEV_003_2024-11-24 04:00:00,2024-11-24 04:00:00,DEV_003,26
DEV_003_2024-11-24 05:00:00,2024-11-24 05:00:00,DEV_003,75
DEV_003_2024-11-24 06:00:00,2024-11-24 06:00:00,DEV_003,50
DEV_003_2024-11-24 07:00:00,2024-11-24 07:00:00,DEV_003,47
DEV_003_2024-11-24 08:00:00,2024-11-24 08:00:00,DEV_003,93
DEV_003_2024-11-24 09:00:00,2024-11-24 09:00:00,DEV_003,87
DEV_003_2024-11-24 10:00:00,2024-11-24 10:00:00,DEV_003,5
DEV_003_2024-11-24 11:00:00,2024-11-24 11:00:00,DEV_003,4
DEV_003_2024-11-24 12:00:00,2024-11-24 12:00:00,DEV_003,99
DEV_003_2024-11-24 13:00:00,2024-11-24 13:00:00,DEV_003,30
DEV_003_2024-11-24 14:00:00,2024-11-24 14:00:00,DEV_003,98
DEV_003_2024-11-24 15:00:00,2024-11-24 15:00:00,DEV_003,86
DEV_003_2024-11-24 16:00:00,2024-11-24 16:00:00,DEV_003,82
DEV_003_2024-11-24 17:00:00,2024-11-24 17:00:00,DEV_003,47
DEV_003_2024-11-24 18:00:00,2024-11-24 18:00:00,DEV_003,61
DEV_003_2024-11-24 19:00:00,2024-11-24 19:00:00,DEV_003,66
DEV_003_2024-11-24 20:00:00,2024-11-24 20:00:00,DEV_003,95
DEV_003_2024-11-24 21:00:00,2024-11-24 21:00:00,DEV_003,80
DEV_003_2024-11-24 22:00:00,2024-11-24 22:00:00,DEV_003,31
DEV_003_2024-11-24 23:00:00,2024-11-24 23:00:00,DEV_003,52
DEV_003_2024-11-25 00:00:00,2024-11-25 00:00:00,DEV_003,71
DEV_003_2024-11-25 01:00:00,2024-11-25 01:00:00,DEV_003,69
DEV_003_2024-11-25 02:00:00,2024-11-25 02:00:00,DEV_003,50
DEV_003_2024-11-25 03:00:00,2024-11-25 03:00:00,DEV_003,87
DEV_003_2024-11-25 04:00:00,2024-11-25 04:00:00,DEV_003,89
DEV_003_2024-11-25 05:00:00,2024-11-25 05:00:00,DEV_003,18
DEV_003_2024-11-25 06:00:00,2024-11-25 06:00:00,DEV_003,49
DEV_003_2024-11-25 07:00:00,2024-11-25 07:00:00,DEV_003,12
DEV_003_2024-11-25 08:00:00,2024-11-25 08:00:00,DEV_003,86
DEV_003_2024-11-25 09:00:00,2024-11-25 09:00:00,DEV_003,24
DEV_003_2024-11-25 10:00:00,2024-11-25 10:00:00,DEV_003,46
DEV_003_2024-11-25 11:00:00,2024-11-25 11:00:00,DEV_003,13
DEV_003_2024-11-25 12:00:00,2024-11-25 12:00:00,DEV_003,20
DEV_003_2024-11-25 13:00:00,2024-11-25 13:00:00,DEV_003,71
DEV_003_2024-11-25 14:00:00,2024-11-25 14:00:00,DEV_003,92
DEV_003_2024-11-25 15:00:00,2024-11-25 15:00:00,DEV_003,71
DEV_003_2024-11-25 16:00:00,2024-11-25 16:00:00,DEV_003,77
DEV_003_2024-11-25 17:00:00,2024-11-25 17:00:00,DEV_003,80
DEV_003_2024-11-25 18:00:00,2024-11-25 18:00:00,DEV_003,26
DEV_003_2024-11-25 19:00:00,2024-11-25 19:00:00,DEV_003,96
DEV_003_2024-11-25 20:00:00,2024-11-25 20:00:00,DEV_003,7
DEV_003_2024-11-25 21:00:00,2024-11-25 21:00:00,DEV_003,37
DEV_003_2024-11-25 22:00:00,2024-11-25 22:00:00,DEV_003,67
DEV_003_2024-11-25 23:00:00,2024-11-25 23:00:00,DEV_003,77
DEV_003_2024-11-26 00:00:00,2024-11-26 00:00:00,DEV_003,54
DEV_003_2024-11-26 01:00:00,2024-11-26 01:00:00,DEV_003,81
DEV_003_2024-11-26 02:00:00,2024-11-26 02:00:00,DEV_003,51
DEV_003_2024-11-26 03:00:00,2024-11-26 03:00:00,DEV_003,55
DEV_003_2024-11-26 04:00:00,2024-11-26 04:00:00,DEV_003,26
DEV_003_2024-11-26 05:00:00,2024-11-26 05:00:00,DEV_003,36
DEV_003_2024-11-26 06:00:00,2024-11-26 06:00:00,DEV_003,3
DEV_003_2024-11-26 07:00:00,2024-11-26 07:00:00,DEV_003,13
DEV_003_2024-11-26 08:00:00,2024-11-26 08:00:00,DEV_003,13
DEV_003_2024-11-26 09:00:00,2024-11-26 09:00:00,DEV_003,57
DEV_003_2024-11-26 10:00:00,2024-11-26 10:00:00,DEV_003,66
DEV_003_2024-11-26 11:00:00,2024-11-26 11:00:00,DEV_003,91
DEV_003_2024-11-26 12:00:00,2024-11-26 12:00:00,DEV_003,62
DEV_003_2024-11-26 13:00:00,2024-11-26 13:00:00,DEV_003,14
DEV_003_2024-11-26 14:00:00,2024-11-26 14:00:00,DEV_003,36
DEV_003_2024-11-26 15:00:00,2024-11-26 15:00:00,DEV_003,47
DEV_003_2024-11-26 16:00:00,2024-11-26 16:00:00,DEV_003,37
DEV_003_2024-11-26 17:00:00,2024-11-26 17:00:00,DEV_003,85
DEV_003_2024-11-26 18:00:00,2024-11-26 18:00:00,DEV_003,91
DEV_003_2024-11-26 19:00:00,2024-11-26 19:00:00,DEV_003,38
DEV_003_2024-11-26 20:00:00,2024-11-26 20:00:00,DEV_003,6
DEV_003_2024-11-26 21:00:00,2024-11-26 21:00:00,DEV_003,33
DEV_003_2024-11-26 22:00:00,2024-11-26 22:00:00,DEV_003,12
DEV_003_2024-11-26 23:00:00,2024-11-26 23:00:00,DEV_003,94
DEV_003_2024-11-27 00:00:00,2024-11-27 00:00:00,DEV_003,9
DEV_003_2024-11-27 01:00:00,2024-11-27 01:00:00,DEV_003,55
DEV_003_2024-11-27 02:00:00,2024-11-27 02:00:00,DEV_003,41
DEV_003_2024-11-27 03:00:00,2024-11-27 03:00:00,DEV_003,14
DEV_003_2024-11-27 04:00:00,2024-11-27 04:00:00,DEV_003,11
DEV_003_2024-11-27 05:00:00,2024-11-27 05:00:00,DEV_003,51
DEV_003_2024-11-27 06:00:00,2024-11-27 06:00:00,DEV_003,10
DEV_003_2024-11-27 07:00:00,2024-11-27 07:00:00,DEV_003,3
DEV_003_2024-11-27 08:00:00,2024-11-27 08:00:00,DEV_003,20
DEV_003_2024-11-27 09:00:00,2024-11-27 09:00:00,DEV_003,27
DEV_003_2024-11-27 10:00:00,2024-11-27 10:00:00,DEV_003,34
DEV_003_2024-11-27 11:00:00,2024-11-27 11:00:00,DEV_003,61
DEV_003_2024-11-27 12:00:00,2024-11-27 12:00:00,DEV_003,67
DEV_003_2024-11-27 13:00:00,2024-11-27 13:00:00,DEV_003,86
DEV_003_2024-11-27 14:00:00,2024-11-27 14:00:00,DEV_003,43
DEV_003_2024-11-27 15:00:00,2024-11-27 15:00:00,DEV_003,61
DEV_003_2024-11-27 16:00:00,2024-11-27 16:00:00,DEV_003,18
DEV_003_2024-11-27 17:00:00,2024-11-27 17:00:00,DEV_003,2
DEV_003_2024-11-27 18:00:00,2024-11-27 18:00:00,DEV_003,73
DEV_003_2024-11-27 19:00:00,2024-11-27 19:00:00,DEV_003,73
DEV_003_2024-11-27 20:00:00,2024-11-27 20:00:00,DEV_003,21
DEV_003_2024-11-27 21:00:00,2024-11-27 21:00:00,DEV_003,43
DEV_003_2024-11-27 22:00:00,2024-11-27 22:00:00,DEV_003,52
DEV_003_2024-11-27 23:00:00,2024-11-27 23:00:00,DEV_003,85
DEV_003_2024-11-28 00:00:00,2024-11-28 00:00:00,DEV_003,52
DEV_003_2024-11-28 01:00:00,2024-11-28 01:00:00,DEV_003,64
DEV_003_2024-11-28 02:00:00,2024-11-28 02:00:00,DEV_003,41
DEV_003_2024-11-28 03:00:00,2024-11-28 03:00:00,DEV_003,47
DEV_003_2024-11-28 04:00:00,2024-11-28 04:00:00,DEV_003,87
DEV_003_2024-11-28 05:00:00,2024-11-28 05:00:00,DEV_003,73
DEV_003_2024-11-28 06:00:00,2024-11-28 06:00:00,DEV_003,82
DEV_003_2024-11-28 07:00:00,2024-11-28 07:00:00,DEV_003,42
DEV_003_2024-11-28 08:00:00,2024-11-28 08:00:00,DEV_003,86
DEV_003_2024-11-28 09:00:00,2024-11-28 09:00:00,DEV_003,76
DEV_003_2024-11-28 10:00:00,2024-11-28 10:00:00,DEV_003,47
DEV_003_2024-11-28 11:00:00,2024-11-28 11:00:00,DEV_003,38
DEV_003_2024-11-28 12:00:00,2024-11-28 12:00:00,DEV_003,72
DEV_003_2024-11-28 13:00:00,2024-11-28 13:00:00,DEV_003,67
DEV_003_2024-11-28 14:00:00,2024-11-28 14:00:00,DEV_003,22
DEV_003_2024-11-28 15:00:00,2024-11-28 15:00:00,DEV_003,43
DEV_003_2024-11-28 16:00:00,2024-11-28 16:00:00,DEV_003,1
DEV_003_2024-11-28 17:00:00,2024-11-28 17:00:00,DEV_003,39
DEV_003_2024-11-28 18:00:00,2024-11-28 18:00:00,DEV_003,97
DEV_003_2024-11-28 19:00:00,2024-11-28 19:00:00,DEV_003,55
DEV_003_2024-11-28 20:00:00,2024-11-28 20:00:00,DEV_003,53
DEV_003_2024-11-28 21:00:00,2024-11-28 21:00:00,DEV_003,34
DEV_003_2024-11-28 22:00:00,2024-11-28 22:00:00,DEV_003,80
DEV_003_2024-11-28 23:00:00,2024-11-28 23:00:00,DEV_003,33
DEV_003_2024-11-29 00:00:00,2024-11-29 00:00:00,DEV_003,30
DEV_003_2024-11-29 01:00:00,2024-11-29 01:00:00,DEV_003,31
DEV_003_2024-11-29 02:00:00,2024-11-29 02:00:00,DEV_003,80
DEV_003_2024-11-29 03:00:00,2024-11-29 03:00:00,DEV_003,96
DEV_003_2024-11-29 04:00:00,2024-11-29 04:00:00,DEV_003,69
DEV_003_2024-11-29 05:00:00,2024-11-29 05:00:00,DEV_003,47
DEV_003_2024-11-29 06:00:00,2024-11-29 06:00:00,DEV_003,78
DEV_003_2024-11-29 07:00:00,2024-11-29 07:00:00,DEV_003,61
DEV_003_2024-11-29 08:00:00,2024-11-29 08:00:00,DEV_003,60
DEV_003_2024-11-29 09:00:00,2024-11-29 09:00:00,DEV_003,32
DEV_003_2024-11-29 10:00:00,2024-11-29 10:00:00,DEV_003,77
DEV_003_2024-11-29 11:00:00,2024-11-29 11:00:00,DEV_003,73
DEV_003_2024-11-29 12:00:00,2024-11-29 12:00:00,DEV_003,90
DEV_003_2024-11-29 13:00:00,2024-11-29 13:00:00,DEV_003,68
DEV_003_2024-11-29 14:00:00,2024-11-29 14:00:00,DEV_003,18
DEV_003_2024-11-29 15:00:00,2024-11-29 15:00:00,DEV_003,56
DEV_003_2024-11-29 16:00:00,2024-11-29 16:00:00,DEV_003,10
DEV_003_2024-11-29 17:00:00,2024-11-29 17:00:00,DEV_003,94
DEV_003_2024-11-29 18:00:00,2024-11-29 18:00:00,DEV_003,39
DEV_003_2024-11-29 19:00:00,2024-11-29 19:00:00,DEV_003,52
DEV_003_2024-11-29 20:00:00,2024-11-29 20:00:00,DEV_003,3
DEV_003_2024-11-29 21:00:00,2024-11-29 21:00:00,DEV_003,75
DEV_003_2024-11-29 22:00:00,2024-11-29 22:00:00,DEV_003,84
DEV_003_2024-11-29 23:00:00,2024-11-29 23:00:00,DEV_003,51
DEV_003_2024-11-30 00:00:00,2024-11-30 00:00:00,DEV_003,63
DEV_003_2024-11-30 01:00:00,2024-11-30 01:00:00,DEV_003,73
DEV_003_2024-11-30 02:00:00,2024-11-30 02:00:00,DEV_003,48
DEV_003_2024-11-30 03:00:00,2024-11-30 03:00:00,DEV_003,80
DEV_003_2024-11-30 04:00:00,2024-11-30 04:00:00,DEV_003,6
DEV_003_2024-11-30 05:00:00,2024-11-30 05:00:00,DEV_003,39
DEV_003_2024-11-30 06:00:00,2024-11-30 06:00:00,DEV_003,62
DEV_003_2024-11-30 07:00:00,2024-11-30 07:00:00,DEV_003,98
DEV_003_2024-11-30 08:00:00,2024-11-30 08:00:00,DEV_003,53
DEV_003_2024-11-30 09:00:00,2024-11-30 09:00:00,DEV_003,96
DEV_003_2024-11-30 10:00:00,2024-11-30 10:00:00,DEV_003,64
DEV_003_2024-11-30 11:00:00,2024-11-30 11:00:00,DEV_003,93
DEV_003_2024-11-30 12:00:00,2024-11-30 12:00:00,DEV_003,39
DEV_003_2024-11-30 13:00:00,2024-11-30 13:00:00,DEV_003,99
DEV_003_2024-11-30 14:00:00,2024-11-30 14:00:00,DEV_003,95
DEV_003_2024-11-30 15:00:00,2024-11-30 15:00:00,DEV_003,12
DEV_003_2024-11-30 16:00:00,2024-11-30 16:00:00,DEV_003,15
DEV_003_2024-11-30 17:00:00,2024-11-30 17:00:00,DEV_003,11
DEV_003_2024-11-30 18:00:00,2024-11-30 18:00:00,DEV_003,90
DEV_003_2024-11-30 19:00:00,2024-11-30 19:00:00,DEV_003,70
DEV_003_2024-11-30 20:00:00,2024-11-30 20:00:00,DEV_003,76
DEV_003_2024-11-30 21:00:00,2024-11-30 21:00:00,DEV_003,99
DEV_003_2024-11-30 22:00:00,2024-11-30 22:00:00,DEV_003,39
DEV_003_2024-11-30 23:00:00,2024-11-30 23:00:00,DEV_003,27
DEV_003_2024-12-01 00:00:00,2024-12-01 00:00:00,DEV_003,85
DEV_003_2024-12-01 01:00:00,2024-12-01 01:00:00,DEV_003,21
DEV_003_2024-12-01 02:00:00,2024-12-01 02:00:00,DEV_003,68
DEV_003_2024-12-01 03:00:00,2024-12-01 03:00:00,DEV_003,57
DEV_003_2024-12-01 04:00:00,2024-12-01 04:00:00,DEV_003,86
DEV_003_2024-12-01 05:00:00,2024-12-01 05:00:00,DEV_003,92
DEV_003_2024-12-01 06:00:00,2024-12-01 06:00:00,DEV_003,96
DEV_003_2024-12-01 07:00:00,2024-12-01 07:00:00,DEV_003,56
DEV_003_2024-12-01 08:00:00,2024-12-01 08:00:00,DEV_003,12
DEV_003_2024-12-01 09:00:00,2024-12-01 09:00:00,DEV_003,20
DEV_003_2024-12-01 10:00:00,2024-12-01 10:00:00,DEV_003,91
DEV_003_2024-12-01 11:00:00,2024-12-01 11:00:00,DEV_003,68
DEV_003_2024-12-01 12:00:00,2024-12-01 12:00:00,DEV_003,71
DEV_003_2024-12-01 13:00:00,2024-12-01 13:00:00,DEV_003,39
DEV_003_2024-12-01 14:00:00,2024-12-01 14:00:00,DEV_003,68
DEV_003_2024-12-01 15:00:00,2024-12-01 15:00:00,DEV_003,13
DEV_003_2024-12-01 16:00:00,2024-12-01 16:00:00,DEV_003,38
DEV_003_2024-12-01 17:00:00,2024-12-01 17:00:00,DEV_003,48
DEV_003_2024-12-01 18:00:00,2024-12-01 18:00:00,DEV_003,25
DEV_003_2024-12-01 19:00:00,2024-12-01 19:00:00,DEV_003,70
DEV_003_2024-12-01 20:00:00,2024-12-01 20:00:00,DEV_003,1
DEV_003_2024-12-01 21:00:00,2024-12-01 21:00:00,DEV_003,36
DEV_003_2024-12-01 22:00:00,2024-12-01 22:00:00,DEV_003,93
DEV_003_2024-12-01 23:00:00,2024-12-01 23:00:00,DEV_003,53
DEV_003_2024-12-02 00:00:00,2024-12-02 00:00:00,DEV_003,73
DEV_003_2024-12-02 01:00:00,2024-12-02 01:00:00,DEV_003,15
DEV_003_2024-12-02 02:00:00,2024-12-02 02:00:00,DEV_003,6
DEV_003_2024-12-02 03:00:00,2024-12-02 03:00:00,DEV_003,72
DEV_003_2024-12-02 04:00:00,2024-12-02 04:00:00,DEV_003,44
DEV_003_2024-12-02 05:00:00,2024-12-02 05:00:00,DEV_003,46
DEV_003_2024-12-02 06:00:00,2024-12-02 06:00:00,DEV_003,61
DEV_003_2024-12-02 07:00:00,2024-12-02 07:00:00,DEV_003,16
DEV_003_2024-12-02 08:00:00,2024-12-02 08:00:00,DEV_003,97
DEV_003_2024-12-02 09:00:00,2024-12-02 09:00:00,DEV_003,79
DEV_003_2024-12-02 10:00:00,2024-12-02 10:00:00,DEV_003,14
DEV_003_2024-12-02 11:00:00,2024-12-02 11:00:00,DEV_003,78
DEV_003_2024-12-02 12:00:00,2024-12-02 12:00:00,DEV_003,79
DEV_003_2024-12-02 13:00:00,2024-12-02 13:00:00,DEV_003,9
DEV_003_2024-12-02 14:00:00,2024-12-02 14:00:00,DEV_003,87
DEV_003_2024-12-02 15:00:00,2024-12-02 15:00:00,DEV_003,78
DEV_003_2024-12-02 16:00:00,2024-12-02 16:00:00,DEV_003,11
DEV_003_2024-12-02 17:00:00,2024-12-02 17:00:00,DEV_003,38
DEV_003_2024-12-02 18:00:00,2024-12-02 18:00:00,DEV_003,78
DEV_003_2024-12-02 19:00:00,2024-12-02 19:00:00,DEV_003,10
DEV_003_2024-12-02 20:00:00,2024-12-02 20:00:00,DEV_003,21
DEV_003_2024-12-02 21:00:00,2024-12-02 21:00:00,DEV_003,18
DEV_003_2024-12-02 22:00:00,2024-12-02 22:00:00,DEV_003,28
DEV_003_2024-12-02 23:00:00,2024-12-02 23:00:00,DEV_003,61
DEV_003_2024-12-03 00:00:00,2024-12-03 00:00:00,DEV_003,52
DEV_003_2024-12-03 01:00:00,2024-12-03 01:00:00,DEV_003,73
DEV_003_2024-12-03 02:00:00,2024-12-03 02:00:00,DEV_003,92
DEV_003_2024-12-03 03:00:00,2024-12-03 03:00:00,DEV_003,93
DEV_003_2024-12-03 04:00:00,2024-12-03 04:00:00,DEV_003,52
DEV_003_2024-12-03 05:00:00,2024-12-03 05:00:00,DEV_003,11
DEV_003_2024-12-03 06:00:00,2024-12-03 06:00:00,DEV_003,84
DEV_003_2024-12-03 07:00:00,2024-12-03 07:00:00,DEV_003,41
DEV_003_2024-12-03 08:00:00,2024-12-03 08:00:00,DEV_003,10
DEV_003_2024-12-03 09:00:00,2024-12-03 09:00:00,DEV_003,67
DEV_003_2024-12-03 10:00:00,2024-12-03 10:00:00,DEV_003,52
DEV_003_2024-12-03 11:00:00,2024-12-03 11:00:00,DEV_003,28
DEV_003_2024-12-03 12:00:00,2024-12-03 12:00:00,DEV_003,53
DEV_003_2024-12-03 13:00:00,2024-12-03 13:00:00,DEV_003,88
DEV_003_2024-12-03 14:00:00,2024-12-03 14:00:00,DEV_003,34
DEV_003_2024-12-03 15:00:00,2024-12-03 15:00:00,DEV_003,94
DEV_003_2024-12-03 16:00:00,2024-12-03 16:00:00,DEV_003,11
DEV_003_2024-12-03 17:00:00,2024-12-03 17:00:00,DEV_003,64
DEV_003_2024-12-03 18:00:00,2024-12-03 18:00:00,DEV_003,19
DEV_003_2024-12-03 19:00:00,2024-12-03 19:00:00,DEV_003,27
DEV_003_2024-12-03 20:00:00,2024-12-03 20:00:00,DEV_003,46
DEV_003_2024-12-03 21:00:00,2024-12-03 21:00:00,DEV_003,38
DEV_003_2024-12-03 22:00:00,2024-12-03 22:00:00,DEV_003,41
DEV_003_2024-12-03 23:00:00,2024-12-03 23:00:00,DEV_003,3
DEV_003_2024-12-04 00:00:00,2024-12-04 00:00:00,DEV_003,59
DEV_003_2024-12-04 01:00:00,2024-12-04 01:00:00,DEV_003,16
DEV_003_2024-12-04 02:00:00,2024-12-04 02:00:00,DEV_003,10
DEV_003_2024-12-04 03:00:00,2024-12-04 03:00:00,DEV_003,74
DEV_003_2024-12-04 04:00:00,2024-12-04 04:00:00,DEV_003,45
DEV_003_2024-12-04 05:00:00,2024-12-04 05:00:00,DEV_003,2
DEV_003_2024-12-04 06:00:00,2024-12-04 06:00:00,DEV_003,70
DEV_003_2024-12-04 07:00:00,2024-12-04 07:00:00,DEV_003,42
DEV_003_2024-12-04 08:00:00,2024-12-04 08:00:00,DEV_003,20
DEV_003_2024-12-04 09:00:00,2024-12-04 09:00:00,DEV_003,59
DEV_003_2024-12-04 10:00:00,2024-12-04 10:00:00,DEV_003,33
DEV_003_2024-12-04 11:00:00,2024-12-04 11:00:00,DEV_003,52
DEV_003_2024-12-04 12:00:00,2024-12-04 12:00:00,DEV_003,99
DEV_003_2024-12-04 13:00:00,2024-12-04 13:00:00,DEV_003,34
DEV_003_2024-12-04 14:00:00,2024-12-04 14:00:00,DEV_003,83
DEV_003_2024-12-04 15:00:00,2024-12-04 15:00:00,DEV_003,82
DEV_003_2024-12-04 16:00:00,2024-12-04 16:00:00,DEV_003,55
DEV_003_2024-12-04 17:00:00,2024-12-04 17:00:00,DEV_003,1
DEV_003_2024-12-04 18:00:00,2024-12-04 18:00:00,DEV_003,8
DEV_003_2024-12-04 19:00:00,2024-12-04 19:00:00,DEV_003,13
DEV_003_2024-12-04 20:00:00,2024-12-04 20:00:00,DEV_003,97
DEV_003_2024-12-04 21:00:00,2024-12-04 21:00:00,DEV_003,56
DEV_003_2024-12-04 22:00:00,2024-12-04 22:00:00,DEV_003,73
DEV_003_2024-12-04 23:00:00,2024-12-04 23:00:00,DEV_003,89
DEV_003_2024-12-05 00:00:00,2024-12-05 00:00:00,DEV_003,93
DEV_003_2024-12-05 01:00:00,2024-12-05 01:00:00,DEV_003,39
DEV_003_2024-12-05 02:00:00,2024-12-05 02:00:00,DEV_003,22
DEV_003_2024-12-05 03:00:00,2024-12-05 03:00:00,DEV_003,59
DEV_003_2024-12-05 04:00:00,2024-12-05 04:00:00,DEV_003,99
DEV_003_2024-12-05 05:00:00,2024-12-05 05:00:00,DEV_003,13
DEV_003_2024-12-05 06:00:00,2024-12-05 06:00:00,DEV_003,84
DEV_003_2024-12-05 07:00:00,2024-12-05 07:00:00,DEV_003,17
DEV_003_2024-12-05 08:00:00,2024-12-05 08:00:00,DEV_003,68
DEV_003_2024-12-05 09:00:00,2024-12-05 09:00:00,DEV_003,53
DEV_003_2024-12-05 10:00:00,2024-12-05 10:00:00,DEV_003,6
DEV_003_2024-12-05 11:00:00,2024-12-05 11:00:00,DEV_003,22
DEV_003_2024-12-05 12:00:00,2024-12-05 12:00:00,DEV_003,30
DEV_003_2024-12-05 13:00:00,2024-12-05 13:00:00,DEV_003,19
DEV_003_2024-12-05 14:00:00,2024-12-05 14:00:00,DEV_003,78
DEV_003_2024-12-05 15:00:00,2024-12-05 15:00:00,DEV_003,90
DEV_003_2024-12-05 16:00:00,2024-12-05 16:00:00,DEV_003,12
DEV_003_2024-12-05 17:00:00,2024-12-05 17:00:00,DEV_003,43
DEV_003_2024-12-05 18:00:00,2024-12-05 18:00:00,DEV_003,1
DEV_003_2024-12-05 19:00:00,2024-12-05 19:00:00,DEV_003,78
DEV_003_2024-12-05 20:00:00,2024-12-05 20:00:00,DEV_003,46
DEV_003_2024-12-05 21:00:00,2024-12-05 21:00:00,DEV_003,18
DEV_003_2024-12-05 22:00:00,2024-12-05 22:00:00,DEV_003,41
DEV_003_2024-12-05 23:00:00,2024-12-05 23:00:00,DEV_003,94
DEV_003_2024-12-06 00:00:00,2024-12-06 00:00:00,DEV_003,66
DEV_003_2024-12-06 01:00:00,2024-12-06 01:00:00,DEV_003,85
DEV_003_2024-12-06 02:00:00,2024-12-06 02:00:00,DEV_003,99
DEV_003_2024-12-06 03:00:00,2024-12-06 03:00:00,DEV_003,34
DEV_003_2024-12-06 04:00:00,2024-12-06 04:00:00,DEV_003,57
DEV_003_2024-12-06 05:00:00,2024-12-06 05:00:00,DEV_003,25
DEV_003_2024-12-06 06:00:00,2024-12-06 06:00:00,DEV_003,65
DEV_003_2024-12-06 07:00:00,2024-12-06 07:00:00,DEV_003,57
DEV_003_2024-12-06 08:00:00,2024-12-06 08:00:00,DEV_003,67
DEV_003_2024-12-06 09:00:00,2024-12-06 09:00:00,DEV_003,2
DEV_003_2024-12-06 10:00:00,2024-12-06 10:00:00,DEV_003,48
DEV_003_2024-12-06 11:00:00,2024-12-06 11:00:00,DEV_003,15
DEV_003_2024-12-06 12:00:00,2024-12-06 12:00:00,DEV_003,42
DEV_003_2024-12-06 13:00:00,2024-12-06 13:00:00,DEV_003,62
DEV_003_2024-12-06 14:00:00,2024-12-06 14:00:00,DEV_003,34
DEV_003_2024-12-06 15:00:00,2024-12-06 15:00:00,DEV_003,38
DEV_003_2024-12-06 16:00:00,2024-12-06 16:00:00,DEV_003,20
DEV_003_2024-12-06 17:00:00,2024-12-06 17:00:00,DEV_003,43
DEV_003_2024-12-06 18:00:00,2024-12-06 18:00:00,DEV_003,3
DEV_003_2024-12-06 19:00:00,2024-12-06 19:00:00,DEV_003,54
DEV_003_2024-12-06 20:00:00,2024-12-06 20:00:00,DEV_003,58
DEV_003_2024-12-06 21:00:00,2024-12-06 21:00:00,DEV_003,20
DEV_003_2024-12-06 22:00:00,2024-12-06 22:00:00,DEV_003,43
DEV_003_2024-12-06 23:00:00,2024-12-06 23:00:00,DEV_003,90
DEV_003_2024-12-07 00:00:00,2024-12-07 00:00:00,DEV_003,89
DEV_003_2024-12-07 01:00:00,2024-12-07 01:00:00,DEV_003,27
DEV_003_2024-12-07 02:00:00,2024-12-07 02:00:00,DEV_003,57
DEV_003_2024-12-07 03:00:00,2024-12-07 03:00:00,DEV_003,77
DEV_003_2024-12-07 04:00:00,2024-12-07 04:00:00,DEV_003,62
DEV_003_2024-12-07 05:00:00,2024-12-07 05:00:00,DEV_003,9
DEV_003_2024-12-07 06:00:00,2024-12-07 06:00:00,DEV_003,74
DEV_003_2024-12-07 07:00:00,2024-12-07 07:00:00,DEV_003,62
DEV_003_2024-12-07 08:00:00,2024-12-07 08:00:00,DEV_003,38
DEV_003_2024-12-07 09:00:00,2024-12-07 09:00:00,DEV_003,40
DEV_003_2024-12-07 10:00:00,2024-12-07 10:00:00,DEV_003,54
DEV_003_2024-12-07 11:00:00,2024-12-07 11:00:00,DEV_003,40
DEV_003_2024-12-07 12:00:00,2024-12-07 12:00:00,DEV_003,61
DEV_003_2024-12-07 13:00:00,2024-12-07 13:00:00,DEV_003,66
DEV_003_2024-12-07 14:00:00,2024-12-07 14:00:00,DEV_003,39
DEV_003_2024-12-07 15:00:00,2024-12-07 15:00:00,DEV_003,24
DEV_003_2024-12-07 16:00:00,2024-12-07 16:00:00,DEV_003,5
DEV_003_2024-12-07 17:00:00,2024-12-07 17:00:00,DEV_003,74
DEV_003_2024-12-07 18:00:00,2024-12-07 18:00:00,DEV_003,89
DEV_003_2024-12-07 19:00:00,2024-12-07 19:00:00,DEV_003,77
DEV_003_2024-12-07 20:00:00,2024-12-07 20:00:00,DEV_003,73
DEV_003_2024-12-07 21:00:00,2024-12-07 21:00:00,DEV_003,79
DEV_003_2024-12-07 22:00:00,2024-12-07 22:00:00,DEV_003,54
DEV_003_2024-12-07 23:00:00,2024-12-07 23:00:00,DEV_003,64
DEV_003_2024-12-08 00:00:00,2024-12-08 00:00:00,DEV_003,39
DEV_003_2024-12-08 01:00:00,2024-12-08 01:00:00,DEV_003,42
DEV_003_2024-12-08 02:00:00,2024-12-08 02:00:00,DEV_003,13
DEV_003_2024-12-08 03:00:00,2024-12-08 03:00:00,DEV_003,90
DEV_003_2024-12-08 04:00:00,2024-12-08 04:00:00,DEV_003,39
DEV_003_2024-12-08 05:00:00,2024-12-08 05:00:00,DEV_003,25
DEV_003_2024-12-08 06:00:00,2024-12-08 06:00:00,DEV_003,71
DEV_003_2024-12-08 07:00:00,2024-12-08 07:00:00,DEV_003,33
DEV_003_2024-12-08 08:00:00,2024-12-08 08:00:00,DEV_003,47
DEV_003_2024-12-08 09:00:00,2024-12-08 09:00:00,DEV_003,81
DEV_003_2024-12-08 10:00:00,2024-12-08 10:00:00,DEV_003,10
DEV_003_2024-12-08 11:00:00,2024-12-08 11:00:00,DEV_003,37
DEV_003_2024-12-08 12:00:00,2024-12-08 12:00:00,DEV_003,83
DEV_003_2024-12-08 13:00:00,2024-12-08 13:00:00,DEV_003,1
DEV_003_2024-12-08 14:00:00,2024-12-08 14:00:00,DEV_003,39
DEV_003_2024-12-08 15:00:00,2024-12-08 15:00:00,DEV_003,2
DEV_003_2024-12-08 16:00:00,2024-12-08 16:00:00,DEV_003,67
DEV_003_2024-12-08 17:00:00,2024-12-08 17:00:00,DEV_003,88
DEV_003_2024-12-08 18:00:00,2024-12-08 18:00:00,DEV_003,52
DEV_003_2024-12-08 19:00:00,2024-12-08 19:00:00,DEV_003,40
DEV_003_2024-12-08 20:00:00,2024-12-08 20:00:00,DEV_003,68
DEV_003_2024-12-08 21:00:00,2024-12-08 21:00:00,DEV_003,69
DEV_003_2024-12-08 22:00:00,2024-12-08 22:00:00,DEV_003,37
DEV_003_2024-12-08 23:00:00,2024-12-08 23:00:00,DEV_003,48
DEV_003_2024-12-09 00:00:00,2024-12-09 00:00:00,DEV_003,43
DEV_003_2024-12-09 01:00:00,2024-12-09 01:00:00,DEV_003,99
DEV_003_2024-12-09 02:00:00,2024-12-09 02:00:00,DEV_003,51
DEV_003_2024-12-09 03:00:00,2024-12-09 03:00:00,DEV_003,39
DEV_003_2024-12-09 04:00:00,2024-12-09 04:00:00,DEV_003,76
DEV_003_2024-12-09 05:00:00,2024-12-09 05:00:00,DEV_003,32
DEV_003_2024-12-09 06:00:00,2024-12-09 06:00:00,DEV_003,11
DEV_003_2024-12-09 07:00:00,2024-12-09 07:00:00,DEV_003,75
DEV_003_2024-12-09 08:00:00,2024-12-09 08:00:00,DEV_003,71
DEV_003_2024-12-09 09:00:00,2024-12-09 09:00:00,DEV_003,9
DEV_003_2024-12-09 10:00:00,2024-12-09 10:00:00,DEV_003,37
DEV_003_2024-12-09 11:00:00,2024-12-09 11:00:00,DEV_003,73
DEV_003_2024-12-09 12:00:00,2024-12-09 12:00:00,DEV_003,22
DEV_003_2024-12-09 13:00:00,2024-12-09 13:00:00,DEV_003,69
DEV_003_2024-12-09 14:00:00,2024-12-09 14:00:00,DEV_003,8
DEV_003_2024-12-09 15:00:00,2024-12-09 15:00:00,DEV_003,8
DEV_003_2024-12-09 16:00:00,2024-12-09 16:00:00,DEV_003,87
DEV_003_2024-12-09 17:00:00,2024-12-09 17:00:00,DEV_003,32
DEV_003_2024-12-09 18:00:00,2024-12-09 18:00:00,DEV_003,25
DEV_003_2024-12-09 19:00:00,2024-12-09 19:00:00,DEV_003,20
DEV_003_2024-12-09 20:00:00,2024-12-09 20:00:00,DEV_003,49
DEV_003_2024-12-09 21:00:00,2024-12-09 21:00:00,DEV_003,59
DEV_003_2024-12-09 22:00:00,2024-12-09 22:00:00,DEV_003,14
DEV_003_2024-12-09 23:00:00,2024-12-09 23:00:00,DEV_003,8
DEV_003_2024-12-10 00:00:00,2024-12-10 00:00:00,DEV_003,30
DEV_003_2024-12-10 01:00:00,2024-12-10 01:00:00,DEV_003,75
DEV_003_2024-12-10 02:00:00,2024-12-10 02:00:00,DEV_003,84
DEV_003_2024-12-10 03:00:00,2024-12-10 03:00:00,DEV_003,3
DEV_003_2024-12-10 04:00:00,2024-12-10 04:00:00,DEV_003,67
DEV_003_2024-12-10 05:00:00,2024-12-10 05:00:00,DEV_003,41
DEV_003_2024-12-10 06:00:00,2024-12-10 06:00:00,DEV_003,35
DEV_003_2024-12-10 07:00:00,2024-12-10 07:00:00,DEV_003,51
DEV_003_2024-12-10 08:00:00,2024-12-10 08:00:00,DEV_003,64
DEV_003_2024-12-10 09:00:00,2024-12-10 09:00:00,DEV_003,21
DEV_003_2024-12-10 10:00:00,2024-12-10 10:00:00,DEV_003,73
DEV_003_2024-12-10 11:00:00,2024-12-10 11:00:00,DEV_003,72
DEV_003_2024-12-10 12:00:00,2024-12-10 12:00:00,DEV_003,61
DEV_003_2024-12-10 13:00:00,2024-12-10 13:00:00,DEV_003,99
DEV_003_2024-12-10 14:00:00,2024-12-10 14:00:00,DEV_003,41
DEV_003_2024-12-10 15:00:00,2024-12-10 15:00:00,DEV_003,2
DEV_003_2024-12-10 16:00:00,2024-12-10 16:00:00,DEV_003,55
DEV_003_2024-12-10 17:00:00,2024-12-10 17:00:00,DEV_003,59
DEV_003_2024-12-10 18:00:00,2024-12-10 18:00:00,DEV_003,71
DEV_003_2024-12-10 19:00:00,2024-12-10 19:00:00,DEV_003,17
DEV_003_2024-12-10 20:00:00,2024-12-10 20:00:00,DEV_003,12
DEV_003_2024-12-10 21:00:00,2024-12-10 21:00:00,DEV_003,2
DEV_003_2024-12-10 22:00:00,2024-12-10 22:00:00,DEV_003,37
DEV_003_2024-12-10 23:00:00,2024-12-10 23:00:00,DEV_003,83
DEV_003_2024-12-11 00:00:00,2024-12-11 00:00:00,DEV_003,38
DEV_003_2024-12-11 01:00:00,2024-12-11 01:00:00,DEV_003,26
DEV_003_2024-12-11 02:00:00,2024-12-11 02:00:00,DEV_003,30
DEV_003_2024-12-11 03:00:00,2024-12-11 03:00:00,DEV_003,39
DEV_003_2024-12-11 04:00:00,2024-12-11 04:00:00,DEV_003,53
DEV_003_2024-12-11 05:00:00,2024-12-11 05:00:00,DEV_003,9
DEV_003_2024-12-11 06:00:00,2024-12-11 06:00:00,DEV_003,18
DEV_003_2024-12-11 07:00:00,2024-12-11 07:00:00,DEV_003,38
DEV_003_2024-12-11 08:00:00,2024-12-11 08:00:00,DEV_003,71
DEV_003_2024-12-11 09:00:00,2024-12-11 09:00:00,DEV_003,78
DEV_003_2024-12-11 10:00:00,2024-12-11 10:00:00,DEV_003,6
DEV_003_2024-12-11 11:00:00,2024-12-11 11:00:00,DEV_003,96
DEV_003_2024-12-11 12:00:00,2024-12-11 12:00:00,DEV_003,87
DEV_003_2024-12-11 13:00:00,2024-12-11 13:00:00,DEV_003,83
DEV_003_2024-12-11 14:00:00,2024-12-11 14:00:00,DEV_003,47
DEV_003_2024-12-11 15:00:00,2024-12-11 15:00:00,DEV_003,71
DEV_003_2024-12-11 16:00:00,2024-12-11 16:00:00,DEV_003,12
DEV_003_2024-12-11 17:00:00,2024-12-11 17:00:00,DEV_003,43
DEV_003_2024-12-11 18:00:00,2024-12-11 18:00:00,DEV_003,29
DEV_003_2024-12-11 19:00:00,2024-12-11 19:00:00,DEV_003,80
DEV_003_2024-12-11 20:00:00,2024-12-11 20:00:00,DEV_003,40
DEV_003_2024-12-11 21:00:00,2024-12-11 21:00:00,DEV_003,30
DEV_003_2024-12-11 22:00:00,2024-12-11 22:00:00,DEV_003,88
DEV_003_2024-12-11 23:00:00,2024-12-11 23:00:00,DEV_003,11
DEV_003_2024-12-12 00:00:00,2024-12-12 00:00:00,DEV_003,80
DEV_003_2024-12-12 01:00:00,2024-12-12 01:00:00,DEV_003,94
DEV_003_2024-12-12 02:00:00,2024-12-12 02:00:00,DEV_003,40
DEV_003_2024-12-12 03:00:00,2024-12-12 03:00:00,DEV_003,80
DEV_003_2024-12-12 04:00:00,2024-12-12 04:00:00,DEV_003,97
DEV_003_2024-12-12 05:00:00,2024-12-12 05:00:00,DEV_003,17
DEV_003_2024-12-12 06:00:00,2024-12-12 06:00:00,DEV_003,82
DEV_003_2024-12-12 07:00:00,2024-12-12 07:00:00,DEV_003,88
DEV_003_2024-12-12 08:00:00,2024-12-12 08:00:00,DEV_003,31
DEV_003_2024-12-12 09:00:00,2024-12-12 09:00:00,DEV_003,3
DEV_003_2024-12-12 10:00:00,2024-12-12 10:00:00,DEV_003,26
DEV_003_2024-12-12 11:00:00,2024-12-12 11:00:00,DEV_003,4
DEV_003_2024-12-12 12:00:00,2024-12-12 12:00:00,DEV_003,1
DEV_003_2024-12-12 13:00:00,2024-12-12 13:00:00,DEV_003,67
DEV_003_2024-12-12 14:00:00,2024-12-12 14:00:00,DEV_003,77
DEV_003_2024-12-12 15:00:00,2024-12-12 15:00:00,DEV_003,78
DEV_003_2024-12-12 16:00:00,2024-12-12 16:00:00,DEV_003,20
DEV_003_2024-12-12 17:00:00,2024-12-12 17:00:00,DEV_003,18
DEV_003_2024-12-12 18:00:00,2024-12-12 18:00:00,DEV_003,50
DEV_003_2024-12-12 19:00:00,2024-12-12 19:00:00,DEV_003,93
DEV_003_2024-12-12 20:00:00,2024-12-12 20:00:00,DEV_003,82
DEV_003_2024-12-12 21:00:00,2024-12-12 21:00:00,DEV_003,5
DEV_003_2024-12-12 22:00:00,2024-12-12 22:00:00,DEV_003,59
DEV_003_2024-12-12 23:00:00,2024-12-12 23:00:00,DEV_003,37
DEV_003_2024-12-13 00:00:00,2024-12-13 00:00:00,DEV_003,50
DEV_003_2024-12-13 01:00:00,2024-12-13 01:00:00,DEV_003,3
DEV_003_2024-12-13 02:00:00,2024-12-13 02:00:00,DEV_003,57
DEV_003_2024-12-13 03:00:00,2024-12-13 03:00:00,DEV_003,88
DEV_003_2024-12-13 04:00:00,2024-12-13 04:00:00,DEV_003,95
DEV_003_2024-12-13 05:00:00,2024-12-13 05:00:00,DEV_003,19
DEV_003_2024-12-13 06:00:00,2024-12-13 06:00:00,DEV_003,8
DEV_003_2024-12-13 07:00:00,2024-12-13 07:00:00,DEV_003,12
DEV_003_2024-12-13 08:00:00,2024-12-13 08:00:00,DEV_003,21
DEV_003_2024-12-13 09:00:00,2024-12-13 09:00:00,DEV_003,61
DEV_003_2024-12-13 10:00:00,2024-12-13 10:00:00,DEV_003,59
DEV_003_2024-12-13 11:00:00,2024-12-13 11:00:00,DEV_003,33
DEV_003_2024-12-13 12:00:00,2024-12-13 12:00:00,DEV_003,32
DEV_003_2024-12-13 13:00:00,2024-12-13 13:00:00,DEV_003,64
DEV_003_2024-12-13 14:00:00,2024-12-13 14:00:00,DEV_003,32
DEV_003_2024-12-13 15:00:00,2024-12-13 15:00:00,DEV_003,36
DEV_003_2024-12-13 16:00:00,2024-12-13 16:00:00,DEV_003,31
DEV_003_2024-12-13 17:00:00,2024-12-13 17:00:00,DEV_003,46
DEV_003_2024-12-13 18:00:00,2024-12-13 18:00:00,DEV_003,30
DEV_003_2024-12-13 19:00:00,2024-12-13 19:00:00,DEV_003,33
DEV_003_2024-12-13 20:00:00,2024-12-13 20:00:00,DEV_003,27
DEV_003_2024-12-13 21:00:00,2024-12-13 21:00:00,DEV_003,33
DEV_003_2024-12-13 22:00:00,2024-12-13 22:00:00,DEV_003,5
DEV_003_2024-12-13 23:00:00,2024-12-13 23:00:00,DEV_003,54
DEV_003_2024-12-14 00:00:00,2024-12-14 00:00:00,DEV_003,55
DEV_003_2024-12-14 01:00:00,2024-12-14 01:00:00,DEV_003,72
DEV_003_2024-12-14 02:00:00,2024-12-14 02:00:00,DEV_003,4
DEV_003_2024-12-14 03:00:00,2024-12-14 03:00:00,DEV_003,98
DEV_003_2024-12-14 04:00:00,2024-12-14 04:00:00,DEV_003,79
DEV_003_2024-12-14 05:00:00,2024-12-14 05:00:00,DEV_003,82
DEV_003_2024-12-14 06:00:00,2024-12-14 06:00:00,DEV_003,41
DEV_003_2024-12-14 07:00:00,2024-12-14 07:00:00,DEV_003,13
DEV_003_2024-12-14 08:00:00,2024-12-14 08:00:00,DEV_003,13
DEV_003_2024-12-14 09:00:00,2024-12-14 09:00:00,DEV_003,85
DEV_003_2024-12-14 10:00:00,2024-12-14 10:00:00,DEV_003,19
DEV_003_2024-12-14 11:00:00,2024-12-14 11:00:00,DEV_003,97
DEV_003_2024-12-14 12:00:00,2024-12-14 12:00:00,DEV_003,4
DEV_003_2024-12-14 13:00:00,2024-12-14 13:00:00,DEV_003,52
DEV_003_2024-12-14 14:00:00,2024-12-14 14:00:00,DEV_003,86
DEV_003_2024-12-14 15:00:00,2024-12-14 15:00:00,DEV_003,1
DEV_003_2024-12-14 16:00:00,2024-12-14 16:00:00,DEV_003,46
DEV_003_2024-12-14 17:00:00,2024-12-14 17:00:00,DEV_003,72
DEV_003_2024-12-14 18:00:00,2024-12-14 18:00:00,DEV_003,1
DEV_003_2024-12-14 19:00:00,2024-12-14 19:00:00,DEV_003,52
DEV_003_2024-12-14 20:00:00,2024-12-14 20:00:00,DEV_003,60
DEV_003_2024-12-14 21:00:00,2024-12-14 21:00:00,DEV_003,17
DEV_003_2024-12-14 22:00:00,2024-12-14 22:00:00,DEV_003,70
DEV_003_2024-12-14 23:00:00,2024-12-14 23:00:00,DEV_003,24
DEV_003_2024-12-15 00:00:00,2024-12-15 00:00:00,DEV_003,92
DEV_003_2024-12-15 01:00:00,2024-12-15 01:00:00,DEV_003,82
DEV_003_2024-12-15 02:00:00,2024-12-15 02:00:00,DEV_003,5
DEV_003_2024-12-15 03:00:00,2024-12-15 03:00:00,DEV_003,33
DEV_003_2024-12-15 04:00:00,2024-12-15 04:00:00,DEV_003,86
DEV_003_2024-12-15 05:00:00,2024-12-15 05:00:00,DEV_003,4
DEV_003_2024-12-15 06:00:00,2024-12-15 06:00:00,DEV_003,81
DEV_003_2024-12-15 07:00:00,2024-12-15 07:00:00,DEV_003,14
DEV_003_2024-12-15 08:00:00,2024-12-15 08:00:00,DEV_003,10
DEV_003_2024-12-15 09:00:00,2024-12-15 09:00:00,DEV_003,32
DEV_003_2024-12-15 10:00:00,2024-12-15 10:00:00,DEV_003,21
DEV_003_2024-12-15 11:00:00,2024-12-15 11:00:00,DEV_003,85
DEV_003_2024-12-15 12:00:00,2024-12-15 12:00:00,DEV_003,16
DEV_003_2024-12-15 13:00:00,2024-12-15 13:00:00,DEV_003,10
DEV_003_2024-12-15 14:00:00,2024-12-15 14:00:00,DEV_003,85
DEV_003_2024-12-15 15:00:00,2024-12-15 15:00:00,DEV_003,63
DEV_003_2024-12-15 16:00:00,2024-12-15 16:00:00,DEV_003,42
DEV_003_2024-12-15 17:00:00,2024-12-15 17:00:00,DEV_003,46
DEV_003_2024-12-15 18:00:00,2024-12-15 18:00:00,DEV_003,45
DEV_003_2024-12-15 19:00:00,2024-12-15 19:00:00,DEV_003,28
DEV_003_2024-12-15 20:00:00,2024-12-15 20:00:00,DEV_003,21
DEV_003_2024-12-15 21:00:00,2024-12-15 21:00:00,DEV_003,12
DEV_003_2024-12-15 22:00:00,2024-12-15 22:00:00,DEV_003,55
DEV_003_2024-12-15 23:00:00,2024-12-15 23:00:00,DEV_003,97
DEV_003_2024-12-16 00:00:00,2024-12-16 00:00:00,DEV_003,50
DEV_003_2024-12-16 01:00:00,2024-12-16 01:00:00,DEV_003,17
DEV_003_2024-12-16 02:00:00,2024-12-16 02:00:00,DEV_003,41
DEV_003_2024-12-16 03:00:00,2024-12-16 03:00:00,DEV_003,28
DEV_003_2024-12-16 04:00:00,2024-12-16 04:00:00,DEV_003,84
DEV_003_2024-12-16 05:00:00,2024-12-16 05:00:00,DEV_003,19
DEV_003_2024-12-16 06:00:00,2024-12-16 06:00:00,DEV_003,4
DEV_003_2024-12-16 07:00:00,2024-12-16 07:00:00,DEV_003,30
DEV_003_2024-12-16 08:00:00,2024-12-16 08:00:00,DEV_003,51
DEV_003_2024-12-16 09:00:00,2024-12-16 09:00:00,DEV_003,9
DEV_003_2024-12-16 10:00:00,2024-12-16 10:00:00,DEV_003,87
DEV_003_2024-12-16 11:00:00,2024-12-16 11:00:00,DEV_003,92
DEV_003_2024-12-16 12:00:00,2024-12-16 12:00:00,DEV_003,15
DEV_003_2024-12-16 13:00:00,2024-12-16 13:00:00,DEV_003,78
DEV_003_2024-12-16 14:00:00,2024-12-16 14:00:00,DEV_003,86
DEV_003_2024-12-16 15:00:00,2024-12-16 15:00:00,DEV_003,51
DEV_003_2024-12-16 16:00:00,2024-12-16 16:00:00,DEV_003,87
DEV_003_2024-12-16 17:00:00,2024-12-16 17:00:00,DEV_003,27
DEV_003_2024-12-16 18:00:00,2024-12-16 18:00:00,DEV_003,85
DEV_003_2024-12-16 19:00:00,2024-12-16 19:00:00,DEV_003,4
DEV_003_2024-12-16 20:00:00,2024-12-16 20:00:00,DEV_003,32
DEV_003_2024-12-16 21:00:00,2024-12-16 21:00:00,DEV_003,75
DEV_003_2024-12-16 22:00:00,2024-12-16 22:00:00,DEV_003,75
DEV_003_2024-12-16 23:00:00,2024-12-16 23:00:00,DEV_003,97
DEV_003_2024-12-17 00:00:00,2024-12-17 00:00:00,DEV_003,14
DEV_003_2024-12-17 01:00:00,2024-12-17 01:00:00,DEV_003,66
DEV_003_2024-12-17 02:00:00,2024-12-17 02:00:00,DEV_003,30
DEV_003_2024-12-17 03:00:00,2024-12-17 03:00:00,DEV_003,1
DEV_003_2024-12-17 04:00:00,2024-12-17 04:00:00,DEV_003,73
DEV_003_2024-12-17 05:00:00,2024-12-17 05:00:00,DEV_003,33
DEV_003_2024-12-17 06:00:00,2024-12-17 06:00:00,DEV_003,66
DEV_003_2024-12-17 07:00:00,2024-12-17 07:00:00,DEV_003,5
DEV_003_2024-12-17 08:00:00,2024-12-17 08:00:00,DEV_003,44
DEV_003_2024-12-17 09:00:00,2024-12-17 09:00:00,DEV_003,56
DEV_003_2024-12-17 10:00:00,2024-12-17 10:00:00,DEV_003,14
DEV_003_2024-12-17 11:00:00,2024-12-17 11:00:00,DEV_003,62
DEV_003_2024-12-17 12:00:00,2024-12-17 12:00:00,DEV_003,48
DEV_003_2024-12-17 13:00:00,2024-12-17 13:00:00,DEV_003,79
DEV_003_2024-12-17 14:00:00,2024-12-17 14:00:00,DEV_003,52
DEV_003_2024-12-17 15:00:00,2024-12-17 15:00:00,DEV_003,6
DEV_003_2024-12-17 16:00:00,2024-12-17 16:00:00,DEV_003,38
DEV_003_2024-12-17 17:00:00,2024-12-17 17:00:00,DEV_003,78
DEV_003_2024-12-17 18:00:00,2024-12-17 18:00:00,DEV_003,80
DEV_003_2024-12-17 19:00:00,2024-12-17 19:00:00,DEV_003,67
DEV_003_2024-12-17 20:00:00,2024-12-17 20:00:00,DEV_003,4
DEV_003_2024-12-17 21:00:00,2024-12-17 21:00:00,DEV_003,47
DEV_003_2024-12-17 22:00:00,2024-12-17 22:00:00,DEV_003,44
DEV_003_2024-12-17 23:00:00,2024-12-17 23:00:00,DEV_003,41
DEV_003_2024-12-18 00:00:00,2024-12-18 00:00:00,DEV_003,96
DEV_003_2024-12-18 01:00:00,2024-12-18 01:00:00,DEV_003,93
DEV_003_2024-12-18 02:00:00,2024-12-18 02:00:00,DEV_003,42
DEV_003_2024-12-18 03:00:00,2024-12-18 03:00:00,DEV_003,35
DEV_003_2024-12-18 04:00:00,2024-12-18 04:00:00,DEV_003,86
DEV_003_2024-12-18 05:00:00,2024-12-18 05:00:00,DEV_003,97
DEV_003_2024-12-18 06:00:00,2024-12-18 06:00:00,DEV_003,91
DEV_003_2024-12-18 07:00:00,2024-12-18 07:00:00,DEV_003,80
DEV_003_2024-12-18 08:00:00,2024-12-18 08:00:00,DEV_003,30
DEV_003_2024-12-18 09:00:00,2024-12-18 09:00:00,DEV_003,5
DEV_003_2024-12-18 10:00:00,2024-12-18 10:00:00,DEV_003,69
DEV_003_2024-12-18 11:00:00,2024-12-18 11:00:00,DEV_003,86
DEV_003_2024-12-18 12:00:00,2024-12-18 12:00:00,DEV_003,95
DEV_003_2024-12-18 13:00:00,2024-12-18 13:00:00,DEV_003,86
DEV_003_2024-12-18 14:00:00,2024-12-18 14:00:00,DEV_003,90
DEV_003_2024-12-18 15:00:00,2024-12-18 15:00:00,DEV_003,68
DEV_003_2024-12-18 16:00:00,2024-12-18 16:00:00,DEV_003,88
DEV_003_2024-12-18 17:00:00,2024-12-18 17:00:00,DEV_003,75
DEV_003_2024-12-18 18:00:00,2024-12-18 18:00:00,DEV_003,72
DEV_003_2024-12-18 19:00:00,2024-12-18 19:00:00,DEV_003,98
DEV_003_2024-12-18 20:00:00,2024-12-18 20:00:00,DEV_003,10
DEV_003_2024-12-18 21:00:00,2024-12-18 21:00:00,DEV_003,43
DEV_003_2024-12-18 22:00:00,2024-12-18 22:00:00,DEV_003,33
DEV_003_2024-12-18 23:00:00,2024-12-18 23:00:00,DEV_003,72
DEV_003_2024-12-19 00:00:00,2024-12-19 00:00:00,DEV_003,69
DEV_003_2024-12-19 01:00:00,2024-12-19 01:00:00,DEV_003,15
DEV_003_2024-12-19 02:00:00,2024-12-19 02:00:00,DEV_003,8
DEV_003_2024-12-19 03:00:00,2024-12-19 03:00:00,DEV_003,85
DEV_003_2024-12-19 04:00:00,2024-12-19 04:00:00,DEV_003,89
DEV_003_2024-12-19 05:00:00,2024-12-19 05:00:00,DEV_003,9
DEV_003_2024-12-19 06:00:00,2024-12-19 06:00:00,DEV_003,18
DEV_003_2024-12-19 07:00:00,2024-12-19 07:00:00,DEV_003,58
DEV_003_2024-12-19 08:00:00,2024-12-19 08:00:00,DEV_003,13
DEV_003_2024-12-19 09:00:00,2024-12-19 09:00:00,DEV_003,65
DEV_003_2024-12-19 10:00:00,2024-12-19 10:00:00,DEV_003,56
DEV_003_2024-12-19 11:00:00,2024-12-19 11:00:00,DEV_003,76
DEV_003_2024-12-19 12:00:00,2024-12-19 12:00:00,DEV_003,91
DEV_003_2024-12-19 13:00:00,2024-12-19 13:00:00,DEV_003,43
DEV_003_2024-12-19 14:00:00,2024-12-19 14:00:00,DEV_003,88
DEV_003_2024-12-19 15:00:00,2024-12-19 15:00:00,DEV_003,11
DEV_003_2024-12-19 16:00:00,2024-12-19 16:00:00,DEV_003,13
DEV_003_2024-12-19 17:00:00,2024-12-19 17:00:00,DEV_003,26
DEV_003_2024-12-19 18:00:00,2024-12-19 18:00:00,DEV_003,89
DEV_003_2024-12-19 19:00:00,2024-12-19 19:00:00,DEV_003,77
DEV_003_2024-12-19 20:00:00,2024-12-19 20:00:00,DEV_003,97
DEV_003_2024-12-19 21:00:00,2024-12-19 21:00:00,DEV_003,72
DEV_003_2024-12-19 22:00:00,2024-12-19 22:00:00,DEV_003,23
DEV_003_2024-12-19 23:00:00,2024-12-19 23:00:00,DEV_003,55
DEV_003_2024-12-20 00:00:00,2024-12-20 00:00:00,DEV_003,59
DEV_003_2024-12-20 01:00:00,2024-12-20 01:00:00,DEV_003,13
DEV_003_2024-12-20 02:00:00,2024-12-20 02:00:00,DEV_003,21
DEV_003_2024-12-20 03:00:00,2024-12-20 03:00:00,DEV_003,17
DEV_003_2024-12-20 04:00:00,2024-12-20 04:00:00,DEV_003,42
DEV_003_2024-12-20 05:00:00,2024-12-20 05:00:00,DEV_003,99
DEV_003_2024-12-20 06:00:00,2024-12-20 06:00:00,DEV_003,46
DEV_003_2024-12-20 07:00:00,2024-12-20 07:00:00,DEV_003,33
DEV_003_2024-12-20 08:00:00,2024-12-20 08:00:00,DEV_003,96
DEV_003_2024-12-20 09:00:00,2024-12-20 09:00:00,DEV_003,92
DEV_003_2024-12-20 10:00:00,2024-12-20 10:00:00,DEV_003,3
DEV_003_2024-12-20 11:00:00,2024-12-20 11:00:00,DEV_003,41
DEV_003_2024-12-20 12:00:00,2024-12-20 12:00:00,DEV_003,40
DEV_003_2024-12-20 13:00:00,2024-12-20 13:00:00,DEV_003,91
DEV_003_2024-12-20 14:00:00,2024-12-20 14:00:00,DEV_003,97
DEV_003_2024-12-20 15:00:00,2024-12-20 15:00:00,DEV_003,36
DEV_003_2024-12-20 16:00:00,2024-12-20 16:00:00,DEV_003,24
DEV_003_2024-12-20 17:00:00,2024-12-20 17:00:00,DEV_003,80
DEV_003_2024-12-20 18:00:00,2024-12-20 18:00:00,DEV_003,53
DEV_003_2024-12-20 19:00:00,2024-12-20 19:00:00,DEV_003,75
DEV_003_2024-12-20 20:00:00,2024-12-20 20:00:00,DEV_003,95
DEV_003_2024-12-20 21:00:00,2024-12-20 21:00:00,DEV_003,22
DEV_003_2024-12-20 22:00:00,2024-12-20 22:00:00,DEV_003,60
DEV_003_2024-12-20 23:00:00,2024-12-20 23:00:00,DEV_003,52
DEV_003_2024-12-21 00:00:00,2024-12-21 00:00:00,DEV_003,33
DEV_003_2024-12-21 01:00:00,2024-12-21 01:00:00,DEV_003,87
DEV_003_2024-12-21 02:00:00,2024-12-21 02:00:00,DEV_003,80
DEV_003_2024-12-21 03:00:00,2024-12-21 03:00:00,DEV_003,38
DEV_003_2024-12-21 04:00:00,2024-12-21 04:00:00,DEV_003,70
DEV_003_2024-12-21 05:00:00,2024-12-21 05:00:00,DEV_003,4
DEV_003_2024-12-21 06:00:00,2024-12-21 06:00:00,DEV_003,82
DEV_003_2024-12-21 07:00:00,2024-12-21 07:00:00,DEV_003,12
DEV_003_2024-12-21 08:00:00,2024-12-21 08:00:00,DEV_003,38
DEV_003_2024-12-21 09:00:00,2024-12-21 09:00:00,DEV_003,64
DEV_003_2024-12-21 10:00:00,2024-12-21 10:00:00,DEV_003,20
DEV_003_2024-12-21 11:00:00,2024-12-21 11:00:00,DEV_003,90
DEV_003_2024-12-21 12:00:00,2024-12-21 12:00:00,DEV_003,96
DEV_003_2024-12-21 13:00:00,2024-12-21 13:00:00,DEV_003,40
DEV_003_2024-12-21 14:00:00,2024-12-21 14:00:00,DEV_003,8
DEV_003_2024-12-21 15:00:00,2024-12-21 15:00:00,DEV_003,30
DEV_003_2024-12-21 16:00:00,2024-12-21 16:00:00,DEV_003,8
DEV_003_2024-12-21 17:00:00,2024-12-21 17:00:00,DEV_003,15
DEV_003_2024-12-21 18:00:00,2024-12-21 18:00:00,DEV_003,65
DEV_003_2024-12-21 19:00:00,2024-12-21 19:00:00,DEV_003,18
DEV_003_2024-12-21 20:00:00,2024-12-21 20:00:00,DEV_003,35
DEV_003_2024-12-21 21:00:00,2024-12-21 21:00:00,DEV_003,61
DEV_003_2024-12-21 22:00:00,2024-12-21 22:00:00,DEV_003,57
DEV_003_2024-12-21 23:00:00,2024-12-21 23:00:00,DEV_003,25
DEV_003_2024-12-22 00:00:00,2024-12-22 00:00:00,DEV_003,13
DEV_003_2024-12-22 01:00:00,2024-12-22 01:00:00,DEV_003,63
DEV_003_2024-12-22 02:00:00,2024-12-22 02:00:00,DEV_003,34
DEV_003_2024-12-22 03:00:00,2024-12-22 03:00:00,DEV_003,73
DEV_003_2024-12-22 04:00:00,2024-12-22 04:00:00,DEV_003,55
DEV_003_2024-12-22 05:00:00,2024-12-22 05:00:00,DEV_003,13
DEV_003_2024-12-22 06:00:00,2024-12-22 06:00:00,DEV_003,53
DEV_003_2024-12-22 07:00:00,2024-12-22 07:00:00,DEV_003,99
DEV_003_2024-12-22 08:00:00,2024-12-22 08:00:00,DEV_003,15
DEV_003_2024-12-22 09:00:00,2024-12-22 09:00:00,DEV_003,60
DEV_003_2024-12-22 10:00:00,2024-12-22 10:00:00,DEV_003,93
DEV_003_2024-12-22 11:00:00,2024-12-22 11:00:00,DEV_003,89
DEV_003_2024-12-22 12:00:00,2024-12-22 12:00:00,DEV_003,29
DEV_003_2024-12-22 13:00:00,2024-12-22 13:00:00,DEV_003,13
DEV_003_2024-12-22 14:00:00,2024-12-22 14:00:00,DEV_003,47
DEV_003_2024-12-22 15:00:00,2024-12-22 15:00:00,DEV_003,20
DEV_003_2024-12-22 16:00:00,2024-12-22 16:00:00,DEV_003,51
DEV_003_2024-12-22 17:00:00,2024-12-22 17:00:00,DEV_003,94
DEV_003_2024-12-22 18:00:00,2024-12-22 18:00:00,DEV_003,17
DEV_003_2024-12-22 19:00:00,2024-12-22 19:00:00,DEV_003,18
DEV_003_2024-12-22 20:00:00,2024-12-22 20:00:00,DEV_003,42
DEV_003_2024-12-22 21:00:00,2024-12-22 21:00:00,DEV_003,70
DEV_003_2024-12-22 22:00:00,2024-12-22 22:00:00,DEV_003,33
DEV_003_2024-12-22 23:00:00,2024-12-22 23:00:00,DEV_003,88
DEV_003_2024-12-23 00:00:00,2024-12-23 00:00:00,DEV_003,39
DEV_003_2024-12-23 01:00:00,2024-12-23 01:00:00,DEV_003,17
DEV_003_2024-12-23 02:00:00,2024-12-23 02:00:00,DEV_003,2
DEV_003_2024-12-23 03:00:00,2024-12-23 03:00:00,DEV_003,41
DEV_003_2024-12-23 04:00:00,2024-12-23 04:00:00,DEV_003,4
DEV_003_2024-12-23 05:00:00,2024-12-23 05:00:00,DEV_003,44
DEV_003_2024-12-23 06:00:00,2024-12-23 06:00:00,DEV_003,21
DEV_003_2024-12-23 07:00:00,2024-12-23 07:00:00,DEV_003,45
DEV_003_2024-12-23 08:00:00,2024-12-23 08:00:00,DEV_003,55
DEV_003_2024-12-23 09:00:00,2024-12-23 09:00:00,DEV_003,68
DEV_003_2024-12-23 10:00:00,2024-12-23 10:00:00,DEV_003,33
DEV_003_2024-12-23 11:00:00,2024-12-23 11:00:00,DEV_003,99
DEV_003_2024-12-23 12:00:00,2024-12-23 12:00:00,DEV_003,96
DEV_003_2024-12-23 13:00:00,2024-12-23 13:00:00,DEV_003,54
DEV_003_2024-12-23 14:00:00,2024-12-23 14:00:00,DEV_003,43
DEV_003_2024-12-23 15:00:00,2024-12-23 15:00:00,DEV_003,87
DEV_003_2024-12-23 16:00:00,2024-12-23 16:00:00,DEV_003,59
DEV_003_2024-12-23 17:00:00,2024-12-23 17:00:00,DEV_003,43
DEV_003_2024-12-23 18:00:00,2024-12-23 18:00:00,DEV_003,8
DEV_003_2024-12-23 19:00:00,2024-12-23 19:00:00,DEV_003,91
DEV_003_2024-12-23 20:00:00,2024-12-23 20:00:00,DEV_003,64
DEV_003_2024-12-23 21:00:00,2024-12-23 21:00:00,DEV_003,65
DEV_003_2024-12-23 22:00:00,2024-12-23 22:00:00,DEV_003,36
DEV_003_2024-12-23 23:00:00,2024-12-23 23:00:00,DEV_003,26
DEV_003_2024-12-24 00:00:00,2024-12-24 00:00:00,DEV_003,15
DEV_003_2024-12-24 01:00:00,2024-12-24 01:00:00,DEV_003,69
DEV_003_2024-12-24 02:00:00,2024-12-24 02:00:00,DEV_003,87
DEV_003_2024-12-24 03:00:00,2024-12-24 03:00:00,DEV_003,6
DEV_003_2024-12-24 04:00:00,2024-12-24 04:00:00,DEV_003,79
DEV_003_2024-12-24 05:00:00,2024-12-24 05:00:00,DEV_003,79
DEV_003_2024-12-24 06:00:00,2024-12-24 06:00:00,DEV_003,53
DEV_003_2024-12-24 07:00:00,2024-12-24 07:00:00,DEV_003,23
DEV_003_2024-12-24 08:00:00,2024-12-24 08:00:00,DEV_003,88
DEV_003_2024-12-24 09:00:00,2024-12-24 09:00:00,DEV_003,66
DEV_003_2024-12-24 10:00:00,2024-12-24 10:00:00,DEV_003,31
DEV_003_2024-12-24 11:00:00,2024-12-24 11:00:00,DEV_003,94
DEV_003_2024-12-24 12:00:00,2024-12-24 12:00:00,DEV_003,57
DEV_003_2024-12-24 13:00:00,2024-12-24 13:00:00,DEV_003,99
DEV_003_2024-12-24 14:00:00,2024-12-24 14:00:00,DEV_003,61
DEV_003_2024-12-24 15:00:00,2024-12-24 15:00:00,DEV_003,51
DEV_003_2024-12-24 16:00:00,2024-12-24 16:00:00,DEV_003,77
DEV_003_2024-12-24 17:00:00,2024-12-24 17:00:00,DEV_003,69
DEV_003_2024-12-24 18:00:00,2024-12-24 18:00:00,DEV_003,23
DEV_003_2024-12-24 19:00:00,2024-12-24 19:00:00,DEV_003,28
DEV_003_2024-12-24 20:00:00,2024-12-24 20:00:00,DEV_003,6
DEV_003_2024-12-24 21:00:00,2024-12-24 21:00:00,DEV_003,78
DEV_003_2024-12-24 22:00:00,2024-12-24 22:00:00,DEV_003,4
DEV_003_2024-12-24 23:00:00,2024-12-24 23:00:00,DEV_003,96
DEV_003_2024-12-25 00:00:00,2024-12-25 00:00:00,DEV_003,25
DEV_003_2024-12-25 01:00:00,2024-12-25 01:00:00,DEV_003,28
DEV_003_2024-12-25 02:00:00,2024-12-25 02:00:00,DEV_003,53
DEV_003_2024-12-25 03:00:00,2024-12-25 03:00:00,DEV_003,97
DEV_003_2024-12-25 04:00:00,2024-12-25 04:00:00,DEV_003,78
DEV_003_2024-12-25 05:00:00,2024-12-25 05:00:00,DEV_003,14
DEV_003_2024-12-25 06:00:00,2024-12-25 06:00:00,DEV_003,78
DEV_003_2024-12-25 07:00:00,2024-12-25 07:00:00,DEV_003,97
DEV_003_2024-12-25 08:00:00,2024-12-25 08:00:00,DEV_003,42
DEV_003_2024-12-25 09:00:00,2024-12-25 09:00:00,DEV_003,28
DEV_003_2024-12-25 10:00:00,2024-12-25 10:00:00,DEV_003,39
DEV_003_2024-12-25 11:00:00,2024-12-25 11:00:00,DEV_003,41
DEV_003_2024-12-25 12:00:00,2024-12-25 12:00:00,DEV_003,71
DEV_003_2024-12-25 13:00:00,2024-12-25 13:00:00,DEV_003,59
DEV_003_2024-12-25 14:00:00,2024-12-25 14:00:00,DEV_003,19
DEV_003_2024-12-25 15:00:00,2024-12-25 15:00:00,DEV_003,32
DEV_003_2024-12-25 16:00:00,2024-12-25 16:00:00,DEV_003,98
DEV_003_2024-12-25 17:00:00,2024-12-25 17:00:00,DEV_003,82
DEV_003_2024-12-25 18:00:00,2024-12-25 18:00:00,DEV_003,97
DEV_003_2024-12-25 19:00:00,2024-12-25 19:00:00,DEV_003,8
DEV_003_2024-12-25 20:00:00,2024-12-25 20:00:00,DEV_003,81
DEV_003_2024-12-25 21:00:00,2024-12-25 21:00:00,DEV_003,31
DEV_003_2024-12-25 22:00:00,2024-12-25 22:00:00,DEV_003,10
DEV_003_2024-12-25 23:00:00,2024-12-25 23:00:00,DEV_003,14
DEV_003_2024-12-26 00:00:00,2024-12-26 00:00:00,DEV_003,94
DEV_003_2024-12-26 01:00:00,2024-12-26 01:00:00,DEV_003,86
DEV_003_2024-12-26 02:00:00,2024-12-26 02:00:00,DEV_003,27
DEV_003_2024-12-26 03:00:00,2024-12-26 03:00:00,DEV_003,18
DEV_003_2024-12-26 04:00:00,2024-12-26 04:00:00,DEV_003,98
DEV_003_2024-12-26 05:00:00,2024-12-26 05:00:00,DEV_003,47
DEV_003_2024-12-26 06:00:00,2024-12-26 06:00:00,DEV_003,52
DEV_003_2024-12-26 07:00:00,2024-12-26 07:00:00,DEV_003,74
DEV_003_2024-12-26 08:00:00,2024-12-26 08:00:00,DEV_003,24
DEV_003_2024-12-26 09:00:00,2024-12-26 09:00:00,DEV_003,60
DEV_003_2024-12-26 10:00:00,2024-12-26 10:00:00,DEV_003,32
DEV_003_2024-12-26 11:00:00,2024-12-26 11:00:00,DEV_003,57
DEV_003_2024-12-26 12:00:00,2024-12-26 12:00:00,DEV_003,10
DEV_003_2024-12-26 13:00:00,2024-12-26 13:00:00,DEV_003,42
DEV_003_2024-12-26 14:00:00,2024-12-26 14:00:00,DEV_003,7
DEV_003_2024-12-26 15:00:00,2024-12-26 15:00:00,DEV_003,32
DEV_003_2024-12-26 16:00:00,2024-12-26 16:00:00,DEV_003,96
DEV_003_2024-12-26 17:00:00,2024-12-26 17:00:00,DEV_003,64
DEV_003_2024-12-26 18:00:00,2024-12-26 18:00:00,DEV_003,85
DEV_003_2024-12-26 19:00:00,2024-12-26 19:00:00,DEV_003,89
DEV_003_2024-12-26 20:00:00,2024-12-26 20:00:00,DEV_003,83
DEV_003_2024-12-26 21:00:00,2024-12-26 21:00:00,DEV_003,73
DEV_003_2024-12-26 22:00:00,2024-12-26 22:00:00,DEV_003,93
DEV_003_2024-12-26 23:00:00,2024-12-26 23:00:00,DEV_003,23
DEV_003_2024-12-27 00:00:00,2024-12-27 00:00:00,DEV_003,41
DEV_003_2024-12-27 01:00:00,2024-12-27 01:00:00,DEV_003,68
DEV_003_2024-12-27 02:00:00,2024-12-27 02:00:00,DEV_003,93
DEV_003_2024-12-27 03:00:00,2024-12-27 03:00:00,DEV_003,50
DEV_003_2024-12-27 04:00:00,2024-12-27 04:00:00,DEV_003,73
DEV_003_2024-12-27 05:00:00,2024-12-27 05:00:00,DEV_003,59
DEV_003_2024-12-27 06:00:00,2024-12-27 06:00:00,DEV_003,33
DEV_003_2024-12-27 07:00:00,2024-12-27 07:00:00,DEV_003,19
DEV_003_2024-12-27 08:00:00,2024-12-27 08:00:00,DEV_003,60
DEV_003_2024-12-27 09:00:00,2024-12-27 09:00:00,DEV_003,30
DEV_003_2024-12-27 10:00:00,2024-12-27 10:00:00,DEV_003,32
DEV_003_2024-12-27 11:00:00,2024-12-27 11:00:00,DEV_003,4
DEV_003_2024-12-27 12:00:00,2024-12-27 12:00:00,DEV_003,68
DEV_003_2024-12-27 13:00:00,2024-12-27 13:00:00,DEV_003,79
DEV_003_2024-12-27 14:00:00,2024-12-27 14:00:00,DEV_003,63
DEV_003_2024-12-27 15:00:00,2024-12-27 15:00:00,DEV_003,71
DEV_003_2024-12-27 16:00:00,2024-12-27 16:00:00,DEV_003,11
DEV_003_2024-12-27 17:00:00,2024-12-27 17:00:00,DEV_003,62
DEV_003_2024-12-27 18:00:00,2024-12-27 18:00:00,DEV_003,50
DEV_003_2024-12-27 19:00:00,2024-12-27 19:00:00,DEV_003,59
DEV_003_2024-12-27 20:00:00,2024-12-27 20:00:00,DEV_003,92
DEV_003_2024-12-27 21:00:00,2024-12-27 21:00:00,DEV_003,76
DEV_003_2024-12-27 22:00:00,2024-12-27 22:00:00,DEV_003,88
DEV_003_2024-12-27 23:00:00,2024-12-27 23:00:00,DEV_003,24
DEV_003_2024-12-28 00:00:00,2024-12-28 00:00:00,DEV_003,63
DEV_003_2024-12-28 01:00:00,2024-12-28 01:00:00,DEV_003,3
DEV_003_2024-12-28 02:00:00,2024-12-28 02:00:00,DEV_003,55
DEV_003_2024-12-28 03:00:00,2024-12-28 03:00:00,DEV_003,6
DEV_003_2024-12-28 04:00:00,2024-12-28 04:00:00,DEV_003,31
DEV_003_2024-12-28 05:00:00,2024-12-28 05:00:00,DEV_003,80
DEV_003_2024-12-28 06:00:00,2024-12-28 06:00:00,DEV_003,69
DEV_003_2024-12-28 07:00:00,2024-12-28 07:00:00,DEV_003,37
DEV_003_2024-12-28 08:00:00,2024-12-28 08:00:00,DEV_003,73
DEV_003_2024-12-28 09:00:00,2024-12-28 09:00:00,DEV_003,49
DEV_003_2024-12-28 10:00:00,2024-12-28 10:00:00,DEV_003,87
DEV_003_2024-12-28 11:00:00,2024-12-28 11:00:00,DEV_003,86
DEV_003_2024-12-28 12:00:00,2024-12-28 12:00:00,DEV_003,8
DEV_003_2024-12-28 13:00:00,2024-12-28 13:00:00,DEV_003,49
DEV_003_2024-12-28 14:00:00,2024-12-28 14:00:00,DEV_003,46
DEV_003_2024-12-28 15:00:00,2024-12-28 15:00:00,DEV_003,6
DEV_003_2024-12-28 16:00:00,2024-12-28 16:00:00,DEV_003,17
DEV_003_2024-12-28 17:00:00,2024-12-28 17:00:00,DEV_003,1
DEV_003_2024-12-28 18:00:00,2024-12-28 18:00:00,DEV_003,50
DEV_003_2024-12-28 19:00:00,2024-12-28 19:00:00,DEV_003,19
DEV_003_2024-12-28 20:00:00,2024-12-28 20:00:00,DEV_003,21
DEV_003_2024-12-28 21:00:00,2024-12-28 21:00:00,DEV_003,10
DEV_003_2024-12-28 22:00:00,2024-12-28 22:00:00,DEV_003,80
DEV_003_2024-12-28 23:00:00,2024-12-28 23:00:00,DEV_003,31
DEV_003_2024-12-29 00:00:00,2024-12-29 00:00:00,DEV_003,30
DEV_003_2024-12-29 01:00:00,2024-12-29 01:00:00,DEV_003,89
DEV_003_2024-12-29 02:00:00,2024-12-29 02:00:00,DEV_003,89
DEV_003_2024-12-29 03:00:00,2024-12-29 03:00:00,DEV_003,51
DEV_003_2024-12-29 04:00:00,2024-12-29 04:00:00,DEV_003,96
DEV_003_2024-12-29 05:00:00,2024-12-29 05:00:00,DEV_003,74
DEV_003_2024-12-29 06:00:00,2024-12-29 06:00:00,DEV_003,99
DEV_003_2024-12-29 07:00:00,2024-12-29 07:00:00,DEV_003,94
DEV_003_2024-12-29 08:00:00,2024-12-29 08:00:00,DEV_003,3
DEV_003_2024-12-29 09:00:00,2024-12-29 09:00:00,DEV_003,57
DEV_003_2024-12-29 10:00:00,2024-12-29 10:00:00,DEV_003,92
DEV_003_2024-12-29 11:00:00,2024-12-29 11:00:00,DEV_003,76
DEV_003_2024-12-29 12:00:00,2024-12-29 12:00:00,DEV_003,51
DEV_003_2024-12-29 13:00:00,2024-12-29 13:00:00,DEV_003,19
DEV_003_2024-12-29 14:00:00,2024-12-29 14:00:00,DEV_003,21
DEV_003_2024-12-29 15:00:00,2024-12-29 15:00:00,DEV_003,3
DEV_003_2024-12-29 16:00:00,2024-12-29 16:00:00,DEV_003,80
DEV_003_2024-12-29 17:00:00,2024-12-29 17:00:00,DEV_003,61
DEV_003_2024-12-29 18:00:00,2024-12-29 18:00:00,DEV_003,23
DEV_003_2024-12-29 19:00:00,2024-12-29 19:00:00,DEV_003,25
DEV_003_2024-12-29 20:00:00,2024-12-29 20:00:00,DEV_003,28
DEV_003_2024-12-29 21:00:00,2024-12-29 21:00:00,DEV_003,1
DEV_003_2024-12-29 22:00:00,2024-12-29 22:00:00,DEV_003,14
DEV_003_2024-12-29 23:00:00,2024-12-29 23:00:00,DEV_003,13
DEV_004_2024-09-01 00:00:00,2024-09-01 00:00:00,DEV_004,55
DEV_004_2024-09-01 02:00:00,2024-09-01 02:00:00,DEV_004,28
DEV_004_2024-09-01 04:00:00,2024-09-01 04:00:00,DEV_004,4
DEV_004_2024-09-01 06:00:00,2024-09-01 06:00:00,DEV_004,56
DEV_004_2024-09-01 08:00:00,2024-09-01 08:00:00,DEV_004,38
DEV_004_2024-09-01 10:00:00,2024-09-01 10:00:00,DEV_004,22
DEV_004_2024-09-01 12:00:00,2024-09-01 12:00:00,DEV_004,46
DEV_004_2024-09-01 14:00:00,2024-09-01 14:00:00,DEV_004,27
DEV_004_2024-09-01 16:00:00,2024-09-01 16:00:00,DEV_004,25
DEV_004_2024-09-01 18:00:00,2024-09-01 18:00:00,DEV_004,88
DEV_004_2024-09-01 20:00:00,2024-09-01 20:00:00,DEV_004,38
DEV_004_2024-09-01 22:00:00,2024-09-01 22:00:00,DEV_004,17
DEV_004_2024-09-02 00:00:00,2024-09-02 00:00:00,DEV_004,60
DEV_004_2024-09-02 02:00:00,2024-09-02 02:00:00,DEV_004,37
DEV_004_2024-09-02 04:00:00,2024-09-02 04:00:00,DEV_004,13
DEV_004_2024-09-02 06:00:00,2024-09-02 06:00:00,DEV_004,27
DEV_004_2024-09-02 08:00:00,2024-09-02 08:00:00,DEV_004,34
DEV_004_2024-09-02 10:00:00,2024-09-02 10:00:00,DEV_004,84
DEV_004_2024-09-02 12:00:00,2024-09-02 12:00:00,DEV_004,18
DEV_004_2024-09-02 14:00:00,2024-09-02 14:00:00,DEV_004,97
DEV_004_2024-09-02 16:00:00,2024-09-02 16:00:00,DEV_004,25
DEV_004_2024-09-02 18:00:00,2024-09-02 18:00:00,DEV_004,94
DEV_004_2024-09-02 20:00:00,2024-09-02 20:00:00,DEV_004,79
DEV_004_2024-09-02 22:00:00,2024-09-02 22:00:00,DEV_004,29
DEV_004_2024-09-03 00:00:00,2024-09-03 00:00:00,DEV_004,7
DEV_004_2024-09-03 02:00:00,2024-09-03 02:00:00,DEV_004,22
DEV_004_2024-09-03 04:00:00,2024-09-03 04:00:00,DEV_004,50
DEV_004_2024-09-03 06:00:00,2024-09-03 06:00:00,DEV_004,30
DEV_004_2024-09-03 08:00:00,2024-09-03 08:00:00,DEV_004,23
DEV_004_2024-09-03 10:00:00,2024-09-03 10:00:00,DEV_004,69
DEV_004_2024-09-03 12:00:00,2024-09-03 12:00:00,DEV_004,38
DEV_004_2024-09-03 14:00:00,2024-09-03 14:00:00,DEV_004,76
DEV_004_2024-09-03 16:00:00,2024-09-03 16:00:00,DEV_004,72
DEV_004_2024-09-03 18:00:00,2024-09-03 18:00:00,DEV_004,68
DEV_004_2024-09-03 20:00:00,2024-09-03 20:00:00,DEV_004,81
DEV_004_2024-09-03 22:00:00,2024-09-03 22:00:00,DEV_004,62
DEV_004_2024-09-04 00:00:00,2024-09-04 00:00:00,DEV_004,27
DEV_004_2024-09-04 02:00:00,2024-09-04 02:00:00,DEV_004,58
DEV_004_2024-09-04 04:00:00,2024-09-04 04:00:00,DEV_004,85
DEV_004_2024-09-04 06:00:00,2024-09-04 06:00:00,DEV_004,48
DEV_004_2024-09-04 08:00:00,2024-09-04 08:00:00,DEV_004,83
DEV_004_2024-09-04 10:00:00,2024-09-04 10:00:00,DEV_004,51
DEV_004_2024-09-04 12:00:00,2024-09-04 12:00:00,DEV_004,20
DEV_004_2024-09-04 14:00:00,2024-09-04 14:00:00,DEV_004,99
DEV_004_2024-09-04 16:00:00,2024-09-04 16:00:00,DEV_004,80
DEV_004_2024-09-04 18:00:00,2024-09-04 18:00:00,DEV_004,37
DEV_004_2024-09-04 20:00:00,2024-09-04 20:00:00,DEV_004,23
DEV_004_2024-09-04 22:00:00,2024-09-04 22:00:00,DEV_004,89
DEV_004_2024-09-05 00:00:00,2024-09-05 00:00:00,DEV_004,88
DEV_004_2024-09-05 02:00:00,2024-09-05 02:00:00,DEV_004,50
DEV_004_2024-09-05 04:00:00,2024-09-05 04:00:00,DEV_004,23
DEV_004_2024-09-05 06:00:00,2024-09-05 06:00:00,DEV_004,7
DEV_004_2024-09-05 08:00:00,2024-09-05 08:00:00,DEV_004,32
DEV_004_2024-09-05 10:00:00,2024-09-05 10:00:00,DEV_004,62
DEV_004_2024-09-05 12:00:00,2024-09-05 12:00:00,DEV_004,40
DEV_004_2024-09-05 14:00:00,2024-09-05 14:00:00,DEV_004,87
DEV_004_2024-09-05 16:00:00,2024-09-05 16:00:00,DEV_004,84
DEV_004_2024-09-05 18:00:00,2024-09-05 18:00:00,DEV_004,48
DEV_004_2024-09-05 20:00:00,2024-09-05 20:00:00,DEV_004,46
DEV_004_2024-09-05 22:00:00,2024-09-05 22:00:00,DEV_004,78
DEV_004_2024-09-06 00:00:00,2024-09-06 00:00:00,DEV_004,98
DEV_004_2024-09-06 02:00:00,2024-09-06 02:00:00,DEV_004,80
DEV_004_2024-09-06 04:00:00,2024-09-06 04:00:00,DEV_004,88
DEV_004_2024-09-06 06:00:00,2024-09-06 06:00:00,DEV_004,43
DEV_004_2024-09-06 08:00:00,2024-09-06 08:00:00,DEV_004,73
DEV_004_2024-09-06 10:00:00,2024-09-06 10:00:00,DEV_004,16
DEV_004_2024-09-06 12:00:00,2024-09-06 12:00:00,DEV_004,49
DEV_004_2024-09-06 14:00:00,2024-09-06 14:00:00,DEV_004,26
DEV_004_2024-09-06 16:00:00,2024-09-06 16:00:00,DEV_004,60
DEV_004_2024-09-06 18:00:00,2024-09-06 18:00:00,DEV_004,81
DEV_004_2024-09-06 20:00:00,2024-09-06 20:00:00,DEV_004,30
DEV_004_2024-09-06 22:00:00,2024-09-06 22:00:00,DEV_004,34
DEV_004_2024-09-07 00:00:00,2024-09-07 00:00:00,DEV_004,53
DEV_004_2024-09-07 02:00:00,2024-09-07 02:00:00,DEV_004,85
DEV_004_2024-09-07 04:00:00,2024-09-07 04:00:00,DEV_004,61
DEV_004_2024-09-07 06:00:00,2024-09-07 06:00:00,DEV_004,16
DEV_004_2024-09-07 08:00:00,2024-09-07 08:00:00,DEV_004,40
DEV_004_2024-09-07 10:00:00,2024-09-07 10:00:00,DEV_004,1
DEV_004_2024-09-07 12:00:00,2024-09-07 12:00:00,DEV_004,63
DEV_004_2024-09-07 14:00:00,2024-09-07 14:00:00,DEV_004,77
DEV_004_2024-09-07 16:00:00,2024-09-07 16:00:00,DEV_004,68
DEV_004_2024-09-07 18:00:00,2024-09-07 18:00:00,DEV_004,52
DEV_004_2024-09-07 20:00:00,2024-09-07 20:00:00,DEV_004,42
DEV_004_2024-09-07 22:00:00,2024-09-07 22:00:00,DEV_004,14
DEV_004_2024-09-08 00:00:00,2024-09-08 00:00:00,DEV_004,3
DEV_004_2024-09-08 02:00:00,2024-09-08 02:00:00,DEV_004,30
DEV_004_2024-09-08 04:00:00,2024-09-08 04:00:00,DEV_004,3
DEV_004_2024-09-08 06:00:00,2024-09-08 06:00:00,DEV_004,48
DEV_004_2024-09-08 08:00:00,2024-09-08 08:00:00,DEV_004,45
DEV_004_2024-09-08 10:00:00,2024-09-08 10:00:00,DEV_004,57
DEV_004_2024-09-08 12:00:00,2024-09-08 12:00:00,DEV_004,24
DEV_004_2024-09-08 14:00:00,2024-09-08 14:00:00,DEV_004,78
DEV_004_2024-09-08 16:00:00,2024-09-08 16:00:00,DEV_004,91
DEV_004_2024-09-08 18:00:00,2024-09-08 18:00:00,DEV_004,85
DEV_004_2024-09-08 20:00:00,2024-09-08 20:00:00,DEV_004,66
DEV_004_2024-09-08 22:00:00,2024-09-08 22:00:00,DEV_004,91
DEV_004_2024-09-09 00:00:00,2024-09-09 00:00:00,DEV_004,17
DEV_004_2024-09-09 02:00:00,2024-09-09 02:00:00,DEV_004,21
DEV_004_2024-09-09 04:00:00,2024-09-09 04:00:00,DEV_004,30
DEV_004_2024-09-09 06:00:00,2024-09-09 06:00:00,DEV_004,17
DEV_004_2024-09-09 08:00:00,2024-09-09 08:00:00,DEV_004,75
DEV_004_2024-09-09 10:00:00,2024-09-09 10:00:00,DEV_004,63
DEV_004_2024-09-09 12:00:00,2024-09-09 12:00:00,DEV_004,47
DEV_004_2024-09-09 14:00:00,2024-09-09 14:00:00,DEV_004,6
DEV_004_2024-09-09 16:00:00,2024-09-09 16:00:00,DEV_004,47
DEV_004_2024-09-09 18:00:00,2024-09-09 18:00:00,DEV_004,4
DEV_004_2024-09-09 20:00:00,2024-09-09 20:00:00,DEV_004,9
DEV_004_2024-09-09 22:00:00,2024-09-09 22:00:00,DEV_004,52
DEV_004_2024-09-10 00:00:00,2024-09-10 00:00:00,DEV_004,58
DEV_004_2024-09-10 02:00:00,2024-09-10 02:00:00,DEV_004,77
DEV_004_2024-09-10 04:00:00,2024-09-10 04:00:00,DEV_004,37
DEV_004_2024-09-10 06:00:00,2024-09-10 06:00:00,DEV_004,45
DEV_004_2024-09-10 08:00:00,2024-09-10 08:00:00,DEV_004,32
DEV_004_2024-09-10 10:00:00,2024-09-10 10:00:00,DEV_004,82
DEV_004_2024-09-10 12:00:00,2024-09-10 12:00:00,DEV_004,74
DEV_004_2024-09-10 14:00:00,2024-09-10 14:00:00,DEV_004,8
DEV_004_2024-09-10 16:00:00,2024-09-10 16:00:00,DEV_004,54
DEV_004_2024-09-10 18:00:00,2024-09-10 18:00:00,DEV_004,87
DEV_004_2024-09-10 20:00:00,2024-09-10 20:00:00,DEV_004,28
DEV_004_2024-09-10 22:00:00,2024-09-10 22:00:00,DEV_004,57
DEV_004_2024-09-11 00:00:00,2024-09-11 00:00:00,DEV_004,75
DEV_004_2024-09-11 02:00:00,2024-09-11 02:00:00,DEV_004,38
DEV_004_2024-09-11 04:00:00,2024-09-11 04:00:00,DEV_004,26
DEV_004_2024-09-11 06:00:00,2024-09-11 06:00:00,DEV_004,15
DEV_004_2024-09-11 08:00:00,2024-09-11 08:00:00,DEV_004,7
DEV_004_2024-09-11 10:00:00,2024-09-11 10:00:00,DEV_004,36
DEV_004_2024-09-11 12:00:00,2024-09-11 12:00:00,DEV_004,97
DEV_004_2024-09-11 14:00:00,2024-09-11 14:00:00,DEV_004,56
DEV_004_2024-09-11 16:00:00,2024-09-11 16:00:00,DEV_004,78
DEV_004_2024-09-11 18:00:00,2024-09-11 18:00:00,DEV_004,95
DEV_004_2024-09-11 20:00:00,2024-09-11 20:00:00,DEV_004,74
DEV_004_2024-09-11 22:00:00,2024-09-11 22:00:00,DEV_004,62
DEV_004_2024-09-12 00:00:00,2024-09-12 00:00:00,DEV_004,45
DEV_004_2024-09-12 02:00:00,2024-09-12 02:00:00,DEV_004,36
DEV_004_2024-09-12 04:00:00,2024-09-12 04:00:00,DEV_004,59
DEV_004_2024-09-12 06:00:00,2024-09-12 06:00:00,DEV_004,11
DEV_004_2024-09-12 08:00:00,2024-09-12 08:00:00,DEV_004,85
DEV_004_2024-09-12 10:00:00,2024-09-12 10:00:00,DEV_004,77
DEV_004_2024-09-12 12:00:00,2024-09-12 12:00:00,DEV_004,14
DEV_004_2024-09-12 14:00:00,2024-09-12 14:00:00,DEV_004,60
DEV_004_2024-09-12 16:00:00,2024-09-12 16:00:00,DEV_004,72
DEV_004_2024-09-12 18:00:00,2024-09-12 18:00:00,DEV_004,99
DEV_004_2024-09-12 20:00:00,2024-09-12 20:00:00,DEV_004,23
DEV_004_2024-09-12 22:00:00,2024-09-12 22:00:00,DEV_004,26
DEV_004_2024-09-13 00:00:00,2024-09-13 00:00:00,DEV_004,12
DEV_004_2024-09-13 02:00:00,2024-09-13 02:00:00,DEV_004,86
DEV_004_2024-09-13 04:00:00,2024-09-13 04:00:00,DEV_004,71
DEV_004_2024-09-13 06:00:00,2024-09-13 06:00:00,DEV_004,52
DEV_004_2024-09-13 08:00:00,2024-09-13 08:00:00,DEV_004,64
DEV_004_2024-09-13 10:00:00,2024-09-13 10:00:00,DEV_004,63
DEV_004_2024-09-13 12:00:00,2024-09-13 12:00:00,DEV_004,52
DEV_004_2024-09-13 14:00:00,2024-09-13 14:00:00,DEV_004,9
DEV_004_2024-09-13 16:00:00,2024-09-13 16:00:00,DEV_004,96
DEV_004_2024-09-13 18:00:00,2024-09-13 18:00:00,DEV_004,89
DEV_004_2024-09-13 20:00:00,2024-09-13 20:00:00,DEV_004,40
DEV_004_2024-09-13 22:00:00,2024-09-13 22:00:00,DEV_004,50
DEV_004_2024-09-14 00:00:00,2024-09-14 00:00:00,DEV_004,33
DEV_004_2024-09-14 02:00:00,2024-09-14 02:00:00,DEV_004,9
DEV_004_2024-09-14 04:00:00,2024-09-14 04:00:00,DEV_004,46
DEV_004_2024-09-14 06:00:00,2024-09-14 06:00:00,DEV_004,23
DEV_004_2024-09-14 08:00:00,2024-09-14 08:00:00,DEV_004,41
DEV_004_2024-09-14 10:00:00,2024-09-14 10:00:00,DEV_004,30
DEV_004_2024-09-14 12:00:00,2024-09-14 12:00:00,DEV_004,32
DEV_004_2024-09-14 14:00:00,2024-09-14 14:00:00,DEV_004,81
DEV_004_2024-09-14 16:00:00,2024-09-14 16:00:00,DEV_004,80
DEV_004_2024-09-14 18:00:00,2024-09-14 18:00:00,DEV_004,92
DEV_004_2024-09-14 20:00:00,2024-09-14 20:00:00,DEV_004,39
DEV_004_2024-09-14 22:00:00,2024-09-14 22:00:00,DEV_004,15
DEV_004_2024-09-15 00:00:00,2024-09-15 00:00:00,DEV_004,22
DEV_004_2024-09-15 02:00:00,2024-09-15 02:00:00,DEV_004,15
DEV_004_2024-09-15 04:00:00,2024-09-15 04:00:00,DEV_004,88
DEV_004_2024-09-15 06:00:00,2024-09-15 06:00:00,DEV_004,28
DEV_004_2024-09-15 08:00:00,2024-09-15 08:00:00,DEV_004,39
DEV_004_2024-09-15 10:00:00,2024-09-15 10:00:00,DEV_004,43
DEV_004_2024-09-15 12:00:00,2024-09-15 12:00:00,DEV_004,87
DEV_004_2024-09-15 14:00:00,2024-09-15 14:00:00,DEV_004,14
DEV_004_2024-09-15 16:00:00,2024-09-15 16:00:00,DEV_004,83
DEV_004_2024-09-15 18:00:00,2024-09-15 18:00:00,DEV_004,56
DEV_004_2024-09-15 20:00:00,2024-09-15 20:00:00,DEV_004,72
DEV_004_2024-09-15 22:00:00,2024-09-15 22:00:00,DEV_004,78
DEV_004_2024-09-16 00:00:00,2024-09-16 00:00:00,DEV_004,25
DEV_004_2024-09-16 02:00:00,2024-09-16 02:00:00,DEV_004,82
DEV_004_2024-09-16 04:00:00,2024-09-16 04:00:00,DEV_004,24
DEV_004_2024-09-16 06:00:00,2024-09-16 06:00:00,DEV_004,36
DEV_004_2024-09-16 08:00:00,2024-09-16 08:00:00,DEV_004,48
DEV_004_2024-09-16 10:00:00,2024-09-16 10:00:00,DEV_004,64
DEV_004_2024-09-16 12:00:00,2024-09-16 12:00:00,DEV_004,15
DEV_004_2024-09-16 14:00:00,2024-09-16 14:00:00,DEV_004,85
DEV_004_2024-09-16 16:00:00,2024-09-16 16:00:00,DEV_004,49
DEV_004_2024-09-16 18:00:00,2024-09-16 18:00:00,DEV_004,50
DEV_004_2024-09-16 20:00:00,2024-09-16 20:00:00,DEV_004,5
DEV_004_2024-09-16 22:00:00,2024-09-16 22:00:00,DEV_004,36
DEV_004_2024-09-17 00:00:00,2024-09-17 00:00:00,DEV_004,25
DEV_004_2024-09-17 02:00:00,2024-09-17 02:00:00,DEV_004,26
DEV_004_2024-09-17 04:00:00,2024-09-17 04:00:00,DEV_004,71
DEV_004_2024-09-17 06:00:00,2024-09-17 06:00:00,DEV_004,12
DEV_004_2024-09-17 08:00:00,2024-09-17 08:00:00,DEV_004,82
DEV_004_2024-09-17 10:00:00,2024-09-17 10:00:00,DEV_004,54
DEV_004_2024-09-17 12:00:00,2024-09-17 12:00:00,DEV_004,82
DEV_004_2024-09-17 14:00:00,2024-09-17 14:00:00,DEV_004,77
DEV_004_2024-09-17 16:00:00,2024-09-17 16:00:00,DEV_004,83
DEV_004_2024-09-17 18:00:00,2024-09-17 18:00:00,DEV_004,91
DEV_004_2024-09-17 20:00:00,2024-09-17 20:00:00,DEV_004,19
DEV_004_2024-09-17 22:00:00,2024-09-17 22:00:00,DEV_004,59
DEV_004_2024-09-18 00:00:00,2024-09-18 00:00:00,DEV_004,91
DEV_004_2024-09-18 02:00:00,2024-09-18 02:00:00,DEV_004,15
DEV_004_2024-09-18 04:00:00,2024-09-18 04:00:00,DEV_004,8
DEV_004_2024-09-18 06:00:00,2024-09-18 06:00:00,DEV_004,50
DEV_004_2024-09-18 08:00:00,2024-09-18 08:00:00,DEV_004,42
DEV_004_2024-09-18 10:00:00,2024-09-18 10:00:00,DEV_004,96
DEV_004_2024-09-18 12:00:00,2024-09-18 12:00:00,DEV_004,94
DEV_004_2024-09-18 14:00:00,2024-09-18 14:00:00,DEV_004,61
DEV_004_2024-09-18 16:00:00,2024-09-18 16:00:00,DEV_004,3
DEV_004_2024-09-18 18:00:00,2024-09-18 18:00:00,DEV_004,51
DEV_004_2024-09-18 20:00:00,2024-09-18 20:00:00,DEV_004,85
DEV_004_2024-09-18 22:00:00,2024-09-18 22:00:00,DEV_004,34
DEV_004_2024-09-19 00:00:00,2024-09-19 00:00:00,DEV_004,21
DEV_004_2024-09-19 02:00:00,2024-09-19 02:00:00,DEV_004,20
DEV_004_2024-09-19 04:00:00,2024-09-19 04:00:00,DEV_004,50
DEV_004_2024-09-19 06:00:00,2024-09-19 06:00:00,DEV_004,71
DEV_004_2024-09-19 08:00:00,2024-09-19 08:00:00,DEV_004,88
DEV_004_2024-09-19 10:00:00,2024-09-19 10:00:00,DEV_004,19
DEV_004_2024-09-19 12:00:00,2024-09-19 12:00:00,DEV_004,41
DEV_004_2024-09-19 14:00:00,2024-09-19 14:00:00,DEV_004,51
DEV_004_2024-09-19 16:00:00,2024-09-19 16:00:00,DEV_004,63
DEV_004_2024-09-19 18:00:00,2024-09-19 18:00:00,DEV_004,59
DEV_004_2024-09-19 20:00:00,2024-09-19 20:00:00,DEV_004,83
DEV_004_2024-09-19 22:00:00,2024-09-19 22:00:00,DEV_004,44
DEV_004_2024-09-20 00:00:00,2024-09-20 00:00:00,DEV_004,70
DEV_004_2024-09-20 02:00:00,2024-09-20 02:00:00,DEV_004,55
DEV_004_2024-09-20 04:00:00,2024-09-20 04:00:00,DEV_004,22
DEV_004_2024-09-20 06:00:00,2024-09-20 06:00:00,DEV_004,31
DEV_004_2024-09-20 08:00:00,2024-09-20 08:00:00,DEV_004,72
DEV_004_2024-09-20 10:00:00,2024-09-20 10:00:00,DEV_004,37
DEV_004_2024-09-20 12:00:00,2024-09-20 12:00:00,DEV_004,17
DEV_004_2024-09-20 14:00:00,2024-09-20 14:00:00,DEV_004,49
DEV_004_2024-09-20 16:00:00,2024-09-20 16:00:00,DEV_004,77
DEV_004_2024-09-20 18:00:00,2024-09-20 18:00:00,DEV_004,52
DEV_004_2024-09-20 20:00:00,2024-09-20 20:00:00,DEV_004,67
DEV_004_2024-09-20 22:00:00,2024-09-20 22:00:00,DEV_004,97
DEV_004_2024-09-21 00:00:00,2024-09-21 00:00:00,DEV_004,30
DEV_004_2024-09-21 02:00:00,2024-09-21 02:00:00,DEV_004,83
DEV_004_2024-09-21 04:00:00,2024-09-21 04:00:00,DEV_004,33
DEV_004_2024-09-21 06:00:00,2024-09-21 06:00:00,DEV_004,18
DEV_004_2024-09-21 08:00:00,2024-09-21 08:00:00,DEV_004,53
DEV_004_2024-09-21 10:00:00,2024-09-21 10:00:00,DEV_004,53
DEV_004_2024-09-21 12:00:00,2024-09-21 12:00:00,DEV_004,8
DEV_004_2024-09-21 14:00:00,2024-09-21 14:00:00,DEV_004,65
DEV_004_2024-09-21 16:00:00,2024-09-21 16:00:00,DEV_004,23
DEV_004_2024-09-21 18:00:00,2024-09-21 18:00:00,DEV_004,3
DEV_004_2024-09-21 20:00:00,2024-09-21 20:00:00,DEV_004,32
DEV_004_2024-09-21 22:00:00,2024-09-21 22:00:00,DEV_004,84
DEV_004_2024-09-22 00:00:00,2024-09-22 00:00:00,DEV_004,59
DEV_004_2024-09-22 02:00:00,2024-09-22 02:00:00,DEV_004,40
DEV_004_2024-09-22 04:00:00,2024-09-22 04:00:00,DEV_004,55
DEV_004_2024-09-22 06:00:00,2024-09-22 06:00:00,DEV_004,69
DEV_004_2024-09-22 08:00:00,2024-09-22 08:00:00,DEV_004,95
DEV_004_2024-09-22 10:00:00,2024-09-22 10:00:00,DEV_004,87
DEV_004_2024-09-22 12:00:00,2024-09-22 12:00:00,DEV_004,92
DEV_004_2024-09-22 14:00:00,2024-09-22 14:00:00,DEV_004,76
DEV_004_2024-09-22 16:00:00,2024-09-22 16:00:00,DEV_004,74
DEV_004_2024-09-22 18:00:00,2024-09-22 18:00:00,DEV_004,30
DEV_004_2024-09-22 20:00:00,2024-09-22 20:00:00,DEV_004,92
DEV_004_2024-09-22 22:00:00,2024-09-22 22:00:00,DEV_004,95
DEV_004_2024-09-23 00:00:00,2024-09-23 00:00:00,DEV_004,6
DEV_004_2024-09-23 02:00:00,2024-09-23 02:00:00,DEV_004,35
DEV_004_2024-09-23 04:00:00,2024-09-23 04:00:00,DEV_004,16
DEV_004_2024-09-23 06:00:00,2024-09-23 06:00:00,DEV_004,56
DEV_004_2024-09-23 08:00:00,2024-09-23 08:00:00,DEV_004,76
DEV_004_2024-09-23 10:00:00,2024-09-23 10:00:00,DEV_004,36
DEV_004_2024-09-23 12:00:00,2024-09-23 12:00:00,DEV_004,15
DEV_004_2024-09-23 14:00:00,2024-09-23 14:00:00,DEV_004,67
DEV_004_2024-09-23 16:00:00,2024-09-23 16:00:00,DEV_004,59
DEV_004_2024-09-23 18:00:00,2024-09-23 18:00:00,DEV_004,87
DEV_004_2024-09-23 20:00:00,2024-09-23 20:00:00,DEV_004,81
DEV_004_2024-09-23 22:00:00,2024-09-23 22:00:00,DEV_004,62
DEV_004_2024-09-24 00:00:00,2024-09-24 00:00:00,DEV_004,15
DEV_004_2024-09-24 02:00:00,2024-09-24 02:00:00,DEV_004,88
DEV_004_2024-09-24 04:00:00,2024-09-24 04:00:00,DEV_004,51
DEV_004_2024-09-24 06:00:00,2024-09-24 06:00:00,DEV_004,96
DEV_004_2024-09-24 08:00:00,2024-09-24 08:00:00,DEV_004,58
DEV_004_2024-09-24 10:00:00,2024-09-24 10:00:00,DEV_004,80
DEV_004_2024-09-24 12:00:00,2024-09-24 12:00:00,DEV_004,95
DEV_004_2024-09-24 14:00:00,2024-09-24 14:00:00,DEV_004,50
DEV_004_2024-09-24 16:00:00,2024-09-24 16:00:00,DEV_004,50
DEV_004_2024-09-24 18:00:00,2024-09-24 18:00:00,DEV_004,49
DEV_004_2024-09-24 20:00:00,2024-09-24 20:00:00,DEV_004,70
DEV_004_2024-09-24 22:00:00,2024-09-24 22:00:00,DEV_004,13
DEV_004_2024-09-25 00:00:00,2024-09-25 00:00:00,DEV_004,12
DEV_004_2024-09-25 02:00:00,2024-09-25 02:00:00,DEV_004,79
DEV_004_2024-09-25 04:00:00,2024-09-25 04:00:00,DEV_004,90
DEV_004_2024-09-25 06:00:00,2024-09-25 06:00:00,DEV_004,17
DEV_004_2024-09-25 08:00:00,2024-09-25 08:00:00,DEV_004,51
DEV_004_2024-09-25 10:00:00,2024-09-25 10:00:00,DEV_004,27
DEV_004_2024-09-25 12:00:00,2024-09-25 12:00:00,DEV_004,40
DEV_004_2024-09-25 14:00:00,2024-09-25 14:00:00,DEV_004,42
DEV_004_2024-09-25 16:00:00,2024-09-25 16:00:00,DEV_004,14
DEV_004_2024-09-25 18:00:00,2024-09-25 18:00:00,DEV_004,98
DEV_004_2024-09-25 20:00:00,2024-09-25 20:00:00,DEV_004,47
DEV_004_2024-09-25 22:00:00,2024-09-25 22:00:00,DEV_004,71
DEV_004_2024-09-26 00:00:00,2024-09-26 00:00:00,DEV_004,91
DEV_004_2024-09-26 02:00:00,2024-09-26 02:00:00,DEV_004,50
DEV_004_2024-09-26 04:00:00,2024-09-26 04:00:00,DEV_004,2
DEV_004_2024-09-26 06:00:00,2024-09-26 06:00:00,DEV_004,16
DEV_004_2024-09-26 08:00:00,2024-09-26 08:00:00,DEV_004,3
DEV_004_2024-09-26 10:00:00,2024-09-26 10:00:00,DEV_004,50
DEV_004_2024-09-26 12:00:00,2024-09-26 12:00:00,DEV_004,61
DEV_004_2024-09-26 14:00:00,2024-09-26 14:00:00,DEV_004,67
DEV_004_2024-09-26 16:00:00,2024-09-26 16:00:00,DEV_004,74
DEV_004_2024-09-26 18:00:00,2024-09-26 18:00:00,DEV_004,42
DEV_004_2024-09-26 20:00:00,2024-09-26 20:00:00,DEV_004,28
DEV_004_2024-09-26 22:00:00,2024-09-26 22:00:00,DEV_004,47
DEV_004_2024-09-27 00:00:00,2024-09-27 00:00:00,DEV_004,99
DEV_004_2024-09-27 02:00:00,2024-09-27 02:00:00,DEV_004,35
DEV_004_2024-09-27 04:00:00,2024-09-27 04:00:00,DEV_004,99
DEV_004_2024-09-27 06:00:00,2024-09-27 06:00:00,DEV_004,21
DEV_004_2024-09-27 08:00:00,2024-09-27 08:00:00,DEV_004,78
DEV_004_2024-09-27 10:00:00,2024-09-27 10:00:00,DEV_004,98
DEV_004_2024-09-27 12:00:00,2024-09-27 12:00:00,DEV_004,37
DEV_004_2024-09-27 14:00:00,2024-09-27 14:00:00,DEV_004,97
DEV_004_2024-09-27 16:00:00,2024-09-27 16:00:00,DEV_004,99
DEV_004_2024-09-27 18:00:00,2024-09-27 18:00:00,DEV_004,21
DEV_004_2024-09-27 20:00:00,2024-09-27 20:00:00,DEV_004,58
DEV_004_2024-09-27 22:00:00,2024-09-27 22:00:00,DEV_004,16
DEV_004_2024-09-28 00:00:00,2024-09-28 00:00:00,DEV_004,50
DEV_004_2024-09-28 02:00:00,2024-09-28 02:00:00,DEV_004,6
DEV_004_2024-09-28 04:00:00,2024-09-28 04:00:00,DEV_004,2
DEV_004_2024-09-28 06:00:00,2024-09-28 06:00:00,DEV_004,19
DEV_004_2024-09-28 08:00:00,2024-09-28 08:00:00,DEV_004,97
DEV_004_2024-09-28 10:00:00,2024-09-28 10:00:00,DEV_004,40
DEV_004_2024-09-28 12:00:00,2024-09-28 12:00:00,DEV_004,8
DEV_004_2024-09-28 14:00:00,2024-09-28 14:00:00,DEV_004,20
DEV_004_2024-09-28 16:00:00,2024-09-28 16:00:00,DEV_004,20
DEV_004_2024-09-28 18:00:00,2024-09-28 18:00:00,DEV_004,44
DEV_004_2024-09-28 20:00:00,2024-09-28 20:00:00,DEV_004,36
DEV_004_2024-09-28 22:00:00,2024-09-28 22:00:00,DEV_004,19
DEV_004_2024-09-29 00:00:00,2024-09-29 00:00:00,DEV_004,34
DEV_004_2024-09-29 02:00:00,2024-09-29 02:00:00,DEV_004,48
DEV_004_2024-09-29 04:00:00,2024-09-29 04:00:00,DEV_004,97
DEV_004_2024-09-29 06:00:00,2024-09-29 06:00:00,DEV_004,6
DEV_004_2024-09-29 08:00:00,2024-09-29 08:00:00,DEV_004,54
DEV_004_2024-09-29 10:00:00,2024-09-29 10:00:00,DEV_004,98
DEV_004_2024-09-29 12:00:00,2024-09-29 12:00:00,DEV_004,22
DEV_004_2024-09-29 14:00:00,2024-09-29 14:00:00,DEV_004,88
DEV_004_2024-09-29 16:00:00,2024-09-29 16:00:00,DEV_004,63
DEV_004_2024-09-29 18:00:00,2024-09-29 18:00:00,DEV_004,21
DEV_004_2024-09-29 20:00:00,2024-09-29 20:00:00,DEV_004,83
DEV_004_2024-09-29 22:00:00,2024-09-29 22:00:00,DEV_004,36
DEV_004_2024-09-30 00:00:00,2024-09-30 00:00:00,DEV_004,84
DEV_004_2024-09-30 02:00:00,2024-09-30 02:00:00,DEV_004,47
DEV_004_2024-09-30 04:00:00,2024-09-30 04:00:00,DEV_004,61
DEV_004_2024-09-30 06:00:00,2024-09-30 06:00:00,DEV_004,28
DEV_004_2024-09-30 08:00:00,2024-09-30 08:00:00,DEV_004,41
DEV_004_2024-09-30 10:00:00,2024-09-30 10:00:00,DEV_004,92
DEV_004_2024-09-30 12:00:00,2024-09-30 12:00:00,DEV_004,12
DEV_004_2024-09-30 14:00:00,2024-09-30 14:00:00,DEV_004,46
DEV_004_2024-09-30 16:00:00,2024-09-30 16:00:00,DEV_004,93
DEV_004_2024-09-30 18:00:00,2024-09-30 18:00:00,DEV_004,30
DEV_004_2024-09-30 20:00:00,2024-09-30 20:00:00,DEV_004,96
DEV_004_2024-09-30 22:00:00,2024-09-30 22:00:00,DEV_004,6
DEV_004_2024-10-01 00:00:00,2024-10-01 00:00:00,DEV_004,65
DEV_004_2024-10-01 02:00:00,2024-10-01 02:00:00,DEV_004,37
DEV_004_2024-10-01 04:00:00,2024-10-01 04:00:00,DEV_004,80
DEV_004_2024-10-01 06:00:00,2024-10-01 06:00:00,DEV_004,84
DEV_004_2024-10-01 08:00:00,2024-10-01 08:00:00,DEV_004,79
DEV_004_2024-10-01 10:00:00,2024-10-01 10:00:00,DEV_004,11
DEV_004_2024-10-01 12:00:00,2024-10-01 12:00:00,DEV_004,45
DEV_004_2024-10-01 14:00:00,2024-10-01 14:00:00,DEV_004,48
DEV_004_2024-10-01 16:00:00,2024-10-01 16:00:00,DEV_004,41
DEV_004_2024-10-01 18:00:00,2024-10-01 18:00:00,DEV_004,40
DEV_004_2024-10-01 20:00:00,2024-10-01 20:00:00,DEV_004,91
DEV_004_2024-10-01 22:00:00,2024-10-01 22:00:00,DEV_004,41
DEV_004_2024-10-02 00:00:00,2024-10-02 00:00:00,DEV_004,16
DEV_004_2024-10-02 02:00:00,2024-10-02 02:00:00,DEV_004,36
DEV_004_2024-10-02 04:00:00,2024-10-02 04:00:00,DEV_004,84
DEV_004_2024-10-02 06:00:00,2024-10-02 06:00:00,DEV_004,95
DEV_004_2024-10-02 08:00:00,2024-10-02 08:00:00,DEV_004,37
DEV_004_2024-10-02 10:00:00,2024-10-02 10:00:00,DEV_004,79
DEV_004_2024-10-02 12:00:00,2024-10-02 12:00:00,DEV_004,67
DEV_004_2024-10-02 14:00:00,2024-10-02 14:00:00,DEV_004,25
DEV_004_2024-10-02 16:00:00,2024-10-02 16:00:00,DEV_004,19
DEV_004_2024-10-02 18:00:00,2024-10-02 18:00:00,DEV_004,39
DEV_004_2024-10-02 20:00:00,2024-10-02 20:00:00,DEV_004,87
DEV_004_2024-10-02 22:00:00,2024-10-02 22:00:00,DEV_004,49
DEV_004_2024-10-03 00:00:00,2024-10-03 00:00:00,DEV_004,24
DEV_004_2024-10-03 02:00:00,2024-10-03 02:00:00,DEV_004,90
DEV_004_2024-10-03 04:00:00,2024-10-03 04:00:00,DEV_004,80
DEV_004_2024-10-03 06:00:00,2024-10-03 06:00:00,DEV_004,86
DEV_004_2024-10-03 08:00:00,2024-10-03 08:00:00,DEV_004,26
DEV_004_2024-10-03 10:00:00,2024-10-03 10:00:00,DEV_004,78
DEV_004_2024-10-03 12:00:00,2024-10-03 12:00:00,DEV_004,45
DEV_004_2024-10-03 14:00:00,2024-10-03 14:00:00,DEV_004,8
DEV_004_2024-10-03 16:00:00,2024-10-03 16:00:00,DEV_004,25
DEV_004_2024-10-03 18:00:00,2024-10-03 18:00:00,DEV_004,35
DEV_004_2024-10-03 20:00:00,2024-10-03 20:00:00,DEV_004,41
DEV_004_2024-10-03 22:00:00,2024-10-03 22:00:00,DEV_004,67
DEV_004_2024-10-04 00:00:00,2024-10-04 00:00:00,DEV_004,20
DEV_004_2024-10-04 02:00:00,2024-10-04 02:00:00,DEV_004,50
DEV_004_2024-10-04 04:00:00,2024-10-04 04:00:00,DEV_004,95
DEV_004_2024-10-04 06:00:00,2024-10-04 06:00:00,DEV_004,95
DEV_004_2024-10-04 08:00:00,2024-10-04 08:00:00,DEV_004,2
DEV_004_2024-10-04 10:00:00,2024-10-04 10:00:00,DEV_004,77
DEV_004_2024-10-04 12:00:00,2024-10-04 12:00:00,DEV_004,52
DEV_004_2024-10-04 14:00:00,2024-10-04 14:00:00,DEV_004,73
DEV_004_2024-10-04 16:00:00,2024-10-04 16:00:00,DEV_004,87
DEV_004_2024-10-04 18:00:00,2024-10-04 18:00:00,DEV_004,65
DEV_004_2024-10-04 20:00:00,2024-10-04 20:00:00,DEV_004,19
DEV_004_2024-10-04 22:00:00,2024-10-04 22:00:00,DEV_004,42
DEV_004_2024-10-05 00:00:00,2024-10-05 00:00:00,DEV_004,10
DEV_004_2024-10-05 02:00:00,2024-10-05 02:00:00,DEV_004,93
DEV_004_2024-10-05 04:00:00,2024-10-05 04:00:00,DEV_004,83
DEV_004_2024-10-05 06:00:00,2024-10-05 06:00:00,DEV_004,84
DEV_004_2024-10-05 08:00:00,2024-10-05 08:00:00,DEV_004,51
DEV_004_2024-10-05 10:00:00,2024-10-05 10:00:00,DEV_004,81
DEV_004_2024-10-05 12:00:00,2024-10-05 12:00:00,DEV_004,28
DEV_004_2024-10-05 14:00:00,2024-10-05 14:00:00,DEV_004,63
DEV_004_2024-10-05 16:00:00,2024-10-05 16:00:00,DEV_004,80
DEV_004_2024-10-05 18:00:00,2024-10-05 18:00:00,DEV_004,76
DEV_004_2024-10-05 20:00:00,2024-10-05 20:00:00,DEV_004,20
DEV_004_2024-10-05 22:00:00,2024-10-05 22:00:00,DEV_004,84
DEV_004_2024-10-06 00:00:00,2024-10-06 00:00:00,DEV_004,20
DEV_004_2024-10-06 02:00:00,2024-10-06 02:00:00,DEV_004,73
DEV_004_2024-10-06 04:00:00,2024-10-06 04:00:00,DEV_004,85
DEV_004_2024-10-06 06:00:00,2024-10-06 06:00:00,DEV_004,84
DEV_004_2024-10-06 08:00:00,2024-10-06 08:00:00,DEV_004,1
DEV_004_2024-10-06 10:00:00,2024-10-06 10:00:00,DEV_004,80
DEV_004_2024-10-06 12:00:00,2024-10-06 12:00:00,DEV_004,15
DEV_004_2024-10-06 14:00:00,2024-10-06 14:00:00,DEV_004,52
DEV_004_2024-10-06 16:00:00,2024-10-06 16:00:00,DEV_004,95
DEV_004_2024-10-06 18:00:00,2024-10-06 18:00:00,DEV_004,91
DEV_004_2024-10-06 20:00:00,2024-10-06 20:00:00,DEV_004,89
DEV_004_2024-10-06 22:00:00,2024-10-06 22:00:00,DEV_004,11
DEV_004_2024-10-07 00:00:00,2024-10-07 00:00:00,DEV_004,97
DEV_004_2024-10-07 02:00:00,2024-10-07 02:00:00,DEV_004,99
DEV_004_2024-10-07 04:00:00,2024-10-07 04:00:00,DEV_004,9
DEV_004_2024-10-07 06:00:00,2024-10-07 06:00:00,DEV_004,82
DEV_004_2024-10-07 08:00:00,2024-10-07 08:00:00,DEV_004,39
DEV_004_2024-10-07 10:00:00,2024-10-07 10:00:00,DEV_004,42
DEV_004_2024-10-07 12:00:00,2024-10-07 12:00:00,DEV_004,9
DEV_004_2024-10-07 14:00:00,2024-10-07 14:00:00,DEV_004,48
DEV_004_2024-10-07 16:00:00,2024-10-07 16:00:00,DEV_004,54
DEV_004_2024-10-07 18:00:00,2024-10-07 18:00:00,DEV_004,76
DEV_004_2024-10-07 20:00:00,2024-10-07 20:00:00,DEV_004,97
DEV_004_2024-10-07 22:00:00,2024-10-07 22:00:00,DEV_004,93
DEV_004_2024-10-08 00:00:00,2024-10-08 00:00:00,DEV_004,15
DEV_004_2024-10-08 02:00:00,2024-10-08 02:00:00,DEV_004,16
DEV_004_2024-10-08 04:00:00,2024-10-08 04:00:00,DEV_004,23
DEV_004_2024-10-08 06:00:00,2024-10-08 06:00:00,DEV_004,68
DEV_004_2024-10-08 08:00:00,2024-10-08 08:00:00,DEV_004,35
DEV_004_2024-10-08 10:00:00,2024-10-08 10:00:00,DEV_004,69
DEV_004_2024-10-08 12:00:00,2024-10-08 12:00:00,DEV_004,24
DEV_004_2024-10-08 14:00:00,2024-10-08 14:00:00,DEV_004,20
DEV_004_2024-10-08 16:00:00,2024-10-08 16:00:00,DEV_004,93
DEV_004_2024-10-08 18:00:00,2024-10-08 18:00:00,DEV_004,57
DEV_004_2024-10-08 20:00:00,2024-10-08 20:00:00,DEV_004,26
DEV_004_2024-10-08 22:00:00,2024-10-08 22:00:00,DEV_004,68
DEV_004_2024-10-09 00:00:00,2024-10-09 00:00:00,DEV_004,75
DEV_004_2024-10-09 02:00:00,2024-10-09 02:00:00,DEV_004,72
DEV_004_2024-10-09 04:00:00,2024-10-09 04:00:00,DEV_004,28
DEV_004_2024-10-09 06:00:00,2024-10-09 06:00:00,DEV_004,99
DEV_004_2024-10-09 08:00:00,2024-10-09 08:00:00,DEV_004,62
DEV_004_2024-10-09 10:00:00,2024-10-09 10:00:00,DEV_004,91
DEV_004_2024-10-09 12:00:00,2024-10-09 12:00:00,DEV_004,76
DEV_004_2024-10-09 14:00:00,2024-10-09 14:00:00,DEV_004,74
DEV_004_2024-10-09 16:00:00,2024-10-09 16:00:00,DEV_004,97
DEV_004_2024-10-09 18:00:00,2024-10-09 18:00:00,DEV_004,90
DEV_004_2024-10-09 20:00:00,2024-10-09 20:00:00,DEV_004,19
DEV_004_2024-10-09 22:00:00,2024-10-09 22:00:00,DEV_004,22
DEV_004_2024-10-10 00:00:00,2024-10-10 00:00:00,DEV_004,82
DEV_004_2024-10-10 02:00:00,2024-10-10 02:00:00,DEV_004,18
DEV_004_2024-10-10 04:00:00,2024-10-10 04:00:00,DEV_004,36
DEV_004_2024-10-10 06:00:00,2024-10-10 06:00:00,DEV_004,37
DEV_004_2024-10-10 08:00:00,2024-10-10 08:00:00,DEV_004,41
DEV_004_2024-10-10 10:00:00,2024-10-10 10:00:00,DEV_004,52
DEV_004_2024-10-10 12:00:00,2024-10-10 12:00:00,DEV_004,85
DEV_004_2024-10-10 14:00:00,2024-10-10 14:00:00,DEV_004,43
DEV_004_2024-10-10 16:00:00,2024-10-10 16:00:00,DEV_004,99
DEV_004_2024-10-10 18:00:00,2024-10-10 18:00:00,DEV_004,82
DEV_004_2024-10-10 20:00:00,2024-10-10 20:00:00,DEV_004,34
DEV_004_2024-10-10 22:00:00,2024-10-10 22:00:00,DEV_004,1
DEV_004_2024-10-11 00:00:00,2024-10-11 00:00:00,DEV_004,19
DEV_004_2024-10-11 02:00:00,2024-10-11 02:00:00,DEV_004,58
DEV_004_2024-10-11 04:00:00,2024-10-11 04:00:00,DEV_004,14
DEV_004_2024-10-11 06:00:00,2024-10-11 06:00:00,DEV_004,10
DEV_004_2024-10-11 08:00:00,2024-10-11 08:00:00,DEV_004,85
DEV_004_2024-10-11 10:00:00,2024-10-11 10:00:00,DEV_004,65
DEV_004_2024-10-11 12:00:00,2024-10-11 12:00:00,DEV_004,17
DEV_004_2024-10-11 14:00:00,2024-10-11 14:00:00,DEV_004,50
DEV_004_2024-10-11 16:00:00,2024-10-11 16:00:00,DEV_004,34
DEV_004_2024-10-11 18:00:00,2024-10-11 18:00:00,DEV_004,49
DEV_004_2024-10-11 20:00:00,2024-10-11 20:00:00,DEV_004,69
DEV_004_2024-10-11 22:00:00,2024-10-11 22:00:00,DEV_004,14
DEV_004_2024-10-12 00:00:00,2024-10-12 00:00:00,DEV_004,37
DEV_004_2024-10-12 02:00:00,2024-10-12 02:00:00,DEV_004,70
DEV_004_2024-10-12 04:00:00,2024-10-12 04:00:00,DEV_004,38
DEV_004_2024-10-12 06:00:00,2024-10-12 06:00:00,DEV_004,71
DEV_004_2024-10-12 08:00:00,2024-10-12 08:00:00,DEV_004,6
DEV_004_2024-10-12 10:00:00,2024-10-12 10:00:00,DEV_004,84
DEV_004_2024-10-12 12:00:00,2024-10-12 12:00:00,DEV_004,40
DEV_004_2024-10-12 14:00:00,2024-10-12 14:00:00,DEV_004,7
DEV_004_2024-10-12 16:00:00,2024-10-12 16:00:00,DEV_004,98
DEV_004_2024-10-12 18:00:00,2024-10-12 18:00:00,DEV_004,9
DEV_004_2024-10-12 20:00:00,2024-10-12 20:00:00,DEV_004,24
DEV_004_2024-10-12 22:00:00,2024-10-12 22:00:00,DEV_004,1
DEV_004_2024-10-13 00:00:00,2024-10-13 00:00:00,DEV_004,80
DEV_004_2024-10-13 02:00:00,2024-10-13 02:00:00,DEV_004,85
DEV_004_2024-10-13 04:00:00,2024-10-13 04:00:00,DEV_004,33
DEV_004_2024-10-13 06:00:00,2024-10-13 06:00:00,DEV_004,13
DEV_004_2024-10-13 08:00:00,2024-10-13 08:00:00,DEV_004,44
DEV_004_2024-10-13 10:00:00,2024-10-13 10:00:00,DEV_004,81
DEV_004_2024-10-13 12:00:00,2024-10-13 12:00:00,DEV_004,49
DEV_004_2024-10-13 14:00:00,2024-10-13 14:00:00,DEV_004,54
DEV_004_2024-10-13 16:00:00,2024-10-13 16:00:00,DEV_004,49
DEV_004_2024-10-13 18:00:00,2024-10-13 18:00:00,DEV_004,71
DEV_004_2024-10-13 20:00:00,2024-10-13 20:00:00,DEV_004,22
DEV_004_2024-10-13 22:00:00,2024-10-13 22:00:00,DEV_004,16
DEV_004_2024-10-14 00:00:00,2024-10-14 00:00:00,DEV_004,96
DEV_004_2024-10-14 02:00:00,2024-10-14 02:00:00,DEV_004,89
DEV_004_2024-10-14 04:00:00,2024-10-14 04:00:00,DEV_004,68
DEV_004_2024-10-14 06:00:00,2024-10-14 06:00:00,DEV_004,32
DEV_004_2024-10-14 08:00:00,2024-10-14 08:00:00,DEV_004,83
DEV_004_2024-10-14 10:00:00,2024-10-14 10:00:00,DEV_004,49
DEV_004_2024-10-14 12:00:00,2024-10-14 12:00:00,DEV_004,54
DEV_004_2024-10-14 14:00:00,2024-10-14 14:00:00,DEV_004,2
DEV_004_2024-10-14 16:00:00,2024-10-14 16:00:00,DEV_004,14
DEV_004_2024-10-14 18:00:00,2024-10-14 18:00:00,DEV_004,43
DEV_004_2024-10-14 20:00:00,2024-10-14 20:00:00,DEV_004,75
DEV_004_2024-10-14 22:00:00,2024-10-14 22:00:00,DEV_004,1
DEV_004_2024-10-15 00:00:00,2024-10-15 00:00:00,DEV_004,84
DEV_004_2024-10-15 02:00:00,2024-10-15 02:00:00,DEV_004,27
DEV_004_2024-10-15 04:00:00,2024-10-15 04:00:00,DEV_004,22
DEV_004_2024-10-15 06:00:00,2024-10-15 06:00:00,DEV_004,42
DEV_004_2024-10-15 08:00:00,2024-10-15 08:00:00,DEV_004,87
DEV_004_2024-10-15 10:00:00,2024-10-15 10:00:00,DEV_004,18
DEV_004_2024-10-15 12:00:00,2024-10-15 12:00:00,DEV_004,31
DEV_004_2024-10-15 14:00:00,2024-10-15 14:00:00,DEV_004,18
DEV_004_2024-10-15 16:00:00,2024-10-15 16:00:00,DEV_004,45
DEV_004_2024-10-15 18:00:00,2024-10-15 18:00:00,DEV_004,90
DEV_004_2024-10-15 20:00:00,2024-10-15 20:00:00,DEV_004,93
DEV_004_2024-10-15 22:00:00,2024-10-15 22:00:00,DEV_004,60
DEV_004_2024-10-16 00:00:00,2024-10-16 00:00:00,DEV_004,23
DEV_004_2024-10-16 02:00:00,2024-10-16 02:00:00,DEV_004,37
DEV_004_2024-10-16 04:00:00,2024-10-16 04:00:00,DEV_004,32
DEV_004_2024-10-16 06:00:00,2024-10-16 06:00:00,DEV_004,66
DEV_004_2024-10-16 08:00:00,2024-10-16 08:00:00,DEV_004,97
DEV_004_2024-10-16 10:00:00,2024-10-16 10:00:00,DEV_004,40
DEV_004_2024-10-16 12:00:00,2024-10-16 12:00:00,DEV_004,53
DEV_004_2024-10-16 14:00:00,2024-10-16 14:00:00,DEV_004,36
DEV_004_2024-10-16 16:00:00,2024-10-16 16:00:00,DEV_004,55
DEV_004_2024-10-16 18:00:00,2024-10-16 18:00:00,DEV_004,94
DEV_004_2024-10-16 20:00:00,2024-10-16 20:00:00,DEV_004,11
DEV_004_2024-10-16 22:00:00,2024-10-16 22:00:00,DEV_004,25
DEV_004_2024-10-17 00:00:00,2024-10-17 00:00:00,DEV_004,71
DEV_004_2024-10-17 02:00:00,2024-10-17 02:00:00,DEV_004,98
DEV_004_2024-10-17 04:00:00,2024-10-17 04:00:00,DEV_004,11
DEV_004_2024-10-17 06:00:00,2024-10-17 06:00:00,DEV_004,98
DEV_004_2024-10-17 08:00:00,2024-10-17 08:00:00,DEV_004,10
DEV_004_2024-10-17 10:00:00,2024-10-17 10:00:00,DEV_004,50
DEV_004_2024-10-17 12:00:00,2024-10-17 12:00:00,DEV_004,4
DEV_004_2024-10-17 14:00:00,2024-10-17 14:00:00,DEV_004,12
DEV_004_2024-10-17 16:00:00,2024-10-17 16:00:00,DEV_004,96
DEV_004_2024-10-17 18:00:00,2024-10-17 18:00:00,DEV_004,3
DEV_004_2024-10-17 20:00:00,2024-10-17 20:00:00,DEV_004,19
DEV_004_2024-10-17 22:00:00,2024-10-17 22:00:00,DEV_004,5
DEV_004_2024-10-18 00:00:00,2024-10-18 00:00:00,DEV_004,12
DEV_004_2024-10-18 02:00:00,2024-10-18 02:00:00,DEV_004,54
DEV_004_2024-10-18 04:00:00,2024-10-18 04:00:00,DEV_004,57
DEV_004_2024-10-18 06:00:00,2024-10-18 06:00:00,DEV_004,95
DEV_004_2024-10-18 08:00:00,2024-10-18 08:00:00,DEV_004,17
DEV_004_2024-10-18 10:00:00,2024-10-18 10:00:00,DEV_004,4
DEV_004_2024-10-18 12:00:00,2024-10-18 12:00:00,DEV_004,64
DEV_004_2024-10-18 14:00:00,2024-10-18 14:00:00,DEV_004,2
DEV_004_2024-10-18 16:00:00,2024-10-18 16:00:00,DEV_004,12
DEV_004_2024-10-18 18:00:00,2024-10-18 18:00:00,DEV_004,18
DEV_004_2024-10-18 20:00:00,2024-10-18 20:00:00,DEV_004,34
DEV_004_2024-10-18 22:00:00,2024-10-18 22:00:00,DEV_004,20
DEV_004_2024-10-19 00:00:00,2024-10-19 00:00:00,DEV_004,66
DEV_004_2024-10-19 02:00:00,2024-10-19 02:00:00,DEV_004,91
DEV_004_2024-10-19 04:00:00,2024-10-19 04:00:00,DEV_004,69
DEV_004_2024-10-19 06:00:00,2024-10-19 06:00:00,DEV_004,92
DEV_004_2024-10-19 08:00:00,2024-10-19 08:00:00,DEV_004,35
DEV_004_2024-10-19 10:00:00,2024-10-19 10:00:00,DEV_004,54
DEV_004_2024-10-19 12:00:00,2024-10-19 12:00:00,DEV_004,97
DEV_004_2024-10-19 14:00:00,2024-10-19 14:00:00,DEV_004,97
DEV_004_2024-10-19 16:00:00,2024-10-19 16:00:00,DEV_004,91
DEV_004_2024-10-19 18:00:00,2024-10-19 18:00:00,DEV_004,86
DEV_004_2024-10-19 20:00:00,2024-10-19 20:00:00,DEV_004,65
DEV_004_2024-10-19 22:00:00,2024-10-19 22:00:00,DEV_004,43
DEV_004_2024-10-20 00:00:00,2024-10-20 00:00:00,DEV_004,98
DEV_004_2024-10-20 02:00:00,2024-10-20 02:00:00,DEV_004,30
DEV_004_2024-10-20 04:00:00,2024-10-20 04:00:00,DEV_004,95
DEV_004_2024-10-20 06:00:00,2024-10-20 06:00:00,DEV_004,70
DEV_004_2024-10-20 08:00:00,2024-10-20 08:00:00,DEV_004,47
DEV_004_2024-10-20 10:00:00,2024-10-20 10:00:00,DEV_004,21
DEV_004_2024-10-20 12:00:00,2024-10-20 12:00:00,DEV_004,85
DEV_004_2024-10-20 14:00:00,2024-10-20 14:00:00,DEV_004,16
DEV_004_2024-10-20 16:00:00,2024-10-20 16:00:00,DEV_004,68
DEV_004_2024-10-20 18:00:00,2024-10-20 18:00:00,DEV_004,95
DEV_004_2024-10-20 20:00:00,2024-10-20 20:00:00,DEV_004,35
DEV_004_2024-10-20 22:00:00,2024-10-20 22:00:00,DEV_004,87
DEV_004_2024-10-21 00:00:00,2024-10-21 00:00:00,DEV_004,86
DEV_004_2024-10-21 02:00:00,2024-10-21 02:00:00,DEV_004,47
DEV_004_2024-10-21 04:00:00,2024-10-21 04:00:00,DEV_004,93
DEV_004_2024-10-21 06:00:00,2024-10-21 06:00:00,DEV_004,57
DEV_004_2024-10-21 08:00:00,2024-10-21 08:00:00,DEV_004,34
DEV_004_2024-10-21 10:00:00,2024-10-21 10:00:00,DEV_004,63
DEV_004_2024-10-21 12:00:00,2024-10-21 12:00:00,DEV_004,77
DEV_004_2024-10-21 14:00:00,2024-10-21 14:00:00,DEV_004,12
DEV_004_2024-10-21 16:00:00,2024-10-21 16:00:00,DEV_004,76
DEV_004_2024-10-21 18:00:00,2024-10-21 18:00:00,DEV_004,8
DEV_004_2024-10-21 20:00:00,2024-10-21 20:00:00,DEV_004,40
DEV_004_2024-10-21 22:00:00,2024-10-21 22:00:00,DEV_004,29
DEV_004_2024-10-22 00:00:00,2024-10-22 00:00:00,DEV_004,46
DEV_004_2024-10-22 02:00:00,2024-10-22 02:00:00,DEV_004,66
DEV_004_2024-10-22 04:00:00,2024-10-22 04:00:00,DEV_004,90
DEV_004_2024-10-22 06:00:00,2024-10-22 06:00:00,DEV_004,72
DEV_004_2024-10-22 08:00:00,2024-10-22 08:00:00,DEV_004,55
DEV_004_2024-10-22 10:00:00,2024-10-22 10:00:00,DEV_004,86
DEV_004_2024-10-22 12:00:00,2024-10-22 12:00:00,DEV_004,90
DEV_004_2024-10-22 14:00:00,2024-10-22 14:00:00,DEV_004,34
DEV_004_2024-10-22 16:00:00,2024-10-22 16:00:00,DEV_004,1
DEV_004_2024-10-22 18:00:00,2024-10-22 18:00:00,DEV_004,40
DEV_004_2024-10-22 20:00:00,2024-10-22 20:00:00,DEV_004,54
DEV_004_2024-10-22 22:00:00,2024-10-22 22:00:00,DEV_004,3
DEV_004_2024-10-23 00:00:00,2024-10-23 00:00:00,DEV_004,81
DEV_004_2024-10-23 02:00:00,2024-10-23 02:00:00,DEV_004,19
DEV_004_2024-10-23 04:00:00,2024-10-23 04:00:00,DEV_004,79
DEV_004_2024-10-23 06:00:00,2024-10-23 06:00:00,DEV_004,13
DEV_004_2024-10-23 08:00:00,2024-10-23 08:00:00,DEV_004,40
DEV_004_2024-10-23 10:00:00,2024-10-23 10:00:00,DEV_004,17
DEV_004_2024-10-23 12:00:00,2024-10-23 12:00:00,DEV_004,24
DEV_004_2024-10-23 14:00:00,2024-10-23 14:00:00,DEV_004,60
DEV_004_2024-10-23 16:00:00,2024-10-23 16:00:00,DEV_004,59
DEV_004_2024-10-23 18:00:00,2024-10-23 18:00:00,DEV_004,79
DEV_004_2024-10-23 20:00:00,2024-10-23 20:00:00,DEV_004,50
DEV_004_2024-10-23 22:00:00,2024-10-23 22:00:00,DEV_004,30
DEV_004_2024-10-24 00:00:00,2024-10-24 00:00:00,DEV_004,5
DEV_004_2024-10-24 02:00:00,2024-10-24 02:00:00,DEV_004,39
DEV_004_2024-10-24 04:00:00,2024-10-24 04:00:00,DEV_004,1
DEV_004_2024-10-24 06:00:00,2024-10-24 06:00:00,DEV_004,5
DEV_004_2024-10-24 08:00:00,2024-10-24 08:00:00,DEV_004,69
DEV_004_2024-10-24 10:00:00,2024-10-24 10:00:00,DEV_004,93
DEV_004_2024-10-24 12:00:00,2024-10-24 12:00:00,DEV_004,35
DEV_004_2024-10-24 14:00:00,2024-10-24 14:00:00,DEV_004,98
DEV_004_2024-10-24 16:00:00,2024-10-24 16:00:00,DEV_004,20
DEV_004_2024-10-24 18:00:00,2024-10-24 18:00:00,DEV_004,99
DEV_004_2024-10-24 20:00:00,2024-10-24 20:00:00,DEV_004,82
DEV_004_2024-10-24 22:00:00,2024-10-24 22:00:00,DEV_004,77
DEV_004_2024-10-25 00:00:00,2024-10-25 00:00:00,DEV_004,17
DEV_004_2024-10-25 02:00:00,2024-10-25 02:00:00,DEV_004,84
DEV_004_2024-10-25 04:00:00,2024-10-25 04:00:00,DEV_004,52
DEV_004_2024-10-25 06:00:00,2024-10-25 06:00:00,DEV_004,27
DEV_004_2024-10-25 08:00:00,2024-10-25 08:00:00,DEV_004,67
DEV_004_2024-10-25 10:00:00,2024-10-25 10:00:00,DEV_004,14
DEV_004_2024-10-25 12:00:00,2024-10-25 12:00:00,DEV_004,75
DEV_004_2024-10-25 14:00:00,2024-10-25 14:00:00,DEV_004,89
DEV_004_2024-10-25 16:00:00,2024-10-25 16:00:00,DEV_004,10
DEV_004_2024-10-25 18:00:00,2024-10-25 18:00:00,DEV_004,74
DEV_004_2024-10-25 20:00:00,2024-10-25 20:00:00,DEV_004,72
DEV_004_2024-10-25 22:00:00,2024-10-25 22:00:00,DEV_004,27
DEV_004_2024-10-26 00:00:00,2024-10-26 00:00:00,DEV_004,60
DEV_004_2024-10-26 02:00:00,2024-10-26 02:00:00,DEV_004,75
DEV_004_2024-10-26 04:00:00,2024-10-26 04:00:00,DEV_004,92
DEV_004_2024-10-26 06:00:00,2024-10-26 06:00:00,DEV_004,31
DEV_004_2024-10-26 08:00:00,2024-10-26 08:00:00,DEV_004,28
DEV_004_2024-10-26 10:00:00,2024-10-26 10:00:00,DEV_004,89
DEV_004_2024-10-26 12:00:00,2024-10-26 12:00:00,DEV_004,90
DEV_004_2024-10-26 14:00:00,2024-10-26 14:00:00,DEV_004,52
DEV_004_2024-10-26 16:00:00,2024-10-26 16:00:00,DEV_004,98
DEV_004_2024-10-26 18:00:00,2024-10-26 18:00:00,DEV_004,42
DEV_004_2024-10-26 20:00:00,2024-10-26 20:00:00,DEV_004,64
DEV_004_2024-10-26 22:00:00,2024-10-26 22:00:00,DEV_004,11
DEV_004_2024-10-27 00:00:00,2024-10-27 00:00:00,DEV_004,98
DEV_004_2024-10-27 02:00:00,2024-10-27 02:00:00,DEV_004,21
DEV_004_2024-10-27 04:00:00,2024-10-27 04:00:00,DEV_004,5
DEV_004_2024-10-27 06:00:00,2024-10-27 06:00:00,DEV_004,16
DEV_004_2024-10-27 08:00:00,2024-10-27 08:00:00,DEV_004,14
DEV_004_2024-10-27 10:00:00,2024-10-27 10:00:00,DEV_004,80
DEV_004_2024-10-27 12:00:00,2024-10-27 12:00:00,DEV_004,18
DEV_004_2024-10-27 14:00:00,2024-10-27 14:00:00,DEV_004,13
DEV_004_2024-10-27 16:00:00,2024-10-27 16:00:00,DEV_004,55
DEV_004_2024-10-27 18:00:00,2024-10-27 18:00:00,DEV_004,26
DEV_004_2024-10-27 20:00:00,2024-10-27 20:00:00,DEV_004,46
DEV_004_2024-10-27 22:00:00,2024-10-27 22:00:00,DEV_004,73
DEV_004_2024-10-28 00:00:00,2024-10-28 00:00:00,DEV_004,48
DEV_004_2024-10-28 02:00:00,2024-10-28 02:00:00,DEV_004,43
DEV_004_2024-10-28 04:00:00,2024-10-28 04:00:00,DEV_004,71
DEV_004_2024-10-28 06:00:00,2024-10-28 06:00:00,DEV_004,75
DEV_004_2024-10-28 08:00:00,2024-10-28 08:00:00,DEV_004,65
DEV_004_2024-10-28 10:00:00,2024-10-28 10:00:00,DEV_004,6
DEV_004_2024-10-28 12:00:00,2024-10-28 12:00:00,DEV_004,26
DEV_004_2024-10-28 14:00:00,2024-10-28 14:00:00,DEV_004,16
DEV_004_2024-10-28 16:00:00,2024-10-28 16:00:00,DEV_004,43
DEV_004_2024-10-28 18:00:00,2024-10-28 18:00:00,DEV_004,96
DEV_004_2024-10-28 20:00:00,2024-10-28 20:00:00,DEV_004,24
DEV_004_2024-10-28 22:00:00,2024-10-28 22:00:00,DEV_004,55
DEV_004_2024-10-29 00:00:00,2024-10-29 00:00:00,DEV_004,46
DEV_004_2024-10-29 02:00:00,2024-10-29 02:00:00,DEV_004,16
DEV_004_2024-10-29 04:00:00,2024-10-29 04:00:00,DEV_004,88
DEV_004_2024-10-29 06:00:00,2024-10-29 06:00:00,DEV_004,30
DEV_004_2024-10-29 08:00:00,2024-10-29 08:00:00,DEV_004,19
DEV_004_2024-10-29 10:00:00,2024-10-29 10:00:00,DEV_004,86
DEV_004_2024-10-29 12:00:00,2024-10-29 12:00:00,DEV_004,70
DEV_004_2024-10-29 14:00:00,2024-10-29 14:00:00,DEV_004,82
DEV_004_2024-10-29 16:00:00,2024-10-29 16:00:00,DEV_004,81
DEV_004_2024-10-29 18:00:00,2024-10-29 18:00:00,DEV_004,36
DEV_004_2024-10-29 20:00:00,2024-10-29 20:00:00,DEV_004,1
DEV_004_2024-10-29 22:00:00,2024-10-29 22:00:00,DEV_004,37
DEV_004_2024-10-30 00:00:00,2024-10-30 00:00:00,DEV_004,31
DEV_004_2024-10-30 02:00:00,2024-10-30 02:00:00,DEV_004,27
DEV_004_2024-10-30 04:00:00,2024-10-30 04:00:00,DEV_004,87
DEV_004_2024-10-30 06:00:00,2024-10-30 06:00:00,DEV_004,17
DEV_004_2024-10-30 08:00:00,2024-10-30 08:00:00,DEV_004,56
DEV_004_2024-10-30 10:00:00,2024-10-30 10:00:00,DEV_004,92
DEV_004_2024-10-30 12:00:00,2024-10-30 12:00:00,DEV_004,64
DEV_004_2024-10-30 14:00:00,2024-10-30 14:00:00,DEV_004,27
DEV_004_2024-10-30 16:00:00,2024-10-30 16:00:00,DEV_004,44
DEV_004_2024-10-30 18:00:00,2024-10-30 18:00:00,DEV_004,5
DEV_004_2024-10-30 20:00:00,2024-10-30 20:00:00,DEV_004,91
DEV_004_2024-10-30 22:00:00,2024-10-30 22:00:00,DEV_004,97
DEV_004_2024-10-31 00:00:00,2024-10-31 00:00:00,DEV_004,15
DEV_004_2024-10-31 02:00:00,2024-10-31 02:00:00,DEV_004,90
DEV_004_2024-10-31 04:00:00,2024-10-31 04:00:00,DEV_004,77
DEV_004_2024-10-31 06:00:00,2024-10-31 06:00:00,DEV_004,98
DEV_004_2024-10-31 08:00:00,2024-10-31 08:00:00,DEV_004,36
DEV_004_2024-10-31 10:00:00,2024-10-31 10:00:00,DEV_004,3
DEV_004_2024-10-31 12:00:00,2024-10-31 12:00:00,DEV_004,96
DEV_004_2024-10-31 14:00:00,2024-10-31 14:00:00,DEV_004,6
DEV_004_2024-10-31 16:00:00,2024-10-31 16:00:00,DEV_004,60
DEV_004_2024-10-31 18:00:00,2024-10-31 18:00:00,DEV_004,86
DEV_004_2024-10-31 20:00:00,2024-10-31 20:00:00,DEV_004,99
DEV_004_2024-10-31 22:00:00,2024-10-31 22:00:00,DEV_004,41
DEV_004_2024-11-01 00:00:00,2024-11-01 00:00:00,DEV_004,74
DEV_004_2024-11-01 02:00:00,2024-11-01 02:00:00,DEV_004,83
DEV_004_2024-11-01 04:00:00,2024-11-01 04:00:00,DEV_004,63
DEV_004_2024-11-01 06:00:00,2024-11-01 06:00:00,DEV_004,72
DEV_004_2024-11-01 08:00:00,2024-11-01 08:00:00,DEV_004,27
DEV_004_2024-11-01 10:00:00,2024-11-01 10:00:00,DEV_004,2
DEV_004_2024-11-01 12:00:00,2024-11-01 12:00:00,DEV_004,72
DEV_004_2024-11-01 14:00:00,2024-11-01 14:00:00,DEV_004,94
DEV_004_2024-11-01 16:00:00,2024-11-01 16:00:00,DEV_004,95
DEV_004_2024-11-01 18:00:00,2024-11-01 18:00:00,DEV_004,20
DEV_004_2024-11-01 20:00:00,2024-11-01 20:00:00,DEV_004,78
DEV_004_2024-11-01 22:00:00,2024-11-01 22:00:00,DEV_004,61
DEV_004_2024-11-02 00:00:00,2024-11-02 00:00:00,DEV_004,27
DEV_004_2024-11-02 02:00:00,2024-11-02 02:00:00,DEV_004,54
DEV_004_2024-11-02 04:00:00,2024-11-02 04:00:00,DEV_004,97
DEV_004_2024-11-02 06:00:00,2024-11-02 06:00:00,DEV_004,33
DEV_004_2024-11-02 08:00:00,2024-11-02 08:00:00,DEV_004,79
DEV_004_2024-11-02 10:00:00,2024-11-02 10:00:00,DEV_004,89
DEV_004_2024-11-02 12:00:00,2024-11-02 12:00:00,DEV_004,93
DEV_004_2024-11-02 14:00:00,2024-11-02 14:00:00,DEV_004,85
DEV_004_2024-11-02 16:00:00,2024-11-02 16:00:00,DEV_004,63
DEV_004_2024-11-02 18:00:00,2024-11-02 18:00:00,DEV_004,77
DEV_004_2024-11-02 20:00:00,2024-11-02 20:00:00,DEV_004,52
DEV_004_2024-11-02 22:00:00,2024-11-02 22:00:00,DEV_004,45
DEV_004_2024-11-03 00:00:00,2024-11-03 00:00:00,DEV_004,48
DEV_004_2024-11-03 02:00:00,2024-11-03 02:00:00,DEV_004,89
DEV_004_2024-11-03 04:00:00,2024-11-03 04:00:00,DEV_004,37
DEV_004_2024-11-03 06:00:00,2024-11-03 06:00:00,DEV_004,40
DEV_004_2024-11-03 08:00:00,2024-11-03 08:00:00,DEV_004,59
DEV_004_2024-11-03 10:00:00,2024-11-03 10:00:00,DEV_004,96
DEV_004_2024-11-03 12:00:00,2024-11-03 12:00:00,DEV_004,22
DEV_004_2024-11-03 14:00:00,2024-11-03 14:00:00,DEV_004,28
DEV_004_2024-11-03 16:00:00,2024-11-03 16:00:00,DEV_004,30
DEV_004_2024-11-03 18:00:00,2024-11-03 18:00:00,DEV_004,43
DEV_004_2024-11-03 20:00:00,2024-11-03 20:00:00,DEV_004,86
DEV_004_2024-11-03 22:00:00,2024-11-03 22:00:00,DEV_004,6
DEV_004_2024-11-04 00:00:00,2024-11-04 00:00:00,DEV_004,93
DEV_004_2024-11-04 02:00:00,2024-11-04 02:00:00,DEV_004,97
DEV_004_2024-11-04 04:00:00,2024-11-04 04:00:00,DEV_004,22
DEV_004_2024-11-04 06:00:00,2024-11-04 06:00:00,DEV_004,25
DEV_004_2024-11-04 08:00:00,2024-11-04 08:00:00,DEV_004,77
DEV_004_2024-11-04 10:00:00,2024-11-04 10:00:00,DEV_004,24
DEV_004_2024-11-04 12:00:00,2024-11-04 12:00:00,DEV_004,10
DEV_004_2024-11-04 14:00:00,2024-11-04 14:00:00,DEV_004,91
DEV_004_2024-11-04 16:00:00,2024-11-04 16:00:00,DEV_004,70
DEV_004_2024-11-04 18:00:00,2024-11-04 18:00:00,DEV_004,2
DEV_004_2024-11-04 20:00:00,2024-11-04 20:00:00,DEV_004,51
DEV_004_2024-11-04 22:00:00,2024-11-04 22:00:00,DEV_004,89
DEV_004_2024-11-05 00:00:00,2024-11-05 00:00:00,DEV_004,17
DEV_004_2024-11-05 02:00:00,2024-11-05 02:00:00,DEV_004,15
DEV_004_2024-11-05 04:00:00,2024-11-05 04:00:00,DEV_004,93
DEV_004_2024-11-05 06:00:00,2024-11-05 06:00:00,DEV_004,11
DEV_004_2024-11-05 08:00:00,2024-11-05 08:00:00,DEV_004,35
DEV_004_2024-11-05 10:00:00,2024-11-05 10:00:00,DEV_004,36
DEV_004_2024-11-05 12:00:00,2024-11-05 12:00:00,DEV_004,27
DEV_004_2024-11-05 14:00:00,2024-11-05 14:00:00,DEV_004,79
DEV_004_2024-11-05 16:00:00,2024-11-05 16:00:00,DEV_004,99
DEV_004_2024-11-05 18:00:00,2024-11-05 18:00:00,DEV_004,38
DEV_004_2024-11-05 20:00:00,2024-11-05 20:00:00,DEV_004,83
DEV_004_2024-11-05 22:00:00,2024-11-05 22:00:00,DEV_004,42
DEV_004_2024-11-06 00:00:00,2024-11-06 00:00:00,DEV_004,2
DEV_004_2024-11-06 02:00:00,2024-11-06 02:00:00,DEV_004,15
DEV_004_2024-11-06 04:00:00,2024-11-06 04:00:00,DEV_004,77
DEV_004_2024-11-06 06:00:00,2024-11-06 06:00:00,DEV_004,17
DEV_004_2024-11-06 08:00:00,2024-11-06 08:00:00,DEV_004,37
DEV_004_2024-11-06 10:00:00,2024-11-06 10:00:00,DEV_004,47
DEV_004_2024-11-06 12:00:00,2024-11-06 12:00:00,DEV_004,3
DEV_004_2024-11-06 14:00:00,2024-11-06 14:00:00,DEV_004,32
DEV_004_2024-11-06 16:00:00,2024-11-06 16:00:00,DEV_004,83
DEV_004_2024-11-06 18:00:00,2024-11-06 18:00:00,DEV_004,67
DEV_004_2024-11-06 20:00:00,2024-11-06 20:00:00,DEV_004,30
DEV_004_2024-11-06 22:00:00,2024-11-06 22:00:00,DEV_004,1
DEV_004_2024-11-07 00:00:00,2024-11-07 00:00:00,DEV_004,58
DEV_004_2024-11-07 02:00:00,2024-11-07 02:00:00,DEV_004,18
DEV_004_2024-11-07 04:00:00,2024-11-07 04:00:00,DEV_004,60
DEV_004_2024-11-07 06:00:00,2024-11-07 06:00:00,DEV_004,92
DEV_004_2024-11-07 08:00:00,2024-11-07 08:00:00,DEV_004,49
DEV_004_2024-11-07 10:00:00,2024-11-07 10:00:00,DEV_004,68
DEV_004_2024-11-07 12:00:00,2024-11-07 12:00:00,DEV_004,96
DEV_004_2024-11-07 14:00:00,2024-11-07 14:00:00,DEV_004,80
DEV_004_2024-11-07 16:00:00,2024-11-07 16:00:00,DEV_004,84
DEV_004_2024-11-07 18:00:00,2024-11-07 18:00:00,DEV_004,71
DEV_004_2024-11-07 20:00:00,2024-11-07 20:00:00,DEV_004,16
DEV_004_2024-11-07 22:00:00,2024-11-07 22:00:00,DEV_004,99
DEV_004_2024-11-08 00:00:00,2024-11-08 00:00:00,DEV_004,6
DEV_004_2024-11-08 02:00:00,2024-11-08 02:00:00,DEV_004,55
DEV_004_2024-11-08 04:00:00,2024-11-08 04:00:00,DEV_004,53
DEV_004_2024-11-08 06:00:00,2024-11-08 06:00:00,DEV_004,54
DEV_004_2024-11-08 08:00:00,2024-11-08 08:00:00,DEV_004,16
DEV_004_2024-11-08 10:00:00,2024-11-08 10:00:00,DEV_004,67
DEV_004_2024-11-08 12:00:00,2024-11-08 12:00:00,DEV_004,35
DEV_004_2024-11-08 14:00:00,2024-11-08 14:00:00,DEV_004,49
DEV_004_2024-11-08 16:00:00,2024-11-08 16:00:00,DEV_004,93
DEV_004_2024-11-08 18:00:00,2024-11-08 18:00:00,DEV_004,35
DEV_004_2024-11-08 20:00:00,2024-11-08 20:00:00,DEV_004,92
DEV_004_2024-11-08 22:00:00,2024-11-08 22:00:00,DEV_004,77
DEV_004_2024-11-09 00:00:00,2024-11-09 00:00:00,DEV_004,40
DEV_004_2024-11-09 02:00:00,2024-11-09 02:00:00,DEV_004,56
DEV_004_2024-11-09 04:00:00,2024-11-09 04:00:00,DEV_004,68
DEV_004_2024-11-09 06:00:00,2024-11-09 06:00:00,DEV_004,96
DEV_004_2024-11-09 08:00:00,2024-11-09 08:00:00,DEV_004,60
DEV_004_2024-11-09 10:00:00,2024-11-09 10:00:00,DEV_004,84
DEV_004_2024-11-09 12:00:00,2024-11-09 12:00:00,DEV_004,4
DEV_004_2024-11-09 14:00:00,2024-11-09 14:00:00,DEV_004,72
DEV_004_2024-11-09 16:00:00,2024-11-09 16:00:00,DEV_004,94
DEV_004_2024-11-09 18:00:00,2024-11-09 18:00:00,DEV_004,82
DEV_004_2024-11-09 20:00:00,2024-11-09 20:00:00,DEV_004,98
DEV_004_2024-11-09 22:00:00,2024-11-09 22:00:00,DEV_004,71
DEV_004_2024-11-10 00:00:00,2024-11-10 00:00:00,DEV_004,13
DEV_004_2024-11-10 02:00:00,2024-11-10 02:00:00,DEV_004,84
DEV_004_2024-11-10 04:00:00,2024-11-10 04:00:00,DEV_004,91
DEV_004_2024-11-10 06:00:00,2024-11-10 06:00:00,DEV_004,50
DEV_004_2024-11-10 08:00:00,2024-11-10 08:00:00,DEV_004,73
DEV_004_2024-11-10 10:00:00,2024-11-10 10:00:00,DEV_004,40
DEV_004_2024-11-10 12:00:00,2024-11-10 12:00:00,DEV_004,38
DEV_004_2024-11-10 14:00:00,2024-11-10 14:00:00,DEV_004,82
DEV_004_2024-11-10 16:00:00,2024-11-10 16:00:00,DEV_004,54
DEV_004_2024-11-10 18:00:00,2024-11-10 18:00:00,DEV_004,42
DEV_004_2024-11-10 20:00:00,2024-11-10 20:00:00,DEV_004,69
DEV_004_2024-11-10 22:00:00,2024-11-10 22:00:00,DEV_004,27
DEV_004_2024-11-11 00:00:00,2024-11-11 00:00:00,DEV_004,10
DEV_004_2024-11-11 02:00:00,2024-11-11 02:00:00,DEV_004,17
DEV_004_2024-11-11 04:00:00,2024-11-11 04:00:00,DEV_004,54
DEV_004_2024-11-11 06:00:00,2024-11-11 06:00:00,DEV_004,15
DEV_004_2024-11-11 08:00:00,2024-11-11 08:00:00,DEV_004,80
DEV_004_2024-11-11 10:00:00,2024-11-11 10:00:00,DEV_004,68
DEV_004_2024-11-11 12:00:00,2024-11-11 12:00:00,DEV_004,55
DEV_004_2024-11-11 14:00:00,2024-11-11 14:00:00,DEV_004,58
DEV_004_2024-11-11 16:00:00,2024-11-11 16:00:00,DEV_004,85
DEV_004_2024-11-11 18:00:00,2024-11-11 18:00:00,DEV_004,79
DEV_004_2024-11-11 20:00:00,2024-11-11 20:00:00,DEV_004,93
DEV_004_2024-11-11 22:00:00,2024-11-11 22:00:00,DEV_004,98
DEV_004_2024-11-12 00:00:00,2024-11-12 00:00:00,DEV_004,43
DEV_004_2024-11-12 02:00:00,2024-11-12 02:00:00,DEV_004,26
DEV_004_2024-11-12 04:00:00,2024-11-12 04:00:00,DEV_004,72
DEV_004_2024-11-12 06:00:00,2024-11-12 06:00:00,DEV_004,66
DEV_004_2024-11-12 08:00:00,2024-11-12 08:00:00,DEV_004,54
DEV_004_2024-11-12 10:00:00,2024-11-12 10:00:00,DEV_004,88
DEV_004_2024-11-12 12:00:00,2024-11-12 12:00:00,DEV_004,61
DEV_004_2024-11-12 14:00:00,2024-11-12 14:00:00,DEV_004,82
DEV_004_2024-11-12 16:00:00,2024-11-12 16:00:00,DEV_004,82
DEV_004_2024-11-12 18:00:00,2024-11-12 18:00:00,DEV_004,73
DEV_004_2024-11-12 20:00:00,2024-11-12 20:00:00,DEV_004,78
DEV_004_2024-11-12 22:00:00,2024-11-12 22:00:00,DEV_004,19
DEV_004_2024-11-13 00:00:00,2024-11-13 00:00:00,DEV_004,77
DEV_004_2024-11-13 02:00:00,2024-11-13 02:00:00,DEV_004,59
DEV_004_2024-11-13 04:00:00,2024-11-13 04:00:00,DEV_004,78
DEV_004_2024-11-13 06:00:00,2024-11-13 06:00:00,DEV_004,52
DEV_004_2024-11-13 08:00:00,2024-11-13 08:00:00,DEV_004,80
DEV_004_2024-11-13 10:00:00,2024-11-13 10:00:00,DEV_004,65
DEV_004_2024-11-13 12:00:00,2024-11-13 12:00:00,DEV_004,91
DEV_004_2024-11-13 14:00:00,2024-11-13 14:00:00,DEV_004,65
DEV_004_2024-11-13 16:00:00,2024-11-13 16:00:00,DEV_004,83
DEV_004_2024-11-13 18:00:00,2024-11-13 18:00:00,DEV_004,93
DEV_004_2024-11-13 20:00:00,2024-11-13 20:00:00,DEV_004,13
DEV_004_2024-11-13 22:00:00,2024-11-13 22:00:00,DEV_004,83
DEV_004_2024-11-14 00:00:00,2024-11-14 00:00:00,DEV_004,85
DEV_004_2024-11-14 02:00:00,2024-11-14 02:00:00,DEV_004,23
DEV_004_2024-11-14 04:00:00,2024-11-14 04:00:00,DEV_004,26
DEV_004_2024-11-14 06:00:00,2024-11-14 06:00:00,DEV_004,93
DEV_004_2024-11-14 08:00:00,2024-11-14 08:00:00,DEV_004,8
DEV_004_2024-11-14 10:00:00,2024-11-14 10:00:00,DEV_004,78
DEV_004_2024-11-14 12:00:00,2024-11-14 12:00:00,DEV_004,28
DEV_004_2024-11-14 14:00:00,2024-11-14 14:00:00,DEV_004,62
DEV_004_2024-11-14 16:00:00,2024-11-14 16:00:00,DEV_004,89
DEV_004_2024-11-14 18:00:00,2024-11-14 18:00:00,DEV_004,61
DEV_004_2024-11-14 20:00:00,2024-11-14 20:00:00,DEV_004,18
DEV_004_2024-11-14 22:00:00,2024-11-14 22:00:00,DEV_004,4
DEV_004_2024-11-15 00:00:00,2024-11-15 00:00:00,DEV_004,33
DEV_004_2024-11-15 02:00:00,2024-11-15 02:00:00,DEV_004,67
DEV_004_2024-11-15 04:00:00,2024-11-15 04:00:00,DEV_004,61
DEV_004_2024-11-15 06:00:00,2024-11-15 06:00:00,DEV_004,52
DEV_004_2024-11-15 08:00:00,2024-11-15 08:00:00,DEV_004,46
DEV_004_2024-11-15 10:00:00,2024-11-15 10:00:00,DEV_004,63
DEV_004_2024-11-15 12:00:00,2024-11-15 12:00:00,DEV_004,25
DEV_004_2024-11-15 14:00:00,2024-11-15 14:00:00,DEV_004,85
DEV_004_2024-11-15 16:00:00,2024-11-15 16:00:00,DEV_004,69
DEV_004_2024-11-15 18:00:00,2024-11-15 18:00:00,DEV_004,10
DEV_004_2024-11-15 20:00:00,2024-11-15 20:00:00,DEV_004,76
DEV_004_2024-11-15 22:00:00,2024-11-15 22:00:00,DEV_004,72
DEV_004_2024-11-16 00:00:00,2024-11-16 00:00:00,DEV_004,62
DEV_004_2024-11-16 02:00:00,2024-11-16 02:00:00,DEV_004,42
DEV_004_2024-11-16 04:00:00,2024-11-16 04:00:00,DEV_004,10
DEV_004_2024-11-16 06:00:00,2024-11-16 06:00:00,DEV_004,43
DEV_004_2024-11-16 08:00:00,2024-11-16 08:00:00,DEV_004,12
DEV_004_2024-11-16 10:00:00,2024-11-16 10:00:00,DEV_004,7
DEV_004_2024-11-16 12:00:00,2024-11-16 12:00:00,DEV_004,90
DEV_004_2024-11-16 14:00:00,2024-11-16 14:00:00,DEV_004,75
DEV_004_2024-11-16 16:00:00,2024-11-16 16:00:00,DEV_004,88
DEV_004_2024-11-16 18:00:00,2024-11-16 18:00:00,DEV_004,96
DEV_004_2024-11-16 20:00:00,2024-11-16 20:00:00,DEV_004,88
DEV_004_2024-11-16 22:00:00,2024-11-16 22:00:00,DEV_004,84
DEV_004_2024-11-17 00:00:00,2024-11-17 00:00:00,DEV_004,13
DEV_004_2024-11-17 02:00:00,2024-11-17 02:00:00,DEV_004,26
DEV_004_2024-11-17 04:00:00,2024-11-17 04:00:00,DEV_004,79
DEV_004_2024-11-17 06:00:00,2024-11-17 06:00:00,DEV_004,14
DEV_004_2024-11-17 08:00:00,2024-11-17 08:00:00,DEV_004,97
DEV_004_2024-11-17 10:00:00,2024-11-17 10:00:00,DEV_004,28
DEV_004_2024-11-17 12:00:00,2024-11-17 12:00:00,DEV_004,81
DEV_004_2024-11-17 14:00:00,2024-11-17 14:00:00,DEV_004,31
DEV_004_2024-11-17 16:00:00,2024-11-17 16:00:00,DEV_004,92
DEV_004_2024-11-17 18:00:00,2024-11-17 18:00:00,DEV_004,17
DEV_004_2024-11-17 20:00:00,2024-11-17 20:00:00,DEV_004,47
DEV_004_2024-11-17 22:00:00,2024-11-17 22:00:00,DEV_004,28
DEV_004_2024-11-18 00:00:00,2024-11-18 00:00:00,DEV_004,46
DEV_004_2024-11-18 02:00:00,2024-11-18 02:00:00,DEV_004,69
DEV_004_2024-11-18 04:00:00,2024-11-18 04:00:00,DEV_004,80
DEV_004_2024-11-18 06:00:00,2024-11-18 06:00:00,DEV_004,58
DEV_004_2024-11-18 08:00:00,2024-11-18 08:00:00,DEV_004,20
DEV_004_2024-11-18 10:00:00,2024-11-18 10:00:00,DEV_004,27
DEV_004_2024-11-18 12:00:00,2024-11-18 12:00:00,DEV_004,16
DEV_004_2024-11-18 14:00:00,2024-11-18 14:00:00,DEV_004,19
DEV_004_2024-11-18 16:00:00,2024-11-18 16:00:00,DEV_004,79
DEV_004_2024-11-18 18:00:00,2024-11-18 18:00:00,DEV_004,52
DEV_004_2024-11-18 20:00:00,2024-11-18 20:00:00,DEV_004,92
DEV_004_2024-11-18 22:00:00,2024-11-18 22:00:00,DEV_004,69
DEV_004_2024-11-19 00:00:00,2024-11-19 00:00:00,DEV_004,34
DEV_004_2024-11-19 02:00:00,2024-11-19 02:00:00,DEV_004,21
DEV_004_2024-11-19 04:00:00,2024-11-19 04:00:00,DEV_004,78
DEV_004_2024-11-19 06:00:00,2024-11-19 06:00:00,DEV_004,74
DEV_004_2024-11-19 08:00:00,2024-11-19 08:00:00,DEV_004,6
DEV_004_2024-11-19 10:00:00,2024-11-19 10:00:00,DEV_004,53
DEV_004_2024-11-19 12:00:00,2024-11-19 12:00:00,DEV_004,66
DEV_004_2024-11-19 14:00:00,2024-11-19 14:00:00,DEV_004,9
DEV_004_2024-11-19 16:00:00,2024-11-19 16:00:00,DEV_004,25
DEV_004_2024-11-19 18:00:00,2024-11-19 18:00:00,DEV_004,64
DEV_004_2024-11-19 20:00:00,2024-11-19 20:00:00,DEV_004,98
DEV_004_2024-11-19 22:00:00,2024-11-19 22:00:00,DEV_004,31
DEV_004_2024-11-20 00:00:00,2024-11-20 00:00:00,DEV_004,78
DEV_004_2024-11-20 02:00:00,2024-11-20 02:00:00,DEV_004,3
DEV_004_2024-11-20 04:00:00,2024-11-20 04:00:00,DEV_004,97
DEV_004_2024-11-20 06:00:00,2024-11-20 06:00:00,DEV_004,6
DEV_004_2024-11-20 08:00:00,2024-11-20 08:00:00,DEV_004,46
DEV_004_2024-11-20 10:00:00,2024-11-20 10:00:00,DEV_004,66
DEV_004_2024-11-20 12:00:00,2024-11-20 12:00:00,DEV_004,70
DEV_004_2024-11-20 14:00:00,2024-11-20 14:00:00,DEV_004,58
DEV_004_2024-11-20 16:00:00,2024-11-20 16:00:00,DEV_004,65
DEV_004_2024-11-20 18:00:00,2024-11-20 18:00:00,DEV_004,25
DEV_004_2024-11-20 20:00:00,2024-11-20 20:00:00,DEV_004,89
DEV_004_2024-11-20 22:00:00,2024-11-20 22:00:00,DEV_004,34
DEV_004_2024-11-21 00:00:00,2024-11-21 00:00:00,DEV_004,91
DEV_004_2024-11-21 02:00:00,2024-11-21 02:00:00,DEV_004,36
DEV_004_2024-11-21 04:00:00,2024-11-21 04:00:00,DEV_004,37
DEV_004_2024-11-21 06:00:00,2024-11-21 06:00:00,DEV_004,91
DEV_004_2024-11-21 08:00:00,2024-11-21 08:00:00,DEV_004,32
DEV_004_2024-11-21 10:00:00,2024-11-21 10:00:00,DEV_004,90
DEV_004_2024-11-21 12:00:00,2024-11-21 12:00:00,DEV_004,61
DEV_004_2024-11-21 14:00:00,2024-11-21 14:00:00,DEV_004,50
DEV_004_2024-11-21 16:00:00,2024-11-21 16:00:00,DEV_004,77
DEV_004_2024-11-21 18:00:00,2024-11-21 18:00:00,DEV_004,49
DEV_004_2024-11-21 20:00:00,2024-11-21 20:00:00,DEV_004,66
DEV_004_2024-11-21 22:00:00,2024-11-21 22:00:00,DEV_004,56
DEV_004_2024-11-22 00:00:00,2024-11-22 00:00:00,DEV_004,37
DEV_004_2024-11-22 02:00:00,2024-11-22 02:00:00,DEV_004,59
DEV_004_2024-11-22 04:00:00,2024-11-22 04:00:00,DEV_004,69
DEV_004_2024-11-22 06:00:00,2024-11-22 06:00:00,DEV_004,26
DEV_004_2024-11-22 08:00:00,2024-11-22 08:00:00,DEV_004,43
DEV_004_2024-11-22 10:00:00,2024-11-22 10:00:00,DEV_004,88
DEV_004_2024-11-22 12:00:00,2024-11-22 12:00:00,DEV_004,23
DEV_004_2024-11-22 14:00:00,2024-11-22 14:00:00,DEV_004,94
DEV_004_2024-11-22 16:00:00,2024-11-22 16:00:00,DEV_004,60
DEV_004_2024-11-22 18:00:00,2024-11-22 18:00:00,DEV_004,92
DEV_004_2024-11-22 20:00:00,2024-11-22 20:00:00,DEV_004,21
DEV_004_2024-11-22 22:00:00,2024-11-22 22:00:00,DEV_004,45
DEV_004_2024-11-23 00:00:00,2024-11-23 00:00:00,DEV_004,15
DEV_004_2024-11-23 02:00:00,2024-11-23 02:00:00,DEV_004,64
DEV_004_2024-11-23 04:00:00,2024-11-23 04:00:00,DEV_004,17
DEV_004_2024-11-23 06:00:00,2024-11-23 06:00:00,DEV_004,44
DEV_004_2024-11-23 08:00:00,2024-11-23 08:00:00,DEV_004,27
DEV_004_2024-11-23 10:00:00,2024-11-23 10:00:00,DEV_004,35
DEV_004_2024-11-23 12:00:00,2024-11-23 12:00:00,DEV_004,13
DEV_004_2024-11-23 14:00:00,2024-11-23 14:00:00,DEV_004,98
DEV_004_2024-11-23 16:00:00,2024-11-23 16:00:00,DEV_004,68
DEV_004_2024-11-23 18:00:00,2024-11-23 18:00:00,DEV_004,74
DEV_004_2024-11-23 20:00:00,2024-11-23 20:00:00,DEV_004,41
DEV_004_2024-11-23 22:00:00,2024-11-23 22:00:00,DEV_004,10
DEV_004_2024-11-24 00:00:00,2024-11-24 00:00:00,DEV_004,60
DEV_004_2024-11-24 02:00:00,2024-11-24 02:00:00,DEV_004,1
DEV_004_2024-11-24 04:00:00,2024-11-24 04:00:00,DEV_004,10
DEV_004_2024-11-24 06:00:00,2024-11-24 06:00:00,DEV_004,69
DEV_004_2024-11-24 08:00:00,2024-11-24 08:00:00,DEV_004,40
DEV_004_2024-11-24 10:00:00,2024-11-24 10:00:00,DEV_004,35
DEV_004_2024-11-24 12:00:00,2024-11-24 12:00:00,DEV_004,66
DEV_004_2024-11-24 14:00:00,2024-11-24 14:00:00,DEV_004,42
DEV_004_2024-11-24 16:00:00,2024-11-24 16:00:00,DEV_004,10
DEV_004_2024-11-24 18:00:00,2024-11-24 18:00:00,DEV_004,31
DEV_004_2024-11-24 20:00:00,2024-11-24 20:00:00,DEV_004,79
DEV_004_2024-11-24 22:00:00,2024-11-24 22:00:00,DEV_004,9
DEV_004_2024-11-25 00:00:00,2024-11-25 00:00:00,DEV_004,83
DEV_004_2024-11-25 02:00:00,2024-11-25 02:00:00,DEV_004,74
DEV_004_2024-11-25 04:00:00,2024-11-25 04:00:00,DEV_004,18
DEV_004_2024-11-25 06:00:00,2024-11-25 06:00:00,DEV_004,44
DEV_004_2024-11-25 08:00:00,2024-11-25 08:00:00,DEV_004,60
DEV_004_2024-11-25 10:00:00,2024-11-25 10:00:00,DEV_004,30
DEV_004_2024-11-25 12:00:00,2024-11-25 12:00:00,DEV_004,67
DEV_004_2024-11-25 14:00:00,2024-11-25 14:00:00,DEV_004,30
DEV_004_2024-11-25 16:00:00,2024-11-25 16:00:00,DEV_004,40
DEV_004_2024-11-25 18:00:00,2024-11-25 18:00:00,DEV_004,58
DEV_004_2024-11-25 20:00:00,2024-11-25 20:00:00,DEV_004,56
DEV_004_2024-11-25 22:00:00,2024-11-25 22:00:00,DEV_004,25
DEV_004_2024-11-26 00:00:00,2024-11-26 00:00:00,DEV_004,84
DEV_004_2024-11-26 02:00:00,2024-11-26 02:00:00,DEV_004,96
DEV_004_2024-11-26 04:00:00,2024-11-26 04:00:00,DEV_004,46
DEV_004_2024-11-26 06:00:00,2024-11-26 06:00:00,DEV_004,33
DEV_004_2024-11-26 08:00:00,2024-11-26 08:00:00,DEV_004,68
DEV_004_2024-11-26 10:00:00,2024-11-26 10:00:00,DEV_004,85
DEV_004_2024-11-26 12:00:00,2024-11-26 12:00:00,DEV_004,88
DEV_004_2024-11-26 14:00:00,2024-11-26 14:00:00,DEV_004,41
DEV_004_2024-11-26 16:00:00,2024-11-26 16:00:00,DEV_004,32
DEV_004_2024-11-26 18:00:00,2024-11-26 18:00:00,DEV_004,65
DEV_004_2024-11-26 20:00:00,2024-11-26 20:00:00,DEV_004,92
DEV_004_2024-11-26 22:00:00,2024-11-26 22:00:00,DEV_004,67
DEV_004_2024-11-27 00:00:00,2024-11-27 00:00:00,DEV_004,48
DEV_004_2024-11-27 02:00:00,2024-11-27 02:00:00,DEV_004,4
DEV_004_2024-11-27 04:00:00,2024-11-27 04:00:00,DEV_004,3
DEV_004_2024-11-27 06:00:00,2024-11-27 06:00:00,DEV_004,40
DEV_004_2024-11-27 08:00:00,2024-11-27 08:00:00,DEV_004,69
DEV_004_2024-11-27 10:00:00,2024-11-27 10:00:00,DEV_004,7
DEV_004_2024-11-27 12:00:00,2024-11-27 12:00:00,DEV_004,72
DEV_004_2024-11-27 14:00:00,2024-11-27 14:00:00,DEV_004,86
DEV_004_2024-11-27 16:00:00,2024-11-27 16:00:00,DEV_004,93
DEV_004_2024-11-27 18:00:00,2024-11-27 18:00:00,DEV_004,11
DEV_004_2024-11-27 20:00:00,2024-11-27 20:00:00,DEV_004,44
DEV_004_2024-11-27 22:00:00,2024-11-27 22:00:00,DEV_004,81
DEV_004_2024-11-28 00:00:00,2024-11-28 00:00:00,DEV_004,87
DEV_004_2024-11-28 02:00:00,2024-11-28 02:00:00,DEV_004,4
DEV_004_2024-11-28 04:00:00,2024-11-28 04:00:00,DEV_004,26
DEV_004_2024-11-28 06:00:00,2024-11-28 06:00:00,DEV_004,50
DEV_004_2024-11-28 08:00:00,2024-11-28 08:00:00,DEV_004,40
DEV_004_2024-11-28 10:00:00,2024-11-28 10:00:00,DEV_004,7
DEV_004_2024-11-28 12:00:00,2024-11-28 12:00:00,DEV_004,62
DEV_004_2024-11-28 14:00:00,2024-11-28 14:00:00,DEV_004,78
DEV_004_2024-11-28 16:00:00,2024-11-28 16:00:00,DEV_004,21
DEV_004_2024-11-28 18:00:00,2024-11-28 18:00:00,DEV_004,86
DEV_004_2024-11-28 20:00:00,2024-11-28 20:00:00,DEV_004,82
DEV_004_2024-11-28 22:00:00,2024-11-28 22:00:00,DEV_004,93
DEV_004_2024-11-29 00:00:00,2024-11-29 00:00:00,DEV_004,33
DEV_004_2024-11-29 02:00:00,2024-11-29 02:00:00,DEV_004,91
DEV_004_2024-11-29 04:00:00,2024-11-29 04:00:00,DEV_004,36
DEV_004_2024-11-29 06:00:00,2024-11-29 06:00:00,DEV_004,45
DEV_004_2024-11-29 08:00:00,2024-11-29 08:00:00,DEV_004,34
DEV_004_2024-11-29 10:00:00,2024-11-29 10:00:00,DEV_004,67
DEV_004_2024-11-29 12:00:00,2024-11-29 12:00:00,DEV_004,97
DEV_004_2024-11-29 14:00:00,2024-11-29 14:00:00,DEV_004,32
DEV_004_2024-11-29 16:00:00,2024-11-29 16:00:00,DEV_004,99
DEV_004_2024-11-29 18:00:00,2024-11-29 18:00:00,DEV_004,36
DEV_004_2024-11-29 20:00:00,2024-11-29 20:00:00,DEV_004,36
DEV_004_2024-11-29 22:00:00,2024-11-29 22:00:00,DEV_004,56
DEV_004_2024-11-30 00:00:00,2024-11-30 00:00:00,DEV_004,48
DEV_004_2024-11-30 02:00:00,2024-11-30 02:00:00,DEV_004,98
DEV_004_2024-11-30 04:00:00,2024-11-30 04:00:00,DEV_004,58
DEV_004_2024-11-30 06:00:00,2024-11-30 06:00:00,DEV_004,6
DEV_004_2024-11-30 08:00:00,2024-11-30 08:00:00,DEV_004,95
DEV_004_2024-11-30 10:00:00,2024-11-30 10:00:00,DEV_004,60
DEV_004_2024-11-30 12:00:00,2024-11-30 12:00:00,DEV_004,70
DEV_004_2024-11-30 14:00:00,2024-11-30 14:00:00,DEV_004,5
DEV_004_2024-11-30 16:00:00,2024-11-30 16:00:00,DEV_004,84
DEV_004_2024-11-30 18:00:00,2024-11-30 18:00:00,DEV_004,18
DEV_004_2024-11-30 20:00:00,2024-11-30 20:00:00,DEV_004,62
DEV_004_2024-11-30 22:00:00,2024-11-30 22:00:00,DEV_004,98
DEV_004_2024-12-01 00:00:00,2024-12-01 00:00:00,DEV_004,27
DEV_004_2024-12-01 02:00:00,2024-12-01 02:00:00,DEV_004,78
DEV_004_2024-12-01 04:00:00,2024-12-01 04:00:00,DEV_004,13
DEV_004_2024-12-01 06:00:00,2024-12-01 06:00:00,DEV_004,71
DEV_004_2024-12-01 08:00:00,2024-12-01 08:00:00,DEV_004,52
DEV_004_2024-12-01 10:00:00,2024-12-01 10:00:00,DEV_004,50
DEV_004_2024-12-01 12:00:00,2024-12-01 12:00:00,DEV_004,68
DEV_004_2024-12-01 14:00:00,2024-12-01 14:00:00,DEV_004,89
DEV_004_2024-12-01 16:00:00,2024-12-01 16:00:00,DEV_004,98
DEV_004_2024-12-01 18:00:00,2024-12-01 18:00:00,DEV_004,39
DEV_004_2024-12-01 20:00:00,2024-12-01 20:00:00,DEV_004,56
DEV_004_2024-12-01 22:00:00,2024-12-01 22:00:00,DEV_004,28
DEV_004_2024-12-02 00:00:00,2024-12-02 00:00:00,DEV_004,32
DEV_004_2024-12-02 02:00:00,2024-12-02 02:00:00,DEV_004,94
DEV_004_2024-12-02 04:00:00,2024-12-02 04:00:00,DEV_004,76
DEV_004_2024-12-02 06:00:00,2024-12-02 06:00:00,DEV_004,28
DEV_004_2024-12-02 08:00:00,2024-12-02 08:00:00,DEV_004,2
DEV_004_2024-12-02 10:00:00,2024-12-02 10:00:00,DEV_004,36
DEV_004_2024-12-02 12:00:00,2024-12-02 12:00:00,DEV_004,74
DEV_004_2024-12-02 14:00:00,2024-12-02 14:00:00,DEV_004,77
DEV_004_2024-12-02 16:00:00,2024-12-02 16:00:00,DEV_004,72
DEV_004_2024-12-02 18:00:00,2024-12-02 18:00:00,DEV_004,83
DEV_004_2024-12-02 20:00:00,2024-12-02 20:00:00,DEV_004,3
DEV_004_2024-12-02 22:00:00,2024-12-02 22:00:00,DEV_004,65
DEV_004_2024-12-03 00:00:00,2024-12-03 00:00:00,DEV_004,19
DEV_004_2024-12-03 02:00:00,2024-12-03 02:00:00,DEV_004,15
DEV_004_2024-12-03 04:00:00,2024-12-03 04:00:00,DEV_004,97
DEV_004_2024-12-03 06:00:00,2024-12-03 06:00:00,DEV_004,60
DEV_004_2024-12-03 08:00:00,2024-12-03 08:00:00,DEV_004,45
DEV_004_2024-12-03 10:00:00,2024-12-03 10:00:00,DEV_004,42
DEV_004_2024-12-03 12:00:00,2024-12-03 12:00:00,DEV_004,89
DEV_004_2024-12-03 14:00:00,2024-12-03 14:00:00,DEV_004,62
DEV_004_2024-12-03 16:00:00,2024-12-03 16:00:00,DEV_004,40
DEV_004_2024-12-03 18:00:00,2024-12-03 18:00:00,DEV_004,43
DEV_004_2024-12-03 20:00:00,2024-12-03 20:00:00,DEV_004,81
DEV_004_2024-12-03 22:00:00,2024-12-03 22:00:00,DEV_004,65
DEV_004_2024-12-04 00:00:00,2024-12-04 00:00:00,DEV_004,21
DEV_004_2024-12-04 02:00:00,2024-12-04 02:00:00,DEV_004,25
DEV_004_2024-12-04 04:00:00,2024-12-04 04:00:00,DEV_004,14
DEV_004_2024-12-04 06:00:00,2024-12-04 06:00:00,DEV_004,83
DEV_004_2024-12-04 08:00:00,2024-12-04 08:00:00,DEV_004,66
DEV_004_2024-12-04 10:00:00,2024-12-04 10:00:00,DEV_004,89
DEV_004_2024-12-04 12:00:00,2024-12-04 12:00:00,DEV_004,80
DEV_004_2024-12-04 14:00:00,2024-12-04 14:00:00,DEV_004,46
DEV_004_2024-12-04 16:00:00,2024-12-04 16:00:00,DEV_004,88
DEV_004_2024-12-04 18:00:00,2024-12-04 18:00:00,DEV_004,83
DEV_004_2024-12-04 20:00:00,2024-12-04 20:00:00,DEV_004,37
DEV_004_2024-12-04 22:00:00,2024-12-04 22:00:00,DEV_004,38
DEV_004_2024-12-05 00:00:00,2024-12-05 00:00:00,DEV_004,52
DEV_004_2024-12-05 02:00:00,2024-12-05 02:00:00,DEV_004,40
DEV_004_2024-12-05 04:00:00,2024-12-05 04:00:00,DEV_004,34
DEV_004_2024-12-05 06:00:00,2024-12-05 06:00:00,DEV_004,41
DEV_004_2024-12-05 08:00:00,2024-12-05 08:00:00,DEV_004,9
DEV_004_2024-12-05 10:00:00,2024-12-05 10:00:00,DEV_004,94
DEV_004_2024-12-05 12:00:00,2024-12-05 12:00:00,DEV_004,5
DEV_004_2024-12-05 14:00:00,2024-12-05 14:00:00,DEV_004,7
DEV_004_2024-12-05 16:00:00,2024-12-05 16:00:00,DEV_004,81
DEV_004_2024-12-05 18:00:00,2024-12-05 18:00:00,DEV_004,54
DEV_004_2024-12-05 20:00:00,2024-12-05 20:00:00,DEV_004,27
DEV_004_2024-12-05 22:00:00,2024-12-05 22:00:00,DEV_004,48
DEV_004_2024-12-06 00:00:00,2024-12-06 00:00:00,DEV_004,42
DEV_004_2024-12-06 02:00:00,2024-12-06 02:00:00,DEV_004,82
DEV_004_2024-12-06 04:00:00,2024-12-06 04:00:00,DEV_004,98
DEV_004_2024-12-06 06:00:00,2024-12-06 06:00:00,DEV_004,17
DEV_004_2024-12-06 08:00:00,2024-12-06 08:00:00,DEV_004,80
DEV_004_2024-12-06 10:00:00,2024-12-06 10:00:00,DEV_004,29
DEV_004_2024-12-06 12:00:00,2024-12-06 12:00:00,DEV_004,13
DEV_004_2024-12-06 14:00:00,2024-12-06 14:00:00,DEV_004,7
DEV_004_2024-12-06 16:00:00,2024-12-06 16:00:00,DEV_004,35
DEV_004_2024-12-06 18:00:00,2024-12-06 18:00:00,DEV_004,38
DEV_004_2024-12-06 20:00:00,2024-12-06 20:00:00,DEV_004,90
DEV_004_2024-12-06 22:00:00,2024-12-06 22:00:00,DEV_004,85
DEV_004_2024-12-07 00:00:00,2024-12-07 00:00:00,DEV_004,3
DEV_004_2024-12-07 02:00:00,2024-12-07 02:00:00,DEV_004,25
DEV_004_2024-12-07 04:00:00,2024-12-07 04:00:00,DEV_004,9
DEV_004_2024-12-07 06:00:00,2024-12-07 06:00:00,DEV_004,10
DEV_004_2024-12-07 08:00:00,2024-12-07 08:00:00,DEV_004,26
DEV_004_2024-12-07 10:00:00,2024-12-07 10:00:00,DEV_004,96
DEV_004_2024-12-07 12:00:00,2024-12-07 12:00:00,DEV_004,78
DEV_004_2024-12-07 14:00:00,2024-12-07 14:00:00,DEV_004,58
DEV_004_2024-12-07 16:00:00,2024-12-07 16:00:00,DEV_004,22
DEV_004_2024-12-07 18:00:00,2024-12-07 18:00:00,DEV_004,47
DEV_004_2024-12-07 20:00:00,2024-12-07 20:00:00,DEV_004,42
DEV_004_2024-12-07 22:00:00,2024-12-07 22:00:00,DEV_004,43
DEV_004_2024-12-08 00:00:00,2024-12-08 00:00:00,DEV_004,97
DEV_004_2024-12-08 02:00:00,2024-12-08 02:00:00,DEV_004,81
DEV_004_2024-12-08 04:00:00,2024-12-08 04:00:00,DEV_004,34
DEV_004_2024-12-08 06:00:00,2024-12-08 06:00:00,DEV_004,9
DEV_004_2024-12-08 08:00:00,2024-12-08 08:00:00,DEV_004,8
DEV_004_2024-12-08 10:00:00,2024-12-08 10:00:00,DEV_004,86
DEV_004_2024-12-08 12:00:00,2024-12-08 12:00:00,DEV_004,21
DEV_004_2024-12-08 14:00:00,2024-12-08 14:00:00,DEV_004,65
DEV_004_2024-12-08 16:00:00,2024-12-08 16:00:00,DEV_004,2
DEV_004_2024-12-08 18:00:00,2024-12-08 18:00:00,DEV_004,15
DEV_004_2024-12-08 20:00:00,2024-12-08 20:00:00,DEV_004,40
DEV_004_2024-12-08 22:00:00,2024-12-08 22:00:00,DEV_004,1
DEV_004_2024-12-09 00:00:00,2024-12-09 00:00:00,DEV_004,94
DEV_004_2024-12-09 02:00:00,2024-12-09 02:00:00,DEV_004,22
DEV_004_2024-12-09 04:00:00,2024-12-09 04:00:00,DEV_004,16
DEV_004_2024-12-09 06:00:00,2024-12-09 06:00:00,DEV_004,95
DEV_004_2024-12-09 08:00:00,2024-12-09 08:00:00,DEV_004,86
DEV_004_2024-12-09 10:00:00,2024-12-09 10:00:00,DEV_004,52
DEV_004_2024-12-09 12:00:00,2024-12-09 12:00:00,DEV_004,85
DEV_004_2024-12-09 14:00:00,2024-12-09 14:00:00,DEV_004,22
DEV_004_2024-12-09 16:00:00,2024-12-09 16:00:00,DEV_004,59
DEV_004_2024-12-09 18:00:00,2024-12-09 18:00:00,DEV_004,21
DEV_004_2024-12-09 20:00:00,2024-12-09 20:00:00,DEV_004,98
DEV_004_2024-12-09 22:00:00,2024-12-09 22:00:00,DEV_004,94
DEV_004_2024-12-10 00:00:00,2024-12-10 00:00:00,DEV_004,44
DEV_004_2024-12-10 02:00:00,2024-12-10 02:00:00,DEV_004,52
DEV_004_2024-12-10 04:00:00,2024-12-10 04:00:00,DEV_004,62
DEV_004_2024-12-10 06:00:00,2024-12-10 06:00:00,DEV_004,78
DEV_004_2024-12-10 08:00:00,2024-12-10 08:00:00,DEV_004,36
DEV_004_2024-12-10 10:00:00,2024-12-10 10:00:00,DEV_004,77
DEV_004_2024-12-10 12:00:00,2024-12-10 12:00:00,DEV_004,8
DEV_004_2024-12-10 14:00:00,2024-12-10 14:00:00,DEV_004,84
DEV_004_2024-12-10 16:00:00,2024-12-10 16:00:00,DEV_004,53
DEV_004_2024-12-10 18:00:00,2024-12-10 18:00:00,DEV_004,36
DEV_004_2024-12-10 20:00:00,2024-12-10 20:00:00,DEV_004,92
DEV_004_2024-12-10 22:00:00,2024-12-10 22:00:00,DEV_004,74
DEV_004_2024-12-11 00:00:00,2024-12-11 00:00:00,DEV_004,16
DEV_004_2024-12-11 02:00:00,2024-12-11 02:00:00,DEV_004,21
DEV_004_2024-12-11 04:00:00,2024-12-11 04:00:00,DEV_004,80
DEV_004_2024-12-11 06:00:00,2024-12-11 06:00:00,DEV_004,60
DEV_004_2024-12-11 08:00:00,2024-12-11 08:00:00,DEV_004,27
DEV_004_2024-12-11 10:00:00,2024-12-11 10:00:00,DEV_004,86
DEV_004_2024-12-11 12:00:00,2024-12-11 12:00:00,DEV_004,24
DEV_004_2024-12-11 14:00:00,2024-12-11 14:00:00,DEV_004,28
DEV_004_2024-12-11 16:00:00,2024-12-11 16:00:00,DEV_004,97
DEV_004_2024-12-11 18:00:00,2024-12-11 18:00:00,DEV_004,49
DEV_004_2024-12-11 20:00:00,2024-12-11 20:00:00,DEV_004,20
DEV_004_2024-12-11 22:00:00,2024-12-11 22:00:00,DEV_004,49
DEV_004_2024-12-12 00:00:00,2024-12-12 00:00:00,DEV_004,24
DEV_004_2024-12-12 02:00:00,2024-12-12 02:00:00,DEV_004,71
DEV_004_2024-12-12 04:00:00,2024-12-12 04:00:00,DEV_004,65
DEV_004_2024-12-12 06:00:00,2024-12-12 06:00:00,DEV_004,83
DEV_004_2024-12-12 08:00:00,2024-12-12 08:00:00,DEV_004,43
DEV_004_2024-12-12 10:00:00,2024-12-12 10:00:00,DEV_004,73
DEV_004_2024-12-12 12:00:00,2024-12-12 12:00:00,DEV_004,6
DEV_004_2024-12-12 14:00:00,2024-12-12 14:00:00,DEV_004,7
DEV_004_2024-12-12 16:00:00,2024-12-12 16:00:00,DEV_004,6
DEV_004_2024-12-12 18:00:00,2024-12-12 18:00:00,DEV_004,20
DEV_004_2024-12-12 20:00:00,2024-12-12 20:00:00,DEV_004,65
DEV_004_2024-12-12 22:00:00,2024-12-12 22:00:00,DEV_004,45
DEV_004_2024-12-13 00:00:00,2024-12-13 00:00:00,DEV_004,20
DEV_004_2024-12-13 02:00:00,2024-12-13 02:00:00,DEV_004,65
DEV_004_2024-12-13 04:00:00,2024-12-13 04:00:00,DEV_004,13
DEV_004_2024-12-13 06:00:00,2024-12-13 06:00:00,DEV_004,36
DEV_004_2024-12-13 08:00:00,2024-12-13 08:00:00,DEV_004,61
DEV_004_2024-12-13 10:00:00,2024-12-13 10:00:00,DEV_004,7
DEV_004_2024-12-13 12:00:00,2024-12-13 12:00:00,DEV_004,96
DEV_004_2024-12-13 14:00:00,2024-12-13 14:00:00,DEV_004,68
DEV_004_2024-12-13 16:00:00,2024-12-13 16:00:00,DEV_004,5
DEV_004_2024-12-13 18:00:00,2024-12-13 18:00:00,DEV_004,55
DEV_004_2024-12-13 20:00:00,2024-12-13 20:00:00,DEV_004,19
DEV_004_2024-12-13 22:00:00,2024-12-13 22:00:00,DEV_004,3
DEV_004_2024-12-14 00:00:00,2024-12-14 00:00:00,DEV_004,25
DEV_004_2024-12-14 02:00:00,2024-12-14 02:00:00,DEV_004,8
DEV_004_2024-12-14 04:00:00,2024-12-14 04:00:00,DEV_004,89
DEV_004_2024-12-14 06:00:00,2024-12-14 06:00:00,DEV_004,36
DEV_004_2024-12-14 08:00:00,2024-12-14 08:00:00,DEV_004,73
DEV_004_2024-12-14 10:00:00,2024-12-14 10:00:00,DEV_004,36
DEV_004_2024-12-14 12:00:00,2024-12-14 12:00:00,DEV_004,46
DEV_004_2024-12-14 14:00:00,2024-12-14 14:00:00,DEV_004,11
DEV_004_2024-12-14 16:00:00,2024-12-14 16:00:00,DEV_004,51
DEV_004_2024-12-14 18:00:00,2024-12-14 18:00:00,DEV_004,34
DEV_004_2024-12-14 20:00:00,2024-12-14 20:00:00,DEV_004,95
DEV_004_2024-12-14 22:00:00,2024-12-14 22:00:00,DEV_004,60
DEV_004_2024-12-15 00:00:00,2024-12-15 00:00:00,DEV_004,29
DEV_004_2024-12-15 02:00:00,2024-12-15 02:00:00,DEV_004,20
DEV_004_2024-12-15 04:00:00,2024-12-15 04:00:00,DEV_004,8
DEV_004_2024-12-15 06:00:00,2024-12-15 06:00:00,DEV_004,76
DEV_004_2024-12-15 08:00:00,2024-12-15 08:00:00,DEV_004,5
DEV_004_2024-12-15 10:00:00,2024-12-15 10:00:00,DEV_004,59
DEV_004_2024-12-15 12:00:00,2024-12-15 12:00:00,DEV_004,9
DEV_004_2024-12-15 14:00:00,2024-12-15 14:00:00,DEV_004,40
DEV_004_2024-12-15 16:00:00,2024-12-15 16:00:00,DEV_004,16
DEV_004_2024-12-15 18:00:00,2024-12-15 18:00:00,DEV_004,87
DEV_004_2024-12-15 20:00:00,2024-12-15 20:00:00,DEV_004,73
DEV_004_2024-12-15 22:00:00,2024-12-15 22:00:00,DEV_004,36
DEV_004_2024-12-16 00:00:00,2024-12-16 00:00:00,DEV_004,82
DEV_004_2024-12-16 02:00:00,2024-12-16 02:00:00,DEV_004,43
DEV_004_2024-12-16 04:00:00,2024-12-16 04:00:00,DEV_004,4
DEV_004_2024-12-16 06:00:00,2024-12-16 06:00:00,DEV_004,79
DEV_004_2024-12-16 08:00:00,2024-12-16 08:00:00,DEV_004,46
DEV_004_2024-12-16 10:00:00,2024-12-16 10:00:00,DEV_004,6
DEV_004_2024-12-16 12:00:00,2024-12-16 12:00:00,DEV_004,78
DEV_004_2024-12-16 14:00:00,2024-12-16 14:00:00,DEV_004,84
DEV_004_2024-12-16 16:00:00,2024-12-16 16:00:00,DEV_004,31
DEV_004_2024-12-16 18:00:00,2024-12-16 18:00:00,DEV_004,64
DEV_004_2024-12-16 20:00:00,2024-12-16 20:00:00,DEV_004,68
DEV_004_2024-12-16 22:00:00,2024-12-16 22:00:00,DEV_004,78
DEV_004_2024-12-17 00:00:00,2024-12-17 00:00:00,DEV_004,24
DEV_004_2024-12-17 02:00:00,2024-12-17 02:00:00,DEV_004,6
DEV_004_2024-12-17 04:00:00,2024-12-17 04:00:00,DEV_004,13
DEV_004_2024-12-17 06:00:00,2024-12-17 06:00:00,DEV_004,65
DEV_004_2024-12-17 08:00:00,2024-12-17 08:00:00,DEV_004,44
DEV_004_2024-12-17 10:00:00,2024-12-17 10:00:00,DEV_004,4
DEV_004_2024-12-17 12:00:00,2024-12-17 12:00:00,DEV_004,35
DEV_004_2024-12-17 14:00:00,2024-12-17 14:00:00,DEV_004,36
DEV_004_2024-12-17 16:00:00,2024-12-17 16:00:00,DEV_004,48
DEV_004_2024-12-17 18:00:00,2024-12-17 18:00:00,DEV_004,58
DEV_004_2024-12-17 20:00:00,2024-12-17 20:00:00,DEV_004,33
DEV_004_2024-12-17 22:00:00,2024-12-17 22:00:00,DEV_004,2
DEV_004_2024-12-18 00:00:00,2024-12-18 00:00:00,DEV_004,89
DEV_004_2024-12-18 02:00:00,2024-12-18 02:00:00,DEV_004,84
DEV_004_2024-12-18 04:00:00,2024-12-18 04:00:00,DEV_004,44
DEV_004_2024-12-18 06:00:00,2024-12-18 06:00:00,DEV_004,19
DEV_004_2024-12-18 08:00:00,2024-12-18 08:00:00,DEV_004,10
DEV_004_2024-12-18 10:00:00,2024-12-18 10:00:00,DEV_004,75
DEV_004_2024-12-18 12:00:00,2024-12-18 12:00:00,DEV_004,3
DEV_004_2024-12-18 14:00:00,2024-12-18 14:00:00,DEV_004,78
DEV_004_2024-12-18 16:00:00,2024-12-18 16:00:00,DEV_004,68
DEV_004_2024-12-18 18:00:00,2024-12-18 18:00:00,DEV_004,38
DEV_004_2024-12-18 20:00:00,2024-12-18 20:00:00,DEV_004,85
DEV_004_2024-12-18 22:00:00,2024-12-18 22:00:00,DEV_004,73
DEV_004_2024-12-19 00:00:00,2024-12-19 00:00:00,DEV_004,80
DEV_004_2024-12-19 02:00:00,2024-12-19 02:00:00,DEV_004,94
DEV_004_2024-12-19 04:00:00,2024-12-19 04:00:00,DEV_004,70
DEV_004_2024-12-19 06:00:00,2024-12-19 06:00:00,DEV_004,35
DEV_004_2024-12-19 08:00:00,2024-12-19 08:00:00,DEV_004,8
DEV_004_2024-12-19 10:00:00,2024-12-19 10:00:00,DEV_004,64
DEV_004_2024-12-19 12:00:00,2024-12-19 12:00:00,DEV_004,96
DEV_004_2024-12-19 14:00:00,2024-12-19 14:00:00,DEV_004,49
DEV_004_2024-12-19 16:00:00,2024-12-19 16:00:00,DEV_004,48
DEV_004_2024-12-19 18:00:00,2024-12-19 18:00:00,DEV_004,11
DEV_004_2024-12-19 20:00:00,2024-12-19 20:00:00,DEV_004,79
DEV_004_2024-12-19 22:00:00,2024-12-19 22:00:00,DEV_004,43
DEV_004_2024-12-20 00:00:00,2024-12-20 00:00:00,DEV_004,70
DEV_004_2024-12-20 02:00:00,2024-12-20 02:00:00,DEV_004,22
DEV_004_2024-12-20 04:00:00,2024-12-20 04:00:00,DEV_004,89
DEV_004_2024-12-20 06:00:00,2024-12-20 06:00:00,DEV_004,69
DEV_004_2024-12-20 08:00:00,2024-12-20 08:00:00,DEV_004,80
DEV_004_2024-12-20 10:00:00,2024-12-20 10:00:00,DEV_004,67
DEV_004_2024-12-20 12:00:00,2024-12-20 12:00:00,DEV_004,30
DEV_004_2024-12-20 14:00:00,2024-12-20 14:00:00,DEV_004,50
DEV_004_2024-12-20 16:00:00,2024-12-20 16:00:00,DEV_004,97
DEV_004_2024-12-20 18:00:00,2024-12-20 18:00:00,DEV_004,81
DEV_004_2024-12-20 20:00:00,2024-12-20 20:00:00,DEV_004,83
DEV_004_2024-12-20 22:00:00,2024-12-20 22:00:00,DEV_004,1
DEV_004_2024-12-21 00:00:00,2024-12-21 00:00:00,DEV_004,33
DEV_004_2024-12-21 02:00:00,2024-12-21 02:00:00,DEV_004,80
DEV_004_2024-12-21 04:00:00,2024-12-21 04:00:00,DEV_004,63
DEV_004_2024-12-21 06:00:00,2024-12-21 06:00:00,DEV_004,30
DEV_004_2024-12-21 08:00:00,2024-12-21 08:00:00,DEV_004,56
DEV_004_2024-12-21 10:00:00,2024-12-21 10:00:00,DEV_004,48
DEV_004_2024-12-21 12:00:00,2024-12-21 12:00:00,DEV_004,59
DEV_004_2024-12-21 14:00:00,2024-12-21 14:00:00,DEV_004,5
DEV_004_2024-12-21 16:00:00,2024-12-21 16:00:00,DEV_004,24
DEV_004_2024-12-21 18:00:00,2024-12-21 18:00:00,DEV_004,60
DEV_004_2024-12-21 20:00:00,2024-12-21 20:00:00,DEV_004,34
DEV_004_2024-12-21 22:00:00,2024-12-21 22:00:00,DEV_004,59
DEV_004_2024-12-22 00:00:00,2024-12-22 00:00:00,DEV_004,90
DEV_004_2024-12-22 02:00:00,2024-12-22 02:00:00,DEV_004,14
DEV_004_2024-12-22 04:00:00,2024-12-22 04:00:00,DEV_004,56
DEV_004_2024-12-22 06:00:00,2024-12-22 06:00:00,DEV_004,79
DEV_004_2024-12-22 08:00:00,2024-12-22 08:00:00,DEV_004,16
DEV_004_2024-12-22 10:00:00,2024-12-22 10:00:00,DEV_004,54
DEV_004_2024-12-22 12:00:00,2024-12-22 12:00:00,DEV_004,94
DEV_004_2024-12-22 14:00:00,2024-12-22 14:00:00,DEV_004,57
DEV_004_2024-12-22 16:00:00,2024-12-22 16:00:00,DEV_004,61
DEV_004_2024-12-22 18:00:00,2024-12-22 18:00:00,DEV_004,28
DEV_004_2024-12-22 20:00:00,2024-12-22 20:00:00,DEV_004,44
DEV_004_2024-12-22 22:00:00,2024-12-22 22:00:00,DEV_004,61
DEV_004_2024-12-23 00:00:00,2024-12-23 00:00:00,DEV_004,7
DEV_004_2024-12-23 02:00:00,2024-12-23 02:00:00,DEV_004,45
DEV_004_2024-12-23 04:00:00,2024-12-23 04:00:00,DEV_004,27
DEV_004_2024-12-23 06:00:00,2024-12-23 06:00:00,DEV_004,61
DEV_004_2024-12-23 08:00:00,2024-12-23 08:00:00,DEV_004,11
DEV_004_2024-12-23 10:00:00,2024-12-23 10:00:00,DEV_004,96
DEV_004_2024-12-23 12:00:00,2024-12-23 12:00:00,DEV_004,21
DEV_004_2024-12-23 14:00:00,2024-12-23 14:00:00,DEV_004,82
DEV_004_2024-12-23 16:00:00,2024-12-23 16:00:00,DEV_004,40
DEV_004_2024-12-23 18:00:00,2024-12-23 18:00:00,DEV_004,44
DEV_004_2024-12-23 20:00:00,2024-12-23 20:00:00,DEV_004,3
DEV_004_2024-12-23 22:00:00,2024-12-23 22:00:00,DEV_004,56
DEV_004_2024-12-24 00:00:00,2024-12-24 00:00:00,DEV_004,43
DEV_004_2024-12-24 02:00:00,2024-12-24 02:00:00,DEV_004,29
DEV_004_2024-12-24 04:00:00,2024-12-24 04:00:00,DEV_004,14
DEV_004_2024-12-24 06:00:00,2024-12-24 06:00:00,DEV_004,89
DEV_004_2024-12-24 08:00:00,2024-12-24 08:00:00,DEV_004,19
DEV_004_2024-12-24 10:00:00,2024-12-24 10:00:00,DEV_004,41
DEV_004_2024-12-24 12:00:00,2024-12-24 12:00:00,DEV_004,81
DEV_004_2024-12-24 14:00:00,2024-12-24 14:00:00,DEV_004,81
DEV_004_2024-12-24 16:00:00,2024-12-24 16:00:00,DEV_004,26
DEV_004_2024-12-24 18:00:00,2024-12-24 18:00:00,DEV_004,92
DEV_004_2024-12-24 20:00:00,2024-12-24 20:00:00,DEV_004,94
DEV_004_2024-12-24 22:00:00,2024-12-24 22:00:00,DEV_004,28
DEV_004_2024-12-25 00:00:00,2024-12-25 00:00:00,DEV_004,79
DEV_004_2024-12-25 02:00:00,2024-12-25 02:00:00,DEV_004,45
DEV_004_2024-12-25 04:00:00,2024-12-25 04:00:00,DEV_004,17
DEV_004_2024-12-25 06:00:00,2024-12-25 06:00:00,DEV_004,73
DEV_004_2024-12-25 08:00:00,2024-12-25 08:00:00,DEV_004,92
DEV_004_2024-12-25 10:00:00,2024-12-25 10:00:00,DEV_004,83
DEV_004_2024-12-25 12:00:00,2024-12-25 12:00:00,DEV_004,32
DEV_004_2024-12-25 14:00:00,2024-12-25 14:00:00,DEV_004,9
DEV_004_2024-12-25 16:00:00,2024-12-25 16:00:00,DEV_004,29
DEV_004_2024-12-25 18:00:00,2024-12-25 18:00:00,DEV_004,12
DEV_004_2024-12-25 20:00:00,2024-12-25 20:00:00,DEV_004,24
DEV_004_2024-12-25 22:00:00,2024-12-25 22:00:00,DEV_004,38
DEV_004_2024-12-26 00:00:00,2024-12-26 00:00:00,DEV_004,5
DEV_004_2024-12-26 02:00:00,2024-12-26 02:00:00,DEV_004,33
DEV_004_2024-12-26 04:00:00,2024-12-26 04:00:00,DEV_004,68
DEV_004_2024-12-26 06:00:00,2024-12-26 06:00:00,DEV_004,71
DEV_004_2024-12-26 08:00:00,2024-12-26 08:00:00,DEV_004,96
DEV_004_2024-12-26 10:00:00,2024-12-26 10:00:00,DEV_004,90
DEV_004_2024-12-26 12:00:00,2024-12-26 12:00:00,DEV_004,67
DEV_004_2024-12-26 14:00:00,2024-12-26 14:00:00,DEV_004,24
DEV_004_2024-12-26 16:00:00,2024-12-26 16:00:00,DEV_004,70
DEV_004_2024-12-26 18:00:00,2024-12-26 18:00:00,DEV_004,35
DEV_004_2024-12-26 20:00:00,2024-12-26 20:00:00,DEV_004,30
DEV_004_2024-12-26 22:00:00,2024-12-26 22:00:00,DEV_004,29
DEV_004_2024-12-27 00:00:00,2024-12-27 00:00:00,DEV_004,51
DEV_004_2024-12-27 02:00:00,2024-12-27 02:00:00,DEV_004,73
DEV_004_2024-12-27 04:00:00,2024-12-27 04:00:00,DEV_004,12
DEV_004_2024-12-27 06:00:00,2024-12-27 06:00:00,DEV_004,47
DEV_004_2024-12-27 08:00:00,2024-12-27 08:00:00,DEV_004,13
DEV_004_2024-12-27 10:00:00,2024-12-27 10:00:00,DEV_004,6
DEV_004_2024-12-27 12:00:00,2024-12-27 12:00:00,DEV_004,93
DEV_004_2024-12-27 14:00:00,2024-12-27 14:00:00,DEV_004,21
DEV_004_2024-12-27 16:00:00,2024-12-27 16:00:00,DEV_004,34
DEV_004_2024-12-27 18:00:00,2024-12-27 18:00:00,DEV_004,51
DEV_004_2024-12-27 20:00:00,2024-12-27 20:00:00,DEV_004,88
DEV_004_2024-12-27 22:00:00,2024-12-27 22:00:00,DEV_004,11
DEV_004_2024-12-28 00:00:00,2024-12-28 00:00:00,DEV_004,93
DEV_004_2024-12-28 02:00:00,2024-12-28 02:00:00,DEV_004,46
DEV_004_2024-12-28 04:00:00,2024-12-28 04:00:00,DEV_004,7
DEV_004_2024-12-28 06:00:00,2024-12-28 06:00:00,DEV_004,24
DEV_004_2024-12-28 08:00:00,2024-12-28 08:00:00,DEV_004,48
DEV_004_2024-12-28 10:00:00,2024-12-28 10:00:00,DEV_004,27
DEV_004_2024-12-28 12:00:00,2024-12-28 12:00:00,DEV_004,56
DEV_004_2024-12-28 14:00:00,2024-12-28 14:00:00,DEV_004,46
DEV_004_2024-12-28 16:00:00,2024-12-28 16:00:00,DEV_004,59
DEV_004_2024-12-28 18:00:00,2024-12-28 18:00:00,DEV_004,26
DEV_004_2024-12-28 20:00:00,2024-12-28 20:00:00,DEV_004,34
DEV_004_2024-12-28 22:00:00,2024-12-28 22:00:00,DEV_004,55
DEV_004_2024-12-29 00:00:00,2024-12-29 00:00:00,DEV_004,86
DEV_004_2024-12-29 02:00:00,2024-12-29 02:00:00,DEV_004,58
DEV_004_2024-12-29 04:00:00,2024-12-29 04:00:00,DEV_004,66
DEV_004_2024-12-29 06:00:00,2024-12-29 06:00:00,DEV_004,36
DEV_004_2024-12-29 08:00:00,2024-12-29 08:00:00,DEV_004,74
DEV_004_2024-12-29 10:00:00,2024-12-29 10:00:00,DEV_004,95
DEV_004_2024-12-29 12:00:00,2024-12-29 12:00:00,DEV_004,11
DEV_004_2024-12-29 14:00:00,2024-12-29 14:00:00,DEV_004,39
DEV_004_2024-12-29 16:00:00,2024-12-29 16:00:00,DEV_004,23
DEV_004_2024-12-29 18:00:00,2024-12-29 18:00:00,DEV_004,68
DEV_004_2024-12-29 20:00:00,2024-12-29 20:00:00,DEV_004,7
DEV_004_2024-12-29 22:00:00,2024-12-29 22:00:00,DEV_004,91
DEV_005_2024-09-01 00:00:00,2024-09-01 00:00:00,DEV_005,36
DEV_005_2024-09-01 04:00:00,2024-09-01 04:00:00,DEV_005,27
DEV_005_2024-09-01 08:00:00,2024-09-01 08:00:00,DEV_005,38
DEV_005_2024-09-01 12:00:00,2024-09-01 12:00:00,DEV_005,25
DEV_005_2024-09-01 16:00:00,2024-09-01 16:00:00,DEV_005,98
DEV_005_2024-09-01 20:00:00,2024-09-01 20:00:00,DEV_005,16
DEV_005_2024-09-02 00:00:00,2024-09-02 00:00:00,DEV_005,90
DEV_005_2024-09-02 04:00:00,2024-09-02 04:00:00,DEV_005,36
DEV_005_2024-09-02 08:00:00,2024-09-02 08:00:00,DEV_005,67
DEV_005_2024-09-02 12:00:00,2024-09-02 12:00:00,DEV_005,99
DEV_005_2024-09-02 16:00:00,2024-09-02 16:00:00,DEV_005,36
DEV_005_2024-09-02 20:00:00,2024-09-02 20:00:00,DEV_005,93
DEV_005_2024-09-03 00:00:00,2024-09-03 00:00:00,DEV_005,22
DEV_005_2024-09-03 04:00:00,2024-09-03 04:00:00,DEV_005,95
DEV_005_2024-09-03 08:00:00,2024-09-03 08:00:00,DEV_005,18
DEV_005_2024-09-03 12:00:00,2024-09-03 12:00:00,DEV_005,61
DEV_005_2024-09-03 16:00:00,2024-09-03 16:00:00,DEV_005,53
DEV_005_2024-09-03 20:00:00,2024-09-03 20:00:00,DEV_005,80
DEV_005_2024-09-04 00:00:00,2024-09-04 00:00:00,DEV_005,73
DEV_005_2024-09-04 04:00:00,2024-09-04 04:00:00,DEV_005,52
DEV_005_2024-09-04 08:00:00,2024-09-04 08:00:00,DEV_005,29
DEV_005_2024-09-04 12:00:00,2024-09-04 12:00:00,DEV_005,66
DEV_005_2024-09-04 16:00:00,2024-09-04 16:00:00,DEV_005,47
DEV_005_2024-09-04 20:00:00,2024-09-04 20:00:00,DEV_005,6
DEV_005_2024-09-05 00:00:00,2024-09-05 00:00:00,DEV_005,86
DEV_005_2024-09-05 04:00:00,2024-09-05 04:00:00,DEV_005,41
DEV_005_2024-09-05 08:00:00,2024-09-05 08:00:00,DEV_005,53
DEV_005_2024-09-05 12:00:00,2024-09-05 12:00:00,DEV_005,63
DEV_005_2024-09-05 16:00:00,2024-09-05 16:00:00,DEV_005,8
DEV_005_2024-09-05 20:00:00,2024-09-05 20:00:00,DEV_005,3
DEV_005_2024-09-06 00:00:00,2024-09-06 00:00:00,DEV_005,92
DEV_005_2024-09-06 04:00:00,2024-09-06 04:00:00,DEV_005,28
DEV_005_2024-09-06 08:00:00,2024-09-06 08:00:00,DEV_005,49
DEV_005_2024-09-06 12:00:00,2024-09-06 12:00:00,DEV_005,67
DEV_005_2024-09-06 16:00:00,2024-09-06 16:00:00,DEV_005,60
DEV_005_2024-09-06 20:00:00,2024-09-06 20:00:00,DEV_005,66
DEV_005_2024-09-07 00:00:00,2024-09-07 00:00:00,DEV_005,80
DEV_005_2024-09-07 04:00:00,2024-09-07 04:00:00,DEV_005,77
DEV_005_2024-09-07 08:00:00,2024-09-07 08:00:00,DEV_005,94
DEV_005_2024-09-07 12:00:00,2024-09-07 12:00:00,DEV_005,6
DEV_005_2024-09-07 16:00:00,2024-09-07 16:00:00,DEV_005,25
DEV_005_2024-09-07 20:00:00,2024-09-07 20:00:00,DEV_005,45
DEV_005_2024-09-08 00:00:00,2024-09-08 00:00:00,DEV_005,73
DEV_005_2024-09-08 04:00:00,2024-09-08 04:00:00,DEV_005,13
DEV_005_2024-09-08 08:00:00,2024-09-08 08:00:00,DEV_005,60
DEV_005_2024-09-08 12:00:00,2024-09-08 12:00:00,DEV_005,26
DEV_005_2024-09-08 16:00:00,2024-09-08 16:00:00,DEV_005,1
DEV_005_2024-09-08 20:00:00,2024-09-08 20:00:00,DEV_005,38
DEV_005_2024-09-09 00:00:00,2024-09-09 00:00:00,DEV_005,99
DEV_005_2024-09-09 04:00:00,2024-09-09 04:00:00,DEV_005,20
DEV_005_2024-09-09 08:00:00,2024-09-09 08:00:00,DEV_005,28
DEV_005_2024-09-09 12:00:00,2024-09-09 12:00:00,DEV_005,13
DEV_005_2024-09-09 16:00:00,2024-09-09 16:00:00,DEV_005,69
DEV_005_2024-09-09 20:00:00,2024-09-09 20:00:00,DEV_005,81
DEV_005_2024-09-10 00:00:00,2024-09-10 00:00:00,DEV_005,54
DEV_005_2024-09-10 04:00:00,2024-09-10 04:00:00,DEV_005,26
DEV_005_2024-09-10 08:00:00,2024-09-10 08:00:00,DEV_005,9
DEV_005_2024-09-10 12:00:00,2024-09-10 12:00:00,DEV_005,82
DEV_005_2024-09-10 16:00:00,2024-09-10 16:00:00,DEV_005,4
DEV_005_2024-09-10 20:00:00,2024-09-10 20:00:00,DEV_005,33
DEV_005_2024-09-11 00:00:00,2024-09-11 00:00:00,DEV_005,32
DEV_005_2024-09-11 04:00:00,2024-09-11 04:00:00,DEV_005,38
DEV_005_2024-09-11 08:00:00,2024-09-11 08:00:00,DEV_005,18
DEV_005_2024-09-11 12:00:00,2024-09-11 12:00:00,DEV_005,25
DEV_005_2024-09-11 16:00:00,2024-09-11 16:00:00,DEV_005,69
DEV_005_2024-09-11 20:00:00,2024-09-11 20:00:00,DEV_005,96
DEV_005_2024-09-12 00:00:00,2024-09-12 00:00:00,DEV_005,32
DEV_005_2024-09-12 04:00:00,2024-09-12 04:00:00,DEV_005,97
DEV_005_2024-09-12 08:00:00,2024-09-12 08:00:00,DEV_005,61
DEV_005_2024-09-12 12:00:00,2024-09-12 12:00:00,DEV_005,17
DEV_005_2024-09-12 16:00:00,2024-09-12 16:00:00,DEV_005,33
DEV_005_2024-09-12 20:00:00,2024-09-12 20:00:00,DEV_005,21
DEV_005_2024-09-13 00:00:00,2024-09-13 00:00:00,DEV_005,84
DEV_005_2024-09-13 04:00:00,2024-09-13 04:00:00,DEV_005,42
DEV_005_2024-09-13 08:00:00,2024-09-13 08:00:00,DEV_005,2
DEV_005_2024-09-13 12:00:00,2024-09-13 12:00:00,DEV_005,15
DEV_005_2024-09-13 16:00:00,2024-09-13 16:00:00,DEV_005,41
DEV_005_2024-09-13 20:00:00,2024-09-13 20:00:00,DEV_005,33
DEV_005_2024-09-14 00:00:00,2024-09-14 00:00:00,DEV_005,60
DEV_005_2024-09-14 04:00:00,2024-09-14 04:00:00,DEV_005,6
DEV_005_2024-09-14 08:00:00,2024-09-14 08:00:00,DEV_005,93
DEV_005_2024-09-14 12:00:00,2024-09-14 12:00:00,DEV_005,6
DEV_005_2024-09-14 16:00:00,2024-09-14 16:00:00,DEV_005,91
DEV_005_2024-09-14 20:00:00,2024-09-14 20:00:00,DEV_005,99
DEV_005_2024-09-15 00:00:00,2024-09-15 00:00:00,DEV_005,9
DEV_005_2024-09-15 04:00:00,2024-09-15 04:00:00,DEV_005,83
DEV_005_2024-09-15 08:00:00,2024-09-15 08:00:00,DEV_005,26
DEV_005_2024-09-15 12:00:00,2024-09-15 12:00:00,DEV_005,82
DEV_005_2024-09-15 16:00:00,2024-09-15 16:00:00,DEV_005,16
DEV_005_2024-09-15 20:00:00,2024-09-15 20:00:00,DEV_005,47
DEV_005_2024-09-16 00:00:00,2024-09-16 00:00:00,DEV_005,20
DEV_005_2024-09-16 04:00:00,2024-09-16 04:00:00,DEV_005,31
DEV_005_2024-09-16 08:00:00,2024-09-16 08:00:00,DEV_005,72
DEV_005_2024-09-16 12:00:00,2024-09-16 12:00:00,DEV_005,87
DEV_005_2024-09-16 16:00:00,2024-09-16 16:00:00,DEV_005,92
DEV_005_2024-09-16 20:00:00,2024-09-16 20:00:00,DEV_005,40
DEV_005_2024-09-17 00:00:00,2024-09-17 00:00:00,DEV_005,19
DEV_005_2024-09-17 04:00:00,2024-09-17 04:00:00,DEV_005,50
DEV_005_2024-09-17 08:00:00,2024-09-17 08:00:00,DEV_005,76
DEV_005_2024-09-17 12:00:00,2024-09-17 12:00:00,DEV_005,16
DEV_005_2024-09-17 16:00:00,2024-09-17 16:00:00,DEV_005,79
DEV_005_2024-09-17 20:00:00,2024-09-17 20:00:00,DEV_005,17
DEV_005_2024-09-18 00:00:00,2024-09-18 00:00:00,DEV_005,68
DEV_005_2024-09-18 04:00:00,2024-09-18 04:00:00,DEV_005,84
DEV_005_2024-09-18 08:00:00,2024-09-18 08:00:00,DEV_005,10
DEV_005_2024-09-18 12:00:00,2024-09-18 12:00:00,DEV_005,70
DEV_005_2024-09-18 16:00:00,2024-09-18 16:00:00,DEV_005,94
DEV_005_2024-09-18 20:00:00,2024-09-18 20:00:00,DEV_005,28
DEV_005_2024-09-19 00:00:00,2024-09-19 00:00:00,DEV_005,64
DEV_005_2024-09-19 04:00:00,2024-09-19 04:00:00,DEV_005,66
DEV_005_2024-09-19 08:00:00,2024-09-19 08:00:00,DEV_005,48
DEV_005_2024-09-19 12:00:00,2024-09-19 12:00:00,DEV_005,9
DEV_005_2024-09-19 16:00:00,2024-09-19 16:00:00,DEV_005,93
DEV_005_2024-09-19 20:00:00,2024-09-19 20:00:00,DEV_005,39
DEV_005_2024-09-20 00:00:00,2024-09-20 00:00:00,DEV_005,98
DEV_005_2024-09-20 04:00:00,2024-09-20 04:00:00,DEV_005,65
DEV_005_2024-09-20 08:00:00,2024-09-20 08:00:00,DEV_005,31
DEV_005_2024-09-20 12:00:00,2024-09-20 12:00:00,DEV_005,75
DEV_005_2024-09-20 16:00:00,2024-09-20 16:00:00,DEV_005,84
DEV_005_2024-09-20 20:00:00,2024-09-20 20:00:00,DEV_005,77
DEV_005_2024-09-21 00:00:00,2024-09-21 00:00:00,DEV_005,63
DEV_005_2024-09-21 04:00:00,2024-09-21 04:00:00,DEV_005,2
DEV_005_2024-09-21 08:00:00,2024-09-21 08:00:00,DEV_005,86
DEV_005_2024-09-21 12:00:00,2024-09-21 12:00:00,DEV_005,89
DEV_005_2024-09-21 16:00:00,2024-09-21 16:00:00,DEV_005,46
DEV_005_2024-09-21 20:00:00,2024-09-21 20:00:00,DEV_005,23
DEV_005_2024-09-22 00:00:00,2024-09-22 00:00:00,DEV_005,79
DEV_005_2024-09-22 04:00:00,2024-09-22 04:00:00,DEV_005,94
DEV_005_2024-09-22 08:00:00,2024-09-22 08:00:00,DEV_005,4
DEV_005_2024-09-22 12:00:00,2024-09-22 12:00:00,DEV_005,41
DEV_005_2024-09-22 16:00:00,2024-09-22 16:00:00,DEV_005,58
DEV_005_2024-09-22 20:00:00,2024-09-22 20:00:00,DEV_005,63
DEV_005_2024-09-23 00:00:00,2024-09-23 00:00:00,DEV_005,57
DEV_005_2024-09-23 04:00:00,2024-09-23 04:00:00,DEV_005,91
DEV_005_2024-09-23 08:00:00,2024-09-23 08:00:00,DEV_005,60
DEV_005_2024-09-23 12:00:00,2024-09-23 12:00:00,DEV_005,13
DEV_005_2024-09-23 16:00:00,2024-09-23 16:00:00,DEV_005,40
DEV_005_2024-09-23 20:00:00,2024-09-23 20:00:00,DEV_005,78
DEV_005_2024-09-24 00:00:00,2024-09-24 00:00:00,DEV_005,14
DEV_005_2024-09-24 04:00:00,2024-09-24 04:00:00,DEV_005,24
DEV_005_2024-09-24 08:00:00,2024-09-24 08:00:00,DEV_005,39
DEV_005_2024-09-24 12:00:00,2024-09-24 12:00:00,DEV_005,24
DEV_005_2024-09-24 16:00:00,2024-09-24 16:00:00,DEV_005,3
DEV_005_2024-09-24 20:00:00,2024-09-24 20:00:00,DEV_005,18
DEV_005_2024-09-25 00:00:00,2024-09-25 00:00:00,DEV_005,80
DEV_005_2024-09-25 04:00:00,2024-09-25 04:00:00,DEV_005,89
DEV_005_2024-09-25 08:00:00,2024-09-25 08:00:00,DEV_005,98
DEV_005_2024-09-25 12:00:00,2024-09-25 12:00:00,DEV_005,55
DEV_005_2024-09-25 16:00:00,2024-09-25 16:00:00,DEV_005,71
DEV_005_2024-09-25 20:00:00,2024-09-25 20:00:00,DEV_005,82
DEV_005_2024-09-26 00:00:00,2024-09-26 00:00:00,DEV_005,60
DEV_005_2024-09-26 04:00:00,2024-09-26 04:00:00,DEV_005,64
DEV_005_2024-09-26 08:00:00,2024-09-26 08:00:00,DEV_005,90
DEV_005_2024-09-26 12:00:00,2024-09-26 12:00:00,DEV_005,91
DEV_005_2024-09-26 16:00:00,2024-09-26 16:00:00,DEV_005,99
DEV_005_2024-09-26 20:00:00,2024-09-26 20:00:00,DEV_005,25
DEV_005_2024-09-27 00:00:00,2024-09-27 00:00:00,DEV_005,53
DEV_005_2024-09-27 04:00:00,2024-09-27 04:00:00,DEV_005,85
DEV_005_2024-09-27 08:00:00,2024-09-27 08:00:00,DEV_005,90
DEV_005_2024-09-27 12:00:00,2024-09-27 12:00:00,DEV_005,66
DEV_005_2024-09-27 16:00:00,2024-09-27 16:00:00,DEV_005,92
DEV_005_2024-09-27 20:00:00,2024-09-27 20:00:00,DEV_005,17
DEV_005_2024-09-28 00:00:00,2024-09-28 00:00:00,DEV_005,39
DEV_005_2024-09-28 04:00:00,2024-09-28 04:00:00,DEV_005,24
DEV_005_2024-09-28 08:00:00,2024-09-28 08:00:00,DEV_005,93
DEV_005_2024-09-28 12:00:00,2024-09-28 12:00:00,DEV_005,17
DEV_005_2024-09-28 16:00:00,2024-09-28 16:00:00,DEV_005,75
DEV_005_2024-09-28 20:00:00,2024-09-28 20:00:00,DEV_005,17
DEV_005_2024-09-29 00:00:00,2024-09-29 00:00:00,DEV_005,99
DEV_005_2024-09-29 04:00:00,2024-09-29 04:00:00,DEV_005,10
DEV_005_2024-09-29 08:00:00,2024-09-29 08:00:00,DEV_005,39
DEV_005_2024-09-29 12:00:00,2024-09-29 12:00:00,DEV_005,18
DEV_005_2024-09-29 16:00:00,2024-09-29 16:00:00,DEV_005,33
DEV_005_2024-09-29 20:00:00,2024-09-29 20:00:00,DEV_005,32
DEV_005_2024-09-30 00:00:00,2024-09-30 00:00:00,DEV_005,74
DEV_005_2024-09-30 04:00:00,2024-09-30 04:00:00,DEV_005,45
DEV_005_2024-09-30 08:00:00,2024-09-30 08:00:00,DEV_005,38
DEV_005_2024-09-30 12:00:00,2024-09-30 12:00:00,DEV_005,81
DEV_005_2024-09-30 16:00:00,2024-09-30 16:00:00,DEV_005,3
DEV_005_2024-09-30 20:00:00,2024-09-30 20:00:00,DEV_005,62
DEV_005_2024-10-01 00:00:00,2024-10-01 00:00:00,DEV_005,72
DEV_005_2024-10-01 04:00:00,2024-10-01 04:00:00,DEV_005,81
DEV_005_2024-10-01 08:00:00,2024-10-01 08:00:00,DEV_005,71
DEV_005_2024-10-01 12:00:00,2024-10-01 12:00:00,DEV_005,24
DEV_005_2024-10-01 16:00:00,2024-10-01 16:00:00,DEV_005,60
DEV_005_2024-10-01 20:00:00,2024-10-01 20:00:00,DEV_005,73
DEV_005_2024-10-02 00:00:00,2024-10-02 00:00:00,DEV_005,7
DEV_005_2024-10-02 04:00:00,2024-10-02 04:00:00,DEV_005,83
DEV_005_2024-10-02 08:00:00,2024-10-02 08:00:00,DEV_005,12
DEV_005_2024-10-02 12:00:00,2024-10-02 12:00:00,DEV_005,9
DEV_005_2024-10-02 16:00:00,2024-10-02 16:00:00,DEV_005,76
DEV_005_2024-10-02 20:00:00,2024-10-02 20:00:00,DEV_005,33
DEV_005_2024-10-03 00:00:00,2024-10-03 00:00:00,DEV_005,37
DEV_005_2024-10-03 04:00:00,2024-10-03 04:00:00,DEV_005,86
DEV_005_2024-10-03 08:00:00,2024-10-03 08:00:00,DEV_005,38
DEV_005_2024-10-03 12:00:00,2024-10-03 12:00:00,DEV_005,91
DEV_005_2024-10-03 16:00:00,2024-10-03 16:00:00,DEV_005,19
DEV_005_2024-10-03 20:00:00,2024-10-03 20:00:00,DEV_005,23
DEV_005_2024-10-04 00:00:00,2024-10-04 00:00:00,DEV_005,98
DEV_005_2024-10-04 04:00:00,2024-10-04 04:00:00,DEV_005,65
DEV_005_2024-10-04 08:00:00,2024-10-04 08:00:00,DEV_005,46
DEV_005_2024-10-04 12:00:00,2024-10-04 12:00:00,DEV_005,54
DEV_005_2024-10-04 16:00:00,2024-10-04 16:00:00,DEV_005,5
DEV_005_2024-10-04 20:00:00,2024-10-04 20:00:00,DEV_005,2
DEV_005_2024-10-05 00:00:00,2024-10-05 00:00:00,DEV_005,22
DEV_005_2024-10-05 04:00:00,2024-10-05 04:00:00,DEV_005,13
DEV_005_2024-10-05 08:00:00,2024-10-05 08:00:00,DEV_005,13
DEV_005_2024-10-05 12:00:00,2024-10-05 12:00:00,DEV_005,68
DEV_005_2024-10-05 16:00:00,2024-10-05 16:00:00,DEV_005,84
DEV_005_2024-10-05 20:00:00,2024-10-05 20:00:00,DEV_005,17
DEV_005_2024-10-06 00:00:00,2024-10-06 00:00:00,DEV_005,31
DEV_005_2024-10-06 04:00:00,2024-10-06 04:00:00,DEV_005,36
DEV_005_2024-10-06 08:00:00,2024-10-06 08:00:00,DEV_005,68
DEV_005_2024-10-06 12:00:00,2024-10-06 12:00:00,DEV_005,7
DEV_005_2024-10-06 16:00:00,2024-10-06 16:00:00,DEV_005,59
DEV_005_2024-10-06 20:00:00,2024-10-06 20:00:00,DEV_005,33
DEV_005_2024-10-07 00:00:00,2024-10-07 00:00:00,DEV_005,68
DEV_005_2024-10-07 04:00:00,2024-10-07 04:00:00,DEV_005,26
DEV_005_2024-10-07 08:00:00,2024-10-07 08:00:00,DEV_005,70
DEV_005_2024-10-07 12:00:00,2024-10-07 12:00:00,DEV_005,85
DEV_005_2024-10-07 16:00:00,2024-10-07 16:00:00,DEV_005,34
DEV_005_2024-10-07 20:00:00,2024-10-07 20:00:00,DEV_005,90
DEV_005_2024-10-08 00:00:00,2024-10-08 00:00:00,DEV_005,7
DEV_005_2024-10-08 04:00:00,2024-10-08 04:00:00,DEV_005,89
DEV_005_2024-10-08 08:00:00,2024-10-08 08:00:00,DEV_005,46
DEV_005_2024-10-08 12:00:00,2024-10-08 12:00:00,DEV_005,56
DEV_005_2024-10-08 16:00:00,2024-10-08 16:00:00,DEV_005,15
DEV_005_2024-10-08 20:00:00,2024-10-08 20:00:00,DEV_005,41
DEV_005_2024-10-09 00:00:00,2024-10-09 00:00:00,DEV_005,47
DEV_005_2024-10-09 04:00:00,2024-10-09 04:00:00,DEV_005,92
DEV_005_2024-10-09 08:00:00,2024-10-09 08:00:00,DEV_005,85
DEV_005_2024-10-09 12:00:00,2024-10-09 12:00:00,DEV_005,36
DEV_005_2024-10-09 16:00:00,2024-10-09 16:00:00,DEV_005,66
DEV_005_2024-10-09 20:00:00,2024-10-09 20:00:00,DEV_005,30
DEV_005_2024-10-10 00:00:00,2024-10-10 00:00:00,DEV_005,58
DEV_005_2024-10-10 04:00:00,2024-10-10 04:00:00,DEV_005,19
DEV_005_2024-10-10 08:00:00,2024-10-10 08:00:00,DEV_005,69
DEV_005_2024-10-10 12:00:00,2024-10-10 12:00:00,DEV_005,9
DEV_005_2024-10-10 16:00:00,2024-10-10 16:00:00,DEV_005,62
DEV_005_2024-10-10 20:00:00,2024-10-10 20:00:00,DEV_005,79
DEV_005_2024-10-11 00:00:00,2024-10-11 00:00:00,DEV_005,72
DEV_005_2024-10-11 04:00:00,2024-10-11 04:00:00,DEV_005,45
DEV_005_2024-10-11 08:00:00,2024-10-11 08:00:00,DEV_005,22
DEV_005_2024-10-11 12:00:00,2024-10-11 12:00:00,DEV_005,94
DEV_005_2024-10-11 16:00:00,2024-10-11 16:00:00,DEV_005,49
DEV_005_2024-10-11 20:00:00,2024-10-11 20:00:00,DEV_005,36
DEV_005_2024-10-12 00:00:00,2024-10-12 00:00:00,DEV_005,2
DEV_005_2024-10-12 04:00:00,2024-10-12 04:00:00,DEV_005,97
DEV_005_2024-10-12 08:00:00,2024-10-12 08:00:00,DEV_005,31
DEV_005_2024-10-12 12:00:00,2024-10-12 12:00:00,DEV_005,39
DEV_005_2024-10-12 16:00:00,2024-10-12 16:00:00,DEV_005,26
DEV_005_2024-10-12 20:00:00,2024-10-12 20:00:00,DEV_005,69
DEV_005_2024-10-13 00:00:00,2024-10-13 00:00:00,DEV_005,28
DEV_005_2024-10-13 04:00:00,2024-10-13 04:00:00,DEV_005,7
DEV_005_2024-10-13 08:00:00,2024-10-13 08:00:00,DEV_005,32
DEV_005_2024-10-13 12:00:00,2024-10-13 12:00:00,DEV_005,47
DEV_005_2024-10-13 16:00:00,2024-10-13 16:00:00,DEV_005,11
DEV_005_2024-10-13 20:00:00,2024-10-13 20:00:00,DEV_005,27
DEV_005_2024-10-14 00:00:00,2024-10-14 00:00:00,DEV_005,14
DEV_005_2024-10-14 04:00:00,2024-10-14 04:00:00,DEV_005,7
DEV_005_2024-10-14 08:00:00,2024-10-14 08:00:00,DEV_005,26
DEV_005_2024-10-14 12:00:00,2024-10-14 12:00:00,DEV_005,9
DEV_005_2024-10-14 16:00:00,2024-10-14 16:00:00,DEV_005,87
DEV_005_2024-10-14 20:00:00,2024-10-14 20:00:00,DEV_005,26
DEV_005_2024-10-15 00:00:00,2024-10-15 00:00:00,DEV_005,16
DEV_005_2024-10-15 04:00:00,2024-10-15 04:00:00,DEV_005,79
DEV_005_2024-10-15 08:00:00,2024-10-15 08:00:00,DEV_005,50
DEV_005_2024-10-15 12:00:00,2024-10-15 12:00:00,DEV_005,92
DEV_005_2024-10-15 16:00:00,2024-10-15 16:00:00,DEV_005,92
DEV_005_2024-10-15 20:00:00,2024-10-15 20:00:00,DEV_005,29
DEV_005_2024-10-16 00:00:00,2024-10-16 00:00:00,DEV_005,60
DEV_005_2024-10-16 04:00:00,2024-10-16 04:00:00,DEV_005,41
DEV_005_2024-10-16 08:00:00,2024-10-16 08:00:00,DEV_005,71
DEV_005_2024-10-16 12:00:00,2024-10-16 12:00:00,DEV_005,65
DEV_005_2024-10-16 16:00:00,2024-10-16 16:00:00,DEV_005,57
DEV_005_2024-10-16 20:00:00,2024-10-16 20:00:00,DEV_005,2
DEV_005_2024-10-17 00:00:00,2024-10-17 00:00:00,DEV_005,17
DEV_005_2024-10-17 04:00:00,2024-10-17 04:00:00,DEV_005,19
DEV_005_2024-10-17 08:00:00,2024-10-17 08:00:00,DEV_005,72
DEV_005_2024-10-17 12:00:00,2024-10-17 12:00:00,DEV_005,70
DEV_005_2024-10-17 16:00:00,2024-10-17 16:00:00,DEV_005,70
DEV_005_2024-10-17 20:00:00,2024-10-17 20:00:00,DEV_005,74
DEV_005_2024-10-18 00:00:00,2024-10-18 00:00:00,DEV_005,42
DEV_005_2024-10-18 04:00:00,2024-10-18 04:00:00,DEV_005,52
DEV_005_2024-10-18 08:00:00,2024-10-18 08:00:00,DEV_005,44
DEV_005_2024-10-18 12:00:00,2024-10-18 12:00:00,DEV_005,3
DEV_005_2024-10-18 16:00:00,2024-10-18 16:00:00,DEV_005,83
DEV_005_2024-10-18 20:00:00,2024-10-18 20:00:00,DEV_005,21
DEV_005_2024-10-19 00:00:00,2024-10-19 00:00:00,DEV_005,67
DEV_005_2024-10-19 04:00:00,2024-10-19 04:00:00,DEV_005,12
DEV_005_2024-10-19 08:00:00,2024-10-19 08:00:00,DEV_005,23
DEV_005_2024-10-19 12:00:00,2024-10-19 12:00:00,DEV_005,29
DEV_005_2024-10-19 16:00:00,2024-10-19 16:00:00,DEV_005,57
DEV_005_2024-10-19 20:00:00,2024-10-19 20:00:00,DEV_005,74
DEV_005_2024-10-20 00:00:00,2024-10-20 00:00:00,DEV_005,92
DEV_005_2024-10-20 04:00:00,2024-10-20 04:00:00,DEV_005,93
DEV_005_2024-10-20 08:00:00,2024-10-20 08:00:00,DEV_005,61
DEV_005_2024-10-20 12:00:00,2024-10-20 12:00:00,DEV_005,6
DEV_005_2024-10-20 16:00:00,2024-10-20 16:00:00,DEV_005,91
DEV_005_2024-10-20 20:00:00,2024-10-20 20:00:00,DEV_005,84
DEV_005_2024-10-21 00:00:00,2024-10-21 00:00:00,DEV_005,98
DEV_005_2024-10-21 04:00:00,2024-10-21 04:00:00,DEV_005,52
DEV_005_2024-10-21 08:00:00,2024-10-21 08:00:00,DEV_005,97
DEV_005_2024-10-21 12:00:00,2024-10-21 12:00:00,DEV_005,34
DEV_005_2024-10-21 16:00:00,2024-10-21 16:00:00,DEV_005,15
DEV_005_2024-10-21 20:00:00,2024-10-21 20:00:00,DEV_005,96
DEV_005_2024-10-22 00:00:00,2024-10-22 00:00:00,DEV_005,41
DEV_005_2024-10-22 04:00:00,2024-10-22 04:00:00,DEV_005,66
DEV_005_2024-10-22 08:00:00,2024-10-22 08:00:00,DEV_005,66
DEV_005_2024-10-22 12:00:00,2024-10-22 12:00:00,DEV_005,91
DEV_005_2024-10-22 16:00:00,2024-10-22 16:00:00,DEV_005,43
DEV_005_2024-10-22 20:00:00,2024-10-22 20:00:00,DEV_005,58
DEV_005_2024-10-23 00:00:00,2024-10-23 00:00:00,DEV_005,28
DEV_005_2024-10-23 04:00:00,2024-10-23 04:00:00,DEV_005,66
DEV_005_2024-10-23 08:00:00,2024-10-23 08:00:00,DEV_005,3
DEV_005_2024-10-23 12:00:00,2024-10-23 12:00:00,DEV_005,86
DEV_005_2024-10-23 16:00:00,2024-10-23 16:00:00,DEV_005,22
DEV_005_2024-10-23 20:00:00,2024-10-23 20:00:00,DEV_005,89
DEV_005_2024-10-24 00:00:00,2024-10-24 00:00:00,DEV_005,33
DEV_005_2024-10-24 04:00:00,2024-10-24 04:00:00,DEV_005,95
DEV_005_2024-10-24 08:00:00,2024-10-24 08:00:00,DEV_005,92
DEV_005_2024-10-24 12:00:00,2024-10-24 12:00:00,DEV_005,65
DEV_005_2024-10-24 16:00:00,2024-10-24 16:00:00,DEV_005,82
DEV_005_2024-10-24 20:00:00,2024-10-24 20:00:00,DEV_005,47
DEV_005_2024-10-25 00:00:00,2024-10-25 00:00:00,DEV_005,90
DEV_005_2024-10-25 04:00:00,2024-10-25 04:00:00,DEV_005,80
DEV_005_2024-10-25 08:00:00,2024-10-25 08:00:00,DEV_005,30
DEV_005_2024-10-25 12:00:00,2024-10-25 12:00:00,DEV_005,1
DEV_005_2024-10-25 16:00:00,2024-10-25 16:00:00,DEV_005,65
DEV_005_2024-10-25 20:00:00,2024-10-25 20:00:00,DEV_005,82
DEV_005_2024-10-26 00:00:00,2024-10-26 00:00:00,DEV_005,9
DEV_005_2024-10-26 04:00:00,2024-10-26 04:00:00,DEV_005,47
DEV_005_2024-10-26 08:00:00,2024-10-26 08:00:00,DEV_005,91
DEV_005_2024-10-26 12:00:00,2024-10-26 12:00:00,DEV_005,58
DEV_005_2024-10-26 16:00:00,2024-10-26 16:00:00,DEV_005,19
DEV_005_2024-10-26 20:00:00,2024-10-26 20:00:00,DEV_005,66
DEV_005_2024-10-27 00:00:00,2024-10-27 00:00:00,DEV_005,72
DEV_005_2024-10-27 04:00:00,2024-10-27 04:00:00,DEV_005,93
DEV_005_2024-10-27 08:00:00,2024-10-27 08:00:00,DEV_005,58
DEV_005_2024-10-27 12:00:00,2024-10-27 12:00:00,DEV_005,11
DEV_005_2024-10-27 16:00:00,2024-10-27 16:00:00,DEV_005,86
DEV_005_2024-10-27 20:00:00,2024-10-27 20:00:00,DEV_005,69
DEV_005_2024-10-28 00:00:00,2024-10-28 00:00:00,DEV_005,38
DEV_005_2024-10-28 04:00:00,2024-10-28 04:00:00,DEV_005,98
DEV_005_2024-10-28 08:00:00,2024-10-28 08:00:00,DEV_005,11
DEV_005_2024-10-28 12:00:00,2024-10-28 12:00:00,DEV_005,47
DEV_005_2024-10-28 16:00:00,2024-10-28 16:00:00,DEV_005,94
DEV_005_2024-10-28 20:00:00,2024-10-28 20:00:00,DEV_005,8
DEV_005_2024-10-29 00:00:00,2024-10-29 00:00:00,DEV_005,16
DEV_005_2024-10-29 04:00:00,2024-10-29 04:00:00,DEV_005,94
DEV_005_2024-10-29 08:00:00,2024-10-29 08:00:00,DEV_005,92
DEV_005_2024-10-29 12:00:00,2024-10-29 12:00:00,DEV_005,29
DEV_005_2024-10-29 16:00:00,2024-10-29 16:00:00,DEV_005,57
DEV_005_2024-10-29 20:00:00,2024-10-29 20:00:00,DEV_005,69
DEV_005_2024-10-30 00:00:00,2024-10-30 00:00:00,DEV_005,50
DEV_005_2024-10-30 04:00:00,2024-10-30 04:00:00,DEV_005,78
DEV_005_2024-10-30 08:00:00,2024-10-30 08:00:00,DEV_005,69
DEV_005_2024-10-30 12:00:00,2024-10-30 12:00:00,DEV_005,6
DEV_005_2024-10-30 16:00:00,2024-10-30 16:00:00,DEV_005,16
DEV_005_2024-10-30 20:00:00,2024-10-30 20:00:00,DEV_005,10
DEV_005_2024-10-31 00:00:00,2024-10-31 00:00:00,DEV_005,12
DEV_005_2024-10-31 04:00:00,2024-10-31 04:00:00,DEV_005,19
DEV_005_2024-10-31 08:00:00,2024-10-31 08:00:00,DEV_005,86
DEV_005_2024-10-31 12:00:00,2024-10-31 12:00:00,DEV_005,75
DEV_005_2024-10-31 16:00:00,2024-10-31 16:00:00,DEV_005,54
DEV_005_2024-10-31 20:00:00,2024-10-31 20:00:00,DEV_005,1
DEV_005_2024-11-01 00:00:00,2024-11-01 00:00:00,DEV_005,97
DEV_005_2024-11-01 04:00:00,2024-11-01 04:00:00,DEV_005,81
DEV_005_2024-11-01 08:00:00,2024-11-01 08:00:00,DEV_005,48
DEV_005_2024-11-01 12:00:00,2024-11-01 12:00:00,DEV_005,36
DEV_005_2024-11-01 16:00:00,2024-11-01 16:00:00,DEV_005,83
DEV_005_2024-11-01 20:00:00,2024-11-01 20:00:00,DEV_005,56
DEV_005_2024-11-02 00:00:00,2024-11-02 00:00:00,DEV_005,13
DEV_005_2024-11-02 04:00:00,2024-11-02 04:00:00,DEV_005,19
DEV_005_2024-11-02 08:00:00,2024-11-02 08:00:00,DEV_005,7
DEV_005_2024-11-02 12:00:00,2024-11-02 12:00:00,DEV_005,7
DEV_005_2024-11-02 16:00:00,2024-11-02 16:00:00,DEV_005,85
DEV_005_2024-11-02 20:00:00,2024-11-02 20:00:00,DEV_005,52
DEV_005_2024-11-03 00:00:00,2024-11-03 00:00:00,DEV_005,70
DEV_005_2024-11-03 04:00:00,2024-11-03 04:00:00,DEV_005,83
DEV_005_2024-11-03 08:00:00,2024-11-03 08:00:00,DEV_005,65
DEV_005_2024-11-03 12:00:00,2024-11-03 12:00:00,DEV_005,77
DEV_005_2024-11-03 16:00:00,2024-11-03 16:00:00,DEV_005,31
DEV_005_2024-11-03 20:00:00,2024-11-03 20:00:00,DEV_005,92
DEV_005_2024-11-04 00:00:00,2024-11-04 00:00:00,DEV_005,82
DEV_005_2024-11-04 04:00:00,2024-11-04 04:00:00,DEV_005,65
DEV_005_2024-11-04 08:00:00,2024-11-04 08:00:00,DEV_005,80
DEV_005_2024-11-04 12:00:00,2024-11-04 12:00:00,DEV_005,33
DEV_005_2024-11-04 16:00:00,2024-11-04 16:00:00,DEV_005,28
DEV_005_2024-11-04 20:00:00,2024-11-04 20:00:00,DEV_005,87
DEV_005_2024-11-05 00:00:00,2024-11-05 00:00:00,DEV_005,3
DEV_005_2024-11-05 04:00:00,2024-11-05 04:00:00,DEV_005,6
DEV_005_2024-11-05 08:00:00,2024-11-05 08:00:00,DEV_005,62
DEV_005_2024-11-05 12:00:00,2024-11-05 12:00:00,DEV_005,51
DEV_005_2024-11-05 16:00:00,2024-11-05 16:00:00,DEV_005,23
DEV_005_2024-11-05 20:00:00,2024-11-05 20:00:00,DEV_005,7
DEV_005_2024-11-06 00:00:00,2024-11-06 00:00:00,DEV_005,99
DEV_005_2024-11-06 04:00:00,2024-11-06 04:00:00,DEV_005,79
DEV_005_2024-11-06 08:00:00,2024-11-06 08:00:00,DEV_005,28
DEV_005_2024-11-06 12:00:00,2024-11-06 12:00:00,DEV_005,31
DEV_005_2024-11-06 16:00:00,2024-11-06 16:00:00,DEV_005,98
DEV_005_2024-11-06 20:00:00,2024-11-06 20:00:00,DEV_005,58
DEV_005_2024-11-07 00:00:00,2024-11-07 00:00:00,DEV_005,2
DEV_005_2024-11-07 04:00:00,2024-11-07 04:00:00,DEV_005,55
DEV_005_2024-11-07 08:00:00,2024-11-07 08:00:00,DEV_005,9
DEV_005_2024-11-07 12:00:00,2024-11-07 12:00:00,DEV_005,14
DEV_005_2024-11-07 16:00:00,2024-11-07 16:00:00,DEV_005,45
DEV_005_2024-11-07 20:00:00,2024-11-07 20:00:00,DEV_005,5
DEV_005_2024-11-08 00:00:00,2024-11-08 00:00:00,DEV_005,24
DEV_005_2024-11-08 04:00:00,2024-11-08 04:00:00,DEV_005,11
DEV_005_2024-11-08 08:00:00,2024-11-08 08:00:00,DEV_005,36
DEV_005_2024-11-08 12:00:00,2024-11-08 12:00:00,DEV_005,16
DEV_005_2024-11-08 16:00:00,2024-11-08 16:00:00,DEV_005,49
DEV_005_2024-11-08 20:00:00,2024-11-08 20:00:00,DEV_005,36
DEV_005_2024-11-09 00:00:00,2024-11-09 00:00:00,DEV_005,92
DEV_005_2024-11-09 04:00:00,2024-11-09 04:00:00,DEV_005,7
DEV_005_2024-11-09 08:00:00,2024-11-09 08:00:00,DEV_005,28
DEV_005_2024-11-09 12:00:00,2024-11-09 12:00:00,DEV_005,73
DEV_005_2024-11-09 16:00:00,2024-11-09 16:00:00,DEV_005,38
DEV_005_2024-11-09 20:00:00,2024-11-09 20:00:00,DEV_005,44
DEV_005_2024-11-10 00:00:00,2024-11-10 00:00:00,DEV_005,20
DEV_005_2024-11-10 04:00:00,2024-11-10 04:00:00,DEV_005,95
DEV_005_2024-11-10 08:00:00,2024-11-10 08:00:00,DEV_005,76
DEV_005_2024-11-10 12:00:00,2024-11-10 12:00:00,DEV_005,22
DEV_005_2024-11-10 16:00:00,2024-11-10 16:00:00,DEV_005,14
DEV_005_2024-11-10 20:00:00,2024-11-10 20:00:00,DEV_005,63
DEV_005_2024-11-11 00:00:00,2024-11-11 00:00:00,DEV_005,71
DEV_005_2024-11-11 04:00:00,2024-11-11 04:00:00,DEV_005,33
DEV_005_2024-11-11 08:00:00,2024-11-11 08:00:00,DEV_005,33
DEV_005_2024-11-11 12:00:00,2024-11-11 12:00:00,DEV_005,44
DEV_005_2024-11-11 16:00:00,2024-11-11 16:00:00,DEV_005,65
DEV_005_2024-11-11 20:00:00,2024-11-11 20:00:00,DEV_005,19
DEV_005_2024-11-12 00:00:00,2024-11-12 00:00:00,DEV_005,33
DEV_005_2024-11-12 04:00:00,2024-11-12 04:00:00,DEV_005,94
DEV_005_2024-11-12 08:00:00,2024-11-12 08:00:00,DEV_005,91
DEV_005_2024-11-12 12:00:00,2024-11-12 12:00:00,DEV_005,46
DEV_005_2024-11-12 16:00:00,2024-11-12 16:00:00,DEV_005,97
DEV_005_2024-11-12 20:00:00,2024-11-12 20:00:00,DEV_005,17
DEV_005_2024-11-13 00:00:00,2024-11-13 00:00:00,DEV_005,78
DEV_005_2024-11-13 04:00:00,2024-11-13 04:00:00,DEV_005,8
DEV_005_2024-11-13 08:00:00,2024-11-13 08:00:00,DEV_005,80
DEV_005_2024-11-13 12:00:00,2024-11-13 12:00:00,DEV_005,77
DEV_005_2024-11-13 16:00:00,2024-11-13 16:00:00,DEV_005,48
DEV_005_2024-11-13 20:00:00,2024-11-13 20:00:00,DEV_005,99
DEV_005_2024-11-14 00:00:00,2024-11-14 00:00:00,DEV_005,80
DEV_005_2024-11-14 04:00:00,2024-11-14 04:00:00,DEV_005,46
DEV_005_2024-11-14 08:00:00,2024-11-14 08:00:00,DEV_005,44
DEV_005_2024-11-14 12:00:00,2024-11-14 12:00:00,DEV_005,99
DEV_005_2024-11-14 16:00:00,2024-11-14 16:00:00,DEV_005,35
DEV_005_2024-11-14 20:00:00,2024-11-14 20:00:00,DEV_005,34
DEV_005_2024-11-15 00:00:00,2024-11-15 00:00:00,DEV_005,99
DEV_005_2024-11-15 04:00:00,2024-11-15 04:00:00,DEV_005,55
DEV_005_2024-11-15 08:00:00,2024-11-15 08:00:00,DEV_005,43
DEV_005_2024-11-15 12:00:00,2024-11-15 12:00:00,DEV_005,31
DEV_005_2024-11-15 16:00:00,2024-11-15 16:00:00,DEV_005,47
DEV_005_2024-11-15 20:00:00,2024-11-15 20:00:00,DEV_005,26
DEV_005_2024-11-16 00:00:00,2024-11-16 00:00:00,DEV_005,77
DEV_005_2024-11-16 04:00:00,2024-11-16 04:00:00,DEV_005,4
DEV_005_2024-11-16 08:00:00,2024-11-16 08:00:00,DEV_005,98
DEV_005_2024-11-16 12:00:00,2024-11-16 12:00:00,DEV_005,25
DEV_005_2024-11-16 16:00:00,2024-11-16 16:00:00,DEV_005,69
DEV_005_2024-11-16 20:00:00,2024-11-16 20:00:00,DEV_005,70
DEV_005_2024-11-17 00:00:00,2024-11-17 00:00:00,DEV_005,93
DEV_005_2024-11-17 04:00:00,2024-11-17 04:00:00,DEV_005,93
DEV_005_2024-11-17 08:00:00,2024-11-17 08:00:00,DEV_005,15
DEV_005_2024-11-17 12:00:00,2024-11-17 12:00:00,DEV_005,94
DEV_005_2024-11-17 16:00:00,2024-11-17 16:00:00,DEV_005,53
DEV_005_2024-11-17 20:00:00,2024-11-17 20:00:00,DEV_005,47
DEV_005_2024-11-18 00:00:00,2024-11-18 00:00:00,DEV_005,13
DEV_005_2024-11-18 04:00:00,2024-11-18 04:00:00,DEV_005,13
DEV_005_2024-11-18 08:00:00,2024-11-18 08:00:00,DEV_005,3
DEV_005_2024-11-18 12:00:00,2024-11-18 12:00:00,DEV_005,13
DEV_005_2024-11-18 16:00:00,2024-11-18 16:00:00,DEV_005,76
DEV_005_2024-11-18 20:00:00,2024-11-18 20:00:00,DEV_005,82
DEV_005_2024-11-19 00:00:00,2024-11-19 00:00:00,DEV_005,86
DEV_005_2024-11-19 04:00:00,2024-11-19 04:00:00,DEV_005,96
DEV_005_2024-11-19 08:00:00,2024-11-19 08:00:00,DEV_005,88
DEV_005_2024-11-19 12:00:00,2024-11-19 12:00:00,DEV_005,41
DEV_005_2024-11-19 16:00:00,2024-11-19 16:00:00,DEV_005,80
DEV_005_2024-11-19 20:00:00,2024-11-19 20:00:00,DEV_005,76
DEV_005_2024-11-20 00:00:00,2024-11-20 00:00:00,DEV_005,9
DEV_005_2024-11-20 04:00:00,2024-11-20 04:00:00,DEV_005,60
DEV_005_2024-11-20 08:00:00,2024-11-20 08:00:00,DEV_005,43
DEV_005_2024-11-20 12:00:00,2024-11-20 12:00:00,DEV_005,93
DEV_005_2024-11-20 16:00:00,2024-11-20 16:00:00,DEV_005,33
DEV_005_2024-11-20 20:00:00,2024-11-20 20:00:00,DEV_005,11
DEV_005_2024-11-21 00:00:00,2024-11-21 00:00:00,DEV_005,19
DEV_005_2024-11-21 04:00:00,2024-11-21 04:00:00,DEV_005,81
DEV_005_2024-11-21 08:00:00,2024-11-21 08:00:00,DEV_005,73
DEV_005_2024-11-21 12:00:00,2024-11-21 12:00:00,DEV_005,6
DEV_005_2024-11-21 16:00:00,2024-11-21 16:00:00,DEV_005,8
DEV_005_2024-11-21 20:00:00,2024-11-21 20:00:00,DEV_005,69
DEV_005_2024-11-22 00:00:00,2024-11-22 00:00:00,DEV_005,18
DEV_005_2024-11-22 04:00:00,2024-11-22 04:00:00,DEV_005,22
DEV_005_2024-11-22 08:00:00,2024-11-22 08:00:00,DEV_005,40
DEV_005_2024-11-22 12:00:00,2024-11-22 12:00:00,DEV_005,29
DEV_005_2024-11-22 16:00:00,2024-11-22 16:00:00,DEV_005,68
DEV_005_2024-11-22 20:00:00,2024-11-22 20:00:00,DEV_005,64
DEV_005_2024-11-23 00:00:00,2024-11-23 00:00:00,DEV_005,21
DEV_005_2024-11-23 04:00:00,2024-11-23 04:00:00,DEV_005,28
DEV_005_2024-11-23 08:00:00,2024-11-23 08:00:00,DEV_005,73
DEV_005_2024-11-23 12:00:00,2024-11-23 12:00:00,DEV_005,86
DEV_005_2024-11-23 16:00:00,2024-11-23 16:00:00,DEV_005,43
DEV_005_2024-11-23 20:00:00,2024-11-23 20:00:00,DEV_005,99
DEV_005_2024-11-24 00:00:00,2024-11-24 00:00:00,DEV_005,82
DEV_005_2024-11-24 04:00:00,2024-11-24 04:00:00,DEV_005,5
DEV_005_2024-11-24 08:00:00,2024-11-24 08:00:00,DEV_005,85
DEV_005_2024-11-24 12:00:00,2024-11-24 12:00:00,DEV_005,29
DEV_005_2024-11-24 16:00:00,2024-11-24 16:00:00,DEV_005,69
DEV_005_2024-11-24 20:00:00,2024-11-24 20:00:00,DEV_005,62
DEV_005_2024-11-25 00:00:00,2024-11-25 00:00:00,DEV_005,38
DEV_005_2024-11-25 04:00:00,2024-11-25 04:00:00,DEV_005,4
DEV_005_2024-11-25 08:00:00,2024-11-25 08:00:00,DEV_005,86
DEV_005_2024-11-25 12:00:00,2024-11-25 12:00:00,DEV_005,96
DEV_005_2024-11-25 16:00:00,2024-11-25 16:00:00,DEV_005,57
DEV_005_2024-11-25 20:00:00,2024-11-25 20:00:00,DEV_005,51
DEV_005_2024-11-26 00:00:00,2024-11-26 00:00:00,DEV_005,17
DEV_005_2024-11-26 04:00:00,2024-11-26 04:00:00,DEV_005,76
DEV_005_2024-11-26 08:00:00,2024-11-26 08:00:00,DEV_005,27
DEV_005_2024-11-26 12:00:00,2024-11-26 12:00:00,DEV_005,67
DEV_005_2024-11-26 16:00:00,2024-11-26 16:00:00,DEV_005,71
DEV_005_2024-11-26 20:00:00,2024-11-26 20:00:00,DEV_005,41
DEV_005_2024-11-27 00:00:00,2024-11-27 00:00:00,DEV_005,25
DEV_005_2024-11-27 04:00:00,2024-11-27 04:00:00,DEV_005,86
DEV_005_2024-11-27 08:00:00,2024-11-27 08:00:00,DEV_005,1
DEV_005_2024-11-27 12:00:00,2024-11-27 12:00:00,DEV_005,46
DEV_005_2024-11-27 16:00:00,2024-11-27 16:00:00,DEV_005,98
DEV_005_2024-11-27 20:00:00,2024-11-27 20:00:00,DEV_005,19
DEV_005_2024-11-28 00:00:00,2024-11-28 00:00:00,DEV_005,31
DEV_005_2024-11-28 04:00:00,2024-11-28 04:00:00,DEV_005,11
DEV_005_2024-11-28 08:00:00,2024-11-28 08:00:00,DEV_005,95
DEV_005_2024-11-28 12:00:00,2024-11-28 12:00:00,DEV_005,42
DEV_005_2024-11-28 16:00:00,2024-11-28 16:00:00,DEV_005,7
DEV_005_2024-11-28 20:00:00,2024-11-28 20:00:00,DEV_005,92
DEV_005_2024-11-29 00:00:00,2024-11-29 00:00:00,DEV_005,39
DEV_005_2024-11-29 04:00:00,2024-11-29 04:00:00,DEV_005,79
DEV_005_2024-11-29 08:00:00,2024-11-29 08:00:00,DEV_005,79
DEV_005_2024-11-29 12:00:00,2024-11-29 12:00:00,DEV_005,40
DEV_005_2024-11-29 16:00:00,2024-11-29 16:00:00,DEV_005,40
DEV_005_2024-11-29 20:00:00,2024-11-29 20:00:00,DEV_005,48
DEV_005_2024-11-30 00:00:00,2024-11-30 00:00:00,DEV_005,47
DEV_005_2024-11-30 04:00:00,2024-11-30 04:00:00,DEV_005,29
DEV_005_2024-11-30 08:00:00,2024-11-30 08:00:00,DEV_005,86
DEV_005_2024-11-30 12:00:00,2024-11-30 12:00:00,DEV_005,59
DEV_005_2024-11-30 16:00:00,2024-11-30 16:00:00,DEV_005,3
DEV_005_2024-11-30 20:00:00,2024-11-30 20:00:00,DEV_005,95
DEV_005_2024-12-01 00:00:00,2024-12-01 00:00:00,DEV_005,5
DEV_005_2024-12-01 04:00:00,2024-12-01 04:00:00,DEV_005,96
DEV_005_2024-12-01 08:00:00,2024-12-01 08:00:00,DEV_005,52
DEV_005_2024-12-01 12:00:00,2024-12-01 12:00:00,DEV_005,45
DEV_005_2024-12-01 16:00:00,2024-12-01 16:00:00,DEV_005,51
DEV_005_2024-12-01 20:00:00,2024-12-01 20:00:00,DEV_005,64
DEV_005_2024-12-02 00:00:00,2024-12-02 00:00:00,DEV_005,14
DEV_005_2024-12-02 04:00:00,2024-12-02 04:00:00,DEV_005,85
DEV_005_2024-12-02 08:00:00,2024-12-02 08:00:00,DEV_005,79
DEV_005_2024-12-02 12:00:00,2024-12-02 12:00:00,DEV_005,87
DEV_005_2024-12-02 16:00:00,2024-12-02 16:00:00,DEV_005,62
DEV_005_2024-12-02 20:00:00,2024-12-02 20:00:00,DEV_005,77
DEV_005_2024-12-03 00:00:00,2024-12-03 00:00:00,DEV_005,8
DEV_005_2024-12-03 04:00:00,2024-12-03 04:00:00,DEV_005,68
DEV_005_2024-12-03 08:00:00,2024-12-03 08:00:00,DEV_005,21
DEV_005_2024-12-03 12:00:00,2024-12-03 12:00:00,DEV_005,16
DEV_005_2024-12-03 16:00:00,2024-12-03 16:00:00,DEV_005,43
DEV_005_2024-12-03 20:00:00,2024-12-03 20:00:00,DEV_005,52
DEV_005_2024-12-04 00:00:00,2024-12-04 00:00:00,DEV_005,12
DEV_005_2024-12-04 04:00:00,2024-12-04 04:00:00,DEV_005,79
DEV_005_2024-12-04 08:00:00,2024-12-04 08:00:00,DEV_005,14
DEV_005_2024-12-04 12:00:00,2024-12-04 12:00:00,DEV_005,4
DEV_005_2024-12-04 16:00:00,2024-12-04 16:00:00,DEV_005,1
DEV_005_2024-12-04 20:00:00,2024-12-04 20:00:00,DEV_005,89
DEV_005_2024-12-05 00:00:00,2024-12-05 00:00:00,DEV_005,49
DEV_005_2024-12-05 04:00:00,2024-12-05 04:00:00,DEV_005,31
DEV_005_2024-12-05 08:00:00,2024-12-05 08:00:00,DEV_005,74
DEV_005_2024-12-05 12:00:00,2024-12-05 12:00:00,DEV_005,47
DEV_005_2024-12-05 16:00:00,2024-12-05 16:00:00,DEV_005,39
DEV_005_2024-12-05 20:00:00,2024-12-05 20:00:00,DEV_005,98
DEV_005_2024-12-06 00:00:00,2024-12-06 00:00:00,DEV_005,58
DEV_005_2024-12-06 04:00:00,2024-12-06 04:00:00,DEV_005,53
DEV_005_2024-12-06 08:00:00,2024-12-06 08:00:00,DEV_005,34
DEV_005_2024-12-06 12:00:00,2024-12-06 12:00:00,DEV_005,13
DEV_005_2024-12-06 16:00:00,2024-12-06 16:00:00,DEV_005,34
DEV_005_2024-12-06 20:00:00,2024-12-06 20:00:00,DEV_005,3
DEV_005_2024-12-07 00:00:00,2024-12-07 00:00:00,DEV_005,87
DEV_005_2024-12-07 04:00:00,2024-12-07 04:00:00,DEV_005,21
DEV_005_2024-12-07 08:00:00,2024-12-07 08:00:00,DEV_005,63
DEV_005_2024-12-07 12:00:00,2024-12-07 12:00:00,DEV_005,34
DEV_005_2024-12-07 16:00:00,2024-12-07 16:00:00,DEV_005,64
DEV_005_2024-12-07 20:00:00,2024-12-07 20:00:00,DEV_005,85
DEV_005_2024-12-08 00:00:00,2024-12-08 00:00:00,DEV_005,53
DEV_005_2024-12-08 04:00:00,2024-12-08 04:00:00,DEV_005,97
DEV_005_2024-12-08 08:00:00,2024-12-08 08:00:00,DEV_005,73
DEV_005_2024-12-08 12:00:00,2024-12-08 12:00:00,DEV_005,93
DEV_005_2024-12-08 16:00:00,2024-12-08 16:00:00,DEV_005,90
DEV_005_2024-12-08 20:00:00,2024-12-08 20:00:00,DEV_005,9
DEV_005_2024-12-09 00:00:00,2024-12-09 00:00:00,DEV_005,11
DEV_005_2024-12-09 04:00:00,2024-12-09 04:00:00,DEV_005,43
DEV_005_2024-12-09 08:00:00,2024-12-09 08:00:00,DEV_005,62
DEV_005_2024-12-09 12:00:00,2024-12-09 12:00:00,DEV_005,23
DEV_005_2024-12-09 16:00:00,2024-12-09 16:00:00,DEV_005,51
DEV_005_2024-12-09 20:00:00,2024-12-09 20:00:00,DEV_005,56
DEV_005_2024-12-10 00:00:00,2024-12-10 00:00:00,DEV_005,12
DEV_005_2024-12-10 04:00:00,2024-12-10 04:00:00,DEV_005,80
DEV_005_2024-12-10 08:00:00,2024-12-10 08:00:00,DEV_005,12
DEV_005_2024-12-10 12:00:00,2024-12-10 12:00:00,DEV_005,89
DEV_005_2024-12-10 16:00:00,2024-12-10 16:00:00,DEV_005,31
DEV_005_2024-12-10 20:00:00,2024-12-10 20:00:00,DEV_005,6
DEV_005_2024-12-11 00:00:00,2024-12-11 00:00:00,DEV_005,66
DEV_005_2024-12-11 04:00:00,2024-12-11 04:00:00,DEV_005,55
DEV_005_2024-12-11 08:00:00,2024-12-11 08:00:00,DEV_005,40
DEV_005_2024-12-11 12:00:00,2024-12-11 12:00:00,DEV_005,96
DEV_005_2024-12-11 16:00:00,2024-12-11 16:00:00,DEV_005,58
DEV_005_2024-12-11 20:00:00,2024-12-11 20:00:00,DEV_005,76
DEV_005_2024-12-12 00:00:00,2024-12-12 00:00:00,DEV_005,48
DEV_005_2024-12-12 04:00:00,2024-12-12 04:00:00,DEV_005,42
DEV_005_2024-12-12 08:00:00,2024-12-12 08:00:00,DEV_005,79
DEV_005_2024-12-12 12:00:00,2024-12-12 12:00:00,DEV_005,79
DEV_005_2024-12-12 16:00:00,2024-12-12 16:00:00,DEV_005,97
DEV_005_2024-12-12 20:00:00,2024-12-12 20:00:00,DEV_005,10
DEV_005_2024-12-13 00:00:00,2024-12-13 00:00:00,DEV_005,74
DEV_005_2024-12-13 04:00:00,2024-12-13 04:00:00,DEV_005,30
DEV_005_2024-12-13 08:00:00,2024-12-13 08:00:00,DEV_005,94
DEV_005_2024-12-13 12:00:00,2024-12-13 12:00:00,DEV_005,47
DEV_005_2024-12-13 16:00:00,2024-12-13 16:00:00,DEV_005,12
DEV_005_2024-12-13 20:00:00,2024-12-13 20:00:00,DEV_005,86
DEV_005_2024-12-14 00:00:00,2024-12-14 00:00:00,DEV_005,3
DEV_005_2024-12-14 04:00:00,2024-12-14 04:00:00,DEV_005,74
DEV_005_2024-12-14 08:00:00,2024-12-14 08:00:00,DEV_005,67
DEV_005_2024-12-14 12:00:00,2024-12-14 12:00:00,DEV_005,99
DEV_005_2024-12-14 16:00:00,2024-12-14 16:00:00,DEV_005,2
DEV_005_2024-12-14 20:00:00,2024-12-14 20:00:00,DEV_005,50
DEV_005_2024-12-15 00:00:00,2024-12-15 00:00:00,DEV_005,92
DEV_005_2024-12-15 04:00:00,2024-12-15 04:00:00,DEV_005,65
DEV_005_2024-12-15 08:00:00,2024-12-15 08:00:00,DEV_005,31
DEV_005_2024-12-15 12:00:00,2024-12-15 12:00:00,DEV_005,68
DEV_005_2024-12-15 16:00:00,2024-12-15 16:00:00,DEV_005,79
DEV_005_2024-12-15 20:00:00,2024-12-15 20:00:00,DEV_005,18
DEV_005_2024-12-16 00:00:00,2024-12-16 00:00:00,DEV_005,17
DEV_005_2024-12-16 04:00:00,2024-12-16 04:00:00,DEV_005,40
DEV_005_2024-12-16 08:00:00,2024-12-16 08:00:00,DEV_005,6
DEV_005_2024-12-16 12:00:00,2024-12-16 12:00:00,DEV_005,65
DEV_005_2024-12-16 16:00:00,2024-12-16 16:00:00,DEV_005,17
DEV_005_2024-12-16 20:00:00,2024-12-16 20:00:00,DEV_005,20
DEV_005_2024-12-17 00:00:00,2024-12-17 00:00:00,DEV_005,55
DEV_005_2024-12-17 04:00:00,2024-12-17 04:00:00,DEV_005,42
DEV_005_2024-12-17 08:00:00,2024-12-17 08:00:00,DEV_005,51
DEV_005_2024-12-17 12:00:00,2024-12-17 12:00:00,DEV_005,46
DEV_005_2024-12-17 16:00:00,2024-12-17 16:00:00,DEV_005,6
DEV_005_2024-12-17 20:00:00,2024-12-17 20:00:00,DEV_005,78
DEV_005_2024-12-18 00:00:00,2024-12-18 00:00:00,DEV_005,88
DEV_005_2024-12-18 04:00:00,2024-12-18 04:00:00,DEV_005,33
DEV_005_2024-12-18 08:00:00,2024-12-18 08:00:00,DEV_005,86
DEV_005_2024-12-18 12:00:00,2024-12-18 12:00:00,DEV_005,39
DEV_005_2024-12-18 16:00:00,2024-12-18 16:00:00,DEV_005,75
DEV_005_2024-12-18 20:00:00,2024-12-18 20:00:00,DEV_005,31
DEV_005_2024-12-19 00:00:00,2024-12-19 00:00:00,DEV_005,92
DEV_005_2024-12-19 04:00:00,2024-12-19 04:00:00,DEV_005,9
DEV_005_2024-12-19 08:00:00,2024-12-19 08:00:00,DEV_005,48
DEV_005_2024-12-19 12:00:00,2024-12-19 12:00:00,DEV_005,72
DEV_005_2024-12-19 16:00:00,2024-12-19 16:00:00,DEV_005,97
DEV_005_2024-12-19 20:00:00,2024-12-19 20:00:00,DEV_005,61
DEV_005_2024-12-20 00:00:00,2024-12-20 00:00:00,DEV_005,77
DEV_005_2024-12-20 04:00:00,2024-12-20 04:00:00,DEV_005,35
DEV_005_2024-12-20 08:00:00,2024-12-20 08:00:00,DEV_005,97
DEV_005_2024-12-20 12:00:00,2024-12-20 12:00:00,DEV_005,33
DEV_005_2024-12-20 16:00:00,2024-12-20 16:00:00,DEV_005,42
DEV_005_2024-12-20 20:00:00,2024-12-20 20:00:00,DEV_005,64
DEV_005_2024-12-21 00:00:00,2024-12-21 00:00:00,DEV_005,95
DEV_005_2024-12-21 04:00:00,2024-12-21 04:00:00,DEV_005,89
DEV_005_2024-12-21 08:00:00,2024-12-21 08:00:00,DEV_005,15
DEV_005_2024-12-21 12:00:00,2024-12-21 12:00:00,DEV_005,16
DEV_005_2024-12-21 16:00:00,2024-12-21 16:00:00,DEV_005,67
DEV_005_2024-12-21 20:00:00,2024-12-21 20:00:00,DEV_005,78
DEV_005_2024-12-22 00:00:00,2024-12-22 00:00:00,DEV_005,4
DEV_005_2024-12-22 04:00:00,2024-12-22 04:00:00,DEV_005,3
DEV_005_2024-12-22 08:00:00,2024-12-22 08:00:00,DEV_005,24
DEV_005_2024-12-22 12:00:00,2024-12-22 12:00:00,DEV_005,22
DEV_005_2024-12-22 16:00:00,2024-12-22 16:00:00,DEV_005,49
DEV_005_2024-12-22 20:00:00,2024-12-22 20:00:00,DEV_005,31
DEV_005_2024-12-23 00:00:00,2024-12-23 00:00:00,DEV_005,43
DEV_005_2024-12-23 04:00:00,2024-12-23 04:00:00,DEV_005,7
DEV_005_2024-12-23 08:00:00,2024-12-23 08:00:00,DEV_005,25
DEV_005_2024-12-23 12:00:00,2024-12-23 12:00:00,DEV_005,40
DEV_005_2024-12-23 16:00:00,2024-12-23 16:00:00,DEV_005,47
DEV_005_2024-12-23 20:00:00,2024-12-23 20:00:00,DEV_005,50
DEV_005_2024-12-24 00:00:00,2024-12-24 00:00:00,DEV_005,16
DEV_005_2024-12-24 04:00:00,2024-12-24 04:00:00,DEV_005,17
DEV_005_2024-12-24 08:00:00,2024-12-24 08:00:00,DEV_005,81
DEV_005_2024-12-24 12:00:00,2024-12-24 12:00:00,DEV_005,10
DEV_005_2024-12-24 16:00:00,2024-12-24 16:00:00,DEV_005,35
DEV_005_2024-12-24 20:00:00,2024-12-24 20:00:00,DEV_005,64
DEV_005_2024-12-25 00:00:00,2024-12-25 00:00:00,DEV_005,68
DEV_005_2024-12-25 04:00:00,2024-12-25 04:00:00,DEV_005,7
DEV_005_2024-12-25 08:00:00,2024-12-25 08:00:00,DEV_005,58
DEV_005_2024-12-25 12:00:00,2024-12-25 12:00:00,DEV_005,95
DEV_005_2024-12-25 16:00:00,2024-12-25 16:00:00,DEV_005,70
DEV_005_2024-12-25 20:00:00,2024-12-25 20:00:00,DEV_005,17
DEV_005_2024-12-26 00:00:00,2024-12-26 00:00:00,DEV_005,93
DEV_005_2024-12-26 04:00:00,2024-12-26 04:00:00,DEV_005,87
DEV_005_2024-12-26 08:00:00,2024-12-26 08:00:00,DEV_005,42
DEV_005_2024-12-26 12:00:00,2024-12-26 12:00:00,DEV_005,82
DEV_005_2024-12-26 16:00:00,2024-12-26 16:00:00,DEV_005,68
DEV_005_2024-12-26 20:00:00,2024-12-26 20:00:00,DEV_005,11
DEV_005_2024-12-27 00:00:00,2024-12-27 00:00:00,DEV_005,75
DEV_005_2024-12-27 04:00:00,2024-12-27 04:00:00,DEV_005,13
DEV_005_2024-12-27 08:00:00,2024-12-27 08:00:00,DEV_005,79
DEV_005_2024-12-27 12:00:00,2024-12-27 12:00:00,DEV_005,18
DEV_005_2024-12-27 16:00:00,2024-12-27 16:00:00,DEV_005,25
DEV_005_2024-12-27 20:00:00,2024-12-27 20:00:00,DEV_005,57
DEV_005_2024-12-28 00:00:00,2024-12-28 00:00:00,DEV_005,9
DEV_005_2024-12-28 04:00:00,2024-12-28 04:00:00,DEV_005,12
DEV_005_2024-12-28 08:00:00,2024-12-28 08:00:00,DEV_005,58
DEV_005_2024-12-28 12:00:00,2024-12-28 12:00:00,DEV_005,30
DEV_005_2024-12-28 16:00:00,2024-12-28 16:00:00,DEV_005,32
DEV_005_2024-12-28 20:00:00,2024-12-28 20:00:00,DEV_005,38
DEV_005_2024-12-29 00:00:00,2024-12-29 00:00:00,DEV_005,61
DEV_005_2024-12-29 04:00:00,2024-12-29 04:00:00,DEV_005,47
DEV_005_2024-12-29 08:00:00,2024-12-29 08:00:00,DEV_005,59
DEV_005_2024-12-29 12:00:00,2024-12-29 12:00:00,DEV_005,3
DEV_005_2024-12-29 16:00:00,2024-12-29 16:00:00,DEV_005,56
DEV_005_2024-12-29 20:00:00,2024-12-29 20:00:00,DEV_005,99
DEV_006_2024-09-01 00:00:00,2024-09-01 00:00:00,DEV_006,49
DEV_006_2024-09-01 04:00:00,2024-09-01 04:00:00,DEV_006,97
DEV_006_2024-09-01 08:00:00,2024-09-01 08:00:00,DEV_006,12
DEV_006_2024-09-01 12:00:00,2024-09-01 12:00:00,DEV_006,85
DEV_006_2024-09-01 16:00:00,2024-09-01 16:00:00,DEV_006,90
DEV_006_2024-09-01 20:00:00,2024-09-01 20:00:00,DEV_006,21
DEV_006_2024-09-02 00:00:00,2024-09-02 00:00:00,DEV_006,67
DEV_006_2024-09-02 04:00:00,2024-09-02 04:00:00,DEV_006,30
DEV_006_2024-09-02 08:00:00,2024-09-02 08:00:00,DEV_006,89
DEV_006_2024-09-02 12:00:00,2024-09-02 12:00:00,DEV_006,75
DEV_006_2024-09-02 16:00:00,2024-09-02 16:00:00,DEV_006,59
DEV_006_2024-09-02 20:00:00,2024-09-02 20:00:00,DEV_006,98
DEV_006_2024-09-03 00:00:00,2024-09-03 00:00:00,DEV_006,61
DEV_006_2024-09-03 04:00:00,2024-09-03 04:00:00,DEV_006,39
DEV_006_2024-09-03 08:00:00,2024-09-03 08:00:00,DEV_006,30
DEV_006_2024-09-03 12:00:00,2024-09-03 12:00:00,DEV_006,43
DEV_006_2024-09-03 16:00:00,2024-09-03 16:00:00,DEV_006,95
DEV_006_2024-09-03 20:00:00,2024-09-03 20:00:00,DEV_006,86
DEV_006_2024-09-04 00:00:00,2024-09-04 00:00:00,DEV_006,92
DEV_006_2024-09-04 04:00:00,2024-09-04 04:00:00,DEV_006,32
DEV_006_2024-09-04 08:00:00,2024-09-04 08:00:00,DEV_006,71
DEV_006_2024-09-04 12:00:00,2024-09-04 12:00:00,DEV_006,1
DEV_006_2024-09-04 16:00:00,2024-09-04 16:00:00,DEV_006,39
DEV_006_2024-09-04 20:00:00,2024-09-04 20:00:00,DEV_006,69
DEV_006_2024-09-05 00:00:00,2024-09-05 00:00:00,DEV_006,91
DEV_006_2024-09-05 04:00:00,2024-09-05 04:00:00,DEV_006,8
DEV_006_2024-09-05 08:00:00,2024-09-05 08:00:00,DEV_006,9
DEV_006_2024-09-05 12:00:00,2024-09-05 12:00:00,DEV_006,33
DEV_006_2024-09-05 16:00:00,2024-09-05 16:00:00,DEV_006,92
DEV_006_2024-09-05 20:00:00,2024-09-05 20:00:00,DEV_006,87
DEV_006_2024-09-06 00:00:00,2024-09-06 00:00:00,DEV_006,79
DEV_006_2024-09-06 04:00:00,2024-09-06 04:00:00,DEV_006,64
DEV_006_2024-09-06 08:00:00,2024-09-06 08:00:00,DEV_006,43
DEV_006_2024-09-06 12:00:00,2024-09-06 12:00:00,DEV_006,96
DEV_006_2024-09-06 16:00:00,2024-09-06 16:00:00,DEV_006,19
DEV_006_2024-09-06 20:00:00,2024-09-06 20:00:00,DEV_006,31
DEV_006_2024-09-07 00:00:00,2024-09-07 00:00:00,DEV_006,27
DEV_006_2024-09-07 04:00:00,2024-09-07 04:00:00,DEV_006,67
DEV_006_2024-09-07 08:00:00,2024-09-07 08:00:00,DEV_006,70
DEV_006_2024-09-07 12:00:00,2024-09-07 12:00:00,DEV_006,88
DEV_006_2024-09-07 16:00:00,2024-09-07 16:00:00,DEV_006,14
DEV_006_2024-09-07 20:00:00,2024-09-07 20:00:00,DEV_006,72
DEV_006_2024-09-08 00:00:00,2024-09-08 00:00:00,DEV_006,26
DEV_006_2024-09-08 04:00:00,2024-09-08 04:00:00,DEV_006,89
DEV_006_2024-09-08 08:00:00,2024-09-08 08:00:00,DEV_006,48
DEV_006_2024-09-08 12:00:00,2024-09-08 12:00:00,DEV_006,85
DEV_006_2024-09-08 16:00:00,2024-09-08 16:00:00,DEV_006,89
DEV_006_2024-09-08 20:00:00,2024-09-08 20:00:00,DEV_006,91
DEV_006_2024-09-09 00:00:00,2024-09-09 00:00:00,DEV_006,60
DEV_006_2024-09-09 04:00:00,2024-09-09 04:00:00,DEV_006,76
DEV_006_2024-09-09 08:00:00,2024-09-09 08:00:00,DEV_006,82
DEV_006_2024-09-09 12:00:00,2024-09-09 12:00:00,DEV_006,79
DEV_006_2024-09-09 16:00:00,2024-09-09 16:00:00,DEV_006,15
DEV_006_2024-09-09 20:00:00,2024-09-09 20:00:00,DEV_006,26
DEV_006_2024-09-10 00:00:00,2024-09-10 00:00:00,DEV_006,39
DEV_006_2024-09-10 04:00:00,2024-09-10 04:00:00,DEV_006,18
DEV_006_2024-09-10 08:00:00,2024-09-10 08:00:00,DEV_006,42
DEV_006_2024-09-10 12:00:00,2024-09-10 12:00:00,DEV_006,24
DEV_006_2024-09-10 16:00:00,2024-09-10 16:00:00,DEV_006,20
DEV_006_2024-09-10 20:00:00,2024-09-10 20:00:00,DEV_006,81
DEV_006_2024-09-11 00:00:00,2024-09-11 00:00:00,DEV_006,65
DEV_006_2024-09-11 04:00:00,2024-09-11 04:00:00,DEV_006,65
DEV_006_2024-09-11 08:00:00,2024-09-11 08:00:00,DEV_006,6
DEV_006_2024-09-11 12:00:00,2024-09-11 12:00:00,DEV_006,91
DEV_006_2024-09-11 16:00:00,2024-09-11 16:00:00,DEV_006,89
DEV_006_2024-09-11 20:00:00,2024-09-11 20:00:00,DEV_006,40
DEV_006_2024-09-12 00:00:00,2024-09-12 00:00:00,DEV_006,30
DEV_006_2024-09-12 04:00:00,2024-09-12 04:00:00,DEV_006,80
DEV_006_2024-09-12 08:00:00,2024-09-12 08:00:00,DEV_006,62
DEV_006_2024-09-12 12:00:00,2024-09-12 12:00:00,DEV_006,25
DEV_006_2024-09-12 16:00:00,2024-09-12 16:00:00,DEV_006,2
DEV_006_2024-09-12 20:00:00,2024-09-12 20:00:00,DEV_006,26
DEV_006_2024-09-13 00:00:00,2024-09-13 00:00:00,DEV_006,15
DEV_006_2024-09-13 04:00:00,2024-09-13 04:00:00,DEV_006,95
DEV_006_2024-09-13 08:00:00,2024-09-13 08:00:00,DEV_006,56
DEV_006_2024-09-13 12:00:00,2024-09-13 12:00:00,DEV_006,72
DEV_006_2024-09-13 16:00:00,2024-09-13 16:00:00,DEV_006,6
DEV_006_2024-09-13 20:00:00,2024-09-13 20:00:00,DEV_006,21
DEV_006_2024-09-14 00:00:00,2024-09-14 00:00:00,DEV_006,61
DEV_006_2024-09-14 04:00:00,2024-09-14 04:00:00,DEV_006,99
DEV_006_2024-09-14 08:00:00,2024-09-14 08:00:00,DEV_006,54
DEV_006_2024-09-14 12:00:00,2024-09-14 12:00:00,DEV_006,62
DEV_006_2024-09-14 16:00:00,2024-09-14 16:00:00,DEV_006,76
DEV_006_2024-09-14 20:00:00,2024-09-14 20:00:00,DEV_006,92
DEV_006_2024-09-15 00:00:00,2024-09-15 00:00:00,DEV_006,79
DEV_006_2024-09-15 04:00:00,2024-09-15 04:00:00,DEV_006,24
DEV_006_2024-09-15 08:00:00,2024-09-15 08:00:00,DEV_006,79
DEV_006_2024-09-15 12:00:00,2024-09-15 12:00:00,DEV_006,71
DEV_006_2024-09-15 16:00:00,2024-09-15 16:00:00,DEV_006,35
DEV_006_2024-09-15 20:00:00,2024-09-15 20:00:00,DEV_006,51
DEV_006_2024-09-16 00:00:00,2024-09-16 00:00:00,DEV_006,5
DEV_006_2024-09-16 04:00:00,2024-09-16 04:00:00,DEV_006,84
DEV_006_2024-09-16 08:00:00,2024-09-16 08:00:00,DEV_006,18
DEV_006_2024-09-16 12:00:00,2024-09-16 12:00:00,DEV_006,57
DEV_006_2024-09-16 16:00:00,2024-09-16 16:00:00,DEV_006,46
DEV_006_2024-09-16 20:00:00,2024-09-16 20:00:00,DEV_006,9
DEV_006_2024-09-17 00:00:00,2024-09-17 00:00:00,DEV_006,33
DEV_006_2024-09-17 04:00:00,2024-09-17 04:00:00,DEV_006,76
DEV_006_2024-09-17 08:00:00,2024-09-17 08:00:00,DEV_006,7
DEV_006_2024-09-17 12:00:00,2024-09-17 12:00:00,DEV_006,82
DEV_006_2024-09-17 16:00:00,2024-09-17 16:00:00,DEV_006,88
DEV_006_2024-09-17 20:00:00,2024-09-17 20:00:00,DEV_006,8
DEV_006_2024-09-18 00:00:00,2024-09-18 00:00:00,DEV_006,23
DEV_006_2024-09-18 04:00:00,2024-09-18 04:00:00,DEV_006,40
DEV_006_2024-09-18 08:00:00,2024-09-18 08:00:00,DEV_006,82
DEV_006_2024-09-18 12:00:00,2024-09-18 12:00:00,DEV_006,46
DEV_006_2024-09-18 16:00:00,2024-09-18 16:00:00,DEV_006,67
DEV_006_2024-09-18 20:00:00,2024-09-18 20:00:00,DEV_006,56
DEV_006_2024-09-19 00:00:00,2024-09-19 00:00:00,DEV_006,25
DEV_006_2024-09-19 04:00:00,2024-09-19 04:00:00,DEV_006,13
DEV_006_2024-09-19 08:00:00,2024-09-19 08:00:00,DEV_006,73
DEV_006_2024-09-19 12:00:00,2024-09-19 12:00:00,DEV_006,95
DEV_006_2024-09-19 16:00:00,2024-09-19 16:00:00,DEV_006,62
DEV_006_2024-09-19 20:00:00,2024-09-19 20:00:00,DEV_006,53
DEV_006_2024-09-20 00:00:00,2024-09-20 00:00:00,DEV_006,22
DEV_006_2024-09-20 04:00:00,2024-09-20 04:00:00,DEV_006,83
DEV_006_2024-09-20 08:00:00,2024-09-20 08:00:00,DEV_006,66
DEV_006_2024-09-20 12:00:00,2024-09-20 12:00:00,DEV_006,57
DEV_006_2024-09-20 16:00:00,2024-09-20 16:00:00,DEV_006,81
DEV_006_2024-09-20 20:00:00,2024-09-20 20:00:00,DEV_006,75
DEV_006_2024-09-21 00:00:00,2024-09-21 00:00:00,DEV_006,52
DEV_006_2024-09-21 04:00:00,2024-09-21 04:00:00,DEV_006,86
DEV_006_2024-09-21 08:00:00,2024-09-21 08:00:00,DEV_006,47
DEV_006_2024-09-21 12:00:00,2024-09-21 12:00:00,DEV_006,85
DEV_006_2024-09-21 16:00:00,2024-09-21 16:00:00,DEV_006,6
DEV_006_2024-09-21 20:00:00,2024-09-21 20:00:00,DEV_006,21
DEV_006_2024-09-22 00:00:00,2024-09-22 00:00:00,DEV_006,93
DEV_006_2024-09-22 04:00:00,2024-09-22 04:00:00,DEV_006,69
DEV_006_2024-09-22 08:00:00,2024-09-22 08:00:00,DEV_006,9
DEV_006_2024-09-22 12:00:00,2024-09-22 12:00:00,DEV_006,93
DEV_006_2024-09-22 16:00:00,2024-09-22 16:00:00,DEV_006,89
DEV_006_2024-09-22 20:00:00,2024-09-22 20:00:00,DEV_006,15
DEV_006_2024-09-23 00:00:00,2024-09-23 00:00:00,DEV_006,56
DEV_006_2024-09-23 04:00:00,2024-09-23 04:00:00,DEV_006,70
DEV_006_2024-09-23 08:00:00,2024-09-23 08:00:00,DEV_006,30
DEV_006_2024-09-23 12:00:00,2024-09-23 12:00:00,DEV_006,60
DEV_006_2024-09-23 16:00:00,2024-09-23 16:00:00,DEV_006,21
DEV_006_2024-09-23 20:00:00,2024-09-23 20:00:00,DEV_006,3
DEV_006_2024-09-24 00:00:00,2024-09-24 00:00:00,DEV_006,23
DEV_006_2024-09-24 04:00:00,2024-09-24 04:00:00,DEV_006,29
DEV_006_2024-09-24 08:00:00,2024-09-24 08:00:00,DEV_006,44
DEV_006_2024-09-24 12:00:00,2024-09-24 12:00:00,DEV_006,2
DEV_006_2024-09-24 16:00:00,2024-09-24 16:00:00,DEV_006,50
DEV_006_2024-09-24 20:00:00,2024-09-24 20:00:00,DEV_006,77
DEV_006_2024-09-25 00:00:00,2024-09-25 00:00:00,DEV_006,45
DEV_006_2024-09-25 04:00:00,2024-09-25 04:00:00,DEV_006,20
DEV_006_2024-09-25 08:00:00,2024-09-25 08:00:00,DEV_006,4
DEV_006_2024-09-25 12:00:00,2024-09-25 12:00:00,DEV_006,31
DEV_006_2024-09-25 16:00:00,2024-09-25 16:00:00,DEV_006,35
DEV_006_2024-09-25 20:00:00,2024-09-25 20:00:00,DEV_006,84
DEV_006_2024-09-26 00:00:00,2024-09-26 00:00:00,DEV_006,25
DEV_006_2024-09-26 04:00:00,2024-09-26 04:00:00,DEV_006,8
DEV_006_2024-09-26 08:00:00,2024-09-26 08:00:00,DEV_006,35
DEV_006_2024-09-26 12:00:00,2024-09-26 12:00:00,DEV_006,71
DEV_006_2024-09-26 16:00:00,2024-09-26 16:00:00,DEV_006,83
DEV_006_2024-09-26 20:00:00,2024-09-26 20:00:00,DEV_006,11
DEV_006_2024-09-27 00:00:00,2024-09-27 00:00:00,DEV_006,71
DEV_006_2024-09-27 04:00:00,2024-09-27 04:00:00,DEV_006,12
DEV_006_2024-09-27 08:00:00,2024-09-27 08:00:00,DEV_006,8
DEV_006_2024-09-27 12:00:00,2024-09-27 12:00:00,DEV_006,50
DEV_006_2024-09-27 16:00:00,2024-09-27 16:00:00,DEV_006,63
DEV_006_2024-09-27 20:00:00,2024-09-27 20:00:00,DEV_006,96
DEV_006_2024-09-28 00:00:00,2024-09-28 00:00:00,DEV_006,30
DEV_006_2024-09-28 04:00:00,2024-09-28 04:00:00,DEV_006,70
DEV_006_2024-09-28 08:00:00,2024-09-28 08:00:00,DEV_006,3
DEV_006_2024-09-28 12:00:00,2024-09-28 12:00:00,DEV_006,29
DEV_006_2024-09-28 16:00:00,2024-09-28 16:00:00,DEV_006,44
DEV_006_2024-09-28 20:00:00,2024-09-28 20:00:00,DEV_006,20
DEV_006_2024-09-29 00:00:00,2024-09-29 00:00:00,DEV_006,4
DEV_006_2024-09-29 04:00:00,2024-09-29 04:00:00,DEV_006,81
DEV_006_2024-09-29 08:00:00,2024-09-29 08:00:00,DEV_006,88
DEV_006_2024-09-29 12:00:00,2024-09-29 12:00:00,DEV_006,49
DEV_006_2024-09-29 16:00:00,2024-09-29 16:00:00,DEV_006,23
DEV_006_2024-09-29 20:00:00,2024-09-29 20:00:00,DEV_006,88
DEV_006_2024-09-30 00:00:00,2024-09-30 00:00:00,DEV_006,39
DEV_006_2024-09-30 04:00:00,2024-09-30 04:00:00,DEV_006,44
DEV_006_2024-09-30 08:00:00,2024-09-30 08:00:00,DEV_006,6
DEV_006_2024-09-30 12:00:00,2024-09-30 12:00:00,DEV_006,23
DEV_006_2024-09-30 16:00:00,2024-09-30 16:00:00,DEV_006,34
DEV_006_2024-09-30 20:00:00,2024-09-30 20:00:00,DEV_006,62
DEV_006_2024-10-01 00:00:00,2024-10-01 00:00:00,DEV_006,94
DEV_006_2024-10-01 04:00:00,2024-10-01 04:00:00,DEV_006,26
DEV_006_2024-10-01 08:00:00,2024-10-01 08:00:00,DEV_006,5
DEV_006_2024-10-01 12:00:00,2024-10-01 12:00:00,DEV_006,41
DEV_006_2024-10-01 16:00:00,2024-10-01 16:00:00,DEV_006,7
DEV_006_2024-10-01 20:00:00,2024-10-01 20:00:00,DEV_006,7
DEV_006_2024-10-02 00:00:00,2024-10-02 00:00:00,DEV_006,93
DEV_006_2024-10-02 04:00:00,2024-10-02 04:00:00,DEV_006,61
DEV_006_2024-10-02 08:00:00,2024-10-02 08:00:00,DEV_006,9
DEV_006_2024-10-02 12:00:00,2024-10-02 12:00:00,DEV_006,21
DEV_006_2024-10-02 16:00:00,2024-10-02 16:00:00,DEV_006,99
DEV_006_2024-10-02 20:00:00,2024-10-02 20:00:00,DEV_006,85
DEV_006_2024-10-03 00:00:00,2024-10-03 00:00:00,DEV_006,86
DEV_006_2024-10-03 04:00:00,2024-10-03 04:00:00,DEV_006,2
DEV_006_2024-10-03 08:00:00,2024-10-03 08:00:00,DEV_006,46
DEV_006_2024-10-03 12:00:00,2024-10-03 12:00:00,DEV_006,54
DEV_006_2024-10-03 16:00:00,2024-10-03 16:00:00,DEV_006,68
DEV_006_2024-10-03 20:00:00,2024-10-03 20:00:00,DEV_006,63
DEV_006_2024-10-04 00:00:00,2024-10-04 00:00:00,DEV_006,13
DEV_006_2024-10-04 04:00:00,2024-10-04 04:00:00,DEV_006,99
DEV_006_2024-10-04 08:00:00,2024-10-04 08:00:00,DEV_006,71
DEV_006_2024-10-04 12:00:00,2024-10-04 12:00:00,DEV_006,98
DEV_006_2024-10-04 16:00:00,2024-10-04 16:00:00,DEV_006,57
DEV_006_2024-10-04 20:00:00,2024-10-04 20:00:00,DEV_006,34
DEV_006_2024-10-05 00:00:00,2024-10-05 00:00:00,DEV_006,15
DEV_006_2024-10-05 04:00:00,2024-10-05 04:00:00,DEV_006,42
DEV_006_2024-10-05 08:00:00,2024-10-05 08:00:00,DEV_006,31
DEV_006_2024-10-05 12:00:00,2024-10-05 12:00:00,DEV_006,15
DEV_006_2024-10-05 16:00:00,2024-10-05 16:00:00,DEV_006,65
DEV_006_2024-10-05 20:00:00,2024-10-05 20:00:00,DEV_006,95
DEV_006_2024-10-06 00:00:00,2024-10-06 00:00:00,DEV_006,9
DEV_006_2024-10-06 04:00:00,2024-10-06 04:00:00,DEV_006,79
DEV_006_2024-10-06 08:00:00,2024-10-06 08:00:00,DEV_006,99
DEV_006_2024-10-06 12:00:00,2024-10-06 12:00:00,DEV_006,10
DEV_006_2024-10-06 16:00:00,2024-10-06 16:00:00,DEV_006,15
DEV_006_2024-10-06 20:00:00,2024-10-06 20:00:00,DEV_006,83
DEV_006_2024-10-07 00:00:00,2024-10-07 00:00:00,DEV_006,91
DEV_006_2024-10-07 04:00:00,2024-10-07 04:00:00,DEV_006,6
DEV_006_2024-10-07 08:00:00,2024-10-07 08:00:00,DEV_006,1
DEV_006_2024-10-07 12:00:00,2024-10-07 12:00:00,DEV_006,3
DEV_006_2024-10-07 16:00:00,2024-10-07 16:00:00,DEV_006,39
DEV_006_2024-10-07 20:00:00,2024-10-07 20:00:00,DEV_006,2
DEV_006_2024-10-08 00:00:00,2024-10-08 00:00:00,DEV_006,37
DEV_006_2024-10-08 04:00:00,2024-10-08 04:00:00,DEV_006,84
DEV_006_2024-10-08 08:00:00,2024-10-08 08:00:00,DEV_006,93
DEV_006_2024-10-08 12:00:00,2024-10-08 12:00:00,DEV_006,92
DEV_006_2024-10-08 16:00:00,2024-10-08 16:00:00,DEV_006,16
DEV_006_2024-10-08 20:00:00,2024-10-08 20:00:00,DEV_006,49
DEV_006_2024-10-09 00:00:00,2024-10-09 00:00:00,DEV_006,97
DEV_006_2024-10-09 04:00:00,2024-10-09 04:00:00,DEV_006,29
DEV_006_2024-10-09 08:00:00,2024-10-09 08:00:00,DEV_006,91
DEV_006_2024-10-09 12:00:00,2024-10-09 12:00:00,DEV_006,8
DEV_006_2024-10-09 16:00:00,2024-10-09 16:00:00,DEV_006,8
DEV_006_2024-10-09 20:00:00,2024-10-09 20:00:00,DEV_006,64
DEV_006_2024-10-10 00:00:00,2024-10-10 00:00:00,DEV_006,42
DEV_006_2024-10-10 04:00:00,2024-10-10 04:00:00,DEV_006,82
DEV_006_2024-10-10 08:00:00,2024-10-10 08:00:00,DEV_006,13
DEV_006_2024-10-10 12:00:00,2024-10-10 12:00:00,DEV_006,98
DEV_006_2024-10-10 16:00:00,2024-10-10 16:00:00,DEV_006,10
DEV_006_2024-10-10 20:00:00,2024-10-10 20:00:00,DEV_006,48
DEV_006_2024-10-11 00:00:00,2024-10-11 00:00:00,DEV_006,39
DEV_006_2024-10-11 04:00:00,2024-10-11 04:00:00,DEV_006,44
DEV_006_2024-10-11 08:00:00,2024-10-11 08:00:00,DEV_006,62
DEV_006_2024-10-11 12:00:00,2024-10-11 12:00:00,DEV_006,28
DEV_006_2024-10-11 16:00:00,2024-10-11 16:00:00,DEV_006,62
DEV_006_2024-10-11 20:00:00,2024-10-11 20:00:00,DEV_006,90
DEV_006_2024-10-12 00:00:00,2024-10-12 00:00:00,DEV_006,61
DEV_006_2024-10-12 04:00:00,2024-10-12 04:00:00,DEV_006,35
DEV_006_2024-10-12 08:00:00,2024-10-12 08:00:00,DEV_006,19
DEV_006_2024-10-12 12:00:00,2024-10-12 12:00:00,DEV_006,95
DEV_006_2024-10-12 16:00:00,2024-10-12 16:00:00,DEV_006,17
DEV_006_2024-10-12 20:00:00,2024-10-12 20:00:00,DEV_006,78
DEV_006_2024-10-13 00:00:00,2024-10-13 00:00:00,DEV_006,32
DEV_006_2024-10-13 04:00:00,2024-10-13 04:00:00,DEV_006,17
DEV_006_2024-10-13 08:00:00,2024-10-13 08:00:00,DEV_006,87
DEV_006_2024-10-13 12:00:00,2024-10-13 12:00:00,DEV_006,38
DEV_006_2024-10-13 16:00:00,2024-10-13 16:00:00,DEV_006,5
DEV_006_2024-10-13 20:00:00,2024-10-13 20:00:00,DEV_006,1
DEV_006_2024-10-14 00:00:00,2024-10-14 00:00:00,DEV_006,6
DEV_006_2024-10-14 04:00:00,2024-10-14 04:00:00,DEV_006,87
DEV_006_2024-10-14 08:00:00,2024-10-14 08:00:00,DEV_006,97
DEV_006_2024-10-14 12:00:00,2024-10-14 12:00:00,DEV_006,17
DEV_006_2024-10-14 16:00:00,2024-10-14 16:00:00,DEV_006,4
DEV_006_2024-10-14 20:00:00,2024-10-14 20:00:00,DEV_006,22
DEV_006_2024-10-15 00:00:00,2024-10-15 00:00:00,DEV_006,47
DEV_006_2024-10-15 04:00:00,2024-10-15 04:00:00,DEV_006,38
DEV_006_2024-10-15 08:00:00,2024-10-15 08:00:00,DEV_006,47
DEV_006_2024-10-15 12:00:00,2024-10-15 12:00:00,DEV_006,42
DEV_006_2024-10-15 16:00:00,2024-10-15 16:00:00,DEV_006,21
DEV_006_2024-10-15 20:00:00,2024-10-15 20:00:00,DEV_006,13
DEV_006_2024-10-16 00:00:00,2024-10-16 00:00:00,DEV_006,18
DEV_006_2024-10-16 04:00:00,2024-10-16 04:00:00,DEV_006,44
DEV_006_2024-10-16 08:00:00,2024-10-16 08:00:00,DEV_006,67
DEV_006_2024-10-16 12:00:00,2024-10-16 12:00:00,DEV_006,76
DEV_006_2024-10-16 16:00:00,2024-10-16 16:00:00,DEV_006,95
DEV_006_2024-10-16 20:00:00,2024-10-16 20:00:00,DEV_006,47
DEV_006_2024-10-17 00:00:00,2024-10-17 00:00:00,DEV_006,21
DEV_006_2024-10-17 04:00:00,2024-10-17 04:00:00,DEV_006,37
DEV_006_2024-10-17 08:00:00,2024-10-17 08:00:00,DEV_006,46
DEV_006_2024-10-17 12:00:00,2024-10-17 12:00:00,DEV_006,31
DEV_006_2024-10-17 16:00:00,2024-10-17 16:00:00,DEV_006,88
DEV_006_2024-10-17 20:00:00,2024-10-17 20:00:00,DEV_006,70
DEV_006_2024-10-18 00:00:00,2024-10-18 00:00:00,DEV_006,14
DEV_006_2024-10-18 04:00:00,2024-10-18 04:00:00,DEV_006,21
DEV_006_2024-10-18 08:00:00,2024-10-18 08:00:00,DEV_006,22
DEV_006_2024-10-18 12:00:00,2024-10-18 12:00:00,DEV_006,77
DEV_006_2024-10-18 16:00:00,2024-10-18 16:00:00,DEV_006,9
DEV_006_2024-10-18 20:00:00,2024-10-18 20:00:00,DEV_006,73
DEV_006_2024-10-19 00:00:00,2024-10-19 00:00:00,DEV_006,54
DEV_006_2024-10-19 04:00:00,2024-10-19 04:00:00,DEV_006,14
DEV_006_2024-10-19 08:00:00,2024-10-19 08:00:00,DEV_006,88
DEV_006_2024-10-19 12:00:00,2024-10-19 12:00:00,DEV_006,31
DEV_006_2024-10-19 16:00:00,2024-10-19 16:00:00,DEV_006,38
DEV_006_2024-10-19 20:00:00,2024-10-19 20:00:00,DEV_006,69
DEV_006_2024-10-20 00:00:00,2024-10-20 00:00:00,DEV_006,89
DEV_006_2024-10-20 04:00:00,2024-10-20 04:00:00,DEV_006,61
DEV_006_2024-10-20 08:00:00,2024-10-20 08:00:00,DEV_006,73
DEV_006_2024-10-20 12:00:00,2024-10-20 12:00:00,DEV_006,43
DEV_006_2024-10-20 16:00:00,2024-10-20 16:00:00,DEV_006,67
DEV_006_2024-10-20 20:00:00,2024-10-20 20:00:00,DEV_006,15
DEV_006_2024-10-21 00:00:00,2024-10-21 00:00:00,DEV_006,82
DEV_006_2024-10-21 04:00:00,2024-10-21 04:00:00,DEV_006,50
DEV_006_2024-10-21 08:00:00,2024-10-21 08:00:00,DEV_006,29
DEV_006_2024-10-21 12:00:00,2024-10-21 12:00:00,DEV_006,56
DEV_006_2024-10-21 16:00:00,2024-10-21 16:00:00,DEV_006,92
DEV_006_2024-10-21 20:00:00,2024-10-21 20:00:00,DEV_006,44
DEV_006_2024-10-22 00:00:00,2024-10-22 00:00:00,DEV_006,81
DEV_006_2024-10-22 04:00:00,2024-10-22 04:00:00,DEV_006,89
DEV_006_2024-10-22 08:00:00,2024-10-22 08:00:00,DEV_006,96
DEV_006_2024-10-22 12:00:00,2024-10-22 12:00:00,DEV_006,50
DEV_006_2024-10-22 16:00:00,2024-10-22 16:00:00,DEV_006,58
DEV_006_2024-10-22 20:00:00,2024-10-22 20:00:00,DEV_006,48
DEV_006_2024-10-23 00:00:00,2024-10-23 00:00:00,DEV_006,65
DEV_006_2024-10-23 04:00:00,2024-10-23 04:00:00,DEV_006,9
DEV_006_2024-10-23 08:00:00,2024-10-23 08:00:00,DEV_006,97
DEV_006_2024-10-23 12:00:00,2024-10-23 12:00:00,DEV_006,83
DEV_006_2024-10-23 16:00:00,2024-10-23 16:00:00,DEV_006,67
DEV_006_2024-10-23 20:00:00,2024-10-23 20:00:00,DEV_006,32
DEV_006_2024-10-24 00:00:00,2024-10-24 00:00:00,DEV_006,99
DEV_006_2024-10-24 04:00:00,2024-10-24 04:00:00,DEV_006,34
DEV_006_2024-10-24 08:00:00,2024-10-24 08:00:00,DEV_006,12
DEV_006_2024-10-24 12:00:00,2024-10-24 12:00:00,DEV_006,80
DEV_006_2024-10-24 16:00:00,2024-10-24 16:00:00,DEV_006,44
DEV_006_2024-10-24 20:00:00,2024-10-24 20:00:00,DEV_006,28
DEV_006_2024-10-25 00:00:00,2024-10-25 00:00:00,DEV_006,41
DEV_006_2024-10-25 04:00:00,2024-10-25 04:00:00,DEV_006,77
DEV_006_2024-10-25 08:00:00,2024-10-25 08:00:00,DEV_006,28
DEV_006_2024-10-25 12:00:00,2024-10-25 12:00:00,DEV_006,92
DEV_006_2024-10-25 16:00:00,2024-10-25 16:00:00,DEV_006,6
DEV_006_2024-10-25 20:00:00,2024-10-25 20:00:00,DEV_006,83
DEV_006_2024-10-26 00:00:00,2024-10-26 00:00:00,DEV_006,47
DEV_006_2024-10-26 04:00:00,2024-10-26 04:00:00,DEV_006,1
DEV_006_2024-10-26 08:00:00,2024-10-26 08:00:00,DEV_006,96
DEV_006_2024-10-26 12:00:00,2024-10-26 12:00:00,DEV_006,86
DEV_006_2024-10-26 16:00:00,2024-10-26 16:00:00,DEV_006,28
DEV_006_2024-10-26 20:00:00,2024-10-26 20:00:00,DEV_006,91
DEV_006_2024-10-27 00:00:00,2024-10-27 00:00:00,DEV_006,8
DEV_006_2024-10-27 04:00:00,2024-10-27 04:00:00,DEV_006,26
DEV_006_2024-10-27 08:00:00,2024-10-27 08:00:00,DEV_006,84
DEV_006_2024-10-27 12:00:00,2024-10-27 12:00:00,DEV_006,20
DEV_006_2024-10-27 16:00:00,2024-10-27 16:00:00,DEV_006,91
DEV_006_2024-10-27 20:00:00,2024-10-27 20:00:00,DEV_006,39
DEV_006_2024-10-28 00:00:00,2024-10-28 00:00:00,DEV_006,69
DEV_006_2024-10-28 04:00:00,2024-10-28 04:00:00,DEV_006,69
DEV_006_2024-10-28 08:00:00,2024-10-28 08:00:00,DEV_006,8
DEV_006_2024-10-28 12:00:00,2024-10-28 12:00:00,DEV_006,77
DEV_006_2024-10-28 16:00:00,2024-10-28 16:00:00,DEV_006,53
DEV_006_2024-10-28 20:00:00,2024-10-28 20:00:00,DEV_006,60
DEV_006_2024-10-29 00:00:00,2024-10-29 00:00:00,DEV_006,34
DEV_006_2024-10-29 04:00:00,2024-10-29 04:00:00,DEV_006,3
DEV_006_2024-10-29 08:00:00,2024-10-29 08:00:00,DEV_006,53
DEV_006_2024-10-29 12:00:00,2024-10-29 12:00:00,DEV_006,21
DEV_006_2024-10-29 16:00:00,2024-10-29 16:00:00,DEV_006,53
DEV_006_2024-10-29 20:00:00,2024-10-29 20:00:00,DEV_006,27
DEV_006_2024-10-30 00:00:00,2024-10-30 00:00:00,DEV_006,49
DEV_006_2024-10-30 04:00:00,2024-10-30 04:00:00,DEV_006,9
DEV_006_2024-10-30 08:00:00,2024-10-30 08:00:00,DEV_006,39
DEV_006_2024-10-30 12:00:00,2024-10-30 12:00:00,DEV_006,96
DEV_006_2024-10-30 16:00:00,2024-10-30 16:00:00,DEV_006,86
DEV_006_2024-10-30 20:00:00,2024-10-30 20:00:00,DEV_006,47
DEV_006_2024-10-31 00:00:00,2024-10-31 00:00:00,DEV_006,73
DEV_006_2024-10-31 04:00:00,2024-10-31 04:00:00,DEV_006,51
DEV_006_2024-10-31 08:00:00,2024-10-31 08:00:00,DEV_006,39
DEV_006_2024-10-31 12:00:00,2024-10-31 12:00:00,DEV_006,8
DEV_006_2024-10-31 16:00:00,2024-10-31 16:00:00,DEV_006,26
DEV_006_2024-10-31 20:00:00,2024-10-31 20:00:00,DEV_006,33
DEV_006_2024-11-01 00:00:00,2024-11-01 00:00:00,DEV_006,87
DEV_006_2024-11-01 04:00:00,2024-11-01 04:00:00,DEV_006,45
DEV_006_2024-11-01 08:00:00,2024-11-01 08:00:00,DEV_006,75
DEV_006_2024-11-01 12:00:00,2024-11-01 12:00:00,DEV_006,52
DEV_006_2024-11-01 16:00:00,2024-11-01 16:00:00,DEV_006,46
DEV_006_2024-11-01 20:00:00,2024-11-01 20:00:00,DEV_006,81
DEV_006_2024-11-02 00:00:00,2024-11-02 00:00:00,DEV_006,14
DEV_006_2024-11-02 04:00:00,2024-11-02 04:00:00,DEV_006,9
DEV_006_2024-11-02 08:00:00,2024-11-02 08:00:00,DEV_006,68
DEV_006_2024-11-02 12:00:00,2024-11-02 12:00:00,DEV_006,18
DEV_006_2024-11-02 16:00:00,2024-11-02 16:00:00,DEV_006,97
DEV_006_2024-11-02 20:00:00,2024-11-02 20:00:00,DEV_006,5
DEV_006_2024-11-03 00:00:00,2024-11-03 00:00:00,DEV_006,87
DEV_006_2024-11-03 04:00:00,2024-11-03 04:00:00,DEV_006,11
DEV_006_2024-11-03 08:00:00,2024-11-03 08:00:00,DEV_006,35
DEV_006_2024-11-03 12:00:00,2024-11-03 12:00:00,DEV_006,65
DEV_006_2024-11-03 16:00:00,2024-11-03 16:00:00,DEV_006,60
DEV_006_2024-11-03 20:00:00,2024-11-03 20:00:00,DEV_006,11
DEV_006_2024-11-04 00:00:00,2024-11-04 00:00:00,DEV_006,29
DEV_006_2024-11-04 04:00:00,2024-11-04 04:00:00,DEV_006,97
DEV_006_2024-11-04 08:00:00,2024-11-04 08:00:00,DEV_006,14
DEV_006_2024-11-04 12:00:00,2024-11-04 12:00:00,DEV_006,87
DEV_006_2024-11-04 16:00:00,2024-11-04 16:00:00,DEV_006,36
DEV_006_2024-11-04 20:00:00,2024-11-04 20:00:00,DEV_006,28
DEV_006_2024-11-05 00:00:00,2024-11-05 00:00:00,DEV_006,16
DEV_006_2024-11-05 04:00:00,2024-11-05 04:00:00,DEV_006,15
DEV_006_2024-11-05 08:00:00,2024-11-05 08:00:00,DEV_006,24
DEV_006_2024-11-05 12:00:00,2024-11-05 12:00:00,DEV_006,14
DEV_006_2024-11-05 16:00:00,2024-11-05 16:00:00,DEV_006,17
DEV_006_2024-11-05 20:00:00,2024-11-05 20:00:00,DEV_006,82
DEV_006_2024-11-06 00:00:00,2024-11-06 00:00:00,DEV_006,86
DEV_006_2024-11-06 04:00:00,2024-11-06 04:00:00,DEV_006,17
DEV_006_2024-11-06 08:00:00,2024-11-06 08:00:00,DEV_006,42
DEV_006_2024-11-06 12:00:00,2024-11-06 12:00:00,DEV_006,59
DEV_006_2024-11-06 16:00:00,2024-11-06 16:00:00,DEV_006,19
DEV_006_2024-11-06 20:00:00,2024-11-06 20:00:00,DEV_006,6
DEV_006_2024-11-07 00:00:00,2024-11-07 00:00:00,DEV_006,72
DEV_006_2024-11-07 04:00:00,2024-11-07 04:00:00,DEV_006,8
DEV_006_2024-11-07 08:00:00,2024-11-07 08:00:00,DEV_006,52
DEV_006_2024-11-07 12:00:00,2024-11-07 12:00:00,DEV_006,61
DEV_006_2024-11-07 16:00:00,2024-11-07 16:00:00,DEV_006,41
DEV_006_2024-11-07 20:00:00,2024-11-07 20:00:00,DEV_006,51
DEV_006_2024-11-08 00:00:00,2024-11-08 00:00:00,DEV_006,60
DEV_006_2024-11-08 04:00:00,2024-11-08 04:00:00,DEV_006,51
DEV_006_2024-11-08 08:00:00,2024-11-08 08:00:00,DEV_006,23
DEV_006_2024-11-08 12:00:00,2024-11-08 12:00:00,DEV_006,51
DEV_006_2024-11-08 16:00:00,2024-11-08 16:00:00,DEV_006,25
DEV_006_2024-11-08 20:00:00,2024-11-08 20:00:00,DEV_006,69
DEV_006_2024-11-09 00:00:00,2024-11-09 00:00:00,DEV_006,21
DEV_006_2024-11-09 04:00:00,2024-11-09 04:00:00,DEV_006,48
DEV_006_2024-11-09 08:00:00,2024-11-09 08:00:00,DEV_006,16
DEV_006_2024-11-09 12:00:00,2024-11-09 12:00:00,DEV_006,24
DEV_006_2024-11-09 16:00:00,2024-11-09 16:00:00,DEV_006,92
DEV_006_2024-11-09 20:00:00,2024-11-09 20:00:00,DEV_006,68
DEV_006_2024-11-10 00:00:00,2024-11-10 00:00:00,DEV_006,24
DEV_006_2024-11-10 04:00:00,2024-11-10 04:00:00,DEV_006,87
DEV_006_2024-11-10 08:00:00,2024-11-10 08:00:00,DEV_006,13
DEV_006_2024-11-10 12:00:00,2024-11-10 12:00:00,DEV_006,50
DEV_006_2024-11-10 16:00:00,2024-11-10 16:00:00,DEV_006,7
DEV_006_2024-11-10 20:00:00,2024-11-10 20:00:00,DEV_006,97
DEV_006_2024-11-11 00:00:00,2024-11-11 00:00:00,DEV_006,25
DEV_006_2024-11-11 04:00:00,2024-11-11 04:00:00,DEV_006,42
DEV_006_2024-11-11 08:00:00,2024-11-11 08:00:00,DEV_006,13
DEV_006_2024-11-11 12:00:00,2024-11-11 12:00:00,DEV_006,5
DEV_006_2024-11-11 16:00:00,2024-11-11 16:00:00,DEV_006,90
DEV_006_2024-11-11 20:00:00,2024-11-11 20:00:00,DEV_006,40
DEV_006_2024-11-12 00:00:00,2024-11-12 00:00:00,DEV_006,72
DEV_006_2024-11-12 04:00:00,2024-11-12 04:00:00,DEV_006,74
DEV_006_2024-11-12 08:00:00,2024-11-12 08:00:00,DEV_006,88
DEV_006_2024-11-12 12:00:00,2024-11-12 12:00:00,DEV_006,97
DEV_006_2024-11-12 16:00:00,2024-11-12 16:00:00,DEV_006,67
DEV_006_2024-11-12 20:00:00,2024-11-12 20:00:00,DEV_006,59
DEV_006_2024-11-13 00:00:00,2024-11-13 00:00:00,DEV_006,71
DEV_006_2024-11-13 04:00:00,2024-11-13 04:00:00,DEV_006,12
DEV_006_2024-11-13 08:00:00,2024-11-13 08:00:00,DEV_006,83
DEV_006_2024-11-13 12:00:00,2024-11-13 12:00:00,DEV_006,54
DEV_006_2024-11-13 16:00:00,2024-11-13 16:00:00,DEV_006,36
DEV_006_2024-11-13 20:00:00,2024-11-13 20:00:00,DEV_006,80
DEV_006_2024-11-14 00:00:00,2024-11-14 00:00:00,DEV_006,78
DEV_006_2024-11-14 04:00:00,2024-11-14 04:00:00,DEV_006,2
DEV_006_2024-11-14 08:00:00,2024-11-14 08:00:00,DEV_006,86
DEV_006_2024-11-14 12:00:00,2024-11-14 12:00:00,DEV_006,13
DEV_006_2024-11-14 16:00:00,2024-11-14 16:00:00,DEV_006,36
DEV_006_2024-11-14 20:00:00,2024-11-14 20:00:00,DEV_006,57
DEV_006_2024-11-15 00:00:00,2024-11-15 00:00:00,DEV_006,34
DEV_006_2024-11-15 04:00:00,2024-11-15 04:00:00,DEV_006,56
DEV_006_2024-11-15 08:00:00,2024-11-15 08:00:00,DEV_006,13
DEV_006_2024-11-15 12:00:00,2024-11-15 12:00:00,DEV_006,83
DEV_006_2024-11-15 16:00:00,2024-11-15 16:00:00,DEV_006,87
DEV_006_2024-11-15 20:00:00,2024-11-15 20:00:00,DEV_006,32
DEV_006_2024-11-16 00:00:00,2024-11-16 00:00:00,DEV_006,99
DEV_006_2024-11-16 04:00:00,2024-11-16 04:00:00,DEV_006,53
DEV_006_2024-11-16 08:00:00,2024-11-16 08:00:00,DEV_006,12
DEV_006_2024-11-16 12:00:00,2024-11-16 12:00:00,DEV_006,56
DEV_006_2024-11-16 16:00:00,2024-11-16 16:00:00,DEV_006,7
DEV_006_2024-11-16 20:00:00,2024-11-16 20:00:00,DEV_006,79
DEV_006_2024-11-17 00:00:00,2024-11-17 00:00:00,DEV_006,13
DEV_006_2024-11-17 04:00:00,2024-11-17 04:00:00,DEV_006,89
DEV_006_2024-11-17 08:00:00,2024-11-17 08:00:00,DEV_006,15
DEV_006_2024-11-17 12:00:00,2024-11-17 12:00:00,DEV_006,5
DEV_006_2024-11-17 16:00:00,2024-11-17 16:00:00,DEV_006,6
DEV_006_2024-11-17 20:00:00,2024-11-17 20:00:00,DEV_006,53
DEV_006_2024-11-18 00:00:00,2024-11-18 00:00:00,DEV_006,72
DEV_006_2024-11-18 04:00:00,2024-11-18 04:00:00,DEV_006,1
DEV_006_2024-11-18 08:00:00,2024-11-18 08:00:00,DEV_006,38
DEV_006_2024-11-18 12:00:00,2024-11-18 12:00:00,DEV_006,39
DEV_006_2024-11-18 16:00:00,2024-11-18 16:00:00,DEV_006,68
DEV_006_2024-11-18 20:00:00,2024-11-18 20:00:00,DEV_006,30
DEV_006_2024-11-19 00:00:00,2024-11-19 00:00:00,DEV_006,73
DEV_006_2024-11-19 04:00:00,2024-11-19 04:00:00,DEV_006,61
DEV_006_2024-11-19 08:00:00,2024-11-19 08:00:00,DEV_006,53
DEV_006_2024-11-19 12:00:00,2024-11-19 12:00:00,DEV_006,33
DEV_006_2024-11-19 16:00:00,2024-11-19 16:00:00,DEV_006,84
DEV_006_2024-11-19 20:00:00,2024-11-19 20:00:00,DEV_006,5
DEV_006_2024-11-20 00:00:00,2024-11-20 00:00:00,DEV_006,16
DEV_006_2024-11-20 04:00:00,2024-11-20 04:00:00,DEV_006,80
DEV_006_2024-11-20 08:00:00,2024-11-20 08:00:00,DEV_006,84
DEV_006_2024-11-20 12:00:00,2024-11-20 12:00:00,DEV_006,18
DEV_006_2024-11-20 16:00:00,2024-11-20 16:00:00,DEV_006,29
DEV_006_2024-11-20 20:00:00,2024-11-20 20:00:00,DEV_006,57
DEV_006_2024-11-21 00:00:00,2024-11-21 00:00:00,DEV_006,92
DEV_006_2024-11-21 04:00:00,2024-11-21 04:00:00,DEV_006,89
DEV_006_2024-11-21 08:00:00,2024-11-21 08:00:00,DEV_006,28
DEV_006_2024-11-21 12:00:00,2024-11-21 12:00:00,DEV_006,19
DEV_006_2024-11-21 16:00:00,2024-11-21 16:00:00,DEV_006,82
DEV_006_2024-11-21 20:00:00,2024-11-21 20:00:00,DEV_006,44
DEV_006_2024-11-22 00:00:00,2024-11-22 00:00:00,DEV_006,91
DEV_006_2024-11-22 04:00:00,2024-11-22 04:00:00,DEV_006,21
DEV_006_2024-11-22 08:00:00,2024-11-22 08:00:00,DEV_006,9
DEV_006_2024-11-22 12:00:00,2024-11-22 12:00:00,DEV_006,52
DEV_006_2024-11-22 16:00:00,2024-11-22 16:00:00,DEV_006,16
DEV_006_2024-11-22 20:00:00,2024-11-22 20:00:00,DEV_006,94
DEV_006_2024-11-23 00:00:00,2024-11-23 00:00:00,DEV_006,21
DEV_006_2024-11-23 04:00:00,2024-11-23 04:00:00,DEV_006,24
DEV_006_2024-11-23 08:00:00,2024-11-23 08:00:00,DEV_006,30
DEV_006_2024-11-23 12:00:00,2024-11-23 12:00:00,DEV_006,70
DEV_006_2024-11-23 16:00:00,2024-11-23 16:00:00,DEV_006,99
DEV_006_2024-11-23 20:00:00,2024-11-23 20:00:00,DEV_006,20
DEV_006_2024-11-24 00:00:00,2024-11-24 00:00:00,DEV_006,20
DEV_006_2024-11-24 04:00:00,2024-11-24 04:00:00,DEV_006,62
DEV_006_2024-11-24 08:00:00,2024-11-24 08:00:00,DEV_006,17
DEV_006_2024-11-24 12:00:00,2024-11-24 12:00:00,DEV_006,41
DEV_006_2024-11-24 16:00:00,2024-11-24 16:00:00,DEV_006,26
DEV_006_2024-11-24 20:00:00,2024-11-24 20:00:00,DEV_006,31
DEV_006_2024-11-25 00:00:00,2024-11-25 00:00:00,DEV_006,33
DEV_006_2024-11-25 04:00:00,2024-11-25 04:00:00,DEV_006,37
DEV_006_2024-11-25 08:00:00,2024-11-25 08:00:00,DEV_006,69
DEV_006_2024-11-25 12:00:00,2024-11-25 12:00:00,DEV_006,59
DEV_006_2024-11-25 16:00:00,2024-11-25 16:00:00,DEV_006,44
DEV_006_2024-11-25 20:00:00,2024-11-25 20:00:00,DEV_006,92
DEV_006_2024-11-26 00:00:00,2024-11-26 00:00:00,DEV_006,33
DEV_006_2024-11-26 04:00:00,2024-11-26 04:00:00,DEV_006,78
DEV_006_2024-11-26 08:00:00,2024-11-26 08:00:00,DEV_006,47
DEV_006_2024-11-26 12:00:00,2024-11-26 12:00:00,DEV_006,9
DEV_006_2024-11-26 16:00:00,2024-11-26 16:00:00,DEV_006,88
DEV_006_2024-11-26 20:00:00,2024-11-26 20:00:00,DEV_006,36
DEV_006_2024-11-27 00:00:00,2024-11-27 00:00:00,DEV_006,32
DEV_006_2024-11-27 04:00:00,2024-11-27 04:00:00,DEV_006,84
DEV_006_2024-11-27 08:00:00,2024-11-27 08:00:00,DEV_006,61
DEV_006_2024-11-27 12:00:00,2024-11-27 12:00:00,DEV_006,53
DEV_006_2024-11-27 16:00:00,2024-11-27 16:00:00,DEV_006,91
DEV_006_2024-11-27 20:00:00,2024-11-27 20:00:00,DEV_006,59
DEV_006_2024-11-28 00:00:00,2024-11-28 00:00:00,DEV_006,40
DEV_006_2024-11-28 04:00:00,2024-11-28 04:00:00,DEV_006,97
DEV_006_2024-11-28 08:00:00,2024-11-28 08:00:00,DEV_006,16
DEV_006_2024-11-28 12:00:00,2024-11-28 12:00:00,DEV_006,57
DEV_006_2024-11-28 16:00:00,2024-11-28 16:00:00,DEV_006,78
DEV_006_2024-11-28 20:00:00,2024-11-28 20:00:00,DEV_006,33
DEV_006_2024-11-29 00:00:00,2024-11-29 00:00:00,DEV_006,54
DEV_006_2024-11-29 04:00:00,2024-11-29 04:00:00,DEV_006,8
DEV_006_2024-11-29 08:00:00,2024-11-29 08:00:00,DEV_006,92
DEV_006_2024-11-29 12:00:00,2024-11-29 12:00:00,DEV_006,63
DEV_006_2024-11-29 16:00:00,2024-11-29 16:00:00,DEV_006,88
DEV_006_2024-11-29 20:00:00,2024-11-29 20:00:00,DEV_006,87
DEV_006_2024-11-30 00:00:00,2024-11-30 00:00:00,DEV_006,65
DEV_006_2024-11-30 04:00:00,2024-11-30 04:00:00,DEV_006,56
DEV_006_2024-11-30 08:00:00,2024-11-30 08:00:00,DEV_006,85
DEV_006_2024-11-30 12:00:00,2024-11-30 12:00:00,DEV_006,67
DEV_006_2024-11-30 16:00:00,2024-11-30 16:00:00,DEV_006,1
DEV_006_2024-11-30 20:00:00,2024-11-30 20:00:00,DEV_006,63
DEV_006_2024-12-01 00:00:00,2024-12-01 00:00:00,DEV_006,69
DEV_006_2024-12-01 04:00:00,2024-12-01 04:00:00,DEV_006,85
DEV_006_2024-12-01 08:00:00,2024-12-01 08:00:00,DEV_006,41
DEV_006_2024-12-01 12:00:00,2024-12-01 12:00:00,DEV_006,33
DEV_006_2024-12-01 16:00:00,2024-12-01 16:00:00,DEV_006,50
DEV_006_2024-12-01 20:00:00,2024-12-01 20:00:00,DEV_006,77
DEV_006_2024-12-02 00:00:00,2024-12-02 00:00:00,DEV_006,28
DEV_006_2024-12-02 04:00:00,2024-12-02 04:00:00,DEV_006,22
DEV_006_2024-12-02 08:00:00,2024-12-02 08:00:00,DEV_006,34
DEV_006_2024-12-02 12:00:00,2024-12-02 12:00:00,DEV_006,34
DEV_006_2024-12-02 16:00:00,2024-12-02 16:00:00,DEV_006,98
DEV_006_2024-12-02 20:00:00,2024-12-02 20:00:00,DEV_006,84
DEV_006_2024-12-03 00:00:00,2024-12-03 00:00:00,DEV_006,86
DEV_006_2024-12-03 04:00:00,2024-12-03 04:00:00,DEV_006,25
DEV_006_2024-12-03 08:00:00,2024-12-03 08:00:00,DEV_006,20
DEV_006_2024-12-03 12:00:00,2024-12-03 12:00:00,DEV_006,19
DEV_006_2024-12-03 16:00:00,2024-12-03 16:00:00,DEV_006,5
DEV_006_2024-12-03 20:00:00,2024-12-03 20:00:00,DEV_006,54
DEV_006_2024-12-04 00:00:00,2024-12-04 00:00:00,DEV_006,64
DEV_006_2024-12-04 04:00:00,2024-12-04 04:00:00,DEV_006,47
DEV_006_2024-12-04 08:00:00,2024-12-04 08:00:00,DEV_006,31
DEV_006_2024-12-04 12:00:00,2024-12-04 12:00:00,DEV_006,45
DEV_006_2024-12-04 16:00:00,2024-12-04 16:00:00,DEV_006,76
DEV_006_2024-12-04 20:00:00,2024-12-04 20:00:00,DEV_006,1
DEV_006_2024-12-05 00:00:00,2024-12-05 00:00:00,DEV_006,7
DEV_006_2024-12-05 04:00:00,2024-12-05 04:00:00,DEV_006,68
DEV_006_2024-12-05 08:00:00,2024-12-05 08:00:00,DEV_006,46
DEV_006_2024-12-05 12:00:00,2024-12-05 12:00:00,DEV_006,20
DEV_006_2024-12-05 16:00:00,2024-12-05 16:00:00,DEV_006,59
DEV_006_2024-12-05 20:00:00,2024-12-05 20:00:00,DEV_006,33
DEV_006_2024-12-06 00:00:00,2024-12-06 00:00:00,DEV_006,6
DEV_006_2024-12-06 04:00:00,2024-12-06 04:00:00,DEV_006,87
DEV_006_2024-12-06 08:00:00,2024-12-06 08:00:00,DEV_006,16
DEV_006_2024-12-06 12:00:00,2024-12-06 12:00:00,DEV_006,47
DEV_006_2024-12-06 16:00:00,2024-12-06 16:00:00,DEV_006,18
DEV_006_2024-12-06 20:00:00,2024-12-06 20:00:00,DEV_006,91
DEV_006_2024-12-07 00:00:00,2024-12-07 00:00:00,DEV_006,92
DEV_006_2024-12-07 04:00:00,2024-12-07 04:00:00,DEV_006,76
DEV_006_2024-12-07 08:00:00,2024-12-07 08:00:00,DEV_006,53
DEV_006_2024-12-07 12:00:00,2024-12-07 12:00:00,DEV_006,28
DEV_006_2024-12-07 16:00:00,2024-12-07 16:00:00,DEV_006,20
DEV_006_2024-12-07 20:00:00,2024-12-07 20:00:00,DEV_006,2
DEV_006_2024-12-08 00:00:00,2024-12-08 00:00:00,DEV_006,73
DEV_006_2024-12-08 04:00:00,2024-12-08 04:00:00,DEV_006,73
DEV_006_2024-12-08 08:00:00,2024-12-08 08:00:00,DEV_006,91
DEV_006_2024-12-08 12:00:00,2024-12-08 12:00:00,DEV_006,84
DEV_006_2024-12-08 16:00:00,2024-12-08 16:00:00,DEV_006,11
DEV_006_2024-12-08 20:00:00,2024-12-08 20:00:00,DEV_006,18
DEV_006_2024-12-09 00:00:00,2024-12-09 00:00:00,DEV_006,17
DEV_006_2024-12-09 04:00:00,2024-12-09 04:00:00,DEV_006,95
DEV_006_2024-12-09 08:00:00,2024-12-09 08:00:00,DEV_006,44
DEV_006_2024-12-09 12:00:00,2024-12-09 12:00:00,DEV_006,77
DEV_006_2024-12-09 16:00:00,2024-12-09 16:00:00,DEV_006,87
DEV_006_2024-12-09 20:00:00,2024-12-09 20:00:00,DEV_006,45
DEV_006_2024-12-10 00:00:00,2024-12-10 00:00:00,DEV_006,51
DEV_006_2024-12-10 04:00:00,2024-12-10 04:00:00,DEV_006,64
DEV_006_2024-12-10 08:00:00,2024-12-10 08:00:00,DEV_006,18
DEV_006_2024-12-10 12:00:00,2024-12-10 12:00:00,DEV_006,9
DEV_006_2024-12-10 16:00:00,2024-12-10 16:00:00,DEV_006,17
DEV_006_2024-12-10 20:00:00,2024-12-10 20:00:00,DEV_006,21
DEV_006_2024-12-11 00:00:00,2024-12-11 00:00:00,DEV_006,89
DEV_006_2024-12-11 04:00:00,2024-12-11 04:00:00,DEV_006,24
DEV_006_2024-12-11 08:00:00,2024-12-11 08:00:00,DEV_006,88
DEV_006_2024-12-11 12:00:00,2024-12-11 12:00:00,DEV_006,31
DEV_006_2024-12-11 16:00:00,2024-12-11 16:00:00,DEV_006,70
DEV_006_2024-12-11 20:00:00,2024-12-11 20:00:00,DEV_006,49
DEV_006_2024-12-12 00:00:00,2024-12-12 00:00:00,DEV_006,99
DEV_006_2024-12-12 04:00:00,2024-12-12 04:00:00,DEV_006,82
DEV_006_2024-12-12 08:00:00,2024-12-12 08:00:00,DEV_006,78
DEV_006_2024-12-12 12:00:00,2024-12-12 12:00:00,DEV_006,30
DEV_006_2024-12-12 16:00:00,2024-12-12 16:00:00,DEV_006,23
DEV_006_2024-12-12 20:00:00,2024-12-12 20:00:00,DEV_006,71
DEV_006_2024-12-13 00:00:00,2024-12-13 00:00:00,DEV_006,72
DEV_006_2024-12-13 04:00:00,2024-12-13 04:00:00,DEV_006,77
DEV_006_2024-12-13 08:00:00,2024-12-13 08:00:00,DEV_006,44
DEV_006_2024-12-13 12:00:00,2024-12-13 12:00:00,DEV_006,51
DEV_006_2024-12-13 16:00:00,2024-12-13 16:00:00,DEV_006,41
DEV_006_2024-12-13 20:00:00,2024-12-13 20:00:00,DEV_006,49
DEV_006_2024-12-14 00:00:00,2024-12-14 00:00:00,DEV_006,40
DEV_006_2024-12-14 04:00:00,2024-12-14 04:00:00,DEV_006,15
DEV_006_2024-12-14 08:00:00,2024-12-14 08:00:00,DEV_006,63
DEV_006_2024-12-14 12:00:00,2024-12-14 12:00:00,DEV_006,25
DEV_006_2024-12-14 16:00:00,2024-12-14 16:00:00,DEV_006,46
DEV_006_2024-12-14 20:00:00,2024-12-14 20:00:00,DEV_006,61
DEV_006_2024-12-15 00:00:00,2024-12-15 00:00:00,DEV_006,45
DEV_006_2024-12-15 04:00:00,2024-12-15 04:00:00,DEV_006,17
DEV_006_2024-12-15 08:00:00,2024-12-15 08:00:00,DEV_006,91
DEV_006_2024-12-15 12:00:00,2024-12-15 12:00:00,DEV_006,63
DEV_006_2024-12-15 16:00:00,2024-12-15 16:00:00,DEV_006,18
DEV_006_2024-12-15 20:00:00,2024-12-15 20:00:00,DEV_006,91
DEV_006_2024-12-16 00:00:00,2024-12-16 00:00:00,DEV_006,94
DEV_006_2024-12-16 04:00:00,2024-12-16 04:00:00,DEV_006,81
DEV_006_2024-12-16 08:00:00,2024-12-16 08:00:00,DEV_006,74
DEV_006_2024-12-16 12:00:00,2024-12-16 12:00:00,DEV_006,16
DEV_006_2024-12-16 16:00:00,2024-12-16 16:00:00,DEV_006,32
DEV_006_2024-12-16 20:00:00,2024-12-16 20:00:00,DEV_006,77
DEV_006_2024-12-17 00:00:00,2024-12-17 00:00:00,DEV_006,78
DEV_006_2024-12-17 04:00:00,2024-12-17 04:00:00,DEV_006,16
DEV_006_2024-12-17 08:00:00,2024-12-17 08:00:00,DEV_006,73
DEV_006_2024-12-17 12:00:00,2024-12-17 12:00:00,DEV_006,31
DEV_006_2024-12-17 16:00:00,2024-12-17 16:00:00,DEV_006,31
DEV_006_2024-12-17 20:00:00,2024-12-17 20:00:00,DEV_006,63
DEV_006_2024-12-18 00:00:00,2024-12-18 00:00:00,DEV_006,19
DEV_006_2024-12-18 04:00:00,2024-12-18 04:00:00,DEV_006,93
DEV_006_2024-12-18 08:00:00,2024-12-18 08:00:00,DEV_006,84
DEV_006_2024-12-18 12:00:00,2024-12-18 12:00:00,DEV_006,2
DEV_006_2024-12-18 16:00:00,2024-12-18 16:00:00,DEV_006,39
DEV_006_2024-12-18 20:00:00,2024-12-18 20:00:00,DEV_006,5
DEV_006_2024-12-19 00:00:00,2024-12-19 00:00:00,DEV_006,40
DEV_006_2024-12-19 04:00:00,2024-12-19 04:00:00,DEV_006,87
DEV_006_2024-12-19 08:00:00,2024-12-19 08:00:00,DEV_006,3
DEV_006_2024-12-19 12:00:00,2024-12-19 12:00:00,DEV_006,46
DEV_006_2024-12-19 16:00:00,2024-12-19 16:00:00,DEV_006,49
DEV_006_2024-12-19 20:00:00,2024-12-19 20:00:00,DEV_006,30
DEV_006_2024-12-20 00:00:00,2024-12-20 00:00:00,DEV_006,96
DEV_006_2024-12-20 04:00:00,2024-12-20 04:00:00,DEV_006,7
DEV_006_2024-12-20 08:00:00,2024-12-20 08:00:00,DEV_006,8
DEV_006_2024-12-20 12:00:00,2024-12-20 12:00:00,DEV_006,32
DEV_006_2024-12-20 16:00:00,2024-12-20 16:00:00,DEV_006,42
DEV_006_2024-12-20 20:00:00,2024-12-20 20:00:00,DEV_006,77
DEV_006_2024-12-21 00:00:00,2024-12-21 00:00:00,DEV_006,92
DEV_006_2024-12-21 04:00:00,2024-12-21 04:00:00,DEV_006,92
DEV_006_2024-12-21 08:00:00,2024-12-21 08:00:00,DEV_006,65
DEV_006_2024-12-21 12:00:00,2024-12-21 12:00:00,DEV_006,87
DEV_006_2024-12-21 16:00:00,2024-12-21 16:00:00,DEV_006,11
DEV_006_2024-12-21 20:00:00,2024-12-21 20:00:00,DEV_006,18
DEV_006_2024-12-22 00:00:00,2024-12-22 00:00:00,DEV_006,8
DEV_006_2024-12-22 04:00:00,2024-12-22 04:00:00,DEV_006,84
DEV_006_2024-12-22 08:00:00,2024-12-22 08:00:00,DEV_006,48
DEV_006_2024-12-22 12:00:00,2024-12-22 12:00:00,DEV_006,39
DEV_006_2024-12-22 16:00:00,2024-12-22 16:00:00,DEV_006,70
DEV_006_2024-12-22 20:00:00,2024-12-22 20:00:00,DEV_006,65
DEV_006_2024-12-23 00:00:00,2024-12-23 00:00:00,DEV_006,15
DEV_006_2024-12-23 04:00:00,2024-12-23 04:00:00,DEV_006,60
DEV_006_2024-12-23 08:00:00,2024-12-23 08:00:00,DEV_006,28
DEV_006_2024-12-23 12:00:00,2024-12-23 12:00:00,DEV_006,84
DEV_006_2024-12-23 16:00:00,2024-12-23 16:00:00,DEV_006,92
DEV_006_2024-12-23 20:00:00,2024-12-23 20:00:00,DEV_006,24
DEV_006_2024-12-24 00:00:00,2024-12-24 00:00:00,DEV_006,90
DEV_006_2024-12-24 04:00:00,2024-12-24 04:00:00,DEV_006,65
DEV_006_2024-12-24 08:00:00,2024-12-24 08:00:00,DEV_006,90
DEV_006_2024-12-24 12:00:00,2024-12-24 12:00:00,DEV_006,19
DEV_006_2024-12-24 16:00:00,2024-12-24 16:00:00,DEV_006,37
DEV_006_2024-12-24 20:00:00,2024-12-24 20:00:00,DEV_006,19
DEV_006_2024-12-25 00:00:00,2024-12-25 00:00:00,DEV_006,66
DEV_006_2024-12-25 04:00:00,2024-12-25 04:00:00,DEV_006,35
DEV_006_2024-12-25 08:00:00,2024-12-25 08:00:00,DEV_006,47
DEV_006_2024-12-25 12:00:00,2024-12-25 12:00:00,DEV_006,87
DEV_006_2024-12-25 16:00:00,2024-12-25 16:00:00,DEV_006,95
DEV_006_2024-12-25 20:00:00,2024-12-25 20:00:00,DEV_006,61
DEV_006_2024-12-26 00:00:00,2024-12-26 00:00:00,DEV_006,51
DEV_006_2024-12-26 04:00:00,2024-12-26 04:00:00,DEV_006,57
DEV_006_2024-12-26 08:00:00,2024-12-26 08:00:00,DEV_006,44
DEV_006_2024-12-26 12:00:00,2024-12-26 12:00:00,DEV_006,68
DEV_006_2024-12-26 16:00:00,2024-12-26 16:00:00,DEV_006,72
DEV_006_2024-12-26 20:00:00,2024-12-26 20:00:00,DEV_006,43
DEV_006_2024-12-27 00:00:00,2024-12-27 00:00:00,DEV_006,6
DEV_006_2024-12-27 04:00:00,2024-12-27 04:00:00,DEV_006,11
DEV_006_2024-12-27 08:00:00,2024-12-27 08:00:00,DEV_006,21
DEV_006_2024-12-27 12:00:00,2024-12-27 12:00:00,DEV_006,79
DEV_006_2024-12-27 16:00:00,2024-12-27 16:00:00,DEV_006,18
DEV_006_2024-12-27 20:00:00,2024-12-27 20:00:00,DEV_006,38
DEV_006_2024-12-28 00:00:00,2024-12-28 00:00:00,DEV_006,67
DEV_006_2024-12-28 04:00:00,2024-12-28 04:00:00,DEV_006,11
DEV_006_2024-12-28 08:00:00,2024-12-28 08:00:00,DEV_006,76
DEV_006_2024-12-28 12:00:00,2024-12-28 12:00:00,DEV_006,94
DEV_006_2024-12-28 16:00:00,2024-12-28 16:00:00,DEV_006,46
DEV_006_2024-12-28 20:00:00,2024-12-28 20:00:00,DEV_006,59
DEV_006_2024-12-29 00:00:00,2024-12-29 00:00:00,DEV_006,36
DEV_006_2024-12-29 04:00:00,2024-12-29 04:00:00,DEV_006,70
DEV_006_2024-12-29 08:00:00,2024-12-29 08:00:00,DEV_006,59
DEV_006_2024-12-29 12:00:00,2024-12-29 12:00:00,DEV_006,37
DEV_006_2024-12-29 16:00:00,2024-12-29 16:00:00,DEV_006,96
DEV_006_2024-12-29 20:00:00,2024-12-29 20:00:00,DEV_006,58
DEV_007_2024-09-01 00:00:00,2024-09-01 00:00:00,DEV_007,92
DEV_007_2024-09-01 02:00:00,2024-09-01 02:00:00,DEV_007,6
DEV_007_2024-09-01 04:00:00,2024-09-01 04:00:00,DEV_007,61
DEV_007_2024-09-01 06:00:00,2024-09-01 06:00:00,DEV_007,13
DEV_007_2024-09-01 08:00:00,2024-09-01 08:00:00,DEV_007,77
DEV_007_2024-09-01 10:00:00,2024-09-01 10:00:00,DEV_007,93
DEV_007_2024-09-01 12:00:00,2024-09-01 12:00:00,DEV_007,72
DEV_007_2024-09-01 14:00:00,2024-09-01 14:00:00,DEV_007,79
DEV_007_2024-09-01 16:00:00,2024-09-01 16:00:00,DEV_007,32
DEV_007_2024-09-01 18:00:00,2024-09-01 18:00:00,DEV_007,35
DEV_007_2024-09-01 20:00:00,2024-09-01 20:00:00,DEV_007,7
DEV_007_2024-09-01 22:00:00,2024-09-01 22:00:00,DEV_007,9
DEV_007_2024-09-02 00:00:00,2024-09-02 00:00:00,DEV_007,86
DEV_007_2024-09-02 02:00:00,2024-09-02 02:00:00,DEV_007,40
DEV_007_2024-09-02 04:00:00,2024-09-02 04:00:00,DEV_007,91
DEV_007_2024-09-02 06:00:00,2024-09-02 06:00:00,DEV_007,30
DEV_007_2024-09-02 08:00:00,2024-09-02 08:00:00,DEV_007,75
DEV_007_2024-09-02 10:00:00,2024-09-02 10:00:00,DEV_007,1
DEV_007_2024-09-02 12:00:00,2024-09-02 12:00:00,DEV_007,22
DEV_007_2024-09-02 14:00:00,2024-09-02 14:00:00,DEV_007,8
DEV_007_2024-09-02 16:00:00,2024-09-02 16:00:00,DEV_007,9
DEV_007_2024-09-02 18:00:00,2024-09-02 18:00:00,DEV_007,81
DEV_007_2024-09-02 20:00:00,2024-09-02 20:00:00,DEV_007,37
DEV_007_2024-09-02 22:00:00,2024-09-02 22:00:00,DEV_007,57
DEV_007_2024-09-03 00:00:00,2024-09-03 00:00:00,DEV_007,66
DEV_007_2024-09-03 02:00:00,2024-09-03 02:00:00,DEV_007,92
DEV_007_2024-09-03 04:00:00,2024-09-03 04:00:00,DEV_007,97
DEV_007_2024-09-03 06:00:00,2024-09-03 06:00:00,DEV_007,51
DEV_007_2024-09-03 08:00:00,2024-09-03 08:00:00,DEV_007,93
DEV_007_2024-09-03 10:00:00,2024-09-03 10:00:00,DEV_007,76
DEV_007_2024-09-03 12:00:00,2024-09-03 12:00:00,DEV_007,64
DEV_007_2024-09-03 14:00:00,2024-09-03 14:00:00,DEV_007,50
DEV_007_2024-09-03 16:00:00,2024-09-03 16:00:00,DEV_007,46
DEV_007_2024-09-03 18:00:00,2024-09-03 18:00:00,DEV_007,61
DEV_007_2024-09-03 20:00:00,2024-09-03 20:00:00,DEV_007,34
DEV_007_2024-09-03 22:00:00,2024-09-03 22:00:00,DEV_007,60
DEV_007_2024-09-04 00:00:00,2024-09-04 00:00:00,DEV_007,30
DEV_007_2024-09-04 02:00:00,2024-09-04 02:00:00,DEV_007,61
DEV_007_2024-09-04 04:00:00,2024-09-04 04:00:00,DEV_007,63
DEV_007_2024-09-04 06:00:00,2024-09-04 06:00:00,DEV_007,24
DEV_007_2024-09-04 08:00:00,2024-09-04 08:00:00,DEV_007,50
DEV_007_2024-09-04 10:00:00,2024-09-04 10:00:00,DEV_007,48
DEV_007_2024-09-04 12:00:00,2024-09-04 12:00:00,DEV_007,4
DEV_007_2024-09-04 14:00:00,2024-09-04 14:00:00,DEV_007,50
DEV_007_2024-09-04 16:00:00,2024-09-04 16:00:00,DEV_007,13
DEV_007_2024-09-04 18:00:00,2024-09-04 18:00:00,DEV_007,71
DEV_007_2024-09-04 20:00:00,2024-09-04 20:00:00,DEV_007,42
DEV_007_2024-09-04 22:00:00,2024-09-04 22:00:00,DEV_007,1
DEV_007_2024-09-05 00:00:00,2024-09-05 00:00:00,DEV_007,52
DEV_007_2024-09-05 02:00:00,2024-09-05 02:00:00,DEV_007,92
DEV_007_2024-09-05 04:00:00,2024-09-05 04:00:00,DEV_007,32
DEV_007_2024-09-05 06:00:00,2024-09-05 06:00:00,DEV_007,77
DEV_007_2024-09-05 08:00:00,2024-09-05 08:00:00,DEV_007,70
DEV_007_2024-09-05 10:00:00,2024-09-05 10:00:00,DEV_007,7
DEV_007_2024-09-05 12:00:00,2024-09-05 12:00:00,DEV_007,27
DEV_007_2024-09-05 14:00:00,2024-09-05 14:00:00,DEV_007,73
DEV_007_2024-09-05 16:00:00,2024-09-05 16:00:00,DEV_007,82
DEV_007_2024-09-05 18:00:00,2024-09-05 18:00:00,DEV_007,85
DEV_007_2024-09-05 20:00:00,2024-09-05 20:00:00,DEV_007,54
DEV_007_2024-09-05 22:00:00,2024-09-05 22:00:00,DEV_007,41
DEV_007_2024-09-06 00:00:00,2024-09-06 00:00:00,DEV_007,75
DEV_007_2024-09-06 02:00:00,2024-09-06 02:00:00,DEV_007,49
DEV_007_2024-09-06 04:00:00,2024-09-06 04:00:00,DEV_007,44
DEV_007_2024-09-06 06:00:00,2024-09-06 06:00:00,DEV_007,20
DEV_007_2024-09-06 08:00:00,2024-09-06 08:00:00,DEV_007,31
DEV_007_2024-09-06 10:00:00,2024-09-06 10:00:00,DEV_007,53
DEV_007_2024-09-06 12:00:00,2024-09-06 12:00:00,DEV_007,62
DEV_007_2024-09-06 14:00:00,2024-09-06 14:00:00,DEV_007,4
DEV_007_2024-09-06 16:00:00,2024-09-06 16:00:00,DEV_007,24
DEV_007_2024-09-06 18:00:00,2024-09-06 18:00:00,DEV_007,94
DEV_007_2024-09-06 20:00:00,2024-09-06 20:00:00,DEV_007,18
DEV_007_2024-09-06 22:00:00,2024-09-06 22:00:00,DEV_007,51
DEV_007_2024-09-07 00:00:00,2024-09-07 00:00:00,DEV_007,35
DEV_007_2024-09-07 02:00:00,2024-09-07 02:00:00,DEV_007,97
DEV_007_2024-09-07 04:00:00,2024-09-07 04:00:00,DEV_007,41
DEV_007_2024-09-07 06:00:00,2024-09-07 06:00:00,DEV_007,57
DEV_007_2024-09-07 08:00:00,2024-09-07 08:00:00,DEV_007,75
DEV_007_2024-09-07 10:00:00,2024-09-07 10:00:00,DEV_007,93
DEV_007_2024-09-07 12:00:00,2024-09-07 12:00:00,DEV_007,26
DEV_007_2024-09-07 14:00:00,2024-09-07 14:00:00,DEV_007,94
DEV_007_2024-09-07 16:00:00,2024-09-07 16:00:00,DEV_007,36
DEV_007_2024-09-07 18:00:00,2024-09-07 18:00:00,DEV_007,70
DEV_007_2024-09-07 20:00:00,2024-09-07 20:00:00,DEV_007,77
DEV_007_2024-09-07 22:00:00,2024-09-07 22:00:00,DEV_007,85
DEV_007_2024-09-08 00:00:00,2024-09-08 00:00:00,DEV_007,67
DEV_007_2024-09-08 02:00:00,2024-09-08 02:00:00,DEV_007,57
DEV_007_2024-09-08 04:00:00,2024-09-08 04:00:00,DEV_007,21
DEV_007_2024-09-08 06:00:00,2024-09-08 06:00:00,DEV_007,24
DEV_007_2024-09-08 08:00:00,2024-09-08 08:00:00,DEV_007,18
DEV_007_2024-09-08 10:00:00,2024-09-08 10:00:00,DEV_007,1
DEV_007_2024-09-08 12:00:00,2024-09-08 12:00:00,DEV_007,79
DEV_007_2024-09-08 14:00:00,2024-09-08 14:00:00,DEV_007,99
DEV_007_2024-09-08 16:00:00,2024-09-08 16:00:00,DEV_007,97
DEV_007_2024-09-08 18:00:00,2024-09-08 18:00:00,DEV_007,53
DEV_007_2024-09-08 20:00:00,2024-09-08 20:00:00,DEV_007,46
DEV_007_2024-09-08 22:00:00,2024-09-08 22:00:00,DEV_007,24
DEV_007_2024-09-09 00:00:00,2024-09-09 00:00:00,DEV_007,10
DEV_007_2024-09-09 02:00:00,2024-09-09 02:00:00,DEV_007,17
DEV_007_2024-09-09 04:00:00,2024-09-09 04:00:00,DEV_007,30
DEV_007_2024-09-09 06:00:00,2024-09-09 06:00:00,DEV_007,25
DEV_007_2024-09-09 08:00:00,2024-09-09 08:00:00,DEV_007,98
DEV_007_2024-09-09 10:00:00,2024-09-09 10:00:00,DEV_007,7
DEV_007_2024-09-09 12:00:00,2024-09-09 12:00:00,DEV_007,6
DEV_007_2024-09-09 14:00:00,2024-09-09 14:00:00,DEV_007,87
DEV_007_2024-09-09 16:00:00,2024-09-09 16:00:00,DEV_007,37
DEV_007_2024-09-09 18:00:00,2024-09-09 18:00:00,DEV_007,15
DEV_007_2024-09-09 20:00:00,2024-09-09 20:00:00,DEV_007,81
DEV_007_2024-09-09 22:00:00,2024-09-09 22:00:00,DEV_007,60
DEV_007_2024-09-10 00:00:00,2024-09-10 00:00:00,DEV_007,50
DEV_007_2024-09-10 02:00:00,2024-09-10 02:00:00,DEV_007,38
DEV_007_2024-09-10 04:00:00,2024-09-10 04:00:00,DEV_007,66
DEV_007_2024-09-10 06:00:00,2024-09-10 06:00:00,DEV_007,88
DEV_007_2024-09-10 08:00:00,2024-09-10 08:00:00,DEV_007,31
DEV_007_2024-09-10 10:00:00,2024-09-10 10:00:00,DEV_007,59
DEV_007_2024-09-10 12:00:00,2024-09-10 12:00:00,DEV_007,52
DEV_007_2024-09-10 14:00:00,2024-09-10 14:00:00,DEV_007,18
DEV_007_2024-09-10 16:00:00,2024-09-10 16:00:00,DEV_007,14
DEV_007_2024-09-10 18:00:00,2024-09-10 18:00:00,DEV_007,30
DEV_007_2024-09-10 20:00:00,2024-09-10 20:00:00,DEV_007,86
DEV_007_2024-09-10 22:00:00,2024-09-10 22:00:00,DEV_007,1
DEV_007_2024-09-11 00:00:00,2024-09-11 00:00:00,DEV_007,53
DEV_007_2024-09-11 02:00:00,2024-09-11 02:00:00,DEV_007,12
DEV_007_2024-09-11 04:00:00,2024-09-11 04:00:00,DEV_007,48
DEV_007_2024-09-11 06:00:00,2024-09-11 06:00:00,DEV_007,1
DEV_007_2024-09-11 08:00:00,2024-09-11 08:00:00,DEV_007,22
DEV_007_2024-09-11 10:00:00,2024-09-11 10:00:00,DEV_007,27
DEV_007_2024-09-11 12:00:00,2024-09-11 12:00:00,DEV_007,9
DEV_007_2024-09-11 14:00:00,2024-09-11 14:00:00,DEV_007,30
DEV_007_2024-09-11 16:00:00,2024-09-11 16:00:00,DEV_007,50
DEV_007_2024-09-11 18:00:00,2024-09-11 18:00:00,DEV_007,91
DEV_007_2024-09-11 20:00:00,2024-09-11 20:00:00,DEV_007,43
DEV_007_2024-09-11 22:00:00,2024-09-11 22:00:00,DEV_007,76
DEV_007_2024-09-12 00:00:00,2024-09-12 00:00:00,DEV_007,57
DEV_007_2024-09-12 02:00:00,2024-09-12 02:00:00,DEV_007,33
DEV_007_2024-09-12 04:00:00,2024-09-12 04:00:00,DEV_007,33
DEV_007_2024-09-12 06:00:00,2024-09-12 06:00:00,DEV_007,52
DEV_007_2024-09-12 08:00:00,2024-09-12 08:00:00,DEV_007,2
DEV_007_2024-09-12 10:00:00,2024-09-12 10:00:00,DEV_007,10
DEV_007_2024-09-12 12:00:00,2024-09-12 12:00:00,DEV_007,45
DEV_007_2024-09-12 14:00:00,2024-09-12 14:00:00,DEV_007,11
DEV_007_2024-09-12 16:00:00,2024-09-12 16:00:00,DEV_007,59
DEV_007_2024-09-12 18:00:00,2024-09-12 18:00:00,DEV_007,57
DEV_007_2024-09-12 20:00:00,2024-09-12 20:00:00,DEV_007,81
DEV_007_2024-09-12 22:00:00,2024-09-12 22:00:00,DEV_007,1
DEV_007_2024-09-13 00:00:00,2024-09-13 00:00:00,DEV_007,74
DEV_007_2024-09-13 02:00:00,2024-09-13 02:00:00,DEV_007,64
DEV_007_2024-09-13 04:00:00,2024-09-13 04:00:00,DEV_007,37
DEV_007_2024-09-13 06:00:00,2024-09-13 06:00:00,DEV_007,25
DEV_007_2024-09-13 08:00:00,2024-09-13 08:00:00,DEV_007,8
DEV_007_2024-09-13 10:00:00,2024-09-13 10:00:00,DEV_007,96
DEV_007_2024-09-13 12:00:00,2024-09-13 12:00:00,DEV_007,5
DEV_007_2024-09-13 14:00:00,2024-09-13 14:00:00,DEV_007,39
DEV_007_2024-09-13 16:00:00,2024-09-13 16:00:00,DEV_007,29
DEV_007_2024-09-13 18:00:00,2024-09-13 18:00:00,DEV_007,44
DEV_007_2024-09-13 20:00:00,2024-09-13 20:00:00,DEV_007,40
DEV_007_2024-09-13 22:00:00,2024-09-13 22:00:00,DEV_007,81
DEV_007_2024-09-14 00:00:00,2024-09-14 00:00:00,DEV_007,23
DEV_007_2024-09-14 02:00:00,2024-09-14 02:00:00,DEV_007,78
DEV_007_2024-09-14 04:00:00,2024-09-14 04:00:00,DEV_007,35
DEV_007_2024-09-14 06:00:00,2024-09-14 06:00:00,DEV_007,55
DEV_007_2024-09-14 08:00:00,2024-09-14 08:00:00,DEV_007,43
DEV_007_2024-09-14 10:00:00,2024-09-14 10:00:00,DEV_007,61
DEV_007_2024-09-14 12:00:00,2024-09-14 12:00:00,DEV_007,91
DEV_007_2024-09-14 14:00:00,2024-09-14 14:00:00,DEV_007,30
DEV_007_2024-09-14 16:00:00,2024-09-14 16:00:00,DEV_007,16
DEV_007_2024-09-14 18:00:00,2024-09-14 18:00:00,DEV_007,19
DEV_007_2024-09-14 20:00:00,2024-09-14 20:00:00,DEV_007,29
DEV_007_2024-09-14 22:00:00,2024-09-14 22:00:00,DEV_007,33
DEV_007_2024-09-15 00:00:00,2024-09-15 00:00:00,DEV_007,96
DEV_007_2024-09-15 02:00:00,2024-09-15 02:00:00,DEV_007,89
DEV_007_2024-09-15 04:00:00,2024-09-15 04:00:00,DEV_007,29
DEV_007_2024-09-15 06:00:00,2024-09-15 06:00:00,DEV_007,38
DEV_007_2024-09-15 08:00:00,2024-09-15 08:00:00,DEV_007,2
DEV_007_2024-09-15 10:00:00,2024-09-15 10:00:00,DEV_007,53
DEV_007_2024-09-15 12:00:00,2024-09-15 12:00:00,DEV_007,60
DEV_007_2024-09-15 14:00:00,2024-09-15 14:00:00,DEV_007,67
DEV_007_2024-09-15 16:00:00,2024-09-15 16:00:00,DEV_007,43
DEV_007_2024-09-15 18:00:00,2024-09-15 18:00:00,DEV_007,96
DEV_007_2024-09-15 20:00:00,2024-09-15 20:00:00,DEV_007,30
DEV_007_2024-09-15 22:00:00,2024-09-15 22:00:00,DEV_007,64
DEV_007_2024-09-16 00:00:00,2024-09-16 00:00:00,DEV_007,72
DEV_007_2024-09-16 02:00:00,2024-09-16 02:00:00,DEV_007,5
DEV_007_2024-09-16 04:00:00,2024-09-16 04:00:00,DEV_007,58
DEV_007_2024-09-16 06:00:00,2024-09-16 06:00:00,DEV_007,69
DEV_007_2024-09-16 08:00:00,2024-09-16 08:00:00,DEV_007,93
DEV_007_2024-09-16 10:00:00,2024-09-16 10:00:00,DEV_007,97
DEV_007_2024-09-16 12:00:00,2024-09-16 12:00:00,DEV_007,99
DEV_007_2024-09-16 14:00:00,2024-09-16 14:00:00,DEV_007,83
DEV_007_2024-09-16 16:00:00,2024-09-16 16:00:00,DEV_007,90
DEV_007_2024-09-16 18:00:00,2024-09-16 18:00:00,DEV_007,96
DEV_007_2024-09-16 20:00:00,2024-09-16 20:00:00,DEV_007,38
DEV_007_2024-09-16 22:00:00,2024-09-16 22:00:00,DEV_007,57
DEV_007_2024-09-17 00:00:00,2024-09-17 00:00:00,DEV_007,95
DEV_007_2024-09-17 02:00:00,2024-09-17 02:00:00,DEV_007,50
DEV_007_2024-09-17 04:00:00,2024-09-17 04:00:00,DEV_007,27
DEV_007_2024-09-17 06:00:00,2024-09-17 06:00:00,DEV_007,36
DEV_007_2024-09-17 08:00:00,2024-09-17 08:00:00,DEV_007,25
DEV_007_2024-09-17 10:00:00,2024-09-17 10:00:00,DEV_007,71
DEV_007_2024-09-17 12:00:00,2024-09-17 12:00:00,DEV_007,78
DEV_007_2024-09-17 14:00:00,2024-09-17 14:00:00,DEV_007,38
DEV_007_2024-09-17 16:00:00,2024-09-17 16:00:00,DEV_007,22
DEV_007_2024-09-17 18:00:00,2024-09-17 18:00:00,DEV_007,27
DEV_007_2024-09-17 20:00:00,2024-09-17 20:00:00,DEV_007,50
DEV_007_2024-09-17 22:00:00,2024-09-17 22:00:00,DEV_007,76
DEV_007_2024-09-18 00:00:00,2024-09-18 00:00:00,DEV_007,99
DEV_007_2024-09-18 02:00:00,2024-09-18 02:00:00,DEV_007,73
DEV_007_2024-09-18 04:00:00,2024-09-18 04:00:00,DEV_007,25
DEV_007_2024-09-18 06:00:00,2024-09-18 06:00:00,DEV_007,54
DEV_007_2024-09-18 08:00:00,2024-09-18 08:00:00,DEV_007,3
DEV_007_2024-09-18 10:00:00,2024-09-18 10:00:00,DEV_007,86
DEV_007_2024-09-18 12:00:00,2024-09-18 12:00:00,DEV_007,11
DEV_007_2024-09-18 14:00:00,2024-09-18 14:00:00,DEV_007,3
DEV_007_2024-09-18 16:00:00,2024-09-18 16:00:00,DEV_007,98
DEV_007_2024-09-18 18:00:00,2024-09-18 18:00:00,DEV_007,59
DEV_007_2024-09-18 20:00:00,2024-09-18 20:00:00,DEV_007,57
DEV_007_2024-09-18 22:00:00,2024-09-18 22:00:00,DEV_007,24
DEV_007_2024-09-19 00:00:00,2024-09-19 00:00:00,DEV_007,86
DEV_007_2024-09-19 02:00:00,2024-09-19 02:00:00,DEV_007,99
DEV_007_2024-09-19 04:00:00,2024-09-19 04:00:00,DEV_007,91
DEV_007_2024-09-19 06:00:00,2024-09-19 06:00:00,DEV_007,14
DEV_007_2024-09-19 08:00:00,2024-09-19 08:00:00,DEV_007,54
DEV_007_2024-09-19 10:00:00,2024-09-19 10:00:00,DEV_007,73
DEV_007_2024-09-19 12:00:00,2024-09-19 12:00:00,DEV_007,81
DEV_007_2024-09-19 14:00:00,2024-09-19 14:00:00,DEV_007,50
DEV_007_2024-09-19 16:00:00,2024-09-19 16:00:00,DEV_007,12
DEV_007_2024-09-19 18:00:00,2024-09-19 18:00:00,DEV_007,72
DEV_007_2024-09-19 20:00:00,2024-09-19 20:00:00,DEV_007,17
DEV_007_2024-09-19 22:00:00,2024-09-19 22:00:00,DEV_007,59
DEV_007_2024-09-20 00:00:00,2024-09-20 00:00:00,DEV_007,18
DEV_007_2024-09-20 02:00:00,2024-09-20 02:00:00,DEV_007,8
DEV_007_2024-09-20 04:00:00,2024-09-20 04:00:00,DEV_007,65
DEV_007_2024-09-20 06:00:00,2024-09-20 06:00:00,DEV_007,72
DEV_007_2024-09-20 08:00:00,2024-09-20 08:00:00,DEV_007,86
DEV_007_2024-09-20 10:00:00,2024-09-20 10:00:00,DEV_007,24
DEV_007_2024-09-20 12:00:00,2024-09-20 12:00:00,DEV_007,3
DEV_007_2024-09-20 14:00:00,2024-09-20 14:00:00,DEV_007,78
DEV_007_2024-09-20 16:00:00,2024-09-20 16:00:00,DEV_007,23
DEV_007_2024-09-20 18:00:00,2024-09-20 18:00:00,DEV_007,38
DEV_007_2024-09-20 20:00:00,2024-09-20 20:00:00,DEV_007,47
DEV_007_2024-09-20 22:00:00,2024-09-20 22:00:00,DEV_007,24
DEV_007_2024-09-21 00:00:00,2024-09-21 00:00:00,DEV_007,49
DEV_007_2024-09-21 02:00:00,2024-09-21 02:00:00,DEV_007,38
DEV_007_2024-09-21 04:00:00,2024-09-21 04:00:00,DEV_007,26
DEV_007_2024-09-21 06:00:00,2024-09-21 06:00:00,DEV_007,99
DEV_007_2024-09-21 08:00:00,2024-09-21 08:00:00,DEV_007,22
DEV_007_2024-09-21 10:00:00,2024-09-21 10:00:00,DEV_007,36
DEV_007_2024-09-21 12:00:00,2024-09-21 12:00:00,DEV_007,35
DEV_007_2024-09-21 14:00:00,2024-09-21 14:00:00,DEV_007,99
DEV_007_2024-09-21 16:00:00,2024-09-21 16:00:00,DEV_007,72
DEV_007_2024-09-21 18:00:00,2024-09-21 18:00:00,DEV_007,71
DEV_007_2024-09-21 20:00:00,2024-09-21 20:00:00,DEV_007,49
DEV_007_2024-09-21 22:00:00,2024-09-21 22:00:00,DEV_007,57
DEV_007_2024-09-22 00:00:00,2024-09-22 00:00:00,DEV_007,78
DEV_007_2024-09-22 02:00:00,2024-09-22 02:00:00,DEV_007,77
DEV_007_2024-09-22 04:00:00,2024-09-22 04:00:00,DEV_007,21
DEV_007_2024-09-22 06:00:00,2024-09-22 06:00:00,DEV_007,20
DEV_007_2024-09-22 08:00:00,2024-09-22 08:00:00,DEV_007,56
DEV_007_2024-09-22 10:00:00,2024-09-22 10:00:00,DEV_007,80
DEV_007_2024-09-22 12:00:00,2024-09-22 12:00:00,DEV_007,42
DEV_007_2024-09-22 14:00:00,2024-09-22 14:00:00,DEV_007,98
DEV_007_2024-09-22 16:00:00,2024-09-22 16:00:00,DEV_007,72
DEV_007_2024-09-22 18:00:00,2024-09-22 18:00:00,DEV_007,30
DEV_007_2024-09-22 20:00:00,2024-09-22 20:00:00,DEV_007,75
DEV_007_2024-09-22 22:00:00,2024-09-22 22:00:00,DEV_007,36
DEV_007_2024-09-23 00:00:00,2024-09-23 00:00:00,DEV_007,66
DEV_007_2024-09-23 02:00:00,2024-09-23 02:00:00,DEV_007,92
DEV_007_2024-09-23 04:00:00,2024-09-23 04:00:00,DEV_007,43
DEV_007_2024-09-23 06:00:00,2024-09-23 06:00:00,DEV_007,33
DEV_007_2024-09-23 08:00:00,2024-09-23 08:00:00,DEV_007,75
DEV_007_2024-09-23 10:00:00,2024-09-23 10:00:00,DEV_007,78
DEV_007_2024-09-23 12:00:00,2024-09-23 12:00:00,DEV_007,82
DEV_007_2024-09-23 14:00:00,2024-09-23 14:00:00,DEV_007,22
DEV_007_2024-09-23 16:00:00,2024-09-23 16:00:00,DEV_007,71
DEV_007_2024-09-23 18:00:00,2024-09-23 18:00:00,DEV_007,19
DEV_007_2024-09-23 20:00:00,2024-09-23 20:00:00,DEV_007,47
DEV_007_2024-09-23 22:00:00,2024-09-23 22:00:00,DEV_007,11
DEV_007_2024-09-24 00:00:00,2024-09-24 00:00:00,DEV_007,72
DEV_007_2024-09-24 02:00:00,2024-09-24 02:00:00,DEV_007,96
DEV_007_2024-09-24 04:00:00,2024-09-24 04:00:00,DEV_007,40
DEV_007_2024-09-24 06:00:00,2024-09-24 06:00:00,DEV_007,51
DEV_007_2024-09-24 08:00:00,2024-09-24 08:00:00,DEV_007,63
DEV_007_2024-09-24 10:00:00,2024-09-24 10:00:00,DEV_007,6
DEV_007_2024-09-24 12:00:00,2024-09-24 12:00:00,DEV_007,86
DEV_007_2024-09-24 14:00:00,2024-09-24 14:00:00,DEV_007,87
DEV_007_2024-09-24 16:00:00,2024-09-24 16:00:00,DEV_007,48
DEV_007_2024-09-24 18:00:00,2024-09-24 18:00:00,DEV_007,89
DEV_007_2024-09-24 20:00:00,2024-09-24 20:00:00,DEV_007,54
DEV_007_2024-09-24 22:00:00,2024-09-24 22:00:00,DEV_007,90
DEV_007_2024-09-25 00:00:00,2024-09-25 00:00:00,DEV_007,13
DEV_007_2024-09-25 02:00:00,2024-09-25 02:00:00,DEV_007,26
DEV_007_2024-09-25 04:00:00,2024-09-25 04:00:00,DEV_007,34
DEV_007_2024-09-25 06:00:00,2024-09-25 06:00:00,DEV_007,63
DEV_007_2024-09-25 08:00:00,2024-09-25 08:00:00,DEV_007,27
DEV_007_2024-09-25 10:00:00,2024-09-25 10:00:00,DEV_007,8
DEV_007_2024-09-25 12:00:00,2024-09-25 12:00:00,DEV_007,87
DEV_007_2024-09-25 14:00:00,2024-09-25 14:00:00,DEV_007,66
DEV_007_2024-09-25 16:00:00,2024-09-25 16:00:00,DEV_007,92
DEV_007_2024-09-25 18:00:00,2024-09-25 18:00:00,DEV_007,97
DEV_007_2024-09-25 20:00:00,2024-09-25 20:00:00,DEV_007,44
DEV_007_2024-09-25 22:00:00,2024-09-25 22:00:00,DEV_007,44
DEV_007_2024-09-26 00:00:00,2024-09-26 00:00:00,DEV_007,86
DEV_007_2024-09-26 02:00:00,2024-09-26 02:00:00,DEV_007,99
DEV_007_2024-09-26 04:00:00,2024-09-26 04:00:00,DEV_007,51
DEV_007_2024-09-26 06:00:00,2024-09-26 06:00:00,DEV_007,91
DEV_007_2024-09-26 08:00:00,2024-09-26 08:00:00,DEV_007,44
DEV_007_2024-09-26 10:00:00,2024-09-26 10:00:00,DEV_007,39
DEV_007_2024-09-26 12:00:00,2024-09-26 12:00:00,DEV_007,33
DEV_007_2024-09-26 14:00:00,2024-09-26 14:00:00,DEV_007,8
DEV_007_2024-09-26 16:00:00,2024-09-26 16:00:00,DEV_007,42
DEV_007_2024-09-26 18:00:00,2024-09-26 18:00:00,DEV_007,7
DEV_007_2024-09-26 20:00:00,2024-09-26 20:00:00,DEV_007,81
DEV_007_2024-09-26 22:00:00,2024-09-26 22:00:00,DEV_007,54
DEV_007_2024-09-27 00:00:00,2024-09-27 00:00:00,DEV_007,95
DEV_007_2024-09-27 02:00:00,2024-09-27 02:00:00,DEV_007,96
DEV_007_2024-09-27 04:00:00,2024-09-27 04:00:00,DEV_007,39
DEV_007_2024-09-27 06:00:00,2024-09-27 06:00:00,DEV_007,54
DEV_007_2024-09-27 08:00:00,2024-09-27 08:00:00,DEV_007,46
DEV_007_2024-09-27 10:00:00,2024-09-27 10:00:00,DEV_007,72
DEV_007_2024-09-27 12:00:00,2024-09-27 12:00:00,DEV_007,61
DEV_007_2024-09-27 14:00:00,2024-09-27 14:00:00,DEV_007,6
DEV_007_2024-09-27 16:00:00,2024-09-27 16:00:00,DEV_007,92
DEV_007_2024-09-27 18:00:00,2024-09-27 18:00:00,DEV_007,1
DEV_007_2024-09-27 20:00:00,2024-09-27 20:00:00,DEV_007,35
DEV_007_2024-09-27 22:00:00,2024-09-27 22:00:00,DEV_007,53
DEV_007_2024-09-28 00:00:00,2024-09-28 00:00:00,DEV_007,3
DEV_007_2024-09-28 02:00:00,2024-09-28 02:00:00,DEV_007,12
DEV_007_2024-09-28 04:00:00,2024-09-28 04:00:00,DEV_007,44
DEV_007_2024-09-28 06:00:00,2024-09-28 06:00:00,DEV_007,88
DEV_007_2024-09-28 08:00:00,2024-09-28 08:00:00,DEV_007,2
DEV_007_2024-09-28 10:00:00,2024-09-28 10:00:00,DEV_007,84
DEV_007_2024-09-28 12:00:00,2024-09-28 12:00:00,DEV_007,55
DEV_007_2024-09-28 14:00:00,2024-09-28 14:00:00,DEV_007,11
DEV_007_2024-09-28 16:00:00,2024-09-28 16:00:00,DEV_007,67
DEV_007_2024-09-28 18:00:00,2024-09-28 18:00:00,DEV_007,2
DEV_007_2024-09-28 20:00:00,2024-09-28 20:00:00,DEV_007,58
DEV_007_2024-09-28 22:00:00,2024-09-28 22:00:00,DEV_007,85
DEV_007_2024-09-29 00:00:00,2024-09-29 00:00:00,DEV_007,81
DEV_007_2024-09-29 02:00:00,2024-09-29 02:00:00,DEV_007,51
DEV_007_2024-09-29 04:00:00,2024-09-29 04:00:00,DEV_007,62
DEV_007_2024-09-29 06:00:00,2024-09-29 06:00:00,DEV_007,53
DEV_007_2024-09-29 08:00:00,2024-09-29 08:00:00,DEV_007,8
DEV_007_2024-09-29 10:00:00,2024-09-29 10:00:00,DEV_007,79
DEV_007_2024-09-29 12:00:00,2024-09-29 12:00:00,DEV_007,51
DEV_007_2024-09-29 14:00:00,2024-09-29 14:00:00,DEV_007,87
DEV_007_2024-09-29 16:00:00,2024-09-29 16:00:00,DEV_007,3
DEV_007_2024-09-29 18:00:00,2024-09-29 18:00:00,DEV_007,31
DEV_007_2024-09-29 20:00:00,2024-09-29 20:00:00,DEV_007,42
DEV_007_2024-09-29 22:00:00,2024-09-29 22:00:00,DEV_007,87
DEV_007_2024-09-30 00:00:00,2024-09-30 00:00:00,DEV_007,59
DEV_007_2024-09-30 02:00:00,2024-09-30 02:00:00,DEV_007,92
DEV_007_2024-09-30 04:00:00,2024-09-30 04:00:00,DEV_007,25
DEV_007_2024-09-30 06:00:00,2024-09-30 06:00:00,DEV_007,95
DEV_007_2024-09-30 08:00:00,2024-09-30 08:00:00,DEV_007,54
DEV_007_2024-09-30 10:00:00,2024-09-30 10:00:00,DEV_007,68
DEV_007_2024-09-30 12:00:00,2024-09-30 12:00:00,DEV_007,44
DEV_007_2024-09-30 14:00:00,2024-09-30 14:00:00,DEV_007,97
DEV_007_2024-09-30 16:00:00,2024-09-30 16:00:00,DEV_007,73
DEV_007_2024-09-30 18:00:00,2024-09-30 18:00:00,DEV_007,70
DEV_007_2024-09-30 20:00:00,2024-09-30 20:00:00,DEV_007,98
DEV_007_2024-09-30 22:00:00,2024-09-30 22:00:00,DEV_007,82
DEV_007_2024-10-01 00:00:00,2024-10-01 00:00:00,DEV_007,19
DEV_007_2024-10-01 02:00:00,2024-10-01 02:00:00,DEV_007,53
DEV_007_2024-10-01 04:00:00,2024-10-01 04:00:00,DEV_007,25
DEV_007_2024-10-01 06:00:00,2024-10-01 06:00:00,DEV_007,94
DEV_007_2024-10-01 08:00:00,2024-10-01 08:00:00,DEV_007,48
DEV_007_2024-10-01 10:00:00,2024-10-01 10:00:00,DEV_007,18
DEV_007_2024-10-01 12:00:00,2024-10-01 12:00:00,DEV_007,73
DEV_007_2024-10-01 14:00:00,2024-10-01 14:00:00,DEV_007,65
DEV_007_2024-10-01 16:00:00,2024-10-01 16:00:00,DEV_007,53
DEV_007_2024-10-01 18:00:00,2024-10-01 18:00:00,DEV_007,6
DEV_007_2024-10-01 20:00:00,2024-10-01 20:00:00,DEV_007,67
DEV_007_2024-10-01 22:00:00,2024-10-01 22:00:00,DEV_007,80
DEV_007_2024-10-02 00:00:00,2024-10-02 00:00:00,DEV_007,75
DEV_007_2024-10-02 02:00:00,2024-10-02 02:00:00,DEV_007,34
DEV_007_2024-10-02 04:00:00,2024-10-02 04:00:00,DEV_007,59
DEV_007_2024-10-02 06:00:00,2024-10-02 06:00:00,DEV_007,25
DEV_007_2024-10-02 08:00:00,2024-10-02 08:00:00,DEV_007,68
DEV_007_2024-10-02 10:00:00,2024-10-02 10:00:00,DEV_007,88
DEV_007_2024-10-02 12:00:00,2024-10-02 12:00:00,DEV_007,34
DEV_007_2024-10-02 14:00:00,2024-10-02 14:00:00,DEV_007,39
DEV_007_2024-10-02 16:00:00,2024-10-02 16:00:00,DEV_007,38
DEV_007_2024-10-02 18:00:00,2024-10-02 18:00:00,DEV_007,64
DEV_007_2024-10-02 20:00:00,2024-10-02 20:00:00,DEV_007,24
DEV_007_2024-10-02 22:00:00,2024-10-02 22:00:00,DEV_007,88
DEV_007_2024-10-03 00:00:00,2024-10-03 00:00:00,DEV_007,64
DEV_007_2024-10-03 02:00:00,2024-10-03 02:00:00,DEV_007,95
DEV_007_2024-10-03 04:00:00,2024-10-03 04:00:00,DEV_007,29
DEV_007_2024-10-03 06:00:00,2024-10-03 06:00:00,DEV_007,8
DEV_007_2024-10-03 08:00:00,2024-10-03 08:00:00,DEV_007,29
DEV_007_2024-10-03 10:00:00,2024-10-03 10:00:00,DEV_007,88
DEV_007_2024-10-03 12:00:00,2024-10-03 12:00:00,DEV_007,10
DEV_007_2024-10-03 14:00:00,2024-10-03 14:00:00,DEV_007,1
DEV_007_2024-10-03 16:00:00,2024-10-03 16:00:00,DEV_007,59
DEV_007_2024-10-03 18:00:00,2024-10-03 18:00:00,DEV_007,38
DEV_007_2024-10-03 20:00:00,2024-10-03 20:00:00,DEV_007,4
DEV_007_2024-10-03 22:00:00,2024-10-03 22:00:00,DEV_007,32
DEV_007_2024-10-04 00:00:00,2024-10-04 00:00:00,DEV_007,24
DEV_007_2024-10-04 02:00:00,2024-10-04 02:00:00,DEV_007,57
DEV_007_2024-10-04 04:00:00,2024-10-04 04:00:00,DEV_007,3
DEV_007_2024-10-04 06:00:00,2024-10-04 06:00:00,DEV_007,64
DEV_007_2024-10-04 08:00:00,2024-10-04 08:00:00,DEV_007,89
DEV_007_2024-10-04 10:00:00,2024-10-04 10:00:00,DEV_007,95
DEV_007_2024-10-04 12:00:00,2024-10-04 12:00:00,DEV_007,81
DEV_007_2024-10-04 14:00:00,2024-10-04 14:00:00,DEV_007,63
DEV_007_2024-10-04 16:00:00,2024-10-04 16:00:00,DEV_007,37
DEV_007_2024-10-04 18:00:00,2024-10-04 18:00:00,DEV_007,87
DEV_007_2024-10-04 20:00:00,2024-10-04 20:00:00,DEV_007,23
DEV_007_2024-10-04 22:00:00,2024-10-04 22:00:00,DEV_007,71
DEV_007_2024-10-05 00:00:00,2024-10-05 00:00:00,DEV_007,5
DEV_007_2024-10-05 02:00:00,2024-10-05 02:00:00,DEV_007,40
DEV_007_2024-10-05 04:00:00,2024-10-05 04:00:00,DEV_007,98
DEV_007_2024-10-05 06:00:00,2024-10-05 06:00:00,DEV_007,74
DEV_007_2024-10-05 08:00:00,2024-10-05 08:00:00,DEV_007,5
DEV_007_2024-10-05 10:00:00,2024-10-05 10:00:00,DEV_007,69
DEV_007_2024-10-05 12:00:00,2024-10-05 12:00:00,DEV_007,83
DEV_007_2024-10-05 14:00:00,2024-10-05 14:00:00,DEV_007,67
DEV_007_2024-10-05 16:00:00,2024-10-05 16:00:00,DEV_007,76
DEV_007_2024-10-05 18:00:00,2024-10-05 18:00:00,DEV_007,28
DEV_007_2024-10-05 20:00:00,2024-10-05 20:00:00,DEV_007,78
DEV_007_2024-10-05 22:00:00,2024-10-05 22:00:00,DEV_007,45
DEV_007_2024-10-06 00:00:00,2024-10-06 00:00:00,DEV_007,43
DEV_007_2024-10-06 02:00:00,2024-10-06 02:00:00,DEV_007,11
DEV_007_2024-10-06 04:00:00,2024-10-06 04:00:00,DEV_007,54
DEV_007_2024-10-06 06:00:00,2024-10-06 06:00:00,DEV_007,42
DEV_007_2024-10-06 08:00:00,2024-10-06 08:00:00,DEV_007,14
DEV_007_2024-10-06 10:00:00,2024-10-06 10:00:00,DEV_007,28
DEV_007_2024-10-06 12:00:00,2024-10-06 12:00:00,DEV_007,21
DEV_007_2024-10-06 14:00:00,2024-10-06 14:00:00,DEV_007,13
DEV_007_2024-10-06 16:00:00,2024-10-06 16:00:00,DEV_007,49
DEV_007_2024-10-06 18:00:00,2024-10-06 18:00:00,DEV_007,72
DEV_007_2024-10-06 20:00:00,2024-10-06 20:00:00,DEV_007,81
DEV_007_2024-10-06 22:00:00,2024-10-06 22:00:00,DEV_007,61
DEV_007_2024-10-07 00:00:00,2024-10-07 00:00:00,DEV_007,96
DEV_007_2024-10-07 02:00:00,2024-10-07 02:00:00,DEV_007,15
DEV_007_2024-10-07 04:00:00,2024-10-07 04:00:00,DEV_007,29
DEV_007_2024-10-07 06:00:00,2024-10-07 06:00:00,DEV_007,59
DEV_007_2024-10-07 08:00:00,2024-10-07 08:00:00,DEV_007,62
DEV_007_2024-10-07 10:00:00,2024-10-07 10:00:00,DEV_007,66
DEV_007_2024-10-07 12:00:00,2024-10-07 12:00:00,DEV_007,42
DEV_007_2024-10-07 14:00:00,2024-10-07 14:00:00,DEV_007,41
DEV_007_2024-10-07 16:00:00,2024-10-07 16:00:00,DEV_007,99
DEV_007_2024-10-07 18:00:00,2024-10-07 18:00:00,DEV_007,84
DEV_007_2024-10-07 20:00:00,2024-10-07 20:00:00,DEV_007,42
DEV_007_2024-10-07 22:00:00,2024-10-07 22:00:00,DEV_007,66
DEV_007_2024-10-08 00:00:00,2024-10-08 00:00:00,DEV_007,75
DEV_007_2024-10-08 02:00:00,2024-10-08 02:00:00,DEV_007,38
DEV_007_2024-10-08 04:00:00,2024-10-08 04:00:00,DEV_007,56
DEV_007_2024-10-08 06:00:00,2024-10-08 06:00:00,DEV_007,55
DEV_007_2024-10-08 08:00:00,2024-10-08 08:00:00,DEV_007,27
DEV_007_2024-10-08 10:00:00,2024-10-08 10:00:00,DEV_007,92
DEV_007_2024-10-08 12:00:00,2024-10-08 12:00:00,DEV_007,73
DEV_007_2024-10-08 14:00:00,2024-10-08 14:00:00,DEV_007,51
DEV_007_2024-10-08 16:00:00,2024-10-08 16:00:00,DEV_007,31
DEV_007_2024-10-08 18:00:00,2024-10-08 18:00:00,DEV_007,45
DEV_007_2024-10-08 20:00:00,2024-10-08 20:00:00,DEV_007,50
DEV_007_2024-10-08 22:00:00,2024-10-08 22:00:00,DEV_007,79
DEV_007_2024-10-09 00:00:00,2024-10-09 00:00:00,DEV_007,84
DEV_007_2024-10-09 02:00:00,2024-10-09 02:00:00,DEV_007,31
DEV_007_2024-10-09 04:00:00,2024-10-09 04:00:00,DEV_007,91
DEV_007_2024-10-09 06:00:00,2024-10-09 06:00:00,DEV_007,49
DEV_007_2024-10-09 08:00:00,2024-10-09 08:00:00,DEV_007,81
DEV_007_2024-10-09 10:00:00,2024-10-09 10:00:00,DEV_007,41
DEV_007_2024-10-09 12:00:00,2024-10-09 12:00:00,DEV_007,34
DEV_007_2024-10-09 14:00:00,2024-10-09 14:00:00,DEV_007,80
DEV_007_2024-10-09 16:00:00,2024-10-09 16:00:00,DEV_007,72
DEV_007_2024-10-09 18:00:00,2024-10-09 18:00:00,DEV_007,22
DEV_007_2024-10-09 20:00:00,2024-10-09 20:00:00,DEV_007,80
DEV_007_2024-10-09 22:00:00,2024-10-09 22:00:00,DEV_007,49
DEV_007_2024-10-10 00:00:00,2024-10-10 00:00:00,DEV_007,51
DEV_007_2024-10-10 02:00:00,2024-10-10 02:00:00,DEV_007,74
DEV_007_2024-10-10 04:00:00,2024-10-10 04:00:00,DEV_007,81
DEV_007_2024-10-10 06:00:00,2024-10-10 06:00:00,DEV_007,87
DEV_007_2024-10-10 08:00:00,2024-10-10 08:00:00,DEV_007,20
DEV_007_2024-10-10 10:00:00,2024-10-10 10:00:00,DEV_007,1
DEV_007_2024-10-10 12:00:00,2024-10-10 12:00:00,DEV_007,96
DEV_007_2024-10-10 14:00:00,2024-10-10 14:00:00,DEV_007,6
DEV_007_2024-10-10 16:00:00,2024-10-10 16:00:00,DEV_007,23
DEV_007_2024-10-10 18:00:00,2024-10-10 18:00:00,DEV_007,98
DEV_007_2024-10-10 20:00:00,2024-10-10 20:00:00,DEV_007,67
DEV_007_2024-10-10 22:00:00,2024-10-10 22:00:00,DEV_007,26
DEV_007_2024-10-11 00:00:00,2024-10-11 00:00:00,DEV_007,4
DEV_007_2024-10-11 02:00:00,2024-10-11 02:00:00,DEV_007,89
DEV_007_2024-10-11 04:00:00,2024-10-11 04:00:00,DEV_007,58
DEV_007_2024-10-11 06:00:00,2024-10-11 06:00:00,DEV_007,86
DEV_007_2024-10-11 08:00:00,2024-10-11 08:00:00,DEV_007,97
DEV_007_2024-10-11 10:00:00,2024-10-11 10:00:00,DEV_007,12
DEV_007_2024-10-11 12:00:00,2024-10-11 12:00:00,DEV_007,28
DEV_007_2024-10-11 14:00:00,2024-10-11 14:00:00,DEV_007,3
DEV_007_2024-10-11 16:00:00,2024-10-11 16:00:00,DEV_007,59
DEV_007_2024-10-11 18:00:00,2024-10-11 18:00:00,DEV_007,27
DEV_007_2024-10-11 20:00:00,2024-10-11 20:00:00,DEV_007,51
DEV_007_2024-10-11 22:00:00,2024-10-11 22:00:00,DEV_007,53
DEV_007_2024-10-12 00:00:00,2024-10-12 00:00:00,DEV_007,3
DEV_007_2024-10-12 02:00:00,2024-10-12 02:00:00,DEV_007,40
DEV_007_2024-10-12 04:00:00,2024-10-12 04:00:00,DEV_007,92
DEV_007_2024-10-12 06:00:00,2024-10-12 06:00:00,DEV_007,59
DEV_007_2024-10-12 08:00:00,2024-10-12 08:00:00,DEV_007,35
DEV_007_2024-10-12 10:00:00,2024-10-12 10:00:00,DEV_007,99
DEV_007_2024-10-12 12:00:00,2024-10-12 12:00:00,DEV_007,37
DEV_007_2024-10-12 14:00:00,2024-10-12 14:00:00,DEV_007,47
DEV_007_2024-10-12 16:00:00,2024-10-12 16:00:00,DEV_007,79
DEV_007_2024-10-12 18:00:00,2024-10-12 18:00:00,DEV_007,29
DEV_007_2024-10-12 20:00:00,2024-10-12 20:00:00,DEV_007,64
DEV_007_2024-10-12 22:00:00,2024-10-12 22:00:00,DEV_007,38
DEV_007_2024-10-13 00:00:00,2024-10-13 00:00:00,DEV_007,30
DEV_007_2024-10-13 02:00:00,2024-10-13 02:00:00,DEV_007,5
DEV_007_2024-10-13 04:00:00,2024-10-13 04:00:00,DEV_007,11
DEV_007_2024-10-13 06:00:00,2024-10-13 06:00:00,DEV_007,97
DEV_007_2024-10-13 08:00:00,2024-10-13 08:00:00,DEV_007,17
DEV_007_2024-10-13 10:00:00,2024-10-13 10:00:00,DEV_007,16
DEV_007_2024-10-13 12:00:00,2024-10-13 12:00:00,DEV_007,67
DEV_007_2024-10-13 14:00:00,2024-10-13 14:00:00,DEV_007,70
DEV_007_2024-10-13 16:00:00,2024-10-13 16:00:00,DEV_007,91
DEV_007_2024-10-13 18:00:00,2024-10-13 18:00:00,DEV_007,52
DEV_007_2024-10-13 20:00:00,2024-10-13 20:00:00,DEV_007,8
DEV_007_2024-10-13 22:00:00,2024-10-13 22:00:00,DEV_007,97
DEV_007_2024-10-14 00:00:00,2024-10-14 00:00:00,DEV_007,9
DEV_007_2024-10-14 02:00:00,2024-10-14 02:00:00,DEV_007,4
DEV_007_2024-10-14 04:00:00,2024-10-14 04:00:00,DEV_007,31
DEV_007_2024-10-14 06:00:00,2024-10-14 06:00:00,DEV_007,3
DEV_007_2024-10-14 08:00:00,2024-10-14 08:00:00,DEV_007,29
DEV_007_2024-10-14 10:00:00,2024-10-14 10:00:00,DEV_007,1
DEV_007_2024-10-14 12:00:00,2024-10-14 12:00:00,DEV_007,42
DEV_007_2024-10-14 14:00:00,2024-10-14 14:00:00,DEV_007,47
DEV_007_2024-10-14 16:00:00,2024-10-14 16:00:00,DEV_007,27
DEV_007_2024-10-14 18:00:00,2024-10-14 18:00:00,DEV_007,38
DEV_007_2024-10-14 20:00:00,2024-10-14 20:00:00,DEV_007,10
DEV_007_2024-10-14 22:00:00,2024-10-14 22:00:00,DEV_007,89
DEV_007_2024-10-15 00:00:00,2024-10-15 00:00:00,DEV_007,98
DEV_007_2024-10-15 02:00:00,2024-10-15 02:00:00,DEV_007,44
DEV_007_2024-10-15 04:00:00,2024-10-15 04:00:00,DEV_007,71
DEV_007_2024-10-15 06:00:00,2024-10-15 06:00:00,DEV_007,80
DEV_007_2024-10-15 08:00:00,2024-10-15 08:00:00,DEV_007,45
DEV_007_2024-10-15 10:00:00,2024-10-15 10:00:00,DEV_007,76
DEV_007_2024-10-15 12:00:00,2024-10-15 12:00:00,DEV_007,91
DEV_007_2024-10-15 14:00:00,2024-10-15 14:00:00,DEV_007,28
DEV_007_2024-10-15 16:00:00,2024-10-15 16:00:00,DEV_007,76
DEV_007_2024-10-15 18:00:00,2024-10-15 18:00:00,DEV_007,99
DEV_007_2024-10-15 20:00:00,2024-10-15 20:00:00,DEV_007,61
DEV_007_2024-10-15 22:00:00,2024-10-15 22:00:00,DEV_007,47
DEV_007_2024-10-16 00:00:00,2024-10-16 00:00:00,DEV_007,90
DEV_007_2024-10-16 02:00:00,2024-10-16 02:00:00,DEV_007,94
DEV_007_2024-10-16 04:00:00,2024-10-16 04:00:00,DEV_007,99
DEV_007_2024-10-16 06:00:00,2024-10-16 06:00:00,DEV_007,62
DEV_007_2024-10-16 08:00:00,2024-10-16 08:00:00,DEV_007,48
DEV_007_2024-10-16 10:00:00,2024-10-16 10:00:00,DEV_007,2
DEV_007_2024-10-16 12:00:00,2024-10-16 12:00:00,DEV_007,34
DEV_007_2024-10-16 14:00:00,2024-10-16 14:00:00,DEV_007,48
DEV_007_2024-10-16 16:00:00,2024-10-16 16:00:00,DEV_007,54
DEV_007_2024-10-16 18:00:00,2024-10-16 18:00:00,DEV_007,78
DEV_007_2024-10-16 20:00:00,2024-10-16 20:00:00,DEV_007,59
DEV_007_2024-10-16 22:00:00,2024-10-16 22:00:00,DEV_007,1
DEV_007_2024-10-17 00:00:00,2024-10-17 00:00:00,DEV_007,12
DEV_007_2024-10-17 02:00:00,2024-10-17 02:00:00,DEV_007,86
DEV_007_2024-10-17 04:00:00,2024-10-17 04:00:00,DEV_007,76
DEV_007_2024-10-17 06:00:00,2024-10-17 06:00:00,DEV_007,3
DEV_007_2024-10-17 08:00:00,2024-10-17 08:00:00,DEV_007,75
DEV_007_2024-10-17 10:00:00,2024-10-17 10:00:00,DEV_007,26
DEV_007_2024-10-17 12:00:00,2024-10-17 12:00:00,DEV_007,18
DEV_007_2024-10-17 14:00:00,2024-10-17 14:00:00,DEV_007,11
DEV_007_2024-10-17 16:00:00,2024-10-17 16:00:00,DEV_007,93
DEV_007_2024-10-17 18:00:00,2024-10-17 18:00:00,DEV_007,55
DEV_007_2024-10-17 20:00:00,2024-10-17 20:00:00,DEV_007,57
DEV_007_2024-10-17 22:00:00,2024-10-17 22:00:00,DEV_007,7
DEV_007_2024-10-18 00:00:00,2024-10-18 00:00:00,DEV_007,71
DEV_007_2024-10-18 02:00:00,2024-10-18 02:00:00,DEV_007,19
DEV_007_2024-10-18 04:00:00,2024-10-18 04:00:00,DEV_007,60
DEV_007_2024-10-18 06:00:00,2024-10-18 06:00:00,DEV_007,97
DEV_007_2024-10-18 08:00:00,2024-10-18 08:00:00,DEV_007,31
DEV_007_2024-10-18 10:00:00,2024-10-18 10:00:00,DEV_007,48
DEV_007_2024-10-18 12:00:00,2024-10-18 12:00:00,DEV_007,92
DEV_007_2024-10-18 14:00:00,2024-10-18 14:00:00,DEV_007,17
DEV_007_2024-10-18 16:00:00,2024-10-18 16:00:00,DEV_007,53
DEV_007_2024-10-18 18:00:00,2024-10-18 18:00:00,DEV_007,4
DEV_007_2024-10-18 20:00:00,2024-10-18 20:00:00,DEV_007,67
DEV_007_2024-10-18 22:00:00,2024-10-18 22:00:00,DEV_007,54
DEV_007_2024-10-19 00:00:00,2024-10-19 00:00:00,DEV_007,70
DEV_007_2024-10-19 02:00:00,2024-10-19 02:00:00,DEV_007,17
DEV_007_2024-10-19 04:00:00,2024-10-19 04:00:00,DEV_007,61
DEV_007_2024-10-19 06:00:00,2024-10-19 06:00:00,DEV_007,66
DEV_007_2024-10-19 08:00:00,2024-10-19 08:00:00,DEV_007,14
DEV_007_2024-10-19 10:00:00,2024-10-19 10:00:00,DEV_007,85
DEV_007_2024-10-19 12:00:00,2024-10-19 12:00:00,DEV_007,25
DEV_007_2024-10-19 14:00:00,2024-10-19 14:00:00,DEV_007,51
DEV_007_2024-10-19 16:00:00,2024-10-19 16:00:00,DEV_007,18
DEV_007_2024-10-19 18:00:00,2024-10-19 18:00:00,DEV_007,37
DEV_007_2024-10-19 20:00:00,2024-10-19 20:00:00,DEV_007,3
DEV_007_2024-10-19 22:00:00,2024-10-19 22:00:00,DEV_007,59
DEV_007_2024-10-20 00:00:00,2024-10-20 00:00:00,DEV_007,9
DEV_007_2024-10-20 02:00:00,2024-10-20 02:00:00,DEV_007,88
DEV_007_2024-10-20 04:00:00,2024-10-20 04:00:00,DEV_007,87
DEV_007_2024-10-20 06:00:00,2024-10-20 06:00:00,DEV_007,50
DEV_007_2024-10-20 08:00:00,2024-10-20 08:00:00,DEV_007,59
DEV_007_2024-10-20 10:00:00,2024-10-20 10:00:00,DEV_007,6
DEV_007_2024-10-20 12:00:00,2024-10-20 12:00:00,DEV_007,74
DEV_007_2024-10-20 14:00:00,2024-10-20 14:00:00,DEV_007,43
DEV_007_2024-10-20 16:00:00,2024-10-20 16:00:00,DEV_007,84
DEV_007_2024-10-20 18:00:00,2024-10-20 18:00:00,DEV_007,4
DEV_007_2024-10-20 20:00:00,2024-10-20 20:00:00,DEV_007,65
DEV_007_2024-10-20 22:00:00,2024-10-20 22:00:00,DEV_007,32
DEV_007_2024-10-21 00:00:00,2024-10-21 00:00:00,DEV_007,33
DEV_007_2024-10-21 02:00:00,2024-10-21 02:00:00,DEV_007,90
DEV_007_2024-10-21 04:00:00,2024-10-21 04:00:00,DEV_007,5
DEV_007_2024-10-21 06:00:00,2024-10-21 06:00:00,DEV_007,26
DEV_007_2024-10-21 08:00:00,2024-10-21 08:00:00,DEV_007,30
DEV_007_2024-10-21 10:00:00,2024-10-21 10:00:00,DEV_007,35
DEV_007_2024-10-21 12:00:00,2024-10-21 12:00:00,DEV_007,71
DEV_007_2024-10-21 14:00:00,2024-10-21 14:00:00,DEV_007,81
DEV_007_2024-10-21 16:00:00,2024-10-21 16:00:00,DEV_007,12
DEV_007_2024-10-21 18:00:00,2024-10-21 18:00:00,DEV_007,8
DEV_007_2024-10-21 20:00:00,2024-10-21 20:00:00,DEV_007,91
DEV_007_2024-10-21 22:00:00,2024-10-21 22:00:00,DEV_007,3
DEV_007_2024-10-22 00:00:00,2024-10-22 00:00:00,DEV_007,70
DEV_007_2024-10-22 02:00:00,2024-10-22 02:00:00,DEV_007,45
DEV_007_2024-10-22 04:00:00,2024-10-22 04:00:00,DEV_007,67
DEV_007_2024-10-22 06:00:00,2024-10-22 06:00:00,DEV_007,52
DEV_007_2024-10-22 08:00:00,2024-10-22 08:00:00,DEV_007,68
DEV_007_2024-10-22 10:00:00,2024-10-22 10:00:00,DEV_007,56
DEV_007_2024-10-22 12:00:00,2024-10-22 12:00:00,DEV_007,66
DEV_007_2024-10-22 14:00:00,2024-10-22 14:00:00,DEV_007,10
DEV_007_2024-10-22 16:00:00,2024-10-22 16:00:00,DEV_007,59
DEV_007_2024-10-22 18:00:00,2024-10-22 18:00:00,DEV_007,69
DEV_007_2024-10-22 20:00:00,2024-10-22 20:00:00,DEV_007,9
DEV_007_2024-10-22 22:00:00,2024-10-22 22:00:00,DEV_007,33
DEV_007_2024-10-23 00:00:00,2024-10-23 00:00:00,DEV_007,47
DEV_007_2024-10-23 02:00:00,2024-10-23 02:00:00,DEV_007,76
DEV_007_2024-10-23 04:00:00,2024-10-23 04:00:00,DEV_007,22
DEV_007_2024-10-23 06:00:00,2024-10-23 06:00:00,DEV_007,37
DEV_007_2024-10-23 08:00:00,2024-10-23 08:00:00,DEV_007,14
DEV_007_2024-10-23 10:00:00,2024-10-23 10:00:00,DEV_007,97
DEV_007_2024-10-23 12:00:00,2024-10-23 12:00:00,DEV_007,21
DEV_007_2024-10-23 14:00:00,2024-10-23 14:00:00,DEV_007,47
DEV_007_2024-10-23 16:00:00,2024-10-23 16:00:00,DEV_007,17
DEV_007_2024-10-23 18:00:00,2024-10-23 18:00:00,DEV_007,8
DEV_007_2024-10-23 20:00:00,2024-10-23 20:00:00,DEV_007,75
DEV_007_2024-10-23 22:00:00,2024-10-23 22:00:00,DEV_007,49
DEV_007_2024-10-24 00:00:00,2024-10-24 00:00:00,DEV_007,66
DEV_007_2024-10-24 02:00:00,2024-10-24 02:00:00,DEV_007,74
DEV_007_2024-10-24 04:00:00,2024-10-24 04:00:00,DEV_007,62
DEV_007_2024-10-24 06:00:00,2024-10-24 06:00:00,DEV_007,90
DEV_007_2024-10-24 08:00:00,2024-10-24 08:00:00,DEV_007,35
DEV_007_2024-10-24 10:00:00,2024-10-24 10:00:00,DEV_007,51
DEV_007_2024-10-24 12:00:00,2024-10-24 12:00:00,DEV_007,15
DEV_007_2024-10-24 14:00:00,2024-10-24 14:00:00,DEV_007,50
DEV_007_2024-10-24 16:00:00,2024-10-24 16:00:00,DEV_007,11
DEV_007_2024-10-24 18:00:00,2024-10-24 18:00:00,DEV_007,37
DEV_007_2024-10-24 20:00:00,2024-10-24 20:00:00,DEV_007,64
DEV_007_2024-10-24 22:00:00,2024-10-24 22:00:00,DEV_007,85
DEV_007_2024-10-25 00:00:00,2024-10-25 00:00:00,DEV_007,66
DEV_007_2024-10-25 02:00:00,2024-10-25 02:00:00,DEV_007,38
DEV_007_2024-10-25 04:00:00,2024-10-25 04:00:00,DEV_007,27
DEV_007_2024-10-25 06:00:00,2024-10-25 06:00:00,DEV_007,9
DEV_007_2024-10-25 08:00:00,2024-10-25 08:00:00,DEV_007,73
DEV_007_2024-10-25 10:00:00,2024-10-25 10:00:00,DEV_007,46
DEV_007_2024-10-25 12:00:00,2024-10-25 12:00:00,DEV_007,79
DEV_007_2024-10-25 14:00:00,2024-10-25 14:00:00,DEV_007,47
DEV_007_2024-10-25 16:00:00,2024-10-25 16:00:00,DEV_007,5
DEV_007_2024-10-25 18:00:00,2024-10-25 18:00:00,DEV_007,33
DEV_007_2024-10-25 20:00:00,2024-10-25 20:00:00,DEV_007,81
DEV_007_2024-10-25 22:00:00,2024-10-25 22:00:00,DEV_007,63
DEV_007_2024-10-26 00:00:00,2024-10-26 00:00:00,DEV_007,99
DEV_007_2024-10-26 02:00:00,2024-10-26 02:00:00,DEV_007,85
DEV_007_2024-10-26 04:00:00,2024-10-26 04:00:00,DEV_007,41
DEV_007_2024-10-26 06:00:00,2024-10-26 06:00:00,DEV_007,97
DEV_007_2024-10-26 08:00:00,2024-10-26 08:00:00,DEV_007,65
DEV_007_2024-10-26 10:00:00,2024-10-26 10:00:00,DEV_007,2
DEV_007_2024-10-26 12:00:00,2024-10-26 12:00:00,DEV_007,23
DEV_007_2024-10-26 14:00:00,2024-10-26 14:00:00,DEV_007,74
DEV_007_2024-10-26 16:00:00,2024-10-26 16:00:00,DEV_007,83
DEV_007_2024-10-26 18:00:00,2024-10-26 18:00:00,DEV_007,87
DEV_007_2024-10-26 20:00:00,2024-10-26 20:00:00,DEV_007,75
DEV_007_2024-10-26 22:00:00,2024-10-26 22:00:00,DEV_007,26
DEV_007_2024-10-27 00:00:00,2024-10-27 00:00:00,DEV_007,85
DEV_007_2024-10-27 02:00:00,2024-10-27 02:00:00,DEV_007,9
DEV_007_2024-10-27 04:00:00,2024-10-27 04:00:00,DEV_007,32
DEV_007_2024-10-27 06:00:00,2024-10-27 06:00:00,DEV_007,61
DEV_007_2024-10-27 08:00:00,2024-10-27 08:00:00,DEV_007,97
DEV_007_2024-10-27 10:00:00,2024-10-27 10:00:00,DEV_007,95
DEV_007_2024-10-27 12:00:00,2024-10-27 12:00:00,DEV_007,19
DEV_007_2024-10-27 14:00:00,2024-10-27 14:00:00,DEV_007,19
DEV_007_2024-10-27 16:00:00,2024-10-27 16:00:00,DEV_007,33
DEV_007_2024-10-27 18:00:00,2024-10-27 18:00:00,DEV_007,8
DEV_007_2024-10-27 20:00:00,2024-10-27 20:00:00,DEV_007,54
DEV_007_2024-10-27 22:00:00,2024-10-27 22:00:00,DEV_007,33
DEV_007_2024-10-28 00:00:00,2024-10-28 00:00:00,DEV_007,35
DEV_007_2024-10-28 02:00:00,2024-10-28 02:00:00,DEV_007,1
DEV_007_2024-10-28 04:00:00,2024-10-28 04:00:00,DEV_007,19
DEV_007_2024-10-28 06:00:00,2024-10-28 06:00:00,DEV_007,68
DEV_007_2024-10-28 08:00:00,2024-10-28 08:00:00,DEV_007,33
DEV_007_2024-10-28 10:00:00,2024-10-28 10:00:00,DEV_007,37
DEV_007_2024-10-28 12:00:00,2024-10-28 12:00:00,DEV_007,51
DEV_007_2024-10-28 14:00:00,2024-10-28 14:00:00,DEV_007,48
DEV_007_2024-10-28 16:00:00,2024-10-28 16:00:00,DEV_007,24
DEV_007_2024-10-28 18:00:00,2024-10-28 18:00:00,DEV_007,2
DEV_007_2024-10-28 20:00:00,2024-10-28 20:00:00,DEV_007,75
DEV_007_2024-10-28 22:00:00,2024-10-28 22:00:00,DEV_007,73
DEV_007_2024-10-29 00:00:00,2024-10-29 00:00:00,DEV_007,66
DEV_007_2024-10-29 02:00:00,2024-10-29 02:00:00,DEV_007,74
DEV_007_2024-10-29 04:00:00,2024-10-29 04:00:00,DEV_007,78
DEV_007_2024-10-29 06:00:00,2024-10-29 06:00:00,DEV_007,12
DEV_007_2024-10-29 08:00:00,2024-10-29 08:00:00,DEV_007,73
DEV_007_2024-10-29 10:00:00,2024-10-29 10:00:00,DEV_007,52
DEV_007_2024-10-29 12:00:00,2024-10-29 12:00:00,DEV_007,17
DEV_007_2024-10-29 14:00:00,2024-10-29 14:00:00,DEV_007,36
DEV_007_2024-10-29 16:00:00,2024-10-29 16:00:00,DEV_007,76
DEV_007_2024-10-29 18:00:00,2024-10-29 18:00:00,DEV_007,92
DEV_007_2024-10-29 20:00:00,2024-10-29 20:00:00,DEV_007,85
DEV_007_2024-10-29 22:00:00,2024-10-29 22:00:00,DEV_007,86
DEV_007_2024-10-30 00:00:00,2024-10-30 00:00:00,DEV_007,29
DEV_007_2024-10-30 02:00:00,2024-10-30 02:00:00,DEV_007,18
DEV_007_2024-10-30 04:00:00,2024-10-30 04:00:00,DEV_007,51
DEV_007_2024-10-30 06:00:00,2024-10-30 06:00:00,DEV_007,95
DEV_007_2024-10-30 08:00:00,2024-10-30 08:00:00,DEV_007,55
DEV_007_2024-10-30 10:00:00,2024-10-30 10:00:00,DEV_007,67
DEV_007_2024-10-30 12:00:00,2024-10-30 12:00:00,DEV_007,79
DEV_007_2024-10-30 14:00:00,2024-10-30 14:00:00,DEV_007,80
DEV_007_2024-10-30 16:00:00,2024-10-30 16:00:00,DEV_007,9
DEV_007_2024-10-30 18:00:00,2024-10-30 18:00:00,DEV_007,86
DEV_007_2024-10-30 20:00:00,2024-10-30 20:00:00,DEV_007,84
DEV_007_2024-10-30 22:00:00,2024-10-30 22:00:00,DEV_007,91
DEV_007_2024-10-31 00:00:00,2024-10-31 00:00:00,DEV_007,78
DEV_007_2024-10-31 02:00:00,2024-10-31 02:00:00,DEV_007,90
DEV_007_2024-10-31 04:00:00,2024-10-31 04:00:00,DEV_007,92
DEV_007_2024-10-31 06:00:00,2024-10-31 06:00:00,DEV_007,43
DEV_007_2024-10-31 08:00:00,2024-10-31 08:00:00,DEV_007,14
DEV_007_2024-10-31 10:00:00,2024-10-31 10:00:00,DEV_007,15
DEV_007_2024-10-31 12:00:00,2024-10-31 12:00:00,DEV_007,50
DEV_007_2024-10-31 14:00:00,2024-10-31 14:00:00,DEV_007,33
DEV_007_2024-10-31 16:00:00,2024-10-31 16:00:00,DEV_007,38
DEV_007_2024-10-31 18:00:00,2024-10-31 18:00:00,DEV_007,91
DEV_007_2024-10-31 20:00:00,2024-10-31 20:00:00,DEV_007,98
DEV_007_2024-10-31 22:00:00,2024-10-31 22:00:00,DEV_007,56
DEV_007_2024-11-01 00:00:00,2024-11-01 00:00:00,DEV_007,64
DEV_007_2024-11-01 02:00:00,2024-11-01 02:00:00,DEV_007,80
DEV_007_2024-11-01 04:00:00,2024-11-01 04:00:00,DEV_007,68
DEV_007_2024-11-01 06:00:00,2024-11-01 06:00:00,DEV_007,1
DEV_007_2024-11-01 08:00:00,2024-11-01 08:00:00,DEV_007,6
DEV_007_2024-11-01 10:00:00,2024-11-01 10:00:00,DEV_007,45
DEV_007_2024-11-01 12:00:00,2024-11-01 12:00:00,DEV_007,17
DEV_007_2024-11-01 14:00:00,2024-11-01 14:00:00,DEV_007,70
DEV_007_2024-11-01 16:00:00,2024-11-01 16:00:00,DEV_007,96
DEV_007_2024-11-01 18:00:00,2024-11-01 18:00:00,DEV_007,60
DEV_007_2024-11-01 20:00:00,2024-11-01 20:00:00,DEV_007,87
DEV_007_2024-11-01 22:00:00,2024-11-01 22:00:00,DEV_007,25
DEV_007_2024-11-02 00:00:00,2024-11-02 00:00:00,DEV_007,19
DEV_007_2024-11-02 02:00:00,2024-11-02 02:00:00,DEV_007,95
DEV_007_2024-11-02 04:00:00,2024-11-02 04:00:00,DEV_007,6
DEV_007_2024-11-02 06:00:00,2024-11-02 06:00:00,DEV_007,17
DEV_007_2024-11-02 08:00:00,2024-11-02 08:00:00,DEV_007,93
DEV_007_2024-11-02 10:00:00,2024-11-02 10:00:00,DEV_007,92
DEV_007_2024-11-02 12:00:00,2024-11-02 12:00:00,DEV_007,85
DEV_007_2024-11-02 14:00:00,2024-11-02 14:00:00,DEV_007,61
DEV_007_2024-11-02 16:00:00,2024-11-02 16:00:00,DEV_007,39
DEV_007_2024-11-02 18:00:00,2024-11-02 18:00:00,DEV_007,25
DEV_007_2024-11-02 20:00:00,2024-11-02 20:00:00,DEV_007,1
DEV_007_2024-11-02 22:00:00,2024-11-02 22:00:00,DEV_007,43
DEV_007_2024-11-03 00:00:00,2024-11-03 00:00:00,DEV_007,43
DEV_007_2024-11-03 02:00:00,2024-11-03 02:00:00,DEV_007,30
DEV_007_2024-11-03 04:00:00,2024-11-03 04:00:00,DEV_007,63
DEV_007_2024-11-03 06:00:00,2024-11-03 06:00:00,DEV_007,85
DEV_007_2024-11-03 08:00:00,2024-11-03 08:00:00,DEV_007,99
DEV_007_2024-11-03 10:00:00,2024-11-03 10:00:00,DEV_007,63
DEV_007_2024-11-03 12:00:00,2024-11-03 12:00:00,DEV_007,36
DEV_007_2024-11-03 14:00:00,2024-11-03 14:00:00,DEV_007,71
DEV_007_2024-11-03 16:00:00,2024-11-03 16:00:00,DEV_007,85
DEV_007_2024-11-03 18:00:00,2024-11-03 18:00:00,DEV_007,13
DEV_007_2024-11-03 20:00:00,2024-11-03 20:00:00,DEV_007,34
DEV_007_2024-11-03 22:00:00,2024-11-03 22:00:00,DEV_007,29
DEV_007_2024-11-04 00:00:00,2024-11-04 00:00:00,DEV_007,18
DEV_007_2024-11-04 02:00:00,2024-11-04 02:00:00,DEV_007,30
DEV_007_2024-11-04 04:00:00,2024-11-04 04:00:00,DEV_007,31
DEV_007_2024-11-04 06:00:00,2024-11-04 06:00:00,DEV_007,84
DEV_007_2024-11-04 08:00:00,2024-11-04 08:00:00,DEV_007,62
DEV_007_2024-11-04 10:00:00,2024-11-04 10:00:00,DEV_007,42
DEV_007_2024-11-04 12:00:00,2024-11-04 12:00:00,DEV_007,97
DEV_007_2024-11-04 14:00:00,2024-11-04 14:00:00,DEV_007,43
DEV_007_2024-11-04 16:00:00,2024-11-04 16:00:00,DEV_007,85
DEV_007_2024-11-04 18:00:00,2024-11-04 18:00:00,DEV_007,75
DEV_007_2024-11-04 20:00:00,2024-11-04 20:00:00,DEV_007,94
DEV_007_2024-11-04 22:00:00,2024-11-04 22:00:00,DEV_007,64
DEV_007_2024-11-05 00:00:00,2024-11-05 00:00:00,DEV_007,88
DEV_007_2024-11-05 02:00:00,2024-11-05 02:00:00,DEV_007,10
DEV_007_2024-11-05 04:00:00,2024-11-05 04:00:00,DEV_007,96
DEV_007_2024-11-05 06:00:00,2024-11-05 06:00:00,DEV_007,95
DEV_007_2024-11-05 08:00:00,2024-11-05 08:00:00,DEV_007,74
DEV_007_2024-11-05 10:00:00,2024-11-05 10:00:00,DEV_007,69
DEV_007_2024-11-05 12:00:00,2024-11-05 12:00:00,DEV_007,64
DEV_007_2024-11-05 14:00:00,2024-11-05 14:00:00,DEV_007,93
DEV_007_2024-11-05 16:00:00,2024-11-05 16:00:00,DEV_007,91
DEV_007_2024-11-05 18:00:00,2024-11-05 18:00:00,DEV_007,72
DEV_007_2024-11-05 20:00:00,2024-11-05 20:00:00,DEV_007,99
DEV_007_2024-11-05 22:00:00,2024-11-05 22:00:00,DEV_007,75
DEV_007_2024-11-06 00:00:00,2024-11-06 00:00:00,DEV_007,48
DEV_007_2024-11-06 02:00:00,2024-11-06 02:00:00,DEV_007,33
DEV_007_2024-11-06 04:00:00,2024-11-06 04:00:00,DEV_007,21
DEV_007_2024-11-06 06:00:00,2024-11-06 06:00:00,DEV_007,84
DEV_007_2024-11-06 08:00:00,2024-11-06 08:00:00,DEV_007,8
DEV_007_2024-11-06 10:00:00,2024-11-06 10:00:00,DEV_007,55
DEV_007_2024-11-06 12:00:00,2024-11-06 12:00:00,DEV_007,59
DEV_007_2024-11-06 14:00:00,2024-11-06 14:00:00,DEV_007,94
DEV_007_2024-11-06 16:00:00,2024-11-06 16:00:00,DEV_007,22
DEV_007_2024-11-06 18:00:00,2024-11-06 18:00:00,DEV_007,46
DEV_007_2024-11-06 20:00:00,2024-11-06 20:00:00,DEV_007,76
DEV_007_2024-11-06 22:00:00,2024-11-06 22:00:00,DEV_007,10
DEV_007_2024-11-07 00:00:00,2024-11-07 00:00:00,DEV_007,18
DEV_007_2024-11-07 02:00:00,2024-11-07 02:00:00,DEV_007,9
DEV_007_2024-11-07 04:00:00,2024-11-07 04:00:00,DEV_007,2
DEV_007_2024-11-07 06:00:00,2024-11-07 06:00:00,DEV_007,49
DEV_007_2024-11-07 08:00:00,2024-11-07 08:00:00,DEV_007,7
DEV_007_2024-11-07 10:00:00,2024-11-07 10:00:00,DEV_007,79
DEV_007_2024-11-07 12:00:00,2024-11-07 12:00:00,DEV_007,15
DEV_007_2024-11-07 14:00:00,2024-11-07 14:00:00,DEV_007,33
DEV_007_2024-11-07 16:00:00,2024-11-07 16:00:00,DEV_007,70
DEV_007_2024-11-07 18:00:00,2024-11-07 18:00:00,DEV_007,49
DEV_007_2024-11-07 20:00:00,2024-11-07 20:00:00,DEV_007,42
DEV_007_2024-11-07 22:00:00,2024-11-07 22:00:00,DEV_007,25
DEV_007_2024-11-08 00:00:00,2024-11-08 00:00:00,DEV_007,70
DEV_007_2024-11-08 02:00:00,2024-11-08 02:00:00,DEV_007,81
DEV_007_2024-11-08 04:00:00,2024-11-08 04:00:00,DEV_007,89
DEV_007_2024-11-08 06:00:00,2024-11-08 06:00:00,DEV_007,45
DEV_007_2024-11-08 08:00:00,2024-11-08 08:00:00,DEV_007,90
DEV_007_2024-11-08 10:00:00,2024-11-08 10:00:00,DEV_007,8
DEV_007_2024-11-08 12:00:00,2024-11-08 12:00:00,DEV_007,88
DEV_007_2024-11-08 14:00:00,2024-11-08 14:00:00,DEV_007,23
DEV_007_2024-11-08 16:00:00,2024-11-08 16:00:00,DEV_007,24
DEV_007_2024-11-08 18:00:00,2024-11-08 18:00:00,DEV_007,75
DEV_007_2024-11-08 20:00:00,2024-11-08 20:00:00,DEV_007,79
DEV_007_2024-11-08 22:00:00,2024-11-08 22:00:00,DEV_007,7
DEV_007_2024-11-09 00:00:00,2024-11-09 00:00:00,DEV_007,87
DEV_007_2024-11-09 02:00:00,2024-11-09 02:00:00,DEV_007,80
DEV_007_2024-11-09 04:00:00,2024-11-09 04:00:00,DEV_007,75
DEV_007_2024-11-09 06:00:00,2024-11-09 06:00:00,DEV_007,98
DEV_007_2024-11-09 08:00:00,2024-11-09 08:00:00,DEV_007,15
DEV_007_2024-11-09 10:00:00,2024-11-09 10:00:00,DEV_007,99
DEV_007_2024-11-09 12:00:00,2024-11-09 12:00:00,DEV_007,26
DEV_007_2024-11-09 14:00:00,2024-11-09 14:00:00,DEV_007,41
DEV_007_2024-11-09 16:00:00,2024-11-09 16:00:00,DEV_007,29
DEV_007_2024-11-09 18:00:00,2024-11-09 18:00:00,DEV_007,82
DEV_007_2024-11-09 20:00:00,2024-11-09 20:00:00,DEV_007,59
DEV_007_2024-11-09 22:00:00,2024-11-09 22:00:00,DEV_007,38
DEV_007_2024-11-10 00:00:00,2024-11-10 00:00:00,DEV_007,10
DEV_007_2024-11-10 02:00:00,2024-11-10 02:00:00,DEV_007,78
DEV_007_2024-11-10 04:00:00,2024-11-10 04:00:00,DEV_007,6
DEV_007_2024-11-10 06:00:00,2024-11-10 06:00:00,DEV_007,75
DEV_007_2024-11-10 08:00:00,2024-11-10 08:00:00,DEV_007,57
DEV_007_2024-11-10 10:00:00,2024-11-10 10:00:00,DEV_007,17
DEV_007_2024-11-10 12:00:00,2024-11-10 12:00:00,DEV_007,81
DEV_007_2024-11-10 14:00:00,2024-11-10 14:00:00,DEV_007,51
DEV_007_2024-11-10 16:00:00,2024-11-10 16:00:00,DEV_007,86
DEV_007_2024-11-10 18:00:00,2024-11-10 18:00:00,DEV_007,62
DEV_007_2024-11-10 20:00:00,2024-11-10 20:00:00,DEV_007,54
DEV_007_2024-11-10 22:00:00,2024-11-10 22:00:00,DEV_007,83
DEV_007_2024-11-11 00:00:00,2024-11-11 00:00:00,DEV_007,70
DEV_007_2024-11-11 02:00:00,2024-11-11 02:00:00,DEV_007,77
DEV_007_2024-11-11 04:00:00,2024-11-11 04:00:00,DEV_007,62
DEV_007_2024-11-11 06:00:00,2024-11-11 06:00:00,DEV_007,62
DEV_007_2024-11-11 08:00:00,2024-11-11 08:00:00,DEV_007,97
DEV_007_2024-11-11 10:00:00,2024-11-11 10:00:00,DEV_007,99
DEV_007_2024-11-11 12:00:00,2024-11-11 12:00:00,DEV_007,94
DEV_007_2024-11-11 14:00:00,2024-11-11 14:00:00,DEV_007,35
DEV_007_2024-11-11 16:00:00,2024-11-11 16:00:00,DEV_007,45
DEV_007_2024-11-11 18:00:00,2024-11-11 18:00:00,DEV_007,36
DEV_007_2024-11-11 20:00:00,2024-11-11 20:00:00,DEV_007,15
DEV_007_2024-11-11 22:00:00,2024-11-11 22:00:00,DEV_007,39
DEV_007_2024-11-12 00:00:00,2024-11-12 00:00:00,DEV_007,10
DEV_007_2024-11-12 02:00:00,2024-11-12 02:00:00,DEV_007,71
DEV_007_2024-11-12 04:00:00,2024-11-12 04:00:00,DEV_007,44
DEV_007_2024-11-12 06:00:00,2024-11-12 06:00:00,DEV_007,59
DEV_007_2024-11-12 08:00:00,2024-11-12 08:00:00,DEV_007,37
DEV_007_2024-11-12 10:00:00,2024-11-12 10:00:00,DEV_007,57
DEV_007_2024-11-12 12:00:00,2024-11-12 12:00:00,DEV_007,68
DEV_007_2024-11-12 14:00:00,2024-11-12 14:00:00,DEV_007,12
DEV_007_2024-11-12 16:00:00,2024-11-12 16:00:00,DEV_007,45
DEV_007_2024-11-12 18:00:00,2024-11-12 18:00:00,DEV_007,6
DEV_007_2024-11-12 20:00:00,2024-11-12 20:00:00,DEV_007,99
DEV_007_2024-11-12 22:00:00,2024-11-12 22:00:00,DEV_007,37
DEV_007_2024-11-13 00:00:00,2024-11-13 00:00:00,DEV_007,89
DEV_007_2024-11-13 02:00:00,2024-11-13 02:00:00,DEV_007,17
DEV_007_2024-11-13 04:00:00,2024-11-13 04:00:00,DEV_007,53
DEV_007_2024-11-13 06:00:00,2024-11-13 06:00:00,DEV_007,32
DEV_007_2024-11-13 08:00:00,2024-11-13 08:00:00,DEV_007,47
DEV_007_2024-11-13 10:00:00,2024-11-13 10:00:00,DEV_007,55
DEV_007_2024-11-13 12:00:00,2024-11-13 12:00:00,DEV_007,12
DEV_007_2024-11-13 14:00:00,2024-11-13 14:00:00,DEV_007,71
DEV_007_2024-11-13 16:00:00,2024-11-13 16:00:00,DEV_007,25
DEV_007_2024-11-13 18:00:00,2024-11-13 18:00:00,DEV_007,77
DEV_007_2024-11-13 20:00:00,2024-11-13 20:00:00,DEV_007,85
DEV_007_2024-11-13 22:00:00,2024-11-13 22:00:00,DEV_007,69
DEV_007_2024-11-14 00:00:00,2024-11-14 00:00:00,DEV_007,74
DEV_007_2024-11-14 02:00:00,2024-11-14 02:00:00,DEV_007,2
DEV_007_2024-11-14 04:00:00,2024-11-14 04:00:00,DEV_007,80
DEV_007_2024-11-14 06:00:00,2024-11-14 06:00:00,DEV_007,70
DEV_007_2024-11-14 08:00:00,2024-11-14 08:00:00,DEV_007,67
DEV_007_2024-11-14 10:00:00,2024-11-14 10:00:00,DEV_007,55
DEV_007_2024-11-14 12:00:00,2024-11-14 12:00:00,DEV_007,13
DEV_007_2024-11-14 14:00:00,2024-11-14 14:00:00,DEV_007,75
DEV_007_2024-11-14 16:00:00,2024-11-14 16:00:00,DEV_007,2
DEV_007_2024-11-14 18:00:00,2024-11-14 18:00:00,DEV_007,12
DEV_007_2024-11-14 20:00:00,2024-11-14 20:00:00,DEV_007,20
DEV_007_2024-11-14 22:00:00,2024-11-14 22:00:00,DEV_007,26
DEV_007_2024-11-15 00:00:00,2024-11-15 00:00:00,DEV_007,5
DEV_007_2024-11-15 02:00:00,2024-11-15 02:00:00,DEV_007,52
DEV_007_2024-11-15 04:00:00,2024-11-15 04:00:00,DEV_007,13
DEV_007_2024-11-15 06:00:00,2024-11-15 06:00:00,DEV_007,48
DEV_007_2024-11-15 08:00:00,2024-11-15 08:00:00,DEV_007,79
DEV_007_2024-11-15 10:00:00,2024-11-15 10:00:00,DEV_007,45
DEV_007_2024-11-15 12:00:00,2024-11-15 12:00:00,DEV_007,66
DEV_007_2024-11-15 14:00:00,2024-11-15 14:00:00,DEV_007,82
DEV_007_2024-11-15 16:00:00,2024-11-15 16:00:00,DEV_007,94
DEV_007_2024-11-15 18:00:00,2024-11-15 18:00:00,DEV_007,66
DEV_007_2024-11-15 20:00:00,2024-11-15 20:00:00,DEV_007,64
DEV_007_2024-11-15 22:00:00,2024-11-15 22:00:00,DEV_007,16
DEV_007_2024-11-16 00:00:00,2024-11-16 00:00:00,DEV_007,52
DEV_007_2024-11-16 02:00:00,2024-11-16 02:00:00,DEV_007,63
DEV_007_2024-11-16 04:00:00,2024-11-16 04:00:00,DEV_007,74
DEV_007_2024-11-16 06:00:00,2024-11-16 06:00:00,DEV_007,98
DEV_007_2024-11-16 08:00:00,2024-11-16 08:00:00,DEV_007,86
DEV_007_2024-11-16 10:00:00,2024-11-16 10:00:00,DEV_007,51
DEV_007_2024-11-16 12:00:00,2024-11-16 12:00:00,DEV_007,48
DEV_007_2024-11-16 14:00:00,2024-11-16 14:00:00,DEV_007,2
DEV_007_2024-11-16 16:00:00,2024-11-16 16:00:00,DEV_007,93
DEV_007_2024-11-16 18:00:00,2024-11-16 18:00:00,DEV_007,34
DEV_007_2024-11-16 20:00:00,2024-11-16 20:00:00,DEV_007,57
DEV_007_2024-11-16 22:00:00,2024-11-16 22:00:00,DEV_007,15
DEV_007_2024-11-17 00:00:00,2024-11-17 00:00:00,DEV_007,71
DEV_007_2024-11-17 02:00:00,2024-11-17 02:00:00,DEV_007,80
DEV_007_2024-11-17 04:00:00,2024-11-17 04:00:00,DEV_007,76
DEV_007_2024-11-17 06:00:00,2024-11-17 06:00:00,DEV_007,67
DEV_007_2024-11-17 08:00:00,2024-11-17 08:00:00,DEV_007,79
DEV_007_2024-11-17 10:00:00,2024-11-17 10:00:00,DEV_007,24
DEV_007_2024-11-17 12:00:00,2024-11-17 12:00:00,DEV_007,39
DEV_007_2024-11-17 14:00:00,2024-11-17 14:00:00,DEV_007,14
DEV_007_2024-11-17 16:00:00,2024-11-17 16:00:00,DEV_007,80
DEV_007_2024-11-17 18:00:00,2024-11-17 18:00:00,DEV_007,15
DEV_007_2024-11-17 20:00:00,2024-11-17 20:00:00,DEV_007,3
DEV_007_2024-11-17 22:00:00,2024-11-17 22:00:00,DEV_007,84
DEV_007_2024-11-18 00:00:00,2024-11-18 00:00:00,DEV_007,54
DEV_007_2024-11-18 02:00:00,2024-11-18 02:00:00,DEV_007,28
DEV_007_2024-11-18 04:00:00,2024-11-18 04:00:00,DEV_007,17
DEV_007_2024-11-18 06:00:00,2024-11-18 06:00:00,DEV_007,1
DEV_007_2024-11-18 08:00:00,2024-11-18 08:00:00,DEV_007,32
DEV_007_2024-11-18 10:00:00,2024-11-18 10:00:00,DEV_007,33
DEV_007_2024-11-18 12:00:00,2024-11-18 12:00:00,DEV_007,81
DEV_007_2024-11-18 14:00:00,2024-11-18 14:00:00,DEV_007,33
DEV_007_2024-11-18 16:00:00,2024-11-18 16:00:00,DEV_007,69
DEV_007_2024-11-18 18:00:00,2024-11-18 18:00:00,DEV_007,12
DEV_007_2024-11-18 20:00:00,2024-11-18 20:00:00,DEV_007,19
DEV_007_2024-11-18 22:00:00,2024-11-18 22:00:00,DEV_007,98
DEV_007_2024-11-19 00:00:00,2024-11-19 00:00:00,DEV_007,62
DEV_007_2024-11-19 02:00:00,2024-11-19 02:00:00,DEV_007,92
DEV_007_2024-11-19 04:00:00,2024-11-19 04:00:00,DEV_007,30
DEV_007_2024-11-19 06:00:00,2024-11-19 06:00:00,DEV_007,51
DEV_007_2024-11-19 08:00:00,2024-11-19 08:00:00,DEV_007,89
DEV_007_2024-11-19 10:00:00,2024-11-19 10:00:00,DEV_007,96
DEV_007_2024-11-19 12:00:00,2024-11-19 12:00:00,DEV_007,26
DEV_007_2024-11-19 14:00:00,2024-11-19 14:00:00,DEV_007,96
DEV_007_2024-11-19 16:00:00,2024-11-19 16:00:00,DEV_007,37
DEV_007_2024-11-19 18:00:00,2024-11-19 18:00:00,DEV_007,31
DEV_007_2024-11-19 20:00:00,2024-11-19 20:00:00,DEV_007,78
DEV_007_2024-11-19 22:00:00,2024-11-19 22:00:00,DEV_007,91
DEV_007_2024-11-20 00:00:00,2024-11-20 00:00:00,DEV_007,15
DEV_007_2024-11-20 02:00:00,2024-11-20 02:00:00,DEV_007,40
DEV_007_2024-11-20 04:00:00,2024-11-20 04:00:00,DEV_007,1
DEV_007_2024-11-20 06:00:00,2024-11-20 06:00:00,DEV_007,25
DEV_007_2024-11-20 08:00:00,2024-11-20 08:00:00,DEV_007,29
DEV_007_2024-11-20 10:00:00,2024-11-20 10:00:00,DEV_007,50
DEV_007_2024-11-20 12:00:00,2024-11-20 12:00:00,DEV_007,72
DEV_007_2024-11-20 14:00:00,2024-11-20 14:00:00,DEV_007,80
DEV_007_2024-11-20 16:00:00,2024-11-20 16:00:00,DEV_007,81
DEV_007_2024-11-20 18:00:00,2024-11-20 18:00:00,DEV_007,10
DEV_007_2024-11-20 20:00:00,2024-11-20 20:00:00,DEV_007,50
DEV_007_2024-11-20 22:00:00,2024-11-20 22:00:00,DEV_007,90
DEV_007_2024-11-21 00:00:00,2024-11-21 00:00:00,DEV_007,71
DEV_007_2024-11-21 02:00:00,2024-11-21 02:00:00,DEV_007,57
DEV_007_2024-11-21 04:00:00,2024-11-21 04:00:00,DEV_007,51
DEV_007_2024-11-21 06:00:00,2024-11-21 06:00:00,DEV_007,24
DEV_007_2024-11-21 08:00:00,2024-11-21 08:00:00,DEV_007,27
DEV_007_2024-11-21 10:00:00,2024-11-21 10:00:00,DEV_007,32
DEV_007_2024-11-21 12:00:00,2024-11-21 12:00:00,DEV_007,27
DEV_007_2024-11-21 14:00:00,2024-11-21 14:00:00,DEV_007,31
DEV_007_2024-11-21 16:00:00,2024-11-21 16:00:00,DEV_007,72
DEV_007_2024-11-21 18:00:00,2024-11-21 18:00:00,DEV_007,12
DEV_007_2024-11-21 20:00:00,2024-11-21 20:00:00,DEV_007,80
DEV_007_2024-11-21 22:00:00,2024-11-21 22:00:00,DEV_007,72
DEV_007_2024-11-22 00:00:00,2024-11-22 00:00:00,DEV_007,75
DEV_007_2024-11-22 02:00:00,2024-11-22 02:00:00,DEV_007,42
DEV_007_2024-11-22 04:00:00,2024-11-22 04:00:00,DEV_007,82
DEV_007_2024-11-22 06:00:00,2024-11-22 06:00:00,DEV_007,35
DEV_007_2024-11-22 08:00:00,2024-11-22 08:00:00,DEV_007,42
DEV_007_2024-11-22 10:00:00,2024-11-22 10:00:00,DEV_007,79
DEV_007_2024-11-22 12:00:00,2024-11-22 12:00:00,DEV_007,2
DEV_007_2024-11-22 14:00:00,2024-11-22 14:00:00,DEV_007,24
DEV_007_2024-11-22 16:00:00,2024-11-22 16:00:00,DEV_007,37
DEV_007_2024-11-22 18:00:00,2024-11-22 18:00:00,DEV_007,63
DEV_007_2024-11-22 20:00:00,2024-11-22 20:00:00,DEV_007,8
DEV_007_2024-11-22 22:00:00,2024-11-22 22:00:00,DEV_007,89
DEV_007_2024-11-23 00:00:00,2024-11-23 00:00:00,DEV_007,10
DEV_007_2024-11-23 02:00:00,2024-11-23 02:00:00,DEV_007,42
DEV_007_2024-11-23 04:00:00,2024-11-23 04:00:00,DEV_007,93
DEV_007_2024-11-23 06:00:00,2024-11-23 06:00:00,DEV_007,2
DEV_007_2024-11-23 08:00:00,2024-11-23 08:00:00,DEV_007,76
DEV_007_2024-11-23 10:00:00,2024-11-23 10:00:00,DEV_007,42
DEV_007_2024-11-23 12:00:00,2024-11-23 12:00:00,DEV_007,49
DEV_007_2024-11-23 14:00:00,2024-11-23 14:00:00,DEV_007,77
DEV_007_2024-11-23 16:00:00,2024-11-23 16:00:00,DEV_007,76
DEV_007_2024-11-23 18:00:00,2024-11-23 18:00:00,DEV_007,7
DEV_007_2024-11-23 20:00:00,2024-11-23 20:00:00,DEV_007,40
DEV_007_2024-11-23 22:00:00,2024-11-23 22:00:00,DEV_007,87
DEV_007_2024-11-24 00:00:00,2024-11-24 00:00:00,DEV_007,7
DEV_007_2024-11-24 02:00:00,2024-11-24 02:00:00,DEV_007,56
DEV_007_2024-11-24 04:00:00,2024-11-24 04:00:00,DEV_007,96
DEV_007_2024-11-24 06:00:00,2024-11-24 06:00:00,DEV_007,25
DEV_007_2024-11-24 08:00:00,2024-11-24 08:00:00,DEV_007,96
DEV_007_2024-11-24 10:00:00,2024-11-24 10:00:00,DEV_007,9
DEV_007_2024-11-24 12:00:00,2024-11-24 12:00:00,DEV_007,65
DEV_007_2024-11-24 14:00:00,2024-11-24 14:00:00,DEV_007,91
DEV_007_2024-11-24 16:00:00,2024-11-24 16:00:00,DEV_007,78
DEV_007_2024-11-24 18:00:00,2024-11-24 18:00:00,DEV_007,19
DEV_007_2024-11-24 20:00:00,2024-11-24 20:00:00,DEV_007,38
DEV_007_2024-11-24 22:00:00,2024-11-24 22:00:00,DEV_007,83
DEV_007_2024-11-25 00:00:00,2024-11-25 00:00:00,DEV_007,28
DEV_007_2024-11-25 02:00:00,2024-11-25 02:00:00,DEV_007,76
DEV_007_2024-11-25 04:00:00,2024-11-25 04:00:00,DEV_007,13
DEV_007_2024-11-25 06:00:00,2024-11-25 06:00:00,DEV_007,48
DEV_007_2024-11-25 08:00:00,2024-11-25 08:00:00,DEV_007,69
DEV_007_2024-11-25 10:00:00,2024-11-25 10:00:00,DEV_007,51
DEV_007_2024-11-25 12:00:00,2024-11-25 12:00:00,DEV_007,96
DEV_007_2024-11-25 14:00:00,2024-11-25 14:00:00,DEV_007,77
DEV_007_2024-11-25 16:00:00,2024-11-25 16:00:00,DEV_007,6
DEV_007_2024-11-25 18:00:00,2024-11-25 18:00:00,DEV_007,81
DEV_007_2024-11-25 20:00:00,2024-11-25 20:00:00,DEV_007,68
DEV_007_2024-11-25 22:00:00,2024-11-25 22:00:00,DEV_007,37
DEV_007_2024-11-26 00:00:00,2024-11-26 00:00:00,DEV_007,3
DEV_007_2024-11-26 02:00:00,2024-11-26 02:00:00,DEV_007,72
DEV_007_2024-11-26 04:00:00,2024-11-26 04:00:00,DEV_007,74
DEV_007_2024-11-26 06:00:00,2024-11-26 06:00:00,DEV_007,49
DEV_007_2024-11-26 08:00:00,2024-11-26 08:00:00,DEV_007,51
DEV_007_2024-11-26 10:00:00,2024-11-26 10:00:00,DEV_007,12
DEV_007_2024-11-26 12:00:00,2024-11-26 12:00:00,DEV_007,74
DEV_007_2024-11-26 14:00:00,2024-11-26 14:00:00,DEV_007,15
DEV_007_2024-11-26 16:00:00,2024-11-26 16:00:00,DEV_007,85
DEV_007_2024-11-26 18:00:00,2024-11-26 18:00:00,DEV_007,89
DEV_007_2024-11-26 20:00:00,2024-11-26 20:00:00,DEV_007,76
DEV_007_2024-11-26 22:00:00,2024-11-26 22:00:00,DEV_007,93
DEV_007_2024-11-27 00:00:00,2024-11-27 00:00:00,DEV_007,95
DEV_007_2024-11-27 02:00:00,2024-11-27 02:00:00,DEV_007,17
DEV_007_2024-11-27 04:00:00,2024-11-27 04:00:00,DEV_007,25
DEV_007_2024-11-27 06:00:00,2024-11-27 06:00:00,DEV_007,65
DEV_007_2024-11-27 08:00:00,2024-11-27 08:00:00,DEV_007,61
DEV_007_2024-11-27 10:00:00,2024-11-27 10:00:00,DEV_007,40
DEV_007_2024-11-27 12:00:00,2024-11-27 12:00:00,DEV_007,40
DEV_007_2024-11-27 14:00:00,2024-11-27 14:00:00,DEV_007,46
DEV_007_2024-11-27 16:00:00,2024-11-27 16:00:00,DEV_007,99
DEV_007_2024-11-27 18:00:00,2024-11-27 18:00:00,DEV_007,52
DEV_007_2024-11-27 20:00:00,2024-11-27 20:00:00,DEV_007,76
DEV_007_2024-11-27 22:00:00,2024-11-27 22:00:00,DEV_007,60
DEV_007_2024-11-28 00:00:00,2024-11-28 00:00:00,DEV_007,90
DEV_007_2024-11-28 02:00:00,2024-11-28 02:00:00,DEV_007,44
DEV_007_2024-11-28 04:00:00,2024-11-28 04:00:00,DEV_007,67
DEV_007_2024-11-28 06:00:00,2024-11-28 06:00:00,DEV_007,93
DEV_007_2024-11-28 08:00:00,2024-11-28 08:00:00,DEV_007,72
DEV_007_2024-11-28 10:00:00,2024-11-28 10:00:00,DEV_007,11
DEV_007_2024-11-28 12:00:00,2024-11-28 12:00:00,DEV_007,50
DEV_007_2024-11-28 14:00:00,2024-11-28 14:00:00,DEV_007,87
DEV_007_2024-11-28 16:00:00,2024-11-28 16:00:00,DEV_007,96
DEV_007_2024-11-28 18:00:00,2024-11-28 18:00:00,DEV_007,55
DEV_007_2024-11-28 20:00:00,2024-11-28 20:00:00,DEV_007,26
DEV_007_2024-11-28 22:00:00,2024-11-28 22:00:00,DEV_007,93
DEV_007_2024-11-29 00:00:00,2024-11-29 00:00:00,DEV_007,65
DEV_007_2024-11-29 02:00:00,2024-11-29 02:00:00,DEV_007,78
DEV_007_2024-11-29 04:00:00,2024-11-29 04:00:00,DEV_007,62
DEV_007_2024-11-29 06:00:00,2024-11-29 06:00:00,DEV_007,17
DEV_007_2024-11-29 08:00:00,2024-11-29 08:00:00,DEV_007,41
DEV_007_2024-11-29 10:00:00,2024-11-29 10:00:00,DEV_007,37
DEV_007_2024-11-29 12:00:00,2024-11-29 12:00:00,DEV_007,49
DEV_007_2024-11-29 14:00:00,2024-11-29 14:00:00,DEV_007,9
DEV_007_2024-11-29 16:00:00,2024-11-29 16:00:00,DEV_007,20
DEV_007_2024-11-29 18:00:00,2024-11-29 18:00:00,DEV_007,14
DEV_007_2024-11-29 20:00:00,2024-11-29 20:00:00,DEV_007,99
DEV_007_2024-11-29 22:00:00,2024-11-29 22:00:00,DEV_007,7
DEV_007_2024-11-30 00:00:00,2024-11-30 00:00:00,DEV_007,37
DEV_007_2024-11-30 02:00:00,2024-11-30 02:00:00,DEV_007,47
DEV_007_2024-11-30 04:00:00,2024-11-30 04:00:00,DEV_007,48
DEV_007_2024-11-30 06:00:00,2024-11-30 06:00:00,DEV_007,40
DEV_007_2024-11-30 08:00:00,2024-11-30 08:00:00,DEV_007,67
DEV_007_2024-11-30 10:00:00,2024-11-30 10:00:00,DEV_007,80
DEV_007_2024-11-30 12:00:00,2024-11-30 12:00:00,DEV_007,33
DEV_007_2024-11-30 14:00:00,2024-11-30 14:00:00,DEV_007,96
DEV_007_2024-11-30 16:00:00,2024-11-30 16:00:00,DEV_007,74
DEV_007_2024-11-30 18:00:00,2024-11-30 18:00:00,DEV_007,93
DEV_007_2024-11-30 20:00:00,2024-11-30 20:00:00,DEV_007,13
DEV_007_2024-11-30 22:00:00,2024-11-30 22:00:00,DEV_007,74
DEV_007_2024-12-01 00:00:00,2024-12-01 00:00:00,DEV_007,73
DEV_007_2024-12-01 02:00:00,2024-12-01 02:00:00,DEV_007,47
DEV_007_2024-12-01 04:00:00,2024-12-01 04:00:00,DEV_007,67
DEV_007_2024-12-01 06:00:00,2024-12-01 06:00:00,DEV_007,14
DEV_007_2024-12-01 08:00:00,2024-12-01 08:00:00,DEV_007,80
DEV_007_2024-12-01 10:00:00,2024-12-01 10:00:00,DEV_007,5
DEV_007_2024-12-01 12:00:00,2024-12-01 12:00:00,DEV_007,20
DEV_007_2024-12-01 14:00:00,2024-12-01 14:00:00,DEV_007,17
DEV_007_2024-12-01 16:00:00,2024-12-01 16:00:00,DEV_007,45
DEV_007_2024-12-01 18:00:00,2024-12-01 18:00:00,DEV_007,79
DEV_007_2024-12-01 20:00:00,2024-12-01 20:00:00,DEV_007,64
DEV_007_2024-12-01 22:00:00,2024-12-01 22:00:00,DEV_007,44
DEV_007_2024-12-02 00:00:00,2024-12-02 00:00:00,DEV_007,11
DEV_007_2024-12-02 02:00:00,2024-12-02 02:00:00,DEV_007,68
DEV_007_2024-12-02 04:00:00,2024-12-02 04:00:00,DEV_007,20
DEV_007_2024-12-02 06:00:00,2024-12-02 06:00:00,DEV_007,93
DEV_007_2024-12-02 08:00:00,2024-12-02 08:00:00,DEV_007,23
DEV_007_2024-12-02 10:00:00,2024-12-02 10:00:00,DEV_007,11
DEV_007_2024-12-02 12:00:00,2024-12-02 12:00:00,DEV_007,15
DEV_007_2024-12-02 14:00:00,2024-12-02 14:00:00,DEV_007,50
DEV_007_2024-12-02 16:00:00,2024-12-02 16:00:00,DEV_007,93
DEV_007_2024-12-02 18:00:00,2024-12-02 18:00:00,DEV_007,63
DEV_007_2024-12-02 20:00:00,2024-12-02 20:00:00,DEV_007,89
DEV_007_2024-12-02 22:00:00,2024-12-02 22:00:00,DEV_007,25
DEV_007_2024-12-03 00:00:00,2024-12-03 00:00:00,DEV_007,55
DEV_007_2024-12-03 02:00:00,2024-12-03 02:00:00,DEV_007,91
DEV_007_2024-12-03 04:00:00,2024-12-03 04:00:00,DEV_007,7
DEV_007_2024-12-03 06:00:00,2024-12-03 06:00:00,DEV_007,20
DEV_007_2024-12-03 08:00:00,2024-12-03 08:00:00,DEV_007,43
DEV_007_2024-12-03 10:00:00,2024-12-03 10:00:00,DEV_007,63
DEV_007_2024-12-03 12:00:00,2024-12-03 12:00:00,DEV_007,67
DEV_007_2024-12-03 14:00:00,2024-12-03 14:00:00,DEV_007,28
DEV_007_2024-12-03 16:00:00,2024-12-03 16:00:00,DEV_007,99
DEV_007_2024-12-03 18:00:00,2024-12-03 18:00:00,DEV_007,38
DEV_007_2024-12-03 20:00:00,2024-12-03 20:00:00,DEV_007,89
DEV_007_2024-12-03 22:00:00,2024-12-03 22:00:00,DEV_007,93
DEV_007_2024-12-04 00:00:00,2024-12-04 00:00:00,DEV_007,34
DEV_007_2024-12-04 02:00:00,2024-12-04 02:00:00,DEV_007,30
DEV_007_2024-12-04 04:00:00,2024-12-04 04:00:00,DEV_007,75
DEV_007_2024-12-04 06:00:00,2024-12-04 06:00:00,DEV_007,38
DEV_007_2024-12-04 08:00:00,2024-12-04 08:00:00,DEV_007,25
DEV_007_2024-12-04 10:00:00,2024-12-04 10:00:00,DEV_007,30
DEV_007_2024-12-04 12:00:00,2024-12-04 12:00:00,DEV_007,96
DEV_007_2024-12-04 14:00:00,2024-12-04 14:00:00,DEV_007,43
DEV_007_2024-12-04 16:00:00,2024-12-04 16:00:00,DEV_007,54
DEV_007_2024-12-04 18:00:00,2024-12-04 18:00:00,DEV_007,37
DEV_007_2024-12-04 20:00:00,2024-12-04 20:00:00,DEV_007,11
DEV_007_2024-12-04 22:00:00,2024-12-04 22:00:00,DEV_007,49
DEV_007_2024-12-05 00:00:00,2024-12-05 00:00:00,DEV_007,10
DEV_007_2024-12-05 02:00:00,2024-12-05 02:00:00,DEV_007,52
DEV_007_2024-12-05 04:00:00,2024-12-05 04:00:00,DEV_007,73
DEV_007_2024-12-05 06:00:00,2024-12-05 06:00:00,DEV_007,10
DEV_007_2024-12-05 08:00:00,2024-12-05 08:00:00,DEV_007,34
DEV_007_2024-12-05 10:00:00,2024-12-05 10:00:00,DEV_007,60
DEV_007_2024-12-05 12:00:00,2024-12-05 12:00:00,DEV_007,20
DEV_007_2024-12-05 14:00:00,2024-12-05 14:00:00,DEV_007,5
DEV_007_2024-12-05 16:00:00,2024-12-05 16:00:00,DEV_007,67
DEV_007_2024-12-05 18:00:00,2024-12-05 18:00:00,DEV_007,25
DEV_007_2024-12-05 20:00:00,2024-12-05 20:00:00,DEV_007,84
DEV_007_2024-12-05 22:00:00,2024-12-05 22:00:00,DEV_007,14
DEV_007_2024-12-06 00:00:00,2024-12-06 00:00:00,DEV_007,1
DEV_007_2024-12-06 02:00:00,2024-12-06 02:00:00,DEV_007,72
DEV_007_2024-12-06 04:00:00,2024-12-06 04:00:00,DEV_007,19
DEV_007_2024-12-06 06:00:00,2024-12-06 06:00:00,DEV_007,79
DEV_007_2024-12-06 08:00:00,2024-12-06 08:00:00,DEV_007,54
DEV_007_2024-12-06 10:00:00,2024-12-06 10:00:00,DEV_007,67
DEV_007_2024-12-06 12:00:00,2024-12-06 12:00:00,DEV_007,68
DEV_007_2024-12-06 14:00:00,2024-12-06 14:00:00,DEV_007,62
DEV_007_2024-12-06 16:00:00,2024-12-06 16:00:00,DEV_007,99
DEV_007_2024-12-06 18:00:00,2024-12-06 18:00:00,DEV_007,86
DEV_007_2024-12-06 20:00:00,2024-12-06 20:00:00,DEV_007,20
DEV_007_2024-12-06 22:00:00,2024-12-06 22:00:00,DEV_007,65
DEV_007_2024-12-07 00:00:00,2024-12-07 00:00:00,DEV_007,78
DEV_007_2024-12-07 02:00:00,2024-12-07 02:00:00,DEV_007,66
DEV_007_2024-12-07 04:00:00,2024-12-07 04:00:00,DEV_007,49
DEV_007_2024-12-07 06:00:00,2024-12-07 06:00:00,DEV_007,95
DEV_007_2024-12-07 08:00:00,2024-12-07 08:00:00,DEV_007,28
DEV_007_2024-12-07 10:00:00,2024-12-07 10:00:00,DEV_007,64
DEV_007_2024-12-07 12:00:00,2024-12-07 12:00:00,DEV_007,22
DEV_007_2024-12-07 14:00:00,2024-12-07 14:00:00,DEV_007,52
DEV_007_2024-12-07 16:00:00,2024-12-07 16:00:00,DEV_007,9
DEV_007_2024-12-07 18:00:00,2024-12-07 18:00:00,DEV_007,51
DEV_007_2024-12-07 20:00:00,2024-12-07 20:00:00,DEV_007,85
DEV_007_2024-12-07 22:00:00,2024-12-07 22:00:00,DEV_007,74
DEV_007_2024-12-08 00:00:00,2024-12-08 00:00:00,DEV_007,98
DEV_007_2024-12-08 02:00:00,2024-12-08 02:00:00,DEV_007,23
DEV_007_2024-12-08 04:00:00,2024-12-08 04:00:00,DEV_007,92
DEV_007_2024-12-08 06:00:00,2024-12-08 06:00:00,DEV_007,26
DEV_007_2024-12-08 08:00:00,2024-12-08 08:00:00,DEV_007,5
DEV_007_2024-12-08 10:00:00,2024-12-08 10:00:00,DEV_007,16
DEV_007_2024-12-08 12:00:00,2024-12-08 12:00:00,DEV_007,12
DEV_007_2024-12-08 14:00:00,2024-12-08 14:00:00,DEV_007,67
DEV_007_2024-12-08 16:00:00,2024-12-08 16:00:00,DEV_007,56
DEV_007_2024-12-08 18:00:00,2024-12-08 18:00:00,DEV_007,59
DEV_007_2024-12-08 20:00:00,2024-12-08 20:00:00,DEV_007,27
DEV_007_2024-12-08 22:00:00,2024-12-08 22:00:00,DEV_007,66
DEV_007_2024-12-09 00:00:00,2024-12-09 00:00:00,DEV_007,50
DEV_007_2024-12-09 02:00:00,2024-12-09 02:00:00,DEV_007,85
DEV_007_2024-12-09 04:00:00,2024-12-09 04:00:00,DEV_007,38
DEV_007_2024-12-09 06:00:00,2024-12-09 06:00:00,DEV_007,59
DEV_007_2024-12-09 08:00:00,2024-12-09 08:00:00,DEV_007,5
DEV_007_2024-12-09 10:00:00,2024-12-09 10:00:00,DEV_007,77
DEV_007_2024-12-09 12:00:00,2024-12-09 12:00:00,DEV_007,64
DEV_007_2024-12-09 14:00:00,2024-12-09 14:00:00,DEV_007,29
DEV_007_2024-12-09 16:00:00,2024-12-09 16:00:00,DEV_007,99
DEV_007_2024-12-09 18:00:00,2024-12-09 18:00:00,DEV_007,67
DEV_007_2024-12-09 20:00:00,2024-12-09 20:00:00,DEV_007,44
DEV_007_2024-12-09 22:00:00,2024-12-09 22:00:00,DEV_007,99
DEV_007_2024-12-10 00:00:00,2024-12-10 00:00:00,DEV_007,3
DEV_007_2024-12-10 02:00:00,2024-12-10 02:00:00,DEV_007,74
DEV_007_2024-12-10 04:00:00,2024-12-10 04:00:00,DEV_007,69
DEV_007_2024-12-10 06:00:00,2024-12-10 06:00:00,DEV_007,60
DEV_007_2024-12-10 08:00:00,2024-12-10 08:00:00,DEV_007,10
DEV_007_2024-12-10 10:00:00,2024-12-10 10:00:00,DEV_007,88
DEV_007_2024-12-10 12:00:00,2024-12-10 12:00:00,DEV_007,92
DEV_007_2024-12-10 14:00:00,2024-12-10 14:00:00,DEV_007,50
DEV_007_2024-12-10 16:00:00,2024-12-10 16:00:00,DEV_007,11
DEV_007_2024-12-10 18:00:00,2024-12-10 18:00:00,DEV_007,99
DEV_007_2024-12-10 20:00:00,2024-12-10 20:00:00,DEV_007,49
DEV_007_2024-12-10 22:00:00,2024-12-10 22:00:00,DEV_007,28
DEV_007_2024-12-11 00:00:00,2024-12-11 00:00:00,DEV_007,54
DEV_007_2024-12-11 02:00:00,2024-12-11 02:00:00,DEV_007,28
DEV_007_2024-12-11 04:00:00,2024-12-11 04:00:00,DEV_007,85
DEV_007_2024-12-11 06:00:00,2024-12-11 06:00:00,DEV_007,79
DEV_007_2024-12-11 08:00:00,2024-12-11 08:00:00,DEV_007,60
DEV_007_2024-12-11 10:00:00,2024-12-11 10:00:00,DEV_007,49
DEV_007_2024-12-11 12:00:00,2024-12-11 12:00:00,DEV_007,14
DEV_007_2024-12-11 14:00:00,2024-12-11 14:00:00,DEV_007,68
DEV_007_2024-12-11 16:00:00,2024-12-11 16:00:00,DEV_007,7
DEV_007_2024-12-11 18:00:00,2024-12-11 18:00:00,DEV_007,3
DEV_007_2024-12-11 20:00:00,2024-12-11 20:00:00,DEV_007,27
DEV_007_2024-12-11 22:00:00,2024-12-11 22:00:00,DEV_007,27
DEV_007_2024-12-12 00:00:00,2024-12-12 00:00:00,DEV_007,20
DEV_007_2024-12-12 02:00:00,2024-12-12 02:00:00,DEV_007,16
DEV_007_2024-12-12 04:00:00,2024-12-12 04:00:00,DEV_007,46
DEV_007_2024-12-12 06:00:00,2024-12-12 06:00:00,DEV_007,66
DEV_007_2024-12-12 08:00:00,2024-12-12 08:00:00,DEV_007,51
DEV_007_2024-12-12 10:00:00,2024-12-12 10:00:00,DEV_007,7
DEV_007_2024-12-12 12:00:00,2024-12-12 12:00:00,DEV_007,64
DEV_007_2024-12-12 14:00:00,2024-12-12 14:00:00,DEV_007,40
DEV_007_2024-12-12 16:00:00,2024-12-12 16:00:00,DEV_007,72
DEV_007_2024-12-12 18:00:00,2024-12-12 18:00:00,DEV_007,11
DEV_007_2024-12-12 20:00:00,2024-12-12 20:00:00,DEV_007,75
DEV_007_2024-12-12 22:00:00,2024-12-12 22:00:00,DEV_007,69
DEV_007_2024-12-13 00:00:00,2024-12-13 00:00:00,DEV_007,84
DEV_007_2024-12-13 02:00:00,2024-12-13 02:00:00,DEV_007,61
DEV_007_2024-12-13 04:00:00,2024-12-13 04:00:00,DEV_007,29
DEV_007_2024-12-13 06:00:00,2024-12-13 06:00:00,DEV_007,40
DEV_007_2024-12-13 08:00:00,2024-12-13 08:00:00,DEV_007,17
DEV_007_2024-12-13 10:00:00,2024-12-13 10:00:00,DEV_007,7
DEV_007_2024-12-13 12:00:00,2024-12-13 12:00:00,DEV_007,60
DEV_007_2024-12-13 14:00:00,2024-12-13 14:00:00,DEV_007,54
DEV_007_2024-12-13 16:00:00,2024-12-13 16:00:00,DEV_007,38
DEV_007_2024-12-13 18:00:00,2024-12-13 18:00:00,DEV_007,29
DEV_007_2024-12-13 20:00:00,2024-12-13 20:00:00,DEV_007,19
DEV_007_2024-12-13 22:00:00,2024-12-13 22:00:00,DEV_007,9
DEV_007_2024-12-14 00:00:00,2024-12-14 00:00:00,DEV_007,19
DEV_007_2024-12-14 02:00:00,2024-12-14 02:00:00,DEV_007,65
DEV_007_2024-12-14 04:00:00,2024-12-14 04:00:00,DEV_007,75
DEV_007_2024-12-14 06:00:00,2024-12-14 06:00:00,DEV_007,20
DEV_007_2024-12-14 08:00:00,2024-12-14 08:00:00,DEV_007,45
DEV_007_2024-12-14 10:00:00,2024-12-14 10:00:00,DEV_007,49
DEV_007_2024-12-14 12:00:00,2024-12-14 12:00:00,DEV_007,71
DEV_007_2024-12-14 14:00:00,2024-12-14 14:00:00,DEV_007,21
DEV_007_2024-12-14 16:00:00,2024-12-14 16:00:00,DEV_007,68
DEV_007_2024-12-14 18:00:00,2024-12-14 18:00:00,DEV_007,13
DEV_007_2024-12-14 20:00:00,2024-12-14 20:00:00,DEV_007,5
DEV_007_2024-12-14 22:00:00,2024-12-14 22:00:00,DEV_007,80
DEV_007_2024-12-15 00:00:00,2024-12-15 00:00:00,DEV_007,71
DEV_007_2024-12-15 02:00:00,2024-12-15 02:00:00,DEV_007,40
DEV_007_2024-12-15 04:00:00,2024-12-15 04:00:00,DEV_007,43
DEV_007_2024-12-15 06:00:00,2024-12-15 06:00:00,DEV_007,52
DEV_007_2024-12-15 08:00:00,2024-12-15 08:00:00,DEV_007,47
DEV_007_2024-12-15 10:00:00,2024-12-15 10:00:00,DEV_007,28
DEV_007_2024-12-15 12:00:00,2024-12-15 12:00:00,DEV_007,57
DEV_007_2024-12-15 14:00:00,2024-12-15 14:00:00,DEV_007,30
DEV_007_2024-12-15 16:00:00,2024-12-15 16:00:00,DEV_007,65
DEV_007_2024-12-15 18:00:00,2024-12-15 18:00:00,DEV_007,92
DEV_007_2024-12-15 20:00:00,2024-12-15 20:00:00,DEV_007,47
DEV_007_2024-12-15 22:00:00,2024-12-15 22:00:00,DEV_007,43
DEV_007_2024-12-16 00:00:00,2024-12-16 00:00:00,DEV_007,70
DEV_007_2024-12-16 02:00:00,2024-12-16 02:00:00,DEV_007,4
DEV_007_2024-12-16 04:00:00,2024-12-16 04:00:00,DEV_007,5
DEV_007_2024-12-16 06:00:00,2024-12-16 06:00:00,DEV_007,16
DEV_007_2024-12-16 08:00:00,2024-12-16 08:00:00,DEV_007,97
DEV_007_2024-12-16 10:00:00,2024-12-16 10:00:00,DEV_007,47
DEV_007_2024-12-16 12:00:00,2024-12-16 12:00:00,DEV_007,98
DEV_007_2024-12-16 14:00:00,2024-12-16 14:00:00,DEV_007,56
DEV_007_2024-12-16 16:00:00,2024-12-16 16:00:00,DEV_007,8
DEV_007_2024-12-16 18:00:00,2024-12-16 18:00:00,DEV_007,18
DEV_007_2024-12-16 20:00:00,2024-12-16 20:00:00,DEV_007,95
DEV_007_2024-12-16 22:00:00,2024-12-16 22:00:00,DEV_007,2
DEV_007_2024-12-17 00:00:00,2024-12-17 00:00:00,DEV_007,23
DEV_007_2024-12-17 02:00:00,2024-12-17 02:00:00,DEV_007,72
DEV_007_2024-12-17 04:00:00,2024-12-17 04:00:00,DEV_007,70
DEV_007_2024-12-17 06:00:00,2024-12-17 06:00:00,DEV_007,73
DEV_007_2024-12-17 08:00:00,2024-12-17 08:00:00,DEV_007,92
DEV_007_2024-12-17 10:00:00,2024-12-17 10:00:00,DEV_007,33
DEV_007_2024-12-17 12:00:00,2024-12-17 12:00:00,DEV_007,72
DEV_007_2024-12-17 14:00:00,2024-12-17 14:00:00,DEV_007,5
DEV_007_2024-12-17 16:00:00,2024-12-17 16:00:00,DEV_007,33
DEV_007_2024-12-17 18:00:00,2024-12-17 18:00:00,DEV_007,89
DEV_007_2024-12-17 20:00:00,2024-12-17 20:00:00,DEV_007,34
DEV_007_2024-12-17 22:00:00,2024-12-17 22:00:00,DEV_007,60
DEV_007_2024-12-18 00:00:00,2024-12-18 00:00:00,DEV_007,1
DEV_007_2024-12-18 02:00:00,2024-12-18 02:00:00,DEV_007,41
DEV_007_2024-12-18 04:00:00,2024-12-18 04:00:00,DEV_007,33
DEV_007_2024-12-18 06:00:00,2024-12-18 06:00:00,DEV_007,47
DEV_007_2024-12-18 08:00:00,2024-12-18 08:00:00,DEV_007,39
DEV_007_2024-12-18 10:00:00,2024-12-18 10:00:00,DEV_007,33
DEV_007_2024-12-18 12:00:00,2024-12-18 12:00:00,DEV_007,99
DEV_007_2024-12-18 14:00:00,2024-12-18 14:00:00,DEV_007,1
DEV_007_2024-12-18 16:00:00,2024-12-18 16:00:00,DEV_007,81
DEV_007_2024-12-18 18:00:00,2024-12-18 18:00:00,DEV_007,48
DEV_007_2024-12-18 20:00:00,2024-12-18 20:00:00,DEV_007,11
DEV_007_2024-12-18 22:00:00,2024-12-18 22:00:00,DEV_007,33
DEV_007_2024-12-19 00:00:00,2024-12-19 00:00:00,DEV_007,99
DEV_007_2024-12-19 02:00:00,2024-12-19 02:00:00,DEV_007,56
DEV_007_2024-12-19 04:00:00,2024-12-19 04:00:00,DEV_007,43
DEV_007_2024-12-19 06:00:00,2024-12-19 06:00:00,DEV_007,55
DEV_007_2024-12-19 08:00:00,2024-12-19 08:00:00,DEV_007,8
DEV_007_2024-12-19 10:00:00,2024-12-19 10:00:00,DEV_007,13
DEV_007_2024-12-19 12:00:00,2024-12-19 12:00:00,DEV_007,27
DEV_007_2024-12-19 14:00:00,2024-12-19 14:00:00,DEV_007,81
DEV_007_2024-12-19 16:00:00,2024-12-19 16:00:00,DEV_007,70
DEV_007_2024-12-19 18:00:00,2024-12-19 18:00:00,DEV_007,10
DEV_007_2024-12-19 20:00:00,2024-12-19 20:00:00,DEV_007,96
DEV_007_2024-12-19 22:00:00,2024-12-19 22:00:00,DEV_007,68
DEV_007_2024-12-20 00:00:00,2024-12-20 00:00:00,DEV_007,13
DEV_007_2024-12-20 02:00:00,2024-12-20 02:00:00,DEV_007,76
DEV_007_2024-12-20 04:00:00,2024-12-20 04:00:00,DEV_007,2
DEV_007_2024-12-20 06:00:00,2024-12-20 06:00:00,DEV_007,99
DEV_007_2024-12-20 08:00:00,2024-12-20 08:00:00,DEV_007,91
DEV_007_2024-12-20 10:00:00,2024-12-20 10:00:00,DEV_007,97
DEV_007_2024-12-20 12:00:00,2024-12-20 12:00:00,DEV_007,45
DEV_007_2024-12-20 14:00:00,2024-12-20 14:00:00,DEV_007,95
DEV_007_2024-12-20 16:00:00,2024-12-20 16:00:00,DEV_007,28
DEV_007_2024-12-20 18:00:00,2024-12-20 18:00:00,DEV_007,25
DEV_007_2024-12-20 20:00:00,2024-12-20 20:00:00,DEV_007,4
DEV_007_2024-12-20 22:00:00,2024-12-20 22:00:00,DEV_007,88
DEV_007_2024-12-21 00:00:00,2024-12-21 00:00:00,DEV_007,59
DEV_007_2024-12-21 02:00:00,2024-12-21 02:00:00,DEV_007,40
DEV_007_2024-12-21 04:00:00,2024-12-21 04:00:00,DEV_007,49
DEV_007_2024-12-21 06:00:00,2024-12-21 06:00:00,DEV_007,25
DEV_007_2024-12-21 08:00:00,2024-12-21 08:00:00,DEV_007,50
DEV_007_2024-12-21 10:00:00,2024-12-21 10:00:00,DEV_007,12
DEV_007_2024-12-21 12:00:00,2024-12-21 12:00:00,DEV_007,71
DEV_007_2024-12-21 14:00:00,2024-12-21 14:00:00,DEV_007,21
DEV_007_2024-12-21 16:00:00,2024-12-21 16:00:00,DEV_007,19
DEV_007_2024-12-21 18:00:00,2024-12-21 18:00:00,DEV_007,86
DEV_007_2024-12-21 20:00:00,2024-12-21 20:00:00,DEV_007,1
DEV_007_2024-12-21 22:00:00,2024-12-21 22:00:00,DEV_007,39
DEV_007_2024-12-22 00:00:00,2024-12-22 00:00:00,DEV_007,32
DEV_007_2024-12-22 02:00:00,2024-12-22 02:00:00,DEV_007,11
DEV_007_2024-12-22 04:00:00,2024-12-22 04:00:00,DEV_007,1
DEV_007_2024-12-22 06:00:00,2024-12-22 06:00:00,DEV_007,77
DEV_007_2024-12-22 08:00:00,2024-12-22 08:00:00,DEV_007,84
DEV_007_2024-12-22 10:00:00,2024-12-22 10:00:00,DEV_007,95
DEV_007_2024-12-22 12:00:00,2024-12-22 12:00:00,DEV_007,5
DEV_007_2024-12-22 14:00:00,2024-12-22 14:00:00,DEV_007,25
DEV_007_2024-12-22 16:00:00,2024-12-22 16:00:00,DEV_007,48
DEV_007_2024-12-22 18:00:00,2024-12-22 18:00:00,DEV_007,34
DEV_007_2024-12-22 20:00:00,2024-12-22 20:00:00,DEV_007,43
DEV_007_2024-12-22 22:00:00,2024-12-22 22:00:00,DEV_007,64
DEV_007_2024-12-23 00:00:00,2024-12-23 00:00:00,DEV_007,16
DEV_007_2024-12-23 02:00:00,2024-12-23 02:00:00,DEV_007,63
DEV_007_2024-12-23 04:00:00,2024-12-23 04:00:00,DEV_007,87
DEV_007_2024-12-23 06:00:00,2024-12-23 06:00:00,DEV_007,64
DEV_007_2024-12-23 08:00:00,2024-12-23 08:00:00,DEV_007,17
DEV_007_2024-12-23 10:00:00,2024-12-23 10:00:00,DEV_007,59
DEV_007_2024-12-23 12:00:00,2024-12-23 12:00:00,DEV_007,75
DEV_007_2024-12-23 14:00:00,2024-12-23 14:00:00,DEV_007,40
DEV_007_2024-12-23 16:00:00,2024-12-23 16:00:00,DEV_007,75
DEV_007_2024-12-23 18:00:00,2024-12-23 18:00:00,DEV_007,1
DEV_007_2024-12-23 20:00:00,2024-12-23 20:00:00,DEV_007,2
DEV_007_2024-12-23 22:00:00,2024-12-23 22:00:00,DEV_007,97
DEV_007_2024-12-24 00:00:00,2024-12-24 00:00:00,DEV_007,78
DEV_007_2024-12-24 02:00:00,2024-12-24 02:00:00,DEV_007,32
DEV_007_2024-12-24 04:00:00,2024-12-24 04:00:00,DEV_007,62
DEV_007_2024-12-24 06:00:00,2024-12-24 06:00:00,DEV_007,58
DEV_007_2024-12-24 08:00:00,2024-12-24 08:00:00,DEV_007,50
DEV_007_2024-12-24 10:00:00,2024-12-24 10:00:00,DEV_007,37
DEV_007_2024-12-24 12:00:00,2024-12-24 12:00:00,DEV_007,29
DEV_007_2024-12-24 14:00:00,2024-12-24 14:00:00,DEV_007,80
DEV_007_2024-12-24 16:00:00,2024-12-24 16:00:00,DEV_007,95
DEV_007_2024-12-24 18:00:00,2024-12-24 18:00:00,DEV_007,8
DEV_007_2024-12-24 20:00:00,2024-12-24 20:00:00,DEV_007,65
DEV_007_2024-12-24 22:00:00,2024-12-24 22:00:00,DEV_007,52
DEV_007_2024-12-25 00:00:00,2024-12-25 00:00:00,DEV_007,91
DEV_007_2024-12-25 02:00:00,2024-12-25 02:00:00,DEV_007,78
DEV_007_2024-12-25 04:00:00,2024-12-25 04:00:00,DEV_007,30
DEV_007_2024-12-25 06:00:00,2024-12-25 06:00:00,DEV_007,56
DEV_007_2024-12-25 08:00:00,2024-12-25 08:00:00,DEV_007,19
DEV_007_2024-12-25 10:00:00,2024-12-25 10:00:00,DEV_007,16
DEV_007_2024-12-25 12:00:00,2024-12-25 12:00:00,DEV_007,63
DEV_007_2024-12-25 14:00:00,2024-12-25 14:00:00,DEV_007,71
DEV_007_2024-12-25 16:00:00,2024-12-25 16:00:00,DEV_007,5
DEV_007_2024-12-25 18:00:00,2024-12-25 18:00:00,DEV_007,75
DEV_007_2024-12-25 20:00:00,2024-12-25 20:00:00,DEV_007,71
DEV_007_2024-12-25 22:00:00,2024-12-25 22:00:00,DEV_007,20
DEV_007_2024-12-26 00:00:00,2024-12-26 00:00:00,DEV_007,60
DEV_007_2024-12-26 02:00:00,2024-12-26 02:00:00,DEV_007,91
DEV_007_2024-12-26 04:00:00,2024-12-26 04:00:00,DEV_007,30
DEV_007_2024-12-26 06:00:00,2024-12-26 06:00:00,DEV_007,31
DEV_007_2024-12-26 08:00:00,2024-12-26 08:00:00,DEV_007,23
DEV_007_2024-12-26 10:00:00,2024-12-26 10:00:00,DEV_007,16
DEV_007_2024-12-26 12:00:00,2024-12-26 12:00:00,DEV_007,59
DEV_007_2024-12-26 14:00:00,2024-12-26 14:00:00,DEV_007,61
DEV_007_2024-12-26 16:00:00,2024-12-26 16:00:00,DEV_007,96
DEV_007_2024-12-26 18:00:00,2024-12-26 18:00:00,DEV_007,36
DEV_007_2024-12-26 20:00:00,2024-12-26 20:00:00,DEV_007,88
DEV_007_2024-12-26 22:00:00,2024-12-26 22:00:00,DEV_007,99
DEV_007_2024-12-27 00:00:00,2024-12-27 00:00:00,DEV_007,49
DEV_007_2024-12-27 02:00:00,2024-12-27 02:00:00,DEV_007,39
DEV_007_2024-12-27 04:00:00,2024-12-27 04:00:00,DEV_007,13
DEV_007_2024-12-27 06:00:00,2024-12-27 06:00:00,DEV_007,67
DEV_007_2024-12-27 08:00:00,2024-12-27 08:00:00,DEV_007,64
DEV_007_2024-12-27 10:00:00,2024-12-27 10:00:00,DEV_007,95
DEV_007_2024-12-27 12:00:00,2024-12-27 12:00:00,DEV_007,38
DEV_007_2024-12-27 14:00:00,2024-12-27 14:00:00,DEV_007,22
DEV_007_2024-12-27 16:00:00,2024-12-27 16:00:00,DEV_007,40
DEV_007_2024-12-27 18:00:00,2024-12-27 18:00:00,DEV_007,17
DEV_007_2024-12-27 20:00:00,2024-12-27 20:00:00,DEV_007,94
DEV_007_2024-12-27 22:00:00,2024-12-27 22:00:00,DEV_007,47
DEV_007_2024-12-28 00:00:00,2024-12-28 00:00:00,DEV_007,98
DEV_007_2024-12-28 02:00:00,2024-12-28 02:00:00,DEV_007,18
DEV_007_2024-12-28 04:00:00,2024-12-28 04:00:00,DEV_007,44
DEV_007_2024-12-28 06:00:00,2024-12-28 06:00:00,DEV_007,39
DEV_007_2024-12-28 08:00:00,2024-12-28 08:00:00,DEV_007,21
DEV_007_2024-12-28 10:00:00,2024-12-28 10:00:00,DEV_007,32
DEV_007_2024-12-28 12:00:00,2024-12-28 12:00:00,DEV_007,32
DEV_007_2024-12-28 14:00:00,2024-12-28 14:00:00,DEV_007,2
DEV_007_2024-12-28 16:00:00,2024-12-28 16:00:00,DEV_007,33
DEV_007_2024-12-28 18:00:00,2024-12-28 18:00:00,DEV_007,22
DEV_007_2024-12-28 20:00:00,2024-12-28 20:00:00,DEV_007,34
DEV_007_2024-12-28 22:00:00,2024-12-28 22:00:00,DEV_007,72
DEV_007_2024-12-29 00:00:00,2024-12-29 00:00:00,DEV_007,33
DEV_007_2024-12-29 02:00:00,2024-12-29 02:00:00,DEV_007,5
DEV_007_2024-12-29 04:00:00,2024-12-29 04:00:00,DEV_007,55
DEV_007_2024-12-29 06:00:00,2024-12-29 06:00:00,DEV_007,34
DEV_007_2024-12-29 08:00:00,2024-12-29 08:00:00,DEV_007,37
DEV_007_2024-12-29 10:00:00,2024-12-29 10:00:00,DEV_007,45
DEV_007_2024-12-29 12:00:00,2024-12-29 12:00:00,DEV_007,55
DEV_007_2024-12-29 14:00:00,2024-12-29 14:00:00,DEV_007,46
DEV_007_2024-12-29 16:00:00,2024-12-29 16:00:00,DEV_007,5
DEV_007_2024-12-29 18:00:00,2024-12-29 18:00:00,DEV_007,42
DEV_007_2024-12-29 20:00:00,2024-12-29 20:00:00,DEV_007,69
DEV_007_2024-12-29 22:00:00,2024-12-29 22:00:00,DEV_007,23
DEV_008_2024-09-01 00:00:00,2024-09-01 00:00:00,DEV_008,75
DEV_008_2024-09-01 05:00:00,2024-09-01 05:00:00,DEV_008,29
DEV_008_2024-09-01 10:00:00,2024-09-01 10:00:00,DEV_008,46
DEV_008_2024-09-01 15:00:00,2024-09-01 15:00:00,DEV_008,68
DEV_008_2024-09-01 20:00:00,2024-09-01 20:00:00,DEV_008,44
DEV_008_2024-09-02 01:00:00,2024-09-02 01:00:00,DEV_008,21
DEV_008_2024-09-02 06:00:00,2024-09-02 06:00:00,DEV_008,23
DEV_008_2024-09-02 11:00:00,2024-09-02 11:00:00,DEV_008,55
DEV_008_2024-09-02 16:00:00,2024-09-02 16:00:00,DEV_008,96
DEV_008_2024-09-02 21:00:00,2024-09-02 21:00:00,DEV_008,60
DEV_008_2024-09-03 02:00:00,2024-09-03 02:00:00,DEV_008,73
DEV_008_2024-09-03 07:00:00,2024-09-03 07:00:00,DEV_008,58
DEV_008_2024-09-03 12:00:00,2024-09-03 12:00:00,DEV_008,38
DEV_008_2024-09-03 17:00:00,2024-09-03 17:00:00,DEV_008,39
DEV_008_2024-09-03 22:00:00,2024-09-03 22:00:00,DEV_008,4
DEV_008_2024-09-04 03:00:00,2024-09-04 03:00:00,DEV_008,24
DEV_008_2024-09-04 08:00:00,2024-09-04 08:00:00,DEV_008,97
DEV_008_2024-09-04 13:00:00,2024-09-04 13:00:00,DEV_008,74
DEV_008_2024-09-04 18:00:00,2024-09-04 18:00:00,DEV_008,64
DEV_008_2024-09-04 23:00:00,2024-09-04 23:00:00,DEV_008,41
DEV_008_2024-09-05 04:00:00,2024-09-05 04:00:00,DEV_008,24
DEV_008_2024-09-05 09:00:00,2024-09-05 09:00:00,DEV_008,88
DEV_008_2024-09-05 14:00:00,2024-09-05 14:00:00,DEV_008,59
DEV_008_2024-09-05 19:00:00,2024-09-05 19:00:00,DEV_008,36
DEV_008_2024-09-06 00:00:00,2024-09-06 00:00:00,DEV_008,70
DEV_008_2024-09-06 05:00:00,2024-09-06 05:00:00,DEV_008,13
DEV_008_2024-09-06 10:00:00,2024-09-06 10:00:00,DEV_008,21
DEV_008_2024-09-06 15:00:00,2024-09-06 15:00:00,DEV_008,71
DEV_008_2024-09-06 20:00:00,2024-09-06 20:00:00,DEV_008,86
DEV_008_2024-09-07 01:00:00,2024-09-07 01:00:00,DEV_008,32
DEV_008_2024-09-07 06:00:00,2024-09-07 06:00:00,DEV_008,51
DEV_008_2024-09-07 11:00:00,2024-09-07 11:00:00,DEV_008,42
DEV_008_2024-09-07 16:00:00,2024-09-07 16:00:00,DEV_008,72
DEV_008_2024-09-07 21:00:00,2024-09-07 21:00:00,DEV_008,53
DEV_008_2024-09-08 02:00:00,2024-09-08 02:00:00,DEV_008,28
DEV_008_2024-09-08 07:00:00,2024-09-08 07:00:00,DEV_008,85
DEV_008_2024-09-08 12:00:00,2024-09-08 12:00:00,DEV_008,10
DEV_008_2024-09-08 17:00:00,2024-09-08 17:00:00,DEV_008,7
DEV_008_2024-09-08 22:00:00,2024-09-08 22:00:00,DEV_008,12
DEV_008_2024-09-09 03:00:00,2024-09-09 03:00:00,DEV_008,88
DEV_008_2024-09-09 08:00:00,2024-09-09 08:00:00,DEV_008,39
DEV_008_2024-09-09 13:00:00,2024-09-09 13:00:00,DEV_008,79
DEV_008_2024-09-09 18:00:00,2024-09-09 18:00:00,DEV_008,40
DEV_008_2024-09-09 23:00:00,2024-09-09 23:00:00,DEV_008,46
DEV_008_2024-09-10 04:00:00,2024-09-10 04:00:00,DEV_008,7
DEV_008_2024-09-10 09:00:00,2024-09-10 09:00:00,DEV_008,37
DEV_008_2024-09-10 14:00:00,2024-09-10 14:00:00,DEV_008,59
DEV_008_2024-09-10 19:00:00,2024-09-10 19:00:00,DEV_008,40
DEV_008_2024-09-11 00:00:00,2024-09-11 00:00:00,DEV_008,8
DEV_008_2024-09-11 05:00:00,2024-09-11 05:00:00,DEV_008,7
DEV_008_2024-09-11 10:00:00,2024-09-11 10:00:00,DEV_008,75
DEV_008_2024-09-11 15:00:00,2024-09-11 15:00:00,DEV_008,18
DEV_008_2024-09-11 20:00:00,2024-09-11 20:00:00,DEV_008,50
DEV_008_2024-09-12 01:00:00,2024-09-12 01:00:00,DEV_008,42
DEV_008_2024-09-12 06:00:00,2024-09-12 06:00:00,DEV_008,52
DEV_008_2024-09-12 11:00:00,2024-09-12 11:00:00,DEV_008,24
DEV_008_2024-09-12 16:00:00,2024-09-12 16:00:00,DEV_008,29
DEV_008_2024-09-12 21:00:00,2024-09-12 21:00:00,DEV_008,66
DEV_008_2024-09-13 02:00:00,2024-09-13 02:00:00,DEV_008,5
DEV_008_2024-09-13 07:00:00,2024-09-13 07:00:00,DEV_008,66
DEV_008_2024-09-13 12:00:00,2024-09-13 12:00:00,DEV_008,30
DEV_008_2024-09-13 17:00:00,2024-09-13 17:00:00,DEV_008,45
DEV_008_2024-09-13 22:00:00,2024-09-13 22:00:00,DEV_008,45
DEV_008_2024-09-14 03:00:00,2024-09-14 03:00:00,DEV_008,4
DEV_008_2024-09-14 08:00:00,2024-09-14 08:00:00,DEV_008,36
DEV_008_2024-09-14 13:00:00,2024-09-14 13:00:00,DEV_008,38
DEV_008_2024-09-14 18:00:00,2024-09-14 18:00:00,DEV_008,35
DEV_008_2024-09-14 23:00:00,2024-09-14 23:00:00,DEV_008,56
DEV_008_2024-09-15 04:00:00,2024-09-15 04:00:00,DEV_008,70
DEV_008_2024-09-15 09:00:00,2024-09-15 09:00:00,DEV_008,70
DEV_008_2024-09-15 14:00:00,2024-09-15 14:00:00,DEV_008,94
DEV_008_2024-09-15 19:00:00,2024-09-15 19:00:00,DEV_008,21
DEV_008_2024-09-16 00:00:00,2024-09-16 00:00:00,DEV_008,54
DEV_008_2024-09-16 05:00:00,2024-09-16 05:00:00,DEV_008,63
DEV_008_2024-09-16 10:00:00,2024-09-16 10:00:00,DEV_008,88
DEV_008_2024-09-16 15:00:00,2024-09-16 15:00:00,DEV_008,48
DEV_008_2024-09-16 20:00:00,2024-09-16 20:00:00,DEV_008,40
DEV_008_2024-09-17 01:00:00,2024-09-17 01:00:00,DEV_008,39
DEV_008_2024-09-17 06:00:00,2024-09-17 06:00:00,DEV_008,98
DEV_008_2024-09-17 11:00:00,2024-09-17 11:00:00,DEV_008,39
DEV_008_2024-09-17 16:00:00,2024-09-17 16:00:00,DEV_008,11
DEV_008_2024-09-17 21:00:00,2024-09-17 21:00:00,DEV_008,3
DEV_008_2024-09-18 02:00:00,2024-09-18 02:00:00,DEV_008,29
DEV_008_2024-09-18 07:00:00,2024-09-18 07:00:00,DEV_008,97
DEV_008_2024-09-18 12:00:00,2024-09-18 12:00:00,DEV_008,15
DEV_008_2024-09-18 17:00:00,2024-09-18 17:00:00,DEV_008,11
DEV_008_2024-09-18 22:00:00,2024-09-18 22:00:00,DEV_008,48
DEV_008_2024-09-19 03:00:00,2024-09-19 03:00:00,DEV_008,47
DEV_008_2024-09-19 08:00:00,2024-09-19 08:00:00,DEV_008,68
DEV_008_2024-09-19 13:00:00,2024-09-19 13:00:00,DEV_008,23
DEV_008_2024-09-19 18:00:00,2024-09-19 18:00:00,DEV_008,72
DEV_008_2024-09-19 23:00:00,2024-09-19 23:00:00,DEV_008,93
DEV_008_2024-09-20 04:00:00,2024-09-20 04:00:00,DEV_008,25
DEV_008_2024-09-20 09:00:00,2024-09-20 09:00:00,DEV_008,45
DEV_008_2024-09-20 14:00:00,2024-09-20 14:00:00,DEV_008,40
DEV_008_2024-09-20 19:00:00,2024-09-20 19:00:00,DEV_008,70
DEV_008_2024-09-21 00:00:00,2024-09-21 00:00:00,DEV_008,22
DEV_008_2024-09-21 05:00:00,2024-09-21 05:00:00,DEV_008,51
DEV_008_2024-09-21 10:00:00,2024-09-21 10:00:00,DEV_008,96
DEV_008_2024-09-21 15:00:00,2024-09-21 15:00:00,DEV_008,22
DEV_008_2024-09-21 20:00:00,2024-09-21 20:00:00,DEV_008,3
DEV_008_2024-09-22 01:00:00,2024-09-22 01:00:00,DEV_008,65
DEV_008_2024-09-22 06:00:00,2024-09-22 06:00:00,DEV_008,44
DEV_008_2024-09-22 11:00:00,2024-09-22 11:00:00,DEV_008,12
DEV_008_2024-09-22 16:00:00,2024-09-22 16:00:00,DEV_008,94
DEV_008_2024-09-22 21:00:00,2024-09-22 21:00:00,DEV_008,77
DEV_008_2024-09-23 02:00:00,2024-09-23 02:00:00,DEV_008,61
DEV_008_2024-09-23 07:00:00,2024-09-23 07:00:00,DEV_008,33
DEV_008_2024-09-23 12:00:00,2024-09-23 12:00:00,DEV_008,40
DEV_008_2024-09-23 17:00:00,2024-09-23 17:00:00,DEV_008,73
DEV_008_2024-09-23 22:00:00,2024-09-23 22:00:00,DEV_008,62
DEV_008_2024-09-24 03:00:00,2024-09-24 03:00:00,DEV_008,44
DEV_008_2024-09-24 08:00:00,2024-09-24 08:00:00,DEV_008,62
DEV_008_2024-09-24 13:00:00,2024-09-24 13:00:00,DEV_008,37
DEV_008_2024-09-24 18:00:00,2024-09-24 18:00:00,DEV_008,28
DEV_008_2024-09-24 23:00:00,2024-09-24 23:00:00,DEV_008,19
DEV_008_2024-09-25 04:00:00,2024-09-25 04:00:00,DEV_008,35
DEV_008_2024-09-25 09:00:00,2024-09-25 09:00:00,DEV_008,25
DEV_008_2024-09-25 14:00:00,2024-09-25 14:00:00,DEV_008,32
DEV_008_2024-09-25 19:00:00,2024-09-25 19:00:00,DEV_008,97
DEV_008_2024-09-26 00:00:00,2024-09-26 00:00:00,DEV_008,71
DEV_008_2024-09-26 05:00:00,2024-09-26 05:00:00,DEV_008,18
DEV_008_2024-09-26 10:00:00,2024-09-26 10:00:00,DEV_008,61
DEV_008_2024-09-26 15:00:00,2024-09-26 15:00:00,DEV_008,41
DEV_008_2024-09-26 20:00:00,2024-09-26 20:00:00,DEV_008,40
DEV_008_2024-09-27 01:00:00,2024-09-27 01:00:00,DEV_008,59
DEV_008_2024-09-27 06:00:00,2024-09-27 06:00:00,DEV_008,54
DEV_008_2024-09-27 11:00:00,2024-09-27 11:00:00,DEV_008,14
DEV_008_2024-09-27 16:00:00,2024-09-27 16:00:00,DEV_008,13
DEV_008_2024-09-27 21:00:00,2024-09-27 21:00:00,DEV_008,91
DEV_008_2024-09-28 02:00:00,2024-09-28 02:00:00,DEV_008,30
DEV_008_2024-09-28 07:00:00,2024-09-28 07:00:00,DEV_008,54
DEV_008_2024-09-28 12:00:00,2024-09-28 12:00:00,DEV_008,50
DEV_008_2024-09-28 17:00:00,2024-09-28 17:00:00,DEV_008,94
DEV_008_2024-09-28 22:00:00,2024-09-28 22:00:00,DEV_008,86
DEV_008_2024-09-29 03:00:00,2024-09-29 03:00:00,DEV_008,92
DEV_008_2024-09-29 08:00:00,2024-09-29 08:00:00,DEV_008,9
DEV_008_2024-09-29 13:00:00,2024-09-29 13:00:00,DEV_008,24
DEV_008_2024-09-29 18:00:00,2024-09-29 18:00:00,DEV_008,27
DEV_008_2024-09-29 23:00:00,2024-09-29 23:00:00,DEV_008,70
DEV_008_2024-09-30 04:00:00,2024-09-30 04:00:00,DEV_008,4
DEV_008_2024-09-30 09:00:00,2024-09-30 09:00:00,DEV_008,84
DEV_008_2024-09-30 14:00:00,2024-09-30 14:00:00,DEV_008,4
DEV_008_2024-09-30 19:00:00,2024-09-30 19:00:00,DEV_008,3
DEV_008_2024-10-01 00:00:00,2024-10-01 00:00:00,DEV_008,71
DEV_008_2024-10-01 05:00:00,2024-10-01 05:00:00,DEV_008,29
DEV_008_2024-10-01 10:00:00,2024-10-01 10:00:00,DEV_008,80
DEV_008_2024-10-01 15:00:00,2024-10-01 15:00:00,DEV_008,41
DEV_008_2024-10-01 20:00:00,2024-10-01 20:00:00,DEV_008,12
DEV_008_2024-10-02 01:00:00,2024-10-02 01:00:00,DEV_008,45
DEV_008_2024-10-02 06:00:00,2024-10-02 06:00:00,DEV_008,56
DEV_008_2024-10-02 11:00:00,2024-10-02 11:00:00,DEV_008,32
DEV_008_2024-10-02 16:00:00,2024-10-02 16:00:00,DEV_008,28
DEV_008_2024-10-02 21:00:00,2024-10-02 21:00:00,DEV_008,98
DEV_008_2024-10-03 02:00:00,2024-10-03 02:00:00,DEV_008,84
DEV_008_2024-10-03 07:00:00,2024-10-03 07:00:00,DEV_008,34
DEV_008_2024-10-03 12:00:00,2024-10-03 12:00:00,DEV_008,58
DEV_008_2024-10-03 17:00:00,2024-10-03 17:00:00,DEV_008,5
DEV_008_2024-10-03 22:00:00,2024-10-03 22:00:00,DEV_008,76
DEV_008_2024-10-04 03:00:00,2024-10-04 03:00:00,DEV_008,27
DEV_008_2024-10-04 08:00:00,2024-10-04 08:00:00,DEV_008,42
DEV_008_2024-10-04 13:00:00,2024-10-04 13:00:00,DEV_008,86
DEV_008_2024-10-04 18:00:00,2024-10-04 18:00:00,DEV_008,57
DEV_008_2024-10-04 23:00:00,2024-10-04 23:00:00,DEV_008,95
DEV_008_2024-10-05 04:00:00,2024-10-05 04:00:00,DEV_008,25
DEV_008_2024-10-05 09:00:00,2024-10-05 09:00:00,DEV_008,85
DEV_008_2024-10-05 14:00:00,2024-10-05 14:00:00,DEV_008,2
DEV_008_2024-10-05 19:00:00,2024-10-05 19:00:00,DEV_008,95
DEV_008_2024-10-06 00:00:00,2024-10-06 00:00:00,DEV_008,5
DEV_008_2024-10-06 05:00:00,2024-10-06 05:00:00,DEV_008,79
DEV_008_2024-10-06 10:00:00,2024-10-06 10:00:00,DEV_008,80
DEV_008_2024-10-06 15:00:00,2024-10-06 15:00:00,DEV_008,12
DEV_008_2024-10-06 20:00:00,2024-10-06 20:00:00,DEV_008,55
DEV_008_2024-10-07 01:00:00,2024-10-07 01:00:00,DEV_008,91
DEV_008_2024-10-07 06:00:00,2024-10-07 06:00:00,DEV_008,29
DEV_008_2024-10-07 11:00:00,2024-10-07 11:00:00,DEV_008,3
DEV_008_2024-10-07 16:00:00,2024-10-07 16:00:00,DEV_008,28
DEV_008_2024-10-07 21:00:00,2024-10-07 21:00:00,DEV_008,14
DEV_008_2024-10-08 02:00:00,2024-10-08 02:00:00,DEV_008,47
DEV_008_2024-10-08 07:00:00,2024-10-08 07:00:00,DEV_008,83
DEV_008_2024-10-08 12:00:00,2024-10-08 12:00:00,DEV_008,1
DEV_008_2024-10-08 17:00:00,2024-10-08 17:00:00,DEV_008,17
DEV_008_2024-10-08 22:00:00,2024-10-08 22:00:00,DEV_008,59
DEV_008_2024-10-09 03:00:00,2024-10-09 03:00:00,DEV_008,64
DEV_008_2024-10-09 08:00:00,2024-10-09 08:00:00,DEV_008,99
DEV_008_2024-10-09 13:00:00,2024-10-09 13:00:00,DEV_008,99
DEV_008_2024-10-09 18:00:00,2024-10-09 18:00:00,DEV_008,30
DEV_008_2024-10-09 23:00:00,2024-10-09 23:00:00,DEV_008,72
DEV_008_2024-10-10 04:00:00,2024-10-10 04:00:00,DEV_008,16
DEV_008_2024-10-10 09:00:00,2024-10-10 09:00:00,DEV_008,11
DEV_008_2024-10-10 14:00:00,2024-10-10 14:00:00,DEV_008,59
DEV_008_2024-10-10 19:00:00,2024-10-10 19:00:00,DEV_008,12
DEV_008_2024-10-11 00:00:00,2024-10-11 00:00:00,DEV_008,61
DEV_008_2024-10-11 05:00:00,2024-10-11 05:00:00,DEV_008,56
DEV_008_2024-10-11 10:00:00,2024-10-11 10:00:00,DEV_008,43
DEV_008_2024-10-11 15:00:00,2024-10-11 15:00:00,DEV_008,9
DEV_008_2024-10-11 20:00:00,2024-10-11 20:00:00,DEV_008,2
DEV_008_2024-10-12 01:00:00,2024-10-12 01:00:00,DEV_008,64
DEV_008_2024-10-12 06:00:00,2024-10-12 06:00:00,DEV_008,73
DEV_008_2024-10-12 11:00:00,2024-10-12 11:00:00,DEV_008,85
DEV_008_2024-10-12 16:00:00,2024-10-12 16:00:00,DEV_008,46
DEV_008_2024-10-12 21:00:00,2024-10-12 21:00:00,DEV_008,50
DEV_008_2024-10-13 02:00:00,2024-10-13 02:00:00,DEV_008,24
DEV_008_2024-10-13 07:00:00,2024-10-13 07:00:00,DEV_008,5
DEV_008_2024-10-13 12:00:00,2024-10-13 12:00:00,DEV_008,51
DEV_008_2024-10-13 17:00:00,2024-10-13 17:00:00,DEV_008,5
DEV_008_2024-10-13 22:00:00,2024-10-13 22:00:00,DEV_008,86
DEV_008_2024-10-14 03:00:00,2024-10-14 03:00:00,DEV_008,41
DEV_008_2024-10-14 08:00:00,2024-10-14 08:00:00,DEV_008,91
DEV_008_2024-10-14 13:00:00,2024-10-14 13:00:00,DEV_008,50
DEV_008_2024-10-14 18:00:00,2024-10-14 18:00:00,DEV_008,23
DEV_008_2024-10-14 23:00:00,2024-10-14 23:00:00,DEV_008,31
DEV_008_2024-10-15 04:00:00,2024-10-15 04:00:00,DEV_008,91
DEV_008_2024-10-15 09:00:00,2024-10-15 09:00:00,DEV_008,59
DEV_008_2024-10-15 14:00:00,2024-10-15 14:00:00,DEV_008,93
DEV_008_2024-10-15 19:00:00,2024-10-15 19:00:00,DEV_008,84
DEV_008_2024-10-16 00:00:00,2024-10-16 00:00:00,DEV_008,35
DEV_008_2024-10-16 05:00:00,2024-10-16 05:00:00,DEV_008,46
DEV_008_2024-10-16 10:00:00,2024-10-16 10:00:00,DEV_008,56
DEV_008_2024-10-16 15:00:00,2024-10-16 15:00:00,DEV_008,17
DEV_008_2024-10-16 20:00:00,2024-10-16 20:00:00,DEV_008,49
DEV_008_2024-10-17 01:00:00,2024-10-17 01:00:00,DEV_008,80
DEV_008_2024-10-17 06:00:00,2024-10-17 06:00:00,DEV_008,56
DEV_008_2024-10-17 11:00:00,2024-10-17 11:00:00,DEV_008,9
DEV_008_2024-10-17 16:00:00,2024-10-17 16:00:00,DEV_008,5
DEV_008_2024-10-17 21:00:00,2024-10-17 21:00:00,DEV_008,50
DEV_008_2024-10-18 02:00:00,2024-10-18 02:00:00,DEV_008,81
DEV_008_2024-10-18 07:00:00,2024-10-18 07:00:00,DEV_008,18
DEV_008_2024-10-18 12:00:00,2024-10-18 12:00:00,DEV_008,75
DEV_008_2024-10-18 17:00:00,2024-10-18 17:00:00,DEV_008,10
DEV_008_2024-10-18 22:00:00,2024-10-18 22:00:00,DEV_008,29
DEV_008_2024-10-19 03:00:00,2024-10-19 03:00:00,DEV_008,80
DEV_008_2024-10-19 08:00:00,2024-10-19 08:00:00,DEV_008,92
DEV_008_2024-10-19 13:00:00,2024-10-19 13:00:00,DEV_008,62
DEV_008_2024-10-19 18:00:00,2024-10-19 18:00:00,DEV_008,15
DEV_008_2024-10-19 23:00:00,2024-10-19 23:00:00,DEV_008,18
DEV_008_2024-10-20 04:00:00,2024-10-20 04:00:00,DEV_008,36
DEV_008_2024-10-20 09:00:00,2024-10-20 09:00:00,DEV_008,83
DEV_008_2024-10-20 14:00:00,2024-10-20 14:00:00,DEV_008,16
DEV_008_2024-10-20 19:00:00,2024-10-20 19:00:00,DEV_008,56
DEV_008_2024-10-21 00:00:00,2024-10-21 00:00:00,DEV_008,56
DEV_008_2024-10-21 05:00:00,2024-10-21 05:00:00,DEV_008,51
DEV_008_2024-10-21 10:00:00,2024-10-21 10:00:00,DEV_008,59
DEV_008_2024-10-21 15:00:00,2024-10-21 15:00:00,DEV_008,52
DEV_008_2024-10-21 20:00:00,2024-10-21 20:00:00,DEV_008,14
DEV_008_2024-10-22 01:00:00,2024-10-22 01:00:00,DEV_008,60
DEV_008_2024-10-22 06:00:00,2024-10-22 06:00:00,DEV_008,50
DEV_008_2024-10-22 11:00:00,2024-10-22 11:00:00,DEV_008,64
DEV_008_2024-10-22 16:00:00,2024-10-22 16:00:00,DEV_008,45
DEV_008_2024-10-22 21:00:00,2024-10-22 21:00:00,DEV_008,69
DEV_008_2024-10-23 02:00:00,2024-10-23 02:00:00,DEV_008,4
DEV_008_2024-10-23 07:00:00,2024-10-23 07:00:00,DEV_008,15
DEV_008_2024-10-23 12:00:00,2024-10-23 12:00:00,DEV_008,86
DEV_008_2024-10-23 17:00:00,2024-10-23 17:00:00,DEV_008,19
DEV_008_2024-10-23 22:00:00,2024-10-23 22:00:00,DEV_008,51
DEV_008_2024-10-24 03:00:00,2024-10-24 03:00:00,DEV_008,49
DEV_008_2024-10-24 08:00:00,2024-10-24 08:00:00,DEV_008,91
DEV_008_2024-10-24 13:00:00,2024-10-24 13:00:00,DEV_008,80
DEV_008_2024-10-24 18:00:00,2024-10-24 18:00:00,DEV_008,13
DEV_008_2024-10-24 23:00:00,2024-10-24 23:00:00,DEV_008,11
DEV_008_2024-10-25 04:00:00,2024-10-25 04:00:00,DEV_008,37
DEV_008_2024-10-25 09:00:00,2024-10-25 09:00:00,DEV_008,91
DEV_008_2024-10-25 14:00:00,2024-10-25 14:00:00,DEV_008,17
DEV_008_2024-10-25 19:00:00,2024-10-25 19:00:00,DEV_008,22
DEV_008_2024-10-26 00:00:00,2024-10-26 00:00:00,DEV_008,28
DEV_008_2024-10-26 05:00:00,2024-10-26 05:00:00,DEV_008,1
DEV_008_2024-10-26 10:00:00,2024-10-26 10:00:00,DEV_008,74
DEV_008_2024-10-26 15:00:00,2024-10-26 15:00:00,DEV_008,79
DEV_008_2024-10-26 20:00:00,2024-10-26 20:00:00,DEV_008,14
DEV_008_2024-10-27 01:00:00,2024-10-27 01:00:00,DEV_008,42
DEV_008_2024-10-27 06:00:00,2024-10-27 06:00:00,DEV_008,22
DEV_008_2024-10-27 11:00:00,2024-10-27 11:00:00,DEV_008,70
DEV_008_2024-10-27 16:00:00,2024-10-27 16:00:00,DEV_008,60
DEV_008_2024-10-27 21:00:00,2024-10-27 21:00:00,DEV_008,14
DEV_008_2024-10-28 02:00:00,2024-10-28 02:00:00,DEV_008,93
DEV_008_2024-10-28 07:00:00,2024-10-28 07:00:00,DEV_008,71
DEV_008_2024-10-28 12:00:00,2024-10-28 12:00:00,DEV_008,1
DEV_008_2024-10-28 17:00:00,2024-10-28 17:00:00,DEV_008,52
DEV_008_2024-10-28 22:00:00,2024-10-28 22:00:00,DEV_008,77
DEV_008_2024-10-29 03:00:00,2024-10-29 03:00:00,DEV_008,18
DEV_008_2024-10-29 08:00:00,2024-10-29 08:00:00,DEV_008,84
DEV_008_2024-10-29 13:00:00,2024-10-29 13:00:00,DEV_008,33
DEV_008_2024-10-29 18:00:00,2024-10-29 18:00:00,DEV_008,76
DEV_008_2024-10-29 23:00:00,2024-10-29 23:00:00,DEV_008,6
DEV_008_2024-10-30 04:00:00,2024-10-30 04:00:00,DEV_008,68
DEV_008_2024-10-30 09:00:00,2024-10-30 09:00:00,DEV_008,98
DEV_008_2024-10-30 14:00:00,2024-10-30 14:00:00,DEV_008,76
DEV_008_2024-10-30 19:00:00,2024-10-30 19:00:00,DEV_008,27
DEV_008_2024-10-31 00:00:00,2024-10-31 00:00:00,DEV_008,58
DEV_008_2024-10-31 05:00:00,2024-10-31 05:00:00,DEV_008,77
DEV_008_2024-10-31 10:00:00,2024-10-31 10:00:00,DEV_008,38
DEV_008_2024-10-31 15:00:00,2024-10-31 15:00:00,DEV_008,40
DEV_008_2024-10-31 20:00:00,2024-10-31 20:00:00,DEV_008,63
DEV_008_2024-11-01 01:00:00,2024-11-01 01:00:00,DEV_008,54
DEV_008_2024-11-01 06:00:00,2024-11-01 06:00:00,DEV_008,8
DEV_008_2024-11-01 11:00:00,2024-11-01 11:00:00,DEV_008,89
DEV_008_2024-11-01 16:00:00,2024-11-01 16:00:00,DEV_008,45
DEV_008_2024-11-01 21:00:00,2024-11-01 21:00:00,DEV_008,42
DEV_008_2024-11-02 02:00:00,2024-11-02 02:00:00,DEV_008,91
DEV_008_2024-11-02 07:00:00,2024-11-02 07:00:00,DEV_008,33
DEV_008_2024-11-02 12:00:00,2024-11-02 12:00:00,DEV_008,48
DEV_008_2024-11-02 17:00:00,2024-11-02 17:00:00,DEV_008,23
DEV_008_2024-11-02 22:00:00,2024-11-02 22:00:00,DEV_008,95
DEV_008_2024-11-03 03:00:00,2024-11-03 03:00:00,DEV_008,95
DEV_008_2024-11-03 08:00:00,2024-11-03 08:00:00,DEV_008,98
DEV_008_2024-11-03 13:00:00,2024-11-03 13:00:00,DEV_008,76
DEV_008_2024-11-03 18:00:00,2024-11-03 18:00:00,DEV_008,39
DEV_008_2024-11-03 23:00:00,2024-11-03 23:00:00,DEV_008,66
DEV_008_2024-11-04 04:00:00,2024-11-04 04:00:00,DEV_008,66
DEV_008_2024-11-04 09:00:00,2024-11-04 09:00:00,DEV_008,79
DEV_008_2024-11-04 14:00:00,2024-11-04 14:00:00,DEV_008,32
DEV_008_2024-11-04 19:00:00,2024-11-04 19:00:00,DEV_008,85
DEV_008_2024-11-05 00:00:00,2024-11-05 00:00:00,DEV_008,22
DEV_008_2024-11-05 05:00:00,2024-11-05 05:00:00,DEV_008,99
DEV_008_2024-11-05 10:00:00,2024-11-05 10:00:00,DEV_008,33
DEV_008_2024-11-05 15:00:00,2024-11-05 15:00:00,DEV_008,21
DEV_008_2024-11-05 20:00:00,2024-11-05 20:00:00,DEV_008,65
DEV_008_2024-11-06 01:00:00,2024-11-06 01:00:00,DEV_008,25
DEV_008_2024-11-06 06:00:00,2024-11-06 06:00:00,DEV_008,46
DEV_008_2024-11-06 11:00:00,2024-11-06 11:00:00,DEV_008,70
DEV_008_2024-11-06 16:00:00,2024-11-06 16:00:00,DEV_008,69
DEV_008_2024-11-06 21:00:00,2024-11-06 21:00:00,DEV_008,94
DEV_008_2024-11-07 02:00:00,2024-11-07 02:00:00,DEV_008,38
DEV_008_2024-11-07 07:00:00,2024-11-07 07:00:00,DEV_008,8
DEV_008_2024-11-07 12:00:00,2024-11-07 12:00:00,DEV_008,49
DEV_008_2024-11-07 17:00:00,2024-11-07 17:00:00,DEV_008,28
DEV_008_2024-11-07 22:00:00,2024-11-07 22:00:00,DEV_008,44
DEV_008_2024-11-08 03:00:00,2024-11-08 03:00:00,DEV_008,74
DEV_008_2024-11-08 08:00:00,2024-11-08 08:00:00,DEV_008,24
DEV_008_2024-11-08 13:00:00,2024-11-08 13:00:00,DEV_008,56
DEV_008_2024-11-08 18:00:00,2024-11-08 18:00:00,DEV_008,28
DEV_008_2024-11-08 23:00:00,2024-11-08 23:00:00,DEV_008,52
DEV_008_2024-11-09 04:00:00,2024-11-09 04:00:00,DEV_008,13
DEV_008_2024-11-09 09:00:00,2024-11-09 09:00:00,DEV_008,23
DEV_008_2024-11-09 14:00:00,2024-11-09 14:00:00,DEV_008,4
DEV_008_2024-11-09 19:00:00,2024-11-09 19:00:00,DEV_008,92
DEV_008_2024-11-10 00:00:00,2024-11-10 00:00:00,DEV_008,51
DEV_008_2024-11-10 05:00:00,2024-11-10 05:00:00,DEV_008,66
DEV_008_2024-11-10 10:00:00,2024-11-10 10:00:00,DEV_008,19
DEV_008_2024-11-10 15:00:00,2024-11-10 15:00:00,DEV_008,6
DEV_008_2024-11-10 20:00:00,2024-11-10 20:00:00,DEV_008,89
DEV_008_2024-11-11 01:00:00,2024-11-11 01:00:00,DEV_008,28
DEV_008_2024-11-11 06:00:00,2024-11-11 06:00:00,DEV_008,39
DEV_008_2024-11-11 11:00:00,2024-11-11 11:00:00,DEV_008,89
DEV_008_2024-11-11 16:00:00,2024-11-11 16:00:00,DEV_008,65
DEV_008_2024-11-11 21:00:00,2024-11-11 21:00:00,DEV_008,22
DEV_008_2024-11-12 02:00:00,2024-11-12 02:00:00,DEV_008,12
DEV_008_2024-11-12 07:00:00,2024-11-12 07:00:00,DEV_008,14
DEV_008_2024-11-12 12:00:00,2024-11-12 12:00:00,DEV_008,34
DEV_008_2024-11-12 17:00:00,2024-11-12 17:00:00,DEV_008,47
DEV_008_2024-11-12 22:00:00,2024-11-12 22:00:00,DEV_008,48
DEV_008_2024-11-13 03:00:00,2024-11-13 03:00:00,DEV_008,79
DEV_008_2024-11-13 08:00:00,2024-11-13 08:00:00,DEV_008,70
DEV_008_2024-11-13 13:00:00,2024-11-13 13:00:00,DEV_008,44
DEV_008_2024-11-13 18:00:00,2024-11-13 18:00:00,DEV_008,96
DEV_008_2024-11-13 23:00:00,2024-11-13 23:00:00,DEV_008,9
DEV_008_2024-11-14 04:00:00,2024-11-14 04:00:00,DEV_008,74
DEV_008_2024-11-14 09:00:00,2024-11-14 09:00:00,DEV_008,60
DEV_008_2024-11-14 14:00:00,2024-11-14 14:00:00,DEV_008,42
DEV_008_2024-11-14 19:00:00,2024-11-14 19:00:00,DEV_008,36
DEV_008_2024-11-15 00:00:00,2024-11-15 00:00:00,DEV_008,11
DEV_008_2024-11-15 05:00:00,2024-11-15 05:00:00,DEV_008,58
DEV_008_2024-11-15 10:00:00,2024-11-15 10:00:00,DEV_008,23
DEV_008_2024-11-15 15:00:00,2024-11-15 15:00:00,DEV_008,11
DEV_008_2024-11-15 20:00:00,2024-11-15 20:00:00,DEV_008,95
DEV_008_2024-11-16 01:00:00,2024-11-16 01:00:00,DEV_008,21
DEV_008_2024-11-16 06:00:00,2024-11-16 06:00:00,DEV_008,25
DEV_008_2024-11-16 11:00:00,2024-11-16 11:00:00,DEV_008,32
DEV_008_2024-11-16 16:00:00,2024-11-16 16:00:00,DEV_008,27
DEV_008_2024-11-16 21:00:00,2024-11-16 21:00:00,DEV_008,24
DEV_008_2024-11-17 02:00:00,2024-11-17 02:00:00,DEV_008,49
DEV_008_2024-11-17 07:00:00,2024-11-17 07:00:00,DEV_008,68
DEV_008_2024-11-17 12:00:00,2024-11-17 12:00:00,DEV_008,36
DEV_008_2024-11-17 17:00:00,2024-11-17 17:00:00,DEV_008,10
DEV_008_2024-11-17 22:00:00,2024-11-17 22:00:00,DEV_008,78
DEV_008_2024-11-18 03:00:00,2024-11-18 03:00:00,DEV_008,93
DEV_008_2024-11-18 08:00:00,2024-11-18 08:00:00,DEV_008,81
DEV_008_2024-11-18 13:00:00,2024-11-18 13:00:00,DEV_008,10
DEV_008_2024-11-18 18:00:00,2024-11-18 18:00:00,DEV_008,43
DEV_008_2024-11-18 23:00:00,2024-11-18 23:00:00,DEV_008,12
DEV_008_2024-11-19 04:00:00,2024-11-19 04:00:00,DEV_008,58
DEV_008_2024-11-19 09:00:00,2024-11-19 09:00:00,DEV_008,17
DEV_008_2024-11-19 14:00:00,2024-11-19 14:00:00,DEV_008,33
DEV_008_2024-11-19 19:00:00,2024-11-19 19:00:00,DEV_008,58
DEV_008_2024-11-20 00:00:00,2024-11-20 00:00:00,DEV_008,64
DEV_008_2024-11-20 05:00:00,2024-11-20 05:00:00,DEV_008,23
DEV_008_2024-11-20 10:00:00,2024-11-20 10:00:00,DEV_008,30
DEV_008_2024-11-20 15:00:00,2024-11-20 15:00:00,DEV_008,3
DEV_008_2024-11-20 20:00:00,2024-11-20 20:00:00,DEV_008,98
DEV_008_2024-11-21 01:00:00,2024-11-21 01:00:00,DEV_008,81
DEV_008_2024-11-21 06:00:00,2024-11-21 06:00:00,DEV_008,54
DEV_008_2024-11-21 11:00:00,2024-11-21 11:00:00,DEV_008,64
DEV_008_2024-11-21 16:00:00,2024-11-21 16:00:00,DEV_008,77
DEV_008_2024-11-21 21:00:00,2024-11-21 21:00:00,DEV_008,66
DEV_008_2024-11-22 02:00:00,2024-11-22 02:00:00,DEV_008,21
DEV_008_2024-11-22 07:00:00,2024-11-22 07:00:00,DEV_008,10
DEV_008_2024-11-22 12:00:00,2024-11-22 12:00:00,DEV_008,7
DEV_008_2024-11-22 17:00:00,2024-11-22 17:00:00,DEV_008,25
DEV_008_2024-11-22 22:00:00,2024-11-22 22:00:00,DEV_008,91
DEV_008_2024-11-23 03:00:00,2024-11-23 03:00:00,DEV_008,28
DEV_008_2024-11-23 08:00:00,2024-11-23 08:00:00,DEV_008,84
DEV_008_2024-11-23 13:00:00,2024-11-23 13:00:00,DEV_008,34
DEV_008_2024-11-23 18:00:00,2024-11-23 18:00:00,DEV_008,67
DEV_008_2024-11-23 23:00:00,2024-11-23 23:00:00,DEV_008,6
DEV_008_2024-11-24 04:00:00,2024-11-24 04:00:00,DEV_008,83
DEV_008_2024-11-24 09:00:00,2024-11-24 09:00:00,DEV_008,45
DEV_008_2024-11-24 14:00:00,2024-11-24 14:00:00,DEV_008,61
DEV_008_2024-11-24 19:00:00,2024-11-24 19:00:00,DEV_008,36
DEV_008_2024-11-25 00:00:00,2024-11-25 00:00:00,DEV_008,86
DEV_008_2024-11-25 05:00:00,2024-11-25 05:00:00,DEV_008,82
DEV_008_2024-11-25 10:00:00,2024-11-25 10:00:00,DEV_008,56
DEV_008_2024-11-25 15:00:00,2024-11-25 15:00:00,DEV_008,41
DEV_008_2024-11-25 20:00:00,2024-11-25 20:00:00,DEV_008,31
DEV_008_2024-11-26 01:00:00,2024-11-26 01:00:00,DEV_008,41
DEV_008_2024-11-26 06:00:00,2024-11-26 06:00:00,DEV_008,99
DEV_008_2024-11-26 11:00:00,2024-11-26 11:00:00,DEV_008,30
DEV_008_2024-11-26 16:00:00,2024-11-26 16:00:00,DEV_008,8
DEV_008_2024-11-26 21:00:00,2024-11-26 21:00:00,DEV_008,6
DEV_008_2024-11-27 02:00:00,2024-11-27 02:00:00,DEV_008,6
DEV_008_2024-11-27 07:00:00,2024-11-27 07:00:00,DEV_008,96
DEV_008_2024-11-27 12:00:00,2024-11-27 12:00:00,DEV_008,52
DEV_008_2024-11-27 17:00:00,2024-11-27 17:00:00,DEV_008,6
DEV_008_2024-11-27 22:00:00,2024-11-27 22:00:00,DEV_008,61
DEV_008_2024-11-28 03:00:00,2024-11-28 03:00:00,DEV_008,87
DEV_008_2024-11-28 08:00:00,2024-11-28 08:00:00,DEV_008,69
DEV_008_2024-11-28 13:00:00,2024-11-28 13:00:00,DEV_008,5
DEV_008_2024-11-28 18:00:00,2024-11-28 18:00:00,DEV_008,2
DEV_008_2024-11-28 23:00:00,2024-11-28 23:00:00,DEV_008,53
DEV_008_2024-11-29 04:00:00,2024-11-29 04:00:00,DEV_008,5
DEV_008_2024-11-29 09:00:00,2024-11-29 09:00:00,DEV_008,67
DEV_008_2024-11-29 14:00:00,2024-11-29 14:00:00,DEV_008,96
DEV_008_2024-11-29 19:00:00,2024-11-29 19:00:00,DEV_008,60
DEV_008_2024-11-30 00:00:00,2024-11-30 00:00:00,DEV_008,78
DEV_008_2024-11-30 05:00:00,2024-11-30 05:00:00,DEV_008,15
DEV_008_2024-11-30 10:00:00,2024-11-30 10:00:00,DEV_008,9
DEV_008_2024-11-30 15:00:00,2024-11-30 15:00:00,DEV_008,98
DEV_008_2024-11-30 20:00:00,2024-11-30 20:00:00,DEV_008,35
DEV_008_2024-12-01 01:00:00,2024-12-01 01:00:00,DEV_008,6
DEV_008_2024-12-01 06:00:00,2024-12-01 06:00:00,DEV_008,92
DEV_008_2024-12-01 11:00:00,2024-12-01 11:00:00,DEV_008,50
DEV_008_2024-12-01 16:00:00,2024-12-01 16:00:00,DEV_008,40
DEV_008_2024-12-01 21:00:00,2024-12-01 21:00:00,DEV_008,64
DEV_008_2024-12-02 02:00:00,2024-12-02 02:00:00,DEV_008,61
DEV_008_2024-12-02 07:00:00,2024-12-02 07:00:00,DEV_008,38
DEV_008_2024-12-02 12:00:00,2024-12-02 12:00:00,DEV_008,56
DEV_008_2024-12-02 17:00:00,2024-12-02 17:00:00,DEV_008,34
DEV_008_2024-12-02 22:00:00,2024-12-02 22:00:00,DEV_008,23
DEV_008_2024-12-03 03:00:00,2024-12-03 03:00:00,DEV_008,3
DEV_008_2024-12-03 08:00:00,2024-12-03 08:00:00,DEV_008,5
DEV_008_2024-12-03 13:00:00,2024-12-03 13:00:00,DEV_008,88
DEV_008_2024-12-03 18:00:00,2024-12-03 18:00:00,DEV_008,81
DEV_008_2024-12-03 23:00:00,2024-12-03 23:00:00,DEV_008,33
DEV_008_2024-12-04 04:00:00,2024-12-04 04:00:00,DEV_008,96
DEV_008_2024-12-04 09:00:00,2024-12-04 09:00:00,DEV_008,42
DEV_008_2024-12-04 14:00:00,2024-12-04 14:00:00,DEV_008,81
DEV_008_2024-12-04 19:00:00,2024-12-04 19:00:00,DEV_008,25
DEV_008_2024-12-05 00:00:00,2024-12-05 00:00:00,DEV_008,75
DEV_008_2024-12-05 05:00:00,2024-12-05 05:00:00,DEV_008,66
DEV_008_2024-12-05 10:00:00,2024-12-05 10:00:00,DEV_008,36
DEV_008_2024-12-05 15:00:00,2024-12-05 15:00:00,DEV_008,7
DEV_008_2024-12-05 20:00:00,2024-12-05 20:00:00,DEV_008,86
DEV_008_2024-12-06 01:00:00,2024-12-06 01:00:00,DEV_008,23
DEV_008_2024-12-06 06:00:00,2024-12-06 06:00:00,DEV_008,90
DEV_008_2024-12-06 11:00:00,2024-12-06 11:00:00,DEV_008,62
DEV_008_2024-12-06 16:00:00,2024-12-06 16:00:00,DEV_008,78
DEV_008_2024-12-06 21:00:00,2024-12-06 21:00:00,DEV_008,45
DEV_008_2024-12-07 02:00:00,2024-12-07 02:00:00,DEV_008,84
DEV_008_2024-12-07 07:00:00,2024-12-07 07:00:00,DEV_008,6
DEV_008_2024-12-07 12:00:00,2024-12-07 12:00:00,DEV_008,1
DEV_008_2024-12-07 17:00:00,2024-12-07 17:00:00,DEV_008,25
DEV_008_2024-12-07 22:00:00,2024-12-07 22:00:00,DEV_008,29
DEV_008_2024-12-08 03:00:00,2024-12-08 03:00:00,DEV_008,26
DEV_008_2024-12-08 08:00:00,2024-12-08 08:00:00,DEV_008,88
DEV_008_2024-12-08 13:00:00,2024-12-08 13:00:00,DEV_008,47
DEV_008_2024-12-08 18:00:00,2024-12-08 18:00:00,DEV_008,83
DEV_008_2024-12-08 23:00:00,2024-12-08 23:00:00,DEV_008,14
DEV_008_2024-12-09 04:00:00,2024-12-09 04:00:00,DEV_008,42
DEV_008_2024-12-09 09:00:00,2024-12-09 09:00:00,DEV_008,39
DEV_008_2024-12-09 14:00:00,2024-12-09 14:00:00,DEV_008,60
DEV_008_2024-12-09 19:00:00,2024-12-09 19:00:00,DEV_008,6
DEV_008_2024-12-10 00:00:00,2024-12-10 00:00:00,DEV_008,49
DEV_008_2024-12-10 05:00:00,2024-12-10 05:00:00,DEV_008,24
DEV_008_2024-12-10 10:00:00,2024-12-10 10:00:00,DEV_008,23
DEV_008_2024-12-10 15:00:00,2024-12-10 15:00:00,DEV_008,37
DEV_008_2024-12-10 20:00:00,2024-12-10 20:00:00,DEV_008,76
DEV_008_2024-12-11 01:00:00,2024-12-11 01:00:00,DEV_008,45
DEV_008_2024-12-11 06:00:00,2024-12-11 06:00:00,DEV_008,8
DEV_008_2024-12-11 11:00:00,2024-12-11 11:00:00,DEV_008,95
DEV_008_2024-12-11 16:00:00,2024-12-11 16:00:00,DEV_008,66
DEV_008_2024-12-11 21:00:00,2024-12-11 21:00:00,DEV_008,4
DEV_008_2024-12-12 02:00:00,2024-12-12 02:00:00,DEV_008,53
DEV_008_2024-12-12 07:00:00,2024-12-12 07:00:00,DEV_008,89
DEV_008_2024-12-12 12:00:00,2024-12-12 12:00:00,DEV_008,35
DEV_008_2024-12-12 17:00:00,2024-12-12 17:00:00,DEV_008,99
DEV_008_2024-12-12 22:00:00,2024-12-12 22:00:00,DEV_008,11
DEV_008_2024-12-13 03:00:00,2024-12-13 03:00:00,DEV_008,20
DEV_008_2024-12-13 08:00:00,2024-12-13 08:00:00,DEV_008,87
DEV_008_2024-12-13 13:00:00,2024-12-13 13:00:00,DEV_008,49
DEV_008_2024-12-13 18:00:00,2024-12-13 18:00:00,DEV_008,12
DEV_008_2024-12-13 23:00:00,2024-12-13 23:00:00,DEV_008,2
DEV_008_2024-12-14 04:00:00,2024-12-14 04:00:00,DEV_008,91
DEV_008_2024-12-14 09:00:00,2024-12-14 09:00:00,DEV_008,44
DEV_008_2024-12-14 14:00:00,2024-12-14 14:00:00,DEV_008,25
DEV_008_2024-12-14 19:00:00,2024-12-14 19:00:00,DEV_008,41
DEV_008_2024-12-15 00:00:00,2024-12-15 00:00:00,DEV_008,17
DEV_008_2024-12-15 05:00:00,2024-12-15 05:00:00,DEV_008,70
DEV_008_2024-12-15 10:00:00,2024-12-15 10:00:00,DEV_008,96
DEV_008_2024-12-15 15:00:00,2024-12-15 15:00:00,DEV_008,92
DEV_008_2024-12-15 20:00:00,2024-12-15 20:00:00,DEV_008,92
DEV_008_2024-12-16 01:00:00,2024-12-16 01:00:00,DEV_008,89
DEV_008_2024-12-16 06:00:00,2024-12-16 06:00:00,DEV_008,99
DEV_008_2024-12-16 11:00:00,2024-12-16 11:00:00,DEV_008,23
DEV_008_2024-12-16 16:00:00,2024-12-16 16:00:00,DEV_008,3
DEV_008_2024-12-16 21:00:00,2024-12-16 21:00:00,DEV_008,56
DEV_008_2024-12-17 02:00:00,2024-12-17 02:00:00,DEV_008,86
DEV_008_2024-12-17 07:00:00,2024-12-17 07:00:00,DEV_008,48
DEV_008_2024-12-17 12:00:00,2024-12-17 12:00:00,DEV_008,90
DEV_008_2024-12-17 17:00:00,2024-12-17 17:00:00,DEV_008,47
DEV_008_2024-12-17 22:00:00,2024-12-17 22:00:00,DEV_008,15
DEV_008_2024-12-18 03:00:00,2024-12-18 03:00:00,DEV_008,92
DEV_008_2024-12-18 08:00:00,2024-12-18 08:00:00,DEV_008,71
DEV_008_2024-12-18 13:00:00,2024-12-18 13:00:00,DEV_008,17
DEV_008_2024-12-18 18:00:00,2024-12-18 18:00:00,DEV_008,36
DEV_008_2024-12-18 23:00:00,2024-12-18 23:00:00,DEV_008,38
DEV_008_2024-12-19 04:00:00,2024-12-19 04:00:00,DEV_008,10
DEV_008_2024-12-19 09:00:00,2024-12-19 09:00:00,DEV_008,27
DEV_008_2024-12-19 14:00:00,2024-12-19 14:00:00,DEV_008,46
DEV_008_2024-12-19 19:00:00,2024-12-19 19:00:00,DEV_008,18
DEV_008_2024-12-20 00:00:00,2024-12-20 00:00:00,DEV_008,89
DEV_008_2024-12-20 05:00:00,2024-12-20 05:00:00,DEV_008,45
DEV_008_2024-12-20 10:00:00,2024-12-20 10:00:00,DEV_008,70
DEV_008_2024-12-20 15:00:00,2024-12-20 15:00:00,DEV_008,56
DEV_008_2024-12-20 20:00:00,2024-12-20 20:00:00,DEV_008,14
DEV_008_2024-12-21 01:00:00,2024-12-21 01:00:00,DEV_008,74
DEV_008_2024-12-21 06:00:00,2024-12-21 06:00:00,DEV_008,14
DEV_008_2024-12-21 11:00:00,2024-12-21 11:00:00,DEV_008,13
DEV_008_2024-12-21 16:00:00,2024-12-21 16:00:00,DEV_008,49
DEV_008_2024-12-21 21:00:00,2024-12-21 21:00:00,DEV_008,38
DEV_008_2024-12-22 02:00:00,2024-12-22 02:00:00,DEV_008,80
DEV_008_2024-12-22 07:00:00,2024-12-22 07:00:00,DEV_008,21
DEV_008_2024-12-22 12:00:00,2024-12-22 12:00:00,DEV_008,30
DEV_008_2024-12-22 17:00:00,2024-12-22 17:00:00,DEV_008,40
DEV_008_2024-12-22 22:00:00,2024-12-22 22:00:00,DEV_008,37
DEV_008_2024-12-23 03:00:00,2024-12-23 03:00:00,DEV_008,83
DEV_008_2024-12-23 08:00:00,2024-12-23 08:00:00,DEV_008,81
DEV_008_2024-12-23 13:00:00,2024-12-23 13:00:00,DEV_008,22
DEV_008_2024-12-23 18:00:00,2024-12-23 18:00:00,DEV_008,17
DEV_008_2024-12-23 23:00:00,2024-12-23 23:00:00,DEV_008,62
DEV_008_2024-12-24 04:00:00,2024-12-24 04:00:00,DEV_008,66
DEV_008_2024-12-24 09:00:00,2024-12-24 09:00:00,DEV_008,27
DEV_008_2024-12-24 14:00:00,2024-12-24 14:00:00,DEV_008,67
DEV_008_2024-12-24 19:00:00,2024-12-24 19:00:00,DEV_008,4
DEV_008_2024-12-25 00:00:00,2024-12-25 00:00:00,DEV_008,57
DEV_008_2024-12-25 05:00:00,2024-12-25 05:00:00,DEV_008,5
DEV_008_2024-12-25 10:00:00,2024-12-25 10:00:00,DEV_008,90
DEV_008_2024-12-25 15:00:00,2024-12-25 15:00:00,DEV_008,63
DEV_008_2024-12-25 20:00:00,2024-12-25 20:00:00,DEV_008,43
DEV_008_2024-12-26 01:00:00,2024-12-26 01:00:00,DEV_008,67
DEV_008_2024-12-26 06:00:00,2024-12-26 06:00:00,DEV_008,41
DEV_008_2024-12-26 11:00:00,2024-12-26 11:00:00,DEV_008,83
DEV_008_2024-12-26 16:00:00,2024-12-26 16:00:00,DEV_008,7
DEV_008_2024-12-26 21:00:00,2024-12-26 21:00:00,DEV_008,40
DEV_008_2024-12-27 02:00:00,2024-12-27 02:00:00,DEV_008,6
DEV_008_2024-12-27 07:00:00,2024-12-27 07:00:00,DEV_008,4
DEV_008_2024-12-27 12:00:00,2024-12-27 12:00:00,DEV_008,34
DEV_008_2024-12-27 17:00:00,2024-12-27 17:00:00,DEV_008,51
DEV_008_2024-12-27 22:00:00,2024-12-27 22:00:00,DEV_008,87
DEV_008_2024-12-28 03:00:00,2024-12-28 03:00:00,DEV_008,35
DEV_008_2024-12-28 08:00:00,2024-12-28 08:00:00,DEV_008,15
DEV_008_2024-12-28 13:00:00,2024-12-28 13:00:00,DEV_008,30
DEV_008_2024-12-28 18:00:00,2024-12-28 18:00:00,DEV_008,94
DEV_008_2024-12-28 23:00:00,2024-12-28 23:00:00,DEV_008,38
DEV_008_2024-12-29 04:00:00,2024-12-29 04:00:00,DEV_008,85
DEV_008_2024-12-29 09:00:00,2024-12-29 09:00:00,DEV_008,80
DEV_008_2024-12-29 14:00:00,2024-12-29 14:00:00,DEV_008,62
DEV_008_2024-12-29 19:00:00,2024-12-29 19:00:00,DEV_008,69
DEV_009_2024-09-01 00:00:00,2024-09-01 00:00:00,DEV_009,66
DEV_009_2024-09-01 01:00:00,2024-09-01 01:00:00,DEV_009,83
DEV_009_2024-09-01 02:00:00,2024-09-01 02:00:00,DEV_009,7
DEV_009_2024-09-01 03:00:00,2024-09-01 03:00:00,DEV_009,98
DEV_009_2024-09-01 04:00:00,2024-09-01 04:00:00,DEV_009,67
DEV_009_2024-09-01 05:00:00,2024-09-01 05:00:00,DEV_009,82
DEV_009_2024-09-01 06:00:00,2024-09-01 06:00:00,DEV_009,11
DEV_009_2024-09-01 07:00:00,2024-09-01 07:00:00,DEV_009,55
DEV_009_2024-09-01 08:00:00,2024-09-01 08:00:00,DEV_009,93
DEV_009_2024-09-01 09:00:00,2024-09-01 09:00:00,DEV_009,72
DEV_009_2024-09-01 10:00:00,2024-09-01 10:00:00,DEV_009,83
DEV_009_2024-09-01 11:00:00,2024-09-01 11:00:00,DEV_009,39
DEV_009_2024-09-01 12:00:00,2024-09-01 12:00:00,DEV_009,94
DEV_009_2024-09-01 13:00:00,2024-09-01 13:00:00,DEV_009,83
DEV_009_2024-09-01 14:00:00,2024-09-01 14:00:00,DEV_009,61
DEV_009_2024-09-01 15:00:00,2024-09-01 15:00:00,DEV_009,44
DEV_009_2024-09-01 16:00:00,2024-09-01 16:00:00,DEV_009,45
DEV_009_2024-09-01 17:00:00,2024-09-01 17:00:00,DEV_009,68
DEV_009_2024-09-01 18:00:00,2024-09-01 18:00:00,DEV_009,39
DEV_009_2024-09-01 19:00:00,2024-09-01 19:00:00,DEV_009,71
DEV_009_2024-09-01 20:00:00,2024-09-01 20:00:00,DEV_009,23
DEV_009_2024-09-01 21:00:00,2024-09-01 21:00:00,DEV_009,92
DEV_009_2024-09-01 22:00:00,2024-09-01 22:00:00,DEV_009,83
DEV_009_2024-09-01 23:00:00,2024-09-01 23:00:00,DEV_009,85
DEV_009_2024-09-02 00:00:00,2024-09-02 00:00:00,DEV_009,69
DEV_009_2024-09-02 01:00:00,2024-09-02 01:00:00,DEV_009,35
DEV_009_2024-09-02 02:00:00,2024-09-02 02:00:00,DEV_009,1
DEV_009_2024-09-02 03:00:00,2024-09-02 03:00:00,DEV_009,78
DEV_009_2024-09-02 04:00:00,2024-09-02 04:00:00,DEV_009,87
DEV_009_2024-09-02 05:00:00,2024-09-02 05:00:00,DEV_009,41
DEV_009_2024-09-02 06:00:00,2024-09-02 06:00:00,DEV_009,14
DEV_009_2024-09-02 07:00:00,2024-09-02 07:00:00,DEV_009,91
DEV_009_2024-09-02 08:00:00,2024-09-02 08:00:00,DEV_009,37
DEV_009_2024-09-02 09:00:00,2024-09-02 09:00:00,DEV_009,89
DEV_009_2024-09-02 10:00:00,2024-09-02 10:00:00,DEV_009,21
DEV_009_2024-09-02 11:00:00,2024-09-02 11:00:00,DEV_009,8
DEV_009_2024-09-02 12:00:00,2024-09-02 12:00:00,DEV_009,78
DEV_009_2024-09-02 13:00:00,2024-09-02 13:00:00,DEV_009,56
DEV_009_2024-09-02 14:00:00,2024-09-02 14:00:00,DEV_009,62
DEV_009_2024-09-02 15:00:00,2024-09-02 15:00:00,DEV_009,36
DEV_009_2024-09-02 16:00:00,2024-09-02 16:00:00,DEV_009,84
DEV_009_2024-09-02 17:00:00,2024-09-02 17:00:00,DEV_009,36
DEV_009_2024-09-02 18:00:00,2024-09-02 18:00:00,DEV_009,93
DEV_009_2024-09-02 19:00:00,2024-09-02 19:00:00,DEV_009,53
DEV_009_2024-09-02 20:00:00,2024-09-02 20:00:00,DEV_009,43
DEV_009_2024-09-02 21:00:00,2024-09-02 21:00:00,DEV_009,1
DEV_009_2024-09-02 22:00:00,2024-09-02 22:00:00,DEV_009,62
DEV_009_2024-09-02 23:00:00,2024-09-02 23:00:00,DEV_009,89
DEV_009_2024-09-03 00:00:00,2024-09-03 00:00:00,DEV_009,42
DEV_009_2024-09-03 01:00:00,2024-09-03 01:00:00,DEV_009,76
DEV_009_2024-09-03 02:00:00,2024-09-03 02:00:00,DEV_009,44
DEV_009_2024-09-03 03:00:00,2024-09-03 03:00:00,DEV_009,58
DEV_009_2024-09-03 04:00:00,2024-09-03 04:00:00,DEV_009,87
DEV_009_2024-09-03 05:00:00,2024-09-03 05:00:00,DEV_009,85
DEV_009_2024-09-03 06:00:00,2024-09-03 06:00:00,DEV_009,86
DEV_009_2024-09-03 07:00:00,2024-09-03 07:00:00,DEV_009,65
DEV_009_2024-09-03 08:00:00,2024-09-03 08:00:00,DEV_009,14
DEV_009_2024-09-03 09:00:00,2024-09-03 09:00:00,DEV_009,26
DEV_009_2024-09-03 10:00:00,2024-09-03 10:00:00,DEV_009,95
DEV_009_2024-09-03 11:00:00,2024-09-03 11:00:00,DEV_009,28
DEV_009_2024-09-03 12:00:00,2024-09-03 12:00:00,DEV_009,84
DEV_009_2024-09-03 13:00:00,2024-09-03 13:00:00,DEV_009,78
DEV_009_2024-09-03 14:00:00,2024-09-03 14:00:00,DEV_009,92
DEV_009_2024-09-03 15:00:00,2024-09-03 15:00:00,DEV_009,55
DEV_009_2024-09-03 16:00:00,2024-09-03 16:00:00,DEV_009,61
DEV_009_2024-09-03 17:00:00,2024-09-03 17:00:00,DEV_009,46
DEV_009_2024-09-03 18:00:00,2024-09-03 18:00:00,DEV_009,15
DEV_009_2024-09-03 19:00:00,2024-09-03 19:00:00,DEV_009,94
DEV_009_2024-09-03 20:00:00,2024-09-03 20:00:00,DEV_009,67
DEV_009_2024-09-03 21:00:00,2024-09-03 21:00:00,DEV_009,91
DEV_009_2024-09-03 22:00:00,2024-09-03 22:00:00,DEV_009,44
DEV_009_2024-09-03 23:00:00,2024-09-03 23:00:00,DEV_009,97
DEV_009_2024-09-04 00:00:00,2024-09-04 00:00:00,DEV_009,78
DEV_009_2024-09-04 01:00:00,2024-09-04 01:00:00,DEV_009,19
DEV_009_2024-09-04 02:00:00,2024-09-04 02:00:00,DEV_009,96
DEV_009_2024-09-04 03:00:00,2024-09-04 03:00:00,DEV_009,47
DEV_009_2024-09-04 04:00:00,2024-09-04 04:00:00,DEV_009,36
DEV_009_2024-09-04 05:00:00,2024-09-04 05:00:00,DEV_009,18
DEV_009_2024-09-04 06:00:00,2024-09-04 06:00:00,DEV_009,67
DEV_009_2024-09-04 07:00:00,2024-09-04 07:00:00,DEV_009,94
DEV_009_2024-09-04 08:00:00,2024-09-04 08:00:00,DEV_009,32
DEV_009_2024-09-04 09:00:00,2024-09-04 09:00:00,DEV_009,9
DEV_009_2024-09-04 10:00:00,2024-09-04 10:00:00,DEV_009,94
DEV_009_2024-09-04 11:00:00,2024-09-04 11:00:00,DEV_009,13
DEV_009_2024-09-04 12:00:00,2024-09-04 12:00:00,DEV_009,27
DEV_009_2024-09-04 13:00:00,2024-09-04 13:00:00,DEV_009,85
DEV_009_2024-09-04 14:00:00,2024-09-04 14:00:00,DEV_009,38
DEV_009_2024-09-04 15:00:00,2024-09-04 15:00:00,DEV_009,87
DEV_009_2024-09-04 16:00:00,2024-09-04 16:00:00,DEV_009,83
DEV_009_2024-09-04 17:00:00,2024-09-04 17:00:00,DEV_009,66
DEV_009_2024-09-04 18:00:00,2024-09-04 18:00:00,DEV_009,20
DEV_009_2024-09-04 19:00:00,2024-09-04 19:00:00,DEV_009,52
DEV_009_2024-09-04 20:00:00,2024-09-04 20:00:00,DEV_009,38
DEV_009_2024-09-04 21:00:00,2024-09-04 21:00:00,DEV_009,34
DEV_009_2024-09-04 22:00:00,2024-09-04 22:00:00,DEV_009,36
DEV_009_2024-09-04 23:00:00,2024-09-04 23:00:00,DEV_009,15
DEV_009_2024-09-05 00:00:00,2024-09-05 00:00:00,DEV_009,91
DEV_009_2024-09-05 01:00:00,2024-09-05 01:00:00,DEV_009,30
DEV_009_2024-09-05 02:00:00,2024-09-05 02:00:00,DEV_009,93
DEV_009_2024-09-05 03:00:00,2024-09-05 03:00:00,DEV_009,56
DEV_009_2024-09-05 04:00:00,2024-09-05 04:00:00,DEV_009,17
DEV_009_2024-09-05 05:00:00,2024-09-05 05:00:00,DEV_009,9
DEV_009_2024-09-05 06:00:00,2024-09-05 06:00:00,DEV_009,98
DEV_009_2024-09-05 07:00:00,2024-09-05 07:00:00,DEV_009,68
DEV_009_2024-09-05 08:00:00,2024-09-05 08:00:00,DEV_009,22
DEV_009_2024-09-05 09:00:00,2024-09-05 09:00:00,DEV_009,7
DEV_009_2024-09-05 10:00:00,2024-09-05 10:00:00,DEV_009,57
DEV_009_2024-09-05 11:00:00,2024-09-05 11:00:00,DEV_009,45
DEV_009_2024-09-05 12:00:00,2024-09-05 12:00:00,DEV_009,1
DEV_009_2024-09-05 13:00:00,2024-09-05 13:00:00,DEV_009,21
DEV_009_2024-09-05 14:00:00,2024-09-05 14:00:00,DEV_009,68
DEV_009_2024-09-05 15:00:00,2024-09-05 15:00:00,DEV_009,75
DEV_009_2024-09-05 16:00:00,2024-09-05 16:00:00,DEV_009,83
DEV_009_2024-09-05 17:00:00,2024-09-05 17:00:00,DEV_009,29
DEV_009_2024-09-05 18:00:00,2024-09-05 18:00:00,DEV_009,11
DEV_009_2024-09-05 19:00:00,2024-09-05 19:00:00,DEV_009,51
DEV_009_2024-09-05 20:00:00,2024-09-05 20:00:00,DEV_009,83
DEV_009_2024-09-05 21:00:00,2024-09-05 21:00:00,DEV_009,64
DEV_009_2024-09-05 22:00:00,2024-09-05 22:00:00,DEV_009,33
DEV_009_2024-09-05 23:00:00,2024-09-05 23:00:00,DEV_009,49
DEV_009_2024-09-06 00:00:00,2024-09-06 00:00:00,DEV_009,23
DEV_009_2024-09-06 01:00:00,2024-09-06 01:00:00,DEV_009,18
DEV_009_2024-09-06 02:00:00,2024-09-06 02:00:00,DEV_009,71
DEV_009_2024-09-06 03:00:00,2024-09-06 03:00:00,DEV_009,6
DEV_009_2024-09-06 04:00:00,2024-09-06 04:00:00,DEV_009,26
DEV_009_2024-09-06 05:00:00,2024-09-06 05:00:00,DEV_009,36
DEV_009_2024-09-06 06:00:00,2024-09-06 06:00:00,DEV_009,27
DEV_009_2024-09-06 07:00:00,2024-09-06 07:00:00,DEV_009,49
DEV_009_2024-09-06 08:00:00,2024-09-06 08:00:00,DEV_009,70
DEV_009_2024-09-06 09:00:00,2024-09-06 09:00:00,DEV_009,47
DEV_009_2024-09-06 10:00:00,2024-09-06 10:00:00,DEV_009,78
DEV_009_2024-09-06 11:00:00,2024-09-06 11:00:00,DEV_009,41
DEV_009_2024-09-06 12:00:00,2024-09-06 12:00:00,DEV_009,1
DEV_009_2024-09-06 13:00:00,2024-09-06 13:00:00,DEV_009,22
DEV_009_2024-09-06 14:00:00,2024-09-06 14:00:00,DEV_009,20
DEV_009_2024-09-06 15:00:00,2024-09-06 15:00:00,DEV_009,56
DEV_009_2024-09-06 16:00:00,2024-09-06 16:00:00,DEV_009,3
DEV_009_2024-09-06 17:00:00,2024-09-06 17:00:00,DEV_009,30
DEV_009_2024-09-06 18:00:00,2024-09-06 18:00:00,DEV_009,73
DEV_009_2024-09-06 19:00:00,2024-09-06 19:00:00,DEV_009,73
DEV_009_2024-09-06 20:00:00,2024-09-06 20:00:00,DEV_009,17
DEV_009_2024-09-06 21:00:00,2024-09-06 21:00:00,DEV_009,85
DEV_009_2024-09-06 22:00:00,2024-09-06 22:00:00,DEV_009,32
DEV_009_2024-09-06 23:00:00,2024-09-06 23:00:00,DEV_009,84
DEV_009_2024-09-07 00:00:00,2024-09-07 00:00:00,DEV_009,78
DEV_009_2024-09-07 01:00:00,2024-09-07 01:00:00,DEV_009,49
DEV_009_2024-09-07 02:00:00,2024-09-07 02:00:00,DEV_009,14
DEV_009_2024-09-07 03:00:00,2024-09-07 03:00:00,DEV_009,32
DEV_009_2024-09-07 04:00:00,2024-09-07 04:00:00,DEV_009,93
DEV_009_2024-09-07 05:00:00,2024-09-07 05:00:00,DEV_009,30
DEV_009_2024-09-07 06:00:00,2024-09-07 06:00:00,DEV_009,88
DEV_009_2024-09-07 07:00:00,2024-09-07 07:00:00,DEV_009,59
DEV_009_2024-09-07 08:00:00,2024-09-07 08:00:00,DEV_009,29
DEV_009_2024-09-07 09:00:00,2024-09-07 09:00:00,DEV_009,88
DEV_009_2024-09-07 10:00:00,2024-09-07 10:00:00,DEV_009,96
DEV_009_2024-09-07 11:00:00,2024-09-07 11:00:00,DEV_009,60
DEV_009_2024-09-07 12:00:00,2024-09-07 12:00:00,DEV_009,95
DEV_009_2024-09-07 13:00:00,2024-09-07 13:00:00,DEV_009,90
DEV_009_2024-09-07 14:00:00,2024-09-07 14:00:00,DEV_009,59
DEV_009_2024-09-07 15:00:00,2024-09-07 15:00:00,DEV_009,25
DEV_009_2024-09-07 16:00:00,2024-09-07 16:00:00,DEV_009,6
DEV_009_2024-09-07 17:00:00,2024-09-07 17:00:00,DEV_009,23
DEV_009_2024-09-07 18:00:00,2024-09-07 18:00:00,DEV_009,2
DEV_009_2024-09-07 19:00:00,2024-09-07 19:00:00,DEV_009,67
DEV_009_2024-09-07 20:00:00,2024-09-07 20:00:00,DEV_009,57
DEV_009_2024-09-07 21:00:00,2024-09-07 21:00:00,DEV_009,20
DEV_009_2024-09-07 22:00:00,2024-09-07 22:00:00,DEV_009,35
DEV_009_2024-09-07 23:00:00,2024-09-07 23:00:00,DEV_009,71
DEV_009_2024-09-08 00:00:00,2024-09-08 00:00:00,DEV_009,57
DEV_009_2024-09-08 01:00:00,2024-09-08 01:00:00,DEV_009,93
DEV_009_2024-09-08 02:00:00,2024-09-08 02:00:00,DEV_009,57
DEV_009_2024-09-08 03:00:00,2024-09-08 03:00:00,DEV_009,41
DEV_009_2024-09-08 04:00:00,2024-09-08 04:00:00,DEV_009,45
DEV_009_2024-09-08 05:00:00,2024-09-08 05:00:00,DEV_009,46
DEV_009_2024-09-08 06:00:00,2024-09-08 06:00:00,DEV_009,50
DEV_009_2024-09-08 07:00:00,2024-09-08 07:00:00,DEV_009,43
DEV_009_2024-09-08 08:00:00,2024-09-08 08:00:00,DEV_009,68
DEV_009_2024-09-08 09:00:00,2024-09-08 09:00:00,DEV_009,94
DEV_009_2024-09-08 10:00:00,2024-09-08 10:00:00,DEV_009,62
DEV_009_2024-09-08 11:00:00,2024-09-08 11:00:00,DEV_009,4
DEV_009_2024-09-08 12:00:00,2024-09-08 12:00:00,DEV_009,48
DEV_009_2024-09-08 13:00:00,2024-09-08 13:00:00,DEV_009,23
DEV_009_2024-09-08 14:00:00,2024-09-08 14:00:00,DEV_009,97
DEV_009_2024-09-08 15:00:00,2024-09-08 15:00:00,DEV_009,80
DEV_009_2024-09-08 16:00:00,2024-09-08 16:00:00,DEV_009,8
DEV_009_2024-09-08 17:00:00,2024-09-08 17:00:00,DEV_009,89
DEV_009_2024-09-08 18:00:00,2024-09-08 18:00:00,DEV_009,13
DEV_009_2024-09-08 19:00:00,2024-09-08 19:00:00,DEV_009,43
DEV_009_2024-09-08 20:00:00,2024-09-08 20:00:00,DEV_009,78
DEV_009_2024-09-08 21:00:00,2024-09-08 21:00:00,DEV_009,39
DEV_009_2024-09-08 22:00:00,2024-09-08 22:00:00,DEV_009,78
DEV_009_2024-09-08 23:00:00,2024-09-08 23:00:00,DEV_009,15
DEV_009_2024-09-09 00:00:00,2024-09-09 00:00:00,DEV_009,39
DEV_009_2024-09-09 01:00:00,2024-09-09 01:00:00,DEV_009,3
DEV_009_2024-09-09 02:00:00,2024-09-09 02:00:00,DEV_009,44
DEV_009_2024-09-09 03:00:00,2024-09-09 03:00:00,DEV_009,61
DEV_009_2024-09-09 04:00:00,2024-09-09 04:00:00,DEV_009,75
DEV_009_2024-09-09 05:00:00,2024-09-09 05:00:00,DEV_009,61
DEV_009_2024-09-09 06:00:00,2024-09-09 06:00:00,DEV_009,90
DEV_009_2024-09-09 07:00:00,2024-09-09 07:00:00,DEV_009,93
DEV_009_2024-09-09 08:00:00,2024-09-09 08:00:00,DEV_009,70
DEV_009_2024-09-09 09:00:00,2024-09-09 09:00:00,DEV_009,1
DEV_009_2024-09-09 10:00:00,2024-09-09 10:00:00,DEV_009,96
DEV_009_2024-09-09 11:00:00,2024-09-09 11:00:00,DEV_009,55
DEV_009_2024-09-09 12:00:00,2024-09-09 12:00:00,DEV_009,60
DEV_009_2024-09-09 13:00:00,2024-09-09 13:00:00,DEV_009,85
DEV_009_2024-09-09 14:00:00,2024-09-09 14:00:00,DEV_009,26
DEV_009_2024-09-09 15:00:00,2024-09-09 15:00:00,DEV_009,34
DEV_009_2024-09-09 16:00:00,2024-09-09 16:00:00,DEV_009,60
DEV_009_2024-09-09 17:00:00,2024-09-09 17:00:00,DEV_009,72
DEV_009_2024-09-09 18:00:00,2024-09-09 18:00:00,DEV_009,51
DEV_009_2024-09-09 19:00:00,2024-09-09 19:00:00,DEV_009,57
DEV_009_2024-09-09 20:00:00,2024-09-09 20:00:00,DEV_009,72
DEV_009_2024-09-09 21:00:00,2024-09-09 21:00:00,DEV_009,96
DEV_009_2024-09-09 22:00:00,2024-09-09 22:00:00,DEV_009,26
DEV_009_2024-09-09 23:00:00,2024-09-09 23:00:00,DEV_009,33
DEV_009_2024-09-10 00:00:00,2024-09-10 00:00:00,DEV_009,34
DEV_009_2024-09-10 01:00:00,2024-09-10 01:00:00,DEV_009,43
DEV_009_2024-09-10 02:00:00,2024-09-10 02:00:00,DEV_009,96
DEV_009_2024-09-10 03:00:00,2024-09-10 03:00:00,DEV_009,38
DEV_009_2024-09-10 04:00:00,2024-09-10 04:00:00,DEV_009,67
DEV_009_2024-09-10 05:00:00,2024-09-10 05:00:00,DEV_009,93
DEV_009_2024-09-10 06:00:00,2024-09-10 06:00:00,DEV_009,16
DEV_009_2024-09-10 07:00:00,2024-09-10 07:00:00,DEV_009,74
DEV_009_2024-09-10 08:00:00,2024-09-10 08:00:00,DEV_009,37
DEV_009_2024-09-10 09:00:00,2024-09-10 09:00:00,DEV_009,46
DEV_009_2024-09-10 10:00:00,2024-09-10 10:00:00,DEV_009,27
DEV_009_2024-09-10 11:00:00,2024-09-10 11:00:00,DEV_009,31
DEV_009_2024-09-10 12:00:00,2024-09-10 12:00:00,DEV_009,17
DEV_009_2024-09-10 13:00:00,2024-09-10 13:00:00,DEV_009,25
DEV_009_2024-09-10 14:00:00,2024-09-10 14:00:00,DEV_009,22
DEV_009_2024-09-10 15:00:00,2024-09-10 15:00:00,DEV_009,63
DEV_009_2024-09-10 16:00:00,2024-09-10 16:00:00,DEV_009,47
DEV_009_2024-09-10 17:00:00,2024-09-10 17:00:00,DEV_009,54
DEV_009_2024-09-10 18:00:00,2024-09-10 18:00:00,DEV_009,77
DEV_009_2024-09-10 19:00:00,2024-09-10 19:00:00,DEV_009,95
DEV_009_2024-09-10 20:00:00,2024-09-10 20:00:00,DEV_009,96
DEV_009_2024-09-10 21:00:00,2024-09-10 21:00:00,DEV_009,7
DEV_009_2024-09-10 22:00:00,2024-09-10 22:00:00,DEV_009,9
DEV_009_2024-09-10 23:00:00,2024-09-10 23:00:00,DEV_009,20
DEV_009_2024-09-11 00:00:00,2024-09-11 00:00:00,DEV_009,32
DEV_009_2024-09-11 01:00:00,2024-09-11 01:00:00,DEV_009,97
DEV_009_2024-09-11 02:00:00,2024-09-11 02:00:00,DEV_009,79
DEV_009_2024-09-11 03:00:00,2024-09-11 03:00:00,DEV_009,46
DEV_009_2024-09-11 04:00:00,2024-09-11 04:00:00,DEV_009,30
DEV_009_2024-09-11 05:00:00,2024-09-11 05:00:00,DEV_009,80
DEV_009_2024-09-11 06:00:00,2024-09-11 06:00:00,DEV_009,36
DEV_009_2024-09-11 07:00:00,2024-09-11 07:00:00,DEV_009,59
DEV_009_2024-09-11 08:00:00,2024-09-11 08:00:00,DEV_009,54
DEV_009_2024-09-11 09:00:00,2024-09-11 09:00:00,DEV_009,16
DEV_009_2024-09-11 10:00:00,2024-09-11 10:00:00,DEV_009,4
DEV_009_2024-09-11 11:00:00,2024-09-11 11:00:00,DEV_009,42
DEV_009_2024-09-11 12:00:00,2024-09-11 12:00:00,DEV_009,49
DEV_009_2024-09-11 13:00:00,2024-09-11 13:00:00,DEV_009,62
DEV_009_2024-09-11 14:00:00,2024-09-11 14:00:00,DEV_009,56
DEV_009_2024-09-11 15:00:00,2024-09-11 15:00:00,DEV_009,43
DEV_009_2024-09-11 16:00:00,2024-09-11 16:00:00,DEV_009,26
DEV_009_2024-09-11 17:00:00,2024-09-11 17:00:00,DEV_009,52
DEV_009_2024-09-11 18:00:00,2024-09-11 18:00:00,DEV_009,71
DEV_009_2024-09-11 19:00:00,2024-09-11 19:00:00,DEV_009,43
DEV_009_2024-09-11 20:00:00,2024-09-11 20:00:00,DEV_009,66
DEV_009_2024-09-11 21:00:00,2024-09-11 21:00:00,DEV_009,83
DEV_009_2024-09-11 22:00:00,2024-09-11 22:00:00,DEV_009,70
DEV_009_2024-09-11 23:00:00,2024-09-11 23:00:00,DEV_009,75
DEV_009_2024-09-12 00:00:00,2024-09-12 00:00:00,DEV_009,6
DEV_009_2024-09-12 01:00:00,2024-09-12 01:00:00,DEV_009,10
DEV_009_2024-09-12 02:00:00,2024-09-12 02:00:00,DEV_009,38
DEV_009_2024-09-12 03:00:00,2024-09-12 03:00:00,DEV_009,1
DEV_009_2024-09-12 04:00:00,2024-09-12 04:00:00,DEV_009,44
DEV_009_2024-09-12 05:00:00,2024-09-12 05:00:00,DEV_009,97
DEV_009_2024-09-12 06:00:00,2024-09-12 06:00:00,DEV_009,86
DEV_009_2024-09-12 07:00:00,2024-09-12 07:00:00,DEV_009,64
DEV_009_2024-09-12 08:00:00,2024-09-12 08:00:00,DEV_009,24
DEV_009_2024-09-12 09:00:00,2024-09-12 09:00:00,DEV_009,62
DEV_009_2024-09-12 10:00:00,2024-09-12 10:00:00,DEV_009,29
DEV_009_2024-09-12 11:00:00,2024-09-12 11:00:00,DEV_009,79
DEV_009_2024-09-12 12:00:00,2024-09-12 12:00:00,DEV_009,45
DEV_009_2024-09-12 13:00:00,2024-09-12 13:00:00,DEV_009,45
DEV_009_2024-09-12 14:00:00,2024-09-12 14:00:00,DEV_009,49
DEV_009_2024-09-12 15:00:00,2024-09-12 15:00:00,DEV_009,59
DEV_009_2024-09-12 16:00:00,2024-09-12 16:00:00,DEV_009,39
DEV_009_2024-09-12 17:00:00,2024-09-12 17:00:00,DEV_009,67
DEV_009_2024-09-12 18:00:00,2024-09-12 18:00:00,DEV_009,27
DEV_009_2024-09-12 19:00:00,2024-09-12 19:00:00,DEV_009,8
DEV_009_2024-09-12 20:00:00,2024-09-12 20:00:00,DEV_009,94
DEV_009_2024-09-12 21:00:00,2024-09-12 21:00:00,DEV_009,93
DEV_009_2024-09-12 22:00:00,2024-09-12 22:00:00,DEV_009,38
DEV_009_2024-09-12 23:00:00,2024-09-12 23:00:00,DEV_009,32
DEV_009_2024-09-13 00:00:00,2024-09-13 00:00:00,DEV_009,3
DEV_009_2024-09-13 01:00:00,2024-09-13 01:00:00,DEV_009,84
DEV_009_2024-09-13 02:00:00,2024-09-13 02:00:00,DEV_009,53
DEV_009_2024-09-13 03:00:00,2024-09-13 03:00:00,DEV_009,49
DEV_009_2024-09-13 04:00:00,2024-09-13 04:00:00,DEV_009,73
DEV_009_2024-09-13 05:00:00,2024-09-13 05:00:00,DEV_009,23
DEV_009_2024-09-13 06:00:00,2024-09-13 06:00:00,DEV_009,7
DEV_009_2024-09-13 07:00:00,2024-09-13 07:00:00,DEV_009,89
DEV_009_2024-09-13 08:00:00,2024-09-13 08:00:00,DEV_009,88
DEV_009_2024-09-13 09:00:00,2024-09-13 09:00:00,DEV_009,89
DEV_009_2024-09-13 10:00:00,2024-09-13 10:00:00,DEV_009,32
DEV_009_2024-09-13 11:00:00,2024-09-13 11:00:00,DEV_009,92
DEV_009_2024-09-13 12:00:00,2024-09-13 12:00:00,DEV_009,76
DEV_009_2024-09-13 13:00:00,2024-09-13 13:00:00,DEV_009,44
DEV_009_2024-09-13 14:00:00,2024-09-13 14:00:00,DEV_009,7
DEV_009_2024-09-13 15:00:00,2024-09-13 15:00:00,DEV_009,60
DEV_009_2024-09-13 16:00:00,2024-09-13 16:00:00,DEV_009,21
DEV_009_2024-09-13 17:00:00,2024-09-13 17:00:00,DEV_009,4
DEV_009_2024-09-13 18:00:00,2024-09-13 18:00:00,DEV_009,3
DEV_009_2024-09-13 19:00:00,2024-09-13 19:00:00,DEV_009,94
DEV_009_2024-09-13 20:00:00,2024-09-13 20:00:00,DEV_009,26
DEV_009_2024-09-13 21:00:00,2024-09-13 21:00:00,DEV_009,9
DEV_009_2024-09-13 22:00:00,2024-09-13 22:00:00,DEV_009,41
DEV_009_2024-09-13 23:00:00,2024-09-13 23:00:00,DEV_009,69
DEV_009_2024-09-14 00:00:00,2024-09-14 00:00:00,DEV_009,70
DEV_009_2024-09-14 01:00:00,2024-09-14 01:00:00,DEV_009,87
DEV_009_2024-09-14 02:00:00,2024-09-14 02:00:00,DEV_009,44
DEV_009_2024-09-14 03:00:00,2024-09-14 03:00:00,DEV_009,10
DEV_009_2024-09-14 04:00:00,2024-09-14 04:00:00,DEV_009,59
DEV_009_2024-09-14 05:00:00,2024-09-14 05:00:00,DEV_009,62
DEV_009_2024-09-14 06:00:00,2024-09-14 06:00:00,DEV_009,1
DEV_009_2024-09-14 07:00:00,2024-09-14 07:00:00,DEV_009,1
DEV_009_2024-09-14 08:00:00,2024-09-14 08:00:00,DEV_009,28
DEV_009_2024-09-14 09:00:00,2024-09-14 09:00:00,DEV_009,3
DEV_009_2024-09-14 10:00:00,2024-09-14 10:00:00,DEV_009,44
DEV_009_2024-09-14 11:00:00,2024-09-14 11:00:00,DEV_009,1
DEV_009_2024-09-14 12:00:00,2024-09-14 12:00:00,DEV_009,19
DEV_009_2024-09-14 13:00:00,2024-09-14 13:00:00,DEV_009,24
DEV_009_2024-09-14 14:00:00,2024-09-14 14:00:00,DEV_009,16
DEV_009_2024-09-14 15:00:00,2024-09-14 15:00:00,DEV_009,12
DEV_009_2024-09-14 16:00:00,2024-09-14 16:00:00,DEV_009,88
DEV_009_2024-09-14 17:00:00,2024-09-14 17:00:00,DEV_009,81
DEV_009_2024-09-14 18:00:00,2024-09-14 18:00:00,DEV_009,35
DEV_009_2024-09-14 19:00:00,2024-09-14 19:00:00,DEV_009,82
DEV_009_2024-09-14 20:00:00,2024-09-14 20:00:00,DEV_009,76
DEV_009_2024-09-14 21:00:00,2024-09-14 21:00:00,DEV_009,78
DEV_009_2024-09-14 22:00:00,2024-09-14 22:00:00,DEV_009,59
DEV_009_2024-09-14 23:00:00,2024-09-14 23:00:00,DEV_009,2
DEV_009_2024-09-15 00:00:00,2024-09-15 00:00:00,DEV_009,42
DEV_009_2024-09-15 01:00:00,2024-09-15 01:00:00,DEV_009,91
DEV_009_2024-09-15 02:00:00,2024-09-15 02:00:00,DEV_009,8
DEV_009_2024-09-15 03:00:00,2024-09-15 03:00:00,DEV_009,66
DEV_009_2024-09-15 04:00:00,2024-09-15 04:00:00,DEV_009,48
DEV_009_2024-09-15 05:00:00,2024-09-15 05:00:00,DEV_009,28
DEV_009_2024-09-15 06:00:00,2024-09-15 06:00:00,DEV_009,64
DEV_009_2024-09-15 07:00:00,2024-09-15 07:00:00,DEV_009,70
DEV_009_2024-09-15 08:00:00,2024-09-15 08:00:00,DEV_009,54
DEV_009_2024-09-15 09:00:00,2024-09-15 09:00:00,DEV_009,94
DEV_009_2024-09-15 10:00:00,2024-09-15 10:00:00,DEV_009,88
DEV_009_2024-09-15 11:00:00,2024-09-15 11:00:00,DEV_009,73
DEV_009_2024-09-15 12:00:00,2024-09-15 12:00:00,DEV_009,71
DEV_009_2024-09-15 13:00:00,2024-09-15 13:00:00,DEV_009,9
DEV_009_2024-09-15 14:00:00,2024-09-15 14:00:00,DEV_009,4
DEV_009_2024-09-15 15:00:00,2024-09-15 15:00:00,DEV_009,58
DEV_009_2024-09-15 16:00:00,2024-09-15 16:00:00,DEV_009,73
DEV_009_2024-09-15 17:00:00,2024-09-15 17:00:00,DEV_009,4
DEV_009_2024-09-15 18:00:00,2024-09-15 18:00:00,DEV_009,1
DEV_009_2024-09-15 19:00:00,2024-09-15 19:00:00,DEV_009,10
DEV_009_2024-09-15 20:00:00,2024-09-15 20:00:00,DEV_009,57
DEV_009_2024-09-15 21:00:00,2024-09-15 21:00:00,DEV_009,67
DEV_009_2024-09-15 22:00:00,2024-09-15 22:00:00,DEV_009,73
DEV_009_2024-09-15 23:00:00,2024-09-15 23:00:00,DEV_009,47
DEV_009_2024-09-16 00:00:00,2024-09-16 00:00:00,DEV_009,92
DEV_009_2024-09-16 01:00:00,2024-09-16 01:00:00,DEV_009,84
DEV_009_2024-09-16 02:00:00,2024-09-16 02:00:00,DEV_009,95
DEV_009_2024-09-16 03:00:00,2024-09-16 03:00:00,DEV_009,76
DEV_009_2024-09-16 04:00:00,2024-09-16 04:00:00,DEV_009,40
DEV_009_2024-09-16 05:00:00,2024-09-16 05:00:00,DEV_009,47
DEV_009_2024-09-16 06:00:00,2024-09-16 06:00:00,DEV_009,79
DEV_009_2024-09-16 07:00:00,2024-09-16 07:00:00,DEV_009,89
DEV_009_2024-09-16 08:00:00,2024-09-16 08:00:00,DEV_009,33
DEV_009_2024-09-16 09:00:00,2024-09-16 09:00:00,DEV_009,4
DEV_009_2024-09-16 10:00:00,2024-09-16 10:00:00,DEV_009,6
DEV_009_2024-09-16 11:00:00,2024-09-16 11:00:00,DEV_009,71
DEV_009_2024-09-16 12:00:00,2024-09-16 12:00:00,DEV_009,92
DEV_009_2024-09-16 13:00:00,2024-09-16 13:00:00,DEV_009,21
DEV_009_2024-09-16 14:00:00,2024-09-16 14:00:00,DEV_009,27
DEV_009_2024-09-16 15:00:00,2024-09-16 15:00:00,DEV_009,38
DEV_009_2024-09-16 16:00:00,2024-09-16 16:00:00,DEV_009,73
DEV_009_2024-09-16 17:00:00,2024-09-16 17:00:00,DEV_009,38
DEV_009_2024-09-16 18:00:00,2024-09-16 18:00:00,DEV_009,58
DEV_009_2024-09-16 19:00:00,2024-09-16 19:00:00,DEV_009,29
DEV_009_2024-09-16 20:00:00,2024-09-16 20:00:00,DEV_009,24
DEV_009_2024-09-16 21:00:00,2024-09-16 21:00:00,DEV_009,97
DEV_009_2024-09-16 22:00:00,2024-09-16 22:00:00,DEV_009,16
DEV_009_2024-09-16 23:00:00,2024-09-16 23:00:00,DEV_009,90
DEV_009_2024-09-17 00:00:00,2024-09-17 00:00:00,DEV_009,39
DEV_009_2024-09-17 01:00:00,2024-09-17 01:00:00,DEV_009,47
DEV_009_2024-09-17 02:00:00,2024-09-17 02:00:00,DEV_009,51
DEV_009_2024-09-17 03:00:00,2024-09-17 03:00:00,DEV_009,66
DEV_009_2024-09-17 04:00:00,2024-09-17 04:00:00,DEV_009,36
DEV_009_2024-09-17 05:00:00,2024-09-17 05:00:00,DEV_009,56
DEV_009_2024-09-17 06:00:00,2024-09-17 06:00:00,DEV_009,27
DEV_009_2024-09-17 07:00:00,2024-09-17 07:00:00,DEV_009,11
DEV_009_2024-09-17 08:00:00,2024-09-17 08:00:00,DEV_009,98
DEV_009_2024-09-17 09:00:00,2024-09-17 09:00:00,DEV_009,50
DEV_009_2024-09-17 10:00:00,2024-09-17 10:00:00,DEV_009,32
DEV_009_2024-09-17 11:00:00,2024-09-17 11:00:00,DEV_009,48
DEV_009_2024-09-17 12:00:00,2024-09-17 12:00:00,DEV_009,28
DEV_009_2024-09-17 13:00:00,2024-09-17 13:00:00,DEV_009,14
DEV_009_2024-09-17 14:00:00,2024-09-17 14:00:00,DEV_009,5
DEV_009_2024-09-17 15:00:00,2024-09-17 15:00:00,DEV_009,4
DEV_009_2024-09-17 16:00:00,2024-09-17 16:00:00,DEV_009,85
DEV_009_2024-09-17 17:00:00,2024-09-17 17:00:00,DEV_009,24
DEV_009_2024-09-17 18:00:00,2024-09-17 18:00:00,DEV_009,62
DEV_009_2024-09-17 19:00:00,2024-09-17 19:00:00,DEV_009,10
DEV_009_2024-09-17 20:00:00,2024-09-17 20:00:00,DEV_009,87
DEV_009_2024-09-17 21:00:00,2024-09-17 21:00:00,DEV_009,74
DEV_009_2024-09-17 22:00:00,2024-09-17 22:00:00,DEV_009,74
DEV_009_2024-09-17 23:00:00,2024-09-17 23:00:00,DEV_009,65
DEV_009_2024-09-18 00:00:00,2024-09-18 00:00:00,DEV_009,87
DEV_009_2024-09-18 01:00:00,2024-09-18 01:00:00,DEV_009,50
DEV_009_2024-09-18 02:00:00,2024-09-18 02:00:00,DEV_009,60
DEV_009_2024-09-18 03:00:00,2024-09-18 03:00:00,DEV_009,31
DEV_009_2024-09-18 04:00:00,2024-09-18 04:00:00,DEV_009,26
DEV_009_2024-09-18 05:00:00,2024-09-18 05:00:00,DEV_009,10
DEV_009_2024-09-18 06:00:00,2024-09-18 06:00:00,DEV_009,69
DEV_009_2024-09-18 07:00:00,2024-09-18 07:00:00,DEV_009,2
DEV_009_2024-09-18 08:00:00,2024-09-18 08:00:00,DEV_009,90
DEV_009_2024-09-18 09:00:00,2024-09-18 09:00:00,DEV_009,64
DEV_009_2024-09-18 10:00:00,2024-09-18 10:00:00,DEV_009,68
DEV_009_2024-09-18 11:00:00,2024-09-18 11:00:00,DEV_009,46
DEV_009_2024-09-18 12:00:00,2024-09-18 12:00:00,DEV_009,35
DEV_009_2024-09-18 13:00:00,2024-09-18 13:00:00,DEV_009,97
DEV_009_2024-09-18 14:00:00,2024-09-18 14:00:00,DEV_009,19
DEV_009_2024-09-18 15:00:00,2024-09-18 15:00:00,DEV_009,81
DEV_009_2024-09-18 16:00:00,2024-09-18 16:00:00,DEV_009,37
DEV_009_2024-09-18 17:00:00,2024-09-18 17:00:00,DEV_009,63
DEV_009_2024-09-18 18:00:00,2024-09-18 18:00:00,DEV_009,73
DEV_009_2024-09-18 19:00:00,2024-09-18 19:00:00,DEV_009,11
DEV_009_2024-09-18 20:00:00,2024-09-18 20:00:00,DEV_009,89
DEV_009_2024-09-18 21:00:00,2024-09-18 21:00:00,DEV_009,4
DEV_009_2024-09-18 22:00:00,2024-09-18 22:00:00,DEV_009,60
DEV_009_2024-09-18 23:00:00,2024-09-18 23:00:00,DEV_009,97
DEV_009_2024-09-19 00:00:00,2024-09-19 00:00:00,DEV_009,48
DEV_009_2024-09-19 01:00:00,2024-09-19 01:00:00,DEV_009,90
DEV_009_2024-09-19 02:00:00,2024-09-19 02:00:00,DEV_009,8
DEV_009_2024-09-19 03:00:00,2024-09-19 03:00:00,DEV_009,88
DEV_009_2024-09-19 04:00:00,2024-09-19 04:00:00,DEV_009,36
DEV_009_2024-09-19 05:00:00,2024-09-19 05:00:00,DEV_009,18
DEV_009_2024-09-19 06:00:00,2024-09-19 06:00:00,DEV_009,50
DEV_009_2024-09-19 07:00:00,2024-09-19 07:00:00,DEV_009,34
DEV_009_2024-09-19 08:00:00,2024-09-19 08:00:00,DEV_009,72
DEV_009_2024-09-19 09:00:00,2024-09-19 09:00:00,DEV_009,83
DEV_009_2024-09-19 10:00:00,2024-09-19 10:00:00,DEV_009,73
DEV_009_2024-09-19 11:00:00,2024-09-19 11:00:00,DEV_009,93
DEV_009_2024-09-19 12:00:00,2024-09-19 12:00:00,DEV_009,1
DEV_009_2024-09-19 13:00:00,2024-09-19 13:00:00,DEV_009,71
DEV_009_2024-09-19 14:00:00,2024-09-19 14:00:00,DEV_009,41
DEV_009_2024-09-19 15:00:00,2024-09-19 15:00:00,DEV_009,19
DEV_009_2024-09-19 16:00:00,2024-09-19 16:00:00,DEV_009,2
DEV_009_2024-09-19 17:00:00,2024-09-19 17:00:00,DEV_009,82
DEV_009_2024-09-19 18:00:00,2024-09-19 18:00:00,DEV_009,3
DEV_009_2024-09-19 19:00:00,2024-09-19 19:00:00,DEV_009,4
DEV_009_2024-09-19 20:00:00,2024-09-19 20:00:00,DEV_009,63
DEV_009_2024-09-19 21:00:00,2024-09-19 21:00:00,DEV_009,91
DEV_009_2024-09-19 22:00:00,2024-09-19 22:00:00,DEV_009,77
DEV_009_2024-09-19 23:00:00,2024-09-19 23:00:00,DEV_009,62
DEV_009_2024-09-20 00:00:00,2024-09-20 00:00:00,DEV_009,1
DEV_009_2024-09-20 01:00:00,2024-09-20 01:00:00,DEV_009,31
DEV_009_2024-09-20 02:00:00,2024-09-20 02:00:00,DEV_009,19
DEV_009_2024-09-20 03:00:00,2024-09-20 03:00:00,DEV_009,10
DEV_009_2024-09-20 04:00:00,2024-09-20 04:00:00,DEV_009,92
DEV_009_2024-09-20 05:00:00,2024-09-20 05:00:00,DEV_009,17
DEV_009_2024-09-20 06:00:00,2024-09-20 06:00:00,DEV_009,64
DEV_009_2024-09-20 07:00:00,2024-09-20 07:00:00,DEV_009,51
DEV_009_2024-09-20 08:00:00,2024-09-20 08:00:00,DEV_009,7
DEV_009_2024-09-20 09:00:00,2024-09-20 09:00:00,DEV_009,31
DEV_009_2024-09-20 10:00:00,2024-09-20 10:00:00,DEV_009,12
DEV_009_2024-09-20 11:00:00,2024-09-20 11:00:00,DEV_009,63
DEV_009_2024-09-20 12:00:00,2024-09-20 12:00:00,DEV_009,84
DEV_009_2024-09-20 13:00:00,2024-09-20 13:00:00,DEV_009,68
DEV_009_2024-09-20 14:00:00,2024-09-20 14:00:00,DEV_009,7
DEV_009_2024-09-20 15:00:00,2024-09-20 15:00:00,DEV_009,10
DEV_009_2024-09-20 16:00:00,2024-09-20 16:00:00,DEV_009,92
DEV_009_2024-09-20 17:00:00,2024-09-20 17:00:00,DEV_009,65
DEV_009_2024-09-20 18:00:00,2024-09-20 18:00:00,DEV_009,86
DEV_009_2024-09-20 19:00:00,2024-09-20 19:00:00,DEV_009,41
DEV_009_2024-09-20 20:00:00,2024-09-20 20:00:00,DEV_009,91
DEV_009_2024-09-20 21:00:00,2024-09-20 21:00:00,DEV_009,88
DEV_009_2024-09-20 22:00:00,2024-09-20 22:00:00,DEV_009,43
DEV_009_2024-09-20 23:00:00,2024-09-20 23:00:00,DEV_009,94
DEV_009_2024-09-21 00:00:00,2024-09-21 00:00:00,DEV_009,6
DEV_009_2024-09-21 01:00:00,2024-09-21 01:00:00,DEV_009,34
DEV_009_2024-09-21 02:00:00,2024-09-21 02:00:00,DEV_009,84
DEV_009_2024-09-21 03:00:00,2024-09-21 03:00:00,DEV_009,32
DEV_009_2024-09-21 04:00:00,2024-09-21 04:00:00,DEV_009,30
DEV_009_2024-09-21 05:00:00,2024-09-21 05:00:00,DEV_009,6
DEV_009_2024-09-21 06:00:00,2024-09-21 06:00:00,DEV_009,50
DEV_009_2024-09-21 07:00:00,2024-09-21 07:00:00,DEV_009,86
DEV_009_2024-09-21 08:00:00,2024-09-21 08:00:00,DEV_009,63
DEV_009_2024-09-21 09:00:00,2024-09-21 09:00:00,DEV_009,73
DEV_009_2024-09-21 10:00:00,2024-09-21 10:00:00,DEV_009,12
DEV_009_2024-09-21 11:00:00,2024-09-21 11:00:00,DEV_009,39
DEV_009_2024-09-21 12:00:00,2024-09-21 12:00:00,DEV_009,77
DEV_009_2024-09-21 13:00:00,2024-09-21 13:00:00,DEV_009,44
DEV_009_2024-09-21 14:00:00,2024-09-21 14:00:00,DEV_009,40
DEV_009_2024-09-21 15:00:00,2024-09-21 15:00:00,DEV_009,48
DEV_009_2024-09-21 16:00:00,2024-09-21 16:00:00,DEV_009,47
DEV_009_2024-09-21 17:00:00,2024-09-21 17:00:00,DEV_009,12
DEV_009_2024-09-21 18:00:00,2024-09-21 18:00:00,DEV_009,46
DEV_009_2024-09-21 19:00:00,2024-09-21 19:00:00,DEV_009,97
DEV_009_2024-09-21 20:00:00,2024-09-21 20:00:00,DEV_009,60
DEV_009_2024-09-21 21:00:00,2024-09-21 21:00:00,DEV_009,74
DEV_009_2024-09-21 22:00:00,2024-09-21 22:00:00,DEV_009,76
DEV_009_2024-09-21 23:00:00,2024-09-21 23:00:00,DEV_009,69
DEV_009_2024-09-22 00:00:00,2024-09-22 00:00:00,DEV_009,50
DEV_009_2024-09-22 01:00:00,2024-09-22 01:00:00,DEV_009,62
DEV_009_2024-09-22 02:00:00,2024-09-22 02:00:00,DEV_009,79
DEV_009_2024-09-22 03:00:00,2024-09-22 03:00:00,DEV_009,73
DEV_009_2024-09-22 04:00:00,2024-09-22 04:00:00,DEV_009,68
DEV_009_2024-09-22 05:00:00,2024-09-22 05:00:00,DEV_009,49
DEV_009_2024-09-22 06:00:00,2024-09-22 06:00:00,DEV_009,72
DEV_009_2024-09-22 07:00:00,2024-09-22 07:00:00,DEV_009,62
DEV_009_2024-09-22 08:00:00,2024-09-22 08:00:00,DEV_009,92
DEV_009_2024-09-22 09:00:00,2024-09-22 09:00:00,DEV_009,31
DEV_009_2024-09-22 10:00:00,2024-09-22 10:00:00,DEV_009,36
DEV_009_2024-09-22 11:00:00,2024-09-22 11:00:00,DEV_009,48
DEV_009_2024-09-22 12:00:00,2024-09-22 12:00:00,DEV_009,13
DEV_009_2024-09-22 13:00:00,2024-09-22 13:00:00,DEV_009,28
DEV_009_2024-09-22 14:00:00,2024-09-22 14:00:00,DEV_009,46
DEV_009_2024-09-22 15:00:00,2024-09-22 15:00:00,DEV_009,46
DEV_009_2024-09-22 16:00:00,2024-09-22 16:00:00,DEV_009,11
DEV_009_2024-09-22 17:00:00,2024-09-22 17:00:00,DEV_009,74
DEV_009_2024-09-22 18:00:00,2024-09-22 18:00:00,DEV_009,23
DEV_009_2024-09-22 19:00:00,2024-09-22 19:00:00,DEV_009,25
DEV_009_2024-09-22 20:00:00,2024-09-22 20:00:00,DEV_009,28
DEV_009_2024-09-22 21:00:00,2024-09-22 21:00:00,DEV_009,73
DEV_009_2024-09-22 22:00:00,2024-09-22 22:00:00,DEV_009,47
DEV_009_2024-09-22 23:00:00,2024-09-22 23:00:00,DEV_009,72
DEV_009_2024-09-23 00:00:00,2024-09-23 00:00:00,DEV_009,39
DEV_009_2024-09-23 01:00:00,2024-09-23 01:00:00,DEV_009,22
DEV_009_2024-09-23 02:00:00,2024-09-23 02:00:00,DEV_009,32
DEV_009_2024-09-23 03:00:00,2024-09-23 03:00:00,DEV_009,3
DEV_009_2024-09-23 04:00:00,2024-09-23 04:00:00,DEV_009,54
DEV_009_2024-09-23 05:00:00,2024-09-23 05:00:00,DEV_009,78
DEV_009_2024-09-23 06:00:00,2024-09-23 06:00:00,DEV_009,95
DEV_009_2024-09-23 07:00:00,2024-09-23 07:00:00,DEV_009,51
DEV_009_2024-09-23 08:00:00,2024-09-23 08:00:00,DEV_009,39
DEV_009_2024-09-23 09:00:00,2024-09-23 09:00:00,DEV_009,49
DEV_009_2024-09-23 10:00:00,2024-09-23 10:00:00,DEV_009,23
DEV_009_2024-09-23 11:00:00,2024-09-23 11:00:00,DEV_009,69
DEV_009_2024-09-23 12:00:00,2024-09-23 12:00:00,DEV_009,24
DEV_009_2024-09-23 13:00:00,2024-09-23 13:00:00,DEV_009,44
DEV_009_2024-09-23 14:00:00,2024-09-23 14:00:00,DEV_009,32
DEV_009_2024-09-23 15:00:00,2024-09-23 15:00:00,DEV_009,51
DEV_009_2024-09-23 16:00:00,2024-09-23 16:00:00,DEV_009,26
DEV_009_2024-09-23 17:00:00,2024-09-23 17:00:00,DEV_009,22
DEV_009_2024-09-23 18:00:00,2024-09-23 18:00:00,DEV_009,45
DEV_009_2024-09-23 19:00:00,2024-09-23 19:00:00,DEV_009,83
DEV_009_2024-09-23 20:00:00,2024-09-23 20:00:00,DEV_009,29
DEV_009_2024-09-23 21:00:00,2024-09-23 21:00:00,DEV_009,52
DEV_009_2024-09-23 22:00:00,2024-09-23 22:00:00,DEV_009,81
DEV_009_2024-09-23 23:00:00,2024-09-23 23:00:00,DEV_009,67
DEV_009_2024-09-24 00:00:00,2024-09-24 00:00:00,DEV_009,45
DEV_009_2024-09-24 01:00:00,2024-09-24 01:00:00,DEV_009,88
DEV_009_2024-09-24 02:00:00,2024-09-24 02:00:00,DEV_009,11
DEV_009_2024-09-24 03:00:00,2024-09-24 03:00:00,DEV_009,85
DEV_009_2024-09-24 04:00:00,2024-09-24 04:00:00,DEV_009,35
DEV_009_2024-09-24 05:00:00,2024-09-24 05:00:00,DEV_009,52
DEV_009_2024-09-24 06:00:00,2024-09-24 06:00:00,DEV_009,3
DEV_009_2024-09-24 07:00:00,2024-09-24 07:00:00,DEV_009,50
DEV_009_2024-09-24 08:00:00,2024-09-24 08:00:00,DEV_009,8
DEV_009_2024-09-24 09:00:00,2024-09-24 09:00:00,DEV_009,46
DEV_009_2024-09-24 10:00:00,2024-09-24 10:00:00,DEV_009,63
DEV_009_2024-09-24 11:00:00,2024-09-24 11:00:00,DEV_009,49
DEV_009_2024-09-24 12:00:00,2024-09-24 12:00:00,DEV_009,37
DEV_009_2024-09-24 13:00:00,2024-09-24 13:00:00,DEV_009,44
DEV_009_2024-09-24 14:00:00,2024-09-24 14:00:00,DEV_009,43
DEV_009_2024-09-24 15:00:00,2024-09-24 15:00:00,DEV_009,75
DEV_009_2024-09-24 16:00:00,2024-09-24 16:00:00,DEV_009,55
DEV_009_2024-09-24 17:00:00,2024-09-24 17:00:00,DEV_009,92
DEV_009_2024-09-24 18:00:00,2024-09-24 18:00:00,DEV_009,12
DEV_009_2024-09-24 19:00:00,2024-09-24 19:00:00,DEV_009,16
DEV_009_2024-09-24 20:00:00,2024-09-24 20:00:00,DEV_009,81
DEV_009_2024-09-24 21:00:00,2024-09-24 21:00:00,DEV_009,39
DEV_009_2024-09-24 22:00:00,2024-09-24 22:00:00,DEV_009,44
DEV_009_2024-09-24 23:00:00,2024-09-24 23:00:00,DEV_009,1
DEV_009_2024-09-25 00:00:00,2024-09-25 00:00:00,DEV_009,6
DEV_009_2024-09-25 01:00:00,2024-09-25 01:00:00,DEV_009,5
DEV_009_2024-09-25 02:00:00,2024-09-25 02:00:00,DEV_009,27
DEV_009_2024-09-25 03:00:00,2024-09-25 03:00:00,DEV_009,83
DEV_009_2024-09-25 04:00:00,2024-09-25 04:00:00,DEV_009,57
DEV_009_2024-09-25 05:00:00,2024-09-25 05:00:00,DEV_009,88
DEV_009_2024-09-25 06:00:00,2024-09-25 06:00:00,DEV_009,53
DEV_009_2024-09-25 07:00:00,2024-09-25 07:00:00,DEV_009,32
DEV_009_2024-09-25 08:00:00,2024-09-25 08:00:00,DEV_009,37
DEV_009_2024-09-25 09:00:00,2024-09-25 09:00:00,DEV_009,42
DEV_009_2024-09-25 10:00:00,2024-09-25 10:00:00,DEV_009,61
DEV_009_2024-09-25 11:00:00,2024-09-25 11:00:00,DEV_009,5
DEV_009_2024-09-25 12:00:00,2024-09-25 12:00:00,DEV_009,81
DEV_009_2024-09-25 13:00:00,2024-09-25 13:00:00,DEV_009,56
DEV_009_2024-09-25 14:00:00,2024-09-25 14:00:00,DEV_009,72
DEV_009_2024-09-25 15:00:00,2024-09-25 15:00:00,DEV_009,1
DEV_009_2024-09-25 16:00:00,2024-09-25 16:00:00,DEV_009,79
DEV_009_2024-09-25 17:00:00,2024-09-25 17:00:00,DEV_009,36
DEV_009_2024-09-25 18:00:00,2024-09-25 18:00:00,DEV_009,57
DEV_009_2024-09-25 19:00:00,2024-09-25 19:00:00,DEV_009,15
DEV_009_2024-09-25 20:00:00,2024-09-25 20:00:00,DEV_009,36
DEV_009_2024-09-25 21:00:00,2024-09-25 21:00:00,DEV_009,32
DEV_009_2024-09-25 22:00:00,2024-09-25 22:00:00,DEV_009,72
DEV_009_2024-09-25 23:00:00,2024-09-25 23:00:00,DEV_009,24
DEV_009_2024-09-26 00:00:00,2024-09-26 00:00:00,DEV_009,83
DEV_009_2024-09-26 01:00:00,2024-09-26 01:00:00,DEV_009,7
DEV_009_2024-09-26 02:00:00,2024-09-26 02:00:00,DEV_009,84
DEV_009_2024-09-26 03:00:00,2024-09-26 03:00:00,DEV_009,60
DEV_009_2024-09-26 04:00:00,2024-09-26 04:00:00,DEV_009,58
DEV_009_2024-09-26 05:00:00,2024-09-26 05:00:00,DEV_009,10
DEV_009_2024-09-26 06:00:00,2024-09-26 06:00:00,DEV_009,74
DEV_009_2024-09-26 07:00:00,2024-09-26 07:00:00,DEV_009,21
DEV_009_2024-09-26 08:00:00,2024-09-26 08:00:00,DEV_009,41
DEV_009_2024-09-26 09:00:00,2024-09-26 09:00:00,DEV_009,66
DEV_009_2024-09-26 10:00:00,2024-09-26 10:00:00,DEV_009,25
DEV_009_2024-09-26 11:00:00,2024-09-26 11:00:00,DEV_009,76
DEV_009_2024-09-26 12:00:00,2024-09-26 12:00:00,DEV_009,12
DEV_009_2024-09-26 13:00:00,2024-09-26 13:00:00,DEV_009,31
DEV_009_2024-09-26 14:00:00,2024-09-26 14:00:00,DEV_009,39
DEV_009_2024-09-26 15:00:00,2024-09-26 15:00:00,DEV_009,55
DEV_009_2024-09-26 16:00:00,2024-09-26 16:00:00,DEV_009,50
DEV_009_2024-09-26 17:00:00,2024-09-26 17:00:00,DEV_009,94
DEV_009_2024-09-26 18:00:00,2024-09-26 18:00:00,DEV_009,52
DEV_009_2024-09-26 19:00:00,2024-09-26 19:00:00,DEV_009,60
DEV_009_2024-09-26 20:00:00,2024-09-26 20:00:00,DEV_009,28
DEV_009_2024-09-26 21:00:00,2024-09-26 21:00:00,DEV_009,61
DEV_009_2024-09-26 22:00:00,2024-09-26 22:00:00,DEV_009,45
DEV_009_2024-09-26 23:00:00,2024-09-26 23:00:00,DEV_009,47
DEV_009_2024-09-27 00:00:00,2024-09-27 00:00:00,DEV_009,31
DEV_009_2024-09-27 01:00:00,2024-09-27 01:00:00,DEV_009,18
DEV_009_2024-09-27 02:00:00,2024-09-27 02:00:00,DEV_009,49
DEV_009_2024-09-27 03:00:00,2024-09-27 03:00:00,DEV_009,58
DEV_009_2024-09-27 04:00:00,2024-09-27 04:00:00,DEV_009,44
DEV_009_2024-09-27 05:00:00,2024-09-27 05:00:00,DEV_009,73
DEV_009_2024-09-27 06:00:00,2024-09-27 06:00:00,DEV_009,1
DEV_009_2024-09-27 07:00:00,2024-09-27 07:00:00,DEV_009,77
DEV_009_2024-09-27 08:00:00,2024-09-27 08:00:00,DEV_009,73
DEV_009_2024-09-27 09:00:00,2024-09-27 09:00:00,DEV_009,23
DEV_009_2024-09-27 10:00:00,2024-09-27 10:00:00,DEV_009,91
DEV_009_2024-09-27 11:00:00,2024-09-27 11:00:00,DEV_009,82
DEV_009_2024-09-27 12:00:00,2024-09-27 12:00:00,DEV_009,86
DEV_009_2024-09-27 13:00:00,2024-09-27 13:00:00,DEV_009,5
DEV_009_2024-09-27 14:00:00,2024-09-27 14:00:00,DEV_009,67
DEV_009_2024-09-27 15:00:00,2024-09-27 15:00:00,DEV_009,25
DEV_009_2024-09-27 16:00:00,2024-09-27 16:00:00,DEV_009,86
DEV_009_2024-09-27 17:00:00,2024-09-27 17:00:00,DEV_009,58
DEV_009_2024-09-27 18:00:00,2024-09-27 18:00:00,DEV_009,84
DEV_009_2024-09-27 19:00:00,2024-09-27 19:00:00,DEV_009,84
DEV_009_2024-09-27 20:00:00,2024-09-27 20:00:00,DEV_009,50
DEV_009_2024-09-27 21:00:00,2024-09-27 21:00:00,DEV_009,16
DEV_009_2024-09-27 22:00:00,2024-09-27 22:00:00,DEV_009,89
DEV_009_2024-09-27 23:00:00,2024-09-27 23:00:00,DEV_009,78
DEV_009_2024-09-28 00:00:00,2024-09-28 00:00:00,DEV_009,69
DEV_009_2024-09-28 01:00:00,2024-09-28 01:00:00,DEV_009,18
DEV_009_2024-09-28 02:00:00,2024-09-28 02:00:00,DEV_009,65
DEV_009_2024-09-28 03:00:00,2024-09-28 03:00:00,DEV_009,45
DEV_009_2024-09-28 04:00:00,2024-09-28 04:00:00,DEV_009,57
DEV_009_2024-09-28 05:00:00,2024-09-28 05:00:00,DEV_009,91
DEV_009_2024-09-28 06:00:00,2024-09-28 06:00:00,DEV_009,42
DEV_009_2024-09-28 07:00:00,2024-09-28 07:00:00,DEV_009,35
DEV_009_2024-09-28 08:00:00,2024-09-28 08:00:00,DEV_009,4
DEV_009_2024-09-28 09:00:00,2024-09-28 09:00:00,DEV_009,41
DEV_009_2024-09-28 10:00:00,2024-09-28 10:00:00,DEV_009,80
DEV_009_2024-09-28 11:00:00,2024-09-28 11:00:00,DEV_009,18
DEV_009_2024-09-28 12:00:00,2024-09-28 12:00:00,DEV_009,1
DEV_009_2024-09-28 13:00:00,2024-09-28 13:00:00,DEV_009,88
DEV_009_2024-09-28 14:00:00,2024-09-28 14:00:00,DEV_009,96
DEV_009_2024-09-28 15:00:00,2024-09-28 15:00:00,DEV_009,62
DEV_009_2024-09-28 16:00:00,2024-09-28 16:00:00,DEV_009,30
DEV_009_2024-09-28 17:00:00,2024-09-28 17:00:00,DEV_009,48
DEV_009_2024-09-28 18:00:00,2024-09-28 18:00:00,DEV_009,75
DEV_009_2024-09-28 19:00:00,2024-09-28 19:00:00,DEV_009,25
DEV_009_2024-09-28 20:00:00,2024-09-28 20:00:00,DEV_009,98
DEV_009_2024-09-28 21:00:00,2024-09-28 21:00:00,DEV_009,56
DEV_009_2024-09-28 22:00:00,2024-09-28 22:00:00,DEV_009,27
DEV_009_2024-09-28 23:00:00,2024-09-28 23:00:00,DEV_009,44
DEV_009_2024-09-29 00:00:00,2024-09-29 00:00:00,DEV_009,54
DEV_009_2024-09-29 01:00:00,2024-09-29 01:00:00,DEV_009,30
DEV_009_2024-09-29 02:00:00,2024-09-29 02:00:00,DEV_009,91
DEV_009_2024-09-29 03:00:00,2024-09-29 03:00:00,DEV_009,23
DEV_009_2024-09-29 04:00:00,2024-09-29 04:00:00,DEV_009,78
DEV_009_2024-09-29 05:00:00,2024-09-29 05:00:00,DEV_009,85
DEV_009_2024-09-29 06:00:00,2024-09-29 06:00:00,DEV_009,40
DEV_009_2024-09-29 07:00:00,2024-09-29 07:00:00,DEV_009,39
DEV_009_2024-09-29 08:00:00,2024-09-29 08:00:00,DEV_009,38
DEV_009_2024-09-29 09:00:00,2024-09-29 09:00:00,DEV_009,81
DEV_009_2024-09-29 10:00:00,2024-09-29 10:00:00,DEV_009,9
DEV_009_2024-09-29 11:00:00,2024-09-29 11:00:00,DEV_009,66
DEV_009_2024-09-29 12:00:00,2024-09-29 12:00:00,DEV_009,80
DEV_009_2024-09-29 13:00:00,2024-09-29 13:00:00,DEV_009,15
DEV_009_2024-09-29 14:00:00,2024-09-29 14:00:00,DEV_009,53
DEV_009_2024-09-29 15:00:00,2024-09-29 15:00:00,DEV_009,35
DEV_009_2024-09-29 16:00:00,2024-09-29 16:00:00,DEV_009,23
DEV_009_2024-09-29 17:00:00,2024-09-29 17:00:00,DEV_009,80
DEV_009_2024-09-29 18:00:00,2024-09-29 18:00:00,DEV_009,66
DEV_009_2024-09-29 19:00:00,2024-09-29 19:00:00,DEV_009,65
DEV_009_2024-09-29 20:00:00,2024-09-29 20:00:00,DEV_009,73
DEV_009_2024-09-29 21:00:00,2024-09-29 21:00:00,DEV_009,12
DEV_009_2024-09-29 22:00:00,2024-09-29 22:00:00,DEV_009,29
DEV_009_2024-09-29 23:00:00,2024-09-29 23:00:00,DEV_009,90
DEV_009_2024-09-30 00:00:00,2024-09-30 00:00:00,DEV_009,70
DEV_009_2024-09-30 01:00:00,2024-09-30 01:00:00,DEV_009,97
DEV_009_2024-09-30 02:00:00,2024-09-30 02:00:00,DEV_009,53
DEV_009_2024-09-30 03:00:00,2024-09-30 03:00:00,DEV_009,52
DEV_009_2024-09-30 04:00:00,2024-09-30 04:00:00,DEV_009,43
DEV_009_2024-09-30 05:00:00,2024-09-30 05:00:00,DEV_009,67
DEV_009_2024-09-30 06:00:00,2024-09-30 06:00:00,DEV_009,62
DEV_009_2024-09-30 07:00:00,2024-09-30 07:00:00,DEV_009,87
DEV_009_2024-09-30 08:00:00,2024-09-30 08:00:00,DEV_009,11
DEV_009_2024-09-30 09:00:00,2024-09-30 09:00:00,DEV_009,68
DEV_009_2024-09-30 10:00:00,2024-09-30 10:00:00,DEV_009,7
DEV_009_2024-09-30 11:00:00,2024-09-30 11:00:00,DEV_009,45
DEV_009_2024-09-30 12:00:00,2024-09-30 12:00:00,DEV_009,8
DEV_009_2024-09-30 13:00:00,2024-09-30 13:00:00,DEV_009,25
DEV_009_2024-09-30 14:00:00,2024-09-30 14:00:00,DEV_009,23
DEV_009_2024-09-30 15:00:00,2024-09-30 15:00:00,DEV_009,80
DEV_009_2024-09-30 16:00:00,2024-09-30 16:00:00,DEV_009,22
DEV_009_2024-09-30 17:00:00,2024-09-30 17:00:00,DEV_009,73
DEV_009_2024-09-30 18:00:00,2024-09-30 18:00:00,DEV_009,53
DEV_009_2024-09-30 19:00:00,2024-09-30 19:00:00,DEV_009,81
DEV_009_2024-09-30 20:00:00,2024-09-30 20:00:00,DEV_009,72
DEV_009_2024-09-30 21:00:00,2024-09-30 21:00:00,DEV_009,2
DEV_009_2024-09-30 22:00:00,2024-09-30 22:00:00,DEV_009,56
DEV_009_2024-09-30 23:00:00,2024-09-30 23:00:00,DEV_009,11
DEV_009_2024-10-01 00:00:00,2024-10-01 00:00:00,DEV_009,18
DEV_009_2024-10-01 01:00:00,2024-10-01 01:00:00,DEV_009,31
DEV_009_2024-10-01 02:00:00,2024-10-01 02:00:00,DEV_009,45
DEV_009_2024-10-01 03:00:00,2024-10-01 03:00:00,DEV_009,18
DEV_009_2024-10-01 04:00:00,2024-10-01 04:00:00,DEV_009,29
DEV_009_2024-10-01 05:00:00,2024-10-01 05:00:00,DEV_009,29
DEV_009_2024-10-01 06:00:00,2024-10-01 06:00:00,DEV_009,64
DEV_009_2024-10-01 07:00:00,2024-10-01 07:00:00,DEV_009,90
DEV_009_2024-10-01 08:00:00,2024-10-01 08:00:00,DEV_009,44
DEV_009_2024-10-01 09:00:00,2024-10-01 09:00:00,DEV_009,49
DEV_009_2024-10-01 10:00:00,2024-10-01 10:00:00,DEV_009,23
DEV_009_2024-10-01 11:00:00,2024-10-01 11:00:00,DEV_009,61
DEV_009_2024-10-01 12:00:00,2024-10-01 12:00:00,DEV_009,30
DEV_009_2024-10-01 13:00:00,2024-10-01 13:00:00,DEV_009,89
DEV_009_2024-10-01 14:00:00,2024-10-01 14:00:00,DEV_009,84
DEV_009_2024-10-01 15:00:00,2024-10-01 15:00:00,DEV_009,6
DEV_009_2024-10-01 16:00:00,2024-10-01 16:00:00,DEV_009,8
DEV_009_2024-10-01 17:00:00,2024-10-01 17:00:00,DEV_009,86
DEV_009_2024-10-01 18:00:00,2024-10-01 18:00:00,DEV_009,37
DEV_009_2024-10-01 19:00:00,2024-10-01 19:00:00,DEV_009,22
DEV_009_2024-10-01 20:00:00,2024-10-01 20:00:00,DEV_009,54
DEV_009_2024-10-01 21:00:00,2024-10-01 21:00:00,DEV_009,34
DEV_009_2024-10-01 22:00:00,2024-10-01 22:00:00,DEV_009,11
DEV_009_2024-10-01 23:00:00,2024-10-01 23:00:00,DEV_009,92
DEV_009_2024-10-02 00:00:00,2024-10-02 00:00:00,DEV_009,80
DEV_009_2024-10-02 01:00:00,2024-10-02 01:00:00,DEV_009,44
DEV_009_2024-10-02 02:00:00,2024-10-02 02:00:00,DEV_009,43
DEV_009_2024-10-02 03:00:00,2024-10-02 03:00:00,DEV_009,46
DEV_009_2024-10-02 04:00:00,2024-10-02 04:00:00,DEV_009,36
DEV_009_2024-10-02 05:00:00,2024-10-02 05:00:00,DEV_009,16
DEV_009_2024-10-02 06:00:00,2024-10-02 06:00:00,DEV_009,57
DEV_009_2024-10-02 07:00:00,2024-10-02 07:00:00,DEV_009,4
DEV_009_2024-10-02 08:00:00,2024-10-02 08:00:00,DEV_009,26
DEV_009_2024-10-02 09:00:00,2024-10-02 09:00:00,DEV_009,76
DEV_009_2024-10-02 10:00:00,2024-10-02 10:00:00,DEV_009,32
DEV_009_2024-10-02 11:00:00,2024-10-02 11:00:00,DEV_009,7
DEV_009_2024-10-02 12:00:00,2024-10-02 12:00:00,DEV_009,21
DEV_009_2024-10-02 13:00:00,2024-10-02 13:00:00,DEV_009,18
DEV_009_2024-10-02 14:00:00,2024-10-02 14:00:00,DEV_009,98
DEV_009_2024-10-02 15:00:00,2024-10-02 15:00:00,DEV_009,45
DEV_009_2024-10-02 16:00:00,2024-10-02 16:00:00,DEV_009,43
DEV_009_2024-10-02 17:00:00,2024-10-02 17:00:00,DEV_009,65
DEV_009_2024-10-02 18:00:00,2024-10-02 18:00:00,DEV_009,75
DEV_009_2024-10-02 19:00:00,2024-10-02 19:00:00,DEV_009,90
DEV_009_2024-10-02 20:00:00,2024-10-02 20:00:00,DEV_009,55
DEV_009_2024-10-02 21:00:00,2024-10-02 21:00:00,DEV_009,19
DEV_009_2024-10-02 22:00:00,2024-10-02 22:00:00,DEV_009,9
DEV_009_2024-10-02 23:00:00,2024-10-02 23:00:00,DEV_009,1
DEV_009_2024-10-03 00:00:00,2024-10-03 00:00:00,DEV_009,76
DEV_009_2024-10-03 01:00:00,2024-10-03 01:00:00,DEV_009,52
DEV_009_2024-10-03 02:00:00,2024-10-03 02:00:00,DEV_009,47
DEV_009_2024-10-03 03:00:00,2024-10-03 03:00:00,DEV_009,36
DEV_009_2024-10-03 04:00:00,2024-10-03 04:00:00,DEV_009,45
DEV_009_2024-10-03 05:00:00,2024-10-03 05:00:00,DEV_009,80
DEV_009_2024-10-03 06:00:00,2024-10-03 06:00:00,DEV_009,70
DEV_009_2024-10-03 07:00:00,2024-10-03 07:00:00,DEV_009,51
DEV_009_2024-10-03 08:00:00,2024-10-03 08:00:00,DEV_009,48
DEV_009_2024-10-03 09:00:00,2024-10-03 09:00:00,DEV_009,47
DEV_009_2024-10-03 10:00:00,2024-10-03 10:00:00,DEV_009,8
DEV_009_2024-10-03 11:00:00,2024-10-03 11:00:00,DEV_009,51
DEV_009_2024-10-03 12:00:00,2024-10-03 12:00:00,DEV_009,78
DEV_009_2024-10-03 13:00:00,2024-10-03 13:00:00,DEV_009,90
DEV_009_2024-10-03 14:00:00,2024-10-03 14:00:00,DEV_009,10
DEV_009_2024-10-03 15:00:00,2024-10-03 15:00:00,DEV_009,75
DEV_009_2024-10-03 16:00:00,2024-10-03 16:00:00,DEV_009,88
DEV_009_2024-10-03 17:00:00,2024-10-03 17:00:00,DEV_009,69
DEV_009_2024-10-03 18:00:00,2024-10-03 18:00:00,DEV_009,63
DEV_009_2024-10-03 19:00:00,2024-10-03 19:00:00,DEV_009,80
DEV_009_2024-10-03 20:00:00,2024-10-03 20:00:00,DEV_009,82
DEV_009_2024-10-03 21:00:00,2024-10-03 21:00:00,DEV_009,68
DEV_009_2024-10-03 22:00:00,2024-10-03 22:00:00,DEV_009,24
DEV_009_2024-10-03 23:00:00,2024-10-03 23:00:00,DEV_009,57
DEV_009_2024-10-04 00:00:00,2024-10-04 00:00:00,DEV_009,57
DEV_009_2024-10-04 01:00:00,2024-10-04 01:00:00,DEV_009,94
DEV_009_2024-10-04 02:00:00,2024-10-04 02:00:00,DEV_009,12
DEV_009_2024-10-04 03:00:00,2024-10-04 03:00:00,DEV_009,44
DEV_009_2024-10-04 04:00:00,2024-10-04 04:00:00,DEV_009,83
DEV_009_2024-10-04 05:00:00,2024-10-04 05:00:00,DEV_009,97
DEV_009_2024-10-04 06:00:00,2024-10-04 06:00:00,DEV_009,23
DEV_009_2024-10-04 07:00:00,2024-10-04 07:00:00,DEV_009,76
DEV_009_2024-10-04 08:00:00,2024-10-04 08:00:00,DEV_009,38
DEV_009_2024-10-04 09:00:00,2024-10-04 09:00:00,DEV_009,5
DEV_009_2024-10-04 10:00:00,2024-10-04 10:00:00,DEV_009,7
DEV_009_2024-10-04 11:00:00,2024-10-04 11:00:00,DEV_009,2
DEV_009_2024-10-04 12:00:00,2024-10-04 12:00:00,DEV_009,11
DEV_009_2024-10-04 13:00:00,2024-10-04 13:00:00,DEV_009,24
DEV_009_2024-10-04 14:00:00,2024-10-04 14:00:00,DEV_009,42
DEV_009_2024-10-04 15:00:00,2024-10-04 15:00:00,DEV_009,72
DEV_009_2024-10-04 16:00:00,2024-10-04 16:00:00,DEV_009,97
DEV_009_2024-10-04 17:00:00,2024-10-04 17:00:00,DEV_009,50
DEV_009_2024-10-04 18:00:00,2024-10-04 18:00:00,DEV_009,5
DEV_009_2024-10-04 19:00:00,2024-10-04 19:00:00,DEV_009,93
DEV_009_2024-10-04 20:00:00,2024-10-04 20:00:00,DEV_009,14
DEV_009_2024-10-04 21:00:00,2024-10-04 21:00:00,DEV_009,77
DEV_009_2024-10-04 22:00:00,2024-10-04 22:00:00,DEV_009,51
DEV_009_2024-10-04 23:00:00,2024-10-04 23:00:00,DEV_009,45
DEV_009_2024-10-05 00:00:00,2024-10-05 00:00:00,DEV_009,60
DEV_009_2024-10-05 01:00:00,2024-10-05 01:00:00,DEV_009,66
DEV_009_2024-10-05 02:00:00,2024-10-05 02:00:00,DEV_009,63
DEV_009_2024-10-05 03:00:00,2024-10-05 03:00:00,DEV_009,65
DEV_009_2024-10-05 04:00:00,2024-10-05 04:00:00,DEV_009,69
DEV_009_2024-10-05 05:00:00,2024-10-05 05:00:00,DEV_009,36
DEV_009_2024-10-05 06:00:00,2024-10-05 06:00:00,DEV_009,46
DEV_009_2024-10-05 07:00:00,2024-10-05 07:00:00,DEV_009,88
DEV_009_2024-10-05 08:00:00,2024-10-05 08:00:00,DEV_009,48
DEV_009_2024-10-05 09:00:00,2024-10-05 09:00:00,DEV_009,81
DEV_009_2024-10-05 10:00:00,2024-10-05 10:00:00,DEV_009,45
DEV_009_2024-10-05 11:00:00,2024-10-05 11:00:00,DEV_009,24
DEV_009_2024-10-05 12:00:00,2024-10-05 12:00:00,DEV_009,2
DEV_009_2024-10-05 13:00:00,2024-10-05 13:00:00,DEV_009,97
DEV_009_2024-10-05 14:00:00,2024-10-05 14:00:00,DEV_009,59
DEV_009_2024-10-05 15:00:00,2024-10-05 15:00:00,DEV_009,39
DEV_009_2024-10-05 16:00:00,2024-10-05 16:00:00,DEV_009,39
DEV_009_2024-10-05 17:00:00,2024-10-05 17:00:00,DEV_009,32
DEV_009_2024-10-05 18:00:00,2024-10-05 18:00:00,DEV_009,13
DEV_009_2024-10-05 19:00:00,2024-10-05 19:00:00,DEV_009,48
DEV_009_2024-10-05 20:00:00,2024-10-05 20:00:00,DEV_009,18
DEV_009_2024-10-05 21:00:00,2024-10-05 21:00:00,DEV_009,63
DEV_009_2024-10-05 22:00:00,2024-10-05 22:00:00,DEV_009,63
DEV_009_2024-10-05 23:00:00,2024-10-05 23:00:00,DEV_009,2
DEV_009_2024-10-06 00:00:00,2024-10-06 00:00:00,DEV_009,23
DEV_009_2024-10-06 01:00:00,2024-10-06 01:00:00,DEV_009,92
DEV_009_2024-10-06 02:00:00,2024-10-06 02:00:00,DEV_009,71
DEV_009_2024-10-06 03:00:00,2024-10-06 03:00:00,DEV_009,84
DEV_009_2024-10-06 04:00:00,2024-10-06 04:00:00,DEV_009,77
DEV_009_2024-10-06 05:00:00,2024-10-06 05:00:00,DEV_009,11
DEV_009_2024-10-06 06:00:00,2024-10-06 06:00:00,DEV_009,40
DEV_009_2024-10-06 07:00:00,2024-10-06 07:00:00,DEV_009,57
DEV_009_2024-10-06 08:00:00,2024-10-06 08:00:00,DEV_009,27
DEV_009_2024-10-06 09:00:00,2024-10-06 09:00:00,DEV_009,33
DEV_009_2024-10-06 10:00:00,2024-10-06 10:00:00,DEV_009,17
DEV_009_2024-10-06 11:00:00,2024-10-06 11:00:00,DEV_009,54
DEV_009_2024-10-06 12:00:00,2024-10-06 12:00:00,DEV_009,58
DEV_009_2024-10-06 13:00:00,2024-10-06 13:00:00,DEV_009,19
DEV_009_2024-10-06 14:00:00,2024-10-06 14:00:00,DEV_009,85
DEV_009_2024-10-06 15:00:00,2024-10-06 15:00:00,DEV_009,33
DEV_009_2024-10-06 16:00:00,2024-10-06 16:00:00,DEV_009,77
DEV_009_2024-10-06 17:00:00,2024-10-06 17:00:00,DEV_009,55
DEV_009_2024-10-06 18:00:00,2024-10-06 18:00:00,DEV_009,54
DEV_009_2024-10-06 19:00:00,2024-10-06 19:00:00,DEV_009,72
DEV_009_2024-10-06 20:00:00,2024-10-06 20:00:00,DEV_009,61
DEV_009_2024-10-06 21:00:00,2024-10-06 21:00:00,DEV_009,99
DEV_009_2024-10-06 22:00:00,2024-10-06 22:00:00,DEV_009,57
DEV_009_2024-10-06 23:00:00,2024-10-06 23:00:00,DEV_009,35
DEV_009_2024-10-07 00:00:00,2024-10-07 00:00:00,DEV_009,19
DEV_009_2024-10-07 01:00:00,2024-10-07 01:00:00,DEV_009,52
DEV_009_2024-10-07 02:00:00,2024-10-07 02:00:00,DEV_009,66
DEV_009_2024-10-07 03:00:00,2024-10-07 03:00:00,DEV_009,3
DEV_009_2024-10-07 04:00:00,2024-10-07 04:00:00,DEV_009,66
DEV_009_2024-10-07 05:00:00,2024-10-07 05:00:00,DEV_009,8
DEV_009_2024-10-07 06:00:00,2024-10-07 06:00:00,DEV_009,47
DEV_009_2024-10-07 07:00:00,2024-10-07 07:00:00,DEV_009,7
DEV_009_2024-10-07 08:00:00,2024-10-07 08:00:00,DEV_009,22
DEV_009_2024-10-07 09:00:00,2024-10-07 09:00:00,DEV_009,24
DEV_009_2024-10-07 10:00:00,2024-10-07 10:00:00,DEV_009,30
DEV_009_2024-10-07 11:00:00,2024-10-07 11:00:00,DEV_009,75
DEV_009_2024-10-07 12:00:00,2024-10-07 12:00:00,DEV_009,71
DEV_009_2024-10-07 13:00:00,2024-10-07 13:00:00,DEV_009,25
DEV_009_2024-10-07 14:00:00,2024-10-07 14:00:00,DEV_009,41
DEV_009_2024-10-07 15:00:00,2024-10-07 15:00:00,DEV_009,79
DEV_009_2024-10-07 16:00:00,2024-10-07 16:00:00,DEV_009,65
DEV_009_2024-10-07 17:00:00,2024-10-07 17:00:00,DEV_009,18
DEV_009_2024-10-07 18:00:00,2024-10-07 18:00:00,DEV_009,83
DEV_009_2024-10-07 19:00:00,2024-10-07 19:00:00,DEV_009,71
DEV_009_2024-10-07 20:00:00,2024-10-07 20:00:00,DEV_009,78
DEV_009_2024-10-07 21:00:00,2024-10-07 21:00:00,DEV_009,97
DEV_009_2024-10-07 22:00:00,2024-10-07 22:00:00,DEV_009,46
DEV_009_2024-10-07 23:00:00,2024-10-07 23:00:00,DEV_009,60
DEV_009_2024-10-08 00:00:00,2024-10-08 00:00:00,DEV_009,72
DEV_009_2024-10-08 01:00:00,2024-10-08 01:00:00,DEV_009,97
DEV_009_2024-10-08 02:00:00,2024-10-08 02:00:00,DEV_009,68
DEV_009_2024-10-08 03:00:00,2024-10-08 03:00:00,DEV_009,22
DEV_009_2024-10-08 04:00:00,2024-10-08 04:00:00,DEV_009,11
DEV_009_2024-10-08 05:00:00,2024-10-08 05:00:00,DEV_009,18
DEV_009_2024-10-08 06:00:00,2024-10-08 06:00:00,DEV_009,3
DEV_009_2024-10-08 07:00:00,2024-10-08 07:00:00,DEV_009,67
DEV_009_2024-10-08 08:00:00,2024-10-08 08:00:00,DEV_009,61
DEV_009_2024-10-08 09:00:00,2024-10-08 09:00:00,DEV_009,38
DEV_009_2024-10-08 10:00:00,2024-10-08 10:00:00,DEV_009,96
DEV_009_2024-10-08 11:00:00,2024-10-08 11:00:00,DEV_009,77
DEV_009_2024-10-08 12:00:00,2024-10-08 12:00:00,DEV_009,53
DEV_009_2024-10-08 13:00:00,2024-10-08 13:00:00,DEV_009,20
DEV_009_2024-10-08 14:00:00,2024-10-08 14:00:00,DEV_009,43
DEV_009_2024-10-08 15:00:00,2024-10-08 15:00:00,DEV_009,19
DEV_009_2024-10-08 16:00:00,2024-10-08 16:00:00,DEV_009,64
DEV_009_2024-10-08 17:00:00,2024-10-08 17:00:00,DEV_009,15
DEV_009_2024-10-08 18:00:00,2024-10-08 18:00:00,DEV_009,25
DEV_009_2024-10-08 19:00:00,2024-10-08 19:00:00,DEV_009,94
DEV_009_2024-10-08 20:00:00,2024-10-08 20:00:00,DEV_009,61
DEV_009_2024-10-08 21:00:00,2024-10-08 21:00:00,DEV_009,81
DEV_009_2024-10-08 22:00:00,2024-10-08 22:00:00,DEV_009,54
DEV_009_2024-10-08 23:00:00,2024-10-08 23:00:00,DEV_009,6
DEV_009_2024-10-09 00:00:00,2024-10-09 00:00:00,DEV_009,98
DEV_009_2024-10-09 01:00:00,2024-10-09 01:00:00,DEV_009,76
DEV_009_2024-10-09 02:00:00,2024-10-09 02:00:00,DEV_009,94
DEV_009_2024-10-09 03:00:00,2024-10-09 03:00:00,DEV_009,68
DEV_009_2024-10-09 04:00:00,2024-10-09 04:00:00,DEV_009,42
DEV_009_2024-10-09 05:00:00,2024-10-09 05:00:00,DEV_009,72
DEV_009_2024-10-09 06:00:00,2024-10-09 06:00:00,DEV_009,59
DEV_009_2024-10-09 07:00:00,2024-10-09 07:00:00,DEV_009,21
DEV_009_2024-10-09 08:00:00,2024-10-09 08:00:00,DEV_009,99
DEV_009_2024-10-09 09:00:00,2024-10-09 09:00:00,DEV_009,35
DEV_009_2024-10-09 10:00:00,2024-10-09 10:00:00,DEV_009,41
DEV_009_2024-10-09 11:00:00,2024-10-09 11:00:00,DEV_009,74
DEV_009_2024-10-09 12:00:00,2024-10-09 12:00:00,DEV_009,2
DEV_009_2024-10-09 13:00:00,2024-10-09 13:00:00,DEV_009,19
DEV_009_2024-10-09 14:00:00,2024-10-09 14:00:00,DEV_009,16
DEV_009_2024-10-09 15:00:00,2024-10-09 15:00:00,DEV_009,97
DEV_009_2024-10-09 16:00:00,2024-10-09 16:00:00,DEV_009,25
DEV_009_2024-10-09 17:00:00,2024-10-09 17:00:00,DEV_009,92
DEV_009_2024-10-09 18:00:00,2024-10-09 18:00:00,DEV_009,63
DEV_009_2024-10-09 19:00:00,2024-10-09 19:00:00,DEV_009,83
DEV_009_2024-10-09 20:00:00,2024-10-09 20:00:00,DEV_009,19
DEV_009_2024-10-09 21:00:00,2024-10-09 21:00:00,DEV_009,5
DEV_009_2024-10-09 22:00:00,2024-10-09 22:00:00,DEV_009,93
DEV_009_2024-10-09 23:00:00,2024-10-09 23:00:00,DEV_009,61
DEV_009_2024-10-10 00:00:00,2024-10-10 00:00:00,DEV_009,3
DEV_009_2024-10-10 01:00:00,2024-10-10 01:00:00,DEV_009,51
DEV_009_2024-10-10 02:00:00,2024-10-10 02:00:00,DEV_009,9
DEV_009_2024-10-10 03:00:00,2024-10-10 03:00:00,DEV_009,55
DEV_009_2024-10-10 04:00:00,2024-10-10 04:00:00,DEV_009,17
DEV_009_2024-10-10 05:00:00,2024-10-10 05:00:00,DEV_009,48
DEV_009_2024-10-10 06:00:00,2024-10-10 06:00:00,DEV_009,89
DEV_009_2024-10-10 07:00:00,2024-10-10 07:00:00,DEV_009,52
DEV_009_2024-10-10 08:00:00,2024-10-10 08:00:00,DEV_009,75
DEV_009_2024-10-10 09:00:00,2024-10-10 09:00:00,DEV_009,81
DEV_009_2024-10-10 10:00:00,2024-10-10 10:00:00,DEV_009,47
DEV_009_2024-10-10 11:00:00,2024-10-10 11:00:00,DEV_009,89
DEV_009_2024-10-10 12:00:00,2024-10-10 12:00:00,DEV_009,71
DEV_009_2024-10-10 13:00:00,2024-10-10 13:00:00,DEV_009,92
DEV_009_2024-10-10 14:00:00,2024-10-10 14:00:00,DEV_009,18
DEV_009_2024-10-10 15:00:00,2024-10-10 15:00:00,DEV_009,39
DEV_009_2024-10-10 16:00:00,2024-10-10 16:00:00,DEV_009,42
DEV_009_2024-10-10 17:00:00,2024-10-10 17:00:00,DEV_009,29
DEV_009_2024-10-10 18:00:00,2024-10-10 18:00:00,DEV_009,5
DEV_009_2024-10-10 19:00:00,2024-10-10 19:00:00,DEV_009,13
DEV_009_2024-10-10 20:00:00,2024-10-10 20:00:00,DEV_009,17
DEV_009_2024-10-10 21:00:00,2024-10-10 21:00:00,DEV_009,78
DEV_009_2024-10-10 22:00:00,2024-10-10 22:00:00,DEV_009,48
DEV_009_2024-10-10 23:00:00,2024-10-10 23:00:00,DEV_009,27
DEV_009_2024-10-11 00:00:00,2024-10-11 00:00:00,DEV_009,19
DEV_009_2024-10-11 01:00:00,2024-10-11 01:00:00,DEV_009,17
DEV_009_2024-10-11 02:00:00,2024-10-11 02:00:00,DEV_009,7
DEV_009_2024-10-11 03:00:00,2024-10-11 03:00:00,DEV_009,38
DEV_009_2024-10-11 04:00:00,2024-10-11 04:00:00,DEV_009,70
DEV_009_2024-10-11 05:00:00,2024-10-11 05:00:00,DEV_009,48
DEV_009_2024-10-11 06:00:00,2024-10-11 06:00:00,DEV_009,44
DEV_009_2024-10-11 07:00:00,2024-10-11 07:00:00,DEV_009,96
DEV_009_2024-10-11 08:00:00,2024-10-11 08:00:00,DEV_009,62
DEV_009_2024-10-11 09:00:00,2024-10-11 09:00:00,DEV_009,92
DEV_009_2024-10-11 10:00:00,2024-10-11 10:00:00,DEV_009,38
DEV_009_2024-10-11 11:00:00,2024-10-11 11:00:00,DEV_009,27
DEV_009_2024-10-11 12:00:00,2024-10-11 12:00:00,DEV_009,69
DEV_009_2024-10-11 13:00:00,2024-10-11 13:00:00,DEV_009,85
DEV_009_2024-10-11 14:00:00,2024-10-11 14:00:00,DEV_009,99
DEV_009_2024-10-11 15:00:00,2024-10-11 15:00:00,DEV_009,36
DEV_009_2024-10-11 16:00:00,2024-10-11 16:00:00,DEV_009,41
DEV_009_2024-10-11 17:00:00,2024-10-11 17:00:00,DEV_009,42
DEV_009_2024-10-11 18:00:00,2024-10-11 18:00:00,DEV_009,72
DEV_009_2024-10-11 19:00:00,2024-10-11 19:00:00,DEV_009,74
DEV_009_2024-10-11 20:00:00,2024-10-11 20:00:00,DEV_009,6
DEV_009_2024-10-11 21:00:00,2024-10-11 21:00:00,DEV_009,81
DEV_009_2024-10-11 22:00:00,2024-10-11 22:00:00,DEV_009,48
DEV_009_2024-10-11 23:00:00,2024-10-11 23:00:00,DEV_009,1
DEV_009_2024-10-12 00:00:00,2024-10-12 00:00:00,DEV_009,63
DEV_009_2024-10-12 01:00:00,2024-10-12 01:00:00,DEV_009,68
DEV_009_2024-10-12 02:00:00,2024-10-12 02:00:00,DEV_009,64
DEV_009_2024-10-12 03:00:00,2024-10-12 03:00:00,DEV_009,56
DEV_009_2024-10-12 04:00:00,2024-10-12 04:00:00,DEV_009,82
DEV_009_2024-10-12 05:00:00,2024-10-12 05:00:00,DEV_009,56
DEV_009_2024-10-12 06:00:00,2024-10-12 06:00:00,DEV_009,80
DEV_009_2024-10-12 07:00:00,2024-10-12 07:00:00,DEV_009,86
DEV_009_2024-10-12 08:00:00,2024-10-12 08:00:00,DEV_009,18
DEV_009_2024-10-12 09:00:00,2024-10-12 09:00:00,DEV_009,95
DEV_009_2024-10-12 10:00:00,2024-10-12 10:00:00,DEV_009,36
DEV_009_2024-10-12 11:00:00,2024-10-12 11:00:00,DEV_009,64
DEV_009_2024-10-12 12:00:00,2024-10-12 12:00:00,DEV_009,68
DEV_009_2024-10-12 13:00:00,2024-10-12 13:00:00,DEV_009,30
DEV_009_2024-10-12 14:00:00,2024-10-12 14:00:00,DEV_009,9
DEV_009_2024-10-12 15:00:00,2024-10-12 15:00:00,DEV_009,76
DEV_009_2024-10-12 16:00:00,2024-10-12 16:00:00,DEV_009,92
DEV_009_2024-10-12 17:00:00,2024-10-12 17:00:00,DEV_009,76
DEV_009_2024-10-12 18:00:00,2024-10-12 18:00:00,DEV_009,53
DEV_009_2024-10-12 19:00:00,2024-10-12 19:00:00,DEV_009,68
DEV_009_2024-10-12 20:00:00,2024-10-12 20:00:00,DEV_009,63
DEV_009_2024-10-12 21:00:00,2024-10-12 21:00:00,DEV_009,30
DEV_009_2024-10-12 22:00:00,2024-10-12 22:00:00,DEV_009,11
DEV_009_2024-10-12 23:00:00,2024-10-12 23:00:00,DEV_009,24
DEV_009_2024-10-13 00:00:00,2024-10-13 00:00:00,DEV_009,49
DEV_009_2024-10-13 01:00:00,2024-10-13 01:00:00,DEV_009,85
DEV_009_2024-10-13 02:00:00,2024-10-13 02:00:00,DEV_009,94
DEV_009_2024-10-13 03:00:00,2024-10-13 03:00:00,DEV_009,84
DEV_009_2024-10-13 04:00:00,2024-10-13 04:00:00,DEV_009,27
DEV_009_2024-10-13 05:00:00,2024-10-13 05:00:00,DEV_009,20
DEV_009_2024-10-13 06:00:00,2024-10-13 06:00:00,DEV_009,98
DEV_009_2024-10-13 07:00:00,2024-10-13 07:00:00,DEV_009,25
DEV_009_2024-10-13 08:00:00,2024-10-13 08:00:00,DEV_009,4
DEV_009_2024-10-13 09:00:00,2024-10-13 09:00:00,DEV_009,14
DEV_009_2024-10-13 10:00:00,2024-10-13 10:00:00,DEV_009,56
DEV_009_2024-10-13 11:00:00,2024-10-13 11:00:00,DEV_009,33
DEV_009_2024-10-13 12:00:00,2024-10-13 12:00:00,DEV_009,96
DEV_009_2024-10-13 13:00:00,2024-10-13 13:00:00,DEV_009,28
DEV_009_2024-10-13 14:00:00,2024-10-13 14:00:00,DEV_009,81
DEV_009_2024-10-13 15:00:00,2024-10-13 15:00:00,DEV_009,56
DEV_009_2024-10-13 16:00:00,2024-10-13 16:00:00,DEV_009,46
DEV_009_2024-10-13 17:00:00,2024-10-13 17:00:00,DEV_009,60
DEV_009_2024-10-13 18:00:00,2024-10-13 18:00:00,DEV_009,73
DEV_009_2024-10-13 19:00:00,2024-10-13 19:00:00,DEV_009,66
DEV_009_2024-10-13 20:00:00,2024-10-13 20:00:00,DEV_009,44
DEV_009_2024-10-13 21:00:00,2024-10-13 21:00:00,DEV_009,74
DEV_009_2024-10-13 22:00:00,2024-10-13 22:00:00,DEV_009,84
DEV_009_2024-10-13 23:00:00,2024-10-13 23:00:00,DEV_009,84
DEV_009_2024-10-14 00:00:00,2024-10-14 00:00:00,DEV_009,51
DEV_009_2024-10-14 01:00:00,2024-10-14 01:00:00,DEV_009,87
DEV_009_2024-10-14 02:00:00,2024-10-14 02:00:00,DEV_009,49
DEV_009_2024-10-14 03:00:00,2024-10-14 03:00:00,DEV_009,46
DEV_009_2024-10-14 04:00:00,2024-10-14 04:00:00,DEV_009,74
DEV_009_2024-10-14 05:00:00,2024-10-14 05:00:00,DEV_009,39
DEV_009_2024-10-14 06:00:00,2024-10-14 06:00:00,DEV_009,83
DEV_009_2024-10-14 07:00:00,2024-10-14 07:00:00,DEV_009,32
DEV_009_2024-10-14 08:00:00,2024-10-14 08:00:00,DEV_009,61
DEV_009_2024-10-14 09:00:00,2024-10-14 09:00:00,DEV_009,51
DEV_009_2024-10-14 10:00:00,2024-10-14 10:00:00,DEV_009,21
DEV_009_2024-10-14 11:00:00,2024-10-14 11:00:00,DEV_009,64
DEV_009_2024-10-14 12:00:00,2024-10-14 12:00:00,DEV_009,42
DEV_009_2024-10-14 13:00:00,2024-10-14 13:00:00,DEV_009,94
DEV_009_2024-10-14 14:00:00,2024-10-14 14:00:00,DEV_009,29
DEV_009_2024-10-14 15:00:00,2024-10-14 15:00:00,DEV_009,8
DEV_009_2024-10-14 16:00:00,2024-10-14 16:00:00,DEV_009,68
DEV_009_2024-10-14 17:00:00,2024-10-14 17:00:00,DEV_009,20
DEV_009_2024-10-14 18:00:00,2024-10-14 18:00:00,DEV_009,42
DEV_009_2024-10-14 19:00:00,2024-10-14 19:00:00,DEV_009,46
DEV_009_2024-10-14 20:00:00,2024-10-14 20:00:00,DEV_009,90
DEV_009_2024-10-14 21:00:00,2024-10-14 21:00:00,DEV_009,32
DEV_009_2024-10-14 22:00:00,2024-10-14 22:00:00,DEV_009,74
DEV_009_2024-10-14 23:00:00,2024-10-14 23:00:00,DEV_009,26
DEV_009_2024-10-15 00:00:00,2024-10-15 00:00:00,DEV_009,12
DEV_009_2024-10-15 01:00:00,2024-10-15 01:00:00,DEV_009,23
DEV_009_2024-10-15 02:00:00,2024-10-15 02:00:00,DEV_009,51
DEV_009_2024-10-15 03:00:00,2024-10-15 03:00:00,DEV_009,47
DEV_009_2024-10-15 04:00:00,2024-10-15 04:00:00,DEV_009,13
DEV_009_2024-10-15 05:00:00,2024-10-15 05:00:00,DEV_009,87
DEV_009_2024-10-15 06:00:00,2024-10-15 06:00:00,DEV_009,90
DEV_009_2024-10-15 07:00:00,2024-10-15 07:00:00,DEV_009,81
DEV_009_2024-10-15 08:00:00,2024-10-15 08:00:00,DEV_009,7
DEV_009_2024-10-15 09:00:00,2024-10-15 09:00:00,DEV_009,83
DEV_009_2024-10-15 10:00:00,2024-10-15 10:00:00,DEV_009,39
DEV_009_2024-10-15 11:00:00,2024-10-15 11:00:00,DEV_009,30
DEV_009_2024-10-15 12:00:00,2024-10-15 12:00:00,DEV_009,46
DEV_009_2024-10-15 13:00:00,2024-10-15 13:00:00,DEV_009,35
DEV_009_2024-10-15 14:00:00,2024-10-15 14:00:00,DEV_009,77
DEV_009_2024-10-15 15:00:00,2024-10-15 15:00:00,DEV_009,60
DEV_009_2024-10-15 16:00:00,2024-10-15 16:00:00,DEV_009,1
DEV_009_2024-10-15 17:00:00,2024-10-15 17:00:00,DEV_009,7
DEV_009_2024-10-15 18:00:00,2024-10-15 18:00:00,DEV_009,93
DEV_009_2024-10-15 19:00:00,2024-10-15 19:00:00,DEV_009,58
DEV_009_2024-10-15 20:00:00,2024-10-15 20:00:00,DEV_009,77
DEV_009_2024-10-15 21:00:00,2024-10-15 21:00:00,DEV_009,36
DEV_009_2024-10-15 22:00:00,2024-10-15 22:00:00,DEV_009,23
DEV_009_2024-10-15 23:00:00,2024-10-15 23:00:00,DEV_009,8
DEV_009_2024-10-16 00:00:00,2024-10-16 00:00:00,DEV_009,72
DEV_009_2024-10-16 01:00:00,2024-10-16 01:00:00,DEV_009,3
DEV_009_2024-10-16 02:00:00,2024-10-16 02:00:00,DEV_009,87
DEV_009_2024-10-16 03:00:00,2024-10-16 03:00:00,DEV_009,94
DEV_009_2024-10-16 04:00:00,2024-10-16 04:00:00,DEV_009,32
DEV_009_2024-10-16 05:00:00,2024-10-16 05:00:00,DEV_009,18
DEV_009_2024-10-16 06:00:00,2024-10-16 06:00:00,DEV_009,84
DEV_009_2024-10-16 07:00:00,2024-10-16 07:00:00,DEV_009,72
DEV_009_2024-10-16 08:00:00,2024-10-16 08:00:00,DEV_009,77
DEV_009_2024-10-16 09:00:00,2024-10-16 09:00:00,DEV_009,87
DEV_009_2024-10-16 10:00:00,2024-10-16 10:00:00,DEV_009,88
DEV_009_2024-10-16 11:00:00,2024-10-16 11:00:00,DEV_009,68
DEV_009_2024-10-16 12:00:00,2024-10-16 12:00:00,DEV_009,21
DEV_009_2024-10-16 13:00:00,2024-10-16 13:00:00,DEV_009,98
DEV_009_2024-10-16 14:00:00,2024-10-16 14:00:00,DEV_009,77
DEV_009_2024-10-16 15:00:00,2024-10-16 15:00:00,DEV_009,2
DEV_009_2024-10-16 16:00:00,2024-10-16 16:00:00,DEV_009,27
DEV_009_2024-10-16 17:00:00,2024-10-16 17:00:00,DEV_009,47
DEV_009_2024-10-16 18:00:00,2024-10-16 18:00:00,DEV_009,55
DEV_009_2024-10-16 19:00:00,2024-10-16 19:00:00,DEV_009,17
DEV_009_2024-10-16 20:00:00,2024-10-16 20:00:00,DEV_009,9
DEV_009_2024-10-16 21:00:00,2024-10-16 21:00:00,DEV_009,9
DEV_009_2024-10-16 22:00:00,2024-10-16 22:00:00,DEV_009,71
DEV_009_2024-10-16 23:00:00,2024-10-16 23:00:00,DEV_009,26
DEV_009_2024-10-17 00:00:00,2024-10-17 00:00:00,DEV_009,44
DEV_009_2024-10-17 01:00:00,2024-10-17 01:00:00,DEV_009,75
DEV_009_2024-10-17 02:00:00,2024-10-17 02:00:00,DEV_009,30
DEV_009_2024-10-17 03:00:00,2024-10-17 03:00:00,DEV_009,9
DEV_009_2024-10-17 04:00:00,2024-10-17 04:00:00,DEV_009,88
DEV_009_2024-10-17 05:00:00,2024-10-17 05:00:00,DEV_009,30
DEV_009_2024-10-17 06:00:00,2024-10-17 06:00:00,DEV_009,84
DEV_009_2024-10-17 07:00:00,2024-10-17 07:00:00,DEV_009,82
DEV_009_2024-10-17 08:00:00,2024-10-17 08:00:00,DEV_009,18
DEV_009_2024-10-17 09:00:00,2024-10-17 09:00:00,DEV_009,41
DEV_009_2024-10-17 10:00:00,2024-10-17 10:00:00,DEV_009,59
DEV_009_2024-10-17 11:00:00,2024-10-17 11:00:00,DEV_009,9
DEV_009_2024-10-17 12:00:00,2024-10-17 12:00:00,DEV_009,72
DEV_009_2024-10-17 13:00:00,2024-10-17 13:00:00,DEV_009,63
DEV_009_2024-10-17 14:00:00,2024-10-17 14:00:00,DEV_009,2
DEV_009_2024-10-17 15:00:00,2024-10-17 15:00:00,DEV_009,64
DEV_009_2024-10-17 16:00:00,2024-10-17 16:00:00,DEV_009,83
DEV_009_2024-10-17 17:00:00,2024-10-17 17:00:00,DEV_009,94
DEV_009_2024-10-17 18:00:00,2024-10-17 18:00:00,DEV_009,7
DEV_009_2024-10-17 19:00:00,2024-10-17 19:00:00,DEV_009,73
DEV_009_2024-10-17 20:00:00,2024-10-17 20:00:00,DEV_009,99
DEV_009_2024-10-17 21:00:00,2024-10-17 21:00:00,DEV_009,66
DEV_009_2024-10-17 22:00:00,2024-10-17 22:00:00,DEV_009,27
DEV_009_2024-10-17 23:00:00,2024-10-17 23:00:00,DEV_009,76
DEV_009_2024-10-18 00:00:00,2024-10-18 00:00:00,DEV_009,19
DEV_009_2024-10-18 01:00:00,2024-10-18 01:00:00,DEV_009,77
DEV_009_2024-10-18 02:00:00,2024-10-18 02:00:00,DEV_009,5
DEV_009_2024-10-18 03:00:00,2024-10-18 03:00:00,DEV_009,12
DEV_009_2024-10-18 04:00:00,2024-10-18 04:00:00,DEV_009,76
DEV_009_2024-10-18 05:00:00,2024-10-18 05:00:00,DEV_009,93
DEV_009_2024-10-18 06:00:00,2024-10-18 06:00:00,DEV_009,75
DEV_009_2024-10-18 07:00:00,2024-10-18 07:00:00,DEV_009,54
DEV_009_2024-10-18 08:00:00,2024-10-18 08:00:00,DEV_009,44
DEV_009_2024-10-18 09:00:00,2024-10-18 09:00:00,DEV_009,61
DEV_009_2024-10-18 10:00:00,2024-10-18 10:00:00,DEV_009,40
DEV_009_2024-10-18 11:00:00,2024-10-18 11:00:00,DEV_009,51
DEV_009_2024-10-18 12:00:00,2024-10-18 12:00:00,DEV_009,19
DEV_009_2024-10-18 13:00:00,2024-10-18 13:00:00,DEV_009,74
DEV_009_2024-10-18 14:00:00,2024-10-18 14:00:00,DEV_009,67
DEV_009_2024-10-18 15:00:00,2024-10-18 15:00:00,DEV_009,78
DEV_009_2024-10-18 16:00:00,2024-10-18 16:00:00,DEV_009,17
DEV_009_2024-10-18 17:00:00,2024-10-18 17:00:00,DEV_009,5
DEV_009_2024-10-18 18:00:00,2024-10-18 18:00:00,DEV_009,95
DEV_009_2024-10-18 19:00:00,2024-10-18 19:00:00,DEV_009,17
DEV_009_2024-10-18 20:00:00,2024-10-18 20:00:00,DEV_009,14
DEV_009_2024-10-18 21:00:00,2024-10-18 21:00:00,DEV_009,75
DEV_009_2024-10-18 22:00:00,2024-10-18 22:00:00,DEV_009,57
DEV_009_2024-10-18 23:00:00,2024-10-18 23:00:00,DEV_009,61
DEV_009_2024-10-19 00:00:00,2024-10-19 00:00:00,DEV_009,14
DEV_009_2024-10-19 01:00:00,2024-10-19 01:00:00,DEV_009,87
DEV_009_2024-10-19 02:00:00,2024-10-19 02:00:00,DEV_009,47
DEV_009_2024-10-19 03:00:00,2024-10-19 03:00:00,DEV_009,56
DEV_009_2024-10-19 04:00:00,2024-10-19 04:00:00,DEV_009,50
DEV_009_2024-10-19 05:00:00,2024-10-19 05:00:00,DEV_009,1
DEV_009_2024-10-19 06:00:00,2024-10-19 06:00:00,DEV_009,48
DEV_009_2024-10-19 07:00:00,2024-10-19 07:00:00,DEV_009,98
DEV_009_2024-10-19 08:00:00,2024-10-19 08:00:00,DEV_009,15
DEV_009_2024-10-19 09:00:00,2024-10-19 09:00:00,DEV_009,56
DEV_009_2024-10-19 10:00:00,2024-10-19 10:00:00,DEV_009,16
DEV_009_2024-10-19 11:00:00,2024-10-19 11:00:00,DEV_009,22
DEV_009_2024-10-19 12:00:00,2024-10-19 12:00:00,DEV_009,30
DEV_009_2024-10-19 13:00:00,2024-10-19 13:00:00,DEV_009,62
DEV_009_2024-10-19 14:00:00,2024-10-19 14:00:00,DEV_009,50
DEV_009_2024-10-19 15:00:00,2024-10-19 15:00:00,DEV_009,42
DEV_009_2024-10-19 16:00:00,2024-10-19 16:00:00,DEV_009,6
DEV_009_2024-10-19 17:00:00,2024-10-19 17:00:00,DEV_009,68
DEV_009_2024-10-19 18:00:00,2024-10-19 18:00:00,DEV_009,37
DEV_009_2024-10-19 19:00:00,2024-10-19 19:00:00,DEV_009,89
DEV_009_2024-10-19 20:00:00,2024-10-19 20:00:00,DEV_009,79
DEV_009_2024-10-19 21:00:00,2024-10-19 21:00:00,DEV_009,96
DEV_009_2024-10-19 22:00:00,2024-10-19 22:00:00,DEV_009,61
DEV_009_2024-10-19 23:00:00,2024-10-19 23:00:00,DEV_009,84
DEV_009_2024-10-20 00:00:00,2024-10-20 00:00:00,DEV_009,50
DEV_009_2024-10-20 01:00:00,2024-10-20 01:00:00,DEV_009,20
DEV_009_2024-10-20 02:00:00,2024-10-20 02:00:00,DEV_009,44
DEV_009_2024-10-20 03:00:00,2024-10-20 03:00:00,DEV_009,42
DEV_009_2024-10-20 04:00:00,2024-10-20 04:00:00,DEV_009,67
DEV_009_2024-10-20 05:00:00,2024-10-20 05:00:00,DEV_009,35
DEV_009_2024-10-20 06:00:00,2024-10-20 06:00:00,DEV_009,73
DEV_009_2024-10-20 07:00:00,2024-10-20 07:00:00,DEV_009,13
DEV_009_2024-10-20 08:00:00,2024-10-20 08:00:00,DEV_009,35
DEV_009_2024-10-20 09:00:00,2024-10-20 09:00:00,DEV_009,76
DEV_009_2024-10-20 10:00:00,2024-10-20 10:00:00,DEV_009,46
DEV_009_2024-10-20 11:00:00,2024-10-20 11:00:00,DEV_009,94
DEV_009_2024-10-20 12:00:00,2024-10-20 12:00:00,DEV_009,50
DEV_009_2024-10-20 13:00:00,2024-10-20 13:00:00,DEV_009,39
DEV_009_2024-10-20 14:00:00,2024-10-20 14:00:00,DEV_009,44
DEV_009_2024-10-20 15:00:00,2024-10-20 15:00:00,DEV_009,13
DEV_009_2024-10-20 16:00:00,2024-10-20 16:00:00,DEV_009,84
DEV_009_2024-10-20 17:00:00,2024-10-20 17:00:00,DEV_009,33
DEV_009_2024-10-20 18:00:00,2024-10-20 18:00:00,DEV_009,76
DEV_009_2024-10-20 19:00:00,2024-10-20 19:00:00,DEV_009,13
DEV_009_2024-10-20 20:00:00,2024-10-20 20:00:00,DEV_009,94
DEV_009_2024-10-20 21:00:00,2024-10-20 21:00:00,DEV_009,79
DEV_009_2024-10-20 22:00:00,2024-10-20 22:00:00,DEV_009,1
DEV_009_2024-10-20 23:00:00,2024-10-20 23:00:00,DEV_009,25
DEV_009_2024-10-21 00:00:00,2024-10-21 00:00:00,DEV_009,70
DEV_009_2024-10-21 01:00:00,2024-10-21 01:00:00,DEV_009,46
DEV_009_2024-10-21 02:00:00,2024-10-21 02:00:00,DEV_009,11
DEV_009_2024-10-21 03:00:00,2024-10-21 03:00:00,DEV_009,62
DEV_009_2024-10-21 04:00:00,2024-10-21 04:00:00,DEV_009,56
DEV_009_2024-10-21 05:00:00,2024-10-21 05:00:00,DEV_009,59
DEV_009_2024-10-21 06:00:00,2024-10-21 06:00:00,DEV_009,71
DEV_009_2024-10-21 07:00:00,2024-10-21 07:00:00,DEV_009,51
DEV_009_2024-10-21 08:00:00,2024-10-21 08:00:00,DEV_009,17
DEV_009_2024-10-21 09:00:00,2024-10-21 09:00:00,DEV_009,3
DEV_009_2024-10-21 10:00:00,2024-10-21 10:00:00,DEV_009,47
DEV_009_2024-10-21 11:00:00,2024-10-21 11:00:00,DEV_009,33
DEV_009_2024-10-21 12:00:00,2024-10-21 12:00:00,DEV_009,92
DEV_009_2024-10-21 13:00:00,2024-10-21 13:00:00,DEV_009,34
DEV_009_2024-10-21 14:00:00,2024-10-21 14:00:00,DEV_009,26
DEV_009_2024-10-21 15:00:00,2024-10-21 15:00:00,DEV_009,18
DEV_009_2024-10-21 16:00:00,2024-10-21 16:00:00,DEV_009,4
DEV_009_2024-10-21 17:00:00,2024-10-21 17:00:00,DEV_009,99
DEV_009_2024-10-21 18:00:00,2024-10-21 18:00:00,DEV_009,25
DEV_009_2024-10-21 19:00:00,2024-10-21 19:00:00,DEV_009,1
DEV_009_2024-10-21 20:00:00,2024-10-21 20:00:00,DEV_009,33
DEV_009_2024-10-21 21:00:00,2024-10-21 21:00:00,DEV_009,3
DEV_009_2024-10-21 22:00:00,2024-10-21 22:00:00,DEV_009,40
DEV_009_2024-10-21 23:00:00,2024-10-21 23:00:00,DEV_009,59
DEV_009_2024-10-22 00:00:00,2024-10-22 00:00:00,DEV_009,24
DEV_009_2024-10-22 01:00:00,2024-10-22 01:00:00,DEV_009,54
DEV_009_2024-10-22 02:00:00,2024-10-22 02:00:00,DEV_009,23
DEV_009_2024-10-22 03:00:00,2024-10-22 03:00:00,DEV_009,54
DEV_009_2024-10-22 04:00:00,2024-10-22 04:00:00,DEV_009,70
DEV_009_2024-10-22 05:00:00,2024-10-22 05:00:00,DEV_009,73
DEV_009_2024-10-22 06:00:00,2024-10-22 06:00:00,DEV_009,17
DEV_009_2024-10-22 07:00:00,2024-10-22 07:00:00,DEV_009,80
DEV_009_2024-10-22 08:00:00,2024-10-22 08:00:00,DEV_009,75
DEV_009_2024-10-22 09:00:00,2024-10-22 09:00:00,DEV_009,54
DEV_009_2024-10-22 10:00:00,2024-10-22 10:00:00,DEV_009,80
DEV_009_2024-10-22 11:00:00,2024-10-22 11:00:00,DEV_009,91
DEV_009_2024-10-22 12:00:00,2024-10-22 12:00:00,DEV_009,28
DEV_009_2024-10-22 13:00:00,2024-10-22 13:00:00,DEV_009,59
DEV_009_2024-10-22 14:00:00,2024-10-22 14:00:00,DEV_009,45
DEV_009_2024-10-22 15:00:00,2024-10-22 15:00:00,DEV_009,62
DEV_009_2024-10-22 16:00:00,2024-10-22 16:00:00,DEV_009,28
DEV_009_2024-10-22 17:00:00,2024-10-22 17:00:00,DEV_009,2
DEV_009_2024-10-22 18:00:00,2024-10-22 18:00:00,DEV_009,99
DEV_009_2024-10-22 19:00:00,2024-10-22 19:00:00,DEV_009,88
DEV_009_2024-10-22 20:00:00,2024-10-22 20:00:00,DEV_009,17
DEV_009_2024-10-22 21:00:00,2024-10-22 21:00:00,DEV_009,17
DEV_009_2024-10-22 22:00:00,2024-10-22 22:00:00,DEV_009,34
DEV_009_2024-10-22 23:00:00,2024-10-22 23:00:00,DEV_009,58
DEV_009_2024-10-23 00:00:00,2024-10-23 00:00:00,DEV_009,25
DEV_009_2024-10-23 01:00:00,2024-10-23 01:00:00,DEV_009,67
DEV_009_2024-10-23 02:00:00,2024-10-23 02:00:00,DEV_009,33
DEV_009_2024-10-23 03:00:00,2024-10-23 03:00:00,DEV_009,76
DEV_009_2024-10-23 04:00:00,2024-10-23 04:00:00,DEV_009,27
DEV_009_2024-10-23 05:00:00,2024-10-23 05:00:00,DEV_009,47
DEV_009_2024-10-23 06:00:00,2024-10-23 06:00:00,DEV_009,15
DEV_009_2024-10-23 07:00:00,2024-10-23 07:00:00,DEV_009,45
DEV_009_2024-10-23 08:00:00,2024-10-23 08:00:00,DEV_009,63
DEV_009_2024-10-23 09:00:00,2024-10-23 09:00:00,DEV_009,80
DEV_009_2024-10-23 10:00:00,2024-10-23 10:00:00,DEV_009,14
DEV_009_2024-10-23 11:00:00,2024-10-23 11:00:00,DEV_009,36
DEV_009_2024-10-23 12:00:00,2024-10-23 12:00:00,DEV_009,38
DEV_009_2024-10-23 13:00:00,2024-10-23 13:00:00,DEV_009,26
DEV_009_2024-10-23 14:00:00,2024-10-23 14:00:00,DEV_009,52
DEV_009_2024-10-23 15:00:00,2024-10-23 15:00:00,DEV_009,82
DEV_009_2024-10-23 16:00:00,2024-10-23 16:00:00,DEV_009,92
DEV_009_2024-10-23 17:00:00,2024-10-23 17:00:00,DEV_009,17
DEV_009_2024-10-23 18:00:00,2024-10-23 18:00:00,DEV_009,50
DEV_009_2024-10-23 19:00:00,2024-10-23 19:00:00,DEV_009,49
DEV_009_2024-10-23 20:00:00,2024-10-23 20:00:00,DEV_009,65
DEV_009_2024-10-23 21:00:00,2024-10-23 21:00:00,DEV_009,92
DEV_009_2024-10-23 22:00:00,2024-10-23 22:00:00,DEV_009,83
DEV_009_2024-10-23 23:00:00,2024-10-23 23:00:00,DEV_009,95
DEV_009_2024-10-24 00:00:00,2024-10-24 00:00:00,DEV_009,71
DEV_009_2024-10-24 01:00:00,2024-10-24 01:00:00,DEV_009,23
DEV_009_2024-10-24 02:00:00,2024-10-24 02:00:00,DEV_009,17
DEV_009_2024-10-24 03:00:00,2024-10-24 03:00:00,DEV_009,75
DEV_009_2024-10-24 04:00:00,2024-10-24 04:00:00,DEV_009,56
DEV_009_2024-10-24 05:00:00,2024-10-24 05:00:00,DEV_009,3
DEV_009_2024-10-24 06:00:00,2024-10-24 06:00:00,DEV_009,7
DEV_009_2024-10-24 07:00:00,2024-10-24 07:00:00,DEV_009,65
DEV_009_2024-10-24 08:00:00,2024-10-24 08:00:00,DEV_009,96
DEV_009_2024-10-24 09:00:00,2024-10-24 09:00:00,DEV_009,30
DEV_009_2024-10-24 10:00:00,2024-10-24 10:00:00,DEV_009,49
DEV_009_2024-10-24 11:00:00,2024-10-24 11:00:00,DEV_009,13
DEV_009_2024-10-24 12:00:00,2024-10-24 12:00:00,DEV_009,53
DEV_009_2024-10-24 13:00:00,2024-10-24 13:00:00,DEV_009,99
DEV_009_2024-10-24 14:00:00,2024-10-24 14:00:00,DEV_009,16
DEV_009_2024-10-24 15:00:00,2024-10-24 15:00:00,DEV_009,91
DEV_009_2024-10-24 16:00:00,2024-10-24 16:00:00,DEV_009,44
DEV_009_2024-10-24 17:00:00,2024-10-24 17:00:00,DEV_009,34
DEV_009_2024-10-24 18:00:00,2024-10-24 18:00:00,DEV_009,31
DEV_009_2024-10-24 19:00:00,2024-10-24 19:00:00,DEV_009,90
DEV_009_2024-10-24 20:00:00,2024-10-24 20:00:00,DEV_009,26
DEV_009_2024-10-24 21:00:00,2024-10-24 21:00:00,DEV_009,8
DEV_009_2024-10-24 22:00:00,2024-10-24 22:00:00,DEV_009,93
DEV_009_2024-10-24 23:00:00,2024-10-24 23:00:00,DEV_009,26
DEV_009_2024-10-25 00:00:00,2024-10-25 00:00:00,DEV_009,64
DEV_009_2024-10-25 01:00:00,2024-10-25 01:00:00,DEV_009,67
DEV_009_2024-10-25 02:00:00,2024-10-25 02:00:00,DEV_009,58
DEV_009_2024-10-25 03:00:00,2024-10-25 03:00:00,DEV_009,16
DEV_009_2024-10-25 04:00:00,2024-10-25 04:00:00,DEV_009,6
DEV_009_2024-10-25 05:00:00,2024-10-25 05:00:00,DEV_009,67
DEV_009_2024-10-25 06:00:00,2024-10-25 06:00:00,DEV_009,37
DEV_009_2024-10-25 07:00:00,2024-10-25 07:00:00,DEV_009,39
DEV_009_2024-10-25 08:00:00,2024-10-25 08:00:00,DEV_009,45
DEV_009_2024-10-25 09:00:00,2024-10-25 09:00:00,DEV_009,85
DEV_009_2024-10-25 10:00:00,2024-10-25 10:00:00,DEV_009,65
DEV_009_2024-10-25 11:00:00,2024-10-25 11:00:00,DEV_009,48
DEV_009_2024-10-25 12:00:00,2024-10-25 12:00:00,DEV_009,38
DEV_009_2024-10-25 13:00:00,2024-10-25 13:00:00,DEV_009,66
DEV_009_2024-10-25 14:00:00,2024-10-25 14:00:00,DEV_009,65
DEV_009_2024-10-25 15:00:00,2024-10-25 15:00:00,DEV_009,39
DEV_009_2024-10-25 16:00:00,2024-10-25 16:00:00,DEV_009,98
DEV_009_2024-10-25 17:00:00,2024-10-25 17:00:00,DEV_009,35
DEV_009_2024-10-25 18:00:00,2024-10-25 18:00:00,DEV_009,74
DEV_009_2024-10-25 19:00:00,2024-10-25 19:00:00,DEV_009,15
DEV_009_2024-10-25 20:00:00,2024-10-25 20:00:00,DEV_009,15
DEV_009_2024-10-25 21:00:00,2024-10-25 21:00:00,DEV_009,22
DEV_009_2024-10-25 22:00:00,2024-10-25 22:00:00,DEV_009,56
DEV_009_2024-10-25 23:00:00,2024-10-25 23:00:00,DEV_009,86
DEV_009_2024-10-26 00:00:00,2024-10-26 00:00:00,DEV_009,69
DEV_009_2024-10-26 01:00:00,2024-10-26 01:00:00,DEV_009,48
DEV_009_2024-10-26 02:00:00,2024-10-26 02:00:00,DEV_009,1
DEV_009_2024-10-26 03:00:00,2024-10-26 03:00:00,DEV_009,44
DEV_009_2024-10-26 04:00:00,2024-10-26 04:00:00,DEV_009,68
DEV_009_2024-10-26 05:00:00,2024-10-26 05:00:00,DEV_009,95
DEV_009_2024-10-26 06:00:00,2024-10-26 06:00:00,DEV_009,80
DEV_009_2024-10-26 07:00:00,2024-10-26 07:00:00,DEV_009,67
DEV_009_2024-10-26 08:00:00,2024-10-26 08:00:00,DEV_009,1
DEV_009_2024-10-26 09:00:00,2024-10-26 09:00:00,DEV_009,34
DEV_009_2024-10-26 10:00:00,2024-10-26 10:00:00,DEV_009,33
DEV_009_2024-10-26 11:00:00,2024-10-26 11:00:00,DEV_009,40
DEV_009_2024-10-26 12:00:00,2024-10-26 12:00:00,DEV_009,77
DEV_009_2024-10-26 13:00:00,2024-10-26 13:00:00,DEV_009,9
DEV_009_2024-10-26 14:00:00,2024-10-26 14:00:00,DEV_009,50
DEV_009_2024-10-26 15:00:00,2024-10-26 15:00:00,DEV_009,83
DEV_009_2024-10-26 16:00:00,2024-10-26 16:00:00,DEV_009,85
DEV_009_2024-10-26 17:00:00,2024-10-26 17:00:00,DEV_009,63
DEV_009_2024-10-26 18:00:00,2024-10-26 18:00:00,DEV_009,7
DEV_009_2024-10-26 19:00:00,2024-10-26 19:00:00,DEV_009,2
DEV_009_2024-10-26 20:00:00,2024-10-26 20:00:00,DEV_009,40
DEV_009_2024-10-26 21:00:00,2024-10-26 21:00:00,DEV_009,54
DEV_009_2024-10-26 22:00:00,2024-10-26 22:00:00,DEV_009,88
DEV_009_2024-10-26 23:00:00,2024-10-26 23:00:00,DEV_009,87
DEV_009_2024-10-27 00:00:00,2024-10-27 00:00:00,DEV_009,4
DEV_009_2024-10-27 01:00:00,2024-10-27 01:00:00,DEV_009,13
DEV_009_2024-10-27 02:00:00,2024-10-27 02:00:00,DEV_009,13
DEV_009_2024-10-27 03:00:00,2024-10-27 03:00:00,DEV_009,52
DEV_009_2024-10-27 04:00:00,2024-10-27 04:00:00,DEV_009,90
DEV_009_2024-10-27 05:00:00,2024-10-27 05:00:00,DEV_009,94
DEV_009_2024-10-27 06:00:00,2024-10-27 06:00:00,DEV_009,76
DEV_009_2024-10-27 07:00:00,2024-10-27 07:00:00,DEV_009,26
DEV_009_2024-10-27 08:00:00,2024-10-27 08:00:00,DEV_009,41
DEV_009_2024-10-27 09:00:00,2024-10-27 09:00:00,DEV_009,70
DEV_009_2024-10-27 10:00:00,2024-10-27 10:00:00,DEV_009,6
DEV_009_2024-10-27 11:00:00,2024-10-27 11:00:00,DEV_009,70
DEV_009_2024-10-27 12:00:00,2024-10-27 12:00:00,DEV_009,63
DEV_009_2024-10-27 13:00:00,2024-10-27 13:00:00,DEV_009,92
DEV_009_2024-10-27 14:00:00,2024-10-27 14:00:00,DEV_009,31
DEV_009_2024-10-27 15:00:00,2024-10-27 15:00:00,DEV_009,4
DEV_009_2024-10-27 16:00:00,2024-10-27 16:00:00,DEV_009,82
DEV_009_2024-10-27 17:00:00,2024-10-27 17:00:00,DEV_009,55
DEV_009_2024-10-27 18:00:00,2024-10-27 18:00:00,DEV_009,55
DEV_009_2024-10-27 19:00:00,2024-10-27 19:00:00,DEV_009,39
DEV_009_2024-10-27 20:00:00,2024-10-27 20:00:00,DEV_009,45
DEV_009_2024-10-27 21:00:00,2024-10-27 21:00:00,DEV_009,75
DEV_009_2024-10-27 22:00:00,2024-10-27 22:00:00,DEV_009,17
DEV_009_2024-10-27 23:00:00,2024-10-27 23:00:00,DEV_009,18
DEV_009_2024-10-28 00:00:00,2024-10-28 00:00:00,DEV_009,50
DEV_009_2024-10-28 01:00:00,2024-10-28 01:00:00,DEV_009,98
DEV_009_2024-10-28 02:00:00,2024-10-28 02:00:00,DEV_009,71
DEV_009_2024-10-28 03:00:00,2024-10-28 03:00:00,DEV_009,43
DEV_009_2024-10-28 04:00:00,2024-10-28 04:00:00,DEV_009,11
DEV_009_2024-10-28 05:00:00,2024-10-28 05:00:00,DEV_009,31
DEV_009_2024-10-28 06:00:00,2024-10-28 06:00:00,DEV_009,11
DEV_009_2024-10-28 07:00:00,2024-10-28 07:00:00,DEV_009,47
DEV_009_2024-10-28 08:00:00,2024-10-28 08:00:00,DEV_009,62
DEV_009_2024-10-28 09:00:00,2024-10-28 09:00:00,DEV_009,75
DEV_009_2024-10-28 10:00:00,2024-10-28 10:00:00,DEV_009,84
DEV_009_2024-10-28 11:00:00,2024-10-28 11:00:00,DEV_009,24
DEV_009_2024-10-28 12:00:00,2024-10-28 12:00:00,DEV_009,86
DEV_009_2024-10-28 13:00:00,2024-10-28 13:00:00,DEV_009,76
DEV_009_2024-10-28 14:00:00,2024-10-28 14:00:00,DEV_009,48
DEV_009_2024-10-28 15:00:00,2024-10-28 15:00:00,DEV_009,28
DEV_009_2024-10-28 16:00:00,2024-10-28 16:00:00,DEV_009,8
DEV_009_2024-10-28 17:00:00,2024-10-28 17:00:00,DEV_009,99
DEV_009_2024-10-28 18:00:00,2024-10-28 18:00:00,DEV_009,88
DEV_009_2024-10-28 19:00:00,2024-10-28 19:00:00,DEV_009,31
DEV_009_2024-10-28 20:00:00,2024-10-28 20:00:00,DEV_009,78
DEV_009_2024-10-28 21:00:00,2024-10-28 21:00:00,DEV_009,22
DEV_009_2024-10-28 22:00:00,2024-10-28 22:00:00,DEV_009,28
DEV_009_2024-10-28 23:00:00,2024-10-28 23:00:00,DEV_009,84
DEV_009_2024-10-29 00:00:00,2024-10-29 00:00:00,DEV_009,54
DEV_009_2024-10-29 01:00:00,2024-10-29 01:00:00,DEV_009,31
DEV_009_2024-10-29 02:00:00,2024-10-29 02:00:00,DEV_009,25
DEV_009_2024-10-29 03:00:00,2024-10-29 03:00:00,DEV_009,68
DEV_009_2024-10-29 04:00:00,2024-10-29 04:00:00,DEV_009,97
DEV_009_2024-10-29 05:00:00,2024-10-29 05:00:00,DEV_009,91
DEV_009_2024-10-29 06:00:00,2024-10-29 06:00:00,DEV_009,99
DEV_009_2024-10-29 07:00:00,2024-10-29 07:00:00,DEV_009,82
DEV_009_2024-10-29 08:00:00,2024-10-29 08:00:00,DEV_009,97
DEV_009_2024-10-29 09:00:00,2024-10-29 09:00:00,DEV_009,31
DEV_009_2024-10-29 10:00:00,2024-10-29 10:00:00,DEV_009,93
DEV_009_2024-10-29 11:00:00,2024-10-29 11:00:00,DEV_009,93
DEV_009_2024-10-29 12:00:00,2024-10-29 12:00:00,DEV_009,99
DEV_009_2024-10-29 13:00:00,2024-10-29 13:00:00,DEV_009,19
DEV_009_2024-10-29 14:00:00,2024-10-29 14:00:00,DEV_009,39
DEV_009_2024-10-29 15:00:00,2024-10-29 15:00:00,DEV_009,49
DEV_009_2024-10-29 16:00:00,2024-10-29 16:00:00,DEV_009,1
DEV_009_2024-10-29 17:00:00,2024-10-29 17:00:00,DEV_009,15
DEV_009_2024-10-29 18:00:00,2024-10-29 18:00:00,DEV_009,33
DEV_009_2024-10-29 19:00:00,2024-10-29 19:00:00,DEV_009,80
DEV_009_2024-10-29 20:00:00,2024-10-29 20:00:00,DEV_009,13
DEV_009_2024-10-29 21:00:00,2024-10-29 21:00:00,DEV_009,93
DEV_009_2024-10-29 22:00:00,2024-10-29 22:00:00,DEV_009,84
DEV_009_2024-10-29 23:00:00,2024-10-29 23:00:00,DEV_009,24
DEV_009_2024-10-30 00:00:00,2024-10-30 00:00:00,DEV_009,10
DEV_009_2024-10-30 01:00:00,2024-10-30 01:00:00,DEV_009,50
DEV_009_2024-10-30 02:00:00,2024-10-30 02:00:00,DEV_009,85
DEV_009_2024-10-30 03:00:00,2024-10-30 03:00:00,DEV_009,86
DEV_009_2024-10-30 04:00:00,2024-10-30 04:00:00,DEV_009,23
DEV_009_2024-10-30 05:00:00,2024-10-30 05:00:00,DEV_009,90
DEV_009_2024-10-30 06:00:00,2024-10-30 06:00:00,DEV_009,33
DEV_009_2024-10-30 07:00:00,2024-10-30 07:00:00,DEV_009,93
DEV_009_2024-10-30 08:00:00,2024-10-30 08:00:00,DEV_009,28
DEV_009_2024-10-30 09:00:00,2024-10-30 09:00:00,DEV_009,60
DEV_009_2024-10-30 10:00:00,2024-10-30 10:00:00,DEV_009,83
DEV_009_2024-10-30 11:00:00,2024-10-30 11:00:00,DEV_009,57
DEV_009_2024-10-30 12:00:00,2024-10-30 12:00:00,DEV_009,88
DEV_009_2024-10-30 13:00:00,2024-10-30 13:00:00,DEV_009,46
DEV_009_2024-10-30 14:00:00,2024-10-30 14:00:00,DEV_009,86
DEV_009_2024-10-30 15:00:00,2024-10-30 15:00:00,DEV_009,13
DEV_009_2024-10-30 16:00:00,2024-10-30 16:00:00,DEV_009,40
DEV_009_2024-10-30 17:00:00,2024-10-30 17:00:00,DEV_009,53
DEV_009_2024-10-30 18:00:00,2024-10-30 18:00:00,DEV_009,39
DEV_009_2024-10-30 19:00:00,2024-10-30 19:00:00,DEV_009,66
DEV_009_2024-10-30 20:00:00,2024-10-30 20:00:00,DEV_009,52
DEV_009_2024-10-30 21:00:00,2024-10-30 21:00:00,DEV_009,3
DEV_009_2024-10-30 22:00:00,2024-10-30 22:00:00,DEV_009,74
DEV_009_2024-10-30 23:00:00,2024-10-30 23:00:00,DEV_009,75
DEV_009_2024-10-31 00:00:00,2024-10-31 00:00:00,DEV_009,74
DEV_009_2024-10-31 01:00:00,2024-10-31 01:00:00,DEV_009,5
DEV_009_2024-10-31 02:00:00,2024-10-31 02:00:00,DEV_009,77
DEV_009_2024-10-31 03:00:00,2024-10-31 03:00:00,DEV_009,22
DEV_009_2024-10-31 04:00:00,2024-10-31 04:00:00,DEV_009,15
DEV_009_2024-10-31 05:00:00,2024-10-31 05:00:00,DEV_009,90
DEV_009_2024-10-31 06:00:00,2024-10-31 06:00:00,DEV_009,20
DEV_009_2024-10-31 07:00:00,2024-10-31 07:00:00,DEV_009,63
DEV_009_2024-10-31 08:00:00,2024-10-31 08:00:00,DEV_009,70
DEV_009_2024-10-31 09:00:00,2024-10-31 09:00:00,DEV_009,57
DEV_009_2024-10-31 10:00:00,2024-10-31 10:00:00,DEV_009,85
DEV_009_2024-10-31 11:00:00,2024-10-31 11:00:00,DEV_009,4
DEV_009_2024-10-31 12:00:00,2024-10-31 12:00:00,DEV_009,4
DEV_009_2024-10-31 13:00:00,2024-10-31 13:00:00,DEV_009,44
DEV_009_2024-10-31 14:00:00,2024-10-31 14:00:00,DEV_009,19
DEV_009_2024-10-31 15:00:00,2024-10-31 15:00:00,DEV_009,76
DEV_009_2024-10-31 16:00:00,2024-10-31 16:00:00,DEV_009,57
DEV_009_2024-10-31 17:00:00,2024-10-31 17:00:00,DEV_009,46
DEV_009_2024-10-31 18:00:00,2024-10-31 18:00:00,DEV_009,33
DEV_009_2024-10-31 19:00:00,2024-10-31 19:00:00,DEV_009,70
DEV_009_2024-10-31 20:00:00,2024-10-31 20:00:00,DEV_009,5
DEV_009_2024-10-31 21:00:00,2024-10-31 21:00:00,DEV_009,69
DEV_009_2024-10-31 22:00:00,2024-10-31 22:00:00,DEV_009,60
DEV_009_2024-10-31 23:00:00,2024-10-31 23:00:00,DEV_009,24
DEV_009_2024-11-01 00:00:00,2024-11-01 00:00:00,DEV_009,27
DEV_009_2024-11-01 01:00:00,2024-11-01 01:00:00,DEV_009,52
DEV_009_2024-11-01 02:00:00,2024-11-01 02:00:00,DEV_009,70
DEV_009_2024-11-01 03:00:00,2024-11-01 03:00:00,DEV_009,44
DEV_009_2024-11-01 04:00:00,2024-11-01 04:00:00,DEV_009,66
DEV_009_2024-11-01 05:00:00,2024-11-01 05:00:00,DEV_009,50
DEV_009_2024-11-01 06:00:00,2024-11-01 06:00:00,DEV_009,57
DEV_009_2024-11-01 07:00:00,2024-11-01 07:00:00,DEV_009,63
DEV_009_2024-11-01 08:00:00,2024-11-01 08:00:00,DEV_009,37
DEV_009_2024-11-01 09:00:00,2024-11-01 09:00:00,DEV_009,96
DEV_009_2024-11-01 10:00:00,2024-11-01 10:00:00,DEV_009,84
DEV_009_2024-11-01 11:00:00,2024-11-01 11:00:00,DEV_009,92
DEV_009_2024-11-01 12:00:00,2024-11-01 12:00:00,DEV_009,75
DEV_009_2024-11-01 13:00:00,2024-11-01 13:00:00,DEV_009,99
DEV_009_2024-11-01 14:00:00,2024-11-01 14:00:00,DEV_009,77
DEV_009_2024-11-01 15:00:00,2024-11-01 15:00:00,DEV_009,96
DEV_009_2024-11-01 16:00:00,2024-11-01 16:00:00,DEV_009,97
DEV_009_2024-11-01 17:00:00,2024-11-01 17:00:00,DEV_009,87
DEV_009_2024-11-01 18:00:00,2024-11-01 18:00:00,DEV_009,78
DEV_009_2024-11-01 19:00:00,2024-11-01 19:00:00,DEV_009,48
DEV_009_2024-11-01 20:00:00,2024-11-01 20:00:00,DEV_009,11
DEV_009_2024-11-01 21:00:00,2024-11-01 21:00:00,DEV_009,72
DEV_009_2024-11-01 22:00:00,2024-11-01 22:00:00,DEV_009,84
DEV_009_2024-11-01 23:00:00,2024-11-01 23:00:00,DEV_009,84
DEV_009_2024-11-02 00:00:00,2024-11-02 00:00:00,DEV_009,7
DEV_009_2024-11-02 01:00:00,2024-11-02 01:00:00,DEV_009,63
DEV_009_2024-11-02 02:00:00,2024-11-02 02:00:00,DEV_009,84
DEV_009_2024-11-02 03:00:00,2024-11-02 03:00:00,DEV_009,89
DEV_009_2024-11-02 04:00:00,2024-11-02 04:00:00,DEV_009,90
DEV_009_2024-11-02 05:00:00,2024-11-02 05:00:00,DEV_009,86
DEV_009_2024-11-02 06:00:00,2024-11-02 06:00:00,DEV_009,2
DEV_009_2024-11-02 07:00:00,2024-11-02 07:00:00,DEV_009,41
DEV_009_2024-11-02 08:00:00,2024-11-02 08:00:00,DEV_009,44
DEV_009_2024-11-02 09:00:00,2024-11-02 09:00:00,DEV_009,80
DEV_009_2024-11-02 10:00:00,2024-11-02 10:00:00,DEV_009,74
DEV_009_2024-11-02 11:00:00,2024-11-02 11:00:00,DEV_009,79
DEV_009_2024-11-02 12:00:00,2024-11-02 12:00:00,DEV_009,93
DEV_009_2024-11-02 13:00:00,2024-11-02 13:00:00,DEV_009,39
DEV_009_2024-11-02 14:00:00,2024-11-02 14:00:00,DEV_009,75
DEV_009_2024-11-02 15:00:00,2024-11-02 15:00:00,DEV_009,84
DEV_009_2024-11-02 16:00:00,2024-11-02 16:00:00,DEV_009,42
DEV_009_2024-11-02 17:00:00,2024-11-02 17:00:00,DEV_009,27
DEV_009_2024-11-02 18:00:00,2024-11-02 18:00:00,DEV_009,98
DEV_009_2024-11-02 19:00:00,2024-11-02 19:00:00,DEV_009,96
DEV_009_2024-11-02 20:00:00,2024-11-02 20:00:00,DEV_009,71
DEV_009_2024-11-02 21:00:00,2024-11-02 21:00:00,DEV_009,72
DEV_009_2024-11-02 22:00:00,2024-11-02 22:00:00,DEV_009,91
DEV_009_2024-11-02 23:00:00,2024-11-02 23:00:00,DEV_009,41
DEV_009_2024-11-03 00:00:00,2024-11-03 00:00:00,DEV_009,28
DEV_009_2024-11-03 01:00:00,2024-11-03 01:00:00,DEV_009,20
DEV_009_2024-11-03 02:00:00,2024-11-03 02:00:00,DEV_009,33
DEV_009_2024-11-03 03:00:00,2024-11-03 03:00:00,DEV_009,22
DEV_009_2024-11-03 04:00:00,2024-11-03 04:00:00,DEV_009,64
DEV_009_2024-11-03 05:00:00,2024-11-03 05:00:00,DEV_009,35
DEV_009_2024-11-03 06:00:00,2024-11-03 06:00:00,DEV_009,11
DEV_009_2024-11-03 07:00:00,2024-11-03 07:00:00,DEV_009,22
DEV_009_2024-11-03 08:00:00,2024-11-03 08:00:00,DEV_009,49
DEV_009_2024-11-03 09:00:00,2024-11-03 09:00:00,DEV_009,2
DEV_009_2024-11-03 10:00:00,2024-11-03 10:00:00,DEV_009,4
DEV_009_2024-11-03 11:00:00,2024-11-03 11:00:00,DEV_009,17
DEV_009_2024-11-03 12:00:00,2024-11-03 12:00:00,DEV_009,43
DEV_009_2024-11-03 13:00:00,2024-11-03 13:00:00,DEV_009,75
DEV_009_2024-11-03 14:00:00,2024-11-03 14:00:00,DEV_009,15
DEV_009_2024-11-03 15:00:00,2024-11-03 15:00:00,DEV_009,71
DEV_009_2024-11-03 16:00:00,2024-11-03 16:00:00,DEV_009,13
DEV_009_2024-11-03 17:00:00,2024-11-03 17:00:00,DEV_009,18
DEV_009_2024-11-03 18:00:00,2024-11-03 18:00:00,DEV_009,74
DEV_009_2024-11-03 19:00:00,2024-11-03 19:00:00,DEV_009,3
DEV_009_2024-11-03 20:00:00,2024-11-03 20:00:00,DEV_009,17
DEV_009_2024-11-03 21:00:00,2024-11-03 21:00:00,DEV_009,36
DEV_009_2024-11-03 22:00:00,2024-11-03 22:00:00,DEV_009,10
DEV_009_2024-11-03 23:00:00,2024-11-03 23:00:00,DEV_009,72
DEV_009_2024-11-04 00:00:00,2024-11-04 00:00:00,DEV_009,37
DEV_009_2024-11-04 01:00:00,2024-11-04 01:00:00,DEV_009,83
DEV_009_2024-11-04 02:00:00,2024-11-04 02:00:00,DEV_009,75
DEV_009_2024-11-04 03:00:00,2024-11-04 03:00:00,DEV_009,91
DEV_009_2024-11-04 04:00:00,2024-11-04 04:00:00,DEV_009,26
DEV_009_2024-11-04 05:00:00,2024-11-04 05:00:00,DEV_009,39
DEV_009_2024-11-04 06:00:00,2024-11-04 06:00:00,DEV_009,67
DEV_009_2024-11-04 07:00:00,2024-11-04 07:00:00,DEV_009,6
DEV_009_2024-11-04 08:00:00,2024-11-04 08:00:00,DEV_009,51
DEV_009_2024-11-04 09:00:00,2024-11-04 09:00:00,DEV_009,15
DEV_009_2024-11-04 10:00:00,2024-11-04 10:00:00,DEV_009,86
DEV_009_2024-11-04 11:00:00,2024-11-04 11:00:00,DEV_009,30
DEV_009_2024-11-04 12:00:00,2024-11-04 12:00:00,DEV_009,56
DEV_009_2024-11-04 13:00:00,2024-11-04 13:00:00,DEV_009,61
DEV_009_2024-11-04 14:00:00,2024-11-04 14:00:00,DEV_009,81
DEV_009_2024-11-04 15:00:00,2024-11-04 15:00:00,DEV_009,75
DEV_009_2024-11-04 16:00:00,2024-11-04 16:00:00,DEV_009,24
DEV_009_2024-11-04 17:00:00,2024-11-04 17:00:00,DEV_009,67
DEV_009_2024-11-04 18:00:00,2024-11-04 18:00:00,DEV_009,44
DEV_009_2024-11-04 19:00:00,2024-11-04 19:00:00,DEV_009,38
DEV_009_2024-11-04 20:00:00,2024-11-04 20:00:00,DEV_009,40
DEV_009_2024-11-04 21:00:00,2024-11-04 21:00:00,DEV_009,88
DEV_009_2024-11-04 22:00:00,2024-11-04 22:00:00,DEV_009,24
DEV_009_2024-11-04 23:00:00,2024-11-04 23:00:00,DEV_009,51
DEV_009_2024-11-05 00:00:00,2024-11-05 00:00:00,DEV_009,13
DEV_009_2024-11-05 01:00:00,2024-11-05 01:00:00,DEV_009,39
DEV_009_2024-11-05 02:00:00,2024-11-05 02:00:00,DEV_009,29
DEV_009_2024-11-05 03:00:00,2024-11-05 03:00:00,DEV_009,72
DEV_009_2024-11-05 04:00:00,2024-11-05 04:00:00,DEV_009,72
DEV_009_2024-11-05 05:00:00,2024-11-05 05:00:00,DEV_009,72
DEV_009_2024-11-05 06:00:00,2024-11-05 06:00:00,DEV_009,49
DEV_009_2024-11-05 07:00:00,2024-11-05 07:00:00,DEV_009,21
DEV_009_2024-11-05 08:00:00,2024-11-05 08:00:00,DEV_009,95
DEV_009_2024-11-05 09:00:00,2024-11-05 09:00:00,DEV_009,64
DEV_009_2024-11-05 10:00:00,2024-11-05 10:00:00,DEV_009,98
DEV_009_2024-11-05 11:00:00,2024-11-05 11:00:00,DEV_009,94
DEV_009_2024-11-05 12:00:00,2024-11-05 12:00:00,DEV_009,57
DEV_009_2024-11-05 13:00:00,2024-11-05 13:00:00,DEV_009,71
DEV_009_2024-11-05 14:00:00,2024-11-05 14:00:00,DEV_009,47
DEV_009_2024-11-05 15:00:00,2024-11-05 15:00:00,DEV_009,98
DEV_009_2024-11-05 16:00:00,2024-11-05 16:00:00,DEV_009,46
DEV_009_2024-11-05 17:00:00,2024-11-05 17:00:00,DEV_009,58
DEV_009_2024-11-05 18:00:00,2024-11-05 18:00:00,DEV_009,17
DEV_009_2024-11-05 19:00:00,2024-11-05 19:00:00,DEV_009,2
DEV_009_2024-11-05 20:00:00,2024-11-05 20:00:00,DEV_009,52
DEV_009_2024-11-05 21:00:00,2024-11-05 21:00:00,DEV_009,85
DEV_009_2024-11-05 22:00:00,2024-11-05 22:00:00,DEV_009,87
DEV_009_2024-11-05 23:00:00,2024-11-05 23:00:00,DEV_009,58
DEV_009_2024-11-06 00:00:00,2024-11-06 00:00:00,DEV_009,9
DEV_009_2024-11-06 01:00:00,2024-11-06 01:00:00,DEV_009,89
DEV_009_2024-11-06 02:00:00,2024-11-06 02:00:00,DEV_009,9
DEV_009_2024-11-06 03:00:00,2024-11-06 03:00:00,DEV_009,58
DEV_009_2024-11-06 04:00:00,2024-11-06 04:00:00,DEV_009,97
DEV_009_2024-11-06 05:00:00,2024-11-06 05:00:00,DEV_009,97
DEV_009_2024-11-06 06:00:00,2024-11-06 06:00:00,DEV_009,12
DEV_009_2024-11-06 07:00:00,2024-11-06 07:00:00,DEV_009,36
DEV_009_2024-11-06 08:00:00,2024-11-06 08:00:00,DEV_009,86
DEV_009_2024-11-06 09:00:00,2024-11-06 09:00:00,DEV_009,93
DEV_009_2024-11-06 10:00:00,2024-11-06 10:00:00,DEV_009,78
DEV_009_2024-11-06 11:00:00,2024-11-06 11:00:00,DEV_009,77
DEV_009_2024-11-06 12:00:00,2024-11-06 12:00:00,DEV_009,53
DEV_009_2024-11-06 13:00:00,2024-11-06 13:00:00,DEV_009,82
DEV_009_2024-11-06 14:00:00,2024-11-06 14:00:00,DEV_009,99
DEV_009_2024-11-06 15:00:00,2024-11-06 15:00:00,DEV_009,56
DEV_009_2024-11-06 16:00:00,2024-11-06 16:00:00,DEV_009,63
DEV_009_2024-11-06 17:00:00,2024-11-06 17:00:00,DEV_009,62
DEV_009_2024-11-06 18:00:00,2024-11-06 18:00:00,DEV_009,96
DEV_009_2024-11-06 19:00:00,2024-11-06 19:00:00,DEV_009,86
DEV_009_2024-11-06 20:00:00,2024-11-06 20:00:00,DEV_009,11
DEV_009_2024-11-06 21:00:00,2024-11-06 21:00:00,DEV_009,32
DEV_009_2024-11-06 22:00:00,2024-11-06 22:00:00,DEV_009,64
DEV_009_2024-11-06 23:00:00,2024-11-06 23:00:00,DEV_009,70
DEV_009_2024-11-07 00:00:00,2024-11-07 00:00:00,DEV_009,89
DEV_009_2024-11-07 01:00:00,2024-11-07 01:00:00,DEV_009,55
DEV_009_2024-11-07 02:00:00,2024-11-07 02:00:00,DEV_009,70
DEV_009_2024-11-07 03:00:00,2024-11-07 03:00:00,DEV_009,36
DEV_009_2024-11-07 04:00:00,2024-11-07 04:00:00,DEV_009,3
DEV_009_2024-11-07 05:00:00,2024-11-07 05:00:00,DEV_009,70
DEV_009_2024-11-07 06:00:00,2024-11-07 06:00:00,DEV_009,78
DEV_009_2024-11-07 07:00:00,2024-11-07 07:00:00,DEV_009,73
DEV_009_2024-11-07 08:00:00,2024-11-07 08:00:00,DEV_009,84
DEV_009_2024-11-07 09:00:00,2024-11-07 09:00:00,DEV_009,22
DEV_009_2024-11-07 10:00:00,2024-11-07 10:00:00,DEV_009,17
DEV_009_2024-11-07 11:00:00,2024-11-07 11:00:00,DEV_009,65
DEV_009_2024-11-07 12:00:00,2024-11-07 12:00:00,DEV_009,35
DEV_009_2024-11-07 13:00:00,2024-11-07 13:00:00,DEV_009,73
DEV_009_2024-11-07 14:00:00,2024-11-07 14:00:00,DEV_009,1
DEV_009_2024-11-07 15:00:00,2024-11-07 15:00:00,DEV_009,13
DEV_009_2024-11-07 16:00:00,2024-11-07 16:00:00,DEV_009,40
DEV_009_2024-11-07 17:00:00,2024-11-07 17:00:00,DEV_009,68
DEV_009_2024-11-07 18:00:00,2024-11-07 18:00:00,DEV_009,24
DEV_009_2024-11-07 19:00:00,2024-11-07 19:00:00,DEV_009,15
DEV_009_2024-11-07 20:00:00,2024-11-07 20:00:00,DEV_009,17
DEV_009_2024-11-07 21:00:00,2024-11-07 21:00:00,DEV_009,29
DEV_009_2024-11-07 22:00:00,2024-11-07 22:00:00,DEV_009,50
DEV_009_2024-11-07 23:00:00,2024-11-07 23:00:00,DEV_009,84
DEV_009_2024-11-08 00:00:00,2024-11-08 00:00:00,DEV_009,11
DEV_009_2024-11-08 01:00:00,2024-11-08 01:00:00,DEV_009,79
DEV_009_2024-11-08 02:00:00,2024-11-08 02:00:00,DEV_009,86
DEV_009_2024-11-08 03:00:00,2024-11-08 03:00:00,DEV_009,12
DEV_009_2024-11-08 04:00:00,2024-11-08 04:00:00,DEV_009,4
DEV_009_2024-11-08 05:00:00,2024-11-08 05:00:00,DEV_009,65
DEV_009_2024-11-08 06:00:00,2024-11-08 06:00:00,DEV_009,90
DEV_009_2024-11-08 07:00:00,2024-11-08 07:00:00,DEV_009,11
DEV_009_2024-11-08 08:00:00,2024-11-08 08:00:00,DEV_009,42
DEV_009_2024-11-08 09:00:00,2024-11-08 09:00:00,DEV_009,85
DEV_009_2024-11-08 10:00:00,2024-11-08 10:00:00,DEV_009,82
DEV_009_2024-11-08 11:00:00,2024-11-08 11:00:00,DEV_009,58
DEV_009_2024-11-08 12:00:00,2024-11-08 12:00:00,DEV_009,37
DEV_009_2024-11-08 13:00:00,2024-11-08 13:00:00,DEV_009,42
DEV_009_2024-11-08 14:00:00,2024-11-08 14:00:00,DEV_009,95
DEV_009_2024-11-08 15:00:00,2024-11-08 15:00:00,DEV_009,59
DEV_009_2024-11-08 16:00:00,2024-11-08 16:00:00,DEV_009,15
DEV_009_2024-11-08 17:00:00,2024-11-08 17:00:00,DEV_009,50
DEV_009_2024-11-08 18:00:00,2024-11-08 18:00:00,DEV_009,55
DEV_009_2024-11-08 19:00:00,2024-11-08 19:00:00,DEV_009,21
DEV_009_2024-11-08 20:00:00,2024-11-08 20:00:00,DEV_009,44
DEV_009_2024-11-08 21:00:00,2024-11-08 21:00:00,DEV_009,18
DEV_009_2024-11-08 22:00:00,2024-11-08 22:00:00,DEV_009,67
DEV_009_2024-11-08 23:00:00,2024-11-08 23:00:00,DEV_009,23
DEV_009_2024-11-09 00:00:00,2024-11-09 00:00:00,DEV_009,76
DEV_009_2024-11-09 01:00:00,2024-11-09 01:00:00,DEV_009,28
DEV_009_2024-11-09 02:00:00,2024-11-09 02:00:00,DEV_009,21
DEV_009_2024-11-09 03:00:00,2024-11-09 03:00:00,DEV_009,22
DEV_009_2024-11-09 04:00:00,2024-11-09 04:00:00,DEV_009,81
DEV_009_2024-11-09 05:00:00,2024-11-09 05:00:00,DEV_009,18
DEV_009_2024-11-09 06:00:00,2024-11-09 06:00:00,DEV_009,14
DEV_009_2024-11-09 07:00:00,2024-11-09 07:00:00,DEV_009,32
DEV_009_2024-11-09 08:00:00,2024-11-09 08:00:00,DEV_009,71
DEV_009_2024-11-09 09:00:00,2024-11-09 09:00:00,DEV_009,5
DEV_009_2024-11-09 10:00:00,2024-11-09 10:00:00,DEV_009,23
DEV_009_2024-11-09 11:00:00,2024-11-09 11:00:00,DEV_009,4
DEV_009_2024-11-09 12:00:00,2024-11-09 12:00:00,DEV_009,88
DEV_009_2024-11-09 13:00:00,2024-11-09 13:00:00,DEV_009,45
DEV_009_2024-11-09 14:00:00,2024-11-09 14:00:00,DEV_009,29
DEV_009_2024-11-09 15:00:00,2024-11-09 15:00:00,DEV_009,5
DEV_009_2024-11-09 16:00:00,2024-11-09 16:00:00,DEV_009,17
DEV_009_2024-11-09 17:00:00,2024-11-09 17:00:00,DEV_009,82
DEV_009_2024-11-09 18:00:00,2024-11-09 18:00:00,DEV_009,91
DEV_009_2024-11-09 19:00:00,2024-11-09 19:00:00,DEV_009,94
DEV_009_2024-11-09 20:00:00,2024-11-09 20:00:00,DEV_009,12
DEV_009_2024-11-09 21:00:00,2024-11-09 21:00:00,DEV_009,59
DEV_009_2024-11-09 22:00:00,2024-11-09 22:00:00,DEV_009,79
DEV_009_2024-11-09 23:00:00,2024-11-09 23:00:00,DEV_009,89
DEV_009_2024-11-10 00:00:00,2024-11-10 00:00:00,DEV_009,56
DEV_009_2024-11-10 01:00:00,2024-11-10 01:00:00,DEV_009,47
DEV_009_2024-11-10 02:00:00,2024-11-10 02:00:00,DEV_009,33
DEV_009_2024-11-10 03:00:00,2024-11-10 03:00:00,DEV_009,46
DEV_009_2024-11-10 04:00:00,2024-11-10 04:00:00,DEV_009,42
DEV_009_2024-11-10 05:00:00,2024-11-10 05:00:00,DEV_009,30
DEV_009_2024-11-10 06:00:00,2024-11-10 06:00:00,DEV_009,2
DEV_009_2024-11-10 07:00:00,2024-11-10 07:00:00,DEV_009,54
DEV_009_2024-11-10 08:00:00,2024-11-10 08:00:00,DEV_009,70
DEV_009_2024-11-10 09:00:00,2024-11-10 09:00:00,DEV_009,51
DEV_009_2024-11-10 10:00:00,2024-11-10 10:00:00,DEV_009,88
DEV_009_2024-11-10 11:00:00,2024-11-10 11:00:00,DEV_009,46
DEV_009_2024-11-10 12:00:00,2024-11-10 12:00:00,DEV_009,83
DEV_009_2024-11-10 13:00:00,2024-11-10 13:00:00,DEV_009,17
DEV_009_2024-11-10 14:00:00,2024-11-10 14:00:00,DEV_009,1
DEV_009_2024-11-10 15:00:00,2024-11-10 15:00:00,DEV_009,19
DEV_009_2024-11-10 16:00:00,2024-11-10 16:00:00,DEV_009,8
DEV_009_2024-11-10 17:00:00,2024-11-10 17:00:00,DEV_009,52
DEV_009_2024-11-10 18:00:00,2024-11-10 18:00:00,DEV_009,63
DEV_009_2024-11-10 19:00:00,2024-11-10 19:00:00,DEV_009,73
DEV_009_2024-11-10 20:00:00,2024-11-10 20:00:00,DEV_009,8
DEV_009_2024-11-10 21:00:00,2024-11-10 21:00:00,DEV_009,1
DEV_009_2024-11-10 22:00:00,2024-11-10 22:00:00,DEV_009,88
DEV_009_2024-11-10 23:00:00,2024-11-10 23:00:00,DEV_009,93
DEV_009_2024-11-11 00:00:00,2024-11-11 00:00:00,DEV_009,33
DEV_009_2024-11-11 01:00:00,2024-11-11 01:00:00,DEV_009,10
DEV_009_2024-11-11 02:00:00,2024-11-11 02:00:00,DEV_009,74
DEV_009_2024-11-11 03:00:00,2024-11-11 03:00:00,DEV_009,39
DEV_009_2024-11-11 04:00:00,2024-11-11 04:00:00,DEV_009,87
DEV_009_2024-11-11 05:00:00,2024-11-11 05:00:00,DEV_009,11
DEV_009_2024-11-11 06:00:00,2024-11-11 06:00:00,DEV_009,34
DEV_009_2024-11-11 07:00:00,2024-11-11 07:00:00,DEV_009,20
DEV_009_2024-11-11 08:00:00,2024-11-11 08:00:00,DEV_009,98
DEV_009_2024-11-11 09:00:00,2024-11-11 09:00:00,DEV_009,28
DEV_009_2024-11-11 10:00:00,2024-11-11 10:00:00,DEV_009,89
DEV_009_2024-11-11 11:00:00,2024-11-11 11:00:00,DEV_009,60
DEV_009_2024-11-11 12:00:00,2024-11-11 12:00:00,DEV_009,93
DEV_009_2024-11-11 13:00:00,2024-11-11 13:00:00,DEV_009,80
DEV_009_2024-11-11 14:00:00,2024-11-11 14:00:00,DEV_009,93
DEV_009_2024-11-11 15:00:00,2024-11-11 15:00:00,DEV_009,86
DEV_009_2024-11-11 16:00:00,2024-11-11 16:00:00,DEV_009,18
DEV_009_2024-11-11 17:00:00,2024-11-11 17:00:00,DEV_009,1
DEV_009_2024-11-11 18:00:00,2024-11-11 18:00:00,DEV_009,36
DEV_009_2024-11-11 19:00:00,2024-11-11 19:00:00,DEV_009,11
DEV_009_2024-11-11 20:00:00,2024-11-11 20:00:00,DEV_009,16
DEV_009_2024-11-11 21:00:00,2024-11-11 21:00:00,DEV_009,42
DEV_009_2024-11-11 22:00:00,2024-11-11 22:00:00,DEV_009,34
DEV_009_2024-11-11 23:00:00,2024-11-11 23:00:00,DEV_009,45
DEV_009_2024-11-12 00:00:00,2024-11-12 00:00:00,DEV_009,46
DEV_009_2024-11-12 01:00:00,2024-11-12 01:00:00,DEV_009,16
DEV_009_2024-11-12 02:00:00,2024-11-12 02:00:00,DEV_009,35
DEV_009_2024-11-12 03:00:00,2024-11-12 03:00:00,DEV_009,97
DEV_009_2024-11-12 04:00:00,2024-11-12 04:00:00,DEV_009,71
DEV_009_2024-11-12 05:00:00,2024-11-12 05:00:00,DEV_009,54
DEV_009_2024-11-12 06:00:00,2024-11-12 06:00:00,DEV_009,78
DEV_009_2024-11-12 07:00:00,2024-11-12 07:00:00,DEV_009,84
DEV_009_2024-11-12 08:00:00,2024-11-12 08:00:00,DEV_009,89
DEV_009_2024-11-12 09:00:00,2024-11-12 09:00:00,DEV_009,13
DEV_009_2024-11-12 10:00:00,2024-11-12 10:00:00,DEV_009,3
DEV_009_2024-11-12 11:00:00,2024-11-12 11:00:00,DEV_009,87
DEV_009_2024-11-12 12:00:00,2024-11-12 12:00:00,DEV_009,22
DEV_009_2024-11-12 13:00:00,2024-11-12 13:00:00,DEV_009,42
DEV_009_2024-11-12 14:00:00,2024-11-12 14:00:00,DEV_009,36
DEV_009_2024-11-12 15:00:00,2024-11-12 15:00:00,DEV_009,15
DEV_009_2024-11-12 16:00:00,2024-11-12 16:00:00,DEV_009,6
DEV_009_2024-11-12 17:00:00,2024-11-12 17:00:00,DEV_009,74
DEV_009_2024-11-12 18:00:00,2024-11-12 18:00:00,DEV_009,53
DEV_009_2024-11-12 19:00:00,2024-11-12 19:00:00,DEV_009,76
DEV_009_2024-11-12 20:00:00,2024-11-12 20:00:00,DEV_009,82
DEV_009_2024-11-12 21:00:00,2024-11-12 21:00:00,DEV_009,15
DEV_009_2024-11-12 22:00:00,2024-11-12 22:00:00,DEV_009,46
DEV_009_2024-11-12 23:00:00,2024-11-12 23:00:00,DEV_009,45
DEV_009_2024-11-13 00:00:00,2024-11-13 00:00:00,DEV_009,30
DEV_009_2024-11-13 01:00:00,2024-11-13 01:00:00,DEV_009,45
DEV_009_2024-11-13 02:00:00,2024-11-13 02:00:00,DEV_009,19
DEV_009_2024-11-13 03:00:00,2024-11-13 03:00:00,DEV_009,95
DEV_009_2024-11-13 04:00:00,2024-11-13 04:00:00,DEV_009,88
DEV_009_2024-11-13 05:00:00,2024-11-13 05:00:00,DEV_009,20
DEV_009_2024-11-13 06:00:00,2024-11-13 06:00:00,DEV_009,73
DEV_009_2024-11-13 07:00:00,2024-11-13 07:00:00,DEV_009,25
DEV_009_2024-11-13 08:00:00,2024-11-13 08:00:00,DEV_009,28
DEV_009_2024-11-13 09:00:00,2024-11-13 09:00:00,DEV_009,63
DEV_009_2024-11-13 10:00:00,2024-11-13 10:00:00,DEV_009,54
DEV_009_2024-11-13 11:00:00,2024-11-13 11:00:00,DEV_009,38
DEV_009_2024-11-13 12:00:00,2024-11-13 12:00:00,DEV_009,40
DEV_009_2024-11-13 13:00:00,2024-11-13 13:00:00,DEV_009,55
DEV_009_2024-11-13 14:00:00,2024-11-13 14:00:00,DEV_009,41
DEV_009_2024-11-13 15:00:00,2024-11-13 15:00:00,DEV_009,49
DEV_009_2024-11-13 16:00:00,2024-11-13 16:00:00,DEV_009,53
DEV_009_2024-11-13 17:00:00,2024-11-13 17:00:00,DEV_009,46
DEV_009_2024-11-13 18:00:00,2024-11-13 18:00:00,DEV_009,53
DEV_009_2024-11-13 19:00:00,2024-11-13 19:00:00,DEV_009,54
DEV_009_2024-11-13 20:00:00,2024-11-13 20:00:00,DEV_009,29
DEV_009_2024-11-13 21:00:00,2024-11-13 21:00:00,DEV_009,22
DEV_009_2024-11-13 22:00:00,2024-11-13 22:00:00,DEV_009,75
DEV_009_2024-11-13 23:00:00,2024-11-13 23:00:00,DEV_009,25
DEV_009_2024-11-14 00:00:00,2024-11-14 00:00:00,DEV_009,39
DEV_009_2024-11-14 01:00:00,2024-11-14 01:00:00,DEV_009,68
DEV_009_2024-11-14 02:00:00,2024-11-14 02:00:00,DEV_009,97
DEV_009_2024-11-14 03:00:00,2024-11-14 03:00:00,DEV_009,33
DEV_009_2024-11-14 04:00:00,2024-11-14 04:00:00,DEV_009,75
DEV_009_2024-11-14 05:00:00,2024-11-14 05:00:00,DEV_009,34
DEV_009_2024-11-14 06:00:00,2024-11-14 06:00:00,DEV_009,36
DEV_009_2024-11-14 07:00:00,2024-11-14 07:00:00,DEV_009,21
DEV_009_2024-11-14 08:00:00,2024-11-14 08:00:00,DEV_009,78
DEV_009_2024-11-14 09:00:00,2024-11-14 09:00:00,DEV_009,19
DEV_009_2024-11-14 10:00:00,2024-11-14 10:00:00,DEV_009,24
DEV_009_2024-11-14 11:00:00,2024-11-14 11:00:00,DEV_009,23
DEV_009_2024-11-14 12:00:00,2024-11-14 12:00:00,DEV_009,92
DEV_009_2024-11-14 13:00:00,2024-11-14 13:00:00,DEV_009,10
DEV_009_2024-11-14 14:00:00,2024-11-14 14:00:00,DEV_009,49
DEV_009_2024-11-14 15:00:00,2024-11-14 15:00:00,DEV_009,79
DEV_009_2024-11-14 16:00:00,2024-11-14 16:00:00,DEV_009,4
DEV_009_2024-11-14 17:00:00,2024-11-14 17:00:00,DEV_009,77
DEV_009_2024-11-14 18:00:00,2024-11-14 18:00:00,DEV_009,95
DEV_009_2024-11-14 19:00:00,2024-11-14 19:00:00,DEV_009,57
DEV_009_2024-11-14 20:00:00,2024-11-14 20:00:00,DEV_009,15
DEV_009_2024-11-14 21:00:00,2024-11-14 21:00:00,DEV_009,38
DEV_009_2024-11-14 22:00:00,2024-11-14 22:00:00,DEV_009,17
DEV_009_2024-11-14 23:00:00,2024-11-14 23:00:00,DEV_009,7
DEV_009_2024-11-15 00:00:00,2024-11-15 00:00:00,DEV_009,23
DEV_009_2024-11-15 01:00:00,2024-11-15 01:00:00,DEV_009,41
DEV_009_2024-11-15 02:00:00,2024-11-15 02:00:00,DEV_009,70
DEV_009_2024-11-15 03:00:00,2024-11-15 03:00:00,DEV_009,50
DEV_009_2024-11-15 04:00:00,2024-11-15 04:00:00,DEV_009,44
DEV_009_2024-11-15 05:00:00,2024-11-15 05:00:00,DEV_009,46
DEV_009_2024-11-15 06:00:00,2024-11-15 06:00:00,DEV_009,69
DEV_009_2024-11-15 07:00:00,2024-11-15 07:00:00,DEV_009,52
DEV_009_2024-11-15 08:00:00,2024-11-15 08:00:00,DEV_009,88
DEV_009_2024-11-15 09:00:00,2024-11-15 09:00:00,DEV_009,85
DEV_009_2024-11-15 10:00:00,2024-11-15 10:00:00,DEV_009,33
DEV_009_2024-11-15 11:00:00,2024-11-15 11:00:00,DEV_009,56
DEV_009_2024-11-15 12:00:00,2024-11-15 12:00:00,DEV_009,18
DEV_009_2024-11-15 13:00:00,2024-11-15 13:00:00,DEV_009,4
DEV_009_2024-11-15 14:00:00,2024-11-15 14:00:00,DEV_009,5
DEV_009_2024-11-15 15:00:00,2024-11-15 15:00:00,DEV_009,81
DEV_009_2024-11-15 16:00:00,2024-11-15 16:00:00,DEV_009,58
DEV_009_2024-11-15 17:00:00,2024-11-15 17:00:00,DEV_009,32
DEV_009_2024-11-15 18:00:00,2024-11-15 18:00:00,DEV_009,74
DEV_009_2024-11-15 19:00:00,2024-11-15 19:00:00,DEV_009,25
DEV_009_2024-11-15 20:00:00,2024-11-15 20:00:00,DEV_009,43
DEV_009_2024-11-15 21:00:00,2024-11-15 21:00:00,DEV_009,6
DEV_009_2024-11-15 22:00:00,2024-11-15 22:00:00,DEV_009,74
DEV_009_2024-11-15 23:00:00,2024-11-15 23:00:00,DEV_009,34
DEV_009_2024-11-16 00:00:00,2024-11-16 00:00:00,DEV_009,68
DEV_009_2024-11-16 01:00:00,2024-11-16 01:00:00,DEV_009,62
DEV_009_2024-11-16 02:00:00,2024-11-16 02:00:00,DEV_009,42
DEV_009_2024-11-16 03:00:00,2024-11-16 03:00:00,DEV_009,88
DEV_009_2024-11-16 04:00:00,2024-11-16 04:00:00,DEV_009,70
DEV_009_2024-11-16 05:00:00,2024-11-16 05:00:00,DEV_009,22
DEV_009_2024-11-16 06:00:00,2024-11-16 06:00:00,DEV_009,23
DEV_009_2024-11-16 07:00:00,2024-11-16 07:00:00,DEV_009,89
DEV_009_2024-11-16 08:00:00,2024-11-16 08:00:00,DEV_009,33
DEV_009_2024-11-16 09:00:00,2024-11-16 09:00:00,DEV_009,18
DEV_009_2024-11-16 10:00:00,2024-11-16 10:00:00,DEV_009,8
DEV_009_2024-11-16 11:00:00,2024-11-16 11:00:00,DEV_009,17
DEV_009_2024-11-16 12:00:00,2024-11-16 12:00:00,DEV_009,99
DEV_009_2024-11-16 13:00:00,2024-11-16 13:00:00,DEV_009,55
DEV_009_2024-11-16 14:00:00,2024-11-16 14:00:00,DEV_009,96
DEV_009_2024-11-16 15:00:00,2024-11-16 15:00:00,DEV_009,11
DEV_009_2024-11-16 16:00:00,2024-11-16 16:00:00,DEV_009,23
DEV_009_2024-11-16 17:00:00,2024-11-16 17:00:00,DEV_009,69
DEV_009_2024-11-16 18:00:00,2024-11-16 18:00:00,DEV_009,90
DEV_009_2024-11-16 19:00:00,2024-11-16 19:00:00,DEV_009,96
DEV_009_2024-11-16 20:00:00,2024-11-16 20:00:00,DEV_009,89
DEV_009_2024-11-16 21:00:00,2024-11-16 21:00:00,DEV_009,20
DEV_009_2024-11-16 22:00:00,2024-11-16 22:00:00,DEV_009,1
DEV_009_2024-11-16 23:00:00,2024-11-16 23:00:00,DEV_009,20
DEV_009_2024-11-17 00:00:00,2024-11-17 00:00:00,DEV_009,65
DEV_009_2024-11-17 01:00:00,2024-11-17 01:00:00,DEV_009,17
DEV_009_2024-11-17 02:00:00,2024-11-17 02:00:00,DEV_009,88
DEV_009_2024-11-17 03:00:00,2024-11-17 03:00:00,DEV_009,20
DEV_009_2024-11-17 04:00:00,2024-11-17 04:00:00,DEV_009,6
DEV_009_2024-11-17 05:00:00,2024-11-17 05:00:00,DEV_009,4
DEV_009_2024-11-17 06:00:00,2024-11-17 06:00:00,DEV_009,45
DEV_009_2024-11-17 07:00:00,2024-11-17 07:00:00,DEV_009,66
DEV_009_2024-11-17 08:00:00,2024-11-17 08:00:00,DEV_009,85
DEV_009_2024-11-17 09:00:00,2024-11-17 09:00:00,DEV_009,98
DEV_009_2024-11-17 10:00:00,2024-11-17 10:00:00,DEV_009,3
DEV_009_2024-11-17 11:00:00,2024-11-17 11:00:00,DEV_009,53
DEV_009_2024-11-17 12:00:00,2024-11-17 12:00:00,DEV_009,77
DEV_009_2024-11-17 13:00:00,2024-11-17 13:00:00,DEV_009,33
DEV_009_2024-11-17 14:00:00,2024-11-17 14:00:00,DEV_009,32
DEV_009_2024-11-17 15:00:00,2024-11-17 15:00:00,DEV_009,40
DEV_009_2024-11-17 16:00:00,2024-11-17 16:00:00,DEV_009,64
DEV_009_2024-11-17 17:00:00,2024-11-17 17:00:00,DEV_009,39
DEV_009_2024-11-17 18:00:00,2024-11-17 18:00:00,DEV_009,29
DEV_009_2024-11-17 19:00:00,2024-11-17 19:00:00,DEV_009,1
DEV_009_2024-11-17 20:00:00,2024-11-17 20:00:00,DEV_009,34
DEV_009_2024-11-17 21:00:00,2024-11-17 21:00:00,DEV_009,63
DEV_009_2024-11-17 22:00:00,2024-11-17 22:00:00,DEV_009,77
DEV_009_2024-11-17 23:00:00,2024-11-17 23:00:00,DEV_009,90
DEV_009_2024-11-18 00:00:00,2024-11-18 00:00:00,DEV_009,85
DEV_009_2024-11-18 01:00:00,2024-11-18 01:00:00,DEV_009,10
DEV_009_2024-11-18 02:00:00,2024-11-18 02:00:00,DEV_009,69
DEV_009_2024-11-18 03:00:00,2024-11-18 03:00:00,DEV_009,78
DEV_009_2024-11-18 04:00:00,2024-11-18 04:00:00,DEV_009,81
DEV_009_2024-11-18 05:00:00,2024-11-18 05:00:00,DEV_009,99
DEV_009_2024-11-18 06:00:00,2024-11-18 06:00:00,DEV_009,78
DEV_009_2024-11-18 07:00:00,2024-11-18 07:00:00,DEV_009,81
DEV_009_2024-11-18 08:00:00,2024-11-18 08:00:00,DEV_009,13
DEV_009_2024-11-18 09:00:00,2024-11-18 09:00:00,DEV_009,46
DEV_009_2024-11-18 10:00:00,2024-11-18 10:00:00,DEV_009,21
DEV_009_2024-11-18 11:00:00,2024-11-18 11:00:00,DEV_009,44
DEV_009_2024-11-18 12:00:00,2024-11-18 12:00:00,DEV_009,84
DEV_009_2024-11-18 13:00:00,2024-11-18 13:00:00,DEV_009,95
DEV_009_2024-11-18 14:00:00,2024-11-18 14:00:00,DEV_009,40
DEV_009_2024-11-18 15:00:00,2024-11-18 15:00:00,DEV_009,14
DEV_009_2024-11-18 16:00:00,2024-11-18 16:00:00,DEV_009,2
DEV_009_2024-11-18 17:00:00,2024-11-18 17:00:00,DEV_009,9
DEV_009_2024-11-18 18:00:00,2024-11-18 18:00:00,DEV_009,23
DEV_009_2024-11-18 19:00:00,2024-11-18 19:00:00,DEV_009,11
DEV_009_2024-11-18 20:00:00,2024-11-18 20:00:00,DEV_009,20
DEV_009_2024-11-18 21:00:00,2024-11-18 21:00:00,DEV_009,1
DEV_009_2024-11-18 22:00:00,2024-11-18 22:00:00,DEV_009,8
DEV_009_2024-11-18 23:00:00,2024-11-18 23:00:00,DEV_009,3
DEV_009_2024-11-19 00:00:00,2024-11-19 00:00:00,DEV_009,92
DEV_009_2024-11-19 01:00:00,2024-11-19 01:00:00,DEV_009,69
DEV_009_2024-11-19 02:00:00,2024-11-19 02:00:00,DEV_009,69
DEV_009_2024-11-19 03:00:00,2024-11-19 03:00:00,DEV_009,67
DEV_009_2024-11-19 04:00:00,2024-11-19 04:00:00,DEV_009,66
DEV_009_2024-11-19 05:00:00,2024-11-19 05:00:00,DEV_009,97
DEV_009_2024-11-19 06:00:00,2024-11-19 06:00:00,DEV_009,61
DEV_009_2024-11-19 07:00:00,2024-11-19 07:00:00,DEV_009,49
DEV_009_2024-11-19 08:00:00,2024-11-19 08:00:00,DEV_009,95
DEV_009_2024-11-19 09:00:00,2024-11-19 09:00:00,DEV_009,75
DEV_009_2024-11-19 10:00:00,2024-11-19 10:00:00,DEV_009,59
DEV_009_2024-11-19 11:00:00,2024-11-19 11:00:00,DEV_009,56
DEV_009_2024-11-19 12:00:00,2024-11-19 12:00:00,DEV_009,5
DEV_009_2024-11-19 13:00:00,2024-11-19 13:00:00,DEV_009,63
DEV_009_2024-11-19 14:00:00,2024-11-19 14:00:00,DEV_009,54
DEV_009_2024-11-19 15:00:00,2024-11-19 15:00:00,DEV_009,12
DEV_009_2024-11-19 16:00:00,2024-11-19 16:00:00,DEV_009,60
DEV_009_2024-11-19 17:00:00,2024-11-19 17:00:00,DEV_009,20
DEV_009_2024-11-19 18:00:00,2024-11-19 18:00:00,DEV_009,82
DEV_009_2024-11-19 19:00:00,2024-11-19 19:00:00,DEV_009,50
DEV_009_2024-11-19 20:00:00,2024-11-19 20:00:00,DEV_009,57
DEV_009_2024-11-19 21:00:00,2024-11-19 21:00:00,DEV_009,95
DEV_009_2024-11-19 22:00:00,2024-11-19 22:00:00,DEV_009,98
DEV_009_2024-11-19 23:00:00,2024-11-19 23:00:00,DEV_009,70
DEV_009_2024-11-20 00:00:00,2024-11-20 00:00:00,DEV_009,92
DEV_009_2024-11-20 01:00:00,2024-11-20 01:00:00,DEV_009,82
DEV_009_2024-11-20 02:00:00,2024-11-20 02:00:00,DEV_009,14
DEV_009_2024-11-20 03:00:00,2024-11-20 03:00:00,DEV_009,96
DEV_009_2024-11-20 04:00:00,2024-11-20 04:00:00,DEV_009,34
DEV_009_2024-11-20 05:00:00,2024-11-20 05:00:00,DEV_009,53
DEV_009_2024-11-20 06:00:00,2024-11-20 06:00:00,DEV_009,70
DEV_009_2024-11-20 07:00:00,2024-11-20 07:00:00,DEV_009,13
DEV_009_2024-11-20 08:00:00,2024-11-20 08:00:00,DEV_009,86
DEV_009_2024-11-20 09:00:00,2024-11-20 09:00:00,DEV_009,32
DEV_009_2024-11-20 10:00:00,2024-11-20 10:00:00,DEV_009,62
DEV_009_2024-11-20 11:00:00,2024-11-20 11:00:00,DEV_009,28
DEV_009_2024-11-20 12:00:00,2024-11-20 12:00:00,DEV_009,97
DEV_009_2024-11-20 13:00:00,2024-11-20 13:00:00,DEV_009,37
DEV_009_2024-11-20 14:00:00,2024-11-20 14:00:00,DEV_009,61
DEV_009_2024-11-20 15:00:00,2024-11-20 15:00:00,DEV_009,1
DEV_009_2024-11-20 16:00:00,2024-11-20 16:00:00,DEV_009,50
DEV_009_2024-11-20 17:00:00,2024-11-20 17:00:00,DEV_009,82
DEV_009_2024-11-20 18:00:00,2024-11-20 18:00:00,DEV_009,8
DEV_009_2024-11-20 19:00:00,2024-11-20 19:00:00,DEV_009,60
DEV_009_2024-11-20 20:00:00,2024-11-20 20:00:00,DEV_009,51
DEV_009_2024-11-20 21:00:00,2024-11-20 21:00:00,DEV_009,23
DEV_009_2024-11-20 22:00:00,2024-11-20 22:00:00,DEV_009,2
DEV_009_2024-11-20 23:00:00,2024-11-20 23:00:00,DEV_009,46
DEV_009_2024-11-21 00:00:00,2024-11-21 00:00:00,DEV_009,21
DEV_009_2024-11-21 01:00:00,2024-11-21 01:00:00,DEV_009,6
DEV_009_2024-11-21 02:00:00,2024-11-21 02:00:00,DEV_009,27
DEV_009_2024-11-21 03:00:00,2024-11-21 03:00:00,DEV_009,95
DEV_009_2024-11-21 04:00:00,2024-11-21 04:00:00,DEV_009,23
DEV_009_2024-11-21 05:00:00,2024-11-21 05:00:00,DEV_009,97
DEV_009_2024-11-21 06:00:00,2024-11-21 06:00:00,DEV_009,15
DEV_009_2024-11-21 07:00:00,2024-11-21 07:00:00,DEV_009,66
DEV_009_2024-11-21 08:00:00,2024-11-21 08:00:00,DEV_009,73
DEV_009_2024-11-21 09:00:00,2024-11-21 09:00:00,DEV_009,29
DEV_009_2024-11-21 10:00:00,2024-11-21 10:00:00,DEV_009,47
DEV_009_2024-11-21 11:00:00,2024-11-21 11:00:00,DEV_009,91
DEV_009_2024-11-21 12:00:00,2024-11-21 12:00:00,DEV_009,57
DEV_009_2024-11-21 13:00:00,2024-11-21 13:00:00,DEV_009,73
DEV_009_2024-11-21 14:00:00,2024-11-21 14:00:00,DEV_009,24
DEV_009_2024-11-21 15:00:00,2024-11-21 15:00:00,DEV_009,20
DEV_009_2024-11-21 16:00:00,2024-11-21 16:00:00,DEV_009,57
DEV_009_2024-11-21 17:00:00,2024-11-21 17:00:00,DEV_009,56
DEV_009_2024-11-21 18:00:00,2024-11-21 18:00:00,DEV_009,82
DEV_009_2024-11-21 19:00:00,2024-11-21 19:00:00,DEV_009,36
DEV_009_2024-11-21 20:00:00,2024-11-21 20:00:00,DEV_009,64
DEV_009_2024-11-21 21:00:00,2024-11-21 21:00:00,DEV_009,40
DEV_009_2024-11-21 22:00:00,2024-11-21 22:00:00,DEV_009,28
DEV_009_2024-11-21 23:00:00,2024-11-21 23:00:00,DEV_009,53
DEV_009_2024-11-22 00:00:00,2024-11-22 00:00:00,DEV_009,74
DEV_009_2024-11-22 01:00:00,2024-11-22 01:00:00,DEV_009,5
DEV_009_2024-11-22 02:00:00,2024-11-22 02:00:00,DEV_009,4
DEV_009_2024-11-22 03:00:00,2024-11-22 03:00:00,DEV_009,80
DEV_009_2024-11-22 04:00:00,2024-11-22 04:00:00,DEV_009,81
DEV_009_2024-11-22 05:00:00,2024-11-22 05:00:00,DEV_009,50
DEV_009_2024-11-22 06:00:00,2024-11-22 06:00:00,DEV_009,45
DEV_009_2024-11-22 07:00:00,2024-11-22 07:00:00,DEV_009,79
DEV_009_2024-11-22 08:00:00,2024-11-22 08:00:00,DEV_009,81
DEV_009_2024-11-22 09:00:00,2024-11-22 09:00:00,DEV_009,42
DEV_009_2024-11-22 10:00:00,2024-11-22 10:00:00,DEV_009,93
DEV_009_2024-11-22 11:00:00,2024-11-22 11:00:00,DEV_009,31
DEV_009_2024-11-22 12:00:00,2024-11-22 12:00:00,DEV_009,55
DEV_009_2024-11-22 13:00:00,2024-11-22 13:00:00,DEV_009,58
DEV_009_2024-11-22 14:00:00,2024-11-22 14:00:00,DEV_009,45
DEV_009_2024-11-22 15:00:00,2024-11-22 15:00:00,DEV_009,15
DEV_009_2024-11-22 16:00:00,2024-11-22 16:00:00,DEV_009,62
DEV_009_2024-11-22 17:00:00,2024-11-22 17:00:00,DEV_009,40
DEV_009_2024-11-22 18:00:00,2024-11-22 18:00:00,DEV_009,97
DEV_009_2024-11-22 19:00:00,2024-11-22 19:00:00,DEV_009,34
DEV_009_2024-11-22 20:00:00,2024-11-22 20:00:00,DEV_009,51
DEV_009_2024-11-22 21:00:00,2024-11-22 21:00:00,DEV_009,88
DEV_009_2024-11-22 22:00:00,2024-11-22 22:00:00,DEV_009,56
DEV_009_2024-11-22 23:00:00,2024-11-22 23:00:00,DEV_009,24
DEV_009_2024-11-23 00:00:00,2024-11-23 00:00:00,DEV_009,75
DEV_009_2024-11-23 01:00:00,2024-11-23 01:00:00,DEV_009,28
DEV_009_2024-11-23 02:00:00,2024-11-23 02:00:00,DEV_009,50
DEV_009_2024-11-23 03:00:00,2024-11-23 03:00:00,DEV_009,84
DEV_009_2024-11-23 04:00:00,2024-11-23 04:00:00,DEV_009,52
DEV_009_2024-11-23 05:00:00,2024-11-23 05:00:00,DEV_009,88
DEV_009_2024-11-23 06:00:00,2024-11-23 06:00:00,DEV_009,63
DEV_009_2024-11-23 07:00:00,2024-11-23 07:00:00,DEV_009,43
DEV_009_2024-11-23 08:00:00,2024-11-23 08:00:00,DEV_009,60
DEV_009_2024-11-23 09:00:00,2024-11-23 09:00:00,DEV_009,88
DEV_009_2024-11-23 10:00:00,2024-11-23 10:00:00,DEV_009,21
DEV_009_2024-11-23 11:00:00,2024-11-23 11:00:00,DEV_009,2
DEV_009_2024-11-23 12:00:00,2024-11-23 12:00:00,DEV_009,52
DEV_009_2024-11-23 13:00:00,2024-11-23 13:00:00,DEV_009,31
DEV_009_2024-11-23 14:00:00,2024-11-23 14:00:00,DEV_009,68
DEV_009_2024-11-23 15:00:00,2024-11-23 15:00:00,DEV_009,21
DEV_009_2024-11-23 16:00:00,2024-11-23 16:00:00,DEV_009,19
DEV_009_2024-11-23 17:00:00,2024-11-23 17:00:00,DEV_009,6
DEV_009_2024-11-23 18:00:00,2024-11-23 18:00:00,DEV_009,57
DEV_009_2024-11-23 19:00:00,2024-11-23 19:00:00,DEV_009,87
DEV_009_2024-11-23 20:00:00,2024-11-23 20:00:00,DEV_009,4
DEV_009_2024-11-23 21:00:00,2024-11-23 21:00:00,DEV_009,60
DEV_009_2024-11-23 22:00:00,2024-11-23 22:00:00,DEV_009,27
DEV_009_2024-11-23 23:00:00,2024-11-23 23:00:00,DEV_009,5
DEV_009_2024-11-24 00:00:00,2024-11-24 00:00:00,DEV_009,38
DEV_009_2024-11-24 01:00:00,2024-11-24 01:00:00,DEV_009,59
DEV_009_2024-11-24 02:00:00,2024-11-24 02:00:00,DEV_009,82
DEV_009_2024-11-24 03:00:00,2024-11-24 03:00:00,DEV_009,18
DEV_009_2024-11-24 04:00:00,2024-11-24 04:00:00,DEV_009,93
DEV_009_2024-11-24 05:00:00,2024-11-24 05:00:00,DEV_009,59
DEV_009_2024-11-24 06:00:00,2024-11-24 06:00:00,DEV_009,81
DEV_009_2024-11-24 07:00:00,2024-11-24 07:00:00,DEV_009,63
DEV_009_2024-11-24 08:00:00,2024-11-24 08:00:00,DEV_009,43
DEV_009_2024-11-24 09:00:00,2024-11-24 09:00:00,DEV_009,1
DEV_009_2024-11-24 10:00:00,2024-11-24 10:00:00,DEV_009,13
DEV_009_2024-11-24 11:00:00,2024-11-24 11:00:00,DEV_009,10
DEV_009_2024-11-24 12:00:00,2024-11-24 12:00:00,DEV_009,7
DEV_009_2024-11-24 13:00:00,2024-11-24 13:00:00,DEV_009,21
DEV_009_2024-11-24 14:00:00,2024-11-24 14:00:00,DEV_009,71
DEV_009_2024-11-24 15:00:00,2024-11-24 15:00:00,DEV_009,3
DEV_009_2024-11-24 16:00:00,2024-11-24 16:00:00,DEV_009,45
DEV_009_2024-11-24 17:00:00,2024-11-24 17:00:00,DEV_009,33
DEV_009_2024-11-24 18:00:00,2024-11-24 18:00:00,DEV_009,93
DEV_009_2024-11-24 19:00:00,2024-11-24 19:00:00,DEV_009,48
DEV_009_2024-11-24 20:00:00,2024-11-24 20:00:00,DEV_009,69
DEV_009_2024-11-24 21:00:00,2024-11-24 21:00:00,DEV_009,29
DEV_009_2024-11-24 22:00:00,2024-11-24 22:00:00,DEV_009,86
DEV_009_2024-11-24 23:00:00,2024-11-24 23:00:00,DEV_009,26
DEV_009_2024-11-25 00:00:00,2024-11-25 00:00:00,DEV_009,62
DEV_009_2024-11-25 01:00:00,2024-11-25 01:00:00,DEV_009,40
DEV_009_2024-11-25 02:00:00,2024-11-25 02:00:00,DEV_009,81
DEV_009_2024-11-25 03:00:00,2024-11-25 03:00:00,DEV_009,44
DEV_009_2024-11-25 04:00:00,2024-11-25 04:00:00,DEV_009,84
DEV_009_2024-11-25 05:00:00,2024-11-25 05:00:00,DEV_009,41
DEV_009_2024-11-25 06:00:00,2024-11-25 06:00:00,DEV_009,98
DEV_009_2024-11-25 07:00:00,2024-11-25 07:00:00,DEV_009,57
DEV_009_2024-11-25 08:00:00,2024-11-25 08:00:00,DEV_009,9
DEV_009_2024-11-25 09:00:00,2024-11-25 09:00:00,DEV_009,42
DEV_009_2024-11-25 10:00:00,2024-11-25 10:00:00,DEV_009,94
DEV_009_2024-11-25 11:00:00,2024-11-25 11:00:00,DEV_009,36
DEV_009_2024-11-25 12:00:00,2024-11-25 12:00:00,DEV_009,13
DEV_009_2024-11-25 13:00:00,2024-11-25 13:00:00,DEV_009,2
DEV_009_2024-11-25 14:00:00,2024-11-25 14:00:00,DEV_009,71
DEV_009_2024-11-25 15:00:00,2024-11-25 15:00:00,DEV_009,39
DEV_009_2024-11-25 16:00:00,2024-11-25 16:00:00,DEV_009,22
DEV_009_2024-11-25 17:00:00,2024-11-25 17:00:00,DEV_009,3
DEV_009_2024-11-25 18:00:00,2024-11-25 18:00:00,DEV_009,98
DEV_009_2024-11-25 19:00:00,2024-11-25 19:00:00,DEV_009,90
DEV_009_2024-11-25 20:00:00,2024-11-25 20:00:00,DEV_009,20
DEV_009_2024-11-25 21:00:00,2024-11-25 21:00:00,DEV_009,51
DEV_009_2024-11-25 22:00:00,2024-11-25 22:00:00,DEV_009,56
DEV_009_2024-11-25 23:00:00,2024-11-25 23:00:00,DEV_009,81
DEV_009_2024-11-26 00:00:00,2024-11-26 00:00:00,DEV_009,21
DEV_009_2024-11-26 01:00:00,2024-11-26 01:00:00,DEV_009,69
DEV_009_2024-11-26 02:00:00,2024-11-26 02:00:00,DEV_009,63
DEV_009_2024-11-26 03:00:00,2024-11-26 03:00:00,DEV_009,51
DEV_009_2024-11-26 04:00:00,2024-11-26 04:00:00,DEV_009,36
DEV_009_2024-11-26 05:00:00,2024-11-26 05:00:00,DEV_009,2
DEV_009_2024-11-26 06:00:00,2024-11-26 06:00:00,DEV_009,90
DEV_009_2024-11-26 07:00:00,2024-11-26 07:00:00,DEV_009,49
DEV_009_2024-11-26 08:00:00,2024-11-26 08:00:00,DEV_009,60
DEV_009_2024-11-26 09:00:00,2024-11-26 09:00:00,DEV_009,87
DEV_009_2024-11-26 10:00:00,2024-11-26 10:00:00,DEV_009,42
DEV_009_2024-11-26 11:00:00,2024-11-26 11:00:00,DEV_009,93
DEV_009_2024-11-26 12:00:00,2024-11-26 12:00:00,DEV_009,38
DEV_009_2024-11-26 13:00:00,2024-11-26 13:00:00,DEV_009,51
DEV_009_2024-11-26 14:00:00,2024-11-26 14:00:00,DEV_009,13
DEV_009_2024-11-26 15:00:00,2024-11-26 15:00:00,DEV_009,94
DEV_009_2024-11-26 16:00:00,2024-11-26 16:00:00,DEV_009,95
DEV_009_2024-11-26 17:00:00,2024-11-26 17:00:00,DEV_009,41
DEV_009_2024-11-26 18:00:00,2024-11-26 18:00:00,DEV_009,91
DEV_009_2024-11-26 19:00:00,2024-11-26 19:00:00,DEV_009,40
DEV_009_2024-11-26 20:00:00,2024-11-26 20:00:00,DEV_009,59
DEV_009_2024-11-26 21:00:00,2024-11-26 21:00:00,DEV_009,90
DEV_009_2024-11-26 22:00:00,2024-11-26 22:00:00,DEV_009,16
DEV_009_2024-11-26 23:00:00,2024-11-26 23:00:00,DEV_009,82
DEV_009_2024-11-27 00:00:00,2024-11-27 00:00:00,DEV_009,27
DEV_009_2024-11-27 01:00:00,2024-11-27 01:00:00,DEV_009,34
DEV_009_2024-11-27 02:00:00,2024-11-27 02:00:00,DEV_009,34
DEV_009_2024-11-27 03:00:00,2024-11-27 03:00:00,DEV_009,9
DEV_009_2024-11-27 04:00:00,2024-11-27 04:00:00,DEV_009,13
DEV_009_2024-11-27 05:00:00,2024-11-27 05:00:00,DEV_009,23
DEV_009_2024-11-27 06:00:00,2024-11-27 06:00:00,DEV_009,35
DEV_009_2024-11-27 07:00:00,2024-11-27 07:00:00,DEV_009,36
DEV_009_2024-11-27 08:00:00,2024-11-27 08:00:00,DEV_009,34
DEV_009_2024-11-27 09:00:00,2024-11-27 09:00:00,DEV_009,45
DEV_009_2024-11-27 10:00:00,2024-11-27 10:00:00,DEV_009,23
DEV_009_2024-11-27 11:00:00,2024-11-27 11:00:00,DEV_009,71
DEV_009_2024-11-27 12:00:00,2024-11-27 12:00:00,DEV_009,12
DEV_009_2024-11-27 13:00:00,2024-11-27 13:00:00,DEV_009,50
DEV_009_2024-11-27 14:00:00,2024-11-27 14:00:00,DEV_009,2
DEV_009_2024-11-27 15:00:00,2024-11-27 15:00:00,DEV_009,11
DEV_009_2024-11-27 16:00:00,2024-11-27 16:00:00,DEV_009,39
DEV_009_2024-11-27 17:00:00,2024-11-27 17:00:00,DEV_009,47
DEV_009_2024-11-27 18:00:00,2024-11-27 18:00:00,DEV_009,65
DEV_009_2024-11-27 19:00:00,2024-11-27 19:00:00,DEV_009,33
DEV_009_2024-11-27 20:00:00,2024-11-27 20:00:00,DEV_009,84
DEV_009_2024-11-27 21:00:00,2024-11-27 21:00:00,DEV_009,86
DEV_009_2024-11-27 22:00:00,2024-11-27 22:00:00,DEV_009,23
DEV_009_2024-11-27 23:00:00,2024-11-27 23:00:00,DEV_009,35
DEV_009_2024-11-28 00:00:00,2024-11-28 00:00:00,DEV_009,27
DEV_009_2024-11-28 01:00:00,2024-11-28 01:00:00,DEV_009,47
DEV_009_2024-11-28 02:00:00,2024-11-28 02:00:00,DEV_009,11
DEV_009_2024-11-28 03:00:00,2024-11-28 03:00:00,DEV_009,8
DEV_009_2024-11-28 04:00:00,2024-11-28 04:00:00,DEV_009,3
DEV_009_2024-11-28 05:00:00,2024-11-28 05:00:00,DEV_009,45
DEV_009_2024-11-28 06:00:00,2024-11-28 06:00:00,DEV_009,69
DEV_009_2024-11-28 07:00:00,2024-11-28 07:00:00,DEV_009,43
DEV_009_2024-11-28 08:00:00,2024-11-28 08:00:00,DEV_009,59
DEV_009_2024-11-28 09:00:00,2024-11-28 09:00:00,DEV_009,23
DEV_009_2024-11-28 10:00:00,2024-11-28 10:00:00,DEV_009,93
DEV_009_2024-11-28 11:00:00,2024-11-28 11:00:00,DEV_009,76
DEV_009_2024-11-28 12:00:00,2024-11-28 12:00:00,DEV_009,35
DEV_009_2024-11-28 13:00:00,2024-11-28 13:00:00,DEV_009,12
DEV_009_2024-11-28 14:00:00,2024-11-28 14:00:00,DEV_009,12
DEV_009_2024-11-28 15:00:00,2024-11-28 15:00:00,DEV_009,23
DEV_009_2024-11-28 16:00:00,2024-11-28 16:00:00,DEV_009,77
DEV_009_2024-11-28 17:00:00,2024-11-28 17:00:00,DEV_009,19
DEV_009_2024-11-28 18:00:00,2024-11-28 18:00:00,DEV_009,73
DEV_009_2024-11-28 19:00:00,2024-11-28 19:00:00,DEV_009,36
DEV_009_2024-11-28 20:00:00,2024-11-28 20:00:00,DEV_009,61
DEV_009_2024-11-28 21:00:00,2024-11-28 21:00:00,DEV_009,62
DEV_009_2024-11-28 22:00:00,2024-11-28 22:00:00,DEV_009,61
DEV_009_2024-11-28 23:00:00,2024-11-28 23:00:00,DEV_009,18
DEV_009_2024-11-29 00:00:00,2024-11-29 00:00:00,DEV_009,81
DEV_009_2024-11-29 01:00:00,2024-11-29 01:00:00,DEV_009,59
DEV_009_2024-11-29 02:00:00,2024-11-29 02:00:00,DEV_009,49
DEV_009_2024-11-29 03:00:00,2024-11-29 03:00:00,DEV_009,64
DEV_009_2024-11-29 04:00:00,2024-11-29 04:00:00,DEV_009,20
DEV_009_2024-11-29 05:00:00,2024-11-29 05:00:00,DEV_009,87
DEV_009_2024-11-29 06:00:00,2024-11-29 06:00:00,DEV_009,70
DEV_009_2024-11-29 07:00:00,2024-11-29 07:00:00,DEV_009,40
DEV_009_2024-11-29 08:00:00,2024-11-29 08:00:00,DEV_009,22
DEV_009_2024-11-29 09:00:00,2024-11-29 09:00:00,DEV_009,34
DEV_009_2024-11-29 10:00:00,2024-11-29 10:00:00,DEV_009,49
DEV_009_2024-11-29 11:00:00,2024-11-29 11:00:00,DEV_009,63
DEV_009_2024-11-29 12:00:00,2024-11-29 12:00:00,DEV_009,1
DEV_009_2024-11-29 13:00:00,2024-11-29 13:00:00,DEV_009,41
DEV_009_2024-11-29 14:00:00,2024-11-29 14:00:00,DEV_009,49
DEV_009_2024-11-29 15:00:00,2024-11-29 15:00:00,DEV_009,11
DEV_009_2024-11-29 16:00:00,2024-11-29 16:00:00,DEV_009,61
DEV_009_2024-11-29 17:00:00,2024-11-29 17:00:00,DEV_009,27
DEV_009_2024-11-29 18:00:00,2024-11-29 18:00:00,DEV_009,95
DEV_009_2024-11-29 19:00:00,2024-11-29 19:00:00,DEV_009,6
DEV_009_2024-11-29 20:00:00,2024-11-29 20:00:00,DEV_009,57
DEV_009_2024-11-29 21:00:00,2024-11-29 21:00:00,DEV_009,31
DEV_009_2024-11-29 22:00:00,2024-11-29 22:00:00,DEV_009,94
DEV_009_2024-11-29 23:00:00,2024-11-29 23:00:00,DEV_009,63
DEV_009_2024-11-30 00:00:00,2024-11-30 00:00:00,DEV_009,82
DEV_009_2024-11-30 01:00:00,2024-11-30 01:00:00,DEV_009,76
DEV_009_2024-11-30 02:00:00,2024-11-30 02:00:00,DEV_009,62
DEV_009_2024-11-30 03:00:00,2024-11-30 03:00:00,DEV_009,6
DEV_009_2024-11-30 04:00:00,2024-11-30 04:00:00,DEV_009,67
DEV_009_2024-11-30 05:00:00,2024-11-30 05:00:00,DEV_009,77
DEV_009_2024-11-30 06:00:00,2024-11-30 06:00:00,DEV_009,19
DEV_009_2024-11-30 07:00:00,2024-11-30 07:00:00,DEV_009,98
DEV_009_2024-11-30 08:00:00,2024-11-30 08:00:00,DEV_009,77
DEV_009_2024-11-30 09:00:00,2024-11-30 09:00:00,DEV_009,8
DEV_009_2024-11-30 10:00:00,2024-11-30 10:00:00,DEV_009,46
DEV_009_2024-11-30 11:00:00,2024-11-30 11:00:00,DEV_009,58
DEV_009_2024-11-30 12:00:00,2024-11-30 12:00:00,DEV_009,53
DEV_009_2024-11-30 13:00:00,2024-11-30 13:00:00,DEV_009,29
DEV_009_2024-11-30 14:00:00,2024-11-30 14:00:00,DEV_009,89
DEV_009_2024-11-30 15:00:00,2024-11-30 15:00:00,DEV_009,12
DEV_009_2024-11-30 16:00:00,2024-11-30 16:00:00,DEV_009,21
DEV_009_2024-11-30 17:00:00,2024-11-30 17:00:00,DEV_009,73
DEV_009_2024-11-30 18:00:00,2024-11-30 18:00:00,DEV_009,60
DEV_009_2024-11-30 19:00:00,2024-11-30 19:00:00,DEV_009,81
DEV_009_2024-11-30 20:00:00,2024-11-30 20:00:00,DEV_009,94
DEV_009_2024-11-30 21:00:00,2024-11-30 21:00:00,DEV_009,93
DEV_009_2024-11-30 22:00:00,2024-11-30 22:00:00,DEV_009,17
DEV_009_2024-11-30 23:00:00,2024-11-30 23:00:00,DEV_009,72
DEV_009_2024-12-01 00:00:00,2024-12-01 00:00:00,DEV_009,41
DEV_009_2024-12-01 01:00:00,2024-12-01 01:00:00,DEV_009,9
DEV_009_2024-12-01 02:00:00,2024-12-01 02:00:00,DEV_009,97
DEV_009_2024-12-01 03:00:00,2024-12-01 03:00:00,DEV_009,70
DEV_009_2024-12-01 04:00:00,2024-12-01 04:00:00,DEV_009,2
DEV_009_2024-12-01 05:00:00,2024-12-01 05:00:00,DEV_009,26
DEV_009_2024-12-01 06:00:00,2024-12-01 06:00:00,DEV_009,37
DEV_009_2024-12-01 07:00:00,2024-12-01 07:00:00,DEV_009,55
DEV_009_2024-12-01 08:00:00,2024-12-01 08:00:00,DEV_009,22
DEV_009_2024-12-01 09:00:00,2024-12-01 09:00:00,DEV_009,8
DEV_009_2024-12-01 10:00:00,2024-12-01 10:00:00,DEV_009,91
DEV_009_2024-12-01 11:00:00,2024-12-01 11:00:00,DEV_009,96
DEV_009_2024-12-01 12:00:00,2024-12-01 12:00:00,DEV_009,72
DEV_009_2024-12-01 13:00:00,2024-12-01 13:00:00,DEV_009,92
DEV_009_2024-12-01 14:00:00,2024-12-01 14:00:00,DEV_009,16
DEV_009_2024-12-01 15:00:00,2024-12-01 15:00:00,DEV_009,52
DEV_009_2024-12-01 16:00:00,2024-12-01 16:00:00,DEV_009,69
DEV_009_2024-12-01 17:00:00,2024-12-01 17:00:00,DEV_009,98
DEV_009_2024-12-01 18:00:00,2024-12-01 18:00:00,DEV_009,59
DEV_009_2024-12-01 19:00:00,2024-12-01 19:00:00,DEV_009,40
DEV_009_2024-12-01 20:00:00,2024-12-01 20:00:00,DEV_009,90
DEV_009_2024-12-01 21:00:00,2024-12-01 21:00:00,DEV_009,29
DEV_009_2024-12-01 22:00:00,2024-12-01 22:00:00,DEV_009,51
DEV_009_2024-12-01 23:00:00,2024-12-01 23:00:00,DEV_009,25
DEV_009_2024-12-02 00:00:00,2024-12-02 00:00:00,DEV_009,56
DEV_009_2024-12-02 01:00:00,2024-12-02 01:00:00,DEV_009,4
DEV_009_2024-12-02 02:00:00,2024-12-02 02:00:00,DEV_009,76
DEV_009_2024-12-02 03:00:00,2024-12-02 03:00:00,DEV_009,82
DEV_009_2024-12-02 04:00:00,2024-12-02 04:00:00,DEV_009,31
DEV_009_2024-12-02 05:00:00,2024-12-02 05:00:00,DEV_009,17
DEV_009_2024-12-02 06:00:00,2024-12-02 06:00:00,DEV_009,82
DEV_009_2024-12-02 07:00:00,2024-12-02 07:00:00,DEV_009,66
DEV_009_2024-12-02 08:00:00,2024-12-02 08:00:00,DEV_009,43
DEV_009_2024-12-02 09:00:00,2024-12-02 09:00:00,DEV_009,12
DEV_009_2024-12-02 10:00:00,2024-12-02 10:00:00,DEV_009,17
DEV_009_2024-12-02 11:00:00,2024-12-02 11:00:00,DEV_009,46
DEV_009_2024-12-02 12:00:00,2024-12-02 12:00:00,DEV_009,20
DEV_009_2024-12-02 13:00:00,2024-12-02 13:00:00,DEV_009,7
DEV_009_2024-12-02 14:00:00,2024-12-02 14:00:00,DEV_009,4
DEV_009_2024-12-02 15:00:00,2024-12-02 15:00:00,DEV_009,75
DEV_009_2024-12-02 16:00:00,2024-12-02 16:00:00,DEV_009,98
DEV_009_2024-12-02 17:00:00,2024-12-02 17:00:00,DEV_009,45
DEV_009_2024-12-02 18:00:00,2024-12-02 18:00:00,DEV_009,57
DEV_009_2024-12-02 19:00:00,2024-12-02 19:00:00,DEV_009,85
DEV_009_2024-12-02 20:00:00,2024-12-02 20:00:00,DEV_009,24
DEV_009_2024-12-02 21:00:00,2024-12-02 21:00:00,DEV_009,55
DEV_009_2024-12-02 22:00:00,2024-12-02 22:00:00,DEV_009,63
DEV_009_2024-12-02 23:00:00,2024-12-02 23:00:00,DEV_009,42
DEV_009_2024-12-03 00:00:00,2024-12-03 00:00:00,DEV_009,75
DEV_009_2024-12-03 01:00:00,2024-12-03 01:00:00,DEV_009,72
DEV_009_2024-12-03 02:00:00,2024-12-03 02:00:00,DEV_009,18
DEV_009_2024-12-03 03:00:00,2024-12-03 03:00:00,DEV_009,5
DEV_009_2024-12-03 04:00:00,2024-12-03 04:00:00,DEV_009,22
DEV_009_2024-12-03 05:00:00,2024-12-03 05:00:00,DEV_009,5
DEV_009_2024-12-03 06:00:00,2024-12-03 06:00:00,DEV_009,41
DEV_009_2024-12-03 07:00:00,2024-12-03 07:00:00,DEV_009,96
DEV_009_2024-12-03 08:00:00,2024-12-03 08:00:00,DEV_009,69
DEV_009_2024-12-03 09:00:00,2024-12-03 09:00:00,DEV_009,9
DEV_009_2024-12-03 10:00:00,2024-12-03 10:00:00,DEV_009,29
DEV_009_2024-12-03 11:00:00,2024-12-03 11:00:00,DEV_009,20
DEV_009_2024-12-03 12:00:00,2024-12-03 12:00:00,DEV_009,91
DEV_009_2024-12-03 13:00:00,2024-12-03 13:00:00,DEV_009,27
DEV_009_2024-12-03 14:00:00,2024-12-03 14:00:00,DEV_009,86
DEV_009_2024-12-03 15:00:00,2024-12-03 15:00:00,DEV_009,80
DEV_009_2024-12-03 16:00:00,2024-12-03 16:00:00,DEV_009,5
DEV_009_2024-12-03 17:00:00,2024-12-03 17:00:00,DEV_009,14
DEV_009_2024-12-03 18:00:00,2024-12-03 18:00:00,DEV_009,89
DEV_009_2024-12-03 19:00:00,2024-12-03 19:00:00,DEV_009,22
DEV_009_2024-12-03 20:00:00,2024-12-03 20:00:00,DEV_009,55
DEV_009_2024-12-03 21:00:00,2024-12-03 21:00:00,DEV_009,37
DEV_009_2024-12-03 22:00:00,2024-12-03 22:00:00,DEV_009,93
DEV_009_2024-12-03 23:00:00,2024-12-03 23:00:00,DEV_009,98
DEV_009_2024-12-04 00:00:00,2024-12-04 00:00:00,DEV_009,13
DEV_009_2024-12-04 01:00:00,2024-12-04 01:00:00,DEV_009,52
DEV_009_2024-12-04 02:00:00,2024-12-04 02:00:00,DEV_009,13
DEV_009_2024-12-04 03:00:00,2024-12-04 03:00:00,DEV_009,96
DEV_009_2024-12-04 04:00:00,2024-12-04 04:00:00,DEV_009,76
DEV_009_2024-12-04 05:00:00,2024-12-04 05:00:00,DEV_009,15
DEV_009_2024-12-04 06:00:00,2024-12-04 06:00:00,DEV_009,32
DEV_009_2024-12-04 07:00:00,2024-12-04 07:00:00,DEV_009,38
DEV_009_2024-12-04 08:00:00,2024-12-04 08:00:00,DEV_009,27
DEV_009_2024-12-04 09:00:00,2024-12-04 09:00:00,DEV_009,70
DEV_009_2024-12-04 10:00:00,2024-12-04 10:00:00,DEV_009,77
DEV_009_2024-12-04 11:00:00,2024-12-04 11:00:00,DEV_009,10
DEV_009_2024-12-04 12:00:00,2024-12-04 12:00:00,DEV_009,66
DEV_009_2024-12-04 13:00:00,2024-12-04 13:00:00,DEV_009,21
DEV_009_2024-12-04 14:00:00,2024-12-04 14:00:00,DEV_009,76
DEV_009_2024-12-04 15:00:00,2024-12-04 15:00:00,DEV_009,74
DEV_009_2024-12-04 16:00:00,2024-12-04 16:00:00,DEV_009,51
DEV_009_2024-12-04 17:00:00,2024-12-04 17:00:00,DEV_009,52
DEV_009_2024-12-04 18:00:00,2024-12-04 18:00:00,DEV_009,77
DEV_009_2024-12-04 19:00:00,2024-12-04 19:00:00,DEV_009,14
DEV_009_2024-12-04 20:00:00,2024-12-04 20:00:00,DEV_009,76
DEV_009_2024-12-04 21:00:00,2024-12-04 21:00:00,DEV_009,58
DEV_009_2024-12-04 22:00:00,2024-12-04 22:00:00,DEV_009,3
DEV_009_2024-12-04 23:00:00,2024-12-04 23:00:00,DEV_009,22
DEV_009_2024-12-05 00:00:00,2024-12-05 00:00:00,DEV_009,36
DEV_009_2024-12-05 01:00:00,2024-12-05 01:00:00,DEV_009,70
DEV_009_2024-12-05 02:00:00,2024-12-05 02:00:00,DEV_009,6
DEV_009_2024-12-05 03:00:00,2024-12-05 03:00:00,DEV_009,87
DEV_009_2024-12-05 04:00:00,2024-12-05 04:00:00,DEV_009,4
DEV_009_2024-12-05 05:00:00,2024-12-05 05:00:00,DEV_009,3
DEV_009_2024-12-05 06:00:00,2024-12-05 06:00:00,DEV_009,93
DEV_009_2024-12-05 07:00:00,2024-12-05 07:00:00,DEV_009,43
DEV_009_2024-12-05 08:00:00,2024-12-05 08:00:00,DEV_009,63
DEV_009_2024-12-05 09:00:00,2024-12-05 09:00:00,DEV_009,7
DEV_009_2024-12-05 10:00:00,2024-12-05 10:00:00,DEV_009,74
DEV_009_2024-12-05 11:00:00,2024-12-05 11:00:00,DEV_009,57
DEV_009_2024-12-05 12:00:00,2024-12-05 12:00:00,DEV_009,47
DEV_009_2024-12-05 13:00:00,2024-12-05 13:00:00,DEV_009,31
DEV_009_2024-12-05 14:00:00,2024-12-05 14:00:00,DEV_009,46
DEV_009_2024-12-05 15:00:00,2024-12-05 15:00:00,DEV_009,80
DEV_009_2024-12-05 16:00:00,2024-12-05 16:00:00,DEV_009,58
DEV_009_2024-12-05 17:00:00,2024-12-05 17:00:00,DEV_009,83
DEV_009_2024-12-05 18:00:00,2024-12-05 18:00:00,DEV_009,25
DEV_009_2024-12-05 19:00:00,2024-12-05 19:00:00,DEV_009,1
DEV_009_2024-12-05 20:00:00,2024-12-05 20:00:00,DEV_009,21
DEV_009_2024-12-05 21:00:00,2024-12-05 21:00:00,DEV_009,59
DEV_009_2024-12-05 22:00:00,2024-12-05 22:00:00,DEV_009,23
DEV_009_2024-12-05 23:00:00,2024-12-05 23:00:00,DEV_009,22
DEV_009_2024-12-06 00:00:00,2024-12-06 00:00:00,DEV_009,34
DEV_009_2024-12-06 01:00:00,2024-12-06 01:00:00,DEV_009,82
DEV_009_2024-12-06 02:00:00,2024-12-06 02:00:00,DEV_009,81
DEV_009_2024-12-06 03:00:00,2024-12-06 03:00:00,DEV_009,46
DEV_009_2024-12-06 04:00:00,2024-12-06 04:00:00,DEV_009,77
DEV_009_2024-12-06 05:00:00,2024-12-06 05:00:00,DEV_009,73
DEV_009_2024-12-06 06:00:00,2024-12-06 06:00:00,DEV_009,89
DEV_009_2024-12-06 07:00:00,2024-12-06 07:00:00,DEV_009,24
DEV_009_2024-12-06 08:00:00,2024-12-06 08:00:00,DEV_009,83
DEV_009_2024-12-06 09:00:00,2024-12-06 09:00:00,DEV_009,36
DEV_009_2024-12-06 10:00:00,2024-12-06 10:00:00,DEV_009,77
DEV_009_2024-12-06 11:00:00,2024-12-06 11:00:00,DEV_009,76
DEV_009_2024-12-06 12:00:00,2024-12-06 12:00:00,DEV_009,60
DEV_009_2024-12-06 13:00:00,2024-12-06 13:00:00,DEV_009,92
DEV_009_2024-12-06 14:00:00,2024-12-06 14:00:00,DEV_009,65
DEV_009_2024-12-06 15:00:00,2024-12-06 15:00:00,DEV_009,33
DEV_009_2024-12-06 16:00:00,2024-12-06 16:00:00,DEV_009,78
DEV_009_2024-12-06 17:00:00,2024-12-06 17:00:00,DEV_009,84
DEV_009_2024-12-06 18:00:00,2024-12-06 18:00:00,DEV_009,10
DEV_009_2024-12-06 19:00:00,2024-12-06 19:00:00,DEV_009,61
DEV_009_2024-12-06 20:00:00,2024-12-06 20:00:00,DEV_009,36
DEV_009_2024-12-06 21:00:00,2024-12-06 21:00:00,DEV_009,67
DEV_009_2024-12-06 22:00:00,2024-12-06 22:00:00,DEV_009,69
DEV_009_2024-12-06 23:00:00,2024-12-06 23:00:00,DEV_009,42
DEV_009_2024-12-07 00:00:00,2024-12-07 00:00:00,DEV_009,7
DEV_009_2024-12-07 01:00:00,2024-12-07 01:00:00,DEV_009,21
DEV_009_2024-12-07 02:00:00,2024-12-07 02:00:00,DEV_009,60
DEV_009_2024-12-07 03:00:00,2024-12-07 03:00:00,DEV_009,2
DEV_009_2024-12-07 04:00:00,2024-12-07 04:00:00,DEV_009,29
DEV_009_2024-12-07 05:00:00,2024-12-07 05:00:00,DEV_009,97
DEV_009_2024-12-07 06:00:00,2024-12-07 06:00:00,DEV_009,32
DEV_009_2024-12-07 07:00:00,2024-12-07 07:00:00,DEV_009,68
DEV_009_2024-12-07 08:00:00,2024-12-07 08:00:00,DEV_009,12
DEV_009_2024-12-07 09:00:00,2024-12-07 09:00:00,DEV_009,80
DEV_009_2024-12-07 10:00:00,2024-12-07 10:00:00,DEV_009,31
DEV_009_2024-12-07 11:00:00,2024-12-07 11:00:00,DEV_009,46
DEV_009_2024-12-07 12:00:00,2024-12-07 12:00:00,DEV_009,10
DEV_009_2024-12-07 13:00:00,2024-12-07 13:00:00,DEV_009,45
DEV_009_2024-12-07 14:00:00,2024-12-07 14:00:00,DEV_009,75
DEV_009_2024-12-07 15:00:00,2024-12-07 15:00:00,DEV_009,1
DEV_009_2024-12-07 16:00:00,2024-12-07 16:00:00,DEV_009,17
DEV_009_2024-12-07 17:00:00,2024-12-07 17:00:00,DEV_009,73
DEV_009_2024-12-07 18:00:00,2024-12-07 18:00:00,DEV_009,71
DEV_009_2024-12-07 19:00:00,2024-12-07 19:00:00,DEV_009,65
DEV_009_2024-12-07 20:00:00,2024-12-07 20:00:00,DEV_009,74
DEV_009_2024-12-07 21:00:00,2024-12-07 21:00:00,DEV_009,55
DEV_009_2024-12-07 22:00:00,2024-12-07 22:00:00,DEV_009,96
DEV_009_2024-12-07 23:00:00,2024-12-07 23:00:00,DEV_009,23
DEV_009_2024-12-08 00:00:00,2024-12-08 00:00:00,DEV_009,69
DEV_009_2024-12-08 01:00:00,2024-12-08 01:00:00,DEV_009,76
DEV_009_2024-12-08 02:00:00,2024-12-08 02:00:00,DEV_009,81
DEV_009_2024-12-08 03:00:00,2024-12-08 03:00:00,DEV_009,85
DEV_009_2024-12-08 04:00:00,2024-12-08 04:00:00,DEV_009,87
DEV_009_2024-12-08 05:00:00,2024-12-08 05:00:00,DEV_009,29
DEV_009_2024-12-08 06:00:00,2024-12-08 06:00:00,DEV_009,98
DEV_009_2024-12-08 07:00:00,2024-12-08 07:00:00,DEV_009,91
DEV_009_2024-12-08 08:00:00,2024-12-08 08:00:00,DEV_009,67
DEV_009_2024-12-08 09:00:00,2024-12-08 09:00:00,DEV_009,14
DEV_009_2024-12-08 10:00:00,2024-12-08 10:00:00,DEV_009,87
DEV_009_2024-12-08 11:00:00,2024-12-08 11:00:00,DEV_009,83
DEV_009_2024-12-08 12:00:00,2024-12-08 12:00:00,DEV_009,90
DEV_009_2024-12-08 13:00:00,2024-12-08 13:00:00,DEV_009,84
DEV_009_2024-12-08 14:00:00,2024-12-08 14:00:00,DEV_009,73
DEV_009_2024-12-08 15:00:00,2024-12-08 15:00:00,DEV_009,11
DEV_009_2024-12-08 16:00:00,2024-12-08 16:00:00,DEV_009,69
DEV_009_2024-12-08 17:00:00,2024-12-08 17:00:00,DEV_009,78
DEV_009_2024-12-08 18:00:00,2024-12-08 18:00:00,DEV_009,40
DEV_009_2024-12-08 19:00:00,2024-12-08 19:00:00,DEV_009,88
DEV_009_2024-12-08 20:00:00,2024-12-08 20:00:00,DEV_009,96
DEV_009_2024-12-08 21:00:00,2024-12-08 21:00:00,DEV_009,86
DEV_009_2024-12-08 22:00:00,2024-12-08 22:00:00,DEV_009,49
DEV_009_2024-12-08 23:00:00,2024-12-08 23:00:00,DEV_009,36
DEV_009_2024-12-09 00:00:00,2024-12-09 00:00:00,DEV_009,10
DEV_009_2024-12-09 01:00:00,2024-12-09 01:00:00,DEV_009,59
DEV_009_2024-12-09 02:00:00,2024-12-09 02:00:00,DEV_009,92
DEV_009_2024-12-09 03:00:00,2024-12-09 03:00:00,DEV_009,5
DEV_009_2024-12-09 04:00:00,2024-12-09 04:00:00,DEV_009,5
DEV_009_2024-12-09 05:00:00,2024-12-09 05:00:00,DEV_009,99
DEV_009_2024-12-09 06:00:00,2024-12-09 06:00:00,DEV_009,71
DEV_009_2024-12-09 07:00:00,2024-12-09 07:00:00,DEV_009,43
DEV_009_2024-12-09 08:00:00,2024-12-09 08:00:00,DEV_009,48
DEV_009_2024-12-09 09:00:00,2024-12-09 09:00:00,DEV_009,97
DEV_009_2024-12-09 10:00:00,2024-12-09 10:00:00,DEV_009,21
DEV_009_2024-12-09 11:00:00,2024-12-09 11:00:00,DEV_009,73
DEV_009_2024-12-09 12:00:00,2024-12-09 12:00:00,DEV_009,55
DEV_009_2024-12-09 13:00:00,2024-12-09 13:00:00,DEV_009,45
DEV_009_2024-12-09 14:00:00,2024-12-09 14:00:00,DEV_009,5
DEV_009_2024-12-09 15:00:00,2024-12-09 15:00:00,DEV_009,6
DEV_009_2024-12-09 16:00:00,2024-12-09 16:00:00,DEV_009,96
DEV_009_2024-12-09 17:00:00,2024-12-09 17:00:00,DEV_009,42
DEV_009_2024-12-09 18:00:00,2024-12-09 18:00:00,DEV_009,62
DEV_009_2024-12-09 19:00:00,2024-12-09 19:00:00,DEV_009,89
DEV_009_2024-12-09 20:00:00,2024-12-09 20:00:00,DEV_009,2
DEV_009_2024-12-09 21:00:00,2024-12-09 21:00:00,DEV_009,89
DEV_009_2024-12-09 22:00:00,2024-12-09 22:00:00,DEV_009,32
DEV_009_2024-12-09 23:00:00,2024-12-09 23:00:00,DEV_009,1
DEV_009_2024-12-10 00:00:00,2024-12-10 00:00:00,DEV_009,5
DEV_009_2024-12-10 01:00:00,2024-12-10 01:00:00,DEV_009,84
DEV_009_2024-12-10 02:00:00,2024-12-10 02:00:00,DEV_009,53
DEV_009_2024-12-10 03:00:00,2024-12-10 03:00:00,DEV_009,49
DEV_009_2024-12-10 04:00:00,2024-12-10 04:00:00,DEV_009,47
DEV_009_2024-12-10 05:00:00,2024-12-10 05:00:00,DEV_009,51
DEV_009_2024-12-10 06:00:00,2024-12-10 06:00:00,DEV_009,4
DEV_009_2024-12-10 07:00:00,2024-12-10 07:00:00,DEV_009,53
DEV_009_2024-12-10 08:00:00,2024-12-10 08:00:00,DEV_009,28
DEV_009_2024-12-10 09:00:00,2024-12-10 09:00:00,DEV_009,88
DEV_009_2024-12-10 10:00:00,2024-12-10 10:00:00,DEV_009,40
DEV_009_2024-12-10 11:00:00,2024-12-10 11:00:00,DEV_009,7
DEV_009_2024-12-10 12:00:00,2024-12-10 12:00:00,DEV_009,2
DEV_009_2024-12-10 13:00:00,2024-12-10 13:00:00,DEV_009,96
DEV_009_2024-12-10 14:00:00,2024-12-10 14:00:00,DEV_009,75
DEV_009_2024-12-10 15:00:00,2024-12-10 15:00:00,DEV_009,82
DEV_009_2024-12-10 16:00:00,2024-12-10 16:00:00,DEV_009,15
DEV_009_2024-12-10 17:00:00,2024-12-10 17:00:00,DEV_009,24
DEV_009_2024-12-10 18:00:00,2024-12-10 18:00:00,DEV_009,16
DEV_009_2024-12-10 19:00:00,2024-12-10 19:00:00,DEV_009,92
DEV_009_2024-12-10 20:00:00,2024-12-10 20:00:00,DEV_009,86
DEV_009_2024-12-10 21:00:00,2024-12-10 21:00:00,DEV_009,3
DEV_009_2024-12-10 22:00:00,2024-12-10 22:00:00,DEV_009,55
DEV_009_2024-12-10 23:00:00,2024-12-10 23:00:00,DEV_009,49
DEV_009_2024-12-11 00:00:00,2024-12-11 00:00:00,DEV_009,6
DEV_009_2024-12-11 01:00:00,2024-12-11 01:00:00,DEV_009,16
DEV_009_2024-12-11 02:00:00,2024-12-11 02:00:00,DEV_009,19
DEV_009_2024-12-11 03:00:00,2024-12-11 03:00:00,DEV_009,4
DEV_009_2024-12-11 04:00:00,2024-12-11 04:00:00,DEV_009,34
DEV_009_2024-12-11 05:00:00,2024-12-11 05:00:00,DEV_009,40
DEV_009_2024-12-11 06:00:00,2024-12-11 06:00:00,DEV_009,6
DEV_009_2024-12-11 07:00:00,2024-12-11 07:00:00,DEV_009,24
DEV_009_2024-12-11 08:00:00,2024-12-11 08:00:00,DEV_009,79
DEV_009_2024-12-11 09:00:00,2024-12-11 09:00:00,DEV_009,72
DEV_009_2024-12-11 10:00:00,2024-12-11 10:00:00,DEV_009,6
DEV_009_2024-12-11 11:00:00,2024-12-11 11:00:00,DEV_009,53
DEV_009_2024-12-11 12:00:00,2024-12-11 12:00:00,DEV_009,42
DEV_009_2024-12-11 13:00:00,2024-12-11 13:00:00,DEV_009,61
DEV_009_2024-12-11 14:00:00,2024-12-11 14:00:00,DEV_009,37
DEV_009_2024-12-11 15:00:00,2024-12-11 15:00:00,DEV_009,45
DEV_009_2024-12-11 16:00:00,2024-12-11 16:00:00,DEV_009,94
DEV_009_2024-12-11 17:00:00,2024-12-11 17:00:00,DEV_009,41
DEV_009_2024-12-11 18:00:00,2024-12-11 18:00:00,DEV_009,58
DEV_009_2024-12-11 19:00:00,2024-12-11 19:00:00,DEV_009,9
DEV_009_2024-12-11 20:00:00,2024-12-11 20:00:00,DEV_009,30
DEV_009_2024-12-11 21:00:00,2024-12-11 21:00:00,DEV_009,32
DEV_009_2024-12-11 22:00:00,2024-12-11 22:00:00,DEV_009,83
DEV_009_2024-12-11 23:00:00,2024-12-11 23:00:00,DEV_009,59
DEV_009_2024-12-12 00:00:00,2024-12-12 00:00:00,DEV_009,78
DEV_009_2024-12-12 01:00:00,2024-12-12 01:00:00,DEV_009,80
DEV_009_2024-12-12 02:00:00,2024-12-12 02:00:00,DEV_009,37
DEV_009_2024-12-12 03:00:00,2024-12-12 03:00:00,DEV_009,74
DEV_009_2024-12-12 04:00:00,2024-12-12 04:00:00,DEV_009,97
DEV_009_2024-12-12 05:00:00,2024-12-12 05:00:00,DEV_009,2
DEV_009_2024-12-12 06:00:00,2024-12-12 06:00:00,DEV_009,55
DEV_009_2024-12-12 07:00:00,2024-12-12 07:00:00,DEV_009,93
DEV_009_2024-12-12 08:00:00,2024-12-12 08:00:00,DEV_009,25
DEV_009_2024-12-12 09:00:00,2024-12-12 09:00:00,DEV_009,63
DEV_009_2024-12-12 10:00:00,2024-12-12 10:00:00,DEV_009,73
DEV_009_2024-12-12 11:00:00,2024-12-12 11:00:00,DEV_009,58
DEV_009_2024-12-12 12:00:00,2024-12-12 12:00:00,DEV_009,42
DEV_009_2024-12-12 13:00:00,2024-12-12 13:00:00,DEV_009,69
DEV_009_2024-12-12 14:00:00,2024-12-12 14:00:00,DEV_009,62
DEV_009_2024-12-12 15:00:00,2024-12-12 15:00:00,DEV_009,8
DEV_009_2024-12-12 16:00:00,2024-12-12 16:00:00,DEV_009,98
DEV_009_2024-12-12 17:00:00,2024-12-12 17:00:00,DEV_009,44
DEV_009_2024-12-12 18:00:00,2024-12-12 18:00:00,DEV_009,82
DEV_009_2024-12-12 19:00:00,2024-12-12 19:00:00,DEV_009,93
DEV_009_2024-12-12 20:00:00,2024-12-12 20:00:00,DEV_009,43
DEV_009_2024-12-12 21:00:00,2024-12-12 21:00:00,DEV_009,44
DEV_009_2024-12-12 22:00:00,2024-12-12 22:00:00,DEV_009,69
DEV_009_2024-12-12 23:00:00,2024-12-12 23:00:00,DEV_009,19
DEV_009_2024-12-13 00:00:00,2024-12-13 00:00:00,DEV_009,58
DEV_009_2024-12-13 01:00:00,2024-12-13 01:00:00,DEV_009,71
DEV_009_2024-12-13 02:00:00,2024-12-13 02:00:00,DEV_009,87
DEV_009_2024-12-13 03:00:00,2024-12-13 03:00:00,DEV_009,9
DEV_009_2024-12-13 04:00:00,2024-12-13 04:00:00,DEV_009,59
DEV_009_2024-12-13 05:00:00,2024-12-13 05:00:00,DEV_009,63
DEV_009_2024-12-13 06:00:00,2024-12-13 06:00:00,DEV_009,18
DEV_009_2024-12-13 07:00:00,2024-12-13 07:00:00,DEV_009,96
DEV_009_2024-12-13 08:00:00,2024-12-13 08:00:00,DEV_009,63
DEV_009_2024-12-13 09:00:00,2024-12-13 09:00:00,DEV_009,62
DEV_009_2024-12-13 10:00:00,2024-12-13 10:00:00,DEV_009,59
DEV_009_2024-12-13 11:00:00,2024-12-13 11:00:00,DEV_009,44
DEV_009_2024-12-13 12:00:00,2024-12-13 12:00:00,DEV_009,64
DEV_009_2024-12-13 13:00:00,2024-12-13 13:00:00,DEV_009,7
DEV_009_2024-12-13 14:00:00,2024-12-13 14:00:00,DEV_009,18
DEV_009_2024-12-13 15:00:00,2024-12-13 15:00:00,DEV_009,92
DEV_009_2024-12-13 16:00:00,2024-12-13 16:00:00,DEV_009,85
DEV_009_2024-12-13 17:00:00,2024-12-13 17:00:00,DEV_009,37
DEV_009_2024-12-13 18:00:00,2024-12-13 18:00:00,DEV_009,83
DEV_009_2024-12-13 19:00:00,2024-12-13 19:00:00,DEV_009,36
DEV_009_2024-12-13 20:00:00,2024-12-13 20:00:00,DEV_009,1
DEV_009_2024-12-13 21:00:00,2024-12-13 21:00:00,DEV_009,8
DEV_009_2024-12-13 22:00:00,2024-12-13 22:00:00,DEV_009,98
DEV_009_2024-12-13 23:00:00,2024-12-13 23:00:00,DEV_009,52
DEV_009_2024-12-14 00:00:00,2024-12-14 00:00:00,DEV_009,61
DEV_009_2024-12-14 01:00:00,2024-12-14 01:00:00,DEV_009,80
DEV_009_2024-12-14 02:00:00,2024-12-14 02:00:00,DEV_009,50
DEV_009_2024-12-14 03:00:00,2024-12-14 03:00:00,DEV_009,83
DEV_009_2024-12-14 04:00:00,2024-12-14 04:00:00,DEV_009,11
DEV_009_2024-12-14 05:00:00,2024-12-14 05:00:00,DEV_009,48
DEV_009_2024-12-14 06:00:00,2024-12-14 06:00:00,DEV_009,55
DEV_009_2024-12-14 07:00:00,2024-12-14 07:00:00,DEV_009,12
DEV_009_2024-12-14 08:00:00,2024-12-14 08:00:00,DEV_009,37
DEV_009_2024-12-14 09:00:00,2024-12-14 09:00:00,DEV_009,47
DEV_009_2024-12-14 10:00:00,2024-12-14 10:00:00,DEV_009,37
DEV_009_2024-12-14 11:00:00,2024-12-14 11:00:00,DEV_009,23
DEV_009_2024-12-14 12:00:00,2024-12-14 12:00:00,DEV_009,14
DEV_009_2024-12-14 13:00:00,2024-12-14 13:00:00,DEV_009,22
DEV_009_2024-12-14 14:00:00,2024-12-14 14:00:00,DEV_009,67
DEV_009_2024-12-14 15:00:00,2024-12-14 15:00:00,DEV_009,31
DEV_009_2024-12-14 16:00:00,2024-12-14 16:00:00,DEV_009,74
DEV_009_2024-12-14 17:00:00,2024-12-14 17:00:00,DEV_009,76
DEV_009_2024-12-14 18:00:00,2024-12-14 18:00:00,DEV_009,61
DEV_009_2024-12-14 19:00:00,2024-12-14 19:00:00,DEV_009,34
DEV_009_2024-12-14 20:00:00,2024-12-14 20:00:00,DEV_009,41
DEV_009_2024-12-14 21:00:00,2024-12-14 21:00:00,DEV_009,26
DEV_009_2024-12-14 22:00:00,2024-12-14 22:00:00,DEV_009,16
DEV_009_2024-12-14 23:00:00,2024-12-14 23:00:00,DEV_009,48
DEV_009_2024-12-15 00:00:00,2024-12-15 00:00:00,DEV_009,72
DEV_009_2024-12-15 01:00:00,2024-12-15 01:00:00,DEV_009,30
DEV_009_2024-12-15 02:00:00,2024-12-15 02:00:00,DEV_009,7
DEV_009_2024-12-15 03:00:00,2024-12-15 03:00:00,DEV_009,62
DEV_009_2024-12-15 04:00:00,2024-12-15 04:00:00,DEV_009,21
DEV_009_2024-12-15 05:00:00,2024-12-15 05:00:00,DEV_009,94
DEV_009_2024-12-15 06:00:00,2024-12-15 06:00:00,DEV_009,10
DEV_009_2024-12-15 07:00:00,2024-12-15 07:00:00,DEV_009,86
DEV_009_2024-12-15 08:00:00,2024-12-15 08:00:00,DEV_009,45
DEV_009_2024-12-15 09:00:00,2024-12-15 09:00:00,DEV_009,47
DEV_009_2024-12-15 10:00:00,2024-12-15 10:00:00,DEV_009,45
DEV_009_2024-12-15 11:00:00,2024-12-15 11:00:00,DEV_009,13
DEV_009_2024-12-15 12:00:00,2024-12-15 12:00:00,DEV_009,46
DEV_009_2024-12-15 13:00:00,2024-12-15 13:00:00,DEV_009,19
DEV_009_2024-12-15 14:00:00,2024-12-15 14:00:00,DEV_009,76
DEV_009_2024-12-15 15:00:00,2024-12-15 15:00:00,DEV_009,88
DEV_009_2024-12-15 16:00:00,2024-12-15 16:00:00,DEV_009,56
DEV_009_2024-12-15 17:00:00,2024-12-15 17:00:00,DEV_009,37
DEV_009_2024-12-15 18:00:00,2024-12-15 18:00:00,DEV_009,94
DEV_009_2024-12-15 19:00:00,2024-12-15 19:00:00,DEV_009,30
DEV_009_2024-12-15 20:00:00,2024-12-15 20:00:00,DEV_009,68
DEV_009_2024-12-15 21:00:00,2024-12-15 21:00:00,DEV_009,79
DEV_009_2024-12-15 22:00:00,2024-12-15 22:00:00,DEV_009,81
DEV_009_2024-12-15 23:00:00,2024-12-15 23:00:00,DEV_009,47
DEV_009_2024-12-16 00:00:00,2024-12-16 00:00:00,DEV_009,97
DEV_009_2024-12-16 01:00:00,2024-12-16 01:00:00,DEV_009,89
DEV_009_2024-12-16 02:00:00,2024-12-16 02:00:00,DEV_009,61
DEV_009_2024-12-16 03:00:00,2024-12-16 03:00:00,DEV_009,49
DEV_009_2024-12-16 04:00:00,2024-12-16 04:00:00,DEV_009,66
DEV_009_2024-12-16 05:00:00,2024-12-16 05:00:00,DEV_009,31
DEV_009_2024-12-16 06:00:00,2024-12-16 06:00:00,DEV_009,76
DEV_009_2024-12-16 07:00:00,2024-12-16 07:00:00,DEV_009,8
DEV_009_2024-12-16 08:00:00,2024-12-16 08:00:00,DEV_009,28
DEV_009_2024-12-16 09:00:00,2024-12-16 09:00:00,DEV_009,73
DEV_009_2024-12-16 10:00:00,2024-12-16 10:00:00,DEV_009,38
DEV_009_2024-12-16 11:00:00,2024-12-16 11:00:00,DEV_009,91
DEV_009_2024-12-16 12:00:00,2024-12-16 12:00:00,DEV_009,96
DEV_009_2024-12-16 13:00:00,2024-12-16 13:00:00,DEV_009,42
DEV_009_2024-12-16 14:00:00,2024-12-16 14:00:00,DEV_009,70
DEV_009_2024-12-16 15:00:00,2024-12-16 15:00:00,DEV_009,48
DEV_009_2024-12-16 16:00:00,2024-12-16 16:00:00,DEV_009,77
DEV_009_2024-12-16 17:00:00,2024-12-16 17:00:00,DEV_009,65
DEV_009_2024-12-16 18:00:00,2024-12-16 18:00:00,DEV_009,63
DEV_009_2024-12-16 19:00:00,2024-12-16 19:00:00,DEV_009,76
DEV_009_2024-12-16 20:00:00,2024-12-16 20:00:00,DEV_009,73
DEV_009_2024-12-16 21:00:00,2024-12-16 21:00:00,DEV_009,56
DEV_009_2024-12-16 22:00:00,2024-12-16 22:00:00,DEV_009,9
DEV_009_2024-12-16 23:00:00,2024-12-16 23:00:00,DEV_009,97
DEV_009_2024-12-17 00:00:00,2024-12-17 00:00:00,DEV_009,76
DEV_009_2024-12-17 01:00:00,2024-12-17 01:00:00,DEV_009,60
DEV_009_2024-12-17 02:00:00,2024-12-17 02:00:00,DEV_009,41
DEV_009_2024-12-17 03:00:00,2024-12-17 03:00:00,DEV_009,23
DEV_009_2024-12-17 04:00:00,2024-12-17 04:00:00,DEV_009,96
DEV_009_2024-12-17 05:00:00,2024-12-17 05:00:00,DEV_009,96
DEV_009_2024-12-17 06:00:00,2024-12-17 06:00:00,DEV_009,65
DEV_009_2024-12-17 07:00:00,2024-12-17 07:00:00,DEV_009,1
DEV_009_2024-12-17 08:00:00,2024-12-17 08:00:00,DEV_009,72
DEV_009_2024-12-17 09:00:00,2024-12-17 09:00:00,DEV_009,41
DEV_009_2024-12-17 10:00:00,2024-12-17 10:00:00,DEV_009,52
DEV_009_2024-12-17 11:00:00,2024-12-17 11:00:00,DEV_009,62
DEV_009_2024-12-17 12:00:00,2024-12-17 12:00:00,DEV_009,48
DEV_009_2024-12-17 13:00:00,2024-12-17 13:00:00,DEV_009,16
DEV_009_2024-12-17 14:00:00,2024-12-17 14:00:00,DEV_009,29
DEV_009_2024-12-17 15:00:00,2024-12-17 15:00:00,DEV_009,30
DEV_009_2024-12-17 16:00:00,2024-12-17 16:00:00,DEV_009,4
DEV_009_2024-12-17 17:00:00,2024-12-17 17:00:00,DEV_009,71
DEV_009_2024-12-17 18:00:00,2024-12-17 18:00:00,DEV_009,81
DEV_009_2024-12-17 19:00:00,2024-12-17 19:00:00,DEV_009,85
DEV_009_2024-12-17 20:00:00,2024-12-17 20:00:00,DEV_009,29
DEV_009_2024-12-17 21:00:00,2024-12-17 21:00:00,DEV_009,91
DEV_009_2024-12-17 22:00:00,2024-12-17 22:00:00,DEV_009,87
DEV_009_2024-12-17 23:00:00,2024-12-17 23:00:00,DEV_009,10
DEV_009_2024-12-18 00:00:00,2024-12-18 00:00:00,DEV_009,16
DEV_009_2024-12-18 01:00:00,2024-12-18 01:00:00,DEV_009,58
DEV_009_2024-12-18 02:00:00,2024-12-18 02:00:00,DEV_009,70
DEV_009_2024-12-18 03:00:00,2024-12-18 03:00:00,DEV_009,81
DEV_009_2024-12-18 04:00:00,2024-12-18 04:00:00,DEV_009,69
DEV_009_2024-12-18 05:00:00,2024-12-18 05:00:00,DEV_009,25
DEV_009_2024-12-18 06:00:00,2024-12-18 06:00:00,DEV_009,2
DEV_009_2024-12-18 07:00:00,2024-12-18 07:00:00,DEV_009,25
DEV_009_2024-12-18 08:00:00,2024-12-18 08:00:00,DEV_009,19
DEV_009_2024-12-18 09:00:00,2024-12-18 09:00:00,DEV_009,63
DEV_009_2024-12-18 10:00:00,2024-12-18 10:00:00,DEV_009,45
DEV_009_2024-12-18 11:00:00,2024-12-18 11:00:00,DEV_009,73
DEV_009_2024-12-18 12:00:00,2024-12-18 12:00:00,DEV_009,26
DEV_009_2024-12-18 13:00:00,2024-12-18 13:00:00,DEV_009,91
DEV_009_2024-12-18 14:00:00,2024-12-18 14:00:00,DEV_009,12
DEV_009_2024-12-18 15:00:00,2024-12-18 15:00:00,DEV_009,12
DEV_009_2024-12-18 16:00:00,2024-12-18 16:00:00,DEV_009,61
DEV_009_2024-12-18 17:00:00,2024-12-18 17:00:00,DEV_009,70
DEV_009_2024-12-18 18:00:00,2024-12-18 18:00:00,DEV_009,76
DEV_009_2024-12-18 19:00:00,2024-12-18 19:00:00,DEV_009,19
DEV_009_2024-12-18 20:00:00,2024-12-18 20:00:00,DEV_009,14
DEV_009_2024-12-18 21:00:00,2024-12-18 21:00:00,DEV_009,95
DEV_009_2024-12-18 22:00:00,2024-12-18 22:00:00,DEV_009,76
DEV_009_2024-12-18 23:00:00,2024-12-18 23:00:00,DEV_009,17
DEV_009_2024-12-19 00:00:00,2024-12-19 00:00:00,DEV_009,23
DEV_009_2024-12-19 01:00:00,2024-12-19 01:00:00,DEV_009,30
DEV_009_2024-12-19 02:00:00,2024-12-19 02:00:00,DEV_009,30
DEV_009_2024-12-19 03:00:00,2024-12-19 03:00:00,DEV_009,87
DEV_009_2024-12-19 04:00:00,2024-12-19 04:00:00,DEV_009,27
DEV_009_2024-12-19 05:00:00,2024-12-19 05:00:00,DEV_009,42
DEV_009_2024-12-19 06:00:00,2024-12-19 06:00:00,DEV_009,21
DEV_009_2024-12-19 07:00:00,2024-12-19 07:00:00,DEV_009,56
DEV_009_2024-12-19 08:00:00,2024-12-19 08:00:00,DEV_009,14
DEV_009_2024-12-19 09:00:00,2024-12-19 09:00:00,DEV_009,64
DEV_009_2024-12-19 10:00:00,2024-12-19 10:00:00,DEV_009,7
DEV_009_2024-12-19 11:00:00,2024-12-19 11:00:00,DEV_009,74
DEV_009_2024-12-19 12:00:00,2024-12-19 12:00:00,DEV_009,44
DEV_009_2024-12-19 13:00:00,2024-12-19 13:00:00,DEV_009,54
DEV_009_2024-12-19 14:00:00,2024-12-19 14:00:00,DEV_009,38
DEV_009_2024-12-19 15:00:00,2024-12-19 15:00:00,DEV_009,99
DEV_009_2024-12-19 16:00:00,2024-12-19 16:00:00,DEV_009,68
DEV_009_2024-12-19 17:00:00,2024-12-19 17:00:00,DEV_009,43
DEV_009_2024-12-19 18:00:00,2024-12-19 18:00:00,DEV_009,16
DEV_009_2024-12-19 19:00:00,2024-12-19 19:00:00,DEV_009,88
DEV_009_2024-12-19 20:00:00,2024-12-19 20:00:00,DEV_009,93
DEV_009_2024-12-19 21:00:00,2024-12-19 21:00:00,DEV_009,73
DEV_009_2024-12-19 22:00:00,2024-12-19 22:00:00,DEV_009,57
DEV_009_2024-12-19 23:00:00,2024-12-19 23:00:00,DEV_009,66
DEV_009_2024-12-20 00:00:00,2024-12-20 00:00:00,DEV_009,94
DEV_009_2024-12-20 01:00:00,2024-12-20 01:00:00,DEV_009,75
DEV_009_2024-12-20 02:00:00,2024-12-20 02:00:00,DEV_009,21
DEV_009_2024-12-20 03:00:00,2024-12-20 03:00:00,DEV_009,28
DEV_009_2024-12-20 04:00:00,2024-12-20 04:00:00,DEV_009,32
DEV_009_2024-12-20 05:00:00,2024-12-20 05:00:00,DEV_009,89
DEV_009_2024-12-20 06:00:00,2024-12-20 06:00:00,DEV_009,87
DEV_009_2024-12-20 07:00:00,2024-12-20 07:00:00,DEV_009,69
DEV_009_2024-12-20 08:00:00,2024-12-20 08:00:00,DEV_009,46
DEV_009_2024-12-20 09:00:00,2024-12-20 09:00:00,DEV_009,91
DEV_009_2024-12-20 10:00:00,2024-12-20 10:00:00,DEV_009,15
DEV_009_2024-12-20 11:00:00,2024-12-20 11:00:00,DEV_009,77
DEV_009_2024-12-20 12:00:00,2024-12-20 12:00:00,DEV_009,58
DEV_009_2024-12-20 13:00:00,2024-12-20 13:00:00,DEV_009,27
DEV_009_2024-12-20 14:00:00,2024-12-20 14:00:00,DEV_009,23
DEV_009_2024-12-20 15:00:00,2024-12-20 15:00:00,DEV_009,15
DEV_009_2024-12-20 16:00:00,2024-12-20 16:00:00,DEV_009,13
DEV_009_2024-12-20 17:00:00,2024-12-20 17:00:00,DEV_009,62
DEV_009_2024-12-20 18:00:00,2024-12-20 18:00:00,DEV_009,31
DEV_009_2024-12-20 19:00:00,2024-12-20 19:00:00,DEV_009,56
DEV_009_2024-12-20 20:00:00,2024-12-20 20:00:00,DEV_009,76
DEV_009_2024-12-20 21:00:00,2024-12-20 21:00:00,DEV_009,43
DEV_009_2024-12-20 22:00:00,2024-12-20 22:00:00,DEV_009,95
DEV_009_2024-12-20 23:00:00,2024-12-20 23:00:00,DEV_009,89
DEV_009_2024-12-21 00:00:00,2024-12-21 00:00:00,DEV_009,15
DEV_009_2024-12-21 01:00:00,2024-12-21 01:00:00,DEV_009,91
DEV_009_2024-12-21 02:00:00,2024-12-21 02:00:00,DEV_009,66
DEV_009_2024-12-21 03:00:00,2024-12-21 03:00:00,DEV_009,35
DEV_009_2024-12-21 04:00:00,2024-12-21 04:00:00,DEV_009,33
DEV_009_2024-12-21 05:00:00,2024-12-21 05:00:00,DEV_009,4
DEV_009_2024-12-21 06:00:00,2024-12-21 06:00:00,DEV_009,52
DEV_009_2024-12-21 07:00:00,2024-12-21 07:00:00,DEV_009,70
DEV_009_2024-12-21 08:00:00,2024-12-21 08:00:00,DEV_009,81
DEV_009_2024-12-21 09:00:00,2024-12-21 09:00:00,DEV_009,71
DEV_009_2024-12-21 10:00:00,2024-12-21 10:00:00,DEV_009,54
DEV_009_2024-12-21 11:00:00,2024-12-21 11:00:00,DEV_009,96
DEV_009_2024-12-21 12:00:00,2024-12-21 12:00:00,DEV_009,21
DEV_009_2024-12-21 13:00:00,2024-12-21 13:00:00,DEV_009,86
DEV_009_2024-12-21 14:00:00,2024-12-21 14:00:00,DEV_009,66
DEV_009_2024-12-21 15:00:00,2024-12-21 15:00:00,DEV_009,34
DEV_009_2024-12-21 16:00:00,2024-12-21 16:00:00,DEV_009,33
DEV_009_2024-12-21 17:00:00,2024-12-21 17:00:00,DEV_009,51
DEV_009_2024-12-21 18:00:00,2024-12-21 18:00:00,DEV_009,4
DEV_009_2024-12-21 19:00:00,2024-12-21 19:00:00,DEV_009,84
DEV_009_2024-12-21 20:00:00,2024-12-21 20:00:00,DEV_009,68
DEV_009_2024-12-21 21:00:00,2024-12-21 21:00:00,DEV_009,70
DEV_009_2024-12-21 22:00:00,2024-12-21 22:00:00,DEV_009,95
DEV_009_2024-12-21 23:00:00,2024-12-21 23:00:00,DEV_009,23
DEV_009_2024-12-22 00:00:00,2024-12-22 00:00:00,DEV_009,37
DEV_009_2024-12-22 01:00:00,2024-12-22 01:00:00,DEV_009,52
DEV_009_2024-12-22 02:00:00,2024-12-22 02:00:00,DEV_009,94
DEV_009_2024-12-22 03:00:00,2024-12-22 03:00:00,DEV_009,15
DEV_009_2024-12-22 04:00:00,2024-12-22 04:00:00,DEV_009,83
DEV_009_2024-12-22 05:00:00,2024-12-22 05:00:00,DEV_009,80
DEV_009_2024-12-22 06:00:00,2024-12-22 06:00:00,DEV_009,73
DEV_009_2024-12-22 07:00:00,2024-12-22 07:00:00,DEV_009,62
DEV_009_2024-12-22 08:00:00,2024-12-22 08:00:00,DEV_009,94
DEV_009_2024-12-22 09:00:00,2024-12-22 09:00:00,DEV_009,53
DEV_009_2024-12-22 10:00:00,2024-12-22 10:00:00,DEV_009,74
DEV_009_2024-12-22 11:00:00,2024-12-22 11:00:00,DEV_009,45
DEV_009_2024-12-22 12:00:00,2024-12-22 12:00:00,DEV_009,39
DEV_009_2024-12-22 13:00:00,2024-12-22 13:00:00,DEV_009,78
DEV_009_2024-12-22 14:00:00,2024-12-22 14:00:00,DEV_009,45
DEV_009_2024-12-22 15:00:00,2024-12-22 15:00:00,DEV_009,9
DEV_009_2024-12-22 16:00:00,2024-12-22 16:00:00,DEV_009,78
DEV_009_2024-12-22 17:00:00,2024-12-22 17:00:00,DEV_009,35
DEV_009_2024-12-22 18:00:00,2024-12-22 18:00:00,DEV_009,49
DEV_009_2024-12-22 19:00:00,2024-12-22 19:00:00,DEV_009,42
DEV_009_2024-12-22 20:00:00,2024-12-22 20:00:00,DEV_009,17
DEV_009_2024-12-22 21:00:00,2024-12-22 21:00:00,DEV_009,16
DEV_009_2024-12-22 22:00:00,2024-12-22 22:00:00,DEV_009,55
DEV_009_2024-12-22 23:00:00,2024-12-22 23:00:00,DEV_009,16
DEV_009_2024-12-23 00:00:00,2024-12-23 00:00:00,DEV_009,86
DEV_009_2024-12-23 01:00:00,2024-12-23 01:00:00,DEV_009,61
DEV_009_2024-12-23 02:00:00,2024-12-23 02:00:00,DEV_009,71
DEV_009_2024-12-23 03:00:00,2024-12-23 03:00:00,DEV_009,61
DEV_009_2024-12-23 04:00:00,2024-12-23 04:00:00,DEV_009,51
DEV_009_2024-12-23 05:00:00,2024-12-23 05:00:00,DEV_009,33
DEV_009_2024-12-23 06:00:00,2024-12-23 06:00:00,DEV_009,74
DEV_009_2024-12-23 07:00:00,2024-12-23 07:00:00,DEV_009,3
DEV_009_2024-12-23 08:00:00,2024-12-23 08:00:00,DEV_009,98
DEV_009_2024-12-23 09:00:00,2024-12-23 09:00:00,DEV_009,37
DEV_009_2024-12-23 10:00:00,2024-12-23 10:00:00,DEV_009,59
DEV_009_2024-12-23 11:00:00,2024-12-23 11:00:00,DEV_009,41
DEV_009_2024-12-23 12:00:00,2024-12-23 12:00:00,DEV_009,56
DEV_009_2024-12-23 13:00:00,2024-12-23 13:00:00,DEV_009,79
DEV_009_2024-12-23 14:00:00,2024-12-23 14:00:00,DEV_009,50
DEV_009_2024-12-23 15:00:00,2024-12-23 15:00:00,DEV_009,89
DEV_009_2024-12-23 16:00:00,2024-12-23 16:00:00,DEV_009,13
DEV_009_2024-12-23 17:00:00,2024-12-23 17:00:00,DEV_009,84
DEV_009_2024-12-23 18:00:00,2024-12-23 18:00:00,DEV_009,18
DEV_009_2024-12-23 19:00:00,2024-12-23 19:00:00,DEV_009,41
DEV_009_2024-12-23 20:00:00,2024-12-23 20:00:00,DEV_009,77
DEV_009_2024-12-23 21:00:00,2024-12-23 21:00:00,DEV_009,61
DEV_009_2024-12-23 22:00:00,2024-12-23 22:00:00,DEV_009,99
DEV_009_2024-12-23 23:00:00,2024-12-23 23:00:00,DEV_009,53
DEV_009_2024-12-24 00:00:00,2024-12-24 00:00:00,DEV_009,27
DEV_009_2024-12-24 01:00:00,2024-12-24 01:00:00,DEV_009,50
DEV_009_2024-12-24 02:00:00,2024-12-24 02:00:00,DEV_009,49
DEV_009_2024-12-24 03:00:00,2024-12-24 03:00:00,DEV_009,8
DEV_009_2024-12-24 04:00:00,2024-12-24 04:00:00,DEV_009,7
DEV_009_2024-12-24 05:00:00,2024-12-24 05:00:00,DEV_009,75
DEV_009_2024-12-24 06:00:00,2024-12-24 06:00:00,DEV_009,27
DEV_009_2024-12-24 07:00:00,2024-12-24 07:00:00,DEV_009,80
DEV_009_2024-12-24 08:00:00,2024-12-24 08:00:00,DEV_009,61
DEV_009_2024-12-24 09:00:00,2024-12-24 09:00:00,DEV_009,36
DEV_009_2024-12-24 10:00:00,2024-12-24 10:00:00,DEV_009,56
DEV_009_2024-12-24 11:00:00,2024-12-24 11:00:00,DEV_009,98
DEV_009_2024-12-24 12:00:00,2024-12-24 12:00:00,DEV_009,18
DEV_009_2024-12-24 13:00:00,2024-12-24 13:00:00,DEV_009,65
DEV_009_2024-12-24 14:00:00,2024-12-24 14:00:00,DEV_009,86
DEV_009_2024-12-24 15:00:00,2024-12-24 15:00:00,DEV_009,54
DEV_009_2024-12-24 16:00:00,2024-12-24 16:00:00,DEV_009,93
DEV_009_2024-12-24 17:00:00,2024-12-24 17:00:00,DEV_009,82
DEV_009_2024-12-24 18:00:00,2024-12-24 18:00:00,DEV_009,36
DEV_009_2024-12-24 19:00:00,2024-12-24 19:00:00,DEV_009,60
DEV_009_2024-12-24 20:00:00,2024-12-24 20:00:00,DEV_009,34
DEV_009_2024-12-24 21:00:00,2024-12-24 21:00:00,DEV_009,13
DEV_009_2024-12-24 22:00:00,2024-12-24 22:00:00,DEV_009,35
DEV_009_2024-12-24 23:00:00,2024-12-24 23:00:00,DEV_009,90
DEV_009_2024-12-25 00:00:00,2024-12-25 00:00:00,DEV_009,27
DEV_009_2024-12-25 01:00:00,2024-12-25 01:00:00,DEV_009,27
DEV_009_2024-12-25 02:00:00,2024-12-25 02:00:00,DEV_009,10
DEV_009_2024-12-25 03:00:00,2024-12-25 03:00:00,DEV_009,82
DEV_009_2024-12-25 04:00:00,2024-12-25 04:00:00,DEV_009,65
DEV_009_2024-12-25 05:00:00,2024-12-25 05:00:00,DEV_009,4
DEV_009_2024-12-25 06:00:00,2024-12-25 06:00:00,DEV_009,73
DEV_009_2024-12-25 07:00:00,2024-12-25 07:00:00,DEV_009,18
DEV_009_2024-12-25 08:00:00,2024-12-25 08:00:00,DEV_009,50
DEV_009_2024-12-25 09:00:00,2024-12-25 09:00:00,DEV_009,46
DEV_009_2024-12-25 10:00:00,2024-12-25 10:00:00,DEV_009,67
DEV_009_2024-12-25 11:00:00,2024-12-25 11:00:00,DEV_009,79
DEV_009_2024-12-25 12:00:00,2024-12-25 12:00:00,DEV_009,18
DEV_009_2024-12-25 13:00:00,2024-12-25 13:00:00,DEV_009,39
DEV_009_2024-12-25 14:00:00,2024-12-25 14:00:00,DEV_009,41
DEV_009_2024-12-25 15:00:00,2024-12-25 15:00:00,DEV_009,3
DEV_009_2024-12-25 16:00:00,2024-12-25 16:00:00,DEV_009,57
DEV_009_2024-12-25 17:00:00,2024-12-25 17:00:00,DEV_009,84
DEV_009_2024-12-25 18:00:00,2024-12-25 18:00:00,DEV_009,97
DEV_009_2024-12-25 19:00:00,2024-12-25 19:00:00,DEV_009,12
DEV_009_2024-12-25 20:00:00,2024-12-25 20:00:00,DEV_009,4
DEV_009_2024-12-25 21:00:00,2024-12-25 21:00:00,DEV_009,45
DEV_009_2024-12-25 22:00:00,2024-12-25 22:00:00,DEV_009,30
DEV_009_2024-12-25 23:00:00,2024-12-25 23:00:00,DEV_009,20
DEV_009_2024-12-26 00:00:00,2024-12-26 00:00:00,DEV_009,91
DEV_009_2024-12-26 01:00:00,2024-12-26 01:00:00,DEV_009,18
DEV_009_2024-12-26 02:00:00,2024-12-26 02:00:00,DEV_009,46
DEV_009_2024-12-26 03:00:00,2024-12-26 03:00:00,DEV_009,43
DEV_009_2024-12-26 04:00:00,2024-12-26 04:00:00,DEV_009,13
DEV_009_2024-12-26 05:00:00,2024-12-26 05:00:00,DEV_009,94
DEV_009_2024-12-26 06:00:00,2024-12-26 06:00:00,DEV_009,74
DEV_009_2024-12-26 07:00:00,2024-12-26 07:00:00,DEV_009,32
DEV_009_2024-12-26 08:00:00,2024-12-26 08:00:00,DEV_009,71
DEV_009_2024-12-26 09:00:00,2024-12-26 09:00:00,DEV_009,58
DEV_009_2024-12-26 10:00:00,2024-12-26 10:00:00,DEV_009,29
DEV_009_2024-12-26 11:00:00,2024-12-26 11:00:00,DEV_009,28
DEV_009_2024-12-26 12:00:00,2024-12-26 12:00:00,DEV_009,72
DEV_009_2024-12-26 13:00:00,2024-12-26 13:00:00,DEV_009,25
DEV_009_2024-12-26 14:00:00,2024-12-26 14:00:00,DEV_009,71
DEV_009_2024-12-26 15:00:00,2024-12-26 15:00:00,DEV_009,70
DEV_009_2024-12-26 16:00:00,2024-12-26 16:00:00,DEV_009,24
DEV_009_2024-12-26 17:00:00,2024-12-26 17:00:00,DEV_009,82
DEV_009_2024-12-26 18:00:00,2024-12-26 18:00:00,DEV_009,75
DEV_009_2024-12-26 19:00:00,2024-12-26 19:00:00,DEV_009,21
DEV_009_2024-12-26 20:00:00,2024-12-26 20:00:00,DEV_009,55
DEV_009_2024-12-26 21:00:00,2024-12-26 21:00:00,DEV_009,75
DEV_009_2024-12-26 22:00:00,2024-12-26 22:00:00,DEV_009,95
DEV_009_2024-12-26 23:00:00,2024-12-26 23:00:00,DEV_009,36
DEV_009_2024-12-27 00:00:00,2024-12-27 00:00:00,DEV_009,90
DEV_009_2024-12-27 01:00:00,2024-12-27 01:00:00,DEV_009,78
DEV_009_2024-12-27 02:00:00,2024-12-27 02:00:00,DEV_009,32
DEV_009_2024-12-27 03:00:00,2024-12-27 03:00:00,DEV_009,25
DEV_009_2024-12-27 04:00:00,2024-12-27 04:00:00,DEV_009,29
DEV_009_2024-12-27 05:00:00,2024-12-27 05:00:00,DEV_009,54
DEV_009_2024-12-27 06:00:00,2024-12-27 06:00:00,DEV_009,38
DEV_009_2024-12-27 07:00:00,2024-12-27 07:00:00,DEV_009,76
DEV_009_2024-12-27 08:00:00,2024-12-27 08:00:00,DEV_009,80
DEV_009_2024-12-27 09:00:00,2024-12-27 09:00:00,DEV_009,37
DEV_009_2024-12-27 10:00:00,2024-12-27 10:00:00,DEV_009,1
DEV_009_2024-12-27 11:00:00,2024-12-27 11:00:00,DEV_009,83
DEV_009_2024-12-27 12:00:00,2024-12-27 12:00:00,DEV_009,8
DEV_009_2024-12-27 13:00:00,2024-12-27 13:00:00,DEV_009,15
DEV_009_2024-12-27 14:00:00,2024-12-27 14:00:00,DEV_009,76
DEV_009_2024-12-27 15:00:00,2024-12-27 15:00:00,DEV_009,78
DEV_009_2024-12-27 16:00:00,2024-12-27 16:00:00,DEV_009,58
DEV_009_2024-12-27 17:00:00,2024-12-27 17:00:00,DEV_009,96
DEV_009_2024-12-27 18:00:00,2024-12-27 18:00:00,DEV_009,89
DEV_009_2024-12-27 19:00:00,2024-12-27 19:00:00,DEV_009,37
DEV_009_2024-12-27 20:00:00,2024-12-27 20:00:00,DEV_009,98
DEV_009_2024-12-27 21:00:00,2024-12-27 21:00:00,DEV_009,82
DEV_009_2024-12-27 22:00:00,2024-12-27 22:00:00,DEV_009,86
DEV_009_2024-12-27 23:00:00,2024-12-27 23:00:00,DEV_009,43
DEV_009_2024-12-28 00:00:00,2024-12-28 00:00:00,DEV_009,9
DEV_009_2024-12-28 01:00:00,2024-12-28 01:00:00,DEV_009,21
DEV_009_2024-12-28 02:00:00,2024-12-28 02:00:00,DEV_009,68
DEV_009_2024-12-28 03:00:00,2024-12-28 03:00:00,DEV_009,51
DEV_009_2024-12-28 04:00:00,2024-12-28 04:00:00,DEV_009,3
DEV_009_2024-12-28 05:00:00,2024-12-28 05:00:00,DEV_009,67
DEV_009_2024-12-28 06:00:00,2024-12-28 06:00:00,DEV_009,16
DEV_009_2024-12-28 07:00:00,2024-12-28 07:00:00,DEV_009,68
DEV_009_2024-12-28 08:00:00,2024-12-28 08:00:00,DEV_009,67
DEV_009_2024-12-28 09:00:00,2024-12-28 09:00:00,DEV_009,79
DEV_009_2024-12-28 10:00:00,2024-12-28 10:00:00,DEV_009,77
DEV_009_2024-12-28 11:00:00,2024-12-28 11:00:00,DEV_009,16
DEV_009_2024-12-28 12:00:00,2024-12-28 12:00:00,DEV_009,81
DEV_009_2024-12-28 13:00:00,2024-12-28 13:00:00,DEV_009,61
DEV_009_2024-12-28 14:00:00,2024-12-28 14:00:00,DEV_009,98
DEV_009_2024-12-28 15:00:00,2024-12-28 15:00:00,DEV_009,4
DEV_009_2024-12-28 16:00:00,2024-12-28 16:00:00,DEV_009,99
DEV_009_2024-12-28 17:00:00,2024-12-28 17:00:00,DEV_009,19
DEV_009_2024-12-28 18:00:00,2024-12-28 18:00:00,DEV_009,79
DEV_009_2024-12-28 19:00:00,2024-12-28 19:00:00,DEV_009,37
DEV_009_2024-12-28 20:00:00,2024-12-28 20:00:00,DEV_009,22
DEV_009_2024-12-28 21:00:00,2024-12-28 21:00:00,DEV_009,29
DEV_009_2024-12-28 22:00:00,2024-12-28 22:00:00,DEV_009,76
DEV_009_2024-12-28 23:00:00,2024-12-28 23:00:00,DEV_009,27
DEV_009_2024-12-29 00:00:00,2024-12-29 00:00:00,DEV_009,48
DEV_009_2024-12-29 01:00:00,2024-12-29 01:00:00,DEV_009,10
DEV_009_2024-12-29 02:00:00,2024-12-29 02:00:00,DEV_009,59
DEV_009_2024-12-29 03:00:00,2024-12-29 03:00:00,DEV_009,25
DEV_009_2024-12-29 04:00:00,2024-12-29 04:00:00,DEV_009,98
DEV_009_2024-12-29 05:00:00,2024-12-29 05:00:00,DEV_009,97
DEV_009_2024-12-29 06:00:00,2024-12-29 06:00:00,DEV_009,32
DEV_009_2024-12-29 07:00:00,2024-12-29 07:00:00,DEV_009,54
DEV_009_2024-12-29 08:00:00,2024-12-29 08:00:00,DEV_009,5
DEV_009_2024-12-29 09:00:00,2024-12-29 09:00:00,DEV_009,55
DEV_009_2024-12-29 10:00:00,2024-12-29 10:00:00,DEV_009,98
DEV_009_2024-12-29 11:00:00,2024-12-29 11:00:00,DEV_009,68
DEV_009_2024-12-29 12:00:00,2024-12-29 12:00:00,DEV_009,87
DEV_009_2024-12-29 13:00:00,2024-12-29 13:00:00,DEV_009,61
DEV_009_2024-12-29 14:00:00,2024-12-29 14:00:00,DEV_009,35
DEV_009_2024-12-29 15:00:00,2024-12-29 15:00:00,DEV_009,26
DEV_009_2024-12-29 16:00:00,2024-12-29 16:00:00,DEV_009,54
DEV_009_2024-12-29 17:00:00,2024-12-29 17:00:00,DEV_009,15
DEV_009_2024-12-29 18:00:00,2024-12-29 18:00:00,DEV_009,68
DEV_009_2024-12-29 19:00:00,2024-12-29 19:00:00,DEV_009,26
DEV_009_2024-12-29 20:00:00,2024-12-29 20:00:00,DEV_009,32
DEV_009_2024-12-29 21:00:00,2024-12-29 21:00:00,DEV_009,14
DEV_009_2024-12-29 22:00:00,2024-12-29 22:00:00,DEV_009,99
DEV_009_2024-12-29 23:00:00,2024-12-29 23:00:00,DEV_009,33
DEV_010_2024-09-01 00:00:00,2024-09-01 00:00:00,DEV_010,62
DEV_010_2024-09-01 01:00:00,2024-09-01 01:00:00,DEV_010,68
DEV_010_2024-09-01 02:00:00,2024-09-01 02:00:00,DEV_010,85
DEV_010_2024-09-01 03:00:00,2024-09-01 03:00:00,DEV_010,36
DEV_010_2024-09-01 04:00:00,2024-09-01 04:00:00,DEV_010,58
DEV_010_2024-09-01 05:00:00,2024-09-01 05:00:00,DEV_010,99
DEV_010_2024-09-01 06:00:00,2024-09-01 06:00:00,DEV_010,42
DEV_010_2024-09-01 07:00:00,2024-09-01 07:00:00,DEV_010,48
DEV_010_2024-09-01 08:00:00,2024-09-01 08:00:00,DEV_010,63
DEV_010_2024-09-01 09:00:00,2024-09-01 09:00:00,DEV_010,14
DEV_010_2024-09-01 10:00:00,2024-09-01 10:00:00,DEV_010,1
DEV_010_2024-09-01 11:00:00,2024-09-01 11:00:00,DEV_010,95
DEV_010_2024-09-01 12:00:00,2024-09-01 12:00:00,DEV_010,92
DEV_010_2024-09-01 13:00:00,2024-09-01 13:00:00,DEV_010,85
DEV_010_2024-09-01 14:00:00,2024-09-01 14:00:00,DEV_010,71
DEV_010_2024-09-01 15:00:00,2024-09-01 15:00:00,DEV_010,65
DEV_010_2024-09-01 16:00:00,2024-09-01 16:00:00,DEV_010,91
DEV_010_2024-09-01 17:00:00,2024-09-01 17:00:00,DEV_010,77
DEV_010_2024-09-01 18:00:00,2024-09-01 18:00:00,DEV_010,38
DEV_010_2024-09-01 19:00:00,2024-09-01 19:00:00,DEV_010,17
DEV_010_2024-09-01 20:00:00,2024-09-01 20:00:00,DEV_010,18
DEV_010_2024-09-01 21:00:00,2024-09-01 21:00:00,DEV_010,40
DEV_010_2024-09-01 22:00:00,2024-09-01 22:00:00,DEV_010,51
DEV_010_2024-09-01 23:00:00,2024-09-01 23:00:00,DEV_010,58
DEV_010_2024-09-02 00:00:00,2024-09-02 00:00:00,DEV_010,95
DEV_010_2024-09-02 01:00:00,2024-09-02 01:00:00,DEV_010,59
DEV_010_2024-09-02 02:00:00,2024-09-02 02:00:00,DEV_010,51
DEV_010_2024-09-02 03:00:00,2024-09-02 03:00:00,DEV_010,67
DEV_010_2024-09-02 04:00:00,2024-09-02 04:00:00,DEV_010,11
DEV_010_2024-09-02 05:00:00,2024-09-02 05:00:00,DEV_010,88
DEV_010_2024-09-02 06:00:00,2024-09-02 06:00:00,DEV_010,4
DEV_010_2024-09-02 07:00:00,2024-09-02 07:00:00,DEV_010,91
DEV_010_2024-09-02 08:00:00,2024-09-02 08:00:00,DEV_010,77
DEV_010_2024-09-02 09:00:00,2024-09-02 09:00:00,DEV_010,76
DEV_010_2024-09-02 10:00:00,2024-09-02 10:00:00,DEV_010,67
DEV_010_2024-09-02 11:00:00,2024-09-02 11:00:00,DEV_010,35
DEV_010_2024-09-02 12:00:00,2024-09-02 12:00:00,DEV_010,4
DEV_010_2024-09-02 13:00:00,2024-09-02 13:00:00,DEV_010,19
DEV_010_2024-09-02 14:00:00,2024-09-02 14:00:00,DEV_010,87
DEV_010_2024-09-02 15:00:00,2024-09-02 15:00:00,DEV_010,4
DEV_010_2024-09-02 16:00:00,2024-09-02 16:00:00,DEV_010,75
DEV_010_2024-09-02 17:00:00,2024-09-02 17:00:00,DEV_010,86
DEV_010_2024-09-02 18:00:00,2024-09-02 18:00:00,DEV_010,1
DEV_010_2024-09-02 19:00:00,2024-09-02 19:00:00,DEV_010,32
DEV_010_2024-09-02 20:00:00,2024-09-02 20:00:00,DEV_010,69
DEV_010_2024-09-02 21:00:00,2024-09-02 21:00:00,DEV_010,97
DEV_010_2024-09-02 22:00:00,2024-09-02 22:00:00,DEV_010,26
DEV_010_2024-09-02 23:00:00,2024-09-02 23:00:00,DEV_010,92
DEV_010_2024-09-03 00:00:00,2024-09-03 00:00:00,DEV_010,53
DEV_010_2024-09-03 01:00:00,2024-09-03 01:00:00,DEV_010,64
DEV_010_2024-09-03 02:00:00,2024-09-03 02:00:00,DEV_010,45
DEV_010_2024-09-03 03:00:00,2024-09-03 03:00:00,DEV_010,88
DEV_010_2024-09-03 04:00:00,2024-09-03 04:00:00,DEV_010,1
DEV_010_2024-09-03 05:00:00,2024-09-03 05:00:00,DEV_010,57
DEV_010_2024-09-03 06:00:00,2024-09-03 06:00:00,DEV_010,43
DEV_010_2024-09-03 07:00:00,2024-09-03 07:00:00,DEV_010,57
DEV_010_2024-09-03 08:00:00,2024-09-03 08:00:00,DEV_010,93
DEV_010_2024-09-03 09:00:00,2024-09-03 09:00:00,DEV_010,50
DEV_010_2024-09-03 10:00:00,2024-09-03 10:00:00,DEV_010,65
DEV_010_2024-09-03 11:00:00,2024-09-03 11:00:00,DEV_010,92
DEV_010_2024-09-03 12:00:00,2024-09-03 12:00:00,DEV_010,68
DEV_010_2024-09-03 13:00:00,2024-09-03 13:00:00,DEV_010,47
DEV_010_2024-09-03 14:00:00,2024-09-03 14:00:00,DEV_010,43
DEV_010_2024-09-03 15:00:00,2024-09-03 15:00:00,DEV_010,72
DEV_010_2024-09-03 16:00:00,2024-09-03 16:00:00,DEV_010,79
DEV_010_2024-09-03 17:00:00,2024-09-03 17:00:00,DEV_010,57
DEV_010_2024-09-03 18:00:00,2024-09-03 18:00:00,DEV_010,80
DEV_010_2024-09-03 19:00:00,2024-09-03 19:00:00,DEV_010,52
DEV_010_2024-09-03 20:00:00,2024-09-03 20:00:00,DEV_010,55
DEV_010_2024-09-03 21:00:00,2024-09-03 21:00:00,DEV_010,17
DEV_010_2024-09-03 22:00:00,2024-09-03 22:00:00,DEV_010,43
DEV_010_2024-09-03 23:00:00,2024-09-03 23:00:00,DEV_010,93
DEV_010_2024-09-04 00:00:00,2024-09-04 00:00:00,DEV_010,60
DEV_010_2024-09-04 01:00:00,2024-09-04 01:00:00,DEV_010,96
DEV_010_2024-09-04 02:00:00,2024-09-04 02:00:00,DEV_010,36
DEV_010_2024-09-04 03:00:00,2024-09-04 03:00:00,DEV_010,19
DEV_010_2024-09-04 04:00:00,2024-09-04 04:00:00,DEV_010,44
DEV_010_2024-09-04 05:00:00,2024-09-04 05:00:00,DEV_010,23
DEV_010_2024-09-04 06:00:00,2024-09-04 06:00:00,DEV_010,23
DEV_010_2024-09-04 07:00:00,2024-09-04 07:00:00,DEV_010,11
DEV_010_2024-09-04 08:00:00,2024-09-04 08:00:00,DEV_010,80
DEV_010_2024-09-04 09:00:00,2024-09-04 09:00:00,DEV_010,70
DEV_010_2024-09-04 10:00:00,2024-09-04 10:00:00,DEV_010,72
DEV_010_2024-09-04 11:00:00,2024-09-04 11:00:00,DEV_010,73
DEV_010_2024-09-04 12:00:00,2024-09-04 12:00:00,DEV_010,99
DEV_010_2024-09-04 13:00:00,2024-09-04 13:00:00,DEV_010,89
DEV_010_2024-09-04 14:00:00,2024-09-04 14:00:00,DEV_010,60
DEV_010_2024-09-04 15:00:00,2024-09-04 15:00:00,DEV_010,65
DEV_010_2024-09-04 16:00:00,2024-09-04 16:00:00,DEV_010,58
DEV_010_2024-09-04 17:00:00,2024-09-04 17:00:00,DEV_010,86
DEV_010_2024-09-04 18:00:00,2024-09-04 18:00:00,DEV_010,47
DEV_010_2024-09-04 19:00:00,2024-09-04 19:00:00,DEV_010,72
DEV_010_2024-09-04 20:00:00,2024-09-04 20:00:00,DEV_010,23
DEV_010_2024-09-04 21:00:00,2024-09-04 21:00:00,DEV_010,10
DEV_010_2024-09-04 22:00:00,2024-09-04 22:00:00,DEV_010,32
DEV_010_2024-09-04 23:00:00,2024-09-04 23:00:00,DEV_010,78
DEV_010_2024-09-05 00:00:00,2024-09-05 00:00:00,DEV_010,40
DEV_010_2024-09-05 01:00:00,2024-09-05 01:00:00,DEV_010,41
DEV_010_2024-09-05 02:00:00,2024-09-05 02:00:00,DEV_010,91
DEV_010_2024-09-05 03:00:00,2024-09-05 03:00:00,DEV_010,10
DEV_010_2024-09-05 04:00:00,2024-09-05 04:00:00,DEV_010,73
DEV_010_2024-09-05 05:00:00,2024-09-05 05:00:00,DEV_010,76
DEV_010_2024-09-05 06:00:00,2024-09-05 06:00:00,DEV_010,85
DEV_010_2024-09-05 07:00:00,2024-09-05 07:00:00,DEV_010,7
DEV_010_2024-09-05 08:00:00,2024-09-05 08:00:00,DEV_010,59
DEV_010_2024-09-05 09:00:00,2024-09-05 09:00:00,DEV_010,42
DEV_010_2024-09-05 10:00:00,2024-09-05 10:00:00,DEV_010,92
DEV_010_2024-09-05 11:00:00,2024-09-05 11:00:00,DEV_010,25
DEV_010_2024-09-05 12:00:00,2024-09-05 12:00:00,DEV_010,84
DEV_010_2024-09-05 13:00:00,2024-09-05 13:00:00,DEV_010,8
DEV_010_2024-09-05 14:00:00,2024-09-05 14:00:00,DEV_010,69
DEV_010_2024-09-05 15:00:00,2024-09-05 15:00:00,DEV_010,80
DEV_010_2024-09-05 16:00:00,2024-09-05 16:00:00,DEV_010,67
DEV_010_2024-09-05 17:00:00,2024-09-05 17:00:00,DEV_010,51
DEV_010_2024-09-05 18:00:00,2024-09-05 18:00:00,DEV_010,72
DEV_010_2024-09-05 19:00:00,2024-09-05 19:00:00,DEV_010,90
DEV_010_2024-09-05 20:00:00,2024-09-05 20:00:00,DEV_010,22
DEV_010_2024-09-05 21:00:00,2024-09-05 21:00:00,DEV_010,60
DEV_010_2024-09-05 22:00:00,2024-09-05 22:00:00,DEV_010,65
DEV_010_2024-09-05 23:00:00,2024-09-05 23:00:00,DEV_010,93
DEV_010_2024-09-06 00:00:00,2024-09-06 00:00:00,DEV_010,32
DEV_010_2024-09-06 01:00:00,2024-09-06 01:00:00,DEV_010,16
DEV_010_2024-09-06 02:00:00,2024-09-06 02:00:00,DEV_010,56
DEV_010_2024-09-06 03:00:00,2024-09-06 03:00:00,DEV_010,76
DEV_010_2024-09-06 04:00:00,2024-09-06 04:00:00,DEV_010,5
DEV_010_2024-09-06 05:00:00,2024-09-06 05:00:00,DEV_010,17
DEV_010_2024-09-06 06:00:00,2024-09-06 06:00:00,DEV_010,49
DEV_010_2024-09-06 07:00:00,2024-09-06 07:00:00,DEV_010,81
DEV_010_2024-09-06 08:00:00,2024-09-06 08:00:00,DEV_010,51
DEV_010_2024-09-06 09:00:00,2024-09-06 09:00:00,DEV_010,45
DEV_010_2024-09-06 10:00:00,2024-09-06 10:00:00,DEV_010,61
DEV_010_2024-09-06 11:00:00,2024-09-06 11:00:00,DEV_010,47
DEV_010_2024-09-06 12:00:00,2024-09-06 12:00:00,DEV_010,66
DEV_010_2024-09-06 13:00:00,2024-09-06 13:00:00,DEV_010,70
DEV_010_2024-09-06 14:00:00,2024-09-06 14:00:00,DEV_010,66
DEV_010_2024-09-06 15:00:00,2024-09-06 15:00:00,DEV_010,21
DEV_010_2024-09-06 16:00:00,2024-09-06 16:00:00,DEV_010,84
DEV_010_2024-09-06 17:00:00,2024-09-06 17:00:00,DEV_010,69
DEV_010_2024-09-06 18:00:00,2024-09-06 18:00:00,DEV_010,53
DEV_010_2024-09-06 19:00:00,2024-09-06 19:00:00,DEV_010,52
DEV_010_2024-09-06 20:00:00,2024-09-06 20:00:00,DEV_010,75
DEV_010_2024-09-06 21:00:00,2024-09-06 21:00:00,DEV_010,32
DEV_010_2024-09-06 22:00:00,2024-09-06 22:00:00,DEV_010,46
DEV_010_2024-09-06 23:00:00,2024-09-06 23:00:00,DEV_010,5
DEV_010_2024-09-07 00:00:00,2024-09-07 00:00:00,DEV_010,54
DEV_010_2024-09-07 01:00:00,2024-09-07 01:00:00,DEV_010,52
DEV_010_2024-09-07 02:00:00,2024-09-07 02:00:00,DEV_010,13
DEV_010_2024-09-07 03:00:00,2024-09-07 03:00:00,DEV_010,16
DEV_010_2024-09-07 04:00:00,2024-09-07 04:00:00,DEV_010,90
DEV_010_2024-09-07 05:00:00,2024-09-07 05:00:00,DEV_010,63
DEV_010_2024-09-07 06:00:00,2024-09-07 06:00:00,DEV_010,47
DEV_010_2024-09-07 07:00:00,2024-09-07 07:00:00,DEV_010,34
DEV_010_2024-09-07 08:00:00,2024-09-07 08:00:00,DEV_010,37
DEV_010_2024-09-07 09:00:00,2024-09-07 09:00:00,DEV_010,27
DEV_010_2024-09-07 10:00:00,2024-09-07 10:00:00,DEV_010,15
DEV_010_2024-09-07 11:00:00,2024-09-07 11:00:00,DEV_010,19
DEV_010_2024-09-07 12:00:00,2024-09-07 12:00:00,DEV_010,51
DEV_010_2024-09-07 13:00:00,2024-09-07 13:00:00,DEV_010,5
DEV_010_2024-09-07 14:00:00,2024-09-07 14:00:00,DEV_010,89
DEV_010_2024-09-07 15:00:00,2024-09-07 15:00:00,DEV_010,95
DEV_010_2024-09-07 16:00:00,2024-09-07 16:00:00,DEV_010,92
DEV_010_2024-09-07 17:00:00,2024-09-07 17:00:00,DEV_010,42
DEV_010_2024-09-07 18:00:00,2024-09-07 18:00:00,DEV_010,58
DEV_010_2024-09-07 19:00:00,2024-09-07 19:00:00,DEV_010,95
DEV_010_2024-09-07 20:00:00,2024-09-07 20:00:00,DEV_010,39
DEV_010_2024-09-07 21:00:00,2024-09-07 21:00:00,DEV_010,89
DEV_010_2024-09-07 22:00:00,2024-09-07 22:00:00,DEV_010,94
DEV_010_2024-09-07 23:00:00,2024-09-07 23:00:00,DEV_010,62
DEV_010_2024-09-08 00:00:00,2024-09-08 00:00:00,DEV_010,71
DEV_010_2024-09-08 01:00:00,2024-09-08 01:00:00,DEV_010,86
DEV_010_2024-09-08 02:00:00,2024-09-08 02:00:00,DEV_010,39
DEV_010_2024-09-08 03:00:00,2024-09-08 03:00:00,DEV_010,35
DEV_010_2024-09-08 04:00:00,2024-09-08 04:00:00,DEV_010,99
DEV_010_2024-09-08 05:00:00,2024-09-08 05:00:00,DEV_010,3
DEV_010_2024-09-08 06:00:00,2024-09-08 06:00:00,DEV_010,68
DEV_010_2024-09-08 07:00:00,2024-09-08 07:00:00,DEV_010,56
DEV_010_2024-09-08 08:00:00,2024-09-08 08:00:00,DEV_010,63
DEV_010_2024-09-08 09:00:00,2024-09-08 09:00:00,DEV_010,14
DEV_010_2024-09-08 10:00:00,2024-09-08 10:00:00,DEV_010,8
DEV_010_2024-09-08 11:00:00,2024-09-08 11:00:00,DEV_010,70
DEV_010_2024-09-08 12:00:00,2024-09-08 12:00:00,DEV_010,53
DEV_010_2024-09-08 13:00:00,2024-09-08 13:00:00,DEV_010,43
DEV_010_2024-09-08 14:00:00,2024-09-08 14:00:00,DEV_010,21
DEV_010_2024-09-08 15:00:00,2024-09-08 15:00:00,DEV_010,75
DEV_010_2024-09-08 16:00:00,2024-09-08 16:00:00,DEV_010,58
DEV_010_2024-09-08 17:00:00,2024-09-08 17:00:00,DEV_010,81
DEV_010_2024-09-08 18:00:00,2024-09-08 18:00:00,DEV_010,25
DEV_010_2024-09-08 19:00:00,2024-09-08 19:00:00,DEV_010,10
DEV_010_2024-09-08 20:00:00,2024-09-08 20:00:00,DEV_010,18
DEV_010_2024-09-08 21:00:00,2024-09-08 21:00:00,DEV_010,17
DEV_010_2024-09-08 22:00:00,2024-09-08 22:00:00,DEV_010,12
DEV_010_2024-09-08 23:00:00,2024-09-08 23:00:00,DEV_010,53
DEV_010_2024-09-09 00:00:00,2024-09-09 00:00:00,DEV_010,84
DEV_010_2024-09-09 01:00:00,2024-09-09 01:00:00,DEV_010,40
DEV_010_2024-09-09 02:00:00,2024-09-09 02:00:00,DEV_010,68
DEV_010_2024-09-09 03:00:00,2024-09-09 03:00:00,DEV_010,15
DEV_010_2024-09-09 04:00:00,2024-09-09 04:00:00,DEV_010,4
DEV_010_2024-09-09 05:00:00,2024-09-09 05:00:00,DEV_010,63
DEV_010_2024-09-09 06:00:00,2024-09-09 06:00:00,DEV_010,40
DEV_010_2024-09-09 07:00:00,2024-09-09 07:00:00,DEV_010,63
DEV_010_2024-09-09 08:00:00,2024-09-09 08:00:00,DEV_010,79
DEV_010_2024-09-09 09:00:00,2024-09-09 09:00:00,DEV_010,61
DEV_010_2024-09-09 10:00:00,2024-09-09 10:00:00,DEV_010,8
DEV_010_2024-09-09 11:00:00,2024-09-09 11:00:00,DEV_010,99
DEV_010_2024-09-09 12:00:00,2024-09-09 12:00:00,DEV_010,20
DEV_010_2024-09-09 13:00:00,2024-09-09 13:00:00,DEV_010,98
DEV_010_2024-09-09 14:00:00,2024-09-09 14:00:00,DEV_010,58
DEV_010_2024-09-09 15:00:00,2024-09-09 15:00:00,DEV_010,31
DEV_010_2024-09-09 16:00:00,2024-09-09 16:00:00,DEV_010,96
DEV_010_2024-09-09 17:00:00,2024-09-09 17:00:00,DEV_010,96
DEV_010_2024-09-09 18:00:00,2024-09-09 18:00:00,DEV_010,29
DEV_010_2024-09-09 19:00:00,2024-09-09 19:00:00,DEV_010,71
DEV_010_2024-09-09 20:00:00,2024-09-09 20:00:00,DEV_010,90
DEV_010_2024-09-09 21:00:00,2024-09-09 21:00:00,DEV_010,20
DEV_010_2024-09-09 22:00:00,2024-09-09 22:00:00,DEV_010,2
DEV_010_2024-09-09 23:00:00,2024-09-09 23:00:00,DEV_010,21
DEV_010_2024-09-10 00:00:00,2024-09-10 00:00:00,DEV_010,77
DEV_010_2024-09-10 01:00:00,2024-09-10 01:00:00,DEV_010,8
DEV_010_2024-09-10 02:00:00,2024-09-10 02:00:00,DEV_010,37
DEV_010_2024-09-10 03:00:00,2024-09-10 03:00:00,DEV_010,4
DEV_010_2024-09-10 04:00:00,2024-09-10 04:00:00,DEV_010,65
DEV_010_2024-09-10 05:00:00,2024-09-10 05:00:00,DEV_010,24
DEV_010_2024-09-10 06:00:00,2024-09-10 06:00:00,DEV_010,76
DEV_010_2024-09-10 07:00:00,2024-09-10 07:00:00,DEV_010,75
DEV_010_2024-09-10 08:00:00,2024-09-10 08:00:00,DEV_010,97
DEV_010_2024-09-10 09:00:00,2024-09-10 09:00:00,DEV_010,91
DEV_010_2024-09-10 10:00:00,2024-09-10 10:00:00,DEV_010,63
DEV_010_2024-09-10 11:00:00,2024-09-10 11:00:00,DEV_010,58
DEV_010_2024-09-10 12:00:00,2024-09-10 12:00:00,DEV_010,7
DEV_010_2024-09-10 13:00:00,2024-09-10 13:00:00,DEV_010,88
DEV_010_2024-09-10 14:00:00,2024-09-10 14:00:00,DEV_010,30
DEV_010_2024-09-10 15:00:00,2024-09-10 15:00:00,DEV_010,57
DEV_010_2024-09-10 16:00:00,2024-09-10 16:00:00,DEV_010,57
DEV_010_2024-09-10 17:00:00,2024-09-10 17:00:00,DEV_010,84
DEV_010_2024-09-10 18:00:00,2024-09-10 18:00:00,DEV_010,48
DEV_010_2024-09-10 19:00:00,2024-09-10 19:00:00,DEV_010,74
DEV_010_2024-09-10 20:00:00,2024-09-10 20:00:00,DEV_010,8
DEV_010_2024-09-10 21:00:00,2024-09-10 21:00:00,DEV_010,94
DEV_010_2024-09-10 22:00:00,2024-09-10 22:00:00,DEV_010,40
DEV_010_2024-09-10 23:00:00,2024-09-10 23:00:00,DEV_010,21
DEV_010_2024-09-11 00:00:00,2024-09-11 00:00:00,DEV_010,7
DEV_010_2024-09-11 01:00:00,2024-09-11 01:00:00,DEV_010,12
DEV_010_2024-09-11 02:00:00,2024-09-11 02:00:00,DEV_010,76
DEV_010_2024-09-11 03:00:00,2024-09-11 03:00:00,DEV_010,23
DEV_010_2024-09-11 04:00:00,2024-09-11 04:00:00,DEV_010,45
DEV_010_2024-09-11 05:00:00,2024-09-11 05:00:00,DEV_010,85
DEV_010_2024-09-11 06:00:00,2024-09-11 06:00:00,DEV_010,47
DEV_010_2024-09-11 07:00:00,2024-09-11 07:00:00,DEV_010,56
DEV_010_2024-09-11 08:00:00,2024-09-11 08:00:00,DEV_010,57
DEV_010_2024-09-11 09:00:00,2024-09-11 09:00:00,DEV_010,68
DEV_010_2024-09-11 10:00:00,2024-09-11 10:00:00,DEV_010,27
DEV_010_2024-09-11 11:00:00,2024-09-11 11:00:00,DEV_010,32
DEV_010_2024-09-11 12:00:00,2024-09-11 12:00:00,DEV_010,25
DEV_010_2024-09-11 13:00:00,2024-09-11 13:00:00,DEV_010,34
DEV_010_2024-09-11 14:00:00,2024-09-11 14:00:00,DEV_010,8
DEV_010_2024-09-11 15:00:00,2024-09-11 15:00:00,DEV_010,16
DEV_010_2024-09-11 16:00:00,2024-09-11 16:00:00,DEV_010,94
DEV_010_2024-09-11 17:00:00,2024-09-11 17:00:00,DEV_010,10
DEV_010_2024-09-11 18:00:00,2024-09-11 18:00:00,DEV_010,27
DEV_010_2024-09-11 19:00:00,2024-09-11 19:00:00,DEV_010,69
DEV_010_2024-09-11 20:00:00,2024-09-11 20:00:00,DEV_010,65
DEV_010_2024-09-11 21:00:00,2024-09-11 21:00:00,DEV_010,42
DEV_010_2024-09-11 22:00:00,2024-09-11 22:00:00,DEV_010,52
DEV_010_2024-09-11 23:00:00,2024-09-11 23:00:00,DEV_010,8
DEV_010_2024-09-12 00:00:00,2024-09-12 00:00:00,DEV_010,21
DEV_010_2024-09-12 01:00:00,2024-09-12 01:00:00,DEV_010,82
DEV_010_2024-09-12 02:00:00,2024-09-12 02:00:00,DEV_010,26
DEV_010_2024-09-12 03:00:00,2024-09-12 03:00:00,DEV_010,72
DEV_010_2024-09-12 04:00:00,2024-09-12 04:00:00,DEV_010,61
DEV_010_2024-09-12 05:00:00,2024-09-12 05:00:00,DEV_010,69
DEV_010_2024-09-12 06:00:00,2024-09-12 06:00:00,DEV_010,51
DEV_010_2024-09-12 07:00:00,2024-09-12 07:00:00,DEV_010,98
DEV_010_2024-09-12 08:00:00,2024-09-12 08:00:00,DEV_010,76
DEV_010_2024-09-12 09:00:00,2024-09-12 09:00:00,DEV_010,16
DEV_010_2024-09-12 10:00:00,2024-09-12 10:00:00,DEV_010,11
DEV_010_2024-09-12 11:00:00,2024-09-12 11:00:00,DEV_010,12
DEV_010_2024-09-12 12:00:00,2024-09-12 12:00:00,DEV_010,32
DEV_010_2024-09-12 13:00:00,2024-09-12 13:00:00,DEV_010,83
DEV_010_2024-09-12 14:00:00,2024-09-12 14:00:00,DEV_010,16
DEV_010_2024-09-12 15:00:00,2024-09-12 15:00:00,DEV_010,14
DEV_010_2024-09-12 16:00:00,2024-09-12 16:00:00,DEV_010,98
DEV_010_2024-09-12 17:00:00,2024-09-12 17:00:00,DEV_010,44
DEV_010_2024-09-12 18:00:00,2024-09-12 18:00:00,DEV_010,49
DEV_010_2024-09-12 19:00:00,2024-09-12 19:00:00,DEV_010,24
DEV_010_2024-09-12 20:00:00,2024-09-12 20:00:00,DEV_010,26
DEV_010_2024-09-12 21:00:00,2024-09-12 21:00:00,DEV_010,7
DEV_010_2024-09-12 22:00:00,2024-09-12 22:00:00,DEV_010,63
DEV_010_2024-09-12 23:00:00,2024-09-12 23:00:00,DEV_010,65
DEV_010_2024-09-13 00:00:00,2024-09-13 00:00:00,DEV_010,70
DEV_010_2024-09-13 01:00:00,2024-09-13 01:00:00,DEV_010,37
DEV_010_2024-09-13 02:00:00,2024-09-13 02:00:00,DEV_010,9
DEV_010_2024-09-13 03:00:00,2024-09-13 03:00:00,DEV_010,28
DEV_010_2024-09-13 04:00:00,2024-09-13 04:00:00,DEV_010,31
DEV_010_2024-09-13 05:00:00,2024-09-13 05:00:00,DEV_010,18
DEV_010_2024-09-13 06:00:00,2024-09-13 06:00:00,DEV_010,80
DEV_010_2024-09-13 07:00:00,2024-09-13 07:00:00,DEV_010,61
DEV_010_2024-09-13 08:00:00,2024-09-13 08:00:00,DEV_010,35
DEV_010_2024-09-13 09:00:00,2024-09-13 09:00:00,DEV_010,48
DEV_010_2024-09-13 10:00:00,2024-09-13 10:00:00,DEV_010,26
DEV_010_2024-09-13 11:00:00,2024-09-13 11:00:00,DEV_010,16
DEV_010_2024-09-13 12:00:00,2024-09-13 12:00:00,DEV_010,19
DEV_010_2024-09-13 13:00:00,2024-09-13 13:00:00,DEV_010,39
DEV_010_2024-09-13 14:00:00,2024-09-13 14:00:00,DEV_010,99
DEV_010_2024-09-13 15:00:00,2024-09-13 15:00:00,DEV_010,54
DEV_010_2024-09-13 16:00:00,2024-09-13 16:00:00,DEV_010,40
DEV_010_2024-09-13 17:00:00,2024-09-13 17:00:00,DEV_010,30
DEV_010_2024-09-13 18:00:00,2024-09-13 18:00:00,DEV_010,89
DEV_010_2024-09-13 19:00:00,2024-09-13 19:00:00,DEV_010,82
DEV_010_2024-09-13 20:00:00,2024-09-13 20:00:00,DEV_010,96
DEV_010_2024-09-13 21:00:00,2024-09-13 21:00:00,DEV_010,21
DEV_010_2024-09-13 22:00:00,2024-09-13 22:00:00,DEV_010,80
DEV_010_2024-09-13 23:00:00,2024-09-13 23:00:00,DEV_010,58
DEV_010_2024-09-14 00:00:00,2024-09-14 00:00:00,DEV_010,67
DEV_010_2024-09-14 01:00:00,2024-09-14 01:00:00,DEV_010,62
DEV_010_2024-09-14 02:00:00,2024-09-14 02:00:00,DEV_010,5
DEV_010_2024-09-14 03:00:00,2024-09-14 03:00:00,DEV_010,3
DEV_010_2024-09-14 04:00:00,2024-09-14 04:00:00,DEV_010,27
DEV_010_2024-09-14 05:00:00,2024-09-14 05:00:00,DEV_010,31
DEV_010_2024-09-14 06:00:00,2024-09-14 06:00:00,DEV_010,22
DEV_010_2024-09-14 07:00:00,2024-09-14 07:00:00,DEV_010,89
DEV_010_2024-09-14 08:00:00,2024-09-14 08:00:00,DEV_010,5
DEV_010_2024-09-14 09:00:00,2024-09-14 09:00:00,DEV_010,57
DEV_010_2024-09-14 10:00:00,2024-09-14 10:00:00,DEV_010,55
DEV_010_2024-09-14 11:00:00,2024-09-14 11:00:00,DEV_010,25
DEV_010_2024-09-14 12:00:00,2024-09-14 12:00:00,DEV_010,30
DEV_010_2024-09-14 13:00:00,2024-09-14 13:00:00,DEV_010,89
DEV_010_2024-09-14 14:00:00,2024-09-14 14:00:00,DEV_010,15
DEV_010_2024-09-14 15:00:00,2024-09-14 15:00:00,DEV_010,60
DEV_010_2024-09-14 16:00:00,2024-09-14 16:00:00,DEV_010,62
DEV_010_2024-09-14 17:00:00,2024-09-14 17:00:00,DEV_010,1
DEV_010_2024-09-14 18:00:00,2024-09-14 18:00:00,DEV_010,72
DEV_010_2024-09-14 19:00:00,2024-09-14 19:00:00,DEV_010,95
DEV_010_2024-09-14 20:00:00,2024-09-14 20:00:00,DEV_010,26
DEV_010_2024-09-14 21:00:00,2024-09-14 21:00:00,DEV_010,34
DEV_010_2024-09-14 22:00:00,2024-09-14 22:00:00,DEV_010,49
DEV_010_2024-09-14 23:00:00,2024-09-14 23:00:00,DEV_010,88
DEV_010_2024-09-15 00:00:00,2024-09-15 00:00:00,DEV_010,41
DEV_010_2024-09-15 01:00:00,2024-09-15 01:00:00,DEV_010,44
DEV_010_2024-09-15 02:00:00,2024-09-15 02:00:00,DEV_010,43
DEV_010_2024-09-15 03:00:00,2024-09-15 03:00:00,DEV_010,73
DEV_010_2024-09-15 04:00:00,2024-09-15 04:00:00,DEV_010,40
DEV_010_2024-09-15 05:00:00,2024-09-15 05:00:00,DEV_010,49
DEV_010_2024-09-15 06:00:00,2024-09-15 06:00:00,DEV_010,23
DEV_010_2024-09-15 07:00:00,2024-09-15 07:00:00,DEV_010,80
DEV_010_2024-09-15 08:00:00,2024-09-15 08:00:00,DEV_010,24
DEV_010_2024-09-15 09:00:00,2024-09-15 09:00:00,DEV_010,48
DEV_010_2024-09-15 10:00:00,2024-09-15 10:00:00,DEV_010,21
DEV_010_2024-09-15 11:00:00,2024-09-15 11:00:00,DEV_010,72
DEV_010_2024-09-15 12:00:00,2024-09-15 12:00:00,DEV_010,56
DEV_010_2024-09-15 13:00:00,2024-09-15 13:00:00,DEV_010,99
DEV_010_2024-09-15 14:00:00,2024-09-15 14:00:00,DEV_010,26
DEV_010_2024-09-15 15:00:00,2024-09-15 15:00:00,DEV_010,93
DEV_010_2024-09-15 16:00:00,2024-09-15 16:00:00,DEV_010,6
DEV_010_2024-09-15 17:00:00,2024-09-15 17:00:00,DEV_010,81
DEV_010_2024-09-15 18:00:00,2024-09-15 18:00:00,DEV_010,5
DEV_010_2024-09-15 19:00:00,2024-09-15 19:00:00,DEV_010,84
DEV_010_2024-09-15 20:00:00,2024-09-15 20:00:00,DEV_010,48
DEV_010_2024-09-15 21:00:00,2024-09-15 21:00:00,DEV_010,89
DEV_010_2024-09-15 22:00:00,2024-09-15 22:00:00,DEV_010,90
DEV_010_2024-09-15 23:00:00,2024-09-15 23:00:00,DEV_010,59
DEV_010_2024-09-16 00:00:00,2024-09-16 00:00:00,DEV_010,39
DEV_010_2024-09-16 01:00:00,2024-09-16 01:00:00,DEV_010,19
DEV_010_2024-09-16 02:00:00,2024-09-16 02:00:00,DEV_010,24
DEV_010_2024-09-16 03:00:00,2024-09-16 03:00:00,DEV_010,17
DEV_010_2024-09-16 04:00:00,2024-09-16 04:00:00,DEV_010,59
DEV_010_2024-09-16 05:00:00,2024-09-16 05:00:00,DEV_010,25
DEV_010_2024-09-16 06:00:00,2024-09-16 06:00:00,DEV_010,20
DEV_010_2024-09-16 07:00:00,2024-09-16 07:00:00,DEV_010,85
DEV_010_2024-09-16 08:00:00,2024-09-16 08:00:00,DEV_010,8
DEV_010_2024-09-16 09:00:00,2024-09-16 09:00:00,DEV_010,63
DEV_010_2024-09-16 10:00:00,2024-09-16 10:00:00,DEV_010,22
DEV_010_2024-09-16 11:00:00,2024-09-16 11:00:00,DEV_010,76
DEV_010_2024-09-16 12:00:00,2024-09-16 12:00:00,DEV_010,44
DEV_010_2024-09-16 13:00:00,2024-09-16 13:00:00,DEV_010,15
DEV_010_2024-09-16 14:00:00,2024-09-16 14:00:00,DEV_010,76
DEV_010_2024-09-16 15:00:00,2024-09-16 15:00:00,DEV_010,41
DEV_010_2024-09-16 16:00:00,2024-09-16 16:00:00,DEV_010,67
DEV_010_2024-09-16 17:00:00,2024-09-16 17:00:00,DEV_010,19
DEV_010_2024-09-16 18:00:00,2024-09-16 18:00:00,DEV_010,78
DEV_010_2024-09-16 19:00:00,2024-09-16 19:00:00,DEV_010,52
DEV_010_2024-09-16 20:00:00,2024-09-16 20:00:00,DEV_010,5
DEV_010_2024-09-16 21:00:00,2024-09-16 21:00:00,DEV_010,46
DEV_010_2024-09-16 22:00:00,2024-09-16 22:00:00,DEV_010,32
DEV_010_2024-09-16 23:00:00,2024-09-16 23:00:00,DEV_010,85
DEV_010_2024-09-17 00:00:00,2024-09-17 00:00:00,DEV_010,15
DEV_010_2024-09-17 01:00:00,2024-09-17 01:00:00,DEV_010,54
DEV_010_2024-09-17 02:00:00,2024-09-17 02:00:00,DEV_010,89
DEV_010_2024-09-17 03:00:00,2024-09-17 03:00:00,DEV_010,8
DEV_010_2024-09-17 04:00:00,2024-09-17 04:00:00,DEV_010,95
DEV_010_2024-09-17 05:00:00,2024-09-17 05:00:00,DEV_010,93
DEV_010_2024-09-17 06:00:00,2024-09-17 06:00:00,DEV_010,67
DEV_010_2024-09-17 07:00:00,2024-09-17 07:00:00,DEV_010,83
DEV_010_2024-09-17 08:00:00,2024-09-17 08:00:00,DEV_010,1
DEV_010_2024-09-17 09:00:00,2024-09-17 09:00:00,DEV_010,27
DEV_010_2024-09-17 10:00:00,2024-09-17 10:00:00,DEV_010,15
DEV_010_2024-09-17 11:00:00,2024-09-17 11:00:00,DEV_010,23
DEV_010_2024-09-17 12:00:00,2024-09-17 12:00:00,DEV_010,56
DEV_010_2024-09-17 13:00:00,2024-09-17 13:00:00,DEV_010,36
DEV_010_2024-09-17 14:00:00,2024-09-17 14:00:00,DEV_010,22
DEV_010_2024-09-17 15:00:00,2024-09-17 15:00:00,DEV_010,7
DEV_010_2024-09-17 16:00:00,2024-09-17 16:00:00,DEV_010,24
DEV_010_2024-09-17 17:00:00,2024-09-17 17:00:00,DEV_010,2
DEV_010_2024-09-17 18:00:00,2024-09-17 18:00:00,DEV_010,44
DEV_010_2024-09-17 19:00:00,2024-09-17 19:00:00,DEV_010,53
DEV_010_2024-09-17 20:00:00,2024-09-17 20:00:00,DEV_010,93
DEV_010_2024-09-17 21:00:00,2024-09-17 21:00:00,DEV_010,27
DEV_010_2024-09-17 22:00:00,2024-09-17 22:00:00,DEV_010,86
DEV_010_2024-09-17 23:00:00,2024-09-17 23:00:00,DEV_010,36
DEV_010_2024-09-18 00:00:00,2024-09-18 00:00:00,DEV_010,38
DEV_010_2024-09-18 01:00:00,2024-09-18 01:00:00,DEV_010,57
DEV_010_2024-09-18 02:00:00,2024-09-18 02:00:00,DEV_010,56
DEV_010_2024-09-18 03:00:00,2024-09-18 03:00:00,DEV_010,28
DEV_010_2024-09-18 04:00:00,2024-09-18 04:00:00,DEV_010,31
DEV_010_2024-09-18 05:00:00,2024-09-18 05:00:00,DEV_010,41
DEV_010_2024-09-18 06:00:00,2024-09-18 06:00:00,DEV_010,72
DEV_010_2024-09-18 07:00:00,2024-09-18 07:00:00,DEV_010,19
DEV_010_2024-09-18 08:00:00,2024-09-18 08:00:00,DEV_010,10
DEV_010_2024-09-18 09:00:00,2024-09-18 09:00:00,DEV_010,6
DEV_010_2024-09-18 10:00:00,2024-09-18 10:00:00,DEV_010,22
DEV_010_2024-09-18 11:00:00,2024-09-18 11:00:00,DEV_010,8
DEV_010_2024-09-18 12:00:00,2024-09-18 12:00:00,DEV_010,88
DEV_010_2024-09-18 13:00:00,2024-09-18 13:00:00,DEV_010,33
DEV_010_2024-09-18 14:00:00,2024-09-18 14:00:00,DEV_010,15
DEV_010_2024-09-18 15:00:00,2024-09-18 15:00:00,DEV_010,56
DEV_010_2024-09-18 16:00:00,2024-09-18 16:00:00,DEV_010,31
DEV_010_2024-09-18 17:00:00,2024-09-18 17:00:00,DEV_010,44
DEV_010_2024-09-18 18:00:00,2024-09-18 18:00:00,DEV_010,56
DEV_010_2024-09-18 19:00:00,2024-09-18 19:00:00,DEV_010,77
DEV_010_2024-09-18 20:00:00,2024-09-18 20:00:00,DEV_010,28
DEV_010_2024-09-18 21:00:00,2024-09-18 21:00:00,DEV_010,32
DEV_010_2024-09-18 22:00:00,2024-09-18 22:00:00,DEV_010,81
DEV_010_2024-09-18 23:00:00,2024-09-18 23:00:00,DEV_010,13
DEV_010_2024-09-19 00:00:00,2024-09-19 00:00:00,DEV_010,80
DEV_010_2024-09-19 01:00:00,2024-09-19 01:00:00,DEV_010,25
DEV_010_2024-09-19 02:00:00,2024-09-19 02:00:00,DEV_010,12
DEV_010_2024-09-19 03:00:00,2024-09-19 03:00:00,DEV_010,23
DEV_010_2024-09-19 04:00:00,2024-09-19 04:00:00,DEV_010,2
DEV_010_2024-09-19 05:00:00,2024-09-19 05:00:00,DEV_010,13
DEV_010_2024-09-19 06:00:00,2024-09-19 06:00:00,DEV_010,58
DEV_010_2024-09-19 07:00:00,2024-09-19 07:00:00,DEV_010,54
DEV_010_2024-09-19 08:00:00,2024-09-19 08:00:00,DEV_010,72
DEV_010_2024-09-19 09:00:00,2024-09-19 09:00:00,DEV_010,54
DEV_010_2024-09-19 10:00:00,2024-09-19 10:00:00,DEV_010,69
DEV_010_2024-09-19 11:00:00,2024-09-19 11:00:00,DEV_010,27
DEV_010_2024-09-19 12:00:00,2024-09-19 12:00:00,DEV_010,89
DEV_010_2024-09-19 13:00:00,2024-09-19 13:00:00,DEV_010,1
DEV_010_2024-09-19 14:00:00,2024-09-19 14:00:00,DEV_010,71
DEV_010_2024-09-19 15:00:00,2024-09-19 15:00:00,DEV_010,16
DEV_010_2024-09-19 16:00:00,2024-09-19 16:00:00,DEV_010,94
DEV_010_2024-09-19 17:00:00,2024-09-19 17:00:00,DEV_010,54
DEV_010_2024-09-19 18:00:00,2024-09-19 18:00:00,DEV_010,20
DEV_010_2024-09-19 19:00:00,2024-09-19 19:00:00,DEV_010,21
DEV_010_2024-09-19 20:00:00,2024-09-19 20:00:00,DEV_010,27
DEV_010_2024-09-19 21:00:00,2024-09-19 21:00:00,DEV_010,50
DEV_010_2024-09-19 22:00:00,2024-09-19 22:00:00,DEV_010,66
DEV_010_2024-09-19 23:00:00,2024-09-19 23:00:00,DEV_010,72
DEV_010_2024-09-20 00:00:00,2024-09-20 00:00:00,DEV_010,19
DEV_010_2024-09-20 01:00:00,2024-09-20 01:00:00,DEV_010,92
DEV_010_2024-09-20 02:00:00,2024-09-20 02:00:00,DEV_010,30
DEV_010_2024-09-20 03:00:00,2024-09-20 03:00:00,DEV_010,13
DEV_010_2024-09-20 04:00:00,2024-09-20 04:00:00,DEV_010,14
DEV_010_2024-09-20 05:00:00,2024-09-20 05:00:00,DEV_010,70
DEV_010_2024-09-20 06:00:00,2024-09-20 06:00:00,DEV_010,55
DEV_010_2024-09-20 07:00:00,2024-09-20 07:00:00,DEV_010,51
DEV_010_2024-09-20 08:00:00,2024-09-20 08:00:00,DEV_010,25
DEV_010_2024-09-20 09:00:00,2024-09-20 09:00:00,DEV_010,63
DEV_010_2024-09-20 10:00:00,2024-09-20 10:00:00,DEV_010,48
DEV_010_2024-09-20 11:00:00,2024-09-20 11:00:00,DEV_010,18
DEV_010_2024-09-20 12:00:00,2024-09-20 12:00:00,DEV_010,3
DEV_010_2024-09-20 13:00:00,2024-09-20 13:00:00,DEV_010,9
DEV_010_2024-09-20 14:00:00,2024-09-20 14:00:00,DEV_010,53
DEV_010_2024-09-20 15:00:00,2024-09-20 15:00:00,DEV_010,70
DEV_010_2024-09-20 16:00:00,2024-09-20 16:00:00,DEV_010,76
DEV_010_2024-09-20 17:00:00,2024-09-20 17:00:00,DEV_010,45
DEV_010_2024-09-20 18:00:00,2024-09-20 18:00:00,DEV_010,87
DEV_010_2024-09-20 19:00:00,2024-09-20 19:00:00,DEV_010,91
DEV_010_2024-09-20 20:00:00,2024-09-20 20:00:00,DEV_010,50
DEV_010_2024-09-20 21:00:00,2024-09-20 21:00:00,DEV_010,46
DEV_010_2024-09-20 22:00:00,2024-09-20 22:00:00,DEV_010,68
DEV_010_2024-09-20 23:00:00,2024-09-20 23:00:00,DEV_010,78
DEV_010_2024-09-21 00:00:00,2024-09-21 00:00:00,DEV_010,85
DEV_010_2024-09-21 01:00:00,2024-09-21 01:00:00,DEV_010,26
DEV_010_2024-09-21 02:00:00,2024-09-21 02:00:00,DEV_010,5
DEV_010_2024-09-21 03:00:00,2024-09-21 03:00:00,DEV_010,57
DEV_010_2024-09-21 04:00:00,2024-09-21 04:00:00,DEV_010,22
DEV_010_2024-09-21 05:00:00,2024-09-21 05:00:00,DEV_010,90
DEV_010_2024-09-21 06:00:00,2024-09-21 06:00:00,DEV_010,46
DEV_010_2024-09-21 07:00:00,2024-09-21 07:00:00,DEV_010,83
DEV_010_2024-09-21 08:00:00,2024-09-21 08:00:00,DEV_010,87
DEV_010_2024-09-21 09:00:00,2024-09-21 09:00:00,DEV_010,81
DEV_010_2024-09-21 10:00:00,2024-09-21 10:00:00,DEV_010,71
DEV_010_2024-09-21 11:00:00,2024-09-21 11:00:00,DEV_010,85
DEV_010_2024-09-21 12:00:00,2024-09-21 12:00:00,DEV_010,33
DEV_010_2024-09-21 13:00:00,2024-09-21 13:00:00,DEV_010,6
DEV_010_2024-09-21 14:00:00,2024-09-21 14:00:00,DEV_010,75
DEV_010_2024-09-21 15:00:00,2024-09-21 15:00:00,DEV_010,99
DEV_010_2024-09-21 16:00:00,2024-09-21 16:00:00,DEV_010,84
DEV_010_2024-09-21 17:00:00,2024-09-21 17:00:00,DEV_010,35
DEV_010_2024-09-21 18:00:00,2024-09-21 18:00:00,DEV_010,7
DEV_010_2024-09-21 19:00:00,2024-09-21 19:00:00,DEV_010,90
DEV_010_2024-09-21 20:00:00,2024-09-21 20:00:00,DEV_010,30
DEV_010_2024-09-21 21:00:00,2024-09-21 21:00:00,DEV_010,23
DEV_010_2024-09-21 22:00:00,2024-09-21 22:00:00,DEV_010,55
DEV_010_2024-09-21 23:00:00,2024-09-21 23:00:00,DEV_010,5
DEV_010_2024-09-22 00:00:00,2024-09-22 00:00:00,DEV_010,17
DEV_010_2024-09-22 01:00:00,2024-09-22 01:00:00,DEV_010,79
DEV_010_2024-09-22 02:00:00,2024-09-22 02:00:00,DEV_010,34
DEV_010_2024-09-22 03:00:00,2024-09-22 03:00:00,DEV_010,48
DEV_010_2024-09-22 04:00:00,2024-09-22 04:00:00,DEV_010,31
DEV_010_2024-09-22 05:00:00,2024-09-22 05:00:00,DEV_010,3
DEV_010_2024-09-22 06:00:00,2024-09-22 06:00:00,DEV_010,83
DEV_010_2024-09-22 07:00:00,2024-09-22 07:00:00,DEV_010,94
DEV_010_2024-09-22 08:00:00,2024-09-22 08:00:00,DEV_010,65
DEV_010_2024-09-22 09:00:00,2024-09-22 09:00:00,DEV_010,22
DEV_010_2024-09-22 10:00:00,2024-09-22 10:00:00,DEV_010,69
DEV_010_2024-09-22 11:00:00,2024-09-22 11:00:00,DEV_010,94
DEV_010_2024-09-22 12:00:00,2024-09-22 12:00:00,DEV_010,75
DEV_010_2024-09-22 13:00:00,2024-09-22 13:00:00,DEV_010,66
DEV_010_2024-09-22 14:00:00,2024-09-22 14:00:00,DEV_010,37
DEV_010_2024-09-22 15:00:00,2024-09-22 15:00:00,DEV_010,48
DEV_010_2024-09-22 16:00:00,2024-09-22 16:00:00,DEV_010,52
DEV_010_2024-09-22 17:00:00,2024-09-22 17:00:00,DEV_010,50
DEV_010_2024-09-22 18:00:00,2024-09-22 18:00:00,DEV_010,93
DEV_010_2024-09-22 19:00:00,2024-09-22 19:00:00,DEV_010,79
DEV_010_2024-09-22 20:00:00,2024-09-22 20:00:00,DEV_010,58
DEV_010_2024-09-22 21:00:00,2024-09-22 21:00:00,DEV_010,57
DEV_010_2024-09-22 22:00:00,2024-09-22 22:00:00,DEV_010,10
DEV_010_2024-09-22 23:00:00,2024-09-22 23:00:00,DEV_010,84
DEV_010_2024-09-23 00:00:00,2024-09-23 00:00:00,DEV_010,30
DEV_010_2024-09-23 01:00:00,2024-09-23 01:00:00,DEV_010,97
DEV_010_2024-09-23 02:00:00,2024-09-23 02:00:00,DEV_010,24
DEV_010_2024-09-23 03:00:00,2024-09-23 03:00:00,DEV_010,64
DEV_010_2024-09-23 04:00:00,2024-09-23 04:00:00,DEV_010,46
DEV_010_2024-09-23 05:00:00,2024-09-23 05:00:00,DEV_010,4
DEV_010_2024-09-23 06:00:00,2024-09-23 06:00:00,DEV_010,7
DEV_010_2024-09-23 07:00:00,2024-09-23 07:00:00,DEV_010,26
DEV_010_2024-09-23 08:00:00,2024-09-23 08:00:00,DEV_010,32
DEV_010_2024-09-23 09:00:00,2024-09-23 09:00:00,DEV_010,41
DEV_010_2024-09-23 10:00:00,2024-09-23 10:00:00,DEV_010,29
DEV_010_2024-09-23 11:00:00,2024-09-23 11:00:00,DEV_010,48
DEV_010_2024-09-23 12:00:00,2024-09-23 12:00:00,DEV_010,95
DEV_010_2024-09-23 13:00:00,2024-09-23 13:00:00,DEV_010,24
DEV_010_2024-09-23 14:00:00,2024-09-23 14:00:00,DEV_010,99
DEV_010_2024-09-23 15:00:00,2024-09-23 15:00:00,DEV_010,35
DEV_010_2024-09-23 16:00:00,2024-09-23 16:00:00,DEV_010,68
DEV_010_2024-09-23 17:00:00,2024-09-23 17:00:00,DEV_010,12
DEV_010_2024-09-23 18:00:00,2024-09-23 18:00:00,DEV_010,72
DEV_010_2024-09-23 19:00:00,2024-09-23 19:00:00,DEV_010,21
DEV_010_2024-09-23 20:00:00,2024-09-23 20:00:00,DEV_010,51
DEV_010_2024-09-23 21:00:00,2024-09-23 21:00:00,DEV_010,41
DEV_010_2024-09-23 22:00:00,2024-09-23 22:00:00,DEV_010,13
DEV_010_2024-09-23 23:00:00,2024-09-23 23:00:00,DEV_010,43
DEV_010_2024-09-24 00:00:00,2024-09-24 00:00:00,DEV_010,59
DEV_010_2024-09-24 01:00:00,2024-09-24 01:00:00,DEV_010,5
DEV_010_2024-09-24 02:00:00,2024-09-24 02:00:00,DEV_010,76
DEV_010_2024-09-24 03:00:00,2024-09-24 03:00:00,DEV_010,11
DEV_010_2024-09-24 04:00:00,2024-09-24 04:00:00,DEV_010,38
DEV_010_2024-09-24 05:00:00,2024-09-24 05:00:00,DEV_010,82
DEV_010_2024-09-24 06:00:00,2024-09-24 06:00:00,DEV_010,24
DEV_010_2024-09-24 07:00:00,2024-09-24 07:00:00,DEV_010,25
DEV_010_2024-09-24 08:00:00,2024-09-24 08:00:00,DEV_010,83
DEV_010_2024-09-24 09:00:00,2024-09-24 09:00:00,DEV_010,42
DEV_010_2024-09-24 10:00:00,2024-09-24 10:00:00,DEV_010,67
DEV_010_2024-09-24 11:00:00,2024-09-24 11:00:00,DEV_010,83
DEV_010_2024-09-24 12:00:00,2024-09-24 12:00:00,DEV_010,20
DEV_010_2024-09-24 13:00:00,2024-09-24 13:00:00,DEV_010,1
DEV_010_2024-09-24 14:00:00,2024-09-24 14:00:00,DEV_010,25
DEV_010_2024-09-24 15:00:00,2024-09-24 15:00:00,DEV_010,91
DEV_010_2024-09-24 16:00:00,2024-09-24 16:00:00,DEV_010,65
DEV_010_2024-09-24 17:00:00,2024-09-24 17:00:00,DEV_010,96
DEV_010_2024-09-24 18:00:00,2024-09-24 18:00:00,DEV_010,39
DEV_010_2024-09-24 19:00:00,2024-09-24 19:00:00,DEV_010,80
DEV_010_2024-09-24 20:00:00,2024-09-24 20:00:00,DEV_010,17
DEV_010_2024-09-24 21:00:00,2024-09-24 21:00:00,DEV_010,19
DEV_010_2024-09-24 22:00:00,2024-09-24 22:00:00,DEV_010,95
DEV_010_2024-09-24 23:00:00,2024-09-24 23:00:00,DEV_010,57
DEV_010_2024-09-25 00:00:00,2024-09-25 00:00:00,DEV_010,97
DEV_010_2024-09-25 01:00:00,2024-09-25 01:00:00,DEV_010,64
DEV_010_2024-09-25 02:00:00,2024-09-25 02:00:00,DEV_010,84
DEV_010_2024-09-25 03:00:00,2024-09-25 03:00:00,DEV_010,97
DEV_010_2024-09-25 04:00:00,2024-09-25 04:00:00,DEV_010,46
DEV_010_2024-09-25 05:00:00,2024-09-25 05:00:00,DEV_010,27
DEV_010_2024-09-25 06:00:00,2024-09-25 06:00:00,DEV_010,66
DEV_010_2024-09-25 07:00:00,2024-09-25 07:00:00,DEV_010,80
DEV_010_2024-09-25 08:00:00,2024-09-25 08:00:00,DEV_010,46
DEV_010_2024-09-25 09:00:00,2024-09-25 09:00:00,DEV_010,44
DEV_010_2024-09-25 10:00:00,2024-09-25 10:00:00,DEV_010,3
DEV_010_2024-09-25 11:00:00,2024-09-25 11:00:00,DEV_010,71
DEV_010_2024-09-25 12:00:00,2024-09-25 12:00:00,DEV_010,47
DEV_010_2024-09-25 13:00:00,2024-09-25 13:00:00,DEV_010,14
DEV_010_2024-09-25 14:00:00,2024-09-25 14:00:00,DEV_010,26
DEV_010_2024-09-25 15:00:00,2024-09-25 15:00:00,DEV_010,70
DEV_010_2024-09-25 16:00:00,2024-09-25 16:00:00,DEV_010,66
DEV_010_2024-09-25 17:00:00,2024-09-25 17:00:00,DEV_010,46
DEV_010_2024-09-25 18:00:00,2024-09-25 18:00:00,DEV_010,37
DEV_010_2024-09-25 19:00:00,2024-09-25 19:00:00,DEV_010,35
DEV_010_2024-09-25 20:00:00,2024-09-25 20:00:00,DEV_010,56
DEV_010_2024-09-25 21:00:00,2024-09-25 21:00:00,DEV_010,82
DEV_010_2024-09-25 22:00:00,2024-09-25 22:00:00,DEV_010,28
DEV_010_2024-09-25 23:00:00,2024-09-25 23:00:00,DEV_010,81
DEV_010_2024-09-26 00:00:00,2024-09-26 00:00:00,DEV_010,18
DEV_010_2024-09-26 01:00:00,2024-09-26 01:00:00,DEV_010,96
DEV_010_2024-09-26 02:00:00,2024-09-26 02:00:00,DEV_010,21
DEV_010_2024-09-26 03:00:00,2024-09-26 03:00:00,DEV_010,58
DEV_010_2024-09-26 04:00:00,2024-09-26 04:00:00,DEV_010,51
DEV_010_2024-09-26 05:00:00,2024-09-26 05:00:00,DEV_010,55
DEV_010_2024-09-26 06:00:00,2024-09-26 06:00:00,DEV_010,70
DEV_010_2024-09-26 07:00:00,2024-09-26 07:00:00,DEV_010,18
DEV_010_2024-09-26 08:00:00,2024-09-26 08:00:00,DEV_010,89
DEV_010_2024-09-26 09:00:00,2024-09-26 09:00:00,DEV_010,63
DEV_010_2024-09-26 10:00:00,2024-09-26 10:00:00,DEV_010,9
DEV_010_2024-09-26 11:00:00,2024-09-26 11:00:00,DEV_010,63
DEV_010_2024-09-26 12:00:00,2024-09-26 12:00:00,DEV_010,85
DEV_010_2024-09-26 13:00:00,2024-09-26 13:00:00,DEV_010,22
DEV_010_2024-09-26 14:00:00,2024-09-26 14:00:00,DEV_010,22
DEV_010_2024-09-26 15:00:00,2024-09-26 15:00:00,DEV_010,84
DEV_010_2024-09-26 16:00:00,2024-09-26 16:00:00,DEV_010,55
DEV_010_2024-09-26 17:00:00,2024-09-26 17:00:00,DEV_010,68
DEV_010_2024-09-26 18:00:00,2024-09-26 18:00:00,DEV_010,50
DEV_010_2024-09-26 19:00:00,2024-09-26 19:00:00,DEV_010,62
DEV_010_2024-09-26 20:00:00,2024-09-26 20:00:00,DEV_010,37
DEV_010_2024-09-26 21:00:00,2024-09-26 21:00:00,DEV_010,26
DEV_010_2024-09-26 22:00:00,2024-09-26 22:00:00,DEV_010,22
DEV_010_2024-09-26 23:00:00,2024-09-26 23:00:00,DEV_010,88
DEV_010_2024-09-27 00:00:00,2024-09-27 00:00:00,DEV_010,29
DEV_010_2024-09-27 01:00:00,2024-09-27 01:00:00,DEV_010,13
DEV_010_2024-09-27 02:00:00,2024-09-27 02:00:00,DEV_010,34
DEV_010_2024-09-27 03:00:00,2024-09-27 03:00:00,DEV_010,21
DEV_010_2024-09-27 04:00:00,2024-09-27 04:00:00,DEV_010,87
DEV_010_2024-09-27 05:00:00,2024-09-27 05:00:00,DEV_010,76
DEV_010_2024-09-27 06:00:00,2024-09-27 06:00:00,DEV_010,23
DEV_010_2024-09-27 07:00:00,2024-09-27 07:00:00,DEV_010,80
DEV_010_2024-09-27 08:00:00,2024-09-27 08:00:00,DEV_010,98
DEV_010_2024-09-27 09:00:00,2024-09-27 09:00:00,DEV_010,54
DEV_010_2024-09-27 10:00:00,2024-09-27 10:00:00,DEV_010,95
DEV_010_2024-09-27 11:00:00,2024-09-27 11:00:00,DEV_010,39
DEV_010_2024-09-27 12:00:00,2024-09-27 12:00:00,DEV_010,79
DEV_010_2024-09-27 13:00:00,2024-09-27 13:00:00,DEV_010,94
DEV_010_2024-09-27 14:00:00,2024-09-27 14:00:00,DEV_010,95
DEV_010_2024-09-27 15:00:00,2024-09-27 15:00:00,DEV_010,39
DEV_010_2024-09-27 16:00:00,2024-09-27 16:00:00,DEV_010,5
DEV_010_2024-09-27 17:00:00,2024-09-27 17:00:00,DEV_010,2
DEV_010_2024-09-27 18:00:00,2024-09-27 18:00:00,DEV_010,94
DEV_010_2024-09-27 19:00:00,2024-09-27 19:00:00,DEV_010,2
DEV_010_2024-09-27 20:00:00,2024-09-27 20:00:00,DEV_010,83
DEV_010_2024-09-27 21:00:00,2024-09-27 21:00:00,DEV_010,59
DEV_010_2024-09-27 22:00:00,2024-09-27 22:00:00,DEV_010,35
DEV_010_2024-09-27 23:00:00,2024-09-27 23:00:00,DEV_010,87
DEV_010_2024-09-28 00:00:00,2024-09-28 00:00:00,DEV_010,75
DEV_010_2024-09-28 01:00:00,2024-09-28 01:00:00,DEV_010,65
DEV_010_2024-09-28 02:00:00,2024-09-28 02:00:00,DEV_010,82
DEV_010_2024-09-28 03:00:00,2024-09-28 03:00:00,DEV_010,24
DEV_010_2024-09-28 04:00:00,2024-09-28 04:00:00,DEV_010,79
DEV_010_2024-09-28 05:00:00,2024-09-28 05:00:00,DEV_010,51
DEV_010_2024-09-28 06:00:00,2024-09-28 06:00:00,DEV_010,27
DEV_010_2024-09-28 07:00:00,2024-09-28 07:00:00,DEV_010,7
DEV_010_2024-09-28 08:00:00,2024-09-28 08:00:00,DEV_010,1
DEV_010_2024-09-28 09:00:00,2024-09-28 09:00:00,DEV_010,83
DEV_010_2024-09-28 10:00:00,2024-09-28 10:00:00,DEV_010,19
DEV_010_2024-09-28 11:00:00,2024-09-28 11:00:00,DEV_010,96
DEV_010_2024-09-28 12:00:00,2024-09-28 12:00:00,DEV_010,74
DEV_010_2024-09-28 13:00:00,2024-09-28 13:00:00,DEV_010,4
DEV_010_2024-09-28 14:00:00,2024-09-28 14:00:00,DEV_010,21
DEV_010_2024-09-28 15:00:00,2024-09-28 15:00:00,DEV_010,36
DEV_010_2024-09-28 16:00:00,2024-09-28 16:00:00,DEV_010,67
DEV_010_2024-09-28 17:00:00,2024-09-28 17:00:00,DEV_010,41
DEV_010_2024-09-28 18:00:00,2024-09-28 18:00:00,DEV_010,47
DEV_010_2024-09-28 19:00:00,2024-09-28 19:00:00,DEV_010,91
DEV_010_2024-09-28 20:00:00,2024-09-28 20:00:00,DEV_010,48
DEV_010_2024-09-28 21:00:00,2024-09-28 21:00:00,DEV_010,49
DEV_010_2024-09-28 22:00:00,2024-09-28 22:00:00,DEV_010,9
DEV_010_2024-09-28 23:00:00,2024-09-28 23:00:00,DEV_010,92
DEV_010_2024-09-29 00:00:00,2024-09-29 00:00:00,DEV_010,49
DEV_010_2024-09-29 01:00:00,2024-09-29 01:00:00,DEV_010,96
DEV_010_2024-09-29 02:00:00,2024-09-29 02:00:00,DEV_010,39
DEV_010_2024-09-29 03:00:00,2024-09-29 03:00:00,DEV_010,21
DEV_010_2024-09-29 04:00:00,2024-09-29 04:00:00,DEV_010,44
DEV_010_2024-09-29 05:00:00,2024-09-29 05:00:00,DEV_010,53
DEV_010_2024-09-29 06:00:00,2024-09-29 06:00:00,DEV_010,57
DEV_010_2024-09-29 07:00:00,2024-09-29 07:00:00,DEV_010,82
DEV_010_2024-09-29 08:00:00,2024-09-29 08:00:00,DEV_010,66
DEV_010_2024-09-29 09:00:00,2024-09-29 09:00:00,DEV_010,29
DEV_010_2024-09-29 10:00:00,2024-09-29 10:00:00,DEV_010,32
DEV_010_2024-09-29 11:00:00,2024-09-29 11:00:00,DEV_010,14
DEV_010_2024-09-29 12:00:00,2024-09-29 12:00:00,DEV_010,7
DEV_010_2024-09-29 13:00:00,2024-09-29 13:00:00,DEV_010,69
DEV_010_2024-09-29 14:00:00,2024-09-29 14:00:00,DEV_010,61
DEV_010_2024-09-29 15:00:00,2024-09-29 15:00:00,DEV_010,2
DEV_010_2024-09-29 16:00:00,2024-09-29 16:00:00,DEV_010,98
DEV_010_2024-09-29 17:00:00,2024-09-29 17:00:00,DEV_010,21
DEV_010_2024-09-29 18:00:00,2024-09-29 18:00:00,DEV_010,43
DEV_010_2024-09-29 19:00:00,2024-09-29 19:00:00,DEV_010,59
DEV_010_2024-09-29 20:00:00,2024-09-29 20:00:00,DEV_010,20
DEV_010_2024-09-29 21:00:00,2024-09-29 21:00:00,DEV_010,95
DEV_010_2024-09-29 22:00:00,2024-09-29 22:00:00,DEV_010,66
DEV_010_2024-09-29 23:00:00,2024-09-29 23:00:00,DEV_010,20
DEV_010_2024-09-30 00:00:00,2024-09-30 00:00:00,DEV_010,15
DEV_010_2024-09-30 01:00:00,2024-09-30 01:00:00,DEV_010,49
DEV_010_2024-09-30 02:00:00,2024-09-30 02:00:00,DEV_010,96
DEV_010_2024-09-30 03:00:00,2024-09-30 03:00:00,DEV_010,87
DEV_010_2024-09-30 04:00:00,2024-09-30 04:00:00,DEV_010,42
DEV_010_2024-09-30 05:00:00,2024-09-30 05:00:00,DEV_010,73
DEV_010_2024-09-30 06:00:00,2024-09-30 06:00:00,DEV_010,31
DEV_010_2024-09-30 07:00:00,2024-09-30 07:00:00,DEV_010,23
DEV_010_2024-09-30 08:00:00,2024-09-30 08:00:00,DEV_010,37
DEV_010_2024-09-30 09:00:00,2024-09-30 09:00:00,DEV_010,48
DEV_010_2024-09-30 10:00:00,2024-09-30 10:00:00,DEV_010,23
DEV_010_2024-09-30 11:00:00,2024-09-30 11:00:00,DEV_010,34
DEV_010_2024-09-30 12:00:00,2024-09-30 12:00:00,DEV_010,18
DEV_010_2024-09-30 13:00:00,2024-09-30 13:00:00,DEV_010,73
DEV_010_2024-09-30 14:00:00,2024-09-30 14:00:00,DEV_010,30
DEV_010_2024-09-30 15:00:00,2024-09-30 15:00:00,DEV_010,92
DEV_010_2024-09-30 16:00:00,2024-09-30 16:00:00,DEV_010,27
DEV_010_2024-09-30 17:00:00,2024-09-30 17:00:00,DEV_010,23
DEV_010_2024-09-30 18:00:00,2024-09-30 18:00:00,DEV_010,34
DEV_010_2024-09-30 19:00:00,2024-09-30 19:00:00,DEV_010,43
DEV_010_2024-09-30 20:00:00,2024-09-30 20:00:00,DEV_010,33
DEV_010_2024-09-30 21:00:00,2024-09-30 21:00:00,DEV_010,93
DEV_010_2024-09-30 22:00:00,2024-09-30 22:00:00,DEV_010,81
DEV_010_2024-09-30 23:00:00,2024-09-30 23:00:00,DEV_010,32
DEV_010_2024-10-01 00:00:00,2024-10-01 00:00:00,DEV_010,8
DEV_010_2024-10-01 01:00:00,2024-10-01 01:00:00,DEV_010,88
DEV_010_2024-10-01 02:00:00,2024-10-01 02:00:00,DEV_010,15
DEV_010_2024-10-01 03:00:00,2024-10-01 03:00:00,DEV_010,71
DEV_010_2024-10-01 04:00:00,2024-10-01 04:00:00,DEV_010,68
DEV_010_2024-10-01 05:00:00,2024-10-01 05:00:00,DEV_010,84
DEV_010_2024-10-01 06:00:00,2024-10-01 06:00:00,DEV_010,16
DEV_010_2024-10-01 07:00:00,2024-10-01 07:00:00,DEV_010,97
DEV_010_2024-10-01 08:00:00,2024-10-01 08:00:00,DEV_010,84
DEV_010_2024-10-01 09:00:00,2024-10-01 09:00:00,DEV_010,30
DEV_010_2024-10-01 10:00:00,2024-10-01 10:00:00,DEV_010,89
DEV_010_2024-10-01 11:00:00,2024-10-01 11:00:00,DEV_010,39
DEV_010_2024-10-01 12:00:00,2024-10-01 12:00:00,DEV_010,84
DEV_010_2024-10-01 13:00:00,2024-10-01 13:00:00,DEV_010,79
DEV_010_2024-10-01 14:00:00,2024-10-01 14:00:00,DEV_010,8
DEV_010_2024-10-01 15:00:00,2024-10-01 15:00:00,DEV_010,88
DEV_010_2024-10-01 16:00:00,2024-10-01 16:00:00,DEV_010,55
DEV_010_2024-10-01 17:00:00,2024-10-01 17:00:00,DEV_010,54
DEV_010_2024-10-01 18:00:00,2024-10-01 18:00:00,DEV_010,34
DEV_010_2024-10-01 19:00:00,2024-10-01 19:00:00,DEV_010,4
DEV_010_2024-10-01 20:00:00,2024-10-01 20:00:00,DEV_010,29
DEV_010_2024-10-01 21:00:00,2024-10-01 21:00:00,DEV_010,3
DEV_010_2024-10-01 22:00:00,2024-10-01 22:00:00,DEV_010,32
DEV_010_2024-10-01 23:00:00,2024-10-01 23:00:00,DEV_010,26
DEV_010_2024-10-02 00:00:00,2024-10-02 00:00:00,DEV_010,37
DEV_010_2024-10-02 01:00:00,2024-10-02 01:00:00,DEV_010,12
DEV_010_2024-10-02 02:00:00,2024-10-02 02:00:00,DEV_010,73
DEV_010_2024-10-02 03:00:00,2024-10-02 03:00:00,DEV_010,17
DEV_010_2024-10-02 04:00:00,2024-10-02 04:00:00,DEV_010,38
DEV_010_2024-10-02 05:00:00,2024-10-02 05:00:00,DEV_010,70
DEV_010_2024-10-02 06:00:00,2024-10-02 06:00:00,DEV_010,24
DEV_010_2024-10-02 07:00:00,2024-10-02 07:00:00,DEV_010,38
DEV_010_2024-10-02 08:00:00,2024-10-02 08:00:00,DEV_010,93
DEV_010_2024-10-02 09:00:00,2024-10-02 09:00:00,DEV_010,81
DEV_010_2024-10-02 10:00:00,2024-10-02 10:00:00,DEV_010,67
DEV_010_2024-10-02 11:00:00,2024-10-02 11:00:00,DEV_010,11
DEV_010_2024-10-02 12:00:00,2024-10-02 12:00:00,DEV_010,23
DEV_010_2024-10-02 13:00:00,2024-10-02 13:00:00,DEV_010,74
DEV_010_2024-10-02 14:00:00,2024-10-02 14:00:00,DEV_010,37
DEV_010_2024-10-02 15:00:00,2024-10-02 15:00:00,DEV_010,69
DEV_010_2024-10-02 16:00:00,2024-10-02 16:00:00,DEV_010,49
DEV_010_2024-10-02 17:00:00,2024-10-02 17:00:00,DEV_010,17
DEV_010_2024-10-02 18:00:00,2024-10-02 18:00:00,DEV_010,12
DEV_010_2024-10-02 19:00:00,2024-10-02 19:00:00,DEV_010,40
DEV_010_2024-10-02 20:00:00,2024-10-02 20:00:00,DEV_010,80
DEV_010_2024-10-02 21:00:00,2024-10-02 21:00:00,DEV_010,9
DEV_010_2024-10-02 22:00:00,2024-10-02 22:00:00,DEV_010,13
DEV_010_2024-10-02 23:00:00,2024-10-02 23:00:00,DEV_010,36
DEV_010_2024-10-03 00:00:00,2024-10-03 00:00:00,DEV_010,20
DEV_010_2024-10-03 01:00:00,2024-10-03 01:00:00,DEV_010,20
DEV_010_2024-10-03 02:00:00,2024-10-03 02:00:00,DEV_010,25
DEV_010_2024-10-03 03:00:00,2024-10-03 03:00:00,DEV_010,96
DEV_010_2024-10-03 04:00:00,2024-10-03 04:00:00,DEV_010,27
DEV_010_2024-10-03 05:00:00,2024-10-03 05:00:00,DEV_010,91
DEV_010_2024-10-03 06:00:00,2024-10-03 06:00:00,DEV_010,97
DEV_010_2024-10-03 07:00:00,2024-10-03 07:00:00,DEV_010,75
DEV_010_2024-10-03 08:00:00,2024-10-03 08:00:00,DEV_010,18
DEV_010_2024-10-03 09:00:00,2024-10-03 09:00:00,DEV_010,5
DEV_010_2024-10-03 10:00:00,2024-10-03 10:00:00,DEV_010,36
DEV_010_2024-10-03 11:00:00,2024-10-03 11:00:00,DEV_010,26
DEV_010_2024-10-03 12:00:00,2024-10-03 12:00:00,DEV_010,4
DEV_010_2024-10-03 13:00:00,2024-10-03 13:00:00,DEV_010,74
DEV_010_2024-10-03 14:00:00,2024-10-03 14:00:00,DEV_010,10
DEV_010_2024-10-03 15:00:00,2024-10-03 15:00:00,DEV_010,72
DEV_010_2024-10-03 16:00:00,2024-10-03 16:00:00,DEV_010,49
DEV_010_2024-10-03 17:00:00,2024-10-03 17:00:00,DEV_010,95
DEV_010_2024-10-03 18:00:00,2024-10-03 18:00:00,DEV_010,31
DEV_010_2024-10-03 19:00:00,2024-10-03 19:00:00,DEV_010,4
DEV_010_2024-10-03 20:00:00,2024-10-03 20:00:00,DEV_010,41
DEV_010_2024-10-03 21:00:00,2024-10-03 21:00:00,DEV_010,49
DEV_010_2024-10-03 22:00:00,2024-10-03 22:00:00,DEV_010,32
DEV_010_2024-10-03 23:00:00,2024-10-03 23:00:00,DEV_010,57
DEV_010_2024-10-04 00:00:00,2024-10-04 00:00:00,DEV_010,66
DEV_010_2024-10-04 01:00:00,2024-10-04 01:00:00,DEV_010,83
DEV_010_2024-10-04 02:00:00,2024-10-04 02:00:00,DEV_010,62
DEV_010_2024-10-04 03:00:00,2024-10-04 03:00:00,DEV_010,98
DEV_010_2024-10-04 04:00:00,2024-10-04 04:00:00,DEV_010,91
DEV_010_2024-10-04 05:00:00,2024-10-04 05:00:00,DEV_010,88
DEV_010_2024-10-04 06:00:00,2024-10-04 06:00:00,DEV_010,86
DEV_010_2024-10-04 07:00:00,2024-10-04 07:00:00,DEV_010,61
DEV_010_2024-10-04 08:00:00,2024-10-04 08:00:00,DEV_010,88
DEV_010_2024-10-04 09:00:00,2024-10-04 09:00:00,DEV_010,88
DEV_010_2024-10-04 10:00:00,2024-10-04 10:00:00,DEV_010,20
DEV_010_2024-10-04 11:00:00,2024-10-04 11:00:00,DEV_010,89
DEV_010_2024-10-04 12:00:00,2024-10-04 12:00:00,DEV_010,17
DEV_010_2024-10-04 13:00:00,2024-10-04 13:00:00,DEV_010,44
DEV_010_2024-10-04 14:00:00,2024-10-04 14:00:00,DEV_010,81
DEV_010_2024-10-04 15:00:00,2024-10-04 15:00:00,DEV_010,44
DEV_010_2024-10-04 16:00:00,2024-10-04 16:00:00,DEV_010,34
DEV_010_2024-10-04 17:00:00,2024-10-04 17:00:00,DEV_010,71
DEV_010_2024-10-04 18:00:00,2024-10-04 18:00:00,DEV_010,96
DEV_010_2024-10-04 19:00:00,2024-10-04 19:00:00,DEV_010,31
DEV_010_2024-10-04 20:00:00,2024-10-04 20:00:00,DEV_010,75
DEV_010_2024-10-04 21:00:00,2024-10-04 21:00:00,DEV_010,53
DEV_010_2024-10-04 22:00:00,2024-10-04 22:00:00,DEV_010,3
DEV_010_2024-10-04 23:00:00,2024-10-04 23:00:00,DEV_010,7
DEV_010_2024-10-05 00:00:00,2024-10-05 00:00:00,DEV_010,46
DEV_010_2024-10-05 01:00:00,2024-10-05 01:00:00,DEV_010,32
DEV_010_2024-10-05 02:00:00,2024-10-05 02:00:00,DEV_010,31
DEV_010_2024-10-05 03:00:00,2024-10-05 03:00:00,DEV_010,99
DEV_010_2024-10-05 04:00:00,2024-10-05 04:00:00,DEV_010,80
DEV_010_2024-10-05 05:00:00,2024-10-05 05:00:00,DEV_010,18
DEV_010_2024-10-05 06:00:00,2024-10-05 06:00:00,DEV_010,17
DEV_010_2024-10-05 07:00:00,2024-10-05 07:00:00,DEV_010,81
DEV_010_2024-10-05 08:00:00,2024-10-05 08:00:00,DEV_010,89
DEV_010_2024-10-05 09:00:00,2024-10-05 09:00:00,DEV_010,76
DEV_010_2024-10-05 10:00:00,2024-10-05 10:00:00,DEV_010,79
DEV_010_2024-10-05 11:00:00,2024-10-05 11:00:00,DEV_010,54
DEV_010_2024-10-05 12:00:00,2024-10-05 12:00:00,DEV_010,72
DEV_010_2024-10-05 13:00:00,2024-10-05 13:00:00,DEV_010,31
DEV_010_2024-10-05 14:00:00,2024-10-05 14:00:00,DEV_010,87
DEV_010_2024-10-05 15:00:00,2024-10-05 15:00:00,DEV_010,15
DEV_010_2024-10-05 16:00:00,2024-10-05 16:00:00,DEV_010,8
DEV_010_2024-10-05 17:00:00,2024-10-05 17:00:00,DEV_010,75
DEV_010_2024-10-05 18:00:00,2024-10-05 18:00:00,DEV_010,81
DEV_010_2024-10-05 19:00:00,2024-10-05 19:00:00,DEV_010,67
DEV_010_2024-10-05 20:00:00,2024-10-05 20:00:00,DEV_010,50
DEV_010_2024-10-05 21:00:00,2024-10-05 21:00:00,DEV_010,6
DEV_010_2024-10-05 22:00:00,2024-10-05 22:00:00,DEV_010,57
DEV_010_2024-10-05 23:00:00,2024-10-05 23:00:00,DEV_010,1
DEV_010_2024-10-06 00:00:00,2024-10-06 00:00:00,DEV_010,51
DEV_010_2024-10-06 01:00:00,2024-10-06 01:00:00,DEV_010,11
DEV_010_2024-10-06 02:00:00,2024-10-06 02:00:00,DEV_010,1
DEV_010_2024-10-06 03:00:00,2024-10-06 03:00:00,DEV_010,42
DEV_010_2024-10-06 04:00:00,2024-10-06 04:00:00,DEV_010,18
DEV_010_2024-10-06 05:00:00,2024-10-06 05:00:00,DEV_010,46
DEV_010_2024-10-06 06:00:00,2024-10-06 06:00:00,DEV_010,3
DEV_010_2024-10-06 07:00:00,2024-10-06 07:00:00,DEV_010,79
DEV_010_2024-10-06 08:00:00,2024-10-06 08:00:00,DEV_010,4
DEV_010_2024-10-06 09:00:00,2024-10-06 09:00:00,DEV_010,32
DEV_010_2024-10-06 10:00:00,2024-10-06 10:00:00,DEV_010,72
DEV_010_2024-10-06 11:00:00,2024-10-06 11:00:00,DEV_010,39
DEV_010_2024-10-06 12:00:00,2024-10-06 12:00:00,DEV_010,64
DEV_010_2024-10-06 13:00:00,2024-10-06 13:00:00,DEV_010,62
DEV_010_2024-10-06 14:00:00,2024-10-06 14:00:00,DEV_010,9
DEV_010_2024-10-06 15:00:00,2024-10-06 15:00:00,DEV_010,2
DEV_010_2024-10-06 16:00:00,2024-10-06 16:00:00,DEV_010,52
DEV_010_2024-10-06 17:00:00,2024-10-06 17:00:00,DEV_010,48
DEV_010_2024-10-06 18:00:00,2024-10-06 18:00:00,DEV_010,47
DEV_010_2024-10-06 19:00:00,2024-10-06 19:00:00,DEV_010,72
DEV_010_2024-10-06 20:00:00,2024-10-06 20:00:00,DEV_010,95
DEV_010_2024-10-06 21:00:00,2024-10-06 21:00:00,DEV_010,71
DEV_010_2024-10-06 22:00:00,2024-10-06 22:00:00,DEV_010,97
DEV_010_2024-10-06 23:00:00,2024-10-06 23:00:00,DEV_010,77
DEV_010_2024-10-07 00:00:00,2024-10-07 00:00:00,DEV_010,25
DEV_010_2024-10-07 01:00:00,2024-10-07 01:00:00,DEV_010,22
DEV_010_2024-10-07 02:00:00,2024-10-07 02:00:00,DEV_010,16
DEV_010_2024-10-07 03:00:00,2024-10-07 03:00:00,DEV_010,17
DEV_010_2024-10-07 04:00:00,2024-10-07 04:00:00,DEV_010,80
DEV_010_2024-10-07 05:00:00,2024-10-07 05:00:00,DEV_010,23
DEV_010_2024-10-07 06:00:00,2024-10-07 06:00:00,DEV_010,78
DEV_010_2024-10-07 07:00:00,2024-10-07 07:00:00,DEV_010,82
DEV_010_2024-10-07 08:00:00,2024-10-07 08:00:00,DEV_010,38
DEV_010_2024-10-07 09:00:00,2024-10-07 09:00:00,DEV_010,96
DEV_010_2024-10-07 10:00:00,2024-10-07 10:00:00,DEV_010,85
DEV_010_2024-10-07 11:00:00,2024-10-07 11:00:00,DEV_010,46
DEV_010_2024-10-07 12:00:00,2024-10-07 12:00:00,DEV_010,84
DEV_010_2024-10-07 13:00:00,2024-10-07 13:00:00,DEV_010,62
DEV_010_2024-10-07 14:00:00,2024-10-07 14:00:00,DEV_010,83
DEV_010_2024-10-07 15:00:00,2024-10-07 15:00:00,DEV_010,37
DEV_010_2024-10-07 16:00:00,2024-10-07 16:00:00,DEV_010,7
DEV_010_2024-10-07 17:00:00,2024-10-07 17:00:00,DEV_010,26
DEV_010_2024-10-07 18:00:00,2024-10-07 18:00:00,DEV_010,69
DEV_010_2024-10-07 19:00:00,2024-10-07 19:00:00,DEV_010,21
DEV_010_2024-10-07 20:00:00,2024-10-07 20:00:00,DEV_010,69
DEV_010_2024-10-07 21:00:00,2024-10-07 21:00:00,DEV_010,34
DEV_010_2024-10-07 22:00:00,2024-10-07 22:00:00,DEV_010,30
DEV_010_2024-10-07 23:00:00,2024-10-07 23:00:00,DEV_010,27
DEV_010_2024-10-08 00:00:00,2024-10-08 00:00:00,DEV_010,8
DEV_010_2024-10-08 01:00:00,2024-10-08 01:00:00,DEV_010,54
DEV_010_2024-10-08 02:00:00,2024-10-08 02:00:00,DEV_010,95
DEV_010_2024-10-08 03:00:00,2024-10-08 03:00:00,DEV_010,64
DEV_010_2024-10-08 04:00:00,2024-10-08 04:00:00,DEV_010,60
DEV_010_2024-10-08 05:00:00,2024-10-08 05:00:00,DEV_010,99
DEV_010_2024-10-08 06:00:00,2024-10-08 06:00:00,DEV_010,19
DEV_010_2024-10-08 07:00:00,2024-10-08 07:00:00,DEV_010,53
DEV_010_2024-10-08 08:00:00,2024-10-08 08:00:00,DEV_010,95
DEV_010_2024-10-08 09:00:00,2024-10-08 09:00:00,DEV_010,84
DEV_010_2024-10-08 10:00:00,2024-10-08 10:00:00,DEV_010,78
DEV_010_2024-10-08 11:00:00,2024-10-08 11:00:00,DEV_010,1
DEV_010_2024-10-08 12:00:00,2024-10-08 12:00:00,DEV_010,24
DEV_010_2024-10-08 13:00:00,2024-10-08 13:00:00,DEV_010,72
DEV_010_2024-10-08 14:00:00,2024-10-08 14:00:00,DEV_010,60
DEV_010_2024-10-08 15:00:00,2024-10-08 15:00:00,DEV_010,52
DEV_010_2024-10-08 16:00:00,2024-10-08 16:00:00,DEV_010,35
DEV_010_2024-10-08 17:00:00,2024-10-08 17:00:00,DEV_010,95
DEV_010_2024-10-08 18:00:00,2024-10-08 18:00:00,DEV_010,99
DEV_010_2024-10-08 19:00:00,2024-10-08 19:00:00,DEV_010,4
DEV_010_2024-10-08 20:00:00,2024-10-08 20:00:00,DEV_010,91
DEV_010_2024-10-08 21:00:00,2024-10-08 21:00:00,DEV_010,92
DEV_010_2024-10-08 22:00:00,2024-10-08 22:00:00,DEV_010,72
DEV_010_2024-10-08 23:00:00,2024-10-08 23:00:00,DEV_010,66
DEV_010_2024-10-09 00:00:00,2024-10-09 00:00:00,DEV_010,88
DEV_010_2024-10-09 01:00:00,2024-10-09 01:00:00,DEV_010,52
DEV_010_2024-10-09 02:00:00,2024-10-09 02:00:00,DEV_010,27
DEV_010_2024-10-09 03:00:00,2024-10-09 03:00:00,DEV_010,2
DEV_010_2024-10-09 04:00:00,2024-10-09 04:00:00,DEV_010,94
DEV_010_2024-10-09 05:00:00,2024-10-09 05:00:00,DEV_010,31
DEV_010_2024-10-09 06:00:00,2024-10-09 06:00:00,DEV_010,31
DEV_010_2024-10-09 07:00:00,2024-10-09 07:00:00,DEV_010,76
DEV_010_2024-10-09 08:00:00,2024-10-09 08:00:00,DEV_010,39
DEV_010_2024-10-09 09:00:00,2024-10-09 09:00:00,DEV_010,87
DEV_010_2024-10-09 10:00:00,2024-10-09 10:00:00,DEV_010,31
DEV_010_2024-10-09 11:00:00,2024-10-09 11:00:00,DEV_010,82
DEV_010_2024-10-09 12:00:00,2024-10-09 12:00:00,DEV_010,19
DEV_010_2024-10-09 13:00:00,2024-10-09 13:00:00,DEV_010,42
DEV_010_2024-10-09 14:00:00,2024-10-09 14:00:00,DEV_010,5
DEV_010_2024-10-09 15:00:00,2024-10-09 15:00:00,DEV_010,83
DEV_010_2024-10-09 16:00:00,2024-10-09 16:00:00,DEV_010,13
DEV_010_2024-10-09 17:00:00,2024-10-09 17:00:00,DEV_010,82
DEV_010_2024-10-09 18:00:00,2024-10-09 18:00:00,DEV_010,96
DEV_010_2024-10-09 19:00:00,2024-10-09 19:00:00,DEV_010,85
DEV_010_2024-10-09 20:00:00,2024-10-09 20:00:00,DEV_010,80
DEV_010_2024-10-09 21:00:00,2024-10-09 21:00:00,DEV_010,49
DEV_010_2024-10-09 22:00:00,2024-10-09 22:00:00,DEV_010,4
DEV_010_2024-10-09 23:00:00,2024-10-09 23:00:00,DEV_010,40
DEV_010_2024-10-10 00:00:00,2024-10-10 00:00:00,DEV_010,94
DEV_010_2024-10-10 01:00:00,2024-10-10 01:00:00,DEV_010,4
DEV_010_2024-10-10 02:00:00,2024-10-10 02:00:00,DEV_010,57
DEV_010_2024-10-10 03:00:00,2024-10-10 03:00:00,DEV_010,61
DEV_010_2024-10-10 04:00:00,2024-10-10 04:00:00,DEV_010,15
DEV_010_2024-10-10 05:00:00,2024-10-10 05:00:00,DEV_010,16
DEV_010_2024-10-10 06:00:00,2024-10-10 06:00:00,DEV_010,9
DEV_010_2024-10-10 07:00:00,2024-10-10 07:00:00,DEV_010,63
DEV_010_2024-10-10 08:00:00,2024-10-10 08:00:00,DEV_010,91
DEV_010_2024-10-10 09:00:00,2024-10-10 09:00:00,DEV_010,80
DEV_010_2024-10-10 10:00:00,2024-10-10 10:00:00,DEV_010,7
DEV_010_2024-10-10 11:00:00,2024-10-10 11:00:00,DEV_010,9
DEV_010_2024-10-10 12:00:00,2024-10-10 12:00:00,DEV_010,58
DEV_010_2024-10-10 13:00:00,2024-10-10 13:00:00,DEV_010,59
DEV_010_2024-10-10 14:00:00,2024-10-10 14:00:00,DEV_010,23
DEV_010_2024-10-10 15:00:00,2024-10-10 15:00:00,DEV_010,1
DEV_010_2024-10-10 16:00:00,2024-10-10 16:00:00,DEV_010,41
DEV_010_2024-10-10 17:00:00,2024-10-10 17:00:00,DEV_010,23
DEV_010_2024-10-10 18:00:00,2024-10-10 18:00:00,DEV_010,86
DEV_010_2024-10-10 19:00:00,2024-10-10 19:00:00,DEV_010,97
DEV_010_2024-10-10 20:00:00,2024-10-10 20:00:00,DEV_010,18
DEV_010_2024-10-10 21:00:00,2024-10-10 21:00:00,DEV_010,63
DEV_010_2024-10-10 22:00:00,2024-10-10 22:00:00,DEV_010,56
DEV_010_2024-10-10 23:00:00,2024-10-10 23:00:00,DEV_010,9
DEV_010_2024-10-11 00:00:00,2024-10-11 00:00:00,DEV_010,6
DEV_010_2024-10-11 01:00:00,2024-10-11 01:00:00,DEV_010,61
DEV_010_2024-10-11 02:00:00,2024-10-11 02:00:00,DEV_010,98
DEV_010_2024-10-11 03:00:00,2024-10-11 03:00:00,DEV_010,5
DEV_010_2024-10-11 04:00:00,2024-10-11 04:00:00,DEV_010,42
DEV_010_2024-10-11 05:00:00,2024-10-11 05:00:00,DEV_010,37
DEV_010_2024-10-11 06:00:00,2024-10-11 06:00:00,DEV_010,38
DEV_010_2024-10-11 07:00:00,2024-10-11 07:00:00,DEV_010,38
DEV_010_2024-10-11 08:00:00,2024-10-11 08:00:00,DEV_010,87
DEV_010_2024-10-11 09:00:00,2024-10-11 09:00:00,DEV_010,41
DEV_010_2024-10-11 10:00:00,2024-10-11 10:00:00,DEV_010,18
DEV_010_2024-10-11 11:00:00,2024-10-11 11:00:00,DEV_010,43
DEV_010_2024-10-11 12:00:00,2024-10-11 12:00:00,DEV_010,64
DEV_010_2024-10-11 13:00:00,2024-10-11 13:00:00,DEV_010,17
DEV_010_2024-10-11 14:00:00,2024-10-11 14:00:00,DEV_010,64
DEV_010_2024-10-11 15:00:00,2024-10-11 15:00:00,DEV_010,59
DEV_010_2024-10-11 16:00:00,2024-10-11 16:00:00,DEV_010,80
DEV_010_2024-10-11 17:00:00,2024-10-11 17:00:00,DEV_010,51
DEV_010_2024-10-11 18:00:00,2024-10-11 18:00:00,DEV_010,86
DEV_010_2024-10-11 19:00:00,2024-10-11 19:00:00,DEV_010,54
DEV_010_2024-10-11 20:00:00,2024-10-11 20:00:00,DEV_010,95
DEV_010_2024-10-11 21:00:00,2024-10-11 21:00:00,DEV_010,5
DEV_010_2024-10-11 22:00:00,2024-10-11 22:00:00,DEV_010,88
DEV_010_2024-10-11 23:00:00,2024-10-11 23:00:00,DEV_010,75
DEV_010_2024-10-12 00:00:00,2024-10-12 00:00:00,DEV_010,5
DEV_010_2024-10-12 01:00:00,2024-10-12 01:00:00,DEV_010,33
DEV_010_2024-10-12 02:00:00,2024-10-12 02:00:00,DEV_010,50
DEV_010_2024-10-12 03:00:00,2024-10-12 03:00:00,DEV_010,24
DEV_010_2024-10-12 04:00:00,2024-10-12 04:00:00,DEV_010,67
DEV_010_2024-10-12 05:00:00,2024-10-12 05:00:00,DEV_010,74
DEV_010_2024-10-12 06:00:00,2024-10-12 06:00:00,DEV_010,15
DEV_010_2024-10-12 07:00:00,2024-10-12 07:00:00,DEV_010,74
DEV_010_2024-10-12 08:00:00,2024-10-12 08:00:00,DEV_010,28
DEV_010_2024-10-12 09:00:00,2024-10-12 09:00:00,DEV_010,94
DEV_010_2024-10-12 10:00:00,2024-10-12 10:00:00,DEV_010,60
DEV_010_2024-10-12 11:00:00,2024-10-12 11:00:00,DEV_010,71
DEV_010_2024-10-12 12:00:00,2024-10-12 12:00:00,DEV_010,45
DEV_010_2024-10-12 13:00:00,2024-10-12 13:00:00,DEV_010,81
DEV_010_2024-10-12 14:00:00,2024-10-12 14:00:00,DEV_010,53
DEV_010_2024-10-12 15:00:00,2024-10-12 15:00:00,DEV_010,4
DEV_010_2024-10-12 16:00:00,2024-10-12 16:00:00,DEV_010,56
DEV_010_2024-10-12 17:00:00,2024-10-12 17:00:00,DEV_010,93
DEV_010_2024-10-12 18:00:00,2024-10-12 18:00:00,DEV_010,40
DEV_010_2024-10-12 19:00:00,2024-10-12 19:00:00,DEV_010,10
DEV_010_2024-10-12 20:00:00,2024-10-12 20:00:00,DEV_010,89
DEV_010_2024-10-12 21:00:00,2024-10-12 21:00:00,DEV_010,37
DEV_010_2024-10-12 22:00:00,2024-10-12 22:00:00,DEV_010,69
DEV_010_2024-10-12 23:00:00,2024-10-12 23:00:00,DEV_010,62
DEV_010_2024-10-13 00:00:00,2024-10-13 00:00:00,DEV_010,7
DEV_010_2024-10-13 01:00:00,2024-10-13 01:00:00,DEV_010,7
DEV_010_2024-10-13 02:00:00,2024-10-13 02:00:00,DEV_010,2
DEV_010_2024-10-13 03:00:00,2024-10-13 03:00:00,DEV_010,37
DEV_010_2024-10-13 04:00:00,2024-10-13 04:00:00,DEV_010,35
DEV_010_2024-10-13 05:00:00,2024-10-13 05:00:00,DEV_010,4
DEV_010_2024-10-13 06:00:00,2024-10-13 06:00:00,DEV_010,64
DEV_010_2024-10-13 07:00:00,2024-10-13 07:00:00,DEV_010,5
DEV_010_2024-10-13 08:00:00,2024-10-13 08:00:00,DEV_010,98
DEV_010_2024-10-13 09:00:00,2024-10-13 09:00:00,DEV_010,67
DEV_010_2024-10-13 10:00:00,2024-10-13 10:00:00,DEV_010,90
DEV_010_2024-10-13 11:00:00,2024-10-13 11:00:00,DEV_010,6
DEV_010_2024-10-13 12:00:00,2024-10-13 12:00:00,DEV_010,7
DEV_010_2024-10-13 13:00:00,2024-10-13 13:00:00,DEV_010,75
DEV_010_2024-10-13 14:00:00,2024-10-13 14:00:00,DEV_010,55
DEV_010_2024-10-13 15:00:00,2024-10-13 15:00:00,DEV_010,94
DEV_010_2024-10-13 16:00:00,2024-10-13 16:00:00,DEV_010,74
DEV_010_2024-10-13 17:00:00,2024-10-13 17:00:00,DEV_010,53
DEV_010_2024-10-13 18:00:00,2024-10-13 18:00:00,DEV_010,40
DEV_010_2024-10-13 19:00:00,2024-10-13 19:00:00,DEV_010,30
DEV_010_2024-10-13 20:00:00,2024-10-13 20:00:00,DEV_010,72
DEV_010_2024-10-13 21:00:00,2024-10-13 21:00:00,DEV_010,40
DEV_010_2024-10-13 22:00:00,2024-10-13 22:00:00,DEV_010,91
DEV_010_2024-10-13 23:00:00,2024-10-13 23:00:00,DEV_010,36
DEV_010_2024-10-14 00:00:00,2024-10-14 00:00:00,DEV_010,44
DEV_010_2024-10-14 01:00:00,2024-10-14 01:00:00,DEV_010,62
DEV_010_2024-10-14 02:00:00,2024-10-14 02:00:00,DEV_010,74
DEV_010_2024-10-14 03:00:00,2024-10-14 03:00:00,DEV_010,3
DEV_010_2024-10-14 04:00:00,2024-10-14 04:00:00,DEV_010,45
DEV_010_2024-10-14 05:00:00,2024-10-14 05:00:00,DEV_010,78
DEV_010_2024-10-14 06:00:00,2024-10-14 06:00:00,DEV_010,88
DEV_010_2024-10-14 07:00:00,2024-10-14 07:00:00,DEV_010,38
DEV_010_2024-10-14 08:00:00,2024-10-14 08:00:00,DEV_010,65
DEV_010_2024-10-14 09:00:00,2024-10-14 09:00:00,DEV_010,81
DEV_010_2024-10-14 10:00:00,2024-10-14 10:00:00,DEV_010,81
DEV_010_2024-10-14 11:00:00,2024-10-14 11:00:00,DEV_010,98
DEV_010_2024-10-14 12:00:00,2024-10-14 12:00:00,DEV_010,44
DEV_010_2024-10-14 13:00:00,2024-10-14 13:00:00,DEV_010,84
DEV_010_2024-10-14 14:00:00,2024-10-14 14:00:00,DEV_010,12
DEV_010_2024-10-14 15:00:00,2024-10-14 15:00:00,DEV_010,17
DEV_010_2024-10-14 16:00:00,2024-10-14 16:00:00,DEV_010,97
DEV_010_2024-10-14 17:00:00,2024-10-14 17:00:00,DEV_010,41
DEV_010_2024-10-14 18:00:00,2024-10-14 18:00:00,DEV_010,95
DEV_010_2024-10-14 19:00:00,2024-10-14 19:00:00,DEV_010,46
DEV_010_2024-10-14 20:00:00,2024-10-14 20:00:00,DEV_010,84
DEV_010_2024-10-14 21:00:00,2024-10-14 21:00:00,DEV_010,86
DEV_010_2024-10-14 22:00:00,2024-10-14 22:00:00,DEV_010,71
DEV_010_2024-10-14 23:00:00,2024-10-14 23:00:00,DEV_010,2
DEV_010_2024-10-15 00:00:00,2024-10-15 00:00:00,DEV_010,36
DEV_010_2024-10-15 01:00:00,2024-10-15 01:00:00,DEV_010,49
DEV_010_2024-10-15 02:00:00,2024-10-15 02:00:00,DEV_010,70
DEV_010_2024-10-15 03:00:00,2024-10-15 03:00:00,DEV_010,12
DEV_010_2024-10-15 04:00:00,2024-10-15 04:00:00,DEV_010,79
DEV_010_2024-10-15 05:00:00,2024-10-15 05:00:00,DEV_010,29
DEV_010_2024-10-15 06:00:00,2024-10-15 06:00:00,DEV_010,42
DEV_010_2024-10-15 07:00:00,2024-10-15 07:00:00,DEV_010,47
DEV_010_2024-10-15 08:00:00,2024-10-15 08:00:00,DEV_010,70
DEV_010_2024-10-15 09:00:00,2024-10-15 09:00:00,DEV_010,98
DEV_010_2024-10-15 10:00:00,2024-10-15 10:00:00,DEV_010,35
DEV_010_2024-10-15 11:00:00,2024-10-15 11:00:00,DEV_010,36
DEV_010_2024-10-15 12:00:00,2024-10-15 12:00:00,DEV_010,11
DEV_010_2024-10-15 13:00:00,2024-10-15 13:00:00,DEV_010,66
DEV_010_2024-10-15 14:00:00,2024-10-15 14:00:00,DEV_010,57
DEV_010_2024-10-15 15:00:00,2024-10-15 15:00:00,DEV_010,79
DEV_010_2024-10-15 16:00:00,2024-10-15 16:00:00,DEV_010,47
DEV_010_2024-10-15 17:00:00,2024-10-15 17:00:00,DEV_010,78
DEV_010_2024-10-15 18:00:00,2024-10-15 18:00:00,DEV_010,10
DEV_010_2024-10-15 19:00:00,2024-10-15 19:00:00,DEV_010,63
DEV_010_2024-10-15 20:00:00,2024-10-15 20:00:00,DEV_010,93
DEV_010_2024-10-15 21:00:00,2024-10-15 21:00:00,DEV_010,12
DEV_010_2024-10-15 22:00:00,2024-10-15 22:00:00,DEV_010,31
DEV_010_2024-10-15 23:00:00,2024-10-15 23:00:00,DEV_010,37
DEV_010_2024-10-16 00:00:00,2024-10-16 00:00:00,DEV_010,55
DEV_010_2024-10-16 01:00:00,2024-10-16 01:00:00,DEV_010,48
DEV_010_2024-10-16 02:00:00,2024-10-16 02:00:00,DEV_010,75
DEV_010_2024-10-16 03:00:00,2024-10-16 03:00:00,DEV_010,7
DEV_010_2024-10-16 04:00:00,2024-10-16 04:00:00,DEV_010,83
DEV_010_2024-10-16 05:00:00,2024-10-16 05:00:00,DEV_010,94
DEV_010_2024-10-16 06:00:00,2024-10-16 06:00:00,DEV_010,39
DEV_010_2024-10-16 07:00:00,2024-10-16 07:00:00,DEV_010,75
DEV_010_2024-10-16 08:00:00,2024-10-16 08:00:00,DEV_010,53
DEV_010_2024-10-16 09:00:00,2024-10-16 09:00:00,DEV_010,51
DEV_010_2024-10-16 10:00:00,2024-10-16 10:00:00,DEV_010,45
DEV_010_2024-10-16 11:00:00,2024-10-16 11:00:00,DEV_010,9
DEV_010_2024-10-16 12:00:00,2024-10-16 12:00:00,DEV_010,30
DEV_010_2024-10-16 13:00:00,2024-10-16 13:00:00,DEV_010,85
DEV_010_2024-10-16 14:00:00,2024-10-16 14:00:00,DEV_010,43
DEV_010_2024-10-16 15:00:00,2024-10-16 15:00:00,DEV_010,65
DEV_010_2024-10-16 16:00:00,2024-10-16 16:00:00,DEV_010,99
DEV_010_2024-10-16 17:00:00,2024-10-16 17:00:00,DEV_010,47
DEV_010_2024-10-16 18:00:00,2024-10-16 18:00:00,DEV_010,30
DEV_010_2024-10-16 19:00:00,2024-10-16 19:00:00,DEV_010,63
DEV_010_2024-10-16 20:00:00,2024-10-16 20:00:00,DEV_010,49
DEV_010_2024-10-16 21:00:00,2024-10-16 21:00:00,DEV_010,24
DEV_010_2024-10-16 22:00:00,2024-10-16 22:00:00,DEV_010,22
DEV_010_2024-10-16 23:00:00,2024-10-16 23:00:00,DEV_010,62
DEV_010_2024-10-17 00:00:00,2024-10-17 00:00:00,DEV_010,21
DEV_010_2024-10-17 01:00:00,2024-10-17 01:00:00,DEV_010,10
DEV_010_2024-10-17 02:00:00,2024-10-17 02:00:00,DEV_010,38
DEV_010_2024-10-17 03:00:00,2024-10-17 03:00:00,DEV_010,3
DEV_010_2024-10-17 04:00:00,2024-10-17 04:00:00,DEV_010,31
DEV_010_2024-10-17 05:00:00,2024-10-17 05:00:00,DEV_010,68
DEV_010_2024-10-17 06:00:00,2024-10-17 06:00:00,DEV_010,4
DEV_010_2024-10-17 07:00:00,2024-10-17 07:00:00,DEV_010,13
DEV_010_2024-10-17 08:00:00,2024-10-17 08:00:00,DEV_010,47
DEV_010_2024-10-17 09:00:00,2024-10-17 09:00:00,DEV_010,49
DEV_010_2024-10-17 10:00:00,2024-10-17 10:00:00,DEV_010,89
DEV_010_2024-10-17 11:00:00,2024-10-17 11:00:00,DEV_010,64
DEV_010_2024-10-17 12:00:00,2024-10-17 12:00:00,DEV_010,22
DEV_010_2024-10-17 13:00:00,2024-10-17 13:00:00,DEV_010,19
DEV_010_2024-10-17 14:00:00,2024-10-17 14:00:00,DEV_010,91
DEV_010_2024-10-17 15:00:00,2024-10-17 15:00:00,DEV_010,93
DEV_010_2024-10-17 16:00:00,2024-10-17 16:00:00,DEV_010,93
DEV_010_2024-10-17 17:00:00,2024-10-17 17:00:00,DEV_010,97
DEV_010_2024-10-17 18:00:00,2024-10-17 18:00:00,DEV_010,80
DEV_010_2024-10-17 19:00:00,2024-10-17 19:00:00,DEV_010,34
DEV_010_2024-10-17 20:00:00,2024-10-17 20:00:00,DEV_010,69
DEV_010_2024-10-17 21:00:00,2024-10-17 21:00:00,DEV_010,30
DEV_010_2024-10-17 22:00:00,2024-10-17 22:00:00,DEV_010,91
DEV_010_2024-10-17 23:00:00,2024-10-17 23:00:00,DEV_010,96
DEV_010_2024-10-18 00:00:00,2024-10-18 00:00:00,DEV_010,27
DEV_010_2024-10-18 01:00:00,2024-10-18 01:00:00,DEV_010,12
DEV_010_2024-10-18 02:00:00,2024-10-18 02:00:00,DEV_010,25
DEV_010_2024-10-18 03:00:00,2024-10-18 03:00:00,DEV_010,16
DEV_010_2024-10-18 04:00:00,2024-10-18 04:00:00,DEV_010,60
DEV_010_2024-10-18 05:00:00,2024-10-18 05:00:00,DEV_010,30
DEV_010_2024-10-18 06:00:00,2024-10-18 06:00:00,DEV_010,78
DEV_010_2024-10-18 07:00:00,2024-10-18 07:00:00,DEV_010,60
DEV_010_2024-10-18 08:00:00,2024-10-18 08:00:00,DEV_010,51
DEV_010_2024-10-18 09:00:00,2024-10-18 09:00:00,DEV_010,48
DEV_010_2024-10-18 10:00:00,2024-10-18 10:00:00,DEV_010,91
DEV_010_2024-10-18 11:00:00,2024-10-18 11:00:00,DEV_010,76
DEV_010_2024-10-18 12:00:00,2024-10-18 12:00:00,DEV_010,41
DEV_010_2024-10-18 13:00:00,2024-10-18 13:00:00,DEV_010,60
DEV_010_2024-10-18 14:00:00,2024-10-18 14:00:00,DEV_010,79
DEV_010_2024-10-18 15:00:00,2024-10-18 15:00:00,DEV_010,7
DEV_010_2024-10-18 16:00:00,2024-10-18 16:00:00,DEV_010,98
DEV_010_2024-10-18 17:00:00,2024-10-18 17:00:00,DEV_010,47
DEV_010_2024-10-18 18:00:00,2024-10-18 18:00:00,DEV_010,47
DEV_010_2024-10-18 19:00:00,2024-10-18 19:00:00,DEV_010,7
DEV_010_2024-10-18 20:00:00,2024-10-18 20:00:00,DEV_010,44
DEV_010_2024-10-18 21:00:00,2024-10-18 21:00:00,DEV_010,48
DEV_010_2024-10-18 22:00:00,2024-10-18 22:00:00,DEV_010,3
DEV_010_2024-10-18 23:00:00,2024-10-18 23:00:00,DEV_010,79
DEV_010_2024-10-19 00:00:00,2024-10-19 00:00:00,DEV_010,81
DEV_010_2024-10-19 01:00:00,2024-10-19 01:00:00,DEV_010,88
DEV_010_2024-10-19 02:00:00,2024-10-19 02:00:00,DEV_010,39
DEV_010_2024-10-19 03:00:00,2024-10-19 03:00:00,DEV_010,70
DEV_010_2024-10-19 04:00:00,2024-10-19 04:00:00,DEV_010,32
DEV_010_2024-10-19 05:00:00,2024-10-19 05:00:00,DEV_010,53
DEV_010_2024-10-19 06:00:00,2024-10-19 06:00:00,DEV_010,30
DEV_010_2024-10-19 07:00:00,2024-10-19 07:00:00,DEV_010,31
DEV_010_2024-10-19 08:00:00,2024-10-19 08:00:00,DEV_010,26
DEV_010_2024-10-19 09:00:00,2024-10-19 09:00:00,DEV_010,95
DEV_010_2024-10-19 10:00:00,2024-10-19 10:00:00,DEV_010,72
DEV_010_2024-10-19 11:00:00,2024-10-19 11:00:00,DEV_010,69
DEV_010_2024-10-19 12:00:00,2024-10-19 12:00:00,DEV_010,33
DEV_010_2024-10-19 13:00:00,2024-10-19 13:00:00,DEV_010,46
DEV_010_2024-10-19 14:00:00,2024-10-19 14:00:00,DEV_010,73
DEV_010_2024-10-19 15:00:00,2024-10-19 15:00:00,DEV_010,54
DEV_010_2024-10-19 16:00:00,2024-10-19 16:00:00,DEV_010,31
DEV_010_2024-10-19 17:00:00,2024-10-19 17:00:00,DEV_010,32
DEV_010_2024-10-19 18:00:00,2024-10-19 18:00:00,DEV_010,91
DEV_010_2024-10-19 19:00:00,2024-10-19 19:00:00,DEV_010,81
DEV_010_2024-10-19 20:00:00,2024-10-19 20:00:00,DEV_010,96
DEV_010_2024-10-19 21:00:00,2024-10-19 21:00:00,DEV_010,33
DEV_010_2024-10-19 22:00:00,2024-10-19 22:00:00,DEV_010,13
DEV_010_2024-10-19 23:00:00,2024-10-19 23:00:00,DEV_010,35
DEV_010_2024-10-20 00:00:00,2024-10-20 00:00:00,DEV_010,69
DEV_010_2024-10-20 01:00:00,2024-10-20 01:00:00,DEV_010,50
DEV_010_2024-10-20 02:00:00,2024-10-20 02:00:00,DEV_010,40
DEV_010_2024-10-20 03:00:00,2024-10-20 03:00:00,DEV_010,64
DEV_010_2024-10-20 04:00:00,2024-10-20 04:00:00,DEV_010,19
DEV_010_2024-10-20 05:00:00,2024-10-20 05:00:00,DEV_010,92
DEV_010_2024-10-20 06:00:00,2024-10-20 06:00:00,DEV_010,67
DEV_010_2024-10-20 07:00:00,2024-10-20 07:00:00,DEV_010,55
DEV_010_2024-10-20 08:00:00,2024-10-20 08:00:00,DEV_010,76
DEV_010_2024-10-20 09:00:00,2024-10-20 09:00:00,DEV_010,92
DEV_010_2024-10-20 10:00:00,2024-10-20 10:00:00,DEV_010,22
DEV_010_2024-10-20 11:00:00,2024-10-20 11:00:00,DEV_010,30
DEV_010_2024-10-20 12:00:00,2024-10-20 12:00:00,DEV_010,25
DEV_010_2024-10-20 13:00:00,2024-10-20 13:00:00,DEV_010,75
DEV_010_2024-10-20 14:00:00,2024-10-20 14:00:00,DEV_010,81
DEV_010_2024-10-20 15:00:00,2024-10-20 15:00:00,DEV_010,61
DEV_010_2024-10-20 16:00:00,2024-10-20 16:00:00,DEV_010,17
DEV_010_2024-10-20 17:00:00,2024-10-20 17:00:00,DEV_010,68
DEV_010_2024-10-20 18:00:00,2024-10-20 18:00:00,DEV_010,50
DEV_010_2024-10-20 19:00:00,2024-10-20 19:00:00,DEV_010,92
DEV_010_2024-10-20 20:00:00,2024-10-20 20:00:00,DEV_010,21
DEV_010_2024-10-20 21:00:00,2024-10-20 21:00:00,DEV_010,45
DEV_010_2024-10-20 22:00:00,2024-10-20 22:00:00,DEV_010,73
DEV_010_2024-10-20 23:00:00,2024-10-20 23:00:00,DEV_010,48
DEV_010_2024-10-21 00:00:00,2024-10-21 00:00:00,DEV_010,60
DEV_010_2024-10-21 01:00:00,2024-10-21 01:00:00,DEV_010,51
DEV_010_2024-10-21 02:00:00,2024-10-21 02:00:00,DEV_010,98
DEV_010_2024-10-21 03:00:00,2024-10-21 03:00:00,DEV_010,73
DEV_010_2024-10-21 04:00:00,2024-10-21 04:00:00,DEV_010,49
DEV_010_2024-10-21 05:00:00,2024-10-21 05:00:00,DEV_010,56
DEV_010_2024-10-21 06:00:00,2024-10-21 06:00:00,DEV_010,29
DEV_010_2024-10-21 07:00:00,2024-10-21 07:00:00,DEV_010,15
DEV_010_2024-10-21 08:00:00,2024-10-21 08:00:00,DEV_010,9
DEV_010_2024-10-21 09:00:00,2024-10-21 09:00:00,DEV_010,38
DEV_010_2024-10-21 10:00:00,2024-10-21 10:00:00,DEV_010,42
DEV_010_2024-10-21 11:00:00,2024-10-21 11:00:00,DEV_010,74
DEV_010_2024-10-21 12:00:00,2024-10-21 12:00:00,DEV_010,24
DEV_010_2024-10-21 13:00:00,2024-10-21 13:00:00,DEV_010,41
DEV_010_2024-10-21 14:00:00,2024-10-21 14:00:00,DEV_010,29
DEV_010_2024-10-21 15:00:00,2024-10-21 15:00:00,DEV_010,48
DEV_010_2024-10-21 16:00:00,2024-10-21 16:00:00,DEV_010,97
DEV_010_2024-10-21 17:00:00,2024-10-21 17:00:00,DEV_010,3
DEV_010_2024-10-21 18:00:00,2024-10-21 18:00:00,DEV_010,43
DEV_010_2024-10-21 19:00:00,2024-10-21 19:00:00,DEV_010,77
DEV_010_2024-10-21 20:00:00,2024-10-21 20:00:00,DEV_010,85
DEV_010_2024-10-21 21:00:00,2024-10-21 21:00:00,DEV_010,77
DEV_010_2024-10-21 22:00:00,2024-10-21 22:00:00,DEV_010,88
DEV_010_2024-10-21 23:00:00,2024-10-21 23:00:00,DEV_010,22
DEV_010_2024-10-22 00:00:00,2024-10-22 00:00:00,DEV_010,86
DEV_010_2024-10-22 01:00:00,2024-10-22 01:00:00,DEV_010,81
DEV_010_2024-10-22 02:00:00,2024-10-22 02:00:00,DEV_010,50
DEV_010_2024-10-22 03:00:00,2024-10-22 03:00:00,DEV_010,64
DEV_010_2024-10-22 04:00:00,2024-10-22 04:00:00,DEV_010,21
DEV_010_2024-10-22 05:00:00,2024-10-22 05:00:00,DEV_010,34
DEV_010_2024-10-22 06:00:00,2024-10-22 06:00:00,DEV_010,42
DEV_010_2024-10-22 07:00:00,2024-10-22 07:00:00,DEV_010,92
DEV_010_2024-10-22 08:00:00,2024-10-22 08:00:00,DEV_010,23
DEV_010_2024-10-22 09:00:00,2024-10-22 09:00:00,DEV_010,69
DEV_010_2024-10-22 10:00:00,2024-10-22 10:00:00,DEV_010,20
DEV_010_2024-10-22 11:00:00,2024-10-22 11:00:00,DEV_010,80
DEV_010_2024-10-22 12:00:00,2024-10-22 12:00:00,DEV_010,8
DEV_010_2024-10-22 13:00:00,2024-10-22 13:00:00,DEV_010,33
DEV_010_2024-10-22 14:00:00,2024-10-22 14:00:00,DEV_010,10
DEV_010_2024-10-22 15:00:00,2024-10-22 15:00:00,DEV_010,65
DEV_010_2024-10-22 16:00:00,2024-10-22 16:00:00,DEV_010,12
DEV_010_2024-10-22 17:00:00,2024-10-22 17:00:00,DEV_010,51
DEV_010_2024-10-22 18:00:00,2024-10-22 18:00:00,DEV_010,71
DEV_010_2024-10-22 19:00:00,2024-10-22 19:00:00,DEV_010,35
DEV_010_2024-10-22 20:00:00,2024-10-22 20:00:00,DEV_010,9
DEV_010_2024-10-22 21:00:00,2024-10-22 21:00:00,DEV_010,86
DEV_010_2024-10-22 22:00:00,2024-10-22 22:00:00,DEV_010,74
DEV_010_2024-10-22 23:00:00,2024-10-22 23:00:00,DEV_010,56
DEV_010_2024-10-23 00:00:00,2024-10-23 00:00:00,DEV_010,5
DEV_010_2024-10-23 01:00:00,2024-10-23 01:00:00,DEV_010,20
DEV_010_2024-10-23 02:00:00,2024-10-23 02:00:00,DEV_010,93
DEV_010_2024-10-23 03:00:00,2024-10-23 03:00:00,DEV_010,46
DEV_010_2024-10-23 04:00:00,2024-10-23 04:00:00,DEV_010,27
DEV_010_2024-10-23 05:00:00,2024-10-23 05:00:00,DEV_010,66
DEV_010_2024-10-23 06:00:00,2024-10-23 06:00:00,DEV_010,7
DEV_010_2024-10-23 07:00:00,2024-10-23 07:00:00,DEV_010,40
DEV_010_2024-10-23 08:00:00,2024-10-23 08:00:00,DEV_010,41
DEV_010_2024-10-23 09:00:00,2024-10-23 09:00:00,DEV_010,45
DEV_010_2024-10-23 10:00:00,2024-10-23 10:00:00,DEV_010,16
DEV_010_2024-10-23 11:00:00,2024-10-23 11:00:00,DEV_010,45
DEV_010_2024-10-23 12:00:00,2024-10-23 12:00:00,DEV_010,41
DEV_010_2024-10-23 13:00:00,2024-10-23 13:00:00,DEV_010,72
DEV_010_2024-10-23 14:00:00,2024-10-23 14:00:00,DEV_010,4
DEV_010_2024-10-23 15:00:00,2024-10-23 15:00:00,DEV_010,42
DEV_010_2024-10-23 16:00:00,2024-10-23 16:00:00,DEV_010,53
DEV_010_2024-10-23 17:00:00,2024-10-23 17:00:00,DEV_010,62
DEV_010_2024-10-23 18:00:00,2024-10-23 18:00:00,DEV_010,7
DEV_010_2024-10-23 19:00:00,2024-10-23 19:00:00,DEV_010,11
DEV_010_2024-10-23 20:00:00,2024-10-23 20:00:00,DEV_010,37
DEV_010_2024-10-23 21:00:00,2024-10-23 21:00:00,DEV_010,2
DEV_010_2024-10-23 22:00:00,2024-10-23 22:00:00,DEV_010,15
DEV_010_2024-10-23 23:00:00,2024-10-23 23:00:00,DEV_010,81
DEV_010_2024-10-24 00:00:00,2024-10-24 00:00:00,DEV_010,7
DEV_010_2024-10-24 01:00:00,2024-10-24 01:00:00,DEV_010,79
DEV_010_2024-10-24 02:00:00,2024-10-24 02:00:00,DEV_010,39
DEV_010_2024-10-24 03:00:00,2024-10-24 03:00:00,DEV_010,49
DEV_010_2024-10-24 04:00:00,2024-10-24 04:00:00,DEV_010,15
DEV_010_2024-10-24 05:00:00,2024-10-24 05:00:00,DEV_010,91
DEV_010_2024-10-24 06:00:00,2024-10-24 06:00:00,DEV_010,76
DEV_010_2024-10-24 07:00:00,2024-10-24 07:00:00,DEV_010,18
DEV_010_2024-10-24 08:00:00,2024-10-24 08:00:00,DEV_010,31
DEV_010_2024-10-24 09:00:00,2024-10-24 09:00:00,DEV_010,91
DEV_010_2024-10-24 10:00:00,2024-10-24 10:00:00,DEV_010,65
DEV_010_2024-10-24 11:00:00,2024-10-24 11:00:00,DEV_010,5
DEV_010_2024-10-24 12:00:00,2024-10-24 12:00:00,DEV_010,49
DEV_010_2024-10-24 13:00:00,2024-10-24 13:00:00,DEV_010,50
DEV_010_2024-10-24 14:00:00,2024-10-24 14:00:00,DEV_010,13
DEV_010_2024-10-24 15:00:00,2024-10-24 15:00:00,DEV_010,81
DEV_010_2024-10-24 16:00:00,2024-10-24 16:00:00,DEV_010,72
DEV_010_2024-10-24 17:00:00,2024-10-24 17:00:00,DEV_010,5
DEV_010_2024-10-24 18:00:00,2024-10-24 18:00:00,DEV_010,93
DEV_010_2024-10-24 19:00:00,2024-10-24 19:00:00,DEV_010,12
DEV_010_2024-10-24 20:00:00,2024-10-24 20:00:00,DEV_010,39
DEV_010_2024-10-24 21:00:00,2024-10-24 21:00:00,DEV_010,6
DEV_010_2024-10-24 22:00:00,2024-10-24 22:00:00,DEV_010,6
DEV_010_2024-10-24 23:00:00,2024-10-24 23:00:00,DEV_010,26
DEV_010_2024-10-25 00:00:00,2024-10-25 00:00:00,DEV_010,62
DEV_010_2024-10-25 01:00:00,2024-10-25 01:00:00,DEV_010,44
DEV_010_2024-10-25 02:00:00,2024-10-25 02:00:00,DEV_010,45
DEV_010_2024-10-25 03:00:00,2024-10-25 03:00:00,DEV_010,20
DEV_010_2024-10-25 04:00:00,2024-10-25 04:00:00,DEV_010,43
DEV_010_2024-10-25 05:00:00,2024-10-25 05:00:00,DEV_010,83
DEV_010_2024-10-25 06:00:00,2024-10-25 06:00:00,DEV_010,80
DEV_010_2024-10-25 07:00:00,2024-10-25 07:00:00,DEV_010,89
DEV_010_2024-10-25 08:00:00,2024-10-25 08:00:00,DEV_010,83
DEV_010_2024-10-25 09:00:00,2024-10-25 09:00:00,DEV_010,64
DEV_010_2024-10-25 10:00:00,2024-10-25 10:00:00,DEV_010,37
DEV_010_2024-10-25 11:00:00,2024-10-25 11:00:00,DEV_010,15
DEV_010_2024-10-25 12:00:00,2024-10-25 12:00:00,DEV_010,78
DEV_010_2024-10-25 13:00:00,2024-10-25 13:00:00,DEV_010,4
DEV_010_2024-10-25 14:00:00,2024-10-25 14:00:00,DEV_010,43
DEV_010_2024-10-25 15:00:00,2024-10-25 15:00:00,DEV_010,10
DEV_010_2024-10-25 16:00:00,2024-10-25 16:00:00,DEV_010,13
DEV_010_2024-10-25 17:00:00,2024-10-25 17:00:00,DEV_010,47
DEV_010_2024-10-25 18:00:00,2024-10-25 18:00:00,DEV_010,33
DEV_010_2024-10-25 19:00:00,2024-10-25 19:00:00,DEV_010,74
DEV_010_2024-10-25 20:00:00,2024-10-25 20:00:00,DEV_010,96
DEV_010_2024-10-25 21:00:00,2024-10-25 21:00:00,DEV_010,4
DEV_010_2024-10-25 22:00:00,2024-10-25 22:00:00,DEV_010,77
DEV_010_2024-10-25 23:00:00,2024-10-25 23:00:00,DEV_010,20
DEV_010_2024-10-26 00:00:00,2024-10-26 00:00:00,DEV_010,62
DEV_010_2024-10-26 01:00:00,2024-10-26 01:00:00,DEV_010,35
DEV_010_2024-10-26 02:00:00,2024-10-26 02:00:00,DEV_010,77
DEV_010_2024-10-26 03:00:00,2024-10-26 03:00:00,DEV_010,38
DEV_010_2024-10-26 04:00:00,2024-10-26 04:00:00,DEV_010,92
DEV_010_2024-10-26 05:00:00,2024-10-26 05:00:00,DEV_010,6
DEV_010_2024-10-26 06:00:00,2024-10-26 06:00:00,DEV_010,70
DEV_010_2024-10-26 07:00:00,2024-10-26 07:00:00,DEV_010,20
DEV_010_2024-10-26 08:00:00,2024-10-26 08:00:00,DEV_010,91
DEV_010_2024-10-26 09:00:00,2024-10-26 09:00:00,DEV_010,45
DEV_010_2024-10-26 10:00:00,2024-10-26 10:00:00,DEV_010,73
DEV_010_2024-10-26 11:00:00,2024-10-26 11:00:00,DEV_010,8
DEV_010_2024-10-26 12:00:00,2024-10-26 12:00:00,DEV_010,52
DEV_010_2024-10-26 13:00:00,2024-10-26 13:00:00,DEV_010,14
DEV_010_2024-10-26 14:00:00,2024-10-26 14:00:00,DEV_010,13
DEV_010_2024-10-26 15:00:00,2024-10-26 15:00:00,DEV_010,7
DEV_010_2024-10-26 16:00:00,2024-10-26 16:00:00,DEV_010,49
DEV_010_2024-10-26 17:00:00,2024-10-26 17:00:00,DEV_010,50
DEV_010_2024-10-26 18:00:00,2024-10-26 18:00:00,DEV_010,47
DEV_010_2024-10-26 19:00:00,2024-10-26 19:00:00,DEV_010,99
DEV_010_2024-10-26 20:00:00,2024-10-26 20:00:00,DEV_010,5
DEV_010_2024-10-26 21:00:00,2024-10-26 21:00:00,DEV_010,31
DEV_010_2024-10-26 22:00:00,2024-10-26 22:00:00,DEV_010,11
DEV_010_2024-10-26 23:00:00,2024-10-26 23:00:00,DEV_010,32
DEV_010_2024-10-27 00:00:00,2024-10-27 00:00:00,DEV_010,12
DEV_010_2024-10-27 01:00:00,2024-10-27 01:00:00,DEV_010,65
DEV_010_2024-10-27 02:00:00,2024-10-27 02:00:00,DEV_010,82
DEV_010_2024-10-27 03:00:00,2024-10-27 03:00:00,DEV_010,38
DEV_010_2024-10-27 04:00:00,2024-10-27 04:00:00,DEV_010,72
DEV_010_2024-10-27 05:00:00,2024-10-27 05:00:00,DEV_010,18
DEV_010_2024-10-27 06:00:00,2024-10-27 06:00:00,DEV_010,79
DEV_010_2024-10-27 07:00:00,2024-10-27 07:00:00,DEV_010,24
DEV_010_2024-10-27 08:00:00,2024-10-27 08:00:00,DEV_010,48
DEV_010_2024-10-27 09:00:00,2024-10-27 09:00:00,DEV_010,32
DEV_010_2024-10-27 10:00:00,2024-10-27 10:00:00,DEV_010,7
DEV_010_2024-10-27 11:00:00,2024-10-27 11:00:00,DEV_010,60
DEV_010_2024-10-27 12:00:00,2024-10-27 12:00:00,DEV_010,8
DEV_010_2024-10-27 13:00:00,2024-10-27 13:00:00,DEV_010,44
DEV_010_2024-10-27 14:00:00,2024-10-27 14:00:00,DEV_010,10
DEV_010_2024-10-27 15:00:00,2024-10-27 15:00:00,DEV_010,62
DEV_010_2024-10-27 16:00:00,2024-10-27 16:00:00,DEV_010,22
DEV_010_2024-10-27 17:00:00,2024-10-27 17:00:00,DEV_010,40
DEV_010_2024-10-27 18:00:00,2024-10-27 18:00:00,DEV_010,39
DEV_010_2024-10-27 19:00:00,2024-10-27 19:00:00,DEV_010,47
DEV_010_2024-10-27 20:00:00,2024-10-27 20:00:00,DEV_010,4
DEV_010_2024-10-27 21:00:00,2024-10-27 21:00:00,DEV_010,60
DEV_010_2024-10-27 22:00:00,2024-10-27 22:00:00,DEV_010,93
DEV_010_2024-10-27 23:00:00,2024-10-27 23:00:00,DEV_010,43
DEV_010_2024-10-28 00:00:00,2024-10-28 00:00:00,DEV_010,27
DEV_010_2024-10-28 01:00:00,2024-10-28 01:00:00,DEV_010,67
DEV_010_2024-10-28 02:00:00,2024-10-28 02:00:00,DEV_010,21
DEV_010_2024-10-28 03:00:00,2024-10-28 03:00:00,DEV_010,71
DEV_010_2024-10-28 04:00:00,2024-10-28 04:00:00,DEV_010,73
DEV_010_2024-10-28 05:00:00,2024-10-28 05:00:00,DEV_010,71
DEV_010_2024-10-28 06:00:00,2024-10-28 06:00:00,DEV_010,14
DEV_010_2024-10-28 07:00:00,2024-10-28 07:00:00,DEV_010,80
DEV_010_2024-10-28 08:00:00,2024-10-28 08:00:00,DEV_010,35
DEV_010_2024-10-28 09:00:00,2024-10-28 09:00:00,DEV_010,79
DEV_010_2024-10-28 10:00:00,2024-10-28 10:00:00,DEV_010,3
DEV_010_2024-10-28 11:00:00,2024-10-28 11:00:00,DEV_010,87
DEV_010_2024-10-28 12:00:00,2024-10-28 12:00:00,DEV_010,2
DEV_010_2024-10-28 13:00:00,2024-10-28 13:00:00,DEV_010,33
DEV_010_2024-10-28 14:00:00,2024-10-28 14:00:00,DEV_010,47
DEV_010_2024-10-28 15:00:00,2024-10-28 15:00:00,DEV_010,19
DEV_010_2024-10-28 16:00:00,2024-10-28 16:00:00,DEV_010,47
DEV_010_2024-10-28 17:00:00,2024-10-28 17:00:00,DEV_010,70
DEV_010_2024-10-28 18:00:00,2024-10-28 18:00:00,DEV_010,9
DEV_010_2024-10-28 19:00:00,2024-10-28 19:00:00,DEV_010,82
DEV_010_2024-10-28 20:00:00,2024-10-28 20:00:00,DEV_010,43
DEV_010_2024-10-28 21:00:00,2024-10-28 21:00:00,DEV_010,58
DEV_010_2024-10-28 22:00:00,2024-10-28 22:00:00,DEV_010,59
DEV_010_2024-10-28 23:00:00,2024-10-28 23:00:00,DEV_010,13
DEV_010_2024-10-29 00:00:00,2024-10-29 00:00:00,DEV_010,3
DEV_010_2024-10-29 01:00:00,2024-10-29 01:00:00,DEV_010,92
DEV_010_2024-10-29 02:00:00,2024-10-29 02:00:00,DEV_010,94
DEV_010_2024-10-29 03:00:00,2024-10-29 03:00:00,DEV_010,13
DEV_010_2024-10-29 04:00:00,2024-10-29 04:00:00,DEV_010,28
DEV_010_2024-10-29 05:00:00,2024-10-29 05:00:00,DEV_010,94
DEV_010_2024-10-29 06:00:00,2024-10-29 06:00:00,DEV_010,55
DEV_010_2024-10-29 07:00:00,2024-10-29 07:00:00,DEV_010,65
DEV_010_2024-10-29 08:00:00,2024-10-29 08:00:00,DEV_010,19
DEV_010_2024-10-29 09:00:00,2024-10-29 09:00:00,DEV_010,36
DEV_010_2024-10-29 10:00:00,2024-10-29 10:00:00,DEV_010,57
DEV_010_2024-10-29 11:00:00,2024-10-29 11:00:00,DEV_010,49
DEV_010_2024-10-29 12:00:00,2024-10-29 12:00:00,DEV_010,3
DEV_010_2024-10-29 13:00:00,2024-10-29 13:00:00,DEV_010,93
DEV_010_2024-10-29 14:00:00,2024-10-29 14:00:00,DEV_010,20
DEV_010_2024-10-29 15:00:00,2024-10-29 15:00:00,DEV_010,80
DEV_010_2024-10-29 16:00:00,2024-10-29 16:00:00,DEV_010,66
DEV_010_2024-10-29 17:00:00,2024-10-29 17:00:00,DEV_010,84
DEV_010_2024-10-29 18:00:00,2024-10-29 18:00:00,DEV_010,23
DEV_010_2024-10-29 19:00:00,2024-10-29 19:00:00,DEV_010,52
DEV_010_2024-10-29 20:00:00,2024-10-29 20:00:00,DEV_010,40
DEV_010_2024-10-29 21:00:00,2024-10-29 21:00:00,DEV_010,58
DEV_010_2024-10-29 22:00:00,2024-10-29 22:00:00,DEV_010,42
DEV_010_2024-10-29 23:00:00,2024-10-29 23:00:00,DEV_010,44
DEV_010_2024-10-30 00:00:00,2024-10-30 00:00:00,DEV_010,47
DEV_010_2024-10-30 01:00:00,2024-10-30 01:00:00,DEV_010,36
DEV_010_2024-10-30 02:00:00,2024-10-30 02:00:00,DEV_010,45
DEV_010_2024-10-30 03:00:00,2024-10-30 03:00:00,DEV_010,34
DEV_010_2024-10-30 04:00:00,2024-10-30 04:00:00,DEV_010,46
DEV_010_2024-10-30 05:00:00,2024-10-30 05:00:00,DEV_010,1
DEV_010_2024-10-30 06:00:00,2024-10-30 06:00:00,DEV_010,62
DEV_010_2024-10-30 07:00:00,2024-10-30 07:00:00,DEV_010,48
DEV_010_2024-10-30 08:00:00,2024-10-30 08:00:00,DEV_010,62
DEV_010_2024-10-30 09:00:00,2024-10-30 09:00:00,DEV_010,64
DEV_010_2024-10-30 10:00:00,2024-10-30 10:00:00,DEV_010,50
DEV_010_2024-10-30 11:00:00,2024-10-30 11:00:00,DEV_010,61
DEV_010_2024-10-30 12:00:00,2024-10-30 12:00:00,DEV_010,21
DEV_010_2024-10-30 13:00:00,2024-10-30 13:00:00,DEV_010,8
DEV_010_2024-10-30 14:00:00,2024-10-30 14:00:00,DEV_010,7
DEV_010_2024-10-30 15:00:00,2024-10-30 15:00:00,DEV_010,11
DEV_010_2024-10-30 16:00:00,2024-10-30 16:00:00,DEV_010,58
DEV_010_2024-10-30 17:00:00,2024-10-30 17:00:00,DEV_010,71
DEV_010_2024-10-30 18:00:00,2024-10-30 18:00:00,DEV_010,7
DEV_010_2024-10-30 19:00:00,2024-10-30 19:00:00,DEV_010,15
DEV_010_2024-10-30 20:00:00,2024-10-30 20:00:00,DEV_010,38
DEV_010_2024-10-30 21:00:00,2024-10-30 21:00:00,DEV_010,36
DEV_010_2024-10-30 22:00:00,2024-10-30 22:00:00,DEV_010,38
DEV_010_2024-10-30 23:00:00,2024-10-30 23:00:00,DEV_010,74
DEV_010_2024-10-31 00:00:00,2024-10-31 00:00:00,DEV_010,74
DEV_010_2024-10-31 01:00:00,2024-10-31 01:00:00,DEV_010,44
DEV_010_2024-10-31 02:00:00,2024-10-31 02:00:00,DEV_010,74
DEV_010_2024-10-31 03:00:00,2024-10-31 03:00:00,DEV_010,35
DEV_010_2024-10-31 04:00:00,2024-10-31 04:00:00,DEV_010,12
DEV_010_2024-10-31 05:00:00,2024-10-31 05:00:00,DEV_010,79
DEV_010_2024-10-31 06:00:00,2024-10-31 06:00:00,DEV_010,97
DEV_010_2024-10-31 07:00:00,2024-10-31 07:00:00,DEV_010,75
DEV_010_2024-10-31 08:00:00,2024-10-31 08:00:00,DEV_010,40
DEV_010_2024-10-31 09:00:00,2024-10-31 09:00:00,DEV_010,31
DEV_010_2024-10-31 10:00:00,2024-10-31 10:00:00,DEV_010,34
DEV_010_2024-10-31 11:00:00,2024-10-31 11:00:00,DEV_010,48
DEV_010_2024-10-31 12:00:00,2024-10-31 12:00:00,DEV_010,43
DEV_010_2024-10-31 13:00:00,2024-10-31 13:00:00,DEV_010,69
DEV_010_2024-10-31 14:00:00,2024-10-31 14:00:00,DEV_010,88
DEV_010_2024-10-31 15:00:00,2024-10-31 15:00:00,DEV_010,70
DEV_010_2024-10-31 16:00:00,2024-10-31 16:00:00,DEV_010,72
DEV_010_2024-10-31 17:00:00,2024-10-31 17:00:00,DEV_010,60
DEV_010_2024-10-31 18:00:00,2024-10-31 18:00:00,DEV_010,81
DEV_010_2024-10-31 19:00:00,2024-10-31 19:00:00,DEV_010,1
DEV_010_2024-10-31 20:00:00,2024-10-31 20:00:00,DEV_010,22
DEV_010_2024-10-31 21:00:00,2024-10-31 21:00:00,DEV_010,23
DEV_010_2024-10-31 22:00:00,2024-10-31 22:00:00,DEV_010,74
DEV_010_2024-10-31 23:00:00,2024-10-31 23:00:00,DEV_010,62
DEV_010_2024-11-01 00:00:00,2024-11-01 00:00:00,DEV_010,47
DEV_010_2024-11-01 01:00:00,2024-11-01 01:00:00,DEV_010,17
DEV_010_2024-11-01 02:00:00,2024-11-01 02:00:00,DEV_010,35
DEV_010_2024-11-01 03:00:00,2024-11-01 03:00:00,DEV_010,81
DEV_010_2024-11-01 04:00:00,2024-11-01 04:00:00,DEV_010,63
DEV_010_2024-11-01 05:00:00,2024-11-01 05:00:00,DEV_010,75
DEV_010_2024-11-01 06:00:00,2024-11-01 06:00:00,DEV_010,45
DEV_010_2024-11-01 07:00:00,2024-11-01 07:00:00,DEV_010,33
DEV_010_2024-11-01 08:00:00,2024-11-01 08:00:00,DEV_010,99
DEV_010_2024-11-01 09:00:00,2024-11-01 09:00:00,DEV_010,52
DEV_010_2024-11-01 10:00:00,2024-11-01 10:00:00,DEV_010,66
DEV_010_2024-11-01 11:00:00,2024-11-01 11:00:00,DEV_010,57
DEV_010_2024-11-01 12:00:00,2024-11-01 12:00:00,DEV_010,45
DEV_010_2024-11-01 13:00:00,2024-11-01 13:00:00,DEV_010,36
DEV_010_2024-11-01 14:00:00,2024-11-01 14:00:00,DEV_010,74
DEV_010_2024-11-01 15:00:00,2024-11-01 15:00:00,DEV_010,15
DEV_010_2024-11-01 16:00:00,2024-11-01 16:00:00,DEV_010,31
DEV_010_2024-11-01 17:00:00,2024-11-01 17:00:00,DEV_010,59
DEV_010_2024-11-01 18:00:00,2024-11-01 18:00:00,DEV_010,71
DEV_010_2024-11-01 19:00:00,2024-11-01 19:00:00,DEV_010,96
DEV_010_2024-11-01 20:00:00,2024-11-01 20:00:00,DEV_010,53
DEV_010_2024-11-01 21:00:00,2024-11-01 21:00:00,DEV_010,40
DEV_010_2024-11-01 22:00:00,2024-11-01 22:00:00,DEV_010,25
DEV_010_2024-11-01 23:00:00,2024-11-01 23:00:00,DEV_010,94
DEV_010_2024-11-02 00:00:00,2024-11-02 00:00:00,DEV_010,40
DEV_010_2024-11-02 01:00:00,2024-11-02 01:00:00,DEV_010,47
DEV_010_2024-11-02 02:00:00,2024-11-02 02:00:00,DEV_010,47
DEV_010_2024-11-02 03:00:00,2024-11-02 03:00:00,DEV_010,75
DEV_010_2024-11-02 04:00:00,2024-11-02 04:00:00,DEV_010,69
DEV_010_2024-11-02 05:00:00,2024-11-02 05:00:00,DEV_010,39
DEV_010_2024-11-02 06:00:00,2024-11-02 06:00:00,DEV_010,86
DEV_010_2024-11-02 07:00:00,2024-11-02 07:00:00,DEV_010,9
DEV_010_2024-11-02 08:00:00,2024-11-02 08:00:00,DEV_010,3
DEV_010_2024-11-02 09:00:00,2024-11-02 09:00:00,DEV_010,48
DEV_010_2024-11-02 10:00:00,2024-11-02 10:00:00,DEV_010,9
DEV_010_2024-11-02 11:00:00,2024-11-02 11:00:00,DEV_010,21
DEV_010_2024-11-02 12:00:00,2024-11-02 12:00:00,DEV_010,62
DEV_010_2024-11-02 13:00:00,2024-11-02 13:00:00,DEV_010,4
DEV_010_2024-11-02 14:00:00,2024-11-02 14:00:00,DEV_010,98
DEV_010_2024-11-02 15:00:00,2024-11-02 15:00:00,DEV_010,28
DEV_010_2024-11-02 16:00:00,2024-11-02 16:00:00,DEV_010,62
DEV_010_2024-11-02 17:00:00,2024-11-02 17:00:00,DEV_010,92
DEV_010_2024-11-02 18:00:00,2024-11-02 18:00:00,DEV_010,57
DEV_010_2024-11-02 19:00:00,2024-11-02 19:00:00,DEV_010,60
DEV_010_2024-11-02 20:00:00,2024-11-02 20:00:00,DEV_010,29
DEV_010_2024-11-02 21:00:00,2024-11-02 21:00:00,DEV_010,48
DEV_010_2024-11-02 22:00:00,2024-11-02 22:00:00,DEV_010,41
DEV_010_2024-11-02 23:00:00,2024-11-02 23:00:00,DEV_010,96
DEV_010_2024-11-03 00:00:00,2024-11-03 00:00:00,DEV_010,21
DEV_010_2024-11-03 01:00:00,2024-11-03 01:00:00,DEV_010,14
DEV_010_2024-11-03 02:00:00,2024-11-03 02:00:00,DEV_010,30
DEV_010_2024-11-03 03:00:00,2024-11-03 03:00:00,DEV_010,67
DEV_010_2024-11-03 04:00:00,2024-11-03 04:00:00,DEV_010,76
DEV_010_2024-11-03 05:00:00,2024-11-03 05:00:00,DEV_010,34
DEV_010_2024-11-03 06:00:00,2024-11-03 06:00:00,DEV_010,2
DEV_010_2024-11-03 07:00:00,2024-11-03 07:00:00,DEV_010,6
DEV_010_2024-11-03 08:00:00,2024-11-03 08:00:00,DEV_010,37
DEV_010_2024-11-03 09:00:00,2024-11-03 09:00:00,DEV_010,47
DEV_010_2024-11-03 10:00:00,2024-11-03 10:00:00,DEV_010,31
DEV_010_2024-11-03 11:00:00,2024-11-03 11:00:00,DEV_010,99
DEV_010_2024-11-03 12:00:00,2024-11-03 12:00:00,DEV_010,41
DEV_010_2024-11-03 13:00:00,2024-11-03 13:00:00,DEV_010,69
DEV_010_2024-11-03 14:00:00,2024-11-03 14:00:00,DEV_010,57
DEV_010_2024-11-03 15:00:00,2024-11-03 15:00:00,DEV_010,83
DEV_010_2024-11-03 16:00:00,2024-11-03 16:00:00,DEV_010,58
DEV_010_2024-11-03 17:00:00,2024-11-03 17:00:00,DEV_010,61
DEV_010_2024-11-03 18:00:00,2024-11-03 18:00:00,DEV_010,8
DEV_010_2024-11-03 19:00:00,2024-11-03 19:00:00,DEV_010,32
DEV_010_2024-11-03 20:00:00,2024-11-03 20:00:00,DEV_010,9
DEV_010_2024-11-03 21:00:00,2024-11-03 21:00:00,DEV_010,50
DEV_010_2024-11-03 22:00:00,2024-11-03 22:00:00,DEV_010,42
DEV_010_2024-11-03 23:00:00,2024-11-03 23:00:00,DEV_010,85
DEV_010_2024-11-04 00:00:00,2024-11-04 00:00:00,DEV_010,34
DEV_010_2024-11-04 01:00:00,2024-11-04 01:00:00,DEV_010,78
DEV_010_2024-11-04 02:00:00,2024-11-04 02:00:00,DEV_010,34
DEV_010_2024-11-04 03:00:00,2024-11-04 03:00:00,DEV_010,11
DEV_010_2024-11-04 04:00:00,2024-11-04 04:00:00,DEV_010,95
DEV_010_2024-11-04 05:00:00,2024-11-04 05:00:00,DEV_010,35
DEV_010_2024-11-04 06:00:00,2024-11-04 06:00:00,DEV_010,96
DEV_010_2024-11-04 07:00:00,2024-11-04 07:00:00,DEV_010,48
DEV_010_2024-11-04 08:00:00,2024-11-04 08:00:00,DEV_010,73
DEV_010_2024-11-04 09:00:00,2024-11-04 09:00:00,DEV_010,33
DEV_010_2024-11-04 10:00:00,2024-11-04 10:00:00,DEV_010,71
DEV_010_2024-11-04 11:00:00,2024-11-04 11:00:00,DEV_010,74
DEV_010_2024-11-04 12:00:00,2024-11-04 12:00:00,DEV_010,61
DEV_010_2024-11-04 13:00:00,2024-11-04 13:00:00,DEV_010,96
DEV_010_2024-11-04 14:00:00,2024-11-04 14:00:00,DEV_010,76
DEV_010_2024-11-04 15:00:00,2024-11-04 15:00:00,DEV_010,34
DEV_010_2024-11-04 16:00:00,2024-11-04 16:00:00,DEV_010,85
DEV_010_2024-11-04 17:00:00,2024-11-04 17:00:00,DEV_010,90
DEV_010_2024-11-04 18:00:00,2024-11-04 18:00:00,DEV_010,59
DEV_010_2024-11-04 19:00:00,2024-11-04 19:00:00,DEV_010,89
DEV_010_2024-11-04 20:00:00,2024-11-04 20:00:00,DEV_010,66
DEV_010_2024-11-04 21:00:00,2024-11-04 21:00:00,DEV_010,58
DEV_010_2024-11-04 22:00:00,2024-11-04 22:00:00,DEV_010,19
DEV_010_2024-11-04 23:00:00,2024-11-04 23:00:00,DEV_010,11
DEV_010_2024-11-05 00:00:00,2024-11-05 00:00:00,DEV_010,25
DEV_010_2024-11-05 01:00:00,2024-11-05 01:00:00,DEV_010,18
DEV_010_2024-11-05 02:00:00,2024-11-05 02:00:00,DEV_010,37
DEV_010_2024-11-05 03:00:00,2024-11-05 03:00:00,DEV_010,68
DEV_010_2024-11-05 04:00:00,2024-11-05 04:00:00,DEV_010,23
DEV_010_2024-11-05 05:00:00,2024-11-05 05:00:00,DEV_010,59
DEV_010_2024-11-05 06:00:00,2024-11-05 06:00:00,DEV_010,41
DEV_010_2024-11-05 07:00:00,2024-11-05 07:00:00,DEV_010,35
DEV_010_2024-11-05 08:00:00,2024-11-05 08:00:00,DEV_010,14
DEV_010_2024-11-05 09:00:00,2024-11-05 09:00:00,DEV_010,6
DEV_010_2024-11-05 10:00:00,2024-11-05 10:00:00,DEV_010,36
DEV_010_2024-11-05 11:00:00,2024-11-05 11:00:00,DEV_010,17
DEV_010_2024-11-05 12:00:00,2024-11-05 12:00:00,DEV_010,95
DEV_010_2024-11-05 13:00:00,2024-11-05 13:00:00,DEV_010,14
DEV_010_2024-11-05 14:00:00,2024-11-05 14:00:00,DEV_010,17
DEV_010_2024-11-05 15:00:00,2024-11-05 15:00:00,DEV_010,41
DEV_010_2024-11-05 16:00:00,2024-11-05 16:00:00,DEV_010,62
DEV_010_2024-11-05 17:00:00,2024-11-05 17:00:00,DEV_010,85
DEV_010_2024-11-05 18:00:00,2024-11-05 18:00:00,DEV_010,88
DEV_010_2024-11-05 19:00:00,2024-11-05 19:00:00,DEV_010,17
DEV_010_2024-11-05 20:00:00,2024-11-05 20:00:00,DEV_010,50
DEV_010_2024-11-05 21:00:00,2024-11-05 21:00:00,DEV_010,73
DEV_010_2024-11-05 22:00:00,2024-11-05 22:00:00,DEV_010,76
DEV_010_2024-11-05 23:00:00,2024-11-05 23:00:00,DEV_010,88
DEV_010_2024-11-06 00:00:00,2024-11-06 00:00:00,DEV_010,14
DEV_010_2024-11-06 01:00:00,2024-11-06 01:00:00,DEV_010,33
DEV_010_2024-11-06 02:00:00,2024-11-06 02:00:00,DEV_010,11
DEV_010_2024-11-06 03:00:00,2024-11-06 03:00:00,DEV_010,80
DEV_010_2024-11-06 04:00:00,2024-11-06 04:00:00,DEV_010,31
DEV_010_2024-11-06 05:00:00,2024-11-06 05:00:00,DEV_010,14
DEV_010_2024-11-06 06:00:00,2024-11-06 06:00:00,DEV_010,5
DEV_010_2024-11-06 07:00:00,2024-11-06 07:00:00,DEV_010,6
DEV_010_2024-11-06 08:00:00,2024-11-06 08:00:00,DEV_010,65
DEV_010_2024-11-06 09:00:00,2024-11-06 09:00:00,DEV_010,17
DEV_010_2024-11-06 10:00:00,2024-11-06 10:00:00,DEV_010,92
DEV_010_2024-11-06 11:00:00,2024-11-06 11:00:00,DEV_010,38
DEV_010_2024-11-06 12:00:00,2024-11-06 12:00:00,DEV_010,80
DEV_010_2024-11-06 13:00:00,2024-11-06 13:00:00,DEV_010,3
DEV_010_2024-11-06 14:00:00,2024-11-06 14:00:00,DEV_010,77
DEV_010_2024-11-06 15:00:00,2024-11-06 15:00:00,DEV_010,5
DEV_010_2024-11-06 16:00:00,2024-11-06 16:00:00,DEV_010,30
DEV_010_2024-11-06 17:00:00,2024-11-06 17:00:00,DEV_010,7
DEV_010_2024-11-06 18:00:00,2024-11-06 18:00:00,DEV_010,73
DEV_010_2024-11-06 19:00:00,2024-11-06 19:00:00,DEV_010,43
DEV_010_2024-11-06 20:00:00,2024-11-06 20:00:00,DEV_010,72
DEV_010_2024-11-06 21:00:00,2024-11-06 21:00:00,DEV_010,50
DEV_010_2024-11-06 22:00:00,2024-11-06 22:00:00,DEV_010,69
DEV_010_2024-11-06 23:00:00,2024-11-06 23:00:00,DEV_010,3
DEV_010_2024-11-07 00:00:00,2024-11-07 00:00:00,DEV_010,61
DEV_010_2024-11-07 01:00:00,2024-11-07 01:00:00,DEV_010,7
DEV_010_2024-11-07 02:00:00,2024-11-07 02:00:00,DEV_010,80
DEV_010_2024-11-07 03:00:00,2024-11-07 03:00:00,DEV_010,62
DEV_010_2024-11-07 04:00:00,2024-11-07 04:00:00,DEV_010,1
DEV_010_2024-11-07 05:00:00,2024-11-07 05:00:00,DEV_010,71
DEV_010_2024-11-07 06:00:00,2024-11-07 06:00:00,DEV_010,30
DEV_010_2024-11-07 07:00:00,2024-11-07 07:00:00,DEV_010,52
DEV_010_2024-11-07 08:00:00,2024-11-07 08:00:00,DEV_010,64
DEV_010_2024-11-07 09:00:00,2024-11-07 09:00:00,DEV_010,13
DEV_010_2024-11-07 10:00:00,2024-11-07 10:00:00,DEV_010,44
DEV_010_2024-11-07 11:00:00,2024-11-07 11:00:00,DEV_010,5
DEV_010_2024-11-07 12:00:00,2024-11-07 12:00:00,DEV_010,29
DEV_010_2024-11-07 13:00:00,2024-11-07 13:00:00,DEV_010,13
DEV_010_2024-11-07 14:00:00,2024-11-07 14:00:00,DEV_010,65
DEV_010_2024-11-07 15:00:00,2024-11-07 15:00:00,DEV_010,19
DEV_010_2024-11-07 16:00:00,2024-11-07 16:00:00,DEV_010,10
DEV_010_2024-11-07 17:00:00,2024-11-07 17:00:00,DEV_010,25
DEV_010_2024-11-07 18:00:00,2024-11-07 18:00:00,DEV_010,61
DEV_010_2024-11-07 19:00:00,2024-11-07 19:00:00,DEV_010,26
DEV_010_2024-11-07 20:00:00,2024-11-07 20:00:00,DEV_010,27
DEV_010_2024-11-07 21:00:00,2024-11-07 21:00:00,DEV_010,47
DEV_010_2024-11-07 22:00:00,2024-11-07 22:00:00,DEV_010,89
DEV_010_2024-11-07 23:00:00,2024-11-07 23:00:00,DEV_010,47
DEV_010_2024-11-08 00:00:00,2024-11-08 00:00:00,DEV_010,97
DEV_010_2024-11-08 01:00:00,2024-11-08 01:00:00,DEV_010,35
DEV_010_2024-11-08 02:00:00,2024-11-08 02:00:00,DEV_010,19
DEV_010_2024-11-08 03:00:00,2024-11-08 03:00:00,DEV_010,4
DEV_010_2024-11-08 04:00:00,2024-11-08 04:00:00,DEV_010,64
DEV_010_2024-11-08 05:00:00,2024-11-08 05:00:00,DEV_010,54
DEV_010_2024-11-08 06:00:00,2024-11-08 06:00:00,DEV_010,66
DEV_010_2024-11-08 07:00:00,2024-11-08 07:00:00,DEV_010,73
DEV_010_2024-11-08 08:00:00,2024-11-08 08:00:00,DEV_010,98
DEV_010_2024-11-08 09:00:00,2024-11-08 09:00:00,DEV_010,14
DEV_010_2024-11-08 10:00:00,2024-11-08 10:00:00,DEV_010,93
DEV_010_2024-11-08 11:00:00,2024-11-08 11:00:00,DEV_010,25
DEV_010_2024-11-08 12:00:00,2024-11-08 12:00:00,DEV_010,27
DEV_010_2024-11-08 13:00:00,2024-11-08 13:00:00,DEV_010,39
DEV_010_2024-11-08 14:00:00,2024-11-08 14:00:00,DEV_010,66
DEV_010_2024-11-08 15:00:00,2024-11-08 15:00:00,DEV_010,90
DEV_010_2024-11-08 16:00:00,2024-11-08 16:00:00,DEV_010,94
DEV_010_2024-11-08 17:00:00,2024-11-08 17:00:00,DEV_010,61
DEV_010_2024-11-08 18:00:00,2024-11-08 18:00:00,DEV_010,8
DEV_010_2024-11-08 19:00:00,2024-11-08 19:00:00,DEV_010,27
DEV_010_2024-11-08 20:00:00,2024-11-08 20:00:00,DEV_010,14
DEV_010_2024-11-08 21:00:00,2024-11-08 21:00:00,DEV_010,75
DEV_010_2024-11-08 22:00:00,2024-11-08 22:00:00,DEV_010,13
DEV_010_2024-11-08 23:00:00,2024-11-08 23:00:00,DEV_010,48
DEV_010_2024-11-09 00:00:00,2024-11-09 00:00:00,DEV_010,42
DEV_010_2024-11-09 01:00:00,2024-11-09 01:00:00,DEV_010,29
DEV_010_2024-11-09 02:00:00,2024-11-09 02:00:00,DEV_010,39
DEV_010_2024-11-09 03:00:00,2024-11-09 03:00:00,DEV_010,15
DEV_010_2024-11-09 04:00:00,2024-11-09 04:00:00,DEV_010,90
DEV_010_2024-11-09 05:00:00,2024-11-09 05:00:00,DEV_010,63
DEV_010_2024-11-09 06:00:00,2024-11-09 06:00:00,DEV_010,20
DEV_010_2024-11-09 07:00:00,2024-11-09 07:00:00,DEV_010,4
DEV_010_2024-11-09 08:00:00,2024-11-09 08:00:00,DEV_010,19
DEV_010_2024-11-09 09:00:00,2024-11-09 09:00:00,DEV_010,13
DEV_010_2024-11-09 10:00:00,2024-11-09 10:00:00,DEV_010,88
DEV_010_2024-11-09 11:00:00,2024-11-09 11:00:00,DEV_010,74
DEV_010_2024-11-09 12:00:00,2024-11-09 12:00:00,DEV_010,76
DEV_010_2024-11-09 13:00:00,2024-11-09 13:00:00,DEV_010,64
DEV_010_2024-11-09 14:00:00,2024-11-09 14:00:00,DEV_010,7
DEV_010_2024-11-09 15:00:00,2024-11-09 15:00:00,DEV_010,98
DEV_010_2024-11-09 16:00:00,2024-11-09 16:00:00,DEV_010,59
DEV_010_2024-11-09 17:00:00,2024-11-09 17:00:00,DEV_010,18
DEV_010_2024-11-09 18:00:00,2024-11-09 18:00:00,DEV_010,77
DEV_010_2024-11-09 19:00:00,2024-11-09 19:00:00,DEV_010,60
DEV_010_2024-11-09 20:00:00,2024-11-09 20:00:00,DEV_010,90
DEV_010_2024-11-09 21:00:00,2024-11-09 21:00:00,DEV_010,32
DEV_010_2024-11-09 22:00:00,2024-11-09 22:00:00,DEV_010,32
DEV_010_2024-11-09 23:00:00,2024-11-09 23:00:00,DEV_010,64
DEV_010_2024-11-10 00:00:00,2024-11-10 00:00:00,DEV_010,8
DEV_010_2024-11-10 01:00:00,2024-11-10 01:00:00,DEV_010,55
DEV_010_2024-11-10 02:00:00,2024-11-10 02:00:00,DEV_010,40
DEV_010_2024-11-10 03:00:00,2024-11-10 03:00:00,DEV_010,74
DEV_010_2024-11-10 04:00:00,2024-11-10 04:00:00,DEV_010,25
DEV_010_2024-11-10 05:00:00,2024-11-10 05:00:00,DEV_010,80
DEV_010_2024-11-10 06:00:00,2024-11-10 06:00:00,DEV_010,34
DEV_010_2024-11-10 07:00:00,2024-11-10 07:00:00,DEV_010,31
DEV_010_2024-11-10 08:00:00,2024-11-10 08:00:00,DEV_010,9
DEV_010_2024-11-10 09:00:00,2024-11-10 09:00:00,DEV_010,17
DEV_010_2024-11-10 10:00:00,2024-11-10 10:00:00,DEV_010,12
DEV_010_2024-11-10 11:00:00,2024-11-10 11:00:00,DEV_010,35
DEV_010_2024-11-10 12:00:00,2024-11-10 12:00:00,DEV_010,42
DEV_010_2024-11-10 13:00:00,2024-11-10 13:00:00,DEV_010,60
DEV_010_2024-11-10 14:00:00,2024-11-10 14:00:00,DEV_010,7
DEV_010_2024-11-10 15:00:00,2024-11-10 15:00:00,DEV_010,16
DEV_010_2024-11-10 16:00:00,2024-11-10 16:00:00,DEV_010,98
DEV_010_2024-11-10 17:00:00,2024-11-10 17:00:00,DEV_010,61
DEV_010_2024-11-10 18:00:00,2024-11-10 18:00:00,DEV_010,35
DEV_010_2024-11-10 19:00:00,2024-11-10 19:00:00,DEV_010,53
DEV_010_2024-11-10 20:00:00,2024-11-10 20:00:00,DEV_010,89
DEV_010_2024-11-10 21:00:00,2024-11-10 21:00:00,DEV_010,49
DEV_010_2024-11-10 22:00:00,2024-11-10 22:00:00,DEV_010,67
DEV_010_2024-11-10 23:00:00,2024-11-10 23:00:00,DEV_010,73
DEV_010_2024-11-11 00:00:00,2024-11-11 00:00:00,DEV_010,19
DEV_010_2024-11-11 01:00:00,2024-11-11 01:00:00,DEV_010,18
DEV_010_2024-11-11 02:00:00,2024-11-11 02:00:00,DEV_010,30
DEV_010_2024-11-11 03:00:00,2024-11-11 03:00:00,DEV_010,84
DEV_010_2024-11-11 04:00:00,2024-11-11 04:00:00,DEV_010,16
DEV_010_2024-11-11 05:00:00,2024-11-11 05:00:00,DEV_010,47
DEV_010_2024-11-11 06:00:00,2024-11-11 06:00:00,DEV_010,20
DEV_010_2024-11-11 07:00:00,2024-11-11 07:00:00,DEV_010,54
DEV_010_2024-11-11 08:00:00,2024-11-11 08:00:00,DEV_010,17
DEV_010_2024-11-11 09:00:00,2024-11-11 09:00:00,DEV_010,37
DEV_010_2024-11-11 10:00:00,2024-11-11 10:00:00,DEV_010,63
DEV_010_2024-11-11 11:00:00,2024-11-11 11:00:00,DEV_010,84
DEV_010_2024-11-11 12:00:00,2024-11-11 12:00:00,DEV_010,76
DEV_010_2024-11-11 13:00:00,2024-11-11 13:00:00,DEV_010,36
DEV_010_2024-11-11 14:00:00,2024-11-11 14:00:00,DEV_010,37
DEV_010_2024-11-11 15:00:00,2024-11-11 15:00:00,DEV_010,93
DEV_010_2024-11-11 16:00:00,2024-11-11 16:00:00,DEV_010,83
DEV_010_2024-11-11 17:00:00,2024-11-11 17:00:00,DEV_010,62
DEV_010_2024-11-11 18:00:00,2024-11-11 18:00:00,DEV_010,39
DEV_010_2024-11-11 19:00:00,2024-11-11 19:00:00,DEV_010,99
DEV_010_2024-11-11 20:00:00,2024-11-11 20:00:00,DEV_010,41
DEV_010_2024-11-11 21:00:00,2024-11-11 21:00:00,DEV_010,57
DEV_010_2024-11-11 22:00:00,2024-11-11 22:00:00,DEV_010,2
DEV_010_2024-11-11 23:00:00,2024-11-11 23:00:00,DEV_010,18
DEV_010_2024-11-12 00:00:00,2024-11-12 00:00:00,DEV_010,52
DEV_010_2024-11-12 01:00:00,2024-11-12 01:00:00,DEV_010,73
DEV_010_2024-11-12 02:00:00,2024-11-12 02:00:00,DEV_010,54
DEV_010_2024-11-12 03:00:00,2024-11-12 03:00:00,DEV_010,25
DEV_010_2024-11-12 04:00:00,2024-11-12 04:00:00,DEV_010,92
DEV_010_2024-11-12 05:00:00,2024-11-12 05:00:00,DEV_010,93
DEV_010_2024-11-12 06:00:00,2024-11-12 06:00:00,DEV_010,3
DEV_010_2024-11-12 07:00:00,2024-11-12 07:00:00,DEV_010,47
DEV_010_2024-11-12 08:00:00,2024-11-12 08:00:00,DEV_010,22
DEV_010_2024-11-12 09:00:00,2024-11-12 09:00:00,DEV_010,20
DEV_010_2024-11-12 10:00:00,2024-11-12 10:00:00,DEV_010,74
DEV_010_2024-11-12 11:00:00,2024-11-12 11:00:00,DEV_010,96
DEV_010_2024-11-12 12:00:00,2024-11-12 12:00:00,DEV_010,90
DEV_010_2024-11-12 13:00:00,2024-11-12 13:00:00,DEV_010,12
DEV_010_2024-11-12 14:00:00,2024-11-12 14:00:00,DEV_010,17
DEV_010_2024-11-12 15:00:00,2024-11-12 15:00:00,DEV_010,6
DEV_010_2024-11-12 16:00:00,2024-11-12 16:00:00,DEV_010,21
DEV_010_2024-11-12 17:00:00,2024-11-12 17:00:00,DEV_010,41
DEV_010_2024-11-12 18:00:00,2024-11-12 18:00:00,DEV_010,92
DEV_010_2024-11-12 19:00:00,2024-11-12 19:00:00,DEV_010,94
DEV_010_2024-11-12 20:00:00,2024-11-12 20:00:00,DEV_010,78
DEV_010_2024-11-12 21:00:00,2024-11-12 21:00:00,DEV_010,12
DEV_010_2024-11-12 22:00:00,2024-11-12 22:00:00,DEV_010,38
DEV_010_2024-11-12 23:00:00,2024-11-12 23:00:00,DEV_010,97
DEV_010_2024-11-13 00:00:00,2024-11-13 00:00:00,DEV_010,84
DEV_010_2024-11-13 01:00:00,2024-11-13 01:00:00,DEV_010,44
DEV_010_2024-11-13 02:00:00,2024-11-13 02:00:00,DEV_010,36
DEV_010_2024-11-13 03:00:00,2024-11-13 03:00:00,DEV_010,78
DEV_010_2024-11-13 04:00:00,2024-11-13 04:00:00,DEV_010,35
DEV_010_2024-11-13 05:00:00,2024-11-13 05:00:00,DEV_010,79
DEV_010_2024-11-13 06:00:00,2024-11-13 06:00:00,DEV_010,95
DEV_010_2024-11-13 07:00:00,2024-11-13 07:00:00,DEV_010,2
DEV_010_2024-11-13 08:00:00,2024-11-13 08:00:00,DEV_010,97
DEV_010_2024-11-13 09:00:00,2024-11-13 09:00:00,DEV_010,64
DEV_010_2024-11-13 10:00:00,2024-11-13 10:00:00,DEV_010,8
DEV_010_2024-11-13 11:00:00,2024-11-13 11:00:00,DEV_010,70
DEV_010_2024-11-13 12:00:00,2024-11-13 12:00:00,DEV_010,7
DEV_010_2024-11-13 13:00:00,2024-11-13 13:00:00,DEV_010,49
DEV_010_2024-11-13 14:00:00,2024-11-13 14:00:00,DEV_010,33
DEV_010_2024-11-13 15:00:00,2024-11-13 15:00:00,DEV_010,20
DEV_010_2024-11-13 16:00:00,2024-11-13 16:00:00,DEV_010,55
DEV_010_2024-11-13 17:00:00,2024-11-13 17:00:00,DEV_010,85
DEV_010_2024-11-13 18:00:00,2024-11-13 18:00:00,DEV_010,40
DEV_010_2024-11-13 19:00:00,2024-11-13 19:00:00,DEV_010,19
DEV_010_2024-11-13 20:00:00,2024-11-13 20:00:00,DEV_010,33
DEV_010_2024-11-13 21:00:00,2024-11-13 21:00:00,DEV_010,47
DEV_010_2024-11-13 22:00:00,2024-11-13 22:00:00,DEV_010,15
DEV_010_2024-11-13 23:00:00,2024-11-13 23:00:00,DEV_010,92
DEV_010_2024-11-14 00:00:00,2024-11-14 00:00:00,DEV_010,91
DEV_010_2024-11-14 01:00:00,2024-11-14 01:00:00,DEV_010,19
DEV_010_2024-11-14 02:00:00,2024-11-14 02:00:00,DEV_010,62
DEV_010_2024-11-14 03:00:00,2024-11-14 03:00:00,DEV_010,65
DEV_010_2024-11-14 04:00:00,2024-11-14 04:00:00,DEV_010,29
DEV_010_2024-11-14 05:00:00,2024-11-14 05:00:00,DEV_010,91
DEV_010_2024-11-14 06:00:00,2024-11-14 06:00:00,DEV_010,80
DEV_010_2024-11-14 07:00:00,2024-11-14 07:00:00,DEV_010,66
DEV_010_2024-11-14 08:00:00,2024-11-14 08:00:00,DEV_010,72
DEV_010_2024-11-14 09:00:00,2024-11-14 09:00:00,DEV_010,91
DEV_010_2024-11-14 10:00:00,2024-11-14 10:00:00,DEV_010,32
DEV_010_2024-11-14 11:00:00,2024-11-14 11:00:00,DEV_010,2
DEV_010_2024-11-14 12:00:00,2024-11-14 12:00:00,DEV_010,68
DEV_010_2024-11-14 13:00:00,2024-11-14 13:00:00,DEV_010,52
DEV_010_2024-11-14 14:00:00,2024-11-14 14:00:00,DEV_010,7
DEV_010_2024-11-14 15:00:00,2024-11-14 15:00:00,DEV_010,64
DEV_010_2024-11-14 16:00:00,2024-11-14 16:00:00,DEV_010,1
DEV_010_2024-11-14 17:00:00,2024-11-14 17:00:00,DEV_010,48
DEV_010_2024-11-14 18:00:00,2024-11-14 18:00:00,DEV_010,86
DEV_010_2024-11-14 19:00:00,2024-11-14 19:00:00,DEV_010,8
DEV_010_2024-11-14 20:00:00,2024-11-14 20:00:00,DEV_010,37
DEV_010_2024-11-14 21:00:00,2024-11-14 21:00:00,DEV_010,15
DEV_010_2024-11-14 22:00:00,2024-11-14 22:00:00,DEV_010,75
DEV_010_2024-11-14 23:00:00,2024-11-14 23:00:00,DEV_010,27
DEV_010_2024-11-15 00:00:00,2024-11-15 00:00:00,DEV_010,39
DEV_010_2024-11-15 01:00:00,2024-11-15 01:00:00,DEV_010,42
DEV_010_2024-11-15 02:00:00,2024-11-15 02:00:00,DEV_010,29
DEV_010_2024-11-15 03:00:00,2024-11-15 03:00:00,DEV_010,82
DEV_010_2024-11-15 04:00:00,2024-11-15 04:00:00,DEV_010,86
DEV_010_2024-11-15 05:00:00,2024-11-15 05:00:00,DEV_010,90
DEV_010_2024-11-15 06:00:00,2024-11-15 06:00:00,DEV_010,2
DEV_010_2024-11-15 07:00:00,2024-11-15 07:00:00,DEV_010,56
DEV_010_2024-11-15 08:00:00,2024-11-15 08:00:00,DEV_010,56
DEV_010_2024-11-15 09:00:00,2024-11-15 09:00:00,DEV_010,34
DEV_010_2024-11-15 10:00:00,2024-11-15 10:00:00,DEV_010,77
DEV_010_2024-11-15 11:00:00,2024-11-15 11:00:00,DEV_010,98
DEV_010_2024-11-15 12:00:00,2024-11-15 12:00:00,DEV_010,69
DEV_010_2024-11-15 13:00:00,2024-11-15 13:00:00,DEV_010,31
DEV_010_2024-11-15 14:00:00,2024-11-15 14:00:00,DEV_010,25
DEV_010_2024-11-15 15:00:00,2024-11-15 15:00:00,DEV_010,53
DEV_010_2024-11-15 16:00:00,2024-11-15 16:00:00,DEV_010,69
DEV_010_2024-11-15 17:00:00,2024-11-15 17:00:00,DEV_010,67
DEV_010_2024-11-15 18:00:00,2024-11-15 18:00:00,DEV_010,50
DEV_010_2024-11-15 19:00:00,2024-11-15 19:00:00,DEV_010,71
DEV_010_2024-11-15 20:00:00,2024-11-15 20:00:00,DEV_010,3
DEV_010_2024-11-15 21:00:00,2024-11-15 21:00:00,DEV_010,57
DEV_010_2024-11-15 22:00:00,2024-11-15 22:00:00,DEV_010,28
DEV_010_2024-11-15 23:00:00,2024-11-15 23:00:00,DEV_010,4
DEV_010_2024-11-16 00:00:00,2024-11-16 00:00:00,DEV_010,7
DEV_010_2024-11-16 01:00:00,2024-11-16 01:00:00,DEV_010,94
DEV_010_2024-11-16 02:00:00,2024-11-16 02:00:00,DEV_010,10
DEV_010_2024-11-16 03:00:00,2024-11-16 03:00:00,DEV_010,9
DEV_010_2024-11-16 04:00:00,2024-11-16 04:00:00,DEV_010,13
DEV_010_2024-11-16 05:00:00,2024-11-16 05:00:00,DEV_010,55
DEV_010_2024-11-16 06:00:00,2024-11-16 06:00:00,DEV_010,82
DEV_010_2024-11-16 07:00:00,2024-11-16 07:00:00,DEV_010,98
DEV_010_2024-11-16 08:00:00,2024-11-16 08:00:00,DEV_010,32
DEV_010_2024-11-16 09:00:00,2024-11-16 09:00:00,DEV_010,86
DEV_010_2024-11-16 10:00:00,2024-11-16 10:00:00,DEV_010,41
DEV_010_2024-11-16 11:00:00,2024-11-16 11:00:00,DEV_010,52
DEV_010_2024-11-16 12:00:00,2024-11-16 12:00:00,DEV_010,17
DEV_010_2024-11-16 13:00:00,2024-11-16 13:00:00,DEV_010,45
DEV_010_2024-11-16 14:00:00,2024-11-16 14:00:00,DEV_010,31
DEV_010_2024-11-16 15:00:00,2024-11-16 15:00:00,DEV_010,12
DEV_010_2024-11-16 16:00:00,2024-11-16 16:00:00,DEV_010,19
DEV_010_2024-11-16 17:00:00,2024-11-16 17:00:00,DEV_010,22
DEV_010_2024-11-16 18:00:00,2024-11-16 18:00:00,DEV_010,36
DEV_010_2024-11-16 19:00:00,2024-11-16 19:00:00,DEV_010,60
DEV_010_2024-11-16 20:00:00,2024-11-16 20:00:00,DEV_010,26
DEV_010_2024-11-16 21:00:00,2024-11-16 21:00:00,DEV_010,22
DEV_010_2024-11-16 22:00:00,2024-11-16 22:00:00,DEV_010,47
DEV_010_2024-11-16 23:00:00,2024-11-16 23:00:00,DEV_010,38
DEV_010_2024-11-17 00:00:00,2024-11-17 00:00:00,DEV_010,35
DEV_010_2024-11-17 01:00:00,2024-11-17 01:00:00,DEV_010,32
DEV_010_2024-11-17 02:00:00,2024-11-17 02:00:00,DEV_010,8
DEV_010_2024-11-17 03:00:00,2024-11-17 03:00:00,DEV_010,48
DEV_010_2024-11-17 04:00:00,2024-11-17 04:00:00,DEV_010,19
DEV_010_2024-11-17 05:00:00,2024-11-17 05:00:00,DEV_010,43
DEV_010_2024-11-17 06:00:00,2024-11-17 06:00:00,DEV_010,90
DEV_010_2024-11-17 07:00:00,2024-11-17 07:00:00,DEV_010,72
DEV_010_2024-11-17 08:00:00,2024-11-17 08:00:00,DEV_010,21
DEV_010_2024-11-17 09:00:00,2024-11-17 09:00:00,DEV_010,37
DEV_010_2024-11-17 10:00:00,2024-11-17 10:00:00,DEV_010,25
DEV_010_2024-11-17 11:00:00,2024-11-17 11:00:00,DEV_010,14
DEV_010_2024-11-17 12:00:00,2024-11-17 12:00:00,DEV_010,62
DEV_010_2024-11-17 13:00:00,2024-11-17 13:00:00,DEV_010,2
DEV_010_2024-11-17 14:00:00,2024-11-17 14:00:00,DEV_010,71
DEV_010_2024-11-17 15:00:00,2024-11-17 15:00:00,DEV_010,44
DEV_010_2024-11-17 16:00:00,2024-11-17 16:00:00,DEV_010,75
DEV_010_2024-11-17 17:00:00,2024-11-17 17:00:00,DEV_010,77
DEV_010_2024-11-17 18:00:00,2024-11-17 18:00:00,DEV_010,49
DEV_010_2024-11-17 19:00:00,2024-11-17 19:00:00,DEV_010,14
DEV_010_2024-11-17 20:00:00,2024-11-17 20:00:00,DEV_010,54
DEV_010_2024-11-17 21:00:00,2024-11-17 21:00:00,DEV_010,15
DEV_010_2024-11-17 22:00:00,2024-11-17 22:00:00,DEV_010,49
DEV_010_2024-11-17 23:00:00,2024-11-17 23:00:00,DEV_010,67
DEV_010_2024-11-18 00:00:00,2024-11-18 00:00:00,DEV_010,96
DEV_010_2024-11-18 01:00:00,2024-11-18 01:00:00,DEV_010,32
DEV_010_2024-11-18 02:00:00,2024-11-18 02:00:00,DEV_010,7
DEV_010_2024-11-18 03:00:00,2024-11-18 03:00:00,DEV_010,31
DEV_010_2024-11-18 04:00:00,2024-11-18 04:00:00,DEV_010,51
DEV_010_2024-11-18 05:00:00,2024-11-18 05:00:00,DEV_010,13
DEV_010_2024-11-18 06:00:00,2024-11-18 06:00:00,DEV_010,92
DEV_010_2024-11-18 07:00:00,2024-11-18 07:00:00,DEV_010,31
DEV_010_2024-11-18 08:00:00,2024-11-18 08:00:00,DEV_010,86
DEV_010_2024-11-18 09:00:00,2024-11-18 09:00:00,DEV_010,93
DEV_010_2024-11-18 10:00:00,2024-11-18 10:00:00,DEV_010,86
DEV_010_2024-11-18 11:00:00,2024-11-18 11:00:00,DEV_010,97
DEV_010_2024-11-18 12:00:00,2024-11-18 12:00:00,DEV_010,95
DEV_010_2024-11-18 13:00:00,2024-11-18 13:00:00,DEV_010,13
DEV_010_2024-11-18 14:00:00,2024-11-18 14:00:00,DEV_010,80
DEV_010_2024-11-18 15:00:00,2024-11-18 15:00:00,DEV_010,37
DEV_010_2024-11-18 16:00:00,2024-11-18 16:00:00,DEV_010,74
DEV_010_2024-11-18 17:00:00,2024-11-18 17:00:00,DEV_010,67
DEV_010_2024-11-18 18:00:00,2024-11-18 18:00:00,DEV_010,18
DEV_010_2024-11-18 19:00:00,2024-11-18 19:00:00,DEV_010,8
DEV_010_2024-11-18 20:00:00,2024-11-18 20:00:00,DEV_010,40
DEV_010_2024-11-18 21:00:00,2024-11-18 21:00:00,DEV_010,6
DEV_010_2024-11-18 22:00:00,2024-11-18 22:00:00,DEV_010,76
DEV_010_2024-11-18 23:00:00,2024-11-18 23:00:00,DEV_010,62
DEV_010_2024-11-19 00:00:00,2024-11-19 00:00:00,DEV_010,88
DEV_010_2024-11-19 01:00:00,2024-11-19 01:00:00,DEV_010,9
DEV_010_2024-11-19 02:00:00,2024-11-19 02:00:00,DEV_010,94
DEV_010_2024-11-19 03:00:00,2024-11-19 03:00:00,DEV_010,83
DEV_010_2024-11-19 04:00:00,2024-11-19 04:00:00,DEV_010,73
DEV_010_2024-11-19 05:00:00,2024-11-19 05:00:00,DEV_010,11
DEV_010_2024-11-19 06:00:00,2024-11-19 06:00:00,DEV_010,91
DEV_010_2024-11-19 07:00:00,2024-11-19 07:00:00,DEV_010,91
DEV_010_2024-11-19 08:00:00,2024-11-19 08:00:00,DEV_010,29
DEV_010_2024-11-19 09:00:00,2024-11-19 09:00:00,DEV_010,7
DEV_010_2024-11-19 10:00:00,2024-11-19 10:00:00,DEV_010,15
DEV_010_2024-11-19 11:00:00,2024-11-19 11:00:00,DEV_010,99
DEV_010_2024-11-19 12:00:00,2024-11-19 12:00:00,DEV_010,75
DEV_010_2024-11-19 13:00:00,2024-11-19 13:00:00,DEV_010,87
DEV_010_2024-11-19 14:00:00,2024-11-19 14:00:00,DEV_010,4
DEV_010_2024-11-19 15:00:00,2024-11-19 15:00:00,DEV_010,3
DEV_010_2024-11-19 16:00:00,2024-11-19 16:00:00,DEV_010,46
DEV_010_2024-11-19 17:00:00,2024-11-19 17:00:00,DEV_010,84
DEV_010_2024-11-19 18:00:00,2024-11-19 18:00:00,DEV_010,16
DEV_010_2024-11-19 19:00:00,2024-11-19 19:00:00,DEV_010,55
DEV_010_2024-11-19 20:00:00,2024-11-19 20:00:00,DEV_010,2
DEV_010_2024-11-19 21:00:00,2024-11-19 21:00:00,DEV_010,16
DEV_010_2024-11-19 22:00:00,2024-11-19 22:00:00,DEV_010,31
DEV_010_2024-11-19 23:00:00,2024-11-19 23:00:00,DEV_010,66
DEV_010_2024-11-20 00:00:00,2024-11-20 00:00:00,DEV_010,59
DEV_010_2024-11-20 01:00:00,2024-11-20 01:00:00,DEV_010,86
DEV_010_2024-11-20 02:00:00,2024-11-20 02:00:00,DEV_010,93
DEV_010_2024-11-20 03:00:00,2024-11-20 03:00:00,DEV_010,55
DEV_010_2024-11-20 04:00:00,2024-11-20 04:00:00,DEV_010,74
DEV_010_2024-11-20 05:00:00,2024-11-20 05:00:00,DEV_010,42
DEV_010_2024-11-20 06:00:00,2024-11-20 06:00:00,DEV_010,89
DEV_010_2024-11-20 07:00:00,2024-11-20 07:00:00,DEV_010,56
DEV_010_2024-11-20 08:00:00,2024-11-20 08:00:00,DEV_010,54
DEV_010_2024-11-20 09:00:00,2024-11-20 09:00:00,DEV_010,47
DEV_010_2024-11-20 10:00:00,2024-11-20 10:00:00,DEV_010,45
DEV_010_2024-11-20 11:00:00,2024-11-20 11:00:00,DEV_010,94
DEV_010_2024-11-20 12:00:00,2024-11-20 12:00:00,DEV_010,60
DEV_010_2024-11-20 13:00:00,2024-11-20 13:00:00,DEV_010,65
DEV_010_2024-11-20 14:00:00,2024-11-20 14:00:00,DEV_010,2
DEV_010_2024-11-20 15:00:00,2024-11-20 15:00:00,DEV_010,22
DEV_010_2024-11-20 16:00:00,2024-11-20 16:00:00,DEV_010,48
DEV_010_2024-11-20 17:00:00,2024-11-20 17:00:00,DEV_010,10
DEV_010_2024-11-20 18:00:00,2024-11-20 18:00:00,DEV_010,23
DEV_010_2024-11-20 19:00:00,2024-11-20 19:00:00,DEV_010,88
DEV_010_2024-11-20 20:00:00,2024-11-20 20:00:00,DEV_010,84
DEV_010_2024-11-20 21:00:00,2024-11-20 21:00:00,DEV_010,99
DEV_010_2024-11-20 22:00:00,2024-11-20 22:00:00,DEV_010,55
DEV_010_2024-11-20 23:00:00,2024-11-20 23:00:00,DEV_010,4
DEV_010_2024-11-21 00:00:00,2024-11-21 00:00:00,DEV_010,64
DEV_010_2024-11-21 01:00:00,2024-11-21 01:00:00,DEV_010,99
DEV_010_2024-11-21 02:00:00,2024-11-21 02:00:00,DEV_010,52
DEV_010_2024-11-21 03:00:00,2024-11-21 03:00:00,DEV_010,50
DEV_010_2024-11-21 04:00:00,2024-11-21 04:00:00,DEV_010,60
DEV_010_2024-11-21 05:00:00,2024-11-21 05:00:00,DEV_010,18
DEV_010_2024-11-21 06:00:00,2024-11-21 06:00:00,DEV_010,53
DEV_010_2024-11-21 07:00:00,2024-11-21 07:00:00,DEV_010,58
DEV_010_2024-11-21 08:00:00,2024-11-21 08:00:00,DEV_010,29
DEV_010_2024-11-21 09:00:00,2024-11-21 09:00:00,DEV_010,25
DEV_010_2024-11-21 10:00:00,2024-11-21 10:00:00,DEV_010,22
DEV_010_2024-11-21 11:00:00,2024-11-21 11:00:00,DEV_010,27
DEV_010_2024-11-21 12:00:00,2024-11-21 12:00:00,DEV_010,31
DEV_010_2024-11-21 13:00:00,2024-11-21 13:00:00,DEV_010,23
DEV_010_2024-11-21 14:00:00,2024-11-21 14:00:00,DEV_010,23
DEV_010_2024-11-21 15:00:00,2024-11-21 15:00:00,DEV_010,77
DEV_010_2024-11-21 16:00:00,2024-11-21 16:00:00,DEV_010,96
DEV_010_2024-11-21 17:00:00,2024-11-21 17:00:00,DEV_010,40
DEV_010_2024-11-21 18:00:00,2024-11-21 18:00:00,DEV_010,89
DEV_010_2024-11-21 19:00:00,2024-11-21 19:00:00,DEV_010,73
DEV_010_2024-11-21 20:00:00,2024-11-21 20:00:00,DEV_010,56
DEV_010_2024-11-21 21:00:00,2024-11-21 21:00:00,DEV_010,39
DEV_010_2024-11-21 22:00:00,2024-11-21 22:00:00,DEV_010,43
DEV_010_2024-11-21 23:00:00,2024-11-21 23:00:00,DEV_010,84
DEV_010_2024-11-22 00:00:00,2024-11-22 00:00:00,DEV_010,24
DEV_010_2024-11-22 01:00:00,2024-11-22 01:00:00,DEV_010,80
DEV_010_2024-11-22 02:00:00,2024-11-22 02:00:00,DEV_010,96
DEV_010_2024-11-22 03:00:00,2024-11-22 03:00:00,DEV_010,56
DEV_010_2024-11-22 04:00:00,2024-11-22 04:00:00,DEV_010,33
DEV_010_2024-11-22 05:00:00,2024-11-22 05:00:00,DEV_010,80
DEV_010_2024-11-22 06:00:00,2024-11-22 06:00:00,DEV_010,49
DEV_010_2024-11-22 07:00:00,2024-11-22 07:00:00,DEV_010,81
DEV_010_2024-11-22 08:00:00,2024-11-22 08:00:00,DEV_010,58
DEV_010_2024-11-22 09:00:00,2024-11-22 09:00:00,DEV_010,42
DEV_010_2024-11-22 10:00:00,2024-11-22 10:00:00,DEV_010,27
DEV_010_2024-11-22 11:00:00,2024-11-22 11:00:00,DEV_010,7
DEV_010_2024-11-22 12:00:00,2024-11-22 12:00:00,DEV_010,55
DEV_010_2024-11-22 13:00:00,2024-11-22 13:00:00,DEV_010,84
DEV_010_2024-11-22 14:00:00,2024-11-22 14:00:00,DEV_010,20
DEV_010_2024-11-22 15:00:00,2024-11-22 15:00:00,DEV_010,71
DEV_010_2024-11-22 16:00:00,2024-11-22 16:00:00,DEV_010,47
DEV_010_2024-11-22 17:00:00,2024-11-22 17:00:00,DEV_010,18
DEV_010_2024-11-22 18:00:00,2024-11-22 18:00:00,DEV_010,94
DEV_010_2024-11-22 19:00:00,2024-11-22 19:00:00,DEV_010,99
DEV_010_2024-11-22 20:00:00,2024-11-22 20:00:00,DEV_010,2
DEV_010_2024-11-22 21:00:00,2024-11-22 21:00:00,DEV_010,15
DEV_010_2024-11-22 22:00:00,2024-11-22 22:00:00,DEV_010,93
DEV_010_2024-11-22 23:00:00,2024-11-22 23:00:00,DEV_010,75
DEV_010_2024-11-23 00:00:00,2024-11-23 00:00:00,DEV_010,89
DEV_010_2024-11-23 01:00:00,2024-11-23 01:00:00,DEV_010,65
DEV_010_2024-11-23 02:00:00,2024-11-23 02:00:00,DEV_010,76
DEV_010_2024-11-23 03:00:00,2024-11-23 03:00:00,DEV_010,23
DEV_010_2024-11-23 04:00:00,2024-11-23 04:00:00,DEV_010,3
DEV_010_2024-11-23 05:00:00,2024-11-23 05:00:00,DEV_010,92
DEV_010_2024-11-23 06:00:00,2024-11-23 06:00:00,DEV_010,55
DEV_010_2024-11-23 07:00:00,2024-11-23 07:00:00,DEV_010,36
DEV_010_2024-11-23 08:00:00,2024-11-23 08:00:00,DEV_010,10
DEV_010_2024-11-23 09:00:00,2024-11-23 09:00:00,DEV_010,16
DEV_010_2024-11-23 10:00:00,2024-11-23 10:00:00,DEV_010,74
DEV_010_2024-11-23 11:00:00,2024-11-23 11:00:00,DEV_010,98
DEV_010_2024-11-23 12:00:00,2024-11-23 12:00:00,DEV_010,52
DEV_010_2024-11-23 13:00:00,2024-11-23 13:00:00,DEV_010,67
DEV_010_2024-11-23 14:00:00,2024-11-23 14:00:00,DEV_010,3
DEV_010_2024-11-23 15:00:00,2024-11-23 15:00:00,DEV_010,59
DEV_010_2024-11-23 16:00:00,2024-11-23 16:00:00,DEV_010,13
DEV_010_2024-11-23 17:00:00,2024-11-23 17:00:00,DEV_010,20
DEV_010_2024-11-23 18:00:00,2024-11-23 18:00:00,DEV_010,60
DEV_010_2024-11-23 19:00:00,2024-11-23 19:00:00,DEV_010,68
DEV_010_2024-11-23 20:00:00,2024-11-23 20:00:00,DEV_010,83
DEV_010_2024-11-23 21:00:00,2024-11-23 21:00:00,DEV_010,99
DEV_010_2024-11-23 22:00:00,2024-11-23 22:00:00,DEV_010,8
DEV_010_2024-11-23 23:00:00,2024-11-23 23:00:00,DEV_010,53
DEV_010_2024-11-24 00:00:00,2024-11-24 00:00:00,DEV_010,88
DEV_010_2024-11-24 01:00:00,2024-11-24 01:00:00,DEV_010,50
DEV_010_2024-11-24 02:00:00,2024-11-24 02:00:00,DEV_010,88
DEV_010_2024-11-24 03:00:00,2024-11-24 03:00:00,DEV_010,65
DEV_010_2024-11-24 04:00:00,2024-11-24 04:00:00,DEV_010,35
DEV_010_2024-11-24 05:00:00,2024-11-24 05:00:00,DEV_010,34
DEV_010_2024-11-24 06:00:00,2024-11-24 06:00:00,DEV_010,98
DEV_010_2024-11-24 07:00:00,2024-11-24 07:00:00,DEV_010,29
DEV_010_2024-11-24 08:00:00,2024-11-24 08:00:00,DEV_010,45
DEV_010_2024-11-24 09:00:00,2024-11-24 09:00:00,DEV_010,6
DEV_010_2024-11-24 10:00:00,2024-11-24 10:00:00,DEV_010,59
DEV_010_2024-11-24 11:00:00,2024-11-24 11:00:00,DEV_010,69
DEV_010_2024-11-24 12:00:00,2024-11-24 12:00:00,DEV_010,53
DEV_010_2024-11-24 13:00:00,2024-11-24 13:00:00,DEV_010,72
DEV_010_2024-11-24 14:00:00,2024-11-24 14:00:00,DEV_010,82
DEV_010_2024-11-24 15:00:00,2024-11-24 15:00:00,DEV_010,8
DEV_010_2024-11-24 16:00:00,2024-11-24 16:00:00,DEV_010,48
DEV_010_2024-11-24 17:00:00,2024-11-24 17:00:00,DEV_010,73
DEV_010_2024-11-24 18:00:00,2024-11-24 18:00:00,DEV_010,28
DEV_010_2024-11-24 19:00:00,2024-11-24 19:00:00,DEV_010,80
DEV_010_2024-11-24 20:00:00,2024-11-24 20:00:00,DEV_010,36
DEV_010_2024-11-24 21:00:00,2024-11-24 21:00:00,DEV_010,47
DEV_010_2024-11-24 22:00:00,2024-11-24 22:00:00,DEV_010,41
DEV_010_2024-11-24 23:00:00,2024-11-24 23:00:00,DEV_010,61
DEV_010_2024-11-25 00:00:00,2024-11-25 00:00:00,DEV_010,7
DEV_010_2024-11-25 01:00:00,2024-11-25 01:00:00,DEV_010,33
DEV_010_2024-11-25 02:00:00,2024-11-25 02:00:00,DEV_010,94
DEV_010_2024-11-25 03:00:00,2024-11-25 03:00:00,DEV_010,21
DEV_010_2024-11-25 04:00:00,2024-11-25 04:00:00,DEV_010,88
DEV_010_2024-11-25 05:00:00,2024-11-25 05:00:00,DEV_010,57
DEV_010_2024-11-25 06:00:00,2024-11-25 06:00:00,DEV_010,80
DEV_010_2024-11-25 07:00:00,2024-11-25 07:00:00,DEV_010,91
DEV_010_2024-11-25 08:00:00,2024-11-25 08:00:00,DEV_010,16
DEV_010_2024-11-25 09:00:00,2024-11-25 09:00:00,DEV_010,46
DEV_010_2024-11-25 10:00:00,2024-11-25 10:00:00,DEV_010,3
DEV_010_2024-11-25 11:00:00,2024-11-25 11:00:00,DEV_010,92
DEV_010_2024-11-25 12:00:00,2024-11-25 12:00:00,DEV_010,20
DEV_010_2024-11-25 13:00:00,2024-11-25 13:00:00,DEV_010,39
DEV_010_2024-11-25 14:00:00,2024-11-25 14:00:00,DEV_010,74
DEV_010_2024-11-25 15:00:00,2024-11-25 15:00:00,DEV_010,90
DEV_010_2024-11-25 16:00:00,2024-11-25 16:00:00,DEV_010,65
DEV_010_2024-11-25 17:00:00,2024-11-25 17:00:00,DEV_010,52
DEV_010_2024-11-25 18:00:00,2024-11-25 18:00:00,DEV_010,85
DEV_010_2024-11-25 19:00:00,2024-11-25 19:00:00,DEV_010,76
DEV_010_2024-11-25 20:00:00,2024-11-25 20:00:00,DEV_010,72
DEV_010_2024-11-25 21:00:00,2024-11-25 21:00:00,DEV_010,96
DEV_010_2024-11-25 22:00:00,2024-11-25 22:00:00,DEV_010,46
DEV_010_2024-11-25 23:00:00,2024-11-25 23:00:00,DEV_010,51
DEV_010_2024-11-26 00:00:00,2024-11-26 00:00:00,DEV_010,63
DEV_010_2024-11-26 01:00:00,2024-11-26 01:00:00,DEV_010,31
DEV_010_2024-11-26 02:00:00,2024-11-26 02:00:00,DEV_010,44
DEV_010_2024-11-26 03:00:00,2024-11-26 03:00:00,DEV_010,16
DEV_010_2024-11-26 04:00:00,2024-11-26 04:00:00,DEV_010,96
DEV_010_2024-11-26 05:00:00,2024-11-26 05:00:00,DEV_010,39
DEV_010_2024-11-26 06:00:00,2024-11-26 06:00:00,DEV_010,16
DEV_010_2024-11-26 07:00:00,2024-11-26 07:00:00,DEV_010,93
DEV_010_2024-11-26 08:00:00,2024-11-26 08:00:00,DEV_010,80
DEV_010_2024-11-26 09:00:00,2024-11-26 09:00:00,DEV_010,7
DEV_010_2024-11-26 10:00:00,2024-11-26 10:00:00,DEV_010,44
DEV_010_2024-11-26 11:00:00,2024-11-26 11:00:00,DEV_010,60
DEV_010_2024-11-26 12:00:00,2024-11-26 12:00:00,DEV_010,30
DEV_010_2024-11-26 13:00:00,2024-11-26 13:00:00,DEV_010,76
DEV_010_2024-11-26 14:00:00,2024-11-26 14:00:00,DEV_010,58
DEV_010_2024-11-26 15:00:00,2024-11-26 15:00:00,DEV_010,6
DEV_010_2024-11-26 16:00:00,2024-11-26 16:00:00,DEV_010,39
DEV_010_2024-11-26 17:00:00,2024-11-26 17:00:00,DEV_010,35
DEV_010_2024-11-26 18:00:00,2024-11-26 18:00:00,DEV_010,48
DEV_010_2024-11-26 19:00:00,2024-11-26 19:00:00,DEV_010,3
DEV_010_2024-11-26 20:00:00,2024-11-26 20:00:00,DEV_010,93
DEV_010_2024-11-26 21:00:00,2024-11-26 21:00:00,DEV_010,70
DEV_010_2024-11-26 22:00:00,2024-11-26 22:00:00,DEV_010,95
DEV_010_2024-11-26 23:00:00,2024-11-26 23:00:00,DEV_010,16
DEV_010_2024-11-27 00:00:00,2024-11-27 00:00:00,DEV_010,71
DEV_010_2024-11-27 01:00:00,2024-11-27 01:00:00,DEV_010,92
DEV_010_2024-11-27 02:00:00,2024-11-27 02:00:00,DEV_010,40
DEV_010_2024-11-27 03:00:00,2024-11-27 03:00:00,DEV_010,96
DEV_010_2024-11-27 04:00:00,2024-11-27 04:00:00,DEV_010,75
DEV_010_2024-11-27 05:00:00,2024-11-27 05:00:00,DEV_010,15
DEV_010_2024-11-27 06:00:00,2024-11-27 06:00:00,DEV_010,32
DEV_010_2024-11-27 07:00:00,2024-11-27 07:00:00,DEV_010,94
DEV_010_2024-11-27 08:00:00,2024-11-27 08:00:00,DEV_010,90
DEV_010_2024-11-27 09:00:00,2024-11-27 09:00:00,DEV_010,2
DEV_010_2024-11-27 10:00:00,2024-11-27 10:00:00,DEV_010,99
DEV_010_2024-11-27 11:00:00,2024-11-27 11:00:00,DEV_010,55
DEV_010_2024-11-27 12:00:00,2024-11-27 12:00:00,DEV_010,19
DEV_010_2024-11-27 13:00:00,2024-11-27 13:00:00,DEV_010,40
DEV_010_2024-11-27 14:00:00,2024-11-27 14:00:00,DEV_010,97
DEV_010_2024-11-27 15:00:00,2024-11-27 15:00:00,DEV_010,15
DEV_010_2024-11-27 16:00:00,2024-11-27 16:00:00,DEV_010,92
DEV_010_2024-11-27 17:00:00,2024-11-27 17:00:00,DEV_010,85
DEV_010_2024-11-27 18:00:00,2024-11-27 18:00:00,DEV_010,57
DEV_010_2024-11-27 19:00:00,2024-11-27 19:00:00,DEV_010,35
DEV_010_2024-11-27 20:00:00,2024-11-27 20:00:00,DEV_010,90
DEV_010_2024-11-27 21:00:00,2024-11-27 21:00:00,DEV_010,53
DEV_010_2024-11-27 22:00:00,2024-11-27 22:00:00,DEV_010,47
DEV_010_2024-11-27 23:00:00,2024-11-27 23:00:00,DEV_010,74
DEV_010_2024-11-28 00:00:00,2024-11-28 00:00:00,DEV_010,29
DEV_010_2024-11-28 01:00:00,2024-11-28 01:00:00,DEV_010,41
DEV_010_2024-11-28 02:00:00,2024-11-28 02:00:00,DEV_010,54
DEV_010_2024-11-28 03:00:00,2024-11-28 03:00:00,DEV_010,1
DEV_010_2024-11-28 04:00:00,2024-11-28 04:00:00,DEV_010,31
DEV_010_2024-11-28 05:00:00,2024-11-28 05:00:00,DEV_010,81
DEV_010_2024-11-28 06:00:00,2024-11-28 06:00:00,DEV_010,34
DEV_010_2024-11-28 07:00:00,2024-11-28 07:00:00,DEV_010,56
DEV_010_2024-11-28 08:00:00,2024-11-28 08:00:00,DEV_010,19
DEV_010_2024-11-28 09:00:00,2024-11-28 09:00:00,DEV_010,75
DEV_010_2024-11-28 10:00:00,2024-11-28 10:00:00,DEV_010,93
DEV_010_2024-11-28 11:00:00,2024-11-28 11:00:00,DEV_010,38
DEV_010_2024-11-28 12:00:00,2024-11-28 12:00:00,DEV_010,24
DEV_010_2024-11-28 13:00:00,2024-11-28 13:00:00,DEV_010,34
DEV_010_2024-11-28 14:00:00,2024-11-28 14:00:00,DEV_010,54
DEV_010_2024-11-28 15:00:00,2024-11-28 15:00:00,DEV_010,65
DEV_010_2024-11-28 16:00:00,2024-11-28 16:00:00,DEV_010,28
DEV_010_2024-11-28 17:00:00,2024-11-28 17:00:00,DEV_010,93
DEV_010_2024-11-28 18:00:00,2024-11-28 18:00:00,DEV_010,42
DEV_010_2024-11-28 19:00:00,2024-11-28 19:00:00,DEV_010,64
DEV_010_2024-11-28 20:00:00,2024-11-28 20:00:00,DEV_010,16
DEV_010_2024-11-28 21:00:00,2024-11-28 21:00:00,DEV_010,29
DEV_010_2024-11-28 22:00:00,2024-11-28 22:00:00,DEV_010,2
DEV_010_2024-11-28 23:00:00,2024-11-28 23:00:00,DEV_010,67
DEV_010_2024-11-29 00:00:00,2024-11-29 00:00:00,DEV_010,48
DEV_010_2024-11-29 01:00:00,2024-11-29 01:00:00,DEV_010,90
DEV_010_2024-11-29 02:00:00,2024-11-29 02:00:00,DEV_010,39
DEV_010_2024-11-29 03:00:00,2024-11-29 03:00:00,DEV_010,10
DEV_010_2024-11-29 04:00:00,2024-11-29 04:00:00,DEV_010,70
DEV_010_2024-11-29 05:00:00,2024-11-29 05:00:00,DEV_010,56
DEV_010_2024-11-29 06:00:00,2024-11-29 06:00:00,DEV_010,28
DEV_010_2024-11-29 07:00:00,2024-11-29 07:00:00,DEV_010,41
DEV_010_2024-11-29 08:00:00,2024-11-29 08:00:00,DEV_010,23
DEV_010_2024-11-29 09:00:00,2024-11-29 09:00:00,DEV_010,55
DEV_010_2024-11-29 10:00:00,2024-11-29 10:00:00,DEV_010,1
DEV_010_2024-11-29 11:00:00,2024-11-29 11:00:00,DEV_010,53
DEV_010_2024-11-29 12:00:00,2024-11-29 12:00:00,DEV_010,91
DEV_010_2024-11-29 13:00:00,2024-11-29 13:00:00,DEV_010,39
DEV_010_2024-11-29 14:00:00,2024-11-29 14:00:00,DEV_010,75
DEV_010_2024-11-29 15:00:00,2024-11-29 15:00:00,DEV_010,15
DEV_010_2024-11-29 16:00:00,2024-11-29 16:00:00,DEV_010,69
DEV_010_2024-11-29 17:00:00,2024-11-29 17:00:00,DEV_010,59
DEV_010_2024-11-29 18:00:00,2024-11-29 18:00:00,DEV_010,92
DEV_010_2024-11-29 19:00:00,2024-11-29 19:00:00,DEV_010,60
DEV_010_2024-11-29 20:00:00,2024-11-29 20:00:00,DEV_010,64
DEV_010_2024-11-29 21:00:00,2024-11-29 21:00:00,DEV_010,40
DEV_010_2024-11-29 22:00:00,2024-11-29 22:00:00,DEV_010,80
DEV_010_2024-11-29 23:00:00,2024-11-29 23:00:00,DEV_010,36
DEV_010_2024-11-30 00:00:00,2024-11-30 00:00:00,DEV_010,86
DEV_010_2024-11-30 01:00:00,2024-11-30 01:00:00,DEV_010,47
DEV_010_2024-11-30 02:00:00,2024-11-30 02:00:00,DEV_010,22
DEV_010_2024-11-30 03:00:00,2024-11-30 03:00:00,DEV_010,23
DEV_010_2024-11-30 04:00:00,2024-11-30 04:00:00,DEV_010,13
DEV_010_2024-11-30 05:00:00,2024-11-30 05:00:00,DEV_010,97
DEV_010_2024-11-30 06:00:00,2024-11-30 06:00:00,DEV_010,71
DEV_010_2024-11-30 07:00:00,2024-11-30 07:00:00,DEV_010,89
DEV_010_2024-11-30 08:00:00,2024-11-30 08:00:00,DEV_010,69
DEV_010_2024-11-30 09:00:00,2024-11-30 09:00:00,DEV_010,43
DEV_010_2024-11-30 10:00:00,2024-11-30 10:00:00,DEV_010,60
DEV_010_2024-11-30 11:00:00,2024-11-30 11:00:00,DEV_010,63
DEV_010_2024-11-30 12:00:00,2024-11-30 12:00:00,DEV_010,20
DEV_010_2024-11-30 13:00:00,2024-11-30 13:00:00,DEV_010,80
DEV_010_2024-11-30 14:00:00,2024-11-30 14:00:00,DEV_010,87
DEV_010_2024-11-30 15:00:00,2024-11-30 15:00:00,DEV_010,36
DEV_010_2024-11-30 16:00:00,2024-11-30 16:00:00,DEV_010,15
DEV_010_2024-11-30 17:00:00,2024-11-30 17:00:00,DEV_010,40
DEV_010_2024-11-30 18:00:00,2024-11-30 18:00:00,DEV_010,40
DEV_010_2024-11-30 19:00:00,2024-11-30 19:00:00,DEV_010,72
DEV_010_2024-11-30 20:00:00,2024-11-30 20:00:00,DEV_010,79
DEV_010_2024-11-30 21:00:00,2024-11-30 21:00:00,DEV_010,72
DEV_010_2024-11-30 22:00:00,2024-11-30 22:00:00,DEV_010,87
DEV_010_2024-11-30 23:00:00,2024-11-30 23:00:00,DEV_010,51
DEV_010_2024-12-01 00:00:00,2024-12-01 00:00:00,DEV_010,13
DEV_010_2024-12-01 01:00:00,2024-12-01 01:00:00,DEV_010,75
DEV_010_2024-12-01 02:00:00,2024-12-01 02:00:00,DEV_010,43
DEV_010_2024-12-01 03:00:00,2024-12-01 03:00:00,DEV_010,97
DEV_010_2024-12-01 04:00:00,2024-12-01 04:00:00,DEV_010,71
DEV_010_2024-12-01 05:00:00,2024-12-01 05:00:00,DEV_010,20
DEV_010_2024-12-01 06:00:00,2024-12-01 06:00:00,DEV_010,46
DEV_010_2024-12-01 07:00:00,2024-12-01 07:00:00,DEV_010,35
DEV_010_2024-12-01 08:00:00,2024-12-01 08:00:00,DEV_010,86
DEV_010_2024-12-01 09:00:00,2024-12-01 09:00:00,DEV_010,37
DEV_010_2024-12-01 10:00:00,2024-12-01 10:00:00,DEV_010,61
DEV_010_2024-12-01 11:00:00,2024-12-01 11:00:00,DEV_010,36
DEV_010_2024-12-01 12:00:00,2024-12-01 12:00:00,DEV_010,10
DEV_010_2024-12-01 13:00:00,2024-12-01 13:00:00,DEV_010,89
DEV_010_2024-12-01 14:00:00,2024-12-01 14:00:00,DEV_010,66
DEV_010_2024-12-01 15:00:00,2024-12-01 15:00:00,DEV_010,2
DEV_010_2024-12-01 16:00:00,2024-12-01 16:00:00,DEV_010,74
DEV_010_2024-12-01 17:00:00,2024-12-01 17:00:00,DEV_010,56
DEV_010_2024-12-01 18:00:00,2024-12-01 18:00:00,DEV_010,42
DEV_010_2024-12-01 19:00:00,2024-12-01 19:00:00,DEV_010,75
DEV_010_2024-12-01 20:00:00,2024-12-01 20:00:00,DEV_010,72
DEV_010_2024-12-01 21:00:00,2024-12-01 21:00:00,DEV_010,1
DEV_010_2024-12-01 22:00:00,2024-12-01 22:00:00,DEV_010,36
DEV_010_2024-12-01 23:00:00,2024-12-01 23:00:00,DEV_010,69
DEV_010_2024-12-02 00:00:00,2024-12-02 00:00:00,DEV_010,20
DEV_010_2024-12-02 01:00:00,2024-12-02 01:00:00,DEV_010,72
DEV_010_2024-12-02 02:00:00,2024-12-02 02:00:00,DEV_010,40
DEV_010_2024-12-02 03:00:00,2024-12-02 03:00:00,DEV_010,11
DEV_010_2024-12-02 04:00:00,2024-12-02 04:00:00,DEV_010,19
DEV_010_2024-12-02 05:00:00,2024-12-02 05:00:00,DEV_010,13
DEV_010_2024-12-02 06:00:00,2024-12-02 06:00:00,DEV_010,13
DEV_010_2024-12-02 07:00:00,2024-12-02 07:00:00,DEV_010,60
DEV_010_2024-12-02 08:00:00,2024-12-02 08:00:00,DEV_010,14
DEV_010_2024-12-02 09:00:00,2024-12-02 09:00:00,DEV_010,62
DEV_010_2024-12-02 10:00:00,2024-12-02 10:00:00,DEV_010,35
DEV_010_2024-12-02 11:00:00,2024-12-02 11:00:00,DEV_010,47
DEV_010_2024-12-02 12:00:00,2024-12-02 12:00:00,DEV_010,96
DEV_010_2024-12-02 13:00:00,2024-12-02 13:00:00,DEV_010,61
DEV_010_2024-12-02 14:00:00,2024-12-02 14:00:00,DEV_010,35
DEV_010_2024-12-02 15:00:00,2024-12-02 15:00:00,DEV_010,13
DEV_010_2024-12-02 16:00:00,2024-12-02 16:00:00,DEV_010,3
DEV_010_2024-12-02 17:00:00,2024-12-02 17:00:00,DEV_010,18
DEV_010_2024-12-02 18:00:00,2024-12-02 18:00:00,DEV_010,52
DEV_010_2024-12-02 19:00:00,2024-12-02 19:00:00,DEV_010,17
DEV_010_2024-12-02 20:00:00,2024-12-02 20:00:00,DEV_010,72
DEV_010_2024-12-02 21:00:00,2024-12-02 21:00:00,DEV_010,13
DEV_010_2024-12-02 22:00:00,2024-12-02 22:00:00,DEV_010,4
DEV_010_2024-12-02 23:00:00,2024-12-02 23:00:00,DEV_010,75
DEV_010_2024-12-03 00:00:00,2024-12-03 00:00:00,DEV_010,29
DEV_010_2024-12-03 01:00:00,2024-12-03 01:00:00,DEV_010,78
DEV_010_2024-12-03 02:00:00,2024-12-03 02:00:00,DEV_010,99
DEV_010_2024-12-03 03:00:00,2024-12-03 03:00:00,DEV_010,40
DEV_010_2024-12-03 04:00:00,2024-12-03 04:00:00,DEV_010,36
DEV_010_2024-12-03 05:00:00,2024-12-03 05:00:00,DEV_010,16
DEV_010_2024-12-03 06:00:00,2024-12-03 06:00:00,DEV_010,1
DEV_010_2024-12-03 07:00:00,2024-12-03 07:00:00,DEV_010,89
DEV_010_2024-12-03 08:00:00,2024-12-03 08:00:00,DEV_010,28
DEV_010_2024-12-03 09:00:00,2024-12-03 09:00:00,DEV_010,55
DEV_010_2024-12-03 10:00:00,2024-12-03 10:00:00,DEV_010,85
DEV_010_2024-12-03 11:00:00,2024-12-03 11:00:00,DEV_010,78
DEV_010_2024-12-03 12:00:00,2024-12-03 12:00:00,DEV_010,85
DEV_010_2024-12-03 13:00:00,2024-12-03 13:00:00,DEV_010,57
DEV_010_2024-12-03 14:00:00,2024-12-03 14:00:00,DEV_010,72
DEV_010_2024-12-03 15:00:00,2024-12-03 15:00:00,DEV_010,9
DEV_010_2024-12-03 16:00:00,2024-12-03 16:00:00,DEV_010,49
DEV_010_2024-12-03 17:00:00,2024-12-03 17:00:00,DEV_010,37
DEV_010_2024-12-03 18:00:00,2024-12-03 18:00:00,DEV_010,24
DEV_010_2024-12-03 19:00:00,2024-12-03 19:00:00,DEV_010,76
DEV_010_2024-12-03 20:00:00,2024-12-03 20:00:00,DEV_010,45
DEV_010_2024-12-03 21:00:00,2024-12-03 21:00:00,DEV_010,23
DEV_010_2024-12-03 22:00:00,2024-12-03 22:00:00,DEV_010,55
DEV_010_2024-12-03 23:00:00,2024-12-03 23:00:00,DEV_010,30
DEV_010_2024-12-04 00:00:00,2024-12-04 00:00:00,DEV_010,18
DEV_010_2024-12-04 01:00:00,2024-12-04 01:00:00,DEV_010,90
DEV_010_2024-12-04 02:00:00,2024-12-04 02:00:00,DEV_010,13
DEV_010_2024-12-04 03:00:00,2024-12-04 03:00:00,DEV_010,47
DEV_010_2024-12-04 04:00:00,2024-12-04 04:00:00,DEV_010,33
DEV_010_2024-12-04 05:00:00,2024-12-04 05:00:00,DEV_010,28
DEV_010_2024-12-04 06:00:00,2024-12-04 06:00:00,DEV_010,78
DEV_010_2024-12-04 07:00:00,2024-12-04 07:00:00,DEV_010,60
DEV_010_2024-12-04 08:00:00,2024-12-04 08:00:00,DEV_010,35
DEV_010_2024-12-04 09:00:00,2024-12-04 09:00:00,DEV_010,81
DEV_010_2024-12-04 10:00:00,2024-12-04 10:00:00,DEV_010,28
DEV_010_2024-12-04 11:00:00,2024-12-04 11:00:00,DEV_010,35
DEV_010_2024-12-04 12:00:00,2024-12-04 12:00:00,DEV_010,95
DEV_010_2024-12-04 13:00:00,2024-12-04 13:00:00,DEV_010,52
DEV_010_2024-12-04 14:00:00,2024-12-04 14:00:00,DEV_010,15
DEV_010_2024-12-04 15:00:00,2024-12-04 15:00:00,DEV_010,78
DEV_010_2024-12-04 16:00:00,2024-12-04 16:00:00,DEV_010,91
DEV_010_2024-12-04 17:00:00,2024-12-04 17:00:00,DEV_010,39
DEV_010_2024-12-04 18:00:00,2024-12-04 18:00:00,DEV_010,95
DEV_010_2024-12-04 19:00:00,2024-12-04 19:00:00,DEV_010,35
DEV_010_2024-12-04 20:00:00,2024-12-04 20:00:00,DEV_010,3
DEV_010_2024-12-04 21:00:00,2024-12-04 21:00:00,DEV_010,35
DEV_010_2024-12-04 22:00:00,2024-12-04 22:00:00,DEV_010,66
DEV_010_2024-12-04 23:00:00,2024-12-04 23:00:00,DEV_010,98
DEV_010_2024-12-05 00:00:00,2024-12-05 00:00:00,DEV_010,61
DEV_010_2024-12-05 01:00:00,2024-12-05 01:00:00,DEV_010,61
DEV_010_2024-12-05 02:00:00,2024-12-05 02:00:00,DEV_010,47
DEV_010_2024-12-05 03:00:00,2024-12-05 03:00:00,DEV_010,24
DEV_010_2024-12-05 04:00:00,2024-12-05 04:00:00,DEV_010,58
DEV_010_2024-12-05 05:00:00,2024-12-05 05:00:00,DEV_010,61
DEV_010_2024-12-05 06:00:00,2024-12-05 06:00:00,DEV_010,92
DEV_010_2024-12-05 07:00:00,2024-12-05 07:00:00,DEV_010,70
DEV_010_2024-12-05 08:00:00,2024-12-05 08:00:00,DEV_010,44
DEV_010_2024-12-05 09:00:00,2024-12-05 09:00:00,DEV_010,93
DEV_010_2024-12-05 10:00:00,2024-12-05 10:00:00,DEV_010,3
DEV_010_2024-12-05 11:00:00,2024-12-05 11:00:00,DEV_010,80
DEV_010_2024-12-05 12:00:00,2024-12-05 12:00:00,DEV_010,60
DEV_010_2024-12-05 13:00:00,2024-12-05 13:00:00,DEV_010,79
DEV_010_2024-12-05 14:00:00,2024-12-05 14:00:00,DEV_010,19
DEV_010_2024-12-05 15:00:00,2024-12-05 15:00:00,DEV_010,92
DEV_010_2024-12-05 16:00:00,2024-12-05 16:00:00,DEV_010,24
DEV_010_2024-12-05 17:00:00,2024-12-05 17:00:00,DEV_010,39
DEV_010_2024-12-05 18:00:00,2024-12-05 18:00:00,DEV_010,88
DEV_010_2024-12-05 19:00:00,2024-12-05 19:00:00,DEV_010,82
DEV_010_2024-12-05 20:00:00,2024-12-05 20:00:00,DEV_010,15
DEV_010_2024-12-05 21:00:00,2024-12-05 21:00:00,DEV_010,85
DEV_010_2024-12-05 22:00:00,2024-12-05 22:00:00,DEV_010,47
DEV_010_2024-12-05 23:00:00,2024-12-05 23:00:00,DEV_010,83
DEV_010_2024-12-06 00:00:00,2024-12-06 00:00:00,DEV_010,11
DEV_010_2024-12-06 01:00:00,2024-12-06 01:00:00,DEV_010,48
DEV_010_2024-12-06 02:00:00,2024-12-06 02:00:00,DEV_010,44
DEV_010_2024-12-06 03:00:00,2024-12-06 03:00:00,DEV_010,14
DEV_010_2024-12-06 04:00:00,2024-12-06 04:00:00,DEV_010,58
DEV_010_2024-12-06 05:00:00,2024-12-06 05:00:00,DEV_010,97
DEV_010_2024-12-06 06:00:00,2024-12-06 06:00:00,DEV_010,80
DEV_010_2024-12-06 07:00:00,2024-12-06 07:00:00,DEV_010,11
DEV_010_2024-12-06 08:00:00,2024-12-06 08:00:00,DEV_010,22
DEV_010_2024-12-06 09:00:00,2024-12-06 09:00:00,DEV_010,59
DEV_010_2024-12-06 10:00:00,2024-12-06 10:00:00,DEV_010,70
DEV_010_2024-12-06 11:00:00,2024-12-06 11:00:00,DEV_010,34
DEV_010_2024-12-06 12:00:00,2024-12-06 12:00:00,DEV_010,57
DEV_010_2024-12-06 13:00:00,2024-12-06 13:00:00,DEV_010,27
DEV_010_2024-12-06 14:00:00,2024-12-06 14:00:00,DEV_010,7
DEV_010_2024-12-06 15:00:00,2024-12-06 15:00:00,DEV_010,70
DEV_010_2024-12-06 16:00:00,2024-12-06 16:00:00,DEV_010,12
DEV_010_2024-12-06 17:00:00,2024-12-06 17:00:00,DEV_010,17
DEV_010_2024-12-06 18:00:00,2024-12-06 18:00:00,DEV_010,73
DEV_010_2024-12-06 19:00:00,2024-12-06 19:00:00,DEV_010,43
DEV_010_2024-12-06 20:00:00,2024-12-06 20:00:00,DEV_010,18
DEV_010_2024-12-06 21:00:00,2024-12-06 21:00:00,DEV_010,71
DEV_010_2024-12-06 22:00:00,2024-12-06 22:00:00,DEV_010,68
DEV_010_2024-12-06 23:00:00,2024-12-06 23:00:00,DEV_010,98
DEV_010_2024-12-07 00:00:00,2024-12-07 00:00:00,DEV_010,6
DEV_010_2024-12-07 01:00:00,2024-12-07 01:00:00,DEV_010,59
DEV_010_2024-12-07 02:00:00,2024-12-07 02:00:00,DEV_010,12
DEV_010_2024-12-07 03:00:00,2024-12-07 03:00:00,DEV_010,80
DEV_010_2024-12-07 04:00:00,2024-12-07 04:00:00,DEV_010,83
DEV_010_2024-12-07 05:00:00,2024-12-07 05:00:00,DEV_010,7
DEV_010_2024-12-07 06:00:00,2024-12-07 06:00:00,DEV_010,30
DEV_010_2024-12-07 07:00:00,2024-12-07 07:00:00,DEV_010,70
DEV_010_2024-12-07 08:00:00,2024-12-07 08:00:00,DEV_010,17
DEV_010_2024-12-07 09:00:00,2024-12-07 09:00:00,DEV_010,11
DEV_010_2024-12-07 10:00:00,2024-12-07 10:00:00,DEV_010,38
DEV_010_2024-12-07 11:00:00,2024-12-07 11:00:00,DEV_010,6
DEV_010_2024-12-07 12:00:00,2024-12-07 12:00:00,DEV_010,49
DEV_010_2024-12-07 13:00:00,2024-12-07 13:00:00,DEV_010,53
DEV_010_2024-12-07 14:00:00,2024-12-07 14:00:00,DEV_010,98
DEV_010_2024-12-07 15:00:00,2024-12-07 15:00:00,DEV_010,53
DEV_010_2024-12-07 16:00:00,2024-12-07 16:00:00,DEV_010,6
DEV_010_2024-12-07 17:00:00,2024-12-07 17:00:00,DEV_010,62
DEV_010_2024-12-07 18:00:00,2024-12-07 18:00:00,DEV_010,10
DEV_010_2024-12-07 19:00:00,2024-12-07 19:00:00,DEV_010,69
DEV_010_2024-12-07 20:00:00,2024-12-07 20:00:00,DEV_010,47
DEV_010_2024-12-07 21:00:00,2024-12-07 21:00:00,DEV_010,7
DEV_010_2024-12-07 22:00:00,2024-12-07 22:00:00,DEV_010,71
DEV_010_2024-12-07 23:00:00,2024-12-07 23:00:00,DEV_010,34
DEV_010_2024-12-08 00:00:00,2024-12-08 00:00:00,DEV_010,37
DEV_010_2024-12-08 01:00:00,2024-12-08 01:00:00,DEV_010,7
DEV_010_2024-12-08 02:00:00,2024-12-08 02:00:00,DEV_010,30
DEV_010_2024-12-08 03:00:00,2024-12-08 03:00:00,DEV_010,92
DEV_010_2024-12-08 04:00:00,2024-12-08 04:00:00,DEV_010,20
DEV_010_2024-12-08 05:00:00,2024-12-08 05:00:00,DEV_010,59
DEV_010_2024-12-08 06:00:00,2024-12-08 06:00:00,DEV_010,5
DEV_010_2024-12-08 07:00:00,2024-12-08 07:00:00,DEV_010,4
DEV_010_2024-12-08 08:00:00,2024-12-08 08:00:00,DEV_010,38
DEV_010_2024-12-08 09:00:00,2024-12-08 09:00:00,DEV_010,36
DEV_010_2024-12-08 10:00:00,2024-12-08 10:00:00,DEV_010,47
DEV_010_2024-12-08 11:00:00,2024-12-08 11:00:00,DEV_010,72
DEV_010_2024-12-08 12:00:00,2024-12-08 12:00:00,DEV_010,93
DEV_010_2024-12-08 13:00:00,2024-12-08 13:00:00,DEV_010,71
DEV_010_2024-12-08 14:00:00,2024-12-08 14:00:00,DEV_010,51
DEV_010_2024-12-08 15:00:00,2024-12-08 15:00:00,DEV_010,89
DEV_010_2024-12-08 16:00:00,2024-12-08 16:00:00,DEV_010,32
DEV_010_2024-12-08 17:00:00,2024-12-08 17:00:00,DEV_010,19
DEV_010_2024-12-08 18:00:00,2024-12-08 18:00:00,DEV_010,16
DEV_010_2024-12-08 19:00:00,2024-12-08 19:00:00,DEV_010,45
DEV_010_2024-12-08 20:00:00,2024-12-08 20:00:00,DEV_010,5
DEV_010_2024-12-08 21:00:00,2024-12-08 21:00:00,DEV_010,42
DEV_010_2024-12-08 22:00:00,2024-12-08 22:00:00,DEV_010,68
DEV_010_2024-12-08 23:00:00,2024-12-08 23:00:00,DEV_010,39
DEV_010_2024-12-09 00:00:00,2024-12-09 00:00:00,DEV_010,7
DEV_010_2024-12-09 01:00:00,2024-12-09 01:00:00,DEV_010,33
DEV_010_2024-12-09 02:00:00,2024-12-09 02:00:00,DEV_010,38
DEV_010_2024-12-09 03:00:00,2024-12-09 03:00:00,DEV_010,51
DEV_010_2024-12-09 04:00:00,2024-12-09 04:00:00,DEV_010,15
DEV_010_2024-12-09 05:00:00,2024-12-09 05:00:00,DEV_010,36
DEV_010_2024-12-09 06:00:00,2024-12-09 06:00:00,DEV_010,42
DEV_010_2024-12-09 07:00:00,2024-12-09 07:00:00,DEV_010,51
DEV_010_2024-12-09 08:00:00,2024-12-09 08:00:00,DEV_010,18
DEV_010_2024-12-09 09:00:00,2024-12-09 09:00:00,DEV_010,54
DEV_010_2024-12-09 10:00:00,2024-12-09 10:00:00,DEV_010,99
DEV_010_2024-12-09 11:00:00,2024-12-09 11:00:00,DEV_010,88
DEV_010_2024-12-09 12:00:00,2024-12-09 12:00:00,DEV_010,83
DEV_010_2024-12-09 13:00:00,2024-12-09 13:00:00,DEV_010,64
DEV_010_2024-12-09 14:00:00,2024-12-09 14:00:00,DEV_010,46
DEV_010_2024-12-09 15:00:00,2024-12-09 15:00:00,DEV_010,11
DEV_010_2024-12-09 16:00:00,2024-12-09 16:00:00,DEV_010,98
DEV_010_2024-12-09 17:00:00,2024-12-09 17:00:00,DEV_010,79
DEV_010_2024-12-09 18:00:00,2024-12-09 18:00:00,DEV_010,49
DEV_010_2024-12-09 19:00:00,2024-12-09 19:00:00,DEV_010,69
DEV_010_2024-12-09 20:00:00,2024-12-09 20:00:00,DEV_010,28
DEV_010_2024-12-09 21:00:00,2024-12-09 21:00:00,DEV_010,83
DEV_010_2024-12-09 22:00:00,2024-12-09 22:00:00,DEV_010,8
DEV_010_2024-12-09 23:00:00,2024-12-09 23:00:00,DEV_010,4
DEV_010_2024-12-10 00:00:00,2024-12-10 00:00:00,DEV_010,33
DEV_010_2024-12-10 01:00:00,2024-12-10 01:00:00,DEV_010,60
DEV_010_2024-12-10 02:00:00,2024-12-10 02:00:00,DEV_010,50
DEV_010_2024-12-10 03:00:00,2024-12-10 03:00:00,DEV_010,82
DEV_010_2024-12-10 04:00:00,2024-12-10 04:00:00,DEV_010,18
DEV_010_2024-12-10 05:00:00,2024-12-10 05:00:00,DEV_010,97
DEV_010_2024-12-10 06:00:00,2024-12-10 06:00:00,DEV_010,85
DEV_010_2024-12-10 07:00:00,2024-12-10 07:00:00,DEV_010,86
DEV_010_2024-12-10 08:00:00,2024-12-10 08:00:00,DEV_010,86
DEV_010_2024-12-10 09:00:00,2024-12-10 09:00:00,DEV_010,65
DEV_010_2024-12-10 10:00:00,2024-12-10 10:00:00,DEV_010,59
DEV_010_2024-12-10 11:00:00,2024-12-10 11:00:00,DEV_010,12
DEV_010_2024-12-10 12:00:00,2024-12-10 12:00:00,DEV_010,65
DEV_010_2024-12-10 13:00:00,2024-12-10 13:00:00,DEV_010,32
DEV_010_2024-12-10 14:00:00,2024-12-10 14:00:00,DEV_010,35
DEV_010_2024-12-10 15:00:00,2024-12-10 15:00:00,DEV_010,27
DEV_010_2024-12-10 16:00:00,2024-12-10 16:00:00,DEV_010,27
DEV_010_2024-12-10 17:00:00,2024-12-10 17:00:00,DEV_010,29
DEV_010_2024-12-10 18:00:00,2024-12-10 18:00:00,DEV_010,61
DEV_010_2024-12-10 19:00:00,2024-12-10 19:00:00,DEV_010,76
DEV_010_2024-12-10 20:00:00,2024-12-10 20:00:00,DEV_010,25
DEV_010_2024-12-10 21:00:00,2024-12-10 21:00:00,DEV_010,59
DEV_010_2024-12-10 22:00:00,2024-12-10 22:00:00,DEV_010,62
DEV_010_2024-12-10 23:00:00,2024-12-10 23:00:00,DEV_010,66
DEV_010_2024-12-11 00:00:00,2024-12-11 00:00:00,DEV_010,98
DEV_010_2024-12-11 01:00:00,2024-12-11 01:00:00,DEV_010,72
DEV_010_2024-12-11 02:00:00,2024-12-11 02:00:00,DEV_010,25
DEV_010_2024-12-11 03:00:00,2024-12-11 03:00:00,DEV_010,81
DEV_010_2024-12-11 04:00:00,2024-12-11 04:00:00,DEV_010,58
DEV_010_2024-12-11 05:00:00,2024-12-11 05:00:00,DEV_010,28
DEV_010_2024-12-11 06:00:00,2024-12-11 06:00:00,DEV_010,65
DEV_010_2024-12-11 07:00:00,2024-12-11 07:00:00,DEV_010,26
DEV_010_2024-12-11 08:00:00,2024-12-11 08:00:00,DEV_010,15
DEV_010_2024-12-11 09:00:00,2024-12-11 09:00:00,DEV_010,68
DEV_010_2024-12-11 10:00:00,2024-12-11 10:00:00,DEV_010,60
DEV_010_2024-12-11 11:00:00,2024-12-11 11:00:00,DEV_010,6
DEV_010_2024-12-11 12:00:00,2024-12-11 12:00:00,DEV_010,80
DEV_010_2024-12-11 13:00:00,2024-12-11 13:00:00,DEV_010,7
DEV_010_2024-12-11 14:00:00,2024-12-11 14:00:00,DEV_010,45
DEV_010_2024-12-11 15:00:00,2024-12-11 15:00:00,DEV_010,25
DEV_010_2024-12-11 16:00:00,2024-12-11 16:00:00,DEV_010,72
DEV_010_2024-12-11 17:00:00,2024-12-11 17:00:00,DEV_010,19
DEV_010_2024-12-11 18:00:00,2024-12-11 18:00:00,DEV_010,22
DEV_010_2024-12-11 19:00:00,2024-12-11 19:00:00,DEV_010,93
DEV_010_2024-12-11 20:00:00,2024-12-11 20:00:00,DEV_010,1
DEV_010_2024-12-11 21:00:00,2024-12-11 21:00:00,DEV_010,62
DEV_010_2024-12-11 22:00:00,2024-12-11 22:00:00,DEV_010,9
DEV_010_2024-12-11 23:00:00,2024-12-11 23:00:00,DEV_010,58
DEV_010_2024-12-12 00:00:00,2024-12-12 00:00:00,DEV_010,15
DEV_010_2024-12-12 01:00:00,2024-12-12 01:00:00,DEV_010,59
DEV_010_2024-12-12 02:00:00,2024-12-12 02:00:00,DEV_010,20
DEV_010_2024-12-12 03:00:00,2024-12-12 03:00:00,DEV_010,9
DEV_010_2024-12-12 04:00:00,2024-12-12 04:00:00,DEV_010,82
DEV_010_2024-12-12 05:00:00,2024-12-12 05:00:00,DEV_010,35
DEV_010_2024-12-12 06:00:00,2024-12-12 06:00:00,DEV_010,13
DEV_010_2024-12-12 07:00:00,2024-12-12 07:00:00,DEV_010,37
DEV_010_2024-12-12 08:00:00,2024-12-12 08:00:00,DEV_010,8
DEV_010_2024-12-12 09:00:00,2024-12-12 09:00:00,DEV_010,4
DEV_010_2024-12-12 10:00:00,2024-12-12 10:00:00,DEV_010,72
DEV_010_2024-12-12 11:00:00,2024-12-12 11:00:00,DEV_010,10
DEV_010_2024-12-12 12:00:00,2024-12-12 12:00:00,DEV_010,96
DEV_010_2024-12-12 13:00:00,2024-12-12 13:00:00,DEV_010,99
DEV_010_2024-12-12 14:00:00,2024-12-12 14:00:00,DEV_010,17
DEV_010_2024-12-12 15:00:00,2024-12-12 15:00:00,DEV_010,74
DEV_010_2024-12-12 16:00:00,2024-12-12 16:00:00,DEV_010,42
DEV_010_2024-12-12 17:00:00,2024-12-12 17:00:00,DEV_010,86
DEV_010_2024-12-12 18:00:00,2024-12-12 18:00:00,DEV_010,78
DEV_010_2024-12-12 19:00:00,2024-12-12 19:00:00,DEV_010,69
DEV_010_2024-12-12 20:00:00,2024-12-12 20:00:00,DEV_010,80
DEV_010_2024-12-12 21:00:00,2024-12-12 21:00:00,DEV_010,91
DEV_010_2024-12-12 22:00:00,2024-12-12 22:00:00,DEV_010,66
DEV_010_2024-12-12 23:00:00,2024-12-12 23:00:00,DEV_010,12
DEV_010_2024-12-13 00:00:00,2024-12-13 00:00:00,DEV_010,95
DEV_010_2024-12-13 01:00:00,2024-12-13 01:00:00,DEV_010,92
DEV_010_2024-12-13 02:00:00,2024-12-13 02:00:00,DEV_010,34
DEV_010_2024-12-13 03:00:00,2024-12-13 03:00:00,DEV_010,79
DEV_010_2024-12-13 04:00:00,2024-12-13 04:00:00,DEV_010,44
DEV_010_2024-12-13 05:00:00,2024-12-13 05:00:00,DEV_010,50
DEV_010_2024-12-13 06:00:00,2024-12-13 06:00:00,DEV_010,74
DEV_010_2024-12-13 07:00:00,2024-12-13 07:00:00,DEV_010,67
DEV_010_2024-12-13 08:00:00,2024-12-13 08:00:00,DEV_010,50
DEV_010_2024-12-13 09:00:00,2024-12-13 09:00:00,DEV_010,60
DEV_010_2024-12-13 10:00:00,2024-12-13 10:00:00,DEV_010,92
DEV_010_2024-12-13 11:00:00,2024-12-13 11:00:00,DEV_010,92
DEV_010_2024-12-13 12:00:00,2024-12-13 12:00:00,DEV_010,9
DEV_010_2024-12-13 13:00:00,2024-12-13 13:00:00,DEV_010,4
DEV_010_2024-12-13 14:00:00,2024-12-13 14:00:00,DEV_010,67
DEV_010_2024-12-13 15:00:00,2024-12-13 15:00:00,DEV_010,6
DEV_010_2024-12-13 16:00:00,2024-12-13 16:00:00,DEV_010,11
DEV_010_2024-12-13 17:00:00,2024-12-13 17:00:00,DEV_010,30
DEV_010_2024-12-13 18:00:00,2024-12-13 18:00:00,DEV_010,95
DEV_010_2024-12-13 19:00:00,2024-12-13 19:00:00,DEV_010,19
DEV_010_2024-12-13 20:00:00,2024-12-13 20:00:00,DEV_010,51
DEV_010_2024-12-13 21:00:00,2024-12-13 21:00:00,DEV_010,49
DEV_010_2024-12-13 22:00:00,2024-12-13 22:00:00,DEV_010,72
DEV_010_2024-12-13 23:00:00,2024-12-13 23:00:00,DEV_010,14
DEV_010_2024-12-14 00:00:00,2024-12-14 00:00:00,DEV_010,26
DEV_010_2024-12-14 01:00:00,2024-12-14 01:00:00,DEV_010,61
DEV_010_2024-12-14 02:00:00,2024-12-14 02:00:00,DEV_010,90
DEV_010_2024-12-14 03:00:00,2024-12-14 03:00:00,DEV_010,59
DEV_010_2024-12-14 04:00:00,2024-12-14 04:00:00,DEV_010,15
DEV_010_2024-12-14 05:00:00,2024-12-14 05:00:00,DEV_010,63
DEV_010_2024-12-14 06:00:00,2024-12-14 06:00:00,DEV_010,83
DEV_010_2024-12-14 07:00:00,2024-12-14 07:00:00,DEV_010,6
DEV_010_2024-12-14 08:00:00,2024-12-14 08:00:00,DEV_010,59
DEV_010_2024-12-14 09:00:00,2024-12-14 09:00:00,DEV_010,92
DEV_010_2024-12-14 10:00:00,2024-12-14 10:00:00,DEV_010,15
DEV_010_2024-12-14 11:00:00,2024-12-14 11:00:00,DEV_010,63
DEV_010_2024-12-14 12:00:00,2024-12-14 12:00:00,DEV_010,6
DEV_010_2024-12-14 13:00:00,2024-12-14 13:00:00,DEV_010,92
DEV_010_2024-12-14 14:00:00,2024-12-14 14:00:00,DEV_010,33
DEV_010_2024-12-14 15:00:00,2024-12-14 15:00:00,DEV_010,30
DEV_010_2024-12-14 16:00:00,2024-12-14 16:00:00,DEV_010,9
DEV_010_2024-12-14 17:00:00,2024-12-14 17:00:00,DEV_010,50
DEV_010_2024-12-14 18:00:00,2024-12-14 18:00:00,DEV_010,41
DEV_010_2024-12-14 19:00:00,2024-12-14 19:00:00,DEV_010,79
DEV_010_2024-12-14 20:00:00,2024-12-14 20:00:00,DEV_010,78
DEV_010_2024-12-14 21:00:00,2024-12-14 21:00:00,DEV_010,67
DEV_010_2024-12-14 22:00:00,2024-12-14 22:00:00,DEV_010,29
DEV_010_2024-12-14 23:00:00,2024-12-14 23:00:00,DEV_010,65
DEV_010_2024-12-15 00:00:00,2024-12-15 00:00:00,DEV_010,34
DEV_010_2024-12-15 01:00:00,2024-12-15 01:00:00,DEV_010,93
DEV_010_2024-12-15 02:00:00,2024-12-15 02:00:00,DEV_010,14
DEV_010_2024-12-15 03:00:00,2024-12-15 03:00:00,DEV_010,25
DEV_010_2024-12-15 04:00:00,2024-12-15 04:00:00,DEV_010,10
DEV_010_2024-12-15 05:00:00,2024-12-15 05:00:00,DEV_010,55
DEV_010_2024-12-15 06:00:00,2024-12-15 06:00:00,DEV_010,96
DEV_010_2024-12-15 07:00:00,2024-12-15 07:00:00,DEV_010,19
DEV_010_2024-12-15 08:00:00,2024-12-15 08:00:00,DEV_010,26
DEV_010_2024-12-15 09:00:00,2024-12-15 09:00:00,DEV_010,49
DEV_010_2024-12-15 10:00:00,2024-12-15 10:00:00,DEV_010,67
DEV_010_2024-12-15 11:00:00,2024-12-15 11:00:00,DEV_010,59
DEV_010_2024-12-15 12:00:00,2024-12-15 12:00:00,DEV_010,2
DEV_010_2024-12-15 13:00:00,2024-12-15 13:00:00,DEV_010,66
DEV_010_2024-12-15 14:00:00,2024-12-15 14:00:00,DEV_010,97
DEV_010_2024-12-15 15:00:00,2024-12-15 15:00:00,DEV_010,5
DEV_010_2024-12-15 16:00:00,2024-12-15 16:00:00,DEV_010,9
DEV_010_2024-12-15 17:00:00,2024-12-15 17:00:00,DEV_010,70
DEV_010_2024-12-15 18:00:00,2024-12-15 18:00:00,DEV_010,74
DEV_010_2024-12-15 19:00:00,2024-12-15 19:00:00,DEV_010,80
DEV_010_2024-12-15 20:00:00,2024-12-15 20:00:00,DEV_010,23
DEV_010_2024-12-15 21:00:00,2024-12-15 21:00:00,DEV_010,87
DEV_010_2024-12-15 22:00:00,2024-12-15 22:00:00,DEV_010,28
DEV_010_2024-12-15 23:00:00,2024-12-15 23:00:00,DEV_010,4
DEV_010_2024-12-16 00:00:00,2024-12-16 00:00:00,DEV_010,34
DEV_010_2024-12-16 01:00:00,2024-12-16 01:00:00,DEV_010,4
DEV_010_2024-12-16 02:00:00,2024-12-16 02:00:00,DEV_010,41
DEV_010_2024-12-16 03:00:00,2024-12-16 03:00:00,DEV_010,14
DEV_010_2024-12-16 04:00:00,2024-12-16 04:00:00,DEV_010,52
DEV_010_2024-12-16 05:00:00,2024-12-16 05:00:00,DEV_010,91
DEV_010_2024-12-16 06:00:00,2024-12-16 06:00:00,DEV_010,40
DEV_010_2024-12-16 07:00:00,2024-12-16 07:00:00,DEV_010,57
DEV_010_2024-12-16 08:00:00,2024-12-16 08:00:00,DEV_010,79
DEV_010_2024-12-16 09:00:00,2024-12-16 09:00:00,DEV_010,37
DEV_010_2024-12-16 10:00:00,2024-12-16 10:00:00,DEV_010,67
DEV_010_2024-12-16 11:00:00,2024-12-16 11:00:00,DEV_010,88
DEV_010_2024-12-16 12:00:00,2024-12-16 12:00:00,DEV_010,88
DEV_010_2024-12-16 13:00:00,2024-12-16 13:00:00,DEV_010,98
DEV_010_2024-12-16 14:00:00,2024-12-16 14:00:00,DEV_010,94
DEV_010_2024-12-16 15:00:00,2024-12-16 15:00:00,DEV_010,10
DEV_010_2024-12-16 16:00:00,2024-12-16 16:00:00,DEV_010,79
DEV_010_2024-12-16 17:00:00,2024-12-16 17:00:00,DEV_010,82
DEV_010_2024-12-16 18:00:00,2024-12-16 18:00:00,DEV_010,52
DEV_010_2024-12-16 19:00:00,2024-12-16 19:00:00,DEV_010,34
DEV_010_2024-12-16 20:00:00,2024-12-16 20:00:00,DEV_010,93
DEV_010_2024-12-16 21:00:00,2024-12-16 21:00:00,DEV_010,10
DEV_010_2024-12-16 22:00:00,2024-12-16 22:00:00,DEV_010,34
DEV_010_2024-12-16 23:00:00,2024-12-16 23:00:00,DEV_010,8
DEV_010_2024-12-17 00:00:00,2024-12-17 00:00:00,DEV_010,73
DEV_010_2024-12-17 01:00:00,2024-12-17 01:00:00,DEV_010,64
DEV_010_2024-12-17 02:00:00,2024-12-17 02:00:00,DEV_010,61
DEV_010_2024-12-17 03:00:00,2024-12-17 03:00:00,DEV_010,71
DEV_010_2024-12-17 04:00:00,2024-12-17 04:00:00,DEV_010,67
DEV_010_2024-12-17 05:00:00,2024-12-17 05:00:00,DEV_010,22
DEV_010_2024-12-17 06:00:00,2024-12-17 06:00:00,DEV_010,71
DEV_010_2024-12-17 07:00:00,2024-12-17 07:00:00,DEV_010,58
DEV_010_2024-12-17 08:00:00,2024-12-17 08:00:00,DEV_010,77
DEV_010_2024-12-17 09:00:00,2024-12-17 09:00:00,DEV_010,31
DEV_010_2024-12-17 10:00:00,2024-12-17 10:00:00,DEV_010,66
DEV_010_2024-12-17 11:00:00,2024-12-17 11:00:00,DEV_010,60
DEV_010_2024-12-17 12:00:00,2024-12-17 12:00:00,DEV_010,90
DEV_010_2024-12-17 13:00:00,2024-12-17 13:00:00,DEV_010,93
DEV_010_2024-12-17 14:00:00,2024-12-17 14:00:00,DEV_010,25
DEV_010_2024-12-17 15:00:00,2024-12-17 15:00:00,DEV_010,12
DEV_010_2024-12-17 16:00:00,2024-12-17 16:00:00,DEV_010,59
DEV_010_2024-12-17 17:00:00,2024-12-17 17:00:00,DEV_010,71
DEV_010_2024-12-17 18:00:00,2024-12-17 18:00:00,DEV_010,24
DEV_010_2024-12-17 19:00:00,2024-12-17 19:00:00,DEV_010,26
DEV_010_2024-12-17 20:00:00,2024-12-17 20:00:00,DEV_010,44
DEV_010_2024-12-17 21:00:00,2024-12-17 21:00:00,DEV_010,19
DEV_010_2024-12-17 22:00:00,2024-12-17 22:00:00,DEV_010,42
DEV_010_2024-12-17 23:00:00,2024-12-17 23:00:00,DEV_010,28
DEV_010_2024-12-18 00:00:00,2024-12-18 00:00:00,DEV_010,38
DEV_010_2024-12-18 01:00:00,2024-12-18 01:00:00,DEV_010,63
DEV_010_2024-12-18 02:00:00,2024-12-18 02:00:00,DEV_010,8
DEV_010_2024-12-18 03:00:00,2024-12-18 03:00:00,DEV_010,94
DEV_010_2024-12-18 04:00:00,2024-12-18 04:00:00,DEV_010,15
DEV_010_2024-12-18 05:00:00,2024-12-18 05:00:00,DEV_010,15
DEV_010_2024-12-18 06:00:00,2024-12-18 06:00:00,DEV_010,59
DEV_010_2024-12-18 07:00:00,2024-12-18 07:00:00,DEV_010,21
DEV_010_2024-12-18 08:00:00,2024-12-18 08:00:00,DEV_010,39
DEV_010_2024-12-18 09:00:00,2024-12-18 09:00:00,DEV_010,38
DEV_010_2024-12-18 10:00:00,2024-12-18 10:00:00,DEV_010,81
DEV_010_2024-12-18 11:00:00,2024-12-18 11:00:00,DEV_010,83
DEV_010_2024-12-18 12:00:00,2024-12-18 12:00:00,DEV_010,11
DEV_010_2024-12-18 13:00:00,2024-12-18 13:00:00,DEV_010,86
DEV_010_2024-12-18 14:00:00,2024-12-18 14:00:00,DEV_010,11
DEV_010_2024-12-18 15:00:00,2024-12-18 15:00:00,DEV_010,66
DEV_010_2024-12-18 16:00:00,2024-12-18 16:00:00,DEV_010,97
DEV_010_2024-12-18 17:00:00,2024-12-18 17:00:00,DEV_010,59
DEV_010_2024-12-18 18:00:00,2024-12-18 18:00:00,DEV_010,68
DEV_010_2024-12-18 19:00:00,2024-12-18 19:00:00,DEV_010,75
DEV_010_2024-12-18 20:00:00,2024-12-18 20:00:00,DEV_010,94
DEV_010_2024-12-18 21:00:00,2024-12-18 21:00:00,DEV_010,29
DEV_010_2024-12-18 22:00:00,2024-12-18 22:00:00,DEV_010,2
DEV_010_2024-12-18 23:00:00,2024-12-18 23:00:00,DEV_010,84
DEV_010_2024-12-19 00:00:00,2024-12-19 00:00:00,DEV_010,60
DEV_010_2024-12-19 01:00:00,2024-12-19 01:00:00,DEV_010,94
DEV_010_2024-12-19 02:00:00,2024-12-19 02:00:00,DEV_010,20
DEV_010_2024-12-19 03:00:00,2024-12-19 03:00:00,DEV_010,97
DEV_010_2024-12-19 04:00:00,2024-12-19 04:00:00,DEV_010,94
DEV_010_2024-12-19 05:00:00,2024-12-19 05:00:00,DEV_010,80
DEV_010_2024-12-19 06:00:00,2024-12-19 06:00:00,DEV_010,66
DEV_010_2024-12-19 07:00:00,2024-12-19 07:00:00,DEV_010,89
DEV_010_2024-12-19 08:00:00,2024-12-19 08:00:00,DEV_010,64
DEV_010_2024-12-19 09:00:00,2024-12-19 09:00:00,DEV_010,90
DEV_010_2024-12-19 10:00:00,2024-12-19 10:00:00,DEV_010,62
DEV_010_2024-12-19 11:00:00,2024-12-19 11:00:00,DEV_010,25
DEV_010_2024-12-19 12:00:00,2024-12-19 12:00:00,DEV_010,65
DEV_010_2024-12-19 13:00:00,2024-12-19 13:00:00,DEV_010,90
DEV_010_2024-12-19 14:00:00,2024-12-19 14:00:00,DEV_010,29
DEV_010_2024-12-19 15:00:00,2024-12-19 15:00:00,DEV_010,41
DEV_010_2024-12-19 16:00:00,2024-12-19 16:00:00,DEV_010,74
DEV_010_2024-12-19 17:00:00,2024-12-19 17:00:00,DEV_010,74
DEV_010_2024-12-19 18:00:00,2024-12-19 18:00:00,DEV_010,22
DEV_010_2024-12-19 19:00:00,2024-12-19 19:00:00,DEV_010,16
DEV_010_2024-12-19 20:00:00,2024-12-19 20:00:00,DEV_010,18
DEV_010_2024-12-19 21:00:00,2024-12-19 21:00:00,DEV_010,1
DEV_010_2024-12-19 22:00:00,2024-12-19 22:00:00,DEV_010,9
DEV_010_2024-12-19 23:00:00,2024-12-19 23:00:00,DEV_010,58
DEV_010_2024-12-20 00:00:00,2024-12-20 00:00:00,DEV_010,48
DEV_010_2024-12-20 01:00:00,2024-12-20 01:00:00,DEV_010,92
DEV_010_2024-12-20 02:00:00,2024-12-20 02:00:00,DEV_010,89
DEV_010_2024-12-20 03:00:00,2024-12-20 03:00:00,DEV_010,14
DEV_010_2024-12-20 04:00:00,2024-12-20 04:00:00,DEV_010,89
DEV_010_2024-12-20 05:00:00,2024-12-20 05:00:00,DEV_010,70
DEV_010_2024-12-20 06:00:00,2024-12-20 06:00:00,DEV_010,2
DEV_010_2024-12-20 07:00:00,2024-12-20 07:00:00,DEV_010,11
DEV_010_2024-12-20 08:00:00,2024-12-20 08:00:00,DEV_010,82
DEV_010_2024-12-20 09:00:00,2024-12-20 09:00:00,DEV_010,97
DEV_010_2024-12-20 10:00:00,2024-12-20 10:00:00,DEV_010,36
DEV_010_2024-12-20 11:00:00,2024-12-20 11:00:00,DEV_010,50
DEV_010_2024-12-20 12:00:00,2024-12-20 12:00:00,DEV_010,54
DEV_010_2024-12-20 13:00:00,2024-12-20 13:00:00,DEV_010,52
DEV_010_2024-12-20 14:00:00,2024-12-20 14:00:00,DEV_010,4
DEV_010_2024-12-20 15:00:00,2024-12-20 15:00:00,DEV_010,31
DEV_010_2024-12-20 16:00:00,2024-12-20 16:00:00,DEV_010,69
DEV_010_2024-12-20 17:00:00,2024-12-20 17:00:00,DEV_010,93
DEV_010_2024-12-20 18:00:00,2024-12-20 18:00:00,DEV_010,32
DEV_010_2024-12-20 19:00:00,2024-12-20 19:00:00,DEV_010,26
DEV_010_2024-12-20 20:00:00,2024-12-20 20:00:00,DEV_010,90
DEV_010_2024-12-20 21:00:00,2024-12-20 21:00:00,DEV_010,60
DEV_010_2024-12-20 22:00:00,2024-12-20 22:00:00,DEV_010,50
DEV_010_2024-12-20 23:00:00,2024-12-20 23:00:00,DEV_010,10
DEV_010_2024-12-21 00:00:00,2024-12-21 00:00:00,DEV_010,43
DEV_010_2024-12-21 01:00:00,2024-12-21 01:00:00,DEV_010,67
DEV_010_2024-12-21 02:00:00,2024-12-21 02:00:00,DEV_010,50
DEV_010_2024-12-21 03:00:00,2024-12-21 03:00:00,DEV_010,84
DEV_010_2024-12-21 04:00:00,2024-12-21 04:00:00,DEV_010,32
DEV_010_2024-12-21 05:00:00,2024-12-21 05:00:00,DEV_010,78
DEV_010_2024-12-21 06:00:00,2024-12-21 06:00:00,DEV_010,19
DEV_010_2024-12-21 07:00:00,2024-12-21 07:00:00,DEV_010,44
DEV_010_2024-12-21 08:00:00,2024-12-21 08:00:00,DEV_010,86
DEV_010_2024-12-21 09:00:00,2024-12-21 09:00:00,DEV_010,43
DEV_010_2024-12-21 10:00:00,2024-12-21 10:00:00,DEV_010,8
DEV_010_2024-12-21 11:00:00,2024-12-21 11:00:00,DEV_010,68
DEV_010_2024-12-21 12:00:00,2024-12-21 12:00:00,DEV_010,43
DEV_010_2024-12-21 13:00:00,2024-12-21 13:00:00,DEV_010,53
DEV_010_2024-12-21 14:00:00,2024-12-21 14:00:00,DEV_010,35
DEV_010_2024-12-21 15:00:00,2024-12-21 15:00:00,DEV_010,54
DEV_010_2024-12-21 16:00:00,2024-12-21 16:00:00,DEV_010,8
DEV_010_2024-12-21 17:00:00,2024-12-21 17:00:00,DEV_010,89
DEV_010_2024-12-21 18:00:00,2024-12-21 18:00:00,DEV_010,16
DEV_010_2024-12-21 19:00:00,2024-12-21 19:00:00,DEV_010,45
DEV_010_2024-12-21 20:00:00,2024-12-21 20:00:00,DEV_010,24
DEV_010_2024-12-21 21:00:00,2024-12-21 21:00:00,DEV_010,94
DEV_010_2024-12-21 22:00:00,2024-12-21 22:00:00,DEV_010,5
DEV_010_2024-12-21 23:00:00,2024-12-21 23:00:00,DEV_010,80
DEV_010_2024-12-22 00:00:00,2024-12-22 00:00:00,DEV_010,49
DEV_010_2024-12-22 01:00:00,2024-12-22 01:00:00,DEV_010,45
DEV_010_2024-12-22 02:00:00,2024-12-22 02:00:00,DEV_010,59
DEV_010_2024-12-22 03:00:00,2024-12-22 03:00:00,DEV_010,40
DEV_010_2024-12-22 04:00:00,2024-12-22 04:00:00,DEV_010,91
DEV_010_2024-12-22 05:00:00,2024-12-22 05:00:00,DEV_010,70
DEV_010_2024-12-22 06:00:00,2024-12-22 06:00:00,DEV_010,29
DEV_010_2024-12-22 07:00:00,2024-12-22 07:00:00,DEV_010,37
DEV_010_2024-12-22 08:00:00,2024-12-22 08:00:00,DEV_010,21
DEV_010_2024-12-22 09:00:00,2024-12-22 09:00:00,DEV_010,38
DEV_010_2024-12-22 10:00:00,2024-12-22 10:00:00,DEV_010,52
DEV_010_2024-12-22 11:00:00,2024-12-22 11:00:00,DEV_010,99
DEV_010_2024-12-22 12:00:00,2024-12-22 12:00:00,DEV_010,98
DEV_010_2024-12-22 13:00:00,2024-12-22 13:00:00,DEV_010,50
DEV_010_2024-12-22 14:00:00,2024-12-22 14:00:00,DEV_010,47
DEV_010_2024-12-22 15:00:00,2024-12-22 15:00:00,DEV_010,99
DEV_010_2024-12-22 16:00:00,2024-12-22 16:00:00,DEV_010,13
DEV_010_2024-12-22 17:00:00,2024-12-22 17:00:00,DEV_010,79
DEV_010_2024-12-22 18:00:00,2024-12-22 18:00:00,DEV_010,5
DEV_010_2024-12-22 19:00:00,2024-12-22 19:00:00,DEV_010,2
DEV_010_2024-12-22 20:00:00,2024-12-22 20:00:00,DEV_010,47
DEV_010_2024-12-22 21:00:00,2024-12-22 21:00:00,DEV_010,79
DEV_010_2024-12-22 22:00:00,2024-12-22 22:00:00,DEV_010,38
DEV_010_2024-12-22 23:00:00,2024-12-22 23:00:00,DEV_010,37
DEV_010_2024-12-23 00:00:00,2024-12-23 00:00:00,DEV_010,62
DEV_010_2024-12-23 01:00:00,2024-12-23 01:00:00,DEV_010,21
DEV_010_2024-12-23 02:00:00,2024-12-23 02:00:00,DEV_010,52
DEV_010_2024-12-23 03:00:00,2024-12-23 03:00:00,DEV_010,46
DEV_010_2024-12-23 04:00:00,2024-12-23 04:00:00,DEV_010,61
DEV_010_2024-12-23 05:00:00,2024-12-23 05:00:00,DEV_010,90
DEV_010_2024-12-23 06:00:00,2024-12-23 06:00:00,DEV_010,24
DEV_010_2024-12-23 07:00:00,2024-12-23 07:00:00,DEV_010,10
DEV_010_2024-12-23 08:00:00,2024-12-23 08:00:00,DEV_010,12
DEV_010_2024-12-23 09:00:00,2024-12-23 09:00:00,DEV_010,4
DEV_010_2024-12-23 10:00:00,2024-12-23 10:00:00,DEV_010,68
DEV_010_2024-12-23 11:00:00,2024-12-23 11:00:00,DEV_010,51
DEV_010_2024-12-23 12:00:00,2024-12-23 12:00:00,DEV_010,66
DEV_010_2024-12-23 13:00:00,2024-12-23 13:00:00,DEV_010,16
DEV_010_2024-12-23 14:00:00,2024-12-23 14:00:00,DEV_010,41
DEV_010_2024-12-23 15:00:00,2024-12-23 15:00:00,DEV_010,22
DEV_010_2024-12-23 16:00:00,2024-12-23 16:00:00,DEV_010,35
DEV_010_2024-12-23 17:00:00,2024-12-23 17:00:00,DEV_010,95
DEV_010_2024-12-23 18:00:00,2024-12-23 18:00:00,DEV_010,82
DEV_010_2024-12-23 19:00:00,2024-12-23 19:00:00,DEV_010,47
DEV_010_2024-12-23 20:00:00,2024-12-23 20:00:00,DEV_010,77
DEV_010_2024-12-23 21:00:00,2024-12-23 21:00:00,DEV_010,77
DEV_010_2024-12-23 22:00:00,2024-12-23 22:00:00,DEV_010,15
DEV_010_2024-12-23 23:00:00,2024-12-23 23:00:00,DEV_010,90
DEV_010_2024-12-24 00:00:00,2024-12-24 00:00:00,DEV_010,45
DEV_010_2024-12-24 01:00:00,2024-12-24 01:00:00,DEV_010,56
DEV_010_2024-12-24 02:00:00,2024-12-24 02:00:00,DEV_010,40
DEV_010_2024-12-24 03:00:00,2024-12-24 03:00:00,DEV_010,74
DEV_010_2024-12-24 04:00:00,2024-12-24 04:00:00,DEV_010,92
DEV_010_2024-12-24 05:00:00,2024-12-24 05:00:00,DEV_010,32
DEV_010_2024-12-24 06:00:00,2024-12-24 06:00:00,DEV_010,99
DEV_010_2024-12-24 07:00:00,2024-12-24 07:00:00,DEV_010,52
DEV_010_2024-12-24 08:00:00,2024-12-24 08:00:00,DEV_010,89
DEV_010_2024-12-24 09:00:00,2024-12-24 09:00:00,DEV_010,47
DEV_010_2024-12-24 10:00:00,2024-12-24 10:00:00,DEV_010,69
DEV_010_2024-12-24 11:00:00,2024-12-24 11:00:00,DEV_010,37
DEV_010_2024-12-24 12:00:00,2024-12-24 12:00:00,DEV_010,41
DEV_010_2024-12-24 13:00:00,2024-12-24 13:00:00,DEV_010,23
DEV_010_2024-12-24 14:00:00,2024-12-24 14:00:00,DEV_010,49
DEV_010_2024-12-24 15:00:00,2024-12-24 15:00:00,DEV_010,80
DEV_010_2024-12-24 16:00:00,2024-12-24 16:00:00,DEV_010,54
DEV_010_2024-12-24 17:00:00,2024-12-24 17:00:00,DEV_010,16
DEV_010_2024-12-24 18:00:00,2024-12-24 18:00:00,DEV_010,10
DEV_010_2024-12-24 19:00:00,2024-12-24 19:00:00,DEV_010,85
DEV_010_2024-12-24 20:00:00,2024-12-24 20:00:00,DEV_010,25
DEV_010_2024-12-24 21:00:00,2024-12-24 21:00:00,DEV_010,85
DEV_010_2024-12-24 22:00:00,2024-12-24 22:00:00,DEV_010,4
DEV_010_2024-12-24 23:00:00,2024-12-24 23:00:00,DEV_010,86
DEV_010_2024-12-25 00:00:00,2024-12-25 00:00:00,DEV_010,47
DEV_010_2024-12-25 01:00:00,2024-12-25 01:00:00,DEV_010,43
DEV_010_2024-12-25 02:00:00,2024-12-25 02:00:00,DEV_010,70
DEV_010_2024-12-25 03:00:00,2024-12-25 03:00:00,DEV_010,76
DEV_010_2024-12-25 04:00:00,2024-12-25 04:00:00,DEV_010,36
DEV_010_2024-12-25 05:00:00,2024-12-25 05:00:00,DEV_010,19
DEV_010_2024-12-25 06:00:00,2024-12-25 06:00:00,DEV_010,3
DEV_010_2024-12-25 07:00:00,2024-12-25 07:00:00,DEV_010,30
DEV_010_2024-12-25 08:00:00,2024-12-25 08:00:00,DEV_010,76
DEV_010_2024-12-25 09:00:00,2024-12-25 09:00:00,DEV_010,75
DEV_010_2024-12-25 10:00:00,2024-12-25 10:00:00,DEV_010,65
DEV_010_2024-12-25 11:00:00,2024-12-25 11:00:00,DEV_010,37
DEV_010_2024-12-25 12:00:00,2024-12-25 12:00:00,DEV_010,60
DEV_010_2024-12-25 13:00:00,2024-12-25 13:00:00,DEV_010,54
DEV_010_2024-12-25 14:00:00,2024-12-25 14:00:00,DEV_010,89
DEV_010_2024-12-25 15:00:00,2024-12-25 15:00:00,DEV_010,84
DEV_010_2024-12-25 16:00:00,2024-12-25 16:00:00,DEV_010,75
DEV_010_2024-12-25 17:00:00,2024-12-25 17:00:00,DEV_010,19
DEV_010_2024-12-25 18:00:00,2024-12-25 18:00:00,DEV_010,98
DEV_010_2024-12-25 19:00:00,2024-12-25 19:00:00,DEV_010,14
DEV_010_2024-12-25 20:00:00,2024-12-25 20:00:00,DEV_010,5
DEV_010_2024-12-25 21:00:00,2024-12-25 21:00:00,DEV_010,53
DEV_010_2024-12-25 22:00:00,2024-12-25 22:00:00,DEV_010,73
DEV_010_2024-12-25 23:00:00,2024-12-25 23:00:00,DEV_010,15
DEV_010_2024-12-26 00:00:00,2024-12-26 00:00:00,DEV_010,38
DEV_010_2024-12-26 01:00:00,2024-12-26 01:00:00,DEV_010,10
DEV_010_2024-12-26 02:00:00,2024-12-26 02:00:00,DEV_010,10
DEV_010_2024-12-26 03:00:00,2024-12-26 03:00:00,DEV_010,4
DEV_010_2024-12-26 04:00:00,2024-12-26 04:00:00,DEV_010,37
DEV_010_2024-12-26 05:00:00,2024-12-26 05:00:00,DEV_010,43
DEV_010_2024-12-26 06:00:00,2024-12-26 06:00:00,DEV_010,15
DEV_010_2024-12-26 07:00:00,2024-12-26 07:00:00,DEV_010,7
DEV_010_2024-12-26 08:00:00,2024-12-26 08:00:00,DEV_010,73
DEV_010_2024-12-26 09:00:00,2024-12-26 09:00:00,DEV_010,34
DEV_010_2024-12-26 10:00:00,2024-12-26 10:00:00,DEV_010,47
DEV_010_2024-12-26 11:00:00,2024-12-26 11:00:00,DEV_010,10
DEV_010_2024-12-26 12:00:00,2024-12-26 12:00:00,DEV_010,96
DEV_010_2024-12-26 13:00:00,2024-12-26 13:00:00,DEV_010,52
DEV_010_2024-12-26 14:00:00,2024-12-26 14:00:00,DEV_010,24
DEV_010_2024-12-26 15:00:00,2024-12-26 15:00:00,DEV_010,88
DEV_010_2024-12-26 16:00:00,2024-12-26 16:00:00,DEV_010,62
DEV_010_2024-12-26 17:00:00,2024-12-26 17:00:00,DEV_010,80
DEV_010_2024-12-26 18:00:00,2024-12-26 18:00:00,DEV_010,16
DEV_010_2024-12-26 19:00:00,2024-12-26 19:00:00,DEV_010,39
DEV_010_2024-12-26 20:00:00,2024-12-26 20:00:00,DEV_010,9
DEV_010_2024-12-26 21:00:00,2024-12-26 21:00:00,DEV_010,8
DEV_010_2024-12-26 22:00:00,2024-12-26 22:00:00,DEV_010,95
DEV_010_2024-12-26 23:00:00,2024-12-26 23:00:00,DEV_010,99
DEV_010_2024-12-27 00:00:00,2024-12-27 00:00:00,DEV_010,47
DEV_010_2024-12-27 01:00:00,2024-12-27 01:00:00,DEV_010,64
DEV_010_2024-12-27 02:00:00,2024-12-27 02:00:00,DEV_010,7
DEV_010_2024-12-27 03:00:00,2024-12-27 03:00:00,DEV_010,75
DEV_010_2024-12-27 04:00:00,2024-12-27 04:00:00,DEV_010,41
DEV_010_2024-12-27 05:00:00,2024-12-27 05:00:00,DEV_010,73
DEV_010_2024-12-27 06:00:00,2024-12-27 06:00:00,DEV_010,51
DEV_010_2024-12-27 07:00:00,2024-12-27 07:00:00,DEV_010,95
DEV_010_2024-12-27 08:00:00,2024-12-27 08:00:00,DEV_010,21
DEV_010_2024-12-27 09:00:00,2024-12-27 09:00:00,DEV_010,17
DEV_010_2024-12-27 10:00:00,2024-12-27 10:00:00,DEV_010,41
DEV_010_2024-12-27 11:00:00,2024-12-27 11:00:00,DEV_010,1
DEV_010_2024-12-27 12:00:00,2024-12-27 12:00:00,DEV_010,47
DEV_010_2024-12-27 13:00:00,2024-12-27 13:00:00,DEV_010,1
DEV_010_2024-12-27 14:00:00,2024-12-27 14:00:00,DEV_010,52
DEV_010_2024-12-27 15:00:00,2024-12-27 15:00:00,DEV_010,80
DEV_010_2024-12-27 16:00:00,2024-12-27 16:00:00,DEV_010,73
DEV_010_2024-12-27 17:00:00,2024-12-27 17:00:00,DEV_010,9
DEV_010_2024-12-27 18:00:00,2024-12-27 18:00:00,DEV_010,83
DEV_010_2024-12-27 19:00:00,2024-12-27 19:00:00,DEV_010,71
DEV_010_2024-12-27 20:00:00,2024-12-27 20:00:00,DEV_010,66
DEV_010_2024-12-27 21:00:00,2024-12-27 21:00:00,DEV_010,88
DEV_010_2024-12-27 22:00:00,2024-12-27 22:00:00,DEV_010,89
DEV_010_2024-12-27 23:00:00,2024-12-27 23:00:00,DEV_010,54
DEV_010_2024-12-28 00:00:00,2024-12-28 00:00:00,DEV_010,47
DEV_010_2024-12-28 01:00:00,2024-12-28 01:00:00,DEV_010,80
DEV_010_2024-12-28 02:00:00,2024-12-28 02:00:00,DEV_010,94
DEV_010_2024-12-28 03:00:00,2024-12-28 03:00:00,DEV_010,59
DEV_010_2024-12-28 04:00:00,2024-12-28 04:00:00,DEV_010,28
DEV_010_2024-12-28 05:00:00,2024-12-28 05:00:00,DEV_010,57
DEV_010_2024-12-28 06:00:00,2024-12-28 06:00:00,DEV_010,95
DEV_010_2024-12-28 07:00:00,2024-12-28 07:00:00,DEV_010,39
DEV_010_2024-12-28 08:00:00,2024-12-28 08:00:00,DEV_010,72
DEV_010_2024-12-28 09:00:00,2024-12-28 09:00:00,DEV_010,93
DEV_010_2024-12-28 10:00:00,2024-12-28 10:00:00,DEV_010,41
DEV_010_2024-12-28 11:00:00,2024-12-28 11:00:00,DEV_010,17
DEV_010_2024-12-28 12:00:00,2024-12-28 12:00:00,DEV_010,84
DEV_010_2024-12-28 13:00:00,2024-12-28 13:00:00,DEV_010,77
DEV_010_2024-12-28 14:00:00,2024-12-28 14:00:00,DEV_010,33
DEV_010_2024-12-28 15:00:00,2024-12-28 15:00:00,DEV_010,30
DEV_010_2024-12-28 16:00:00,2024-12-28 16:00:00,DEV_010,76
DEV_010_2024-12-28 17:00:00,2024-12-28 17:00:00,DEV_010,13
DEV_010_2024-12-28 18:00:00,2024-12-28 18:00:00,DEV_010,59
DEV_010_2024-12-28 19:00:00,2024-12-28 19:00:00,DEV_010,59
DEV_010_2024-12-28 20:00:00,2024-12-28 20:00:00,DEV_010,49
DEV_010_2024-12-28 21:00:00,2024-12-28 21:00:00,DEV_010,18
DEV_010_2024-12-28 22:00:00,2024-12-28 22:00:00,DEV_010,34
DEV_010_2024-12-28 23:00:00,2024-12-28 23:00:00,DEV_010,71
DEV_010_2024-12-29 00:00:00,2024-12-29 00:00:00,DEV_010,17
DEV_010_2024-12-29 01:00:00,2024-12-29 01:00:00,DEV_010,18
DEV_010_2024-12-29 02:00:00,2024-12-29 02:00:00,DEV_010,54
DEV_010_2024-12-29 03:00:00,2024-12-29 03:00:00,DEV_010,24
DEV_010_2024-12-29 04:00:00,2024-12-29 04:00:00,DEV_010,23
DEV_010_2024-12-29 05:00:00,2024-12-29 05:00:00,DEV_010,44
DEV_010_2024-12-29 06:00:00,2024-12-29 06:00:00,DEV_010,78
DEV_010_2024-12-29 07:00:00,2024-12-29 07:00:00,DEV_010,71
DEV_010_2024-12-29 08:00:00,2024-12-29 08:00:00,DEV_010,39
DEV_010_2024-12-29 09:00:00,2024-12-29 09:00:00,DEV_010,78
DEV_010_2024-12-29 10:00:00,2024-12-29 10:00:00,DEV_010,51
DEV_010_2024-12-29 11:00:00,2024-12-29 11:00:00,DEV_010,59
DEV_010_2024-12-29 12:00:00,2024-12-29 12:00:00,DEV_010,21
DEV_010_2024-12-29 13:00:00,2024-12-29 13:00:00,DEV_010,97
DEV_010_2024-12-29 14:00:00,2024-12-29 14:00:00,DEV_010,54
DEV_010_2024-12-29 15:00:00,2024-12-29 15:00:00,DEV_010,49
DEV_010_2024-12-29 16:00:00,2024-12-29 16:00:00,DEV_010,68
DEV_010_2024-12-29 17:00:00,2024-12-29 17:00:00,DEV_010,95
DEV_010_2024-12-29 18:00:00,2024-12-29 18:00:00,DEV_010,79
DEV_010_2024-12-29 19:00:00,2024-12-29 19:00:00,DEV_010,98
DEV_010_2024-12-29 20:00:00,2024-12-29 20:00:00,DEV_010,82
DEV_010_2024-12-29 21:00:00,2024-12-29 21:00:00,DEV_010,35
DEV_010_2024-12-29 22:00:00,2024-12-29 22:00:00,DEV_010,43
DEV_010_2024-12-29 23:00:00,2024-12-29 23:00:00,DEV_010,69
