sn,createdts,upload_data,download_data,signal_strength,legacy_devices,stationary_mobile,downlink_phy_rate,max_downlink_phy_rate,uplink_phy_rate,max_uplink_phy_rate,num_clients_connected,son_status,upload_speed,download_speed,latency,channel_switches,wifi_association,son_steer_success_status
DEV_001,2024-09-01 00:00:00,96,59,99,No,Mobile,2,46,1,70,28,52,75,32,73,1,None,None
DEV_001,2024-09-03 12:00:00,34,86,54,No,Mobile,51,6,59,54,80,49,32,63,72,1,None,None
DEV_001,2024-09-06 00:00:00,44,36,15,No,Mobile,45,62,92,50,33,25,21,82,13,1,None,None
DEV_001,2024-09-08 12:00:00,74,72,46,No,Mobile,95,79,42,18,50,45,36,68,27,1,None,None
DEV_001,2024-09-11 00:00:00,12,31,27,No,Mobile,24,41,64,11,30,50,63,50,74,1,None,None
DEV_001,2024-09-13 12:00:00,99,14,76,No,Mobile,75,66,33,13,74,55,67,26,44,1,None,None
DEV_001,2024-09-16 00:00:00,60,77,96,No,Mobile,49,56,57,85,99,24,53,46,8,1,None,None
DEV_001,2024-09-18 12:00:00,1,96,59,No,Mobile,78,33,36,39,78,40,75,60,76,1,None,None
DEV_001,2024-09-21 00:00:00,42,42,57,No,Mobile,77,96,7,51,11,64,82,68,35,1,None,None
DEV_001,2024-09-23 12:00:00,60,56,75,No,Mobile,41,54,17,25,41,31,12,96,86,1,None,None
DEV_001,2024-09-26 00:00:00,20,93,43,No,Mobile,56,24,98,43,67,8,23,56,48,1,None,None
DEV_001,2024-09-28 12:00:00,22,14,34,No,Mobile,86,80,56,53,96,6,63,24,90,1,None,None
DEV_001,2024-10-01 00:00:00,99,66,71,No,Mobile,73,86,33,80,50,88,72,70,47,1,None,None
DEV_001,2024-10-03 12:00:00,48,2,62,No,Mobile,85,13,61,11,98,36,51,97,66,1,None,None
DEV_001,2024-10-06 00:00:00,83,18,82,No,Mobile,83,77,59,11,25,77,2,22,63,1,None,None
DEV_001,2024-10-08 12:00:00,79,23,60,No,Mobile,43,89,94,26,27,17,55,77,28,1,None,None
DEV_001,2024-10-11 00:00:00,40,83,70,No,Mobile,57,48,40,39,75,9,90,88,64,1,None,None
DEV_001,2024-10-13 12:00:00,70,47,5,No,Mobile,64,45,64,45,20,16,51,54,47,1,None,None
DEV_001,2024-10-16 00:00:00,50,43,49,No,Mobile,89,76,55,91,36,67,81,69,92,1,None,None
DEV_001,2024-10-18 12:00:00,96,53,85,No,Mobile,91,11,1,83,43,95,60,44,48,1,None,None
DEV_001,2024-10-21 00:00:00,11,55,99,No,Mobile,25,92,76,87,30,61,21,84,44,1,None,None
DEV_001,2024-10-23 12:00:00,86,2,96,No,Mobile,23,18,83,88,52,6,55,37,33,1,None,None
DEV_001,2024-10-26 00:00:00,58,37,9,No,Mobile,15,88,88,99,69,34,12,84,72,1,None,None
DEV_001,2024-10-28 12:00:00,22,26,63,No,Mobile,46,81,44,62,37,82,14,80,94,1,None,None
DEV_001,2024-10-31 00:00:00,82,53,10,No,Mobile,35,26,44,4,53,29,68,93,11,1,None,None
DEV_001,2024-11-02 12:00:00,81,19,68,No,Mobile,74,55,83,36,28,22,58,21,96,1,None,None
DEV_001,2024-11-05 00:00:00,95,34,84,No,Mobile,56,18,47,72,44,19,25,34,45,1,None,None
DEV_001,2024-11-07 12:00:00,57,50,35,No,Mobile,86,7,53,10,94,39,32,7,30,1,None,None
DEV_001,2024-11-10 00:00:00,80,93,23,No,Mobile,5,85,50,36,17,42,89,25,33,1,None,None
DEV_001,2024-11-12 12:00:00,73,69,11,No,Mobile,19,64,38,10,96,50,81,9,50,1,None,None
DEV_001,2024-11-15 00:00:00,22,84,21,No,Mobile,28,49,23,88,43,2,27,46,86,1,None,None
DEV_001,2024-11-17 12:00:00,6,63,74,No,Mobile,54,19,95,10,48,36,96,74,9,1,Association,None
DEV_001,2024-11-20 00:00:00,17,40,13,Yes,Mobile,18,68,14,5,5,5,53,20,6,1,None,None
DEV_001,2024-11-22 12:00:00,79,46,14,No,Mobile,48,78,71,36,57,53,8,40,25,1,None,None
DEV_001,2024-11-25 00:00:00,91,26,23,No,Mobile,86,20,46,80,47,84,50,93,67,1,None,None
DEV_001,2024-11-27 12:00:00,88,8,56,No,Mobile,82,36,37,32,43,94,90,23,32,1,None,None
DEV_001,2024-11-30 00:00:00,8,3,19,No,Mobile,7,86,90,50,57,75,78,8,1,1,None,None
DEV_001,2024-12-02 12:00:00,46,25,67,No,Mobile,93,99,51,74,90,47,58,78,86,1,None,None
DEV_001,2024-12-05 00:00:00,86,24,16,No,Mobile,2,15,41,63,94,37,3,28,87,1,None,None
DEV_001,2024-12-07 12:00:00,4,21,26,No,Mobile,44,37,78,10,30,50,55,95,28,1,None,None
DEV_001,2024-12-10 00:00:00,37,34,70,No,Mobile,90,75,42,1,18,35,53,94,21,1,None,None
DEV_001,2024-12-12 12:00:00,14,66,54,No,Mobile,88,60,40,45,81,13,3,97,4,1,None,None
DEV_001,2024-12-15 00:00:00,1,89,17,No,Mobile,49,22,33,26,34,30,48,49,79,1,None,None
DEV_001,2024-12-17 12:00:00,20,29,20,No,Mobile,18,4,11,64,29,91,78,62,75,1,None,None
DEV_001,2024-12-20 00:00:00,45,54,61,No,Mobile,4,34,89,8,61,76,34,69,12,1,None,None
DEV_001,2024-12-22 12:00:00,27,83,35,No,Mobile,48,97,23,64,89,59,19,91,93,1,None,None
DEV_001,2024-12-25 00:00:00,44,56,30,No,Mobile,33,37,50,7,13,3,93,44,37,1,None,None
DEV_001,2024-12-27 12:00:00,61,35,52,No,Mobile,33,25,14,93,14,90,7,86,66,1,None,None
DEV_002,2024-09-01 00:00:00,60,12,82,No,Mobile,98,42,54,42,34,39,41,88,62,1,None,None
DEV_002,2024-09-01 12:00:00,13,80,9,No,Mobile,48,32,83,36,74,2,10,4,66,1,None,None
DEV_002,2024-09-02 00:00:00,17,79,61,No,Mobile,61,44,71,3,14,73,98,73,98,1,None,None
DEV_002,2024-09-02 12:00:00,74,19,22,No,Mobile,17,35,39,73,3,9,41,27,3,1,None,None
DEV_002,2024-09-03 00:00:00,69,27,76,No,Mobile,82,8,38,94,62,30,47,14,18,1,None,None
DEV_002,2024-09-03 12:00:00,99,25,73,No,Mobile,61,35,51,15,26,4,36,15,93,1,None,None
DEV_002,2024-09-04 00:00:00,88,26,37,No,Mobile,85,23,65,45,23,18,87,67,82,1,None,None
DEV_002,2024-09-04 12:00:00,12,75,70,No,Mobile,67,15,98,4,11,3,54,5,57,1,None,None
DEV_002,2024-09-05 00:00:00,34,4,48,No,Mobile,49,60,44,34,43,80,91,37,15,1,None,None
DEV_002,2024-09-05 12:00:00,66,31,9,No,Mobile,20,20,47,1,67,9,8,73,29,1,None,None
DEV_002,2024-09-06 00:00:00,38,25,86,No,Mobile,2,89,24,67,9,63,93,12,37,1,None,None
DEV_002,2024-09-06 12:00:00,34,60,33,No,Mobile,21,24,20,68,69,14,87,83,27,1,None,None
DEV_002,2024-09-07 00:00:00,67,54,36,No,Mobile,55,50,86,71,17,96,31,47,38,1,None,None
DEV_002,2024-09-07 12:00:00,90,13,4,No,Mobile,98,64,98,80,30,85,14,12,50,1,None,None
DEV_002,2024-09-08 00:00:00,22,95,92,No,Mobile,45,79,52,71,12,88,2,59,51,1,None,None
DEV_002,2024-09-08 12:00:00,56,10,20,No,Mobile,64,39,86,99,54,9,59,95,47,1,None,None
DEV_002,2024-09-09 00:00:00,54,59,45,No,Mobile,95,80,39,42,73,5,91,35,94,1,None,None
DEV_002,2024-09-09 12:00:00,38,34,19,No,Mobile,3,36,4,26,79,21,91,47,84,1,None,None
DEV_002,2024-09-10 00:00:00,65,26,43,No,Mobile,9,35,82,19,4,77,25,37,11,1,None,None
DEV_002,2024-09-10 12:00:00,28,8,20,No,Mobile,16,13,79,62,29,66,86,29,21,1,None,None
DEV_002,2024-09-11 00:00:00,7,50,8,No,Mobile,71,98,55,48,85,62,15,18,68,1,None,None
DEV_002,2024-09-11 12:00:00,20,21,68,No,Mobile,25,71,71,33,7,2,98,86,74,1,None,None
DEV_002,2024-09-12 00:00:00,31,52,91,No,Mobile,76,8,86,18,91,24,8,67,23,1,None,None
DEV_002,2024-09-12 12:00:00,68,17,30,No,Mobile,39,44,69,37,78,47,88,51,70,1,None,None
DEV_002,2024-09-13 00:00:00,83,8,69,No,Mobile,43,98,50,85,1,62,70,1,87,1,None,None
DEV_002,2024-09-13 12:00:00,69,92,12,No,Mobile,41,3,65,40,4,5,60,33,77,1,None,None
DEV_002,2024-09-14 00:00:00,50,90,20,No,Mobile,62,75,59,25,29,61,88,9,93,1,None,None
DEV_002,2024-09-14 12:00:00,85,69,43,No,Mobile,17,21,6,71,25,74,37,45,96,1,None,None
DEV_002,2024-09-15 00:00:00,80,99,5,No,Mobile,9,4,33,91,57,10,51,34,37,1,None,None
DEV_002,2024-09-16 00:00:00,37,38,27,No,Mobile,13,23,67,87,97,54,94,12,34,1,None,None
DEV_002,2024-09-16 12:00:00,4,58,29,No,Mobile,21,26,96,86,10,41,26,84,85,1,None,None
DEV_002,2024-09-17 00:00:00,26,7,55,No,Mobile,39,4,30,38,52,19,3,13,14,1,None,None
DEV_002,2024-09-17 12:00:00,69,70,89,No,Mobile,54,12,65,54,46,28,52,20,87,1,None,None
DEV_002,2024-09-18 00:00:00,76,80,78,No,Mobile,71,21,21,41,73,37,52,80,23,1,None,None
DEV_002,2024-09-19 00:00:00,4,92,43,No,Mobile,58,62,7,9,76,4,14,1,9,1,None,None
DEV_002,2024-09-19 12:00:00,46,4,93,No,Mobile,11,60,22,5,99,7,84,74,90,1,None,None
DEV_002,2024-09-20 00:00:00,81,65,77,No,Mobile,78,81,34,64,88,25,70,88,92,1,None,None
DEV_002,2024-09-20 12:00:00,1,93,72,No,Mobile,17,85,89,20,9,47,3,39,4,1,None,None
DEV_002,2024-09-21 00:00:00,41,55,94,No,Mobile,61,7,78,2,94,72,83,78,1,1,None,None
DEV_002,2024-09-21 12:00:00,67,66,84,No,Mobile,49,40,79,70,13,37,35,16,60,1,None,None
DEV_002,2024-09-22 00:00:00,25,49,71,No,Mobile,84,24,61,92,3,41,97,9,15,1,None,None
DEV_002,2024-09-22 12:00:00,10,39,44,No,Mobile,69,43,81,47,42,92,52,94,16,1,None,None
DEV_002,2024-09-23 00:00:00,73,76,17,No,Mobile,67,38,29,31,6,49,96,50,96,1,None,None
DEV_002,2024-09-23 12:00:00,46,17,64,No,Mobile,87,65,54,43,84,68,35,70,16,1,None,None
DEV_002,2024-09-24 00:00:00,97,62,74,No,Mobile,67,62,29,99,71,57,3,78,21,1,None,None
DEV_002,2024-09-24 12:00:00,7,47,90,No,Mobile,78,19,53,90,34,10,96,88,13,1,None,None
DEV_002,2024-09-25 00:00:00,14,61,16,No,Mobile,71,35,8,60,95,38,96,90,56,1,None,None
DEV_002,2024-09-25 12:00:00,28,53,26,No,Mobile,39,13,71,54,34,9,92,3,4,1,Association,None
DEV_002,2024-09-26 00:00:00,84,16,99,No,Mobile,50,4,89,13,13,77,16,31,56,1,None,None
DEV_002,2024-09-26 12:00:00,61,45,29,No,Mobile,54,91,34,21,84,4,65,15,18,1,None,None
DEV_002,2024-09-27 00:00:00,19,56,45,No,Mobile,88,80,82,41,32,54,37,88,27,1,None,None
DEV_002,2024-09-27 12:00:00,21,48,30,No,Mobile,42,37,41,46,16,59,78,68,71,1,None,None
DEV_002,2024-09-28 00:00:00,20,86,82,No,Mobile,91,31,35,44,53,76,47,6,55,1,None,None
DEV_002,2024-09-28 12:00:00,49,67,85,No,Mobile,22,72,84,78,71,10,49,3,58,1,None,None
DEV_002,2024-09-29 00:00:00,45,29,94,No,Mobile,82,67,12,58,24,24,19,73,43,1,None,None
DEV_002,2024-09-29 12:00:00,51,55,49,No,Mobile,72,70,69,8,81,46,21,99,27,1,None,None
DEV_002,2024-09-30 00:00:00,36,11,47,No,Mobile,56,94,69,37,53,36,68,89,40,1,None,None
DEV_002,2024-09-30 12:00:00,20,7,52,No,Mobile,37,98,46,42,70,93,87,93,93,1,None,None
DEV_002,2024-10-01 00:00:00,7,61,1,Yes,Mobile,60,6,71,91,34,75,86,39,85,1,None,None
DEV_002,2024-10-01 12:00:00,32,16,11,No,Mobile,32,99,27,98,91,27,33,33,87,1,None,None
DEV_002,2024-10-02 00:00:00,82,17,84,No,Mobile,55,87,92,46,38,41,32,15,87,1,None,None
DEV_002,2024-10-02 12:00:00,17,85,92,No,Mobile,53,22,58,41,87,75,31,60,50,1,None,None
DEV_002,2024-10-03 00:00:00,85,19,19,No,Mobile,34,43,13,36,6,21,40,19,48,1,None,None
DEV_002,2024-10-03 12:00:00,76,38,95,No,Mobile,38,62,56,65,41,55,88,84,27,1,None,None
DEV_002,2024-10-04 00:00:00,34,18,28,No,Mobile,4,21,70,21,5,14,91,37,89,1,None,None
DEV_002,2024-10-04 12:00:00,40,87,69,No,Mobile,5,3,4,63,35,17,17,21,67,1,None,None
DEV_002,2024-10-05 00:00:00,57,65,30,No,Mobile,19,97,8,62,95,48,19,9,40,1,None,None
DEV_002,2024-10-05 12:00:00,63,22,85,No,Mobile,83,2,94,89,92,5,23,36,93,1,None,None
DEV_002,2024-10-06 00:00:00,57,31,49,No,Mobile,9,26,6,7,60,83,76,16,35,1,None,None
DEV_002,2024-10-06 12:00:00,23,50,77,No,Mobile,92,44,13,71,6,83,69,29,87,1,None,None
DEV_002,2024-10-07 00:00:00,15,95,86,No,Mobile,17,92,3,19,58,24,39,65,21,1,None,None
DEV_002,2024-10-07 12:00:00,61,53,24,No,Mobile,53,13,78,95,33,57,14,9,49,1,None,None
DEV_002,2024-10-08 00:00:00,29,92,85,No,Mobile,98,85,88,49,46,39,46,13,49,1,None,None
DEV_002,2024-10-08 12:00:00,20,22,50,No,Mobile,36,37,46,27,5,9,5,17,83,1,None,None
DEV_002,2024-10-09 00:00:00,7,27,55,No,Mobile,63,6,35,32,91,87,97,81,74,1,None,None
DEV_002,2024-10-09 12:00:00,53,64,38,No,Mobile,92,79,8,1,74,82,82,48,5,1,None,None
DEV_002,2024-10-10 00:00:00,97,2,74,No,Mobile,14,12,81,78,75,46,44,86,81,1,None,None
DEV_002,2024-10-10 12:00:00,78,27,99,No,Mobile,28,6,41,59,39,32,46,56,39,1,None,None
DEV_002,2024-10-11 00:00:00,24,70,6,No,Mobile,86,42,43,14,92,2,9,32,1,1,None,None
DEV_002,2024-10-11 12:00:00,3,75,43,No,Mobile,5,47,27,52,61,13,57,72,50,1,None,None
DEV_002,2024-10-12 00:00:00,37,82,99,No,Mobile,3,69,98,59,41,77,72,5,60,1,None,None
DEV_002,2024-10-12 12:00:00,7,20,72,No,Mobile,19,99,64,43,89,95,26,31,5,1,None,None
DEV_002,2024-10-13 00:00:00,29,64,23,No,Mobile,16,44,60,71,51,12,95,99,5,1,None,None
DEV_002,2024-10-13 12:00:00,28,62,62,No,Mobile,10,98,29,31,6,87,33,10,9,1,None,None
DEV_002,2024-10-14 00:00:00,10,2,25,No,Mobile,38,1,80,90,98,81,94,21,4,1,None,None
DEV_002,2024-10-14 12:00:00,51,52,4,No,Mobile,82,9,67,91,94,65,94,4,7,1,None,None
DEV_002,2024-10-15 00:00:00,65,61,65,No,Mobile,18,91,40,38,93,46,17,15,44,1,None,None
DEV_002,2024-10-15 12:00:00,89,36,21,No,Mobile,61,94,38,76,79,6,5,89,48,1,None,None
DEV_002,2024-10-16 00:00:00,48,79,12,No,Mobile,70,21,96,96,1,55,30,94,9,1,None,None
DEV_002,2024-10-16 12:00:00,11,95,44,No,Mobile,90,65,6,31,68,23,49,63,85,1,None,None
DEV_002,2024-10-17 00:00:00,68,43,9,No,Mobile,25,65,66,55,15,52,26,15,97,1,None,None
DEV_002,2024-10-17 12:00:00,82,57,51,No,Mobile,52,9,83,6,85,88,40,18,33,1,None,None
DEV_002,2024-10-18 00:00:00,21,10,24,No,Mobile,25,52,90,1,28,45,30,39,84,1,None,None
DEV_002,2024-10-18 12:00:00,69,66,46,No,Mobile,45,9,36,5,80,70,29,85,13,1,None,None
DEV_002,2024-10-19 00:00:00,68,2,79,No,Mobile,75,87,94,60,83,61,26,94,62,1,None,None
DEV_002,2024-10-19 12:00:00,89,76,38,No,Mobile,41,25,49,60,44,40,49,8,7,1,None,None
DEV_002,2024-10-20 00:00:00,12,99,73,No,Mobile,37,32,57,83,94,56,73,16,75,1,None,None
DEV_002,2024-10-20 12:00:00,26,27,62,No,Mobile,50,89,82,94,63,36,76,12,91,1,None,None
DEV_002,2024-10-21 00:00:00,69,35,35,No,Mobile,83,80,25,80,25,29,29,29,86,1,None,None
DEV_002,2024-10-21 12:00:00,65,53,70,No,Mobile,87,33,78,36,6,6,25,58,97,1,None,None
DEV_002,2024-10-22 00:00:00,91,34,5,No,Mobile,71,36,5,56,64,10,87,77,21,1,None,None
DEV_002,2024-10-22 12:00:00,24,74,45,No,Mobile,26,94,91,83,6,1,67,32,93,1,None,None
DEV_002,2024-10-23 00:00:00,50,95,32,No,Mobile,55,78,92,25,70,43,71,63,87,1,None,None
DEV_002,2024-10-23 12:00:00,17,93,46,No,Mobile,8,93,15,33,64,43,25,63,67,1,None,None
DEV_002,2024-10-24 00:00:00,45,33,93,No,Mobile,72,53,98,78,22,93,78,64,22,1,None,None
DEV_002,2024-10-24 12:00:00,30,64,91,No,Mobile,2,20,81,97,48,76,63,92,56,1,None,None
DEV_002,2024-10-25 00:00:00,2,37,69,No,Mobile,46,6,48,8,17,43,87,71,72,1,None,None
DEV_002,2024-10-25 12:00:00,35,6,89,No,Mobile,47,13,23,44,28,12,37,78,17,1,None,None
DEV_002,2024-10-26 00:00:00,89,62,76,No,Mobile,2,50,76,26,61,6,14,10,63,1,None,None
DEV_002,2024-10-26 12:00:00,74,12,21,No,Mobile,98,22,18,6,47,15,80,14,35,1,None,None
DEV_002,2024-10-27 00:00:00,58,9,41,No,Mobile,27,58,81,68,28,3,14,10,50,1,None,None
DEV_002,2024-10-27 12:00:00,1,75,25,No,Mobile,47,73,39,27,18,22,9,95,9,1,None,None
DEV_002,2024-10-28 00:00:00,53,35,85,No,Mobile,21,65,57,94,89,56,81,61,50,1,None,None
DEV_002,2024-10-28 12:00:00,76,21,6,No,Mobile,34,59,67,41,47,19,95,20,40,1,None,None
DEV_002,2024-10-29 00:00:00,86,92,68,No,Mobile,65,15,52,38,41,59,17,87,82,1,None,None
DEV_002,2024-10-29 12:00:00,24,93,50,No,Mobile,94,78,24,98,36,35,81,97,2,1,None,None
DEV_002,2024-10-30 00:00:00,76,71,30,No,Mobile,80,8,14,48,37,71,72,96,87,1,Disassociation,None
DEV_002,2024-10-30 12:00:00,77,76,22,No,Mobile,8,68,71,86,5,87,27,59,38,1,None,None
DEV_002,2024-10-31 00:00:00,42,75,74,No,Mobile,50,21,28,92,99,42,16,31,67,1,None,None
DEV_002,2024-10-31 12:00:00,35,10,29,No,Mobile,46,70,83,90,74,16,16,35,57,1,None,None
DEV_002,2024-11-01 00:00:00,90,15,92,No,Mobile,30,54,67,70,88,84,62,97,1,1,None,None
DEV_002,2024-11-01 12:00:00,73,66,28,No,Mobile,26,60,60,91,3,65,69,55,36,1,None,None
DEV_002,2024-11-02 00:00:00,54,35,33,Yes,Mobile,73,7,27,1,16,66,95,13,94,1,None,None
DEV_002,2024-11-02 12:00:00,80,16,53,No,Mobile,10,34,18,53,79,49,28,42,63,1,None,None
DEV_002,2024-11-03 00:00:00,90,14,82,No,Mobile,7,64,2,7,79,80,28,70,79,1,None,None
DEV_002,2024-11-03 12:00:00,49,87,68,No,Mobile,95,98,74,37,16,31,59,15,78,1,None,None
DEV_002,2024-11-04 00:00:00,70,96,35,No,Mobile,63,31,90,42,56,22,1,15,17,1,None,None
DEV_002,2024-11-04 12:00:00,88,23,18,No,Mobile,12,35,27,43,28,34,86,50,14,1,None,None
DEV_002,2024-11-05 00:00:00,65,13,32,No,Mobile,67,14,58,92,58,72,94,6,38,1,None,None
DEV_002,2024-11-05 12:00:00,93,24,80,No,Mobile,92,20,53,83,2,3,35,93,17,1,None,None
DEV_002,2024-11-06 00:00:00,37,90,59,No,Mobile,28,53,71,55,29,92,70,24,51,1,None,None
DEV_002,2024-11-06 12:00:00,6,4,13,Yes,Mobile,26,34,77,53,83,87,52,23,2,1,None,None
DEV_002,2024-11-07 00:00:00,81,27,96,No,Mobile,67,13,17,61,5,46,81,46,38,1,None,None
DEV_002,2024-11-07 12:00:00,11,60,44,No,Mobile,22,84,66,43,97,21,37,97,22,1,None,None
DEV_002,2024-11-08 00:00:00,51,9,33,No,Mobile,93,31,83,54,87,19,7,22,25,1,None,None
DEV_002,2024-11-08 12:00:00,40,71,76,No,Mobile,85,28,28,59,90,14,66,8,66,1,None,None
DEV_002,2024-11-09 00:00:00,72,7,2,No,Mobile,43,12,28,19,32,84,52,61,37,1,None,None
DEV_002,2024-11-09 12:00:00,54,14,49,No,Mobile,11,31,66,10,88,67,98,1,16,1,None,None
DEV_002,2024-11-10 00:00:00,44,77,59,No,Mobile,10,48,28,5,63,88,78,56,16,1,None,None
DEV_002,2024-11-10 12:00:00,20,21,38,No,Mobile,56,91,11,18,18,36,6,13,68,1,None,None
DEV_002,2024-11-11 00:00:00,68,41,32,No,Mobile,69,22,57,22,86,31,79,43,16,1,None,None
DEV_002,2024-11-11 12:00:00,18,66,92,No,Mobile,39,74,33,88,94,26,10,32,56,1,None,None
DEV_002,2024-11-12 00:00:00,42,10,43,No,Mobile,68,89,28,24,90,20,79,86,32,1,None,None
DEV_002,2024-11-12 12:00:00,64,70,28,No,Mobile,20,84,41,4,7,14,65,42,6,1,None,None
DEV_002,2024-11-13 00:00:00,99,60,55,No,Mobile,94,43,41,10,41,5,75,5,54,1,None,None
DEV_002,2024-11-13 12:00:00,24,38,51,Yes,Mobile,61,40,54,66,28,15,94,54,77,1,None,None
DEV_002,2024-11-14 00:00:00,67,26,92,No,Mobile,6,32,75,77,60,22,3,94,94,1,None,None
DEV_002,2024-11-14 12:00:00,61,58,31,No,Mobile,57,76,10,84,3,91,81,92,83,1,None,None
DEV_002,2024-11-15 00:00:00,51,83,49,No,Mobile,8,9,23,72,45,7,61,23,13,1,None,None
DEV_002,2024-11-15 12:00:00,25,70,53,No,Mobile,85,39,57,84,3,43,32,31,30,1,None,None
DEV_002,2024-11-16 00:00:00,78,44,91,Yes,Mobile,88,66,12,13,46,4,72,67,11,1,None,None
DEV_002,2024-11-16 12:00:00,91,37,26,No,Mobile,91,25,40,43,22,22,54,35,12,1,None,None
DEV_002,2024-11-17 00:00:00,47,94,52,No,Mobile,89,37,89,30,79,22,45,85,22,1,None,None
DEV_002,2024-11-17 12:00:00,86,73,57,No,Mobile,85,15,73,58,61,5,30,27,76,1,None,None
DEV_002,2024-11-18 00:00:00,96,71,43,No,Mobile,38,27,32,71,27,21,27,23,9,1,None,None
DEV_002,2024-11-18 12:00:00,97,11,22,No,Mobile,74,88,7,49,51,45,96,63,19,1,None,None
DEV_002,2024-11-19 00:00:00,33,35,92,No,Mobile,16,72,33,53,88,72,80,26,2,1,Disassociation,None
DEV_002,2024-11-19 12:00:00,32,87,43,No,Mobile,28,66,67,95,17,84,3,42,51,1,None,None
DEV_002,2024-11-20 00:00:00,99,33,87,No,Mobile,82,53,76,42,76,11,66,61,51,1,None,None
DEV_002,2024-11-20 12:00:00,92,90,7,No,Mobile,57,56,67,13,9,11,69,28,61,1,None,None
DEV_002,2024-11-21 00:00:00,82,77,18,No,Mobile,63,68,50,68,15,85,28,74,8,1,None,None
DEV_002,2024-11-21 12:00:00,29,16,95,No,Mobile,59,11,96,24,94,41,67,61,86,1,None,None
DEV_002,2024-11-22 00:00:00,26,95,20,No,Mobile,22,57,57,26,7,65,51,31,11,1,None,None
DEV_002,2024-11-22 12:00:00,21,75,96,No,Mobile,6,55,83,80,15,36,48,12,83,1,None,None
DEV_002,2024-11-23 00:00:00,42,71,21,No,Mobile,82,1,68,11,71,62,18,29,24,1,None,None
DEV_002,2024-11-23 12:00:00,68,21,36,No,Mobile,91,7,60,56,91,48,45,76,54,1,None,None
DEV_002,2024-11-24 00:00:00,78,96,87,No,Mobile,77,50,21,48,74,66,17,85,18,1,None,None
DEV_002,2024-11-24 12:00:00,3,29,48,No,Mobile,65,42,6,59,53,82,71,1,5,1,None,None
DEV_002,2024-11-25 00:00:00,51,28,8,No,Mobile,91,41,25,59,23,68,94,6,3,1,None,None
DEV_002,2024-11-25 12:00:00,58,61,19,No,Mobile,30,78,14,36,16,47,72,67,75,1,None,None
DEV_002,2024-11-26 00:00:00,45,20,59,No,Mobile,90,11,55,84,90,66,98,99,23,1,None,None
DEV_002,2024-11-26 12:00:00,24,72,39,No,Mobile,64,77,29,31,19,20,71,87,20,1,None,None
DEV_002,2024-11-27 00:00:00,4,84,59,No,Mobile,71,1,69,14,24,49,51,6,24,1,None,None
DEV_002,2024-11-27 12:00:00,72,71,52,No,Mobile,1,45,40,64,71,57,99,32,69,1,None,None
DEV_002,2024-11-28 00:00:00,29,66,59,No,Mobile,95,4,93,54,13,73,63,76,78,1,None,None
DEV_002,2024-11-28 12:00:00,87,76,97,No,Mobile,15,80,98,73,83,8,82,32,89,1,None,None
DEV_002,2024-11-29 00:00:00,3,32,56,No,Mobile,78,99,42,73,70,57,44,52,69,1,None,None
DEV_002,2024-11-29 12:00:00,27,92,71,No,Mobile,83,54,86,82,26,68,14,40,20,1,None,None
DEV_002,2024-11-30 00:00:00,31,44,19,No,Mobile,24,96,12,50,89,5,47,72,85,1,None,None
DEV_002,2024-11-30 12:00:00,15,16,69,No,Mobile,71,85,41,54,25,37,64,53,46,1,None,None
DEV_002,2024-12-01 00:00:00,21,42,81,No,Mobile,8,93,84,39,6,14,73,52,53,1,None,None
DEV_002,2024-12-01 12:00:00,36,80,10,No,Mobile,21,27,55,85,37,99,92,85,46,1,None,None
DEV_002,2024-12-02 00:00:00,48,79,30,No,Mobile,60,18,92,77,89,93,31,54,55,1,None,None
DEV_002,2024-12-02 12:00:00,94,39,87,No,Mobile,16,7,84,78,96,36,16,45,51,1,None,None
DEV_002,2024-12-03 00:00:00,84,3,34,No,Mobile,6,31,99,32,97,26,92,82,35,1,None,None
DEV_002,2024-12-03 12:00:00,6,43,76,No,Mobile,91,71,28,52,97,18,98,55,98,1,None,None
DEV_002,2024-12-04 00:00:00,18,9,70,No,Mobile,45,22,81,79,53,88,89,16,92,1,None,None
DEV_002,2024-12-04 12:00:00,26,73,9,No,Mobile,1,56,56,76,90,52,23,87,4,1,None,None
DEV_002,2024-12-05 00:00:00,89,22,49,No,Mobile,21,74,87,91,70,45,75,42,41,1,None,None
DEV_002,2024-12-05 12:00:00,58,15,85,No,Mobile,71,81,42,18,24,96,26,71,87,1,None,None
DEV_002,2024-12-06 00:00:00,26,42,42,No,Mobile,96,39,61,47,41,74,41,34,77,1,None,None
DEV_002,2024-12-06 12:00:00,38,24,24,No,Mobile,70,25,96,81,66,66,4,96,21,1,None,None
DEV_002,2024-12-07 00:00:00,45,61,35,No,Mobile,22,24,87,51,45,71,29,62,49,1,None,None
DEV_002,2024-12-07 12:00:00,59,77,68,No,Mobile,95,38,64,3,61,25,58,24,66,1,None,None
DEV_002,2024-12-08 00:00:00,64,99,83,No,Mobile,92,93,8,27,36,41,56,24,20,1,None,None
DEV_002,2024-12-08 12:00:00,91,72,10,No,Mobile,50,49,41,99,87,27,69,71,56,1,None,None
DEV_002,2024-12-09 00:00:00,71,24,10,No,Mobile,85,21,15,64,2,98,31,3,87,1,None,None
DEV_002,2024-12-09 12:00:00,98,3,29,No,Mobile,40,19,20,21,27,88,52,85,21,1,None,None
DEV_002,2024-12-10 00:00:00,91,52,78,No,Mobile,81,15,46,31,71,19,21,12,58,1,None,None
DEV_002,2024-12-10 12:00:00,54,36,2,No,Mobile,76,70,38,65,19,63,8,32,72,1,None,None
DEV_002,2024-12-11 00:00:00,52,53,18,No,Mobile,38,86,38,55,6,48,17,6,5,1,None,None
DEV_002,2024-12-11 12:00:00,65,37,68,No,Mobile,16,89,83,20,54,86,92,89,97,1,None,None
DEV_002,2024-12-12 00:00:00,28,4,1,No,Mobile,79,77,95,81,66,51,68,91,95,1,None,None
DEV_002,2024-12-12 12:00:00,74,36,86,No,Mobile,97,92,71,50,92,58,32,65,12,1,None,None
DEV_002,2024-12-13 00:00:00,16,12,85,No,Mobile,68,60,81,28,20,88,55,82,65,1,None,None
DEV_002,2024-12-13 12:00:00,22,59,66,No,Mobile,37,99,56,61,72,88,99,28,17,1,None,None
DEV_002,2024-12-14 00:00:00,36,85,75,No,Mobile,98,34,61,60,37,77,71,29,1,1,None,None
DEV_002,2024-12-14 12:00:00,97,79,54,No,Mobile,78,25,5,2,13,52,24,54,27,1,None,None
DEV_002,2024-12-15 00:00:00,84,6,50,No,Mobile,92,75,84,70,7,41,42,83,12,1,None,None
DEV_002,2024-12-15 12:00:00,64,89,90,No,Mobile,52,85,54,69,87,82,13,25,89,1,None,None
DEV_002,2024-12-16 00:00:00,51,49,22,No,Mobile,62,60,80,81,89,46,57,76,10,1,None,None
DEV_002,2024-12-16 12:00:00,74,21,83,No,Mobile,28,66,27,32,4,80,34,98,54,1,None,None
DEV_002,2024-12-17 00:00:00,6,97,21,No,Mobile,57,28,85,24,66,33,85,70,46,1,None,None
DEV_002,2024-12-17 12:00:00,18,65,50,No,Mobile,87,81,45,62,55,55,20,69,83,1,None,None
DEV_002,2024-12-18 00:00:00,2,48,40,No,Mobile,99,53,59,68,47,36,12,64,98,1,None,None
DEV_002,2024-12-18 12:00:00,81,45,9,No,Mobile,46,17,67,33,57,22,38,19,45,1,None,None
DEV_002,2024-12-19 00:00:00,13,81,93,No,Mobile,78,30,44,48,15,28,8,1,6,1,None,None
DEV_002,2024-12-19 12:00:00,60,10,96,No,Mobile,67,24,74,44,49,55,14,68,87,1,None,None
DEV_002,2024-12-20 00:00:00,13,52,52,No,Mobile,43,98,61,81,82,80,6,78,25,1,None,None
DEV_002,2024-12-20 12:00:00,6,20,74,No,Mobile,22,33,87,46,6,52,11,88,12,1,None,None
DEV_002,2024-12-21 00:00:00,94,79,99,No,Mobile,99,20,58,23,11,19,61,92,45,1,None,None
DEV_002,2024-12-21 12:00:00,26,51,26,No,Mobile,22,67,95,78,86,84,47,51,84,1,None,None
DEV_002,2024-12-22 00:00:00,5,85,62,No,Mobile,16,80,88,19,3,70,80,16,39,1,None,None
DEV_002,2024-12-22 12:00:00,96,67,33,Yes,Mobile,45,25,37,36,28,95,6,89,1,1,None,None
DEV_002,2024-12-23 00:00:00,12,17,95,No,Mobile,40,5,92,28,37,77,60,50,39,1,None,None
DEV_002,2024-12-23 12:00:00,43,3,48,No,Mobile,65,71,60,14,32,1,19,78,29,1,None,None
DEV_002,2024-12-24 00:00:00,40,47,61,No,Mobile,14,72,88,67,86,2,46,36,15,1,None,None
DEV_002,2024-12-24 12:00:00,60,26,81,No,Mobile,26,18,44,7,49,42,42,73,2,1,None,None
DEV_002,2024-12-25 00:00:00,53,98,58,No,Mobile,24,61,1,89,99,13,69,77,66,1,None,None
DEV_002,2024-12-25 12:00:00,60,8,35,No,Mobile,34,10,40,52,95,9,93,68,10,1,None,None
DEV_002,2024-12-26 00:00:00,55,43,39,No,Mobile,77,19,56,90,61,68,17,8,27,1,None,None
DEV_002,2024-12-26 12:00:00,31,97,85,No,Mobile,86,5,54,53,84,68,66,96,40,1,None,None
DEV_002,2024-12-27 00:00:00,61,85,10,No,Mobile,87,5,61,76,71,4,93,80,48,1,None,None
DEV_002,2024-12-27 12:00:00,7,54,58,No,Mobile,61,72,28,85,38,12,68,54,54,1,None,None
DEV_002,2024-12-28 00:00:00,71,36,91,No,Mobile,70,24,36,5,78,16,12,3,99,1,None,None
DEV_002,2024-12-28 12:00:00,24,7,63,No,Mobile,46,48,25,43,65,45,57,43,1,1,None,None
DEV_002,2024-12-29 00:00:00,68,26,41,No,Mobile,75,5,53,38,62,95,83,91,97,1,None,None
DEV_002,2024-12-29 12:00:00,43,48,20,No,Mobile,94,35,33,81,71,57,73,90,4,1,None,None
DEV_003,2024-09-01 00:00:00,59,19,70,No,Mobile,23,83,95,33,65,23,47,89,17,1,None,None
DEV_003,2024-09-03 12:00:00,81,9,10,No,Mobile,97,67,81,9,6,55,43,88,54,1,None,None
DEV_003,2024-09-06 00:00:00,40,9,31,No,Mobile,78,95,15,34,88,78,72,16,7,1,None,None
DEV_003,2024-09-08 12:00:00,59,75,45,No,Mobile,66,68,32,41,38,27,45,79,52,1,None,None
DEV_003,2024-09-11 00:00:00,57,88,83,No,Mobile,94,76,69,28,80,1,29,71,65,1,None,None
DEV_003,2024-09-13 12:00:00,88,98,11,No,Mobile,59,52,74,93,52,78,38,12,22,1,None,None
DEV_003,2024-09-16 00:00:00,4,75,85,Yes,Mobile,59,25,9,25,3,76,76,88,72,1,None,None
DEV_003,2024-09-18 12:00:00,73,13,54,No,Mobile,30,39,97,64,48,27,86,18,32,1,None,None
DEV_003,2024-09-21 00:00:00,80,15,46,No,Mobile,24,2,59,36,63,28,74,10,34,1,None,None
DEV_003,2024-09-23 12:00:00,57,61,32,No,Mobile,98,98,8,80,80,2,55,5,96,1,None,None
DEV_003,2024-09-26 00:00:00,73,75,94,No,Mobile,26,32,28,51,11,46,55,52,48,1,None,None
DEV_003,2024-09-28 12:00:00,30,91,4,No,Mobile,71,47,88,96,35,75,69,23,21,1,None,None
DEV_003,2024-10-01 00:00:00,42,3,49,No,Mobile,83,82,37,92,77,47,12,84,57,1,None,None
DEV_003,2024-10-03 12:00:00,11,87,23,No,Mobile,65,59,76,89,98,39,3,19,37,1,None,None
DEV_003,2024-10-06 00:00:00,48,45,64,No,Mobile,78,9,78,2,89,90,17,36,8,1,None,None
DEV_003,2024-10-08 12:00:00,88,24,82,No,Mobile,12,42,79,12,93,6,1,83,14,1,None,None
DEV_003,2024-10-11 00:00:00,69,33,65,No,Mobile,63,88,32,55,83,49,13,92,93,1,None,None
DEV_003,2024-10-13 12:00:00,11,59,70,No,Mobile,43,89,87,5,36,53,54,84,9,1,None,None
DEV_003,2024-10-16 00:00:00,77,72,41,Yes,Mobile,50,81,17,8,99,12,64,91,15,1,None,None
DEV_003,2024-10-18 12:00:00,32,57,18,No,Mobile,61,31,40,46,84,48,6,98,10,1,None,None
DEV_003,2024-10-21 00:00:00,88,11,79,No,Mobile,45,36,34,34,95,60,19,43,28,1,Disassociation,None
DEV_003,2024-10-23 12:00:00,51,77,98,No,Mobile,94,80,97,35,10,89,12,33,65,1,None,None
DEV_003,2024-10-26 00:00:00,9,60,86,No,Mobile,34,99,36,83,9,45,97,6,15,1,None,None
DEV_003,2024-10-28 12:00:00,90,59,85,No,Mobile,72,42,6,55,23,21,88,42,63,1,None,None
DEV_003,2024-10-31 00:00:00,30,8,29,No,Mobile,51,83,24,82,36,7,97,49,27,1,None,None
DEV_003,2024-11-02 12:00:00,60,62,20,No,Mobile,90,7,95,62,22,73,81,1,98,1,None,None
DEV_003,2024-11-05 00:00:00,74,18,59,No,Mobile,13,32,86,70,30,93,75,49,75,1,None,None
DEV_003,2024-11-07 12:00:00,74,39,3,No,Mobile,99,52,82,88,32,35,54,66,1,1,None,None
DEV_003,2024-11-10 00:00:00,8,86,70,No,Mobile,61,58,29,63,56,68,20,87,55,1,None,None
DEV_003,2024-11-12 12:00:00,97,11,79,No,Mobile,92,21,87,73,34,31,13,52,40,1,None,None
DEV_003,2024-11-15 00:00:00,49,43,80,No,Mobile,26,97,15,53,11,10,31,70,4,1,None,None
DEV_003,2024-11-17 12:00:00,87,8,5,No,Mobile,74,90,80,59,96,36,60,35,98,1,None,None
DEV_003,2024-11-20 00:00:00,19,36,2,No,Mobile,19,46,40,18,22,32,90,37,70,1,None,None
DEV_003,2024-11-22 12:00:00,56,23,87,No,Mobile,49,47,70,45,78,71,19,58,76,1,None,None
DEV_003,2024-11-25 00:00:00,70,31,7,No,Mobile,69,4,91,73,41,14,3,43,11,1,None,None
DEV_003,2024-11-27 12:00:00,37,14,87,No,Mobile,73,24,75,92,92,2,60,99,20,1,None,None
DEV_003,2024-11-30 00:00:00,16,11,56,No,Mobile,56,22,18,39,36,36,93,30,85,1,None,None
DEV_003,2024-12-02 12:00:00,54,98,38,No,Mobile,30,2,20,44,26,6,80,37,61,1,None,None
DEV_003,2024-12-05 00:00:00,10,41,75,No,Mobile,84,64,39,97,99,82,82,87,47,1,None,None
DEV_003,2024-12-07 12:00:00,83,86,17,No,Mobile,51,2,12,97,76,51,72,62,60,1,None,None
DEV_003,2024-12-10 00:00:00,85,77,82,No,Mobile,56,45,44,94,16,26,26,75,56,1,None,None
DEV_003,2024-12-12 12:00:00,1,32,18,No,Mobile,68,49,13,69,98,50,32,50,7,1,None,None
DEV_003,2024-12-15 00:00:00,58,77,14,No,Mobile,10,78,81,22,51,78,54,56,20,1,None,None
DEV_003,2024-12-17 12:00:00,51,72,21,No,Mobile,47,22,29,40,91,62,99,33,17,1,None,None
DEV_003,2024-12-20 00:00:00,23,34,49,No,Mobile,99,49,10,96,49,76,86,11,13,1,None,None
DEV_003,2024-12-22 12:00:00,31,66,75,No,Mobile,8,69,98,32,25,99,52,78,73,1,Disassociation,None
DEV_003,2024-12-25 00:00:00,97,95,67,No,Mobile,74,75,22,17,58,81,46,89,93,1,None,None
DEV_003,2024-12-27 12:00:00,98,15,40,No,Mobile,47,76,52,88,7,15,75,31,4,1,None,None
DEV_004,2024-09-01 00:00:00,8,35,7,No,Mobile,23,23,46,19,40,60,9,22,7,1,None,None
DEV_004,2024-09-01 12:00:00,71,29,49,No,Mobile,91,16,81,75,63,53,4,11,76,1,None,None
DEV_004,2024-09-02 00:00:00,9,66,32,No,Mobile,91,41,11,65,29,51,43,47,88,1,None,None
DEV_004,2024-09-02 12:00:00,29,79,33,No,Mobile,15,77,35,54,93,13,46,31,2,1,None,None
DEV_004,2024-09-03 00:00:00,97,94,27,No,Mobile,89,38,97,52,20,34,33,36,25,1,None,None
DEV_004,2024-09-03 12:00:00,43,92,84,No,Mobile,40,42,37,84,71,40,68,67,49,1,None,None
DEV_004,2024-09-04 00:00:00,49,19,81,No,Mobile,30,76,57,85,50,80,85,60,89,1,None,None
DEV_004,2024-09-04 12:00:00,95,51,74,No,Mobile,61,48,53,34,15,29,34,96,93,1,None,None
DEV_004,2024-09-05 00:00:00,47,80,28,No,Mobile,56,1,52,82,74,25,98,46,39,1,None,None
DEV_004,2024-09-05 12:00:00,39,86,66,No,Mobile,20,14,38,37,39,60,44,62,34,1,None,None
DEV_004,2024-09-06 00:00:00,92,24,63,No,Mobile,34,49,63,9,91,82,5,6,95,1,None,None
DEV_004,2024-09-06 12:00:00,36,63,93,No,Mobile,79,54,79,77,77,62,39,75,42,1,None,None
DEV_004,2024-09-07 00:00:00,38,61,81,No,Mobile,90,80,12,46,78,21,2,43,87,1,None,None
DEV_004,2024-09-07 12:00:00,67,79,15,No,Mobile,27,77,98,18,34,33,12,49,91,1,None,None
DEV_004,2024-09-08 00:00:00,36,3,14,No,Mobile,38,5,46,90,53,28,21,28,33,1,None,None
DEV_004,2024-09-08 12:00:00,57,47,32,No,Mobile,1,79,35,84,46,29,96,84,75,1,None,None
DEV_004,2024-09-09 00:00:00,54,98,16,No,Mobile,78,65,95,44,69,89,11,17,53,1,None,None
DEV_004,2024-09-09 12:00:00,95,6,65,No,Mobile,9,76,21,67,52,52,53,9,91,1,None,None
DEV_004,2024-09-10 00:00:00,58,59,85,No,Mobile,55,51,36,68,11,97,65,81,92,1,None,None
DEV_004,2024-09-10 12:00:00,94,74,13,Yes,Mobile,60,36,62,63,9,61,46,32,35,1,None,None
DEV_004,2024-09-11 00:00:00,63,82,74,No,Mobile,15,57,7,78,57,19,93,39,88,1,None,None
DEV_004,2024-09-11 12:00:00,59,80,90,Yes,Mobile,98,12,10,93,3,16,75,26,1,1,None,None
DEV_004,2024-09-12 00:00:00,11,21,89,No,Mobile,23,44,65,70,74,93,45,20,68,1,None,None
DEV_004,2024-09-12 12:00:00,51,96,34,No,Mobile,76,9,5,81,1,39,45,67,10,1,None,None
DEV_004,2024-09-13 00:00:00,2,62,53,No,Mobile,57,48,79,6,61,13,65,4,33,1,None,None
DEV_004,2024-09-13 12:00:00,7,75,94,No,Mobile,84,64,66,7,43,93,27,23,57,1,None,None
DEV_004,2024-09-14 00:00:00,71,46,61,No,Mobile,16,60,32,41,12,41,28,75,73,1,None,None
DEV_004,2024-09-14 12:00:00,20,13,36,No,Mobile,3,47,12,60,66,4,4,48,55,1,None,None
DEV_004,2024-09-15 00:00:00,14,86,84,No,Mobile,51,87,77,44,91,29,74,90,83,1,None,None
DEV_004,2024-09-15 12:00:00,77,55,75,No,Mobile,94,92,87,61,80,91,60,30,80,1,None,None
DEV_004,2024-09-16 00:00:00,49,68,52,No,Mobile,54,52,85,42,43,38,3,21,64,1,None,None
DEV_004,2024-09-16 12:00:00,77,29,17,No,Mobile,57,11,66,34,33,10,65,53,88,1,None,None
DEV_004,2024-09-17 00:00:00,67,48,16,No,Mobile,32,62,86,76,51,69,14,50,23,1,None,None
DEV_004,2024-09-17 12:00:00,34,21,59,No,Mobile,89,3,56,62,29,38,26,75,90,1,None,None
DEV_004,2024-09-18 00:00:00,44,46,12,No,Mobile,99,16,21,91,23,81,66,93,25,1,None,None
DEV_004,2024-09-18 12:00:00,35,60,41,No,Mobile,73,84,49,26,75,68,53,14,67,1,None,None
DEV_004,2024-09-19 00:00:00,35,78,83,No,Mobile,25,99,7,3,10,64,53,7,85,1,None,None
DEV_004,2024-09-19 12:00:00,16,39,5,No,Mobile,81,64,48,26,84,83,60,91,24,1,None,None
DEV_004,2024-09-20 00:00:00,78,20,72,No,Mobile,58,38,42,88,60,87,19,29,91,1,None,None
DEV_004,2024-09-20 12:00:00,6,14,4,No,Mobile,45,92,39,74,93,50,19,17,94,1,None,None
DEV_004,2024-09-21 00:00:00,53,60,45,No,Mobile,1,66,92,23,76,64,11,58,83,1,None,None
DEV_004,2024-09-21 12:00:00,45,7,26,No,Mobile,92,47,87,66,69,63,89,63,38,1,None,None
DEV_004,2024-09-22 00:00:00,21,27,81,No,Mobile,55,85,65,16,62,94,33,15,67,1,None,None
DEV_004,2024-09-22 12:00:00,8,43,55,No,Mobile,58,21,47,51,54,8,24,50,60,1,None,None
DEV_004,2024-09-23 00:00:00,88,94,58,No,Mobile,92,23,88,27,83,34,31,58,78,1,None,None
DEV_004,2024-09-23 12:00:00,15,11,96,No,Mobile,6,2,23,93,56,26,6,27,6,1,None,None
DEV_004,2024-09-24 00:00:00,8,45,62,No,Mobile,55,91,38,84,20,91,71,52,63,1,None,None
DEV_004,2024-09-24 12:00:00,30,40,10,No,Mobile,57,35,27,68,16,16,50,63,3,1,None,None
DEV_004,2024-09-25 00:00:00,8,90,19,No,Mobile,81,65,53,13,82,99,46,32,22,1,None,None
DEV_004,2024-09-25 12:00:00,73,7,99,No,Mobile,64,24,67,1,81,96,45,64,36,1,None,None
DEV_004,2024-09-26 00:00:00,4,97,41,No,Mobile,22,10,44,60,44,49,50,16,6,1,None,None
DEV_004,2024-09-26 12:00:00,69,70,81,No,Mobile,42,96,40,14,15,18,59,17,50,1,None,None
DEV_004,2024-09-27 00:00:00,73,86,45,No,Mobile,31,70,41,46,59,41,5,91,8,1,None,None
DEV_004,2024-09-27 12:00:00,46,32,13,No,Mobile,49,86,91,69,70,59,94,81,28,1,None,None
DEV_004,2024-09-28 00:00:00,83,72,6,No,Mobile,75,43,55,77,91,13,16,12,64,1,None,None
DEV_004,2024-09-28 12:00:00,35,92,50,No,Mobile,26,96,15,86,55,15,31,79,53,1,None,None
DEV_004,2024-09-29 00:00:00,74,79,80,No,Mobile,42,26,52,27,20,72,7,80,15,1,None,None
DEV_004,2024-09-29 12:00:00,35,43,97,No,Mobile,51,46,62,62,82,4,61,34,48,1,None,None
DEV_004,2024-09-30 00:00:00,56,34,28,No,Mobile,41,10,52,56,41,96,39,86,61,1,None,None
DEV_004,2024-09-30 12:00:00,13,18,19,No,Mobile,81,42,71,21,77,11,99,88,9,1,None,None
DEV_004,2024-10-01 00:00:00,2,73,28,No,Mobile,62,29,83,92,35,61,31,64,67,1,None,None
DEV_004,2024-10-01 12:00:00,24,92,91,No,Mobile,36,73,15,59,96,18,93,72,99,1,None,None
DEV_004,2024-10-02 00:00:00,67,73,56,No,Mobile,19,14,66,71,34,56,70,4,61,1,None,None
DEV_004,2024-10-02 12:00:00,58,86,98,No,Mobile,56,4,66,9,58,24,56,29,83,1,None,None
DEV_004,2024-10-03 00:00:00,87,10,77,No,Mobile,22,56,46,18,67,84,22,41,39,1,None,None
DEV_004,2024-10-03 12:00:00,94,55,60,No,Mobile,45,84,20,9,11,84,53,69,11,1,None,None
DEV_004,2024-10-04 00:00:00,8,20,80,No,Mobile,58,65,35,8,31,74,16,32,22,1,None,None
DEV_004,2024-10-04 12:00:00,26,71,5,No,Mobile,84,64,92,23,90,18,15,18,14,1,None,None
DEV_004,2024-10-05 00:00:00,33,62,67,No,Mobile,7,30,91,36,23,23,30,33,15,1,None,None
DEV_004,2024-10-05 12:00:00,81,31,75,No,Mobile,61,80,73,23,93,47,96,74,29,1,None,None
DEV_004,2024-10-06 00:00:00,23,95,14,No,Mobile,60,43,5,75,59,43,79,46,23,1,None,None
DEV_004,2024-10-06 12:00:00,4,93,51,No,Mobile,40,53,98,72,56,91,4,67,24,1,None,None
DEV_004,2024-10-07 00:00:00,95,5,56,No,Mobile,25,75,62,43,49,79,95,91,15,1,None,None
DEV_004,2024-10-07 12:00:00,17,82,89,No,Mobile,15,51,62,91,92,55,34,36,69,1,None,None
DEV_004,2024-10-08 00:00:00,68,10,55,No,Mobile,9,65,51,63,85,88,71,27,64,1,None,None
DEV_004,2024-10-08 12:00:00,15,3,28,No,Mobile,53,42,15,40,32,22,30,77,17,1,None,None
DEV_004,2024-10-09 00:00:00,44,8,58,No,Mobile,39,50,43,31,66,86,74,41,70,1,None,None
DEV_004,2024-10-09 12:00:00,99,27,76,No,Mobile,84,12,61,37,7,44,17,2,88,1,None,None
DEV_004,2024-10-10 00:00:00,3,18,90,No,Mobile,92,32,49,37,65,19,47,37,54,1,None,None
DEV_004,2024-10-10 12:00:00,43,85,73,No,Mobile,30,33,18,49,83,28,55,90,33,1,None,None
DEV_004,2024-10-11 00:00:00,3,70,70,No,Mobile,56,68,68,13,17,80,70,83,5,1,None,None
DEV_004,2024-10-11 12:00:00,98,97,40,No,Mobile,5,58,98,61,68,39,89,38,44,1,None,None
DEV_004,2024-10-12 00:00:00,61,20,66,No,Mobile,89,15,38,5,66,2,74,42,20,1,None,None
DEV_004,2024-10-12 12:00:00,61,67,45,No,Mobile,80,41,94,19,75,6,78,67,56,1,None,None
DEV_004,2024-10-13 00:00:00,19,48,44,No,Mobile,87,22,86,98,76,54,33,48,14,1,None,None
DEV_004,2024-10-13 12:00:00,89,22,77,No,Mobile,81,45,52,58,65,47,76,84,96,1,None,None
DEV_004,2024-10-14 00:00:00,22,35,4,No,Mobile,16,37,22,85,26,86,82,9,8,1,None,None
DEV_004,2024-10-14 12:00:00,87,93,63,No,Mobile,73,39,76,37,80,17,50,88,20,1,None,None
DEV_004,2024-10-15 00:00:00,40,35,87,No,Mobile,14,83,94,9,77,35,6,72,43,1,None,None
DEV_004,2024-10-15 12:00:00,65,7,47,No,Mobile,7,73,96,58,50,95,67,86,36,1,None,None
DEV_004,2024-10-16 00:00:00,7,42,33,No,Mobile,54,86,99,55,3,71,37,18,30,1,None,None
DEV_004,2024-10-16 12:00:00,57,42,77,No,Mobile,95,26,88,92,32,91,66,95,35,1,None,None
DEV_004,2024-10-17 00:00:00,20,45,46,No,Mobile,9,14,43,84,17,84,42,28,77,1,None,None
DEV_004,2024-10-17 12:00:00,11,46,7,No,Mobile,24,8,12,10,66,83,1,21,37,1,None,None
DEV_004,2024-10-18 00:00:00,43,69,87,No,Mobile,13,70,47,45,14,8,9,80,55,1,None,None
DEV_004,2024-10-18 12:00:00,61,67,39,No,Mobile,29,21,12,82,83,82,73,54,38,1,None,None
DEV_004,2024-10-19 00:00:00,18,35,55,No,Mobile,69,47,24,32,36,99,39,56,2,1,None,None
DEV_004,2024-10-19 12:00:00,31,77,10,No,Mobile,48,69,64,49,82,13,51,10,70,1,None,None
DEV_004,2024-10-20 00:00:00,48,2,82,No,Mobile,85,95,5,72,55,64,49,48,93,1,None,None
DEV_004,2024-10-20 12:00:00,41,46,45,No,Mobile,26,7,37,50,44,93,75,43,83,1,None,None
DEV_004,2024-10-21 00:00:00,40,67,66,No,Mobile,10,3,11,25,63,91,32,70,79,1,None,None
DEV_004,2024-10-21 12:00:00,56,66,21,Yes,Mobile,16,36,99,84,30,21,42,10,91,1,None,None
DEV_004,2024-10-22 00:00:00,97,58,72,No,Mobile,79,29,65,27,41,28,12,35,61,1,None,None
DEV_004,2024-10-22 12:00:00,1,3,1,No,Mobile,5,28,69,83,2,40,65,57,84,1,None,None
DEV_004,2024-10-23 00:00:00,44,38,69,No,Mobile,46,60,32,23,97,13,93,53,69,1,None,None
DEV_004,2024-10-23 12:00:00,52,33,16,No,Mobile,95,2,62,76,21,8,49,56,88,1,None,None
DEV_004,2024-10-24 00:00:00,27,46,46,No,Mobile,20,91,86,45,39,80,48,68,73,1,None,None
DEV_004,2024-10-24 12:00:00,82,52,99,No,Mobile,58,71,98,46,35,42,98,27,45,1,Association,None
DEV_004,2024-10-25 00:00:00,27,18,53,No,Mobile,13,23,51,40,59,96,28,50,20,1,None,None
DEV_004,2024-10-25 12:00:00,12,85,27,No,Mobile,70,20,54,48,84,60,79,83,95,1,None,None
DEV_004,2024-10-26 00:00:00,77,36,72,No,Mobile,53,61,23,98,16,4,51,45,83,1,None,None
DEV_004,2024-10-26 12:00:00,42,16,63,No,Mobile,76,70,14,86,92,81,97,5,95,1,None,None
DEV_004,2024-10-27 00:00:00,47,99,85,No,Mobile,87,78,76,54,64,13,58,87,65,1,None,None
DEV_004,2024-10-27 12:00:00,56,44,35,No,Mobile,1,42,65,97,56,92,97,53,18,1,None,None
DEV_004,2024-10-28 00:00:00,11,94,80,No,Mobile,7,53,68,16,8,7,14,66,48,1,None,None
DEV_004,2024-10-28 12:00:00,95,36,43,No,Mobile,76,23,49,96,70,56,87,60,17,1,None,None
DEV_004,2024-10-29 00:00:00,12,29,21,No,Mobile,91,42,76,29,42,65,52,59,25,1,None,None
DEV_004,2024-10-29 12:00:00,3,58,21,No,Mobile,18,58,10,20,19,11,58,59,65,1,None,None
DEV_004,2024-10-30 00:00:00,13,2,56,No,Mobile,69,22,59,55,59,1,64,7,94,1,None,None
DEV_004,2024-10-30 12:00:00,40,57,77,No,Mobile,26,42,59,30,24,11,91,49,28,1,None,None
DEV_004,2024-10-31 00:00:00,2,67,67,No,Mobile,98,17,63,3,13,81,32,57,80,1,None,None
DEV_004,2024-10-31 12:00:00,37,66,92,No,Mobile,14,86,1,42,61,95,44,62,41,1,None,None
DEV_004,2024-11-01 00:00:00,80,89,29,No,Mobile,65,31,94,25,83,78,98,2,82,1,None,None
DEV_004,2024-11-01 12:00:00,74,7,28,No,Mobile,2,44,78,71,72,2,81,19,17,1,None,None
DEV_004,2024-11-02 00:00:00,81,95,52,No,Mobile,53,54,52,39,18,81,91,36,50,1,None,None
DEV_004,2024-11-02 12:00:00,30,75,59,No,Mobile,86,53,66,39,32,43,75,91,80,1,None,None
DEV_004,2024-11-03 00:00:00,91,42,12,No,Mobile,1,77,39,40,78,31,77,4,69,1,None,None
DEV_004,2024-11-03 12:00:00,32,38,69,No,Mobile,79,62,32,98,77,41,62,3,18,1,None,None
DEV_004,2024-11-04 00:00:00,50,24,12,No,Mobile,5,79,77,10,4,35,93,62,41,1,None,None
DEV_004,2024-11-04 12:00:00,90,29,22,No,Mobile,62,65,92,46,56,79,94,82,83,1,None,None
DEV_004,2024-11-05 00:00:00,61,38,13,No,Mobile,82,35,93,62,40,27,98,58,34,1,None,None
DEV_004,2024-11-05 12:00:00,97,26,13,No,Mobile,81,16,44,30,85,31,68,27,71,1,None,None
DEV_004,2024-11-06 00:00:00,88,76,92,No,Mobile,56,75,86,97,93,64,78,86,49,1,None,None
DEV_004,2024-11-06 12:00:00,23,8,64,No,Mobile,19,12,4,95,55,64,52,63,19,1,None,None
DEV_004,2024-11-07 00:00:00,70,90,73,No,Mobile,36,3,57,31,7,2,53,25,28,1,None,None
DEV_004,2024-11-07 12:00:00,79,72,85,No,Mobile,72,92,98,79,16,37,20,32,27,1,None,None
DEV_004,2024-11-08 00:00:00,20,48,55,No,Mobile,96,11,75,49,22,8,37,84,47,1,None,None
DEV_004,2024-11-08 12:00:00,51,80,7,No,Mobile,33,77,47,35,11,19,32,98,91,1,None,None
DEV_004,2024-11-09 00:00:00,54,85,66,No,Mobile,36,65,44,36,42,43,16,28,76,1,None,None
DEV_004,2024-11-09 12:00:00,11,8,31,No,Mobile,36,72,88,91,74,47,21,25,62,1,None,None
DEV_004,2024-11-10 00:00:00,70,68,56,No,Mobile,5,9,62,82,70,35,55,86,23,1,None,None
DEV_004,2024-11-10 12:00:00,66,10,49,No,Mobile,55,43,75,51,42,39,13,43,7,1,Disassociation,None
DEV_004,2024-11-11 00:00:00,13,35,95,No,Mobile,38,37,93,70,34,32,7,67,19,1,None,None
DEV_004,2024-11-11 12:00:00,66,65,73,No,Mobile,46,93,10,91,85,51,64,26,73,1,None,None
DEV_004,2024-11-12 00:00:00,50,48,42,No,Mobile,65,50,46,88,44,19,18,1,74,1,None,None
DEV_004,2024-11-12 12:00:00,33,18,8,No,Mobile,49,66,68,79,21,15,76,31,15,1,None,None
DEV_004,2024-11-13 00:00:00,26,47,40,No,Mobile,43,65,3,19,10,74,28,19,72,1,None,None
DEV_004,2024-11-13 12:00:00,86,85,81,No,Mobile,40,61,31,89,45,35,38,99,96,1,None,None
DEV_004,2024-11-14 00:00:00,39,51,36,No,Mobile,20,13,44,45,83,42,17,59,16,1,None,None
DEV_004,2024-11-14 12:00:00,14,16,52,No,Mobile,71,89,87,2,66,93,23,38,65,1,None,None
DEV_004,2024-11-15 00:00:00,55,71,71,No,Mobile,47,89,96,28,27,66,46,11,12,1,None,None
DEV_004,2024-11-15 12:00:00,71,97,27,No,Mobile,43,10,13,61,21,81,34,74,81,1,None,None
DEV_004,2024-11-16 00:00:00,32,78,14,No,Mobile,8,84,41,74,48,84,83,54,48,1,None,None
DEV_004,2024-11-16 12:00:00,51,33,75,No,Mobile,98,9,31,29,42,51,3,67,94,1,None,None
DEV_004,2024-11-17 00:00:00,93,86,71,No,Mobile,65,51,7,86,14,21,72,80,68,1,None,None
DEV_004,2024-11-17 12:00:00,18,72,12,No,Mobile,54,54,83,85,19,99,14,35,63,1,None,None
DEV_004,2024-11-18 00:00:00,99,64,37,No,Mobile,78,90,72,45,9,91,78,82,95,1,None,None
DEV_004,2024-11-18 12:00:00,43,56,31,No,Mobile,52,28,7,18,82,89,79,10,42,1,None,None
DEV_004,2024-11-19 00:00:00,15,98,69,No,Mobile,16,33,41,4,76,51,2,34,65,1,None,None
DEV_004,2024-11-19 12:00:00,63,53,67,No,Mobile,30,59,25,33,82,88,27,19,10,1,None,None
DEV_004,2024-11-20 00:00:00,5,60,88,No,Mobile,86,44,77,86,25,96,14,14,48,1,None,None
DEV_004,2024-11-20 12:00:00,75,45,82,No,Mobile,62,78,14,65,85,39,7,30,96,1,None,None
DEV_004,2024-11-21 00:00:00,62,92,1,No,Mobile,68,80,43,87,61,46,1,59,22,1,None,None
DEV_004,2024-11-21 12:00:00,77,12,67,No,Mobile,68,31,41,28,99,69,86,81,10,1,None,None
DEV_004,2024-11-22 00:00:00,92,7,77,No,Mobile,32,18,46,8,98,63,44,58,34,1,None,None
DEV_004,2024-11-22 12:00:00,61,50,80,No,Mobile,10,25,12,1,99,53,80,60,69,1,None,None
DEV_004,2024-11-23 00:00:00,56,74,9,No,Mobile,13,27,8,53,87,27,42,72,33,1,None,None
DEV_004,2024-11-23 12:00:00,89,84,74,No,Mobile,51,11,78,51,31,58,98,33,41,1,None,None
DEV_004,2024-11-24 00:00:00,42,2,12,No,Mobile,14,47,54,94,87,61,60,21,25,1,None,None
DEV_004,2024-11-24 12:00:00,34,37,46,No,Mobile,63,87,79,2,81,31,41,66,50,1,None,None
DEV_004,2024-11-25 00:00:00,46,64,27,No,Mobile,82,13,31,67,19,90,64,38,93,1,None,None
DEV_004,2024-11-25 12:00:00,47,94,97,No,Mobile,95,60,28,89,2,83,73,73,94,1,None,None
DEV_004,2024-11-26 00:00:00,63,4,15,No,Mobile,15,63,47,17,28,95,57,32,70,1,None,None
DEV_004,2024-11-26 12:00:00,2,89,59,No,Mobile,48,78,13,44,80,80,57,9,87,1,None,None
DEV_004,2024-11-27 00:00:00,98,95,58,No,Mobile,73,20,77,54,73,50,65,75,73,1,None,None
DEV_004,2024-11-27 12:00:00,1,88,48,No,Mobile,28,55,98,81,12,61,90,85,34,1,None,None
DEV_004,2024-11-28 00:00:00,58,1,47,No,Mobile,81,63,18,20,92,9,18,4,68,1,None,None
DEV_004,2024-11-28 12:00:00,35,13,73,No,Mobile,31,87,16,54,87,65,30,60,15,1,None,None
DEV_004,2024-11-29 00:00:00,99,28,60,No,Mobile,92,88,90,72,19,1,78,18,31,1,None,None
DEV_004,2024-11-29 12:00:00,44,18,81,No,Mobile,81,58,70,21,75,50,61,88,23,1,None,None
DEV_004,2024-11-30 00:00:00,61,57,94,No,Mobile,33,12,74,55,14,70,76,29,53,1,None,None
DEV_004,2024-11-30 12:00:00,12,48,60,No,Mobile,96,14,26,92,12,53,27,83,72,1,None,None
DEV_004,2024-12-01 00:00:00,16,72,57,No,Mobile,13,49,35,45,12,80,31,22,21,1,None,None
DEV_004,2024-12-01 12:00:00,65,5,34,No,Mobile,1,62,10,38,62,54,65,67,3,1,None,None
DEV_004,2024-12-02 00:00:00,16,65,48,No,Mobile,57,24,34,50,71,49,49,71,90,1,None,None
DEV_004,2024-12-02 12:00:00,75,81,73,No,Mobile,39,87,8,77,43,6,85,45,51,1,None,None
DEV_004,2024-12-03 00:00:00,22,97,97,No,Mobile,73,15,86,80,8,4,8,82,78,1,None,None
DEV_004,2024-12-03 12:00:00,98,36,54,No,Mobile,67,39,6,65,37,23,31,5,17,1,None,None
DEV_004,2024-12-04 00:00:00,90,71,88,No,Mobile,24,98,39,68,77,4,78,74,25,1,None,None
DEV_004,2024-12-04 12:00:00,82,42,46,No,Mobile,64,23,53,65,38,46,9,8,9,1,None,None
DEV_004,2024-12-05 00:00:00,47,60,6,No,Mobile,12,39,62,49,83,40,61,38,59,1,None,None
DEV_004,2024-12-05 12:00:00,58,66,38,No,Mobile,75,5,47,14,73,31,76,30,87,1,None,None
DEV_004,2024-12-06 00:00:00,23,51,82,No,Mobile,56,52,54,16,87,91,51,83,99,1,None,None
DEV_004,2024-12-06 12:00:00,80,12,12,No,Mobile,27,14,16,93,62,23,55,45,30,1,None,None
DEV_004,2024-12-07 00:00:00,55,89,3,No,Mobile,15,96,21,58,18,16,51,99,73,1,None,None
DEV_004,2024-12-07 12:00:00,42,51,89,No,Mobile,18,71,22,88,32,90,5,96,37,1,Association,None
DEV_004,2024-12-08 00:00:00,96,44,81,No,Mobile,12,34,36,64,15,6,61,57,82,1,None,None
DEV_004,2024-12-08 12:00:00,2,46,45,No,Mobile,45,60,15,42,8,47,25,85,1,1,Association,None
DEV_004,2024-12-09 00:00:00,13,19,38,No,Mobile,27,81,74,36,24,20,93,84,85,1,None,None
DEV_004,2024-12-09 12:00:00,84,16,75,No,Mobile,68,25,66,66,16,44,23,94,46,1,None,None
DEV_004,2024-12-10 00:00:00,40,73,26,No,Mobile,35,33,10,61,91,15,49,77,62,1,None,None
DEV_004,2024-12-10 12:00:00,46,5,18,No,Mobile,44,86,39,66,16,1,68,14,19,1,None,None
DEV_004,2024-12-11 00:00:00,75,46,1,No,Mobile,55,30,85,79,48,14,41,67,50,1,None,None
DEV_004,2024-12-11 12:00:00,24,26,13,No,Mobile,92,20,72,50,69,37,41,55,39,1,None,None
DEV_004,2024-12-12 00:00:00,87,24,4,No,Mobile,81,48,88,58,90,78,26,43,84,1,None,None
DEV_004,2024-12-12 12:00:00,47,2,77,No,Mobile,93,63,51,70,81,45,72,21,1,1,None,None
DEV_004,2024-12-13 00:00:00,75,27,73,No,Mobile,47,48,98,43,55,49,64,59,78,1,None,None
DEV_004,2024-12-13 12:00:00,58,1,92,No,Mobile,90,82,1,41,42,36,80,95,69,1,None,None
DEV_004,2024-12-14 00:00:00,15,61,50,No,Mobile,61,62,40,36,86,80,83,74,2,1,None,None
DEV_004,2024-12-14 12:00:00,52,26,97,No,Mobile,64,71,80,26,38,43,85,31,57,1,None,None
DEV_004,2024-12-15 00:00:00,11,20,34,No,Mobile,60,97,58,43,63,4,81,80,60,1,None,None
DEV_004,2024-12-15 12:00:00,58,2,84,No,Mobile,45,44,26,8,16,86,88,81,45,1,None,None
DEV_004,2024-12-16 00:00:00,67,10,15,Yes,Mobile,63,7,20,60,21,81,45,27,79,1,None,None
DEV_004,2024-12-16 12:00:00,14,35,38,No,Mobile,62,4,79,29,8,46,44,38,63,1,None,None
DEV_004,2024-12-17 00:00:00,84,19,50,No,Mobile,34,51,72,51,38,74,21,88,38,1,None,None
DEV_004,2024-12-17 12:00:00,57,68,6,Yes,Mobile,99,34,85,59,3,72,49,83,12,1,None,None
DEV_004,2024-12-18 00:00:00,96,50,56,No,Mobile,2,92,69,14,19,42,60,44,55,1,Disassociation,None
DEV_004,2024-12-18 12:00:00,41,60,62,No,Mobile,26,78,96,39,31,36,48,20,9,1,None,None
DEV_004,2024-12-19 00:00:00,81,4,71,No,Mobile,38,36,56,97,4,80,46,8,56,1,None,None
DEV_004,2024-12-19 12:00:00,19,52,98,No,Mobile,7,55,9,8,62,8,61,28,99,1,None,None
DEV_004,2024-12-20 00:00:00,3,14,32,No,Mobile,94,19,6,73,24,12,31,44,80,1,None,None
DEV_004,2024-12-20 12:00:00,93,91,3,No,Mobile,23,90,27,6,71,21,4,71,32,1,None,None
DEV_004,2024-12-21 00:00:00,5,95,76,No,Mobile,30,25,76,67,27,84,55,88,90,1,None,None
DEV_004,2024-12-21 12:00:00,39,68,64,No,Mobile,55,68,50,23,41,17,77,50,50,1,None,None
DEV_004,2024-12-22 00:00:00,34,1,60,No,Mobile,99,93,18,70,93,36,66,4,90,1,None,None
DEV_004,2024-12-22 12:00:00,68,33,50,No,Mobile,75,94,53,90,94,52,10,68,22,1,None,None
DEV_004,2024-12-23 00:00:00,52,89,99,No,Mobile,65,52,31,78,19,39,1,88,37,1,None,None
DEV_004,2024-12-23 12:00:00,45,79,50,No,Mobile,4,98,24,12,42,32,93,84,63,1,None,None
DEV_004,2024-12-24 00:00:00,40,36,15,Yes,Mobile,65,83,25,78,73,34,43,52,83,1,None,None
DEV_004,2024-12-24 12:00:00,12,9,52,Yes,Mobile,43,93,83,15,36,94,4,56,43,1,None,None
DEV_004,2024-12-25 00:00:00,74,17,6,No,Mobile,1,84,18,9,21,74,2,18,4,1,None,None
DEV_004,2024-12-25 12:00:00,98,2,2,No,Mobile,50,35,93,97,58,84,39,61,86,1,None,None
DEV_004,2024-12-26 00:00:00,36,10,45,No,Mobile,83,58,25,91,44,82,57,48,5,1,None,None
DEV_004,2024-12-26 12:00:00,68,15,97,No,Mobile,51,13,81,83,86,97,13,33,94,1,None,None
DEV_004,2024-12-27 00:00:00,57,73,75,No,Mobile,48,85,42,23,9,13,32,83,52,1,None,None
DEV_004,2024-12-27 12:00:00,40,1,7,No,Mobile,41,68,2,17,94,62,16,98,9,1,None,None
DEV_004,2024-12-28 00:00:00,30,93,87,No,Mobile,77,37,76,45,3,11,92,14,44,1,None,None
DEV_004,2024-12-28 12:00:00,91,37,79,No,Mobile,16,92,55,76,87,87,22,49,22,1,None,None
DEV_004,2024-12-29 00:00:00,89,80,71,No,Mobile,76,96,67,1,63,75,9,29,38,1,None,None
DEV_004,2024-12-29 12:00:00,14,28,8,No,Mobile,29,41,65,54,64,94,24,77,24,1,None,None
DEV_005,2024-09-01 00:00:00,88,70,67,No,Mobile,50,78,31,94,65,34,43,1,78,1,None,None
DEV_005,2024-09-01 06:00:00,72,26,16,No,Mobile,74,17,72,84,5,31,73,75,48,1,None,None
DEV_005,2024-09-01 12:00:00,65,76,46,No,Mobile,23,98,98,91,72,2,11,87,31,1,None,None
DEV_005,2024-09-01 18:00:00,36,53,3,No,Mobile,57,30,16,66,77,42,41,64,15,1,None,None
DEV_005,2024-09-02 00:00:00,64,92,63,No,Mobile,74,15,58,7,39,98,85,85,43,1,None,None
DEV_005,2024-09-02 06:00:00,9,79,4,No,Mobile,88,75,88,12,4,88,80,61,12,1,None,None
DEV_005,2024-09-02 12:00:00,84,32,78,No,Mobile,34,36,76,34,85,69,11,51,84,1,None,None
DEV_005,2024-09-02 18:00:00,44,73,75,No,Mobile,3,72,55,73,69,49,59,80,63,1,None,None
DEV_005,2024-09-03 00:00:00,74,21,75,No,Mobile,63,88,61,92,84,28,22,20,42,1,None,None
DEV_005,2024-09-03 06:00:00,75,59,70,No,Mobile,75,8,88,10,54,95,27,77,31,1,None,None
DEV_005,2024-09-03 12:00:00,68,23,70,No,Mobile,38,25,59,2,72,30,85,29,31,1,None,None
DEV_005,2024-09-03 18:00:00,14,14,49,No,Mobile,40,79,23,66,8,37,40,3,83,1,None,None
DEV_005,2024-09-04 00:00:00,63,82,87,No,Mobile,28,49,6,16,7,97,35,76,51,1,None,None
DEV_005,2024-09-04 06:00:00,96,76,1,No,Mobile,77,72,44,78,91,98,93,81,16,1,None,None
DEV_005,2024-09-04 12:00:00,3,65,71,No,Mobile,22,11,68,82,58,48,78,90,69,1,None,None
DEV_005,2024-09-04 18:00:00,53,56,26,No,Mobile,2,50,1,68,14,49,21,85,57,1,None,None
DEV_005,2024-09-05 00:00:00,82,46,10,No,Mobile,61,57,82,83,78,74,26,94,88,1,None,None
DEV_005,2024-09-05 06:00:00,38,47,95,No,Mobile,19,69,45,34,5,19,50,14,53,1,None,None
DEV_005,2024-09-05 12:00:00,36,52,56,No,Mobile,18,38,10,26,98,89,25,92,19,1,None,None
DEV_005,2024-09-05 18:00:00,41,51,29,No,Mobile,1,21,69,67,93,5,93,63,1,1,None,None
DEV_005,2024-09-06 00:00:00,31,20,20,No,Mobile,66,16,35,62,81,98,47,87,82,1,None,None
DEV_005,2024-09-06 06:00:00,42,31,27,No,Mobile,53,48,81,94,34,67,18,27,27,1,None,None
DEV_005,2024-09-06 12:00:00,25,62,51,No,Mobile,98,67,54,7,83,25,71,12,64,1,None,None
DEV_005,2024-09-06 18:00:00,23,87,99,No,Mobile,17,13,96,81,16,59,94,1,5,1,None,None
DEV_005,2024-09-07 00:00:00,54,51,54,No,Mobile,55,19,61,12,94,18,56,22,8,1,None,None
DEV_005,2024-09-07 06:00:00,65,55,64,No,Mobile,9,76,39,43,15,14,27,34,61,1,None,None
DEV_005,2024-09-07 12:00:00,72,1,25,No,Mobile,10,41,7,51,96,13,98,81,33,1,None,None
DEV_005,2024-09-07 18:00:00,42,3,3,No,Mobile,81,27,51,14,64,48,57,38,60,1,None,None
DEV_005,2024-09-08 00:00:00,47,75,51,No,Mobile,39,17,60,6,69,92,2,12,39,1,None,None
DEV_005,2024-09-08 06:00:00,92,2,3,No,Mobile,41,22,62,48,23,38,90,94,58,1,None,None
DEV_005,2024-09-08 12:00:00,80,3,7,No,Mobile,88,56,72,62,32,35,56,68,39,1,None,None
DEV_005,2024-09-08 18:00:00,68,35,66,No,Mobile,94,40,70,7,80,68,50,53,88,1,None,None
DEV_005,2024-09-09 00:00:00,21,87,46,No,Mobile,67,32,92,4,66,86,45,81,51,1,None,None
DEV_005,2024-09-09 06:00:00,76,42,28,No,Mobile,40,47,50,45,3,49,68,1,48,1,None,None
DEV_005,2024-09-09 12:00:00,81,37,1,Yes,Mobile,55,24,84,11,60,39,69,5,83,1,None,None
DEV_005,2024-09-09 18:00:00,18,63,14,No,Mobile,93,51,79,47,69,35,40,87,38,1,None,None
DEV_005,2024-09-10 00:00:00,45,11,12,No,Mobile,78,10,3,84,40,46,86,82,20,1,None,None
DEV_005,2024-09-10 06:00:00,48,36,42,No,Mobile,53,22,76,93,20,23,78,81,12,1,None,None
DEV_005,2024-09-10 12:00:00,80,42,43,No,Mobile,9,35,4,47,74,79,60,15,29,1,None,None
DEV_005,2024-09-10 18:00:00,30,59,34,No,Mobile,57,1,65,42,17,10,3,14,16,1,None,None
DEV_005,2024-09-11 00:00:00,28,20,76,No,Mobile,45,15,58,68,83,35,63,12,94,1,None,None
DEV_005,2024-09-11 06:00:00,58,78,23,No,Mobile,34,37,86,47,58,56,57,40,76,1,None,None
DEV_005,2024-09-11 12:00:00,88,88,78,No,Mobile,10,53,94,8,12,69,65,82,70,1,None,None
DEV_005,2024-09-11 18:00:00,43,67,77,No,Mobile,59,88,23,87,52,97,74,56,2,1,None,None
DEV_005,2024-09-12 00:00:00,23,39,45,No,Mobile,19,62,31,95,15,56,36,3,23,1,None,None
DEV_005,2024-09-12 06:00:00,82,92,27,No,Mobile,4,17,66,30,31,39,43,83,52,1,None,None
DEV_005,2024-09-12 12:00:00,63,15,91,No,Mobile,19,2,8,38,18,14,31,1,22,1,None,None
DEV_005,2024-09-12 18:00:00,22,99,90,No,Mobile,41,14,10,90,92,68,65,30,73,1,None,None
DEV_005,2024-09-13 00:00:00,75,85,61,No,Mobile,11,82,18,58,96,83,81,59,45,1,None,None
DEV_005,2024-09-13 06:00:00,19,50,79,No,Mobile,37,90,73,49,15,73,58,52,69,1,None,None
DEV_005,2024-09-13 12:00:00,55,89,92,No,Mobile,36,22,46,15,17,12,91,70,33,1,None,None
DEV_005,2024-09-13 18:00:00,7,89,71,No,Mobile,49,21,40,98,73,54,35,2,50,1,None,None
DEV_005,2024-09-14 00:00:00,45,1,35,No,Mobile,63,89,49,19,17,6,56,22,11,1,None,None
DEV_005,2024-09-14 06:00:00,75,58,30,No,Mobile,28,3,47,20,4,54,33,88,74,1,None,None
DEV_005,2024-09-14 12:00:00,5,22,75,No,Mobile,33,79,19,63,66,5,30,45,24,1,None,None
DEV_005,2024-09-14 18:00:00,18,71,25,No,Mobile,31,87,87,33,77,81,42,99,19,1,None,None
DEV_005,2024-09-15 00:00:00,45,74,26,No,Mobile,81,5,54,80,20,77,37,53,92,1,None,None
DEV_005,2024-09-15 06:00:00,60,90,84,No,Mobile,16,24,77,32,3,24,57,45,99,1,None,None
DEV_005,2024-09-15 12:00:00,57,11,40,No,Mobile,40,13,25,7,36,19,68,72,78,1,Association,None
DEV_005,2024-09-15 18:00:00,11,58,23,No,Mobile,69,81,48,41,26,97,69,13,83,1,None,None
DEV_005,2024-09-16 00:00:00,18,72,23,No,Mobile,31,21,26,59,83,77,27,79,70,1,None,None
DEV_005,2024-09-16 06:00:00,53,35,63,No,Mobile,39,14,20,18,18,78,13,58,62,1,None,None
DEV_005,2024-09-16 12:00:00,5,15,92,No,Mobile,48,28,84,28,22,38,54,3,83,1,None,None
DEV_005,2024-09-16 18:00:00,63,68,26,No,Mobile,88,71,43,53,9,96,34,79,68,1,None,None
DEV_005,2024-09-17 00:00:00,90,99,63,No,Mobile,91,10,36,94,64,84,12,76,96,1,None,None
DEV_005,2024-09-17 06:00:00,97,79,82,No,Mobile,93,3,30,51,89,44,64,50,75,1,None,None
DEV_005,2024-09-17 12:00:00,46,17,8,No,Mobile,99,6,63,44,26,84,25,12,72,1,None,None
DEV_005,2024-09-17 18:00:00,98,32,37,No,Mobile,9,19,76,64,33,26,6,85,40,1,None,None
DEV_005,2024-09-18 00:00:00,76,51,87,No,Mobile,16,41,91,73,88,43,67,18,7,1,None,None
DEV_005,2024-09-18 06:00:00,41,9,23,No,Mobile,33,83,33,69,21,98,40,65,1,1,None,None
DEV_005,2024-09-18 12:00:00,72,60,51,No,Mobile,50,57,69,14,74,56,45,94,49,1,None,None
DEV_005,2024-09-18 18:00:00,44,45,94,No,Mobile,17,53,36,97,88,11,95,53,85,1,None,None
DEV_005,2024-09-19 00:00:00,87,27,13,No,Mobile,86,11,79,93,91,20,56,66,68,1,None,None
DEV_005,2024-09-19 06:00:00,92,41,44,No,Mobile,12,72,34,70,88,56,82,11,64,1,None,None
DEV_005,2024-09-19 12:00:00,24,70,94,No,Mobile,30,96,3,76,94,48,66,92,56,1,None,None
DEV_005,2024-09-19 18:00:00,78,59,8,No,Mobile,53,37,75,70,2,92,47,13,76,1,None,None
DEV_005,2024-09-20 00:00:00,16,95,16,No,Mobile,68,43,24,27,22,89,33,9,20,1,None,None
DEV_005,2024-09-20 06:00:00,64,50,84,No,Mobile,37,76,12,58,30,18,75,10,77,1,None,None
DEV_005,2024-09-20 12:00:00,76,59,22,No,Mobile,37,80,24,24,32,88,64,39,64,1,None,None
DEV_005,2024-09-20 18:00:00,69,21,8,No,Mobile,29,32,64,88,30,83,91,18,2,1,None,None
DEV_005,2024-09-21 00:00:00,40,12,34,No,Mobile,99,53,60,66,78,15,27,34,77,1,None,None
DEV_005,2024-09-21 06:00:00,44,11,66,No,Mobile,38,43,67,99,92,19,1,38,1,1,None,None
DEV_005,2024-09-21 12:00:00,24,9,27,No,Mobile,61,88,65,65,30,65,41,36,28,1,None,None
DEV_005,2024-09-21 18:00:00,87,70,68,No,Mobile,49,23,5,64,45,3,72,29,50,1,None,None
DEV_005,2024-09-22 00:00:00,15,91,61,No,Mobile,13,45,23,16,83,96,71,45,99,1,None,None
DEV_005,2024-09-22 06:00:00,95,96,43,No,Mobile,7,7,53,58,41,69,21,76,24,1,None,None
DEV_005,2024-09-22 12:00:00,51,10,53,No,Mobile,53,96,89,46,44,36,9,67,61,1,None,None
DEV_005,2024-09-22 18:00:00,65,8,33,No,Mobile,42,66,97,68,34,89,2,17,39,1,None,None
DEV_005,2024-09-23 00:00:00,93,71,79,No,Mobile,19,73,54,58,81,17,40,28,18,1,None,None
DEV_005,2024-09-23 06:00:00,77,2,7,No,Mobile,78,83,70,78,51,63,97,25,37,1,None,None
DEV_005,2024-09-23 12:00:00,60,62,33,No,Mobile,97,31,62,79,53,5,31,6,3,1,None,None
DEV_005,2024-09-23 18:00:00,73,96,61,No,Mobile,29,27,48,53,95,33,20,11,59,1,None,None
DEV_005,2024-09-24 00:00:00,83,50,68,No,Mobile,71,18,63,54,79,94,62,16,97,1,None,None
DEV_005,2024-09-24 06:00:00,38,68,93,No,Mobile,9,73,67,81,54,1,52,10,35,1,None,None
DEV_005,2024-09-24 12:00:00,98,8,8,No,Mobile,93,84,39,81,46,90,50,37,32,1,None,None
DEV_005,2024-09-24 18:00:00,30,79,87,Yes,Mobile,13,90,37,21,66,48,62,58,89,1,None,None
DEV_005,2024-09-25 00:00:00,15,16,35,No,Mobile,81,29,75,81,81,30,95,59,17,1,None,None
DEV_005,2024-09-25 06:00:00,4,93,22,No,Mobile,59,72,80,99,73,46,92,61,1,1,None,None
DEV_005,2024-09-25 12:00:00,13,16,60,No,Mobile,68,7,78,5,67,61,72,23,82,1,None,None
DEV_005,2024-09-25 18:00:00,64,7,26,No,Mobile,8,37,18,44,3,90,63,65,21,1,None,None
DEV_005,2024-09-26 00:00:00,13,17,75,No,Mobile,99,70,52,92,92,45,42,94,26,1,None,None
DEV_005,2024-09-26 06:00:00,32,44,77,No,Mobile,18,26,56,61,22,29,48,58,66,1,None,None
DEV_005,2024-09-26 12:00:00,63,36,76,No,Mobile,41,2,27,28,24,66,67,33,28,1,None,None
DEV_005,2024-09-26 18:00:00,50,74,55,No,Mobile,56,22,87,22,48,66,70,52,88,1,None,None
DEV_005,2024-09-27 00:00:00,50,29,86,No,Mobile,55,39,57,19,67,52,65,19,31,1,None,None
DEV_005,2024-09-27 06:00:00,29,45,1,No,Mobile,9,82,1,69,55,47,92,34,84,1,None,None
DEV_005,2024-09-27 12:00:00,29,16,70,No,Mobile,82,77,35,58,96,73,84,76,66,1,None,None
DEV_005,2024-09-27 18:00:00,1,41,36,No,Mobile,57,35,50,53,94,19,18,18,21,1,None,None
DEV_005,2024-09-28 00:00:00,1,26,81,No,Mobile,64,60,15,22,19,22,19,28,32,1,None,None
DEV_005,2024-09-28 06:00:00,64,90,49,No,Mobile,70,69,12,14,9,82,51,20,62,1,None,None
DEV_005,2024-09-28 12:00:00,95,94,8,No,Mobile,58,3,19,86,64,63,84,89,2,1,None,None
DEV_005,2024-09-28 18:00:00,29,73,45,No,Mobile,64,15,75,98,24,37,97,76,65,1,None,None
DEV_005,2024-09-29 00:00:00,62,29,7,No,Mobile,84,44,74,70,15,65,95,84,9,1,None,None
DEV_005,2024-09-29 06:00:00,14,20,28,No,Mobile,76,55,36,67,56,37,64,44,56,1,None,None
DEV_005,2024-09-29 12:00:00,81,83,46,No,Mobile,31,34,43,19,36,58,26,27,18,1,None,None
DEV_005,2024-09-29 18:00:00,74,9,35,No,Mobile,97,53,50,61,48,13,25,8,86,1,None,None
DEV_005,2024-09-30 00:00:00,81,24,77,No,Mobile,90,53,83,89,46,32,80,72,47,1,None,None
DEV_005,2024-09-30 06:00:00,38,92,45,No,Mobile,22,36,11,82,66,42,61,46,35,1,None,None
DEV_005,2024-09-30 12:00:00,5,36,88,No,Mobile,39,38,42,88,84,50,3,94,71,1,None,None
DEV_005,2024-09-30 18:00:00,20,37,50,No,Mobile,35,23,95,79,19,70,10,40,85,1,None,None
DEV_005,2024-10-01 00:00:00,3,39,40,No,Mobile,30,72,24,21,65,11,68,34,91,1,None,None
DEV_005,2024-10-01 06:00:00,62,58,99,No,Mobile,46,19,89,9,47,83,56,24,60,1,None,None
DEV_005,2024-10-01 12:00:00,42,68,24,No,Mobile,33,34,77,42,18,98,16,13,51,1,None,None
DEV_005,2024-10-01 18:00:00,3,12,26,No,Mobile,92,19,52,98,77,91,40,11,14,1,None,None
DEV_005,2024-10-02 00:00:00,38,51,61,No,Mobile,69,31,11,74,13,43,75,6,28,1,None,None
DEV_005,2024-10-02 06:00:00,56,14,36,No,Mobile,60,64,51,7,5,19,57,24,1,1,None,None
DEV_005,2024-10-02 12:00:00,31,32,98,No,Mobile,13,29,94,94,13,68,66,80,20,1,None,None
DEV_005,2024-10-02 18:00:00,50,82,21,No,Mobile,57,19,17,59,5,73,40,35,92,1,None,None
DEV_005,2024-10-03 00:00:00,47,72,37,No,Mobile,54,20,72,71,73,99,45,12,2,1,None,None
DEV_005,2024-10-03 06:00:00,27,67,7,No,Mobile,85,71,2,73,73,39,83,30,23,1,None,None
DEV_005,2024-10-03 12:00:00,56,24,40,No,Mobile,48,16,58,68,3,55,31,18,5,1,None,None
DEV_005,2024-10-03 18:00:00,77,63,11,No,Mobile,99,88,34,45,41,64,70,19,38,1,None,None
DEV_005,2024-10-04 00:00:00,37,86,18,No,Mobile,93,2,65,70,37,55,24,84,80,1,None,None
DEV_005,2024-10-04 06:00:00,27,79,15,No,Mobile,95,11,14,4,44,31,32,22,10,1,None,None
DEV_005,2024-10-04 12:00:00,35,80,52,No,Mobile,65,86,68,60,39,94,93,16,22,1,None,None
DEV_005,2024-10-04 18:00:00,41,42,15,No,Mobile,80,79,85,53,53,61,26,32,81,1,None,None
DEV_005,2024-10-05 00:00:00,74,22,42,No,Mobile,99,72,77,99,82,93,53,39,10,1,None,None
DEV_005,2024-10-05 06:00:00,82,41,50,No,Mobile,90,78,71,44,81,30,56,62,14,1,None,None
DEV_005,2024-10-05 12:00:00,91,81,25,No,Mobile,70,82,43,42,62,18,99,74,9,1,None,None
DEV_005,2024-10-05 18:00:00,78,55,36,No,Mobile,41,63,7,50,79,64,6,18,72,1,None,None
DEV_005,2024-10-06 00:00:00,60,65,10,No,Mobile,71,25,91,91,43,63,73,67,71,1,None,None
DEV_005,2024-10-06 06:00:00,14,92,86,No,Mobile,28,77,72,55,88,59,18,42,95,1,None,None
DEV_005,2024-10-06 12:00:00,48,12,64,No,Mobile,44,35,32,66,60,21,11,89,52,1,None,None
DEV_005,2024-10-06 18:00:00,18,84,20,No,Mobile,63,23,86,58,70,28,30,24,48,1,None,None
DEV_005,2024-10-07 00:00:00,48,88,27,No,Mobile,13,58,2,93,20,69,23,42,63,1,None,None
DEV_005,2024-10-07 06:00:00,1,85,14,No,Mobile,38,36,64,94,38,83,10,30,91,1,None,None
DEV_005,2024-10-07 12:00:00,23,27,24,No,Mobile,63,8,8,47,84,80,49,16,45,1,None,None
DEV_005,2024-10-07 18:00:00,67,79,79,No,Mobile,56,22,76,44,61,7,9,79,76,1,None,None
DEV_005,2024-10-08 00:00:00,3,29,7,No,Mobile,62,53,85,43,73,17,23,79,60,1,None,None
DEV_005,2024-10-08 06:00:00,61,32,87,No,Mobile,72,2,27,36,98,65,54,10,59,1,None,None
DEV_005,2024-10-08 18:00:00,6,81,12,No,Mobile,1,29,90,72,82,63,80,71,32,1,None,None
DEV_005,2024-10-09 00:00:00,33,75,8,No,Mobile,4,11,21,4,83,4,79,73,11,1,Disassociation,None
DEV_005,2024-10-09 06:00:00,67,52,97,No,Mobile,53,18,38,27,67,74,48,76,24,1,None,None
DEV_005,2024-10-09 12:00:00,59,96,21,No,Mobile,28,38,54,6,56,58,15,99,17,1,None,None
DEV_005,2024-10-09 18:00:00,38,17,50,No,Mobile,70,61,26,59,32,87,24,61,36,1,None,None
DEV_005,2024-10-10 00:00:00,87,49,2,No,Mobile,58,42,68,37,69,64,45,98,60,1,None,None
DEV_005,2024-10-10 06:00:00,75,19,42,No,Mobile,41,20,73,18,14,22,50,76,20,1,None,None
DEV_005,2024-10-10 12:00:00,61,66,1,No,Mobile,69,32,19,31,23,39,41,42,75,1,None,None
DEV_005,2024-10-10 18:00:00,8,12,82,No,Mobile,65,64,32,46,67,51,5,3,41,1,None,None
DEV_005,2024-10-11 00:00:00,88,23,68,No,Mobile,87,86,38,27,88,12,55,3,59,1,None,None
DEV_005,2024-10-11 06:00:00,10,26,89,No,Mobile,8,20,74,89,89,44,70,1,41,1,None,None
DEV_005,2024-10-11 12:00:00,94,13,20,No,Mobile,74,28,19,2,16,74,75,85,50,1,None,None
DEV_005,2024-10-11 18:00:00,60,4,8,No,Mobile,56,35,21,26,2,89,46,98,66,1,None,None
DEV_005,2024-10-12 00:00:00,4,15,97,No,Mobile,74,99,96,80,92,22,77,39,55,1,None,None
DEV_005,2024-10-12 06:00:00,96,99,84,No,Mobile,77,90,48,81,24,31,83,56,26,1,None,None
DEV_005,2024-10-12 12:00:00,80,12,85,No,Mobile,30,27,58,77,99,11,46,75,81,1,None,None
DEV_005,2024-10-12 18:00:00,43,38,24,No,Mobile,77,96,65,86,99,36,76,5,19,1,None,None
DEV_005,2024-10-13 00:00:00,91,8,8,No,Mobile,3,4,20,63,42,35,30,34,92,1,None,None
DEV_005,2024-10-13 06:00:00,46,28,85,No,Mobile,5,20,41,82,46,92,96,69,25,1,None,None
DEV_005,2024-10-13 12:00:00,14,32,27,No,Mobile,46,86,2,63,50,10,34,15,53,1,None,None
DEV_005,2024-10-13 18:00:00,83,72,72,No,Mobile,68,20,36,70,40,6,52,65,60,1,None,None
DEV_005,2024-10-14 00:00:00,88,91,30,No,Mobile,88,65,96,15,46,11,58,22,79,1,None,None
DEV_005,2024-10-14 06:00:00,97,71,37,No,Mobile,7,23,1,12,54,83,68,37,14,1,None,None
DEV_005,2024-10-14 12:00:00,49,16,79,No,Mobile,14,63,3,41,70,6,37,35,95,1,None,None
DEV_005,2024-10-14 18:00:00,60,11,30,No,Mobile,46,5,66,45,95,6,22,76,59,1,None,None
DEV_005,2024-10-15 00:00:00,61,17,15,No,Mobile,12,11,72,67,12,12,94,27,83,1,None,None
DEV_005,2024-10-15 06:00:00,28,77,25,No,Mobile,10,31,5,78,53,4,89,28,16,1,None,None
DEV_005,2024-10-15 12:00:00,78,49,11,No,Mobile,77,80,15,75,83,38,39,66,27,1,None,None
DEV_005,2024-10-15 18:00:00,1,94,23,No,Mobile,89,44,21,28,21,58,58,90,41,1,None,None
DEV_005,2024-10-16 00:00:00,46,37,62,No,Mobile,67,91,59,80,14,49,12,77,37,1,None,None
DEV_005,2024-10-16 12:00:00,82,26,61,No,Mobile,29,62,71,82,11,4,47,87,51,1,None,None
DEV_005,2024-10-16 18:00:00,66,84,41,No,Mobile,78,92,94,16,46,59,97,50,83,1,None,None
DEV_005,2024-10-17 00:00:00,96,1,12,No,Mobile,43,55,41,98,13,50,1,80,98,1,None,None
DEV_005,2024-10-17 06:00:00,42,56,4,No,Mobile,6,11,87,20,86,3,13,69,52,1,None,None
DEV_005,2024-10-17 12:00:00,90,59,29,No,Mobile,25,60,70,27,35,86,87,31,97,1,None,None
DEV_005,2024-10-17 18:00:00,64,23,33,No,Mobile,51,50,80,66,31,34,6,83,55,1,None,None
DEV_005,2024-10-18 00:00:00,24,62,70,No,Mobile,73,76,15,70,21,80,40,2,55,1,None,None
DEV_005,2024-10-18 06:00:00,56,4,73,No,Mobile,47,41,97,5,43,22,29,19,63,1,None,None
DEV_005,2024-10-18 12:00:00,38,2,40,No,Mobile,62,8,19,62,64,12,54,25,50,1,None,None
DEV_005,2024-10-18 18:00:00,64,78,93,No,Mobile,71,59,20,53,13,58,75,74,3,1,None,None
DEV_005,2024-10-19 00:00:00,8,39,77,No,Mobile,57,42,18,50,19,39,58,95,12,1,None,None
DEV_005,2024-10-19 06:00:00,64,46,3,No,Mobile,9,90,12,11,73,81,52,89,85,1,None,None
DEV_005,2024-10-19 12:00:00,11,67,18,No,Mobile,91,49,27,26,39,76,12,58,80,1,None,None
DEV_005,2024-10-19 18:00:00,92,99,18,No,Mobile,50,29,83,4,47,27,73,21,5,1,None,None
DEV_005,2024-10-20 00:00:00,14,97,42,No,Mobile,21,66,19,20,13,34,83,12,43,1,None,None
DEV_005,2024-10-20 06:00:00,6,31,13,No,Mobile,16,36,93,87,29,68,33,6,26,1,None,None
DEV_005,2024-10-20 12:00:00,29,66,21,No,Mobile,74,34,38,97,24,91,44,60,55,1,None,None
DEV_005,2024-10-20 18:00:00,64,40,51,No,Mobile,51,75,95,5,53,28,5,44,98,1,None,None
DEV_005,2024-10-21 00:00:00,65,96,52,No,Mobile,48,7,62,14,68,96,5,76,79,1,None,None
DEV_005,2024-10-21 06:00:00,45,96,64,No,Mobile,86,2,44,9,24,53,57,21,83,1,None,None
DEV_005,2024-10-21 12:00:00,25,44,4,No,Mobile,95,44,83,72,52,22,33,76,18,1,None,None
DEV_005,2024-10-21 18:00:00,30,60,75,No,Mobile,85,52,79,60,67,3,18,94,75,1,None,None
DEV_005,2024-10-22 00:00:00,54,62,68,No,Mobile,87,93,41,99,69,76,78,21,23,1,None,None
DEV_005,2024-10-22 06:00:00,29,77,41,No,Mobile,1,63,82,80,69,35,66,91,57,1,None,None
DEV_005,2024-10-22 12:00:00,14,14,42,No,Mobile,77,50,31,18,31,19,22,67,5,1,None,None
DEV_005,2024-10-22 18:00:00,4,48,10,No,Mobile,45,87,8,76,71,50,32,94,4,1,None,None
DEV_005,2024-10-23 00:00:00,81,81,55,No,Mobile,1,50,43,85,68,8,63,81,24,1,None,None
DEV_005,2024-10-23 06:00:00,37,62,47,No,Mobile,71,56,17,10,80,10,84,62,49,1,None,None
DEV_005,2024-10-23 12:00:00,34,33,28,No,Mobile,51,60,7,2,5,62,95,19,66,1,None,None
DEV_005,2024-10-23 18:00:00,78,25,61,No,Mobile,38,51,78,85,70,18,17,41,5,1,None,None
DEV_005,2024-10-24 00:00:00,1,11,5,No,Mobile,21,55,20,82,41,29,26,76,28,1,None,None
DEV_005,2024-10-24 06:00:00,69,39,70,No,Mobile,84,39,6,5,37,57,99,29,57,1,None,None
DEV_005,2024-10-24 12:00:00,10,86,48,No,Mobile,74,26,49,86,26,25,71,52,41,1,None,None
DEV_005,2024-10-24 18:00:00,98,80,90,No,Mobile,22,25,88,7,7,23,58,49,75,1,None,None
DEV_005,2024-10-25 00:00:00,92,97,40,No,Mobile,50,69,46,46,66,30,72,37,84,1,None,None
DEV_005,2024-10-25 06:00:00,59,96,62,No,Mobile,81,57,53,36,62,87,23,73,56,1,None,None
DEV_005,2024-10-25 18:00:00,48,60,10,No,Mobile,46,74,8,82,83,15,17,39,70,1,None,None
DEV_005,2024-10-26 00:00:00,61,33,80,No,Mobile,58,92,41,9,19,24,31,63,93,1,None,None
DEV_005,2024-10-26 06:00:00,76,13,53,No,Mobile,79,99,9,70,11,9,33,86,73,1,None,None
DEV_005,2024-10-26 12:00:00,67,91,95,No,Mobile,98,68,76,47,51,19,83,8,96,1,None,None
DEV_005,2024-10-26 18:00:00,22,25,95,No,Mobile,4,82,35,81,34,84,91,42,48,1,None,None
DEV_005,2024-10-27 00:00:00,41,8,19,No,Mobile,59,9,99,7,71,5,26,61,3,1,None,None
DEV_005,2024-10-27 06:00:00,62,66,56,No,Mobile,21,99,92,63,49,33,45,91,95,1,None,None
DEV_005,2024-10-27 12:00:00,97,68,16,No,Mobile,84,19,31,3,60,50,54,18,95,1,None,None
DEV_005,2024-10-27 18:00:00,45,47,11,No,Mobile,30,25,98,21,99,37,59,31,80,1,Disassociation,None
DEV_005,2024-10-28 00:00:00,1,65,50,No,Mobile,69,76,92,60,53,94,89,86,47,1,None,None
DEV_005,2024-10-28 06:00:00,6,25,17,No,Mobile,33,11,33,28,13,88,45,41,84,1,None,None
DEV_005,2024-10-28 12:00:00,81,55,39,No,Mobile,24,83,63,60,75,48,43,47,57,1,None,None
DEV_005,2024-10-28 18:00:00,99,79,40,No,Mobile,21,58,67,72,21,20,5,47,64,1,None,None
DEV_005,2024-10-29 00:00:00,47,4,71,No,Mobile,70,70,43,39,2,49,96,92,85,1,None,None
DEV_005,2024-10-29 06:00:00,16,55,93,No,Mobile,93,68,60,58,17,55,48,13,85,1,None,None
DEV_005,2024-10-29 12:00:00,80,65,68,No,Mobile,70,58,51,62,61,54,8,14,42,1,None,None
DEV_005,2024-10-29 18:00:00,27,62,96,No,Mobile,15,71,90,8,12,62,4,53,31,1,None,None
DEV_005,2024-10-30 00:00:00,12,29,53,Yes,Mobile,26,81,84,52,96,38,9,60,89,1,None,None
DEV_005,2024-10-30 06:00:00,31,79,77,No,Mobile,5,84,40,47,23,33,2,30,60,1,None,None
DEV_005,2024-10-30 12:00:00,18,44,36,No,Mobile,19,49,21,53,82,75,42,95,71,1,None,None
DEV_005,2024-10-30 18:00:00,42,51,34,No,Mobile,54,58,15,29,92,38,49,5,91,1,None,None
DEV_005,2024-10-31 00:00:00,42,48,99,No,Mobile,6,67,16,29,98,56,46,12,18,1,None,None
DEV_005,2024-10-31 06:00:00,76,43,29,No,Mobile,35,61,28,58,85,71,67,53,96,1,None,None
DEV_005,2024-10-31 12:00:00,4,56,62,No,Mobile,30,59,43,61,25,58,58,21,77,1,None,None
DEV_005,2024-10-31 18:00:00,3,73,62,No,Mobile,46,9,83,22,45,87,42,70,16,1,None,None
DEV_005,2024-11-01 00:00:00,54,18,47,No,Mobile,76,75,73,28,8,92,45,38,83,1,None,None
DEV_005,2024-11-01 06:00:00,37,75,29,No,Mobile,77,8,88,60,41,43,74,13,91,1,None,None
DEV_005,2024-11-01 12:00:00,72,88,83,No,Mobile,38,48,67,22,66,57,6,93,95,1,None,None
DEV_005,2024-11-01 18:00:00,9,35,24,No,Mobile,67,90,46,26,47,92,39,87,68,1,None,None
DEV_005,2024-11-02 00:00:00,75,14,81,No,Mobile,96,35,30,69,16,51,74,47,21,1,None,None
DEV_005,2024-11-02 06:00:00,48,26,9,No,Mobile,76,15,98,86,80,90,42,2,19,1,None,None
DEV_005,2024-11-02 12:00:00,15,98,66,Yes,Mobile,98,60,99,63,89,43,65,47,37,1,None,None
DEV_005,2024-11-02 18:00:00,79,73,99,No,Mobile,67,56,89,64,50,94,53,72,70,1,None,None
DEV_005,2024-11-03 00:00:00,43,8,45,Yes,Mobile,92,75,73,43,47,64,52,6,43,1,None,None
DEV_005,2024-11-03 06:00:00,6,17,92,No,Mobile,44,61,95,16,60,58,44,87,27,1,None,None
DEV_005,2024-11-03 12:00:00,74,73,65,No,Mobile,95,17,64,47,2,57,92,79,40,1,None,None
DEV_005,2024-11-03 18:00:00,66,92,50,No,Mobile,13,97,27,26,26,34,54,22,83,1,None,None
DEV_005,2024-11-04 00:00:00,9,46,55,No,Mobile,70,58,15,40,95,83,15,98,36,1,None,None
DEV_005,2024-11-04 06:00:00,22,25,4,No,Mobile,12,4,23,70,83,19,37,49,99,1,None,None
DEV_005,2024-11-04 12:00:00,4,13,1,No,Mobile,44,49,81,24,97,21,35,33,17,1,None,None
DEV_005,2024-11-04 18:00:00,30,41,59,No,Mobile,48,79,99,65,12,30,38,15,85,1,None,None
DEV_005,2024-11-05 00:00:00,52,41,21,No,Mobile,55,49,61,6,67,22,25,84,30,1,None,None
DEV_005,2024-11-05 06:00:00,2,33,56,No,Mobile,52,45,50,59,24,75,72,94,77,1,None,None
DEV_005,2024-11-05 12:00:00,43,3,69,No,Mobile,65,78,68,19,30,11,92,98,50,1,None,None
DEV_005,2024-11-05 18:00:00,76,13,57,No,Mobile,82,95,46,53,47,66,93,55,45,1,None,None
DEV_005,2024-11-06 00:00:00,31,69,38,No,Mobile,75,95,89,4,72,24,69,93,86,1,None,None
DEV_005,2024-11-06 06:00:00,41,26,75,No,Mobile,26,70,67,89,45,12,61,93,8,1,None,None
DEV_005,2024-11-06 12:00:00,58,81,92,No,Mobile,26,20,83,14,39,89,35,83,30,1,None,None
DEV_005,2024-11-06 18:00:00,21,93,31,No,Mobile,3,38,60,92,39,12,98,4,1,1,None,None
DEV_005,2024-11-07 00:00:00,99,83,11,No,Mobile,38,65,59,54,53,95,84,67,46,1,None,None
DEV_005,2024-11-07 06:00:00,21,29,68,No,Mobile,1,31,45,81,78,77,26,82,89,1,None,None
DEV_005,2024-11-07 12:00:00,30,97,81,No,Mobile,54,48,84,33,93,83,39,19,80,1,None,None
DEV_005,2024-11-07 18:00:00,94,37,64,No,Mobile,26,40,7,92,8,14,19,98,49,1,None,None
DEV_005,2024-11-08 00:00:00,93,99,58,No,Mobile,73,37,5,18,68,75,64,82,68,1,None,None
DEV_005,2024-11-08 06:00:00,72,74,67,Yes,Mobile,95,91,92,38,7,91,51,67,43,1,None,None
DEV_005,2024-11-08 12:00:00,35,71,68,No,Mobile,35,34,74,74,16,62,84,42,45,1,None,None
DEV_005,2024-11-08 18:00:00,99,25,29,No,Mobile,35,28,83,19,45,42,4,27,18,1,None,None
DEV_005,2024-11-09 00:00:00,4,18,58,Yes,Mobile,33,65,94,63,30,71,48,5,91,1,None,None
DEV_005,2024-11-09 06:00:00,29,16,87,No,Mobile,71,32,43,30,3,77,25,1,74,1,None,None
DEV_005,2024-11-09 12:00:00,3,25,36,No,Mobile,81,52,19,93,65,31,41,56,14,1,None,None
DEV_005,2024-11-09 18:00:00,9,71,96,No,Mobile,84,23,89,79,88,62,58,11,5,1,None,None
DEV_005,2024-11-10 00:00:00,10,71,65,No,Mobile,69,81,48,20,37,9,94,40,18,1,None,None
DEV_005,2024-11-10 06:00:00,85,43,79,No,Mobile,14,32,63,9,19,28,93,20,67,1,None,None
DEV_005,2024-11-10 12:00:00,47,18,6,No,Mobile,74,28,58,76,88,49,89,92,86,1,None,None
DEV_005,2024-11-10 18:00:00,80,73,18,No,Mobile,32,19,38,21,53,78,92,88,3,1,None,None
DEV_005,2024-11-11 00:00:00,97,91,75,No,Mobile,73,57,10,75,84,56,27,76,20,1,None,None
DEV_005,2024-11-11 06:00:00,34,50,36,No,Mobile,53,17,32,54,63,57,65,84,2,1,None,None
DEV_005,2024-11-11 12:00:00,57,21,13,No,Mobile,1,35,97,50,3,98,82,85,71,1,None,None
DEV_005,2024-11-11 18:00:00,92,91,62,No,Mobile,78,10,74,19,27,23,59,46,65,1,None,None
DEV_005,2024-11-12 00:00:00,91,27,88,No,Mobile,95,10,77,83,80,47,54,73,81,1,None,None
DEV_005,2024-11-12 06:00:00,41,67,94,No,Mobile,35,58,69,94,15,76,32,59,58,1,None,None
DEV_005,2024-11-12 12:00:00,52,27,61,No,Mobile,89,62,1,4,22,55,64,74,84,1,None,None
DEV_005,2024-11-12 18:00:00,91,70,6,No,Mobile,7,36,70,98,78,2,99,80,38,1,None,None
DEV_005,2024-11-13 00:00:00,69,65,32,No,Mobile,13,17,66,21,42,60,65,68,12,1,None,None
DEV_005,2024-11-13 06:00:00,7,11,67,No,Mobile,56,43,56,45,84,76,48,6,51,1,None,None
DEV_005,2024-11-13 12:00:00,27,18,80,No,Mobile,26,22,58,1,7,43,36,60,75,1,None,None
DEV_005,2024-11-13 18:00:00,64,24,3,No,Mobile,13,94,87,94,66,85,23,83,45,1,None,None
DEV_005,2024-11-14 00:00:00,77,58,13,No,Mobile,93,88,18,8,16,33,85,34,51,1,None,None
DEV_005,2024-11-14 06:00:00,67,47,59,No,Mobile,1,14,98,40,66,14,74,93,87,1,None,None
DEV_005,2024-11-14 12:00:00,77,35,56,No,Mobile,28,62,99,87,25,7,63,96,59,1,None,None
DEV_005,2024-11-14 18:00:00,2,64,69,No,Mobile,74,78,82,98,60,5,64,9,84,1,None,None
DEV_005,2024-11-15 00:00:00,90,61,8,No,Mobile,70,62,98,3,30,73,10,38,82,1,None,None
DEV_005,2024-11-15 06:00:00,18,74,5,No,Mobile,64,28,33,38,89,3,28,87,68,1,None,None
DEV_005,2024-11-15 12:00:00,5,72,8,No,Mobile,36,74,27,15,14,2,72,94,55,1,None,None
DEV_005,2024-11-15 18:00:00,17,11,56,No,Mobile,41,16,25,30,94,79,32,36,87,1,None,None
DEV_005,2024-11-16 00:00:00,9,6,69,No,Mobile,49,1,18,14,44,27,95,77,32,1,None,None
DEV_005,2024-11-16 06:00:00,75,93,77,No,Mobile,75,98,82,57,72,64,40,33,1,1,None,None
DEV_005,2024-11-16 12:00:00,93,58,80,No,Mobile,60,41,72,36,79,15,89,29,70,1,None,None
DEV_005,2024-11-16 18:00:00,34,54,80,No,Mobile,51,32,79,74,63,8,99,34,21,1,None,None
DEV_005,2024-11-17 00:00:00,35,15,27,No,Mobile,76,69,53,67,48,47,85,1,63,1,None,None
DEV_005,2024-11-17 06:00:00,22,20,22,No,Mobile,81,18,79,94,46,43,92,94,63,1,None,None
DEV_005,2024-11-17 12:00:00,93,44,47,No,Mobile,7,5,97,52,92,95,9,89,84,1,None,None
DEV_005,2024-11-17 18:00:00,90,9,92,No,Mobile,69,80,19,87,89,86,7,80,86,1,None,None
DEV_005,2024-11-18 00:00:00,57,27,20,No,Mobile,80,4,73,71,10,22,61,22,65,1,None,None
DEV_005,2024-11-18 06:00:00,87,85,85,No,Mobile,45,84,32,39,98,2,93,84,71,1,None,None
DEV_005,2024-11-18 18:00:00,24,42,49,No,Mobile,97,71,9,98,23,97,79,98,55,1,None,None
DEV_005,2024-11-19 00:00:00,89,94,46,No,Mobile,19,30,8,86,63,2,71,21,25,1,None,None
DEV_005,2024-11-19 06:00:00,88,26,95,No,Mobile,91,22,49,46,16,39,20,96,24,1,None,None
DEV_005,2024-11-19 12:00:00,1,51,9,No,Mobile,99,16,73,76,95,19,69,52,62,1,None,None
DEV_005,2024-11-19 18:00:00,49,15,67,Yes,Mobile,89,86,11,75,26,40,63,5,91,1,None,None
DEV_005,2024-11-20 00:00:00,54,16,43,No,Mobile,44,16,79,7,51,34,36,73,85,1,None,None
DEV_005,2024-11-20 06:00:00,29,59,61,No,Mobile,1,69,48,4,73,97,83,71,85,1,None,None
DEV_005,2024-11-20 12:00:00,24,44,53,No,Mobile,23,65,37,69,4,54,50,29,44,1,None,None
DEV_005,2024-11-20 18:00:00,9,15,75,Yes,Mobile,23,9,6,12,64,64,43,72,53,1,None,None
DEV_005,2024-11-21 00:00:00,85,99,95,No,Mobile,77,96,63,82,14,60,10,61,67,1,None,None
DEV_005,2024-11-21 06:00:00,27,99,83,No,Mobile,40,36,69,20,72,89,21,13,33,1,None,None
DEV_005,2024-11-21 12:00:00,60,2,45,No,Mobile,94,80,9,15,1,24,37,95,1,1,None,None
DEV_005,2024-11-21 18:00:00,40,86,50,No,Mobile,40,11,66,18,92,80,45,43,9,1,None,None
DEV_005,2024-11-22 00:00:00,92,32,36,No,Mobile,83,56,88,3,46,36,59,17,43,1,None,None
DEV_005,2024-11-22 06:00:00,50,68,43,No,Mobile,49,71,47,57,64,31,67,5,46,1,None,None
DEV_005,2024-11-22 12:00:00,64,57,15,No,Mobile,80,85,25,88,6,3,96,13,55,1,Association,None
DEV_005,2024-11-22 18:00:00,3,64,47,No,Mobile,40,8,56,77,33,91,1,42,76,1,None,None
DEV_005,2024-11-23 00:00:00,21,14,32,No,Mobile,12,63,52,74,41,85,86,39,98,1,None,None
DEV_005,2024-11-23 06:00:00,30,95,96,No,Mobile,56,98,82,6,58,63,74,69,35,1,None,None
DEV_005,2024-11-23 12:00:00,75,12,88,No,Mobile,81,16,55,38,82,26,22,70,58,1,None,None
DEV_005,2024-11-23 18:00:00,65,10,95,No,Mobile,36,98,57,38,8,65,39,75,78,1,None,None
DEV_005,2024-11-24 00:00:00,30,51,3,No,Mobile,70,80,77,7,53,77,23,80,42,1,None,None
DEV_005,2024-11-24 06:00:00,39,76,3,No,Mobile,14,86,26,35,80,45,5,53,97,1,None,None
DEV_005,2024-11-24 12:00:00,53,40,80,No,Mobile,14,22,68,81,9,27,60,99,20,1,None,None
DEV_005,2024-11-24 18:00:00,87,75,25,No,Mobile,71,50,72,22,40,72,14,35,84,1,None,None
DEV_005,2024-11-25 00:00:00,65,25,48,No,Mobile,11,97,19,18,19,40,27,5,4,1,None,None
DEV_005,2024-11-25 06:00:00,89,18,12,No,Mobile,99,64,29,78,4,89,57,94,68,1,None,None
DEV_005,2024-11-25 12:00:00,49,61,87,No,Mobile,72,30,31,16,63,34,46,39,55,1,None,None
DEV_005,2024-11-25 18:00:00,53,81,30,No,Mobile,68,4,37,39,40,42,63,68,17,1,Association,None
DEV_005,2024-11-26 00:00:00,3,29,8,No,Mobile,49,7,24,5,71,86,4,89,54,1,None,None
DEV_005,2024-11-26 06:00:00,17,14,48,No,Mobile,48,6,23,48,7,86,91,38,33,1,None,None
DEV_005,2024-11-26 12:00:00,41,20,10,No,Mobile,87,27,51,60,95,21,91,79,61,1,None,None
DEV_005,2024-11-26 18:00:00,77,33,32,No,Mobile,55,29,27,77,22,5,35,50,71,1,None,None
DEV_005,2024-11-27 00:00:00,12,67,65,No,Mobile,17,18,10,59,53,4,53,28,51,1,None,None
DEV_005,2024-11-27 06:00:00,63,10,32,No,Mobile,68,7,93,45,75,56,17,62,8,1,None,None
DEV_005,2024-11-27 12:00:00,59,39,89,No,Mobile,48,65,50,46,54,67,56,1,47,1,None,None
DEV_005,2024-11-27 18:00:00,30,65,3,No,Mobile,47,81,97,77,63,36,72,36,76,1,None,None
DEV_005,2024-11-28 00:00:00,65,75,67,No,Mobile,78,77,20,99,12,75,24,70,40,1,None,None
DEV_005,2024-11-28 06:00:00,57,79,22,No,Mobile,26,49,68,6,49,65,23,85,50,1,None,None
DEV_005,2024-11-28 12:00:00,88,69,90,No,Mobile,48,27,76,32,29,19,92,25,16,1,None,None
DEV_005,2024-11-28 18:00:00,7,27,87,No,Mobile,85,77,32,49,15,64,12,85,22,1,None,None
DEV_005,2024-11-29 00:00:00,5,32,23,No,Mobile,97,70,48,33,42,54,30,45,12,1,None,None
DEV_005,2024-11-29 06:00:00,67,41,99,No,Mobile,3,27,14,33,55,17,13,78,85,1,None,None
DEV_005,2024-11-29 12:00:00,57,70,99,No,Mobile,2,12,78,53,99,14,7,1,43,1,None,None
DEV_005,2024-11-29 18:00:00,88,18,28,No,Mobile,4,38,82,64,66,81,78,16,22,1,None,None
DEV_005,2024-11-30 00:00:00,51,74,27,No,Mobile,37,40,27,65,72,65,19,48,4,1,None,None
DEV_005,2024-11-30 06:00:00,62,18,83,No,Mobile,56,48,91,5,77,88,46,59,31,1,None,None
DEV_005,2024-11-30 12:00:00,13,75,58,No,Mobile,42,64,45,85,84,23,62,97,72,1,None,None
DEV_005,2024-11-30 18:00:00,53,83,10,No,Mobile,55,42,48,82,73,38,38,1,81,1,None,None
DEV_005,2024-12-01 00:00:00,99,28,22,No,Mobile,50,35,82,69,77,74,59,10,72,1,None,None
DEV_005,2024-12-01 06:00:00,19,44,34,No,Mobile,53,3,87,2,46,55,22,29,47,1,None,None
DEV_005,2024-12-01 12:00:00,19,31,43,No,Mobile,64,2,90,22,91,17,43,3,2,1,None,None
DEV_005,2024-12-01 18:00:00,40,21,76,No,Mobile,99,82,82,11,92,77,74,46,8,1,None,None
DEV_005,2024-12-02 00:00:00,57,58,96,No,Mobile,86,27,58,51,74,21,76,10,91,1,None,None
DEV_005,2024-12-02 06:00:00,5,32,92,No,Mobile,66,35,8,57,57,49,58,1,48,1,None,None
DEV_005,2024-12-02 12:00:00,91,16,26,No,Mobile,79,26,25,42,2,68,48,87,84,1,None,None
DEV_005,2024-12-02 18:00:00,43,69,56,No,Mobile,69,66,38,70,70,79,39,82,93,1,None,None
DEV_005,2024-12-03 00:00:00,41,24,2,No,Mobile,29,13,89,7,46,69,59,75,72,1,None,None
DEV_005,2024-12-03 06:00:00,18,59,30,No,Mobile,65,90,84,41,37,44,94,64,43,1,None,None
DEV_005,2024-12-03 12:00:00,81,93,5,No,Mobile,17,38,62,40,18,46,31,65,68,1,None,None
DEV_005,2024-12-03 18:00:00,87,74,39,No,Mobile,67,84,81,47,17,66,94,59,74,1,None,None
DEV_005,2024-12-04 00:00:00,27,55,97,No,Mobile,7,61,99,68,25,83,60,96,2,1,None,None
DEV_005,2024-12-04 06:00:00,51,98,23,No,Mobile,2,97,32,54,87,58,65,29,34,1,None,None
DEV_005,2024-12-04 12:00:00,20,19,3,No,Mobile,6,93,54,98,96,32,5,36,66,1,None,None
DEV_005,2024-12-04 18:00:00,97,17,81,No,Mobile,46,16,71,47,73,48,82,12,94,1,None,None
DEV_005,2024-12-05 00:00:00,15,5,23,No,Mobile,49,81,11,95,94,39,30,61,11,1,None,None
DEV_005,2024-12-05 06:00:00,75,27,41,No,Mobile,74,11,43,73,38,87,43,55,55,1,None,None
DEV_005,2024-12-05 12:00:00,85,92,38,No,Mobile,3,28,54,45,73,56,70,57,59,1,None,None
DEV_005,2024-12-05 18:00:00,7,75,15,No,Mobile,62,78,23,36,62,17,37,97,88,1,None,None
DEV_005,2024-12-06 00:00:00,97,88,24,No,Mobile,94,69,8,79,23,23,7,96,97,1,Disassociation,None
DEV_005,2024-12-06 06:00:00,74,94,82,No,Mobile,17,5,72,69,78,61,64,40,73,1,Disassociation,None
DEV_005,2024-12-06 12:00:00,50,98,50,No,Mobile,76,37,67,61,59,71,52,2,63,1,None,None
DEV_005,2024-12-06 18:00:00,32,65,41,No,Mobile,75,22,76,1,92,22,65,78,32,1,None,None
DEV_005,2024-12-07 00:00:00,21,45,50,No,Mobile,3,76,33,88,89,29,57,36,42,1,None,None
DEV_005,2024-12-07 06:00:00,71,18,49,No,Mobile,15,47,5,62,89,19,26,72,74,1,None,None
DEV_005,2024-12-07 12:00:00,34,5,73,No,Mobile,33,27,12,18,14,68,87,61,79,1,None,None
DEV_005,2024-12-07 18:00:00,11,75,47,No,Mobile,78,43,11,56,10,76,88,75,3,1,None,None
DEV_005,2024-12-08 00:00:00,78,78,88,No,Mobile,62,35,11,14,58,28,71,64,57,1,None,None
DEV_005,2024-12-08 06:00:00,16,30,14,No,Mobile,94,85,6,24,27,55,45,17,72,1,None,None
DEV_005,2024-12-08 12:00:00,99,52,10,No,Mobile,88,63,52,8,14,22,59,13,54,1,None,None
DEV_005,2024-12-08 18:00:00,70,20,28,No,Mobile,68,52,2,38,3,64,51,96,78,1,None,None
DEV_005,2024-12-09 00:00:00,89,37,52,No,Mobile,61,77,53,80,24,76,19,24,69,1,None,None
DEV_005,2024-12-09 06:00:00,66,50,79,No,Mobile,87,82,93,43,40,93,68,13,23,1,None,None
DEV_005,2024-12-09 12:00:00,6,62,38,No,Mobile,85,92,9,13,24,97,23,36,38,1,None,None
DEV_005,2024-12-09 18:00:00,19,58,63,No,Mobile,55,4,25,61,20,47,55,24,88,1,None,None
DEV_005,2024-12-10 00:00:00,99,53,95,No,Mobile,78,91,87,26,72,5,36,1,6,1,None,None
DEV_005,2024-12-10 06:00:00,13,13,47,No,Mobile,44,63,69,20,76,54,81,34,91,1,None,None
DEV_005,2024-12-10 12:00:00,53,14,83,No,Mobile,3,42,67,50,83,19,43,78,7,1,None,None
DEV_005,2024-12-10 18:00:00,58,21,40,No,Mobile,72,70,66,57,33,26,36,71,48,1,None,None
DEV_005,2024-12-11 00:00:00,81,41,21,No,Mobile,39,26,95,72,82,36,20,4,36,1,None,None
DEV_005,2024-12-11 06:00:00,92,42,12,No,Mobile,22,68,89,72,29,50,24,11,39,1,None,None
DEV_005,2024-12-11 12:00:00,36,45,87,No,Mobile,42,73,29,21,37,83,62,4,47,1,None,None
DEV_005,2024-12-11 18:00:00,96,13,25,No,Mobile,53,86,67,41,1,27,91,75,53,1,None,None
DEV_005,2024-12-12 00:00:00,52,99,93,No,Mobile,73,51,23,69,57,1,28,1,26,1,None,None
DEV_005,2024-12-12 06:00:00,67,28,15,No,Mobile,35,42,25,13,17,11,85,72,91,1,None,None
DEV_005,2024-12-12 12:00:00,28,95,31,No,Mobile,66,95,18,10,17,3,54,90,80,1,Association,None
DEV_005,2024-12-12 18:00:00,50,51,98,No,Mobile,30,41,3,98,9,29,45,69,20,1,None,None
DEV_005,2024-12-13 00:00:00,28,74,48,No,Mobile,73,6,37,10,60,42,97,26,39,1,None,None
DEV_005,2024-12-13 06:00:00,32,3,54,No,Mobile,6,70,49,59,52,85,44,90,89,1,None,None
DEV_005,2024-12-13 12:00:00,70,3,34,No,Mobile,82,65,27,54,29,74,86,16,21,1,None,None
DEV_005,2024-12-13 18:00:00,74,46,79,No,Mobile,28,90,84,77,32,88,50,24,8,1,None,None
DEV_005,2024-12-14 00:00:00,20,31,67,No,Mobile,53,54,62,20,4,72,43,69,45,1,None,None
DEV_005,2024-12-14 06:00:00,75,71,32,No,Mobile,77,16,90,40,63,12,95,47,16,1,None,None
DEV_005,2024-12-14 12:00:00,76,20,91,No,Mobile,54,98,65,79,58,54,78,58,1,1,None,None
DEV_005,2024-12-14 18:00:00,11,4,75,No,Mobile,5,22,39,41,1,91,10,97,44,1,None,None
DEV_005,2024-12-15 00:00:00,81,74,24,No,Mobile,39,84,34,39,55,48,50,55,63,1,None,None
DEV_005,2024-12-15 06:00:00,37,12,71,No,Mobile,48,40,15,26,74,18,74,21,91,1,None,None
DEV_005,2024-12-15 12:00:00,99,3,98,Yes,Mobile,11,99,69,93,98,48,32,27,59,1,None,None
DEV_005,2024-12-15 18:00:00,65,24,25,No,Mobile,15,27,15,16,46,10,94,63,12,1,None,None
DEV_005,2024-12-16 00:00:00,41,30,68,No,Mobile,46,60,46,89,12,85,25,67,97,1,None,None
DEV_005,2024-12-16 06:00:00,11,86,31,No,Mobile,17,82,53,46,86,47,56,71,38,1,None,None
DEV_005,2024-12-16 12:00:00,70,81,4,No,Mobile,14,81,60,79,22,11,14,25,21,1,None,None
DEV_005,2024-12-16 18:00:00,68,47,14,No,Mobile,77,16,33,99,15,66,73,24,69,1,None,None
DEV_005,2024-12-17 00:00:00,76,53,59,No,Mobile,99,91,75,50,62,3,9,17,82,1,None,None
DEV_005,2024-12-17 06:00:00,6,73,78,No,Mobile,92,82,31,35,77,35,57,90,62,1,Disassociation,None
DEV_005,2024-12-17 12:00:00,57,36,74,No,Mobile,13,83,44,82,94,99,91,85,14,1,None,None
DEV_005,2024-12-17 18:00:00,33,23,94,No,Mobile,70,60,17,2,94,64,71,56,28,1,None,None
DEV_005,2024-12-18 00:00:00,99,21,76,No,Mobile,41,3,24,28,41,37,20,93,13,1,None,None
DEV_005,2024-12-18 06:00:00,27,54,14,No,Mobile,92,72,50,92,90,2,75,30,70,1,None,None
DEV_005,2024-12-18 12:00:00,23,91,86,No,Mobile,38,78,86,45,42,16,40,15,58,1,None,None
DEV_005,2024-12-18 18:00:00,60,27,2,No,Mobile,70,4,87,47,27,53,70,92,60,1,None,None
DEV_005,2024-12-19 00:00:00,4,63,11,No,Mobile,23,61,69,52,92,17,7,12,29,1,None,None
DEV_005,2024-12-19 06:00:00,29,95,85,No,Mobile,28,60,87,95,53,4,38,15,81,1,None,None
DEV_005,2024-12-19 12:00:00,33,35,11,No,Mobile,49,79,25,78,24,14,79,53,30,1,None,None
DEV_005,2024-12-19 18:00:00,2,82,58,No,Mobile,54,85,39,19,21,72,19,19,2,1,None,None
DEV_005,2024-12-20 00:00:00,74,46,55,No,Mobile,11,33,86,50,41,77,23,89,67,1,None,None
DEV_005,2024-12-20 06:00:00,75,89,82,No,Mobile,86,60,41,78,83,96,82,3,55,1,None,None
DEV_005,2024-12-20 12:00:00,39,48,22,No,Mobile,87,37,43,45,75,93,44,4,46,1,None,None
DEV_005,2024-12-20 18:00:00,95,32,84,No,Mobile,5,47,17,33,19,26,99,36,81,1,None,None
DEV_005,2024-12-21 00:00:00,98,17,65,No,Mobile,69,98,69,72,15,56,18,24,67,1,None,None
DEV_005,2024-12-21 06:00:00,70,91,18,No,Mobile,20,73,67,40,77,49,21,27,87,1,None,None
DEV_005,2024-12-21 12:00:00,79,86,19,No,Mobile,29,87,83,67,7,18,66,31,64,1,None,None
DEV_005,2024-12-21 18:00:00,29,4,81,No,Mobile,19,48,67,97,60,25,96,87,64,1,None,None
DEV_005,2024-12-22 00:00:00,78,79,35,No,Mobile,98,14,77,24,3,18,90,88,47,1,None,None
DEV_005,2024-12-22 06:00:00,96,31,86,No,Mobile,71,1,96,54,95,18,57,69,61,1,None,None
DEV_005,2024-12-22 12:00:00,5,98,8,No,Mobile,51,78,37,81,36,7,37,27,63,1,None,None
DEV_005,2024-12-22 18:00:00,50,82,93,No,Mobile,47,63,44,21,96,86,15,97,2,1,None,None
DEV_005,2024-12-23 00:00:00,21,24,13,No,Mobile,22,87,49,48,37,58,1,80,34,1,None,None
DEV_005,2024-12-23 06:00:00,6,86,43,No,Mobile,82,95,51,75,29,67,51,6,26,1,None,None
DEV_005,2024-12-23 12:00:00,3,7,20,No,Mobile,88,58,89,19,97,60,4,32,83,1,None,None
DEV_005,2024-12-23 18:00:00,3,79,39,No,Mobile,80,50,60,87,87,84,6,14,25,1,None,None
DEV_005,2024-12-24 00:00:00,59,4,55,No,Mobile,5,65,31,60,14,77,16,68,95,1,None,None
DEV_005,2024-12-24 06:00:00,2,74,71,No,Mobile,12,34,79,49,38,84,7,43,8,1,None,None
DEV_005,2024-12-24 12:00:00,87,8,28,No,Mobile,42,85,3,60,94,90,34,86,80,1,None,None
DEV_005,2024-12-24 18:00:00,15,7,61,No,Mobile,46,15,13,22,70,99,89,7,3,1,None,None
DEV_005,2024-12-25 00:00:00,37,27,25,No,Mobile,92,81,26,71,85,42,70,12,72,1,None,None
DEV_005,2024-12-25 06:00:00,24,43,39,No,Mobile,9,93,48,33,64,1,74,41,39,1,None,None
DEV_005,2024-12-25 12:00:00,52,85,49,No,Mobile,23,64,12,68,48,56,92,73,33,1,None,None
DEV_005,2024-12-25 18:00:00,22,25,35,No,Mobile,53,46,46,63,20,10,86,4,29,1,None,None
DEV_005,2024-12-26 00:00:00,80,79,90,Yes,Mobile,95,67,65,4,5,4,65,30,20,1,None,None
DEV_005,2024-12-26 06:00:00,50,77,21,No,Mobile,71,69,56,72,97,95,6,59,58,1,None,None
DEV_005,2024-12-26 12:00:00,54,67,77,No,Mobile,80,44,22,13,81,2,51,53,61,1,None,None
DEV_005,2024-12-26 18:00:00,69,58,63,No,Mobile,64,11,41,32,5,45,86,55,76,1,None,None
DEV_005,2024-12-27 00:00:00,94,39,5,No,Mobile,84,60,81,23,59,64,34,91,23,1,None,None
DEV_005,2024-12-27 06:00:00,63,47,61,No,Mobile,85,85,89,31,94,37,37,65,44,1,None,None
DEV_005,2024-12-27 12:00:00,18,77,56,No,Mobile,9,90,23,98,32,17,82,59,92,1,None,None
DEV_005,2024-12-27 18:00:00,88,85,36,No,Mobile,68,11,8,4,88,67,13,18,21,1,None,None
DEV_005,2024-12-28 00:00:00,96,2,85,No,Mobile,13,32,41,20,24,20,16,33,42,1,None,None
DEV_005,2024-12-28 06:00:00,72,66,57,No,Mobile,26,74,72,94,69,39,32,47,65,1,None,None
DEV_005,2024-12-28 12:00:00,6,68,20,No,Mobile,83,81,52,88,15,82,53,87,1,1,Association,None
DEV_005,2024-12-28 18:00:00,30,72,54,No,Mobile,74,25,42,72,70,55,70,22,18,1,None,None
DEV_005,2024-12-29 00:00:00,6,24,36,No,Mobile,2,67,26,29,48,57,75,60,79,1,None,None
DEV_005,2024-12-29 06:00:00,94,61,9,No,Mobile,57,48,7,32,35,98,85,73,66,1,None,None
DEV_005,2024-12-29 12:00:00,80,26,81,No,Mobile,41,61,57,45,59,2,83,40,61,1,None,None
DEV_005,2024-12-29 18:00:00,66,56,10,No,Mobile,40,72,57,49,89,7,31,47,91,1,None,None
DEV_006,2024-09-01 00:00:00,87,71,80,No,Mobile,87,84,23,48,21,10,39,31,13,1,None,None
DEV_006,2024-09-02 06:00:00,43,50,26,No,Mobile,98,61,49,80,76,14,63,66,76,1,None,None
DEV_006,2024-09-03 12:00:00,72,35,19,No,Mobile,63,91,40,42,38,66,39,73,68,1,None,None
DEV_006,2024-09-04 18:00:00,52,24,83,No,Mobile,29,10,17,33,63,2,42,44,4,1,None,None
DEV_006,2024-09-06 00:00:00,31,59,3,No,Mobile,89,42,92,17,61,54,67,35,17,1,None,None
DEV_006,2024-09-07 06:00:00,48,78,50,No,Mobile,51,69,1,90,74,48,13,87,72,1,None,None
DEV_006,2024-09-08 12:00:00,34,20,80,No,Mobile,41,77,88,88,1,2,60,49,24,1,None,None
DEV_006,2024-09-09 18:00:00,51,33,86,No,Mobile,61,7,28,5,64,76,84,58,70,1,None,None
DEV_006,2024-09-11 00:00:00,57,81,19,No,Mobile,16,85,96,27,70,64,31,41,42,1,None,None
DEV_006,2024-09-12 06:00:00,97,98,46,No,Mobile,84,84,87,44,46,30,51,11,70,1,None,None
DEV_006,2024-09-13 12:00:00,11,91,45,No,Mobile,75,62,21,54,18,2,21,69,70,1,None,None
DEV_006,2024-09-14 18:00:00,64,2,99,No,Mobile,50,64,17,69,88,61,98,83,45,1,None,None
DEV_006,2024-09-16 00:00:00,37,14,53,No,Mobile,8,30,67,82,48,23,82,49,98,1,None,None
DEV_006,2024-09-17 06:00:00,25,37,56,No,Mobile,64,70,64,27,23,45,29,45,9,1,None,None
DEV_006,2024-09-18 12:00:00,11,90,30,No,Mobile,62,10,91,9,73,32,99,87,55,1,None,None
DEV_006,2024-09-19 18:00:00,23,82,90,No,Mobile,50,61,3,34,58,43,54,84,28,1,None,None
DEV_006,2024-09-21 00:00:00,45,23,31,No,Mobile,50,63,59,83,18,89,89,39,88,1,None,None
DEV_006,2024-09-22 06:00:00,19,98,59,No,Mobile,82,80,91,81,80,57,6,68,79,1,None,None
DEV_006,2024-09-23 12:00:00,65,31,21,No,Mobile,53,40,27,84,97,92,82,52,65,1,None,None
DEV_006,2024-09-24 18:00:00,94,62,9,No,Mobile,74,38,1,3,78,57,89,4,98,1,None,None
DEV_006,2024-09-26 00:00:00,6,12,91,Yes,Mobile,77,76,3,25,70,3,41,97,54,1,None,None
DEV_006,2024-09-27 06:00:00,57,6,83,No,Mobile,76,32,25,64,28,26,46,96,83,1,Association,None
DEV_006,2024-09-28 12:00:00,55,15,10,No,Mobile,56,63,57,46,87,13,54,24,97,1,None,None
DEV_006,2024-09-29 18:00:00,60,68,84,Yes,Mobile,92,54,9,69,26,36,77,54,64,1,None,None
DEV_006,2024-10-01 00:00:00,73,46,66,No,Mobile,50,80,21,21,6,54,53,80,60,1,None,None
DEV_006,2024-10-02 06:00:00,73,76,18,No,Mobile,67,20,35,94,34,9,23,98,33,1,None,None
DEV_006,2024-10-03 12:00:00,38,22,20,No,Mobile,8,27,24,91,11,35,23,44,58,1,None,None
DEV_006,2024-10-04 18:00:00,47,52,88,No,Mobile,3,55,46,95,83,34,4,85,68,1,None,None
DEV_006,2024-10-06 00:00:00,14,43,39,No,Mobile,45,76,98,39,79,89,80,36,51,1,None,None
DEV_006,2024-10-07 06:00:00,87,56,66,No,Mobile,52,10,16,52,70,30,41,87,9,1,None,None
DEV_006,2024-10-08 12:00:00,70,60,94,No,Mobile,4,98,84,99,96,98,97,50,44,1,None,None
DEV_006,2024-10-09 18:00:00,96,96,10,No,Mobile,57,31,21,1,52,43,63,91,21,1,None,None
DEV_006,2024-10-11 00:00:00,90,51,97,No,Mobile,34,93,83,25,12,93,52,6,97,1,None,None
DEV_006,2024-10-12 06:00:00,35,16,90,No,Mobile,34,35,64,41,48,28,1,63,98,1,None,None
DEV_006,2024-10-13 12:00:00,54,2,44,No,Mobile,86,43,59,40,91,10,21,32,95,1,None,None
DEV_006,2024-10-14 18:00:00,66,47,99,No,Mobile,50,77,21,26,48,5,96,60,26,1,None,None
DEV_006,2024-10-16 00:00:00,69,30,18,No,Mobile,34,48,6,25,98,54,60,29,26,1,None,None
DEV_006,2024-10-17 06:00:00,88,45,4,Yes,Mobile,90,10,97,80,58,79,72,50,7,1,None,None
DEV_006,2024-10-18 12:00:00,39,57,17,No,Mobile,97,16,42,64,40,91,8,63,58,1,None,None
DEV_006,2024-10-19 18:00:00,47,50,17,No,Mobile,97,94,31,27,42,24,93,18,55,1,None,None
DEV_006,2024-10-21 00:00:00,33,55,54,No,Mobile,42,40,76,17,64,26,85,2,66,1,None,None
DEV_006,2024-10-22 06:00:00,78,81,47,No,Mobile,88,74,90,4,41,28,7,36,16,1,None,None
DEV_006,2024-10-23 12:00:00,19,89,40,No,Mobile,4,13,62,56,42,74,37,74,47,1,None,None
DEV_006,2024-10-24 18:00:00,85,76,58,No,Mobile,42,2,16,8,50,74,35,3,28,1,None,None
DEV_006,2024-10-26 00:00:00,25,70,44,No,Mobile,67,56,26,17,33,90,45,69,58,1,None,None
DEV_006,2024-10-27 06:00:00,91,62,58,No,Mobile,82,10,66,59,29,70,42,93,65,1,None,None
DEV_006,2024-10-28 12:00:00,24,84,22,No,Mobile,58,79,20,23,83,25,72,91,39,1,None,None
DEV_006,2024-10-29 18:00:00,92,17,76,No,Mobile,71,97,63,86,50,81,21,38,28,1,None,None
DEV_006,2024-10-31 00:00:00,17,46,98,No,Mobile,93,61,7,78,45,69,90,65,26,1,Association,None
DEV_006,2024-11-01 06:00:00,58,3,58,No,Mobile,86,46,29,91,84,41,5,86,62,1,None,None
DEV_006,2024-11-02 12:00:00,83,95,60,No,Mobile,74,68,36,29,16,28,73,37,92,1,None,None
DEV_006,2024-11-03 18:00:00,40,5,25,No,Mobile,9,14,11,18,26,56,81,72,39,1,None,None
DEV_006,2024-11-05 00:00:00,78,65,53,No,Mobile,40,80,21,27,59,65,94,57,83,1,None,None
DEV_006,2024-11-06 06:00:00,26,35,92,No,Mobile,9,77,23,53,79,61,66,10,8,1,None,None
DEV_006,2024-11-07 12:00:00,7,4,12,No,Mobile,91,93,16,50,14,11,37,39,51,1,None,None
DEV_006,2024-11-08 18:00:00,91,11,40,No,Mobile,43,61,34,5,15,11,30,23,5,1,None,None
DEV_006,2024-11-10 00:00:00,59,50,87,No,Mobile,50,62,78,73,31,78,27,22,76,1,None,None
DEV_006,2024-11-11 06:00:00,24,70,29,No,Mobile,95,22,3,37,24,10,54,3,90,1,None,None
DEV_006,2024-11-12 12:00:00,25,4,11,No,Mobile,64,60,86,68,74,12,93,93,80,1,None,None
DEV_006,2024-11-13 18:00:00,76,54,84,No,Mobile,89,28,20,66,4,6,12,7,95,1,None,None
DEV_006,2024-11-15 00:00:00,12,70,38,No,Mobile,54,95,36,58,75,69,81,51,14,1,None,None
DEV_006,2024-11-16 06:00:00,38,93,4,No,Mobile,94,32,68,1,93,90,16,73,19,1,None,None
DEV_006,2024-11-17 12:00:00,37,77,47,No,Mobile,17,75,78,55,62,97,8,28,30,1,None,None
DEV_006,2024-11-18 18:00:00,95,27,53,No,Mobile,14,5,87,37,4,92,25,3,56,1,None,None
DEV_006,2024-11-20 00:00:00,54,44,91,No,Mobile,34,16,55,48,36,72,56,30,53,1,None,None
DEV_006,2024-11-21 06:00:00,16,51,96,No,Mobile,27,48,30,79,46,68,85,72,40,1,None,None
DEV_006,2024-11-22 12:00:00,80,96,11,No,Mobile,66,68,59,77,90,26,25,88,59,1,None,None
DEV_006,2024-11-23 18:00:00,4,40,26,No,Mobile,91,96,55,70,36,73,92,96,82,1,None,None
DEV_006,2024-11-25 00:00:00,49,65,7,No,Mobile,15,39,32,72,4,82,92,67,70,1,None,None
DEV_006,2024-11-26 06:00:00,39,63,7,No,Mobile,8,37,54,64,47,44,48,43,35,1,None,None
DEV_006,2024-11-27 12:00:00,27,35,48,No,Mobile,50,34,65,27,52,99,60,55,8,1,None,None
DEV_006,2024-11-28 18:00:00,48,23,79,No,Mobile,14,3,28,91,30,56,70,90,62,1,Disassociation,None
DEV_006,2024-11-30 00:00:00,26,98,86,No,Mobile,13,56,53,82,19,64,73,38,65,1,None,None
DEV_006,2024-12-01 06:00:00,30,48,43,No,Mobile,30,81,78,28,65,18,32,22,94,1,None,None
DEV_006,2024-12-02 12:00:00,45,23,76,No,Mobile,17,98,23,59,73,90,82,42,72,1,None,None
DEV_006,2024-12-03 18:00:00,90,46,4,No,Mobile,97,74,39,20,23,65,58,19,70,1,None,None
DEV_006,2024-12-05 00:00:00,59,61,59,No,Mobile,56,99,5,23,87,55,43,81,37,1,None,None
DEV_006,2024-12-06 06:00:00,92,92,96,No,Mobile,23,62,6,71,6,51,56,17,50,1,None,None
DEV_006,2024-12-07 12:00:00,57,4,38,No,Mobile,8,58,24,31,54,18,87,26,68,1,None,None
DEV_006,2024-12-08 18:00:00,70,31,22,No,Mobile,85,86,45,35,89,48,45,13,35,1,None,None
DEV_006,2024-12-10 00:00:00,45,98,21,No,Mobile,87,44,36,98,6,64,76,62,44,1,None,None
DEV_006,2024-12-11 06:00:00,17,27,78,No,Mobile,33,2,23,62,91,50,61,36,70,1,None,None
DEV_006,2024-12-12 12:00:00,86,86,1,No,Mobile,33,31,79,6,58,90,20,78,4,1,None,None
DEV_006,2024-12-13 18:00:00,23,43,84,No,Mobile,21,19,78,66,97,11,63,60,41,1,None,None
DEV_006,2024-12-15 00:00:00,53,37,1,No,Mobile,29,91,14,24,30,9,52,47,40,1,None,None
DEV_006,2024-12-16 06:00:00,41,28,82,No,Mobile,79,17,2,73,81,89,45,18,24,1,None,None
DEV_006,2024-12-17 12:00:00,11,53,35,No,Mobile,85,31,8,32,45,16,97,78,25,1,None,None
DEV_006,2024-12-18 18:00:00,22,22,75,Yes,Mobile,53,24,89,82,73,72,35,50,46,1,None,None
DEV_006,2024-12-20 00:00:00,24,83,63,No,Mobile,33,6,54,52,35,90,37,36,44,1,None,None
DEV_006,2024-12-21 06:00:00,24,20,83,No,Mobile,67,98,12,34,81,62,63,76,21,1,None,None
DEV_006,2024-12-22 12:00:00,58,51,56,No,Mobile,95,38,63,99,3,42,99,58,96,1,None,None
DEV_006,2024-12-23 18:00:00,57,38,70,No,Mobile,91,75,58,38,40,55,68,17,88,1,None,None
DEV_006,2024-12-25 00:00:00,31,62,66,No,Mobile,11,52,61,62,80,29,14,10,30,1,None,None
DEV_006,2024-12-26 06:00:00,69,31,15,No,Mobile,18,18,28,8,49,64,30,60,33,1,None,None
DEV_006,2024-12-27 12:00:00,24,56,15,No,Mobile,34,29,35,25,65,27,12,31,8,1,None,None
DEV_006,2024-12-28 18:00:00,16,29,5,No,Mobile,55,74,51,76,73,67,80,48,7,1,None,None
DEV_007,2024-09-01 00:00:00,87,83,83,No,Mobile,47,34,99,13,69,83,2,43,92,1,None,None
DEV_007,2024-09-01 20:00:00,98,11,90,No,Mobile,9,6,30,2,87,18,43,87,33,1,None,None
DEV_007,2024-09-02 16:00:00,3,59,45,No,Mobile,87,72,38,48,25,93,48,59,27,1,None,None
DEV_007,2024-09-03 12:00:00,8,10,55,No,Mobile,97,60,80,24,6,97,62,38,90,1,None,None
DEV_007,2024-09-04 08:00:00,43,55,49,No,Mobile,68,47,31,72,51,89,8,6,92,1,None,None
DEV_007,2024-09-05 04:00:00,59,6,99,No,Mobile,13,40,75,13,51,2,36,35,17,1,None,None
DEV_007,2024-09-06 00:00:00,3,81,59,No,Mobile,75,34,20,19,31,15,22,73,75,1,None,None
DEV_007,2024-09-06 20:00:00,98,42,73,No,Mobile,14,84,99,65,28,78,50,35,63,1,None,None
DEV_007,2024-09-07 16:00:00,34,29,35,No,Mobile,88,48,63,66,50,50,41,31,68,1,None,None
DEV_007,2024-09-08 12:00:00,95,11,60,No,Mobile,24,7,71,52,74,78,19,14,52,1,None,None
DEV_007,2024-09-09 08:00:00,35,47,65,No,Mobile,3,82,15,14,29,11,88,79,19,1,None,None
DEV_007,2024-09-10 04:00:00,78,7,70,No,Mobile,35,16,26,68,31,43,12,78,78,1,None,None
DEV_007,2024-09-11 00:00:00,43,62,2,No,Mobile,63,74,43,30,49,13,5,77,23,1,None,None
DEV_007,2024-09-11 20:00:00,13,92,97,No,Mobile,86,27,95,40,99,98,71,7,91,1,None,None
DEV_007,2024-09-12 16:00:00,96,82,48,No,Mobile,20,2,8,66,47,45,81,41,72,1,None,None
DEV_007,2024-09-13 12:00:00,52,50,86,No,Mobile,17,62,50,66,8,11,58,11,34,1,None,None
DEV_007,2024-09-14 08:00:00,3,45,79,No,Mobile,73,98,25,81,49,96,43,73,1,1,None,None
DEV_007,2024-09-15 04:00:00,8,45,17,No,Mobile,75,19,50,77,1,15,61,89,91,1,None,None
DEV_007,2024-09-16 00:00:00,4,39,93,No,Mobile,93,37,38,94,45,1,17,99,22,1,None,None
DEV_007,2024-09-16 20:00:00,16,86,44,No,Mobile,37,9,34,65,68,1,26,64,95,1,None,None
DEV_007,2024-09-17 16:00:00,67,2,94,No,Mobile,91,14,29,16,94,41,15,35,19,1,None,None
DEV_007,2024-09-18 12:00:00,78,3,45,No,Mobile,71,15,52,92,24,8,37,51,6,1,None,None
DEV_007,2024-09-20 04:00:00,59,27,34,No,Mobile,37,16,83,60,33,38,79,28,61,1,None,None
DEV_007,2024-09-21 00:00:00,56,57,78,No,Mobile,88,11,93,89,77,79,83,25,3,1,None,None
DEV_007,2024-09-21 20:00:00,41,72,38,No,Mobile,91,54,87,95,99,8,5,61,78,1,None,None
DEV_007,2024-09-22 16:00:00,52,18,60,No,Mobile,28,78,72,80,16,64,58,20,97,1,None,None
DEV_007,2024-09-23 12:00:00,97,10,43,No,Mobile,43,64,17,11,25,23,23,93,30,1,None,None
DEV_007,2024-09-24 08:00:00,12,54,71,No,Mobile,70,8,64,99,70,97,92,88,82,1,None,None
DEV_007,2024-09-25 04:00:00,7,94,88,No,Mobile,17,81,89,61,96,4,91,95,66,1,None,None
DEV_007,2024-09-26 00:00:00,44,12,24,No,Mobile,7,86,66,20,12,88,44,17,78,1,None,None
DEV_007,2024-09-26 20:00:00,57,61,82,No,Mobile,10,31,19,72,36,32,89,45,27,1,None,None
DEV_007,2024-09-27 16:00:00,46,18,69,No,Mobile,42,52,66,1,68,55,66,53,38,1,None,None
DEV_007,2024-09-28 12:00:00,46,48,62,No,Mobile,33,69,94,66,35,59,57,47,97,1,None,None
DEV_007,2024-09-29 08:00:00,27,99,82,Yes,Mobile,48,25,36,83,72,60,1,63,4,1,None,None
DEV_007,2024-09-30 04:00:00,25,7,26,No,Mobile,82,97,51,24,46,59,94,86,93,1,None,None
DEV_007,2024-10-01 00:00:00,42,84,11,No,Mobile,94,10,77,74,74,64,68,37,26,1,None,None
DEV_007,2024-10-01 20:00:00,27,73,36,No,Mobile,36,39,75,57,34,79,31,73,37,1,None,None
DEV_007,2024-10-02 16:00:00,5,39,67,No,Mobile,97,19,31,96,18,23,77,61,57,1,None,None
DEV_007,2024-10-03 12:00:00,8,60,26,No,Mobile,20,81,31,77,48,74,88,97,88,1,None,None
DEV_007,2024-10-04 08:00:00,29,97,71,No,Mobile,56,96,5,57,52,2,87,62,92,1,None,None
DEV_007,2024-10-05 04:00:00,74,98,89,No,Mobile,99,22,23,24,68,79,80,51,98,1,None,None
DEV_007,2024-10-06 00:00:00,55,98,79,No,Mobile,5,37,52,98,9,28,30,20,18,1,None,None
DEV_007,2024-10-06 20:00:00,1,46,72,No,Mobile,89,32,16,31,91,19,17,28,6,1,None,None
DEV_007,2024-10-07 16:00:00,15,91,71,No,Mobile,90,63,91,53,42,66,82,99,62,1,None,None
DEV_007,2024-10-08 12:00:00,34,8,41,No,Mobile,89,15,22,4,99,20,77,21,71,1,None,None
DEV_007,2024-10-09 08:00:00,19,33,70,No,Mobile,10,46,47,55,42,81,88,44,97,1,None,None
DEV_007,2024-10-10 04:00:00,29,78,52,No,Mobile,61,39,63,91,55,51,83,4,74,1,None,None
DEV_007,2024-10-11 00:00:00,27,86,56,No,Mobile,75,43,59,83,93,76,1,1,79,1,None,None
DEV_007,2024-10-11 20:00:00,64,87,30,No,Mobile,84,27,27,98,50,54,77,28,20,1,None,None
DEV_007,2024-10-12 16:00:00,78,12,94,No,Mobile,20,3,33,77,94,14,37,44,28,1,None,None
DEV_007,2024-10-13 12:00:00,98,57,62,No,Mobile,40,44,47,84,46,26,20,53,17,1,Association,None
DEV_007,2024-10-14 08:00:00,14,15,83,No,Mobile,91,16,83,53,36,75,21,63,96,1,None,None
DEV_007,2024-10-15 04:00:00,51,5,72,No,Mobile,50,71,88,60,73,4,13,80,10,1,None,None
DEV_007,2024-10-16 00:00:00,30,86,87,No,Mobile,80,26,48,40,71,70,64,81,60,1,None,None
DEV_007,2024-10-16 20:00:00,27,51,59,No,Mobile,79,24,54,99,58,84,23,44,81,1,None,None
DEV_007,2024-10-17 16:00:00,99,65,28,No,Mobile,18,63,18,24,15,33,39,5,62,1,None,None
DEV_007,2024-10-18 12:00:00,22,76,46,No,Mobile,13,33,1,92,59,58,65,43,10,1,None,None
DEV_007,2024-10-19 08:00:00,84,63,43,Yes,Mobile,14,2,8,11,96,62,65,70,81,1,None,None
DEV_007,2024-10-20 04:00:00,28,62,38,No,Mobile,49,1,50,14,59,99,94,86,89,1,None,None
DEV_007,2024-10-21 00:00:00,80,20,51,No,Mobile,87,76,47,97,15,98,87,94,79,1,None,None
DEV_007,2024-10-21 20:00:00,67,72,24,No,Mobile,15,38,79,99,43,47,59,85,55,1,None,None
DEV_007,2024-10-22 16:00:00,85,76,27,No,Mobile,15,45,41,67,30,12,42,15,13,1,None,None
DEV_007,2024-10-23 12:00:00,73,65,37,No,Mobile,82,4,10,27,28,3,98,27,28,1,None,None
DEV_007,2024-10-24 08:00:00,70,95,6,No,Mobile,2,1,62,29,56,78,48,13,24,1,None,None
DEV_007,2024-10-25 04:00:00,5,83,68,No,Mobile,9,19,89,65,83,54,60,70,88,1,None,None
DEV_007,2024-10-26 00:00:00,13,8,49,No,Mobile,49,48,40,30,45,25,93,29,13,1,None,None
DEV_007,2024-10-26 20:00:00,32,29,36,No,Mobile,25,22,69,52,26,56,14,40,4,1,None,None
DEV_007,2024-10-27 16:00:00,7,8,40,No,Mobile,42,96,32,69,86,71,94,66,75,1,None,None
DEV_007,2024-10-28 12:00:00,71,60,17,No,Mobile,34,75,9,39,54,61,34,23,35,1,None,None
DEV_007,2024-10-29 08:00:00,62,40,16,No,Mobile,98,5,53,72,69,90,27,85,12,1,None,None
DEV_007,2024-10-30 04:00:00,64,74,47,No,Mobile,44,71,80,66,62,71,58,34,56,1,None,None
DEV_007,2024-10-31 00:00:00,64,17,48,No,Mobile,66,12,80,32,68,59,83,98,26,1,None,None
DEV_007,2024-10-31 20:00:00,61,89,31,No,Mobile,99,58,77,80,2,73,84,96,54,1,None,None
DEV_007,2024-11-01 16:00:00,87,49,56,No,Mobile,44,75,77,44,8,77,66,43,12,1,None,None
DEV_007,2024-11-02 12:00:00,22,94,71,No,Mobile,15,71,3,29,56,46,96,65,81,1,None,None
DEV_007,2024-11-03 08:00:00,25,55,34,No,Mobile,2,16,31,22,44,75,80,81,82,1,None,None
DEV_007,2024-11-04 04:00:00,45,9,93,No,Mobile,57,81,83,66,30,69,57,23,66,1,None,None
DEV_007,2024-11-05 00:00:00,86,10,69,No,Mobile,1,90,89,77,19,92,10,96,80,1,None,None
DEV_007,2024-11-05 20:00:00,32,12,23,No,Mobile,88,83,74,82,26,61,5,86,41,1,None,None
DEV_007,2024-11-06 16:00:00,9,34,27,No,Mobile,27,60,25,83,73,64,60,75,58,1,Association,None
DEV_007,2024-11-07 12:00:00,90,86,26,No,Mobile,50,74,88,52,34,79,27,77,24,1,None,None
DEV_007,2024-11-08 08:00:00,23,54,42,No,Mobile,85,48,13,28,88,25,26,86,91,1,None,None
DEV_007,2024-11-09 04:00:00,17,98,25,No,Mobile,60,63,86,23,16,20,90,39,12,1,None,None
DEV_007,2024-11-10 00:00:00,10,20,45,No,Mobile,52,19,18,80,49,55,70,70,9,1,None,None
DEV_007,2024-11-10 20:00:00,93,30,54,No,Mobile,38,82,30,85,97,38,49,16,25,1,None,None
DEV_007,2024-11-11 16:00:00,64,43,9,No,Mobile,30,49,1,49,4,93,8,96,63,1,None,None
DEV_007,2024-11-12 12:00:00,83,38,18,No,Mobile,91,20,6,81,56,91,16,5,25,1,None,None
DEV_007,2024-11-13 08:00:00,11,20,98,No,Mobile,51,64,55,86,63,72,98,65,4,1,None,None
DEV_007,2024-11-14 04:00:00,27,36,90,No,Mobile,63,14,86,32,85,25,92,57,6,1,None,None
DEV_007,2024-11-15 00:00:00,14,80,3,No,Mobile,69,70,95,68,84,7,18,94,12,1,None,None
DEV_007,2024-11-15 20:00:00,2,83,67,No,Mobile,73,95,76,12,95,12,24,79,21,1,None,None
DEV_007,2024-11-16 16:00:00,59,70,79,No,Mobile,85,16,55,24,21,28,44,92,91,1,None,None
DEV_007,2024-11-17 12:00:00,53,61,45,No,Mobile,30,91,1,33,19,45,5,36,64,1,None,None
DEV_007,2024-11-18 08:00:00,64,98,79,No,Mobile,77,49,86,26,59,93,77,72,84,1,None,None
DEV_007,2024-11-19 04:00:00,36,25,28,No,Mobile,35,13,79,60,2,68,26,1,80,1,None,None
DEV_007,2024-11-20 00:00:00,30,84,1,No,Mobile,57,81,59,26,13,81,55,58,70,1,None,None
DEV_007,2024-11-20 20:00:00,53,72,58,No,Mobile,13,76,77,53,55,91,80,92,90,1,None,None
DEV_007,2024-11-21 16:00:00,61,85,49,No,Mobile,27,65,9,58,99,46,42,74,21,1,None,None
DEV_007,2024-11-22 12:00:00,11,58,10,No,Mobile,88,84,18,87,90,18,83,90,91,1,None,None
DEV_007,2024-11-23 08:00:00,73,31,94,No,Mobile,16,12,54,9,31,33,36,59,6,1,None,None
DEV_007,2024-11-24 04:00:00,7,77,68,No,Mobile,63,46,91,96,3,1,92,2,31,1,None,None
DEV_007,2024-11-25 00:00:00,6,13,53,Yes,Mobile,31,3,8,71,60,92,81,55,48,1,None,None
DEV_007,2024-11-25 20:00:00,41,35,85,No,Mobile,17,26,63,74,54,78,61,36,16,1,None,None
DEV_007,2024-11-26 16:00:00,57,65,38,No,Mobile,86,10,46,27,47,7,86,71,68,1,None,None
DEV_007,2024-11-27 12:00:00,28,13,57,No,Mobile,99,24,9,7,1,72,83,52,48,1,None,None
DEV_007,2024-11-28 08:00:00,40,4,43,No,Mobile,81,65,2,82,77,27,13,22,84,1,None,None
DEV_007,2024-11-29 04:00:00,37,70,8,No,Mobile,76,47,67,54,48,81,74,39,46,1,None,None
DEV_007,2024-11-30 00:00:00,22,31,30,No,Mobile,95,51,32,43,5,92,82,56,83,1,None,None
DEV_007,2024-11-30 20:00:00,3,74,15,No,Mobile,67,77,62,88,66,87,81,16,69,1,None,None
DEV_007,2024-12-01 16:00:00,77,73,13,No,Mobile,97,48,87,94,4,95,75,3,40,1,None,None
DEV_007,2024-12-02 12:00:00,14,85,3,No,Mobile,7,17,68,58,82,49,65,77,57,1,None,None
DEV_007,2024-12-03 08:00:00,78,54,68,No,Mobile,8,9,95,3,95,27,73,5,20,1,None,None
DEV_007,2024-12-04 04:00:00,80,5,9,No,Mobile,70,79,82,69,31,64,3,38,24,1,None,None
DEV_007,2024-12-05 00:00:00,71,34,70,No,Mobile,1,79,77,21,19,83,81,5,98,1,None,None
DEV_007,2024-12-05 20:00:00,68,89,46,No,Mobile,3,7,54,11,80,5,18,70,78,1,None,None
DEV_007,2024-12-06 16:00:00,71,13,11,No,Mobile,15,87,83,8,84,6,64,73,86,1,None,None
DEV_007,2024-12-07 12:00:00,33,32,91,No,Mobile,47,43,81,81,67,7,31,69,2,1,None,None
DEV_007,2024-12-08 08:00:00,19,22,28,No,Mobile,41,43,69,73,68,97,66,31,61,1,None,None
DEV_007,2024-12-10 00:00:00,35,28,50,No,Mobile,99,39,80,10,55,80,69,54,88,1,None,None
DEV_007,2024-12-10 20:00:00,8,19,11,No,Mobile,57,69,59,28,37,26,45,72,1,1,None,None
DEV_007,2024-12-11 16:00:00,91,78,35,No,Mobile,33,51,12,68,13,30,32,64,85,1,None,None
DEV_007,2024-12-12 12:00:00,1,13,6,No,Mobile,13,78,72,67,12,57,81,27,33,1,None,None
DEV_007,2024-12-13 08:00:00,25,67,48,No,Mobile,55,75,85,96,95,64,1,80,48,1,None,None
DEV_007,2024-12-14 04:00:00,20,21,74,No,Mobile,44,32,64,37,74,53,25,63,19,1,None,None
DEV_007,2024-12-15 00:00:00,29,25,41,No,Mobile,11,96,38,82,43,44,8,23,5,1,None,None
DEV_007,2024-12-15 20:00:00,93,22,69,No,Mobile,17,18,45,54,30,73,94,60,2,1,None,None
DEV_007,2024-12-16 16:00:00,40,70,88,No,Mobile,22,14,25,84,75,35,51,79,45,1,None,None
DEV_007,2024-12-17 12:00:00,77,94,49,No,Mobile,9,34,76,50,23,39,22,4,35,1,None,None
DEV_007,2024-12-18 08:00:00,42,13,68,No,Mobile,60,84,68,41,50,76,71,70,86,1,None,None
DEV_007,2024-12-19 04:00:00,94,87,88,No,Mobile,6,98,19,23,50,55,69,3,95,1,None,None
DEV_007,2024-12-20 00:00:00,22,33,58,No,Mobile,82,30,63,67,90,86,25,17,81,1,None,None
DEV_007,2024-12-20 20:00:00,12,56,23,No,Mobile,89,93,33,18,19,2,98,74,95,1,Disassociation,None
DEV_007,2024-12-21 16:00:00,35,62,95,No,Mobile,59,44,54,89,88,90,37,29,75,1,None,None
DEV_007,2024-12-22 12:00:00,9,88,45,No,Mobile,24,78,72,91,9,35,63,70,66,1,None,None
DEV_007,2024-12-23 08:00:00,40,49,19,No,Mobile,49,38,82,62,28,9,80,76,16,1,None,None
DEV_007,2024-12-24 04:00:00,70,54,97,No,Mobile,61,44,1,63,10,46,46,55,77,1,None,None
DEV_007,2024-12-25 00:00:00,22,48,80,No,Mobile,28,78,68,24,91,70,10,72,32,1,None,None
DEV_007,2024-12-25 20:00:00,62,2,68,No,Mobile,2,62,11,17,14,41,34,71,83,1,None,None
DEV_007,2024-12-26 16:00:00,46,58,32,No,Mobile,95,8,89,11,57,73,91,57,75,1,None,None
DEV_007,2024-12-27 12:00:00,70,46,72,No,Mobile,75,26,29,2,40,28,4,64,81,1,None,None
DEV_007,2024-12-28 08:00:00,5,35,91,No,Mobile,90,57,31,77,89,87,47,11,99,1,None,None
DEV_007,2024-12-29 04:00:00,69,48,28,No,Mobile,41,76,58,41,7,38,74,76,28,1,None,None
DEV_008,2024-09-01 00:00:00,80,47,41,No,Mobile,69,55,21,80,15,68,71,48,6,1,None,None
DEV_008,2024-09-01 20:00:00,99,42,27,No,Mobile,5,76,98,75,7,29,41,93,35,1,None,None
DEV_008,2024-09-02 16:00:00,97,10,53,No,Mobile,11,56,79,89,8,19,55,69,40,1,None,None
DEV_008,2024-09-03 12:00:00,55,13,7,No,Mobile,24,13,19,67,34,13,12,58,86,1,None,None
DEV_008,2024-09-04 08:00:00,69,97,49,No,Mobile,50,46,1,91,83,29,64,24,18,1,None,None
DEV_008,2024-09-05 04:00:00,74,98,17,No,Mobile,27,23,91,74,35,10,43,37,25,1,None,None
DEV_008,2024-09-06 00:00:00,18,33,80,No,Mobile,57,85,66,51,77,82,51,77,26,1,None,None
DEV_008,2024-09-06 20:00:00,4,57,79,No,Mobile,99,6,54,64,4,7,14,63,9,1,None,None
DEV_008,2024-09-07 16:00:00,57,91,90,No,Mobile,36,21,18,17,60,64,28,93,46,1,None,None
DEV_008,2024-09-08 12:00:00,65,53,82,No,Mobile,56,59,63,70,17,36,84,4,64,1,None,None
DEV_008,2024-09-09 08:00:00,23,92,68,No,Mobile,3,41,53,57,47,61,20,78,45,1,None,None
DEV_008,2024-09-10 04:00:00,71,31,99,No,Mobile,72,29,38,79,89,53,50,66,36,1,None,None
DEV_008,2024-09-11 00:00:00,82,6,80,No,Mobile,83,61,95,81,71,38,92,15,7,1,None,None
DEV_008,2024-09-11 20:00:00,45,64,62,No,Mobile,9,78,89,14,96,49,11,57,28,1,None,None
DEV_008,2024-09-12 16:00:00,78,72,5,No,Mobile,7,65,8,68,48,85,91,82,86,1,None,None
DEV_008,2024-09-13 12:00:00,48,74,99,No,Mobile,49,7,85,48,50,70,46,87,6,1,None,None
DEV_008,2024-09-14 08:00:00,21,37,57,No,Mobile,47,81,31,38,35,66,71,53,39,1,None,None
DEV_008,2024-09-15 04:00:00,26,11,41,No,Mobile,32,19,93,86,32,34,75,96,21,1,None,None
DEV_008,2024-09-16 00:00:00,10,72,94,No,Mobile,82,21,8,62,18,63,44,17,86,1,None,None
DEV_008,2024-09-16 20:00:00,70,27,94,No,Mobile,96,41,24,28,89,92,34,43,84,1,None,None
DEV_008,2024-09-17 16:00:00,76,15,15,No,Mobile,20,81,42,93,38,32,87,11,85,1,None,None
DEV_008,2024-09-18 12:00:00,98,59,37,No,Mobile,38,45,22,76,97,97,23,64,42,1,None,None
DEV_008,2024-09-19 08:00:00,36,57,74,No,Mobile,87,45,62,17,31,63,10,92,73,1,None,None
DEV_008,2024-09-20 04:00:00,88,35,48,No,Mobile,26,29,59,15,15,26,75,12,60,1,None,None
DEV_008,2024-09-21 00:00:00,22,28,47,No,Mobile,4,84,91,1,97,72,2,31,95,1,None,None
DEV_008,2024-09-21 20:00:00,50,80,82,No,Mobile,68,69,6,51,44,26,77,64,66,1,None,None
DEV_008,2024-09-22 16:00:00,26,4,93,No,Mobile,96,49,90,82,84,15,81,71,35,1,None,None
DEV_008,2024-09-23 12:00:00,41,81,69,No,Mobile,67,94,3,33,50,33,99,61,90,1,None,None
DEV_008,2024-09-24 08:00:00,81,11,13,No,Mobile,70,2,22,46,58,42,13,36,37,1,None,None
DEV_008,2024-09-25 04:00:00,84,60,52,No,Mobile,20,74,1,30,38,42,57,77,66,1,None,None
DEV_008,2024-09-26 00:00:00,22,4,23,No,Mobile,29,47,92,53,13,13,42,90,46,1,None,None
DEV_008,2024-09-26 20:00:00,39,66,16,No,Mobile,96,36,85,45,76,79,95,29,52,1,None,None
DEV_008,2024-09-27 16:00:00,86,50,59,No,Mobile,40,76,40,29,85,95,41,60,22,1,None,None
DEV_008,2024-09-28 12:00:00,80,97,56,Yes,Mobile,80,46,29,91,63,78,5,25,83,1,None,None
DEV_008,2024-09-29 08:00:00,12,82,53,No,Mobile,93,28,35,69,4,5,48,13,31,1,None,None
DEV_008,2024-09-30 04:00:00,68,21,89,No,Mobile,20,43,86,32,17,3,96,64,82,1,None,None
DEV_008,2024-10-01 00:00:00,56,4,34,No,Mobile,78,41,45,65,75,12,67,69,33,1,None,None
DEV_008,2024-10-01 20:00:00,45,86,64,No,Mobile,96,69,74,82,11,96,10,19,56,1,None,None
DEV_008,2024-10-02 16:00:00,80,91,80,No,Mobile,36,31,4,21,93,98,2,80,76,1,None,None
DEV_008,2024-10-03 12:00:00,50,36,87,No,Mobile,12,95,87,39,6,5,86,26,30,1,None,None
DEV_008,2024-10-04 08:00:00,10,39,55,No,Mobile,50,56,37,59,6,49,80,97,94,1,None,None
DEV_008,2024-10-05 04:00:00,53,97,45,No,Mobile,40,78,48,90,36,31,59,93,43,1,None,None
DEV_008,2024-10-06 00:00:00,72,58,92,No,Mobile,39,61,75,87,50,20,39,57,34,1,None,None
DEV_008,2024-10-06 20:00:00,83,3,68,No,Mobile,79,30,1,97,37,82,94,6,1,1,None,None
DEV_008,2024-10-07 16:00:00,74,83,59,No,Mobile,20,11,96,32,12,55,70,30,71,1,None,None
DEV_008,2024-10-08 12:00:00,47,37,69,No,Mobile,84,31,93,99,12,39,17,88,45,1,None,None
DEV_008,2024-10-09 08:00:00,3,82,66,No,Mobile,49,36,85,31,11,52,91,71,99,1,None,None
DEV_008,2024-10-10 04:00:00,91,32,29,No,Mobile,64,3,4,65,51,7,90,50,16,1,None,None
DEV_008,2024-10-11 00:00:00,32,85,68,No,Mobile,84,81,42,66,7,60,89,40,24,1,None,None
DEV_008,2024-10-11 20:00:00,63,5,76,No,Mobile,76,63,30,70,23,35,10,28,94,1,None,None
DEV_008,2024-10-12 16:00:00,74,71,58,Yes,Mobile,12,47,83,91,44,48,34,99,62,1,None,None
DEV_008,2024-10-13 12:00:00,7,23,56,No,Mobile,70,63,74,24,46,22,53,14,51,1,None,None
DEV_008,2024-10-14 08:00:00,98,71,42,No,Mobile,3,11,86,11,93,38,32,86,79,1,None,None
DEV_008,2024-10-15 04:00:00,61,57,79,No,Mobile,63,58,87,34,73,6,23,47,21,1,None,None
DEV_008,2024-10-16 00:00:00,44,27,28,No,Mobile,47,72,39,68,5,23,26,95,13,1,None,None
DEV_008,2024-10-16 20:00:00,44,13,76,No,Mobile,19,28,66,90,7,33,97,68,66,1,None,None
DEV_008,2024-10-17 16:00:00,65,96,89,Yes,Mobile,80,66,28,9,61,79,63,72,13,1,None,None
DEV_008,2024-10-18 12:00:00,69,55,83,No,Mobile,3,14,59,98,40,2,60,36,30,1,None,None
DEV_008,2024-10-19 08:00:00,72,19,93,No,Mobile,43,43,52,2,7,18,74,17,41,1,None,None
DEV_008,2024-10-20 04:00:00,51,43,90,No,Mobile,72,31,96,76,30,13,51,99,24,1,None,None
DEV_008,2024-10-21 00:00:00,5,87,77,No,Mobile,6,6,65,32,58,41,34,48,72,1,None,None
DEV_008,2024-10-21 20:00:00,16,6,25,No,Mobile,51,75,51,47,42,38,46,59,45,1,None,None
DEV_008,2024-10-22 16:00:00,99,81,45,No,Mobile,13,85,49,60,49,48,1,4,73,1,None,None
DEV_008,2024-10-23 12:00:00,4,61,58,No,Mobile,77,69,94,81,13,74,33,61,48,1,None,None
DEV_008,2024-10-24 08:00:00,11,24,32,No,Mobile,83,66,63,85,52,73,98,95,97,1,None,None
DEV_008,2024-10-25 04:00:00,37,80,83,No,Mobile,50,27,63,39,11,96,67,74,35,1,None,None
DEV_008,2024-10-26 00:00:00,50,33,99,No,Mobile,45,99,19,13,98,33,48,68,86,1,None,None
DEV_008,2024-10-26 20:00:00,10,4,82,No,Mobile,56,82,1,78,51,23,90,81,36,1,None,None
DEV_008,2024-10-27 16:00:00,81,6,81,No,Mobile,89,7,97,10,56,27,59,74,20,1,None,None
DEV_008,2024-10-28 12:00:00,83,17,41,No,Mobile,70,51,62,33,80,12,92,3,48,1,None,None
DEV_008,2024-10-29 08:00:00,43,28,69,No,Mobile,41,44,51,98,96,74,13,90,6,1,None,None
DEV_008,2024-10-30 04:00:00,66,13,85,No,Mobile,82,62,29,8,67,81,21,84,74,1,None,None
DEV_008,2024-10-31 00:00:00,41,91,97,No,Mobile,38,90,81,74,82,33,24,87,74,1,None,None
DEV_008,2024-10-31 20:00:00,32,70,57,No,Mobile,22,35,3,22,96,68,86,41,41,1,None,None
DEV_008,2024-11-01 16:00:00,48,48,55,No,Mobile,86,36,77,70,45,39,73,82,40,1,None,None
DEV_008,2024-11-02 12:00:00,50,45,95,No,Mobile,39,65,34,30,89,35,81,81,84,1,None,None
DEV_008,2024-11-03 08:00:00,68,95,73,No,Mobile,38,57,79,51,49,92,31,20,71,1,None,None
DEV_008,2024-11-04 04:00:00,33,31,30,No,Mobile,40,65,36,62,47,66,86,1,68,1,None,None
DEV_008,2024-11-05 00:00:00,85,47,53,No,Mobile,25,39,8,54,26,52,88,3,56,1,None,None
DEV_008,2024-11-05 20:00:00,57,51,37,No,Mobile,78,20,47,62,23,35,18,77,92,1,None,None
DEV_008,2024-11-06 16:00:00,64,86,74,No,Mobile,43,14,83,8,17,67,85,80,28,1,None,None
DEV_008,2024-11-07 12:00:00,45,92,29,No,Mobile,83,27,82,69,30,41,96,99,85,1,None,None
DEV_008,2024-11-08 08:00:00,59,48,49,No,Mobile,31,6,29,4,49,72,70,85,13,1,None,None
DEV_008,2024-11-09 04:00:00,27,9,68,No,Mobile,8,83,44,22,51,19,89,76,41,1,None,None
DEV_008,2024-11-10 00:00:00,59,30,51,No,Mobile,3,67,19,13,54,2,52,82,35,1,None,None
DEV_008,2024-11-10 20:00:00,25,10,74,No,Mobile,38,92,94,35,40,6,59,15,21,1,None,None
DEV_008,2024-11-11 16:00:00,26,37,14,No,Mobile,77,53,28,89,10,90,89,46,8,1,None,None
DEV_008,2024-11-12 12:00:00,31,17,25,No,Mobile,84,74,48,17,75,3,31,36,56,1,None,None
DEV_008,2024-11-13 08:00:00,45,3,56,No,Mobile,28,87,66,29,16,9,88,43,16,1,None,None
DEV_008,2024-11-14 04:00:00,40,21,12,No,Mobile,36,13,49,51,17,13,65,2,44,1,None,None
DEV_008,2024-11-15 00:00:00,68,64,41,No,Mobile,29,58,43,97,48,78,25,65,34,1,None,None
DEV_008,2024-11-15 20:00:00,59,29,23,No,Mobile,44,82,54,96,45,85,80,30,50,1,None,None
DEV_008,2024-11-16 16:00:00,56,34,93,No,Mobile,61,85,59,74,6,18,35,74,34,1,None,None
DEV_008,2024-11-17 12:00:00,77,65,75,No,Mobile,91,10,65,79,95,94,92,1,48,1,None,None
DEV_008,2024-11-18 08:00:00,29,86,64,No,Mobile,64,98,55,79,61,36,48,26,79,1,None,None
DEV_008,2024-11-19 04:00:00,98,34,71,No,Mobile,4,75,98,19,66,12,90,18,82,1,None,None
DEV_008,2024-11-20 00:00:00,86,47,18,No,Mobile,98,54,35,59,72,33,71,69,65,1,None,None
DEV_008,2024-11-20 20:00:00,91,87,80,No,Mobile,43,87,89,7,26,26,16,80,93,1,None,None
DEV_008,2024-11-21 16:00:00,69,73,32,No,Mobile,47,89,22,4,14,51,49,10,97,1,None,None
DEV_008,2024-11-22 12:00:00,60,42,62,No,Mobile,75,6,49,72,91,36,60,6,37,1,None,None
DEV_008,2024-11-23 08:00:00,57,29,80,No,Mobile,62,87,29,37,74,29,23,70,50,1,None,None
DEV_008,2024-11-24 04:00:00,85,56,66,No,Mobile,54,1,13,80,74,98,78,33,38,1,None,None
DEV_008,2024-11-25 00:00:00,36,7,96,No,Mobile,34,99,56,37,47,67,94,66,29,1,None,None
DEV_008,2024-11-25 20:00:00,83,36,50,No,Mobile,68,99,14,39,16,97,24,7,27,1,None,None
DEV_008,2024-11-26 16:00:00,21,93,43,No,Mobile,46,48,89,69,16,18,78,54,22,1,None,None
DEV_008,2024-11-27 12:00:00,8,3,78,No,Mobile,11,48,12,51,61,42,35,77,93,1,None,None
DEV_008,2024-11-28 08:00:00,71,58,83,No,Mobile,85,25,12,18,79,44,4,92,45,1,None,None
DEV_008,2024-11-29 04:00:00,46,90,71,No,Mobile,37,87,2,67,95,97,53,50,42,1,None,None
DEV_008,2024-11-30 00:00:00,51,25,74,No,Mobile,15,42,99,21,25,53,55,85,47,1,None,None
DEV_008,2024-11-30 20:00:00,19,73,52,No,Mobile,57,52,13,76,3,75,8,83,14,1,None,None
DEV_008,2024-12-01 16:00:00,27,82,63,No,Mobile,44,58,39,68,43,78,16,70,45,1,None,None
DEV_008,2024-12-02 12:00:00,53,49,77,Yes,Mobile,88,18,43,33,51,3,73,28,30,1,Disassociation,None
DEV_008,2024-12-03 08:00:00,53,55,30,No,Mobile,51,83,85,9,28,18,93,99,73,1,None,None
DEV_008,2024-12-04 04:00:00,8,92,52,No,Mobile,99,74,68,62,64,32,98,62,32,1,None,None
DEV_008,2024-12-05 00:00:00,11,26,41,No,Mobile,24,63,84,6,49,20,54,66,67,1,None,None
DEV_008,2024-12-05 20:00:00,95,1,58,No,Mobile,39,11,69,55,9,52,25,45,41,1,None,None
DEV_008,2024-12-06 16:00:00,27,88,87,No,Mobile,12,10,58,71,17,16,40,11,5,1,None,None
DEV_008,2024-12-07 12:00:00,39,40,66,No,Mobile,23,36,75,1,90,9,86,47,26,1,None,None
DEV_008,2024-12-08 08:00:00,51,68,56,No,Mobile,94,58,14,85,76,52,9,37,76,1,None,None
DEV_008,2024-12-09 04:00:00,93,3,89,No,Mobile,82,81,11,3,70,9,50,40,32,1,None,None
DEV_008,2024-12-10 00:00:00,88,10,84,No,Mobile,22,53,25,53,12,43,32,70,70,1,None,None
DEV_008,2024-12-10 20:00:00,84,37,47,No,Mobile,97,14,64,39,73,6,80,89,8,1,None,None
DEV_008,2024-12-11 16:00:00,92,84,2,No,Mobile,62,62,70,15,67,67,54,93,42,1,None,None
DEV_008,2024-12-12 12:00:00,61,34,48,No,Mobile,21,77,49,2,23,44,77,89,25,1,None,None
DEV_008,2024-12-13 08:00:00,22,67,47,No,Mobile,38,33,77,49,85,30,24,52,61,1,None,None
DEV_008,2024-12-14 04:00:00,58,51,3,No,Mobile,49,49,8,23,61,69,3,15,40,1,None,None
DEV_008,2024-12-15 00:00:00,69,69,50,No,Mobile,26,90,10,49,21,88,7,41,54,1,None,None
DEV_008,2024-12-15 20:00:00,45,46,65,No,Mobile,64,64,34,68,23,34,99,56,44,1,None,None
DEV_008,2024-12-16 16:00:00,7,73,26,No,Mobile,82,74,50,40,31,12,18,72,15,1,None,None
DEV_008,2024-12-17 12:00:00,86,72,16,No,Mobile,25,3,94,45,88,97,59,26,52,1,None,None
DEV_008,2024-12-18 08:00:00,41,72,98,No,Mobile,80,49,81,25,1,5,3,93,45,1,None,None
DEV_008,2024-12-19 04:00:00,18,38,57,No,Mobile,22,45,55,39,66,45,21,78,67,1,None,None
DEV_008,2024-12-20 00:00:00,10,9,22,No,Mobile,49,77,80,61,43,16,84,30,40,1,None,None
DEV_008,2024-12-20 20:00:00,30,33,8,No,Mobile,69,14,97,61,91,76,4,96,49,1,None,None
DEV_008,2024-12-21 16:00:00,46,34,56,No,Mobile,81,57,35,17,17,2,94,20,70,1,None,None
DEV_008,2024-12-22 12:00:00,33,18,93,No,Mobile,22,50,14,42,87,90,9,54,84,1,None,None
DEV_008,2024-12-23 08:00:00,80,97,74,No,Mobile,87,73,66,7,89,83,59,69,65,1,None,None
DEV_008,2024-12-24 04:00:00,25,17,71,No,Mobile,92,34,49,27,5,83,81,81,17,1,None,None
DEV_008,2024-12-25 00:00:00,77,56,19,No,Mobile,21,3,74,69,2,34,49,2,94,1,None,None
DEV_008,2024-12-25 20:00:00,79,77,92,No,Mobile,6,27,13,80,46,9,28,37,99,1,None,None
DEV_008,2024-12-26 16:00:00,13,22,84,No,Mobile,42,76,93,37,25,31,74,42,38,1,None,None
DEV_008,2024-12-27 12:00:00,4,65,18,No,Mobile,37,84,30,98,80,70,55,29,78,1,None,None
DEV_008,2024-12-28 08:00:00,59,93,80,No,Mobile,31,92,35,80,2,70,91,77,84,1,None,None
DEV_008,2024-12-29 04:00:00,83,94,50,No,Mobile,42,31,13,5,69,62,11,80,16,1,None,None
DEV_009,2024-09-01 00:00:00,45,52,53,No,Mobile,47,12,20,26,87,72,74,77,68,1,None,None
DEV_009,2024-09-01 12:00:00,60,71,80,No,Mobile,6,95,35,14,65,50,57,10,99,1,None,None
DEV_009,2024-09-02 00:00:00,51,19,56,Yes,Mobile,46,96,1,62,25,75,59,21,75,1,None,None
DEV_009,2024-09-02 12:00:00,69,11,19,No,Mobile,47,69,72,91,48,10,3,20,53,1,None,None
DEV_009,2024-09-03 00:00:00,11,85,30,No,Mobile,94,49,20,19,53,95,67,27,96,1,None,None
DEV_009,2024-09-03 12:00:00,29,25,2,No,Mobile,35,12,91,84,92,56,99,89,43,1,None,None
DEV_009,2024-09-04 00:00:00,54,36,5,No,Mobile,41,60,10,14,29,18,92,31,93,1,None,None
DEV_009,2024-09-04 12:00:00,21,56,30,No,Mobile,11,88,88,84,33,61,85,43,12,1,None,None
DEV_009,2024-09-05 00:00:00,58,26,2,No,Mobile,86,86,47,24,19,25,13,48,73,1,None,None
DEV_009,2024-09-05 12:00:00,10,98,10,No,Mobile,6,81,71,77,67,73,94,60,31,1,None,None
DEV_009,2024-09-06 00:00:00,75,53,91,No,Mobile,32,22,77,41,90,8,84,76,31,1,None,None
DEV_009,2024-09-06 12:00:00,19,23,90,No,Mobile,8,59,79,60,35,56,73,40,25,1,None,None
DEV_009,2024-09-07 00:00:00,70,30,37,No,Mobile,28,94,56,64,73,91,14,78,79,1,None,None
DEV_009,2024-09-07 12:00:00,12,59,55,No,Mobile,32,98,26,12,8,19,93,77,71,1,None,None
DEV_009,2024-09-08 00:00:00,52,74,62,Yes,Mobile,28,10,42,26,1,71,32,69,46,1,None,None
DEV_009,2024-09-08 12:00:00,24,92,12,No,Mobile,35,36,83,48,19,14,86,27,16,1,None,None
DEV_009,2024-09-09 00:00:00,18,35,18,No,Mobile,1,45,3,45,16,23,82,38,67,1,None,None
DEV_009,2024-09-09 12:00:00,37,93,67,Yes,Mobile,4,18,46,7,73,3,21,43,87,1,None,None
DEV_009,2024-09-10 00:00:00,80,4,14,No,Mobile,35,46,8,39,99,94,10,96,34,1,None,None
DEV_009,2024-09-10 12:00:00,93,51,67,No,Mobile,57,14,92,44,84,28,33,3,29,1,None,None
DEV_009,2024-09-11 12:00:00,39,43,32,No,Mobile,69,28,39,77,58,47,51,8,13,1,None,None
DEV_009,2024-09-12 00:00:00,55,84,44,No,Mobile,69,62,7,69,69,77,93,50,24,1,None,None
DEV_009,2024-09-12 12:00:00,18,88,88,No,Mobile,73,12,27,59,30,16,81,16,62,1,None,None
DEV_009,2024-09-13 00:00:00,17,6,21,No,Mobile,28,76,72,83,6,42,13,59,98,1,None,None
DEV_009,2024-09-13 12:00:00,74,87,8,No,Mobile,88,70,91,32,58,92,16,39,83,1,Association,None
DEV_009,2024-09-14 00:00:00,93,39,30,No,Mobile,86,58,96,35,33,91,37,35,43,1,None,None
DEV_009,2024-09-14 12:00:00,19,27,19,No,Mobile,18,65,93,48,98,24,54,28,93,1,None,None
DEV_009,2024-09-15 00:00:00,45,56,15,No,Mobile,73,60,23,21,19,42,74,67,11,1,None,None
DEV_009,2024-09-15 12:00:00,13,34,43,No,Mobile,16,74,90,40,68,65,99,56,50,1,None,None
DEV_009,2024-09-16 00:00:00,75,12,76,No,Mobile,62,39,9,23,57,91,58,35,2,1,None,None
DEV_009,2024-09-16 12:00:00,76,8,17,No,Mobile,75,41,33,36,12,90,93,90,82,1,None,None
DEV_009,2024-09-17 00:00:00,38,70,93,No,Mobile,94,60,96,8,87,21,72,38,48,1,None,None
DEV_009,2024-09-17 12:00:00,83,94,75,No,Mobile,81,63,64,29,93,75,64,32,27,1,None,None
DEV_009,2024-09-18 00:00:00,39,69,28,No,Mobile,11,35,77,27,56,11,90,29,38,1,None,None
DEV_009,2024-09-18 12:00:00,55,85,96,No,Mobile,39,16,36,8,71,28,82,10,73,1,None,None
DEV_009,2024-09-19 00:00:00,52,39,98,No,Mobile,67,61,40,26,98,42,86,90,88,1,None,None
DEV_009,2024-09-19 12:00:00,44,97,76,No,Mobile,96,50,64,4,30,76,14,93,15,1,None,None
DEV_009,2024-09-20 00:00:00,28,14,88,No,Mobile,28,71,79,25,52,49,80,44,52,1,None,None
DEV_009,2024-09-20 12:00:00,87,98,2,Yes,Mobile,30,29,57,64,60,43,5,80,93,1,None,None
DEV_009,2024-09-21 00:00:00,69,36,61,No,Mobile,12,86,89,60,9,98,74,11,2,1,None,None
DEV_009,2024-09-21 12:00:00,10,29,72,Yes,Mobile,59,98,75,74,56,11,64,19,59,1,None,None
DEV_009,2024-09-22 00:00:00,22,92,75,No,Mobile,8,9,26,47,94,66,28,6,19,1,None,None
DEV_009,2024-09-22 12:00:00,70,83,83,No,Mobile,32,51,45,3,77,80,28,51,53,1,None,None
DEV_009,2024-09-23 00:00:00,33,6,73,Yes,Mobile,96,19,89,30,54,71,37,62,40,1,None,None
DEV_009,2024-09-23 12:00:00,44,54,44,No,Mobile,59,15,49,26,59,5,85,36,61,1,None,None
DEV_009,2024-09-24 00:00:00,20,18,83,No,Mobile,17,78,13,27,74,70,80,65,55,1,None,None
DEV_009,2024-09-24 12:00:00,8,46,18,No,Mobile,93,68,17,38,70,11,87,69,13,1,None,None
DEV_009,2024-09-25 00:00:00,92,43,9,No,Mobile,82,81,26,93,29,86,80,42,76,1,None,None
DEV_009,2024-09-25 12:00:00,43,77,4,No,Mobile,73,18,23,95,18,62,92,94,36,1,None,None
DEV_009,2024-09-26 00:00:00,30,26,98,No,Mobile,70,37,50,96,46,64,32,33,80,1,None,None
DEV_009,2024-09-26 12:00:00,23,95,22,No,Mobile,77,76,46,83,49,85,88,40,28,1,None,None
DEV_009,2024-09-27 00:00:00,65,42,52,No,Mobile,74,85,10,32,55,81,53,82,2,1,None,None
DEV_009,2024-09-27 12:00:00,37,73,81,No,Mobile,97,35,18,9,99,60,68,90,7,1,None,None
DEV_009,2024-09-28 00:00:00,72,19,76,No,Mobile,79,59,70,71,58,68,45,38,22,1,None,None
DEV_009,2024-09-28 12:00:00,62,28,29,No,Mobile,26,17,46,46,83,38,7,96,71,1,None,None
DEV_009,2024-09-29 00:00:00,8,81,95,No,Mobile,51,60,82,61,64,84,22,8,9,1,None,None
DEV_009,2024-09-29 12:00:00,40,44,57,No,Mobile,38,94,88,66,4,22,78,60,38,1,None,None
DEV_009,2024-09-30 00:00:00,26,50,11,No,Mobile,75,69,5,80,39,90,93,2,61,1,None,None
DEV_009,2024-09-30 12:00:00,44,81,86,No,Mobile,31,29,59,12,41,19,18,93,43,1,None,None
DEV_009,2024-10-01 00:00:00,39,68,31,No,Mobile,93,14,71,10,97,88,70,81,20,1,None,None
DEV_009,2024-10-01 12:00:00,1,67,52,No,Mobile,13,57,48,19,2,31,78,54,64,1,None,None
DEV_009,2024-10-02 00:00:00,72,39,82,No,Mobile,21,32,3,12,47,64,71,37,63,1,None,None
DEV_009,2024-10-02 12:00:00,42,59,60,No,Mobile,39,79,1,90,52,84,48,88,50,1,None,None
DEV_009,2024-10-03 00:00:00,75,61,5,No,Mobile,31,83,61,48,13,89,33,5,92,1,None,None
DEV_009,2024-10-03 12:00:00,53,77,54,No,Mobile,56,31,77,22,33,29,5,99,70,1,None,None
DEV_009,2024-10-04 00:00:00,63,5,42,No,Mobile,71,78,98,96,22,54,4,22,87,1,None,None
DEV_009,2024-10-04 12:00:00,18,28,93,No,Mobile,22,3,36,25,21,56,96,16,37,1,None,None
DEV_009,2024-10-05 00:00:00,31,52,92,No,Mobile,57,8,94,93,70,93,62,6,46,1,None,None
DEV_009,2024-10-05 12:00:00,76,53,47,No,Mobile,41,15,47,92,67,8,22,42,87,1,None,None
DEV_009,2024-10-06 00:00:00,38,98,27,No,Mobile,51,63,8,98,5,62,19,12,10,1,None,None
DEV_009,2024-10-07 00:00:00,30,33,40,No,Mobile,68,22,86,23,23,77,38,44,5,1,None,None
DEV_009,2024-10-07 12:00:00,14,65,44,No,Mobile,36,18,87,72,63,95,8,20,65,1,None,None
DEV_009,2024-10-08 00:00:00,55,47,1,No,Mobile,56,11,92,94,30,38,58,10,49,1,None,None
DEV_009,2024-10-08 12:00:00,94,46,98,No,Mobile,28,24,64,80,19,63,69,39,5,1,None,None
DEV_009,2024-10-09 00:00:00,48,16,76,No,Mobile,33,46,81,33,60,31,81,21,7,1,None,None
DEV_009,2024-10-09 12:00:00,55,27,33,No,Mobile,97,88,6,65,48,49,13,89,43,1,None,None
DEV_009,2024-10-10 00:00:00,66,85,29,Yes,Mobile,57,63,96,48,14,99,66,59,62,1,None,None
DEV_009,2024-10-11 00:00:00,96,15,80,No,Mobile,5,62,4,27,6,48,99,44,21,1,None,None
DEV_009,2024-10-11 12:00:00,69,40,40,No,Mobile,26,73,51,35,90,21,66,69,30,1,None,None
DEV_009,2024-10-12 00:00:00,13,46,53,No,Mobile,74,78,17,2,67,69,36,41,64,1,Disassociation,None
DEV_009,2024-10-12 12:00:00,15,29,82,No,Mobile,74,55,83,59,74,10,58,98,50,1,None,None
DEV_009,2024-10-13 00:00:00,90,8,74,No,Mobile,47,15,19,24,54,54,51,38,49,1,None,None
DEV_009,2024-10-13 12:00:00,73,84,90,No,Mobile,61,14,24,67,9,22,43,97,68,1,None,None
DEV_009,2024-10-14 00:00:00,72,77,55,No,Mobile,19,33,24,97,24,21,34,85,18,1,None,None
DEV_009,2024-10-14 12:00:00,51,55,14,No,Mobile,94,90,80,32,10,73,28,47,72,1,None,None
DEV_009,2024-10-15 00:00:00,72,92,62,No,Mobile,79,76,35,52,66,49,73,72,1,1,None,None
DEV_009,2024-10-15 12:00:00,31,89,36,No,Mobile,64,44,69,76,66,28,61,88,88,1,None,None
DEV_009,2024-10-16 00:00:00,51,4,69,No,Mobile,37,51,63,58,55,25,71,87,18,1,None,None
DEV_009,2024-10-16 12:00:00,31,10,48,Yes,Mobile,76,32,59,64,90,94,90,76,20,1,None,None
DEV_009,2024-10-17 00:00:00,6,44,75,No,Mobile,26,12,2,84,28,35,94,51,27,1,None,None
DEV_009,2024-10-17 12:00:00,92,7,93,No,Mobile,93,94,62,57,64,8,86,49,83,1,None,None
DEV_009,2024-10-18 00:00:00,56,65,89,Yes,Mobile,40,12,44,37,64,73,68,23,11,1,None,None
DEV_009,2024-10-18 12:00:00,94,54,14,No,Mobile,10,33,57,30,21,6,23,17,9,1,None,None
DEV_009,2024-10-19 00:00:00,98,89,46,No,Mobile,87,58,75,70,82,34,20,18,25,1,None,None
DEV_009,2024-10-19 12:00:00,43,88,43,No,Mobile,36,11,5,66,93,29,69,6,35,1,None,None
DEV_009,2024-10-20 00:00:00,28,70,45,Yes,Mobile,88,14,27,77,15,11,53,72,64,1,None,None
DEV_009,2024-10-20 12:00:00,31,91,27,No,Mobile,34,25,69,85,88,50,50,34,45,1,None,None
DEV_009,2024-10-21 00:00:00,88,3,64,No,Mobile,68,68,72,36,66,80,95,88,20,1,None,None
DEV_009,2024-10-21 12:00:00,66,29,34,No,Mobile,8,96,77,18,88,83,21,96,68,1,None,None
DEV_009,2024-10-22 00:00:00,54,58,94,No,Mobile,42,6,54,95,2,79,31,3,49,1,None,None
DEV_009,2024-10-22 12:00:00,59,48,58,No,Mobile,89,98,67,57,72,48,34,10,61,1,None,None
DEV_009,2024-10-23 00:00:00,23,26,10,No,Mobile,62,5,80,73,81,10,66,2,82,1,None,None
DEV_009,2024-10-23 12:00:00,56,11,10,No,Mobile,8,84,99,29,14,43,16,56,75,1,None,None
DEV_009,2024-10-24 00:00:00,11,84,60,No,Mobile,43,41,36,24,58,85,13,10,60,1,None,None
DEV_009,2024-10-24 12:00:00,27,53,77,No,Mobile,63,41,20,56,12,53,98,74,11,1,None,None
DEV_009,2024-10-25 00:00:00,4,24,81,No,Mobile,47,24,16,25,68,59,95,72,34,1,None,None
DEV_009,2024-10-25 12:00:00,76,20,95,No,Mobile,6,42,4,16,13,63,24,43,2,1,None,None
DEV_009,2024-10-26 00:00:00,3,52,69,No,Mobile,32,17,72,67,32,25,3,87,98,1,None,None
DEV_009,2024-10-26 12:00:00,64,37,25,No,Mobile,81,3,18,43,65,44,68,22,51,1,None,None
DEV_009,2024-10-27 00:00:00,57,27,31,No,Mobile,72,25,60,73,69,11,6,95,9,1,None,None
DEV_009,2024-10-27 12:00:00,79,88,33,No,Mobile,92,40,4,76,55,43,60,87,80,1,None,None
DEV_009,2024-10-28 00:00:00,44,92,81,No,Mobile,4,28,71,6,2,83,5,15,5,1,Disassociation,None
DEV_009,2024-10-28 12:00:00,23,48,53,No,Mobile,49,34,88,25,9,69,10,77,4,1,None,None
DEV_009,2024-10-29 00:00:00,30,43,54,No,Mobile,67,20,83,27,64,20,43,78,33,1,None,None
DEV_009,2024-10-29 12:00:00,26,39,88,No,Mobile,93,40,91,71,56,55,44,93,15,1,None,None
DEV_009,2024-10-30 00:00:00,82,8,25,No,Mobile,89,9,59,73,22,18,49,60,80,1,None,None
DEV_009,2024-10-30 12:00:00,67,55,70,No,Mobile,75,89,8,53,63,77,92,99,60,1,None,None
DEV_009,2024-10-31 00:00:00,3,53,55,No,Mobile,12,99,2,35,62,44,42,12,86,1,None,None
DEV_009,2024-10-31 12:00:00,18,3,34,No,Mobile,70,34,45,66,1,22,73,93,19,1,None,None
DEV_009,2024-11-01 00:00:00,99,39,12,No,Mobile,28,39,66,39,76,98,86,31,70,1,None,None
DEV_009,2024-11-01 12:00:00,49,73,31,No,Mobile,53,35,58,99,12,5,30,27,69,1,Association,None
DEV_009,2024-11-02 00:00:00,88,16,24,No,Mobile,69,88,90,84,97,45,86,11,30,1,None,None
DEV_009,2024-11-02 12:00:00,88,96,44,No,Mobile,41,46,27,11,45,13,33,90,9,1,None,None
DEV_009,2024-11-03 00:00:00,92,13,6,No,Mobile,94,52,58,34,22,54,93,53,38,1,None,None
DEV_009,2024-11-03 12:00:00,72,24,98,No,Mobile,76,88,42,27,42,48,91,60,70,1,None,None
DEV_009,2024-11-04 00:00:00,71,79,35,No,Mobile,75,39,31,2,91,14,34,31,62,1,None,None
DEV_009,2024-11-04 12:00:00,84,97,26,No,Mobile,29,93,65,81,65,61,27,14,39,1,None,None
DEV_009,2024-11-05 00:00:00,50,44,23,No,Mobile,24,16,56,22,9,76,2,6,32,1,Association,None
DEV_009,2024-11-05 12:00:00,30,75,96,No,Mobile,37,5,19,46,39,78,80,44,2,1,None,None
DEV_009,2024-11-06 00:00:00,3,24,29,No,Mobile,76,37,20,2,55,40,91,19,40,1,None,None
DEV_009,2024-11-06 12:00:00,31,33,13,Yes,Mobile,94,58,22,74,66,99,65,3,26,1,None,None
DEV_009,2024-11-07 00:00:00,90,71,94,No,Mobile,97,17,62,51,77,57,16,59,60,1,None,None
DEV_009,2024-11-07 12:00:00,65,71,37,No,Mobile,92,6,43,91,19,95,63,85,88,1,None,None
DEV_009,2024-11-08 00:00:00,72,22,7,No,Mobile,53,4,57,6,1,59,73,90,74,1,None,None
DEV_009,2024-11-08 12:00:00,37,88,62,No,Mobile,22,12,75,93,6,81,43,15,58,1,None,None
DEV_009,2024-11-09 00:00:00,85,15,75,No,Mobile,63,7,79,33,77,84,65,15,62,1,None,None
DEV_009,2024-11-09 12:00:00,38,91,93,No,Mobile,94,77,13,57,79,6,44,38,94,1,None,None
DEV_009,2024-11-10 00:00:00,4,77,29,No,Mobile,36,6,99,78,40,72,79,52,23,1,None,None
DEV_009,2024-11-10 12:00:00,31,61,30,No,Mobile,82,75,35,92,77,6,60,69,77,1,None,None
DEV_009,2024-11-11 00:00:00,5,93,99,No,Mobile,5,64,36,35,71,44,11,6,40,1,None,None
DEV_009,2024-11-11 12:00:00,35,92,99,No,Mobile,42,21,67,81,94,44,69,41,87,1,None,None
DEV_009,2024-11-12 00:00:00,19,70,82,No,Mobile,48,28,76,31,64,49,37,2,17,1,Association,None
DEV_009,2024-11-12 12:00:00,67,8,69,No,Mobile,34,65,5,77,93,30,79,88,76,1,None,None
DEV_009,2024-11-13 00:00:00,37,52,43,No,Mobile,71,79,5,54,87,7,52,39,92,1,None,None
DEV_009,2024-11-13 12:00:00,20,53,32,No,Mobile,94,42,91,88,23,21,42,51,93,1,None,None
DEV_009,2024-11-14 00:00:00,89,39,97,No,Mobile,76,18,97,45,11,17,88,21,73,1,None,None
DEV_009,2024-11-14 12:00:00,38,58,77,No,Mobile,87,85,27,6,34,42,45,21,27,1,None,None
DEV_009,2024-11-15 00:00:00,43,39,71,No,Mobile,3,47,82,71,63,4,11,34,26,1,None,None
DEV_009,2024-11-15 12:00:00,34,84,26,No,Mobile,1,5,32,2,20,15,80,61,67,1,None,None
DEV_009,2024-11-16 00:00:00,91,44,44,No,Mobile,29,23,21,72,89,77,59,50,76,1,None,None
DEV_009,2024-11-16 12:00:00,64,33,50,No,Mobile,17,58,16,79,1,9,81,2,71,1,None,None
DEV_009,2024-11-17 00:00:00,53,30,88,No,Mobile,60,87,8,1,13,7,8,91,65,1,None,None
DEV_009,2024-11-17 12:00:00,43,75,69,No,Mobile,69,26,74,16,17,66,74,26,7,1,None,None
DEV_009,2024-11-18 00:00:00,95,95,56,No,Mobile,69,46,19,85,43,27,21,45,27,1,None,None
DEV_009,2024-11-18 12:00:00,34,14,11,No,Mobile,38,49,54,7,77,23,4,16,52,1,None,None
DEV_009,2024-11-19 00:00:00,95,51,22,No,Mobile,11,78,16,94,6,47,85,12,45,1,None,None
DEV_009,2024-11-19 12:00:00,16,32,99,No,Mobile,84,30,60,80,87,62,85,95,92,1,None,None
DEV_009,2024-11-20 00:00:00,42,87,13,No,Mobile,53,54,43,24,47,74,4,39,93,1,None,None
DEV_009,2024-11-20 12:00:00,44,43,28,No,Mobile,21,2,54,86,20,62,87,7,2,1,None,None
DEV_009,2024-11-21 00:00:00,60,70,18,No,Mobile,64,91,28,79,42,90,84,83,30,1,None,None
DEV_009,2024-11-21 12:00:00,52,48,83,No,Mobile,21,94,7,74,87,82,75,10,10,1,None,None
DEV_009,2024-11-22 00:00:00,15,35,98,No,Mobile,91,68,12,41,98,12,21,22,98,1,None,None
DEV_009,2024-11-22 12:00:00,11,49,81,No,Mobile,86,56,29,76,59,43,83,20,62,1,None,None
DEV_009,2024-11-23 00:00:00,74,51,30,No,Mobile,86,2,98,28,2,72,78,27,4,1,None,None
DEV_009,2024-11-23 12:00:00,48,7,63,No,Mobile,84,54,68,53,60,93,32,38,59,1,None,None
DEV_009,2024-11-24 00:00:00,11,96,24,No,Mobile,57,69,99,62,89,25,41,99,26,1,None,None
DEV_009,2024-11-24 12:00:00,41,58,46,No,Mobile,74,53,34,78,54,33,58,88,12,1,None,None
DEV_009,2024-11-25 00:00:00,61,35,73,No,Mobile,25,89,49,8,83,85,76,54,93,1,None,None
DEV_009,2024-11-25 12:00:00,87,8,34,No,Mobile,50,46,2,42,63,16,99,90,53,1,None,None
DEV_009,2024-11-26 00:00:00,34,62,18,No,Mobile,62,61,19,52,93,96,59,54,13,1,None,None
DEV_009,2024-11-26 12:00:00,53,24,55,No,Mobile,95,76,53,90,35,96,89,39,91,1,None,None
DEV_009,2024-11-27 00:00:00,67,44,13,No,Mobile,2,9,69,66,55,14,49,71,22,1,Disassociation,None
DEV_009,2024-11-27 12:00:00,77,41,39,No,Mobile,94,59,23,25,76,66,19,5,59,1,None,None
DEV_009,2024-11-28 00:00:00,61,59,23,Yes,Mobile,21,5,91,18,83,22,32,21,71,1,None,None
DEV_009,2024-11-28 12:00:00,22,18,88,No,Mobile,8,99,99,43,42,98,62,91,75,1,None,None
DEV_009,2024-11-29 00:00:00,70,71,94,Yes,Mobile,22,97,36,63,92,98,77,5,20,1,None,None
DEV_009,2024-11-30 00:00:00,47,97,85,No,Mobile,11,82,75,85,47,78,59,1,7,1,None,None
DEV_009,2024-11-30 12:00:00,4,80,26,No,Mobile,96,84,65,81,22,43,41,88,90,1,None,None
DEV_009,2024-12-01 00:00:00,84,73,75,No,Mobile,66,24,66,76,81,81,37,53,83,1,None,None
DEV_009,2024-12-01 12:00:00,70,62,6,No,Mobile,2,75,43,88,34,34,88,72,1,1,None,None
DEV_009,2024-12-02 00:00:00,22,83,64,No,Mobile,29,96,57,61,32,74,16,33,27,1,None,None
DEV_009,2024-12-02 12:00:00,48,80,97,No,Mobile,80,36,71,93,75,95,30,12,4,1,None,None
DEV_009,2024-12-03 00:00:00,62,64,38,No,Mobile,7,63,11,28,12,88,16,6,25,1,None,None
DEV_009,2024-12-03 12:00:00,2,50,39,Yes,Mobile,82,21,30,87,76,43,14,21,21,1,None,None
DEV_009,2024-12-04 00:00:00,50,76,1,No,Mobile,72,81,52,21,1,6,6,62,50,1,None,None
DEV_009,2024-12-04 12:00:00,9,29,8,No,Mobile,78,47,41,42,14,51,29,88,59,1,None,None
DEV_009,2024-12-05 00:00:00,50,56,69,No,Mobile,77,65,16,72,19,15,58,64,67,1,None,None
DEV_009,2024-12-06 00:00:00,61,9,60,No,Mobile,90,81,84,38,15,72,88,50,56,1,None,None
DEV_009,2024-12-06 12:00:00,32,96,5,No,Mobile,69,28,14,58,77,48,78,80,94,1,None,None
DEV_009,2024-12-07 00:00:00,75,35,89,No,Mobile,63,75,86,6,52,94,55,15,55,1,None,None
DEV_009,2024-12-07 12:00:00,31,77,16,No,Mobile,75,48,33,99,36,73,84,26,16,1,None,None
DEV_009,2024-12-08 00:00:00,88,8,86,No,Mobile,35,70,66,65,29,36,65,24,49,1,None,None
DEV_009,2024-12-08 12:00:00,13,98,22,No,Mobile,7,18,85,91,97,47,15,17,1,1,None,None
DEV_009,2024-12-09 00:00:00,52,6,11,No,Mobile,46,12,72,11,37,93,79,51,73,1,Disassociation,None
DEV_009,2024-12-09 12:00:00,13,15,90,No,Mobile,24,33,67,40,41,42,9,50,46,1,None,None
DEV_009,2024-12-10 00:00:00,42,11,54,No,Mobile,14,63,77,1,87,16,24,58,15,1,None,None
DEV_009,2024-12-10 12:00:00,28,67,79,No,Mobile,70,55,79,17,24,28,7,30,11,1,None,None
DEV_009,2024-12-11 00:00:00,88,80,51,No,Mobile,11,35,25,52,71,46,33,26,58,1,None,None
DEV_009,2024-12-11 12:00:00,63,20,52,No,Mobile,55,76,27,34,92,19,63,77,71,1,None,None
DEV_009,2024-12-12 00:00:00,30,52,34,Yes,Mobile,15,36,13,5,28,79,1,3,51,1,None,None
DEV_009,2024-12-12 12:00:00,75,47,74,No,Mobile,40,24,59,37,42,76,40,77,57,1,None,None
DEV_009,2024-12-13 00:00:00,87,99,65,No,Mobile,54,64,9,52,63,96,27,93,91,1,None,None
DEV_009,2024-12-13 12:00:00,71,36,35,No,Mobile,43,70,93,1,92,23,35,28,21,1,None,None
DEV_009,2024-12-14 00:00:00,19,21,95,No,Mobile,25,93,17,21,28,35,60,36,6,1,None,None
DEV_009,2024-12-14 12:00:00,9,43,64,No,Mobile,28,49,47,13,62,12,19,27,2,1,None,None
DEV_009,2024-12-15 00:00:00,64,42,17,No,Mobile,6,88,36,91,98,17,71,87,64,1,None,None
DEV_009,2024-12-15 12:00:00,45,6,54,No,Mobile,33,21,64,21,11,98,87,4,72,1,None,None
DEV_009,2024-12-16 00:00:00,37,90,12,No,Mobile,46,44,68,87,25,40,9,83,62,1,None,None
DEV_009,2024-12-16 12:00:00,27,68,61,No,Mobile,35,2,10,20,61,70,28,36,82,1,None,None
DEV_009,2024-12-17 00:00:00,28,17,89,No,Mobile,40,42,51,63,29,53,40,62,78,1,None,None
DEV_009,2024-12-17 12:00:00,5,57,55,No,Mobile,40,96,79,90,56,32,10,85,35,1,None,None
DEV_009,2024-12-18 00:00:00,80,95,32,No,Mobile,29,48,74,37,57,8,43,80,94,1,None,None
DEV_009,2024-12-18 12:00:00,94,81,66,No,Mobile,80,22,81,41,8,45,21,22,14,1,None,None
DEV_009,2024-12-19 00:00:00,95,90,80,No,Mobile,11,60,65,99,79,6,52,13,45,1,None,None
DEV_009,2024-12-19 12:00:00,27,28,56,Yes,Mobile,24,59,31,2,8,23,94,47,91,1,None,None
DEV_009,2024-12-20 00:00:00,41,99,25,No,Mobile,5,24,29,29,70,80,65,91,92,1,None,None
DEV_009,2024-12-20 12:00:00,3,32,60,No,Mobile,65,2,45,99,39,25,29,50,59,1,None,None
DEV_009,2024-12-21 00:00:00,44,41,56,No,Mobile,63,29,14,84,23,81,52,94,96,1,None,None
DEV_009,2024-12-21 12:00:00,83,23,90,No,Mobile,79,43,9,98,58,72,77,59,54,1,None,None
DEV_009,2024-12-22 00:00:00,48,5,74,No,Mobile,61,52,84,55,69,91,17,72,15,1,None,None
DEV_009,2024-12-22 12:00:00,85,28,51,No,Mobile,89,74,53,41,82,76,29,46,34,1,None,None
DEV_009,2024-12-23 00:00:00,72,90,73,No,Mobile,41,60,20,87,27,59,44,89,35,1,None,None
DEV_009,2024-12-24 00:00:00,61,32,3,No,Mobile,85,69,44,14,87,94,94,43,19,1,None,None
DEV_009,2024-12-24 12:00:00,49,79,70,No,Mobile,33,83,98,30,88,45,85,26,71,1,None,None
DEV_009,2024-12-25 00:00:00,35,20,12,No,Mobile,61,59,44,37,85,76,19,72,88,1,None,None
DEV_009,2024-12-25 12:00:00,67,66,42,No,Mobile,86,89,26,72,51,83,41,53,23,1,None,None
DEV_009,2024-12-26 00:00:00,78,46,38,No,Mobile,34,81,76,58,31,70,94,44,38,1,None,None
DEV_009,2024-12-26 12:00:00,15,29,48,No,Mobile,65,18,94,10,62,85,41,67,11,1,None,None
DEV_009,2024-12-27 00:00:00,26,35,28,No,Mobile,75,12,43,92,98,61,18,92,45,1,None,None
DEV_009,2024-12-27 12:00:00,82,72,18,No,Mobile,69,61,61,5,90,83,10,80,41,1,None,None
DEV_009,2024-12-28 00:00:00,31,88,42,No,Mobile,69,63,32,85,17,11,12,97,82,1,None,None
DEV_009,2024-12-28 12:00:00,54,1,28,No,Mobile,72,22,60,25,93,50,44,67,11,1,None,None
DEV_009,2024-12-29 00:00:00,41,70,29,No,Mobile,65,9,67,9,49,38,82,25,87,1,None,None
DEV_009,2024-12-29 12:00:00,75,12,47,No,Mobile,5,26,91,47,41,62,44,59,43,1,None,None
DEV_010,2024-09-01 00:00:00,24,70,38,No,Mobile,43,82,21,79,93,39,8,51,87,1,None,None
DEV_010,2024-09-03 12:00:00,76,76,17,No,Mobile,17,94,44,13,32,50,93,99,27,1,None,None
DEV_010,2024-09-04 18:00:00,2,39,13,No,Mobile,13,5,34,38,85,12,66,71,4,1,None,None
DEV_010,2024-09-06 00:00:00,8,86,58,No,Mobile,79,30,18,70,5,97,2,56,41,1,None,None
DEV_010,2024-09-07 06:00:00,7,62,26,No,Mobile,18,57,41,55,25,10,44,49,95,1,None,None
DEV_010,2024-09-08 12:00:00,79,18,23,No,Mobile,17,77,50,59,87,41,12,92,74,1,None,None
DEV_010,2024-09-09 18:00:00,19,89,29,No,Mobile,89,53,48,94,89,1,44,24,16,1,None,None
DEV_010,2024-09-11 00:00:00,96,6,67,No,Mobile,42,20,53,5,16,11,28,50,42,1,None,None
DEV_010,2024-09-12 06:00:00,66,19,14,No,Mobile,96,24,73,74,54,61,83,21,72,1,None,None
DEV_010,2024-09-13 12:00:00,97,64,23,No,Mobile,23,45,74,16,12,70,89,52,46,1,None,None
DEV_010,2024-09-14 18:00:00,7,94,54,No,Mobile,71,90,24,80,37,53,81,93,99,1,None,None
DEV_010,2024-09-16 00:00:00,40,88,18,No,Mobile,6,15,89,50,75,7,68,20,70,1,None,None
DEV_010,2024-09-17 06:00:00,86,7,69,No,Mobile,88,2,22,70,8,10,98,78,70,1,None,None
DEV_010,2024-09-18 12:00:00,89,67,93,No,Mobile,9,19,42,89,7,26,20,23,60,1,None,None
DEV_010,2024-09-19 18:00:00,77,30,37,No,Mobile,83,82,6,26,78,71,6,38,58,1,None,None
DEV_010,2024-09-21 00:00:00,73,33,52,No,Mobile,16,71,84,92,78,93,13,85,97,1,None,None
DEV_010,2024-09-22 06:00:00,66,84,1,No,Mobile,9,31,68,68,91,92,77,81,23,1,None,None
DEV_010,2024-09-23 12:00:00,57,77,24,No,Mobile,43,64,25,59,80,63,27,49,5,1,None,None
DEV_010,2024-09-24 18:00:00,60,42,3,No,Mobile,27,33,41,93,6,89,48,75,85,1,None,None
DEV_010,2024-09-26 00:00:00,16,74,29,No,Mobile,69,88,23,53,56,79,67,95,89,1,None,None
DEV_010,2024-09-27 06:00:00,30,10,3,No,Mobile,57,15,73,42,32,47,54,94,35,1,None,None
DEV_010,2024-09-28 12:00:00,20,39,26,No,Mobile,61,54,86,61,12,5,85,52,33,1,None,None
DEV_010,2024-09-29 18:00:00,33,31,98,No,Mobile,54,48,20,44,95,63,25,81,70,1,None,None
DEV_010,2024-10-01 00:00:00,68,16,71,No,Mobile,49,18,65,57,53,76,32,72,24,1,None,None
DEV_010,2024-10-02 06:00:00,4,82,17,No,Mobile,29,28,99,28,1,72,85,92,9,1,None,None
DEV_010,2024-10-03 12:00:00,95,31,26,No,Mobile,17,60,75,77,47,41,37,77,70,1,None,None
DEV_010,2024-10-04 18:00:00,58,17,21,No,Mobile,58,11,80,18,24,46,38,30,88,1,None,None
DEV_010,2024-10-06 00:00:00,85,87,60,No,Mobile,32,98,57,75,79,42,54,45,97,1,None,None
DEV_010,2024-10-07 06:00:00,51,86,85,No,Mobile,69,32,11,80,54,43,99,25,35,1,None,None
DEV_010,2024-10-08 12:00:00,70,35,3,No,Mobile,29,39,52,39,69,5,1,52,9,1,None,None
DEV_010,2024-10-09 18:00:00,91,57,50,No,Mobile,10,47,16,72,39,82,3,68,61,1,None,None
DEV_010,2024-10-11 00:00:00,84,35,75,No,Mobile,2,19,26,35,93,39,25,96,87,1,None,None
DEV_010,2024-10-12 06:00:00,69,58,9,No,Mobile,89,47,56,6,15,78,6,12,65,1,None,None
DEV_010,2024-10-13 12:00:00,96,67,81,No,Mobile,58,37,25,14,7,79,46,34,81,1,None,None
DEV_010,2024-10-14 18:00:00,39,89,83,No,Mobile,16,98,99,35,99,10,5,91,72,1,None,None
DEV_010,2024-10-16 00:00:00,97,76,51,No,Mobile,78,81,36,20,51,63,32,41,45,1,None,None
DEV_010,2024-10-17 06:00:00,64,29,40,No,Mobile,47,25,52,15,11,20,1,13,24,1,None,None
DEV_010,2024-10-18 12:00:00,27,25,91,No,Mobile,46,95,43,78,54,29,32,38,62,1,None,None
DEV_010,2024-10-19 18:00:00,81,64,97,No,Mobile,31,58,70,93,32,71,50,79,90,1,None,None
DEV_010,2024-10-21 00:00:00,69,5,62,No,Mobile,85,51,25,58,53,80,41,89,32,1,None,None
DEV_010,2024-10-22 06:00:00,15,81,27,No,Mobile,72,95,39,42,45,38,57,20,67,1,None,None
DEV_010,2024-10-23 12:00:00,90,78,80,No,Mobile,88,3,79,43,81,22,42,99,81,1,None,None
DEV_010,2024-10-24 18:00:00,68,42,20,No,Mobile,30,90,93,45,26,68,6,19,31,1,None,None
DEV_010,2024-10-26 00:00:00,3,6,33,No,Mobile,42,68,27,31,8,80,36,34,40,1,None,None
DEV_010,2024-10-27 06:00:00,44,21,32,No,Mobile,77,51,1,54,5,50,44,46,19,1,None,None
DEV_010,2024-10-28 12:00:00,82,26,66,No,Mobile,90,62,49,28,40,46,35,23,95,1,None,None
DEV_010,2024-10-29 18:00:00,72,64,65,No,Mobile,88,81,29,7,12,28,13,73,60,1,None,None
DEV_010,2024-10-31 00:00:00,68,65,28,No,Mobile,45,15,45,52,53,41,64,8,71,1,None,None
DEV_010,2024-11-01 06:00:00,64,13,28,No,Mobile,8,48,45,86,66,66,58,80,64,1,None,None
DEV_010,2024-11-02 12:00:00,80,95,43,No,Mobile,10,61,51,19,5,94,75,42,11,1,None,None
DEV_010,2024-11-03 18:00:00,15,73,76,No,Mobile,69,96,63,57,82,39,34,41,70,1,None,None
DEV_010,2024-11-05 00:00:00,68,70,73,No,Mobile,78,32,53,49,91,36,16,72,61,1,None,None
DEV_010,2024-11-06 06:00:00,27,2,22,No,Mobile,83,70,21,31,37,77,60,72,71,1,None,None
DEV_010,2024-11-07 12:00:00,54,82,67,No,Mobile,2,38,7,30,74,14,55,23,58,1,None,None
DEV_010,2024-11-08 18:00:00,49,23,45,No,Mobile,44,38,77,69,47,97,50,11,22,1,None,None
DEV_010,2024-11-10 00:00:00,10,15,17,No,Mobile,79,68,48,37,57,59,98,61,40,1,None,None
DEV_010,2024-11-11 06:00:00,39,94,76,No,Mobile,95,19,88,25,83,18,33,91,72,1,None,None
DEV_010,2024-11-12 12:00:00,3,91,42,No,Mobile,84,68,62,41,83,18,97,88,41,1,None,None
DEV_010,2024-11-13 18:00:00,44,8,77,No,Mobile,15,28,66,85,38,4,79,99,18,1,None,None
DEV_010,2024-11-15 00:00:00,65,37,51,No,Mobile,95,39,18,57,68,54,26,78,19,1,None,None
DEV_010,2024-11-16 06:00:00,39,36,32,No,Mobile,96,58,25,42,89,71,33,87,9,1,None,None
DEV_010,2024-11-17 12:00:00,10,74,76,No,Mobile,52,25,34,88,61,8,41,24,46,1,None,None
DEV_010,2024-11-18 18:00:00,81,27,51,No,Mobile,71,83,59,12,89,60,20,66,89,1,None,None
DEV_010,2024-11-20 00:00:00,2,63,33,No,Mobile,28,4,95,50,86,35,1,62,33,1,None,None
DEV_010,2024-11-21 06:00:00,40,69,37,No,Mobile,21,34,97,56,9,58,59,38,12,1,None,None
DEV_010,2024-11-22 12:00:00,14,53,15,No,Mobile,27,51,65,79,37,81,54,34,25,1,None,None
DEV_010,2024-11-23 18:00:00,79,9,78,No,Mobile,90,62,21,56,64,68,25,74,88,1,None,None
DEV_010,2024-11-25 00:00:00,71,59,10,No,Mobile,18,6,58,56,90,81,73,51,43,1,None,None
DEV_010,2024-11-26 06:00:00,42,42,96,No,Mobile,7,76,35,66,30,47,30,16,61,1,None,None
DEV_010,2024-11-27 12:00:00,58,7,32,No,Mobile,26,29,18,38,84,6,50,21,39,1,None,None
DEV_010,2024-11-28 18:00:00,36,45,14,No,Mobile,24,49,9,45,71,38,11,29,50,1,None,None
DEV_010,2024-11-30 00:00:00,45,65,8,No,Mobile,28,24,68,64,11,89,62,51,10,1,None,None
DEV_010,2024-12-01 06:00:00,44,24,25,No,Mobile,67,38,16,59,96,93,75,48,14,1,None,None
DEV_010,2024-12-02 12:00:00,5,56,69,No,Mobile,90,51,88,21,13,62,5,47,53,1,None,None
DEV_010,2024-12-03 18:00:00,2,61,21,No,Mobile,13,22,81,26,70,13,24,75,8,1,None,None
DEV_010,2024-12-05 00:00:00,80,52,13,No,Mobile,21,33,82,29,60,55,86,43,25,1,None,None
DEV_010,2024-12-06 06:00:00,15,56,32,No,Mobile,14,95,20,98,68,40,84,5,32,1,None,None
DEV_010,2024-12-07 12:00:00,8,17,31,No,Mobile,33,26,62,6,19,54,57,33,43,1,None,None
DEV_010,2024-12-08 18:00:00,24,70,77,No,Mobile,75,64,49,31,25,50,81,18,4,1,None,None
DEV_010,2024-12-10 00:00:00,36,21,16,No,Mobile,80,59,28,44,94,6,18,76,64,1,None,None
DEV_010,2024-12-11 06:00:00,88,14,44,No,Mobile,39,94,42,46,13,73,69,55,16,1,Association,None
DEV_010,2024-12-12 12:00:00,44,82,81,No,Mobile,45,61,72,72,83,65,37,37,73,1,None,None
DEV_010,2024-12-13 18:00:00,36,52,80,No,Mobile,60,1,83,9,4,62,3,84,40,1,None,None
DEV_010,2024-12-15 00:00:00,51,53,81,No,Mobile,2,53,28,5,77,62,15,27,41,1,None,None
DEV_010,2024-12-16 06:00:00,43,9,28,No,Mobile,7,83,49,92,16,94,36,13,15,1,None,None
DEV_010,2024-12-17 12:00:00,37,73,82,No,Mobile,28,29,30,94,66,21,57,49,89,1,None,None
DEV_010,2024-12-18 18:00:00,73,99,53,Yes,Mobile,58,97,85,21,92,19,48,68,2,1,None,None
DEV_010,2024-12-20 00:00:00,27,38,7,No,Mobile,6,13,94,14,61,76,91,81,71,1,None,None
DEV_010,2024-12-21 06:00:00,65,62,60,No,Mobile,3,17,56,45,14,21,85,84,22,1,None,None
DEV_010,2024-12-22 12:00:00,20,34,38,No,Mobile,1,19,64,42,44,22,70,15,8,1,None,None
DEV_010,2024-12-23 18:00:00,31,13,35,No,Mobile,34,50,92,73,54,83,61,60,88,1,None,None
DEV_010,2024-12-25 00:00:00,4,38,67,No,Mobile,33,40,58,7,27,4,98,79,79,1,None,None
DEV_010,2024-12-26 06:00:00,13,24,81,No,Mobile,89,77,77,12,91,5,22,13,39,1,None,None
DEV_010,2024-12-27 12:00:00,82,75,8,Yes,Mobile,9,26,58,97,98,24,81,40,22,1,None,None
DEV_010,2024-12-28 18:00:00,48,49,21,No,Mobile,89,25,90,91,99,78,35,27,74,1,None,None
