distid,createdts,sn,wc_interface,wc_current_ch,wc_enable
DEV_001_2024-09-01 00:00:00,2024-09-01 00:00:00,DEV_001,93,15,72
DEV_001_2024-09-01 04:00:00,2024-09-01 04:00:00,DEV_001,61,21,83
DEV_001_2024-09-01 08:00:00,2024-09-01 08:00:00,DEV_001,87,75,75
DEV_001_2024-09-01 12:00:00,2024-09-01 12:00:00,DEV_001,88,24,3
DEV_001_2024-09-01 16:00:00,2024-09-01 16:00:00,DEV_001,22,53,2
DEV_001_2024-09-01 20:00:00,2024-09-01 20:00:00,DEV_001,88,30,38
DEV_001_2024-09-02 00:00:00,2024-09-02 00:00:00,DEV_001,2,64,60
DEV_001_2024-09-02 04:00:00,2024-09-02 04:00:00,DEV_001,21,33,76
DEV_001_2024-09-02 08:00:00,2024-09-02 08:00:00,DEV_001,58,22,89
DEV_001_2024-09-02 12:00:00,2024-09-02 12:00:00,DEV_001,49,91,59
DEV_001_2024-09-02 16:00:00,2024-09-02 16:00:00,DEV_001,42,92,60
DEV_001_2024-09-02 20:00:00,2024-09-02 20:00:00,DEV_001,80,15,62
DEV_001_2024-09-03 00:00:00,2024-09-03 00:00:00,DEV_001,62,47,62
DEV_001_2024-09-03 04:00:00,2024-09-03 04:00:00,DEV_001,51,55,64
DEV_001_2024-09-03 08:00:00,2024-09-03 08:00:00,DEV_001,3,51,7
DEV_001_2024-09-03 12:00:00,2024-09-03 12:00:00,DEV_001,21,73,39
DEV_001_2024-09-03 16:00:00,2024-09-03 16:00:00,DEV_001,18,4,89
DEV_001_2024-09-03 20:00:00,2024-09-03 20:00:00,DEV_001,60,14,9
DEV_001_2024-09-04 00:00:00,2024-09-04 00:00:00,DEV_001,90,53,2
DEV_001_2024-09-04 04:00:00,2024-09-04 04:00:00,DEV_001,84,92,60
DEV_001_2024-09-04 08:00:00,2024-09-04 08:00:00,DEV_001,71,44,8
DEV_001_2024-09-04 12:00:00,2024-09-04 12:00:00,DEV_001,47,35,78
DEV_001_2024-09-04 16:00:00,2024-09-04 16:00:00,DEV_001,81,36,50
DEV_001_2024-09-04 20:00:00,2024-09-04 20:00:00,DEV_001,4,2,6
DEV_001_2024-09-05 00:00:00,2024-09-05 00:00:00,DEV_001,54,4,54
DEV_001_2024-09-05 04:00:00,2024-09-05 04:00:00,DEV_001,93,63,18
DEV_001_2024-09-05 08:00:00,2024-09-05 08:00:00,DEV_001,90,44,34
DEV_001_2024-09-05 12:00:00,2024-09-05 12:00:00,DEV_001,74,62,14
DEV_001_2024-09-05 16:00:00,2024-09-05 16:00:00,DEV_001,95,48,15
DEV_001_2024-09-05 20:00:00,2024-09-05 20:00:00,DEV_001,72,78,87
DEV_001_2024-09-06 00:00:00,2024-09-06 00:00:00,DEV_001,62,40,85
DEV_001_2024-09-06 04:00:00,2024-09-06 04:00:00,DEV_001,80,82,53
DEV_001_2024-09-06 08:00:00,2024-09-06 08:00:00,DEV_001,24,26,89
DEV_001_2024-09-06 12:00:00,2024-09-06 12:00:00,DEV_001,60,41,29
DEV_001_2024-09-06 16:00:00,2024-09-06 16:00:00,DEV_001,15,45,65
DEV_001_2024-09-06 20:00:00,2024-09-06 20:00:00,DEV_001,89,71,9
DEV_001_2024-09-07 00:00:00,2024-09-07 00:00:00,DEV_001,88,1,8
DEV_001_2024-09-07 04:00:00,2024-09-07 04:00:00,DEV_001,88,63,11
DEV_001_2024-09-07 08:00:00,2024-09-07 08:00:00,DEV_001,81,8,35
DEV_001_2024-09-07 12:00:00,2024-09-07 12:00:00,DEV_001,35,33,5
DEV_001_2024-09-07 16:00:00,2024-09-07 16:00:00,DEV_001,41,28,7
DEV_001_2024-09-07 20:00:00,2024-09-07 20:00:00,DEV_001,73,72,12
DEV_001_2024-09-08 00:00:00,2024-09-08 00:00:00,DEV_001,34,33,48
DEV_001_2024-09-08 04:00:00,2024-09-08 04:00:00,DEV_001,23,62,88
DEV_001_2024-09-08 08:00:00,2024-09-08 08:00:00,DEV_001,37,99,44
DEV_001_2024-09-08 12:00:00,2024-09-08 12:00:00,DEV_001,86,91,35
DEV_001_2024-09-08 16:00:00,2024-09-08 16:00:00,DEV_001,65,99,47
DEV_001_2024-09-08 20:00:00,2024-09-08 20:00:00,DEV_001,78,3,1
DEV_001_2024-09-09 00:00:00,2024-09-09 00:00:00,DEV_001,5,90,14
DEV_001_2024-09-09 04:00:00,2024-09-09 04:00:00,DEV_001,27,9,79
DEV_001_2024-09-09 08:00:00,2024-09-09 08:00:00,DEV_001,15,90,42
DEV_001_2024-09-09 12:00:00,2024-09-09 12:00:00,DEV_001,77,51,63
DEV_001_2024-09-09 16:00:00,2024-09-09 16:00:00,DEV_001,96,52,96
DEV_001_2024-09-09 20:00:00,2024-09-09 20:00:00,DEV_001,4,94,23
DEV_001_2024-09-10 00:00:00,2024-09-10 00:00:00,DEV_001,15,43,29
DEV_001_2024-09-10 04:00:00,2024-09-10 04:00:00,DEV_001,36,13,32
DEV_001_2024-09-10 08:00:00,2024-09-10 08:00:00,DEV_001,71,59,86
DEV_001_2024-09-10 12:00:00,2024-09-10 12:00:00,DEV_001,28,66,42
DEV_001_2024-09-10 16:00:00,2024-09-10 16:00:00,DEV_001,45,62,57
DEV_001_2024-09-10 20:00:00,2024-09-10 20:00:00,DEV_001,6,28,28
DEV_001_2024-09-11 00:00:00,2024-09-11 00:00:00,DEV_001,44,84,30
DEV_001_2024-09-11 04:00:00,2024-09-11 04:00:00,DEV_001,62,75,92
DEV_001_2024-09-11 08:00:00,2024-09-11 08:00:00,DEV_001,89,62,97
DEV_001_2024-09-11 12:00:00,2024-09-11 12:00:00,DEV_001,1,27,62
DEV_001_2024-09-11 16:00:00,2024-09-11 16:00:00,DEV_001,77,3,70
DEV_001_2024-09-11 20:00:00,2024-09-11 20:00:00,DEV_001,72,27,9
DEV_001_2024-09-12 00:00:00,2024-09-12 00:00:00,DEV_001,62,37,97
DEV_001_2024-09-12 04:00:00,2024-09-12 04:00:00,DEV_001,51,44,24
DEV_001_2024-09-12 08:00:00,2024-09-12 08:00:00,DEV_001,79,59,32
DEV_001_2024-09-12 12:00:00,2024-09-12 12:00:00,DEV_001,96,88,52
DEV_001_2024-09-12 16:00:00,2024-09-12 16:00:00,DEV_001,62,58,52
DEV_001_2024-09-12 20:00:00,2024-09-12 20:00:00,DEV_001,12,39,2
DEV_001_2024-09-13 00:00:00,2024-09-13 00:00:00,DEV_001,3,56,81
DEV_001_2024-09-13 04:00:00,2024-09-13 04:00:00,DEV_001,59,2,2
DEV_001_2024-09-13 08:00:00,2024-09-13 08:00:00,DEV_001,92,54,87
DEV_001_2024-09-13 12:00:00,2024-09-13 12:00:00,DEV_001,96,97,1
DEV_001_2024-09-13 16:00:00,2024-09-13 16:00:00,DEV_001,19,2,53
DEV_001_2024-09-13 20:00:00,2024-09-13 20:00:00,DEV_001,44,90,32
DEV_001_2024-09-14 00:00:00,2024-09-14 00:00:00,DEV_001,70,32,68
DEV_001_2024-09-14 04:00:00,2024-09-14 04:00:00,DEV_001,55,75,56
DEV_001_2024-09-14 08:00:00,2024-09-14 08:00:00,DEV_001,17,38,24
DEV_001_2024-09-14 12:00:00,2024-09-14 12:00:00,DEV_001,69,98,70
DEV_001_2024-09-14 16:00:00,2024-09-14 16:00:00,DEV_001,86,11,16
DEV_001_2024-09-14 20:00:00,2024-09-14 20:00:00,DEV_001,97,73,59
DEV_001_2024-09-15 00:00:00,2024-09-15 00:00:00,DEV_001,70,80,93
DEV_001_2024-09-15 04:00:00,2024-09-15 04:00:00,DEV_001,3,20,59
DEV_001_2024-09-15 08:00:00,2024-09-15 08:00:00,DEV_001,36,19,90
DEV_001_2024-09-15 12:00:00,2024-09-15 12:00:00,DEV_001,67,19,20
DEV_001_2024-09-15 16:00:00,2024-09-15 16:00:00,DEV_001,96,71,52
DEV_001_2024-09-15 20:00:00,2024-09-15 20:00:00,DEV_001,33,40,39
DEV_001_2024-09-16 00:00:00,2024-09-16 00:00:00,DEV_001,82,1,11
DEV_001_2024-09-16 04:00:00,2024-09-16 04:00:00,DEV_001,92,57,89
DEV_001_2024-09-16 08:00:00,2024-09-16 08:00:00,DEV_001,50,23,31
DEV_001_2024-09-16 12:00:00,2024-09-16 12:00:00,DEV_001,94,42,99
DEV_001_2024-09-16 16:00:00,2024-09-16 16:00:00,DEV_001,7,16,90
DEV_001_2024-09-16 20:00:00,2024-09-16 20:00:00,DEV_001,60,2,1
DEV_001_2024-09-17 00:00:00,2024-09-17 00:00:00,DEV_001,48,12,69
DEV_001_2024-09-17 04:00:00,2024-09-17 04:00:00,DEV_001,37,32,9
DEV_001_2024-09-17 08:00:00,2024-09-17 08:00:00,DEV_001,99,19,48
DEV_001_2024-09-17 12:00:00,2024-09-17 12:00:00,DEV_001,80,3,20
DEV_001_2024-09-17 16:00:00,2024-09-17 16:00:00,DEV_001,24,54,33
DEV_001_2024-09-17 20:00:00,2024-09-17 20:00:00,DEV_001,24,75,72
DEV_001_2024-09-18 00:00:00,2024-09-18 00:00:00,DEV_001,36,38,84
DEV_001_2024-09-18 04:00:00,2024-09-18 04:00:00,DEV_001,99,89,99
DEV_001_2024-09-18 08:00:00,2024-09-18 08:00:00,DEV_001,25,93,18
DEV_001_2024-09-18 12:00:00,2024-09-18 12:00:00,DEV_001,82,66,54
DEV_001_2024-09-18 16:00:00,2024-09-18 16:00:00,DEV_001,35,80,61
DEV_001_2024-09-18 20:00:00,2024-09-18 20:00:00,DEV_001,41,33,68
DEV_001_2024-09-19 00:00:00,2024-09-19 00:00:00,DEV_001,33,14,21
DEV_001_2024-09-19 04:00:00,2024-09-19 04:00:00,DEV_001,48,20,8
DEV_001_2024-09-19 08:00:00,2024-09-19 08:00:00,DEV_001,7,67,17
DEV_001_2024-09-19 12:00:00,2024-09-19 12:00:00,DEV_001,33,48,76
DEV_001_2024-09-19 16:00:00,2024-09-19 16:00:00,DEV_001,59,86,22
DEV_001_2024-09-19 20:00:00,2024-09-19 20:00:00,DEV_001,30,38,51
DEV_001_2024-09-20 00:00:00,2024-09-20 00:00:00,DEV_001,54,8,27
DEV_001_2024-09-20 04:00:00,2024-09-20 04:00:00,DEV_001,27,98,21
DEV_001_2024-09-20 08:00:00,2024-09-20 08:00:00,DEV_001,30,97,28
DEV_001_2024-09-20 12:00:00,2024-09-20 12:00:00,DEV_001,64,97,69
DEV_001_2024-09-20 16:00:00,2024-09-20 16:00:00,DEV_001,61,48,19
DEV_001_2024-09-20 20:00:00,2024-09-20 20:00:00,DEV_001,4,35,64
DEV_001_2024-09-21 00:00:00,2024-09-21 00:00:00,DEV_001,49,17,44
DEV_001_2024-09-21 04:00:00,2024-09-21 04:00:00,DEV_001,92,30,93
DEV_001_2024-09-21 08:00:00,2024-09-21 08:00:00,DEV_001,46,6,99
DEV_001_2024-09-21 12:00:00,2024-09-21 12:00:00,DEV_001,37,24,93
DEV_001_2024-09-21 16:00:00,2024-09-21 16:00:00,DEV_001,46,53,95
DEV_001_2024-09-21 20:00:00,2024-09-21 20:00:00,DEV_001,99,60,97
DEV_001_2024-09-22 00:00:00,2024-09-22 00:00:00,DEV_001,63,85,32
DEV_001_2024-09-22 04:00:00,2024-09-22 04:00:00,DEV_001,87,33,67
DEV_001_2024-09-22 08:00:00,2024-09-22 08:00:00,DEV_001,18,25,95
DEV_001_2024-09-22 12:00:00,2024-09-22 12:00:00,DEV_001,54,58,67
DEV_001_2024-09-22 16:00:00,2024-09-22 16:00:00,DEV_001,46,24,32
DEV_001_2024-09-22 20:00:00,2024-09-22 20:00:00,DEV_001,47,86,23
DEV_001_2024-09-23 00:00:00,2024-09-23 00:00:00,DEV_001,66,27,2
DEV_001_2024-09-23 04:00:00,2024-09-23 04:00:00,DEV_001,90,17,33
DEV_001_2024-09-23 08:00:00,2024-09-23 08:00:00,DEV_001,9,43,48
DEV_001_2024-09-23 12:00:00,2024-09-23 12:00:00,DEV_001,39,93,42
DEV_001_2024-09-23 16:00:00,2024-09-23 16:00:00,DEV_001,26,99,50
DEV_001_2024-09-23 20:00:00,2024-09-23 20:00:00,DEV_001,25,24,13
DEV_001_2024-09-24 00:00:00,2024-09-24 00:00:00,DEV_001,60,7,57
DEV_001_2024-09-24 04:00:00,2024-09-24 04:00:00,DEV_001,36,45,20
DEV_001_2024-09-24 08:00:00,2024-09-24 08:00:00,DEV_001,65,8,16
DEV_001_2024-09-24 12:00:00,2024-09-24 12:00:00,DEV_001,14,76,87
DEV_001_2024-09-24 16:00:00,2024-09-24 16:00:00,DEV_001,15,92,98
DEV_001_2024-09-24 20:00:00,2024-09-24 20:00:00,DEV_001,66,32,87
DEV_001_2024-09-25 00:00:00,2024-09-25 00:00:00,DEV_001,63,86,51
DEV_001_2024-09-25 04:00:00,2024-09-25 04:00:00,DEV_001,25,58,63
DEV_001_2024-09-25 08:00:00,2024-09-25 08:00:00,DEV_001,62,22,58
DEV_001_2024-09-25 12:00:00,2024-09-25 12:00:00,DEV_001,58,86,49
DEV_001_2024-09-25 16:00:00,2024-09-25 16:00:00,DEV_001,52,42,70
DEV_001_2024-09-25 20:00:00,2024-09-25 20:00:00,DEV_001,15,54,60
DEV_001_2024-09-26 00:00:00,2024-09-26 00:00:00,DEV_001,97,8,53
DEV_001_2024-09-26 04:00:00,2024-09-26 04:00:00,DEV_001,60,5,68
DEV_001_2024-09-26 08:00:00,2024-09-26 08:00:00,DEV_001,6,96,94
DEV_001_2024-09-26 12:00:00,2024-09-26 12:00:00,DEV_001,47,99,55
DEV_001_2024-09-26 16:00:00,2024-09-26 16:00:00,DEV_001,40,52,16
DEV_001_2024-09-26 20:00:00,2024-09-26 20:00:00,DEV_001,13,30,19
DEV_001_2024-09-27 00:00:00,2024-09-27 00:00:00,DEV_001,17,63,19
DEV_001_2024-09-27 04:00:00,2024-09-27 04:00:00,DEV_001,92,58,55
DEV_001_2024-09-27 08:00:00,2024-09-27 08:00:00,DEV_001,90,90,62
DEV_001_2024-09-27 12:00:00,2024-09-27 12:00:00,DEV_001,23,9,12
DEV_001_2024-09-27 16:00:00,2024-09-27 16:00:00,DEV_001,1,58,1
DEV_001_2024-09-27 20:00:00,2024-09-27 20:00:00,DEV_001,34,96,48
DEV_001_2024-09-28 00:00:00,2024-09-28 00:00:00,DEV_001,89,1,16
DEV_001_2024-09-28 04:00:00,2024-09-28 04:00:00,DEV_001,61,64,63
DEV_001_2024-09-28 08:00:00,2024-09-28 08:00:00,DEV_001,69,22,93
DEV_001_2024-09-28 12:00:00,2024-09-28 12:00:00,DEV_001,67,76,26
DEV_001_2024-09-28 16:00:00,2024-09-28 16:00:00,DEV_001,16,51,86
DEV_001_2024-09-28 20:00:00,2024-09-28 20:00:00,DEV_001,57,29,78
DEV_001_2024-09-29 00:00:00,2024-09-29 00:00:00,DEV_001,92,69,47
DEV_001_2024-09-29 04:00:00,2024-09-29 04:00:00,DEV_001,94,62,69
DEV_001_2024-09-29 08:00:00,2024-09-29 08:00:00,DEV_001,76,16,90
DEV_001_2024-09-29 12:00:00,2024-09-29 12:00:00,DEV_001,90,48,85
DEV_001_2024-09-29 16:00:00,2024-09-29 16:00:00,DEV_001,39,33,94
DEV_001_2024-09-29 20:00:00,2024-09-29 20:00:00,DEV_001,23,10,69
DEV_001_2024-09-30 00:00:00,2024-09-30 00:00:00,DEV_001,34,52,95
DEV_001_2024-09-30 04:00:00,2024-09-30 04:00:00,DEV_001,10,19,58
DEV_001_2024-09-30 08:00:00,2024-09-30 08:00:00,DEV_001,96,1,69
DEV_001_2024-09-30 12:00:00,2024-09-30 12:00:00,DEV_001,4,16,24
DEV_001_2024-09-30 16:00:00,2024-09-30 16:00:00,DEV_001,80,2,92
DEV_001_2024-09-30 20:00:00,2024-09-30 20:00:00,DEV_001,32,91,84
DEV_001_2024-10-01 00:00:00,2024-10-01 00:00:00,DEV_001,24,12,50
DEV_001_2024-10-01 04:00:00,2024-10-01 04:00:00,DEV_001,35,33,33
DEV_001_2024-10-01 08:00:00,2024-10-01 08:00:00,DEV_001,61,51,43
DEV_001_2024-10-01 12:00:00,2024-10-01 12:00:00,DEV_001,12,67,65
DEV_001_2024-10-01 16:00:00,2024-10-01 16:00:00,DEV_001,33,40,74
DEV_001_2024-10-01 20:00:00,2024-10-01 20:00:00,DEV_001,43,44,29
DEV_001_2024-10-02 00:00:00,2024-10-02 00:00:00,DEV_001,13,12,95
DEV_001_2024-10-02 04:00:00,2024-10-02 04:00:00,DEV_001,46,2,35
DEV_001_2024-10-02 08:00:00,2024-10-02 08:00:00,DEV_001,87,81,90
DEV_001_2024-10-02 12:00:00,2024-10-02 12:00:00,DEV_001,8,93,26
DEV_001_2024-10-02 16:00:00,2024-10-02 16:00:00,DEV_001,74,90,34
DEV_001_2024-10-02 20:00:00,2024-10-02 20:00:00,DEV_001,7,68,58
DEV_001_2024-10-03 00:00:00,2024-10-03 00:00:00,DEV_001,75,29,36
DEV_001_2024-10-03 04:00:00,2024-10-03 04:00:00,DEV_001,89,21,36
DEV_001_2024-10-03 08:00:00,2024-10-03 08:00:00,DEV_001,10,73,24
DEV_001_2024-10-03 12:00:00,2024-10-03 12:00:00,DEV_001,64,99,49
DEV_001_2024-10-03 16:00:00,2024-10-03 16:00:00,DEV_001,99,36,82
DEV_001_2024-10-03 20:00:00,2024-10-03 20:00:00,DEV_001,96,24,23
DEV_001_2024-10-04 00:00:00,2024-10-04 00:00:00,DEV_001,62,96,37
DEV_001_2024-10-04 04:00:00,2024-10-04 04:00:00,DEV_001,12,55,13
DEV_001_2024-10-04 08:00:00,2024-10-04 08:00:00,DEV_001,23,89,99
DEV_001_2024-10-04 12:00:00,2024-10-04 12:00:00,DEV_001,30,17,62
DEV_001_2024-10-04 16:00:00,2024-10-04 16:00:00,DEV_001,84,89,86
DEV_001_2024-10-04 20:00:00,2024-10-04 20:00:00,DEV_001,13,59,19
DEV_001_2024-10-05 00:00:00,2024-10-05 00:00:00,DEV_001,49,12,61
DEV_001_2024-10-05 04:00:00,2024-10-05 04:00:00,DEV_001,19,76,9
DEV_001_2024-10-05 08:00:00,2024-10-05 08:00:00,DEV_001,71,28,78
DEV_001_2024-10-05 12:00:00,2024-10-05 12:00:00,DEV_001,95,52,83
DEV_001_2024-10-05 16:00:00,2024-10-05 16:00:00,DEV_001,16,69,99
DEV_001_2024-10-05 20:00:00,2024-10-05 20:00:00,DEV_001,12,25,52
DEV_001_2024-10-06 00:00:00,2024-10-06 00:00:00,DEV_001,85,53,23
DEV_001_2024-10-06 04:00:00,2024-10-06 04:00:00,DEV_001,16,57,39
DEV_001_2024-10-06 08:00:00,2024-10-06 08:00:00,DEV_001,53,42,58
DEV_001_2024-10-06 12:00:00,2024-10-06 12:00:00,DEV_001,39,14,95
DEV_001_2024-10-06 16:00:00,2024-10-06 16:00:00,DEV_001,5,35,87
DEV_001_2024-10-06 20:00:00,2024-10-06 20:00:00,DEV_001,93,75,18
DEV_001_2024-10-07 00:00:00,2024-10-07 00:00:00,DEV_001,76,9,74
DEV_001_2024-10-07 04:00:00,2024-10-07 04:00:00,DEV_001,58,17,7
DEV_001_2024-10-07 08:00:00,2024-10-07 08:00:00,DEV_001,46,13,40
DEV_001_2024-10-07 12:00:00,2024-10-07 12:00:00,DEV_001,42,9,50
DEV_001_2024-10-07 16:00:00,2024-10-07 16:00:00,DEV_001,27,66,5
DEV_001_2024-10-07 20:00:00,2024-10-07 20:00:00,DEV_001,29,37,38
DEV_001_2024-10-08 00:00:00,2024-10-08 00:00:00,DEV_001,83,8,65
DEV_001_2024-10-08 04:00:00,2024-10-08 04:00:00,DEV_001,86,17,71
DEV_001_2024-10-08 08:00:00,2024-10-08 08:00:00,DEV_001,89,45,4
DEV_001_2024-10-08 12:00:00,2024-10-08 12:00:00,DEV_001,36,70,31
DEV_001_2024-10-08 16:00:00,2024-10-08 16:00:00,DEV_001,19,61,54
DEV_001_2024-10-08 20:00:00,2024-10-08 20:00:00,DEV_001,39,91,74
DEV_001_2024-10-09 00:00:00,2024-10-09 00:00:00,DEV_001,90,19,39
DEV_001_2024-10-09 04:00:00,2024-10-09 04:00:00,DEV_001,67,45,13
DEV_001_2024-10-09 08:00:00,2024-10-09 08:00:00,DEV_001,92,58,20
DEV_001_2024-10-09 12:00:00,2024-10-09 12:00:00,DEV_001,92,72,61
DEV_001_2024-10-09 16:00:00,2024-10-09 16:00:00,DEV_001,39,1,3
DEV_001_2024-10-09 20:00:00,2024-10-09 20:00:00,DEV_001,77,92,62
DEV_001_2024-10-10 00:00:00,2024-10-10 00:00:00,DEV_001,63,25,56
DEV_001_2024-10-10 04:00:00,2024-10-10 04:00:00,DEV_001,33,38,6
DEV_001_2024-10-10 08:00:00,2024-10-10 08:00:00,DEV_001,58,44,45
DEV_001_2024-10-10 12:00:00,2024-10-10 12:00:00,DEV_001,32,45,61
DEV_001_2024-10-10 16:00:00,2024-10-10 16:00:00,DEV_001,47,21,80
DEV_001_2024-10-10 20:00:00,2024-10-10 20:00:00,DEV_001,85,75,36
DEV_001_2024-10-11 00:00:00,2024-10-11 00:00:00,DEV_001,99,19,20
DEV_001_2024-10-11 04:00:00,2024-10-11 04:00:00,DEV_001,57,18,47
DEV_001_2024-10-11 08:00:00,2024-10-11 08:00:00,DEV_001,49,14,15
DEV_001_2024-10-11 12:00:00,2024-10-11 12:00:00,DEV_001,31,1,54
DEV_001_2024-10-11 16:00:00,2024-10-11 16:00:00,DEV_001,3,16,87
DEV_001_2024-10-11 20:00:00,2024-10-11 20:00:00,DEV_001,57,75,12
DEV_001_2024-10-12 00:00:00,2024-10-12 00:00:00,DEV_001,74,96,16
DEV_001_2024-10-12 04:00:00,2024-10-12 04:00:00,DEV_001,72,76,24
DEV_001_2024-10-12 08:00:00,2024-10-12 08:00:00,DEV_001,28,8,92
DEV_001_2024-10-12 12:00:00,2024-10-12 12:00:00,DEV_001,36,90,8
DEV_001_2024-10-12 16:00:00,2024-10-12 16:00:00,DEV_001,58,60,50
DEV_001_2024-10-12 20:00:00,2024-10-12 20:00:00,DEV_001,28,92,41
DEV_001_2024-10-13 00:00:00,2024-10-13 00:00:00,DEV_001,64,27,63
DEV_001_2024-10-13 04:00:00,2024-10-13 04:00:00,DEV_001,17,73,33
DEV_001_2024-10-13 08:00:00,2024-10-13 08:00:00,DEV_001,84,77,92
DEV_001_2024-10-13 12:00:00,2024-10-13 12:00:00,DEV_001,29,13,46
DEV_001_2024-10-13 16:00:00,2024-10-13 16:00:00,DEV_001,35,6,82
DEV_001_2024-10-13 20:00:00,2024-10-13 20:00:00,DEV_001,69,47,25
DEV_001_2024-10-14 00:00:00,2024-10-14 00:00:00,DEV_001,66,10,56
DEV_001_2024-10-14 04:00:00,2024-10-14 04:00:00,DEV_001,30,5,33
DEV_001_2024-10-14 08:00:00,2024-10-14 08:00:00,DEV_001,65,18,96
DEV_001_2024-10-14 12:00:00,2024-10-14 12:00:00,DEV_001,49,11,85
DEV_001_2024-10-14 16:00:00,2024-10-14 16:00:00,DEV_001,26,63,89
DEV_001_2024-10-14 20:00:00,2024-10-14 20:00:00,DEV_001,86,59,27
DEV_001_2024-10-15 00:00:00,2024-10-15 00:00:00,DEV_001,49,77,33
DEV_001_2024-10-15 04:00:00,2024-10-15 04:00:00,DEV_001,98,99,1
DEV_001_2024-10-15 08:00:00,2024-10-15 08:00:00,DEV_001,21,55,6
DEV_001_2024-10-15 12:00:00,2024-10-15 12:00:00,DEV_001,92,81,69
DEV_001_2024-10-15 16:00:00,2024-10-15 16:00:00,DEV_001,95,5,3
DEV_001_2024-10-15 20:00:00,2024-10-15 20:00:00,DEV_001,53,23,53
DEV_001_2024-10-16 00:00:00,2024-10-16 00:00:00,DEV_001,37,74,74
DEV_001_2024-10-16 04:00:00,2024-10-16 04:00:00,DEV_001,83,17,85
DEV_001_2024-10-16 08:00:00,2024-10-16 08:00:00,DEV_001,78,73,1
DEV_001_2024-10-16 12:00:00,2024-10-16 12:00:00,DEV_001,51,45,77
DEV_001_2024-10-16 16:00:00,2024-10-16 16:00:00,DEV_001,4,62,65
DEV_001_2024-10-16 20:00:00,2024-10-16 20:00:00,DEV_001,32,34,92
DEV_001_2024-10-17 00:00:00,2024-10-17 00:00:00,DEV_001,95,72,39
DEV_001_2024-10-17 04:00:00,2024-10-17 04:00:00,DEV_001,26,34,54
DEV_001_2024-10-17 08:00:00,2024-10-17 08:00:00,DEV_001,3,50,12
DEV_001_2024-10-17 12:00:00,2024-10-17 12:00:00,DEV_001,65,54,5
DEV_001_2024-10-17 16:00:00,2024-10-17 16:00:00,DEV_001,94,94,57
DEV_001_2024-10-17 20:00:00,2024-10-17 20:00:00,DEV_001,17,47,23
DEV_001_2024-10-18 00:00:00,2024-10-18 00:00:00,DEV_001,79,85,14
DEV_001_2024-10-18 04:00:00,2024-10-18 04:00:00,DEV_001,66,75,51
DEV_001_2024-10-18 08:00:00,2024-10-18 08:00:00,DEV_001,38,64,98
DEV_001_2024-10-18 12:00:00,2024-10-18 12:00:00,DEV_001,38,50,98
DEV_001_2024-10-18 16:00:00,2024-10-18 16:00:00,DEV_001,82,30,79
DEV_001_2024-10-18 20:00:00,2024-10-18 20:00:00,DEV_001,91,51,63
DEV_001_2024-10-19 00:00:00,2024-10-19 00:00:00,DEV_001,98,52,38
DEV_001_2024-10-19 04:00:00,2024-10-19 04:00:00,DEV_001,97,88,79
DEV_001_2024-10-19 08:00:00,2024-10-19 08:00:00,DEV_001,30,51,81
DEV_001_2024-10-19 12:00:00,2024-10-19 12:00:00,DEV_001,5,29,4
DEV_001_2024-10-19 16:00:00,2024-10-19 16:00:00,DEV_001,10,56,17
DEV_001_2024-10-19 20:00:00,2024-10-19 20:00:00,DEV_001,74,17,84
DEV_001_2024-10-20 00:00:00,2024-10-20 00:00:00,DEV_001,88,69,34
DEV_001_2024-10-20 04:00:00,2024-10-20 04:00:00,DEV_001,6,53,66
DEV_001_2024-10-20 08:00:00,2024-10-20 08:00:00,DEV_001,77,43,75
DEV_001_2024-10-20 12:00:00,2024-10-20 12:00:00,DEV_001,23,55,80
DEV_001_2024-10-20 16:00:00,2024-10-20 16:00:00,DEV_001,95,75,16
DEV_001_2024-10-20 20:00:00,2024-10-20 20:00:00,DEV_001,8,4,4
DEV_001_2024-10-21 00:00:00,2024-10-21 00:00:00,DEV_001,56,25,67
DEV_001_2024-10-21 04:00:00,2024-10-21 04:00:00,DEV_001,96,67,27
DEV_001_2024-10-21 08:00:00,2024-10-21 08:00:00,DEV_001,93,32,50
DEV_001_2024-10-21 12:00:00,2024-10-21 12:00:00,DEV_001,61,51,19
DEV_001_2024-10-21 16:00:00,2024-10-21 16:00:00,DEV_001,21,5,82
DEV_001_2024-10-21 20:00:00,2024-10-21 20:00:00,DEV_001,92,42,61
DEV_001_2024-10-22 00:00:00,2024-10-22 00:00:00,DEV_001,22,21,70
DEV_001_2024-10-22 04:00:00,2024-10-22 04:00:00,DEV_001,1,5,12
DEV_001_2024-10-22 08:00:00,2024-10-22 08:00:00,DEV_001,90,46,34
DEV_001_2024-10-22 12:00:00,2024-10-22 12:00:00,DEV_001,49,78,90
DEV_001_2024-10-22 16:00:00,2024-10-22 16:00:00,DEV_001,45,27,73
DEV_001_2024-10-22 20:00:00,2024-10-22 20:00:00,DEV_001,26,47,86
DEV_001_2024-10-23 00:00:00,2024-10-23 00:00:00,DEV_001,56,94,63
DEV_001_2024-10-23 04:00:00,2024-10-23 04:00:00,DEV_001,48,61,81
DEV_001_2024-10-23 08:00:00,2024-10-23 08:00:00,DEV_001,26,36,1
DEV_001_2024-10-23 12:00:00,2024-10-23 12:00:00,DEV_001,8,99,52
DEV_001_2024-10-23 16:00:00,2024-10-23 16:00:00,DEV_001,79,47,56
DEV_001_2024-10-23 20:00:00,2024-10-23 20:00:00,DEV_001,86,14,90
DEV_001_2024-10-24 00:00:00,2024-10-24 00:00:00,DEV_001,28,87,78
DEV_001_2024-10-24 04:00:00,2024-10-24 04:00:00,DEV_001,88,2,26
DEV_001_2024-10-24 08:00:00,2024-10-24 08:00:00,DEV_001,14,59,56
DEV_001_2024-10-24 12:00:00,2024-10-24 12:00:00,DEV_001,7,3,23
DEV_001_2024-10-24 16:00:00,2024-10-24 16:00:00,DEV_001,18,38,99
DEV_001_2024-10-24 20:00:00,2024-10-24 20:00:00,DEV_001,15,64,89
DEV_001_2024-10-25 00:00:00,2024-10-25 00:00:00,DEV_001,28,74,39
DEV_001_2024-10-25 04:00:00,2024-10-25 04:00:00,DEV_001,57,17,86
DEV_001_2024-10-25 08:00:00,2024-10-25 08:00:00,DEV_001,90,44,25
DEV_001_2024-10-25 12:00:00,2024-10-25 12:00:00,DEV_001,17,13,84
DEV_001_2024-10-25 16:00:00,2024-10-25 16:00:00,DEV_001,25,68,10
DEV_001_2024-10-25 20:00:00,2024-10-25 20:00:00,DEV_001,67,18,86
DEV_001_2024-10-26 00:00:00,2024-10-26 00:00:00,DEV_001,34,8,40
DEV_001_2024-10-26 04:00:00,2024-10-26 04:00:00,DEV_001,83,42,41
DEV_001_2024-10-26 08:00:00,2024-10-26 08:00:00,DEV_001,6,52,26
DEV_001_2024-10-26 12:00:00,2024-10-26 12:00:00,DEV_001,64,98,59
DEV_001_2024-10-26 16:00:00,2024-10-26 16:00:00,DEV_001,56,59,70
DEV_001_2024-10-26 20:00:00,2024-10-26 20:00:00,DEV_001,33,53,22
DEV_001_2024-10-27 00:00:00,2024-10-27 00:00:00,DEV_001,21,70,70
DEV_001_2024-10-27 04:00:00,2024-10-27 04:00:00,DEV_001,4,94,75
DEV_001_2024-10-27 08:00:00,2024-10-27 08:00:00,DEV_001,62,62,94
DEV_001_2024-10-27 12:00:00,2024-10-27 12:00:00,DEV_001,95,24,55
DEV_001_2024-10-27 16:00:00,2024-10-27 16:00:00,DEV_001,9,3,31
DEV_001_2024-10-27 20:00:00,2024-10-27 20:00:00,DEV_001,40,36,24
DEV_001_2024-10-28 00:00:00,2024-10-28 00:00:00,DEV_001,95,6,66
DEV_001_2024-10-28 04:00:00,2024-10-28 04:00:00,DEV_001,84,92,75
DEV_001_2024-10-28 08:00:00,2024-10-28 08:00:00,DEV_001,4,79,6
DEV_001_2024-10-28 12:00:00,2024-10-28 12:00:00,DEV_001,94,51,62
DEV_001_2024-10-28 16:00:00,2024-10-28 16:00:00,DEV_001,57,66,79
DEV_001_2024-10-28 20:00:00,2024-10-28 20:00:00,DEV_001,75,8,26
DEV_001_2024-10-29 00:00:00,2024-10-29 00:00:00,DEV_001,51,45,44
DEV_001_2024-10-29 04:00:00,2024-10-29 04:00:00,DEV_001,5,70,26
DEV_001_2024-10-29 08:00:00,2024-10-29 08:00:00,DEV_001,68,19,84
DEV_001_2024-10-29 12:00:00,2024-10-29 12:00:00,DEV_001,97,20,12
DEV_001_2024-10-29 16:00:00,2024-10-29 16:00:00,DEV_001,47,1,90
DEV_001_2024-10-29 20:00:00,2024-10-29 20:00:00,DEV_001,14,64,38
DEV_001_2024-10-30 00:00:00,2024-10-30 00:00:00,DEV_001,37,11,77
DEV_001_2024-10-30 04:00:00,2024-10-30 04:00:00,DEV_001,3,33,6
DEV_001_2024-10-30 08:00:00,2024-10-30 08:00:00,DEV_001,50,10,5
DEV_001_2024-10-30 12:00:00,2024-10-30 12:00:00,DEV_001,23,10,44
DEV_001_2024-10-30 16:00:00,2024-10-30 16:00:00,DEV_001,2,13,40
DEV_001_2024-10-30 20:00:00,2024-10-30 20:00:00,DEV_001,2,84,65
DEV_001_2024-10-31 00:00:00,2024-10-31 00:00:00,DEV_001,63,73,17
DEV_001_2024-10-31 04:00:00,2024-10-31 04:00:00,DEV_001,9,75,15
DEV_001_2024-10-31 08:00:00,2024-10-31 08:00:00,DEV_001,24,38,35
DEV_001_2024-10-31 12:00:00,2024-10-31 12:00:00,DEV_001,94,95,49
DEV_001_2024-10-31 16:00:00,2024-10-31 16:00:00,DEV_001,69,62,60
DEV_001_2024-10-31 20:00:00,2024-10-31 20:00:00,DEV_001,50,78,75
DEV_001_2024-11-01 00:00:00,2024-11-01 00:00:00,DEV_001,9,34,76
DEV_001_2024-11-01 04:00:00,2024-11-01 04:00:00,DEV_001,99,35,1
DEV_001_2024-11-01 08:00:00,2024-11-01 08:00:00,DEV_001,40,64,22
DEV_001_2024-11-01 12:00:00,2024-11-01 12:00:00,DEV_001,60,64,93
DEV_001_2024-11-01 16:00:00,2024-11-01 16:00:00,DEV_001,72,11,14
DEV_001_2024-11-01 20:00:00,2024-11-01 20:00:00,DEV_001,60,30,35
DEV_001_2024-11-02 00:00:00,2024-11-02 00:00:00,DEV_001,85,37,5
DEV_001_2024-11-02 04:00:00,2024-11-02 04:00:00,DEV_001,83,78,26
DEV_001_2024-11-02 08:00:00,2024-11-02 08:00:00,DEV_001,62,4,89
DEV_001_2024-11-02 12:00:00,2024-11-02 12:00:00,DEV_001,42,89,18
DEV_001_2024-11-02 16:00:00,2024-11-02 16:00:00,DEV_001,40,72,39
DEV_001_2024-11-02 20:00:00,2024-11-02 20:00:00,DEV_001,14,32,51
DEV_001_2024-11-03 00:00:00,2024-11-03 00:00:00,DEV_001,38,97,23
DEV_001_2024-11-03 04:00:00,2024-11-03 04:00:00,DEV_001,63,15,97
DEV_001_2024-11-03 08:00:00,2024-11-03 08:00:00,DEV_001,25,17,97
DEV_001_2024-11-03 12:00:00,2024-11-03 12:00:00,DEV_001,66,78,53
DEV_001_2024-11-03 16:00:00,2024-11-03 16:00:00,DEV_001,51,39,51
DEV_001_2024-11-03 20:00:00,2024-11-03 20:00:00,DEV_001,70,6,67
DEV_001_2024-11-04 00:00:00,2024-11-04 00:00:00,DEV_001,7,51,72
DEV_001_2024-11-04 04:00:00,2024-11-04 04:00:00,DEV_001,42,64,15
DEV_001_2024-11-04 08:00:00,2024-11-04 08:00:00,DEV_001,29,33,94
DEV_001_2024-11-04 12:00:00,2024-11-04 12:00:00,DEV_001,27,36,29
DEV_001_2024-11-04 16:00:00,2024-11-04 16:00:00,DEV_001,38,57,97
DEV_001_2024-11-04 20:00:00,2024-11-04 20:00:00,DEV_001,27,55,33
DEV_001_2024-11-05 00:00:00,2024-11-05 00:00:00,DEV_001,68,86,66
DEV_001_2024-11-05 04:00:00,2024-11-05 04:00:00,DEV_001,10,5,74
DEV_001_2024-11-05 08:00:00,2024-11-05 08:00:00,DEV_001,97,38,13
DEV_001_2024-11-05 12:00:00,2024-11-05 12:00:00,DEV_001,31,47,88
DEV_001_2024-11-05 16:00:00,2024-11-05 16:00:00,DEV_001,52,56,15
DEV_001_2024-11-05 20:00:00,2024-11-05 20:00:00,DEV_001,29,8,5
DEV_001_2024-11-06 00:00:00,2024-11-06 00:00:00,DEV_001,29,47,68
DEV_001_2024-11-06 04:00:00,2024-11-06 04:00:00,DEV_001,76,45,2
DEV_001_2024-11-06 08:00:00,2024-11-06 08:00:00,DEV_001,27,95,36
DEV_001_2024-11-06 12:00:00,2024-11-06 12:00:00,DEV_001,36,26,43
DEV_001_2024-11-06 16:00:00,2024-11-06 16:00:00,DEV_001,27,69,20
DEV_001_2024-11-06 20:00:00,2024-11-06 20:00:00,DEV_001,11,74,38
DEV_001_2024-11-07 00:00:00,2024-11-07 00:00:00,DEV_001,6,72,23
DEV_001_2024-11-07 04:00:00,2024-11-07 04:00:00,DEV_001,47,90,46
DEV_001_2024-11-07 08:00:00,2024-11-07 08:00:00,DEV_001,12,90,13
DEV_001_2024-11-07 12:00:00,2024-11-07 12:00:00,DEV_001,62,82,89
DEV_001_2024-11-07 16:00:00,2024-11-07 16:00:00,DEV_001,97,60,43
DEV_001_2024-11-07 20:00:00,2024-11-07 20:00:00,DEV_001,76,68,5
DEV_001_2024-11-08 00:00:00,2024-11-08 00:00:00,DEV_001,37,72,92
DEV_001_2024-11-08 04:00:00,2024-11-08 04:00:00,DEV_001,31,9,51
DEV_001_2024-11-08 08:00:00,2024-11-08 08:00:00,DEV_001,29,78,40
DEV_001_2024-11-08 12:00:00,2024-11-08 12:00:00,DEV_001,41,86,11
DEV_001_2024-11-08 16:00:00,2024-11-08 16:00:00,DEV_001,23,1,46
DEV_001_2024-11-08 20:00:00,2024-11-08 20:00:00,DEV_001,21,90,36
DEV_001_2024-11-09 00:00:00,2024-11-09 00:00:00,DEV_001,54,87,57
DEV_001_2024-11-09 04:00:00,2024-11-09 04:00:00,DEV_001,1,63,54
DEV_001_2024-11-09 08:00:00,2024-11-09 08:00:00,DEV_001,55,40,15
DEV_001_2024-11-09 12:00:00,2024-11-09 12:00:00,DEV_001,21,47,73
DEV_001_2024-11-09 16:00:00,2024-11-09 16:00:00,DEV_001,53,9,74
DEV_001_2024-11-09 20:00:00,2024-11-09 20:00:00,DEV_001,52,57,26
DEV_001_2024-11-10 00:00:00,2024-11-10 00:00:00,DEV_001,41,35,63
DEV_001_2024-11-10 04:00:00,2024-11-10 04:00:00,DEV_001,25,90,75
DEV_001_2024-11-10 08:00:00,2024-11-10 08:00:00,DEV_001,38,2,7
DEV_001_2024-11-10 12:00:00,2024-11-10 12:00:00,DEV_001,82,91,34
DEV_001_2024-11-10 16:00:00,2024-11-10 16:00:00,DEV_001,91,17,43
DEV_001_2024-11-10 20:00:00,2024-11-10 20:00:00,DEV_001,59,51,54
DEV_001_2024-11-11 00:00:00,2024-11-11 00:00:00,DEV_001,24,25,71
DEV_001_2024-11-11 04:00:00,2024-11-11 04:00:00,DEV_001,52,70,88
DEV_001_2024-11-11 08:00:00,2024-11-11 08:00:00,DEV_001,33,49,29
DEV_001_2024-11-11 12:00:00,2024-11-11 12:00:00,DEV_001,63,22,26
DEV_001_2024-11-11 16:00:00,2024-11-11 16:00:00,DEV_001,28,85,49
DEV_001_2024-11-11 20:00:00,2024-11-11 20:00:00,DEV_001,71,81,84
DEV_001_2024-11-12 00:00:00,2024-11-12 00:00:00,DEV_001,49,20,86
DEV_001_2024-11-12 04:00:00,2024-11-12 04:00:00,DEV_001,92,63,61
DEV_001_2024-11-12 08:00:00,2024-11-12 08:00:00,DEV_001,49,71,1
DEV_001_2024-11-12 12:00:00,2024-11-12 12:00:00,DEV_001,96,13,94
DEV_001_2024-11-12 16:00:00,2024-11-12 16:00:00,DEV_001,87,51,56
DEV_001_2024-11-12 20:00:00,2024-11-12 20:00:00,DEV_001,83,62,32
DEV_001_2024-11-13 00:00:00,2024-11-13 00:00:00,DEV_001,30,29,49
DEV_001_2024-11-13 04:00:00,2024-11-13 04:00:00,DEV_001,45,93,30
DEV_001_2024-11-13 08:00:00,2024-11-13 08:00:00,DEV_001,16,40,19
DEV_001_2024-11-13 12:00:00,2024-11-13 12:00:00,DEV_001,18,1,78
DEV_001_2024-11-13 16:00:00,2024-11-13 16:00:00,DEV_001,47,66,92
DEV_001_2024-11-13 20:00:00,2024-11-13 20:00:00,DEV_001,94,38,51
DEV_001_2024-11-14 00:00:00,2024-11-14 00:00:00,DEV_001,63,4,1
DEV_001_2024-11-14 04:00:00,2024-11-14 04:00:00,DEV_001,8,29,55
DEV_001_2024-11-14 08:00:00,2024-11-14 08:00:00,DEV_001,3,32,10
DEV_001_2024-11-14 12:00:00,2024-11-14 12:00:00,DEV_001,74,83,34
DEV_001_2024-11-14 16:00:00,2024-11-14 16:00:00,DEV_001,97,87,55
DEV_001_2024-11-14 20:00:00,2024-11-14 20:00:00,DEV_001,92,32,50
DEV_001_2024-11-15 00:00:00,2024-11-15 00:00:00,DEV_001,7,93,8
DEV_001_2024-11-15 04:00:00,2024-11-15 04:00:00,DEV_001,65,57,67
DEV_001_2024-11-15 08:00:00,2024-11-15 08:00:00,DEV_001,88,87,59
DEV_001_2024-11-15 12:00:00,2024-11-15 12:00:00,DEV_001,72,54,67
DEV_001_2024-11-15 16:00:00,2024-11-15 16:00:00,DEV_001,51,97,92
DEV_001_2024-11-15 20:00:00,2024-11-15 20:00:00,DEV_001,8,34,35
DEV_001_2024-11-16 00:00:00,2024-11-16 00:00:00,DEV_001,96,88,78
DEV_001_2024-11-16 04:00:00,2024-11-16 04:00:00,DEV_001,32,46,16
DEV_001_2024-11-16 08:00:00,2024-11-16 08:00:00,DEV_001,68,37,54
DEV_001_2024-11-16 12:00:00,2024-11-16 12:00:00,DEV_001,85,14,95
DEV_001_2024-11-16 16:00:00,2024-11-16 16:00:00,DEV_001,55,48,82
DEV_001_2024-11-16 20:00:00,2024-11-16 20:00:00,DEV_001,7,74,7
DEV_001_2024-11-17 00:00:00,2024-11-17 00:00:00,DEV_001,33,23,85
DEV_001_2024-11-17 04:00:00,2024-11-17 04:00:00,DEV_001,19,19,36
DEV_001_2024-11-17 08:00:00,2024-11-17 08:00:00,DEV_001,29,60,82
DEV_001_2024-11-17 12:00:00,2024-11-17 12:00:00,DEV_001,2,1,47
DEV_001_2024-11-17 16:00:00,2024-11-17 16:00:00,DEV_001,69,20,11
DEV_001_2024-11-17 20:00:00,2024-11-17 20:00:00,DEV_001,2,67,87
DEV_001_2024-11-18 00:00:00,2024-11-18 00:00:00,DEV_001,12,20,5
DEV_001_2024-11-18 04:00:00,2024-11-18 04:00:00,DEV_001,37,38,94
DEV_001_2024-11-18 08:00:00,2024-11-18 08:00:00,DEV_001,9,98,53
DEV_001_2024-11-18 12:00:00,2024-11-18 12:00:00,DEV_001,44,99,86
DEV_001_2024-11-18 16:00:00,2024-11-18 16:00:00,DEV_001,24,81,74
DEV_001_2024-11-18 20:00:00,2024-11-18 20:00:00,DEV_001,30,59,87
DEV_001_2024-11-19 00:00:00,2024-11-19 00:00:00,DEV_001,96,81,81
DEV_001_2024-11-19 04:00:00,2024-11-19 04:00:00,DEV_001,14,9,40
DEV_001_2024-11-19 08:00:00,2024-11-19 08:00:00,DEV_001,66,25,73
DEV_001_2024-11-19 12:00:00,2024-11-19 12:00:00,DEV_001,22,4,26
DEV_001_2024-11-19 16:00:00,2024-11-19 16:00:00,DEV_001,58,29,98
DEV_001_2024-11-19 20:00:00,2024-11-19 20:00:00,DEV_001,87,37,75
DEV_001_2024-11-20 00:00:00,2024-11-20 00:00:00,DEV_001,70,18,85
DEV_001_2024-11-20 04:00:00,2024-11-20 04:00:00,DEV_001,42,41,38
DEV_001_2024-11-20 08:00:00,2024-11-20 08:00:00,DEV_001,34,17,37
DEV_001_2024-11-20 12:00:00,2024-11-20 12:00:00,DEV_001,25,76,87
DEV_001_2024-11-20 16:00:00,2024-11-20 16:00:00,DEV_001,86,85,27
DEV_001_2024-11-20 20:00:00,2024-11-20 20:00:00,DEV_001,57,31,6
DEV_001_2024-11-21 00:00:00,2024-11-21 00:00:00,DEV_001,91,40,98
DEV_001_2024-11-21 04:00:00,2024-11-21 04:00:00,DEV_001,12,53,71
DEV_001_2024-11-21 08:00:00,2024-11-21 08:00:00,DEV_001,10,45,17
DEV_001_2024-11-21 12:00:00,2024-11-21 12:00:00,DEV_001,26,85,92
DEV_001_2024-11-21 16:00:00,2024-11-21 16:00:00,DEV_001,62,46,64
DEV_001_2024-11-21 20:00:00,2024-11-21 20:00:00,DEV_001,2,54,65
DEV_001_2024-11-22 00:00:00,2024-11-22 00:00:00,DEV_001,51,53,36
DEV_001_2024-11-22 04:00:00,2024-11-22 04:00:00,DEV_001,26,29,21
DEV_001_2024-11-22 08:00:00,2024-11-22 08:00:00,DEV_001,11,40,11
DEV_001_2024-11-22 12:00:00,2024-11-22 12:00:00,DEV_001,36,59,39
DEV_001_2024-11-22 16:00:00,2024-11-22 16:00:00,DEV_001,99,54,98
DEV_001_2024-11-22 20:00:00,2024-11-22 20:00:00,DEV_001,55,24,22
DEV_001_2024-11-23 00:00:00,2024-11-23 00:00:00,DEV_001,69,56,33
DEV_001_2024-11-23 04:00:00,2024-11-23 04:00:00,DEV_001,36,20,83
DEV_001_2024-11-23 08:00:00,2024-11-23 08:00:00,DEV_001,99,81,62
DEV_001_2024-11-23 12:00:00,2024-11-23 12:00:00,DEV_001,98,73,26
DEV_001_2024-11-23 16:00:00,2024-11-23 16:00:00,DEV_001,66,73,73
DEV_001_2024-11-23 20:00:00,2024-11-23 20:00:00,DEV_001,40,17,1
DEV_001_2024-11-24 00:00:00,2024-11-24 00:00:00,DEV_001,89,61,43
DEV_001_2024-11-24 04:00:00,2024-11-24 04:00:00,DEV_001,42,25,39
DEV_001_2024-11-24 08:00:00,2024-11-24 08:00:00,DEV_001,35,3,44
DEV_001_2024-11-24 12:00:00,2024-11-24 12:00:00,DEV_001,51,94,98
DEV_001_2024-11-24 16:00:00,2024-11-24 16:00:00,DEV_001,12,19,44
DEV_001_2024-11-24 20:00:00,2024-11-24 20:00:00,DEV_001,59,49,61
DEV_001_2024-11-25 00:00:00,2024-11-25 00:00:00,DEV_001,17,74,57
DEV_001_2024-11-25 04:00:00,2024-11-25 04:00:00,DEV_001,55,47,12
DEV_001_2024-11-25 08:00:00,2024-11-25 08:00:00,DEV_001,62,80,88
DEV_001_2024-11-25 12:00:00,2024-11-25 12:00:00,DEV_001,83,8,95
DEV_001_2024-11-25 16:00:00,2024-11-25 16:00:00,DEV_001,21,81,87
DEV_001_2024-11-25 20:00:00,2024-11-25 20:00:00,DEV_001,80,70,72
DEV_001_2024-11-26 00:00:00,2024-11-26 00:00:00,DEV_001,25,82,89
DEV_001_2024-11-26 04:00:00,2024-11-26 04:00:00,DEV_001,12,15,59
DEV_001_2024-11-26 08:00:00,2024-11-26 08:00:00,DEV_001,26,26,47
DEV_001_2024-11-26 12:00:00,2024-11-26 12:00:00,DEV_001,32,10,16
DEV_001_2024-11-26 16:00:00,2024-11-26 16:00:00,DEV_001,71,17,23
DEV_001_2024-11-26 20:00:00,2024-11-26 20:00:00,DEV_001,26,85,86
DEV_001_2024-11-27 00:00:00,2024-11-27 00:00:00,DEV_001,7,14,79
DEV_001_2024-11-27 04:00:00,2024-11-27 04:00:00,DEV_001,7,9,48
DEV_001_2024-11-27 08:00:00,2024-11-27 08:00:00,DEV_001,72,59,87
DEV_001_2024-11-27 12:00:00,2024-11-27 12:00:00,DEV_001,93,82,95
DEV_001_2024-11-27 16:00:00,2024-11-27 16:00:00,DEV_001,94,39,99
DEV_001_2024-11-27 20:00:00,2024-11-27 20:00:00,DEV_001,18,59,17
DEV_001_2024-11-28 00:00:00,2024-11-28 00:00:00,DEV_001,14,31,24
DEV_001_2024-11-28 04:00:00,2024-11-28 04:00:00,DEV_001,99,60,45
DEV_001_2024-11-28 08:00:00,2024-11-28 08:00:00,DEV_001,98,3,37
DEV_001_2024-11-28 12:00:00,2024-11-28 12:00:00,DEV_001,43,40,90
DEV_001_2024-11-28 16:00:00,2024-11-28 16:00:00,DEV_001,55,87,39
DEV_001_2024-11-28 20:00:00,2024-11-28 20:00:00,DEV_001,15,4,93
DEV_001_2024-11-29 00:00:00,2024-11-29 00:00:00,DEV_001,86,25,13
DEV_001_2024-11-29 04:00:00,2024-11-29 04:00:00,DEV_001,82,33,16
DEV_001_2024-11-29 08:00:00,2024-11-29 08:00:00,DEV_001,42,66,55
DEV_001_2024-11-29 12:00:00,2024-11-29 12:00:00,DEV_001,99,42,34
DEV_001_2024-11-29 16:00:00,2024-11-29 16:00:00,DEV_001,30,13,13
DEV_001_2024-11-29 20:00:00,2024-11-29 20:00:00,DEV_001,18,32,96
DEV_001_2024-11-30 00:00:00,2024-11-30 00:00:00,DEV_001,99,39,46
DEV_001_2024-11-30 04:00:00,2024-11-30 04:00:00,DEV_001,29,62,93
DEV_001_2024-11-30 08:00:00,2024-11-30 08:00:00,DEV_001,62,57,16
DEV_001_2024-11-30 12:00:00,2024-11-30 12:00:00,DEV_001,56,10,30
DEV_001_2024-11-30 16:00:00,2024-11-30 16:00:00,DEV_001,25,84,5
DEV_001_2024-11-30 20:00:00,2024-11-30 20:00:00,DEV_001,65,94,49
DEV_001_2024-12-01 00:00:00,2024-12-01 00:00:00,DEV_001,3,45,14
DEV_001_2024-12-01 04:00:00,2024-12-01 04:00:00,DEV_001,30,68,18
DEV_001_2024-12-01 08:00:00,2024-12-01 08:00:00,DEV_001,62,37,25
DEV_001_2024-12-01 12:00:00,2024-12-01 12:00:00,DEV_001,48,65,53
DEV_001_2024-12-01 16:00:00,2024-12-01 16:00:00,DEV_001,79,73,15
DEV_001_2024-12-01 20:00:00,2024-12-01 20:00:00,DEV_001,49,88,68
DEV_001_2024-12-02 00:00:00,2024-12-02 00:00:00,DEV_001,12,59,37
DEV_001_2024-12-02 04:00:00,2024-12-02 04:00:00,DEV_001,61,43,70
DEV_001_2024-12-02 08:00:00,2024-12-02 08:00:00,DEV_001,39,56,63
DEV_001_2024-12-02 12:00:00,2024-12-02 12:00:00,DEV_001,46,88,11
DEV_001_2024-12-02 16:00:00,2024-12-02 16:00:00,DEV_001,62,77,98
DEV_001_2024-12-02 20:00:00,2024-12-02 20:00:00,DEV_001,25,71,52
DEV_001_2024-12-03 00:00:00,2024-12-03 00:00:00,DEV_001,4,59,72
DEV_001_2024-12-03 04:00:00,2024-12-03 04:00:00,DEV_001,20,93,63
DEV_001_2024-12-03 08:00:00,2024-12-03 08:00:00,DEV_001,54,74,98
DEV_001_2024-12-03 12:00:00,2024-12-03 12:00:00,DEV_001,57,90,41
DEV_001_2024-12-03 16:00:00,2024-12-03 16:00:00,DEV_001,3,6,5
DEV_001_2024-12-03 20:00:00,2024-12-03 20:00:00,DEV_001,5,54,47
DEV_001_2024-12-04 00:00:00,2024-12-04 00:00:00,DEV_001,87,49,9
DEV_001_2024-12-04 04:00:00,2024-12-04 04:00:00,DEV_001,99,20,61
DEV_001_2024-12-04 08:00:00,2024-12-04 08:00:00,DEV_001,35,50,82
DEV_001_2024-12-04 12:00:00,2024-12-04 12:00:00,DEV_001,62,17,88
DEV_001_2024-12-04 16:00:00,2024-12-04 16:00:00,DEV_001,3,32,99
DEV_001_2024-12-04 20:00:00,2024-12-04 20:00:00,DEV_001,13,89,73
DEV_001_2024-12-05 00:00:00,2024-12-05 00:00:00,DEV_001,68,14,98
DEV_001_2024-12-05 04:00:00,2024-12-05 04:00:00,DEV_001,11,56,67
DEV_001_2024-12-05 08:00:00,2024-12-05 08:00:00,DEV_001,92,29,9
DEV_001_2024-12-05 12:00:00,2024-12-05 12:00:00,DEV_001,67,25,98
DEV_001_2024-12-05 16:00:00,2024-12-05 16:00:00,DEV_001,76,42,9
DEV_001_2024-12-05 20:00:00,2024-12-05 20:00:00,DEV_001,79,40,25
DEV_001_2024-12-06 00:00:00,2024-12-06 00:00:00,DEV_001,5,11,59
DEV_001_2024-12-06 04:00:00,2024-12-06 04:00:00,DEV_001,98,88,79
DEV_001_2024-12-06 08:00:00,2024-12-06 08:00:00,DEV_001,38,72,5
DEV_001_2024-12-06 12:00:00,2024-12-06 12:00:00,DEV_001,48,90,18
DEV_001_2024-12-06 16:00:00,2024-12-06 16:00:00,DEV_001,70,37,60
DEV_001_2024-12-06 20:00:00,2024-12-06 20:00:00,DEV_001,48,77,28
DEV_001_2024-12-07 00:00:00,2024-12-07 00:00:00,DEV_001,69,77,81
DEV_001_2024-12-07 04:00:00,2024-12-07 04:00:00,DEV_001,40,45,96
DEV_001_2024-12-07 08:00:00,2024-12-07 08:00:00,DEV_001,62,93,58
DEV_001_2024-12-07 12:00:00,2024-12-07 12:00:00,DEV_001,67,56,40
DEV_001_2024-12-07 16:00:00,2024-12-07 16:00:00,DEV_001,98,40,91
DEV_001_2024-12-07 20:00:00,2024-12-07 20:00:00,DEV_001,77,33,6
DEV_001_2024-12-08 00:00:00,2024-12-08 00:00:00,DEV_001,88,19,80
DEV_001_2024-12-08 04:00:00,2024-12-08 04:00:00,DEV_001,40,92,97
DEV_001_2024-12-08 08:00:00,2024-12-08 08:00:00,DEV_001,59,59,48
DEV_001_2024-12-08 12:00:00,2024-12-08 12:00:00,DEV_001,41,13,45
DEV_001_2024-12-08 16:00:00,2024-12-08 16:00:00,DEV_001,89,53,42
DEV_001_2024-12-08 20:00:00,2024-12-08 20:00:00,DEV_001,63,27,38
DEV_001_2024-12-09 00:00:00,2024-12-09 00:00:00,DEV_001,60,7,5
DEV_001_2024-12-09 04:00:00,2024-12-09 04:00:00,DEV_001,45,58,31
DEV_001_2024-12-09 08:00:00,2024-12-09 08:00:00,DEV_001,23,42,10
DEV_001_2024-12-09 12:00:00,2024-12-09 12:00:00,DEV_001,32,53,30
DEV_001_2024-12-09 16:00:00,2024-12-09 16:00:00,DEV_001,39,31,82
DEV_001_2024-12-09 20:00:00,2024-12-09 20:00:00,DEV_001,2,78,77
DEV_001_2024-12-10 00:00:00,2024-12-10 00:00:00,DEV_001,93,12,39
DEV_001_2024-12-10 04:00:00,2024-12-10 04:00:00,DEV_001,66,96,13
DEV_001_2024-12-10 08:00:00,2024-12-10 08:00:00,DEV_001,46,27,17
DEV_001_2024-12-10 12:00:00,2024-12-10 12:00:00,DEV_001,95,98,60
DEV_001_2024-12-10 16:00:00,2024-12-10 16:00:00,DEV_001,64,88,35
DEV_001_2024-12-10 20:00:00,2024-12-10 20:00:00,DEV_001,70,83,30
DEV_001_2024-12-11 00:00:00,2024-12-11 00:00:00,DEV_001,71,74,96
DEV_001_2024-12-11 04:00:00,2024-12-11 04:00:00,DEV_001,98,63,28
DEV_001_2024-12-11 08:00:00,2024-12-11 08:00:00,DEV_001,60,79,94
DEV_001_2024-12-11 12:00:00,2024-12-11 12:00:00,DEV_001,37,93,22
DEV_001_2024-12-11 16:00:00,2024-12-11 16:00:00,DEV_001,68,20,96
DEV_001_2024-12-11 20:00:00,2024-12-11 20:00:00,DEV_001,68,91,64
DEV_001_2024-12-12 00:00:00,2024-12-12 00:00:00,DEV_001,17,12,22
DEV_001_2024-12-12 04:00:00,2024-12-12 04:00:00,DEV_001,17,10,65
DEV_001_2024-12-12 08:00:00,2024-12-12 08:00:00,DEV_001,22,90,82
DEV_001_2024-12-12 12:00:00,2024-12-12 12:00:00,DEV_001,50,14,64
DEV_001_2024-12-12 16:00:00,2024-12-12 16:00:00,DEV_001,47,29,76
DEV_001_2024-12-12 20:00:00,2024-12-12 20:00:00,DEV_001,36,99,52
DEV_001_2024-12-13 00:00:00,2024-12-13 00:00:00,DEV_001,76,7,29
DEV_001_2024-12-13 04:00:00,2024-12-13 04:00:00,DEV_001,11,33,6
DEV_001_2024-12-13 08:00:00,2024-12-13 08:00:00,DEV_001,79,32,51
DEV_001_2024-12-13 12:00:00,2024-12-13 12:00:00,DEV_001,75,58,87
DEV_001_2024-12-13 16:00:00,2024-12-13 16:00:00,DEV_001,26,98,46
DEV_001_2024-12-13 20:00:00,2024-12-13 20:00:00,DEV_001,98,29,4
DEV_001_2024-12-14 00:00:00,2024-12-14 00:00:00,DEV_001,81,99,13
DEV_001_2024-12-14 04:00:00,2024-12-14 04:00:00,DEV_001,39,15,29
DEV_001_2024-12-14 08:00:00,2024-12-14 08:00:00,DEV_001,29,75,32
DEV_001_2024-12-14 12:00:00,2024-12-14 12:00:00,DEV_001,2,47,78
DEV_001_2024-12-14 16:00:00,2024-12-14 16:00:00,DEV_001,84,22,75
DEV_001_2024-12-14 20:00:00,2024-12-14 20:00:00,DEV_001,27,67,81
DEV_001_2024-12-15 00:00:00,2024-12-15 00:00:00,DEV_001,56,92,93
DEV_001_2024-12-15 04:00:00,2024-12-15 04:00:00,DEV_001,21,47,80
DEV_001_2024-12-15 08:00:00,2024-12-15 08:00:00,DEV_001,59,84,6
DEV_001_2024-12-15 12:00:00,2024-12-15 12:00:00,DEV_001,19,57,69
DEV_001_2024-12-15 16:00:00,2024-12-15 16:00:00,DEV_001,3,1,58
DEV_001_2024-12-15 20:00:00,2024-12-15 20:00:00,DEV_001,38,15,34
DEV_001_2024-12-16 00:00:00,2024-12-16 00:00:00,DEV_001,61,35,64
DEV_001_2024-12-16 04:00:00,2024-12-16 04:00:00,DEV_001,25,24,12
DEV_001_2024-12-16 08:00:00,2024-12-16 08:00:00,DEV_001,18,15,80
DEV_001_2024-12-16 12:00:00,2024-12-16 12:00:00,DEV_001,27,72,60
DEV_001_2024-12-16 16:00:00,2024-12-16 16:00:00,DEV_001,46,89,17
DEV_001_2024-12-16 20:00:00,2024-12-16 20:00:00,DEV_001,93,53,8
DEV_001_2024-12-17 00:00:00,2024-12-17 00:00:00,DEV_001,79,27,46
DEV_001_2024-12-17 04:00:00,2024-12-17 04:00:00,DEV_001,50,71,3
DEV_001_2024-12-17 08:00:00,2024-12-17 08:00:00,DEV_001,93,64,44
DEV_001_2024-12-17 12:00:00,2024-12-17 12:00:00,DEV_001,53,24,60
DEV_001_2024-12-17 16:00:00,2024-12-17 16:00:00,DEV_001,3,20,46
DEV_001_2024-12-17 20:00:00,2024-12-17 20:00:00,DEV_001,15,25,94
DEV_001_2024-12-18 00:00:00,2024-12-18 00:00:00,DEV_001,78,71,17
DEV_001_2024-12-18 04:00:00,2024-12-18 04:00:00,DEV_001,84,9,38
DEV_001_2024-12-18 08:00:00,2024-12-18 08:00:00,DEV_001,48,60,63
DEV_001_2024-12-18 12:00:00,2024-12-18 12:00:00,DEV_001,86,2,88
DEV_001_2024-12-18 16:00:00,2024-12-18 16:00:00,DEV_001,72,11,64
DEV_001_2024-12-18 20:00:00,2024-12-18 20:00:00,DEV_001,77,81,72
DEV_001_2024-12-19 00:00:00,2024-12-19 00:00:00,DEV_001,21,18,94
DEV_001_2024-12-19 04:00:00,2024-12-19 04:00:00,DEV_001,64,82,95
DEV_001_2024-12-19 08:00:00,2024-12-19 08:00:00,DEV_001,38,32,11
DEV_001_2024-12-19 12:00:00,2024-12-19 12:00:00,DEV_001,45,89,33
DEV_001_2024-12-19 16:00:00,2024-12-19 16:00:00,DEV_001,41,8,11
DEV_001_2024-12-19 20:00:00,2024-12-19 20:00:00,DEV_001,86,51,88
DEV_001_2024-12-20 00:00:00,2024-12-20 00:00:00,DEV_001,41,17,76
DEV_001_2024-12-20 04:00:00,2024-12-20 04:00:00,DEV_001,46,32,79
DEV_001_2024-12-20 08:00:00,2024-12-20 08:00:00,DEV_001,80,54,86
DEV_001_2024-12-20 12:00:00,2024-12-20 12:00:00,DEV_001,92,20,33
DEV_001_2024-12-20 16:00:00,2024-12-20 16:00:00,DEV_001,74,40,32
DEV_001_2024-12-20 20:00:00,2024-12-20 20:00:00,DEV_001,97,2,97
DEV_001_2024-12-21 00:00:00,2024-12-21 00:00:00,DEV_001,33,77,30
DEV_001_2024-12-21 04:00:00,2024-12-21 04:00:00,DEV_001,33,77,26
DEV_001_2024-12-21 08:00:00,2024-12-21 08:00:00,DEV_001,22,66,38
DEV_001_2024-12-21 12:00:00,2024-12-21 12:00:00,DEV_001,90,46,15
DEV_001_2024-12-21 16:00:00,2024-12-21 16:00:00,DEV_001,98,44,49
DEV_001_2024-12-21 20:00:00,2024-12-21 20:00:00,DEV_001,75,61,67
DEV_001_2024-12-22 00:00:00,2024-12-22 00:00:00,DEV_001,6,9,6
DEV_001_2024-12-22 04:00:00,2024-12-22 04:00:00,DEV_001,73,95,32
DEV_001_2024-12-22 08:00:00,2024-12-22 08:00:00,DEV_001,41,76,8
DEV_001_2024-12-22 12:00:00,2024-12-22 12:00:00,DEV_001,72,50,92
DEV_001_2024-12-22 16:00:00,2024-12-22 16:00:00,DEV_001,62,84,62
DEV_001_2024-12-22 20:00:00,2024-12-22 20:00:00,DEV_001,7,75,84
DEV_001_2024-12-23 00:00:00,2024-12-23 00:00:00,DEV_001,80,4,6
DEV_001_2024-12-23 04:00:00,2024-12-23 04:00:00,DEV_001,58,22,26
DEV_001_2024-12-23 08:00:00,2024-12-23 08:00:00,DEV_001,3,41,60
DEV_001_2024-12-23 12:00:00,2024-12-23 12:00:00,DEV_001,14,75,82
DEV_001_2024-12-23 16:00:00,2024-12-23 16:00:00,DEV_001,12,87,12
DEV_001_2024-12-23 20:00:00,2024-12-23 20:00:00,DEV_001,13,25,45
DEV_001_2024-12-24 00:00:00,2024-12-24 00:00:00,DEV_001,19,55,45
DEV_001_2024-12-24 04:00:00,2024-12-24 04:00:00,DEV_001,8,93,53
DEV_001_2024-12-24 08:00:00,2024-12-24 08:00:00,DEV_001,55,32,51
DEV_001_2024-12-24 12:00:00,2024-12-24 12:00:00,DEV_001,44,82,70
DEV_001_2024-12-24 16:00:00,2024-12-24 16:00:00,DEV_001,18,83,22
DEV_001_2024-12-24 20:00:00,2024-12-24 20:00:00,DEV_001,37,96,56
DEV_001_2024-12-25 00:00:00,2024-12-25 00:00:00,DEV_001,59,3,28
DEV_001_2024-12-25 04:00:00,2024-12-25 04:00:00,DEV_001,74,35,61
DEV_001_2024-12-25 08:00:00,2024-12-25 08:00:00,DEV_001,93,54,63
DEV_001_2024-12-25 12:00:00,2024-12-25 12:00:00,DEV_001,79,97,7
DEV_001_2024-12-25 16:00:00,2024-12-25 16:00:00,DEV_001,76,49,94
DEV_001_2024-12-25 20:00:00,2024-12-25 20:00:00,DEV_001,85,31,58
DEV_001_2024-12-26 00:00:00,2024-12-26 00:00:00,DEV_001,61,24,20
DEV_001_2024-12-26 04:00:00,2024-12-26 04:00:00,DEV_001,37,4,92
DEV_001_2024-12-26 08:00:00,2024-12-26 08:00:00,DEV_001,20,60,24
DEV_001_2024-12-26 12:00:00,2024-12-26 12:00:00,DEV_001,50,49,51
DEV_001_2024-12-26 16:00:00,2024-12-26 16:00:00,DEV_001,96,36,98
DEV_001_2024-12-26 20:00:00,2024-12-26 20:00:00,DEV_001,66,79,34
DEV_001_2024-12-27 00:00:00,2024-12-27 00:00:00,DEV_001,36,6,39
DEV_001_2024-12-27 04:00:00,2024-12-27 04:00:00,DEV_001,42,58,12
DEV_001_2024-12-27 08:00:00,2024-12-27 08:00:00,DEV_001,3,18,40
DEV_001_2024-12-27 12:00:00,2024-12-27 12:00:00,DEV_001,21,15,97
DEV_001_2024-12-27 16:00:00,2024-12-27 16:00:00,DEV_001,99,26,8
DEV_001_2024-12-27 20:00:00,2024-12-27 20:00:00,DEV_001,94,87,42
DEV_001_2024-12-28 00:00:00,2024-12-28 00:00:00,DEV_001,44,14,78
DEV_001_2024-12-28 04:00:00,2024-12-28 04:00:00,DEV_001,2,37,69
DEV_001_2024-12-28 08:00:00,2024-12-28 08:00:00,DEV_001,38,41,62
DEV_001_2024-12-28 12:00:00,2024-12-28 12:00:00,DEV_001,60,14,89
DEV_001_2024-12-28 16:00:00,2024-12-28 16:00:00,DEV_001,84,2,70
DEV_001_2024-12-28 20:00:00,2024-12-28 20:00:00,DEV_001,17,89,28
DEV_001_2024-12-29 00:00:00,2024-12-29 00:00:00,DEV_001,66,35,5
DEV_001_2024-12-29 04:00:00,2024-12-29 04:00:00,DEV_001,65,40,76
DEV_001_2024-12-29 08:00:00,2024-12-29 08:00:00,DEV_001,56,36,45
DEV_001_2024-12-29 12:00:00,2024-12-29 12:00:00,DEV_001,23,47,31
DEV_001_2024-12-29 16:00:00,2024-12-29 16:00:00,DEV_001,11,10,67
DEV_001_2024-12-29 20:00:00,2024-12-29 20:00:00,DEV_001,14,80,74
DEV_002_2024-09-01 00:00:00,2024-09-01 00:00:00,DEV_002,10,76,94
DEV_002_2024-09-01 05:00:00,2024-09-01 05:00:00,DEV_002,1,5,20
DEV_002_2024-09-01 10:00:00,2024-09-01 10:00:00,DEV_002,8,43,76
DEV_002_2024-09-01 15:00:00,2024-09-01 15:00:00,DEV_002,1,57,64
DEV_002_2024-09-01 20:00:00,2024-09-01 20:00:00,DEV_002,84,28,37
DEV_002_2024-09-02 01:00:00,2024-09-02 01:00:00,DEV_002,47,76,37
DEV_002_2024-09-02 06:00:00,2024-09-02 06:00:00,DEV_002,49,44,56
DEV_002_2024-09-02 11:00:00,2024-09-02 11:00:00,DEV_002,28,79,6
DEV_002_2024-09-02 16:00:00,2024-09-02 16:00:00,DEV_002,61,20,78
DEV_002_2024-09-02 21:00:00,2024-09-02 21:00:00,DEV_002,2,73,37
DEV_002_2024-09-03 02:00:00,2024-09-03 02:00:00,DEV_002,20,26,29
DEV_002_2024-09-03 07:00:00,2024-09-03 07:00:00,DEV_002,1,35,70
DEV_002_2024-09-03 12:00:00,2024-09-03 12:00:00,DEV_002,59,69,33
DEV_002_2024-09-03 17:00:00,2024-09-03 17:00:00,DEV_002,51,78,12
DEV_002_2024-09-03 22:00:00,2024-09-03 22:00:00,DEV_002,20,53,88
DEV_002_2024-09-04 03:00:00,2024-09-04 03:00:00,DEV_002,43,98,89
DEV_002_2024-09-04 08:00:00,2024-09-04 08:00:00,DEV_002,50,29,57
DEV_002_2024-09-04 13:00:00,2024-09-04 13:00:00,DEV_002,39,95,56
DEV_002_2024-09-04 18:00:00,2024-09-04 18:00:00,DEV_002,43,50,23
DEV_002_2024-09-04 23:00:00,2024-09-04 23:00:00,DEV_002,44,38,84
DEV_002_2024-09-05 04:00:00,2024-09-05 04:00:00,DEV_002,23,45,52
DEV_002_2024-09-05 09:00:00,2024-09-05 09:00:00,DEV_002,80,50,8
DEV_002_2024-09-05 14:00:00,2024-09-05 14:00:00,DEV_002,85,1,8
DEV_002_2024-09-05 19:00:00,2024-09-05 19:00:00,DEV_002,29,96,5
DEV_002_2024-09-06 00:00:00,2024-09-06 00:00:00,DEV_002,86,47,34
DEV_002_2024-09-06 05:00:00,2024-09-06 05:00:00,DEV_002,65,55,90
DEV_002_2024-09-06 10:00:00,2024-09-06 10:00:00,DEV_002,43,74,30
DEV_002_2024-09-06 15:00:00,2024-09-06 15:00:00,DEV_002,82,17,26
DEV_002_2024-09-06 20:00:00,2024-09-06 20:00:00,DEV_002,8,47,76
DEV_002_2024-09-07 01:00:00,2024-09-07 01:00:00,DEV_002,91,72,89
DEV_002_2024-09-07 06:00:00,2024-09-07 06:00:00,DEV_002,46,68,33
DEV_002_2024-09-07 11:00:00,2024-09-07 11:00:00,DEV_002,1,19,31
DEV_002_2024-09-07 16:00:00,2024-09-07 16:00:00,DEV_002,80,14,53
DEV_002_2024-09-07 21:00:00,2024-09-07 21:00:00,DEV_002,48,69,90
DEV_002_2024-09-08 02:00:00,2024-09-08 02:00:00,DEV_002,62,92,66
DEV_002_2024-09-08 07:00:00,2024-09-08 07:00:00,DEV_002,64,70,63
DEV_002_2024-09-08 12:00:00,2024-09-08 12:00:00,DEV_002,73,33,41
DEV_002_2024-09-08 17:00:00,2024-09-08 17:00:00,DEV_002,89,48,13
DEV_002_2024-09-08 22:00:00,2024-09-08 22:00:00,DEV_002,73,77,31
DEV_002_2024-09-09 03:00:00,2024-09-09 03:00:00,DEV_002,75,68,98
DEV_002_2024-09-09 08:00:00,2024-09-09 08:00:00,DEV_002,4,19,70
DEV_002_2024-09-09 13:00:00,2024-09-09 13:00:00,DEV_002,98,82,13
DEV_002_2024-09-09 18:00:00,2024-09-09 18:00:00,DEV_002,23,83,75
DEV_002_2024-09-09 23:00:00,2024-09-09 23:00:00,DEV_002,1,88,54
DEV_002_2024-09-10 04:00:00,2024-09-10 04:00:00,DEV_002,71,89,85
DEV_002_2024-09-10 09:00:00,2024-09-10 09:00:00,DEV_002,15,65,76
DEV_002_2024-09-10 14:00:00,2024-09-10 14:00:00,DEV_002,71,15,21
DEV_002_2024-09-10 19:00:00,2024-09-10 19:00:00,DEV_002,19,60,93
DEV_002_2024-09-11 00:00:00,2024-09-11 00:00:00,DEV_002,89,33,49
DEV_002_2024-09-11 05:00:00,2024-09-11 05:00:00,DEV_002,96,35,44
DEV_002_2024-09-11 10:00:00,2024-09-11 10:00:00,DEV_002,90,11,99
DEV_002_2024-09-11 15:00:00,2024-09-11 15:00:00,DEV_002,72,78,74
DEV_002_2024-09-11 20:00:00,2024-09-11 20:00:00,DEV_002,66,46,9
DEV_002_2024-09-12 01:00:00,2024-09-12 01:00:00,DEV_002,3,85,26
DEV_002_2024-09-12 06:00:00,2024-09-12 06:00:00,DEV_002,72,48,66
DEV_002_2024-09-12 11:00:00,2024-09-12 11:00:00,DEV_002,70,28,93
DEV_002_2024-09-12 16:00:00,2024-09-12 16:00:00,DEV_002,26,25,12
DEV_002_2024-09-12 21:00:00,2024-09-12 21:00:00,DEV_002,5,98,48
DEV_002_2024-09-13 02:00:00,2024-09-13 02:00:00,DEV_002,37,79,44
DEV_002_2024-09-13 07:00:00,2024-09-13 07:00:00,DEV_002,15,43,48
DEV_002_2024-09-13 12:00:00,2024-09-13 12:00:00,DEV_002,87,70,46
DEV_002_2024-09-13 17:00:00,2024-09-13 17:00:00,DEV_002,43,21,23
DEV_002_2024-09-13 22:00:00,2024-09-13 22:00:00,DEV_002,80,47,15
DEV_002_2024-09-14 03:00:00,2024-09-14 03:00:00,DEV_002,25,36,75
DEV_002_2024-09-14 08:00:00,2024-09-14 08:00:00,DEV_002,51,15,68
DEV_002_2024-09-14 13:00:00,2024-09-14 13:00:00,DEV_002,21,13,86
DEV_002_2024-09-14 18:00:00,2024-09-14 18:00:00,DEV_002,19,34,78
DEV_002_2024-09-14 23:00:00,2024-09-14 23:00:00,DEV_002,68,52,27
DEV_002_2024-09-15 04:00:00,2024-09-15 04:00:00,DEV_002,29,28,35
DEV_002_2024-09-15 09:00:00,2024-09-15 09:00:00,DEV_002,8,16,36
DEV_002_2024-09-15 14:00:00,2024-09-15 14:00:00,DEV_002,30,18,2
DEV_002_2024-09-15 19:00:00,2024-09-15 19:00:00,DEV_002,49,77,4
DEV_002_2024-09-16 00:00:00,2024-09-16 00:00:00,DEV_002,90,89,94
DEV_002_2024-09-16 05:00:00,2024-09-16 05:00:00,DEV_002,75,7,95
DEV_002_2024-09-16 10:00:00,2024-09-16 10:00:00,DEV_002,74,39,13
DEV_002_2024-09-16 15:00:00,2024-09-16 15:00:00,DEV_002,31,71,63
DEV_002_2024-09-16 20:00:00,2024-09-16 20:00:00,DEV_002,56,42,61
DEV_002_2024-09-17 01:00:00,2024-09-17 01:00:00,DEV_002,42,56,36
DEV_002_2024-09-17 06:00:00,2024-09-17 06:00:00,DEV_002,84,68,7
DEV_002_2024-09-17 11:00:00,2024-09-17 11:00:00,DEV_002,54,1,44
DEV_002_2024-09-17 16:00:00,2024-09-17 16:00:00,DEV_002,45,47,13
DEV_002_2024-09-17 21:00:00,2024-09-17 21:00:00,DEV_002,22,21,86
DEV_002_2024-09-18 02:00:00,2024-09-18 02:00:00,DEV_002,92,9,26
DEV_002_2024-09-18 07:00:00,2024-09-18 07:00:00,DEV_002,9,15,10
DEV_002_2024-09-18 12:00:00,2024-09-18 12:00:00,DEV_002,88,42,72
DEV_002_2024-09-18 17:00:00,2024-09-18 17:00:00,DEV_002,24,80,49
DEV_002_2024-09-18 22:00:00,2024-09-18 22:00:00,DEV_002,26,91,37
DEV_002_2024-09-19 03:00:00,2024-09-19 03:00:00,DEV_002,68,50,24
DEV_002_2024-09-19 08:00:00,2024-09-19 08:00:00,DEV_002,19,60,39
DEV_002_2024-09-19 13:00:00,2024-09-19 13:00:00,DEV_002,74,89,18
DEV_002_2024-09-19 18:00:00,2024-09-19 18:00:00,DEV_002,19,36,74
DEV_002_2024-09-19 23:00:00,2024-09-19 23:00:00,DEV_002,97,55,69
DEV_002_2024-09-20 04:00:00,2024-09-20 04:00:00,DEV_002,47,49,99
DEV_002_2024-09-20 09:00:00,2024-09-20 09:00:00,DEV_002,98,33,21
DEV_002_2024-09-20 14:00:00,2024-09-20 14:00:00,DEV_002,81,22,48
DEV_002_2024-09-20 19:00:00,2024-09-20 19:00:00,DEV_002,37,15,35
DEV_002_2024-09-21 00:00:00,2024-09-21 00:00:00,DEV_002,92,71,32
DEV_002_2024-09-21 05:00:00,2024-09-21 05:00:00,DEV_002,11,10,73
DEV_002_2024-09-21 10:00:00,2024-09-21 10:00:00,DEV_002,78,77,57
DEV_002_2024-09-21 15:00:00,2024-09-21 15:00:00,DEV_002,25,2,64
DEV_002_2024-09-21 20:00:00,2024-09-21 20:00:00,DEV_002,35,7,85
DEV_002_2024-09-22 01:00:00,2024-09-22 01:00:00,DEV_002,18,67,42
DEV_002_2024-09-22 06:00:00,2024-09-22 06:00:00,DEV_002,39,41,75
DEV_002_2024-09-22 11:00:00,2024-09-22 11:00:00,DEV_002,24,60,46
DEV_002_2024-09-22 16:00:00,2024-09-22 16:00:00,DEV_002,19,68,90
DEV_002_2024-09-22 21:00:00,2024-09-22 21:00:00,DEV_002,42,32,39
DEV_002_2024-09-23 02:00:00,2024-09-23 02:00:00,DEV_002,36,97,36
DEV_002_2024-09-23 07:00:00,2024-09-23 07:00:00,DEV_002,3,73,8
DEV_002_2024-09-23 12:00:00,2024-09-23 12:00:00,DEV_002,97,70,41
DEV_002_2024-09-23 17:00:00,2024-09-23 17:00:00,DEV_002,68,13,49
DEV_002_2024-09-23 22:00:00,2024-09-23 22:00:00,DEV_002,60,2,60
DEV_002_2024-09-24 03:00:00,2024-09-24 03:00:00,DEV_002,5,44,27
DEV_002_2024-09-24 08:00:00,2024-09-24 08:00:00,DEV_002,32,21,8
DEV_002_2024-09-24 13:00:00,2024-09-24 13:00:00,DEV_002,72,50,67
DEV_002_2024-09-24 18:00:00,2024-09-24 18:00:00,DEV_002,44,58,3
DEV_002_2024-09-24 23:00:00,2024-09-24 23:00:00,DEV_002,86,70,2
DEV_002_2024-09-25 04:00:00,2024-09-25 04:00:00,DEV_002,87,44,2
DEV_002_2024-09-25 09:00:00,2024-09-25 09:00:00,DEV_002,81,35,98
DEV_002_2024-09-25 14:00:00,2024-09-25 14:00:00,DEV_002,87,30,8
DEV_002_2024-09-25 19:00:00,2024-09-25 19:00:00,DEV_002,22,44,58
DEV_002_2024-09-26 00:00:00,2024-09-26 00:00:00,DEV_002,36,69,77
DEV_002_2024-09-26 05:00:00,2024-09-26 05:00:00,DEV_002,93,31,47
DEV_002_2024-09-26 10:00:00,2024-09-26 10:00:00,DEV_002,55,80,62
DEV_002_2024-09-26 15:00:00,2024-09-26 15:00:00,DEV_002,30,55,16
DEV_002_2024-09-26 20:00:00,2024-09-26 20:00:00,DEV_002,12,17,16
DEV_002_2024-09-27 01:00:00,2024-09-27 01:00:00,DEV_002,12,8,84
DEV_002_2024-09-27 06:00:00,2024-09-27 06:00:00,DEV_002,3,16,30
DEV_002_2024-09-27 11:00:00,2024-09-27 11:00:00,DEV_002,23,92,5
DEV_002_2024-09-27 16:00:00,2024-09-27 16:00:00,DEV_002,84,65,30
DEV_002_2024-09-27 21:00:00,2024-09-27 21:00:00,DEV_002,21,84,70
DEV_002_2024-09-28 02:00:00,2024-09-28 02:00:00,DEV_002,22,82,72
DEV_002_2024-09-28 07:00:00,2024-09-28 07:00:00,DEV_002,32,33,16
DEV_002_2024-09-28 12:00:00,2024-09-28 12:00:00,DEV_002,76,38,98
DEV_002_2024-09-28 17:00:00,2024-09-28 17:00:00,DEV_002,14,36,97
DEV_002_2024-09-28 22:00:00,2024-09-28 22:00:00,DEV_002,23,66,85
DEV_002_2024-09-29 03:00:00,2024-09-29 03:00:00,DEV_002,2,91,73
DEV_002_2024-09-29 08:00:00,2024-09-29 08:00:00,DEV_002,65,75,67
DEV_002_2024-09-29 13:00:00,2024-09-29 13:00:00,DEV_002,52,62,23
DEV_002_2024-09-29 18:00:00,2024-09-29 18:00:00,DEV_002,26,68,82
DEV_002_2024-09-29 23:00:00,2024-09-29 23:00:00,DEV_002,55,6,35
DEV_002_2024-09-30 04:00:00,2024-09-30 04:00:00,DEV_002,22,43,15
DEV_002_2024-09-30 09:00:00,2024-09-30 09:00:00,DEV_002,86,60,12
DEV_002_2024-09-30 14:00:00,2024-09-30 14:00:00,DEV_002,49,42,38
DEV_002_2024-09-30 19:00:00,2024-09-30 19:00:00,DEV_002,82,45,35
DEV_002_2024-10-01 00:00:00,2024-10-01 00:00:00,DEV_002,30,88,30
DEV_002_2024-10-01 05:00:00,2024-10-01 05:00:00,DEV_002,78,6,67
DEV_002_2024-10-01 10:00:00,2024-10-01 10:00:00,DEV_002,80,7,52
DEV_002_2024-10-01 15:00:00,2024-10-01 15:00:00,DEV_002,14,73,15
DEV_002_2024-10-01 20:00:00,2024-10-01 20:00:00,DEV_002,21,35,66
DEV_002_2024-10-02 01:00:00,2024-10-02 01:00:00,DEV_002,91,2,35
DEV_002_2024-10-02 06:00:00,2024-10-02 06:00:00,DEV_002,82,78,20
DEV_002_2024-10-02 11:00:00,2024-10-02 11:00:00,DEV_002,82,10,25
DEV_002_2024-10-02 16:00:00,2024-10-02 16:00:00,DEV_002,66,25,54
DEV_002_2024-10-02 21:00:00,2024-10-02 21:00:00,DEV_002,33,36,95
DEV_002_2024-10-03 02:00:00,2024-10-03 02:00:00,DEV_002,14,65,80
DEV_002_2024-10-03 07:00:00,2024-10-03 07:00:00,DEV_002,54,52,3
DEV_002_2024-10-03 12:00:00,2024-10-03 12:00:00,DEV_002,99,41,6
DEV_002_2024-10-03 17:00:00,2024-10-03 17:00:00,DEV_002,25,13,98
DEV_002_2024-10-03 22:00:00,2024-10-03 22:00:00,DEV_002,8,21,98
DEV_002_2024-10-04 03:00:00,2024-10-04 03:00:00,DEV_002,68,25,79
DEV_002_2024-10-04 08:00:00,2024-10-04 08:00:00,DEV_002,68,45,60
DEV_002_2024-10-04 13:00:00,2024-10-04 13:00:00,DEV_002,12,32,96
DEV_002_2024-10-04 18:00:00,2024-10-04 18:00:00,DEV_002,92,13,31
DEV_002_2024-10-04 23:00:00,2024-10-04 23:00:00,DEV_002,78,20,18
DEV_002_2024-10-05 04:00:00,2024-10-05 04:00:00,DEV_002,93,60,63
DEV_002_2024-10-05 09:00:00,2024-10-05 09:00:00,DEV_002,6,32,93
DEV_002_2024-10-05 14:00:00,2024-10-05 14:00:00,DEV_002,43,2,60
DEV_002_2024-10-05 19:00:00,2024-10-05 19:00:00,DEV_002,23,83,31
DEV_002_2024-10-06 00:00:00,2024-10-06 00:00:00,DEV_002,5,83,34
DEV_002_2024-10-06 05:00:00,2024-10-06 05:00:00,DEV_002,10,89,2
DEV_002_2024-10-06 10:00:00,2024-10-06 10:00:00,DEV_002,11,50,31
DEV_002_2024-10-06 15:00:00,2024-10-06 15:00:00,DEV_002,56,79,73
DEV_002_2024-10-06 20:00:00,2024-10-06 20:00:00,DEV_002,87,83,9
DEV_002_2024-10-07 01:00:00,2024-10-07 01:00:00,DEV_002,99,21,73
DEV_002_2024-10-07 06:00:00,2024-10-07 06:00:00,DEV_002,28,62,7
DEV_002_2024-10-07 11:00:00,2024-10-07 11:00:00,DEV_002,80,16,97
DEV_002_2024-10-07 16:00:00,2024-10-07 16:00:00,DEV_002,4,4,40
DEV_002_2024-10-07 21:00:00,2024-10-07 21:00:00,DEV_002,17,52,93
DEV_002_2024-10-08 02:00:00,2024-10-08 02:00:00,DEV_002,52,36,38
DEV_002_2024-10-08 07:00:00,2024-10-08 07:00:00,DEV_002,50,63,63
DEV_002_2024-10-08 12:00:00,2024-10-08 12:00:00,DEV_002,62,99,7
DEV_002_2024-10-08 17:00:00,2024-10-08 17:00:00,DEV_002,27,92,86
DEV_002_2024-10-08 22:00:00,2024-10-08 22:00:00,DEV_002,14,71,86
DEV_002_2024-10-09 03:00:00,2024-10-09 03:00:00,DEV_002,5,55,2
DEV_002_2024-10-09 08:00:00,2024-10-09 08:00:00,DEV_002,62,91,21
DEV_002_2024-10-09 13:00:00,2024-10-09 13:00:00,DEV_002,79,21,10
DEV_002_2024-10-09 18:00:00,2024-10-09 18:00:00,DEV_002,87,58,39
DEV_002_2024-10-09 23:00:00,2024-10-09 23:00:00,DEV_002,5,65,13
DEV_002_2024-10-10 04:00:00,2024-10-10 04:00:00,DEV_002,85,90,85
DEV_002_2024-10-10 09:00:00,2024-10-10 09:00:00,DEV_002,53,82,45
DEV_002_2024-10-10 14:00:00,2024-10-10 14:00:00,DEV_002,32,36,81
DEV_002_2024-10-10 19:00:00,2024-10-10 19:00:00,DEV_002,99,60,11
DEV_002_2024-10-11 00:00:00,2024-10-11 00:00:00,DEV_002,63,21,52
DEV_002_2024-10-11 05:00:00,2024-10-11 05:00:00,DEV_002,55,26,68
DEV_002_2024-10-11 10:00:00,2024-10-11 10:00:00,DEV_002,34,52,82
DEV_002_2024-10-11 15:00:00,2024-10-11 15:00:00,DEV_002,99,93,52
DEV_002_2024-10-11 20:00:00,2024-10-11 20:00:00,DEV_002,29,38,42
DEV_002_2024-10-12 01:00:00,2024-10-12 01:00:00,DEV_002,21,42,13
DEV_002_2024-10-12 06:00:00,2024-10-12 06:00:00,DEV_002,64,17,9
DEV_002_2024-10-12 11:00:00,2024-10-12 11:00:00,DEV_002,41,1,2
DEV_002_2024-10-12 16:00:00,2024-10-12 16:00:00,DEV_002,60,48,29
DEV_002_2024-10-12 21:00:00,2024-10-12 21:00:00,DEV_002,97,10,58
DEV_002_2024-10-13 02:00:00,2024-10-13 02:00:00,DEV_002,60,21,28
DEV_002_2024-10-13 07:00:00,2024-10-13 07:00:00,DEV_002,75,34,8
DEV_002_2024-10-13 12:00:00,2024-10-13 12:00:00,DEV_002,59,86,72
DEV_002_2024-10-13 17:00:00,2024-10-13 17:00:00,DEV_002,49,79,17
DEV_002_2024-10-13 22:00:00,2024-10-13 22:00:00,DEV_002,60,87,88
DEV_002_2024-10-14 03:00:00,2024-10-14 03:00:00,DEV_002,45,83,69
DEV_002_2024-10-14 08:00:00,2024-10-14 08:00:00,DEV_002,32,44,65
DEV_002_2024-10-14 13:00:00,2024-10-14 13:00:00,DEV_002,87,8,77
DEV_002_2024-10-14 18:00:00,2024-10-14 18:00:00,DEV_002,72,87,43
DEV_002_2024-10-14 23:00:00,2024-10-14 23:00:00,DEV_002,1,51,24
DEV_002_2024-10-15 04:00:00,2024-10-15 04:00:00,DEV_002,99,24,17
DEV_002_2024-10-15 09:00:00,2024-10-15 09:00:00,DEV_002,5,20,21
DEV_002_2024-10-15 14:00:00,2024-10-15 14:00:00,DEV_002,58,31,11
DEV_002_2024-10-15 19:00:00,2024-10-15 19:00:00,DEV_002,52,15,83
DEV_002_2024-10-16 00:00:00,2024-10-16 00:00:00,DEV_002,7,28,51
DEV_002_2024-10-16 05:00:00,2024-10-16 05:00:00,DEV_002,58,5,5
DEV_002_2024-10-16 10:00:00,2024-10-16 10:00:00,DEV_002,94,96,8
DEV_002_2024-10-16 15:00:00,2024-10-16 15:00:00,DEV_002,64,10,38
DEV_002_2024-10-16 20:00:00,2024-10-16 20:00:00,DEV_002,96,92,81
DEV_002_2024-10-17 01:00:00,2024-10-17 01:00:00,DEV_002,95,8,25
DEV_002_2024-10-17 06:00:00,2024-10-17 06:00:00,DEV_002,73,66,79
DEV_002_2024-10-17 11:00:00,2024-10-17 11:00:00,DEV_002,50,67,49
DEV_002_2024-10-17 16:00:00,2024-10-17 16:00:00,DEV_002,36,68,78
DEV_002_2024-10-17 21:00:00,2024-10-17 21:00:00,DEV_002,41,89,62
DEV_002_2024-10-18 02:00:00,2024-10-18 02:00:00,DEV_002,10,21,36
DEV_002_2024-10-18 07:00:00,2024-10-18 07:00:00,DEV_002,12,91,2
DEV_002_2024-10-18 12:00:00,2024-10-18 12:00:00,DEV_002,13,53,32
DEV_002_2024-10-18 17:00:00,2024-10-18 17:00:00,DEV_002,95,16,32
DEV_002_2024-10-18 22:00:00,2024-10-18 22:00:00,DEV_002,32,98,11
DEV_002_2024-10-19 03:00:00,2024-10-19 03:00:00,DEV_002,10,15,17
DEV_002_2024-10-19 08:00:00,2024-10-19 08:00:00,DEV_002,40,18,55
DEV_002_2024-10-19 13:00:00,2024-10-19 13:00:00,DEV_002,73,25,59
DEV_002_2024-10-19 18:00:00,2024-10-19 18:00:00,DEV_002,78,89,22
DEV_002_2024-10-19 23:00:00,2024-10-19 23:00:00,DEV_002,30,84,85
DEV_002_2024-10-20 04:00:00,2024-10-20 04:00:00,DEV_002,44,32,51
DEV_002_2024-10-20 09:00:00,2024-10-20 09:00:00,DEV_002,46,21,99
DEV_002_2024-10-20 14:00:00,2024-10-20 14:00:00,DEV_002,32,94,39
DEV_002_2024-10-20 19:00:00,2024-10-20 19:00:00,DEV_002,12,47,18
DEV_002_2024-10-21 00:00:00,2024-10-21 00:00:00,DEV_002,21,13,21
DEV_002_2024-10-21 05:00:00,2024-10-21 05:00:00,DEV_002,8,46,7
DEV_002_2024-10-21 10:00:00,2024-10-21 10:00:00,DEV_002,23,96,75
DEV_002_2024-10-21 15:00:00,2024-10-21 15:00:00,DEV_002,86,22,89
DEV_002_2024-10-21 20:00:00,2024-10-21 20:00:00,DEV_002,22,92,29
DEV_002_2024-10-22 01:00:00,2024-10-22 01:00:00,DEV_002,13,82,2
DEV_002_2024-10-22 06:00:00,2024-10-22 06:00:00,DEV_002,29,85,79
DEV_002_2024-10-22 11:00:00,2024-10-22 11:00:00,DEV_002,52,27,50
DEV_002_2024-10-22 16:00:00,2024-10-22 16:00:00,DEV_002,95,79,23
DEV_002_2024-10-22 21:00:00,2024-10-22 21:00:00,DEV_002,88,44,77
DEV_002_2024-10-23 02:00:00,2024-10-23 02:00:00,DEV_002,22,43,37
DEV_002_2024-10-23 07:00:00,2024-10-23 07:00:00,DEV_002,61,97,56
DEV_002_2024-10-23 12:00:00,2024-10-23 12:00:00,DEV_002,3,63,19
DEV_002_2024-10-23 17:00:00,2024-10-23 17:00:00,DEV_002,23,29,30
DEV_002_2024-10-23 22:00:00,2024-10-23 22:00:00,DEV_002,39,25,8
DEV_002_2024-10-24 03:00:00,2024-10-24 03:00:00,DEV_002,58,16,72
DEV_002_2024-10-24 08:00:00,2024-10-24 08:00:00,DEV_002,1,5,3
DEV_002_2024-10-24 13:00:00,2024-10-24 13:00:00,DEV_002,65,4,99
DEV_002_2024-10-24 18:00:00,2024-10-24 18:00:00,DEV_002,96,64,98
DEV_002_2024-10-24 23:00:00,2024-10-24 23:00:00,DEV_002,89,10,21
DEV_002_2024-10-25 04:00:00,2024-10-25 04:00:00,DEV_002,46,91,27
DEV_002_2024-10-25 09:00:00,2024-10-25 09:00:00,DEV_002,66,41,13
DEV_002_2024-10-25 14:00:00,2024-10-25 14:00:00,DEV_002,9,36,86
DEV_002_2024-10-25 19:00:00,2024-10-25 19:00:00,DEV_002,90,58,54
DEV_002_2024-10-26 00:00:00,2024-10-26 00:00:00,DEV_002,12,81,78
DEV_002_2024-10-26 05:00:00,2024-10-26 05:00:00,DEV_002,14,34,53
DEV_002_2024-10-26 10:00:00,2024-10-26 10:00:00,DEV_002,20,75,16
DEV_002_2024-10-26 15:00:00,2024-10-26 15:00:00,DEV_002,95,70,56
DEV_002_2024-10-26 20:00:00,2024-10-26 20:00:00,DEV_002,83,58,4
DEV_002_2024-10-27 01:00:00,2024-10-27 01:00:00,DEV_002,4,20,10
DEV_002_2024-10-27 06:00:00,2024-10-27 06:00:00,DEV_002,24,99,26
DEV_002_2024-10-27 11:00:00,2024-10-27 11:00:00,DEV_002,37,85,54
DEV_002_2024-10-27 16:00:00,2024-10-27 16:00:00,DEV_002,21,74,38
DEV_002_2024-10-27 21:00:00,2024-10-27 21:00:00,DEV_002,46,4,60
DEV_002_2024-10-28 02:00:00,2024-10-28 02:00:00,DEV_002,57,45,20
DEV_002_2024-10-28 07:00:00,2024-10-28 07:00:00,DEV_002,17,71,4
DEV_002_2024-10-28 12:00:00,2024-10-28 12:00:00,DEV_002,93,14,3
DEV_002_2024-10-28 17:00:00,2024-10-28 17:00:00,DEV_002,88,80,58
DEV_002_2024-10-28 22:00:00,2024-10-28 22:00:00,DEV_002,55,4,24
DEV_002_2024-10-29 03:00:00,2024-10-29 03:00:00,DEV_002,34,30,82
DEV_002_2024-10-29 08:00:00,2024-10-29 08:00:00,DEV_002,19,31,60
DEV_002_2024-10-29 13:00:00,2024-10-29 13:00:00,DEV_002,60,19,49
DEV_002_2024-10-29 18:00:00,2024-10-29 18:00:00,DEV_002,63,83,22
DEV_002_2024-10-29 23:00:00,2024-10-29 23:00:00,DEV_002,24,76,30
DEV_002_2024-10-30 04:00:00,2024-10-30 04:00:00,DEV_002,58,31,64
DEV_002_2024-10-30 09:00:00,2024-10-30 09:00:00,DEV_002,19,48,45
DEV_002_2024-10-30 14:00:00,2024-10-30 14:00:00,DEV_002,94,55,55
DEV_002_2024-10-30 19:00:00,2024-10-30 19:00:00,DEV_002,97,18,63
DEV_002_2024-10-31 00:00:00,2024-10-31 00:00:00,DEV_002,92,47,75
DEV_002_2024-10-31 05:00:00,2024-10-31 05:00:00,DEV_002,57,45,33
DEV_002_2024-10-31 10:00:00,2024-10-31 10:00:00,DEV_002,17,70,4
DEV_002_2024-10-31 15:00:00,2024-10-31 15:00:00,DEV_002,20,47,91
DEV_002_2024-10-31 20:00:00,2024-10-31 20:00:00,DEV_002,15,70,47
DEV_002_2024-11-01 01:00:00,2024-11-01 01:00:00,DEV_002,78,75,9
DEV_002_2024-11-01 06:00:00,2024-11-01 06:00:00,DEV_002,90,16,69
DEV_002_2024-11-01 11:00:00,2024-11-01 11:00:00,DEV_002,61,10,50
DEV_002_2024-11-01 16:00:00,2024-11-01 16:00:00,DEV_002,3,77,94
DEV_002_2024-11-01 21:00:00,2024-11-01 21:00:00,DEV_002,70,81,51
DEV_002_2024-11-02 02:00:00,2024-11-02 02:00:00,DEV_002,19,42,35
DEV_002_2024-11-02 07:00:00,2024-11-02 07:00:00,DEV_002,46,26,69
DEV_002_2024-11-02 12:00:00,2024-11-02 12:00:00,DEV_002,93,64,37
DEV_002_2024-11-02 17:00:00,2024-11-02 17:00:00,DEV_002,84,49,21
DEV_002_2024-11-02 22:00:00,2024-11-02 22:00:00,DEV_002,74,64,5
DEV_002_2024-11-03 03:00:00,2024-11-03 03:00:00,DEV_002,70,90,4
DEV_002_2024-11-03 08:00:00,2024-11-03 08:00:00,DEV_002,39,35,1
DEV_002_2024-11-03 13:00:00,2024-11-03 13:00:00,DEV_002,24,57,70
DEV_002_2024-11-03 18:00:00,2024-11-03 18:00:00,DEV_002,41,54,46
DEV_002_2024-11-03 23:00:00,2024-11-03 23:00:00,DEV_002,60,60,57
DEV_002_2024-11-04 04:00:00,2024-11-04 04:00:00,DEV_002,31,84,24
DEV_002_2024-11-04 09:00:00,2024-11-04 09:00:00,DEV_002,89,36,85
DEV_002_2024-11-04 14:00:00,2024-11-04 14:00:00,DEV_002,30,24,30
DEV_002_2024-11-04 19:00:00,2024-11-04 19:00:00,DEV_002,86,92,7
DEV_002_2024-11-05 00:00:00,2024-11-05 00:00:00,DEV_002,35,55,92
DEV_002_2024-11-05 05:00:00,2024-11-05 05:00:00,DEV_002,14,10,80
DEV_002_2024-11-05 10:00:00,2024-11-05 10:00:00,DEV_002,16,54,95
DEV_002_2024-11-05 15:00:00,2024-11-05 15:00:00,DEV_002,89,77,70
DEV_002_2024-11-05 20:00:00,2024-11-05 20:00:00,DEV_002,44,73,45
DEV_002_2024-11-06 01:00:00,2024-11-06 01:00:00,DEV_002,56,84,82
DEV_002_2024-11-06 06:00:00,2024-11-06 06:00:00,DEV_002,57,21,68
DEV_002_2024-11-06 11:00:00,2024-11-06 11:00:00,DEV_002,50,33,91
DEV_002_2024-11-06 16:00:00,2024-11-06 16:00:00,DEV_002,7,70,15
DEV_002_2024-11-06 21:00:00,2024-11-06 21:00:00,DEV_002,82,32,75
DEV_002_2024-11-07 02:00:00,2024-11-07 02:00:00,DEV_002,20,88,15
DEV_002_2024-11-07 07:00:00,2024-11-07 07:00:00,DEV_002,48,71,21
DEV_002_2024-11-07 12:00:00,2024-11-07 12:00:00,DEV_002,42,26,14
DEV_002_2024-11-07 17:00:00,2024-11-07 17:00:00,DEV_002,57,37,58
DEV_002_2024-11-07 22:00:00,2024-11-07 22:00:00,DEV_002,21,82,69
DEV_002_2024-11-08 03:00:00,2024-11-08 03:00:00,DEV_002,3,87,90
DEV_002_2024-11-08 08:00:00,2024-11-08 08:00:00,DEV_002,37,88,49
DEV_002_2024-11-08 13:00:00,2024-11-08 13:00:00,DEV_002,19,89,85
DEV_002_2024-11-08 18:00:00,2024-11-08 18:00:00,DEV_002,12,61,41
DEV_002_2024-11-08 23:00:00,2024-11-08 23:00:00,DEV_002,33,50,68
DEV_002_2024-11-09 04:00:00,2024-11-09 04:00:00,DEV_002,71,86,33
DEV_002_2024-11-09 09:00:00,2024-11-09 09:00:00,DEV_002,81,24,61
DEV_002_2024-11-09 14:00:00,2024-11-09 14:00:00,DEV_002,61,98,28
DEV_002_2024-11-09 19:00:00,2024-11-09 19:00:00,DEV_002,58,43,41
DEV_002_2024-11-10 00:00:00,2024-11-10 00:00:00,DEV_002,39,86,49
DEV_002_2024-11-10 05:00:00,2024-11-10 05:00:00,DEV_002,17,98,70
DEV_002_2024-11-10 10:00:00,2024-11-10 10:00:00,DEV_002,70,98,65
DEV_002_2024-11-10 15:00:00,2024-11-10 15:00:00,DEV_002,74,85,5
DEV_002_2024-11-10 20:00:00,2024-11-10 20:00:00,DEV_002,2,22,57
DEV_002_2024-11-11 01:00:00,2024-11-11 01:00:00,DEV_002,66,74,98
DEV_002_2024-11-11 06:00:00,2024-11-11 06:00:00,DEV_002,16,51,39
DEV_002_2024-11-11 11:00:00,2024-11-11 11:00:00,DEV_002,86,76,88
DEV_002_2024-11-11 16:00:00,2024-11-11 16:00:00,DEV_002,40,38,60
DEV_002_2024-11-11 21:00:00,2024-11-11 21:00:00,DEV_002,59,10,99
DEV_002_2024-11-12 02:00:00,2024-11-12 02:00:00,DEV_002,64,63,49
DEV_002_2024-11-12 07:00:00,2024-11-12 07:00:00,DEV_002,64,32,7
DEV_002_2024-11-12 12:00:00,2024-11-12 12:00:00,DEV_002,21,20,26
DEV_002_2024-11-12 17:00:00,2024-11-12 17:00:00,DEV_002,68,86,15
DEV_002_2024-11-12 22:00:00,2024-11-12 22:00:00,DEV_002,85,79,86
DEV_002_2024-11-13 03:00:00,2024-11-13 03:00:00,DEV_002,92,14,27
DEV_002_2024-11-13 08:00:00,2024-11-13 08:00:00,DEV_002,40,58,28
DEV_002_2024-11-13 13:00:00,2024-11-13 13:00:00,DEV_002,26,63,66
DEV_002_2024-11-13 18:00:00,2024-11-13 18:00:00,DEV_002,25,3,72
DEV_002_2024-11-13 23:00:00,2024-11-13 23:00:00,DEV_002,44,97,42
DEV_002_2024-11-14 04:00:00,2024-11-14 04:00:00,DEV_002,99,6,39
DEV_002_2024-11-14 09:00:00,2024-11-14 09:00:00,DEV_002,52,23,89
DEV_002_2024-11-14 14:00:00,2024-11-14 14:00:00,DEV_002,50,43,19
DEV_002_2024-11-14 19:00:00,2024-11-14 19:00:00,DEV_002,69,51,11
DEV_002_2024-11-15 00:00:00,2024-11-15 00:00:00,DEV_002,12,74,8
DEV_002_2024-11-15 05:00:00,2024-11-15 05:00:00,DEV_002,24,92,41
DEV_002_2024-11-15 10:00:00,2024-11-15 10:00:00,DEV_002,36,85,72
DEV_002_2024-11-15 15:00:00,2024-11-15 15:00:00,DEV_002,55,9,47
DEV_002_2024-11-15 20:00:00,2024-11-15 20:00:00,DEV_002,15,48,82
DEV_002_2024-11-16 01:00:00,2024-11-16 01:00:00,DEV_002,42,60,84
DEV_002_2024-11-16 06:00:00,2024-11-16 06:00:00,DEV_002,70,12,2
DEV_002_2024-11-16 11:00:00,2024-11-16 11:00:00,DEV_002,7,80,3
DEV_002_2024-11-16 16:00:00,2024-11-16 16:00:00,DEV_002,3,27,40
DEV_002_2024-11-16 21:00:00,2024-11-16 21:00:00,DEV_002,33,92,1
DEV_002_2024-11-17 02:00:00,2024-11-17 02:00:00,DEV_002,8,32,48
DEV_002_2024-11-17 07:00:00,2024-11-17 07:00:00,DEV_002,4,94,70
DEV_002_2024-11-17 12:00:00,2024-11-17 12:00:00,DEV_002,19,32,9
DEV_002_2024-11-17 17:00:00,2024-11-17 17:00:00,DEV_002,12,11,46
DEV_002_2024-11-17 22:00:00,2024-11-17 22:00:00,DEV_002,16,1,63
DEV_002_2024-11-18 03:00:00,2024-11-18 03:00:00,DEV_002,21,30,13
DEV_002_2024-11-18 08:00:00,2024-11-18 08:00:00,DEV_002,34,4,28
DEV_002_2024-11-18 13:00:00,2024-11-18 13:00:00,DEV_002,95,59,27
DEV_002_2024-11-18 18:00:00,2024-11-18 18:00:00,DEV_002,69,25,3
DEV_002_2024-11-18 23:00:00,2024-11-18 23:00:00,DEV_002,97,68,25
DEV_002_2024-11-19 04:00:00,2024-11-19 04:00:00,DEV_002,20,34,26
DEV_002_2024-11-19 09:00:00,2024-11-19 09:00:00,DEV_002,5,99,61
DEV_002_2024-11-19 14:00:00,2024-11-19 14:00:00,DEV_002,92,93,9
DEV_002_2024-11-19 19:00:00,2024-11-19 19:00:00,DEV_002,50,6,83
DEV_002_2024-11-20 00:00:00,2024-11-20 00:00:00,DEV_002,60,44,11
DEV_002_2024-11-20 05:00:00,2024-11-20 05:00:00,DEV_002,66,47,73
DEV_002_2024-11-20 10:00:00,2024-11-20 10:00:00,DEV_002,85,88,98
DEV_002_2024-11-20 15:00:00,2024-11-20 15:00:00,DEV_002,86,3,76
DEV_002_2024-11-20 20:00:00,2024-11-20 20:00:00,DEV_002,92,30,90
DEV_002_2024-11-21 01:00:00,2024-11-21 01:00:00,DEV_002,21,28,90
DEV_002_2024-11-21 06:00:00,2024-11-21 06:00:00,DEV_002,62,33,85
DEV_002_2024-11-21 11:00:00,2024-11-21 11:00:00,DEV_002,35,52,34
DEV_002_2024-11-21 16:00:00,2024-11-21 16:00:00,DEV_002,41,51,47
DEV_002_2024-11-21 21:00:00,2024-11-21 21:00:00,DEV_002,82,58,75
DEV_002_2024-11-22 02:00:00,2024-11-22 02:00:00,DEV_002,57,23,48
DEV_002_2024-11-22 07:00:00,2024-11-22 07:00:00,DEV_002,22,17,69
DEV_002_2024-11-22 12:00:00,2024-11-22 12:00:00,DEV_002,11,94,15
DEV_002_2024-11-22 17:00:00,2024-11-22 17:00:00,DEV_002,91,35,33
DEV_002_2024-11-22 22:00:00,2024-11-22 22:00:00,DEV_002,84,16,34
DEV_002_2024-11-23 03:00:00,2024-11-23 03:00:00,DEV_002,66,99,40
DEV_002_2024-11-23 08:00:00,2024-11-23 08:00:00,DEV_002,28,47,39
DEV_002_2024-11-23 13:00:00,2024-11-23 13:00:00,DEV_002,70,73,20
DEV_002_2024-11-23 18:00:00,2024-11-23 18:00:00,DEV_002,1,72,87
DEV_002_2024-11-23 23:00:00,2024-11-23 23:00:00,DEV_002,63,67,4
DEV_002_2024-11-24 04:00:00,2024-11-24 04:00:00,DEV_002,58,25,47
DEV_002_2024-11-24 09:00:00,2024-11-24 09:00:00,DEV_002,38,15,63
DEV_002_2024-11-24 14:00:00,2024-11-24 14:00:00,DEV_002,21,99,57
DEV_002_2024-11-24 19:00:00,2024-11-24 19:00:00,DEV_002,53,46,14
DEV_002_2024-11-25 00:00:00,2024-11-25 00:00:00,DEV_002,76,17,39
DEV_002_2024-11-25 05:00:00,2024-11-25 05:00:00,DEV_002,9,99,77
DEV_002_2024-11-25 10:00:00,2024-11-25 10:00:00,DEV_002,79,82,97
DEV_002_2024-11-25 15:00:00,2024-11-25 15:00:00,DEV_002,6,91,23
DEV_002_2024-11-25 20:00:00,2024-11-25 20:00:00,DEV_002,59,91,98
DEV_002_2024-11-26 01:00:00,2024-11-26 01:00:00,DEV_002,46,38,14
DEV_002_2024-11-26 06:00:00,2024-11-26 06:00:00,DEV_002,72,62,35
DEV_002_2024-11-26 11:00:00,2024-11-26 11:00:00,DEV_002,19,30,78
DEV_002_2024-11-26 16:00:00,2024-11-26 16:00:00,DEV_002,84,25,40
DEV_002_2024-11-26 21:00:00,2024-11-26 21:00:00,DEV_002,88,14,26
DEV_002_2024-11-27 02:00:00,2024-11-27 02:00:00,DEV_002,87,22,48
DEV_002_2024-11-27 07:00:00,2024-11-27 07:00:00,DEV_002,83,51,3
DEV_002_2024-11-27 12:00:00,2024-11-27 12:00:00,DEV_002,42,19,73
DEV_002_2024-11-27 17:00:00,2024-11-27 17:00:00,DEV_002,28,84,45
DEV_002_2024-11-27 22:00:00,2024-11-27 22:00:00,DEV_002,71,78,63
DEV_002_2024-11-28 03:00:00,2024-11-28 03:00:00,DEV_002,73,19,47
DEV_002_2024-11-28 08:00:00,2024-11-28 08:00:00,DEV_002,14,38,53
DEV_002_2024-11-28 13:00:00,2024-11-28 13:00:00,DEV_002,61,36,40
DEV_002_2024-11-28 18:00:00,2024-11-28 18:00:00,DEV_002,81,30,9
DEV_002_2024-11-28 23:00:00,2024-11-28 23:00:00,DEV_002,64,33,52
DEV_002_2024-11-29 04:00:00,2024-11-29 04:00:00,DEV_002,89,14,75
DEV_002_2024-11-29 09:00:00,2024-11-29 09:00:00,DEV_002,53,99,59
DEV_002_2024-11-29 14:00:00,2024-11-29 14:00:00,DEV_002,78,94,41
DEV_002_2024-11-29 19:00:00,2024-11-29 19:00:00,DEV_002,68,68,92
DEV_002_2024-11-30 00:00:00,2024-11-30 00:00:00,DEV_002,8,2,86
DEV_002_2024-11-30 05:00:00,2024-11-30 05:00:00,DEV_002,41,55,16
DEV_002_2024-11-30 10:00:00,2024-11-30 10:00:00,DEV_002,93,62,48
DEV_002_2024-11-30 15:00:00,2024-11-30 15:00:00,DEV_002,30,12,35
DEV_002_2024-11-30 20:00:00,2024-11-30 20:00:00,DEV_002,11,64,50
DEV_002_2024-12-01 01:00:00,2024-12-01 01:00:00,DEV_002,85,21,69
DEV_002_2024-12-01 06:00:00,2024-12-01 06:00:00,DEV_002,48,20,67
DEV_002_2024-12-01 11:00:00,2024-12-01 11:00:00,DEV_002,44,33,73
DEV_002_2024-12-01 16:00:00,2024-12-01 16:00:00,DEV_002,61,9,68
DEV_002_2024-12-01 21:00:00,2024-12-01 21:00:00,DEV_002,35,81,98
DEV_002_2024-12-02 02:00:00,2024-12-02 02:00:00,DEV_002,88,96,65
DEV_002_2024-12-02 07:00:00,2024-12-02 07:00:00,DEV_002,8,45,87
DEV_002_2024-12-02 12:00:00,2024-12-02 12:00:00,DEV_002,47,40,76
DEV_002_2024-12-02 17:00:00,2024-12-02 17:00:00,DEV_002,54,76,46
DEV_002_2024-12-02 22:00:00,2024-12-02 22:00:00,DEV_002,47,15,19
DEV_002_2024-12-03 03:00:00,2024-12-03 03:00:00,DEV_002,26,52,93
DEV_002_2024-12-03 08:00:00,2024-12-03 08:00:00,DEV_002,22,21,51
DEV_002_2024-12-03 13:00:00,2024-12-03 13:00:00,DEV_002,38,20,29
DEV_002_2024-12-03 18:00:00,2024-12-03 18:00:00,DEV_002,51,4,55
DEV_002_2024-12-03 23:00:00,2024-12-03 23:00:00,DEV_002,71,92,28
DEV_002_2024-12-04 04:00:00,2024-12-04 04:00:00,DEV_002,4,22,76
DEV_002_2024-12-04 09:00:00,2024-12-04 09:00:00,DEV_002,45,67,86
DEV_002_2024-12-04 14:00:00,2024-12-04 14:00:00,DEV_002,66,88,34
DEV_002_2024-12-04 19:00:00,2024-12-04 19:00:00,DEV_002,91,55,1
DEV_002_2024-12-05 00:00:00,2024-12-05 00:00:00,DEV_002,72,87,38
DEV_002_2024-12-05 05:00:00,2024-12-05 05:00:00,DEV_002,6,86,25
DEV_002_2024-12-05 10:00:00,2024-12-05 10:00:00,DEV_002,82,17,61
DEV_002_2024-12-05 15:00:00,2024-12-05 15:00:00,DEV_002,12,6,90
DEV_002_2024-12-05 20:00:00,2024-12-05 20:00:00,DEV_002,27,8,83
DEV_002_2024-12-06 01:00:00,2024-12-06 01:00:00,DEV_002,65,57,93
DEV_002_2024-12-06 06:00:00,2024-12-06 06:00:00,DEV_002,99,40,14
DEV_002_2024-12-06 11:00:00,2024-12-06 11:00:00,DEV_002,35,48,84
DEV_002_2024-12-06 16:00:00,2024-12-06 16:00:00,DEV_002,56,49,13
DEV_002_2024-12-06 21:00:00,2024-12-06 21:00:00,DEV_002,61,49,46
DEV_002_2024-12-07 02:00:00,2024-12-07 02:00:00,DEV_002,62,8,43
DEV_002_2024-12-07 07:00:00,2024-12-07 07:00:00,DEV_002,20,97,90
DEV_002_2024-12-07 12:00:00,2024-12-07 12:00:00,DEV_002,39,85,49
DEV_002_2024-12-07 17:00:00,2024-12-07 17:00:00,DEV_002,64,62,54
DEV_002_2024-12-07 22:00:00,2024-12-07 22:00:00,DEV_002,9,88,37
DEV_002_2024-12-08 03:00:00,2024-12-08 03:00:00,DEV_002,49,41,17
DEV_002_2024-12-08 08:00:00,2024-12-08 08:00:00,DEV_002,88,21,51
DEV_002_2024-12-08 13:00:00,2024-12-08 13:00:00,DEV_002,59,39,55
DEV_002_2024-12-08 18:00:00,2024-12-08 18:00:00,DEV_002,41,39,13
DEV_002_2024-12-08 23:00:00,2024-12-08 23:00:00,DEV_002,64,11,19
DEV_002_2024-12-09 04:00:00,2024-12-09 04:00:00,DEV_002,11,77,46
DEV_002_2024-12-09 09:00:00,2024-12-09 09:00:00,DEV_002,45,1,40
DEV_002_2024-12-09 14:00:00,2024-12-09 14:00:00,DEV_002,19,76,72
DEV_002_2024-12-09 19:00:00,2024-12-09 19:00:00,DEV_002,72,61,12
DEV_002_2024-12-10 00:00:00,2024-12-10 00:00:00,DEV_002,61,33,45
DEV_002_2024-12-10 05:00:00,2024-12-10 05:00:00,DEV_002,90,92,69
DEV_002_2024-12-10 10:00:00,2024-12-10 10:00:00,DEV_002,8,25,91
DEV_002_2024-12-10 15:00:00,2024-12-10 15:00:00,DEV_002,46,87,30
DEV_002_2024-12-10 20:00:00,2024-12-10 20:00:00,DEV_002,47,87,49
DEV_002_2024-12-11 01:00:00,2024-12-11 01:00:00,DEV_002,47,84,82
DEV_002_2024-12-11 06:00:00,2024-12-11 06:00:00,DEV_002,18,66,68
DEV_002_2024-12-11 11:00:00,2024-12-11 11:00:00,DEV_002,94,33,36
DEV_002_2024-12-11 16:00:00,2024-12-11 16:00:00,DEV_002,82,19,28
DEV_002_2024-12-11 21:00:00,2024-12-11 21:00:00,DEV_002,40,84,97
DEV_002_2024-12-12 02:00:00,2024-12-12 02:00:00,DEV_002,76,15,41
DEV_002_2024-12-12 07:00:00,2024-12-12 07:00:00,DEV_002,39,2,63
DEV_002_2024-12-12 12:00:00,2024-12-12 12:00:00,DEV_002,29,74,66
DEV_002_2024-12-12 17:00:00,2024-12-12 17:00:00,DEV_002,51,75,77
DEV_002_2024-12-12 22:00:00,2024-12-12 22:00:00,DEV_002,10,14,82
DEV_002_2024-12-13 03:00:00,2024-12-13 03:00:00,DEV_002,51,73,39
DEV_002_2024-12-13 08:00:00,2024-12-13 08:00:00,DEV_002,28,3,84
DEV_002_2024-12-13 13:00:00,2024-12-13 13:00:00,DEV_002,70,27,2
DEV_002_2024-12-13 18:00:00,2024-12-13 18:00:00,DEV_002,93,38,3
DEV_002_2024-12-13 23:00:00,2024-12-13 23:00:00,DEV_002,16,94,40
DEV_002_2024-12-14 04:00:00,2024-12-14 04:00:00,DEV_002,2,81,41
DEV_002_2024-12-14 09:00:00,2024-12-14 09:00:00,DEV_002,12,35,65
DEV_002_2024-12-14 14:00:00,2024-12-14 14:00:00,DEV_002,55,45,79
DEV_002_2024-12-14 19:00:00,2024-12-14 19:00:00,DEV_002,90,85,62
DEV_002_2024-12-15 00:00:00,2024-12-15 00:00:00,DEV_002,49,95,25
DEV_002_2024-12-15 05:00:00,2024-12-15 05:00:00,DEV_002,23,24,38
DEV_002_2024-12-15 10:00:00,2024-12-15 10:00:00,DEV_002,28,21,54
DEV_002_2024-12-15 15:00:00,2024-12-15 15:00:00,DEV_002,18,36,99
DEV_002_2024-12-15 20:00:00,2024-12-15 20:00:00,DEV_002,45,73,53
DEV_002_2024-12-16 01:00:00,2024-12-16 01:00:00,DEV_002,30,60,98
DEV_002_2024-12-16 06:00:00,2024-12-16 06:00:00,DEV_002,32,67,67
DEV_002_2024-12-16 11:00:00,2024-12-16 11:00:00,DEV_002,28,44,79
DEV_002_2024-12-16 16:00:00,2024-12-16 16:00:00,DEV_002,41,63,23
DEV_002_2024-12-16 21:00:00,2024-12-16 21:00:00,DEV_002,75,48,32
DEV_002_2024-12-17 02:00:00,2024-12-17 02:00:00,DEV_002,57,33,24
DEV_002_2024-12-17 07:00:00,2024-12-17 07:00:00,DEV_002,39,34,56
DEV_002_2024-12-17 12:00:00,2024-12-17 12:00:00,DEV_002,28,37,7
DEV_002_2024-12-17 17:00:00,2024-12-17 17:00:00,DEV_002,68,37,56
DEV_002_2024-12-17 22:00:00,2024-12-17 22:00:00,DEV_002,65,65,47
DEV_002_2024-12-18 03:00:00,2024-12-18 03:00:00,DEV_002,20,19,29
DEV_002_2024-12-18 08:00:00,2024-12-18 08:00:00,DEV_002,74,60,18
DEV_002_2024-12-18 13:00:00,2024-12-18 13:00:00,DEV_002,92,35,43
DEV_002_2024-12-18 18:00:00,2024-12-18 18:00:00,DEV_002,95,91,11
DEV_002_2024-12-18 23:00:00,2024-12-18 23:00:00,DEV_002,49,38,64
DEV_002_2024-12-19 04:00:00,2024-12-19 04:00:00,DEV_002,69,8,34
DEV_002_2024-12-19 09:00:00,2024-12-19 09:00:00,DEV_002,48,56,76
DEV_002_2024-12-19 14:00:00,2024-12-19 14:00:00,DEV_002,65,31,4
DEV_002_2024-12-19 19:00:00,2024-12-19 19:00:00,DEV_002,50,69,30
DEV_002_2024-12-20 00:00:00,2024-12-20 00:00:00,DEV_002,88,59,67
DEV_002_2024-12-20 05:00:00,2024-12-20 05:00:00,DEV_002,75,45,4
DEV_002_2024-12-20 10:00:00,2024-12-20 10:00:00,DEV_002,26,27,46
DEV_002_2024-12-20 15:00:00,2024-12-20 15:00:00,DEV_002,64,91,51
DEV_002_2024-12-20 20:00:00,2024-12-20 20:00:00,DEV_002,50,6,59
DEV_002_2024-12-21 01:00:00,2024-12-21 01:00:00,DEV_002,15,30,42
DEV_002_2024-12-21 06:00:00,2024-12-21 06:00:00,DEV_002,37,42,35
DEV_002_2024-12-21 11:00:00,2024-12-21 11:00:00,DEV_002,87,6,68
DEV_002_2024-12-21 16:00:00,2024-12-21 16:00:00,DEV_002,18,73,29
DEV_002_2024-12-21 21:00:00,2024-12-21 21:00:00,DEV_002,77,59,47
DEV_002_2024-12-22 02:00:00,2024-12-22 02:00:00,DEV_002,17,96,22
DEV_002_2024-12-22 07:00:00,2024-12-22 07:00:00,DEV_002,68,69,37
DEV_002_2024-12-22 12:00:00,2024-12-22 12:00:00,DEV_002,49,13,34
DEV_002_2024-12-22 17:00:00,2024-12-22 17:00:00,DEV_002,86,53,87
DEV_002_2024-12-22 22:00:00,2024-12-22 22:00:00,DEV_002,51,3,42
DEV_002_2024-12-23 03:00:00,2024-12-23 03:00:00,DEV_002,98,32,51
DEV_002_2024-12-23 08:00:00,2024-12-23 08:00:00,DEV_002,85,46,21
DEV_002_2024-12-23 13:00:00,2024-12-23 13:00:00,DEV_002,44,11,68
DEV_002_2024-12-23 18:00:00,2024-12-23 18:00:00,DEV_002,1,92,63
DEV_002_2024-12-23 23:00:00,2024-12-23 23:00:00,DEV_002,24,99,13
DEV_002_2024-12-24 04:00:00,2024-12-24 04:00:00,DEV_002,98,11,51
DEV_002_2024-12-24 09:00:00,2024-12-24 09:00:00,DEV_002,17,99,82
DEV_002_2024-12-24 14:00:00,2024-12-24 14:00:00,DEV_002,86,24,19
DEV_002_2024-12-24 19:00:00,2024-12-24 19:00:00,DEV_002,37,85,8
DEV_002_2024-12-25 00:00:00,2024-12-25 00:00:00,DEV_002,28,5,17
DEV_002_2024-12-25 05:00:00,2024-12-25 05:00:00,DEV_002,36,19,64
DEV_002_2024-12-25 10:00:00,2024-12-25 10:00:00,DEV_002,91,98,11
DEV_002_2024-12-25 15:00:00,2024-12-25 15:00:00,DEV_002,54,45,47
DEV_002_2024-12-25 20:00:00,2024-12-25 20:00:00,DEV_002,12,21,11
DEV_002_2024-12-26 01:00:00,2024-12-26 01:00:00,DEV_002,92,5,81
DEV_002_2024-12-26 06:00:00,2024-12-26 06:00:00,DEV_002,56,20,41
DEV_002_2024-12-26 11:00:00,2024-12-26 11:00:00,DEV_002,46,12,70
DEV_002_2024-12-26 16:00:00,2024-12-26 16:00:00,DEV_002,17,19,26
DEV_002_2024-12-26 21:00:00,2024-12-26 21:00:00,DEV_002,48,52,96
DEV_002_2024-12-27 02:00:00,2024-12-27 02:00:00,DEV_002,70,55,75
DEV_002_2024-12-27 07:00:00,2024-12-27 07:00:00,DEV_002,33,62,88
DEV_002_2024-12-27 12:00:00,2024-12-27 12:00:00,DEV_002,23,15,27
DEV_002_2024-12-27 17:00:00,2024-12-27 17:00:00,DEV_002,75,64,81
DEV_002_2024-12-27 22:00:00,2024-12-27 22:00:00,DEV_002,51,53,78
DEV_002_2024-12-28 03:00:00,2024-12-28 03:00:00,DEV_002,91,82,92
DEV_002_2024-12-28 08:00:00,2024-12-28 08:00:00,DEV_002,51,47,4
DEV_002_2024-12-28 13:00:00,2024-12-28 13:00:00,DEV_002,7,35,48
DEV_002_2024-12-28 18:00:00,2024-12-28 18:00:00,DEV_002,73,72,45
DEV_002_2024-12-28 23:00:00,2024-12-28 23:00:00,DEV_002,81,81,97
DEV_002_2024-12-29 04:00:00,2024-12-29 04:00:00,DEV_002,96,72,19
DEV_002_2024-12-29 09:00:00,2024-12-29 09:00:00,DEV_002,63,38,67
DEV_002_2024-12-29 14:00:00,2024-12-29 14:00:00,DEV_002,59,69,13
DEV_002_2024-12-29 19:00:00,2024-12-29 19:00:00,DEV_002,47,61,31
DEV_003_2024-09-01 00:00:00,2024-09-01 00:00:00,DEV_003,96,22,93
DEV_003_2024-09-01 02:00:00,2024-09-01 02:00:00,DEV_003,86,43,67
DEV_003_2024-09-01 04:00:00,2024-09-01 04:00:00,DEV_003,54,10,42
DEV_003_2024-09-01 06:00:00,2024-09-01 06:00:00,DEV_003,64,21,80
DEV_003_2024-09-01 08:00:00,2024-09-01 08:00:00,DEV_003,76,66,41
DEV_003_2024-09-01 10:00:00,2024-09-01 10:00:00,DEV_003,24,35,56
DEV_003_2024-09-01 12:00:00,2024-09-01 12:00:00,DEV_003,30,57,94
DEV_003_2024-09-01 14:00:00,2024-09-01 14:00:00,DEV_003,47,35,19
DEV_003_2024-09-01 16:00:00,2024-09-01 16:00:00,DEV_003,8,26,71
DEV_003_2024-09-01 18:00:00,2024-09-01 18:00:00,DEV_003,30,7,67
DEV_003_2024-09-01 20:00:00,2024-09-01 20:00:00,DEV_003,65,36,25
DEV_003_2024-09-01 22:00:00,2024-09-01 22:00:00,DEV_003,37,1,15
DEV_003_2024-09-02 00:00:00,2024-09-02 00:00:00,DEV_003,37,13,8
DEV_003_2024-09-02 02:00:00,2024-09-02 02:00:00,DEV_003,5,60,73
DEV_003_2024-09-02 04:00:00,2024-09-02 04:00:00,DEV_003,1,36,35
DEV_003_2024-09-02 06:00:00,2024-09-02 06:00:00,DEV_003,66,63,23
DEV_003_2024-09-02 08:00:00,2024-09-02 08:00:00,DEV_003,9,34,46
DEV_003_2024-09-02 10:00:00,2024-09-02 10:00:00,DEV_003,78,4,30
DEV_003_2024-09-02 12:00:00,2024-09-02 12:00:00,DEV_003,95,75,99
DEV_003_2024-09-02 14:00:00,2024-09-02 14:00:00,DEV_003,72,3,14
DEV_003_2024-09-02 16:00:00,2024-09-02 16:00:00,DEV_003,60,77,45
DEV_003_2024-09-02 18:00:00,2024-09-02 18:00:00,DEV_003,96,34,45
DEV_003_2024-09-02 20:00:00,2024-09-02 20:00:00,DEV_003,61,83,16
DEV_003_2024-09-02 22:00:00,2024-09-02 22:00:00,DEV_003,66,40,17
DEV_003_2024-09-03 00:00:00,2024-09-03 00:00:00,DEV_003,34,16,60
DEV_003_2024-09-03 02:00:00,2024-09-03 02:00:00,DEV_003,66,66,90
DEV_003_2024-09-03 04:00:00,2024-09-03 04:00:00,DEV_003,13,56,31
DEV_003_2024-09-03 06:00:00,2024-09-03 06:00:00,DEV_003,34,39,67
DEV_003_2024-09-03 08:00:00,2024-09-03 08:00:00,DEV_003,8,87,78
DEV_003_2024-09-03 10:00:00,2024-09-03 10:00:00,DEV_003,55,27,93
DEV_003_2024-09-03 12:00:00,2024-09-03 12:00:00,DEV_003,53,39,65
DEV_003_2024-09-03 14:00:00,2024-09-03 14:00:00,DEV_003,17,30,53
DEV_003_2024-09-03 16:00:00,2024-09-03 16:00:00,DEV_003,13,21,19
DEV_003_2024-09-03 18:00:00,2024-09-03 18:00:00,DEV_003,53,19,57
DEV_003_2024-09-03 20:00:00,2024-09-03 20:00:00,DEV_003,25,86,31
DEV_003_2024-09-03 22:00:00,2024-09-03 22:00:00,DEV_003,81,55,23
DEV_003_2024-09-04 00:00:00,2024-09-04 00:00:00,DEV_003,32,62,74
DEV_003_2024-09-04 02:00:00,2024-09-04 02:00:00,DEV_003,10,72,54
DEV_003_2024-09-04 04:00:00,2024-09-04 04:00:00,DEV_003,52,20,32
DEV_003_2024-09-04 06:00:00,2024-09-04 06:00:00,DEV_003,14,50,28
DEV_003_2024-09-04 08:00:00,2024-09-04 08:00:00,DEV_003,53,24,79
DEV_003_2024-09-04 10:00:00,2024-09-04 10:00:00,DEV_003,22,30,63
DEV_003_2024-09-04 12:00:00,2024-09-04 12:00:00,DEV_003,4,77,59
DEV_003_2024-09-04 14:00:00,2024-09-04 14:00:00,DEV_003,87,8,82
DEV_003_2024-09-04 16:00:00,2024-09-04 16:00:00,DEV_003,12,31,78
DEV_003_2024-09-04 18:00:00,2024-09-04 18:00:00,DEV_003,34,82,98
DEV_003_2024-09-04 20:00:00,2024-09-04 20:00:00,DEV_003,75,76,49
DEV_003_2024-09-04 22:00:00,2024-09-04 22:00:00,DEV_003,79,57,95
DEV_003_2024-09-05 00:00:00,2024-09-05 00:00:00,DEV_003,93,26,18
DEV_003_2024-09-05 02:00:00,2024-09-05 02:00:00,DEV_003,96,86,38
DEV_003_2024-09-05 04:00:00,2024-09-05 04:00:00,DEV_003,81,87,88
DEV_003_2024-09-05 06:00:00,2024-09-05 06:00:00,DEV_003,50,8,41
DEV_003_2024-09-05 08:00:00,2024-09-05 08:00:00,DEV_003,6,69,44
DEV_003_2024-09-05 10:00:00,2024-09-05 10:00:00,DEV_003,64,29,28
DEV_003_2024-09-05 12:00:00,2024-09-05 12:00:00,DEV_003,11,65,19
DEV_003_2024-09-05 14:00:00,2024-09-05 14:00:00,DEV_003,9,27,34
DEV_003_2024-09-05 16:00:00,2024-09-05 16:00:00,DEV_003,44,68,82
DEV_003_2024-09-05 18:00:00,2024-09-05 18:00:00,DEV_003,15,51,13
DEV_003_2024-09-05 20:00:00,2024-09-05 20:00:00,DEV_003,83,49,70
DEV_003_2024-09-05 22:00:00,2024-09-05 22:00:00,DEV_003,56,76,51
DEV_003_2024-09-06 00:00:00,2024-09-06 00:00:00,DEV_003,37,17,58
DEV_003_2024-09-06 02:00:00,2024-09-06 02:00:00,DEV_003,87,90,29
DEV_003_2024-09-06 04:00:00,2024-09-06 04:00:00,DEV_003,33,60,91
DEV_003_2024-09-06 06:00:00,2024-09-06 06:00:00,DEV_003,89,55,10
DEV_003_2024-09-06 08:00:00,2024-09-06 08:00:00,DEV_003,47,23,85
DEV_003_2024-09-06 10:00:00,2024-09-06 10:00:00,DEV_003,21,13,33
DEV_003_2024-09-06 12:00:00,2024-09-06 12:00:00,DEV_003,24,11,17
DEV_003_2024-09-06 14:00:00,2024-09-06 14:00:00,DEV_003,68,47,25
DEV_003_2024-09-06 16:00:00,2024-09-06 16:00:00,DEV_003,94,73,21
DEV_003_2024-09-06 18:00:00,2024-09-06 18:00:00,DEV_003,84,83,83
DEV_003_2024-09-06 20:00:00,2024-09-06 20:00:00,DEV_003,12,37,42
DEV_003_2024-09-06 22:00:00,2024-09-06 22:00:00,DEV_003,17,48,28
DEV_003_2024-09-07 00:00:00,2024-09-07 00:00:00,DEV_003,41,99,47
DEV_003_2024-09-07 02:00:00,2024-09-07 02:00:00,DEV_003,18,78,99
DEV_003_2024-09-07 04:00:00,2024-09-07 04:00:00,DEV_003,71,13,82
DEV_003_2024-09-07 06:00:00,2024-09-07 06:00:00,DEV_003,13,31,2
DEV_003_2024-09-07 08:00:00,2024-09-07 08:00:00,DEV_003,16,9,73
DEV_003_2024-09-07 10:00:00,2024-09-07 10:00:00,DEV_003,38,75,54
DEV_003_2024-09-07 12:00:00,2024-09-07 12:00:00,DEV_003,56,86,97
DEV_003_2024-09-07 14:00:00,2024-09-07 14:00:00,DEV_003,87,45,34
DEV_003_2024-09-07 16:00:00,2024-09-07 16:00:00,DEV_003,9,88,8
DEV_003_2024-09-07 18:00:00,2024-09-07 18:00:00,DEV_003,7,36,18
DEV_003_2024-09-07 20:00:00,2024-09-07 20:00:00,DEV_003,3,28,70
DEV_003_2024-09-07 22:00:00,2024-09-07 22:00:00,DEV_003,44,21,28
DEV_003_2024-09-08 00:00:00,2024-09-08 00:00:00,DEV_003,54,54,65
DEV_003_2024-09-08 02:00:00,2024-09-08 02:00:00,DEV_003,21,99,13
DEV_003_2024-09-08 04:00:00,2024-09-08 04:00:00,DEV_003,57,49,54
DEV_003_2024-09-08 06:00:00,2024-09-08 06:00:00,DEV_003,10,53,44
DEV_003_2024-09-08 08:00:00,2024-09-08 08:00:00,DEV_003,47,53,74
DEV_003_2024-09-08 10:00:00,2024-09-08 10:00:00,DEV_003,46,13,37
DEV_003_2024-09-08 12:00:00,2024-09-08 12:00:00,DEV_003,24,2,86
DEV_003_2024-09-08 14:00:00,2024-09-08 14:00:00,DEV_003,81,14,10
DEV_003_2024-09-08 16:00:00,2024-09-08 16:00:00,DEV_003,35,25,3
DEV_003_2024-09-08 18:00:00,2024-09-08 18:00:00,DEV_003,17,12,54
DEV_003_2024-09-08 20:00:00,2024-09-08 20:00:00,DEV_003,24,29,43
DEV_003_2024-09-08 22:00:00,2024-09-08 22:00:00,DEV_003,25,60,90
DEV_003_2024-09-09 00:00:00,2024-09-09 00:00:00,DEV_003,65,84,28
DEV_003_2024-09-09 02:00:00,2024-09-09 02:00:00,DEV_003,16,47,81
DEV_003_2024-09-09 04:00:00,2024-09-09 04:00:00,DEV_003,92,58,76
DEV_003_2024-09-09 06:00:00,2024-09-09 06:00:00,DEV_003,27,53,42
DEV_003_2024-09-09 08:00:00,2024-09-09 08:00:00,DEV_003,59,47,94
DEV_003_2024-09-09 10:00:00,2024-09-09 10:00:00,DEV_003,34,37,6
DEV_003_2024-09-09 12:00:00,2024-09-09 12:00:00,DEV_003,7,96,96
DEV_003_2024-09-09 14:00:00,2024-09-09 14:00:00,DEV_003,25,33,55
DEV_003_2024-09-09 16:00:00,2024-09-09 16:00:00,DEV_003,58,7,57
DEV_003_2024-09-09 18:00:00,2024-09-09 18:00:00,DEV_003,12,16,80
DEV_003_2024-09-09 20:00:00,2024-09-09 20:00:00,DEV_003,43,77,7
DEV_003_2024-09-09 22:00:00,2024-09-09 22:00:00,DEV_003,51,73,32
DEV_003_2024-09-10 00:00:00,2024-09-10 00:00:00,DEV_003,75,8,97
DEV_003_2024-09-10 02:00:00,2024-09-10 02:00:00,DEV_003,87,89,72
DEV_003_2024-09-10 04:00:00,2024-09-10 04:00:00,DEV_003,45,86,59
DEV_003_2024-09-10 06:00:00,2024-09-10 06:00:00,DEV_003,4,67,29
DEV_003_2024-09-10 08:00:00,2024-09-10 08:00:00,DEV_003,29,98,98
DEV_003_2024-09-10 10:00:00,2024-09-10 10:00:00,DEV_003,28,77,79
DEV_003_2024-09-10 12:00:00,2024-09-10 12:00:00,DEV_003,87,44,90
DEV_003_2024-09-10 14:00:00,2024-09-10 14:00:00,DEV_003,4,90,9
DEV_003_2024-09-10 16:00:00,2024-09-10 16:00:00,DEV_003,5,56,96
DEV_003_2024-09-10 18:00:00,2024-09-10 18:00:00,DEV_003,84,50,75
DEV_003_2024-09-10 20:00:00,2024-09-10 20:00:00,DEV_003,15,32,28
DEV_003_2024-09-10 22:00:00,2024-09-10 22:00:00,DEV_003,22,17,59
DEV_003_2024-09-11 00:00:00,2024-09-11 00:00:00,DEV_003,90,71,57
DEV_003_2024-09-11 02:00:00,2024-09-11 02:00:00,DEV_003,26,25,10
DEV_003_2024-09-11 04:00:00,2024-09-11 04:00:00,DEV_003,45,83,11
DEV_003_2024-09-11 06:00:00,2024-09-11 06:00:00,DEV_003,77,53,72
DEV_003_2024-09-11 08:00:00,2024-09-11 08:00:00,DEV_003,68,95,28
DEV_003_2024-09-11 10:00:00,2024-09-11 10:00:00,DEV_003,75,65,49
DEV_003_2024-09-11 12:00:00,2024-09-11 12:00:00,DEV_003,47,52,88
DEV_003_2024-09-11 14:00:00,2024-09-11 14:00:00,DEV_003,54,60,57
DEV_003_2024-09-11 16:00:00,2024-09-11 16:00:00,DEV_003,47,31,46
DEV_003_2024-09-11 18:00:00,2024-09-11 18:00:00,DEV_003,26,5,84
DEV_003_2024-09-11 20:00:00,2024-09-11 20:00:00,DEV_003,52,75,54
DEV_003_2024-09-11 22:00:00,2024-09-11 22:00:00,DEV_003,33,50,38
DEV_003_2024-09-12 00:00:00,2024-09-12 00:00:00,DEV_003,27,98,15
DEV_003_2024-09-12 02:00:00,2024-09-12 02:00:00,DEV_003,96,61,21
DEV_003_2024-09-12 04:00:00,2024-09-12 04:00:00,DEV_003,46,69,6
DEV_003_2024-09-12 06:00:00,2024-09-12 06:00:00,DEV_003,38,62,86
DEV_003_2024-09-12 08:00:00,2024-09-12 08:00:00,DEV_003,62,82,78
DEV_003_2024-09-12 10:00:00,2024-09-12 10:00:00,DEV_003,74,46,13
DEV_003_2024-09-12 12:00:00,2024-09-12 12:00:00,DEV_003,95,94,3
DEV_003_2024-09-12 14:00:00,2024-09-12 14:00:00,DEV_003,94,6,93
DEV_003_2024-09-12 16:00:00,2024-09-12 16:00:00,DEV_003,8,44,33
DEV_003_2024-09-12 18:00:00,2024-09-12 18:00:00,DEV_003,81,75,77
DEV_003_2024-09-12 20:00:00,2024-09-12 20:00:00,DEV_003,50,11,95
DEV_003_2024-09-12 22:00:00,2024-09-12 22:00:00,DEV_003,28,70,41
DEV_003_2024-09-13 00:00:00,2024-09-13 00:00:00,DEV_003,16,68,99
DEV_003_2024-09-13 02:00:00,2024-09-13 02:00:00,DEV_003,48,56,64
DEV_003_2024-09-13 04:00:00,2024-09-13 04:00:00,DEV_003,59,90,62
DEV_003_2024-09-13 06:00:00,2024-09-13 06:00:00,DEV_003,76,11,89
DEV_003_2024-09-13 08:00:00,2024-09-13 08:00:00,DEV_003,18,19,87
DEV_003_2024-09-13 10:00:00,2024-09-13 10:00:00,DEV_003,55,82,26
DEV_003_2024-09-13 12:00:00,2024-09-13 12:00:00,DEV_003,6,4,29
DEV_003_2024-09-13 14:00:00,2024-09-13 14:00:00,DEV_003,59,98,17
DEV_003_2024-09-13 16:00:00,2024-09-13 16:00:00,DEV_003,43,80,66
DEV_003_2024-09-13 18:00:00,2024-09-13 18:00:00,DEV_003,34,8,13
DEV_003_2024-09-13 20:00:00,2024-09-13 20:00:00,DEV_003,8,94,96
DEV_003_2024-09-13 22:00:00,2024-09-13 22:00:00,DEV_003,94,65,43
DEV_003_2024-09-14 00:00:00,2024-09-14 00:00:00,DEV_003,39,81,59
DEV_003_2024-09-14 02:00:00,2024-09-14 02:00:00,DEV_003,84,88,86
DEV_003_2024-09-14 04:00:00,2024-09-14 04:00:00,DEV_003,93,86,44
DEV_003_2024-09-14 06:00:00,2024-09-14 06:00:00,DEV_003,9,37,74
DEV_003_2024-09-14 08:00:00,2024-09-14 08:00:00,DEV_003,36,92,28
DEV_003_2024-09-14 10:00:00,2024-09-14 10:00:00,DEV_003,42,43,85
DEV_003_2024-09-14 12:00:00,2024-09-14 12:00:00,DEV_003,88,42,66
DEV_003_2024-09-14 14:00:00,2024-09-14 14:00:00,DEV_003,55,72,48
DEV_003_2024-09-14 16:00:00,2024-09-14 16:00:00,DEV_003,91,22,27
DEV_003_2024-09-14 18:00:00,2024-09-14 18:00:00,DEV_003,93,67,13
DEV_003_2024-09-14 20:00:00,2024-09-14 20:00:00,DEV_003,45,10,9
DEV_003_2024-09-14 22:00:00,2024-09-14 22:00:00,DEV_003,54,27,34
DEV_003_2024-09-15 00:00:00,2024-09-15 00:00:00,DEV_003,1,32,89
DEV_003_2024-09-15 02:00:00,2024-09-15 02:00:00,DEV_003,93,71,67
DEV_003_2024-09-15 04:00:00,2024-09-15 04:00:00,DEV_003,84,20,94
DEV_003_2024-09-15 06:00:00,2024-09-15 06:00:00,DEV_003,35,99,91
DEV_003_2024-09-15 08:00:00,2024-09-15 08:00:00,DEV_003,90,78,17
DEV_003_2024-09-15 10:00:00,2024-09-15 10:00:00,DEV_003,18,45,93
DEV_003_2024-09-15 12:00:00,2024-09-15 12:00:00,DEV_003,84,53,91
DEV_003_2024-09-15 14:00:00,2024-09-15 14:00:00,DEV_003,82,68,65
DEV_003_2024-09-15 16:00:00,2024-09-15 16:00:00,DEV_003,1,58,26
DEV_003_2024-09-15 18:00:00,2024-09-15 18:00:00,DEV_003,20,87,10
DEV_003_2024-09-15 20:00:00,2024-09-15 20:00:00,DEV_003,59,75,41
DEV_003_2024-09-15 22:00:00,2024-09-15 22:00:00,DEV_003,5,65,17
DEV_003_2024-09-16 00:00:00,2024-09-16 00:00:00,DEV_003,22,98,41
DEV_003_2024-09-16 02:00:00,2024-09-16 02:00:00,DEV_003,93,68,69
DEV_003_2024-09-16 04:00:00,2024-09-16 04:00:00,DEV_003,11,56,51
DEV_003_2024-09-16 06:00:00,2024-09-16 06:00:00,DEV_003,21,99,76
DEV_003_2024-09-16 08:00:00,2024-09-16 08:00:00,DEV_003,26,19,60
DEV_003_2024-09-16 10:00:00,2024-09-16 10:00:00,DEV_003,71,47,71
DEV_003_2024-09-16 12:00:00,2024-09-16 12:00:00,DEV_003,26,40,5
DEV_003_2024-09-16 14:00:00,2024-09-16 14:00:00,DEV_003,21,78,4
DEV_003_2024-09-16 16:00:00,2024-09-16 16:00:00,DEV_003,23,84,15
DEV_003_2024-09-16 18:00:00,2024-09-16 18:00:00,DEV_003,93,8,41
DEV_003_2024-09-16 20:00:00,2024-09-16 20:00:00,DEV_003,19,46,28
DEV_003_2024-09-16 22:00:00,2024-09-16 22:00:00,DEV_003,91,68,15
DEV_003_2024-09-17 00:00:00,2024-09-17 00:00:00,DEV_003,99,37,1
DEV_003_2024-09-17 02:00:00,2024-09-17 02:00:00,DEV_003,67,24,27
DEV_003_2024-09-17 04:00:00,2024-09-17 04:00:00,DEV_003,40,63,61
DEV_003_2024-09-17 06:00:00,2024-09-17 06:00:00,DEV_003,36,98,93
DEV_003_2024-09-17 08:00:00,2024-09-17 08:00:00,DEV_003,24,24,4
DEV_003_2024-09-17 10:00:00,2024-09-17 10:00:00,DEV_003,67,34,57
DEV_003_2024-09-17 12:00:00,2024-09-17 12:00:00,DEV_003,49,87,53
DEV_003_2024-09-17 14:00:00,2024-09-17 14:00:00,DEV_003,23,69,95
DEV_003_2024-09-17 16:00:00,2024-09-17 16:00:00,DEV_003,53,62,41
DEV_003_2024-09-17 18:00:00,2024-09-17 18:00:00,DEV_003,57,60,54
DEV_003_2024-09-17 20:00:00,2024-09-17 20:00:00,DEV_003,70,57,10
DEV_003_2024-09-17 22:00:00,2024-09-17 22:00:00,DEV_003,40,7,38
DEV_003_2024-09-18 00:00:00,2024-09-18 00:00:00,DEV_003,85,61,84
DEV_003_2024-09-18 02:00:00,2024-09-18 02:00:00,DEV_003,3,51,86
DEV_003_2024-09-18 04:00:00,2024-09-18 04:00:00,DEV_003,47,68,92
DEV_003_2024-09-18 06:00:00,2024-09-18 06:00:00,DEV_003,76,38,36
DEV_003_2024-09-18 08:00:00,2024-09-18 08:00:00,DEV_003,41,69,13
DEV_003_2024-09-18 10:00:00,2024-09-18 10:00:00,DEV_003,87,58,50
DEV_003_2024-09-18 12:00:00,2024-09-18 12:00:00,DEV_003,30,62,25
DEV_003_2024-09-18 14:00:00,2024-09-18 14:00:00,DEV_003,27,51,78
DEV_003_2024-09-18 16:00:00,2024-09-18 16:00:00,DEV_003,57,47,39
DEV_003_2024-09-18 18:00:00,2024-09-18 18:00:00,DEV_003,16,22,85
DEV_003_2024-09-18 20:00:00,2024-09-18 20:00:00,DEV_003,54,21,72
DEV_003_2024-09-18 22:00:00,2024-09-18 22:00:00,DEV_003,16,59,31
DEV_003_2024-09-19 00:00:00,2024-09-19 00:00:00,DEV_003,42,74,32
DEV_003_2024-09-19 02:00:00,2024-09-19 02:00:00,DEV_003,59,34,9
DEV_003_2024-09-19 04:00:00,2024-09-19 04:00:00,DEV_003,81,11,96
DEV_003_2024-09-19 06:00:00,2024-09-19 06:00:00,DEV_003,10,86,17
DEV_003_2024-09-19 08:00:00,2024-09-19 08:00:00,DEV_003,68,48,52
DEV_003_2024-09-19 10:00:00,2024-09-19 10:00:00,DEV_003,25,21,65
DEV_003_2024-09-19 12:00:00,2024-09-19 12:00:00,DEV_003,63,89,51
DEV_003_2024-09-19 14:00:00,2024-09-19 14:00:00,DEV_003,36,81,88
DEV_003_2024-09-19 16:00:00,2024-09-19 16:00:00,DEV_003,66,15,96
DEV_003_2024-09-19 18:00:00,2024-09-19 18:00:00,DEV_003,39,70,1
DEV_003_2024-09-19 20:00:00,2024-09-19 20:00:00,DEV_003,23,39,57
DEV_003_2024-09-19 22:00:00,2024-09-19 22:00:00,DEV_003,81,34,41
DEV_003_2024-09-20 00:00:00,2024-09-20 00:00:00,DEV_003,93,73,13
DEV_003_2024-09-20 02:00:00,2024-09-20 02:00:00,DEV_003,70,6,84
DEV_003_2024-09-20 04:00:00,2024-09-20 04:00:00,DEV_003,52,3,81
DEV_003_2024-09-20 06:00:00,2024-09-20 06:00:00,DEV_003,63,49,76
DEV_003_2024-09-20 08:00:00,2024-09-20 08:00:00,DEV_003,47,55,64
DEV_003_2024-09-20 10:00:00,2024-09-20 10:00:00,DEV_003,65,81,67
DEV_003_2024-09-20 12:00:00,2024-09-20 12:00:00,DEV_003,90,15,32
DEV_003_2024-09-20 14:00:00,2024-09-20 14:00:00,DEV_003,96,68,18
DEV_003_2024-09-20 16:00:00,2024-09-20 16:00:00,DEV_003,83,43,35
DEV_003_2024-09-20 18:00:00,2024-09-20 18:00:00,DEV_003,78,58,33
DEV_003_2024-09-20 20:00:00,2024-09-20 20:00:00,DEV_003,14,34,61
DEV_003_2024-09-20 22:00:00,2024-09-20 22:00:00,DEV_003,4,88,59
DEV_003_2024-09-21 00:00:00,2024-09-21 00:00:00,DEV_003,29,83,6
DEV_003_2024-09-21 02:00:00,2024-09-21 02:00:00,DEV_003,97,49,40
DEV_003_2024-09-21 04:00:00,2024-09-21 04:00:00,DEV_003,83,65,69
DEV_003_2024-09-21 06:00:00,2024-09-21 06:00:00,DEV_003,27,80,6
DEV_003_2024-09-21 08:00:00,2024-09-21 08:00:00,DEV_003,13,64,62
DEV_003_2024-09-21 10:00:00,2024-09-21 10:00:00,DEV_003,99,19,76
DEV_003_2024-09-21 12:00:00,2024-09-21 12:00:00,DEV_003,80,43,74
DEV_003_2024-09-21 14:00:00,2024-09-21 14:00:00,DEV_003,89,20,95
DEV_003_2024-09-21 16:00:00,2024-09-21 16:00:00,DEV_003,68,44,23
DEV_003_2024-09-21 18:00:00,2024-09-21 18:00:00,DEV_003,2,22,57
DEV_003_2024-09-21 20:00:00,2024-09-21 20:00:00,DEV_003,72,7,78
DEV_003_2024-09-21 22:00:00,2024-09-21 22:00:00,DEV_003,56,67,16
DEV_003_2024-09-22 00:00:00,2024-09-22 00:00:00,DEV_003,83,51,82
DEV_003_2024-09-22 02:00:00,2024-09-22 02:00:00,DEV_003,80,72,97
DEV_003_2024-09-22 04:00:00,2024-09-22 04:00:00,DEV_003,12,53,75
DEV_003_2024-09-22 06:00:00,2024-09-22 06:00:00,DEV_003,5,27,12
DEV_003_2024-09-22 08:00:00,2024-09-22 08:00:00,DEV_003,17,6,97
DEV_003_2024-09-22 10:00:00,2024-09-22 10:00:00,DEV_003,5,57,28
DEV_003_2024-09-22 12:00:00,2024-09-22 12:00:00,DEV_003,78,69,59
DEV_003_2024-09-22 14:00:00,2024-09-22 14:00:00,DEV_003,33,62,50
DEV_003_2024-09-22 16:00:00,2024-09-22 16:00:00,DEV_003,19,86,69
DEV_003_2024-09-22 18:00:00,2024-09-22 18:00:00,DEV_003,66,94,47
DEV_003_2024-09-22 20:00:00,2024-09-22 20:00:00,DEV_003,39,68,33
DEV_003_2024-09-22 22:00:00,2024-09-22 22:00:00,DEV_003,13,84,54
DEV_003_2024-09-23 00:00:00,2024-09-23 00:00:00,DEV_003,7,79,87
DEV_003_2024-09-23 02:00:00,2024-09-23 02:00:00,DEV_003,14,87,19
DEV_003_2024-09-23 04:00:00,2024-09-23 04:00:00,DEV_003,54,93,20
DEV_003_2024-09-23 06:00:00,2024-09-23 06:00:00,DEV_003,29,24,82
DEV_003_2024-09-23 08:00:00,2024-09-23 08:00:00,DEV_003,63,74,57
DEV_003_2024-09-23 10:00:00,2024-09-23 10:00:00,DEV_003,8,90,62
DEV_003_2024-09-23 12:00:00,2024-09-23 12:00:00,DEV_003,29,74,17
DEV_003_2024-09-23 14:00:00,2024-09-23 14:00:00,DEV_003,66,6,58
DEV_003_2024-09-23 16:00:00,2024-09-23 16:00:00,DEV_003,69,28,62
DEV_003_2024-09-23 18:00:00,2024-09-23 18:00:00,DEV_003,41,69,82
DEV_003_2024-09-23 20:00:00,2024-09-23 20:00:00,DEV_003,90,84,41
DEV_003_2024-09-23 22:00:00,2024-09-23 22:00:00,DEV_003,49,91,49
DEV_003_2024-09-24 00:00:00,2024-09-24 00:00:00,DEV_003,76,71,3
DEV_003_2024-09-24 02:00:00,2024-09-24 02:00:00,DEV_003,10,98,89
DEV_003_2024-09-24 04:00:00,2024-09-24 04:00:00,DEV_003,35,80,2
DEV_003_2024-09-24 06:00:00,2024-09-24 06:00:00,DEV_003,24,74,38
DEV_003_2024-09-24 08:00:00,2024-09-24 08:00:00,DEV_003,22,26,43
DEV_003_2024-09-24 10:00:00,2024-09-24 10:00:00,DEV_003,55,39,91
DEV_003_2024-09-24 12:00:00,2024-09-24 12:00:00,DEV_003,29,20,91
DEV_003_2024-09-24 14:00:00,2024-09-24 14:00:00,DEV_003,41,54,20
DEV_003_2024-09-24 16:00:00,2024-09-24 16:00:00,DEV_003,19,84,99
DEV_003_2024-09-24 18:00:00,2024-09-24 18:00:00,DEV_003,66,30,53
DEV_003_2024-09-24 20:00:00,2024-09-24 20:00:00,DEV_003,34,22,67
DEV_003_2024-09-24 22:00:00,2024-09-24 22:00:00,DEV_003,6,79,27
DEV_003_2024-09-25 00:00:00,2024-09-25 00:00:00,DEV_003,10,73,97
DEV_003_2024-09-25 02:00:00,2024-09-25 02:00:00,DEV_003,96,48,70
DEV_003_2024-09-25 04:00:00,2024-09-25 04:00:00,DEV_003,59,59,2
DEV_003_2024-09-25 06:00:00,2024-09-25 06:00:00,DEV_003,29,68,65
DEV_003_2024-09-25 08:00:00,2024-09-25 08:00:00,DEV_003,83,26,89
DEV_003_2024-09-25 10:00:00,2024-09-25 10:00:00,DEV_003,10,53,79
DEV_003_2024-09-25 12:00:00,2024-09-25 12:00:00,DEV_003,59,22,51
DEV_003_2024-09-25 14:00:00,2024-09-25 14:00:00,DEV_003,48,21,22
DEV_003_2024-09-25 16:00:00,2024-09-25 16:00:00,DEV_003,98,30,25
DEV_003_2024-09-25 18:00:00,2024-09-25 18:00:00,DEV_003,28,65,45
DEV_003_2024-09-25 20:00:00,2024-09-25 20:00:00,DEV_003,68,7,49
DEV_003_2024-09-25 22:00:00,2024-09-25 22:00:00,DEV_003,9,36,83
DEV_003_2024-09-26 00:00:00,2024-09-26 00:00:00,DEV_003,1,10,36
DEV_003_2024-09-26 02:00:00,2024-09-26 02:00:00,DEV_003,73,46,32
DEV_003_2024-09-26 04:00:00,2024-09-26 04:00:00,DEV_003,32,6,48
DEV_003_2024-09-26 06:00:00,2024-09-26 06:00:00,DEV_003,38,17,74
DEV_003_2024-09-26 08:00:00,2024-09-26 08:00:00,DEV_003,27,54,50
DEV_003_2024-09-26 10:00:00,2024-09-26 10:00:00,DEV_003,35,85,25
DEV_003_2024-09-26 12:00:00,2024-09-26 12:00:00,DEV_003,28,15,4
DEV_003_2024-09-26 14:00:00,2024-09-26 14:00:00,DEV_003,93,73,27
DEV_003_2024-09-26 16:00:00,2024-09-26 16:00:00,DEV_003,26,19,92
DEV_003_2024-09-26 18:00:00,2024-09-26 18:00:00,DEV_003,17,43,41
DEV_003_2024-09-26 20:00:00,2024-09-26 20:00:00,DEV_003,42,50,84
DEV_003_2024-09-26 22:00:00,2024-09-26 22:00:00,DEV_003,40,39,23
DEV_003_2024-09-27 00:00:00,2024-09-27 00:00:00,DEV_003,96,52,47
DEV_003_2024-09-27 02:00:00,2024-09-27 02:00:00,DEV_003,63,97,69
DEV_003_2024-09-27 04:00:00,2024-09-27 04:00:00,DEV_003,43,48,34
DEV_003_2024-09-27 06:00:00,2024-09-27 06:00:00,DEV_003,40,75,61
DEV_003_2024-09-27 08:00:00,2024-09-27 08:00:00,DEV_003,50,67,62
DEV_003_2024-09-27 10:00:00,2024-09-27 10:00:00,DEV_003,58,33,75
DEV_003_2024-09-27 12:00:00,2024-09-27 12:00:00,DEV_003,16,82,94
DEV_003_2024-09-27 14:00:00,2024-09-27 14:00:00,DEV_003,48,10,82
DEV_003_2024-09-27 16:00:00,2024-09-27 16:00:00,DEV_003,38,19,36
DEV_003_2024-09-27 18:00:00,2024-09-27 18:00:00,DEV_003,59,63,77
DEV_003_2024-09-27 20:00:00,2024-09-27 20:00:00,DEV_003,46,3,74
DEV_003_2024-09-27 22:00:00,2024-09-27 22:00:00,DEV_003,65,91,8
DEV_003_2024-09-28 00:00:00,2024-09-28 00:00:00,DEV_003,51,81,73
DEV_003_2024-09-28 02:00:00,2024-09-28 02:00:00,DEV_003,6,89,39
DEV_003_2024-09-28 04:00:00,2024-09-28 04:00:00,DEV_003,60,28,97
DEV_003_2024-09-28 06:00:00,2024-09-28 06:00:00,DEV_003,54,37,9
DEV_003_2024-09-28 08:00:00,2024-09-28 08:00:00,DEV_003,82,56,59
DEV_003_2024-09-28 10:00:00,2024-09-28 10:00:00,DEV_003,85,2,61
DEV_003_2024-09-28 12:00:00,2024-09-28 12:00:00,DEV_003,58,60,40
DEV_003_2024-09-28 14:00:00,2024-09-28 14:00:00,DEV_003,36,37,79
DEV_003_2024-09-28 16:00:00,2024-09-28 16:00:00,DEV_003,92,18,98
DEV_003_2024-09-28 18:00:00,2024-09-28 18:00:00,DEV_003,63,22,11
DEV_003_2024-09-28 20:00:00,2024-09-28 20:00:00,DEV_003,58,57,77
DEV_003_2024-09-28 22:00:00,2024-09-28 22:00:00,DEV_003,4,86,7
DEV_003_2024-09-29 00:00:00,2024-09-29 00:00:00,DEV_003,61,54,88
DEV_003_2024-09-29 02:00:00,2024-09-29 02:00:00,DEV_003,68,92,79
DEV_003_2024-09-29 04:00:00,2024-09-29 04:00:00,DEV_003,1,55,3
DEV_003_2024-09-29 06:00:00,2024-09-29 06:00:00,DEV_003,78,38,1
DEV_003_2024-09-29 08:00:00,2024-09-29 08:00:00,DEV_003,38,85,29
DEV_003_2024-09-29 10:00:00,2024-09-29 10:00:00,DEV_003,5,74,92
DEV_003_2024-09-29 12:00:00,2024-09-29 12:00:00,DEV_003,21,71,67
DEV_003_2024-09-29 14:00:00,2024-09-29 14:00:00,DEV_003,47,84,83
DEV_003_2024-09-29 16:00:00,2024-09-29 16:00:00,DEV_003,35,68,69
DEV_003_2024-09-29 18:00:00,2024-09-29 18:00:00,DEV_003,1,68,12
DEV_003_2024-09-29 20:00:00,2024-09-29 20:00:00,DEV_003,60,27,56
DEV_003_2024-09-29 22:00:00,2024-09-29 22:00:00,DEV_003,23,25,21
DEV_003_2024-09-30 00:00:00,2024-09-30 00:00:00,DEV_003,61,63,52
DEV_003_2024-09-30 02:00:00,2024-09-30 02:00:00,DEV_003,88,25,55
DEV_003_2024-09-30 04:00:00,2024-09-30 04:00:00,DEV_003,46,32,55
DEV_003_2024-09-30 06:00:00,2024-09-30 06:00:00,DEV_003,96,5,36
DEV_003_2024-09-30 08:00:00,2024-09-30 08:00:00,DEV_003,49,58,39
DEV_003_2024-09-30 10:00:00,2024-09-30 10:00:00,DEV_003,80,97,85
DEV_003_2024-09-30 12:00:00,2024-09-30 12:00:00,DEV_003,61,9,6
DEV_003_2024-09-30 14:00:00,2024-09-30 14:00:00,DEV_003,35,39,22
DEV_003_2024-09-30 16:00:00,2024-09-30 16:00:00,DEV_003,41,5,42
DEV_003_2024-09-30 18:00:00,2024-09-30 18:00:00,DEV_003,87,81,76
DEV_003_2024-09-30 20:00:00,2024-09-30 20:00:00,DEV_003,87,80,67
DEV_003_2024-09-30 22:00:00,2024-09-30 22:00:00,DEV_003,30,57,86
DEV_003_2024-10-01 00:00:00,2024-10-01 00:00:00,DEV_003,73,29,37
DEV_003_2024-10-01 02:00:00,2024-10-01 02:00:00,DEV_003,87,13,32
DEV_003_2024-10-01 04:00:00,2024-10-01 04:00:00,DEV_003,46,23,45
DEV_003_2024-10-01 06:00:00,2024-10-01 06:00:00,DEV_003,17,85,66
DEV_003_2024-10-01 08:00:00,2024-10-01 08:00:00,DEV_003,6,18,94
DEV_003_2024-10-01 10:00:00,2024-10-01 10:00:00,DEV_003,22,33,30
DEV_003_2024-10-01 12:00:00,2024-10-01 12:00:00,DEV_003,81,32,42
DEV_003_2024-10-01 14:00:00,2024-10-01 14:00:00,DEV_003,78,10,36
DEV_003_2024-10-01 16:00:00,2024-10-01 16:00:00,DEV_003,34,73,28
DEV_003_2024-10-01 18:00:00,2024-10-01 18:00:00,DEV_003,11,78,39
DEV_003_2024-10-01 20:00:00,2024-10-01 20:00:00,DEV_003,47,19,15
DEV_003_2024-10-01 22:00:00,2024-10-01 22:00:00,DEV_003,28,24,72
DEV_003_2024-10-02 00:00:00,2024-10-02 00:00:00,DEV_003,9,47,33
DEV_003_2024-10-02 02:00:00,2024-10-02 02:00:00,DEV_003,62,97,19
DEV_003_2024-10-02 04:00:00,2024-10-02 04:00:00,DEV_003,67,74,40
DEV_003_2024-10-02 06:00:00,2024-10-02 06:00:00,DEV_003,47,65,29
DEV_003_2024-10-02 08:00:00,2024-10-02 08:00:00,DEV_003,50,98,13
DEV_003_2024-10-02 10:00:00,2024-10-02 10:00:00,DEV_003,1,34,93
DEV_003_2024-10-02 12:00:00,2024-10-02 12:00:00,DEV_003,48,77,48
DEV_003_2024-10-02 14:00:00,2024-10-02 14:00:00,DEV_003,49,64,61
DEV_003_2024-10-02 16:00:00,2024-10-02 16:00:00,DEV_003,29,39,88
DEV_003_2024-10-02 18:00:00,2024-10-02 18:00:00,DEV_003,26,17,71
DEV_003_2024-10-02 20:00:00,2024-10-02 20:00:00,DEV_003,13,69,26
DEV_003_2024-10-02 22:00:00,2024-10-02 22:00:00,DEV_003,49,67,7
DEV_003_2024-10-03 00:00:00,2024-10-03 00:00:00,DEV_003,58,49,53
DEV_003_2024-10-03 02:00:00,2024-10-03 02:00:00,DEV_003,65,62,17
DEV_003_2024-10-03 04:00:00,2024-10-03 04:00:00,DEV_003,43,25,3
DEV_003_2024-10-03 06:00:00,2024-10-03 06:00:00,DEV_003,79,29,32
DEV_003_2024-10-03 08:00:00,2024-10-03 08:00:00,DEV_003,26,16,25
DEV_003_2024-10-03 10:00:00,2024-10-03 10:00:00,DEV_003,54,28,73
DEV_003_2024-10-03 12:00:00,2024-10-03 12:00:00,DEV_003,56,65,93
DEV_003_2024-10-03 14:00:00,2024-10-03 14:00:00,DEV_003,86,80,41
DEV_003_2024-10-03 16:00:00,2024-10-03 16:00:00,DEV_003,51,71,78
DEV_003_2024-10-03 18:00:00,2024-10-03 18:00:00,DEV_003,29,83,19
DEV_003_2024-10-03 20:00:00,2024-10-03 20:00:00,DEV_003,66,41,45
DEV_003_2024-10-03 22:00:00,2024-10-03 22:00:00,DEV_003,15,3,11
DEV_003_2024-10-04 00:00:00,2024-10-04 00:00:00,DEV_003,53,46,30
DEV_003_2024-10-04 02:00:00,2024-10-04 02:00:00,DEV_003,57,18,51
DEV_003_2024-10-04 04:00:00,2024-10-04 04:00:00,DEV_003,48,66,96
DEV_003_2024-10-04 06:00:00,2024-10-04 06:00:00,DEV_003,8,22,6
DEV_003_2024-10-04 08:00:00,2024-10-04 08:00:00,DEV_003,76,57,36
DEV_003_2024-10-04 10:00:00,2024-10-04 10:00:00,DEV_003,79,92,57
DEV_003_2024-10-04 12:00:00,2024-10-04 12:00:00,DEV_003,49,45,82
DEV_003_2024-10-04 14:00:00,2024-10-04 14:00:00,DEV_003,66,77,45
DEV_003_2024-10-04 16:00:00,2024-10-04 16:00:00,DEV_003,79,20,64
DEV_003_2024-10-04 18:00:00,2024-10-04 18:00:00,DEV_003,93,93,67
DEV_003_2024-10-04 20:00:00,2024-10-04 20:00:00,DEV_003,83,3,54
DEV_003_2024-10-04 22:00:00,2024-10-04 22:00:00,DEV_003,78,64,40
DEV_003_2024-10-05 00:00:00,2024-10-05 00:00:00,DEV_003,59,55,62
DEV_003_2024-10-05 02:00:00,2024-10-05 02:00:00,DEV_003,4,60,75
DEV_003_2024-10-05 04:00:00,2024-10-05 04:00:00,DEV_003,95,96,91
DEV_003_2024-10-05 06:00:00,2024-10-05 06:00:00,DEV_003,30,2,62
DEV_003_2024-10-05 08:00:00,2024-10-05 08:00:00,DEV_003,49,9,92
DEV_003_2024-10-05 10:00:00,2024-10-05 10:00:00,DEV_003,31,98,61
DEV_003_2024-10-05 12:00:00,2024-10-05 12:00:00,DEV_003,79,48,25
DEV_003_2024-10-05 14:00:00,2024-10-05 14:00:00,DEV_003,36,8,73
DEV_003_2024-10-05 16:00:00,2024-10-05 16:00:00,DEV_003,58,45,62
DEV_003_2024-10-05 18:00:00,2024-10-05 18:00:00,DEV_003,39,96,58
DEV_003_2024-10-05 20:00:00,2024-10-05 20:00:00,DEV_003,81,99,83
DEV_003_2024-10-05 22:00:00,2024-10-05 22:00:00,DEV_003,64,44,29
DEV_003_2024-10-06 00:00:00,2024-10-06 00:00:00,DEV_003,59,71,92
DEV_003_2024-10-06 02:00:00,2024-10-06 02:00:00,DEV_003,9,92,6
DEV_003_2024-10-06 04:00:00,2024-10-06 04:00:00,DEV_003,29,58,17
DEV_003_2024-10-06 06:00:00,2024-10-06 06:00:00,DEV_003,16,87,95
DEV_003_2024-10-06 08:00:00,2024-10-06 08:00:00,DEV_003,3,21,64
DEV_003_2024-10-06 10:00:00,2024-10-06 10:00:00,DEV_003,90,36,86
DEV_003_2024-10-06 12:00:00,2024-10-06 12:00:00,DEV_003,62,42,76
DEV_003_2024-10-06 14:00:00,2024-10-06 14:00:00,DEV_003,42,61,13
DEV_003_2024-10-06 16:00:00,2024-10-06 16:00:00,DEV_003,11,54,16
DEV_003_2024-10-06 18:00:00,2024-10-06 18:00:00,DEV_003,8,59,57
DEV_003_2024-10-06 20:00:00,2024-10-06 20:00:00,DEV_003,40,59,2
DEV_003_2024-10-06 22:00:00,2024-10-06 22:00:00,DEV_003,94,94,76
DEV_003_2024-10-07 00:00:00,2024-10-07 00:00:00,DEV_003,10,44,11
DEV_003_2024-10-07 02:00:00,2024-10-07 02:00:00,DEV_003,79,80,81
DEV_003_2024-10-07 04:00:00,2024-10-07 04:00:00,DEV_003,90,2,50
DEV_003_2024-10-07 06:00:00,2024-10-07 06:00:00,DEV_003,12,90,23
DEV_003_2024-10-07 08:00:00,2024-10-07 08:00:00,DEV_003,18,62,96
DEV_003_2024-10-07 10:00:00,2024-10-07 10:00:00,DEV_003,62,38,67
DEV_003_2024-10-07 12:00:00,2024-10-07 12:00:00,DEV_003,38,67,94
DEV_003_2024-10-07 14:00:00,2024-10-07 14:00:00,DEV_003,61,1,94
DEV_003_2024-10-07 16:00:00,2024-10-07 16:00:00,DEV_003,45,96,28
DEV_003_2024-10-07 18:00:00,2024-10-07 18:00:00,DEV_003,21,13,27
DEV_003_2024-10-07 20:00:00,2024-10-07 20:00:00,DEV_003,7,22,74
DEV_003_2024-10-07 22:00:00,2024-10-07 22:00:00,DEV_003,53,79,79
DEV_003_2024-10-08 00:00:00,2024-10-08 00:00:00,DEV_003,4,96,23
DEV_003_2024-10-08 02:00:00,2024-10-08 02:00:00,DEV_003,70,88,84
DEV_003_2024-10-08 04:00:00,2024-10-08 04:00:00,DEV_003,84,76,33
DEV_003_2024-10-08 06:00:00,2024-10-08 06:00:00,DEV_003,28,8,1
DEV_003_2024-10-08 08:00:00,2024-10-08 08:00:00,DEV_003,37,63,22
DEV_003_2024-10-08 10:00:00,2024-10-08 10:00:00,DEV_003,70,21,96
DEV_003_2024-10-08 12:00:00,2024-10-08 12:00:00,DEV_003,35,79,5
DEV_003_2024-10-08 14:00:00,2024-10-08 14:00:00,DEV_003,60,46,50
DEV_003_2024-10-08 16:00:00,2024-10-08 16:00:00,DEV_003,48,6,89
DEV_003_2024-10-08 18:00:00,2024-10-08 18:00:00,DEV_003,56,59,29
DEV_003_2024-10-08 20:00:00,2024-10-08 20:00:00,DEV_003,71,77,18
DEV_003_2024-10-08 22:00:00,2024-10-08 22:00:00,DEV_003,2,8,75
DEV_003_2024-10-09 00:00:00,2024-10-09 00:00:00,DEV_003,97,54,38
DEV_003_2024-10-09 02:00:00,2024-10-09 02:00:00,DEV_003,48,27,20
DEV_003_2024-10-09 04:00:00,2024-10-09 04:00:00,DEV_003,12,43,61
DEV_003_2024-10-09 06:00:00,2024-10-09 06:00:00,DEV_003,31,91,96
DEV_003_2024-10-09 08:00:00,2024-10-09 08:00:00,DEV_003,61,74,67
DEV_003_2024-10-09 10:00:00,2024-10-09 10:00:00,DEV_003,91,35,95
DEV_003_2024-10-09 12:00:00,2024-10-09 12:00:00,DEV_003,15,16,13
DEV_003_2024-10-09 14:00:00,2024-10-09 14:00:00,DEV_003,35,75,59
DEV_003_2024-10-09 16:00:00,2024-10-09 16:00:00,DEV_003,21,54,75
DEV_003_2024-10-09 18:00:00,2024-10-09 18:00:00,DEV_003,30,48,35
DEV_003_2024-10-09 20:00:00,2024-10-09 20:00:00,DEV_003,86,38,31
DEV_003_2024-10-09 22:00:00,2024-10-09 22:00:00,DEV_003,78,24,49
DEV_003_2024-10-10 00:00:00,2024-10-10 00:00:00,DEV_003,96,32,55
DEV_003_2024-10-10 02:00:00,2024-10-10 02:00:00,DEV_003,79,58,99
DEV_003_2024-10-10 04:00:00,2024-10-10 04:00:00,DEV_003,3,80,69
DEV_003_2024-10-10 06:00:00,2024-10-10 06:00:00,DEV_003,85,10,83
DEV_003_2024-10-10 08:00:00,2024-10-10 08:00:00,DEV_003,25,68,61
DEV_003_2024-10-10 10:00:00,2024-10-10 10:00:00,DEV_003,29,19,43
DEV_003_2024-10-10 12:00:00,2024-10-10 12:00:00,DEV_003,66,74,61
DEV_003_2024-10-10 14:00:00,2024-10-10 14:00:00,DEV_003,43,25,20
DEV_003_2024-10-10 16:00:00,2024-10-10 16:00:00,DEV_003,48,83,87
DEV_003_2024-10-10 18:00:00,2024-10-10 18:00:00,DEV_003,24,11,98
DEV_003_2024-10-10 20:00:00,2024-10-10 20:00:00,DEV_003,55,28,69
DEV_003_2024-10-10 22:00:00,2024-10-10 22:00:00,DEV_003,63,59,5
DEV_003_2024-10-11 00:00:00,2024-10-11 00:00:00,DEV_003,51,21,12
DEV_003_2024-10-11 02:00:00,2024-10-11 02:00:00,DEV_003,50,4,42
DEV_003_2024-10-11 04:00:00,2024-10-11 04:00:00,DEV_003,84,38,25
DEV_003_2024-10-11 06:00:00,2024-10-11 06:00:00,DEV_003,14,75,32
DEV_003_2024-10-11 08:00:00,2024-10-11 08:00:00,DEV_003,11,61,18
DEV_003_2024-10-11 10:00:00,2024-10-11 10:00:00,DEV_003,27,55,54
DEV_003_2024-10-11 12:00:00,2024-10-11 12:00:00,DEV_003,82,87,75
DEV_003_2024-10-11 14:00:00,2024-10-11 14:00:00,DEV_003,21,44,5
DEV_003_2024-10-11 16:00:00,2024-10-11 16:00:00,DEV_003,87,41,59
DEV_003_2024-10-11 18:00:00,2024-10-11 18:00:00,DEV_003,89,54,74
DEV_003_2024-10-11 20:00:00,2024-10-11 20:00:00,DEV_003,22,83,65
DEV_003_2024-10-11 22:00:00,2024-10-11 22:00:00,DEV_003,64,71,4
DEV_003_2024-10-12 00:00:00,2024-10-12 00:00:00,DEV_003,65,15,76
DEV_003_2024-10-12 02:00:00,2024-10-12 02:00:00,DEV_003,22,86,47
DEV_003_2024-10-12 04:00:00,2024-10-12 04:00:00,DEV_003,81,93,46
DEV_003_2024-10-12 06:00:00,2024-10-12 06:00:00,DEV_003,14,50,20
DEV_003_2024-10-12 08:00:00,2024-10-12 08:00:00,DEV_003,50,33,59
DEV_003_2024-10-12 10:00:00,2024-10-12 10:00:00,DEV_003,43,79,12
DEV_003_2024-10-12 12:00:00,2024-10-12 12:00:00,DEV_003,40,20,94
DEV_003_2024-10-12 14:00:00,2024-10-12 14:00:00,DEV_003,38,3,28
DEV_003_2024-10-12 16:00:00,2024-10-12 16:00:00,DEV_003,56,90,94
DEV_003_2024-10-12 18:00:00,2024-10-12 18:00:00,DEV_003,13,77,66
DEV_003_2024-10-12 20:00:00,2024-10-12 20:00:00,DEV_003,37,49,66
DEV_003_2024-10-12 22:00:00,2024-10-12 22:00:00,DEV_003,36,54,26
DEV_003_2024-10-13 00:00:00,2024-10-13 00:00:00,DEV_003,75,72,40
DEV_003_2024-10-13 02:00:00,2024-10-13 02:00:00,DEV_003,43,22,20
DEV_003_2024-10-13 04:00:00,2024-10-13 04:00:00,DEV_003,8,29,40
DEV_003_2024-10-13 06:00:00,2024-10-13 06:00:00,DEV_003,90,30,81
DEV_003_2024-10-13 08:00:00,2024-10-13 08:00:00,DEV_003,84,55,16
DEV_003_2024-10-13 10:00:00,2024-10-13 10:00:00,DEV_003,46,62,7
DEV_003_2024-10-13 12:00:00,2024-10-13 12:00:00,DEV_003,80,45,59
DEV_003_2024-10-13 14:00:00,2024-10-13 14:00:00,DEV_003,56,48,27
DEV_003_2024-10-13 16:00:00,2024-10-13 16:00:00,DEV_003,53,87,88
DEV_003_2024-10-13 18:00:00,2024-10-13 18:00:00,DEV_003,73,35,51
DEV_003_2024-10-13 20:00:00,2024-10-13 20:00:00,DEV_003,84,37,81
DEV_003_2024-10-13 22:00:00,2024-10-13 22:00:00,DEV_003,95,57,8
DEV_003_2024-10-14 00:00:00,2024-10-14 00:00:00,DEV_003,79,95,94
DEV_003_2024-10-14 02:00:00,2024-10-14 02:00:00,DEV_003,20,53,12
DEV_003_2024-10-14 04:00:00,2024-10-14 04:00:00,DEV_003,49,17,64
DEV_003_2024-10-14 06:00:00,2024-10-14 06:00:00,DEV_003,42,94,29
DEV_003_2024-10-14 08:00:00,2024-10-14 08:00:00,DEV_003,19,11,98
DEV_003_2024-10-14 10:00:00,2024-10-14 10:00:00,DEV_003,50,71,58
DEV_003_2024-10-14 12:00:00,2024-10-14 12:00:00,DEV_003,34,20,50
DEV_003_2024-10-14 14:00:00,2024-10-14 14:00:00,DEV_003,88,10,32
DEV_003_2024-10-14 16:00:00,2024-10-14 16:00:00,DEV_003,52,15,84
DEV_003_2024-10-14 18:00:00,2024-10-14 18:00:00,DEV_003,3,37,40
DEV_003_2024-10-14 20:00:00,2024-10-14 20:00:00,DEV_003,72,40,56
DEV_003_2024-10-14 22:00:00,2024-10-14 22:00:00,DEV_003,23,11,64
DEV_003_2024-10-15 00:00:00,2024-10-15 00:00:00,DEV_003,8,93,94
DEV_003_2024-10-15 02:00:00,2024-10-15 02:00:00,DEV_003,56,60,10
DEV_003_2024-10-15 04:00:00,2024-10-15 04:00:00,DEV_003,39,28,49
DEV_003_2024-10-15 06:00:00,2024-10-15 06:00:00,DEV_003,36,13,96
DEV_003_2024-10-15 08:00:00,2024-10-15 08:00:00,DEV_003,36,26,86
DEV_003_2024-10-15 10:00:00,2024-10-15 10:00:00,DEV_003,4,95,82
DEV_003_2024-10-15 12:00:00,2024-10-15 12:00:00,DEV_003,64,38,88
DEV_003_2024-10-15 14:00:00,2024-10-15 14:00:00,DEV_003,87,22,2
DEV_003_2024-10-15 16:00:00,2024-10-15 16:00:00,DEV_003,31,11,92
DEV_003_2024-10-15 18:00:00,2024-10-15 18:00:00,DEV_003,46,96,62
DEV_003_2024-10-15 20:00:00,2024-10-15 20:00:00,DEV_003,69,64,10
DEV_003_2024-10-15 22:00:00,2024-10-15 22:00:00,DEV_003,40,24,99
DEV_003_2024-10-16 00:00:00,2024-10-16 00:00:00,DEV_003,44,60,62
DEV_003_2024-10-16 02:00:00,2024-10-16 02:00:00,DEV_003,87,17,65
DEV_003_2024-10-16 04:00:00,2024-10-16 04:00:00,DEV_003,95,95,57
DEV_003_2024-10-16 06:00:00,2024-10-16 06:00:00,DEV_003,55,53,56
DEV_003_2024-10-16 08:00:00,2024-10-16 08:00:00,DEV_003,98,9,22
DEV_003_2024-10-16 10:00:00,2024-10-16 10:00:00,DEV_003,13,89,48
DEV_003_2024-10-16 12:00:00,2024-10-16 12:00:00,DEV_003,18,76,40
DEV_003_2024-10-16 14:00:00,2024-10-16 14:00:00,DEV_003,17,15,15
DEV_003_2024-10-16 16:00:00,2024-10-16 16:00:00,DEV_003,79,63,39
DEV_003_2024-10-16 18:00:00,2024-10-16 18:00:00,DEV_003,13,81,32
DEV_003_2024-10-16 20:00:00,2024-10-16 20:00:00,DEV_003,9,40,20
DEV_003_2024-10-16 22:00:00,2024-10-16 22:00:00,DEV_003,90,91,85
DEV_003_2024-10-17 00:00:00,2024-10-17 00:00:00,DEV_003,82,77,80
DEV_003_2024-10-17 02:00:00,2024-10-17 02:00:00,DEV_003,73,63,76
DEV_003_2024-10-17 04:00:00,2024-10-17 04:00:00,DEV_003,44,38,83
DEV_003_2024-10-17 06:00:00,2024-10-17 06:00:00,DEV_003,60,71,99
DEV_003_2024-10-17 08:00:00,2024-10-17 08:00:00,DEV_003,48,18,16
DEV_003_2024-10-17 10:00:00,2024-10-17 10:00:00,DEV_003,55,39,68
DEV_003_2024-10-17 12:00:00,2024-10-17 12:00:00,DEV_003,59,89,96
DEV_003_2024-10-17 14:00:00,2024-10-17 14:00:00,DEV_003,62,13,81
DEV_003_2024-10-17 16:00:00,2024-10-17 16:00:00,DEV_003,6,83,77
DEV_003_2024-10-17 18:00:00,2024-10-17 18:00:00,DEV_003,60,90,14
DEV_003_2024-10-17 20:00:00,2024-10-17 20:00:00,DEV_003,95,54,4
DEV_003_2024-10-17 22:00:00,2024-10-17 22:00:00,DEV_003,39,72,25
DEV_003_2024-10-18 00:00:00,2024-10-18 00:00:00,DEV_003,77,32,59
DEV_003_2024-10-18 02:00:00,2024-10-18 02:00:00,DEV_003,63,38,92
DEV_003_2024-10-18 04:00:00,2024-10-18 04:00:00,DEV_003,53,94,67
DEV_003_2024-10-18 06:00:00,2024-10-18 06:00:00,DEV_003,28,3,98
DEV_003_2024-10-18 08:00:00,2024-10-18 08:00:00,DEV_003,80,22,96
DEV_003_2024-10-18 10:00:00,2024-10-18 10:00:00,DEV_003,38,72,72
DEV_003_2024-10-18 12:00:00,2024-10-18 12:00:00,DEV_003,62,57,6
DEV_003_2024-10-18 14:00:00,2024-10-18 14:00:00,DEV_003,78,32,99
DEV_003_2024-10-18 16:00:00,2024-10-18 16:00:00,DEV_003,10,3,59
DEV_003_2024-10-18 18:00:00,2024-10-18 18:00:00,DEV_003,76,49,59
DEV_003_2024-10-18 20:00:00,2024-10-18 20:00:00,DEV_003,31,93,69
DEV_003_2024-10-18 22:00:00,2024-10-18 22:00:00,DEV_003,62,52,89
DEV_003_2024-10-19 00:00:00,2024-10-19 00:00:00,DEV_003,41,31,85
DEV_003_2024-10-19 02:00:00,2024-10-19 02:00:00,DEV_003,84,22,4
DEV_003_2024-10-19 04:00:00,2024-10-19 04:00:00,DEV_003,13,45,42
DEV_003_2024-10-19 06:00:00,2024-10-19 06:00:00,DEV_003,49,20,77
DEV_003_2024-10-19 08:00:00,2024-10-19 08:00:00,DEV_003,81,54,36
DEV_003_2024-10-19 10:00:00,2024-10-19 10:00:00,DEV_003,97,1,15
DEV_003_2024-10-19 12:00:00,2024-10-19 12:00:00,DEV_003,77,17,24
DEV_003_2024-10-19 14:00:00,2024-10-19 14:00:00,DEV_003,58,72,91
DEV_003_2024-10-19 16:00:00,2024-10-19 16:00:00,DEV_003,23,46,72
DEV_003_2024-10-19 18:00:00,2024-10-19 18:00:00,DEV_003,8,59,90
DEV_003_2024-10-19 20:00:00,2024-10-19 20:00:00,DEV_003,59,13,39
DEV_003_2024-10-19 22:00:00,2024-10-19 22:00:00,DEV_003,28,89,61
DEV_003_2024-10-20 00:00:00,2024-10-20 00:00:00,DEV_003,16,2,82
DEV_003_2024-10-20 02:00:00,2024-10-20 02:00:00,DEV_003,17,30,13
DEV_003_2024-10-20 04:00:00,2024-10-20 04:00:00,DEV_003,96,93,94
DEV_003_2024-10-20 06:00:00,2024-10-20 06:00:00,DEV_003,82,13,43
DEV_003_2024-10-20 08:00:00,2024-10-20 08:00:00,DEV_003,85,94,21
DEV_003_2024-10-20 10:00:00,2024-10-20 10:00:00,DEV_003,55,81,40
DEV_003_2024-10-20 12:00:00,2024-10-20 12:00:00,DEV_003,83,15,73
DEV_003_2024-10-20 14:00:00,2024-10-20 14:00:00,DEV_003,52,74,95
DEV_003_2024-10-20 16:00:00,2024-10-20 16:00:00,DEV_003,53,87,52
DEV_003_2024-10-20 18:00:00,2024-10-20 18:00:00,DEV_003,30,33,57
DEV_003_2024-10-20 20:00:00,2024-10-20 20:00:00,DEV_003,52,9,54
DEV_003_2024-10-20 22:00:00,2024-10-20 22:00:00,DEV_003,1,44,99
DEV_003_2024-10-21 00:00:00,2024-10-21 00:00:00,DEV_003,75,98,80
DEV_003_2024-10-21 02:00:00,2024-10-21 02:00:00,DEV_003,9,32,15
DEV_003_2024-10-21 04:00:00,2024-10-21 04:00:00,DEV_003,12,97,78
DEV_003_2024-10-21 06:00:00,2024-10-21 06:00:00,DEV_003,57,8,72
DEV_003_2024-10-21 08:00:00,2024-10-21 08:00:00,DEV_003,27,62,12
DEV_003_2024-10-21 10:00:00,2024-10-21 10:00:00,DEV_003,65,42,62
DEV_003_2024-10-21 12:00:00,2024-10-21 12:00:00,DEV_003,11,43,95
DEV_003_2024-10-21 14:00:00,2024-10-21 14:00:00,DEV_003,17,97,32
DEV_003_2024-10-21 16:00:00,2024-10-21 16:00:00,DEV_003,93,85,85
DEV_003_2024-10-21 18:00:00,2024-10-21 18:00:00,DEV_003,40,23,56
DEV_003_2024-10-21 20:00:00,2024-10-21 20:00:00,DEV_003,6,86,50
DEV_003_2024-10-21 22:00:00,2024-10-21 22:00:00,DEV_003,37,64,54
DEV_003_2024-10-22 00:00:00,2024-10-22 00:00:00,DEV_003,72,49,99
DEV_003_2024-10-22 02:00:00,2024-10-22 02:00:00,DEV_003,11,88,49
DEV_003_2024-10-22 04:00:00,2024-10-22 04:00:00,DEV_003,21,66,63
DEV_003_2024-10-22 06:00:00,2024-10-22 06:00:00,DEV_003,83,28,17
DEV_003_2024-10-22 08:00:00,2024-10-22 08:00:00,DEV_003,6,19,56
DEV_003_2024-10-22 10:00:00,2024-10-22 10:00:00,DEV_003,28,66,38
DEV_003_2024-10-22 12:00:00,2024-10-22 12:00:00,DEV_003,37,68,86
DEV_003_2024-10-22 14:00:00,2024-10-22 14:00:00,DEV_003,90,49,43
DEV_003_2024-10-22 16:00:00,2024-10-22 16:00:00,DEV_003,36,58,13
DEV_003_2024-10-22 18:00:00,2024-10-22 18:00:00,DEV_003,52,58,32
DEV_003_2024-10-22 20:00:00,2024-10-22 20:00:00,DEV_003,81,60,83
DEV_003_2024-10-22 22:00:00,2024-10-22 22:00:00,DEV_003,58,99,56
DEV_003_2024-10-23 00:00:00,2024-10-23 00:00:00,DEV_003,28,1,42
DEV_003_2024-10-23 02:00:00,2024-10-23 02:00:00,DEV_003,82,48,40
DEV_003_2024-10-23 04:00:00,2024-10-23 04:00:00,DEV_003,97,63,76
DEV_003_2024-10-23 06:00:00,2024-10-23 06:00:00,DEV_003,72,88,80
DEV_003_2024-10-23 08:00:00,2024-10-23 08:00:00,DEV_003,4,38,27
DEV_003_2024-10-23 10:00:00,2024-10-23 10:00:00,DEV_003,9,16,56
DEV_003_2024-10-23 12:00:00,2024-10-23 12:00:00,DEV_003,76,31,88
DEV_003_2024-10-23 14:00:00,2024-10-23 14:00:00,DEV_003,14,25,34
DEV_003_2024-10-23 16:00:00,2024-10-23 16:00:00,DEV_003,67,24,73
DEV_003_2024-10-23 18:00:00,2024-10-23 18:00:00,DEV_003,26,20,64
DEV_003_2024-10-23 20:00:00,2024-10-23 20:00:00,DEV_003,10,83,67
DEV_003_2024-10-23 22:00:00,2024-10-23 22:00:00,DEV_003,24,5,67
DEV_003_2024-10-24 00:00:00,2024-10-24 00:00:00,DEV_003,58,27,80
DEV_003_2024-10-24 02:00:00,2024-10-24 02:00:00,DEV_003,15,35,76
DEV_003_2024-10-24 04:00:00,2024-10-24 04:00:00,DEV_003,53,44,26
DEV_003_2024-10-24 06:00:00,2024-10-24 06:00:00,DEV_003,47,34,87
DEV_003_2024-10-24 08:00:00,2024-10-24 08:00:00,DEV_003,95,50,84
DEV_003_2024-10-24 10:00:00,2024-10-24 10:00:00,DEV_003,12,87,4
DEV_003_2024-10-24 12:00:00,2024-10-24 12:00:00,DEV_003,87,48,55
DEV_003_2024-10-24 14:00:00,2024-10-24 14:00:00,DEV_003,1,89,66
DEV_003_2024-10-24 16:00:00,2024-10-24 16:00:00,DEV_003,30,3,21
DEV_003_2024-10-24 18:00:00,2024-10-24 18:00:00,DEV_003,89,84,49
DEV_003_2024-10-24 20:00:00,2024-10-24 20:00:00,DEV_003,86,85,62
DEV_003_2024-10-24 22:00:00,2024-10-24 22:00:00,DEV_003,97,38,15
DEV_003_2024-10-25 00:00:00,2024-10-25 00:00:00,DEV_003,52,79,46
DEV_003_2024-10-25 02:00:00,2024-10-25 02:00:00,DEV_003,25,21,88
DEV_003_2024-10-25 04:00:00,2024-10-25 04:00:00,DEV_003,5,70,47
DEV_003_2024-10-25 06:00:00,2024-10-25 06:00:00,DEV_003,87,68,91
DEV_003_2024-10-25 08:00:00,2024-10-25 08:00:00,DEV_003,18,21,92
DEV_003_2024-10-25 10:00:00,2024-10-25 10:00:00,DEV_003,99,86,23
DEV_003_2024-10-25 12:00:00,2024-10-25 12:00:00,DEV_003,64,67,40
DEV_003_2024-10-25 14:00:00,2024-10-25 14:00:00,DEV_003,10,89,52
DEV_003_2024-10-25 16:00:00,2024-10-25 16:00:00,DEV_003,72,75,61
DEV_003_2024-10-25 18:00:00,2024-10-25 18:00:00,DEV_003,64,5,53
DEV_003_2024-10-25 20:00:00,2024-10-25 20:00:00,DEV_003,55,37,56
DEV_003_2024-10-25 22:00:00,2024-10-25 22:00:00,DEV_003,59,93,69
DEV_003_2024-10-26 00:00:00,2024-10-26 00:00:00,DEV_003,73,59,2
DEV_003_2024-10-26 02:00:00,2024-10-26 02:00:00,DEV_003,65,60,51
DEV_003_2024-10-26 04:00:00,2024-10-26 04:00:00,DEV_003,30,11,92
DEV_003_2024-10-26 06:00:00,2024-10-26 06:00:00,DEV_003,76,39,90
DEV_003_2024-10-26 08:00:00,2024-10-26 08:00:00,DEV_003,77,72,63
DEV_003_2024-10-26 10:00:00,2024-10-26 10:00:00,DEV_003,64,61,54
DEV_003_2024-10-26 12:00:00,2024-10-26 12:00:00,DEV_003,92,94,73
DEV_003_2024-10-26 14:00:00,2024-10-26 14:00:00,DEV_003,95,58,85
DEV_003_2024-10-26 16:00:00,2024-10-26 16:00:00,DEV_003,56,34,31
DEV_003_2024-10-26 18:00:00,2024-10-26 18:00:00,DEV_003,52,89,76
DEV_003_2024-10-26 20:00:00,2024-10-26 20:00:00,DEV_003,1,55,22
DEV_003_2024-10-26 22:00:00,2024-10-26 22:00:00,DEV_003,40,1,65
DEV_003_2024-10-27 00:00:00,2024-10-27 00:00:00,DEV_003,63,54,42
DEV_003_2024-10-27 02:00:00,2024-10-27 02:00:00,DEV_003,21,79,81
DEV_003_2024-10-27 04:00:00,2024-10-27 04:00:00,DEV_003,22,38,99
DEV_003_2024-10-27 06:00:00,2024-10-27 06:00:00,DEV_003,80,8,62
DEV_003_2024-10-27 08:00:00,2024-10-27 08:00:00,DEV_003,47,17,17
DEV_003_2024-10-27 10:00:00,2024-10-27 10:00:00,DEV_003,90,13,17
DEV_003_2024-10-27 12:00:00,2024-10-27 12:00:00,DEV_003,38,81,78
DEV_003_2024-10-27 14:00:00,2024-10-27 14:00:00,DEV_003,45,6,35
DEV_003_2024-10-27 16:00:00,2024-10-27 16:00:00,DEV_003,14,72,61
DEV_003_2024-10-27 18:00:00,2024-10-27 18:00:00,DEV_003,15,54,27
DEV_003_2024-10-27 20:00:00,2024-10-27 20:00:00,DEV_003,13,31,35
DEV_003_2024-10-27 22:00:00,2024-10-27 22:00:00,DEV_003,60,6,69
DEV_003_2024-10-28 00:00:00,2024-10-28 00:00:00,DEV_003,86,58,49
DEV_003_2024-10-28 02:00:00,2024-10-28 02:00:00,DEV_003,23,89,34
DEV_003_2024-10-28 04:00:00,2024-10-28 04:00:00,DEV_003,26,47,5
DEV_003_2024-10-28 06:00:00,2024-10-28 06:00:00,DEV_003,90,20,6
DEV_003_2024-10-28 08:00:00,2024-10-28 08:00:00,DEV_003,70,59,64
DEV_003_2024-10-28 10:00:00,2024-10-28 10:00:00,DEV_003,18,4,17
DEV_003_2024-10-28 12:00:00,2024-10-28 12:00:00,DEV_003,14,78,13
DEV_003_2024-10-28 14:00:00,2024-10-28 14:00:00,DEV_003,7,44,15
DEV_003_2024-10-28 16:00:00,2024-10-28 16:00:00,DEV_003,19,63,35
DEV_003_2024-10-28 18:00:00,2024-10-28 18:00:00,DEV_003,81,35,19
DEV_003_2024-10-28 20:00:00,2024-10-28 20:00:00,DEV_003,20,35,32
DEV_003_2024-10-28 22:00:00,2024-10-28 22:00:00,DEV_003,48,44,24
DEV_003_2024-10-29 00:00:00,2024-10-29 00:00:00,DEV_003,61,17,71
DEV_003_2024-10-29 02:00:00,2024-10-29 02:00:00,DEV_003,50,65,99
DEV_003_2024-10-29 04:00:00,2024-10-29 04:00:00,DEV_003,32,36,13
DEV_003_2024-10-29 06:00:00,2024-10-29 06:00:00,DEV_003,70,58,14
DEV_003_2024-10-29 08:00:00,2024-10-29 08:00:00,DEV_003,37,79,68
DEV_003_2024-10-29 10:00:00,2024-10-29 10:00:00,DEV_003,40,59,80
DEV_003_2024-10-29 12:00:00,2024-10-29 12:00:00,DEV_003,92,16,62
DEV_003_2024-10-29 14:00:00,2024-10-29 14:00:00,DEV_003,4,45,90
DEV_003_2024-10-29 16:00:00,2024-10-29 16:00:00,DEV_003,28,96,66
DEV_003_2024-10-29 18:00:00,2024-10-29 18:00:00,DEV_003,31,3,8
DEV_003_2024-10-29 20:00:00,2024-10-29 20:00:00,DEV_003,24,15,43
DEV_003_2024-10-29 22:00:00,2024-10-29 22:00:00,DEV_003,31,73,45
DEV_003_2024-10-30 00:00:00,2024-10-30 00:00:00,DEV_003,66,8,71
DEV_003_2024-10-30 02:00:00,2024-10-30 02:00:00,DEV_003,57,80,99
DEV_003_2024-10-30 04:00:00,2024-10-30 04:00:00,DEV_003,30,74,18
DEV_003_2024-10-30 06:00:00,2024-10-30 06:00:00,DEV_003,69,93,39
DEV_003_2024-10-30 08:00:00,2024-10-30 08:00:00,DEV_003,60,98,43
DEV_003_2024-10-30 10:00:00,2024-10-30 10:00:00,DEV_003,45,23,69
DEV_003_2024-10-30 12:00:00,2024-10-30 12:00:00,DEV_003,94,6,56
DEV_003_2024-10-30 14:00:00,2024-10-30 14:00:00,DEV_003,4,93,23
DEV_003_2024-10-30 16:00:00,2024-10-30 16:00:00,DEV_003,6,32,18
DEV_003_2024-10-30 18:00:00,2024-10-30 18:00:00,DEV_003,15,40,96
DEV_003_2024-10-30 20:00:00,2024-10-30 20:00:00,DEV_003,73,74,84
DEV_003_2024-10-30 22:00:00,2024-10-30 22:00:00,DEV_003,6,63,67
DEV_003_2024-10-31 00:00:00,2024-10-31 00:00:00,DEV_003,11,43,17
DEV_003_2024-10-31 02:00:00,2024-10-31 02:00:00,DEV_003,96,4,63
DEV_003_2024-10-31 04:00:00,2024-10-31 04:00:00,DEV_003,68,81,41
DEV_003_2024-10-31 06:00:00,2024-10-31 06:00:00,DEV_003,83,5,32
DEV_003_2024-10-31 08:00:00,2024-10-31 08:00:00,DEV_003,86,70,35
DEV_003_2024-10-31 10:00:00,2024-10-31 10:00:00,DEV_003,22,65,84
DEV_003_2024-10-31 12:00:00,2024-10-31 12:00:00,DEV_003,22,11,77
DEV_003_2024-10-31 14:00:00,2024-10-31 14:00:00,DEV_003,3,9,60
DEV_003_2024-10-31 16:00:00,2024-10-31 16:00:00,DEV_003,76,87,14
DEV_003_2024-10-31 18:00:00,2024-10-31 18:00:00,DEV_003,97,18,73
DEV_003_2024-10-31 20:00:00,2024-10-31 20:00:00,DEV_003,23,74,83
DEV_003_2024-10-31 22:00:00,2024-10-31 22:00:00,DEV_003,47,69,47
DEV_003_2024-11-01 00:00:00,2024-11-01 00:00:00,DEV_003,87,30,25
DEV_003_2024-11-01 02:00:00,2024-11-01 02:00:00,DEV_003,28,98,25
DEV_003_2024-11-01 04:00:00,2024-11-01 04:00:00,DEV_003,74,78,58
DEV_003_2024-11-01 06:00:00,2024-11-01 06:00:00,DEV_003,94,41,25
DEV_003_2024-11-01 08:00:00,2024-11-01 08:00:00,DEV_003,78,99,48
DEV_003_2024-11-01 10:00:00,2024-11-01 10:00:00,DEV_003,98,10,99
DEV_003_2024-11-01 12:00:00,2024-11-01 12:00:00,DEV_003,75,11,85
DEV_003_2024-11-01 14:00:00,2024-11-01 14:00:00,DEV_003,21,86,45
DEV_003_2024-11-01 16:00:00,2024-11-01 16:00:00,DEV_003,7,81,64
DEV_003_2024-11-01 18:00:00,2024-11-01 18:00:00,DEV_003,64,2,76
DEV_003_2024-11-01 20:00:00,2024-11-01 20:00:00,DEV_003,42,82,54
DEV_003_2024-11-01 22:00:00,2024-11-01 22:00:00,DEV_003,75,16,18
DEV_003_2024-11-02 00:00:00,2024-11-02 00:00:00,DEV_003,99,59,90
DEV_003_2024-11-02 02:00:00,2024-11-02 02:00:00,DEV_003,16,6,57
DEV_003_2024-11-02 04:00:00,2024-11-02 04:00:00,DEV_003,47,48,42
DEV_003_2024-11-02 06:00:00,2024-11-02 06:00:00,DEV_003,76,60,77
DEV_003_2024-11-02 08:00:00,2024-11-02 08:00:00,DEV_003,4,2,90
DEV_003_2024-11-02 10:00:00,2024-11-02 10:00:00,DEV_003,59,27,27
DEV_003_2024-11-02 12:00:00,2024-11-02 12:00:00,DEV_003,79,72,7
DEV_003_2024-11-02 14:00:00,2024-11-02 14:00:00,DEV_003,63,46,63
DEV_003_2024-11-02 16:00:00,2024-11-02 16:00:00,DEV_003,12,13,43
DEV_003_2024-11-02 18:00:00,2024-11-02 18:00:00,DEV_003,17,63,81
DEV_003_2024-11-02 20:00:00,2024-11-02 20:00:00,DEV_003,36,85,8
DEV_003_2024-11-02 22:00:00,2024-11-02 22:00:00,DEV_003,69,90,80
DEV_003_2024-11-03 00:00:00,2024-11-03 00:00:00,DEV_003,36,28,93
DEV_003_2024-11-03 02:00:00,2024-11-03 02:00:00,DEV_003,47,76,30
DEV_003_2024-11-03 04:00:00,2024-11-03 04:00:00,DEV_003,23,16,14
DEV_003_2024-11-03 06:00:00,2024-11-03 06:00:00,DEV_003,74,71,52
DEV_003_2024-11-03 08:00:00,2024-11-03 08:00:00,DEV_003,37,29,67
DEV_003_2024-11-03 10:00:00,2024-11-03 10:00:00,DEV_003,15,47,46
DEV_003_2024-11-03 12:00:00,2024-11-03 12:00:00,DEV_003,52,19,77
DEV_003_2024-11-03 14:00:00,2024-11-03 14:00:00,DEV_003,21,64,37
DEV_003_2024-11-03 16:00:00,2024-11-03 16:00:00,DEV_003,27,55,29
DEV_003_2024-11-03 18:00:00,2024-11-03 18:00:00,DEV_003,20,25,70
DEV_003_2024-11-03 20:00:00,2024-11-03 20:00:00,DEV_003,63,36,2
DEV_003_2024-11-03 22:00:00,2024-11-03 22:00:00,DEV_003,22,96,16
DEV_003_2024-11-04 00:00:00,2024-11-04 00:00:00,DEV_003,18,69,54
DEV_003_2024-11-04 02:00:00,2024-11-04 02:00:00,DEV_003,30,45,19
DEV_003_2024-11-04 04:00:00,2024-11-04 04:00:00,DEV_003,87,34,13
DEV_003_2024-11-04 06:00:00,2024-11-04 06:00:00,DEV_003,43,62,93
DEV_003_2024-11-04 08:00:00,2024-11-04 08:00:00,DEV_003,22,52,52
DEV_003_2024-11-04 10:00:00,2024-11-04 10:00:00,DEV_003,36,73,19
DEV_003_2024-11-04 12:00:00,2024-11-04 12:00:00,DEV_003,38,70,79
DEV_003_2024-11-04 14:00:00,2024-11-04 14:00:00,DEV_003,57,20,9
DEV_003_2024-11-04 16:00:00,2024-11-04 16:00:00,DEV_003,32,4,50
DEV_003_2024-11-04 18:00:00,2024-11-04 18:00:00,DEV_003,82,5,20
DEV_003_2024-11-04 20:00:00,2024-11-04 20:00:00,DEV_003,87,75,37
DEV_003_2024-11-04 22:00:00,2024-11-04 22:00:00,DEV_003,22,58,68
DEV_003_2024-11-05 00:00:00,2024-11-05 00:00:00,DEV_003,93,44,34
DEV_003_2024-11-05 02:00:00,2024-11-05 02:00:00,DEV_003,77,42,9
DEV_003_2024-11-05 04:00:00,2024-11-05 04:00:00,DEV_003,95,7,68
DEV_003_2024-11-05 06:00:00,2024-11-05 06:00:00,DEV_003,19,94,31
DEV_003_2024-11-05 08:00:00,2024-11-05 08:00:00,DEV_003,35,57,85
DEV_003_2024-11-05 10:00:00,2024-11-05 10:00:00,DEV_003,61,31,83
DEV_003_2024-11-05 12:00:00,2024-11-05 12:00:00,DEV_003,95,53,32
DEV_003_2024-11-05 14:00:00,2024-11-05 14:00:00,DEV_003,66,59,10
DEV_003_2024-11-05 16:00:00,2024-11-05 16:00:00,DEV_003,2,66,60
DEV_003_2024-11-05 18:00:00,2024-11-05 18:00:00,DEV_003,88,17,96
DEV_003_2024-11-05 20:00:00,2024-11-05 20:00:00,DEV_003,16,16,46
DEV_003_2024-11-05 22:00:00,2024-11-05 22:00:00,DEV_003,39,31,88
DEV_003_2024-11-06 00:00:00,2024-11-06 00:00:00,DEV_003,1,11,85
DEV_003_2024-11-06 02:00:00,2024-11-06 02:00:00,DEV_003,4,71,26
DEV_003_2024-11-06 04:00:00,2024-11-06 04:00:00,DEV_003,50,12,95
DEV_003_2024-11-06 06:00:00,2024-11-06 06:00:00,DEV_003,81,97,75
DEV_003_2024-11-06 08:00:00,2024-11-06 08:00:00,DEV_003,92,96,65
DEV_003_2024-11-06 10:00:00,2024-11-06 10:00:00,DEV_003,47,92,53
DEV_003_2024-11-06 12:00:00,2024-11-06 12:00:00,DEV_003,71,2,24
DEV_003_2024-11-06 14:00:00,2024-11-06 14:00:00,DEV_003,4,19,26
DEV_003_2024-11-06 16:00:00,2024-11-06 16:00:00,DEV_003,75,40,50
DEV_003_2024-11-06 18:00:00,2024-11-06 18:00:00,DEV_003,43,75,67
DEV_003_2024-11-06 20:00:00,2024-11-06 20:00:00,DEV_003,12,67,27
DEV_003_2024-11-06 22:00:00,2024-11-06 22:00:00,DEV_003,54,66,49
DEV_003_2024-11-07 00:00:00,2024-11-07 00:00:00,DEV_003,16,2,60
DEV_003_2024-11-07 02:00:00,2024-11-07 02:00:00,DEV_003,54,30,84
DEV_003_2024-11-07 04:00:00,2024-11-07 04:00:00,DEV_003,38,28,25
DEV_003_2024-11-07 06:00:00,2024-11-07 06:00:00,DEV_003,96,10,60
DEV_003_2024-11-07 08:00:00,2024-11-07 08:00:00,DEV_003,42,40,97
DEV_003_2024-11-07 10:00:00,2024-11-07 10:00:00,DEV_003,77,42,47
DEV_003_2024-11-07 12:00:00,2024-11-07 12:00:00,DEV_003,37,80,22
DEV_003_2024-11-07 14:00:00,2024-11-07 14:00:00,DEV_003,57,84,27
DEV_003_2024-11-07 16:00:00,2024-11-07 16:00:00,DEV_003,41,80,34
DEV_003_2024-11-07 18:00:00,2024-11-07 18:00:00,DEV_003,32,90,89
DEV_003_2024-11-07 20:00:00,2024-11-07 20:00:00,DEV_003,66,12,40
DEV_003_2024-11-07 22:00:00,2024-11-07 22:00:00,DEV_003,73,76,90
DEV_003_2024-11-08 00:00:00,2024-11-08 00:00:00,DEV_003,73,10,96
DEV_003_2024-11-08 02:00:00,2024-11-08 02:00:00,DEV_003,98,48,20
DEV_003_2024-11-08 04:00:00,2024-11-08 04:00:00,DEV_003,39,60,66
DEV_003_2024-11-08 06:00:00,2024-11-08 06:00:00,DEV_003,65,51,36
DEV_003_2024-11-08 08:00:00,2024-11-08 08:00:00,DEV_003,24,27,2
DEV_003_2024-11-08 10:00:00,2024-11-08 10:00:00,DEV_003,31,57,78
DEV_003_2024-11-08 12:00:00,2024-11-08 12:00:00,DEV_003,66,29,15
DEV_003_2024-11-08 14:00:00,2024-11-08 14:00:00,DEV_003,12,28,84
DEV_003_2024-11-08 16:00:00,2024-11-08 16:00:00,DEV_003,24,21,10
DEV_003_2024-11-08 18:00:00,2024-11-08 18:00:00,DEV_003,78,18,88
DEV_003_2024-11-08 20:00:00,2024-11-08 20:00:00,DEV_003,14,34,58
DEV_003_2024-11-08 22:00:00,2024-11-08 22:00:00,DEV_003,76,22,70
DEV_003_2024-11-09 00:00:00,2024-11-09 00:00:00,DEV_003,36,45,36
DEV_003_2024-11-09 02:00:00,2024-11-09 02:00:00,DEV_003,22,78,80
DEV_003_2024-11-09 04:00:00,2024-11-09 04:00:00,DEV_003,61,56,89
DEV_003_2024-11-09 06:00:00,2024-11-09 06:00:00,DEV_003,96,33,45
DEV_003_2024-11-09 08:00:00,2024-11-09 08:00:00,DEV_003,36,20,18
DEV_003_2024-11-09 10:00:00,2024-11-09 10:00:00,DEV_003,38,67,23
DEV_003_2024-11-09 12:00:00,2024-11-09 12:00:00,DEV_003,96,16,59
DEV_003_2024-11-09 14:00:00,2024-11-09 14:00:00,DEV_003,69,68,21
DEV_003_2024-11-09 16:00:00,2024-11-09 16:00:00,DEV_003,78,95,78
DEV_003_2024-11-09 18:00:00,2024-11-09 18:00:00,DEV_003,70,12,16
DEV_003_2024-11-09 20:00:00,2024-11-09 20:00:00,DEV_003,81,87,14
DEV_003_2024-11-09 22:00:00,2024-11-09 22:00:00,DEV_003,61,71,46
DEV_003_2024-11-10 00:00:00,2024-11-10 00:00:00,DEV_003,32,15,44
DEV_003_2024-11-10 02:00:00,2024-11-10 02:00:00,DEV_003,17,41,54
DEV_003_2024-11-10 04:00:00,2024-11-10 04:00:00,DEV_003,44,98,5
DEV_003_2024-11-10 06:00:00,2024-11-10 06:00:00,DEV_003,27,87,78
DEV_003_2024-11-10 08:00:00,2024-11-10 08:00:00,DEV_003,79,43,97
DEV_003_2024-11-10 10:00:00,2024-11-10 10:00:00,DEV_003,31,99,17
DEV_003_2024-11-10 12:00:00,2024-11-10 12:00:00,DEV_003,92,83,54
DEV_003_2024-11-10 14:00:00,2024-11-10 14:00:00,DEV_003,62,87,32
DEV_003_2024-11-10 16:00:00,2024-11-10 16:00:00,DEV_003,40,13,84
DEV_003_2024-11-10 18:00:00,2024-11-10 18:00:00,DEV_003,35,5,73
DEV_003_2024-11-10 20:00:00,2024-11-10 20:00:00,DEV_003,29,70,25
DEV_003_2024-11-10 22:00:00,2024-11-10 22:00:00,DEV_003,95,22,66
DEV_003_2024-11-11 00:00:00,2024-11-11 00:00:00,DEV_003,45,69,91
DEV_003_2024-11-11 02:00:00,2024-11-11 02:00:00,DEV_003,89,72,1
DEV_003_2024-11-11 04:00:00,2024-11-11 04:00:00,DEV_003,84,44,87
DEV_003_2024-11-11 06:00:00,2024-11-11 06:00:00,DEV_003,96,75,39
DEV_003_2024-11-11 08:00:00,2024-11-11 08:00:00,DEV_003,54,88,75
DEV_003_2024-11-11 10:00:00,2024-11-11 10:00:00,DEV_003,29,54,90
DEV_003_2024-11-11 12:00:00,2024-11-11 12:00:00,DEV_003,16,99,20
DEV_003_2024-11-11 14:00:00,2024-11-11 14:00:00,DEV_003,46,67,65
DEV_003_2024-11-11 16:00:00,2024-11-11 16:00:00,DEV_003,58,53,1
DEV_003_2024-11-11 18:00:00,2024-11-11 18:00:00,DEV_003,81,66,29
DEV_003_2024-11-11 20:00:00,2024-11-11 20:00:00,DEV_003,84,70,8
DEV_003_2024-11-11 22:00:00,2024-11-11 22:00:00,DEV_003,29,51,33
DEV_003_2024-11-12 00:00:00,2024-11-12 00:00:00,DEV_003,3,60,35
DEV_003_2024-11-12 02:00:00,2024-11-12 02:00:00,DEV_003,69,91,76
DEV_003_2024-11-12 04:00:00,2024-11-12 04:00:00,DEV_003,84,20,73
DEV_003_2024-11-12 06:00:00,2024-11-12 06:00:00,DEV_003,39,4,19
DEV_003_2024-11-12 08:00:00,2024-11-12 08:00:00,DEV_003,91,45,43
DEV_003_2024-11-12 10:00:00,2024-11-12 10:00:00,DEV_003,13,13,60
DEV_003_2024-11-12 12:00:00,2024-11-12 12:00:00,DEV_003,57,86,92
DEV_003_2024-11-12 14:00:00,2024-11-12 14:00:00,DEV_003,52,53,86
DEV_003_2024-11-12 16:00:00,2024-11-12 16:00:00,DEV_003,43,83,72
DEV_003_2024-11-12 18:00:00,2024-11-12 18:00:00,DEV_003,72,42,90
DEV_003_2024-11-12 20:00:00,2024-11-12 20:00:00,DEV_003,26,23,43
DEV_003_2024-11-12 22:00:00,2024-11-12 22:00:00,DEV_003,77,28,9
DEV_003_2024-11-13 00:00:00,2024-11-13 00:00:00,DEV_003,20,56,83
DEV_003_2024-11-13 02:00:00,2024-11-13 02:00:00,DEV_003,39,51,12
DEV_003_2024-11-13 04:00:00,2024-11-13 04:00:00,DEV_003,79,95,55
DEV_003_2024-11-13 06:00:00,2024-11-13 06:00:00,DEV_003,78,11,26
DEV_003_2024-11-13 08:00:00,2024-11-13 08:00:00,DEV_003,42,27,11
DEV_003_2024-11-13 10:00:00,2024-11-13 10:00:00,DEV_003,38,98,43
DEV_003_2024-11-13 12:00:00,2024-11-13 12:00:00,DEV_003,19,64,6
DEV_003_2024-11-13 14:00:00,2024-11-13 14:00:00,DEV_003,46,42,92
DEV_003_2024-11-13 16:00:00,2024-11-13 16:00:00,DEV_003,65,99,72
DEV_003_2024-11-13 18:00:00,2024-11-13 18:00:00,DEV_003,59,52,47
DEV_003_2024-11-13 20:00:00,2024-11-13 20:00:00,DEV_003,7,11,61
DEV_003_2024-11-13 22:00:00,2024-11-13 22:00:00,DEV_003,68,25,12
DEV_003_2024-11-14 00:00:00,2024-11-14 00:00:00,DEV_003,26,12,43
DEV_003_2024-11-14 02:00:00,2024-11-14 02:00:00,DEV_003,51,37,46
DEV_003_2024-11-14 04:00:00,2024-11-14 04:00:00,DEV_003,53,88,80
DEV_003_2024-11-14 06:00:00,2024-11-14 06:00:00,DEV_003,13,89,54
DEV_003_2024-11-14 08:00:00,2024-11-14 08:00:00,DEV_003,57,4,75
DEV_003_2024-11-14 10:00:00,2024-11-14 10:00:00,DEV_003,96,49,7
DEV_003_2024-11-14 12:00:00,2024-11-14 12:00:00,DEV_003,11,92,54
DEV_003_2024-11-14 14:00:00,2024-11-14 14:00:00,DEV_003,87,45,23
DEV_003_2024-11-14 16:00:00,2024-11-14 16:00:00,DEV_003,28,57,26
DEV_003_2024-11-14 18:00:00,2024-11-14 18:00:00,DEV_003,25,54,29
DEV_003_2024-11-14 20:00:00,2024-11-14 20:00:00,DEV_003,83,97,36
DEV_003_2024-11-14 22:00:00,2024-11-14 22:00:00,DEV_003,14,78,35
DEV_003_2024-11-15 00:00:00,2024-11-15 00:00:00,DEV_003,30,92,17
DEV_003_2024-11-15 02:00:00,2024-11-15 02:00:00,DEV_003,67,80,30
DEV_003_2024-11-15 04:00:00,2024-11-15 04:00:00,DEV_003,93,45,79
DEV_003_2024-11-15 06:00:00,2024-11-15 06:00:00,DEV_003,89,51,47
DEV_003_2024-11-15 08:00:00,2024-11-15 08:00:00,DEV_003,53,64,38
DEV_003_2024-11-15 10:00:00,2024-11-15 10:00:00,DEV_003,64,87,89
DEV_003_2024-11-15 12:00:00,2024-11-15 12:00:00,DEV_003,7,22,81
DEV_003_2024-11-15 14:00:00,2024-11-15 14:00:00,DEV_003,82,41,74
DEV_003_2024-11-15 16:00:00,2024-11-15 16:00:00,DEV_003,10,57,7
DEV_003_2024-11-15 18:00:00,2024-11-15 18:00:00,DEV_003,50,91,52
DEV_003_2024-11-15 20:00:00,2024-11-15 20:00:00,DEV_003,33,1,53
DEV_003_2024-11-15 22:00:00,2024-11-15 22:00:00,DEV_003,60,34,4
DEV_003_2024-11-16 00:00:00,2024-11-16 00:00:00,DEV_003,17,4,43
DEV_003_2024-11-16 02:00:00,2024-11-16 02:00:00,DEV_003,90,4,1
DEV_003_2024-11-16 04:00:00,2024-11-16 04:00:00,DEV_003,71,94,50
DEV_003_2024-11-16 06:00:00,2024-11-16 06:00:00,DEV_003,73,61,35
DEV_003_2024-11-16 08:00:00,2024-11-16 08:00:00,DEV_003,8,24,83
DEV_003_2024-11-16 10:00:00,2024-11-16 10:00:00,DEV_003,36,50,43
DEV_003_2024-11-16 12:00:00,2024-11-16 12:00:00,DEV_003,27,32,78
DEV_003_2024-11-16 14:00:00,2024-11-16 14:00:00,DEV_003,18,28,29
DEV_003_2024-11-16 16:00:00,2024-11-16 16:00:00,DEV_003,16,99,47
DEV_003_2024-11-16 18:00:00,2024-11-16 18:00:00,DEV_003,59,31,4
DEV_003_2024-11-16 20:00:00,2024-11-16 20:00:00,DEV_003,37,17,39
DEV_003_2024-11-16 22:00:00,2024-11-16 22:00:00,DEV_003,48,46,90
DEV_003_2024-11-17 00:00:00,2024-11-17 00:00:00,DEV_003,48,39,4
DEV_003_2024-11-17 02:00:00,2024-11-17 02:00:00,DEV_003,30,30,22
DEV_003_2024-11-17 04:00:00,2024-11-17 04:00:00,DEV_003,75,66,12
DEV_003_2024-11-17 06:00:00,2024-11-17 06:00:00,DEV_003,94,36,18
DEV_003_2024-11-17 08:00:00,2024-11-17 08:00:00,DEV_003,90,53,71
DEV_003_2024-11-17 10:00:00,2024-11-17 10:00:00,DEV_003,1,58,90
DEV_003_2024-11-17 12:00:00,2024-11-17 12:00:00,DEV_003,87,90,6
DEV_003_2024-11-17 14:00:00,2024-11-17 14:00:00,DEV_003,70,44,72
DEV_003_2024-11-17 16:00:00,2024-11-17 16:00:00,DEV_003,24,86,19
DEV_003_2024-11-17 18:00:00,2024-11-17 18:00:00,DEV_003,18,95,30
DEV_003_2024-11-17 20:00:00,2024-11-17 20:00:00,DEV_003,42,33,74
DEV_003_2024-11-17 22:00:00,2024-11-17 22:00:00,DEV_003,12,94,27
DEV_003_2024-11-18 00:00:00,2024-11-18 00:00:00,DEV_003,39,9,21
DEV_003_2024-11-18 02:00:00,2024-11-18 02:00:00,DEV_003,76,29,33
DEV_003_2024-11-18 04:00:00,2024-11-18 04:00:00,DEV_003,62,15,2
DEV_003_2024-11-18 06:00:00,2024-11-18 06:00:00,DEV_003,52,44,54
DEV_003_2024-11-18 08:00:00,2024-11-18 08:00:00,DEV_003,18,3,7
DEV_003_2024-11-18 10:00:00,2024-11-18 10:00:00,DEV_003,43,82,38
DEV_003_2024-11-18 12:00:00,2024-11-18 12:00:00,DEV_003,37,58,33
DEV_003_2024-11-18 14:00:00,2024-11-18 14:00:00,DEV_003,59,95,11
DEV_003_2024-11-18 16:00:00,2024-11-18 16:00:00,DEV_003,68,82,68
DEV_003_2024-11-18 18:00:00,2024-11-18 18:00:00,DEV_003,98,93,88
DEV_003_2024-11-18 20:00:00,2024-11-18 20:00:00,DEV_003,22,66,44
DEV_003_2024-11-18 22:00:00,2024-11-18 22:00:00,DEV_003,6,42,25
DEV_003_2024-11-19 00:00:00,2024-11-19 00:00:00,DEV_003,57,85,55
DEV_003_2024-11-19 02:00:00,2024-11-19 02:00:00,DEV_003,16,95,14
DEV_003_2024-11-19 04:00:00,2024-11-19 04:00:00,DEV_003,39,28,96
DEV_003_2024-11-19 06:00:00,2024-11-19 06:00:00,DEV_003,92,51,49
DEV_003_2024-11-19 08:00:00,2024-11-19 08:00:00,DEV_003,9,58,45
DEV_003_2024-11-19 10:00:00,2024-11-19 10:00:00,DEV_003,22,32,69
DEV_003_2024-11-19 12:00:00,2024-11-19 12:00:00,DEV_003,87,69,42
DEV_003_2024-11-19 14:00:00,2024-11-19 14:00:00,DEV_003,53,96,59
DEV_003_2024-11-19 16:00:00,2024-11-19 16:00:00,DEV_003,74,39,15
DEV_003_2024-11-19 18:00:00,2024-11-19 18:00:00,DEV_003,71,29,3
DEV_003_2024-11-19 20:00:00,2024-11-19 20:00:00,DEV_003,83,10,92
DEV_003_2024-11-19 22:00:00,2024-11-19 22:00:00,DEV_003,29,79,35
DEV_003_2024-11-20 00:00:00,2024-11-20 00:00:00,DEV_003,6,12,38
DEV_003_2024-11-20 02:00:00,2024-11-20 02:00:00,DEV_003,77,93,19
DEV_003_2024-11-20 04:00:00,2024-11-20 04:00:00,DEV_003,67,8,8
DEV_003_2024-11-20 06:00:00,2024-11-20 06:00:00,DEV_003,84,47,4
DEV_003_2024-11-20 08:00:00,2024-11-20 08:00:00,DEV_003,51,85,67
DEV_003_2024-11-20 10:00:00,2024-11-20 10:00:00,DEV_003,45,8,87
DEV_003_2024-11-20 12:00:00,2024-11-20 12:00:00,DEV_003,16,77,67
DEV_003_2024-11-20 14:00:00,2024-11-20 14:00:00,DEV_003,9,60,78
DEV_003_2024-11-20 16:00:00,2024-11-20 16:00:00,DEV_003,77,71,15
DEV_003_2024-11-20 18:00:00,2024-11-20 18:00:00,DEV_003,71,98,41
DEV_003_2024-11-20 20:00:00,2024-11-20 20:00:00,DEV_003,22,24,44
DEV_003_2024-11-20 22:00:00,2024-11-20 22:00:00,DEV_003,1,10,80
DEV_003_2024-11-21 00:00:00,2024-11-21 00:00:00,DEV_003,72,56,89
DEV_003_2024-11-21 02:00:00,2024-11-21 02:00:00,DEV_003,50,12,89
DEV_003_2024-11-21 04:00:00,2024-11-21 04:00:00,DEV_003,81,60,26
DEV_003_2024-11-21 06:00:00,2024-11-21 06:00:00,DEV_003,78,41,36
DEV_003_2024-11-21 08:00:00,2024-11-21 08:00:00,DEV_003,23,43,6
DEV_003_2024-11-21 10:00:00,2024-11-21 10:00:00,DEV_003,69,43,25
DEV_003_2024-11-21 12:00:00,2024-11-21 12:00:00,DEV_003,18,62,13
DEV_003_2024-11-21 14:00:00,2024-11-21 14:00:00,DEV_003,43,78,28
DEV_003_2024-11-21 16:00:00,2024-11-21 16:00:00,DEV_003,18,59,60
DEV_003_2024-11-21 18:00:00,2024-11-21 18:00:00,DEV_003,63,57,92
DEV_003_2024-11-21 20:00:00,2024-11-21 20:00:00,DEV_003,51,56,27
DEV_003_2024-11-21 22:00:00,2024-11-21 22:00:00,DEV_003,32,9,96
DEV_003_2024-11-22 00:00:00,2024-11-22 00:00:00,DEV_003,84,92,97
DEV_003_2024-11-22 02:00:00,2024-11-22 02:00:00,DEV_003,68,46,98
DEV_003_2024-11-22 04:00:00,2024-11-22 04:00:00,DEV_003,67,26,8
DEV_003_2024-11-22 06:00:00,2024-11-22 06:00:00,DEV_003,6,80,24
DEV_003_2024-11-22 08:00:00,2024-11-22 08:00:00,DEV_003,48,94,45
DEV_003_2024-11-22 10:00:00,2024-11-22 10:00:00,DEV_003,13,69,25
DEV_003_2024-11-22 12:00:00,2024-11-22 12:00:00,DEV_003,20,82,82
DEV_003_2024-11-22 14:00:00,2024-11-22 14:00:00,DEV_003,66,74,45
DEV_003_2024-11-22 16:00:00,2024-11-22 16:00:00,DEV_003,47,63,76
DEV_003_2024-11-22 18:00:00,2024-11-22 18:00:00,DEV_003,77,55,75
DEV_003_2024-11-22 20:00:00,2024-11-22 20:00:00,DEV_003,19,35,53
DEV_003_2024-11-22 22:00:00,2024-11-22 22:00:00,DEV_003,26,14,45
DEV_003_2024-11-23 00:00:00,2024-11-23 00:00:00,DEV_003,44,88,65
DEV_003_2024-11-23 02:00:00,2024-11-23 02:00:00,DEV_003,51,43,86
DEV_003_2024-11-23 04:00:00,2024-11-23 04:00:00,DEV_003,23,56,19
DEV_003_2024-11-23 06:00:00,2024-11-23 06:00:00,DEV_003,82,76,55
DEV_003_2024-11-23 08:00:00,2024-11-23 08:00:00,DEV_003,92,92,60
DEV_003_2024-11-23 10:00:00,2024-11-23 10:00:00,DEV_003,59,33,19
DEV_003_2024-11-23 12:00:00,2024-11-23 12:00:00,DEV_003,28,52,49
DEV_003_2024-11-23 14:00:00,2024-11-23 14:00:00,DEV_003,37,26,99
DEV_003_2024-11-23 16:00:00,2024-11-23 16:00:00,DEV_003,98,99,40
DEV_003_2024-11-23 18:00:00,2024-11-23 18:00:00,DEV_003,80,38,77
DEV_003_2024-11-23 20:00:00,2024-11-23 20:00:00,DEV_003,87,54,22
DEV_003_2024-11-23 22:00:00,2024-11-23 22:00:00,DEV_003,16,28,35
DEV_003_2024-11-24 00:00:00,2024-11-24 00:00:00,DEV_003,60,45,46
DEV_003_2024-11-24 02:00:00,2024-11-24 02:00:00,DEV_003,72,55,86
DEV_003_2024-11-24 04:00:00,2024-11-24 04:00:00,DEV_003,85,26,85
DEV_003_2024-11-24 06:00:00,2024-11-24 06:00:00,DEV_003,25,65,6
DEV_003_2024-11-24 08:00:00,2024-11-24 08:00:00,DEV_003,23,64,87
DEV_003_2024-11-24 10:00:00,2024-11-24 10:00:00,DEV_003,43,23,96
DEV_003_2024-11-24 12:00:00,2024-11-24 12:00:00,DEV_003,30,77,18
DEV_003_2024-11-24 14:00:00,2024-11-24 14:00:00,DEV_003,87,79,97
DEV_003_2024-11-24 16:00:00,2024-11-24 16:00:00,DEV_003,21,57,23
DEV_003_2024-11-24 18:00:00,2024-11-24 18:00:00,DEV_003,91,45,44
DEV_003_2024-11-24 20:00:00,2024-11-24 20:00:00,DEV_003,82,88,47
DEV_003_2024-11-24 22:00:00,2024-11-24 22:00:00,DEV_003,40,51,42
DEV_003_2024-11-25 00:00:00,2024-11-25 00:00:00,DEV_003,7,50,48
DEV_003_2024-11-25 02:00:00,2024-11-25 02:00:00,DEV_003,84,91,6
DEV_003_2024-11-25 04:00:00,2024-11-25 04:00:00,DEV_003,91,9,57
DEV_003_2024-11-25 06:00:00,2024-11-25 06:00:00,DEV_003,31,21,90
DEV_003_2024-11-25 08:00:00,2024-11-25 08:00:00,DEV_003,40,45,77
DEV_003_2024-11-25 10:00:00,2024-11-25 10:00:00,DEV_003,49,87,20
DEV_003_2024-11-25 12:00:00,2024-11-25 12:00:00,DEV_003,92,17,28
DEV_003_2024-11-25 14:00:00,2024-11-25 14:00:00,DEV_003,41,66,25
DEV_003_2024-11-25 16:00:00,2024-11-25 16:00:00,DEV_003,58,41,6
DEV_003_2024-11-25 18:00:00,2024-11-25 18:00:00,DEV_003,75,38,6
DEV_003_2024-11-25 20:00:00,2024-11-25 20:00:00,DEV_003,45,75,14
DEV_003_2024-11-25 22:00:00,2024-11-25 22:00:00,DEV_003,66,40,3
DEV_003_2024-11-26 00:00:00,2024-11-26 00:00:00,DEV_003,99,97,24
DEV_003_2024-11-26 02:00:00,2024-11-26 02:00:00,DEV_003,19,18,64
DEV_003_2024-11-26 04:00:00,2024-11-26 04:00:00,DEV_003,88,35,62
DEV_003_2024-11-26 06:00:00,2024-11-26 06:00:00,DEV_003,1,25,45
DEV_003_2024-11-26 08:00:00,2024-11-26 08:00:00,DEV_003,49,98,89
DEV_003_2024-11-26 10:00:00,2024-11-26 10:00:00,DEV_003,16,98,93
DEV_003_2024-11-26 12:00:00,2024-11-26 12:00:00,DEV_003,19,23,83
DEV_003_2024-11-26 14:00:00,2024-11-26 14:00:00,DEV_003,25,16,54
DEV_003_2024-11-26 16:00:00,2024-11-26 16:00:00,DEV_003,73,1,42
DEV_003_2024-11-26 18:00:00,2024-11-26 18:00:00,DEV_003,19,97,34
DEV_003_2024-11-26 20:00:00,2024-11-26 20:00:00,DEV_003,80,55,18
DEV_003_2024-11-26 22:00:00,2024-11-26 22:00:00,DEV_003,34,89,45
DEV_003_2024-11-27 00:00:00,2024-11-27 00:00:00,DEV_003,6,21,70
DEV_003_2024-11-27 02:00:00,2024-11-27 02:00:00,DEV_003,96,48,39
DEV_003_2024-11-27 04:00:00,2024-11-27 04:00:00,DEV_003,31,10,30
DEV_003_2024-11-27 06:00:00,2024-11-27 06:00:00,DEV_003,18,60,88
DEV_003_2024-11-27 08:00:00,2024-11-27 08:00:00,DEV_003,73,95,15
DEV_003_2024-11-27 10:00:00,2024-11-27 10:00:00,DEV_003,4,63,40
DEV_003_2024-11-27 12:00:00,2024-11-27 12:00:00,DEV_003,9,9,26
DEV_003_2024-11-27 14:00:00,2024-11-27 14:00:00,DEV_003,4,81,16
DEV_003_2024-11-27 16:00:00,2024-11-27 16:00:00,DEV_003,15,99,52
DEV_003_2024-11-27 18:00:00,2024-11-27 18:00:00,DEV_003,69,5,20
DEV_003_2024-11-27 20:00:00,2024-11-27 20:00:00,DEV_003,79,18,2
DEV_003_2024-11-27 22:00:00,2024-11-27 22:00:00,DEV_003,93,13,4
DEV_003_2024-11-28 00:00:00,2024-11-28 00:00:00,DEV_003,42,74,61
DEV_003_2024-11-28 02:00:00,2024-11-28 02:00:00,DEV_003,95,8,67
DEV_003_2024-11-28 04:00:00,2024-11-28 04:00:00,DEV_003,63,9,94
DEV_003_2024-11-28 06:00:00,2024-11-28 06:00:00,DEV_003,11,99,42
DEV_003_2024-11-28 08:00:00,2024-11-28 08:00:00,DEV_003,13,36,13
DEV_003_2024-11-28 10:00:00,2024-11-28 10:00:00,DEV_003,12,37,74
DEV_003_2024-11-28 12:00:00,2024-11-28 12:00:00,DEV_003,73,52,71
DEV_003_2024-11-28 14:00:00,2024-11-28 14:00:00,DEV_003,2,56,60
DEV_003_2024-11-28 16:00:00,2024-11-28 16:00:00,DEV_003,23,40,64
DEV_003_2024-11-28 18:00:00,2024-11-28 18:00:00,DEV_003,85,23,29
DEV_003_2024-11-28 20:00:00,2024-11-28 20:00:00,DEV_003,78,90,51
DEV_003_2024-11-28 22:00:00,2024-11-28 22:00:00,DEV_003,69,95,89
DEV_003_2024-11-29 00:00:00,2024-11-29 00:00:00,DEV_003,31,50,20
DEV_003_2024-11-29 02:00:00,2024-11-29 02:00:00,DEV_003,55,81,2
DEV_003_2024-11-29 04:00:00,2024-11-29 04:00:00,DEV_003,25,13,92
DEV_003_2024-11-29 06:00:00,2024-11-29 06:00:00,DEV_003,70,67,58
DEV_003_2024-11-29 08:00:00,2024-11-29 08:00:00,DEV_003,99,82,75
DEV_003_2024-11-29 10:00:00,2024-11-29 10:00:00,DEV_003,84,64,69
DEV_003_2024-11-29 12:00:00,2024-11-29 12:00:00,DEV_003,83,86,59
DEV_003_2024-11-29 14:00:00,2024-11-29 14:00:00,DEV_003,60,83,62
DEV_003_2024-11-29 16:00:00,2024-11-29 16:00:00,DEV_003,16,88,68
DEV_003_2024-11-29 18:00:00,2024-11-29 18:00:00,DEV_003,15,89,55
DEV_003_2024-11-29 20:00:00,2024-11-29 20:00:00,DEV_003,35,55,14
DEV_003_2024-11-29 22:00:00,2024-11-29 22:00:00,DEV_003,49,83,7
DEV_003_2024-11-30 00:00:00,2024-11-30 00:00:00,DEV_003,30,83,49
DEV_003_2024-11-30 02:00:00,2024-11-30 02:00:00,DEV_003,89,16,51
DEV_003_2024-11-30 04:00:00,2024-11-30 04:00:00,DEV_003,72,82,92
DEV_003_2024-11-30 06:00:00,2024-11-30 06:00:00,DEV_003,80,83,42
DEV_003_2024-11-30 08:00:00,2024-11-30 08:00:00,DEV_003,17,63,45
DEV_003_2024-11-30 10:00:00,2024-11-30 10:00:00,DEV_003,77,7,27
DEV_003_2024-11-30 12:00:00,2024-11-30 12:00:00,DEV_003,10,34,36
DEV_003_2024-11-30 14:00:00,2024-11-30 14:00:00,DEV_003,25,6,24
DEV_003_2024-11-30 16:00:00,2024-11-30 16:00:00,DEV_003,18,87,6
DEV_003_2024-11-30 18:00:00,2024-11-30 18:00:00,DEV_003,29,25,55
DEV_003_2024-11-30 20:00:00,2024-11-30 20:00:00,DEV_003,81,46,24
DEV_003_2024-11-30 22:00:00,2024-11-30 22:00:00,DEV_003,75,26,98
DEV_003_2024-12-01 00:00:00,2024-12-01 00:00:00,DEV_003,28,3,75
DEV_003_2024-12-01 02:00:00,2024-12-01 02:00:00,DEV_003,38,61,78
DEV_003_2024-12-01 04:00:00,2024-12-01 04:00:00,DEV_003,51,90,48
DEV_003_2024-12-01 06:00:00,2024-12-01 06:00:00,DEV_003,21,54,56
DEV_003_2024-12-01 08:00:00,2024-12-01 08:00:00,DEV_003,94,59,72
DEV_003_2024-12-01 10:00:00,2024-12-01 10:00:00,DEV_003,51,20,96
DEV_003_2024-12-01 12:00:00,2024-12-01 12:00:00,DEV_003,86,59,71
DEV_003_2024-12-01 14:00:00,2024-12-01 14:00:00,DEV_003,9,1,29
DEV_003_2024-12-01 16:00:00,2024-12-01 16:00:00,DEV_003,63,72,56
DEV_003_2024-12-01 18:00:00,2024-12-01 18:00:00,DEV_003,68,35,3
DEV_003_2024-12-01 20:00:00,2024-12-01 20:00:00,DEV_003,7,27,1
DEV_003_2024-12-01 22:00:00,2024-12-01 22:00:00,DEV_003,91,80,71
DEV_003_2024-12-02 00:00:00,2024-12-02 00:00:00,DEV_003,44,87,41
DEV_003_2024-12-02 02:00:00,2024-12-02 02:00:00,DEV_003,75,42,33
DEV_003_2024-12-02 04:00:00,2024-12-02 04:00:00,DEV_003,50,63,37
DEV_003_2024-12-02 06:00:00,2024-12-02 06:00:00,DEV_003,59,81,99
DEV_003_2024-12-02 08:00:00,2024-12-02 08:00:00,DEV_003,48,5,48
DEV_003_2024-12-02 10:00:00,2024-12-02 10:00:00,DEV_003,96,3,47
DEV_003_2024-12-02 12:00:00,2024-12-02 12:00:00,DEV_003,62,99,14
DEV_003_2024-12-02 14:00:00,2024-12-02 14:00:00,DEV_003,63,61,31
DEV_003_2024-12-02 16:00:00,2024-12-02 16:00:00,DEV_003,95,17,24
DEV_003_2024-12-02 18:00:00,2024-12-02 18:00:00,DEV_003,23,82,50
DEV_003_2024-12-02 20:00:00,2024-12-02 20:00:00,DEV_003,78,79,79
DEV_003_2024-12-02 22:00:00,2024-12-02 22:00:00,DEV_003,70,27,15
DEV_003_2024-12-03 00:00:00,2024-12-03 00:00:00,DEV_003,50,36,8
DEV_003_2024-12-03 02:00:00,2024-12-03 02:00:00,DEV_003,79,3,62
DEV_003_2024-12-03 04:00:00,2024-12-03 04:00:00,DEV_003,47,77,98
DEV_003_2024-12-03 06:00:00,2024-12-03 06:00:00,DEV_003,88,96,61
DEV_003_2024-12-03 08:00:00,2024-12-03 08:00:00,DEV_003,32,94,13
DEV_003_2024-12-03 10:00:00,2024-12-03 10:00:00,DEV_003,1,34,62
DEV_003_2024-12-03 12:00:00,2024-12-03 12:00:00,DEV_003,79,78,93
DEV_003_2024-12-03 14:00:00,2024-12-03 14:00:00,DEV_003,98,82,71
DEV_003_2024-12-03 16:00:00,2024-12-03 16:00:00,DEV_003,93,31,64
DEV_003_2024-12-03 18:00:00,2024-12-03 18:00:00,DEV_003,25,38,14
DEV_003_2024-12-03 20:00:00,2024-12-03 20:00:00,DEV_003,8,91,54
DEV_003_2024-12-03 22:00:00,2024-12-03 22:00:00,DEV_003,2,81,78
DEV_003_2024-12-04 00:00:00,2024-12-04 00:00:00,DEV_003,89,56,94
DEV_003_2024-12-04 02:00:00,2024-12-04 02:00:00,DEV_003,93,84,85
DEV_003_2024-12-04 04:00:00,2024-12-04 04:00:00,DEV_003,61,22,35
DEV_003_2024-12-04 06:00:00,2024-12-04 06:00:00,DEV_003,16,50,43
DEV_003_2024-12-04 08:00:00,2024-12-04 08:00:00,DEV_003,17,80,58
DEV_003_2024-12-04 10:00:00,2024-12-04 10:00:00,DEV_003,2,4,85
DEV_003_2024-12-04 12:00:00,2024-12-04 12:00:00,DEV_003,39,98,94
DEV_003_2024-12-04 14:00:00,2024-12-04 14:00:00,DEV_003,6,81,89
DEV_003_2024-12-04 16:00:00,2024-12-04 16:00:00,DEV_003,69,69,20
DEV_003_2024-12-04 18:00:00,2024-12-04 18:00:00,DEV_003,64,16,51
DEV_003_2024-12-04 20:00:00,2024-12-04 20:00:00,DEV_003,37,73,69
DEV_003_2024-12-04 22:00:00,2024-12-04 22:00:00,DEV_003,42,57,66
DEV_003_2024-12-05 00:00:00,2024-12-05 00:00:00,DEV_003,9,86,64
DEV_003_2024-12-05 02:00:00,2024-12-05 02:00:00,DEV_003,86,22,34
DEV_003_2024-12-05 04:00:00,2024-12-05 04:00:00,DEV_003,55,29,38
DEV_003_2024-12-05 06:00:00,2024-12-05 06:00:00,DEV_003,97,18,71
DEV_003_2024-12-05 08:00:00,2024-12-05 08:00:00,DEV_003,65,97,1
DEV_003_2024-12-05 10:00:00,2024-12-05 10:00:00,DEV_003,88,4,4
DEV_003_2024-12-05 12:00:00,2024-12-05 12:00:00,DEV_003,82,27,43
DEV_003_2024-12-05 14:00:00,2024-12-05 14:00:00,DEV_003,59,32,33
DEV_003_2024-12-05 16:00:00,2024-12-05 16:00:00,DEV_003,28,55,60
DEV_003_2024-12-05 18:00:00,2024-12-05 18:00:00,DEV_003,70,62,80
DEV_003_2024-12-05 20:00:00,2024-12-05 20:00:00,DEV_003,34,87,88
DEV_003_2024-12-05 22:00:00,2024-12-05 22:00:00,DEV_003,56,13,56
DEV_003_2024-12-06 00:00:00,2024-12-06 00:00:00,DEV_003,18,54,77
DEV_003_2024-12-06 02:00:00,2024-12-06 02:00:00,DEV_003,43,39,61
DEV_003_2024-12-06 04:00:00,2024-12-06 04:00:00,DEV_003,42,81,79
DEV_003_2024-12-06 06:00:00,2024-12-06 06:00:00,DEV_003,18,23,54
DEV_003_2024-12-06 08:00:00,2024-12-06 08:00:00,DEV_003,30,98,58
DEV_003_2024-12-06 10:00:00,2024-12-06 10:00:00,DEV_003,68,67,71
DEV_003_2024-12-06 12:00:00,2024-12-06 12:00:00,DEV_003,18,7,40
DEV_003_2024-12-06 14:00:00,2024-12-06 14:00:00,DEV_003,70,86,65
DEV_003_2024-12-06 16:00:00,2024-12-06 16:00:00,DEV_003,68,49,52
DEV_003_2024-12-06 18:00:00,2024-12-06 18:00:00,DEV_003,29,21,90
DEV_003_2024-12-06 20:00:00,2024-12-06 20:00:00,DEV_003,78,9,47
DEV_003_2024-12-06 22:00:00,2024-12-06 22:00:00,DEV_003,76,42,51
DEV_003_2024-12-07 00:00:00,2024-12-07 00:00:00,DEV_003,56,51,70
DEV_003_2024-12-07 02:00:00,2024-12-07 02:00:00,DEV_003,20,88,27
DEV_003_2024-12-07 04:00:00,2024-12-07 04:00:00,DEV_003,38,72,65
DEV_003_2024-12-07 06:00:00,2024-12-07 06:00:00,DEV_003,54,24,47
DEV_003_2024-12-07 08:00:00,2024-12-07 08:00:00,DEV_003,71,83,86
DEV_003_2024-12-07 10:00:00,2024-12-07 10:00:00,DEV_003,63,57,55
DEV_003_2024-12-07 12:00:00,2024-12-07 12:00:00,DEV_003,60,99,62
DEV_003_2024-12-07 14:00:00,2024-12-07 14:00:00,DEV_003,30,93,22
DEV_003_2024-12-07 16:00:00,2024-12-07 16:00:00,DEV_003,75,84,29
DEV_003_2024-12-07 18:00:00,2024-12-07 18:00:00,DEV_003,41,42,98
DEV_003_2024-12-07 20:00:00,2024-12-07 20:00:00,DEV_003,65,31,30
DEV_003_2024-12-07 22:00:00,2024-12-07 22:00:00,DEV_003,18,17,38
DEV_003_2024-12-08 00:00:00,2024-12-08 00:00:00,DEV_003,14,87,89
DEV_003_2024-12-08 02:00:00,2024-12-08 02:00:00,DEV_003,79,56,22
DEV_003_2024-12-08 04:00:00,2024-12-08 04:00:00,DEV_003,67,56,19
DEV_003_2024-12-08 06:00:00,2024-12-08 06:00:00,DEV_003,57,44,98
DEV_003_2024-12-08 08:00:00,2024-12-08 08:00:00,DEV_003,35,1,52
DEV_003_2024-12-08 10:00:00,2024-12-08 10:00:00,DEV_003,85,93,70
DEV_003_2024-12-08 12:00:00,2024-12-08 12:00:00,DEV_003,37,65,51
DEV_003_2024-12-08 14:00:00,2024-12-08 14:00:00,DEV_003,1,91,21
DEV_003_2024-12-08 16:00:00,2024-12-08 16:00:00,DEV_003,53,16,61
DEV_003_2024-12-08 18:00:00,2024-12-08 18:00:00,DEV_003,54,40,26
DEV_003_2024-12-08 20:00:00,2024-12-08 20:00:00,DEV_003,80,92,65
DEV_003_2024-12-08 22:00:00,2024-12-08 22:00:00,DEV_003,74,64,43
DEV_003_2024-12-09 00:00:00,2024-12-09 00:00:00,DEV_003,17,59,23
DEV_003_2024-12-09 02:00:00,2024-12-09 02:00:00,DEV_003,7,44,53
DEV_003_2024-12-09 04:00:00,2024-12-09 04:00:00,DEV_003,71,79,34
DEV_003_2024-12-09 06:00:00,2024-12-09 06:00:00,DEV_003,46,68,78
DEV_003_2024-12-09 08:00:00,2024-12-09 08:00:00,DEV_003,78,16,71
DEV_003_2024-12-09 10:00:00,2024-12-09 10:00:00,DEV_003,96,19,2
DEV_003_2024-12-09 12:00:00,2024-12-09 12:00:00,DEV_003,10,50,81
DEV_003_2024-12-09 14:00:00,2024-12-09 14:00:00,DEV_003,12,70,22
DEV_003_2024-12-09 16:00:00,2024-12-09 16:00:00,DEV_003,32,84,1
DEV_003_2024-12-09 18:00:00,2024-12-09 18:00:00,DEV_003,54,58,70
DEV_003_2024-12-09 20:00:00,2024-12-09 20:00:00,DEV_003,83,18,6
DEV_003_2024-12-09 22:00:00,2024-12-09 22:00:00,DEV_003,45,97,23
DEV_003_2024-12-10 00:00:00,2024-12-10 00:00:00,DEV_003,23,26,77
DEV_003_2024-12-10 02:00:00,2024-12-10 02:00:00,DEV_003,7,79,44
DEV_003_2024-12-10 04:00:00,2024-12-10 04:00:00,DEV_003,27,26,97
DEV_003_2024-12-10 06:00:00,2024-12-10 06:00:00,DEV_003,79,36,55
DEV_003_2024-12-10 08:00:00,2024-12-10 08:00:00,DEV_003,64,91,57
DEV_003_2024-12-10 10:00:00,2024-12-10 10:00:00,DEV_003,69,61,2
DEV_003_2024-12-10 12:00:00,2024-12-10 12:00:00,DEV_003,55,97,80
DEV_003_2024-12-10 14:00:00,2024-12-10 14:00:00,DEV_003,87,38,80
DEV_003_2024-12-10 16:00:00,2024-12-10 16:00:00,DEV_003,78,29,26
DEV_003_2024-12-10 18:00:00,2024-12-10 18:00:00,DEV_003,35,79,67
DEV_003_2024-12-10 20:00:00,2024-12-10 20:00:00,DEV_003,87,29,34
DEV_003_2024-12-10 22:00:00,2024-12-10 22:00:00,DEV_003,97,41,41
DEV_003_2024-12-11 00:00:00,2024-12-11 00:00:00,DEV_003,23,71,3
DEV_003_2024-12-11 02:00:00,2024-12-11 02:00:00,DEV_003,58,32,31
DEV_003_2024-12-11 04:00:00,2024-12-11 04:00:00,DEV_003,82,43,7
DEV_003_2024-12-11 06:00:00,2024-12-11 06:00:00,DEV_003,1,61,14
DEV_003_2024-12-11 08:00:00,2024-12-11 08:00:00,DEV_003,52,96,6
DEV_003_2024-12-11 10:00:00,2024-12-11 10:00:00,DEV_003,10,71,90
DEV_003_2024-12-11 12:00:00,2024-12-11 12:00:00,DEV_003,98,30,21
DEV_003_2024-12-11 14:00:00,2024-12-11 14:00:00,DEV_003,60,81,97
DEV_003_2024-12-11 16:00:00,2024-12-11 16:00:00,DEV_003,74,63,42
DEV_003_2024-12-11 18:00:00,2024-12-11 18:00:00,DEV_003,51,64,76
DEV_003_2024-12-11 20:00:00,2024-12-11 20:00:00,DEV_003,56,80,41
DEV_003_2024-12-11 22:00:00,2024-12-11 22:00:00,DEV_003,32,15,62
DEV_003_2024-12-12 00:00:00,2024-12-12 00:00:00,DEV_003,27,28,81
DEV_003_2024-12-12 02:00:00,2024-12-12 02:00:00,DEV_003,64,59,58
DEV_003_2024-12-12 04:00:00,2024-12-12 04:00:00,DEV_003,2,36,71
DEV_003_2024-12-12 06:00:00,2024-12-12 06:00:00,DEV_003,13,15,89
DEV_003_2024-12-12 08:00:00,2024-12-12 08:00:00,DEV_003,87,60,22
DEV_003_2024-12-12 10:00:00,2024-12-12 10:00:00,DEV_003,63,90,97
DEV_003_2024-12-12 12:00:00,2024-12-12 12:00:00,DEV_003,75,74,25
DEV_003_2024-12-12 14:00:00,2024-12-12 14:00:00,DEV_003,48,43,38
DEV_003_2024-12-12 16:00:00,2024-12-12 16:00:00,DEV_003,41,45,88
DEV_003_2024-12-12 18:00:00,2024-12-12 18:00:00,DEV_003,40,97,17
DEV_003_2024-12-12 20:00:00,2024-12-12 20:00:00,DEV_003,88,57,2
DEV_003_2024-12-12 22:00:00,2024-12-12 22:00:00,DEV_003,96,62,88
DEV_003_2024-12-13 00:00:00,2024-12-13 00:00:00,DEV_003,9,68,81
DEV_003_2024-12-13 02:00:00,2024-12-13 02:00:00,DEV_003,17,50,94
DEV_003_2024-12-13 04:00:00,2024-12-13 04:00:00,DEV_003,40,58,75
DEV_003_2024-12-13 06:00:00,2024-12-13 06:00:00,DEV_003,85,21,18
DEV_003_2024-12-13 08:00:00,2024-12-13 08:00:00,DEV_003,55,29,24
DEV_003_2024-12-13 10:00:00,2024-12-13 10:00:00,DEV_003,74,17,18
DEV_003_2024-12-13 12:00:00,2024-12-13 12:00:00,DEV_003,42,84,45
DEV_003_2024-12-13 14:00:00,2024-12-13 14:00:00,DEV_003,82,17,73
DEV_003_2024-12-13 16:00:00,2024-12-13 16:00:00,DEV_003,14,49,29
DEV_003_2024-12-13 18:00:00,2024-12-13 18:00:00,DEV_003,95,4,82
DEV_003_2024-12-13 20:00:00,2024-12-13 20:00:00,DEV_003,20,47,9
DEV_003_2024-12-13 22:00:00,2024-12-13 22:00:00,DEV_003,77,79,27
DEV_003_2024-12-14 00:00:00,2024-12-14 00:00:00,DEV_003,15,92,19
DEV_003_2024-12-14 02:00:00,2024-12-14 02:00:00,DEV_003,90,52,26
DEV_003_2024-12-14 04:00:00,2024-12-14 04:00:00,DEV_003,89,26,26
DEV_003_2024-12-14 06:00:00,2024-12-14 06:00:00,DEV_003,46,92,49
DEV_003_2024-12-14 08:00:00,2024-12-14 08:00:00,DEV_003,82,96,53
DEV_003_2024-12-14 10:00:00,2024-12-14 10:00:00,DEV_003,3,66,97
DEV_003_2024-12-14 12:00:00,2024-12-14 12:00:00,DEV_003,42,19,17
DEV_003_2024-12-14 14:00:00,2024-12-14 14:00:00,DEV_003,33,76,49
DEV_003_2024-12-14 16:00:00,2024-12-14 16:00:00,DEV_003,56,63,3
DEV_003_2024-12-14 18:00:00,2024-12-14 18:00:00,DEV_003,49,55,26
DEV_003_2024-12-14 20:00:00,2024-12-14 20:00:00,DEV_003,99,72,52
DEV_003_2024-12-14 22:00:00,2024-12-14 22:00:00,DEV_003,7,46,46
DEV_003_2024-12-15 00:00:00,2024-12-15 00:00:00,DEV_003,16,24,61
DEV_003_2024-12-15 02:00:00,2024-12-15 02:00:00,DEV_003,54,62,1
DEV_003_2024-12-15 04:00:00,2024-12-15 04:00:00,DEV_003,49,25,10
DEV_003_2024-12-15 06:00:00,2024-12-15 06:00:00,DEV_003,80,16,58
DEV_003_2024-12-15 08:00:00,2024-12-15 08:00:00,DEV_003,72,29,92
DEV_003_2024-12-15 10:00:00,2024-12-15 10:00:00,DEV_003,6,16,20
DEV_003_2024-12-15 12:00:00,2024-12-15 12:00:00,DEV_003,80,71,78
DEV_003_2024-12-15 14:00:00,2024-12-15 14:00:00,DEV_003,43,26,90
DEV_003_2024-12-15 16:00:00,2024-12-15 16:00:00,DEV_003,78,71,33
DEV_003_2024-12-15 18:00:00,2024-12-15 18:00:00,DEV_003,26,45,84
DEV_003_2024-12-15 20:00:00,2024-12-15 20:00:00,DEV_003,63,67,52
DEV_003_2024-12-15 22:00:00,2024-12-15 22:00:00,DEV_003,68,26,75
DEV_003_2024-12-16 00:00:00,2024-12-16 00:00:00,DEV_003,2,14,30
DEV_003_2024-12-16 02:00:00,2024-12-16 02:00:00,DEV_003,49,12,90
DEV_003_2024-12-16 04:00:00,2024-12-16 04:00:00,DEV_003,44,33,13
DEV_003_2024-12-16 06:00:00,2024-12-16 06:00:00,DEV_003,78,88,98
DEV_003_2024-12-16 08:00:00,2024-12-16 08:00:00,DEV_003,26,21,28
DEV_003_2024-12-16 10:00:00,2024-12-16 10:00:00,DEV_003,48,40,66
DEV_003_2024-12-16 12:00:00,2024-12-16 12:00:00,DEV_003,73,87,79
DEV_003_2024-12-16 14:00:00,2024-12-16 14:00:00,DEV_003,77,23,81
DEV_003_2024-12-16 16:00:00,2024-12-16 16:00:00,DEV_003,48,2,84
DEV_003_2024-12-16 18:00:00,2024-12-16 18:00:00,DEV_003,20,59,46
DEV_003_2024-12-16 20:00:00,2024-12-16 20:00:00,DEV_003,3,55,12
DEV_003_2024-12-16 22:00:00,2024-12-16 22:00:00,DEV_003,40,66,78
DEV_003_2024-12-17 00:00:00,2024-12-17 00:00:00,DEV_003,16,83,34
DEV_003_2024-12-17 02:00:00,2024-12-17 02:00:00,DEV_003,44,6,77
DEV_003_2024-12-17 04:00:00,2024-12-17 04:00:00,DEV_003,64,22,18
DEV_003_2024-12-17 06:00:00,2024-12-17 06:00:00,DEV_003,12,52,94
DEV_003_2024-12-17 08:00:00,2024-12-17 08:00:00,DEV_003,51,71,96
DEV_003_2024-12-17 10:00:00,2024-12-17 10:00:00,DEV_003,48,19,6
DEV_003_2024-12-17 12:00:00,2024-12-17 12:00:00,DEV_003,84,27,53
DEV_003_2024-12-17 14:00:00,2024-12-17 14:00:00,DEV_003,48,7,59
DEV_003_2024-12-17 16:00:00,2024-12-17 16:00:00,DEV_003,69,11,15
DEV_003_2024-12-17 18:00:00,2024-12-17 18:00:00,DEV_003,64,3,69
DEV_003_2024-12-17 20:00:00,2024-12-17 20:00:00,DEV_003,23,53,37
DEV_003_2024-12-17 22:00:00,2024-12-17 22:00:00,DEV_003,9,15,3
DEV_003_2024-12-18 00:00:00,2024-12-18 00:00:00,DEV_003,93,70,17
DEV_003_2024-12-18 02:00:00,2024-12-18 02:00:00,DEV_003,26,21,72
DEV_003_2024-12-18 04:00:00,2024-12-18 04:00:00,DEV_003,21,11,38
DEV_003_2024-12-18 06:00:00,2024-12-18 06:00:00,DEV_003,72,88,35
DEV_003_2024-12-18 08:00:00,2024-12-18 08:00:00,DEV_003,14,14,10
DEV_003_2024-12-18 10:00:00,2024-12-18 10:00:00,DEV_003,12,38,34
DEV_003_2024-12-18 12:00:00,2024-12-18 12:00:00,DEV_003,41,10,17
DEV_003_2024-12-18 14:00:00,2024-12-18 14:00:00,DEV_003,17,67,62
DEV_003_2024-12-18 16:00:00,2024-12-18 16:00:00,DEV_003,95,1,12
DEV_003_2024-12-18 18:00:00,2024-12-18 18:00:00,DEV_003,4,42,13
DEV_003_2024-12-18 20:00:00,2024-12-18 20:00:00,DEV_003,98,85,86
DEV_003_2024-12-18 22:00:00,2024-12-18 22:00:00,DEV_003,4,82,69
DEV_003_2024-12-19 00:00:00,2024-12-19 00:00:00,DEV_003,19,2,12
DEV_003_2024-12-19 02:00:00,2024-12-19 02:00:00,DEV_003,81,74,98
DEV_003_2024-12-19 04:00:00,2024-12-19 04:00:00,DEV_003,6,8,51
DEV_003_2024-12-19 06:00:00,2024-12-19 06:00:00,DEV_003,11,63,57
DEV_003_2024-12-19 08:00:00,2024-12-19 08:00:00,DEV_003,12,73,2
DEV_003_2024-12-19 10:00:00,2024-12-19 10:00:00,DEV_003,8,11,53
DEV_003_2024-12-19 12:00:00,2024-12-19 12:00:00,DEV_003,10,85,84
DEV_003_2024-12-19 14:00:00,2024-12-19 14:00:00,DEV_003,8,36,93
DEV_003_2024-12-19 16:00:00,2024-12-19 16:00:00,DEV_003,76,14,54
DEV_003_2024-12-19 18:00:00,2024-12-19 18:00:00,DEV_003,85,86,21
DEV_003_2024-12-19 20:00:00,2024-12-19 20:00:00,DEV_003,50,94,39
DEV_003_2024-12-19 22:00:00,2024-12-19 22:00:00,DEV_003,20,88,87
DEV_003_2024-12-20 00:00:00,2024-12-20 00:00:00,DEV_003,7,9,1
DEV_003_2024-12-20 02:00:00,2024-12-20 02:00:00,DEV_003,26,38,38
DEV_003_2024-12-20 04:00:00,2024-12-20 04:00:00,DEV_003,61,44,86
DEV_003_2024-12-20 06:00:00,2024-12-20 06:00:00,DEV_003,44,74,62
DEV_003_2024-12-20 08:00:00,2024-12-20 08:00:00,DEV_003,6,17,51
DEV_003_2024-12-20 10:00:00,2024-12-20 10:00:00,DEV_003,38,24,51
DEV_003_2024-12-20 12:00:00,2024-12-20 12:00:00,DEV_003,10,72,21
DEV_003_2024-12-20 14:00:00,2024-12-20 14:00:00,DEV_003,70,85,57
DEV_003_2024-12-20 16:00:00,2024-12-20 16:00:00,DEV_003,39,88,33
DEV_003_2024-12-20 18:00:00,2024-12-20 18:00:00,DEV_003,59,18,56
DEV_003_2024-12-20 20:00:00,2024-12-20 20:00:00,DEV_003,92,57,96
DEV_003_2024-12-20 22:00:00,2024-12-20 22:00:00,DEV_003,76,48,42
DEV_003_2024-12-21 00:00:00,2024-12-21 00:00:00,DEV_003,27,74,52
DEV_003_2024-12-21 02:00:00,2024-12-21 02:00:00,DEV_003,42,32,26
DEV_003_2024-12-21 04:00:00,2024-12-21 04:00:00,DEV_003,25,75,23
DEV_003_2024-12-21 06:00:00,2024-12-21 06:00:00,DEV_003,98,57,52
DEV_003_2024-12-21 08:00:00,2024-12-21 08:00:00,DEV_003,87,93,31
DEV_003_2024-12-21 10:00:00,2024-12-21 10:00:00,DEV_003,64,71,33
DEV_003_2024-12-21 12:00:00,2024-12-21 12:00:00,DEV_003,85,2,18
DEV_003_2024-12-21 14:00:00,2024-12-21 14:00:00,DEV_003,47,33,98
DEV_003_2024-12-21 16:00:00,2024-12-21 16:00:00,DEV_003,84,35,51
DEV_003_2024-12-21 18:00:00,2024-12-21 18:00:00,DEV_003,18,88,72
DEV_003_2024-12-21 20:00:00,2024-12-21 20:00:00,DEV_003,30,44,53
DEV_003_2024-12-21 22:00:00,2024-12-21 22:00:00,DEV_003,10,87,52
DEV_003_2024-12-22 00:00:00,2024-12-22 00:00:00,DEV_003,49,11,66
DEV_003_2024-12-22 02:00:00,2024-12-22 02:00:00,DEV_003,58,90,36
DEV_003_2024-12-22 04:00:00,2024-12-22 04:00:00,DEV_003,33,47,13
DEV_003_2024-12-22 06:00:00,2024-12-22 06:00:00,DEV_003,40,89,68
DEV_003_2024-12-22 08:00:00,2024-12-22 08:00:00,DEV_003,42,19,82
DEV_003_2024-12-22 10:00:00,2024-12-22 10:00:00,DEV_003,94,19,58
DEV_003_2024-12-22 12:00:00,2024-12-22 12:00:00,DEV_003,23,54,80
DEV_003_2024-12-22 14:00:00,2024-12-22 14:00:00,DEV_003,65,12,24
DEV_003_2024-12-22 16:00:00,2024-12-22 16:00:00,DEV_003,34,53,8
DEV_003_2024-12-22 18:00:00,2024-12-22 18:00:00,DEV_003,18,57,5
DEV_003_2024-12-22 20:00:00,2024-12-22 20:00:00,DEV_003,26,30,54
DEV_003_2024-12-22 22:00:00,2024-12-22 22:00:00,DEV_003,13,83,29
DEV_003_2024-12-23 00:00:00,2024-12-23 00:00:00,DEV_003,3,90,58
DEV_003_2024-12-23 02:00:00,2024-12-23 02:00:00,DEV_003,76,2,75
DEV_003_2024-12-23 04:00:00,2024-12-23 04:00:00,DEV_003,28,82,77
DEV_003_2024-12-23 06:00:00,2024-12-23 06:00:00,DEV_003,86,76,2
DEV_003_2024-12-23 08:00:00,2024-12-23 08:00:00,DEV_003,7,26,90
DEV_003_2024-12-23 10:00:00,2024-12-23 10:00:00,DEV_003,88,76,16
DEV_003_2024-12-23 12:00:00,2024-12-23 12:00:00,DEV_003,23,40,60
DEV_003_2024-12-23 14:00:00,2024-12-23 14:00:00,DEV_003,73,32,15
DEV_003_2024-12-23 16:00:00,2024-12-23 16:00:00,DEV_003,13,5,75
DEV_003_2024-12-23 18:00:00,2024-12-23 18:00:00,DEV_003,74,52,77
DEV_003_2024-12-23 20:00:00,2024-12-23 20:00:00,DEV_003,41,53,50
DEV_003_2024-12-23 22:00:00,2024-12-23 22:00:00,DEV_003,15,7,40
DEV_003_2024-12-24 00:00:00,2024-12-24 00:00:00,DEV_003,28,32,99
DEV_003_2024-12-24 02:00:00,2024-12-24 02:00:00,DEV_003,15,85,70
DEV_003_2024-12-24 04:00:00,2024-12-24 04:00:00,DEV_003,65,4,11
DEV_003_2024-12-24 06:00:00,2024-12-24 06:00:00,DEV_003,26,61,37
DEV_003_2024-12-24 08:00:00,2024-12-24 08:00:00,DEV_003,23,93,85
DEV_003_2024-12-24 10:00:00,2024-12-24 10:00:00,DEV_003,91,40,77
DEV_003_2024-12-24 12:00:00,2024-12-24 12:00:00,DEV_003,23,16,94
DEV_003_2024-12-24 14:00:00,2024-12-24 14:00:00,DEV_003,61,68,80
DEV_003_2024-12-24 16:00:00,2024-12-24 16:00:00,DEV_003,31,53,25
DEV_003_2024-12-24 18:00:00,2024-12-24 18:00:00,DEV_003,44,12,90
DEV_003_2024-12-24 20:00:00,2024-12-24 20:00:00,DEV_003,97,92,9
DEV_003_2024-12-24 22:00:00,2024-12-24 22:00:00,DEV_003,12,69,54
DEV_003_2024-12-25 00:00:00,2024-12-25 00:00:00,DEV_003,54,28,56
DEV_003_2024-12-25 02:00:00,2024-12-25 02:00:00,DEV_003,99,69,98
DEV_003_2024-12-25 04:00:00,2024-12-25 04:00:00,DEV_003,98,77,58
DEV_003_2024-12-25 06:00:00,2024-12-25 06:00:00,DEV_003,78,75,42
DEV_003_2024-12-25 08:00:00,2024-12-25 08:00:00,DEV_003,38,68,53
DEV_003_2024-12-25 10:00:00,2024-12-25 10:00:00,DEV_003,33,71,56
DEV_003_2024-12-25 12:00:00,2024-12-25 12:00:00,DEV_003,72,51,74
DEV_003_2024-12-25 14:00:00,2024-12-25 14:00:00,DEV_003,43,15,38
DEV_003_2024-12-25 16:00:00,2024-12-25 16:00:00,DEV_003,15,5,93
DEV_003_2024-12-25 18:00:00,2024-12-25 18:00:00,DEV_003,83,54,51
DEV_003_2024-12-25 20:00:00,2024-12-25 20:00:00,DEV_003,10,12,4
DEV_003_2024-12-25 22:00:00,2024-12-25 22:00:00,DEV_003,95,18,80
DEV_003_2024-12-26 00:00:00,2024-12-26 00:00:00,DEV_003,36,25,87
DEV_003_2024-12-26 02:00:00,2024-12-26 02:00:00,DEV_003,76,98,36
DEV_003_2024-12-26 04:00:00,2024-12-26 04:00:00,DEV_003,67,9,61
DEV_003_2024-12-26 06:00:00,2024-12-26 06:00:00,DEV_003,53,18,43
DEV_003_2024-12-26 08:00:00,2024-12-26 08:00:00,DEV_003,35,63,98
DEV_003_2024-12-26 10:00:00,2024-12-26 10:00:00,DEV_003,78,4,93
DEV_003_2024-12-26 12:00:00,2024-12-26 12:00:00,DEV_003,41,45,50
DEV_003_2024-12-26 14:00:00,2024-12-26 14:00:00,DEV_003,79,28,42
DEV_003_2024-12-26 16:00:00,2024-12-26 16:00:00,DEV_003,80,76,69
DEV_003_2024-12-26 18:00:00,2024-12-26 18:00:00,DEV_003,98,1,39
DEV_003_2024-12-26 20:00:00,2024-12-26 20:00:00,DEV_003,96,90,17
DEV_003_2024-12-26 22:00:00,2024-12-26 22:00:00,DEV_003,91,88,35
DEV_003_2024-12-27 00:00:00,2024-12-27 00:00:00,DEV_003,46,42,39
DEV_003_2024-12-27 02:00:00,2024-12-27 02:00:00,DEV_003,90,49,62
DEV_003_2024-12-27 04:00:00,2024-12-27 04:00:00,DEV_003,38,23,22
DEV_003_2024-12-27 06:00:00,2024-12-27 06:00:00,DEV_003,4,49,59
DEV_003_2024-12-27 08:00:00,2024-12-27 08:00:00,DEV_003,73,68,71
DEV_003_2024-12-27 10:00:00,2024-12-27 10:00:00,DEV_003,87,2,49
DEV_003_2024-12-27 12:00:00,2024-12-27 12:00:00,DEV_003,88,95,31
DEV_003_2024-12-27 14:00:00,2024-12-27 14:00:00,DEV_003,40,48,51
DEV_003_2024-12-27 16:00:00,2024-12-27 16:00:00,DEV_003,43,98,55
DEV_003_2024-12-27 18:00:00,2024-12-27 18:00:00,DEV_003,88,49,90
DEV_003_2024-12-27 20:00:00,2024-12-27 20:00:00,DEV_003,80,57,77
DEV_003_2024-12-27 22:00:00,2024-12-27 22:00:00,DEV_003,15,27,68
DEV_003_2024-12-28 00:00:00,2024-12-28 00:00:00,DEV_003,80,64,94
DEV_003_2024-12-28 02:00:00,2024-12-28 02:00:00,DEV_003,30,36,67
DEV_003_2024-12-28 04:00:00,2024-12-28 04:00:00,DEV_003,86,86,49
DEV_003_2024-12-28 06:00:00,2024-12-28 06:00:00,DEV_003,76,55,85
DEV_003_2024-12-28 08:00:00,2024-12-28 08:00:00,DEV_003,56,68,95
DEV_003_2024-12-28 10:00:00,2024-12-28 10:00:00,DEV_003,44,31,58
DEV_003_2024-12-28 12:00:00,2024-12-28 12:00:00,DEV_003,87,53,84
DEV_003_2024-12-28 14:00:00,2024-12-28 14:00:00,DEV_003,79,23,28
DEV_003_2024-12-28 16:00:00,2024-12-28 16:00:00,DEV_003,16,37,21
DEV_003_2024-12-28 18:00:00,2024-12-28 18:00:00,DEV_003,79,17,37
DEV_003_2024-12-28 20:00:00,2024-12-28 20:00:00,DEV_003,77,19,30
DEV_003_2024-12-28 22:00:00,2024-12-28 22:00:00,DEV_003,45,18,78
DEV_003_2024-12-29 00:00:00,2024-12-29 00:00:00,DEV_003,62,36,84
DEV_003_2024-12-29 02:00:00,2024-12-29 02:00:00,DEV_003,52,19,44
DEV_003_2024-12-29 04:00:00,2024-12-29 04:00:00,DEV_003,7,44,68
DEV_003_2024-12-29 06:00:00,2024-12-29 06:00:00,DEV_003,34,66,69
DEV_003_2024-12-29 08:00:00,2024-12-29 08:00:00,DEV_003,55,10,96
DEV_003_2024-12-29 10:00:00,2024-12-29 10:00:00,DEV_003,42,41,77
DEV_003_2024-12-29 12:00:00,2024-12-29 12:00:00,DEV_003,69,10,10
DEV_003_2024-12-29 14:00:00,2024-12-29 14:00:00,DEV_003,91,60,51
DEV_003_2024-12-29 16:00:00,2024-12-29 16:00:00,DEV_003,21,8,65
DEV_003_2024-12-29 18:00:00,2024-12-29 18:00:00,DEV_003,92,78,85
DEV_003_2024-12-29 20:00:00,2024-12-29 20:00:00,DEV_003,30,85,49
DEV_003_2024-12-29 22:00:00,2024-12-29 22:00:00,DEV_003,9,17,69
DEV_004_2024-09-01 00:00:00,2024-09-01 00:00:00,DEV_004,57,62,95
DEV_004_2024-09-01 02:00:00,2024-09-01 02:00:00,DEV_004,52,61,40
DEV_004_2024-09-01 04:00:00,2024-09-01 04:00:00,DEV_004,38,43,63
DEV_004_2024-09-01 06:00:00,2024-09-01 06:00:00,DEV_004,19,50,33
DEV_004_2024-09-01 08:00:00,2024-09-01 08:00:00,DEV_004,13,78,97
DEV_004_2024-09-01 10:00:00,2024-09-01 10:00:00,DEV_004,62,93,43
DEV_004_2024-09-01 12:00:00,2024-09-01 12:00:00,DEV_004,49,36,10
DEV_004_2024-09-01 14:00:00,2024-09-01 14:00:00,DEV_004,95,6,57
DEV_004_2024-09-01 16:00:00,2024-09-01 16:00:00,DEV_004,1,71,58
DEV_004_2024-09-01 18:00:00,2024-09-01 18:00:00,DEV_004,91,21,92
DEV_004_2024-09-01 20:00:00,2024-09-01 20:00:00,DEV_004,80,56,87
DEV_004_2024-09-01 22:00:00,2024-09-01 22:00:00,DEV_004,20,54,25
DEV_004_2024-09-02 00:00:00,2024-09-02 00:00:00,DEV_004,28,5,21
DEV_004_2024-09-02 02:00:00,2024-09-02 02:00:00,DEV_004,18,47,70
DEV_004_2024-09-02 04:00:00,2024-09-02 04:00:00,DEV_004,57,93,19
DEV_004_2024-09-02 06:00:00,2024-09-02 06:00:00,DEV_004,97,65,3
DEV_004_2024-09-02 08:00:00,2024-09-02 08:00:00,DEV_004,42,21,99
DEV_004_2024-09-02 10:00:00,2024-09-02 10:00:00,DEV_004,40,67,25
DEV_004_2024-09-02 12:00:00,2024-09-02 12:00:00,DEV_004,55,84,52
DEV_004_2024-09-02 14:00:00,2024-09-02 14:00:00,DEV_004,44,98,85
DEV_004_2024-09-02 16:00:00,2024-09-02 16:00:00,DEV_004,56,55,87
DEV_004_2024-09-02 18:00:00,2024-09-02 18:00:00,DEV_004,70,77,87
DEV_004_2024-09-02 20:00:00,2024-09-02 20:00:00,DEV_004,73,81,66
DEV_004_2024-09-02 22:00:00,2024-09-02 22:00:00,DEV_004,19,83,7
DEV_004_2024-09-03 00:00:00,2024-09-03 00:00:00,DEV_004,63,42,42
DEV_004_2024-09-03 02:00:00,2024-09-03 02:00:00,DEV_004,59,20,73
DEV_004_2024-09-03 04:00:00,2024-09-03 04:00:00,DEV_004,17,27,47
DEV_004_2024-09-03 06:00:00,2024-09-03 06:00:00,DEV_004,2,63,62
DEV_004_2024-09-03 08:00:00,2024-09-03 08:00:00,DEV_004,19,17,69
DEV_004_2024-09-03 10:00:00,2024-09-03 10:00:00,DEV_004,39,82,71
DEV_004_2024-09-03 12:00:00,2024-09-03 12:00:00,DEV_004,81,39,36
DEV_004_2024-09-03 14:00:00,2024-09-03 14:00:00,DEV_004,40,45,4
DEV_004_2024-09-03 16:00:00,2024-09-03 16:00:00,DEV_004,25,69,30
DEV_004_2024-09-03 18:00:00,2024-09-03 18:00:00,DEV_004,76,68,88
DEV_004_2024-09-03 20:00:00,2024-09-03 20:00:00,DEV_004,29,73,68
DEV_004_2024-09-03 22:00:00,2024-09-03 22:00:00,DEV_004,51,24,14
DEV_004_2024-09-04 00:00:00,2024-09-04 00:00:00,DEV_004,69,18,42
DEV_004_2024-09-04 02:00:00,2024-09-04 02:00:00,DEV_004,57,83,12
DEV_004_2024-09-04 04:00:00,2024-09-04 04:00:00,DEV_004,82,17,30
DEV_004_2024-09-04 06:00:00,2024-09-04 06:00:00,DEV_004,88,75,99
DEV_004_2024-09-04 08:00:00,2024-09-04 08:00:00,DEV_004,23,81,1
DEV_004_2024-09-04 10:00:00,2024-09-04 10:00:00,DEV_004,79,32,9
DEV_004_2024-09-04 12:00:00,2024-09-04 12:00:00,DEV_004,15,28,24
DEV_004_2024-09-04 14:00:00,2024-09-04 14:00:00,DEV_004,60,35,86
DEV_004_2024-09-04 16:00:00,2024-09-04 16:00:00,DEV_004,27,83,76
DEV_004_2024-09-04 18:00:00,2024-09-04 18:00:00,DEV_004,20,65,85
DEV_004_2024-09-04 20:00:00,2024-09-04 20:00:00,DEV_004,49,1,10
DEV_004_2024-09-04 22:00:00,2024-09-04 22:00:00,DEV_004,47,59,96
DEV_004_2024-09-05 00:00:00,2024-09-05 00:00:00,DEV_004,62,86,18
DEV_004_2024-09-05 02:00:00,2024-09-05 02:00:00,DEV_004,46,32,27
DEV_004_2024-09-05 04:00:00,2024-09-05 04:00:00,DEV_004,92,18,39
DEV_004_2024-09-05 06:00:00,2024-09-05 06:00:00,DEV_004,49,93,82
DEV_004_2024-09-05 08:00:00,2024-09-05 08:00:00,DEV_004,44,72,54
DEV_004_2024-09-05 10:00:00,2024-09-05 10:00:00,DEV_004,95,34,71
DEV_004_2024-09-05 12:00:00,2024-09-05 12:00:00,DEV_004,36,18,38
DEV_004_2024-09-05 14:00:00,2024-09-05 14:00:00,DEV_004,59,9,73
DEV_004_2024-09-05 16:00:00,2024-09-05 16:00:00,DEV_004,72,51,35
DEV_004_2024-09-05 18:00:00,2024-09-05 18:00:00,DEV_004,82,5,14
DEV_004_2024-09-05 20:00:00,2024-09-05 20:00:00,DEV_004,92,30,4
DEV_004_2024-09-05 22:00:00,2024-09-05 22:00:00,DEV_004,39,84,64
DEV_004_2024-09-06 00:00:00,2024-09-06 00:00:00,DEV_004,25,28,76
DEV_004_2024-09-06 02:00:00,2024-09-06 02:00:00,DEV_004,66,78,22
DEV_004_2024-09-06 04:00:00,2024-09-06 04:00:00,DEV_004,31,23,48
DEV_004_2024-09-06 06:00:00,2024-09-06 06:00:00,DEV_004,20,38,55
DEV_004_2024-09-06 08:00:00,2024-09-06 08:00:00,DEV_004,68,79,88
DEV_004_2024-09-06 10:00:00,2024-09-06 10:00:00,DEV_004,89,1,7
DEV_004_2024-09-06 12:00:00,2024-09-06 12:00:00,DEV_004,57,95,12
DEV_004_2024-09-06 14:00:00,2024-09-06 14:00:00,DEV_004,5,50,42
DEV_004_2024-09-06 16:00:00,2024-09-06 16:00:00,DEV_004,12,18,66
DEV_004_2024-09-06 18:00:00,2024-09-06 18:00:00,DEV_004,74,79,94
DEV_004_2024-09-06 20:00:00,2024-09-06 20:00:00,DEV_004,17,68,71
DEV_004_2024-09-06 22:00:00,2024-09-06 22:00:00,DEV_004,62,41,95
DEV_004_2024-09-07 00:00:00,2024-09-07 00:00:00,DEV_004,34,70,45
DEV_004_2024-09-07 02:00:00,2024-09-07 02:00:00,DEV_004,58,51,34
DEV_004_2024-09-07 04:00:00,2024-09-07 04:00:00,DEV_004,44,15,78
DEV_004_2024-09-07 06:00:00,2024-09-07 06:00:00,DEV_004,70,50,32
DEV_004_2024-09-07 08:00:00,2024-09-07 08:00:00,DEV_004,67,3,86
DEV_004_2024-09-07 10:00:00,2024-09-07 10:00:00,DEV_004,86,74,51
DEV_004_2024-09-07 12:00:00,2024-09-07 12:00:00,DEV_004,67,76,93
DEV_004_2024-09-07 14:00:00,2024-09-07 14:00:00,DEV_004,48,17,7
DEV_004_2024-09-07 16:00:00,2024-09-07 16:00:00,DEV_004,13,66,4
DEV_004_2024-09-07 18:00:00,2024-09-07 18:00:00,DEV_004,10,88,17
DEV_004_2024-09-07 20:00:00,2024-09-07 20:00:00,DEV_004,52,6,83
DEV_004_2024-09-07 22:00:00,2024-09-07 22:00:00,DEV_004,69,96,74
DEV_004_2024-09-08 00:00:00,2024-09-08 00:00:00,DEV_004,9,91,77
DEV_004_2024-09-08 02:00:00,2024-09-08 02:00:00,DEV_004,83,21,24
DEV_004_2024-09-08 04:00:00,2024-09-08 04:00:00,DEV_004,4,24,59
DEV_004_2024-09-08 06:00:00,2024-09-08 06:00:00,DEV_004,99,3,68
DEV_004_2024-09-08 08:00:00,2024-09-08 08:00:00,DEV_004,40,48,54
DEV_004_2024-09-08 10:00:00,2024-09-08 10:00:00,DEV_004,35,95,56
DEV_004_2024-09-08 12:00:00,2024-09-08 12:00:00,DEV_004,89,40,77
DEV_004_2024-09-08 14:00:00,2024-09-08 14:00:00,DEV_004,68,46,78
DEV_004_2024-09-08 16:00:00,2024-09-08 16:00:00,DEV_004,13,27,6
DEV_004_2024-09-08 18:00:00,2024-09-08 18:00:00,DEV_004,17,36,99
DEV_004_2024-09-08 20:00:00,2024-09-08 20:00:00,DEV_004,81,2,77
DEV_004_2024-09-08 22:00:00,2024-09-08 22:00:00,DEV_004,52,66,52
DEV_004_2024-09-09 00:00:00,2024-09-09 00:00:00,DEV_004,92,43,90
DEV_004_2024-09-09 02:00:00,2024-09-09 02:00:00,DEV_004,22,55,67
DEV_004_2024-09-09 04:00:00,2024-09-09 04:00:00,DEV_004,99,60,58
DEV_004_2024-09-09 06:00:00,2024-09-09 06:00:00,DEV_004,12,88,69
DEV_004_2024-09-09 08:00:00,2024-09-09 08:00:00,DEV_004,84,39,13
DEV_004_2024-09-09 10:00:00,2024-09-09 10:00:00,DEV_004,41,57,53
DEV_004_2024-09-09 12:00:00,2024-09-09 12:00:00,DEV_004,12,13,74
DEV_004_2024-09-09 14:00:00,2024-09-09 14:00:00,DEV_004,97,57,40
DEV_004_2024-09-09 16:00:00,2024-09-09 16:00:00,DEV_004,80,45,35
DEV_004_2024-09-09 18:00:00,2024-09-09 18:00:00,DEV_004,3,5,90
DEV_004_2024-09-09 20:00:00,2024-09-09 20:00:00,DEV_004,11,71,56
DEV_004_2024-09-09 22:00:00,2024-09-09 22:00:00,DEV_004,10,34,67
DEV_004_2024-09-10 00:00:00,2024-09-10 00:00:00,DEV_004,72,31,75
DEV_004_2024-09-10 02:00:00,2024-09-10 02:00:00,DEV_004,71,66,70
DEV_004_2024-09-10 04:00:00,2024-09-10 04:00:00,DEV_004,41,63,32
DEV_004_2024-09-10 06:00:00,2024-09-10 06:00:00,DEV_004,20,57,98
DEV_004_2024-09-10 08:00:00,2024-09-10 08:00:00,DEV_004,50,80,25
DEV_004_2024-09-10 10:00:00,2024-09-10 10:00:00,DEV_004,12,71,39
DEV_004_2024-09-10 12:00:00,2024-09-10 12:00:00,DEV_004,17,45,11
DEV_004_2024-09-10 14:00:00,2024-09-10 14:00:00,DEV_004,70,23,91
DEV_004_2024-09-10 16:00:00,2024-09-10 16:00:00,DEV_004,70,38,2
DEV_004_2024-09-10 18:00:00,2024-09-10 18:00:00,DEV_004,86,84,89
DEV_004_2024-09-10 20:00:00,2024-09-10 20:00:00,DEV_004,79,93,72
DEV_004_2024-09-10 22:00:00,2024-09-10 22:00:00,DEV_004,37,49,52
DEV_004_2024-09-11 00:00:00,2024-09-11 00:00:00,DEV_004,33,22,5
DEV_004_2024-09-11 02:00:00,2024-09-11 02:00:00,DEV_004,18,38,37
DEV_004_2024-09-11 04:00:00,2024-09-11 04:00:00,DEV_004,94,95,64
DEV_004_2024-09-11 06:00:00,2024-09-11 06:00:00,DEV_004,10,79,42
DEV_004_2024-09-11 08:00:00,2024-09-11 08:00:00,DEV_004,48,44,82
DEV_004_2024-09-11 10:00:00,2024-09-11 10:00:00,DEV_004,87,97,16
DEV_004_2024-09-11 12:00:00,2024-09-11 12:00:00,DEV_004,54,35,98
DEV_004_2024-09-11 14:00:00,2024-09-11 14:00:00,DEV_004,28,2,94
DEV_004_2024-09-11 16:00:00,2024-09-11 16:00:00,DEV_004,13,41,80
DEV_004_2024-09-11 18:00:00,2024-09-11 18:00:00,DEV_004,59,69,92
DEV_004_2024-09-11 20:00:00,2024-09-11 20:00:00,DEV_004,53,45,20
DEV_004_2024-09-11 22:00:00,2024-09-11 22:00:00,DEV_004,24,61,91
DEV_004_2024-09-12 00:00:00,2024-09-12 00:00:00,DEV_004,94,58,27
DEV_004_2024-09-12 02:00:00,2024-09-12 02:00:00,DEV_004,26,7,42
DEV_004_2024-09-12 04:00:00,2024-09-12 04:00:00,DEV_004,47,53,59
DEV_004_2024-09-12 06:00:00,2024-09-12 06:00:00,DEV_004,38,69,87
DEV_004_2024-09-12 08:00:00,2024-09-12 08:00:00,DEV_004,92,98,53
DEV_004_2024-09-12 10:00:00,2024-09-12 10:00:00,DEV_004,15,96,26
DEV_004_2024-09-12 12:00:00,2024-09-12 12:00:00,DEV_004,48,95,19
DEV_004_2024-09-12 14:00:00,2024-09-12 14:00:00,DEV_004,9,64,93
DEV_004_2024-09-12 16:00:00,2024-09-12 16:00:00,DEV_004,54,51,39
DEV_004_2024-09-12 18:00:00,2024-09-12 18:00:00,DEV_004,4,3,64
DEV_004_2024-09-12 20:00:00,2024-09-12 20:00:00,DEV_004,29,11,97
DEV_004_2024-09-12 22:00:00,2024-09-12 22:00:00,DEV_004,58,75,27
DEV_004_2024-09-13 00:00:00,2024-09-13 00:00:00,DEV_004,97,21,39
DEV_004_2024-09-13 02:00:00,2024-09-13 02:00:00,DEV_004,95,46,66
DEV_004_2024-09-13 04:00:00,2024-09-13 04:00:00,DEV_004,91,36,75
DEV_004_2024-09-13 06:00:00,2024-09-13 06:00:00,DEV_004,82,65,63
DEV_004_2024-09-13 08:00:00,2024-09-13 08:00:00,DEV_004,99,35,31
DEV_004_2024-09-13 10:00:00,2024-09-13 10:00:00,DEV_004,28,1,25
DEV_004_2024-09-13 12:00:00,2024-09-13 12:00:00,DEV_004,43,84,67
DEV_004_2024-09-13 14:00:00,2024-09-13 14:00:00,DEV_004,63,51,2
DEV_004_2024-09-13 16:00:00,2024-09-13 16:00:00,DEV_004,82,64,74
DEV_004_2024-09-13 18:00:00,2024-09-13 18:00:00,DEV_004,69,9,2
DEV_004_2024-09-13 20:00:00,2024-09-13 20:00:00,DEV_004,34,60,61
DEV_004_2024-09-13 22:00:00,2024-09-13 22:00:00,DEV_004,31,10,76
DEV_004_2024-09-14 00:00:00,2024-09-14 00:00:00,DEV_004,36,85,49
DEV_004_2024-09-14 02:00:00,2024-09-14 02:00:00,DEV_004,70,49,3
DEV_004_2024-09-14 04:00:00,2024-09-14 04:00:00,DEV_004,74,5,90
DEV_004_2024-09-14 06:00:00,2024-09-14 06:00:00,DEV_004,61,85,90
DEV_004_2024-09-14 08:00:00,2024-09-14 08:00:00,DEV_004,26,72,5
DEV_004_2024-09-14 10:00:00,2024-09-14 10:00:00,DEV_004,15,16,1
DEV_004_2024-09-14 12:00:00,2024-09-14 12:00:00,DEV_004,16,37,3
DEV_004_2024-09-14 14:00:00,2024-09-14 14:00:00,DEV_004,52,47,95
DEV_004_2024-09-14 16:00:00,2024-09-14 16:00:00,DEV_004,13,80,55
DEV_004_2024-09-14 18:00:00,2024-09-14 18:00:00,DEV_004,21,66,54
DEV_004_2024-09-14 20:00:00,2024-09-14 20:00:00,DEV_004,27,38,90
DEV_004_2024-09-14 22:00:00,2024-09-14 22:00:00,DEV_004,58,62,46
DEV_004_2024-09-15 00:00:00,2024-09-15 00:00:00,DEV_004,89,11,72
DEV_004_2024-09-15 02:00:00,2024-09-15 02:00:00,DEV_004,8,97,71
DEV_004_2024-09-15 04:00:00,2024-09-15 04:00:00,DEV_004,64,21,72
DEV_004_2024-09-15 06:00:00,2024-09-15 06:00:00,DEV_004,63,85,64
DEV_004_2024-09-15 08:00:00,2024-09-15 08:00:00,DEV_004,20,8,58
DEV_004_2024-09-15 10:00:00,2024-09-15 10:00:00,DEV_004,46,31,93
DEV_004_2024-09-15 12:00:00,2024-09-15 12:00:00,DEV_004,9,15,94
DEV_004_2024-09-15 14:00:00,2024-09-15 14:00:00,DEV_004,26,10,29
DEV_004_2024-09-15 16:00:00,2024-09-15 16:00:00,DEV_004,80,36,84
DEV_004_2024-09-15 18:00:00,2024-09-15 18:00:00,DEV_004,37,86,71
DEV_004_2024-09-15 20:00:00,2024-09-15 20:00:00,DEV_004,23,41,93
DEV_004_2024-09-15 22:00:00,2024-09-15 22:00:00,DEV_004,80,28,48
DEV_004_2024-09-16 00:00:00,2024-09-16 00:00:00,DEV_004,38,31,14
DEV_004_2024-09-16 02:00:00,2024-09-16 02:00:00,DEV_004,97,73,91
DEV_004_2024-09-16 04:00:00,2024-09-16 04:00:00,DEV_004,88,77,90
DEV_004_2024-09-16 06:00:00,2024-09-16 06:00:00,DEV_004,29,51,49
DEV_004_2024-09-16 08:00:00,2024-09-16 08:00:00,DEV_004,43,92,92
DEV_004_2024-09-16 10:00:00,2024-09-16 10:00:00,DEV_004,72,87,93
DEV_004_2024-09-16 12:00:00,2024-09-16 12:00:00,DEV_004,5,42,7
DEV_004_2024-09-16 14:00:00,2024-09-16 14:00:00,DEV_004,42,36,27
DEV_004_2024-09-16 16:00:00,2024-09-16 16:00:00,DEV_004,58,46,66
DEV_004_2024-09-16 18:00:00,2024-09-16 18:00:00,DEV_004,25,73,27
DEV_004_2024-09-16 20:00:00,2024-09-16 20:00:00,DEV_004,1,87,74
DEV_004_2024-09-16 22:00:00,2024-09-16 22:00:00,DEV_004,42,52,25
DEV_004_2024-09-17 00:00:00,2024-09-17 00:00:00,DEV_004,54,67,6
DEV_004_2024-09-17 02:00:00,2024-09-17 02:00:00,DEV_004,58,70,53
DEV_004_2024-09-17 04:00:00,2024-09-17 04:00:00,DEV_004,66,58,82
DEV_004_2024-09-17 06:00:00,2024-09-17 06:00:00,DEV_004,87,2,76
DEV_004_2024-09-17 08:00:00,2024-09-17 08:00:00,DEV_004,22,37,20
DEV_004_2024-09-17 10:00:00,2024-09-17 10:00:00,DEV_004,24,84,65
DEV_004_2024-09-17 12:00:00,2024-09-17 12:00:00,DEV_004,65,81,1
DEV_004_2024-09-17 14:00:00,2024-09-17 14:00:00,DEV_004,94,3,46
DEV_004_2024-09-17 16:00:00,2024-09-17 16:00:00,DEV_004,55,75,88
DEV_004_2024-09-17 18:00:00,2024-09-17 18:00:00,DEV_004,86,64,45
DEV_004_2024-09-17 20:00:00,2024-09-17 20:00:00,DEV_004,26,77,65
DEV_004_2024-09-17 22:00:00,2024-09-17 22:00:00,DEV_004,24,74,35
DEV_004_2024-09-18 00:00:00,2024-09-18 00:00:00,DEV_004,24,28,80
DEV_004_2024-09-18 02:00:00,2024-09-18 02:00:00,DEV_004,16,59,81
DEV_004_2024-09-18 04:00:00,2024-09-18 04:00:00,DEV_004,54,79,16
DEV_004_2024-09-18 06:00:00,2024-09-18 06:00:00,DEV_004,15,98,11
DEV_004_2024-09-18 08:00:00,2024-09-18 08:00:00,DEV_004,65,79,90
DEV_004_2024-09-18 10:00:00,2024-09-18 10:00:00,DEV_004,68,43,69
DEV_004_2024-09-18 12:00:00,2024-09-18 12:00:00,DEV_004,99,13,10
DEV_004_2024-09-18 14:00:00,2024-09-18 14:00:00,DEV_004,75,82,98
DEV_004_2024-09-18 16:00:00,2024-09-18 16:00:00,DEV_004,41,50,87
DEV_004_2024-09-18 18:00:00,2024-09-18 18:00:00,DEV_004,71,59,39
DEV_004_2024-09-18 20:00:00,2024-09-18 20:00:00,DEV_004,3,76,7
DEV_004_2024-09-18 22:00:00,2024-09-18 22:00:00,DEV_004,49,26,33
DEV_004_2024-09-19 00:00:00,2024-09-19 00:00:00,DEV_004,48,79,2
DEV_004_2024-09-19 02:00:00,2024-09-19 02:00:00,DEV_004,71,32,4
DEV_004_2024-09-19 04:00:00,2024-09-19 04:00:00,DEV_004,20,36,32
DEV_004_2024-09-19 06:00:00,2024-09-19 06:00:00,DEV_004,28,77,1
DEV_004_2024-09-19 08:00:00,2024-09-19 08:00:00,DEV_004,60,56,35
DEV_004_2024-09-19 10:00:00,2024-09-19 10:00:00,DEV_004,30,54,36
DEV_004_2024-09-19 12:00:00,2024-09-19 12:00:00,DEV_004,55,89,80
DEV_004_2024-09-19 14:00:00,2024-09-19 14:00:00,DEV_004,58,83,65
DEV_004_2024-09-19 16:00:00,2024-09-19 16:00:00,DEV_004,69,51,22
DEV_004_2024-09-19 18:00:00,2024-09-19 18:00:00,DEV_004,88,53,36
DEV_004_2024-09-19 20:00:00,2024-09-19 20:00:00,DEV_004,68,36,52
DEV_004_2024-09-19 22:00:00,2024-09-19 22:00:00,DEV_004,53,82,50
DEV_004_2024-09-20 00:00:00,2024-09-20 00:00:00,DEV_004,80,41,18
DEV_004_2024-09-20 02:00:00,2024-09-20 02:00:00,DEV_004,22,66,21
DEV_004_2024-09-20 04:00:00,2024-09-20 04:00:00,DEV_004,44,47,39
DEV_004_2024-09-20 06:00:00,2024-09-20 06:00:00,DEV_004,29,54,90
DEV_004_2024-09-20 08:00:00,2024-09-20 08:00:00,DEV_004,85,17,80
DEV_004_2024-09-20 10:00:00,2024-09-20 10:00:00,DEV_004,60,31,73
DEV_004_2024-09-20 12:00:00,2024-09-20 12:00:00,DEV_004,95,78,49
DEV_004_2024-09-20 14:00:00,2024-09-20 14:00:00,DEV_004,2,48,14
DEV_004_2024-09-20 16:00:00,2024-09-20 16:00:00,DEV_004,59,97,99
DEV_004_2024-09-20 18:00:00,2024-09-20 18:00:00,DEV_004,58,58,51
DEV_004_2024-09-20 20:00:00,2024-09-20 20:00:00,DEV_004,84,2,41
DEV_004_2024-09-20 22:00:00,2024-09-20 22:00:00,DEV_004,83,82,16
DEV_004_2024-09-21 00:00:00,2024-09-21 00:00:00,DEV_004,4,12,29
DEV_004_2024-09-21 02:00:00,2024-09-21 02:00:00,DEV_004,7,14,12
DEV_004_2024-09-21 04:00:00,2024-09-21 04:00:00,DEV_004,99,5,81
DEV_004_2024-09-21 06:00:00,2024-09-21 06:00:00,DEV_004,32,74,43
DEV_004_2024-09-21 08:00:00,2024-09-21 08:00:00,DEV_004,81,69,45
DEV_004_2024-09-21 10:00:00,2024-09-21 10:00:00,DEV_004,9,49,33
DEV_004_2024-09-21 12:00:00,2024-09-21 12:00:00,DEV_004,18,9,62
DEV_004_2024-09-21 14:00:00,2024-09-21 14:00:00,DEV_004,57,29,78
DEV_004_2024-09-21 16:00:00,2024-09-21 16:00:00,DEV_004,25,15,6
DEV_004_2024-09-21 18:00:00,2024-09-21 18:00:00,DEV_004,42,29,79
DEV_004_2024-09-21 20:00:00,2024-09-21 20:00:00,DEV_004,93,4,82
DEV_004_2024-09-21 22:00:00,2024-09-21 22:00:00,DEV_004,57,49,44
DEV_004_2024-09-22 00:00:00,2024-09-22 00:00:00,DEV_004,80,75,14
DEV_004_2024-09-22 02:00:00,2024-09-22 02:00:00,DEV_004,3,62,64
DEV_004_2024-09-22 04:00:00,2024-09-22 04:00:00,DEV_004,45,82,58
DEV_004_2024-09-22 06:00:00,2024-09-22 06:00:00,DEV_004,20,58,89
DEV_004_2024-09-22 08:00:00,2024-09-22 08:00:00,DEV_004,57,77,68
DEV_004_2024-09-22 10:00:00,2024-09-22 10:00:00,DEV_004,78,97,92
DEV_004_2024-09-22 12:00:00,2024-09-22 12:00:00,DEV_004,52,37,8
DEV_004_2024-09-22 14:00:00,2024-09-22 14:00:00,DEV_004,44,98,5
DEV_004_2024-09-22 16:00:00,2024-09-22 16:00:00,DEV_004,69,31,45
DEV_004_2024-09-22 18:00:00,2024-09-22 18:00:00,DEV_004,9,32,33
DEV_004_2024-09-22 20:00:00,2024-09-22 20:00:00,DEV_004,67,30,76
DEV_004_2024-09-22 22:00:00,2024-09-22 22:00:00,DEV_004,29,3,90
DEV_004_2024-09-23 00:00:00,2024-09-23 00:00:00,DEV_004,57,30,9
DEV_004_2024-09-23 02:00:00,2024-09-23 02:00:00,DEV_004,26,2,62
DEV_004_2024-09-23 04:00:00,2024-09-23 04:00:00,DEV_004,3,46,68
DEV_004_2024-09-23 06:00:00,2024-09-23 06:00:00,DEV_004,25,51,13
DEV_004_2024-09-23 08:00:00,2024-09-23 08:00:00,DEV_004,44,35,55
DEV_004_2024-09-23 10:00:00,2024-09-23 10:00:00,DEV_004,87,9,2
DEV_004_2024-09-23 12:00:00,2024-09-23 12:00:00,DEV_004,61,41,44
DEV_004_2024-09-23 14:00:00,2024-09-23 14:00:00,DEV_004,64,31,47
DEV_004_2024-09-23 16:00:00,2024-09-23 16:00:00,DEV_004,2,96,82
DEV_004_2024-09-23 18:00:00,2024-09-23 18:00:00,DEV_004,77,69,58
DEV_004_2024-09-23 20:00:00,2024-09-23 20:00:00,DEV_004,44,74,56
DEV_004_2024-09-23 22:00:00,2024-09-23 22:00:00,DEV_004,43,89,34
DEV_004_2024-09-24 00:00:00,2024-09-24 00:00:00,DEV_004,30,71,70
DEV_004_2024-09-24 02:00:00,2024-09-24 02:00:00,DEV_004,55,67,13
DEV_004_2024-09-24 04:00:00,2024-09-24 04:00:00,DEV_004,3,26,57
DEV_004_2024-09-24 06:00:00,2024-09-24 06:00:00,DEV_004,24,53,70
DEV_004_2024-09-24 08:00:00,2024-09-24 08:00:00,DEV_004,43,60,58
DEV_004_2024-09-24 10:00:00,2024-09-24 10:00:00,DEV_004,49,42,76
DEV_004_2024-09-24 12:00:00,2024-09-24 12:00:00,DEV_004,66,11,98
DEV_004_2024-09-24 14:00:00,2024-09-24 14:00:00,DEV_004,90,18,85
DEV_004_2024-09-24 16:00:00,2024-09-24 16:00:00,DEV_004,52,46,44
DEV_004_2024-09-24 18:00:00,2024-09-24 18:00:00,DEV_004,22,53,59
DEV_004_2024-09-24 20:00:00,2024-09-24 20:00:00,DEV_004,94,30,8
DEV_004_2024-09-24 22:00:00,2024-09-24 22:00:00,DEV_004,98,57,73
DEV_004_2024-09-25 00:00:00,2024-09-25 00:00:00,DEV_004,20,25,19
DEV_004_2024-09-25 02:00:00,2024-09-25 02:00:00,DEV_004,5,75,79
DEV_004_2024-09-25 04:00:00,2024-09-25 04:00:00,DEV_004,72,83,87
DEV_004_2024-09-25 06:00:00,2024-09-25 06:00:00,DEV_004,27,40,96
DEV_004_2024-09-25 08:00:00,2024-09-25 08:00:00,DEV_004,26,27,62
DEV_004_2024-09-25 10:00:00,2024-09-25 10:00:00,DEV_004,83,50,42
DEV_004_2024-09-25 12:00:00,2024-09-25 12:00:00,DEV_004,29,39,60
DEV_004_2024-09-25 14:00:00,2024-09-25 14:00:00,DEV_004,41,33,83
DEV_004_2024-09-25 16:00:00,2024-09-25 16:00:00,DEV_004,83,97,16
DEV_004_2024-09-25 18:00:00,2024-09-25 18:00:00,DEV_004,23,7,26
DEV_004_2024-09-25 20:00:00,2024-09-25 20:00:00,DEV_004,96,12,72
DEV_004_2024-09-25 22:00:00,2024-09-25 22:00:00,DEV_004,5,92,69
DEV_004_2024-09-26 00:00:00,2024-09-26 00:00:00,DEV_004,49,26,5
DEV_004_2024-09-26 02:00:00,2024-09-26 02:00:00,DEV_004,22,79,13
DEV_004_2024-09-26 04:00:00,2024-09-26 04:00:00,DEV_004,28,33,23
DEV_004_2024-09-26 06:00:00,2024-09-26 06:00:00,DEV_004,97,18,30
DEV_004_2024-09-26 08:00:00,2024-09-26 08:00:00,DEV_004,26,16,77
DEV_004_2024-09-26 10:00:00,2024-09-26 10:00:00,DEV_004,39,33,26
DEV_004_2024-09-26 12:00:00,2024-09-26 12:00:00,DEV_004,48,65,38
DEV_004_2024-09-26 14:00:00,2024-09-26 14:00:00,DEV_004,2,6,46
DEV_004_2024-09-26 16:00:00,2024-09-26 16:00:00,DEV_004,50,38,88
DEV_004_2024-09-26 18:00:00,2024-09-26 18:00:00,DEV_004,18,27,41
DEV_004_2024-09-26 20:00:00,2024-09-26 20:00:00,DEV_004,72,92,74
DEV_004_2024-09-26 22:00:00,2024-09-26 22:00:00,DEV_004,17,62,29
DEV_004_2024-09-27 00:00:00,2024-09-27 00:00:00,DEV_004,58,70,78
DEV_004_2024-09-27 02:00:00,2024-09-27 02:00:00,DEV_004,22,6,26
DEV_004_2024-09-27 04:00:00,2024-09-27 04:00:00,DEV_004,39,12,99
DEV_004_2024-09-27 06:00:00,2024-09-27 06:00:00,DEV_004,14,22,51
DEV_004_2024-09-27 08:00:00,2024-09-27 08:00:00,DEV_004,23,48,71
DEV_004_2024-09-27 10:00:00,2024-09-27 10:00:00,DEV_004,50,89,13
DEV_004_2024-09-27 12:00:00,2024-09-27 12:00:00,DEV_004,85,10,55
DEV_004_2024-09-27 14:00:00,2024-09-27 14:00:00,DEV_004,9,79,52
DEV_004_2024-09-27 16:00:00,2024-09-27 16:00:00,DEV_004,2,25,13
DEV_004_2024-09-27 18:00:00,2024-09-27 18:00:00,DEV_004,98,51,58
DEV_004_2024-09-27 20:00:00,2024-09-27 20:00:00,DEV_004,34,35,3
DEV_004_2024-09-27 22:00:00,2024-09-27 22:00:00,DEV_004,59,70,48
DEV_004_2024-09-28 00:00:00,2024-09-28 00:00:00,DEV_004,64,19,67
DEV_004_2024-09-28 02:00:00,2024-09-28 02:00:00,DEV_004,82,73,76
DEV_004_2024-09-28 04:00:00,2024-09-28 04:00:00,DEV_004,5,67,11
DEV_004_2024-09-28 06:00:00,2024-09-28 06:00:00,DEV_004,94,68,69
DEV_004_2024-09-28 08:00:00,2024-09-28 08:00:00,DEV_004,1,91,92
DEV_004_2024-09-28 10:00:00,2024-09-28 10:00:00,DEV_004,63,29,82
DEV_004_2024-09-28 12:00:00,2024-09-28 12:00:00,DEV_004,12,77,41
DEV_004_2024-09-28 14:00:00,2024-09-28 14:00:00,DEV_004,2,37,45
DEV_004_2024-09-28 16:00:00,2024-09-28 16:00:00,DEV_004,80,48,24
DEV_004_2024-09-28 18:00:00,2024-09-28 18:00:00,DEV_004,99,22,11
DEV_004_2024-09-28 20:00:00,2024-09-28 20:00:00,DEV_004,58,46,29
DEV_004_2024-09-28 22:00:00,2024-09-28 22:00:00,DEV_004,35,15,60
DEV_004_2024-09-29 00:00:00,2024-09-29 00:00:00,DEV_004,95,42,43
DEV_004_2024-09-29 02:00:00,2024-09-29 02:00:00,DEV_004,80,74,49
DEV_004_2024-09-29 04:00:00,2024-09-29 04:00:00,DEV_004,64,32,64
DEV_004_2024-09-29 06:00:00,2024-09-29 06:00:00,DEV_004,2,24,87
DEV_004_2024-09-29 08:00:00,2024-09-29 08:00:00,DEV_004,66,38,31
DEV_004_2024-09-29 10:00:00,2024-09-29 10:00:00,DEV_004,26,29,67
DEV_004_2024-09-29 12:00:00,2024-09-29 12:00:00,DEV_004,78,25,48
DEV_004_2024-09-29 14:00:00,2024-09-29 14:00:00,DEV_004,65,53,67
DEV_004_2024-09-29 16:00:00,2024-09-29 16:00:00,DEV_004,90,18,9
DEV_004_2024-09-29 18:00:00,2024-09-29 18:00:00,DEV_004,38,87,21
DEV_004_2024-09-29 20:00:00,2024-09-29 20:00:00,DEV_004,65,21,27
DEV_004_2024-09-29 22:00:00,2024-09-29 22:00:00,DEV_004,70,44,28
DEV_004_2024-09-30 00:00:00,2024-09-30 00:00:00,DEV_004,45,17,40
DEV_004_2024-09-30 02:00:00,2024-09-30 02:00:00,DEV_004,3,76,76
DEV_004_2024-09-30 04:00:00,2024-09-30 04:00:00,DEV_004,66,46,86
DEV_004_2024-09-30 06:00:00,2024-09-30 06:00:00,DEV_004,87,30,69
DEV_004_2024-09-30 08:00:00,2024-09-30 08:00:00,DEV_004,9,85,11
DEV_004_2024-09-30 10:00:00,2024-09-30 10:00:00,DEV_004,69,99,91
DEV_004_2024-09-30 12:00:00,2024-09-30 12:00:00,DEV_004,66,88,31
DEV_004_2024-09-30 14:00:00,2024-09-30 14:00:00,DEV_004,33,39,94
DEV_004_2024-09-30 16:00:00,2024-09-30 16:00:00,DEV_004,46,37,92
DEV_004_2024-09-30 18:00:00,2024-09-30 18:00:00,DEV_004,60,31,11
DEV_004_2024-09-30 20:00:00,2024-09-30 20:00:00,DEV_004,87,2,27
DEV_004_2024-09-30 22:00:00,2024-09-30 22:00:00,DEV_004,99,2,21
DEV_004_2024-10-01 00:00:00,2024-10-01 00:00:00,DEV_004,58,5,52
DEV_004_2024-10-01 02:00:00,2024-10-01 02:00:00,DEV_004,45,85,93
DEV_004_2024-10-01 04:00:00,2024-10-01 04:00:00,DEV_004,20,61,38
DEV_004_2024-10-01 06:00:00,2024-10-01 06:00:00,DEV_004,20,25,2
DEV_004_2024-10-01 08:00:00,2024-10-01 08:00:00,DEV_004,32,26,70
DEV_004_2024-10-01 10:00:00,2024-10-01 10:00:00,DEV_004,41,67,97
DEV_004_2024-10-01 12:00:00,2024-10-01 12:00:00,DEV_004,1,51,5
DEV_004_2024-10-01 14:00:00,2024-10-01 14:00:00,DEV_004,13,19,12
DEV_004_2024-10-01 16:00:00,2024-10-01 16:00:00,DEV_004,48,25,57
DEV_004_2024-10-01 18:00:00,2024-10-01 18:00:00,DEV_004,35,76,94
DEV_004_2024-10-01 20:00:00,2024-10-01 20:00:00,DEV_004,5,98,22
DEV_004_2024-10-01 22:00:00,2024-10-01 22:00:00,DEV_004,77,57,47
DEV_004_2024-10-02 00:00:00,2024-10-02 00:00:00,DEV_004,54,3,53
DEV_004_2024-10-02 02:00:00,2024-10-02 02:00:00,DEV_004,84,31,69
DEV_004_2024-10-02 04:00:00,2024-10-02 04:00:00,DEV_004,88,33,72
DEV_004_2024-10-02 06:00:00,2024-10-02 06:00:00,DEV_004,88,50,84
DEV_004_2024-10-02 08:00:00,2024-10-02 08:00:00,DEV_004,16,76,77
DEV_004_2024-10-02 10:00:00,2024-10-02 10:00:00,DEV_004,39,89,46
DEV_004_2024-10-02 12:00:00,2024-10-02 12:00:00,DEV_004,96,88,47
DEV_004_2024-10-02 14:00:00,2024-10-02 14:00:00,DEV_004,44,9,87
DEV_004_2024-10-02 16:00:00,2024-10-02 16:00:00,DEV_004,50,77,60
DEV_004_2024-10-02 18:00:00,2024-10-02 18:00:00,DEV_004,96,15,36
DEV_004_2024-10-02 20:00:00,2024-10-02 20:00:00,DEV_004,63,69,86
DEV_004_2024-10-02 22:00:00,2024-10-02 22:00:00,DEV_004,80,41,74
DEV_004_2024-10-03 00:00:00,2024-10-03 00:00:00,DEV_004,24,82,49
DEV_004_2024-10-03 02:00:00,2024-10-03 02:00:00,DEV_004,18,7,4
DEV_004_2024-10-03 04:00:00,2024-10-03 04:00:00,DEV_004,90,69,60
DEV_004_2024-10-03 06:00:00,2024-10-03 06:00:00,DEV_004,55,16,99
DEV_004_2024-10-03 08:00:00,2024-10-03 08:00:00,DEV_004,90,82,29
DEV_004_2024-10-03 10:00:00,2024-10-03 10:00:00,DEV_004,23,14,79
DEV_004_2024-10-03 12:00:00,2024-10-03 12:00:00,DEV_004,49,33,25
DEV_004_2024-10-03 14:00:00,2024-10-03 14:00:00,DEV_004,21,17,23
DEV_004_2024-10-03 16:00:00,2024-10-03 16:00:00,DEV_004,57,81,58
DEV_004_2024-10-03 18:00:00,2024-10-03 18:00:00,DEV_004,14,93,20
DEV_004_2024-10-03 20:00:00,2024-10-03 20:00:00,DEV_004,30,19,53
DEV_004_2024-10-03 22:00:00,2024-10-03 22:00:00,DEV_004,56,77,82
DEV_004_2024-10-04 00:00:00,2024-10-04 00:00:00,DEV_004,23,62,33
DEV_004_2024-10-04 02:00:00,2024-10-04 02:00:00,DEV_004,18,73,33
DEV_004_2024-10-04 04:00:00,2024-10-04 04:00:00,DEV_004,32,61,54
DEV_004_2024-10-04 06:00:00,2024-10-04 06:00:00,DEV_004,17,19,91
DEV_004_2024-10-04 08:00:00,2024-10-04 08:00:00,DEV_004,70,99,34
DEV_004_2024-10-04 10:00:00,2024-10-04 10:00:00,DEV_004,84,25,68
DEV_004_2024-10-04 12:00:00,2024-10-04 12:00:00,DEV_004,74,74,88
DEV_004_2024-10-04 14:00:00,2024-10-04 14:00:00,DEV_004,85,11,91
DEV_004_2024-10-04 16:00:00,2024-10-04 16:00:00,DEV_004,16,90,61
DEV_004_2024-10-04 18:00:00,2024-10-04 18:00:00,DEV_004,94,80,7
DEV_004_2024-10-04 20:00:00,2024-10-04 20:00:00,DEV_004,16,99,16
DEV_004_2024-10-04 22:00:00,2024-10-04 22:00:00,DEV_004,40,12,35
DEV_004_2024-10-05 00:00:00,2024-10-05 00:00:00,DEV_004,21,50,43
DEV_004_2024-10-05 02:00:00,2024-10-05 02:00:00,DEV_004,17,32,41
DEV_004_2024-10-05 04:00:00,2024-10-05 04:00:00,DEV_004,6,88,27
DEV_004_2024-10-05 06:00:00,2024-10-05 06:00:00,DEV_004,20,25,66
DEV_004_2024-10-05 08:00:00,2024-10-05 08:00:00,DEV_004,9,92,53
DEV_004_2024-10-05 10:00:00,2024-10-05 10:00:00,DEV_004,61,38,3
DEV_004_2024-10-05 12:00:00,2024-10-05 12:00:00,DEV_004,84,70,97
DEV_004_2024-10-05 14:00:00,2024-10-05 14:00:00,DEV_004,55,1,70
DEV_004_2024-10-05 16:00:00,2024-10-05 16:00:00,DEV_004,45,98,47
DEV_004_2024-10-05 18:00:00,2024-10-05 18:00:00,DEV_004,79,26,14
DEV_004_2024-10-05 20:00:00,2024-10-05 20:00:00,DEV_004,54,71,46
DEV_004_2024-10-05 22:00:00,2024-10-05 22:00:00,DEV_004,31,88,59
DEV_004_2024-10-06 00:00:00,2024-10-06 00:00:00,DEV_004,95,29,96
DEV_004_2024-10-06 02:00:00,2024-10-06 02:00:00,DEV_004,17,14,36
DEV_004_2024-10-06 04:00:00,2024-10-06 04:00:00,DEV_004,58,24,63
DEV_004_2024-10-06 06:00:00,2024-10-06 06:00:00,DEV_004,91,25,59
DEV_004_2024-10-06 08:00:00,2024-10-06 08:00:00,DEV_004,32,82,18
DEV_004_2024-10-06 10:00:00,2024-10-06 10:00:00,DEV_004,37,26,9
DEV_004_2024-10-06 12:00:00,2024-10-06 12:00:00,DEV_004,99,64,72
DEV_004_2024-10-06 14:00:00,2024-10-06 14:00:00,DEV_004,20,54,86
DEV_004_2024-10-06 16:00:00,2024-10-06 16:00:00,DEV_004,83,30,53
DEV_004_2024-10-06 18:00:00,2024-10-06 18:00:00,DEV_004,92,99,63
DEV_004_2024-10-06 20:00:00,2024-10-06 20:00:00,DEV_004,11,31,49
DEV_004_2024-10-06 22:00:00,2024-10-06 22:00:00,DEV_004,94,87,19
DEV_004_2024-10-07 00:00:00,2024-10-07 00:00:00,DEV_004,12,15,31
DEV_004_2024-10-07 02:00:00,2024-10-07 02:00:00,DEV_004,43,37,79
DEV_004_2024-10-07 04:00:00,2024-10-07 04:00:00,DEV_004,29,26,2
DEV_004_2024-10-07 06:00:00,2024-10-07 06:00:00,DEV_004,84,15,4
DEV_004_2024-10-07 08:00:00,2024-10-07 08:00:00,DEV_004,86,50,38
DEV_004_2024-10-07 10:00:00,2024-10-07 10:00:00,DEV_004,23,59,90
DEV_004_2024-10-07 12:00:00,2024-10-07 12:00:00,DEV_004,75,28,66
DEV_004_2024-10-07 14:00:00,2024-10-07 14:00:00,DEV_004,8,29,11
DEV_004_2024-10-07 16:00:00,2024-10-07 16:00:00,DEV_004,18,55,50
DEV_004_2024-10-07 18:00:00,2024-10-07 18:00:00,DEV_004,14,74,99
DEV_004_2024-10-07 20:00:00,2024-10-07 20:00:00,DEV_004,9,99,11
DEV_004_2024-10-07 22:00:00,2024-10-07 22:00:00,DEV_004,63,76,67
DEV_004_2024-10-08 00:00:00,2024-10-08 00:00:00,DEV_004,53,39,78
DEV_004_2024-10-08 02:00:00,2024-10-08 02:00:00,DEV_004,56,28,75
DEV_004_2024-10-08 04:00:00,2024-10-08 04:00:00,DEV_004,39,25,21
DEV_004_2024-10-08 06:00:00,2024-10-08 06:00:00,DEV_004,10,43,15
DEV_004_2024-10-08 08:00:00,2024-10-08 08:00:00,DEV_004,83,48,86
DEV_004_2024-10-08 10:00:00,2024-10-08 10:00:00,DEV_004,21,60,96
DEV_004_2024-10-08 12:00:00,2024-10-08 12:00:00,DEV_004,50,23,13
DEV_004_2024-10-08 14:00:00,2024-10-08 14:00:00,DEV_004,69,4,92
DEV_004_2024-10-08 16:00:00,2024-10-08 16:00:00,DEV_004,78,72,9
DEV_004_2024-10-08 18:00:00,2024-10-08 18:00:00,DEV_004,35,21,58
DEV_004_2024-10-08 20:00:00,2024-10-08 20:00:00,DEV_004,18,97,72
DEV_004_2024-10-08 22:00:00,2024-10-08 22:00:00,DEV_004,81,43,95
DEV_004_2024-10-09 00:00:00,2024-10-09 00:00:00,DEV_004,98,6,86
DEV_004_2024-10-09 02:00:00,2024-10-09 02:00:00,DEV_004,78,67,12
DEV_004_2024-10-09 04:00:00,2024-10-09 04:00:00,DEV_004,12,66,2
DEV_004_2024-10-09 06:00:00,2024-10-09 06:00:00,DEV_004,15,23,29
DEV_004_2024-10-09 08:00:00,2024-10-09 08:00:00,DEV_004,81,96,7
DEV_004_2024-10-09 10:00:00,2024-10-09 10:00:00,DEV_004,94,28,14
DEV_004_2024-10-09 12:00:00,2024-10-09 12:00:00,DEV_004,44,30,81
DEV_004_2024-10-09 14:00:00,2024-10-09 14:00:00,DEV_004,32,70,88
DEV_004_2024-10-09 16:00:00,2024-10-09 16:00:00,DEV_004,6,27,82
DEV_004_2024-10-09 18:00:00,2024-10-09 18:00:00,DEV_004,88,24,34
DEV_004_2024-10-09 20:00:00,2024-10-09 20:00:00,DEV_004,40,47,79
DEV_004_2024-10-09 22:00:00,2024-10-09 22:00:00,DEV_004,75,86,24
DEV_004_2024-10-10 00:00:00,2024-10-10 00:00:00,DEV_004,65,18,44
DEV_004_2024-10-10 02:00:00,2024-10-10 02:00:00,DEV_004,76,57,28
DEV_004_2024-10-10 04:00:00,2024-10-10 04:00:00,DEV_004,71,23,85
DEV_004_2024-10-10 06:00:00,2024-10-10 06:00:00,DEV_004,34,11,86
DEV_004_2024-10-10 08:00:00,2024-10-10 08:00:00,DEV_004,35,93,42
DEV_004_2024-10-10 10:00:00,2024-10-10 10:00:00,DEV_004,28,82,78
DEV_004_2024-10-10 12:00:00,2024-10-10 12:00:00,DEV_004,82,92,24
DEV_004_2024-10-10 14:00:00,2024-10-10 14:00:00,DEV_004,8,53,72
DEV_004_2024-10-10 16:00:00,2024-10-10 16:00:00,DEV_004,4,91,5
DEV_004_2024-10-10 18:00:00,2024-10-10 18:00:00,DEV_004,97,49,98
DEV_004_2024-10-10 20:00:00,2024-10-10 20:00:00,DEV_004,30,72,63
DEV_004_2024-10-10 22:00:00,2024-10-10 22:00:00,DEV_004,47,26,57
DEV_004_2024-10-11 00:00:00,2024-10-11 00:00:00,DEV_004,37,98,7
DEV_004_2024-10-11 02:00:00,2024-10-11 02:00:00,DEV_004,40,92,39
DEV_004_2024-10-11 04:00:00,2024-10-11 04:00:00,DEV_004,62,92,78
DEV_004_2024-10-11 06:00:00,2024-10-11 06:00:00,DEV_004,53,4,82
DEV_004_2024-10-11 08:00:00,2024-10-11 08:00:00,DEV_004,25,7,28
DEV_004_2024-10-11 10:00:00,2024-10-11 10:00:00,DEV_004,69,67,95
DEV_004_2024-10-11 12:00:00,2024-10-11 12:00:00,DEV_004,20,83,11
DEV_004_2024-10-11 14:00:00,2024-10-11 14:00:00,DEV_004,67,87,7
DEV_004_2024-10-11 16:00:00,2024-10-11 16:00:00,DEV_004,23,61,71
DEV_004_2024-10-11 18:00:00,2024-10-11 18:00:00,DEV_004,34,19,58
DEV_004_2024-10-11 20:00:00,2024-10-11 20:00:00,DEV_004,9,48,82
DEV_004_2024-10-11 22:00:00,2024-10-11 22:00:00,DEV_004,41,48,45
DEV_004_2024-10-12 00:00:00,2024-10-12 00:00:00,DEV_004,25,78,25
DEV_004_2024-10-12 02:00:00,2024-10-12 02:00:00,DEV_004,19,39,79
DEV_004_2024-10-12 04:00:00,2024-10-12 04:00:00,DEV_004,80,27,74
DEV_004_2024-10-12 06:00:00,2024-10-12 06:00:00,DEV_004,63,68,19
DEV_004_2024-10-12 08:00:00,2024-10-12 08:00:00,DEV_004,28,85,78
DEV_004_2024-10-12 10:00:00,2024-10-12 10:00:00,DEV_004,33,10,83
DEV_004_2024-10-12 12:00:00,2024-10-12 12:00:00,DEV_004,30,22,3
DEV_004_2024-10-12 14:00:00,2024-10-12 14:00:00,DEV_004,82,75,48
DEV_004_2024-10-12 16:00:00,2024-10-12 16:00:00,DEV_004,2,76,54
DEV_004_2024-10-12 18:00:00,2024-10-12 18:00:00,DEV_004,6,40,93
DEV_004_2024-10-12 20:00:00,2024-10-12 20:00:00,DEV_004,94,2,73
DEV_004_2024-10-12 22:00:00,2024-10-12 22:00:00,DEV_004,2,93,97
DEV_004_2024-10-13 00:00:00,2024-10-13 00:00:00,DEV_004,74,98,55
DEV_004_2024-10-13 02:00:00,2024-10-13 02:00:00,DEV_004,72,60,97
DEV_004_2024-10-13 04:00:00,2024-10-13 04:00:00,DEV_004,6,19,96
DEV_004_2024-10-13 06:00:00,2024-10-13 06:00:00,DEV_004,27,1,33
DEV_004_2024-10-13 08:00:00,2024-10-13 08:00:00,DEV_004,40,32,69
DEV_004_2024-10-13 10:00:00,2024-10-13 10:00:00,DEV_004,17,8,57
DEV_004_2024-10-13 12:00:00,2024-10-13 12:00:00,DEV_004,42,98,9
DEV_004_2024-10-13 14:00:00,2024-10-13 14:00:00,DEV_004,87,35,71
DEV_004_2024-10-13 16:00:00,2024-10-13 16:00:00,DEV_004,79,53,54
DEV_004_2024-10-13 18:00:00,2024-10-13 18:00:00,DEV_004,84,25,67
DEV_004_2024-10-13 20:00:00,2024-10-13 20:00:00,DEV_004,62,55,46
DEV_004_2024-10-13 22:00:00,2024-10-13 22:00:00,DEV_004,24,98,46
DEV_004_2024-10-14 00:00:00,2024-10-14 00:00:00,DEV_004,22,11,48
DEV_004_2024-10-14 02:00:00,2024-10-14 02:00:00,DEV_004,8,39,35
DEV_004_2024-10-14 04:00:00,2024-10-14 04:00:00,DEV_004,49,46,38
DEV_004_2024-10-14 06:00:00,2024-10-14 06:00:00,DEV_004,8,54,37
DEV_004_2024-10-14 08:00:00,2024-10-14 08:00:00,DEV_004,91,92,40
DEV_004_2024-10-14 10:00:00,2024-10-14 10:00:00,DEV_004,34,96,79
DEV_004_2024-10-14 12:00:00,2024-10-14 12:00:00,DEV_004,17,33,47
DEV_004_2024-10-14 14:00:00,2024-10-14 14:00:00,DEV_004,52,80,93
DEV_004_2024-10-14 16:00:00,2024-10-14 16:00:00,DEV_004,9,33,60
DEV_004_2024-10-14 18:00:00,2024-10-14 18:00:00,DEV_004,93,77,21
DEV_004_2024-10-14 20:00:00,2024-10-14 20:00:00,DEV_004,58,85,69
DEV_004_2024-10-14 22:00:00,2024-10-14 22:00:00,DEV_004,10,6,13
DEV_004_2024-10-15 00:00:00,2024-10-15 00:00:00,DEV_004,65,20,57
DEV_004_2024-10-15 02:00:00,2024-10-15 02:00:00,DEV_004,46,8,10
DEV_004_2024-10-15 04:00:00,2024-10-15 04:00:00,DEV_004,73,67,11
DEV_004_2024-10-15 06:00:00,2024-10-15 06:00:00,DEV_004,12,10,25
DEV_004_2024-10-15 08:00:00,2024-10-15 08:00:00,DEV_004,49,49,89
DEV_004_2024-10-15 10:00:00,2024-10-15 10:00:00,DEV_004,11,62,36
DEV_004_2024-10-15 12:00:00,2024-10-15 12:00:00,DEV_004,39,53,90
DEV_004_2024-10-15 14:00:00,2024-10-15 14:00:00,DEV_004,78,56,1
DEV_004_2024-10-15 16:00:00,2024-10-15 16:00:00,DEV_004,56,4,30
DEV_004_2024-10-15 18:00:00,2024-10-15 18:00:00,DEV_004,12,35,77
DEV_004_2024-10-15 20:00:00,2024-10-15 20:00:00,DEV_004,52,31,87
DEV_004_2024-10-15 22:00:00,2024-10-15 22:00:00,DEV_004,68,52,80
DEV_004_2024-10-16 00:00:00,2024-10-16 00:00:00,DEV_004,7,22,93
DEV_004_2024-10-16 02:00:00,2024-10-16 02:00:00,DEV_004,75,56,97
DEV_004_2024-10-16 04:00:00,2024-10-16 04:00:00,DEV_004,58,93,64
DEV_004_2024-10-16 06:00:00,2024-10-16 06:00:00,DEV_004,12,7,55
DEV_004_2024-10-16 08:00:00,2024-10-16 08:00:00,DEV_004,62,90,73
DEV_004_2024-10-16 10:00:00,2024-10-16 10:00:00,DEV_004,98,77,55
DEV_004_2024-10-16 12:00:00,2024-10-16 12:00:00,DEV_004,36,89,24
DEV_004_2024-10-16 14:00:00,2024-10-16 14:00:00,DEV_004,44,17,2
DEV_004_2024-10-16 16:00:00,2024-10-16 16:00:00,DEV_004,13,31,93
DEV_004_2024-10-16 18:00:00,2024-10-16 18:00:00,DEV_004,28,60,27
DEV_004_2024-10-16 20:00:00,2024-10-16 20:00:00,DEV_004,15,95,79
DEV_004_2024-10-16 22:00:00,2024-10-16 22:00:00,DEV_004,33,20,42
DEV_004_2024-10-17 00:00:00,2024-10-17 00:00:00,DEV_004,12,73,23
DEV_004_2024-10-17 02:00:00,2024-10-17 02:00:00,DEV_004,72,96,14
DEV_004_2024-10-17 04:00:00,2024-10-17 04:00:00,DEV_004,91,25,77
DEV_004_2024-10-17 06:00:00,2024-10-17 06:00:00,DEV_004,85,31,54
DEV_004_2024-10-17 08:00:00,2024-10-17 08:00:00,DEV_004,5,13,28
DEV_004_2024-10-17 10:00:00,2024-10-17 10:00:00,DEV_004,43,89,99
DEV_004_2024-10-17 12:00:00,2024-10-17 12:00:00,DEV_004,47,71,38
DEV_004_2024-10-17 14:00:00,2024-10-17 14:00:00,DEV_004,96,67,62
DEV_004_2024-10-17 16:00:00,2024-10-17 16:00:00,DEV_004,39,37,86
DEV_004_2024-10-17 18:00:00,2024-10-17 18:00:00,DEV_004,8,81,52
DEV_004_2024-10-17 20:00:00,2024-10-17 20:00:00,DEV_004,91,33,81
DEV_004_2024-10-17 22:00:00,2024-10-17 22:00:00,DEV_004,42,76,27
DEV_004_2024-10-18 00:00:00,2024-10-18 00:00:00,DEV_004,8,23,64
DEV_004_2024-10-18 02:00:00,2024-10-18 02:00:00,DEV_004,93,20,16
DEV_004_2024-10-18 04:00:00,2024-10-18 04:00:00,DEV_004,17,80,19
DEV_004_2024-10-18 06:00:00,2024-10-18 06:00:00,DEV_004,8,38,38
DEV_004_2024-10-18 08:00:00,2024-10-18 08:00:00,DEV_004,53,93,90
DEV_004_2024-10-18 10:00:00,2024-10-18 10:00:00,DEV_004,31,44,60
DEV_004_2024-10-18 12:00:00,2024-10-18 12:00:00,DEV_004,76,17,79
DEV_004_2024-10-18 14:00:00,2024-10-18 14:00:00,DEV_004,73,39,42
DEV_004_2024-10-18 16:00:00,2024-10-18 16:00:00,DEV_004,48,12,96
DEV_004_2024-10-18 18:00:00,2024-10-18 18:00:00,DEV_004,89,18,79
DEV_004_2024-10-18 20:00:00,2024-10-18 20:00:00,DEV_004,96,6,43
DEV_004_2024-10-18 22:00:00,2024-10-18 22:00:00,DEV_004,35,98,54
DEV_004_2024-10-19 00:00:00,2024-10-19 00:00:00,DEV_004,62,69,82
DEV_004_2024-10-19 02:00:00,2024-10-19 02:00:00,DEV_004,16,8,89
DEV_004_2024-10-19 04:00:00,2024-10-19 04:00:00,DEV_004,96,90,86
DEV_004_2024-10-19 06:00:00,2024-10-19 06:00:00,DEV_004,31,10,56
DEV_004_2024-10-19 08:00:00,2024-10-19 08:00:00,DEV_004,76,92,70
DEV_004_2024-10-19 10:00:00,2024-10-19 10:00:00,DEV_004,20,5,23
DEV_004_2024-10-19 12:00:00,2024-10-19 12:00:00,DEV_004,9,58,59
DEV_004_2024-10-19 14:00:00,2024-10-19 14:00:00,DEV_004,93,80,54
DEV_004_2024-10-19 16:00:00,2024-10-19 16:00:00,DEV_004,46,22,64
DEV_004_2024-10-19 18:00:00,2024-10-19 18:00:00,DEV_004,8,20,51
DEV_004_2024-10-19 20:00:00,2024-10-19 20:00:00,DEV_004,78,39,37
DEV_004_2024-10-19 22:00:00,2024-10-19 22:00:00,DEV_004,50,34,75
DEV_004_2024-10-20 00:00:00,2024-10-20 00:00:00,DEV_004,33,31,54
DEV_004_2024-10-20 02:00:00,2024-10-20 02:00:00,DEV_004,44,34,71
DEV_004_2024-10-20 04:00:00,2024-10-20 04:00:00,DEV_004,62,23,46
DEV_004_2024-10-20 06:00:00,2024-10-20 06:00:00,DEV_004,56,7,89
DEV_004_2024-10-20 08:00:00,2024-10-20 08:00:00,DEV_004,61,3,38
DEV_004_2024-10-20 10:00:00,2024-10-20 10:00:00,DEV_004,84,34,44
DEV_004_2024-10-20 12:00:00,2024-10-20 12:00:00,DEV_004,30,17,59
DEV_004_2024-10-20 14:00:00,2024-10-20 14:00:00,DEV_004,10,99,84
DEV_004_2024-10-20 16:00:00,2024-10-20 16:00:00,DEV_004,18,45,91
DEV_004_2024-10-20 18:00:00,2024-10-20 18:00:00,DEV_004,59,62,59
DEV_004_2024-10-20 20:00:00,2024-10-20 20:00:00,DEV_004,49,63,87
DEV_004_2024-10-20 22:00:00,2024-10-20 22:00:00,DEV_004,32,10,11
DEV_004_2024-10-21 00:00:00,2024-10-21 00:00:00,DEV_004,70,62,47
DEV_004_2024-10-21 02:00:00,2024-10-21 02:00:00,DEV_004,34,17,54
DEV_004_2024-10-21 04:00:00,2024-10-21 04:00:00,DEV_004,76,85,40
DEV_004_2024-10-21 06:00:00,2024-10-21 06:00:00,DEV_004,19,67,82
DEV_004_2024-10-21 08:00:00,2024-10-21 08:00:00,DEV_004,53,64,83
DEV_004_2024-10-21 10:00:00,2024-10-21 10:00:00,DEV_004,47,6,16
DEV_004_2024-10-21 12:00:00,2024-10-21 12:00:00,DEV_004,72,18,52
DEV_004_2024-10-21 14:00:00,2024-10-21 14:00:00,DEV_004,48,43,39
DEV_004_2024-10-21 16:00:00,2024-10-21 16:00:00,DEV_004,49,12,10
DEV_004_2024-10-21 18:00:00,2024-10-21 18:00:00,DEV_004,71,55,1
DEV_004_2024-10-21 20:00:00,2024-10-21 20:00:00,DEV_004,49,36,21
DEV_004_2024-10-21 22:00:00,2024-10-21 22:00:00,DEV_004,37,24,55
DEV_004_2024-10-22 00:00:00,2024-10-22 00:00:00,DEV_004,25,7,81
DEV_004_2024-10-22 02:00:00,2024-10-22 02:00:00,DEV_004,93,94,71
DEV_004_2024-10-22 04:00:00,2024-10-22 04:00:00,DEV_004,97,71,24
DEV_004_2024-10-22 06:00:00,2024-10-22 06:00:00,DEV_004,11,73,12
DEV_004_2024-10-22 08:00:00,2024-10-22 08:00:00,DEV_004,35,63,68
DEV_004_2024-10-22 10:00:00,2024-10-22 10:00:00,DEV_004,92,57,13
DEV_004_2024-10-22 12:00:00,2024-10-22 12:00:00,DEV_004,23,83,39
DEV_004_2024-10-22 14:00:00,2024-10-22 14:00:00,DEV_004,88,80,97
DEV_004_2024-10-22 16:00:00,2024-10-22 16:00:00,DEV_004,12,34,71
DEV_004_2024-10-22 18:00:00,2024-10-22 18:00:00,DEV_004,75,31,93
DEV_004_2024-10-22 20:00:00,2024-10-22 20:00:00,DEV_004,62,13,31
DEV_004_2024-10-22 22:00:00,2024-10-22 22:00:00,DEV_004,2,15,57
DEV_004_2024-10-23 00:00:00,2024-10-23 00:00:00,DEV_004,75,34,68
DEV_004_2024-10-23 02:00:00,2024-10-23 02:00:00,DEV_004,75,29,66
DEV_004_2024-10-23 04:00:00,2024-10-23 04:00:00,DEV_004,16,39,77
DEV_004_2024-10-23 06:00:00,2024-10-23 06:00:00,DEV_004,37,81,21
DEV_004_2024-10-23 08:00:00,2024-10-23 08:00:00,DEV_004,44,19,71
DEV_004_2024-10-23 10:00:00,2024-10-23 10:00:00,DEV_004,8,77,66
DEV_004_2024-10-23 12:00:00,2024-10-23 12:00:00,DEV_004,41,75,88
DEV_004_2024-10-23 14:00:00,2024-10-23 14:00:00,DEV_004,70,61,26
DEV_004_2024-10-23 16:00:00,2024-10-23 16:00:00,DEV_004,71,83,70
DEV_004_2024-10-23 18:00:00,2024-10-23 18:00:00,DEV_004,29,66,19
DEV_004_2024-10-23 20:00:00,2024-10-23 20:00:00,DEV_004,68,58,70
DEV_004_2024-10-23 22:00:00,2024-10-23 22:00:00,DEV_004,57,37,61
DEV_004_2024-10-24 00:00:00,2024-10-24 00:00:00,DEV_004,92,30,71
DEV_004_2024-10-24 02:00:00,2024-10-24 02:00:00,DEV_004,73,25,97
DEV_004_2024-10-24 04:00:00,2024-10-24 04:00:00,DEV_004,65,6,18
DEV_004_2024-10-24 06:00:00,2024-10-24 06:00:00,DEV_004,10,92,11
DEV_004_2024-10-24 08:00:00,2024-10-24 08:00:00,DEV_004,97,65,77
DEV_004_2024-10-24 10:00:00,2024-10-24 10:00:00,DEV_004,84,65,52
DEV_004_2024-10-24 12:00:00,2024-10-24 12:00:00,DEV_004,67,82,78
DEV_004_2024-10-24 14:00:00,2024-10-24 14:00:00,DEV_004,31,91,17
DEV_004_2024-10-24 16:00:00,2024-10-24 16:00:00,DEV_004,55,93,36
DEV_004_2024-10-24 18:00:00,2024-10-24 18:00:00,DEV_004,26,53,17
DEV_004_2024-10-24 20:00:00,2024-10-24 20:00:00,DEV_004,86,25,2
DEV_004_2024-10-24 22:00:00,2024-10-24 22:00:00,DEV_004,86,5,4
DEV_004_2024-10-25 00:00:00,2024-10-25 00:00:00,DEV_004,36,6,21
DEV_004_2024-10-25 02:00:00,2024-10-25 02:00:00,DEV_004,77,89,26
DEV_004_2024-10-25 04:00:00,2024-10-25 04:00:00,DEV_004,55,39,84
DEV_004_2024-10-25 06:00:00,2024-10-25 06:00:00,DEV_004,33,14,56
DEV_004_2024-10-25 08:00:00,2024-10-25 08:00:00,DEV_004,81,21,46
DEV_004_2024-10-25 10:00:00,2024-10-25 10:00:00,DEV_004,16,16,84
DEV_004_2024-10-25 12:00:00,2024-10-25 12:00:00,DEV_004,29,92,8
DEV_004_2024-10-25 14:00:00,2024-10-25 14:00:00,DEV_004,88,3,89
DEV_004_2024-10-25 16:00:00,2024-10-25 16:00:00,DEV_004,19,97,66
DEV_004_2024-10-25 18:00:00,2024-10-25 18:00:00,DEV_004,79,86,74
DEV_004_2024-10-25 20:00:00,2024-10-25 20:00:00,DEV_004,82,22,46
DEV_004_2024-10-25 22:00:00,2024-10-25 22:00:00,DEV_004,91,13,33
DEV_004_2024-10-26 00:00:00,2024-10-26 00:00:00,DEV_004,5,90,77
DEV_004_2024-10-26 02:00:00,2024-10-26 02:00:00,DEV_004,27,78,24
DEV_004_2024-10-26 04:00:00,2024-10-26 04:00:00,DEV_004,67,63,94
DEV_004_2024-10-26 06:00:00,2024-10-26 06:00:00,DEV_004,99,48,63
DEV_004_2024-10-26 08:00:00,2024-10-26 08:00:00,DEV_004,78,12,28
DEV_004_2024-10-26 10:00:00,2024-10-26 10:00:00,DEV_004,44,93,43
DEV_004_2024-10-26 12:00:00,2024-10-26 12:00:00,DEV_004,17,40,49
DEV_004_2024-10-26 14:00:00,2024-10-26 14:00:00,DEV_004,85,57,87
DEV_004_2024-10-26 16:00:00,2024-10-26 16:00:00,DEV_004,84,64,75
DEV_004_2024-10-26 18:00:00,2024-10-26 18:00:00,DEV_004,57,98,74
DEV_004_2024-10-26 20:00:00,2024-10-26 20:00:00,DEV_004,74,70,88
DEV_004_2024-10-26 22:00:00,2024-10-26 22:00:00,DEV_004,76,43,23
DEV_004_2024-10-27 00:00:00,2024-10-27 00:00:00,DEV_004,27,58,37
DEV_004_2024-10-27 02:00:00,2024-10-27 02:00:00,DEV_004,6,65,6
DEV_004_2024-10-27 04:00:00,2024-10-27 04:00:00,DEV_004,50,22,88
DEV_004_2024-10-27 06:00:00,2024-10-27 06:00:00,DEV_004,25,79,90
DEV_004_2024-10-27 08:00:00,2024-10-27 08:00:00,DEV_004,72,51,88
DEV_004_2024-10-27 10:00:00,2024-10-27 10:00:00,DEV_004,48,70,99
DEV_004_2024-10-27 12:00:00,2024-10-27 12:00:00,DEV_004,65,60,46
DEV_004_2024-10-27 14:00:00,2024-10-27 14:00:00,DEV_004,36,58,76
DEV_004_2024-10-27 16:00:00,2024-10-27 16:00:00,DEV_004,38,11,12
DEV_004_2024-10-27 18:00:00,2024-10-27 18:00:00,DEV_004,42,39,71
DEV_004_2024-10-27 20:00:00,2024-10-27 20:00:00,DEV_004,11,36,52
DEV_004_2024-10-27 22:00:00,2024-10-27 22:00:00,DEV_004,31,33,13
DEV_004_2024-10-28 00:00:00,2024-10-28 00:00:00,DEV_004,18,41,58
DEV_004_2024-10-28 02:00:00,2024-10-28 02:00:00,DEV_004,56,24,73
DEV_004_2024-10-28 04:00:00,2024-10-28 04:00:00,DEV_004,31,55,10
DEV_004_2024-10-28 06:00:00,2024-10-28 06:00:00,DEV_004,60,2,15
DEV_004_2024-10-28 08:00:00,2024-10-28 08:00:00,DEV_004,3,43,31
DEV_004_2024-10-28 10:00:00,2024-10-28 10:00:00,DEV_004,70,67,56
DEV_004_2024-10-28 12:00:00,2024-10-28 12:00:00,DEV_004,63,75,15
DEV_004_2024-10-28 14:00:00,2024-10-28 14:00:00,DEV_004,92,10,38
DEV_004_2024-10-28 16:00:00,2024-10-28 16:00:00,DEV_004,47,57,50
DEV_004_2024-10-28 18:00:00,2024-10-28 18:00:00,DEV_004,71,15,18
DEV_004_2024-10-28 20:00:00,2024-10-28 20:00:00,DEV_004,82,88,2
DEV_004_2024-10-28 22:00:00,2024-10-28 22:00:00,DEV_004,84,98,43
DEV_004_2024-10-29 00:00:00,2024-10-29 00:00:00,DEV_004,26,71,38
DEV_004_2024-10-29 02:00:00,2024-10-29 02:00:00,DEV_004,94,42,5
DEV_004_2024-10-29 04:00:00,2024-10-29 04:00:00,DEV_004,11,65,34
DEV_004_2024-10-29 06:00:00,2024-10-29 06:00:00,DEV_004,1,83,2
DEV_004_2024-10-29 08:00:00,2024-10-29 08:00:00,DEV_004,85,20,61
DEV_004_2024-10-29 10:00:00,2024-10-29 10:00:00,DEV_004,87,21,88
DEV_004_2024-10-29 12:00:00,2024-10-29 12:00:00,DEV_004,68,12,22
DEV_004_2024-10-29 14:00:00,2024-10-29 14:00:00,DEV_004,20,82,1
DEV_004_2024-10-29 16:00:00,2024-10-29 16:00:00,DEV_004,30,97,24
DEV_004_2024-10-29 18:00:00,2024-10-29 18:00:00,DEV_004,14,36,69
DEV_004_2024-10-29 20:00:00,2024-10-29 20:00:00,DEV_004,75,24,60
DEV_004_2024-10-29 22:00:00,2024-10-29 22:00:00,DEV_004,95,55,77
DEV_004_2024-10-30 00:00:00,2024-10-30 00:00:00,DEV_004,80,24,77
DEV_004_2024-10-30 02:00:00,2024-10-30 02:00:00,DEV_004,24,54,26
DEV_004_2024-10-30 04:00:00,2024-10-30 04:00:00,DEV_004,66,80,38
DEV_004_2024-10-30 06:00:00,2024-10-30 06:00:00,DEV_004,65,75,51
DEV_004_2024-10-30 08:00:00,2024-10-30 08:00:00,DEV_004,35,43,29
DEV_004_2024-10-30 10:00:00,2024-10-30 10:00:00,DEV_004,37,81,58
DEV_004_2024-10-30 12:00:00,2024-10-30 12:00:00,DEV_004,54,39,42
DEV_004_2024-10-30 14:00:00,2024-10-30 14:00:00,DEV_004,28,29,43
DEV_004_2024-10-30 16:00:00,2024-10-30 16:00:00,DEV_004,3,10,59
DEV_004_2024-10-30 18:00:00,2024-10-30 18:00:00,DEV_004,14,76,47
DEV_004_2024-10-30 20:00:00,2024-10-30 20:00:00,DEV_004,42,94,32
DEV_004_2024-10-30 22:00:00,2024-10-30 22:00:00,DEV_004,32,42,32
DEV_004_2024-10-31 00:00:00,2024-10-31 00:00:00,DEV_004,26,1,56
DEV_004_2024-10-31 02:00:00,2024-10-31 02:00:00,DEV_004,2,81,30
DEV_004_2024-10-31 04:00:00,2024-10-31 04:00:00,DEV_004,71,52,91
DEV_004_2024-10-31 06:00:00,2024-10-31 06:00:00,DEV_004,9,22,34
DEV_004_2024-10-31 08:00:00,2024-10-31 08:00:00,DEV_004,49,1,73
DEV_004_2024-10-31 10:00:00,2024-10-31 10:00:00,DEV_004,84,53,83
DEV_004_2024-10-31 12:00:00,2024-10-31 12:00:00,DEV_004,40,45,68
DEV_004_2024-10-31 14:00:00,2024-10-31 14:00:00,DEV_004,9,22,18
DEV_004_2024-10-31 16:00:00,2024-10-31 16:00:00,DEV_004,76,43,39
DEV_004_2024-10-31 18:00:00,2024-10-31 18:00:00,DEV_004,73,6,83
DEV_004_2024-10-31 20:00:00,2024-10-31 20:00:00,DEV_004,48,7,80
DEV_004_2024-10-31 22:00:00,2024-10-31 22:00:00,DEV_004,69,16,1
DEV_004_2024-11-01 00:00:00,2024-11-01 00:00:00,DEV_004,37,83,37
DEV_004_2024-11-01 02:00:00,2024-11-01 02:00:00,DEV_004,81,64,90
DEV_004_2024-11-01 04:00:00,2024-11-01 04:00:00,DEV_004,86,62,72
DEV_004_2024-11-01 06:00:00,2024-11-01 06:00:00,DEV_004,61,33,66
DEV_004_2024-11-01 08:00:00,2024-11-01 08:00:00,DEV_004,30,20,60
DEV_004_2024-11-01 10:00:00,2024-11-01 10:00:00,DEV_004,82,74,24
DEV_004_2024-11-01 12:00:00,2024-11-01 12:00:00,DEV_004,4,37,4
DEV_004_2024-11-01 14:00:00,2024-11-01 14:00:00,DEV_004,77,89,77
DEV_004_2024-11-01 16:00:00,2024-11-01 16:00:00,DEV_004,18,88,66
DEV_004_2024-11-01 18:00:00,2024-11-01 18:00:00,DEV_004,48,33,58
DEV_004_2024-11-01 20:00:00,2024-11-01 20:00:00,DEV_004,83,73,28
DEV_004_2024-11-01 22:00:00,2024-11-01 22:00:00,DEV_004,35,10,65
DEV_004_2024-11-02 00:00:00,2024-11-02 00:00:00,DEV_004,42,85,9
DEV_004_2024-11-02 02:00:00,2024-11-02 02:00:00,DEV_004,60,15,99
DEV_004_2024-11-02 04:00:00,2024-11-02 04:00:00,DEV_004,57,69,22
DEV_004_2024-11-02 06:00:00,2024-11-02 06:00:00,DEV_004,64,41,87
DEV_004_2024-11-02 08:00:00,2024-11-02 08:00:00,DEV_004,71,56,23
DEV_004_2024-11-02 10:00:00,2024-11-02 10:00:00,DEV_004,25,91,6
DEV_004_2024-11-02 12:00:00,2024-11-02 12:00:00,DEV_004,34,63,9
DEV_004_2024-11-02 14:00:00,2024-11-02 14:00:00,DEV_004,60,49,97
DEV_004_2024-11-02 16:00:00,2024-11-02 16:00:00,DEV_004,51,60,70
DEV_004_2024-11-02 18:00:00,2024-11-02 18:00:00,DEV_004,37,31,98
DEV_004_2024-11-02 20:00:00,2024-11-02 20:00:00,DEV_004,41,62,93
DEV_004_2024-11-02 22:00:00,2024-11-02 22:00:00,DEV_004,58,14,36
DEV_004_2024-11-03 00:00:00,2024-11-03 00:00:00,DEV_004,36,79,8
DEV_004_2024-11-03 02:00:00,2024-11-03 02:00:00,DEV_004,26,36,48
DEV_004_2024-11-03 04:00:00,2024-11-03 04:00:00,DEV_004,85,28,68
DEV_004_2024-11-03 06:00:00,2024-11-03 06:00:00,DEV_004,62,80,86
DEV_004_2024-11-03 08:00:00,2024-11-03 08:00:00,DEV_004,76,80,51
DEV_004_2024-11-03 10:00:00,2024-11-03 10:00:00,DEV_004,42,29,82
DEV_004_2024-11-03 12:00:00,2024-11-03 12:00:00,DEV_004,10,39,82
DEV_004_2024-11-03 14:00:00,2024-11-03 14:00:00,DEV_004,1,39,21
DEV_004_2024-11-03 16:00:00,2024-11-03 16:00:00,DEV_004,65,15,4
DEV_004_2024-11-03 18:00:00,2024-11-03 18:00:00,DEV_004,60,61,20
DEV_004_2024-11-03 20:00:00,2024-11-03 20:00:00,DEV_004,10,87,34
DEV_004_2024-11-03 22:00:00,2024-11-03 22:00:00,DEV_004,48,33,98
DEV_004_2024-11-04 00:00:00,2024-11-04 00:00:00,DEV_004,61,10,54
DEV_004_2024-11-04 02:00:00,2024-11-04 02:00:00,DEV_004,84,65,77
DEV_004_2024-11-04 04:00:00,2024-11-04 04:00:00,DEV_004,1,5,80
DEV_004_2024-11-04 06:00:00,2024-11-04 06:00:00,DEV_004,15,28,95
DEV_004_2024-11-04 08:00:00,2024-11-04 08:00:00,DEV_004,23,17,98
DEV_004_2024-11-04 10:00:00,2024-11-04 10:00:00,DEV_004,13,14,11
DEV_004_2024-11-04 12:00:00,2024-11-04 12:00:00,DEV_004,28,42,96
DEV_004_2024-11-04 14:00:00,2024-11-04 14:00:00,DEV_004,99,61,64
DEV_004_2024-11-04 16:00:00,2024-11-04 16:00:00,DEV_004,31,81,73
DEV_004_2024-11-04 18:00:00,2024-11-04 18:00:00,DEV_004,10,8,21
DEV_004_2024-11-04 20:00:00,2024-11-04 20:00:00,DEV_004,77,59,50
DEV_004_2024-11-04 22:00:00,2024-11-04 22:00:00,DEV_004,69,70,30
DEV_004_2024-11-05 00:00:00,2024-11-05 00:00:00,DEV_004,95,17,75
DEV_004_2024-11-05 02:00:00,2024-11-05 02:00:00,DEV_004,20,48,73
DEV_004_2024-11-05 04:00:00,2024-11-05 04:00:00,DEV_004,2,37,1
DEV_004_2024-11-05 06:00:00,2024-11-05 06:00:00,DEV_004,4,54,25
DEV_004_2024-11-05 08:00:00,2024-11-05 08:00:00,DEV_004,3,9,86
DEV_004_2024-11-05 10:00:00,2024-11-05 10:00:00,DEV_004,87,76,74
DEV_004_2024-11-05 12:00:00,2024-11-05 12:00:00,DEV_004,34,43,74
DEV_004_2024-11-05 14:00:00,2024-11-05 14:00:00,DEV_004,94,22,70
DEV_004_2024-11-05 16:00:00,2024-11-05 16:00:00,DEV_004,2,94,66
DEV_004_2024-11-05 18:00:00,2024-11-05 18:00:00,DEV_004,32,16,76
DEV_004_2024-11-05 20:00:00,2024-11-05 20:00:00,DEV_004,1,72,48
DEV_004_2024-11-05 22:00:00,2024-11-05 22:00:00,DEV_004,50,13,15
DEV_004_2024-11-06 00:00:00,2024-11-06 00:00:00,DEV_004,53,44,8
DEV_004_2024-11-06 02:00:00,2024-11-06 02:00:00,DEV_004,74,46,69
DEV_004_2024-11-06 04:00:00,2024-11-06 04:00:00,DEV_004,19,38,11
DEV_004_2024-11-06 06:00:00,2024-11-06 06:00:00,DEV_004,43,20,20
DEV_004_2024-11-06 08:00:00,2024-11-06 08:00:00,DEV_004,21,82,57
DEV_004_2024-11-06 10:00:00,2024-11-06 10:00:00,DEV_004,50,74,98
DEV_004_2024-11-06 12:00:00,2024-11-06 12:00:00,DEV_004,26,30,73
DEV_004_2024-11-06 14:00:00,2024-11-06 14:00:00,DEV_004,31,42,68
DEV_004_2024-11-06 16:00:00,2024-11-06 16:00:00,DEV_004,61,61,70
DEV_004_2024-11-06 18:00:00,2024-11-06 18:00:00,DEV_004,78,68,90
DEV_004_2024-11-06 20:00:00,2024-11-06 20:00:00,DEV_004,17,19,51
DEV_004_2024-11-06 22:00:00,2024-11-06 22:00:00,DEV_004,70,63,93
DEV_004_2024-11-07 00:00:00,2024-11-07 00:00:00,DEV_004,75,80,30
DEV_004_2024-11-07 02:00:00,2024-11-07 02:00:00,DEV_004,25,75,71
DEV_004_2024-11-07 04:00:00,2024-11-07 04:00:00,DEV_004,26,56,22
DEV_004_2024-11-07 06:00:00,2024-11-07 06:00:00,DEV_004,89,19,31
DEV_004_2024-11-07 08:00:00,2024-11-07 08:00:00,DEV_004,26,42,41
DEV_004_2024-11-07 10:00:00,2024-11-07 10:00:00,DEV_004,23,47,13
DEV_004_2024-11-07 12:00:00,2024-11-07 12:00:00,DEV_004,89,66,66
DEV_004_2024-11-07 14:00:00,2024-11-07 14:00:00,DEV_004,16,73,28
DEV_004_2024-11-07 16:00:00,2024-11-07 16:00:00,DEV_004,77,35,41
DEV_004_2024-11-07 18:00:00,2024-11-07 18:00:00,DEV_004,77,31,85
DEV_004_2024-11-07 20:00:00,2024-11-07 20:00:00,DEV_004,32,54,98
DEV_004_2024-11-07 22:00:00,2024-11-07 22:00:00,DEV_004,72,59,41
DEV_004_2024-11-08 00:00:00,2024-11-08 00:00:00,DEV_004,66,96,54
DEV_004_2024-11-08 02:00:00,2024-11-08 02:00:00,DEV_004,40,28,37
DEV_004_2024-11-08 04:00:00,2024-11-08 04:00:00,DEV_004,65,74,55
DEV_004_2024-11-08 06:00:00,2024-11-08 06:00:00,DEV_004,4,99,10
DEV_004_2024-11-08 08:00:00,2024-11-08 08:00:00,DEV_004,47,75,14
DEV_004_2024-11-08 10:00:00,2024-11-08 10:00:00,DEV_004,38,12,45
DEV_004_2024-11-08 12:00:00,2024-11-08 12:00:00,DEV_004,17,80,35
DEV_004_2024-11-08 14:00:00,2024-11-08 14:00:00,DEV_004,66,75,41
DEV_004_2024-11-08 16:00:00,2024-11-08 16:00:00,DEV_004,67,29,18
DEV_004_2024-11-08 18:00:00,2024-11-08 18:00:00,DEV_004,20,14,34
DEV_004_2024-11-08 20:00:00,2024-11-08 20:00:00,DEV_004,49,54,31
DEV_004_2024-11-08 22:00:00,2024-11-08 22:00:00,DEV_004,58,42,58
DEV_004_2024-11-09 00:00:00,2024-11-09 00:00:00,DEV_004,82,30,25
DEV_004_2024-11-09 02:00:00,2024-11-09 02:00:00,DEV_004,63,19,72
DEV_004_2024-11-09 04:00:00,2024-11-09 04:00:00,DEV_004,92,8,95
DEV_004_2024-11-09 06:00:00,2024-11-09 06:00:00,DEV_004,3,67,86
DEV_004_2024-11-09 08:00:00,2024-11-09 08:00:00,DEV_004,81,17,14
DEV_004_2024-11-09 10:00:00,2024-11-09 10:00:00,DEV_004,9,62,94
DEV_004_2024-11-09 12:00:00,2024-11-09 12:00:00,DEV_004,21,76,37
DEV_004_2024-11-09 14:00:00,2024-11-09 14:00:00,DEV_004,96,11,20
DEV_004_2024-11-09 16:00:00,2024-11-09 16:00:00,DEV_004,35,53,47
DEV_004_2024-11-09 18:00:00,2024-11-09 18:00:00,DEV_004,75,52,8
DEV_004_2024-11-09 20:00:00,2024-11-09 20:00:00,DEV_004,4,27,44
DEV_004_2024-11-09 22:00:00,2024-11-09 22:00:00,DEV_004,40,47,94
DEV_004_2024-11-10 00:00:00,2024-11-10 00:00:00,DEV_004,44,48,91
DEV_004_2024-11-10 02:00:00,2024-11-10 02:00:00,DEV_004,85,52,84
DEV_004_2024-11-10 04:00:00,2024-11-10 04:00:00,DEV_004,68,11,77
DEV_004_2024-11-10 06:00:00,2024-11-10 06:00:00,DEV_004,73,4,76
DEV_004_2024-11-10 08:00:00,2024-11-10 08:00:00,DEV_004,73,77,48
DEV_004_2024-11-10 10:00:00,2024-11-10 10:00:00,DEV_004,26,77,39
DEV_004_2024-11-10 12:00:00,2024-11-10 12:00:00,DEV_004,92,58,19
DEV_004_2024-11-10 14:00:00,2024-11-10 14:00:00,DEV_004,88,83,77
DEV_004_2024-11-10 16:00:00,2024-11-10 16:00:00,DEV_004,77,58,28
DEV_004_2024-11-10 18:00:00,2024-11-10 18:00:00,DEV_004,66,10,86
DEV_004_2024-11-10 20:00:00,2024-11-10 20:00:00,DEV_004,77,58,73
DEV_004_2024-11-10 22:00:00,2024-11-10 22:00:00,DEV_004,97,14,84
DEV_004_2024-11-11 00:00:00,2024-11-11 00:00:00,DEV_004,15,96,33
DEV_004_2024-11-11 02:00:00,2024-11-11 02:00:00,DEV_004,17,24,30
DEV_004_2024-11-11 04:00:00,2024-11-11 04:00:00,DEV_004,62,13,62
DEV_004_2024-11-11 06:00:00,2024-11-11 06:00:00,DEV_004,47,16,66
DEV_004_2024-11-11 08:00:00,2024-11-11 08:00:00,DEV_004,81,96,43
DEV_004_2024-11-11 10:00:00,2024-11-11 10:00:00,DEV_004,8,3,12
DEV_004_2024-11-11 12:00:00,2024-11-11 12:00:00,DEV_004,84,16,78
DEV_004_2024-11-11 14:00:00,2024-11-11 14:00:00,DEV_004,80,59,49
DEV_004_2024-11-11 16:00:00,2024-11-11 16:00:00,DEV_004,63,62,49
DEV_004_2024-11-11 18:00:00,2024-11-11 18:00:00,DEV_004,51,33,30
DEV_004_2024-11-11 20:00:00,2024-11-11 20:00:00,DEV_004,59,76,15
DEV_004_2024-11-11 22:00:00,2024-11-11 22:00:00,DEV_004,82,92,23
DEV_004_2024-11-12 00:00:00,2024-11-12 00:00:00,DEV_004,78,94,97
DEV_004_2024-11-12 02:00:00,2024-11-12 02:00:00,DEV_004,45,62,79
DEV_004_2024-11-12 04:00:00,2024-11-12 04:00:00,DEV_004,71,15,46
DEV_004_2024-11-12 06:00:00,2024-11-12 06:00:00,DEV_004,64,46,56
DEV_004_2024-11-12 08:00:00,2024-11-12 08:00:00,DEV_004,44,75,29
DEV_004_2024-11-12 10:00:00,2024-11-12 10:00:00,DEV_004,95,62,89
DEV_004_2024-11-12 12:00:00,2024-11-12 12:00:00,DEV_004,52,54,88
DEV_004_2024-11-12 14:00:00,2024-11-12 14:00:00,DEV_004,57,83,66
DEV_004_2024-11-12 16:00:00,2024-11-12 16:00:00,DEV_004,22,20,33
DEV_004_2024-11-12 18:00:00,2024-11-12 18:00:00,DEV_004,72,25,46
DEV_004_2024-11-12 20:00:00,2024-11-12 20:00:00,DEV_004,73,98,57
DEV_004_2024-11-12 22:00:00,2024-11-12 22:00:00,DEV_004,87,5,55
DEV_004_2024-11-13 00:00:00,2024-11-13 00:00:00,DEV_004,61,89,8
DEV_004_2024-11-13 02:00:00,2024-11-13 02:00:00,DEV_004,16,48,61
DEV_004_2024-11-13 04:00:00,2024-11-13 04:00:00,DEV_004,15,65,22
DEV_004_2024-11-13 06:00:00,2024-11-13 06:00:00,DEV_004,3,54,14
DEV_004_2024-11-13 08:00:00,2024-11-13 08:00:00,DEV_004,36,82,82
DEV_004_2024-11-13 10:00:00,2024-11-13 10:00:00,DEV_004,67,10,49
DEV_004_2024-11-13 12:00:00,2024-11-13 12:00:00,DEV_004,65,91,57
DEV_004_2024-11-13 14:00:00,2024-11-13 14:00:00,DEV_004,27,75,5
DEV_004_2024-11-13 16:00:00,2024-11-13 16:00:00,DEV_004,71,83,57
DEV_004_2024-11-13 18:00:00,2024-11-13 18:00:00,DEV_004,93,15,99
DEV_004_2024-11-13 20:00:00,2024-11-13 20:00:00,DEV_004,76,30,20
DEV_004_2024-11-13 22:00:00,2024-11-13 22:00:00,DEV_004,37,3,73
DEV_004_2024-11-14 00:00:00,2024-11-14 00:00:00,DEV_004,41,39,26
DEV_004_2024-11-14 02:00:00,2024-11-14 02:00:00,DEV_004,2,23,23
DEV_004_2024-11-14 04:00:00,2024-11-14 04:00:00,DEV_004,85,16,9
DEV_004_2024-11-14 06:00:00,2024-11-14 06:00:00,DEV_004,13,28,27
DEV_004_2024-11-14 08:00:00,2024-11-14 08:00:00,DEV_004,51,64,52
DEV_004_2024-11-14 10:00:00,2024-11-14 10:00:00,DEV_004,81,38,65
DEV_004_2024-11-14 12:00:00,2024-11-14 12:00:00,DEV_004,18,63,51
DEV_004_2024-11-14 14:00:00,2024-11-14 14:00:00,DEV_004,9,13,40
DEV_004_2024-11-14 16:00:00,2024-11-14 16:00:00,DEV_004,55,79,43
DEV_004_2024-11-14 18:00:00,2024-11-14 18:00:00,DEV_004,44,68,33
DEV_004_2024-11-14 20:00:00,2024-11-14 20:00:00,DEV_004,24,36,10
DEV_004_2024-11-14 22:00:00,2024-11-14 22:00:00,DEV_004,20,75,12
DEV_004_2024-11-15 00:00:00,2024-11-15 00:00:00,DEV_004,62,18,94
DEV_004_2024-11-15 02:00:00,2024-11-15 02:00:00,DEV_004,63,84,25
DEV_004_2024-11-15 04:00:00,2024-11-15 04:00:00,DEV_004,12,21,25
DEV_004_2024-11-15 06:00:00,2024-11-15 06:00:00,DEV_004,11,64,73
DEV_004_2024-11-15 08:00:00,2024-11-15 08:00:00,DEV_004,50,62,89
DEV_004_2024-11-15 10:00:00,2024-11-15 10:00:00,DEV_004,99,96,49
DEV_004_2024-11-15 12:00:00,2024-11-15 12:00:00,DEV_004,14,1,81
DEV_004_2024-11-15 14:00:00,2024-11-15 14:00:00,DEV_004,25,59,72
DEV_004_2024-11-15 16:00:00,2024-11-15 16:00:00,DEV_004,69,5,99
DEV_004_2024-11-15 18:00:00,2024-11-15 18:00:00,DEV_004,19,23,9
DEV_004_2024-11-15 20:00:00,2024-11-15 20:00:00,DEV_004,94,50,16
DEV_004_2024-11-15 22:00:00,2024-11-15 22:00:00,DEV_004,33,2,14
DEV_004_2024-11-16 00:00:00,2024-11-16 00:00:00,DEV_004,1,90,58
DEV_004_2024-11-16 02:00:00,2024-11-16 02:00:00,DEV_004,89,16,79
DEV_004_2024-11-16 04:00:00,2024-11-16 04:00:00,DEV_004,90,47,44
DEV_004_2024-11-16 06:00:00,2024-11-16 06:00:00,DEV_004,80,14,93
DEV_004_2024-11-16 08:00:00,2024-11-16 08:00:00,DEV_004,24,55,15
DEV_004_2024-11-16 10:00:00,2024-11-16 10:00:00,DEV_004,83,72,34
DEV_004_2024-11-16 12:00:00,2024-11-16 12:00:00,DEV_004,2,27,74
DEV_004_2024-11-16 14:00:00,2024-11-16 14:00:00,DEV_004,99,87,72
DEV_004_2024-11-16 16:00:00,2024-11-16 16:00:00,DEV_004,92,23,68
DEV_004_2024-11-16 18:00:00,2024-11-16 18:00:00,DEV_004,14,63,93
DEV_004_2024-11-16 20:00:00,2024-11-16 20:00:00,DEV_004,65,68,63
DEV_004_2024-11-16 22:00:00,2024-11-16 22:00:00,DEV_004,96,97,90
DEV_004_2024-11-17 00:00:00,2024-11-17 00:00:00,DEV_004,81,87,64
DEV_004_2024-11-17 02:00:00,2024-11-17 02:00:00,DEV_004,32,79,13
DEV_004_2024-11-17 04:00:00,2024-11-17 04:00:00,DEV_004,66,19,24
DEV_004_2024-11-17 06:00:00,2024-11-17 06:00:00,DEV_004,88,11,59
DEV_004_2024-11-17 08:00:00,2024-11-17 08:00:00,DEV_004,86,15,10
DEV_004_2024-11-17 10:00:00,2024-11-17 10:00:00,DEV_004,41,27,60
DEV_004_2024-11-17 12:00:00,2024-11-17 12:00:00,DEV_004,73,52,28
DEV_004_2024-11-17 14:00:00,2024-11-17 14:00:00,DEV_004,65,17,95
DEV_004_2024-11-17 16:00:00,2024-11-17 16:00:00,DEV_004,44,10,63
DEV_004_2024-11-17 18:00:00,2024-11-17 18:00:00,DEV_004,93,82,47
DEV_004_2024-11-17 20:00:00,2024-11-17 20:00:00,DEV_004,38,70,76
DEV_004_2024-11-17 22:00:00,2024-11-17 22:00:00,DEV_004,53,78,44
DEV_004_2024-11-18 00:00:00,2024-11-18 00:00:00,DEV_004,74,54,20
DEV_004_2024-11-18 02:00:00,2024-11-18 02:00:00,DEV_004,79,31,7
DEV_004_2024-11-18 04:00:00,2024-11-18 04:00:00,DEV_004,58,10,10
DEV_004_2024-11-18 06:00:00,2024-11-18 06:00:00,DEV_004,39,28,30
DEV_004_2024-11-18 08:00:00,2024-11-18 08:00:00,DEV_004,37,67,43
DEV_004_2024-11-18 10:00:00,2024-11-18 10:00:00,DEV_004,79,85,52
DEV_004_2024-11-18 12:00:00,2024-11-18 12:00:00,DEV_004,56,76,68
DEV_004_2024-11-18 14:00:00,2024-11-18 14:00:00,DEV_004,9,92,23
DEV_004_2024-11-18 16:00:00,2024-11-18 16:00:00,DEV_004,63,61,40
DEV_004_2024-11-18 18:00:00,2024-11-18 18:00:00,DEV_004,44,86,24
DEV_004_2024-11-18 20:00:00,2024-11-18 20:00:00,DEV_004,51,58,90
DEV_004_2024-11-18 22:00:00,2024-11-18 22:00:00,DEV_004,94,33,16
DEV_004_2024-11-19 00:00:00,2024-11-19 00:00:00,DEV_004,22,57,62
DEV_004_2024-11-19 02:00:00,2024-11-19 02:00:00,DEV_004,82,71,90
DEV_004_2024-11-19 04:00:00,2024-11-19 04:00:00,DEV_004,72,70,30
DEV_004_2024-11-19 06:00:00,2024-11-19 06:00:00,DEV_004,23,32,86
DEV_004_2024-11-19 08:00:00,2024-11-19 08:00:00,DEV_004,57,9,31
DEV_004_2024-11-19 10:00:00,2024-11-19 10:00:00,DEV_004,71,9,13
DEV_004_2024-11-19 12:00:00,2024-11-19 12:00:00,DEV_004,58,3,35
DEV_004_2024-11-19 14:00:00,2024-11-19 14:00:00,DEV_004,97,21,64
DEV_004_2024-11-19 16:00:00,2024-11-19 16:00:00,DEV_004,95,52,34
DEV_004_2024-11-19 18:00:00,2024-11-19 18:00:00,DEV_004,96,35,15
DEV_004_2024-11-19 20:00:00,2024-11-19 20:00:00,DEV_004,96,6,85
DEV_004_2024-11-19 22:00:00,2024-11-19 22:00:00,DEV_004,97,32,52
DEV_004_2024-11-20 00:00:00,2024-11-20 00:00:00,DEV_004,83,97,28
DEV_004_2024-11-20 02:00:00,2024-11-20 02:00:00,DEV_004,95,85,98
DEV_004_2024-11-20 04:00:00,2024-11-20 04:00:00,DEV_004,64,79,78
DEV_004_2024-11-20 06:00:00,2024-11-20 06:00:00,DEV_004,19,15,6
DEV_004_2024-11-20 08:00:00,2024-11-20 08:00:00,DEV_004,73,84,98
DEV_004_2024-11-20 10:00:00,2024-11-20 10:00:00,DEV_004,38,26,82
DEV_004_2024-11-20 12:00:00,2024-11-20 12:00:00,DEV_004,92,51,73
DEV_004_2024-11-20 14:00:00,2024-11-20 14:00:00,DEV_004,96,53,56
DEV_004_2024-11-20 16:00:00,2024-11-20 16:00:00,DEV_004,59,70,78
DEV_004_2024-11-20 18:00:00,2024-11-20 18:00:00,DEV_004,92,58,88
DEV_004_2024-11-20 20:00:00,2024-11-20 20:00:00,DEV_004,13,43,76
DEV_004_2024-11-20 22:00:00,2024-11-20 22:00:00,DEV_004,51,19,21
DEV_004_2024-11-21 00:00:00,2024-11-21 00:00:00,DEV_004,91,83,24
DEV_004_2024-11-21 02:00:00,2024-11-21 02:00:00,DEV_004,26,45,28
DEV_004_2024-11-21 04:00:00,2024-11-21 04:00:00,DEV_004,82,29,17
DEV_004_2024-11-21 06:00:00,2024-11-21 06:00:00,DEV_004,68,44,61
DEV_004_2024-11-21 08:00:00,2024-11-21 08:00:00,DEV_004,93,68,74
DEV_004_2024-11-21 10:00:00,2024-11-21 10:00:00,DEV_004,25,95,67
DEV_004_2024-11-21 12:00:00,2024-11-21 12:00:00,DEV_004,2,89,49
DEV_004_2024-11-21 14:00:00,2024-11-21 14:00:00,DEV_004,70,26,72
DEV_004_2024-11-21 16:00:00,2024-11-21 16:00:00,DEV_004,99,27,89
DEV_004_2024-11-21 18:00:00,2024-11-21 18:00:00,DEV_004,18,54,1
DEV_004_2024-11-21 20:00:00,2024-11-21 20:00:00,DEV_004,61,3,68
DEV_004_2024-11-21 22:00:00,2024-11-21 22:00:00,DEV_004,41,37,51
DEV_004_2024-11-22 00:00:00,2024-11-22 00:00:00,DEV_004,15,8,38
DEV_004_2024-11-22 02:00:00,2024-11-22 02:00:00,DEV_004,83,56,47
DEV_004_2024-11-22 04:00:00,2024-11-22 04:00:00,DEV_004,90,10,78
DEV_004_2024-11-22 06:00:00,2024-11-22 06:00:00,DEV_004,49,41,83
DEV_004_2024-11-22 08:00:00,2024-11-22 08:00:00,DEV_004,30,5,95
DEV_004_2024-11-22 10:00:00,2024-11-22 10:00:00,DEV_004,71,83,31
DEV_004_2024-11-22 12:00:00,2024-11-22 12:00:00,DEV_004,52,88,98
DEV_004_2024-11-22 14:00:00,2024-11-22 14:00:00,DEV_004,23,48,40
DEV_004_2024-11-22 16:00:00,2024-11-22 16:00:00,DEV_004,6,38,41
DEV_004_2024-11-22 18:00:00,2024-11-22 18:00:00,DEV_004,27,75,69
DEV_004_2024-11-22 20:00:00,2024-11-22 20:00:00,DEV_004,57,17,71
DEV_004_2024-11-22 22:00:00,2024-11-22 22:00:00,DEV_004,91,47,79
DEV_004_2024-11-23 00:00:00,2024-11-23 00:00:00,DEV_004,13,11,90
DEV_004_2024-11-23 02:00:00,2024-11-23 02:00:00,DEV_004,86,92,24
DEV_004_2024-11-23 04:00:00,2024-11-23 04:00:00,DEV_004,93,73,4
DEV_004_2024-11-23 06:00:00,2024-11-23 06:00:00,DEV_004,46,18,43
DEV_004_2024-11-23 08:00:00,2024-11-23 08:00:00,DEV_004,80,33,93
DEV_004_2024-11-23 10:00:00,2024-11-23 10:00:00,DEV_004,10,73,59
DEV_004_2024-11-23 12:00:00,2024-11-23 12:00:00,DEV_004,31,28,60
DEV_004_2024-11-23 14:00:00,2024-11-23 14:00:00,DEV_004,3,55,14
DEV_004_2024-11-23 16:00:00,2024-11-23 16:00:00,DEV_004,58,89,15
DEV_004_2024-11-23 18:00:00,2024-11-23 18:00:00,DEV_004,2,24,78
DEV_004_2024-11-23 20:00:00,2024-11-23 20:00:00,DEV_004,64,71,24
DEV_004_2024-11-23 22:00:00,2024-11-23 22:00:00,DEV_004,27,37,94
DEV_004_2024-11-24 00:00:00,2024-11-24 00:00:00,DEV_004,91,39,63
DEV_004_2024-11-24 02:00:00,2024-11-24 02:00:00,DEV_004,79,26,65
DEV_004_2024-11-24 04:00:00,2024-11-24 04:00:00,DEV_004,4,29,1
DEV_004_2024-11-24 06:00:00,2024-11-24 06:00:00,DEV_004,50,86,11
DEV_004_2024-11-24 08:00:00,2024-11-24 08:00:00,DEV_004,74,59,62
DEV_004_2024-11-24 10:00:00,2024-11-24 10:00:00,DEV_004,81,36,56
DEV_004_2024-11-24 12:00:00,2024-11-24 12:00:00,DEV_004,90,21,13
DEV_004_2024-11-24 14:00:00,2024-11-24 14:00:00,DEV_004,9,11,75
DEV_004_2024-11-24 16:00:00,2024-11-24 16:00:00,DEV_004,70,1,70
DEV_004_2024-11-24 18:00:00,2024-11-24 18:00:00,DEV_004,77,86,56
DEV_004_2024-11-24 20:00:00,2024-11-24 20:00:00,DEV_004,31,86,37
DEV_004_2024-11-24 22:00:00,2024-11-24 22:00:00,DEV_004,47,91,78
DEV_004_2024-11-25 00:00:00,2024-11-25 00:00:00,DEV_004,47,69,58
DEV_004_2024-11-25 02:00:00,2024-11-25 02:00:00,DEV_004,36,32,98
DEV_004_2024-11-25 04:00:00,2024-11-25 04:00:00,DEV_004,64,71,42
DEV_004_2024-11-25 06:00:00,2024-11-25 06:00:00,DEV_004,48,74,81
DEV_004_2024-11-25 08:00:00,2024-11-25 08:00:00,DEV_004,30,21,60
DEV_004_2024-11-25 10:00:00,2024-11-25 10:00:00,DEV_004,13,1,65
DEV_004_2024-11-25 12:00:00,2024-11-25 12:00:00,DEV_004,33,38,25
DEV_004_2024-11-25 14:00:00,2024-11-25 14:00:00,DEV_004,26,77,59
DEV_004_2024-11-25 16:00:00,2024-11-25 16:00:00,DEV_004,92,33,41
DEV_004_2024-11-25 18:00:00,2024-11-25 18:00:00,DEV_004,30,57,49
DEV_004_2024-11-25 20:00:00,2024-11-25 20:00:00,DEV_004,48,72,49
DEV_004_2024-11-25 22:00:00,2024-11-25 22:00:00,DEV_004,47,56,65
DEV_004_2024-11-26 00:00:00,2024-11-26 00:00:00,DEV_004,12,69,88
DEV_004_2024-11-26 02:00:00,2024-11-26 02:00:00,DEV_004,6,89,65
DEV_004_2024-11-26 04:00:00,2024-11-26 04:00:00,DEV_004,25,1,32
DEV_004_2024-11-26 06:00:00,2024-11-26 06:00:00,DEV_004,3,49,19
DEV_004_2024-11-26 08:00:00,2024-11-26 08:00:00,DEV_004,60,29,50
DEV_004_2024-11-26 10:00:00,2024-11-26 10:00:00,DEV_004,2,73,56
DEV_004_2024-11-26 12:00:00,2024-11-26 12:00:00,DEV_004,17,60,36
DEV_004_2024-11-26 14:00:00,2024-11-26 14:00:00,DEV_004,61,17,49
DEV_004_2024-11-26 16:00:00,2024-11-26 16:00:00,DEV_004,76,60,20
DEV_004_2024-11-26 18:00:00,2024-11-26 18:00:00,DEV_004,50,3,43
DEV_004_2024-11-26 20:00:00,2024-11-26 20:00:00,DEV_004,57,50,68
DEV_004_2024-11-26 22:00:00,2024-11-26 22:00:00,DEV_004,81,50,37
DEV_004_2024-11-27 00:00:00,2024-11-27 00:00:00,DEV_004,46,42,15
DEV_004_2024-11-27 02:00:00,2024-11-27 02:00:00,DEV_004,33,80,11
DEV_004_2024-11-27 04:00:00,2024-11-27 04:00:00,DEV_004,20,24,64
DEV_004_2024-11-27 06:00:00,2024-11-27 06:00:00,DEV_004,80,94,98
DEV_004_2024-11-27 08:00:00,2024-11-27 08:00:00,DEV_004,65,88,88
DEV_004_2024-11-27 10:00:00,2024-11-27 10:00:00,DEV_004,73,86,76
DEV_004_2024-11-27 12:00:00,2024-11-27 12:00:00,DEV_004,17,89,92
DEV_004_2024-11-27 14:00:00,2024-11-27 14:00:00,DEV_004,61,15,94
DEV_004_2024-11-27 16:00:00,2024-11-27 16:00:00,DEV_004,51,27,86
DEV_004_2024-11-27 18:00:00,2024-11-27 18:00:00,DEV_004,74,61,58
DEV_004_2024-11-27 20:00:00,2024-11-27 20:00:00,DEV_004,31,91,12
DEV_004_2024-11-27 22:00:00,2024-11-27 22:00:00,DEV_004,46,31,32
DEV_004_2024-11-28 00:00:00,2024-11-28 00:00:00,DEV_004,32,99,53
DEV_004_2024-11-28 02:00:00,2024-11-28 02:00:00,DEV_004,61,46,85
DEV_004_2024-11-28 04:00:00,2024-11-28 04:00:00,DEV_004,74,80,7
DEV_004_2024-11-28 06:00:00,2024-11-28 06:00:00,DEV_004,4,91,52
DEV_004_2024-11-28 08:00:00,2024-11-28 08:00:00,DEV_004,89,31,75
DEV_004_2024-11-28 10:00:00,2024-11-28 10:00:00,DEV_004,84,36,54
DEV_004_2024-11-28 12:00:00,2024-11-28 12:00:00,DEV_004,54,17,75
DEV_004_2024-11-28 14:00:00,2024-11-28 14:00:00,DEV_004,30,99,22
DEV_004_2024-11-28 16:00:00,2024-11-28 16:00:00,DEV_004,43,27,37
DEV_004_2024-11-28 18:00:00,2024-11-28 18:00:00,DEV_004,46,35,4
DEV_004_2024-11-28 20:00:00,2024-11-28 20:00:00,DEV_004,80,80,85
DEV_004_2024-11-28 22:00:00,2024-11-28 22:00:00,DEV_004,26,19,81
DEV_004_2024-11-29 00:00:00,2024-11-29 00:00:00,DEV_004,45,26,22
DEV_004_2024-11-29 02:00:00,2024-11-29 02:00:00,DEV_004,58,63,28
DEV_004_2024-11-29 04:00:00,2024-11-29 04:00:00,DEV_004,65,44,43
DEV_004_2024-11-29 06:00:00,2024-11-29 06:00:00,DEV_004,37,66,17
DEV_004_2024-11-29 08:00:00,2024-11-29 08:00:00,DEV_004,40,38,85
DEV_004_2024-11-29 10:00:00,2024-11-29 10:00:00,DEV_004,61,9,77
DEV_004_2024-11-29 12:00:00,2024-11-29 12:00:00,DEV_004,75,61,80
DEV_004_2024-11-29 14:00:00,2024-11-29 14:00:00,DEV_004,16,2,72
DEV_004_2024-11-29 16:00:00,2024-11-29 16:00:00,DEV_004,43,42,77
DEV_004_2024-11-29 18:00:00,2024-11-29 18:00:00,DEV_004,57,81,88
DEV_004_2024-11-29 20:00:00,2024-11-29 20:00:00,DEV_004,67,30,13
DEV_004_2024-11-29 22:00:00,2024-11-29 22:00:00,DEV_004,19,7,9
DEV_004_2024-11-30 00:00:00,2024-11-30 00:00:00,DEV_004,83,54,86
DEV_004_2024-11-30 02:00:00,2024-11-30 02:00:00,DEV_004,82,61,87
DEV_004_2024-11-30 04:00:00,2024-11-30 04:00:00,DEV_004,2,50,75
DEV_004_2024-11-30 06:00:00,2024-11-30 06:00:00,DEV_004,31,33,78
DEV_004_2024-11-30 08:00:00,2024-11-30 08:00:00,DEV_004,80,11,33
DEV_004_2024-11-30 10:00:00,2024-11-30 10:00:00,DEV_004,7,31,48
DEV_004_2024-11-30 12:00:00,2024-11-30 12:00:00,DEV_004,47,78,92
DEV_004_2024-11-30 14:00:00,2024-11-30 14:00:00,DEV_004,53,80,19
DEV_004_2024-11-30 16:00:00,2024-11-30 16:00:00,DEV_004,81,90,6
DEV_004_2024-11-30 18:00:00,2024-11-30 18:00:00,DEV_004,49,73,50
DEV_004_2024-11-30 20:00:00,2024-11-30 20:00:00,DEV_004,81,95,12
DEV_004_2024-11-30 22:00:00,2024-11-30 22:00:00,DEV_004,23,54,69
DEV_004_2024-12-01 00:00:00,2024-12-01 00:00:00,DEV_004,59,36,3
DEV_004_2024-12-01 02:00:00,2024-12-01 02:00:00,DEV_004,58,88,55
DEV_004_2024-12-01 04:00:00,2024-12-01 04:00:00,DEV_004,57,17,39
DEV_004_2024-12-01 06:00:00,2024-12-01 06:00:00,DEV_004,90,68,55
DEV_004_2024-12-01 08:00:00,2024-12-01 08:00:00,DEV_004,45,76,1
DEV_004_2024-12-01 10:00:00,2024-12-01 10:00:00,DEV_004,21,83,21
DEV_004_2024-12-01 12:00:00,2024-12-01 12:00:00,DEV_004,52,82,43
DEV_004_2024-12-01 14:00:00,2024-12-01 14:00:00,DEV_004,52,67,44
DEV_004_2024-12-01 16:00:00,2024-12-01 16:00:00,DEV_004,32,10,64
DEV_004_2024-12-01 18:00:00,2024-12-01 18:00:00,DEV_004,79,69,68
DEV_004_2024-12-01 20:00:00,2024-12-01 20:00:00,DEV_004,28,53,51
DEV_004_2024-12-01 22:00:00,2024-12-01 22:00:00,DEV_004,53,4,79
DEV_004_2024-12-02 00:00:00,2024-12-02 00:00:00,DEV_004,17,67,74
DEV_004_2024-12-02 02:00:00,2024-12-02 02:00:00,DEV_004,47,56,23
DEV_004_2024-12-02 04:00:00,2024-12-02 04:00:00,DEV_004,18,1,35
DEV_004_2024-12-02 06:00:00,2024-12-02 06:00:00,DEV_004,64,58,95
DEV_004_2024-12-02 08:00:00,2024-12-02 08:00:00,DEV_004,59,1,3
DEV_004_2024-12-02 10:00:00,2024-12-02 10:00:00,DEV_004,67,37,83
DEV_004_2024-12-02 12:00:00,2024-12-02 12:00:00,DEV_004,29,89,33
DEV_004_2024-12-02 14:00:00,2024-12-02 14:00:00,DEV_004,61,93,90
DEV_004_2024-12-02 16:00:00,2024-12-02 16:00:00,DEV_004,4,14,91
DEV_004_2024-12-02 18:00:00,2024-12-02 18:00:00,DEV_004,33,22,48
DEV_004_2024-12-02 20:00:00,2024-12-02 20:00:00,DEV_004,3,87,85
DEV_004_2024-12-02 22:00:00,2024-12-02 22:00:00,DEV_004,23,68,21
DEV_004_2024-12-03 00:00:00,2024-12-03 00:00:00,DEV_004,43,95,85
DEV_004_2024-12-03 02:00:00,2024-12-03 02:00:00,DEV_004,26,41,99
DEV_004_2024-12-03 04:00:00,2024-12-03 04:00:00,DEV_004,38,88,11
DEV_004_2024-12-03 06:00:00,2024-12-03 06:00:00,DEV_004,29,60,67
DEV_004_2024-12-03 08:00:00,2024-12-03 08:00:00,DEV_004,65,61,19
DEV_004_2024-12-03 10:00:00,2024-12-03 10:00:00,DEV_004,46,49,22
DEV_004_2024-12-03 12:00:00,2024-12-03 12:00:00,DEV_004,78,57,14
DEV_004_2024-12-03 14:00:00,2024-12-03 14:00:00,DEV_004,44,16,97
DEV_004_2024-12-03 16:00:00,2024-12-03 16:00:00,DEV_004,77,12,55
DEV_004_2024-12-03 18:00:00,2024-12-03 18:00:00,DEV_004,51,39,33
DEV_004_2024-12-03 20:00:00,2024-12-03 20:00:00,DEV_004,33,29,69
DEV_004_2024-12-03 22:00:00,2024-12-03 22:00:00,DEV_004,70,31,80
DEV_004_2024-12-04 00:00:00,2024-12-04 00:00:00,DEV_004,31,89,46
DEV_004_2024-12-04 02:00:00,2024-12-04 02:00:00,DEV_004,97,77,52
DEV_004_2024-12-04 04:00:00,2024-12-04 04:00:00,DEV_004,10,88,74
DEV_004_2024-12-04 06:00:00,2024-12-04 06:00:00,DEV_004,41,95,77
DEV_004_2024-12-04 08:00:00,2024-12-04 08:00:00,DEV_004,3,59,52
DEV_004_2024-12-04 10:00:00,2024-12-04 10:00:00,DEV_004,34,49,28
DEV_004_2024-12-04 12:00:00,2024-12-04 12:00:00,DEV_004,83,87,96
DEV_004_2024-12-04 14:00:00,2024-12-04 14:00:00,DEV_004,13,97,98
DEV_004_2024-12-04 16:00:00,2024-12-04 16:00:00,DEV_004,97,69,67
DEV_004_2024-12-04 18:00:00,2024-12-04 18:00:00,DEV_004,61,60,71
DEV_004_2024-12-04 20:00:00,2024-12-04 20:00:00,DEV_004,24,63,86
DEV_004_2024-12-04 22:00:00,2024-12-04 22:00:00,DEV_004,61,23,30
DEV_004_2024-12-05 00:00:00,2024-12-05 00:00:00,DEV_004,60,18,96
DEV_004_2024-12-05 02:00:00,2024-12-05 02:00:00,DEV_004,56,53,7
DEV_004_2024-12-05 04:00:00,2024-12-05 04:00:00,DEV_004,97,69,92
DEV_004_2024-12-05 06:00:00,2024-12-05 06:00:00,DEV_004,72,79,52
DEV_004_2024-12-05 08:00:00,2024-12-05 08:00:00,DEV_004,4,34,69
DEV_004_2024-12-05 10:00:00,2024-12-05 10:00:00,DEV_004,33,69,38
DEV_004_2024-12-05 12:00:00,2024-12-05 12:00:00,DEV_004,98,26,1
DEV_004_2024-12-05 14:00:00,2024-12-05 14:00:00,DEV_004,4,39,54
DEV_004_2024-12-05 16:00:00,2024-12-05 16:00:00,DEV_004,90,33,33
DEV_004_2024-12-05 18:00:00,2024-12-05 18:00:00,DEV_004,72,20,16
DEV_004_2024-12-05 20:00:00,2024-12-05 20:00:00,DEV_004,21,45,90
DEV_004_2024-12-05 22:00:00,2024-12-05 22:00:00,DEV_004,87,82,62
DEV_004_2024-12-06 00:00:00,2024-12-06 00:00:00,DEV_004,31,42,12
DEV_004_2024-12-06 02:00:00,2024-12-06 02:00:00,DEV_004,65,73,3
DEV_004_2024-12-06 04:00:00,2024-12-06 04:00:00,DEV_004,90,9,51
DEV_004_2024-12-06 06:00:00,2024-12-06 06:00:00,DEV_004,16,88,78
DEV_004_2024-12-06 08:00:00,2024-12-06 08:00:00,DEV_004,3,98,97
DEV_004_2024-12-06 10:00:00,2024-12-06 10:00:00,DEV_004,24,73,13
DEV_004_2024-12-06 12:00:00,2024-12-06 12:00:00,DEV_004,2,71,21
DEV_004_2024-12-06 14:00:00,2024-12-06 14:00:00,DEV_004,19,89,47
DEV_004_2024-12-06 16:00:00,2024-12-06 16:00:00,DEV_004,22,75,33
DEV_004_2024-12-06 18:00:00,2024-12-06 18:00:00,DEV_004,32,64,85
DEV_004_2024-12-06 20:00:00,2024-12-06 20:00:00,DEV_004,39,84,72
DEV_004_2024-12-06 22:00:00,2024-12-06 22:00:00,DEV_004,42,9,25
DEV_004_2024-12-07 00:00:00,2024-12-07 00:00:00,DEV_004,89,97,2
DEV_004_2024-12-07 02:00:00,2024-12-07 02:00:00,DEV_004,19,20,93
DEV_004_2024-12-07 04:00:00,2024-12-07 04:00:00,DEV_004,70,17,89
DEV_004_2024-12-07 06:00:00,2024-12-07 06:00:00,DEV_004,68,94,84
DEV_004_2024-12-07 08:00:00,2024-12-07 08:00:00,DEV_004,3,87,51
DEV_004_2024-12-07 10:00:00,2024-12-07 10:00:00,DEV_004,82,26,56
DEV_004_2024-12-07 12:00:00,2024-12-07 12:00:00,DEV_004,64,8,81
DEV_004_2024-12-07 14:00:00,2024-12-07 14:00:00,DEV_004,95,37,97
DEV_004_2024-12-07 16:00:00,2024-12-07 16:00:00,DEV_004,27,45,4
DEV_004_2024-12-07 18:00:00,2024-12-07 18:00:00,DEV_004,86,90,96
DEV_004_2024-12-07 20:00:00,2024-12-07 20:00:00,DEV_004,88,99,37
DEV_004_2024-12-07 22:00:00,2024-12-07 22:00:00,DEV_004,96,71,33
DEV_004_2024-12-08 00:00:00,2024-12-08 00:00:00,DEV_004,31,55,12
DEV_004_2024-12-08 02:00:00,2024-12-08 02:00:00,DEV_004,11,88,72
DEV_004_2024-12-08 04:00:00,2024-12-08 04:00:00,DEV_004,32,57,38
DEV_004_2024-12-08 06:00:00,2024-12-08 06:00:00,DEV_004,60,86,98
DEV_004_2024-12-08 08:00:00,2024-12-08 08:00:00,DEV_004,19,84,56
DEV_004_2024-12-08 10:00:00,2024-12-08 10:00:00,DEV_004,14,33,10
DEV_004_2024-12-08 12:00:00,2024-12-08 12:00:00,DEV_004,80,64,64
DEV_004_2024-12-08 14:00:00,2024-12-08 14:00:00,DEV_004,62,68,91
DEV_004_2024-12-08 16:00:00,2024-12-08 16:00:00,DEV_004,92,43,80
DEV_004_2024-12-08 18:00:00,2024-12-08 18:00:00,DEV_004,59,52,97
DEV_004_2024-12-08 20:00:00,2024-12-08 20:00:00,DEV_004,19,21,22
DEV_004_2024-12-08 22:00:00,2024-12-08 22:00:00,DEV_004,9,9,73
DEV_004_2024-12-09 00:00:00,2024-12-09 00:00:00,DEV_004,27,17,44
DEV_004_2024-12-09 02:00:00,2024-12-09 02:00:00,DEV_004,45,8,80
DEV_004_2024-12-09 04:00:00,2024-12-09 04:00:00,DEV_004,18,33,1
DEV_004_2024-12-09 06:00:00,2024-12-09 06:00:00,DEV_004,76,6,41
DEV_004_2024-12-09 08:00:00,2024-12-09 08:00:00,DEV_004,55,5,59
DEV_004_2024-12-09 10:00:00,2024-12-09 10:00:00,DEV_004,80,18,49
DEV_004_2024-12-09 12:00:00,2024-12-09 12:00:00,DEV_004,82,65,83
DEV_004_2024-12-09 14:00:00,2024-12-09 14:00:00,DEV_004,54,61,8
DEV_004_2024-12-09 16:00:00,2024-12-09 16:00:00,DEV_004,3,25,69
DEV_004_2024-12-09 18:00:00,2024-12-09 18:00:00,DEV_004,55,40,83
DEV_004_2024-12-09 20:00:00,2024-12-09 20:00:00,DEV_004,82,50,95
DEV_004_2024-12-09 22:00:00,2024-12-09 22:00:00,DEV_004,33,18,57
DEV_004_2024-12-10 00:00:00,2024-12-10 00:00:00,DEV_004,16,80,38
DEV_004_2024-12-10 02:00:00,2024-12-10 02:00:00,DEV_004,41,7,78
DEV_004_2024-12-10 04:00:00,2024-12-10 04:00:00,DEV_004,53,63,89
DEV_004_2024-12-10 06:00:00,2024-12-10 06:00:00,DEV_004,32,38,22
DEV_004_2024-12-10 08:00:00,2024-12-10 08:00:00,DEV_004,16,52,29
DEV_004_2024-12-10 10:00:00,2024-12-10 10:00:00,DEV_004,16,76,17
DEV_004_2024-12-10 12:00:00,2024-12-10 12:00:00,DEV_004,64,91,89
DEV_004_2024-12-10 14:00:00,2024-12-10 14:00:00,DEV_004,13,72,56
DEV_004_2024-12-10 16:00:00,2024-12-10 16:00:00,DEV_004,5,12,41
DEV_004_2024-12-10 18:00:00,2024-12-10 18:00:00,DEV_004,3,99,33
DEV_004_2024-12-10 20:00:00,2024-12-10 20:00:00,DEV_004,86,50,56
DEV_004_2024-12-10 22:00:00,2024-12-10 22:00:00,DEV_004,9,82,50
DEV_004_2024-12-11 00:00:00,2024-12-11 00:00:00,DEV_004,29,39,91
DEV_004_2024-12-11 02:00:00,2024-12-11 02:00:00,DEV_004,45,17,56
DEV_004_2024-12-11 04:00:00,2024-12-11 04:00:00,DEV_004,98,46,67
DEV_004_2024-12-11 06:00:00,2024-12-11 06:00:00,DEV_004,69,14,67
DEV_004_2024-12-11 08:00:00,2024-12-11 08:00:00,DEV_004,23,94,61
DEV_004_2024-12-11 10:00:00,2024-12-11 10:00:00,DEV_004,23,27,54
DEV_004_2024-12-11 12:00:00,2024-12-11 12:00:00,DEV_004,10,89,77
DEV_004_2024-12-11 14:00:00,2024-12-11 14:00:00,DEV_004,16,41,98
DEV_004_2024-12-11 16:00:00,2024-12-11 16:00:00,DEV_004,55,61,86
DEV_004_2024-12-11 18:00:00,2024-12-11 18:00:00,DEV_004,81,87,49
DEV_004_2024-12-11 20:00:00,2024-12-11 20:00:00,DEV_004,73,52,2
DEV_004_2024-12-11 22:00:00,2024-12-11 22:00:00,DEV_004,96,50,86
DEV_004_2024-12-12 00:00:00,2024-12-12 00:00:00,DEV_004,43,77,8
DEV_004_2024-12-12 02:00:00,2024-12-12 02:00:00,DEV_004,59,65,81
DEV_004_2024-12-12 04:00:00,2024-12-12 04:00:00,DEV_004,12,4,77
DEV_004_2024-12-12 06:00:00,2024-12-12 06:00:00,DEV_004,95,41,7
DEV_004_2024-12-12 08:00:00,2024-12-12 08:00:00,DEV_004,87,88,69
DEV_004_2024-12-12 10:00:00,2024-12-12 10:00:00,DEV_004,69,81,30
DEV_004_2024-12-12 12:00:00,2024-12-12 12:00:00,DEV_004,73,6,89
DEV_004_2024-12-12 14:00:00,2024-12-12 14:00:00,DEV_004,19,80,85
DEV_004_2024-12-12 16:00:00,2024-12-12 16:00:00,DEV_004,66,10,16
DEV_004_2024-12-12 18:00:00,2024-12-12 18:00:00,DEV_004,37,79,77
DEV_004_2024-12-12 20:00:00,2024-12-12 20:00:00,DEV_004,77,32,47
DEV_004_2024-12-12 22:00:00,2024-12-12 22:00:00,DEV_004,72,43,82
DEV_004_2024-12-13 00:00:00,2024-12-13 00:00:00,DEV_004,36,26,10
DEV_004_2024-12-13 02:00:00,2024-12-13 02:00:00,DEV_004,31,97,29
DEV_004_2024-12-13 04:00:00,2024-12-13 04:00:00,DEV_004,5,77,1
DEV_004_2024-12-13 06:00:00,2024-12-13 06:00:00,DEV_004,87,3,67
DEV_004_2024-12-13 08:00:00,2024-12-13 08:00:00,DEV_004,71,35,15
DEV_004_2024-12-13 10:00:00,2024-12-13 10:00:00,DEV_004,67,93,30
DEV_004_2024-12-13 12:00:00,2024-12-13 12:00:00,DEV_004,82,75,43
DEV_004_2024-12-13 14:00:00,2024-12-13 14:00:00,DEV_004,60,40,65
DEV_004_2024-12-13 16:00:00,2024-12-13 16:00:00,DEV_004,29,74,92
DEV_004_2024-12-13 18:00:00,2024-12-13 18:00:00,DEV_004,95,19,3
DEV_004_2024-12-13 20:00:00,2024-12-13 20:00:00,DEV_004,36,43,15
DEV_004_2024-12-13 22:00:00,2024-12-13 22:00:00,DEV_004,97,41,90
DEV_004_2024-12-14 00:00:00,2024-12-14 00:00:00,DEV_004,80,36,97
DEV_004_2024-12-14 02:00:00,2024-12-14 02:00:00,DEV_004,84,77,33
DEV_004_2024-12-14 04:00:00,2024-12-14 04:00:00,DEV_004,5,78,91
DEV_004_2024-12-14 06:00:00,2024-12-14 06:00:00,DEV_004,87,14,68
DEV_004_2024-12-14 08:00:00,2024-12-14 08:00:00,DEV_004,83,47,54
DEV_004_2024-12-14 10:00:00,2024-12-14 10:00:00,DEV_004,4,94,83
DEV_004_2024-12-14 12:00:00,2024-12-14 12:00:00,DEV_004,95,95,9
DEV_004_2024-12-14 14:00:00,2024-12-14 14:00:00,DEV_004,53,77,78
DEV_004_2024-12-14 16:00:00,2024-12-14 16:00:00,DEV_004,60,46,54
DEV_004_2024-12-14 18:00:00,2024-12-14 18:00:00,DEV_004,74,95,37
DEV_004_2024-12-14 20:00:00,2024-12-14 20:00:00,DEV_004,23,27,70
DEV_004_2024-12-14 22:00:00,2024-12-14 22:00:00,DEV_004,90,66,61
DEV_004_2024-12-15 00:00:00,2024-12-15 00:00:00,DEV_004,77,51,50
DEV_004_2024-12-15 02:00:00,2024-12-15 02:00:00,DEV_004,19,1,40
DEV_004_2024-12-15 04:00:00,2024-12-15 04:00:00,DEV_004,32,22,93
DEV_004_2024-12-15 06:00:00,2024-12-15 06:00:00,DEV_004,66,40,38
DEV_004_2024-12-15 08:00:00,2024-12-15 08:00:00,DEV_004,48,55,75
DEV_004_2024-12-15 10:00:00,2024-12-15 10:00:00,DEV_004,81,55,51
DEV_004_2024-12-15 12:00:00,2024-12-15 12:00:00,DEV_004,60,8,86
DEV_004_2024-12-15 14:00:00,2024-12-15 14:00:00,DEV_004,68,75,72
DEV_004_2024-12-15 16:00:00,2024-12-15 16:00:00,DEV_004,9,90,2
DEV_004_2024-12-15 18:00:00,2024-12-15 18:00:00,DEV_004,80,95,70
DEV_004_2024-12-15 20:00:00,2024-12-15 20:00:00,DEV_004,85,90,59
DEV_004_2024-12-15 22:00:00,2024-12-15 22:00:00,DEV_004,19,28,72
DEV_004_2024-12-16 00:00:00,2024-12-16 00:00:00,DEV_004,14,24,44
DEV_004_2024-12-16 02:00:00,2024-12-16 02:00:00,DEV_004,56,90,95
DEV_004_2024-12-16 04:00:00,2024-12-16 04:00:00,DEV_004,51,32,50
DEV_004_2024-12-16 06:00:00,2024-12-16 06:00:00,DEV_004,41,66,25
DEV_004_2024-12-16 08:00:00,2024-12-16 08:00:00,DEV_004,61,66,42
DEV_004_2024-12-16 10:00:00,2024-12-16 10:00:00,DEV_004,65,36,76
DEV_004_2024-12-16 12:00:00,2024-12-16 12:00:00,DEV_004,9,36,92
DEV_004_2024-12-16 14:00:00,2024-12-16 14:00:00,DEV_004,38,33,42
DEV_004_2024-12-16 16:00:00,2024-12-16 16:00:00,DEV_004,61,46,86
DEV_004_2024-12-16 18:00:00,2024-12-16 18:00:00,DEV_004,89,61,18
DEV_004_2024-12-16 20:00:00,2024-12-16 20:00:00,DEV_004,70,82,80
DEV_004_2024-12-16 22:00:00,2024-12-16 22:00:00,DEV_004,15,48,72
DEV_004_2024-12-17 00:00:00,2024-12-17 00:00:00,DEV_004,13,43,60
DEV_004_2024-12-17 02:00:00,2024-12-17 02:00:00,DEV_004,57,71,17
DEV_004_2024-12-17 04:00:00,2024-12-17 04:00:00,DEV_004,50,32,22
DEV_004_2024-12-17 06:00:00,2024-12-17 06:00:00,DEV_004,55,57,13
DEV_004_2024-12-17 08:00:00,2024-12-17 08:00:00,DEV_004,47,87,62
DEV_004_2024-12-17 10:00:00,2024-12-17 10:00:00,DEV_004,54,29,22
DEV_004_2024-12-17 12:00:00,2024-12-17 12:00:00,DEV_004,65,29,48
DEV_004_2024-12-17 14:00:00,2024-12-17 14:00:00,DEV_004,5,35,74
DEV_004_2024-12-17 16:00:00,2024-12-17 16:00:00,DEV_004,83,71,46
DEV_004_2024-12-17 18:00:00,2024-12-17 18:00:00,DEV_004,35,45,13
DEV_004_2024-12-17 20:00:00,2024-12-17 20:00:00,DEV_004,10,66,70
DEV_004_2024-12-17 22:00:00,2024-12-17 22:00:00,DEV_004,72,25,44
DEV_004_2024-12-18 00:00:00,2024-12-18 00:00:00,DEV_004,60,47,40
DEV_004_2024-12-18 02:00:00,2024-12-18 02:00:00,DEV_004,7,46,23
DEV_004_2024-12-18 04:00:00,2024-12-18 04:00:00,DEV_004,83,46,86
DEV_004_2024-12-18 06:00:00,2024-12-18 06:00:00,DEV_004,13,21,1
DEV_004_2024-12-18 08:00:00,2024-12-18 08:00:00,DEV_004,19,60,33
DEV_004_2024-12-18 10:00:00,2024-12-18 10:00:00,DEV_004,4,3,91
DEV_004_2024-12-18 12:00:00,2024-12-18 12:00:00,DEV_004,52,99,28
DEV_004_2024-12-18 14:00:00,2024-12-18 14:00:00,DEV_004,70,70,55
DEV_004_2024-12-18 16:00:00,2024-12-18 16:00:00,DEV_004,57,87,97
DEV_004_2024-12-18 18:00:00,2024-12-18 18:00:00,DEV_004,16,24,69
DEV_004_2024-12-18 20:00:00,2024-12-18 20:00:00,DEV_004,41,77,47
DEV_004_2024-12-18 22:00:00,2024-12-18 22:00:00,DEV_004,76,69,31
DEV_004_2024-12-19 00:00:00,2024-12-19 00:00:00,DEV_004,92,92,30
DEV_004_2024-12-19 02:00:00,2024-12-19 02:00:00,DEV_004,18,44,27
DEV_004_2024-12-19 04:00:00,2024-12-19 04:00:00,DEV_004,99,26,60
DEV_004_2024-12-19 06:00:00,2024-12-19 06:00:00,DEV_004,18,97,89
DEV_004_2024-12-19 08:00:00,2024-12-19 08:00:00,DEV_004,56,31,59
DEV_004_2024-12-19 10:00:00,2024-12-19 10:00:00,DEV_004,2,97,39
DEV_004_2024-12-19 12:00:00,2024-12-19 12:00:00,DEV_004,61,63,96
DEV_004_2024-12-19 14:00:00,2024-12-19 14:00:00,DEV_004,18,17,98
DEV_004_2024-12-19 16:00:00,2024-12-19 16:00:00,DEV_004,39,71,54
DEV_004_2024-12-19 18:00:00,2024-12-19 18:00:00,DEV_004,99,94,76
DEV_004_2024-12-19 20:00:00,2024-12-19 20:00:00,DEV_004,35,11,61
DEV_004_2024-12-19 22:00:00,2024-12-19 22:00:00,DEV_004,44,68,25
DEV_004_2024-12-20 00:00:00,2024-12-20 00:00:00,DEV_004,48,32,84
DEV_004_2024-12-20 02:00:00,2024-12-20 02:00:00,DEV_004,95,4,38
DEV_004_2024-12-20 04:00:00,2024-12-20 04:00:00,DEV_004,63,47,1
DEV_004_2024-12-20 06:00:00,2024-12-20 06:00:00,DEV_004,3,86,62
DEV_004_2024-12-20 08:00:00,2024-12-20 08:00:00,DEV_004,64,17,78
DEV_004_2024-12-20 10:00:00,2024-12-20 10:00:00,DEV_004,62,35,13
DEV_004_2024-12-20 12:00:00,2024-12-20 12:00:00,DEV_004,35,43,2
DEV_004_2024-12-20 14:00:00,2024-12-20 14:00:00,DEV_004,56,77,51
DEV_004_2024-12-20 16:00:00,2024-12-20 16:00:00,DEV_004,54,16,18
DEV_004_2024-12-20 18:00:00,2024-12-20 18:00:00,DEV_004,7,45,36
DEV_004_2024-12-20 20:00:00,2024-12-20 20:00:00,DEV_004,41,94,42
DEV_004_2024-12-20 22:00:00,2024-12-20 22:00:00,DEV_004,7,15,60
DEV_004_2024-12-21 00:00:00,2024-12-21 00:00:00,DEV_004,40,83,37
DEV_004_2024-12-21 02:00:00,2024-12-21 02:00:00,DEV_004,66,55,77
DEV_004_2024-12-21 04:00:00,2024-12-21 04:00:00,DEV_004,95,80,56
DEV_004_2024-12-21 06:00:00,2024-12-21 06:00:00,DEV_004,44,57,6
DEV_004_2024-12-21 08:00:00,2024-12-21 08:00:00,DEV_004,92,32,74
DEV_004_2024-12-21 10:00:00,2024-12-21 10:00:00,DEV_004,18,68,73
DEV_004_2024-12-21 12:00:00,2024-12-21 12:00:00,DEV_004,7,8,64
DEV_004_2024-12-21 14:00:00,2024-12-21 14:00:00,DEV_004,7,41,40
DEV_004_2024-12-21 16:00:00,2024-12-21 16:00:00,DEV_004,3,17,66
DEV_004_2024-12-21 18:00:00,2024-12-21 18:00:00,DEV_004,79,93,52
DEV_004_2024-12-21 20:00:00,2024-12-21 20:00:00,DEV_004,22,4,6
DEV_004_2024-12-21 22:00:00,2024-12-21 22:00:00,DEV_004,38,26,11
DEV_004_2024-12-22 00:00:00,2024-12-22 00:00:00,DEV_004,90,17,88
DEV_004_2024-12-22 02:00:00,2024-12-22 02:00:00,DEV_004,92,99,31
DEV_004_2024-12-22 04:00:00,2024-12-22 04:00:00,DEV_004,77,35,16
DEV_004_2024-12-22 06:00:00,2024-12-22 06:00:00,DEV_004,79,18,62
DEV_004_2024-12-22 08:00:00,2024-12-22 08:00:00,DEV_004,27,35,45
DEV_004_2024-12-22 10:00:00,2024-12-22 10:00:00,DEV_004,35,28,9
DEV_004_2024-12-22 12:00:00,2024-12-22 12:00:00,DEV_004,76,15,21
DEV_004_2024-12-22 14:00:00,2024-12-22 14:00:00,DEV_004,52,35,97
DEV_004_2024-12-22 16:00:00,2024-12-22 16:00:00,DEV_004,51,83,55
DEV_004_2024-12-22 18:00:00,2024-12-22 18:00:00,DEV_004,87,77,44
DEV_004_2024-12-22 20:00:00,2024-12-22 20:00:00,DEV_004,65,93,88
DEV_004_2024-12-22 22:00:00,2024-12-22 22:00:00,DEV_004,80,25,87
DEV_004_2024-12-23 00:00:00,2024-12-23 00:00:00,DEV_004,92,47,80
DEV_004_2024-12-23 02:00:00,2024-12-23 02:00:00,DEV_004,56,38,11
DEV_004_2024-12-23 04:00:00,2024-12-23 04:00:00,DEV_004,67,15,1
DEV_004_2024-12-23 06:00:00,2024-12-23 06:00:00,DEV_004,7,1,49
DEV_004_2024-12-23 08:00:00,2024-12-23 08:00:00,DEV_004,96,73,29
DEV_004_2024-12-23 10:00:00,2024-12-23 10:00:00,DEV_004,26,87,45
DEV_004_2024-12-23 12:00:00,2024-12-23 12:00:00,DEV_004,93,97,71
DEV_004_2024-12-23 14:00:00,2024-12-23 14:00:00,DEV_004,12,95,32
DEV_004_2024-12-23 16:00:00,2024-12-23 16:00:00,DEV_004,20,51,81
DEV_004_2024-12-23 18:00:00,2024-12-23 18:00:00,DEV_004,36,67,1
DEV_004_2024-12-23 20:00:00,2024-12-23 20:00:00,DEV_004,27,40,97
DEV_004_2024-12-23 22:00:00,2024-12-23 22:00:00,DEV_004,84,14,69
DEV_004_2024-12-24 00:00:00,2024-12-24 00:00:00,DEV_004,87,79,6
DEV_004_2024-12-24 02:00:00,2024-12-24 02:00:00,DEV_004,33,55,19
DEV_004_2024-12-24 04:00:00,2024-12-24 04:00:00,DEV_004,77,29,61
DEV_004_2024-12-24 06:00:00,2024-12-24 06:00:00,DEV_004,70,79,80
DEV_004_2024-12-24 08:00:00,2024-12-24 08:00:00,DEV_004,24,23,10
DEV_004_2024-12-24 10:00:00,2024-12-24 10:00:00,DEV_004,54,41,49
DEV_004_2024-12-24 12:00:00,2024-12-24 12:00:00,DEV_004,17,56,45
DEV_004_2024-12-24 14:00:00,2024-12-24 14:00:00,DEV_004,30,44,74
DEV_004_2024-12-24 16:00:00,2024-12-24 16:00:00,DEV_004,55,19,29
DEV_004_2024-12-24 18:00:00,2024-12-24 18:00:00,DEV_004,2,36,19
DEV_004_2024-12-24 20:00:00,2024-12-24 20:00:00,DEV_004,7,26,79
DEV_004_2024-12-24 22:00:00,2024-12-24 22:00:00,DEV_004,38,3,80
DEV_004_2024-12-25 00:00:00,2024-12-25 00:00:00,DEV_004,66,95,92
DEV_004_2024-12-25 02:00:00,2024-12-25 02:00:00,DEV_004,71,94,43
DEV_004_2024-12-25 04:00:00,2024-12-25 04:00:00,DEV_004,62,71,93
DEV_004_2024-12-25 06:00:00,2024-12-25 06:00:00,DEV_004,24,39,68
DEV_004_2024-12-25 08:00:00,2024-12-25 08:00:00,DEV_004,93,44,5
DEV_004_2024-12-25 10:00:00,2024-12-25 10:00:00,DEV_004,55,93,30
DEV_004_2024-12-25 12:00:00,2024-12-25 12:00:00,DEV_004,29,26,83
DEV_004_2024-12-25 14:00:00,2024-12-25 14:00:00,DEV_004,26,37,91
DEV_004_2024-12-25 16:00:00,2024-12-25 16:00:00,DEV_004,94,53,30
DEV_004_2024-12-25 18:00:00,2024-12-25 18:00:00,DEV_004,3,43,7
DEV_004_2024-12-25 20:00:00,2024-12-25 20:00:00,DEV_004,49,73,41
DEV_004_2024-12-25 22:00:00,2024-12-25 22:00:00,DEV_004,77,79,54
DEV_004_2024-12-26 00:00:00,2024-12-26 00:00:00,DEV_004,69,93,99
DEV_004_2024-12-26 02:00:00,2024-12-26 02:00:00,DEV_004,91,27,8
DEV_004_2024-12-26 04:00:00,2024-12-26 04:00:00,DEV_004,32,84,64
DEV_004_2024-12-26 06:00:00,2024-12-26 06:00:00,DEV_004,10,13,63
DEV_004_2024-12-26 08:00:00,2024-12-26 08:00:00,DEV_004,93,35,61
DEV_004_2024-12-26 10:00:00,2024-12-26 10:00:00,DEV_004,54,8,29
DEV_004_2024-12-26 12:00:00,2024-12-26 12:00:00,DEV_004,95,41,30
DEV_004_2024-12-26 14:00:00,2024-12-26 14:00:00,DEV_004,86,21,76
DEV_004_2024-12-26 16:00:00,2024-12-26 16:00:00,DEV_004,11,2,50
DEV_004_2024-12-26 18:00:00,2024-12-26 18:00:00,DEV_004,41,66,98
DEV_004_2024-12-26 20:00:00,2024-12-26 20:00:00,DEV_004,3,80,51
DEV_004_2024-12-26 22:00:00,2024-12-26 22:00:00,DEV_004,68,87,84
DEV_004_2024-12-27 00:00:00,2024-12-27 00:00:00,DEV_004,25,30,82
DEV_004_2024-12-27 02:00:00,2024-12-27 02:00:00,DEV_004,11,93,17
DEV_004_2024-12-27 04:00:00,2024-12-27 04:00:00,DEV_004,26,23,56
DEV_004_2024-12-27 06:00:00,2024-12-27 06:00:00,DEV_004,52,48,20
DEV_004_2024-12-27 08:00:00,2024-12-27 08:00:00,DEV_004,2,88,31
DEV_004_2024-12-27 10:00:00,2024-12-27 10:00:00,DEV_004,27,2,78
DEV_004_2024-12-27 12:00:00,2024-12-27 12:00:00,DEV_004,4,13,35
DEV_004_2024-12-27 14:00:00,2024-12-27 14:00:00,DEV_004,72,66,6
DEV_004_2024-12-27 16:00:00,2024-12-27 16:00:00,DEV_004,31,10,21
DEV_004_2024-12-27 18:00:00,2024-12-27 18:00:00,DEV_004,74,23,3
DEV_004_2024-12-27 20:00:00,2024-12-27 20:00:00,DEV_004,32,20,74
DEV_004_2024-12-27 22:00:00,2024-12-27 22:00:00,DEV_004,29,52,46
DEV_004_2024-12-28 00:00:00,2024-12-28 00:00:00,DEV_004,34,84,61
DEV_004_2024-12-28 02:00:00,2024-12-28 02:00:00,DEV_004,72,71,70
DEV_004_2024-12-28 04:00:00,2024-12-28 04:00:00,DEV_004,11,82,93
DEV_004_2024-12-28 06:00:00,2024-12-28 06:00:00,DEV_004,89,63,21
DEV_004_2024-12-28 08:00:00,2024-12-28 08:00:00,DEV_004,3,82,88
DEV_004_2024-12-28 10:00:00,2024-12-28 10:00:00,DEV_004,10,27,12
DEV_004_2024-12-28 12:00:00,2024-12-28 12:00:00,DEV_004,7,17,65
DEV_004_2024-12-28 14:00:00,2024-12-28 14:00:00,DEV_004,64,26,15
DEV_004_2024-12-28 16:00:00,2024-12-28 16:00:00,DEV_004,33,62,47
DEV_004_2024-12-28 18:00:00,2024-12-28 18:00:00,DEV_004,95,35,65
DEV_004_2024-12-28 20:00:00,2024-12-28 20:00:00,DEV_004,72,76,83
DEV_004_2024-12-28 22:00:00,2024-12-28 22:00:00,DEV_004,25,57,32
DEV_004_2024-12-29 00:00:00,2024-12-29 00:00:00,DEV_004,63,12,63
DEV_004_2024-12-29 02:00:00,2024-12-29 02:00:00,DEV_004,77,92,1
DEV_004_2024-12-29 04:00:00,2024-12-29 04:00:00,DEV_004,51,70,8
DEV_004_2024-12-29 06:00:00,2024-12-29 06:00:00,DEV_004,68,5,89
DEV_004_2024-12-29 08:00:00,2024-12-29 08:00:00,DEV_004,86,92,39
DEV_004_2024-12-29 10:00:00,2024-12-29 10:00:00,DEV_004,23,68,52
DEV_004_2024-12-29 12:00:00,2024-12-29 12:00:00,DEV_004,4,47,21
DEV_004_2024-12-29 14:00:00,2024-12-29 14:00:00,DEV_004,56,66,59
DEV_004_2024-12-29 16:00:00,2024-12-29 16:00:00,DEV_004,7,49,16
DEV_004_2024-12-29 18:00:00,2024-12-29 18:00:00,DEV_004,17,84,87
DEV_004_2024-12-29 20:00:00,2024-12-29 20:00:00,DEV_004,98,75,34
DEV_004_2024-12-29 22:00:00,2024-12-29 22:00:00,DEV_004,33,26,66
DEV_005_2024-09-01 00:00:00,2024-09-01 00:00:00,DEV_005,63,87,41
DEV_005_2024-09-01 05:00:00,2024-09-01 05:00:00,DEV_005,86,58,98
DEV_005_2024-09-01 10:00:00,2024-09-01 10:00:00,DEV_005,79,10,15
DEV_005_2024-09-01 15:00:00,2024-09-01 15:00:00,DEV_005,42,93,57
DEV_005_2024-09-01 20:00:00,2024-09-01 20:00:00,DEV_005,87,17,60
DEV_005_2024-09-02 01:00:00,2024-09-02 01:00:00,DEV_005,9,36,73
DEV_005_2024-09-02 06:00:00,2024-09-02 06:00:00,DEV_005,80,36,48
DEV_005_2024-09-02 11:00:00,2024-09-02 11:00:00,DEV_005,51,97,95
DEV_005_2024-09-02 16:00:00,2024-09-02 16:00:00,DEV_005,70,74,80
DEV_005_2024-09-02 21:00:00,2024-09-02 21:00:00,DEV_005,68,22,77
DEV_005_2024-09-03 02:00:00,2024-09-03 02:00:00,DEV_005,80,93,6
DEV_005_2024-09-03 07:00:00,2024-09-03 07:00:00,DEV_005,26,75,88
DEV_005_2024-09-03 12:00:00,2024-09-03 12:00:00,DEV_005,93,3,52
DEV_005_2024-09-03 17:00:00,2024-09-03 17:00:00,DEV_005,74,60,63
DEV_005_2024-09-03 22:00:00,2024-09-03 22:00:00,DEV_005,65,52,90
DEV_005_2024-09-04 03:00:00,2024-09-04 03:00:00,DEV_005,76,14,89
DEV_005_2024-09-04 08:00:00,2024-09-04 08:00:00,DEV_005,72,68,28
DEV_005_2024-09-04 13:00:00,2024-09-04 13:00:00,DEV_005,71,10,57
DEV_005_2024-09-04 18:00:00,2024-09-04 18:00:00,DEV_005,66,90,50
DEV_005_2024-09-04 23:00:00,2024-09-04 23:00:00,DEV_005,14,16,54
DEV_005_2024-09-05 04:00:00,2024-09-05 04:00:00,DEV_005,43,42,81
DEV_005_2024-09-05 09:00:00,2024-09-05 09:00:00,DEV_005,22,68,19
DEV_005_2024-09-05 14:00:00,2024-09-05 14:00:00,DEV_005,66,39,73
DEV_005_2024-09-05 19:00:00,2024-09-05 19:00:00,DEV_005,19,16,54
DEV_005_2024-09-06 00:00:00,2024-09-06 00:00:00,DEV_005,25,18,23
DEV_005_2024-09-06 05:00:00,2024-09-06 05:00:00,DEV_005,85,11,39
DEV_005_2024-09-06 10:00:00,2024-09-06 10:00:00,DEV_005,68,25,63
DEV_005_2024-09-06 15:00:00,2024-09-06 15:00:00,DEV_005,96,30,45
DEV_005_2024-09-06 20:00:00,2024-09-06 20:00:00,DEV_005,90,61,51
DEV_005_2024-09-07 01:00:00,2024-09-07 01:00:00,DEV_005,98,9,76
DEV_005_2024-09-07 06:00:00,2024-09-07 06:00:00,DEV_005,2,5,62
DEV_005_2024-09-07 11:00:00,2024-09-07 11:00:00,DEV_005,69,52,86
DEV_005_2024-09-07 16:00:00,2024-09-07 16:00:00,DEV_005,5,59,68
DEV_005_2024-09-07 21:00:00,2024-09-07 21:00:00,DEV_005,9,93,22
DEV_005_2024-09-08 02:00:00,2024-09-08 02:00:00,DEV_005,27,10,80
DEV_005_2024-09-08 07:00:00,2024-09-08 07:00:00,DEV_005,61,51,10
DEV_005_2024-09-08 12:00:00,2024-09-08 12:00:00,DEV_005,6,62,5
DEV_005_2024-09-08 17:00:00,2024-09-08 17:00:00,DEV_005,70,63,56
DEV_005_2024-09-08 22:00:00,2024-09-08 22:00:00,DEV_005,59,63,89
DEV_005_2024-09-09 03:00:00,2024-09-09 03:00:00,DEV_005,59,51,50
DEV_005_2024-09-09 08:00:00,2024-09-09 08:00:00,DEV_005,4,48,32
DEV_005_2024-09-09 13:00:00,2024-09-09 13:00:00,DEV_005,51,52,99
DEV_005_2024-09-09 18:00:00,2024-09-09 18:00:00,DEV_005,74,34,36
DEV_005_2024-09-09 23:00:00,2024-09-09 23:00:00,DEV_005,70,43,16
DEV_005_2024-09-10 04:00:00,2024-09-10 04:00:00,DEV_005,59,53,19
DEV_005_2024-09-10 09:00:00,2024-09-10 09:00:00,DEV_005,98,89,95
DEV_005_2024-09-10 14:00:00,2024-09-10 14:00:00,DEV_005,41,81,47
DEV_005_2024-09-10 19:00:00,2024-09-10 19:00:00,DEV_005,94,54,55
DEV_005_2024-09-11 00:00:00,2024-09-11 00:00:00,DEV_005,95,19,62
DEV_005_2024-09-11 05:00:00,2024-09-11 05:00:00,DEV_005,99,93,59
DEV_005_2024-09-11 10:00:00,2024-09-11 10:00:00,DEV_005,65,68,28
DEV_005_2024-09-11 15:00:00,2024-09-11 15:00:00,DEV_005,18,26,19
DEV_005_2024-09-11 20:00:00,2024-09-11 20:00:00,DEV_005,55,57,6
DEV_005_2024-09-12 01:00:00,2024-09-12 01:00:00,DEV_005,1,8,97
DEV_005_2024-09-12 06:00:00,2024-09-12 06:00:00,DEV_005,51,85,88
DEV_005_2024-09-12 11:00:00,2024-09-12 11:00:00,DEV_005,25,47,55
DEV_005_2024-09-12 16:00:00,2024-09-12 16:00:00,DEV_005,64,83,93
DEV_005_2024-09-12 21:00:00,2024-09-12 21:00:00,DEV_005,10,56,12
DEV_005_2024-09-13 02:00:00,2024-09-13 02:00:00,DEV_005,33,71,17
DEV_005_2024-09-13 07:00:00,2024-09-13 07:00:00,DEV_005,61,10,31
DEV_005_2024-09-13 12:00:00,2024-09-13 12:00:00,DEV_005,60,70,17
DEV_005_2024-09-13 17:00:00,2024-09-13 17:00:00,DEV_005,50,37,82
DEV_005_2024-09-13 22:00:00,2024-09-13 22:00:00,DEV_005,62,90,80
DEV_005_2024-09-14 03:00:00,2024-09-14 03:00:00,DEV_005,72,88,77
DEV_005_2024-09-14 08:00:00,2024-09-14 08:00:00,DEV_005,29,32,88
DEV_005_2024-09-14 13:00:00,2024-09-14 13:00:00,DEV_005,80,11,96
DEV_005_2024-09-14 18:00:00,2024-09-14 18:00:00,DEV_005,6,35,33
DEV_005_2024-09-14 23:00:00,2024-09-14 23:00:00,DEV_005,18,37,13
DEV_005_2024-09-15 04:00:00,2024-09-15 04:00:00,DEV_005,74,90,81
DEV_005_2024-09-15 09:00:00,2024-09-15 09:00:00,DEV_005,64,1,63
DEV_005_2024-09-15 14:00:00,2024-09-15 14:00:00,DEV_005,89,34,10
DEV_005_2024-09-15 19:00:00,2024-09-15 19:00:00,DEV_005,84,7,56
DEV_005_2024-09-16 00:00:00,2024-09-16 00:00:00,DEV_005,80,37,29
DEV_005_2024-09-16 05:00:00,2024-09-16 05:00:00,DEV_005,12,17,48
DEV_005_2024-09-16 10:00:00,2024-09-16 10:00:00,DEV_005,84,26,83
DEV_005_2024-09-16 15:00:00,2024-09-16 15:00:00,DEV_005,12,21,42
DEV_005_2024-09-16 20:00:00,2024-09-16 20:00:00,DEV_005,61,58,54
DEV_005_2024-09-17 01:00:00,2024-09-17 01:00:00,DEV_005,34,7,35
DEV_005_2024-09-17 06:00:00,2024-09-17 06:00:00,DEV_005,15,65,90
DEV_005_2024-09-17 11:00:00,2024-09-17 11:00:00,DEV_005,99,25,59
DEV_005_2024-09-17 16:00:00,2024-09-17 16:00:00,DEV_005,79,86,6
DEV_005_2024-09-17 21:00:00,2024-09-17 21:00:00,DEV_005,52,79,88
DEV_005_2024-09-18 02:00:00,2024-09-18 02:00:00,DEV_005,21,71,93
DEV_005_2024-09-18 07:00:00,2024-09-18 07:00:00,DEV_005,96,32,53
DEV_005_2024-09-18 12:00:00,2024-09-18 12:00:00,DEV_005,59,69,62
DEV_005_2024-09-18 17:00:00,2024-09-18 17:00:00,DEV_005,4,86,18
DEV_005_2024-09-18 22:00:00,2024-09-18 22:00:00,DEV_005,99,81,56
DEV_005_2024-09-19 03:00:00,2024-09-19 03:00:00,DEV_005,24,66,13
DEV_005_2024-09-19 08:00:00,2024-09-19 08:00:00,DEV_005,62,54,15
DEV_005_2024-09-19 13:00:00,2024-09-19 13:00:00,DEV_005,69,3,37
DEV_005_2024-09-19 18:00:00,2024-09-19 18:00:00,DEV_005,37,3,63
DEV_005_2024-09-19 23:00:00,2024-09-19 23:00:00,DEV_005,35,52,87
DEV_005_2024-09-20 04:00:00,2024-09-20 04:00:00,DEV_005,28,94,18
DEV_005_2024-09-20 09:00:00,2024-09-20 09:00:00,DEV_005,36,33,64
DEV_005_2024-09-20 14:00:00,2024-09-20 14:00:00,DEV_005,26,48,40
DEV_005_2024-09-20 19:00:00,2024-09-20 19:00:00,DEV_005,17,40,7
DEV_005_2024-09-21 00:00:00,2024-09-21 00:00:00,DEV_005,57,8,56
DEV_005_2024-09-21 05:00:00,2024-09-21 05:00:00,DEV_005,31,59,58
DEV_005_2024-09-21 10:00:00,2024-09-21 10:00:00,DEV_005,12,48,31
DEV_005_2024-09-21 15:00:00,2024-09-21 15:00:00,DEV_005,83,63,74
DEV_005_2024-09-21 20:00:00,2024-09-21 20:00:00,DEV_005,39,76,20
DEV_005_2024-09-22 01:00:00,2024-09-22 01:00:00,DEV_005,48,71,54
DEV_005_2024-09-22 06:00:00,2024-09-22 06:00:00,DEV_005,78,75,71
DEV_005_2024-09-22 11:00:00,2024-09-22 11:00:00,DEV_005,29,74,93
DEV_005_2024-09-22 16:00:00,2024-09-22 16:00:00,DEV_005,73,48,74
DEV_005_2024-09-22 21:00:00,2024-09-22 21:00:00,DEV_005,83,56,95
DEV_005_2024-09-23 02:00:00,2024-09-23 02:00:00,DEV_005,17,9,97
DEV_005_2024-09-23 07:00:00,2024-09-23 07:00:00,DEV_005,34,45,88
DEV_005_2024-09-23 12:00:00,2024-09-23 12:00:00,DEV_005,9,7,16
DEV_005_2024-09-23 17:00:00,2024-09-23 17:00:00,DEV_005,19,6,11
DEV_005_2024-09-23 22:00:00,2024-09-23 22:00:00,DEV_005,76,61,42
DEV_005_2024-09-24 03:00:00,2024-09-24 03:00:00,DEV_005,13,12,85
DEV_005_2024-09-24 08:00:00,2024-09-24 08:00:00,DEV_005,74,20,50
DEV_005_2024-09-24 13:00:00,2024-09-24 13:00:00,DEV_005,36,92,88
DEV_005_2024-09-24 18:00:00,2024-09-24 18:00:00,DEV_005,69,37,12
DEV_005_2024-09-24 23:00:00,2024-09-24 23:00:00,DEV_005,99,40,54
DEV_005_2024-09-25 04:00:00,2024-09-25 04:00:00,DEV_005,2,50,41
DEV_005_2024-09-25 09:00:00,2024-09-25 09:00:00,DEV_005,45,9,62
DEV_005_2024-09-25 14:00:00,2024-09-25 14:00:00,DEV_005,86,47,5
DEV_005_2024-09-25 19:00:00,2024-09-25 19:00:00,DEV_005,76,1,44
DEV_005_2024-09-26 00:00:00,2024-09-26 00:00:00,DEV_005,22,38,19
DEV_005_2024-09-26 05:00:00,2024-09-26 05:00:00,DEV_005,80,31,67
DEV_005_2024-09-26 10:00:00,2024-09-26 10:00:00,DEV_005,87,42,82
DEV_005_2024-09-26 15:00:00,2024-09-26 15:00:00,DEV_005,26,13,58
DEV_005_2024-09-26 20:00:00,2024-09-26 20:00:00,DEV_005,18,67,87
DEV_005_2024-09-27 01:00:00,2024-09-27 01:00:00,DEV_005,3,55,89
DEV_005_2024-09-27 06:00:00,2024-09-27 06:00:00,DEV_005,91,58,63
DEV_005_2024-09-27 11:00:00,2024-09-27 11:00:00,DEV_005,91,52,89
DEV_005_2024-09-27 16:00:00,2024-09-27 16:00:00,DEV_005,24,72,9
DEV_005_2024-09-27 21:00:00,2024-09-27 21:00:00,DEV_005,37,94,83
DEV_005_2024-09-28 02:00:00,2024-09-28 02:00:00,DEV_005,53,80,24
DEV_005_2024-09-28 07:00:00,2024-09-28 07:00:00,DEV_005,21,40,62
DEV_005_2024-09-28 12:00:00,2024-09-28 12:00:00,DEV_005,70,69,14
DEV_005_2024-09-28 17:00:00,2024-09-28 17:00:00,DEV_005,42,50,61
DEV_005_2024-09-28 22:00:00,2024-09-28 22:00:00,DEV_005,4,72,88
DEV_005_2024-09-29 03:00:00,2024-09-29 03:00:00,DEV_005,75,17,85
DEV_005_2024-09-29 08:00:00,2024-09-29 08:00:00,DEV_005,57,90,48
DEV_005_2024-09-29 13:00:00,2024-09-29 13:00:00,DEV_005,44,45,91
DEV_005_2024-09-29 18:00:00,2024-09-29 18:00:00,DEV_005,80,90,33
DEV_005_2024-09-29 23:00:00,2024-09-29 23:00:00,DEV_005,31,47,6
DEV_005_2024-09-30 04:00:00,2024-09-30 04:00:00,DEV_005,72,71,34
DEV_005_2024-09-30 09:00:00,2024-09-30 09:00:00,DEV_005,53,14,16
DEV_005_2024-09-30 14:00:00,2024-09-30 14:00:00,DEV_005,43,73,74
DEV_005_2024-09-30 19:00:00,2024-09-30 19:00:00,DEV_005,81,12,70
DEV_005_2024-10-01 00:00:00,2024-10-01 00:00:00,DEV_005,19,41,53
DEV_005_2024-10-01 05:00:00,2024-10-01 05:00:00,DEV_005,29,70,59
DEV_005_2024-10-01 10:00:00,2024-10-01 10:00:00,DEV_005,89,64,24
DEV_005_2024-10-01 15:00:00,2024-10-01 15:00:00,DEV_005,89,16,52
DEV_005_2024-10-01 20:00:00,2024-10-01 20:00:00,DEV_005,80,6,37
DEV_005_2024-10-02 01:00:00,2024-10-02 01:00:00,DEV_005,85,4,98
DEV_005_2024-10-02 06:00:00,2024-10-02 06:00:00,DEV_005,92,38,41
DEV_005_2024-10-02 11:00:00,2024-10-02 11:00:00,DEV_005,92,81,14
DEV_005_2024-10-02 16:00:00,2024-10-02 16:00:00,DEV_005,71,86,51
DEV_005_2024-10-02 21:00:00,2024-10-02 21:00:00,DEV_005,65,93,52
DEV_005_2024-10-03 02:00:00,2024-10-03 02:00:00,DEV_005,95,30,57
DEV_005_2024-10-03 07:00:00,2024-10-03 07:00:00,DEV_005,79,82,99
DEV_005_2024-10-03 12:00:00,2024-10-03 12:00:00,DEV_005,30,98,42
DEV_005_2024-10-03 17:00:00,2024-10-03 17:00:00,DEV_005,11,27,24
DEV_005_2024-10-03 22:00:00,2024-10-03 22:00:00,DEV_005,99,39,72
DEV_005_2024-10-04 03:00:00,2024-10-04 03:00:00,DEV_005,18,77,45
DEV_005_2024-10-04 08:00:00,2024-10-04 08:00:00,DEV_005,88,87,12
DEV_005_2024-10-04 13:00:00,2024-10-04 13:00:00,DEV_005,49,94,31
DEV_005_2024-10-04 18:00:00,2024-10-04 18:00:00,DEV_005,92,22,44
DEV_005_2024-10-04 23:00:00,2024-10-04 23:00:00,DEV_005,92,64,77
DEV_005_2024-10-05 04:00:00,2024-10-05 04:00:00,DEV_005,25,51,7
DEV_005_2024-10-05 09:00:00,2024-10-05 09:00:00,DEV_005,6,24,19
DEV_005_2024-10-05 14:00:00,2024-10-05 14:00:00,DEV_005,83,9,36
DEV_005_2024-10-05 19:00:00,2024-10-05 19:00:00,DEV_005,40,93,24
DEV_005_2024-10-06 00:00:00,2024-10-06 00:00:00,DEV_005,48,63,69
DEV_005_2024-10-06 05:00:00,2024-10-06 05:00:00,DEV_005,53,54,42
DEV_005_2024-10-06 10:00:00,2024-10-06 10:00:00,DEV_005,45,90,14
DEV_005_2024-10-06 15:00:00,2024-10-06 15:00:00,DEV_005,29,6,7
DEV_005_2024-10-06 20:00:00,2024-10-06 20:00:00,DEV_005,37,53,18
DEV_005_2024-10-07 01:00:00,2024-10-07 01:00:00,DEV_005,87,38,59
DEV_005_2024-10-07 06:00:00,2024-10-07 06:00:00,DEV_005,1,68,44
DEV_005_2024-10-07 11:00:00,2024-10-07 11:00:00,DEV_005,47,35,87
DEV_005_2024-10-07 16:00:00,2024-10-07 16:00:00,DEV_005,91,60,90
DEV_005_2024-10-07 21:00:00,2024-10-07 21:00:00,DEV_005,52,8,80
DEV_005_2024-10-08 02:00:00,2024-10-08 02:00:00,DEV_005,41,3,96
DEV_005_2024-10-08 07:00:00,2024-10-08 07:00:00,DEV_005,69,84,14
DEV_005_2024-10-08 12:00:00,2024-10-08 12:00:00,DEV_005,96,26,70
DEV_005_2024-10-08 17:00:00,2024-10-08 17:00:00,DEV_005,58,40,51
DEV_005_2024-10-08 22:00:00,2024-10-08 22:00:00,DEV_005,5,77,32
DEV_005_2024-10-09 03:00:00,2024-10-09 03:00:00,DEV_005,80,1,77
DEV_005_2024-10-09 08:00:00,2024-10-09 08:00:00,DEV_005,54,11,53
DEV_005_2024-10-09 13:00:00,2024-10-09 13:00:00,DEV_005,8,25,40
DEV_005_2024-10-09 18:00:00,2024-10-09 18:00:00,DEV_005,32,88,28
DEV_005_2024-10-09 23:00:00,2024-10-09 23:00:00,DEV_005,78,3,91
DEV_005_2024-10-10 04:00:00,2024-10-10 04:00:00,DEV_005,84,79,62
DEV_005_2024-10-10 09:00:00,2024-10-10 09:00:00,DEV_005,27,45,92
DEV_005_2024-10-10 14:00:00,2024-10-10 14:00:00,DEV_005,25,61,44
DEV_005_2024-10-10 19:00:00,2024-10-10 19:00:00,DEV_005,97,46,14
DEV_005_2024-10-11 00:00:00,2024-10-11 00:00:00,DEV_005,8,48,14
DEV_005_2024-10-11 05:00:00,2024-10-11 05:00:00,DEV_005,65,80,82
DEV_005_2024-10-11 10:00:00,2024-10-11 10:00:00,DEV_005,7,79,88
DEV_005_2024-10-11 15:00:00,2024-10-11 15:00:00,DEV_005,49,55,13
DEV_005_2024-10-11 20:00:00,2024-10-11 20:00:00,DEV_005,73,56,56
DEV_005_2024-10-12 01:00:00,2024-10-12 01:00:00,DEV_005,15,57,58
DEV_005_2024-10-12 06:00:00,2024-10-12 06:00:00,DEV_005,35,88,97
DEV_005_2024-10-12 11:00:00,2024-10-12 11:00:00,DEV_005,16,8,93
DEV_005_2024-10-12 16:00:00,2024-10-12 16:00:00,DEV_005,87,45,95
DEV_005_2024-10-12 21:00:00,2024-10-12 21:00:00,DEV_005,40,54,14
DEV_005_2024-10-13 02:00:00,2024-10-13 02:00:00,DEV_005,59,94,53
DEV_005_2024-10-13 07:00:00,2024-10-13 07:00:00,DEV_005,27,47,80
DEV_005_2024-10-13 12:00:00,2024-10-13 12:00:00,DEV_005,6,55,97
DEV_005_2024-10-13 17:00:00,2024-10-13 17:00:00,DEV_005,44,18,16
DEV_005_2024-10-13 22:00:00,2024-10-13 22:00:00,DEV_005,12,20,45
DEV_005_2024-10-14 03:00:00,2024-10-14 03:00:00,DEV_005,64,59,93
DEV_005_2024-10-14 08:00:00,2024-10-14 08:00:00,DEV_005,94,90,22
DEV_005_2024-10-14 13:00:00,2024-10-14 13:00:00,DEV_005,97,47,29
DEV_005_2024-10-14 18:00:00,2024-10-14 18:00:00,DEV_005,86,45,77
DEV_005_2024-10-14 23:00:00,2024-10-14 23:00:00,DEV_005,9,24,15
DEV_005_2024-10-15 04:00:00,2024-10-15 04:00:00,DEV_005,36,13,91
DEV_005_2024-10-15 09:00:00,2024-10-15 09:00:00,DEV_005,44,71,72
DEV_005_2024-10-15 14:00:00,2024-10-15 14:00:00,DEV_005,78,76,36
DEV_005_2024-10-15 19:00:00,2024-10-15 19:00:00,DEV_005,61,81,40
DEV_005_2024-10-16 00:00:00,2024-10-16 00:00:00,DEV_005,93,27,1
DEV_005_2024-10-16 05:00:00,2024-10-16 05:00:00,DEV_005,34,68,88
DEV_005_2024-10-16 10:00:00,2024-10-16 10:00:00,DEV_005,21,33,7
DEV_005_2024-10-16 15:00:00,2024-10-16 15:00:00,DEV_005,65,3,51
DEV_005_2024-10-16 20:00:00,2024-10-16 20:00:00,DEV_005,79,95,54
DEV_005_2024-10-17 01:00:00,2024-10-17 01:00:00,DEV_005,80,74,93
DEV_005_2024-10-17 06:00:00,2024-10-17 06:00:00,DEV_005,59,6,29
DEV_005_2024-10-17 11:00:00,2024-10-17 11:00:00,DEV_005,17,60,22
DEV_005_2024-10-17 16:00:00,2024-10-17 16:00:00,DEV_005,24,81,85
DEV_005_2024-10-17 21:00:00,2024-10-17 21:00:00,DEV_005,51,50,11
DEV_005_2024-10-18 02:00:00,2024-10-18 02:00:00,DEV_005,56,71,42
DEV_005_2024-10-18 07:00:00,2024-10-18 07:00:00,DEV_005,39,69,48
DEV_005_2024-10-18 12:00:00,2024-10-18 12:00:00,DEV_005,57,21,82
DEV_005_2024-10-18 17:00:00,2024-10-18 17:00:00,DEV_005,99,20,15
DEV_005_2024-10-18 22:00:00,2024-10-18 22:00:00,DEV_005,69,77,51
DEV_005_2024-10-19 03:00:00,2024-10-19 03:00:00,DEV_005,76,62,85
DEV_005_2024-10-19 08:00:00,2024-10-19 08:00:00,DEV_005,37,6,71
DEV_005_2024-10-19 13:00:00,2024-10-19 13:00:00,DEV_005,26,8,73
DEV_005_2024-10-19 18:00:00,2024-10-19 18:00:00,DEV_005,91,4,21
DEV_005_2024-10-19 23:00:00,2024-10-19 23:00:00,DEV_005,31,21,25
DEV_005_2024-10-20 04:00:00,2024-10-20 04:00:00,DEV_005,15,35,49
DEV_005_2024-10-20 09:00:00,2024-10-20 09:00:00,DEV_005,43,41,37
DEV_005_2024-10-20 14:00:00,2024-10-20 14:00:00,DEV_005,57,42,47
DEV_005_2024-10-20 19:00:00,2024-10-20 19:00:00,DEV_005,92,61,14
DEV_005_2024-10-21 00:00:00,2024-10-21 00:00:00,DEV_005,68,53,84
DEV_005_2024-10-21 05:00:00,2024-10-21 05:00:00,DEV_005,34,76,97
DEV_005_2024-10-21 10:00:00,2024-10-21 10:00:00,DEV_005,24,20,69
DEV_005_2024-10-21 15:00:00,2024-10-21 15:00:00,DEV_005,30,88,7
DEV_005_2024-10-21 20:00:00,2024-10-21 20:00:00,DEV_005,36,38,80
DEV_005_2024-10-22 01:00:00,2024-10-22 01:00:00,DEV_005,52,15,46
DEV_005_2024-10-22 06:00:00,2024-10-22 06:00:00,DEV_005,23,12,93
DEV_005_2024-10-22 11:00:00,2024-10-22 11:00:00,DEV_005,44,15,93
DEV_005_2024-10-22 16:00:00,2024-10-22 16:00:00,DEV_005,49,21,15
DEV_005_2024-10-22 21:00:00,2024-10-22 21:00:00,DEV_005,14,42,80
DEV_005_2024-10-23 02:00:00,2024-10-23 02:00:00,DEV_005,15,63,68
DEV_005_2024-10-23 07:00:00,2024-10-23 07:00:00,DEV_005,27,87,93
DEV_005_2024-10-23 12:00:00,2024-10-23 12:00:00,DEV_005,53,52,63
DEV_005_2024-10-23 17:00:00,2024-10-23 17:00:00,DEV_005,73,53,57
DEV_005_2024-10-23 22:00:00,2024-10-23 22:00:00,DEV_005,52,43,7
DEV_005_2024-10-24 03:00:00,2024-10-24 03:00:00,DEV_005,42,4,69
DEV_005_2024-10-24 08:00:00,2024-10-24 08:00:00,DEV_005,5,75,92
DEV_005_2024-10-24 13:00:00,2024-10-24 13:00:00,DEV_005,80,41,94
DEV_005_2024-10-24 18:00:00,2024-10-24 18:00:00,DEV_005,4,2,67
DEV_005_2024-10-24 23:00:00,2024-10-24 23:00:00,DEV_005,21,70,43
DEV_005_2024-10-25 04:00:00,2024-10-25 04:00:00,DEV_005,82,69,9
DEV_005_2024-10-25 09:00:00,2024-10-25 09:00:00,DEV_005,84,28,26
DEV_005_2024-10-25 14:00:00,2024-10-25 14:00:00,DEV_005,82,83,3
DEV_005_2024-10-25 19:00:00,2024-10-25 19:00:00,DEV_005,73,95,49
DEV_005_2024-10-26 00:00:00,2024-10-26 00:00:00,DEV_005,17,63,55
DEV_005_2024-10-26 05:00:00,2024-10-26 05:00:00,DEV_005,23,34,69
DEV_005_2024-10-26 10:00:00,2024-10-26 10:00:00,DEV_005,15,47,3
DEV_005_2024-10-26 15:00:00,2024-10-26 15:00:00,DEV_005,83,28,3
DEV_005_2024-10-26 20:00:00,2024-10-26 20:00:00,DEV_005,4,88,31
DEV_005_2024-10-27 01:00:00,2024-10-27 01:00:00,DEV_005,45,59,45
DEV_005_2024-10-27 06:00:00,2024-10-27 06:00:00,DEV_005,75,37,65
DEV_005_2024-10-27 11:00:00,2024-10-27 11:00:00,DEV_005,9,17,65
DEV_005_2024-10-27 16:00:00,2024-10-27 16:00:00,DEV_005,3,26,53
DEV_005_2024-10-27 21:00:00,2024-10-27 21:00:00,DEV_005,31,26,23
DEV_005_2024-10-28 02:00:00,2024-10-28 02:00:00,DEV_005,30,10,72
DEV_005_2024-10-28 07:00:00,2024-10-28 07:00:00,DEV_005,89,64,22
DEV_005_2024-10-28 12:00:00,2024-10-28 12:00:00,DEV_005,15,56,74
DEV_005_2024-10-28 17:00:00,2024-10-28 17:00:00,DEV_005,20,47,87
DEV_005_2024-10-28 22:00:00,2024-10-28 22:00:00,DEV_005,53,53,1
DEV_005_2024-10-29 03:00:00,2024-10-29 03:00:00,DEV_005,2,58,19
DEV_005_2024-10-29 08:00:00,2024-10-29 08:00:00,DEV_005,62,78,72
DEV_005_2024-10-29 13:00:00,2024-10-29 13:00:00,DEV_005,12,26,27
DEV_005_2024-10-29 18:00:00,2024-10-29 18:00:00,DEV_005,29,15,46
DEV_005_2024-10-29 23:00:00,2024-10-29 23:00:00,DEV_005,1,60,92
DEV_005_2024-10-30 04:00:00,2024-10-30 04:00:00,DEV_005,57,3,18
DEV_005_2024-10-30 09:00:00,2024-10-30 09:00:00,DEV_005,52,60,34
DEV_005_2024-10-30 14:00:00,2024-10-30 14:00:00,DEV_005,96,93,89
DEV_005_2024-10-30 19:00:00,2024-10-30 19:00:00,DEV_005,60,26,72
DEV_005_2024-10-31 00:00:00,2024-10-31 00:00:00,DEV_005,19,22,93
DEV_005_2024-10-31 05:00:00,2024-10-31 05:00:00,DEV_005,33,38,35
DEV_005_2024-10-31 10:00:00,2024-10-31 10:00:00,DEV_005,67,83,10
DEV_005_2024-10-31 15:00:00,2024-10-31 15:00:00,DEV_005,91,15,11
DEV_005_2024-10-31 20:00:00,2024-10-31 20:00:00,DEV_005,90,24,77
DEV_005_2024-11-01 01:00:00,2024-11-01 01:00:00,DEV_005,96,4,13
DEV_005_2024-11-01 06:00:00,2024-11-01 06:00:00,DEV_005,73,57,98
DEV_005_2024-11-01 11:00:00,2024-11-01 11:00:00,DEV_005,37,48,71
DEV_005_2024-11-01 16:00:00,2024-11-01 16:00:00,DEV_005,1,60,12
DEV_005_2024-11-01 21:00:00,2024-11-01 21:00:00,DEV_005,21,11,44
DEV_005_2024-11-02 02:00:00,2024-11-02 02:00:00,DEV_005,58,44,78
DEV_005_2024-11-02 07:00:00,2024-11-02 07:00:00,DEV_005,98,34,25
DEV_005_2024-11-02 12:00:00,2024-11-02 12:00:00,DEV_005,4,64,90
DEV_005_2024-11-02 17:00:00,2024-11-02 17:00:00,DEV_005,16,10,66
DEV_005_2024-11-02 22:00:00,2024-11-02 22:00:00,DEV_005,35,83,6
DEV_005_2024-11-03 03:00:00,2024-11-03 03:00:00,DEV_005,19,59,53
DEV_005_2024-11-03 08:00:00,2024-11-03 08:00:00,DEV_005,8,78,10
DEV_005_2024-11-03 13:00:00,2024-11-03 13:00:00,DEV_005,67,38,29
DEV_005_2024-11-03 18:00:00,2024-11-03 18:00:00,DEV_005,15,87,23
DEV_005_2024-11-03 23:00:00,2024-11-03 23:00:00,DEV_005,82,46,83
DEV_005_2024-11-04 04:00:00,2024-11-04 04:00:00,DEV_005,28,26,10
DEV_005_2024-11-04 09:00:00,2024-11-04 09:00:00,DEV_005,47,4,55
DEV_005_2024-11-04 14:00:00,2024-11-04 14:00:00,DEV_005,66,67,7
DEV_005_2024-11-04 19:00:00,2024-11-04 19:00:00,DEV_005,55,80,31
DEV_005_2024-11-05 00:00:00,2024-11-05 00:00:00,DEV_005,74,19,28
DEV_005_2024-11-05 05:00:00,2024-11-05 05:00:00,DEV_005,81,28,19
DEV_005_2024-11-05 10:00:00,2024-11-05 10:00:00,DEV_005,87,20,13
DEV_005_2024-11-05 15:00:00,2024-11-05 15:00:00,DEV_005,77,43,11
DEV_005_2024-11-05 20:00:00,2024-11-05 20:00:00,DEV_005,48,15,17
DEV_005_2024-11-06 01:00:00,2024-11-06 01:00:00,DEV_005,54,50,28
DEV_005_2024-11-06 06:00:00,2024-11-06 06:00:00,DEV_005,83,4,22
DEV_005_2024-11-06 11:00:00,2024-11-06 11:00:00,DEV_005,86,39,34
DEV_005_2024-11-06 16:00:00,2024-11-06 16:00:00,DEV_005,97,44,42
DEV_005_2024-11-06 21:00:00,2024-11-06 21:00:00,DEV_005,40,97,12
DEV_005_2024-11-07 02:00:00,2024-11-07 02:00:00,DEV_005,2,28,74
DEV_005_2024-11-07 07:00:00,2024-11-07 07:00:00,DEV_005,86,81,90
DEV_005_2024-11-07 12:00:00,2024-11-07 12:00:00,DEV_005,67,71,72
DEV_005_2024-11-07 17:00:00,2024-11-07 17:00:00,DEV_005,84,76,99
DEV_005_2024-11-07 22:00:00,2024-11-07 22:00:00,DEV_005,81,92,10
DEV_005_2024-11-08 03:00:00,2024-11-08 03:00:00,DEV_005,86,57,97
DEV_005_2024-11-08 08:00:00,2024-11-08 08:00:00,DEV_005,86,37,77
DEV_005_2024-11-08 13:00:00,2024-11-08 13:00:00,DEV_005,91,64,79
DEV_005_2024-11-08 18:00:00,2024-11-08 18:00:00,DEV_005,86,94,40
DEV_005_2024-11-08 23:00:00,2024-11-08 23:00:00,DEV_005,98,60,98
DEV_005_2024-11-09 04:00:00,2024-11-09 04:00:00,DEV_005,48,99,19
DEV_005_2024-11-09 09:00:00,2024-11-09 09:00:00,DEV_005,72,33,44
DEV_005_2024-11-09 14:00:00,2024-11-09 14:00:00,DEV_005,92,37,89
DEV_005_2024-11-09 19:00:00,2024-11-09 19:00:00,DEV_005,36,81,88
DEV_005_2024-11-10 00:00:00,2024-11-10 00:00:00,DEV_005,21,2,31
DEV_005_2024-11-10 05:00:00,2024-11-10 05:00:00,DEV_005,97,30,76
DEV_005_2024-11-10 10:00:00,2024-11-10 10:00:00,DEV_005,44,12,51
DEV_005_2024-11-10 15:00:00,2024-11-10 15:00:00,DEV_005,49,24,24
DEV_005_2024-11-10 20:00:00,2024-11-10 20:00:00,DEV_005,60,11,13
DEV_005_2024-11-11 01:00:00,2024-11-11 01:00:00,DEV_005,91,72,74
DEV_005_2024-11-11 06:00:00,2024-11-11 06:00:00,DEV_005,72,64,20
DEV_005_2024-11-11 11:00:00,2024-11-11 11:00:00,DEV_005,72,73,71
DEV_005_2024-11-11 16:00:00,2024-11-11 16:00:00,DEV_005,78,28,2
DEV_005_2024-11-11 21:00:00,2024-11-11 21:00:00,DEV_005,43,8,13
DEV_005_2024-11-12 02:00:00,2024-11-12 02:00:00,DEV_005,85,92,35
DEV_005_2024-11-12 07:00:00,2024-11-12 07:00:00,DEV_005,23,46,15
DEV_005_2024-11-12 12:00:00,2024-11-12 12:00:00,DEV_005,2,61,76
DEV_005_2024-11-12 17:00:00,2024-11-12 17:00:00,DEV_005,64,52,36
DEV_005_2024-11-12 22:00:00,2024-11-12 22:00:00,DEV_005,67,69,67
DEV_005_2024-11-13 03:00:00,2024-11-13 03:00:00,DEV_005,47,83,2
DEV_005_2024-11-13 08:00:00,2024-11-13 08:00:00,DEV_005,44,64,81
DEV_005_2024-11-13 13:00:00,2024-11-13 13:00:00,DEV_005,78,28,91
DEV_005_2024-11-13 18:00:00,2024-11-13 18:00:00,DEV_005,54,74,67
DEV_005_2024-11-13 23:00:00,2024-11-13 23:00:00,DEV_005,36,63,25
DEV_005_2024-11-14 04:00:00,2024-11-14 04:00:00,DEV_005,86,48,39
DEV_005_2024-11-14 09:00:00,2024-11-14 09:00:00,DEV_005,47,94,21
DEV_005_2024-11-14 14:00:00,2024-11-14 14:00:00,DEV_005,30,92,31
DEV_005_2024-11-14 19:00:00,2024-11-14 19:00:00,DEV_005,26,22,21
DEV_005_2024-11-15 00:00:00,2024-11-15 00:00:00,DEV_005,1,37,77
DEV_005_2024-11-15 05:00:00,2024-11-15 05:00:00,DEV_005,85,46,9
DEV_005_2024-11-15 10:00:00,2024-11-15 10:00:00,DEV_005,17,47,85
DEV_005_2024-11-15 15:00:00,2024-11-15 15:00:00,DEV_005,95,59,54
DEV_005_2024-11-15 20:00:00,2024-11-15 20:00:00,DEV_005,86,12,64
DEV_005_2024-11-16 01:00:00,2024-11-16 01:00:00,DEV_005,6,53,16
DEV_005_2024-11-16 06:00:00,2024-11-16 06:00:00,DEV_005,90,5,73
DEV_005_2024-11-16 11:00:00,2024-11-16 11:00:00,DEV_005,46,14,44
DEV_005_2024-11-16 16:00:00,2024-11-16 16:00:00,DEV_005,63,94,52
DEV_005_2024-11-16 21:00:00,2024-11-16 21:00:00,DEV_005,26,53,29
DEV_005_2024-11-17 02:00:00,2024-11-17 02:00:00,DEV_005,19,47,8
DEV_005_2024-11-17 07:00:00,2024-11-17 07:00:00,DEV_005,23,35,95
DEV_005_2024-11-17 12:00:00,2024-11-17 12:00:00,DEV_005,53,99,96
DEV_005_2024-11-17 17:00:00,2024-11-17 17:00:00,DEV_005,58,5,16
DEV_005_2024-11-17 22:00:00,2024-11-17 22:00:00,DEV_005,17,32,96
DEV_005_2024-11-18 03:00:00,2024-11-18 03:00:00,DEV_005,52,20,66
DEV_005_2024-11-18 08:00:00,2024-11-18 08:00:00,DEV_005,84,82,1
DEV_005_2024-11-18 13:00:00,2024-11-18 13:00:00,DEV_005,58,93,93
DEV_005_2024-11-18 18:00:00,2024-11-18 18:00:00,DEV_005,83,44,6
DEV_005_2024-11-18 23:00:00,2024-11-18 23:00:00,DEV_005,50,72,88
DEV_005_2024-11-19 04:00:00,2024-11-19 04:00:00,DEV_005,20,14,5
DEV_005_2024-11-19 09:00:00,2024-11-19 09:00:00,DEV_005,41,40,34
DEV_005_2024-11-19 14:00:00,2024-11-19 14:00:00,DEV_005,80,45,71
DEV_005_2024-11-19 19:00:00,2024-11-19 19:00:00,DEV_005,80,71,27
DEV_005_2024-11-20 00:00:00,2024-11-20 00:00:00,DEV_005,78,78,44
DEV_005_2024-11-20 05:00:00,2024-11-20 05:00:00,DEV_005,33,33,44
DEV_005_2024-11-20 10:00:00,2024-11-20 10:00:00,DEV_005,20,36,7
DEV_005_2024-11-20 15:00:00,2024-11-20 15:00:00,DEV_005,32,67,39
DEV_005_2024-11-20 20:00:00,2024-11-20 20:00:00,DEV_005,93,24,86
DEV_005_2024-11-21 01:00:00,2024-11-21 01:00:00,DEV_005,70,88,87
DEV_005_2024-11-21 06:00:00,2024-11-21 06:00:00,DEV_005,54,38,74
DEV_005_2024-11-21 11:00:00,2024-11-21 11:00:00,DEV_005,80,75,32
DEV_005_2024-11-21 16:00:00,2024-11-21 16:00:00,DEV_005,45,61,70
DEV_005_2024-11-21 21:00:00,2024-11-21 21:00:00,DEV_005,88,97,53
DEV_005_2024-11-22 02:00:00,2024-11-22 02:00:00,DEV_005,51,76,56
DEV_005_2024-11-22 07:00:00,2024-11-22 07:00:00,DEV_005,27,38,62
DEV_005_2024-11-22 12:00:00,2024-11-22 12:00:00,DEV_005,18,64,77
DEV_005_2024-11-22 17:00:00,2024-11-22 17:00:00,DEV_005,30,49,41
DEV_005_2024-11-22 22:00:00,2024-11-22 22:00:00,DEV_005,13,34,94
DEV_005_2024-11-23 03:00:00,2024-11-23 03:00:00,DEV_005,25,66,18
DEV_005_2024-11-23 08:00:00,2024-11-23 08:00:00,DEV_005,5,19,42
DEV_005_2024-11-23 13:00:00,2024-11-23 13:00:00,DEV_005,18,32,21
DEV_005_2024-11-23 18:00:00,2024-11-23 18:00:00,DEV_005,10,37,49
DEV_005_2024-11-23 23:00:00,2024-11-23 23:00:00,DEV_005,86,13,55
DEV_005_2024-11-24 04:00:00,2024-11-24 04:00:00,DEV_005,17,9,88
DEV_005_2024-11-24 09:00:00,2024-11-24 09:00:00,DEV_005,44,78,46
DEV_005_2024-11-24 14:00:00,2024-11-24 14:00:00,DEV_005,8,37,19
DEV_005_2024-11-24 19:00:00,2024-11-24 19:00:00,DEV_005,63,92,46
DEV_005_2024-11-25 00:00:00,2024-11-25 00:00:00,DEV_005,94,71,26
DEV_005_2024-11-25 05:00:00,2024-11-25 05:00:00,DEV_005,46,46,75
DEV_005_2024-11-25 10:00:00,2024-11-25 10:00:00,DEV_005,14,85,63
DEV_005_2024-11-25 15:00:00,2024-11-25 15:00:00,DEV_005,72,3,28
DEV_005_2024-11-25 20:00:00,2024-11-25 20:00:00,DEV_005,29,87,18
DEV_005_2024-11-26 01:00:00,2024-11-26 01:00:00,DEV_005,35,77,76
DEV_005_2024-11-26 06:00:00,2024-11-26 06:00:00,DEV_005,47,5,75
DEV_005_2024-11-26 11:00:00,2024-11-26 11:00:00,DEV_005,59,75,59
DEV_005_2024-11-26 16:00:00,2024-11-26 16:00:00,DEV_005,47,95,95
DEV_005_2024-11-26 21:00:00,2024-11-26 21:00:00,DEV_005,13,78,89
DEV_005_2024-11-27 02:00:00,2024-11-27 02:00:00,DEV_005,33,97,62
DEV_005_2024-11-27 07:00:00,2024-11-27 07:00:00,DEV_005,79,16,44
DEV_005_2024-11-27 12:00:00,2024-11-27 12:00:00,DEV_005,58,6,89
DEV_005_2024-11-27 17:00:00,2024-11-27 17:00:00,DEV_005,15,4,56
DEV_005_2024-11-27 22:00:00,2024-11-27 22:00:00,DEV_005,64,68,94
DEV_005_2024-11-28 03:00:00,2024-11-28 03:00:00,DEV_005,34,91,95
DEV_005_2024-11-28 08:00:00,2024-11-28 08:00:00,DEV_005,56,32,9
DEV_005_2024-11-28 13:00:00,2024-11-28 13:00:00,DEV_005,63,72,78
DEV_005_2024-11-28 18:00:00,2024-11-28 18:00:00,DEV_005,33,87,21
DEV_005_2024-11-28 23:00:00,2024-11-28 23:00:00,DEV_005,55,76,57
DEV_005_2024-11-29 04:00:00,2024-11-29 04:00:00,DEV_005,2,13,4
DEV_005_2024-11-29 09:00:00,2024-11-29 09:00:00,DEV_005,84,50,48
DEV_005_2024-11-29 14:00:00,2024-11-29 14:00:00,DEV_005,78,30,29
DEV_005_2024-11-29 19:00:00,2024-11-29 19:00:00,DEV_005,8,12,41
DEV_005_2024-11-30 00:00:00,2024-11-30 00:00:00,DEV_005,26,50,2
DEV_005_2024-11-30 05:00:00,2024-11-30 05:00:00,DEV_005,55,56,14
DEV_005_2024-11-30 10:00:00,2024-11-30 10:00:00,DEV_005,6,95,81
DEV_005_2024-11-30 15:00:00,2024-11-30 15:00:00,DEV_005,89,61,96
DEV_005_2024-11-30 20:00:00,2024-11-30 20:00:00,DEV_005,12,13,19
DEV_005_2024-12-01 01:00:00,2024-12-01 01:00:00,DEV_005,44,89,95
DEV_005_2024-12-01 06:00:00,2024-12-01 06:00:00,DEV_005,59,37,25
DEV_005_2024-12-01 11:00:00,2024-12-01 11:00:00,DEV_005,16,38,43
DEV_005_2024-12-01 16:00:00,2024-12-01 16:00:00,DEV_005,87,14,6
DEV_005_2024-12-01 21:00:00,2024-12-01 21:00:00,DEV_005,89,23,60
DEV_005_2024-12-02 02:00:00,2024-12-02 02:00:00,DEV_005,12,13,98
DEV_005_2024-12-02 07:00:00,2024-12-02 07:00:00,DEV_005,6,63,38
DEV_005_2024-12-02 12:00:00,2024-12-02 12:00:00,DEV_005,50,52,40
DEV_005_2024-12-02 17:00:00,2024-12-02 17:00:00,DEV_005,8,61,8
DEV_005_2024-12-02 22:00:00,2024-12-02 22:00:00,DEV_005,97,34,79
DEV_005_2024-12-03 03:00:00,2024-12-03 03:00:00,DEV_005,60,57,99
DEV_005_2024-12-03 08:00:00,2024-12-03 08:00:00,DEV_005,46,22,87
DEV_005_2024-12-03 13:00:00,2024-12-03 13:00:00,DEV_005,40,45,55
DEV_005_2024-12-03 18:00:00,2024-12-03 18:00:00,DEV_005,51,86,5
DEV_005_2024-12-03 23:00:00,2024-12-03 23:00:00,DEV_005,95,13,28
DEV_005_2024-12-04 04:00:00,2024-12-04 04:00:00,DEV_005,84,97,80
DEV_005_2024-12-04 09:00:00,2024-12-04 09:00:00,DEV_005,62,93,87
DEV_005_2024-12-04 14:00:00,2024-12-04 14:00:00,DEV_005,24,98,7
DEV_005_2024-12-04 19:00:00,2024-12-04 19:00:00,DEV_005,38,37,68
DEV_005_2024-12-05 00:00:00,2024-12-05 00:00:00,DEV_005,98,42,86
DEV_005_2024-12-05 05:00:00,2024-12-05 05:00:00,DEV_005,5,64,50
DEV_005_2024-12-05 10:00:00,2024-12-05 10:00:00,DEV_005,87,15,95
DEV_005_2024-12-05 15:00:00,2024-12-05 15:00:00,DEV_005,73,53,25
DEV_005_2024-12-05 20:00:00,2024-12-05 20:00:00,DEV_005,89,85,9
DEV_005_2024-12-06 01:00:00,2024-12-06 01:00:00,DEV_005,38,22,87
DEV_005_2024-12-06 06:00:00,2024-12-06 06:00:00,DEV_005,49,68,93
DEV_005_2024-12-06 11:00:00,2024-12-06 11:00:00,DEV_005,15,65,54
DEV_005_2024-12-06 16:00:00,2024-12-06 16:00:00,DEV_005,30,93,20
DEV_005_2024-12-06 21:00:00,2024-12-06 21:00:00,DEV_005,33,86,77
DEV_005_2024-12-07 02:00:00,2024-12-07 02:00:00,DEV_005,7,8,28
DEV_005_2024-12-07 07:00:00,2024-12-07 07:00:00,DEV_005,45,73,89
DEV_005_2024-12-07 12:00:00,2024-12-07 12:00:00,DEV_005,80,74,11
DEV_005_2024-12-07 17:00:00,2024-12-07 17:00:00,DEV_005,31,12,95
DEV_005_2024-12-07 22:00:00,2024-12-07 22:00:00,DEV_005,78,51,44
DEV_005_2024-12-08 03:00:00,2024-12-08 03:00:00,DEV_005,96,50,17
DEV_005_2024-12-08 08:00:00,2024-12-08 08:00:00,DEV_005,35,1,29
DEV_005_2024-12-08 13:00:00,2024-12-08 13:00:00,DEV_005,51,64,4
DEV_005_2024-12-08 18:00:00,2024-12-08 18:00:00,DEV_005,87,28,16
DEV_005_2024-12-08 23:00:00,2024-12-08 23:00:00,DEV_005,63,76,53
DEV_005_2024-12-09 04:00:00,2024-12-09 04:00:00,DEV_005,85,17,40
DEV_005_2024-12-09 09:00:00,2024-12-09 09:00:00,DEV_005,13,52,58
DEV_005_2024-12-09 14:00:00,2024-12-09 14:00:00,DEV_005,96,37,79
DEV_005_2024-12-09 19:00:00,2024-12-09 19:00:00,DEV_005,76,61,79
DEV_005_2024-12-10 00:00:00,2024-12-10 00:00:00,DEV_005,34,70,17
DEV_005_2024-12-10 05:00:00,2024-12-10 05:00:00,DEV_005,20,73,59
DEV_005_2024-12-10 10:00:00,2024-12-10 10:00:00,DEV_005,69,87,33
DEV_005_2024-12-10 15:00:00,2024-12-10 15:00:00,DEV_005,78,17,57
DEV_005_2024-12-10 20:00:00,2024-12-10 20:00:00,DEV_005,83,97,1
DEV_005_2024-12-11 01:00:00,2024-12-11 01:00:00,DEV_005,13,27,70
DEV_005_2024-12-11 06:00:00,2024-12-11 06:00:00,DEV_005,59,6,97
DEV_005_2024-12-11 11:00:00,2024-12-11 11:00:00,DEV_005,94,99,23
DEV_005_2024-12-11 16:00:00,2024-12-11 16:00:00,DEV_005,10,51,19
DEV_005_2024-12-11 21:00:00,2024-12-11 21:00:00,DEV_005,51,92,87
DEV_005_2024-12-12 02:00:00,2024-12-12 02:00:00,DEV_005,68,84,83
DEV_005_2024-12-12 07:00:00,2024-12-12 07:00:00,DEV_005,42,91,57
DEV_005_2024-12-12 12:00:00,2024-12-12 12:00:00,DEV_005,98,68,38
DEV_005_2024-12-12 17:00:00,2024-12-12 17:00:00,DEV_005,62,7,71
DEV_005_2024-12-12 22:00:00,2024-12-12 22:00:00,DEV_005,50,52,26
DEV_005_2024-12-13 03:00:00,2024-12-13 03:00:00,DEV_005,26,19,9
DEV_005_2024-12-13 08:00:00,2024-12-13 08:00:00,DEV_005,61,20,50
DEV_005_2024-12-13 13:00:00,2024-12-13 13:00:00,DEV_005,80,81,22
DEV_005_2024-12-13 18:00:00,2024-12-13 18:00:00,DEV_005,13,12,10
DEV_005_2024-12-13 23:00:00,2024-12-13 23:00:00,DEV_005,65,96,30
DEV_005_2024-12-14 04:00:00,2024-12-14 04:00:00,DEV_005,8,21,22
DEV_005_2024-12-14 09:00:00,2024-12-14 09:00:00,DEV_005,18,66,48
DEV_005_2024-12-14 14:00:00,2024-12-14 14:00:00,DEV_005,44,9,67
DEV_005_2024-12-14 19:00:00,2024-12-14 19:00:00,DEV_005,54,26,85
DEV_005_2024-12-15 00:00:00,2024-12-15 00:00:00,DEV_005,94,92,26
DEV_005_2024-12-15 05:00:00,2024-12-15 05:00:00,DEV_005,34,8,10
DEV_005_2024-12-15 10:00:00,2024-12-15 10:00:00,DEV_005,48,55,54
DEV_005_2024-12-15 15:00:00,2024-12-15 15:00:00,DEV_005,78,40,15
DEV_005_2024-12-15 20:00:00,2024-12-15 20:00:00,DEV_005,81,18,96
DEV_005_2024-12-16 01:00:00,2024-12-16 01:00:00,DEV_005,23,62,46
DEV_005_2024-12-16 06:00:00,2024-12-16 06:00:00,DEV_005,87,99,39
DEV_005_2024-12-16 11:00:00,2024-12-16 11:00:00,DEV_005,15,53,88
DEV_005_2024-12-16 16:00:00,2024-12-16 16:00:00,DEV_005,64,63,92
DEV_005_2024-12-16 21:00:00,2024-12-16 21:00:00,DEV_005,80,16,70
DEV_005_2024-12-17 02:00:00,2024-12-17 02:00:00,DEV_005,66,13,47
DEV_005_2024-12-17 07:00:00,2024-12-17 07:00:00,DEV_005,9,63,34
DEV_005_2024-12-17 12:00:00,2024-12-17 12:00:00,DEV_005,81,91,29
DEV_005_2024-12-17 17:00:00,2024-12-17 17:00:00,DEV_005,37,43,86
DEV_005_2024-12-17 22:00:00,2024-12-17 22:00:00,DEV_005,64,24,71
DEV_005_2024-12-18 03:00:00,2024-12-18 03:00:00,DEV_005,34,48,12
DEV_005_2024-12-18 08:00:00,2024-12-18 08:00:00,DEV_005,23,79,97
DEV_005_2024-12-18 13:00:00,2024-12-18 13:00:00,DEV_005,13,87,96
DEV_005_2024-12-18 18:00:00,2024-12-18 18:00:00,DEV_005,45,99,65
DEV_005_2024-12-18 23:00:00,2024-12-18 23:00:00,DEV_005,47,58,5
DEV_005_2024-12-19 04:00:00,2024-12-19 04:00:00,DEV_005,77,5,60
DEV_005_2024-12-19 09:00:00,2024-12-19 09:00:00,DEV_005,96,21,24
DEV_005_2024-12-19 14:00:00,2024-12-19 14:00:00,DEV_005,18,21,54
DEV_005_2024-12-19 19:00:00,2024-12-19 19:00:00,DEV_005,10,24,85
DEV_005_2024-12-20 00:00:00,2024-12-20 00:00:00,DEV_005,89,60,57
DEV_005_2024-12-20 05:00:00,2024-12-20 05:00:00,DEV_005,23,22,68
DEV_005_2024-12-20 10:00:00,2024-12-20 10:00:00,DEV_005,34,70,28
DEV_005_2024-12-20 15:00:00,2024-12-20 15:00:00,DEV_005,95,99,39
DEV_005_2024-12-20 20:00:00,2024-12-20 20:00:00,DEV_005,42,23,70
DEV_005_2024-12-21 01:00:00,2024-12-21 01:00:00,DEV_005,80,2,24
DEV_005_2024-12-21 06:00:00,2024-12-21 06:00:00,DEV_005,17,65,70
DEV_005_2024-12-21 11:00:00,2024-12-21 11:00:00,DEV_005,69,60,50
DEV_005_2024-12-21 16:00:00,2024-12-21 16:00:00,DEV_005,93,12,47
DEV_005_2024-12-21 21:00:00,2024-12-21 21:00:00,DEV_005,67,65,27
DEV_005_2024-12-22 02:00:00,2024-12-22 02:00:00,DEV_005,48,88,62
DEV_005_2024-12-22 07:00:00,2024-12-22 07:00:00,DEV_005,44,19,59
DEV_005_2024-12-22 12:00:00,2024-12-22 12:00:00,DEV_005,8,55,47
DEV_005_2024-12-22 17:00:00,2024-12-22 17:00:00,DEV_005,2,94,94
DEV_005_2024-12-22 22:00:00,2024-12-22 22:00:00,DEV_005,39,45,32
DEV_005_2024-12-23 03:00:00,2024-12-23 03:00:00,DEV_005,65,38,77
DEV_005_2024-12-23 08:00:00,2024-12-23 08:00:00,DEV_005,11,10,59
DEV_005_2024-12-23 13:00:00,2024-12-23 13:00:00,DEV_005,90,55,20
DEV_005_2024-12-23 18:00:00,2024-12-23 18:00:00,DEV_005,81,17,68
DEV_005_2024-12-23 23:00:00,2024-12-23 23:00:00,DEV_005,5,60,23
DEV_005_2024-12-24 04:00:00,2024-12-24 04:00:00,DEV_005,46,52,10
DEV_005_2024-12-24 09:00:00,2024-12-24 09:00:00,DEV_005,46,28,97
DEV_005_2024-12-24 14:00:00,2024-12-24 14:00:00,DEV_005,43,26,55
DEV_005_2024-12-24 19:00:00,2024-12-24 19:00:00,DEV_005,48,29,27
DEV_005_2024-12-25 00:00:00,2024-12-25 00:00:00,DEV_005,18,60,74
DEV_005_2024-12-25 05:00:00,2024-12-25 05:00:00,DEV_005,69,74,21
DEV_005_2024-12-25 10:00:00,2024-12-25 10:00:00,DEV_005,24,3,95
DEV_005_2024-12-25 15:00:00,2024-12-25 15:00:00,DEV_005,62,2,66
DEV_005_2024-12-25 20:00:00,2024-12-25 20:00:00,DEV_005,42,34,42
DEV_005_2024-12-26 01:00:00,2024-12-26 01:00:00,DEV_005,20,97,68
DEV_005_2024-12-26 06:00:00,2024-12-26 06:00:00,DEV_005,45,75,42
DEV_005_2024-12-26 11:00:00,2024-12-26 11:00:00,DEV_005,47,5,89
DEV_005_2024-12-26 16:00:00,2024-12-26 16:00:00,DEV_005,49,37,34
DEV_005_2024-12-26 21:00:00,2024-12-26 21:00:00,DEV_005,73,70,18
DEV_005_2024-12-27 02:00:00,2024-12-27 02:00:00,DEV_005,78,19,78
DEV_005_2024-12-27 07:00:00,2024-12-27 07:00:00,DEV_005,40,17,60
DEV_005_2024-12-27 12:00:00,2024-12-27 12:00:00,DEV_005,99,93,42
DEV_005_2024-12-27 17:00:00,2024-12-27 17:00:00,DEV_005,81,72,65
DEV_005_2024-12-27 22:00:00,2024-12-27 22:00:00,DEV_005,53,7,5
DEV_005_2024-12-28 03:00:00,2024-12-28 03:00:00,DEV_005,24,28,62
DEV_005_2024-12-28 08:00:00,2024-12-28 08:00:00,DEV_005,17,20,3
DEV_005_2024-12-28 13:00:00,2024-12-28 13:00:00,DEV_005,37,90,15
DEV_005_2024-12-28 18:00:00,2024-12-28 18:00:00,DEV_005,51,48,8
DEV_005_2024-12-28 23:00:00,2024-12-28 23:00:00,DEV_005,13,48,3
DEV_005_2024-12-29 04:00:00,2024-12-29 04:00:00,DEV_005,65,73,31
DEV_005_2024-12-29 09:00:00,2024-12-29 09:00:00,DEV_005,26,81,56
DEV_005_2024-12-29 14:00:00,2024-12-29 14:00:00,DEV_005,34,9,62
DEV_005_2024-12-29 19:00:00,2024-12-29 19:00:00,DEV_005,13,69,41
DEV_006_2024-09-01 00:00:00,2024-09-01 00:00:00,DEV_006,1,89,47
DEV_006_2024-09-01 05:00:00,2024-09-01 05:00:00,DEV_006,4,63,52
DEV_006_2024-09-01 10:00:00,2024-09-01 10:00:00,DEV_006,10,28,6
DEV_006_2024-09-01 15:00:00,2024-09-01 15:00:00,DEV_006,27,12,62
DEV_006_2024-09-01 20:00:00,2024-09-01 20:00:00,DEV_006,52,48,67
DEV_006_2024-09-02 01:00:00,2024-09-02 01:00:00,DEV_006,46,97,74
DEV_006_2024-09-02 06:00:00,2024-09-02 06:00:00,DEV_006,95,15,71
DEV_006_2024-09-02 11:00:00,2024-09-02 11:00:00,DEV_006,36,14,78
DEV_006_2024-09-02 16:00:00,2024-09-02 16:00:00,DEV_006,3,67,86
DEV_006_2024-09-02 21:00:00,2024-09-02 21:00:00,DEV_006,19,99,76
DEV_006_2024-09-03 02:00:00,2024-09-03 02:00:00,DEV_006,54,69,10
DEV_006_2024-09-03 07:00:00,2024-09-03 07:00:00,DEV_006,33,13,99
DEV_006_2024-09-03 12:00:00,2024-09-03 12:00:00,DEV_006,51,32,75
DEV_006_2024-09-03 17:00:00,2024-09-03 17:00:00,DEV_006,24,35,83
DEV_006_2024-09-03 22:00:00,2024-09-03 22:00:00,DEV_006,70,40,54
DEV_006_2024-09-04 03:00:00,2024-09-04 03:00:00,DEV_006,44,62,99
DEV_006_2024-09-04 08:00:00,2024-09-04 08:00:00,DEV_006,68,33,77
DEV_006_2024-09-04 13:00:00,2024-09-04 13:00:00,DEV_006,56,36,54
DEV_006_2024-09-04 18:00:00,2024-09-04 18:00:00,DEV_006,19,43,12
DEV_006_2024-09-04 23:00:00,2024-09-04 23:00:00,DEV_006,11,70,12
DEV_006_2024-09-05 04:00:00,2024-09-05 04:00:00,DEV_006,91,41,25
DEV_006_2024-09-05 09:00:00,2024-09-05 09:00:00,DEV_006,3,3,84
DEV_006_2024-09-05 14:00:00,2024-09-05 14:00:00,DEV_006,28,23,48
DEV_006_2024-09-05 19:00:00,2024-09-05 19:00:00,DEV_006,67,42,88
DEV_006_2024-09-06 00:00:00,2024-09-06 00:00:00,DEV_006,40,6,20
DEV_006_2024-09-06 05:00:00,2024-09-06 05:00:00,DEV_006,11,96,27
DEV_006_2024-09-06 10:00:00,2024-09-06 10:00:00,DEV_006,21,13,86
DEV_006_2024-09-06 15:00:00,2024-09-06 15:00:00,DEV_006,35,47,86
DEV_006_2024-09-06 20:00:00,2024-09-06 20:00:00,DEV_006,28,21,18
DEV_006_2024-09-07 01:00:00,2024-09-07 01:00:00,DEV_006,31,60,37
DEV_006_2024-09-07 06:00:00,2024-09-07 06:00:00,DEV_006,21,14,89
DEV_006_2024-09-07 11:00:00,2024-09-07 11:00:00,DEV_006,91,60,23
DEV_006_2024-09-07 16:00:00,2024-09-07 16:00:00,DEV_006,95,29,47
DEV_006_2024-09-07 21:00:00,2024-09-07 21:00:00,DEV_006,30,90,84
DEV_006_2024-09-08 02:00:00,2024-09-08 02:00:00,DEV_006,38,83,27
DEV_006_2024-09-08 07:00:00,2024-09-08 07:00:00,DEV_006,89,87,93
DEV_006_2024-09-08 12:00:00,2024-09-08 12:00:00,DEV_006,15,59,3
DEV_006_2024-09-08 17:00:00,2024-09-08 17:00:00,DEV_006,10,79,80
DEV_006_2024-09-08 22:00:00,2024-09-08 22:00:00,DEV_006,17,83,11
DEV_006_2024-09-09 03:00:00,2024-09-09 03:00:00,DEV_006,48,5,69
DEV_006_2024-09-09 08:00:00,2024-09-09 08:00:00,DEV_006,64,14,50
DEV_006_2024-09-09 13:00:00,2024-09-09 13:00:00,DEV_006,26,72,69
DEV_006_2024-09-09 18:00:00,2024-09-09 18:00:00,DEV_006,7,16,55
DEV_006_2024-09-09 23:00:00,2024-09-09 23:00:00,DEV_006,78,56,4
DEV_006_2024-09-10 04:00:00,2024-09-10 04:00:00,DEV_006,48,17,36
DEV_006_2024-09-10 09:00:00,2024-09-10 09:00:00,DEV_006,70,80,93
DEV_006_2024-09-10 14:00:00,2024-09-10 14:00:00,DEV_006,38,62,48
DEV_006_2024-09-10 19:00:00,2024-09-10 19:00:00,DEV_006,10,36,29
DEV_006_2024-09-11 00:00:00,2024-09-11 00:00:00,DEV_006,78,4,44
DEV_006_2024-09-11 05:00:00,2024-09-11 05:00:00,DEV_006,56,42,13
DEV_006_2024-09-11 10:00:00,2024-09-11 10:00:00,DEV_006,46,82,33
DEV_006_2024-09-11 15:00:00,2024-09-11 15:00:00,DEV_006,21,80,79
DEV_006_2024-09-11 20:00:00,2024-09-11 20:00:00,DEV_006,57,69,70
DEV_006_2024-09-12 01:00:00,2024-09-12 01:00:00,DEV_006,67,48,76
DEV_006_2024-09-12 06:00:00,2024-09-12 06:00:00,DEV_006,33,36,33
DEV_006_2024-09-12 11:00:00,2024-09-12 11:00:00,DEV_006,31,21,27
DEV_006_2024-09-12 16:00:00,2024-09-12 16:00:00,DEV_006,91,72,62
DEV_006_2024-09-12 21:00:00,2024-09-12 21:00:00,DEV_006,96,26,66
DEV_006_2024-09-13 02:00:00,2024-09-13 02:00:00,DEV_006,12,22,17
DEV_006_2024-09-13 07:00:00,2024-09-13 07:00:00,DEV_006,7,68,37
DEV_006_2024-09-13 12:00:00,2024-09-13 12:00:00,DEV_006,38,96,11
DEV_006_2024-09-13 17:00:00,2024-09-13 17:00:00,DEV_006,1,25,42
DEV_006_2024-09-13 22:00:00,2024-09-13 22:00:00,DEV_006,52,24,53
DEV_006_2024-09-14 03:00:00,2024-09-14 03:00:00,DEV_006,56,63,81
DEV_006_2024-09-14 08:00:00,2024-09-14 08:00:00,DEV_006,8,59,45
DEV_006_2024-09-14 13:00:00,2024-09-14 13:00:00,DEV_006,27,52,18
DEV_006_2024-09-14 18:00:00,2024-09-14 18:00:00,DEV_006,91,86,16
DEV_006_2024-09-14 23:00:00,2024-09-14 23:00:00,DEV_006,66,5,82
DEV_006_2024-09-15 04:00:00,2024-09-15 04:00:00,DEV_006,3,91,81
DEV_006_2024-09-15 09:00:00,2024-09-15 09:00:00,DEV_006,80,70,7
DEV_006_2024-09-15 14:00:00,2024-09-15 14:00:00,DEV_006,50,14,38
DEV_006_2024-09-15 19:00:00,2024-09-15 19:00:00,DEV_006,79,47,33
DEV_006_2024-09-16 00:00:00,2024-09-16 00:00:00,DEV_006,43,91,29
DEV_006_2024-09-16 05:00:00,2024-09-16 05:00:00,DEV_006,57,5,93
DEV_006_2024-09-16 10:00:00,2024-09-16 10:00:00,DEV_006,96,60,70
DEV_006_2024-09-16 15:00:00,2024-09-16 15:00:00,DEV_006,2,70,43
DEV_006_2024-09-16 20:00:00,2024-09-16 20:00:00,DEV_006,4,56,93
DEV_006_2024-09-17 01:00:00,2024-09-17 01:00:00,DEV_006,59,89,9
DEV_006_2024-09-17 06:00:00,2024-09-17 06:00:00,DEV_006,3,90,48
DEV_006_2024-09-17 11:00:00,2024-09-17 11:00:00,DEV_006,43,91,96
DEV_006_2024-09-17 16:00:00,2024-09-17 16:00:00,DEV_006,1,57,53
DEV_006_2024-09-17 21:00:00,2024-09-17 21:00:00,DEV_006,16,51,75
DEV_006_2024-09-18 02:00:00,2024-09-18 02:00:00,DEV_006,90,55,1
DEV_006_2024-09-18 07:00:00,2024-09-18 07:00:00,DEV_006,90,28,53
DEV_006_2024-09-18 12:00:00,2024-09-18 12:00:00,DEV_006,58,73,60
DEV_006_2024-09-18 17:00:00,2024-09-18 17:00:00,DEV_006,59,22,8
DEV_006_2024-09-18 22:00:00,2024-09-18 22:00:00,DEV_006,49,42,27
DEV_006_2024-09-19 03:00:00,2024-09-19 03:00:00,DEV_006,39,83,25
DEV_006_2024-09-19 08:00:00,2024-09-19 08:00:00,DEV_006,38,85,24
DEV_006_2024-09-19 13:00:00,2024-09-19 13:00:00,DEV_006,24,60,83
DEV_006_2024-09-19 18:00:00,2024-09-19 18:00:00,DEV_006,50,66,14
DEV_006_2024-09-19 23:00:00,2024-09-19 23:00:00,DEV_006,53,32,96
DEV_006_2024-09-20 04:00:00,2024-09-20 04:00:00,DEV_006,92,48,39
DEV_006_2024-09-20 09:00:00,2024-09-20 09:00:00,DEV_006,40,42,77
DEV_006_2024-09-20 14:00:00,2024-09-20 14:00:00,DEV_006,76,8,79
DEV_006_2024-09-20 19:00:00,2024-09-20 19:00:00,DEV_006,26,12,43
DEV_006_2024-09-21 00:00:00,2024-09-21 00:00:00,DEV_006,51,91,82
DEV_006_2024-09-21 05:00:00,2024-09-21 05:00:00,DEV_006,63,49,27
DEV_006_2024-09-21 10:00:00,2024-09-21 10:00:00,DEV_006,9,39,65
DEV_006_2024-09-21 15:00:00,2024-09-21 15:00:00,DEV_006,71,90,71
DEV_006_2024-09-21 20:00:00,2024-09-21 20:00:00,DEV_006,7,72,80
DEV_006_2024-09-22 01:00:00,2024-09-22 01:00:00,DEV_006,67,10,71
DEV_006_2024-09-22 06:00:00,2024-09-22 06:00:00,DEV_006,85,53,95
DEV_006_2024-09-22 11:00:00,2024-09-22 11:00:00,DEV_006,87,57,91
DEV_006_2024-09-22 16:00:00,2024-09-22 16:00:00,DEV_006,86,27,54
DEV_006_2024-09-22 21:00:00,2024-09-22 21:00:00,DEV_006,4,88,23
DEV_006_2024-09-23 02:00:00,2024-09-23 02:00:00,DEV_006,48,83,42
DEV_006_2024-09-23 07:00:00,2024-09-23 07:00:00,DEV_006,3,91,3
DEV_006_2024-09-23 12:00:00,2024-09-23 12:00:00,DEV_006,28,63,81
DEV_006_2024-09-23 17:00:00,2024-09-23 17:00:00,DEV_006,31,10,49
DEV_006_2024-09-23 22:00:00,2024-09-23 22:00:00,DEV_006,86,94,21
DEV_006_2024-09-24 03:00:00,2024-09-24 03:00:00,DEV_006,53,87,76
DEV_006_2024-09-24 08:00:00,2024-09-24 08:00:00,DEV_006,89,54,57
DEV_006_2024-09-24 13:00:00,2024-09-24 13:00:00,DEV_006,20,49,7
DEV_006_2024-09-24 18:00:00,2024-09-24 18:00:00,DEV_006,29,48,93
DEV_006_2024-09-24 23:00:00,2024-09-24 23:00:00,DEV_006,13,3,2
DEV_006_2024-09-25 04:00:00,2024-09-25 04:00:00,DEV_006,16,94,6
DEV_006_2024-09-25 09:00:00,2024-09-25 09:00:00,DEV_006,45,71,5
DEV_006_2024-09-25 14:00:00,2024-09-25 14:00:00,DEV_006,56,71,98
DEV_006_2024-09-25 19:00:00,2024-09-25 19:00:00,DEV_006,32,49,13
DEV_006_2024-09-26 00:00:00,2024-09-26 00:00:00,DEV_006,30,25,85
DEV_006_2024-09-26 05:00:00,2024-09-26 05:00:00,DEV_006,60,59,85
DEV_006_2024-09-26 10:00:00,2024-09-26 10:00:00,DEV_006,28,58,20
DEV_006_2024-09-26 15:00:00,2024-09-26 15:00:00,DEV_006,34,5,82
DEV_006_2024-09-26 20:00:00,2024-09-26 20:00:00,DEV_006,60,43,57
DEV_006_2024-09-27 01:00:00,2024-09-27 01:00:00,DEV_006,57,75,54
DEV_006_2024-09-27 06:00:00,2024-09-27 06:00:00,DEV_006,81,45,86
DEV_006_2024-09-27 11:00:00,2024-09-27 11:00:00,DEV_006,37,84,48
DEV_006_2024-09-27 16:00:00,2024-09-27 16:00:00,DEV_006,54,48,6
DEV_006_2024-09-27 21:00:00,2024-09-27 21:00:00,DEV_006,34,63,78
DEV_006_2024-09-28 02:00:00,2024-09-28 02:00:00,DEV_006,48,23,84
DEV_006_2024-09-28 07:00:00,2024-09-28 07:00:00,DEV_006,13,47,44
DEV_006_2024-09-28 12:00:00,2024-09-28 12:00:00,DEV_006,32,26,53
DEV_006_2024-09-28 17:00:00,2024-09-28 17:00:00,DEV_006,14,52,36
DEV_006_2024-09-28 22:00:00,2024-09-28 22:00:00,DEV_006,8,40,86
DEV_006_2024-09-29 03:00:00,2024-09-29 03:00:00,DEV_006,22,16,91
DEV_006_2024-09-29 08:00:00,2024-09-29 08:00:00,DEV_006,60,60,10
DEV_006_2024-09-29 13:00:00,2024-09-29 13:00:00,DEV_006,25,31,21
DEV_006_2024-09-29 18:00:00,2024-09-29 18:00:00,DEV_006,91,81,33
DEV_006_2024-09-29 23:00:00,2024-09-29 23:00:00,DEV_006,31,90,21
DEV_006_2024-09-30 04:00:00,2024-09-30 04:00:00,DEV_006,36,65,4
DEV_006_2024-09-30 09:00:00,2024-09-30 09:00:00,DEV_006,68,90,4
DEV_006_2024-09-30 14:00:00,2024-09-30 14:00:00,DEV_006,9,30,45
DEV_006_2024-09-30 19:00:00,2024-09-30 19:00:00,DEV_006,4,69,23
DEV_006_2024-10-01 00:00:00,2024-10-01 00:00:00,DEV_006,16,22,72
DEV_006_2024-10-01 05:00:00,2024-10-01 05:00:00,DEV_006,48,62,97
DEV_006_2024-10-01 10:00:00,2024-10-01 10:00:00,DEV_006,60,80,5
DEV_006_2024-10-01 15:00:00,2024-10-01 15:00:00,DEV_006,80,7,51
DEV_006_2024-10-01 20:00:00,2024-10-01 20:00:00,DEV_006,65,9,82
DEV_006_2024-10-02 01:00:00,2024-10-02 01:00:00,DEV_006,45,47,67
DEV_006_2024-10-02 06:00:00,2024-10-02 06:00:00,DEV_006,24,92,10
DEV_006_2024-10-02 11:00:00,2024-10-02 11:00:00,DEV_006,73,77,48
DEV_006_2024-10-02 16:00:00,2024-10-02 16:00:00,DEV_006,35,54,87
DEV_006_2024-10-02 21:00:00,2024-10-02 21:00:00,DEV_006,81,71,16
DEV_006_2024-10-03 02:00:00,2024-10-03 02:00:00,DEV_006,53,40,20
DEV_006_2024-10-03 07:00:00,2024-10-03 07:00:00,DEV_006,88,69,45
DEV_006_2024-10-03 12:00:00,2024-10-03 12:00:00,DEV_006,6,92,69
DEV_006_2024-10-03 17:00:00,2024-10-03 17:00:00,DEV_006,49,39,2
DEV_006_2024-10-03 22:00:00,2024-10-03 22:00:00,DEV_006,39,21,40
DEV_006_2024-10-04 03:00:00,2024-10-04 03:00:00,DEV_006,82,54,12
DEV_006_2024-10-04 08:00:00,2024-10-04 08:00:00,DEV_006,81,37,38
DEV_006_2024-10-04 13:00:00,2024-10-04 13:00:00,DEV_006,15,7,78
DEV_006_2024-10-04 18:00:00,2024-10-04 18:00:00,DEV_006,50,65,67
DEV_006_2024-10-04 23:00:00,2024-10-04 23:00:00,DEV_006,44,31,43
DEV_006_2024-10-05 04:00:00,2024-10-05 04:00:00,DEV_006,77,48,82
DEV_006_2024-10-05 09:00:00,2024-10-05 09:00:00,DEV_006,81,81,61
DEV_006_2024-10-05 14:00:00,2024-10-05 14:00:00,DEV_006,75,84,10
DEV_006_2024-10-05 19:00:00,2024-10-05 19:00:00,DEV_006,29,48,98
DEV_006_2024-10-06 00:00:00,2024-10-06 00:00:00,DEV_006,81,62,13
DEV_006_2024-10-06 05:00:00,2024-10-06 05:00:00,DEV_006,44,47,64
DEV_006_2024-10-06 10:00:00,2024-10-06 10:00:00,DEV_006,91,53,90
DEV_006_2024-10-06 15:00:00,2024-10-06 15:00:00,DEV_006,92,77,76
DEV_006_2024-10-06 20:00:00,2024-10-06 20:00:00,DEV_006,44,28,2
DEV_006_2024-10-07 01:00:00,2024-10-07 01:00:00,DEV_006,57,57,34
DEV_006_2024-10-07 06:00:00,2024-10-07 06:00:00,DEV_006,87,58,52
DEV_006_2024-10-07 11:00:00,2024-10-07 11:00:00,DEV_006,29,35,75
DEV_006_2024-10-07 16:00:00,2024-10-07 16:00:00,DEV_006,48,33,75
DEV_006_2024-10-07 21:00:00,2024-10-07 21:00:00,DEV_006,73,78,9
DEV_006_2024-10-08 02:00:00,2024-10-08 02:00:00,DEV_006,48,67,93
DEV_006_2024-10-08 07:00:00,2024-10-08 07:00:00,DEV_006,83,36,96
DEV_006_2024-10-08 12:00:00,2024-10-08 12:00:00,DEV_006,71,92,44
DEV_006_2024-10-08 17:00:00,2024-10-08 17:00:00,DEV_006,82,60,63
DEV_006_2024-10-08 22:00:00,2024-10-08 22:00:00,DEV_006,5,87,86
DEV_006_2024-10-09 03:00:00,2024-10-09 03:00:00,DEV_006,90,76,40
DEV_006_2024-10-09 08:00:00,2024-10-09 08:00:00,DEV_006,19,47,65
DEV_006_2024-10-09 13:00:00,2024-10-09 13:00:00,DEV_006,67,91,18
DEV_006_2024-10-09 18:00:00,2024-10-09 18:00:00,DEV_006,50,30,66
DEV_006_2024-10-09 23:00:00,2024-10-09 23:00:00,DEV_006,5,93,97
DEV_006_2024-10-10 04:00:00,2024-10-10 04:00:00,DEV_006,42,84,94
DEV_006_2024-10-10 09:00:00,2024-10-10 09:00:00,DEV_006,5,50,85
DEV_006_2024-10-10 14:00:00,2024-10-10 14:00:00,DEV_006,58,79,84
DEV_006_2024-10-10 19:00:00,2024-10-10 19:00:00,DEV_006,8,31,12
DEV_006_2024-10-11 00:00:00,2024-10-11 00:00:00,DEV_006,21,94,62
DEV_006_2024-10-11 05:00:00,2024-10-11 05:00:00,DEV_006,91,90,33
DEV_006_2024-10-11 10:00:00,2024-10-11 10:00:00,DEV_006,26,90,40
DEV_006_2024-10-11 15:00:00,2024-10-11 15:00:00,DEV_006,65,59,15
DEV_006_2024-10-11 20:00:00,2024-10-11 20:00:00,DEV_006,1,11,55
DEV_006_2024-10-12 01:00:00,2024-10-12 01:00:00,DEV_006,2,65,95
DEV_006_2024-10-12 06:00:00,2024-10-12 06:00:00,DEV_006,44,16,22
DEV_006_2024-10-12 11:00:00,2024-10-12 11:00:00,DEV_006,18,47,81
DEV_006_2024-10-12 16:00:00,2024-10-12 16:00:00,DEV_006,30,10,99
DEV_006_2024-10-12 21:00:00,2024-10-12 21:00:00,DEV_006,58,62,85
DEV_006_2024-10-13 02:00:00,2024-10-13 02:00:00,DEV_006,80,6,67
DEV_006_2024-10-13 07:00:00,2024-10-13 07:00:00,DEV_006,41,43,85
DEV_006_2024-10-13 12:00:00,2024-10-13 12:00:00,DEV_006,77,18,58
DEV_006_2024-10-13 17:00:00,2024-10-13 17:00:00,DEV_006,60,88,27
DEV_006_2024-10-13 22:00:00,2024-10-13 22:00:00,DEV_006,68,22,24
DEV_006_2024-10-14 03:00:00,2024-10-14 03:00:00,DEV_006,40,74,66
DEV_006_2024-10-14 08:00:00,2024-10-14 08:00:00,DEV_006,40,6,18
DEV_006_2024-10-14 13:00:00,2024-10-14 13:00:00,DEV_006,81,87,30
DEV_006_2024-10-14 18:00:00,2024-10-14 18:00:00,DEV_006,21,62,10
DEV_006_2024-10-14 23:00:00,2024-10-14 23:00:00,DEV_006,13,76,9
DEV_006_2024-10-15 04:00:00,2024-10-15 04:00:00,DEV_006,68,39,24
DEV_006_2024-10-15 09:00:00,2024-10-15 09:00:00,DEV_006,34,61,41
DEV_006_2024-10-15 14:00:00,2024-10-15 14:00:00,DEV_006,5,79,50
DEV_006_2024-10-15 19:00:00,2024-10-15 19:00:00,DEV_006,4,51,52
DEV_006_2024-10-16 00:00:00,2024-10-16 00:00:00,DEV_006,39,8,45
DEV_006_2024-10-16 05:00:00,2024-10-16 05:00:00,DEV_006,88,28,27
DEV_006_2024-10-16 10:00:00,2024-10-16 10:00:00,DEV_006,65,34,81
DEV_006_2024-10-16 15:00:00,2024-10-16 15:00:00,DEV_006,62,62,38
DEV_006_2024-10-16 20:00:00,2024-10-16 20:00:00,DEV_006,26,24,39
DEV_006_2024-10-17 01:00:00,2024-10-17 01:00:00,DEV_006,21,94,47
DEV_006_2024-10-17 06:00:00,2024-10-17 06:00:00,DEV_006,48,13,3
DEV_006_2024-10-17 11:00:00,2024-10-17 11:00:00,DEV_006,32,35,19
DEV_006_2024-10-17 16:00:00,2024-10-17 16:00:00,DEV_006,14,48,86
DEV_006_2024-10-17 21:00:00,2024-10-17 21:00:00,DEV_006,81,68,45
DEV_006_2024-10-18 02:00:00,2024-10-18 02:00:00,DEV_006,19,64,66
DEV_006_2024-10-18 07:00:00,2024-10-18 07:00:00,DEV_006,79,66,75
DEV_006_2024-10-18 12:00:00,2024-10-18 12:00:00,DEV_006,45,87,74
DEV_006_2024-10-18 17:00:00,2024-10-18 17:00:00,DEV_006,67,69,3
DEV_006_2024-10-18 22:00:00,2024-10-18 22:00:00,DEV_006,38,77,42
DEV_006_2024-10-19 03:00:00,2024-10-19 03:00:00,DEV_006,83,40,50
DEV_006_2024-10-19 08:00:00,2024-10-19 08:00:00,DEV_006,35,24,88
DEV_006_2024-10-19 13:00:00,2024-10-19 13:00:00,DEV_006,17,40,74
DEV_006_2024-10-19 18:00:00,2024-10-19 18:00:00,DEV_006,66,44,23
DEV_006_2024-10-19 23:00:00,2024-10-19 23:00:00,DEV_006,6,66,21
DEV_006_2024-10-20 04:00:00,2024-10-20 04:00:00,DEV_006,35,29,7
DEV_006_2024-10-20 09:00:00,2024-10-20 09:00:00,DEV_006,93,53,37
DEV_006_2024-10-20 14:00:00,2024-10-20 14:00:00,DEV_006,23,97,8
DEV_006_2024-10-20 19:00:00,2024-10-20 19:00:00,DEV_006,76,48,10
DEV_006_2024-10-21 00:00:00,2024-10-21 00:00:00,DEV_006,79,24,90
DEV_006_2024-10-21 05:00:00,2024-10-21 05:00:00,DEV_006,47,53,39
DEV_006_2024-10-21 10:00:00,2024-10-21 10:00:00,DEV_006,67,66,6
DEV_006_2024-10-21 15:00:00,2024-10-21 15:00:00,DEV_006,21,73,74
DEV_006_2024-10-21 20:00:00,2024-10-21 20:00:00,DEV_006,36,3,88
DEV_006_2024-10-22 01:00:00,2024-10-22 01:00:00,DEV_006,86,78,42
DEV_006_2024-10-22 06:00:00,2024-10-22 06:00:00,DEV_006,45,44,91
DEV_006_2024-10-22 11:00:00,2024-10-22 11:00:00,DEV_006,33,60,86
DEV_006_2024-10-22 16:00:00,2024-10-22 16:00:00,DEV_006,93,83,83
DEV_006_2024-10-22 21:00:00,2024-10-22 21:00:00,DEV_006,70,83,77
DEV_006_2024-10-23 02:00:00,2024-10-23 02:00:00,DEV_006,26,86,21
DEV_006_2024-10-23 07:00:00,2024-10-23 07:00:00,DEV_006,2,47,30
DEV_006_2024-10-23 12:00:00,2024-10-23 12:00:00,DEV_006,27,71,20
DEV_006_2024-10-23 17:00:00,2024-10-23 17:00:00,DEV_006,50,95,23
DEV_006_2024-10-23 22:00:00,2024-10-23 22:00:00,DEV_006,13,81,4
DEV_006_2024-10-24 03:00:00,2024-10-24 03:00:00,DEV_006,14,20,13
DEV_006_2024-10-24 08:00:00,2024-10-24 08:00:00,DEV_006,3,90,90
DEV_006_2024-10-24 13:00:00,2024-10-24 13:00:00,DEV_006,82,96,78
DEV_006_2024-10-24 18:00:00,2024-10-24 18:00:00,DEV_006,47,3,1
DEV_006_2024-10-24 23:00:00,2024-10-24 23:00:00,DEV_006,90,24,35
DEV_006_2024-10-25 04:00:00,2024-10-25 04:00:00,DEV_006,14,67,13
DEV_006_2024-10-25 09:00:00,2024-10-25 09:00:00,DEV_006,47,50,78
DEV_006_2024-10-25 14:00:00,2024-10-25 14:00:00,DEV_006,85,26,3
DEV_006_2024-10-25 19:00:00,2024-10-25 19:00:00,DEV_006,51,40,68
DEV_006_2024-10-26 00:00:00,2024-10-26 00:00:00,DEV_006,36,51,1
DEV_006_2024-10-26 05:00:00,2024-10-26 05:00:00,DEV_006,33,7,52
DEV_006_2024-10-26 10:00:00,2024-10-26 10:00:00,DEV_006,11,27,14
DEV_006_2024-10-26 15:00:00,2024-10-26 15:00:00,DEV_006,86,80,46
DEV_006_2024-10-26 20:00:00,2024-10-26 20:00:00,DEV_006,76,10,24
DEV_006_2024-10-27 01:00:00,2024-10-27 01:00:00,DEV_006,61,18,86
DEV_006_2024-10-27 06:00:00,2024-10-27 06:00:00,DEV_006,9,17,58
DEV_006_2024-10-27 11:00:00,2024-10-27 11:00:00,DEV_006,13,50,6
DEV_006_2024-10-27 16:00:00,2024-10-27 16:00:00,DEV_006,85,51,36
DEV_006_2024-10-27 21:00:00,2024-10-27 21:00:00,DEV_006,71,25,11
DEV_006_2024-10-28 02:00:00,2024-10-28 02:00:00,DEV_006,44,14,29
DEV_006_2024-10-28 07:00:00,2024-10-28 07:00:00,DEV_006,74,50,5
DEV_006_2024-10-28 12:00:00,2024-10-28 12:00:00,DEV_006,72,69,88
DEV_006_2024-10-28 17:00:00,2024-10-28 17:00:00,DEV_006,57,26,6
DEV_006_2024-10-28 22:00:00,2024-10-28 22:00:00,DEV_006,16,60,12
DEV_006_2024-10-29 03:00:00,2024-10-29 03:00:00,DEV_006,75,3,63
DEV_006_2024-10-29 08:00:00,2024-10-29 08:00:00,DEV_006,64,62,6
DEV_006_2024-10-29 13:00:00,2024-10-29 13:00:00,DEV_006,19,18,80
DEV_006_2024-10-29 18:00:00,2024-10-29 18:00:00,DEV_006,87,43,73
DEV_006_2024-10-29 23:00:00,2024-10-29 23:00:00,DEV_006,3,72,38
DEV_006_2024-10-30 04:00:00,2024-10-30 04:00:00,DEV_006,68,76,44
DEV_006_2024-10-30 09:00:00,2024-10-30 09:00:00,DEV_006,95,89,80
DEV_006_2024-10-30 14:00:00,2024-10-30 14:00:00,DEV_006,63,42,64
DEV_006_2024-10-30 19:00:00,2024-10-30 19:00:00,DEV_006,54,78,77
DEV_006_2024-10-31 00:00:00,2024-10-31 00:00:00,DEV_006,71,76,37
DEV_006_2024-10-31 05:00:00,2024-10-31 05:00:00,DEV_006,4,2,99
DEV_006_2024-10-31 10:00:00,2024-10-31 10:00:00,DEV_006,44,67,68
DEV_006_2024-10-31 15:00:00,2024-10-31 15:00:00,DEV_006,76,83,74
DEV_006_2024-10-31 20:00:00,2024-10-31 20:00:00,DEV_006,62,1,17
DEV_006_2024-11-01 01:00:00,2024-11-01 01:00:00,DEV_006,16,9,53
DEV_006_2024-11-01 06:00:00,2024-11-01 06:00:00,DEV_006,73,59,9
DEV_006_2024-11-01 11:00:00,2024-11-01 11:00:00,DEV_006,12,41,15
DEV_006_2024-11-01 16:00:00,2024-11-01 16:00:00,DEV_006,66,75,11
DEV_006_2024-11-01 21:00:00,2024-11-01 21:00:00,DEV_006,8,55,96
DEV_006_2024-11-02 02:00:00,2024-11-02 02:00:00,DEV_006,6,53,20
DEV_006_2024-11-02 07:00:00,2024-11-02 07:00:00,DEV_006,39,99,72
DEV_006_2024-11-02 12:00:00,2024-11-02 12:00:00,DEV_006,34,57,19
DEV_006_2024-11-02 17:00:00,2024-11-02 17:00:00,DEV_006,71,31,82
DEV_006_2024-11-02 22:00:00,2024-11-02 22:00:00,DEV_006,40,14,81
DEV_006_2024-11-03 03:00:00,2024-11-03 03:00:00,DEV_006,37,44,9
DEV_006_2024-11-03 08:00:00,2024-11-03 08:00:00,DEV_006,58,20,92
DEV_006_2024-11-03 13:00:00,2024-11-03 13:00:00,DEV_006,50,20,36
DEV_006_2024-11-03 18:00:00,2024-11-03 18:00:00,DEV_006,27,72,32
DEV_006_2024-11-03 23:00:00,2024-11-03 23:00:00,DEV_006,1,17,9
DEV_006_2024-11-04 04:00:00,2024-11-04 04:00:00,DEV_006,84,45,96
DEV_006_2024-11-04 09:00:00,2024-11-04 09:00:00,DEV_006,66,32,45
DEV_006_2024-11-04 14:00:00,2024-11-04 14:00:00,DEV_006,9,30,84
DEV_006_2024-11-04 19:00:00,2024-11-04 19:00:00,DEV_006,38,60,1
DEV_006_2024-11-05 00:00:00,2024-11-05 00:00:00,DEV_006,5,63,99
DEV_006_2024-11-05 05:00:00,2024-11-05 05:00:00,DEV_006,36,65,78
DEV_006_2024-11-05 10:00:00,2024-11-05 10:00:00,DEV_006,73,94,24
DEV_006_2024-11-05 15:00:00,2024-11-05 15:00:00,DEV_006,4,78,89
DEV_006_2024-11-05 20:00:00,2024-11-05 20:00:00,DEV_006,68,25,74
DEV_006_2024-11-06 01:00:00,2024-11-06 01:00:00,DEV_006,99,7,13
DEV_006_2024-11-06 06:00:00,2024-11-06 06:00:00,DEV_006,68,43,57
DEV_006_2024-11-06 11:00:00,2024-11-06 11:00:00,DEV_006,36,14,82
DEV_006_2024-11-06 16:00:00,2024-11-06 16:00:00,DEV_006,72,96,27
DEV_006_2024-11-06 21:00:00,2024-11-06 21:00:00,DEV_006,37,87,71
DEV_006_2024-11-07 02:00:00,2024-11-07 02:00:00,DEV_006,76,25,67
DEV_006_2024-11-07 07:00:00,2024-11-07 07:00:00,DEV_006,90,4,79
DEV_006_2024-11-07 12:00:00,2024-11-07 12:00:00,DEV_006,96,93,74
DEV_006_2024-11-07 17:00:00,2024-11-07 17:00:00,DEV_006,85,16,19
DEV_006_2024-11-07 22:00:00,2024-11-07 22:00:00,DEV_006,29,51,18
DEV_006_2024-11-08 03:00:00,2024-11-08 03:00:00,DEV_006,58,44,16
DEV_006_2024-11-08 08:00:00,2024-11-08 08:00:00,DEV_006,65,2,56
DEV_006_2024-11-08 13:00:00,2024-11-08 13:00:00,DEV_006,79,28,65
DEV_006_2024-11-08 18:00:00,2024-11-08 18:00:00,DEV_006,5,22,13
DEV_006_2024-11-08 23:00:00,2024-11-08 23:00:00,DEV_006,65,16,86
DEV_006_2024-11-09 04:00:00,2024-11-09 04:00:00,DEV_006,64,32,80
DEV_006_2024-11-09 09:00:00,2024-11-09 09:00:00,DEV_006,51,79,58
DEV_006_2024-11-09 14:00:00,2024-11-09 14:00:00,DEV_006,46,52,63
DEV_006_2024-11-09 19:00:00,2024-11-09 19:00:00,DEV_006,76,60,65
DEV_006_2024-11-10 00:00:00,2024-11-10 00:00:00,DEV_006,81,55,57
DEV_006_2024-11-10 05:00:00,2024-11-10 05:00:00,DEV_006,92,71,73
DEV_006_2024-11-10 10:00:00,2024-11-10 10:00:00,DEV_006,86,26,12
DEV_006_2024-11-10 15:00:00,2024-11-10 15:00:00,DEV_006,71,46,47
DEV_006_2024-11-10 20:00:00,2024-11-10 20:00:00,DEV_006,79,38,21
DEV_006_2024-11-11 01:00:00,2024-11-11 01:00:00,DEV_006,14,2,72
DEV_006_2024-11-11 06:00:00,2024-11-11 06:00:00,DEV_006,70,33,6
DEV_006_2024-11-11 11:00:00,2024-11-11 11:00:00,DEV_006,90,37,14
DEV_006_2024-11-11 16:00:00,2024-11-11 16:00:00,DEV_006,37,8,77
DEV_006_2024-11-11 21:00:00,2024-11-11 21:00:00,DEV_006,13,40,92
DEV_006_2024-11-12 02:00:00,2024-11-12 02:00:00,DEV_006,58,18,57
DEV_006_2024-11-12 07:00:00,2024-11-12 07:00:00,DEV_006,83,38,32
DEV_006_2024-11-12 12:00:00,2024-11-12 12:00:00,DEV_006,86,66,77
DEV_006_2024-11-12 17:00:00,2024-11-12 17:00:00,DEV_006,87,25,92
DEV_006_2024-11-12 22:00:00,2024-11-12 22:00:00,DEV_006,58,75,33
DEV_006_2024-11-13 03:00:00,2024-11-13 03:00:00,DEV_006,88,66,30
DEV_006_2024-11-13 08:00:00,2024-11-13 08:00:00,DEV_006,81,34,86
DEV_006_2024-11-13 13:00:00,2024-11-13 13:00:00,DEV_006,69,48,40
DEV_006_2024-11-13 18:00:00,2024-11-13 18:00:00,DEV_006,51,80,13
DEV_006_2024-11-13 23:00:00,2024-11-13 23:00:00,DEV_006,90,31,39
DEV_006_2024-11-14 04:00:00,2024-11-14 04:00:00,DEV_006,63,48,87
DEV_006_2024-11-14 09:00:00,2024-11-14 09:00:00,DEV_006,48,61,12
DEV_006_2024-11-14 14:00:00,2024-11-14 14:00:00,DEV_006,78,56,18
DEV_006_2024-11-14 19:00:00,2024-11-14 19:00:00,DEV_006,27,28,82
DEV_006_2024-11-15 00:00:00,2024-11-15 00:00:00,DEV_006,80,52,16
DEV_006_2024-11-15 05:00:00,2024-11-15 05:00:00,DEV_006,77,58,93
DEV_006_2024-11-15 10:00:00,2024-11-15 10:00:00,DEV_006,9,26,28
DEV_006_2024-11-15 15:00:00,2024-11-15 15:00:00,DEV_006,77,36,9
DEV_006_2024-11-15 20:00:00,2024-11-15 20:00:00,DEV_006,47,78,51
DEV_006_2024-11-16 01:00:00,2024-11-16 01:00:00,DEV_006,76,57,32
DEV_006_2024-11-16 06:00:00,2024-11-16 06:00:00,DEV_006,67,57,54
DEV_006_2024-11-16 11:00:00,2024-11-16 11:00:00,DEV_006,16,62,84
DEV_006_2024-11-16 16:00:00,2024-11-16 16:00:00,DEV_006,96,56,23
DEV_006_2024-11-16 21:00:00,2024-11-16 21:00:00,DEV_006,17,80,38
DEV_006_2024-11-17 02:00:00,2024-11-17 02:00:00,DEV_006,72,83,30
DEV_006_2024-11-17 07:00:00,2024-11-17 07:00:00,DEV_006,58,98,78
DEV_006_2024-11-17 12:00:00,2024-11-17 12:00:00,DEV_006,22,17,15
DEV_006_2024-11-17 17:00:00,2024-11-17 17:00:00,DEV_006,48,32,77
DEV_006_2024-11-17 22:00:00,2024-11-17 22:00:00,DEV_006,85,40,97
DEV_006_2024-11-18 03:00:00,2024-11-18 03:00:00,DEV_006,57,58,91
DEV_006_2024-11-18 08:00:00,2024-11-18 08:00:00,DEV_006,99,16,28
DEV_006_2024-11-18 13:00:00,2024-11-18 13:00:00,DEV_006,98,1,41
DEV_006_2024-11-18 18:00:00,2024-11-18 18:00:00,DEV_006,48,31,36
DEV_006_2024-11-18 23:00:00,2024-11-18 23:00:00,DEV_006,33,33,82
DEV_006_2024-11-19 04:00:00,2024-11-19 04:00:00,DEV_006,23,60,87
DEV_006_2024-11-19 09:00:00,2024-11-19 09:00:00,DEV_006,79,90,30
DEV_006_2024-11-19 14:00:00,2024-11-19 14:00:00,DEV_006,89,45,80
DEV_006_2024-11-19 19:00:00,2024-11-19 19:00:00,DEV_006,39,45,78
DEV_006_2024-11-20 00:00:00,2024-11-20 00:00:00,DEV_006,81,12,93
DEV_006_2024-11-20 05:00:00,2024-11-20 05:00:00,DEV_006,32,56,24
DEV_006_2024-11-20 10:00:00,2024-11-20 10:00:00,DEV_006,13,20,79
DEV_006_2024-11-20 15:00:00,2024-11-20 15:00:00,DEV_006,56,53,68
DEV_006_2024-11-20 20:00:00,2024-11-20 20:00:00,DEV_006,54,34,28
DEV_006_2024-11-21 01:00:00,2024-11-21 01:00:00,DEV_006,50,2,94
DEV_006_2024-11-21 06:00:00,2024-11-21 06:00:00,DEV_006,26,51,47
DEV_006_2024-11-21 11:00:00,2024-11-21 11:00:00,DEV_006,26,84,92
DEV_006_2024-11-21 16:00:00,2024-11-21 16:00:00,DEV_006,84,75,74
DEV_006_2024-11-21 21:00:00,2024-11-21 21:00:00,DEV_006,61,23,37
DEV_006_2024-11-22 02:00:00,2024-11-22 02:00:00,DEV_006,41,52,83
DEV_006_2024-11-22 07:00:00,2024-11-22 07:00:00,DEV_006,82,49,27
DEV_006_2024-11-22 12:00:00,2024-11-22 12:00:00,DEV_006,6,74,66
DEV_006_2024-11-22 17:00:00,2024-11-22 17:00:00,DEV_006,24,38,28
DEV_006_2024-11-22 22:00:00,2024-11-22 22:00:00,DEV_006,28,66,61
DEV_006_2024-11-23 03:00:00,2024-11-23 03:00:00,DEV_006,46,69,75
DEV_006_2024-11-23 08:00:00,2024-11-23 08:00:00,DEV_006,74,43,59
DEV_006_2024-11-23 13:00:00,2024-11-23 13:00:00,DEV_006,2,15,37
DEV_006_2024-11-23 18:00:00,2024-11-23 18:00:00,DEV_006,71,20,98
DEV_006_2024-11-23 23:00:00,2024-11-23 23:00:00,DEV_006,35,34,86
DEV_006_2024-11-24 04:00:00,2024-11-24 04:00:00,DEV_006,31,87,19
DEV_006_2024-11-24 09:00:00,2024-11-24 09:00:00,DEV_006,68,24,84
DEV_006_2024-11-24 14:00:00,2024-11-24 14:00:00,DEV_006,39,92,54
DEV_006_2024-11-24 19:00:00,2024-11-24 19:00:00,DEV_006,39,17,19
DEV_006_2024-11-25 00:00:00,2024-11-25 00:00:00,DEV_006,48,35,32
DEV_006_2024-11-25 05:00:00,2024-11-25 05:00:00,DEV_006,47,47,64
DEV_006_2024-11-25 10:00:00,2024-11-25 10:00:00,DEV_006,46,35,94
DEV_006_2024-11-25 15:00:00,2024-11-25 15:00:00,DEV_006,17,42,29
DEV_006_2024-11-25 20:00:00,2024-11-25 20:00:00,DEV_006,70,17,81
DEV_006_2024-11-26 01:00:00,2024-11-26 01:00:00,DEV_006,14,24,57
DEV_006_2024-11-26 06:00:00,2024-11-26 06:00:00,DEV_006,50,57,61
DEV_006_2024-11-26 11:00:00,2024-11-26 11:00:00,DEV_006,39,55,96
DEV_006_2024-11-26 16:00:00,2024-11-26 16:00:00,DEV_006,36,37,14
DEV_006_2024-11-26 21:00:00,2024-11-26 21:00:00,DEV_006,27,83,31
DEV_006_2024-11-27 02:00:00,2024-11-27 02:00:00,DEV_006,73,81,83
DEV_006_2024-11-27 07:00:00,2024-11-27 07:00:00,DEV_006,44,68,48
DEV_006_2024-11-27 12:00:00,2024-11-27 12:00:00,DEV_006,57,75,22
DEV_006_2024-11-27 17:00:00,2024-11-27 17:00:00,DEV_006,4,81,72
DEV_006_2024-11-27 22:00:00,2024-11-27 22:00:00,DEV_006,46,59,34
DEV_006_2024-11-28 03:00:00,2024-11-28 03:00:00,DEV_006,11,31,11
DEV_006_2024-11-28 08:00:00,2024-11-28 08:00:00,DEV_006,56,38,21
DEV_006_2024-11-28 13:00:00,2024-11-28 13:00:00,DEV_006,94,10,26
DEV_006_2024-11-28 18:00:00,2024-11-28 18:00:00,DEV_006,91,8,8
DEV_006_2024-11-28 23:00:00,2024-11-28 23:00:00,DEV_006,60,72,34
DEV_006_2024-11-29 04:00:00,2024-11-29 04:00:00,DEV_006,16,13,87
DEV_006_2024-11-29 09:00:00,2024-11-29 09:00:00,DEV_006,76,91,22
DEV_006_2024-11-29 14:00:00,2024-11-29 14:00:00,DEV_006,96,27,64
DEV_006_2024-11-29 19:00:00,2024-11-29 19:00:00,DEV_006,2,97,26
DEV_006_2024-11-30 00:00:00,2024-11-30 00:00:00,DEV_006,92,83,69
DEV_006_2024-11-30 05:00:00,2024-11-30 05:00:00,DEV_006,97,84,30
DEV_006_2024-11-30 10:00:00,2024-11-30 10:00:00,DEV_006,8,38,61
DEV_006_2024-11-30 15:00:00,2024-11-30 15:00:00,DEV_006,81,65,67
DEV_006_2024-11-30 20:00:00,2024-11-30 20:00:00,DEV_006,46,90,95
DEV_006_2024-12-01 01:00:00,2024-12-01 01:00:00,DEV_006,72,43,59
DEV_006_2024-12-01 06:00:00,2024-12-01 06:00:00,DEV_006,46,72,35
DEV_006_2024-12-01 11:00:00,2024-12-01 11:00:00,DEV_006,39,92,51
DEV_006_2024-12-01 16:00:00,2024-12-01 16:00:00,DEV_006,4,80,77
DEV_006_2024-12-01 21:00:00,2024-12-01 21:00:00,DEV_006,84,51,5
DEV_006_2024-12-02 02:00:00,2024-12-02 02:00:00,DEV_006,55,20,24
DEV_006_2024-12-02 07:00:00,2024-12-02 07:00:00,DEV_006,36,34,54
DEV_006_2024-12-02 12:00:00,2024-12-02 12:00:00,DEV_006,34,83,17
DEV_006_2024-12-02 17:00:00,2024-12-02 17:00:00,DEV_006,5,89,18
DEV_006_2024-12-02 22:00:00,2024-12-02 22:00:00,DEV_006,55,53,50
DEV_006_2024-12-03 03:00:00,2024-12-03 03:00:00,DEV_006,72,91,79
DEV_006_2024-12-03 08:00:00,2024-12-03 08:00:00,DEV_006,45,13,16
DEV_006_2024-12-03 13:00:00,2024-12-03 13:00:00,DEV_006,86,84,13
DEV_006_2024-12-03 18:00:00,2024-12-03 18:00:00,DEV_006,20,66,99
DEV_006_2024-12-03 23:00:00,2024-12-03 23:00:00,DEV_006,47,19,45
DEV_006_2024-12-04 04:00:00,2024-12-04 04:00:00,DEV_006,37,54,6
DEV_006_2024-12-04 09:00:00,2024-12-04 09:00:00,DEV_006,14,4,86
DEV_006_2024-12-04 14:00:00,2024-12-04 14:00:00,DEV_006,55,34,27
DEV_006_2024-12-04 19:00:00,2024-12-04 19:00:00,DEV_006,7,3,47
DEV_006_2024-12-05 00:00:00,2024-12-05 00:00:00,DEV_006,97,2,80
DEV_006_2024-12-05 05:00:00,2024-12-05 05:00:00,DEV_006,25,60,79
DEV_006_2024-12-05 10:00:00,2024-12-05 10:00:00,DEV_006,24,15,95
DEV_006_2024-12-05 15:00:00,2024-12-05 15:00:00,DEV_006,14,54,78
DEV_006_2024-12-05 20:00:00,2024-12-05 20:00:00,DEV_006,6,78,81
DEV_006_2024-12-06 01:00:00,2024-12-06 01:00:00,DEV_006,18,20,62
DEV_006_2024-12-06 06:00:00,2024-12-06 06:00:00,DEV_006,81,80,40
DEV_006_2024-12-06 11:00:00,2024-12-06 11:00:00,DEV_006,39,52,32
DEV_006_2024-12-06 16:00:00,2024-12-06 16:00:00,DEV_006,73,27,52
DEV_006_2024-12-06 21:00:00,2024-12-06 21:00:00,DEV_006,97,63,74
DEV_006_2024-12-07 02:00:00,2024-12-07 02:00:00,DEV_006,63,17,49
DEV_006_2024-12-07 07:00:00,2024-12-07 07:00:00,DEV_006,81,82,23
DEV_006_2024-12-07 12:00:00,2024-12-07 12:00:00,DEV_006,98,72,13
DEV_006_2024-12-07 17:00:00,2024-12-07 17:00:00,DEV_006,23,57,62
DEV_006_2024-12-07 22:00:00,2024-12-07 22:00:00,DEV_006,54,20,86
DEV_006_2024-12-08 03:00:00,2024-12-08 03:00:00,DEV_006,52,23,35
DEV_006_2024-12-08 08:00:00,2024-12-08 08:00:00,DEV_006,67,34,33
DEV_006_2024-12-08 13:00:00,2024-12-08 13:00:00,DEV_006,46,81,45
DEV_006_2024-12-08 18:00:00,2024-12-08 18:00:00,DEV_006,19,94,87
DEV_006_2024-12-08 23:00:00,2024-12-08 23:00:00,DEV_006,15,78,66
DEV_006_2024-12-09 04:00:00,2024-12-09 04:00:00,DEV_006,39,18,70
DEV_006_2024-12-09 09:00:00,2024-12-09 09:00:00,DEV_006,59,32,21
DEV_006_2024-12-09 14:00:00,2024-12-09 14:00:00,DEV_006,40,92,27
DEV_006_2024-12-09 19:00:00,2024-12-09 19:00:00,DEV_006,2,97,80
DEV_006_2024-12-10 00:00:00,2024-12-10 00:00:00,DEV_006,39,86,56
DEV_006_2024-12-10 05:00:00,2024-12-10 05:00:00,DEV_006,13,56,66
DEV_006_2024-12-10 10:00:00,2024-12-10 10:00:00,DEV_006,78,56,28
DEV_006_2024-12-10 15:00:00,2024-12-10 15:00:00,DEV_006,64,71,82
DEV_006_2024-12-10 20:00:00,2024-12-10 20:00:00,DEV_006,64,56,41
DEV_006_2024-12-11 01:00:00,2024-12-11 01:00:00,DEV_006,41,4,57
DEV_006_2024-12-11 06:00:00,2024-12-11 06:00:00,DEV_006,30,88,84
DEV_006_2024-12-11 11:00:00,2024-12-11 11:00:00,DEV_006,46,56,31
DEV_006_2024-12-11 16:00:00,2024-12-11 16:00:00,DEV_006,88,7,90
DEV_006_2024-12-11 21:00:00,2024-12-11 21:00:00,DEV_006,77,54,8
DEV_006_2024-12-12 02:00:00,2024-12-12 02:00:00,DEV_006,55,69,44
DEV_006_2024-12-12 07:00:00,2024-12-12 07:00:00,DEV_006,13,93,20
DEV_006_2024-12-12 12:00:00,2024-12-12 12:00:00,DEV_006,78,32,60
DEV_006_2024-12-12 17:00:00,2024-12-12 17:00:00,DEV_006,50,27,25
DEV_006_2024-12-12 22:00:00,2024-12-12 22:00:00,DEV_006,52,68,21
DEV_006_2024-12-13 03:00:00,2024-12-13 03:00:00,DEV_006,18,39,15
DEV_006_2024-12-13 08:00:00,2024-12-13 08:00:00,DEV_006,53,38,48
DEV_006_2024-12-13 13:00:00,2024-12-13 13:00:00,DEV_006,52,88,72
DEV_006_2024-12-13 18:00:00,2024-12-13 18:00:00,DEV_006,28,85,16
DEV_006_2024-12-13 23:00:00,2024-12-13 23:00:00,DEV_006,16,35,17
DEV_006_2024-12-14 04:00:00,2024-12-14 04:00:00,DEV_006,73,99,52
DEV_006_2024-12-14 09:00:00,2024-12-14 09:00:00,DEV_006,93,82,12
DEV_006_2024-12-14 14:00:00,2024-12-14 14:00:00,DEV_006,83,48,22
DEV_006_2024-12-14 19:00:00,2024-12-14 19:00:00,DEV_006,49,52,79
DEV_006_2024-12-15 00:00:00,2024-12-15 00:00:00,DEV_006,1,66,64
DEV_006_2024-12-15 05:00:00,2024-12-15 05:00:00,DEV_006,8,86,25
DEV_006_2024-12-15 10:00:00,2024-12-15 10:00:00,DEV_006,66,73,73
DEV_006_2024-12-15 15:00:00,2024-12-15 15:00:00,DEV_006,77,70,94
DEV_006_2024-12-15 20:00:00,2024-12-15 20:00:00,DEV_006,79,51,53
DEV_006_2024-12-16 01:00:00,2024-12-16 01:00:00,DEV_006,15,50,71
DEV_006_2024-12-16 06:00:00,2024-12-16 06:00:00,DEV_006,75,38,40
DEV_006_2024-12-16 11:00:00,2024-12-16 11:00:00,DEV_006,66,39,74
DEV_006_2024-12-16 16:00:00,2024-12-16 16:00:00,DEV_006,17,7,39
DEV_006_2024-12-16 21:00:00,2024-12-16 21:00:00,DEV_006,68,35,51
DEV_006_2024-12-17 02:00:00,2024-12-17 02:00:00,DEV_006,47,36,64
DEV_006_2024-12-17 07:00:00,2024-12-17 07:00:00,DEV_006,95,89,13
DEV_006_2024-12-17 12:00:00,2024-12-17 12:00:00,DEV_006,18,21,65
DEV_006_2024-12-17 17:00:00,2024-12-17 17:00:00,DEV_006,8,48,85
DEV_006_2024-12-17 22:00:00,2024-12-17 22:00:00,DEV_006,43,53,85
DEV_006_2024-12-18 03:00:00,2024-12-18 03:00:00,DEV_006,27,19,23
DEV_006_2024-12-18 08:00:00,2024-12-18 08:00:00,DEV_006,50,51,43
DEV_006_2024-12-18 13:00:00,2024-12-18 13:00:00,DEV_006,99,51,69
DEV_006_2024-12-18 18:00:00,2024-12-18 18:00:00,DEV_006,41,72,11
DEV_006_2024-12-18 23:00:00,2024-12-18 23:00:00,DEV_006,80,88,85
DEV_006_2024-12-19 04:00:00,2024-12-19 04:00:00,DEV_006,52,23,49
DEV_006_2024-12-19 09:00:00,2024-12-19 09:00:00,DEV_006,38,47,72
DEV_006_2024-12-19 14:00:00,2024-12-19 14:00:00,DEV_006,7,66,94
DEV_006_2024-12-19 19:00:00,2024-12-19 19:00:00,DEV_006,77,62,87
DEV_006_2024-12-20 00:00:00,2024-12-20 00:00:00,DEV_006,29,38,84
DEV_006_2024-12-20 05:00:00,2024-12-20 05:00:00,DEV_006,33,29,79
DEV_006_2024-12-20 10:00:00,2024-12-20 10:00:00,DEV_006,23,3,93
DEV_006_2024-12-20 15:00:00,2024-12-20 15:00:00,DEV_006,45,8,86
DEV_006_2024-12-20 20:00:00,2024-12-20 20:00:00,DEV_006,29,2,50
DEV_006_2024-12-21 01:00:00,2024-12-21 01:00:00,DEV_006,65,20,52
DEV_006_2024-12-21 06:00:00,2024-12-21 06:00:00,DEV_006,85,37,72
DEV_006_2024-12-21 11:00:00,2024-12-21 11:00:00,DEV_006,27,47,99
DEV_006_2024-12-21 16:00:00,2024-12-21 16:00:00,DEV_006,6,60,45
DEV_006_2024-12-21 21:00:00,2024-12-21 21:00:00,DEV_006,44,83,18
DEV_006_2024-12-22 02:00:00,2024-12-22 02:00:00,DEV_006,65,25,27
DEV_006_2024-12-22 07:00:00,2024-12-22 07:00:00,DEV_006,7,44,29
DEV_006_2024-12-22 12:00:00,2024-12-22 12:00:00,DEV_006,95,44,36
DEV_006_2024-12-22 17:00:00,2024-12-22 17:00:00,DEV_006,19,6,25
DEV_006_2024-12-22 22:00:00,2024-12-22 22:00:00,DEV_006,31,9,84
DEV_006_2024-12-23 03:00:00,2024-12-23 03:00:00,DEV_006,74,37,27
DEV_006_2024-12-23 08:00:00,2024-12-23 08:00:00,DEV_006,13,41,66
DEV_006_2024-12-23 13:00:00,2024-12-23 13:00:00,DEV_006,85,97,24
DEV_006_2024-12-23 18:00:00,2024-12-23 18:00:00,DEV_006,44,98,60
DEV_006_2024-12-23 23:00:00,2024-12-23 23:00:00,DEV_006,9,2,56
DEV_006_2024-12-24 04:00:00,2024-12-24 04:00:00,DEV_006,30,22,75
DEV_006_2024-12-24 09:00:00,2024-12-24 09:00:00,DEV_006,81,13,71
DEV_006_2024-12-24 14:00:00,2024-12-24 14:00:00,DEV_006,16,97,45
DEV_006_2024-12-24 19:00:00,2024-12-24 19:00:00,DEV_006,65,11,70
DEV_006_2024-12-25 00:00:00,2024-12-25 00:00:00,DEV_006,20,99,63
DEV_006_2024-12-25 05:00:00,2024-12-25 05:00:00,DEV_006,90,12,62
DEV_006_2024-12-25 10:00:00,2024-12-25 10:00:00,DEV_006,94,92,91
DEV_006_2024-12-25 15:00:00,2024-12-25 15:00:00,DEV_006,42,83,69
DEV_006_2024-12-25 20:00:00,2024-12-25 20:00:00,DEV_006,58,5,27
DEV_006_2024-12-26 01:00:00,2024-12-26 01:00:00,DEV_006,28,26,91
DEV_006_2024-12-26 06:00:00,2024-12-26 06:00:00,DEV_006,49,21,1
DEV_006_2024-12-26 11:00:00,2024-12-26 11:00:00,DEV_006,92,58,79
DEV_006_2024-12-26 16:00:00,2024-12-26 16:00:00,DEV_006,55,81,26
DEV_006_2024-12-26 21:00:00,2024-12-26 21:00:00,DEV_006,84,25,77
DEV_006_2024-12-27 02:00:00,2024-12-27 02:00:00,DEV_006,33,89,72
DEV_006_2024-12-27 07:00:00,2024-12-27 07:00:00,DEV_006,69,6,23
DEV_006_2024-12-27 12:00:00,2024-12-27 12:00:00,DEV_006,30,78,54
DEV_006_2024-12-27 17:00:00,2024-12-27 17:00:00,DEV_006,87,11,31
DEV_006_2024-12-27 22:00:00,2024-12-27 22:00:00,DEV_006,6,11,77
DEV_006_2024-12-28 03:00:00,2024-12-28 03:00:00,DEV_006,12,66,53
DEV_006_2024-12-28 08:00:00,2024-12-28 08:00:00,DEV_006,99,36,17
DEV_006_2024-12-28 13:00:00,2024-12-28 13:00:00,DEV_006,28,92,22
DEV_006_2024-12-28 18:00:00,2024-12-28 18:00:00,DEV_006,7,15,96
DEV_006_2024-12-28 23:00:00,2024-12-28 23:00:00,DEV_006,11,24,67
DEV_006_2024-12-29 04:00:00,2024-12-29 04:00:00,DEV_006,30,70,66
DEV_006_2024-12-29 09:00:00,2024-12-29 09:00:00,DEV_006,61,78,41
DEV_006_2024-12-29 14:00:00,2024-12-29 14:00:00,DEV_006,82,51,44
DEV_006_2024-12-29 19:00:00,2024-12-29 19:00:00,DEV_006,95,13,90
DEV_007_2024-09-01 00:00:00,2024-09-01 00:00:00,DEV_007,12,82,9
DEV_007_2024-09-01 04:00:00,2024-09-01 04:00:00,DEV_007,85,48,49
DEV_007_2024-09-01 08:00:00,2024-09-01 08:00:00,DEV_007,53,56,40
DEV_007_2024-09-01 12:00:00,2024-09-01 12:00:00,DEV_007,24,98,72
DEV_007_2024-09-01 16:00:00,2024-09-01 16:00:00,DEV_007,33,23,77
DEV_007_2024-09-01 20:00:00,2024-09-01 20:00:00,DEV_007,54,53,49
DEV_007_2024-09-02 00:00:00,2024-09-02 00:00:00,DEV_007,78,78,80
DEV_007_2024-09-02 04:00:00,2024-09-02 04:00:00,DEV_007,49,60,90
DEV_007_2024-09-02 08:00:00,2024-09-02 08:00:00,DEV_007,90,65,32
DEV_007_2024-09-02 12:00:00,2024-09-02 12:00:00,DEV_007,79,21,18
DEV_007_2024-09-02 16:00:00,2024-09-02 16:00:00,DEV_007,94,60,13
DEV_007_2024-09-02 20:00:00,2024-09-02 20:00:00,DEV_007,24,30,2
DEV_007_2024-09-03 00:00:00,2024-09-03 00:00:00,DEV_007,83,25,50
DEV_007_2024-09-03 04:00:00,2024-09-03 04:00:00,DEV_007,14,6,76
DEV_007_2024-09-03 08:00:00,2024-09-03 08:00:00,DEV_007,84,87,30
DEV_007_2024-09-03 12:00:00,2024-09-03 12:00:00,DEV_007,30,38,58
DEV_007_2024-09-03 16:00:00,2024-09-03 16:00:00,DEV_007,94,41,94
DEV_007_2024-09-03 20:00:00,2024-09-03 20:00:00,DEV_007,57,36,64
DEV_007_2024-09-04 00:00:00,2024-09-04 00:00:00,DEV_007,98,16,88
DEV_007_2024-09-04 04:00:00,2024-09-04 04:00:00,DEV_007,78,90,72
DEV_007_2024-09-04 08:00:00,2024-09-04 08:00:00,DEV_007,14,31,66
DEV_007_2024-09-04 12:00:00,2024-09-04 12:00:00,DEV_007,68,65,55
DEV_007_2024-09-04 16:00:00,2024-09-04 16:00:00,DEV_007,84,78,40
DEV_007_2024-09-04 20:00:00,2024-09-04 20:00:00,DEV_007,25,25,3
DEV_007_2024-09-05 00:00:00,2024-09-05 00:00:00,DEV_007,69,26,40
DEV_007_2024-09-05 04:00:00,2024-09-05 04:00:00,DEV_007,38,38,68
DEV_007_2024-09-05 08:00:00,2024-09-05 08:00:00,DEV_007,7,94,30
DEV_007_2024-09-05 12:00:00,2024-09-05 12:00:00,DEV_007,19,35,33
DEV_007_2024-09-05 16:00:00,2024-09-05 16:00:00,DEV_007,33,78,38
DEV_007_2024-09-05 20:00:00,2024-09-05 20:00:00,DEV_007,10,57,28
DEV_007_2024-09-06 00:00:00,2024-09-06 00:00:00,DEV_007,78,38,16
DEV_007_2024-09-06 04:00:00,2024-09-06 04:00:00,DEV_007,21,92,97
DEV_007_2024-09-06 08:00:00,2024-09-06 08:00:00,DEV_007,6,41,15
DEV_007_2024-09-06 12:00:00,2024-09-06 12:00:00,DEV_007,3,43,47
DEV_007_2024-09-06 16:00:00,2024-09-06 16:00:00,DEV_007,99,14,66
DEV_007_2024-09-06 20:00:00,2024-09-06 20:00:00,DEV_007,29,4,26
DEV_007_2024-09-07 00:00:00,2024-09-07 00:00:00,DEV_007,12,2,17
DEV_007_2024-09-07 04:00:00,2024-09-07 04:00:00,DEV_007,35,10,86
DEV_007_2024-09-07 08:00:00,2024-09-07 08:00:00,DEV_007,43,21,15
DEV_007_2024-09-07 12:00:00,2024-09-07 12:00:00,DEV_007,35,85,85
DEV_007_2024-09-07 16:00:00,2024-09-07 16:00:00,DEV_007,85,60,44
DEV_007_2024-09-07 20:00:00,2024-09-07 20:00:00,DEV_007,96,5,73
DEV_007_2024-09-08 00:00:00,2024-09-08 00:00:00,DEV_007,18,21,72
DEV_007_2024-09-08 04:00:00,2024-09-08 04:00:00,DEV_007,98,74,51
DEV_007_2024-09-08 08:00:00,2024-09-08 08:00:00,DEV_007,41,24,24
DEV_007_2024-09-08 12:00:00,2024-09-08 12:00:00,DEV_007,96,97,38
DEV_007_2024-09-08 16:00:00,2024-09-08 16:00:00,DEV_007,44,57,59
DEV_007_2024-09-08 20:00:00,2024-09-08 20:00:00,DEV_007,34,75,95
DEV_007_2024-09-09 00:00:00,2024-09-09 00:00:00,DEV_007,82,23,86
DEV_007_2024-09-09 04:00:00,2024-09-09 04:00:00,DEV_007,43,82,40
DEV_007_2024-09-09 08:00:00,2024-09-09 08:00:00,DEV_007,47,41,47
DEV_007_2024-09-09 12:00:00,2024-09-09 12:00:00,DEV_007,20,77,65
DEV_007_2024-09-09 16:00:00,2024-09-09 16:00:00,DEV_007,68,24,36
DEV_007_2024-09-09 20:00:00,2024-09-09 20:00:00,DEV_007,45,2,28
DEV_007_2024-09-10 00:00:00,2024-09-10 00:00:00,DEV_007,26,23,79
DEV_007_2024-09-10 04:00:00,2024-09-10 04:00:00,DEV_007,36,91,6
DEV_007_2024-09-10 08:00:00,2024-09-10 08:00:00,DEV_007,35,38,35
DEV_007_2024-09-10 12:00:00,2024-09-10 12:00:00,DEV_007,74,94,53
DEV_007_2024-09-10 16:00:00,2024-09-10 16:00:00,DEV_007,38,93,59
DEV_007_2024-09-10 20:00:00,2024-09-10 20:00:00,DEV_007,43,4,5
DEV_007_2024-09-11 00:00:00,2024-09-11 00:00:00,DEV_007,68,45,80
DEV_007_2024-09-11 04:00:00,2024-09-11 04:00:00,DEV_007,25,78,11
DEV_007_2024-09-11 08:00:00,2024-09-11 08:00:00,DEV_007,29,34,86
DEV_007_2024-09-11 12:00:00,2024-09-11 12:00:00,DEV_007,14,24,59
DEV_007_2024-09-11 16:00:00,2024-09-11 16:00:00,DEV_007,39,26,43
DEV_007_2024-09-11 20:00:00,2024-09-11 20:00:00,DEV_007,36,39,61
DEV_007_2024-09-12 00:00:00,2024-09-12 00:00:00,DEV_007,16,59,96
DEV_007_2024-09-12 04:00:00,2024-09-12 04:00:00,DEV_007,6,98,56
DEV_007_2024-09-12 08:00:00,2024-09-12 08:00:00,DEV_007,8,94,27
DEV_007_2024-09-12 12:00:00,2024-09-12 12:00:00,DEV_007,71,27,89
DEV_007_2024-09-12 16:00:00,2024-09-12 16:00:00,DEV_007,46,41,79
DEV_007_2024-09-12 20:00:00,2024-09-12 20:00:00,DEV_007,25,86,18
DEV_007_2024-09-13 00:00:00,2024-09-13 00:00:00,DEV_007,12,87,51
DEV_007_2024-09-13 04:00:00,2024-09-13 04:00:00,DEV_007,39,89,10
DEV_007_2024-09-13 08:00:00,2024-09-13 08:00:00,DEV_007,94,74,98
DEV_007_2024-09-13 12:00:00,2024-09-13 12:00:00,DEV_007,77,54,29
DEV_007_2024-09-13 16:00:00,2024-09-13 16:00:00,DEV_007,41,9,63
DEV_007_2024-09-13 20:00:00,2024-09-13 20:00:00,DEV_007,77,37,14
DEV_007_2024-09-14 00:00:00,2024-09-14 00:00:00,DEV_007,73,72,39
DEV_007_2024-09-14 04:00:00,2024-09-14 04:00:00,DEV_007,40,54,3
DEV_007_2024-09-14 08:00:00,2024-09-14 08:00:00,DEV_007,55,33,96
DEV_007_2024-09-14 12:00:00,2024-09-14 12:00:00,DEV_007,71,19,34
DEV_007_2024-09-14 16:00:00,2024-09-14 16:00:00,DEV_007,78,50,47
DEV_007_2024-09-14 20:00:00,2024-09-14 20:00:00,DEV_007,46,56,57
DEV_007_2024-09-15 00:00:00,2024-09-15 00:00:00,DEV_007,83,51,54
DEV_007_2024-09-15 04:00:00,2024-09-15 04:00:00,DEV_007,90,81,28
DEV_007_2024-09-15 08:00:00,2024-09-15 08:00:00,DEV_007,19,27,48
DEV_007_2024-09-15 12:00:00,2024-09-15 12:00:00,DEV_007,19,97,51
DEV_007_2024-09-15 16:00:00,2024-09-15 16:00:00,DEV_007,7,29,43
DEV_007_2024-09-15 20:00:00,2024-09-15 20:00:00,DEV_007,69,94,58
DEV_007_2024-09-16 00:00:00,2024-09-16 00:00:00,DEV_007,8,42,76
DEV_007_2024-09-16 04:00:00,2024-09-16 04:00:00,DEV_007,42,13,26
DEV_007_2024-09-16 08:00:00,2024-09-16 08:00:00,DEV_007,18,42,51
DEV_007_2024-09-16 12:00:00,2024-09-16 12:00:00,DEV_007,84,16,3
DEV_007_2024-09-16 16:00:00,2024-09-16 16:00:00,DEV_007,91,79,98
DEV_007_2024-09-16 20:00:00,2024-09-16 20:00:00,DEV_007,45,22,23
DEV_007_2024-09-17 00:00:00,2024-09-17 00:00:00,DEV_007,59,62,68
DEV_007_2024-09-17 04:00:00,2024-09-17 04:00:00,DEV_007,54,57,23
DEV_007_2024-09-17 08:00:00,2024-09-17 08:00:00,DEV_007,60,73,88
DEV_007_2024-09-17 12:00:00,2024-09-17 12:00:00,DEV_007,85,55,80
DEV_007_2024-09-17 16:00:00,2024-09-17 16:00:00,DEV_007,63,56,55
DEV_007_2024-09-17 20:00:00,2024-09-17 20:00:00,DEV_007,25,26,49
DEV_007_2024-09-18 00:00:00,2024-09-18 00:00:00,DEV_007,63,45,73
DEV_007_2024-09-18 04:00:00,2024-09-18 04:00:00,DEV_007,79,39,97
DEV_007_2024-09-18 08:00:00,2024-09-18 08:00:00,DEV_007,65,69,56
DEV_007_2024-09-18 12:00:00,2024-09-18 12:00:00,DEV_007,9,70,28
DEV_007_2024-09-18 16:00:00,2024-09-18 16:00:00,DEV_007,45,26,28
DEV_007_2024-09-18 20:00:00,2024-09-18 20:00:00,DEV_007,40,15,6
DEV_007_2024-09-19 00:00:00,2024-09-19 00:00:00,DEV_007,27,38,68
DEV_007_2024-09-19 04:00:00,2024-09-19 04:00:00,DEV_007,75,85,64
DEV_007_2024-09-19 08:00:00,2024-09-19 08:00:00,DEV_007,30,82,99
DEV_007_2024-09-19 12:00:00,2024-09-19 12:00:00,DEV_007,3,62,12
DEV_007_2024-09-19 16:00:00,2024-09-19 16:00:00,DEV_007,91,30,85
DEV_007_2024-09-19 20:00:00,2024-09-19 20:00:00,DEV_007,38,85,60
DEV_007_2024-09-20 00:00:00,2024-09-20 00:00:00,DEV_007,38,15,18
DEV_007_2024-09-20 04:00:00,2024-09-20 04:00:00,DEV_007,52,29,60
DEV_007_2024-09-20 08:00:00,2024-09-20 08:00:00,DEV_007,21,17,18
DEV_007_2024-09-20 12:00:00,2024-09-20 12:00:00,DEV_007,57,37,60
DEV_007_2024-09-20 16:00:00,2024-09-20 16:00:00,DEV_007,38,12,75
DEV_007_2024-09-20 20:00:00,2024-09-20 20:00:00,DEV_007,84,73,1
DEV_007_2024-09-21 00:00:00,2024-09-21 00:00:00,DEV_007,58,3,63
DEV_007_2024-09-21 04:00:00,2024-09-21 04:00:00,DEV_007,21,23,9
DEV_007_2024-09-21 08:00:00,2024-09-21 08:00:00,DEV_007,83,55,19
DEV_007_2024-09-21 12:00:00,2024-09-21 12:00:00,DEV_007,62,87,91
DEV_007_2024-09-21 16:00:00,2024-09-21 16:00:00,DEV_007,91,39,76
DEV_007_2024-09-21 20:00:00,2024-09-21 20:00:00,DEV_007,27,46,34
DEV_007_2024-09-22 00:00:00,2024-09-22 00:00:00,DEV_007,33,92,95
DEV_007_2024-09-22 04:00:00,2024-09-22 04:00:00,DEV_007,96,50,20
DEV_007_2024-09-22 08:00:00,2024-09-22 08:00:00,DEV_007,40,99,95
DEV_007_2024-09-22 12:00:00,2024-09-22 12:00:00,DEV_007,58,31,38
DEV_007_2024-09-22 16:00:00,2024-09-22 16:00:00,DEV_007,86,45,41
DEV_007_2024-09-22 20:00:00,2024-09-22 20:00:00,DEV_007,9,9,63
DEV_007_2024-09-23 00:00:00,2024-09-23 00:00:00,DEV_007,79,77,22
DEV_007_2024-09-23 04:00:00,2024-09-23 04:00:00,DEV_007,16,32,66
DEV_007_2024-09-23 08:00:00,2024-09-23 08:00:00,DEV_007,90,14,38
DEV_007_2024-09-23 12:00:00,2024-09-23 12:00:00,DEV_007,98,8,21
DEV_007_2024-09-23 16:00:00,2024-09-23 16:00:00,DEV_007,56,46,43
DEV_007_2024-09-23 20:00:00,2024-09-23 20:00:00,DEV_007,92,46,48
DEV_007_2024-09-24 00:00:00,2024-09-24 00:00:00,DEV_007,70,84,31
DEV_007_2024-09-24 04:00:00,2024-09-24 04:00:00,DEV_007,33,44,71
DEV_007_2024-09-24 08:00:00,2024-09-24 08:00:00,DEV_007,8,73,2
DEV_007_2024-09-24 12:00:00,2024-09-24 12:00:00,DEV_007,17,52,45
DEV_007_2024-09-24 16:00:00,2024-09-24 16:00:00,DEV_007,37,42,44
DEV_007_2024-09-24 20:00:00,2024-09-24 20:00:00,DEV_007,81,38,99
DEV_007_2024-09-25 00:00:00,2024-09-25 00:00:00,DEV_007,94,6,68
DEV_007_2024-09-25 04:00:00,2024-09-25 04:00:00,DEV_007,51,35,58
DEV_007_2024-09-25 08:00:00,2024-09-25 08:00:00,DEV_007,57,73,6
DEV_007_2024-09-25 12:00:00,2024-09-25 12:00:00,DEV_007,13,59,86
DEV_007_2024-09-25 16:00:00,2024-09-25 16:00:00,DEV_007,92,30,2
DEV_007_2024-09-25 20:00:00,2024-09-25 20:00:00,DEV_007,58,36,72
DEV_007_2024-09-26 00:00:00,2024-09-26 00:00:00,DEV_007,45,9,65
DEV_007_2024-09-26 04:00:00,2024-09-26 04:00:00,DEV_007,77,50,79
DEV_007_2024-09-26 08:00:00,2024-09-26 08:00:00,DEV_007,32,98,43
DEV_007_2024-09-26 12:00:00,2024-09-26 12:00:00,DEV_007,95,78,54
DEV_007_2024-09-26 16:00:00,2024-09-26 16:00:00,DEV_007,47,14,48
DEV_007_2024-09-26 20:00:00,2024-09-26 20:00:00,DEV_007,55,29,47
DEV_007_2024-09-27 00:00:00,2024-09-27 00:00:00,DEV_007,63,19,91
DEV_007_2024-09-27 04:00:00,2024-09-27 04:00:00,DEV_007,9,37,92
DEV_007_2024-09-27 08:00:00,2024-09-27 08:00:00,DEV_007,52,57,88
DEV_007_2024-09-27 12:00:00,2024-09-27 12:00:00,DEV_007,28,36,64
DEV_007_2024-09-27 16:00:00,2024-09-27 16:00:00,DEV_007,18,89,35
DEV_007_2024-09-27 20:00:00,2024-09-27 20:00:00,DEV_007,68,78,39
DEV_007_2024-09-28 00:00:00,2024-09-28 00:00:00,DEV_007,90,8,88
DEV_007_2024-09-28 04:00:00,2024-09-28 04:00:00,DEV_007,80,84,15
DEV_007_2024-09-28 08:00:00,2024-09-28 08:00:00,DEV_007,7,17,86
DEV_007_2024-09-28 12:00:00,2024-09-28 12:00:00,DEV_007,86,64,12
DEV_007_2024-09-28 16:00:00,2024-09-28 16:00:00,DEV_007,82,56,46
DEV_007_2024-09-28 20:00:00,2024-09-28 20:00:00,DEV_007,47,79,16
DEV_007_2024-09-29 00:00:00,2024-09-29 00:00:00,DEV_007,69,2,92
DEV_007_2024-09-29 04:00:00,2024-09-29 04:00:00,DEV_007,54,27,31
DEV_007_2024-09-29 08:00:00,2024-09-29 08:00:00,DEV_007,41,36,47
DEV_007_2024-09-29 12:00:00,2024-09-29 12:00:00,DEV_007,43,65,50
DEV_007_2024-09-29 16:00:00,2024-09-29 16:00:00,DEV_007,93,1,72
DEV_007_2024-09-29 20:00:00,2024-09-29 20:00:00,DEV_007,57,16,28
DEV_007_2024-09-30 00:00:00,2024-09-30 00:00:00,DEV_007,86,82,22
DEV_007_2024-09-30 04:00:00,2024-09-30 04:00:00,DEV_007,41,76,19
DEV_007_2024-09-30 08:00:00,2024-09-30 08:00:00,DEV_007,89,50,59
DEV_007_2024-09-30 12:00:00,2024-09-30 12:00:00,DEV_007,69,34,39
DEV_007_2024-09-30 16:00:00,2024-09-30 16:00:00,DEV_007,74,7,52
DEV_007_2024-09-30 20:00:00,2024-09-30 20:00:00,DEV_007,60,52,79
DEV_007_2024-10-01 00:00:00,2024-10-01 00:00:00,DEV_007,24,26,90
DEV_007_2024-10-01 04:00:00,2024-10-01 04:00:00,DEV_007,90,10,17
DEV_007_2024-10-01 08:00:00,2024-10-01 08:00:00,DEV_007,78,2,77
DEV_007_2024-10-01 12:00:00,2024-10-01 12:00:00,DEV_007,27,73,71
DEV_007_2024-10-01 16:00:00,2024-10-01 16:00:00,DEV_007,48,74,9
DEV_007_2024-10-01 20:00:00,2024-10-01 20:00:00,DEV_007,86,23,71
DEV_007_2024-10-02 00:00:00,2024-10-02 00:00:00,DEV_007,73,27,88
DEV_007_2024-10-02 04:00:00,2024-10-02 04:00:00,DEV_007,93,81,84
DEV_007_2024-10-02 08:00:00,2024-10-02 08:00:00,DEV_007,71,43,7
DEV_007_2024-10-02 12:00:00,2024-10-02 12:00:00,DEV_007,92,83,63
DEV_007_2024-10-02 16:00:00,2024-10-02 16:00:00,DEV_007,84,44,39
DEV_007_2024-10-02 20:00:00,2024-10-02 20:00:00,DEV_007,40,7,70
DEV_007_2024-10-03 00:00:00,2024-10-03 00:00:00,DEV_007,25,59,13
DEV_007_2024-10-03 04:00:00,2024-10-03 04:00:00,DEV_007,86,81,86
DEV_007_2024-10-03 08:00:00,2024-10-03 08:00:00,DEV_007,98,62,8
DEV_007_2024-10-03 12:00:00,2024-10-03 12:00:00,DEV_007,45,18,88
DEV_007_2024-10-03 16:00:00,2024-10-03 16:00:00,DEV_007,60,60,2
DEV_007_2024-10-03 20:00:00,2024-10-03 20:00:00,DEV_007,66,91,14
DEV_007_2024-10-04 00:00:00,2024-10-04 00:00:00,DEV_007,48,56,12
DEV_007_2024-10-04 04:00:00,2024-10-04 04:00:00,DEV_007,96,92,55
DEV_007_2024-10-04 08:00:00,2024-10-04 08:00:00,DEV_007,28,89,4
DEV_007_2024-10-04 12:00:00,2024-10-04 12:00:00,DEV_007,90,36,50
DEV_007_2024-10-04 16:00:00,2024-10-04 16:00:00,DEV_007,3,1,17
DEV_007_2024-10-04 20:00:00,2024-10-04 20:00:00,DEV_007,71,62,48
DEV_007_2024-10-05 00:00:00,2024-10-05 00:00:00,DEV_007,62,69,19
DEV_007_2024-10-05 04:00:00,2024-10-05 04:00:00,DEV_007,34,99,49
DEV_007_2024-10-05 08:00:00,2024-10-05 08:00:00,DEV_007,80,47,91
DEV_007_2024-10-05 12:00:00,2024-10-05 12:00:00,DEV_007,50,89,26
DEV_007_2024-10-05 16:00:00,2024-10-05 16:00:00,DEV_007,56,78,14
DEV_007_2024-10-05 20:00:00,2024-10-05 20:00:00,DEV_007,78,25,4
DEV_007_2024-10-06 00:00:00,2024-10-06 00:00:00,DEV_007,79,32,82
DEV_007_2024-10-06 04:00:00,2024-10-06 04:00:00,DEV_007,78,65,61
DEV_007_2024-10-06 08:00:00,2024-10-06 08:00:00,DEV_007,20,74,10
DEV_007_2024-10-06 12:00:00,2024-10-06 12:00:00,DEV_007,88,34,61
DEV_007_2024-10-06 16:00:00,2024-10-06 16:00:00,DEV_007,92,27,40
DEV_007_2024-10-06 20:00:00,2024-10-06 20:00:00,DEV_007,65,33,68
DEV_007_2024-10-07 00:00:00,2024-10-07 00:00:00,DEV_007,71,9,16
DEV_007_2024-10-07 04:00:00,2024-10-07 04:00:00,DEV_007,5,98,23
DEV_007_2024-10-07 08:00:00,2024-10-07 08:00:00,DEV_007,43,89,57
DEV_007_2024-10-07 12:00:00,2024-10-07 12:00:00,DEV_007,51,13,24
DEV_007_2024-10-07 16:00:00,2024-10-07 16:00:00,DEV_007,11,52,17
DEV_007_2024-10-07 20:00:00,2024-10-07 20:00:00,DEV_007,37,13,62
DEV_007_2024-10-08 00:00:00,2024-10-08 00:00:00,DEV_007,91,84,97
DEV_007_2024-10-08 04:00:00,2024-10-08 04:00:00,DEV_007,96,8,56
DEV_007_2024-10-08 08:00:00,2024-10-08 08:00:00,DEV_007,93,83,70
DEV_007_2024-10-08 12:00:00,2024-10-08 12:00:00,DEV_007,44,60,41
DEV_007_2024-10-08 16:00:00,2024-10-08 16:00:00,DEV_007,21,86,42
DEV_007_2024-10-08 20:00:00,2024-10-08 20:00:00,DEV_007,74,74,29
DEV_007_2024-10-09 00:00:00,2024-10-09 00:00:00,DEV_007,80,65,17
DEV_007_2024-10-09 04:00:00,2024-10-09 04:00:00,DEV_007,30,26,53
DEV_007_2024-10-09 08:00:00,2024-10-09 08:00:00,DEV_007,19,53,85
DEV_007_2024-10-09 12:00:00,2024-10-09 12:00:00,DEV_007,17,46,85
DEV_007_2024-10-09 16:00:00,2024-10-09 16:00:00,DEV_007,53,64,45
DEV_007_2024-10-09 20:00:00,2024-10-09 20:00:00,DEV_007,49,19,71
DEV_007_2024-10-10 00:00:00,2024-10-10 00:00:00,DEV_007,81,65,37
DEV_007_2024-10-10 04:00:00,2024-10-10 04:00:00,DEV_007,70,26,2
DEV_007_2024-10-10 08:00:00,2024-10-10 08:00:00,DEV_007,59,96,5
DEV_007_2024-10-10 12:00:00,2024-10-10 12:00:00,DEV_007,37,31,76
DEV_007_2024-10-10 16:00:00,2024-10-10 16:00:00,DEV_007,99,94,48
DEV_007_2024-10-10 20:00:00,2024-10-10 20:00:00,DEV_007,6,15,15
DEV_007_2024-10-11 00:00:00,2024-10-11 00:00:00,DEV_007,61,16,20
DEV_007_2024-10-11 04:00:00,2024-10-11 04:00:00,DEV_007,77,44,42
DEV_007_2024-10-11 08:00:00,2024-10-11 08:00:00,DEV_007,46,95,34
DEV_007_2024-10-11 12:00:00,2024-10-11 12:00:00,DEV_007,64,29,3
DEV_007_2024-10-11 16:00:00,2024-10-11 16:00:00,DEV_007,9,75,75
DEV_007_2024-10-11 20:00:00,2024-10-11 20:00:00,DEV_007,25,86,42
DEV_007_2024-10-12 00:00:00,2024-10-12 00:00:00,DEV_007,46,73,84
DEV_007_2024-10-12 04:00:00,2024-10-12 04:00:00,DEV_007,59,21,74
DEV_007_2024-10-12 08:00:00,2024-10-12 08:00:00,DEV_007,22,29,63
DEV_007_2024-10-12 12:00:00,2024-10-12 12:00:00,DEV_007,73,61,64
DEV_007_2024-10-12 16:00:00,2024-10-12 16:00:00,DEV_007,69,40,75
DEV_007_2024-10-12 20:00:00,2024-10-12 20:00:00,DEV_007,1,65,62
DEV_007_2024-10-13 00:00:00,2024-10-13 00:00:00,DEV_007,54,60,46
DEV_007_2024-10-13 04:00:00,2024-10-13 04:00:00,DEV_007,5,22,90
DEV_007_2024-10-13 08:00:00,2024-10-13 08:00:00,DEV_007,53,70,32
DEV_007_2024-10-13 12:00:00,2024-10-13 12:00:00,DEV_007,11,10,39
DEV_007_2024-10-13 16:00:00,2024-10-13 16:00:00,DEV_007,98,31,12
DEV_007_2024-10-13 20:00:00,2024-10-13 20:00:00,DEV_007,80,38,67
DEV_007_2024-10-14 00:00:00,2024-10-14 00:00:00,DEV_007,66,52,5
DEV_007_2024-10-14 04:00:00,2024-10-14 04:00:00,DEV_007,11,25,35
DEV_007_2024-10-14 08:00:00,2024-10-14 08:00:00,DEV_007,35,22,37
DEV_007_2024-10-14 12:00:00,2024-10-14 12:00:00,DEV_007,86,55,75
DEV_007_2024-10-14 16:00:00,2024-10-14 16:00:00,DEV_007,96,99,95
DEV_007_2024-10-14 20:00:00,2024-10-14 20:00:00,DEV_007,72,64,20
DEV_007_2024-10-15 00:00:00,2024-10-15 00:00:00,DEV_007,98,4,18
DEV_007_2024-10-15 04:00:00,2024-10-15 04:00:00,DEV_007,51,68,20
DEV_007_2024-10-15 08:00:00,2024-10-15 08:00:00,DEV_007,9,80,26
DEV_007_2024-10-15 12:00:00,2024-10-15 12:00:00,DEV_007,25,68,41
DEV_007_2024-10-15 16:00:00,2024-10-15 16:00:00,DEV_007,59,45,41
DEV_007_2024-10-15 20:00:00,2024-10-15 20:00:00,DEV_007,38,19,14
DEV_007_2024-10-16 00:00:00,2024-10-16 00:00:00,DEV_007,21,15,3
DEV_007_2024-10-16 04:00:00,2024-10-16 04:00:00,DEV_007,37,46,16
DEV_007_2024-10-16 08:00:00,2024-10-16 08:00:00,DEV_007,14,9,7
DEV_007_2024-10-16 12:00:00,2024-10-16 12:00:00,DEV_007,14,6,85
DEV_007_2024-10-16 16:00:00,2024-10-16 16:00:00,DEV_007,15,52,72
DEV_007_2024-10-16 20:00:00,2024-10-16 20:00:00,DEV_007,34,1,96
DEV_007_2024-10-17 00:00:00,2024-10-17 00:00:00,DEV_007,69,94,86
DEV_007_2024-10-17 04:00:00,2024-10-17 04:00:00,DEV_007,20,80,7
DEV_007_2024-10-17 08:00:00,2024-10-17 08:00:00,DEV_007,7,50,2
DEV_007_2024-10-17 12:00:00,2024-10-17 12:00:00,DEV_007,47,14,31
DEV_007_2024-10-17 16:00:00,2024-10-17 16:00:00,DEV_007,50,61,41
DEV_007_2024-10-17 20:00:00,2024-10-17 20:00:00,DEV_007,14,5,75
DEV_007_2024-10-18 00:00:00,2024-10-18 00:00:00,DEV_007,5,64,29
DEV_007_2024-10-18 04:00:00,2024-10-18 04:00:00,DEV_007,75,5,96
DEV_007_2024-10-18 08:00:00,2024-10-18 08:00:00,DEV_007,36,79,19
DEV_007_2024-10-18 12:00:00,2024-10-18 12:00:00,DEV_007,64,22,34
DEV_007_2024-10-18 16:00:00,2024-10-18 16:00:00,DEV_007,56,17,76
DEV_007_2024-10-18 20:00:00,2024-10-18 20:00:00,DEV_007,89,56,17
DEV_007_2024-10-19 00:00:00,2024-10-19 00:00:00,DEV_007,74,92,82
DEV_007_2024-10-19 04:00:00,2024-10-19 04:00:00,DEV_007,18,45,96
DEV_007_2024-10-19 08:00:00,2024-10-19 08:00:00,DEV_007,78,56,80
DEV_007_2024-10-19 12:00:00,2024-10-19 12:00:00,DEV_007,50,58,18
DEV_007_2024-10-19 16:00:00,2024-10-19 16:00:00,DEV_007,80,81,7
DEV_007_2024-10-19 20:00:00,2024-10-19 20:00:00,DEV_007,76,98,10
DEV_007_2024-10-20 00:00:00,2024-10-20 00:00:00,DEV_007,69,85,3
DEV_007_2024-10-20 04:00:00,2024-10-20 04:00:00,DEV_007,83,44,99
DEV_007_2024-10-20 08:00:00,2024-10-20 08:00:00,DEV_007,70,14,4
DEV_007_2024-10-20 12:00:00,2024-10-20 12:00:00,DEV_007,18,93,99
DEV_007_2024-10-20 16:00:00,2024-10-20 16:00:00,DEV_007,52,38,80
DEV_007_2024-10-20 20:00:00,2024-10-20 20:00:00,DEV_007,20,88,99
DEV_007_2024-10-21 00:00:00,2024-10-21 00:00:00,DEV_007,44,51,19
DEV_007_2024-10-21 04:00:00,2024-10-21 04:00:00,DEV_007,68,97,66
DEV_007_2024-10-21 08:00:00,2024-10-21 08:00:00,DEV_007,13,62,61
DEV_007_2024-10-21 12:00:00,2024-10-21 12:00:00,DEV_007,30,98,30
DEV_007_2024-10-21 16:00:00,2024-10-21 16:00:00,DEV_007,51,88,48
DEV_007_2024-10-21 20:00:00,2024-10-21 20:00:00,DEV_007,33,74,82
DEV_007_2024-10-22 00:00:00,2024-10-22 00:00:00,DEV_007,19,71,57
DEV_007_2024-10-22 04:00:00,2024-10-22 04:00:00,DEV_007,19,88,79
DEV_007_2024-10-22 08:00:00,2024-10-22 08:00:00,DEV_007,41,42,87
DEV_007_2024-10-22 12:00:00,2024-10-22 12:00:00,DEV_007,52,4,4
DEV_007_2024-10-22 16:00:00,2024-10-22 16:00:00,DEV_007,5,41,87
DEV_007_2024-10-22 20:00:00,2024-10-22 20:00:00,DEV_007,61,75,55
DEV_007_2024-10-23 00:00:00,2024-10-23 00:00:00,DEV_007,75,13,14
DEV_007_2024-10-23 04:00:00,2024-10-23 04:00:00,DEV_007,60,72,25
DEV_007_2024-10-23 08:00:00,2024-10-23 08:00:00,DEV_007,82,44,82
DEV_007_2024-10-23 12:00:00,2024-10-23 12:00:00,DEV_007,10,71,50
DEV_007_2024-10-23 16:00:00,2024-10-23 16:00:00,DEV_007,44,14,15
DEV_007_2024-10-23 20:00:00,2024-10-23 20:00:00,DEV_007,16,2,30
DEV_007_2024-10-24 00:00:00,2024-10-24 00:00:00,DEV_007,30,82,31
DEV_007_2024-10-24 04:00:00,2024-10-24 04:00:00,DEV_007,77,20,49
DEV_007_2024-10-24 08:00:00,2024-10-24 08:00:00,DEV_007,35,23,97
DEV_007_2024-10-24 12:00:00,2024-10-24 12:00:00,DEV_007,99,61,84
DEV_007_2024-10-24 16:00:00,2024-10-24 16:00:00,DEV_007,55,67,8
DEV_007_2024-10-24 20:00:00,2024-10-24 20:00:00,DEV_007,40,59,32
DEV_007_2024-10-25 00:00:00,2024-10-25 00:00:00,DEV_007,93,7,2
DEV_007_2024-10-25 04:00:00,2024-10-25 04:00:00,DEV_007,85,6,92
DEV_007_2024-10-25 08:00:00,2024-10-25 08:00:00,DEV_007,36,32,45
DEV_007_2024-10-25 12:00:00,2024-10-25 12:00:00,DEV_007,42,53,9
DEV_007_2024-10-25 16:00:00,2024-10-25 16:00:00,DEV_007,75,87,75
DEV_007_2024-10-25 20:00:00,2024-10-25 20:00:00,DEV_007,49,2,67
DEV_007_2024-10-26 00:00:00,2024-10-26 00:00:00,DEV_007,11,50,35
DEV_007_2024-10-26 04:00:00,2024-10-26 04:00:00,DEV_007,15,75,31
DEV_007_2024-10-26 08:00:00,2024-10-26 08:00:00,DEV_007,92,62,28
DEV_007_2024-10-26 12:00:00,2024-10-26 12:00:00,DEV_007,96,25,84
DEV_007_2024-10-26 16:00:00,2024-10-26 16:00:00,DEV_007,92,25,75
DEV_007_2024-10-26 20:00:00,2024-10-26 20:00:00,DEV_007,83,92,1
DEV_007_2024-10-27 00:00:00,2024-10-27 00:00:00,DEV_007,59,69,74
DEV_007_2024-10-27 04:00:00,2024-10-27 04:00:00,DEV_007,42,34,66
DEV_007_2024-10-27 08:00:00,2024-10-27 08:00:00,DEV_007,18,77,5
DEV_007_2024-10-27 12:00:00,2024-10-27 12:00:00,DEV_007,20,66,75
DEV_007_2024-10-27 16:00:00,2024-10-27 16:00:00,DEV_007,62,94,96
DEV_007_2024-10-27 20:00:00,2024-10-27 20:00:00,DEV_007,32,58,50
DEV_007_2024-10-28 00:00:00,2024-10-28 00:00:00,DEV_007,38,55,28
DEV_007_2024-10-28 04:00:00,2024-10-28 04:00:00,DEV_007,74,86,81
DEV_007_2024-10-28 08:00:00,2024-10-28 08:00:00,DEV_007,22,43,83
DEV_007_2024-10-28 12:00:00,2024-10-28 12:00:00,DEV_007,81,88,36
DEV_007_2024-10-28 16:00:00,2024-10-28 16:00:00,DEV_007,96,52,36
DEV_007_2024-10-28 20:00:00,2024-10-28 20:00:00,DEV_007,28,78,58
DEV_007_2024-10-29 00:00:00,2024-10-29 00:00:00,DEV_007,36,70,9
DEV_007_2024-10-29 04:00:00,2024-10-29 04:00:00,DEV_007,21,64,76
DEV_007_2024-10-29 08:00:00,2024-10-29 08:00:00,DEV_007,61,94,95
DEV_007_2024-10-29 12:00:00,2024-10-29 12:00:00,DEV_007,40,56,4
DEV_007_2024-10-29 16:00:00,2024-10-29 16:00:00,DEV_007,31,27,58
DEV_007_2024-10-29 20:00:00,2024-10-29 20:00:00,DEV_007,25,69,70
DEV_007_2024-10-30 00:00:00,2024-10-30 00:00:00,DEV_007,5,91,8
DEV_007_2024-10-30 04:00:00,2024-10-30 04:00:00,DEV_007,9,15,7
DEV_007_2024-10-30 08:00:00,2024-10-30 08:00:00,DEV_007,96,72,15
DEV_007_2024-10-30 12:00:00,2024-10-30 12:00:00,DEV_007,37,83,39
DEV_007_2024-10-30 16:00:00,2024-10-30 16:00:00,DEV_007,6,83,57
DEV_007_2024-10-30 20:00:00,2024-10-30 20:00:00,DEV_007,92,81,19
DEV_007_2024-10-31 00:00:00,2024-10-31 00:00:00,DEV_007,63,31,75
DEV_007_2024-10-31 04:00:00,2024-10-31 04:00:00,DEV_007,79,10,87
DEV_007_2024-10-31 08:00:00,2024-10-31 08:00:00,DEV_007,67,62,3
DEV_007_2024-10-31 12:00:00,2024-10-31 12:00:00,DEV_007,18,25,20
DEV_007_2024-10-31 16:00:00,2024-10-31 16:00:00,DEV_007,58,93,86
DEV_007_2024-10-31 20:00:00,2024-10-31 20:00:00,DEV_007,50,79,10
DEV_007_2024-11-01 00:00:00,2024-11-01 00:00:00,DEV_007,21,29,96
DEV_007_2024-11-01 04:00:00,2024-11-01 04:00:00,DEV_007,10,13,47
DEV_007_2024-11-01 08:00:00,2024-11-01 08:00:00,DEV_007,23,50,87
DEV_007_2024-11-01 12:00:00,2024-11-01 12:00:00,DEV_007,95,4,67
DEV_007_2024-11-01 16:00:00,2024-11-01 16:00:00,DEV_007,85,53,2
DEV_007_2024-11-01 20:00:00,2024-11-01 20:00:00,DEV_007,68,65,79
DEV_007_2024-11-02 00:00:00,2024-11-02 00:00:00,DEV_007,57,97,70
DEV_007_2024-11-02 04:00:00,2024-11-02 04:00:00,DEV_007,7,19,44
DEV_007_2024-11-02 08:00:00,2024-11-02 08:00:00,DEV_007,63,65,39
DEV_007_2024-11-02 12:00:00,2024-11-02 12:00:00,DEV_007,83,26,44
DEV_007_2024-11-02 16:00:00,2024-11-02 16:00:00,DEV_007,12,22,77
DEV_007_2024-11-02 20:00:00,2024-11-02 20:00:00,DEV_007,92,14,86
DEV_007_2024-11-03 00:00:00,2024-11-03 00:00:00,DEV_007,30,44,84
DEV_007_2024-11-03 04:00:00,2024-11-03 04:00:00,DEV_007,91,38,59
DEV_007_2024-11-03 08:00:00,2024-11-03 08:00:00,DEV_007,42,52,63
DEV_007_2024-11-03 12:00:00,2024-11-03 12:00:00,DEV_007,61,34,39
DEV_007_2024-11-03 16:00:00,2024-11-03 16:00:00,DEV_007,41,37,65
DEV_007_2024-11-03 20:00:00,2024-11-03 20:00:00,DEV_007,79,32,8
DEV_007_2024-11-04 00:00:00,2024-11-04 00:00:00,DEV_007,97,18,45
DEV_007_2024-11-04 04:00:00,2024-11-04 04:00:00,DEV_007,93,96,33
DEV_007_2024-11-04 08:00:00,2024-11-04 08:00:00,DEV_007,5,82,74
DEV_007_2024-11-04 12:00:00,2024-11-04 12:00:00,DEV_007,36,97,23
DEV_007_2024-11-04 16:00:00,2024-11-04 16:00:00,DEV_007,40,5,34
DEV_007_2024-11-04 20:00:00,2024-11-04 20:00:00,DEV_007,24,17,95
DEV_007_2024-11-05 00:00:00,2024-11-05 00:00:00,DEV_007,71,81,92
DEV_007_2024-11-05 04:00:00,2024-11-05 04:00:00,DEV_007,22,15,15
DEV_007_2024-11-05 08:00:00,2024-11-05 08:00:00,DEV_007,25,53,21
DEV_007_2024-11-05 12:00:00,2024-11-05 12:00:00,DEV_007,66,91,32
DEV_007_2024-11-05 16:00:00,2024-11-05 16:00:00,DEV_007,21,68,44
DEV_007_2024-11-05 20:00:00,2024-11-05 20:00:00,DEV_007,83,66,90
DEV_007_2024-11-06 00:00:00,2024-11-06 00:00:00,DEV_007,98,14,15
DEV_007_2024-11-06 04:00:00,2024-11-06 04:00:00,DEV_007,20,34,36
DEV_007_2024-11-06 08:00:00,2024-11-06 08:00:00,DEV_007,83,9,71
DEV_007_2024-11-06 12:00:00,2024-11-06 12:00:00,DEV_007,30,77,91
DEV_007_2024-11-06 16:00:00,2024-11-06 16:00:00,DEV_007,63,35,13
DEV_007_2024-11-06 20:00:00,2024-11-06 20:00:00,DEV_007,79,46,56
DEV_007_2024-11-07 00:00:00,2024-11-07 00:00:00,DEV_007,9,87,36
DEV_007_2024-11-07 04:00:00,2024-11-07 04:00:00,DEV_007,3,98,19
DEV_007_2024-11-07 08:00:00,2024-11-07 08:00:00,DEV_007,28,23,7
DEV_007_2024-11-07 12:00:00,2024-11-07 12:00:00,DEV_007,76,14,46
DEV_007_2024-11-07 16:00:00,2024-11-07 16:00:00,DEV_007,15,67,15
DEV_007_2024-11-07 20:00:00,2024-11-07 20:00:00,DEV_007,51,88,8
DEV_007_2024-11-08 00:00:00,2024-11-08 00:00:00,DEV_007,69,62,51
DEV_007_2024-11-08 04:00:00,2024-11-08 04:00:00,DEV_007,63,68,78
DEV_007_2024-11-08 08:00:00,2024-11-08 08:00:00,DEV_007,16,84,24
DEV_007_2024-11-08 12:00:00,2024-11-08 12:00:00,DEV_007,6,57,31
DEV_007_2024-11-08 16:00:00,2024-11-08 16:00:00,DEV_007,6,99,79
DEV_007_2024-11-08 20:00:00,2024-11-08 20:00:00,DEV_007,29,67,75
DEV_007_2024-11-09 00:00:00,2024-11-09 00:00:00,DEV_007,3,28,74
DEV_007_2024-11-09 04:00:00,2024-11-09 04:00:00,DEV_007,97,48,80
DEV_007_2024-11-09 08:00:00,2024-11-09 08:00:00,DEV_007,10,33,67
DEV_007_2024-11-09 12:00:00,2024-11-09 12:00:00,DEV_007,69,12,57
DEV_007_2024-11-09 16:00:00,2024-11-09 16:00:00,DEV_007,44,13,24
DEV_007_2024-11-09 20:00:00,2024-11-09 20:00:00,DEV_007,44,57,96
DEV_007_2024-11-10 00:00:00,2024-11-10 00:00:00,DEV_007,16,96,21
DEV_007_2024-11-10 04:00:00,2024-11-10 04:00:00,DEV_007,76,51,21
DEV_007_2024-11-10 08:00:00,2024-11-10 08:00:00,DEV_007,60,51,21
DEV_007_2024-11-10 12:00:00,2024-11-10 12:00:00,DEV_007,6,73,65
DEV_007_2024-11-10 16:00:00,2024-11-10 16:00:00,DEV_007,76,58,78
DEV_007_2024-11-10 20:00:00,2024-11-10 20:00:00,DEV_007,6,65,86
DEV_007_2024-11-11 00:00:00,2024-11-11 00:00:00,DEV_007,34,56,75
DEV_007_2024-11-11 04:00:00,2024-11-11 04:00:00,DEV_007,3,42,62
DEV_007_2024-11-11 08:00:00,2024-11-11 08:00:00,DEV_007,6,6,63
DEV_007_2024-11-11 12:00:00,2024-11-11 12:00:00,DEV_007,20,21,2
DEV_007_2024-11-11 16:00:00,2024-11-11 16:00:00,DEV_007,90,95,90
DEV_007_2024-11-11 20:00:00,2024-11-11 20:00:00,DEV_007,56,96,10
DEV_007_2024-11-12 00:00:00,2024-11-12 00:00:00,DEV_007,87,70,23
DEV_007_2024-11-12 04:00:00,2024-11-12 04:00:00,DEV_007,92,30,78
DEV_007_2024-11-12 08:00:00,2024-11-12 08:00:00,DEV_007,37,55,96
DEV_007_2024-11-12 12:00:00,2024-11-12 12:00:00,DEV_007,49,34,44
DEV_007_2024-11-12 16:00:00,2024-11-12 16:00:00,DEV_007,22,31,7
DEV_007_2024-11-12 20:00:00,2024-11-12 20:00:00,DEV_007,21,16,20
DEV_007_2024-11-13 00:00:00,2024-11-13 00:00:00,DEV_007,43,44,47
DEV_007_2024-11-13 04:00:00,2024-11-13 04:00:00,DEV_007,19,48,96
DEV_007_2024-11-13 08:00:00,2024-11-13 08:00:00,DEV_007,79,69,11
DEV_007_2024-11-13 12:00:00,2024-11-13 12:00:00,DEV_007,79,29,45
DEV_007_2024-11-13 16:00:00,2024-11-13 16:00:00,DEV_007,68,36,48
DEV_007_2024-11-13 20:00:00,2024-11-13 20:00:00,DEV_007,87,15,44
DEV_007_2024-11-14 00:00:00,2024-11-14 00:00:00,DEV_007,67,96,74
DEV_007_2024-11-14 04:00:00,2024-11-14 04:00:00,DEV_007,40,86,14
DEV_007_2024-11-14 08:00:00,2024-11-14 08:00:00,DEV_007,63,81,85
DEV_007_2024-11-14 12:00:00,2024-11-14 12:00:00,DEV_007,51,79,58
DEV_007_2024-11-14 16:00:00,2024-11-14 16:00:00,DEV_007,15,65,88
DEV_007_2024-11-14 20:00:00,2024-11-14 20:00:00,DEV_007,55,76,10
DEV_007_2024-11-15 00:00:00,2024-11-15 00:00:00,DEV_007,42,95,11
DEV_007_2024-11-15 04:00:00,2024-11-15 04:00:00,DEV_007,16,73,78
DEV_007_2024-11-15 08:00:00,2024-11-15 08:00:00,DEV_007,19,31,73
DEV_007_2024-11-15 12:00:00,2024-11-15 12:00:00,DEV_007,53,90,8
DEV_007_2024-11-15 16:00:00,2024-11-15 16:00:00,DEV_007,24,8,83
DEV_007_2024-11-15 20:00:00,2024-11-15 20:00:00,DEV_007,48,30,58
DEV_007_2024-11-16 00:00:00,2024-11-16 00:00:00,DEV_007,86,55,73
DEV_007_2024-11-16 04:00:00,2024-11-16 04:00:00,DEV_007,62,48,4
DEV_007_2024-11-16 08:00:00,2024-11-16 08:00:00,DEV_007,37,8,1
DEV_007_2024-11-16 12:00:00,2024-11-16 12:00:00,DEV_007,92,70,47
DEV_007_2024-11-16 16:00:00,2024-11-16 16:00:00,DEV_007,75,5,50
DEV_007_2024-11-16 20:00:00,2024-11-16 20:00:00,DEV_007,24,47,18
DEV_007_2024-11-17 00:00:00,2024-11-17 00:00:00,DEV_007,84,28,77
DEV_007_2024-11-17 04:00:00,2024-11-17 04:00:00,DEV_007,5,30,1
DEV_007_2024-11-17 08:00:00,2024-11-17 08:00:00,DEV_007,86,82,46
DEV_007_2024-11-17 12:00:00,2024-11-17 12:00:00,DEV_007,69,31,70
DEV_007_2024-11-17 16:00:00,2024-11-17 16:00:00,DEV_007,91,56,89
DEV_007_2024-11-17 20:00:00,2024-11-17 20:00:00,DEV_007,93,28,16
DEV_007_2024-11-18 00:00:00,2024-11-18 00:00:00,DEV_007,54,53,12
DEV_007_2024-11-18 04:00:00,2024-11-18 04:00:00,DEV_007,20,82,34
DEV_007_2024-11-18 08:00:00,2024-11-18 08:00:00,DEV_007,53,64,23
DEV_007_2024-11-18 12:00:00,2024-11-18 12:00:00,DEV_007,27,17,48
DEV_007_2024-11-18 16:00:00,2024-11-18 16:00:00,DEV_007,21,50,40
DEV_007_2024-11-18 20:00:00,2024-11-18 20:00:00,DEV_007,95,3,17
DEV_007_2024-11-19 00:00:00,2024-11-19 00:00:00,DEV_007,61,50,90
DEV_007_2024-11-19 04:00:00,2024-11-19 04:00:00,DEV_007,87,6,28
DEV_007_2024-11-19 08:00:00,2024-11-19 08:00:00,DEV_007,72,55,58
DEV_007_2024-11-19 12:00:00,2024-11-19 12:00:00,DEV_007,45,72,19
DEV_007_2024-11-19 16:00:00,2024-11-19 16:00:00,DEV_007,29,23,32
DEV_007_2024-11-19 20:00:00,2024-11-19 20:00:00,DEV_007,10,91,49
DEV_007_2024-11-20 00:00:00,2024-11-20 00:00:00,DEV_007,65,29,59
DEV_007_2024-11-20 04:00:00,2024-11-20 04:00:00,DEV_007,45,67,51
DEV_007_2024-11-20 08:00:00,2024-11-20 08:00:00,DEV_007,95,11,86
DEV_007_2024-11-20 12:00:00,2024-11-20 12:00:00,DEV_007,82,99,6
DEV_007_2024-11-20 16:00:00,2024-11-20 16:00:00,DEV_007,67,62,5
DEV_007_2024-11-20 20:00:00,2024-11-20 20:00:00,DEV_007,9,28,83
DEV_007_2024-11-21 00:00:00,2024-11-21 00:00:00,DEV_007,92,91,77
DEV_007_2024-11-21 04:00:00,2024-11-21 04:00:00,DEV_007,38,43,21
DEV_007_2024-11-21 08:00:00,2024-11-21 08:00:00,DEV_007,91,62,46
DEV_007_2024-11-21 12:00:00,2024-11-21 12:00:00,DEV_007,70,38,49
DEV_007_2024-11-21 16:00:00,2024-11-21 16:00:00,DEV_007,75,81,39
DEV_007_2024-11-21 20:00:00,2024-11-21 20:00:00,DEV_007,71,30,21
DEV_007_2024-11-22 00:00:00,2024-11-22 00:00:00,DEV_007,1,89,32
DEV_007_2024-11-22 04:00:00,2024-11-22 04:00:00,DEV_007,8,69,30
DEV_007_2024-11-22 08:00:00,2024-11-22 08:00:00,DEV_007,8,19,59
DEV_007_2024-11-22 12:00:00,2024-11-22 12:00:00,DEV_007,55,30,79
DEV_007_2024-11-22 16:00:00,2024-11-22 16:00:00,DEV_007,36,55,44
DEV_007_2024-11-22 20:00:00,2024-11-22 20:00:00,DEV_007,27,77,78
DEV_007_2024-11-23 00:00:00,2024-11-23 00:00:00,DEV_007,54,48,30
DEV_007_2024-11-23 04:00:00,2024-11-23 04:00:00,DEV_007,39,13,16
DEV_007_2024-11-23 08:00:00,2024-11-23 08:00:00,DEV_007,44,71,27
DEV_007_2024-11-23 12:00:00,2024-11-23 12:00:00,DEV_007,45,35,79
DEV_007_2024-11-23 16:00:00,2024-11-23 16:00:00,DEV_007,28,99,7
DEV_007_2024-11-23 20:00:00,2024-11-23 20:00:00,DEV_007,62,51,46
DEV_007_2024-11-24 00:00:00,2024-11-24 00:00:00,DEV_007,20,96,38
DEV_007_2024-11-24 04:00:00,2024-11-24 04:00:00,DEV_007,61,32,26
DEV_007_2024-11-24 08:00:00,2024-11-24 08:00:00,DEV_007,58,39,20
DEV_007_2024-11-24 12:00:00,2024-11-24 12:00:00,DEV_007,82,50,79
DEV_007_2024-11-24 16:00:00,2024-11-24 16:00:00,DEV_007,52,86,22
DEV_007_2024-11-24 20:00:00,2024-11-24 20:00:00,DEV_007,53,85,66
DEV_007_2024-11-25 00:00:00,2024-11-25 00:00:00,DEV_007,43,82,23
DEV_007_2024-11-25 04:00:00,2024-11-25 04:00:00,DEV_007,77,64,9
DEV_007_2024-11-25 08:00:00,2024-11-25 08:00:00,DEV_007,7,41,54
DEV_007_2024-11-25 12:00:00,2024-11-25 12:00:00,DEV_007,65,2,4
DEV_007_2024-11-25 16:00:00,2024-11-25 16:00:00,DEV_007,78,32,2
DEV_007_2024-11-25 20:00:00,2024-11-25 20:00:00,DEV_007,64,14,20
DEV_007_2024-11-26 00:00:00,2024-11-26 00:00:00,DEV_007,89,49,8
DEV_007_2024-11-26 04:00:00,2024-11-26 04:00:00,DEV_007,92,63,46
DEV_007_2024-11-26 08:00:00,2024-11-26 08:00:00,DEV_007,21,87,32
DEV_007_2024-11-26 12:00:00,2024-11-26 12:00:00,DEV_007,8,95,16
DEV_007_2024-11-26 16:00:00,2024-11-26 16:00:00,DEV_007,40,27,18
DEV_007_2024-11-26 20:00:00,2024-11-26 20:00:00,DEV_007,35,52,15
DEV_007_2024-11-27 00:00:00,2024-11-27 00:00:00,DEV_007,63,53,91
DEV_007_2024-11-27 04:00:00,2024-11-27 04:00:00,DEV_007,81,66,31
DEV_007_2024-11-27 08:00:00,2024-11-27 08:00:00,DEV_007,61,64,98
DEV_007_2024-11-27 12:00:00,2024-11-27 12:00:00,DEV_007,34,55,59
DEV_007_2024-11-27 16:00:00,2024-11-27 16:00:00,DEV_007,3,17,78
DEV_007_2024-11-27 20:00:00,2024-11-27 20:00:00,DEV_007,78,46,38
DEV_007_2024-11-28 00:00:00,2024-11-28 00:00:00,DEV_007,35,1,29
DEV_007_2024-11-28 04:00:00,2024-11-28 04:00:00,DEV_007,4,61,97
DEV_007_2024-11-28 08:00:00,2024-11-28 08:00:00,DEV_007,17,28,50
DEV_007_2024-11-28 12:00:00,2024-11-28 12:00:00,DEV_007,90,8,34
DEV_007_2024-11-28 16:00:00,2024-11-28 16:00:00,DEV_007,59,18,95
DEV_007_2024-11-28 20:00:00,2024-11-28 20:00:00,DEV_007,59,27,16
DEV_007_2024-11-29 00:00:00,2024-11-29 00:00:00,DEV_007,10,76,22
DEV_007_2024-11-29 04:00:00,2024-11-29 04:00:00,DEV_007,16,12,75
DEV_007_2024-11-29 08:00:00,2024-11-29 08:00:00,DEV_007,84,51,1
DEV_007_2024-11-29 12:00:00,2024-11-29 12:00:00,DEV_007,27,67,12
DEV_007_2024-11-29 16:00:00,2024-11-29 16:00:00,DEV_007,30,9,53
DEV_007_2024-11-29 20:00:00,2024-11-29 20:00:00,DEV_007,61,54,37
DEV_007_2024-11-30 00:00:00,2024-11-30 00:00:00,DEV_007,65,42,49
DEV_007_2024-11-30 04:00:00,2024-11-30 04:00:00,DEV_007,4,64,79
DEV_007_2024-11-30 08:00:00,2024-11-30 08:00:00,DEV_007,51,91,72
DEV_007_2024-11-30 12:00:00,2024-11-30 12:00:00,DEV_007,60,87,79
DEV_007_2024-11-30 16:00:00,2024-11-30 16:00:00,DEV_007,91,31,72
DEV_007_2024-11-30 20:00:00,2024-11-30 20:00:00,DEV_007,94,58,82
DEV_007_2024-12-01 00:00:00,2024-12-01 00:00:00,DEV_007,4,22,3
DEV_007_2024-12-01 04:00:00,2024-12-01 04:00:00,DEV_007,79,99,47
DEV_007_2024-12-01 08:00:00,2024-12-01 08:00:00,DEV_007,38,33,78
DEV_007_2024-12-01 12:00:00,2024-12-01 12:00:00,DEV_007,48,65,26
DEV_007_2024-12-01 16:00:00,2024-12-01 16:00:00,DEV_007,8,50,80
DEV_007_2024-12-01 20:00:00,2024-12-01 20:00:00,DEV_007,38,10,42
DEV_007_2024-12-02 00:00:00,2024-12-02 00:00:00,DEV_007,37,26,92
DEV_007_2024-12-02 04:00:00,2024-12-02 04:00:00,DEV_007,12,84,49
DEV_007_2024-12-02 08:00:00,2024-12-02 08:00:00,DEV_007,14,46,35
DEV_007_2024-12-02 12:00:00,2024-12-02 12:00:00,DEV_007,29,12,82
DEV_007_2024-12-02 16:00:00,2024-12-02 16:00:00,DEV_007,44,66,2
DEV_007_2024-12-02 20:00:00,2024-12-02 20:00:00,DEV_007,59,17,10
DEV_007_2024-12-03 00:00:00,2024-12-03 00:00:00,DEV_007,18,22,83
DEV_007_2024-12-03 04:00:00,2024-12-03 04:00:00,DEV_007,58,53,1
DEV_007_2024-12-03 08:00:00,2024-12-03 08:00:00,DEV_007,88,61,89
DEV_007_2024-12-03 12:00:00,2024-12-03 12:00:00,DEV_007,31,31,66
DEV_007_2024-12-03 16:00:00,2024-12-03 16:00:00,DEV_007,19,53,76
DEV_007_2024-12-03 20:00:00,2024-12-03 20:00:00,DEV_007,74,95,22
DEV_007_2024-12-04 00:00:00,2024-12-04 00:00:00,DEV_007,23,87,15
DEV_007_2024-12-04 04:00:00,2024-12-04 04:00:00,DEV_007,26,3,87
DEV_007_2024-12-04 08:00:00,2024-12-04 08:00:00,DEV_007,20,40,39
DEV_007_2024-12-04 12:00:00,2024-12-04 12:00:00,DEV_007,72,18,41
DEV_007_2024-12-04 16:00:00,2024-12-04 16:00:00,DEV_007,70,27,15
DEV_007_2024-12-04 20:00:00,2024-12-04 20:00:00,DEV_007,37,58,5
DEV_007_2024-12-05 00:00:00,2024-12-05 00:00:00,DEV_007,73,7,41
DEV_007_2024-12-05 04:00:00,2024-12-05 04:00:00,DEV_007,84,10,62
DEV_007_2024-12-05 08:00:00,2024-12-05 08:00:00,DEV_007,26,68,24
DEV_007_2024-12-05 12:00:00,2024-12-05 12:00:00,DEV_007,78,41,65
DEV_007_2024-12-05 16:00:00,2024-12-05 16:00:00,DEV_007,17,24,27
DEV_007_2024-12-05 20:00:00,2024-12-05 20:00:00,DEV_007,7,73,99
DEV_007_2024-12-06 00:00:00,2024-12-06 00:00:00,DEV_007,12,85,3
DEV_007_2024-12-06 04:00:00,2024-12-06 04:00:00,DEV_007,79,85,10
DEV_007_2024-12-06 08:00:00,2024-12-06 08:00:00,DEV_007,33,46,59
DEV_007_2024-12-06 12:00:00,2024-12-06 12:00:00,DEV_007,52,6,2
DEV_007_2024-12-06 16:00:00,2024-12-06 16:00:00,DEV_007,29,40,97
DEV_007_2024-12-06 20:00:00,2024-12-06 20:00:00,DEV_007,61,68,68
DEV_007_2024-12-07 00:00:00,2024-12-07 00:00:00,DEV_007,29,62,60
DEV_007_2024-12-07 04:00:00,2024-12-07 04:00:00,DEV_007,84,41,87
DEV_007_2024-12-07 08:00:00,2024-12-07 08:00:00,DEV_007,82,89,65
DEV_007_2024-12-07 12:00:00,2024-12-07 12:00:00,DEV_007,64,79,63
DEV_007_2024-12-07 16:00:00,2024-12-07 16:00:00,DEV_007,98,48,20
DEV_007_2024-12-07 20:00:00,2024-12-07 20:00:00,DEV_007,37,64,91
DEV_007_2024-12-08 00:00:00,2024-12-08 00:00:00,DEV_007,86,5,34
DEV_007_2024-12-08 04:00:00,2024-12-08 04:00:00,DEV_007,39,67,81
DEV_007_2024-12-08 08:00:00,2024-12-08 08:00:00,DEV_007,62,88,24
DEV_007_2024-12-08 12:00:00,2024-12-08 12:00:00,DEV_007,3,71,89
DEV_007_2024-12-08 16:00:00,2024-12-08 16:00:00,DEV_007,67,79,93
DEV_007_2024-12-08 20:00:00,2024-12-08 20:00:00,DEV_007,50,29,74
DEV_007_2024-12-09 00:00:00,2024-12-09 00:00:00,DEV_007,32,87,39
DEV_007_2024-12-09 04:00:00,2024-12-09 04:00:00,DEV_007,9,14,68
DEV_007_2024-12-09 08:00:00,2024-12-09 08:00:00,DEV_007,64,20,28
DEV_007_2024-12-09 12:00:00,2024-12-09 12:00:00,DEV_007,14,44,98
DEV_007_2024-12-09 16:00:00,2024-12-09 16:00:00,DEV_007,77,95,97
DEV_007_2024-12-09 20:00:00,2024-12-09 20:00:00,DEV_007,39,28,64
DEV_007_2024-12-10 00:00:00,2024-12-10 00:00:00,DEV_007,89,32,9
DEV_007_2024-12-10 04:00:00,2024-12-10 04:00:00,DEV_007,28,95,17
DEV_007_2024-12-10 08:00:00,2024-12-10 08:00:00,DEV_007,87,77,55
DEV_007_2024-12-10 12:00:00,2024-12-10 12:00:00,DEV_007,10,80,6
DEV_007_2024-12-10 16:00:00,2024-12-10 16:00:00,DEV_007,48,75,67
DEV_007_2024-12-10 20:00:00,2024-12-10 20:00:00,DEV_007,92,41,79
DEV_007_2024-12-11 00:00:00,2024-12-11 00:00:00,DEV_007,60,77,42
DEV_007_2024-12-11 04:00:00,2024-12-11 04:00:00,DEV_007,81,71,28
DEV_007_2024-12-11 08:00:00,2024-12-11 08:00:00,DEV_007,13,81,15
DEV_007_2024-12-11 12:00:00,2024-12-11 12:00:00,DEV_007,36,92,15
DEV_007_2024-12-11 16:00:00,2024-12-11 16:00:00,DEV_007,75,56,95
DEV_007_2024-12-11 20:00:00,2024-12-11 20:00:00,DEV_007,4,99,98
DEV_007_2024-12-12 00:00:00,2024-12-12 00:00:00,DEV_007,52,91,10
DEV_007_2024-12-12 04:00:00,2024-12-12 04:00:00,DEV_007,94,45,84
DEV_007_2024-12-12 08:00:00,2024-12-12 08:00:00,DEV_007,29,53,29
DEV_007_2024-12-12 12:00:00,2024-12-12 12:00:00,DEV_007,23,57,50
DEV_007_2024-12-12 16:00:00,2024-12-12 16:00:00,DEV_007,21,43,10
DEV_007_2024-12-12 20:00:00,2024-12-12 20:00:00,DEV_007,76,30,51
DEV_007_2024-12-13 00:00:00,2024-12-13 00:00:00,DEV_007,33,18,78
DEV_007_2024-12-13 04:00:00,2024-12-13 04:00:00,DEV_007,22,64,21
DEV_007_2024-12-13 08:00:00,2024-12-13 08:00:00,DEV_007,1,15,36
DEV_007_2024-12-13 12:00:00,2024-12-13 12:00:00,DEV_007,47,54,86
DEV_007_2024-12-13 16:00:00,2024-12-13 16:00:00,DEV_007,32,58,46
DEV_007_2024-12-13 20:00:00,2024-12-13 20:00:00,DEV_007,54,33,39
DEV_007_2024-12-14 00:00:00,2024-12-14 00:00:00,DEV_007,23,43,55
DEV_007_2024-12-14 04:00:00,2024-12-14 04:00:00,DEV_007,2,66,38
DEV_007_2024-12-14 08:00:00,2024-12-14 08:00:00,DEV_007,29,67,71
DEV_007_2024-12-14 12:00:00,2024-12-14 12:00:00,DEV_007,36,29,37
DEV_007_2024-12-14 16:00:00,2024-12-14 16:00:00,DEV_007,87,45,16
DEV_007_2024-12-14 20:00:00,2024-12-14 20:00:00,DEV_007,31,34,50
DEV_007_2024-12-15 00:00:00,2024-12-15 00:00:00,DEV_007,65,82,62
DEV_007_2024-12-15 04:00:00,2024-12-15 04:00:00,DEV_007,43,56,15
DEV_007_2024-12-15 08:00:00,2024-12-15 08:00:00,DEV_007,48,49,81
DEV_007_2024-12-15 12:00:00,2024-12-15 12:00:00,DEV_007,44,10,20
DEV_007_2024-12-15 16:00:00,2024-12-15 16:00:00,DEV_007,70,8,45
DEV_007_2024-12-15 20:00:00,2024-12-15 20:00:00,DEV_007,34,96,51
DEV_007_2024-12-16 00:00:00,2024-12-16 00:00:00,DEV_007,4,39,84
DEV_007_2024-12-16 04:00:00,2024-12-16 04:00:00,DEV_007,24,88,55
DEV_007_2024-12-16 08:00:00,2024-12-16 08:00:00,DEV_007,26,25,36
DEV_007_2024-12-16 12:00:00,2024-12-16 12:00:00,DEV_007,71,74,58
DEV_007_2024-12-16 16:00:00,2024-12-16 16:00:00,DEV_007,12,1,50
DEV_007_2024-12-16 20:00:00,2024-12-16 20:00:00,DEV_007,25,80,5
DEV_007_2024-12-17 00:00:00,2024-12-17 00:00:00,DEV_007,83,68,6
DEV_007_2024-12-17 04:00:00,2024-12-17 04:00:00,DEV_007,26,55,39
DEV_007_2024-12-17 08:00:00,2024-12-17 08:00:00,DEV_007,9,45,14
DEV_007_2024-12-17 12:00:00,2024-12-17 12:00:00,DEV_007,55,9,15
DEV_007_2024-12-17 16:00:00,2024-12-17 16:00:00,DEV_007,37,50,84
DEV_007_2024-12-17 20:00:00,2024-12-17 20:00:00,DEV_007,72,96,21
DEV_007_2024-12-18 00:00:00,2024-12-18 00:00:00,DEV_007,57,19,93
DEV_007_2024-12-18 04:00:00,2024-12-18 04:00:00,DEV_007,58,95,6
DEV_007_2024-12-18 08:00:00,2024-12-18 08:00:00,DEV_007,4,43,93
DEV_007_2024-12-18 12:00:00,2024-12-18 12:00:00,DEV_007,42,3,1
DEV_007_2024-12-18 16:00:00,2024-12-18 16:00:00,DEV_007,55,15,47
DEV_007_2024-12-18 20:00:00,2024-12-18 20:00:00,DEV_007,85,46,58
DEV_007_2024-12-19 00:00:00,2024-12-19 00:00:00,DEV_007,95,71,81
DEV_007_2024-12-19 04:00:00,2024-12-19 04:00:00,DEV_007,83,39,3
DEV_007_2024-12-19 08:00:00,2024-12-19 08:00:00,DEV_007,30,35,57
DEV_007_2024-12-19 12:00:00,2024-12-19 12:00:00,DEV_007,29,50,62
DEV_007_2024-12-19 16:00:00,2024-12-19 16:00:00,DEV_007,52,14,35
DEV_007_2024-12-19 20:00:00,2024-12-19 20:00:00,DEV_007,28,58,30
DEV_007_2024-12-20 00:00:00,2024-12-20 00:00:00,DEV_007,90,7,39
DEV_007_2024-12-20 04:00:00,2024-12-20 04:00:00,DEV_007,95,69,35
DEV_007_2024-12-20 08:00:00,2024-12-20 08:00:00,DEV_007,52,14,63
DEV_007_2024-12-20 12:00:00,2024-12-20 12:00:00,DEV_007,36,91,24
DEV_007_2024-12-20 16:00:00,2024-12-20 16:00:00,DEV_007,40,29,53
DEV_007_2024-12-20 20:00:00,2024-12-20 20:00:00,DEV_007,22,72,15
DEV_007_2024-12-21 00:00:00,2024-12-21 00:00:00,DEV_007,69,64,4
DEV_007_2024-12-21 04:00:00,2024-12-21 04:00:00,DEV_007,75,18,42
DEV_007_2024-12-21 08:00:00,2024-12-21 08:00:00,DEV_007,30,15,70
DEV_007_2024-12-21 12:00:00,2024-12-21 12:00:00,DEV_007,55,53,16
DEV_007_2024-12-21 16:00:00,2024-12-21 16:00:00,DEV_007,73,34,27
DEV_007_2024-12-21 20:00:00,2024-12-21 20:00:00,DEV_007,13,27,73
DEV_007_2024-12-22 00:00:00,2024-12-22 00:00:00,DEV_007,69,86,31
DEV_007_2024-12-22 04:00:00,2024-12-22 04:00:00,DEV_007,3,30,21
DEV_007_2024-12-22 08:00:00,2024-12-22 08:00:00,DEV_007,99,6,92
DEV_007_2024-12-22 12:00:00,2024-12-22 12:00:00,DEV_007,32,42,62
DEV_007_2024-12-22 16:00:00,2024-12-22 16:00:00,DEV_007,89,32,99
DEV_007_2024-12-22 20:00:00,2024-12-22 20:00:00,DEV_007,86,88,39
DEV_007_2024-12-23 00:00:00,2024-12-23 00:00:00,DEV_007,64,30,63
DEV_007_2024-12-23 04:00:00,2024-12-23 04:00:00,DEV_007,96,31,87
DEV_007_2024-12-23 08:00:00,2024-12-23 08:00:00,DEV_007,40,33,63
DEV_007_2024-12-23 12:00:00,2024-12-23 12:00:00,DEV_007,25,36,24
DEV_007_2024-12-23 16:00:00,2024-12-23 16:00:00,DEV_007,95,58,39
DEV_007_2024-12-23 20:00:00,2024-12-23 20:00:00,DEV_007,46,77,10
DEV_007_2024-12-24 00:00:00,2024-12-24 00:00:00,DEV_007,87,82,32
DEV_007_2024-12-24 04:00:00,2024-12-24 04:00:00,DEV_007,97,36,28
DEV_007_2024-12-24 08:00:00,2024-12-24 08:00:00,DEV_007,16,16,18
DEV_007_2024-12-24 12:00:00,2024-12-24 12:00:00,DEV_007,8,80,75
DEV_007_2024-12-24 16:00:00,2024-12-24 16:00:00,DEV_007,70,1,62
DEV_007_2024-12-24 20:00:00,2024-12-24 20:00:00,DEV_007,76,38,92
DEV_007_2024-12-25 00:00:00,2024-12-25 00:00:00,DEV_007,45,58,81
DEV_007_2024-12-25 04:00:00,2024-12-25 04:00:00,DEV_007,1,32,8
DEV_007_2024-12-25 08:00:00,2024-12-25 08:00:00,DEV_007,40,56,63
DEV_007_2024-12-25 12:00:00,2024-12-25 12:00:00,DEV_007,88,74,74
DEV_007_2024-12-25 16:00:00,2024-12-25 16:00:00,DEV_007,36,89,57
DEV_007_2024-12-25 20:00:00,2024-12-25 20:00:00,DEV_007,74,83,45
DEV_007_2024-12-26 00:00:00,2024-12-26 00:00:00,DEV_007,79,80,2
DEV_007_2024-12-26 04:00:00,2024-12-26 04:00:00,DEV_007,93,68,50
DEV_007_2024-12-26 08:00:00,2024-12-26 08:00:00,DEV_007,29,95,81
DEV_007_2024-12-26 12:00:00,2024-12-26 12:00:00,DEV_007,10,27,15
DEV_007_2024-12-26 16:00:00,2024-12-26 16:00:00,DEV_007,60,31,21
DEV_007_2024-12-26 20:00:00,2024-12-26 20:00:00,DEV_007,60,58,41
DEV_007_2024-12-27 00:00:00,2024-12-27 00:00:00,DEV_007,46,45,26
DEV_007_2024-12-27 04:00:00,2024-12-27 04:00:00,DEV_007,51,36,52
DEV_007_2024-12-27 08:00:00,2024-12-27 08:00:00,DEV_007,81,51,3
DEV_007_2024-12-27 12:00:00,2024-12-27 12:00:00,DEV_007,14,49,77
DEV_007_2024-12-27 16:00:00,2024-12-27 16:00:00,DEV_007,91,1,57
DEV_007_2024-12-27 20:00:00,2024-12-27 20:00:00,DEV_007,17,50,98
DEV_007_2024-12-28 00:00:00,2024-12-28 00:00:00,DEV_007,14,59,81
DEV_007_2024-12-28 04:00:00,2024-12-28 04:00:00,DEV_007,3,98,40
DEV_007_2024-12-28 08:00:00,2024-12-28 08:00:00,DEV_007,89,66,34
DEV_007_2024-12-28 12:00:00,2024-12-28 12:00:00,DEV_007,90,95,9
DEV_007_2024-12-28 16:00:00,2024-12-28 16:00:00,DEV_007,94,84,21
DEV_007_2024-12-28 20:00:00,2024-12-28 20:00:00,DEV_007,93,25,44
DEV_007_2024-12-29 00:00:00,2024-12-29 00:00:00,DEV_007,25,9,62
DEV_007_2024-12-29 04:00:00,2024-12-29 04:00:00,DEV_007,26,57,37
DEV_007_2024-12-29 08:00:00,2024-12-29 08:00:00,DEV_007,16,37,76
DEV_007_2024-12-29 12:00:00,2024-12-29 12:00:00,DEV_007,24,26,20
DEV_007_2024-12-29 16:00:00,2024-12-29 16:00:00,DEV_007,9,87,29
DEV_007_2024-12-29 20:00:00,2024-12-29 20:00:00,DEV_007,31,19,20
DEV_008_2024-09-01 00:00:00,2024-09-01 00:00:00,DEV_008,27,94,85
DEV_008_2024-09-01 03:00:00,2024-09-01 03:00:00,DEV_008,44,35,71
DEV_008_2024-09-01 06:00:00,2024-09-01 06:00:00,DEV_008,22,74,87
DEV_008_2024-09-01 09:00:00,2024-09-01 09:00:00,DEV_008,15,94,98
DEV_008_2024-09-01 12:00:00,2024-09-01 12:00:00,DEV_008,13,4,82
DEV_008_2024-09-01 15:00:00,2024-09-01 15:00:00,DEV_008,56,23,97
DEV_008_2024-09-01 18:00:00,2024-09-01 18:00:00,DEV_008,98,34,99
DEV_008_2024-09-01 21:00:00,2024-09-01 21:00:00,DEV_008,17,28,14
DEV_008_2024-09-02 00:00:00,2024-09-02 00:00:00,DEV_008,34,75,57
DEV_008_2024-09-02 03:00:00,2024-09-02 03:00:00,DEV_008,77,97,55
DEV_008_2024-09-02 06:00:00,2024-09-02 06:00:00,DEV_008,66,98,93
DEV_008_2024-09-02 09:00:00,2024-09-02 09:00:00,DEV_008,37,68,76
DEV_008_2024-09-02 12:00:00,2024-09-02 12:00:00,DEV_008,26,61,92
DEV_008_2024-09-02 15:00:00,2024-09-02 15:00:00,DEV_008,67,84,74
DEV_008_2024-09-02 18:00:00,2024-09-02 18:00:00,DEV_008,52,18,53
DEV_008_2024-09-02 21:00:00,2024-09-02 21:00:00,DEV_008,63,53,27
DEV_008_2024-09-03 00:00:00,2024-09-03 00:00:00,DEV_008,31,91,1
DEV_008_2024-09-03 03:00:00,2024-09-03 03:00:00,DEV_008,6,11,34
DEV_008_2024-09-03 06:00:00,2024-09-03 06:00:00,DEV_008,84,63,53
DEV_008_2024-09-03 09:00:00,2024-09-03 09:00:00,DEV_008,85,85,18
DEV_008_2024-09-03 12:00:00,2024-09-03 12:00:00,DEV_008,21,19,4
DEV_008_2024-09-03 15:00:00,2024-09-03 15:00:00,DEV_008,77,82,29
DEV_008_2024-09-03 18:00:00,2024-09-03 18:00:00,DEV_008,25,56,77
DEV_008_2024-09-03 21:00:00,2024-09-03 21:00:00,DEV_008,63,27,60
DEV_008_2024-09-04 00:00:00,2024-09-04 00:00:00,DEV_008,83,49,65
DEV_008_2024-09-04 03:00:00,2024-09-04 03:00:00,DEV_008,38,83,52
DEV_008_2024-09-04 06:00:00,2024-09-04 06:00:00,DEV_008,1,40,81
DEV_008_2024-09-04 09:00:00,2024-09-04 09:00:00,DEV_008,21,86,15
DEV_008_2024-09-04 12:00:00,2024-09-04 12:00:00,DEV_008,50,48,32
DEV_008_2024-09-04 15:00:00,2024-09-04 15:00:00,DEV_008,49,68,45
DEV_008_2024-09-04 18:00:00,2024-09-04 18:00:00,DEV_008,32,4,65
DEV_008_2024-09-04 21:00:00,2024-09-04 21:00:00,DEV_008,97,71,73
DEV_008_2024-09-05 00:00:00,2024-09-05 00:00:00,DEV_008,65,80,18
DEV_008_2024-09-05 03:00:00,2024-09-05 03:00:00,DEV_008,54,47,6
DEV_008_2024-09-05 06:00:00,2024-09-05 06:00:00,DEV_008,66,9,68
DEV_008_2024-09-05 09:00:00,2024-09-05 09:00:00,DEV_008,23,43,51
DEV_008_2024-09-05 12:00:00,2024-09-05 12:00:00,DEV_008,72,25,80
DEV_008_2024-09-05 15:00:00,2024-09-05 15:00:00,DEV_008,35,17,18
DEV_008_2024-09-05 18:00:00,2024-09-05 18:00:00,DEV_008,27,15,81
DEV_008_2024-09-05 21:00:00,2024-09-05 21:00:00,DEV_008,69,80,15
DEV_008_2024-09-06 00:00:00,2024-09-06 00:00:00,DEV_008,42,34,48
DEV_008_2024-09-06 03:00:00,2024-09-06 03:00:00,DEV_008,83,8,10
DEV_008_2024-09-06 06:00:00,2024-09-06 06:00:00,DEV_008,5,48,26
DEV_008_2024-09-06 09:00:00,2024-09-06 09:00:00,DEV_008,86,23,62
DEV_008_2024-09-06 12:00:00,2024-09-06 12:00:00,DEV_008,13,9,20
DEV_008_2024-09-06 15:00:00,2024-09-06 15:00:00,DEV_008,92,57,24
DEV_008_2024-09-06 18:00:00,2024-09-06 18:00:00,DEV_008,33,20,60
DEV_008_2024-09-06 21:00:00,2024-09-06 21:00:00,DEV_008,48,64,30
DEV_008_2024-09-07 00:00:00,2024-09-07 00:00:00,DEV_008,73,17,14
DEV_008_2024-09-07 03:00:00,2024-09-07 03:00:00,DEV_008,19,71,59
DEV_008_2024-09-07 06:00:00,2024-09-07 06:00:00,DEV_008,67,97,44
DEV_008_2024-09-07 09:00:00,2024-09-07 09:00:00,DEV_008,32,11,2
DEV_008_2024-09-07 12:00:00,2024-09-07 12:00:00,DEV_008,90,68,17
DEV_008_2024-09-07 15:00:00,2024-09-07 15:00:00,DEV_008,81,92,94
DEV_008_2024-09-07 18:00:00,2024-09-07 18:00:00,DEV_008,40,87,46
DEV_008_2024-09-07 21:00:00,2024-09-07 21:00:00,DEV_008,88,93,4
DEV_008_2024-09-08 00:00:00,2024-09-08 00:00:00,DEV_008,38,63,29
DEV_008_2024-09-08 03:00:00,2024-09-08 03:00:00,DEV_008,19,91,29
DEV_008_2024-09-08 06:00:00,2024-09-08 06:00:00,DEV_008,35,70,23
DEV_008_2024-09-08 09:00:00,2024-09-08 09:00:00,DEV_008,46,44,48
DEV_008_2024-09-08 12:00:00,2024-09-08 12:00:00,DEV_008,52,8,55
DEV_008_2024-09-08 15:00:00,2024-09-08 15:00:00,DEV_008,66,77,40
DEV_008_2024-09-08 18:00:00,2024-09-08 18:00:00,DEV_008,85,31,48
DEV_008_2024-09-08 21:00:00,2024-09-08 21:00:00,DEV_008,61,52,38
DEV_008_2024-09-09 00:00:00,2024-09-09 00:00:00,DEV_008,91,36,87
DEV_008_2024-09-09 03:00:00,2024-09-09 03:00:00,DEV_008,55,85,13
DEV_008_2024-09-09 06:00:00,2024-09-09 06:00:00,DEV_008,37,47,90
DEV_008_2024-09-09 09:00:00,2024-09-09 09:00:00,DEV_008,71,22,39
DEV_008_2024-09-09 12:00:00,2024-09-09 12:00:00,DEV_008,87,58,30
DEV_008_2024-09-09 15:00:00,2024-09-09 15:00:00,DEV_008,18,18,74
DEV_008_2024-09-09 18:00:00,2024-09-09 18:00:00,DEV_008,39,94,26
DEV_008_2024-09-09 21:00:00,2024-09-09 21:00:00,DEV_008,71,7,69
DEV_008_2024-09-10 00:00:00,2024-09-10 00:00:00,DEV_008,65,46,18
DEV_008_2024-09-10 03:00:00,2024-09-10 03:00:00,DEV_008,13,25,8
DEV_008_2024-09-10 06:00:00,2024-09-10 06:00:00,DEV_008,74,32,17
DEV_008_2024-09-10 09:00:00,2024-09-10 09:00:00,DEV_008,79,79,48
DEV_008_2024-09-10 12:00:00,2024-09-10 12:00:00,DEV_008,63,40,84
DEV_008_2024-09-10 15:00:00,2024-09-10 15:00:00,DEV_008,15,99,6
DEV_008_2024-09-10 18:00:00,2024-09-10 18:00:00,DEV_008,94,63,8
DEV_008_2024-09-10 21:00:00,2024-09-10 21:00:00,DEV_008,95,32,45
DEV_008_2024-09-11 00:00:00,2024-09-11 00:00:00,DEV_008,52,79,82
DEV_008_2024-09-11 03:00:00,2024-09-11 03:00:00,DEV_008,13,24,40
DEV_008_2024-09-11 06:00:00,2024-09-11 06:00:00,DEV_008,14,92,75
DEV_008_2024-09-11 09:00:00,2024-09-11 09:00:00,DEV_008,70,62,89
DEV_008_2024-09-11 12:00:00,2024-09-11 12:00:00,DEV_008,61,1,89
DEV_008_2024-09-11 15:00:00,2024-09-11 15:00:00,DEV_008,66,32,13
DEV_008_2024-09-11 18:00:00,2024-09-11 18:00:00,DEV_008,33,32,56
DEV_008_2024-09-11 21:00:00,2024-09-11 21:00:00,DEV_008,24,91,4
DEV_008_2024-09-12 00:00:00,2024-09-12 00:00:00,DEV_008,88,23,29
DEV_008_2024-09-12 03:00:00,2024-09-12 03:00:00,DEV_008,98,21,30
DEV_008_2024-09-12 06:00:00,2024-09-12 06:00:00,DEV_008,90,20,16
DEV_008_2024-09-12 09:00:00,2024-09-12 09:00:00,DEV_008,67,49,58
DEV_008_2024-09-12 12:00:00,2024-09-12 12:00:00,DEV_008,44,25,23
DEV_008_2024-09-12 15:00:00,2024-09-12 15:00:00,DEV_008,59,1,97
DEV_008_2024-09-12 18:00:00,2024-09-12 18:00:00,DEV_008,15,81,98
DEV_008_2024-09-12 21:00:00,2024-09-12 21:00:00,DEV_008,81,52,58
DEV_008_2024-09-13 00:00:00,2024-09-13 00:00:00,DEV_008,41,44,4
DEV_008_2024-09-13 03:00:00,2024-09-13 03:00:00,DEV_008,77,68,7
DEV_008_2024-09-13 06:00:00,2024-09-13 06:00:00,DEV_008,46,9,87
DEV_008_2024-09-13 09:00:00,2024-09-13 09:00:00,DEV_008,33,33,84
DEV_008_2024-09-13 12:00:00,2024-09-13 12:00:00,DEV_008,4,65,34
DEV_008_2024-09-13 15:00:00,2024-09-13 15:00:00,DEV_008,91,85,88
DEV_008_2024-09-13 18:00:00,2024-09-13 18:00:00,DEV_008,79,99,64
DEV_008_2024-09-13 21:00:00,2024-09-13 21:00:00,DEV_008,25,55,9
DEV_008_2024-09-14 00:00:00,2024-09-14 00:00:00,DEV_008,17,21,60
DEV_008_2024-09-14 03:00:00,2024-09-14 03:00:00,DEV_008,13,3,68
DEV_008_2024-09-14 06:00:00,2024-09-14 06:00:00,DEV_008,4,92,7
DEV_008_2024-09-14 09:00:00,2024-09-14 09:00:00,DEV_008,26,75,24
DEV_008_2024-09-14 12:00:00,2024-09-14 12:00:00,DEV_008,10,13,44
DEV_008_2024-09-14 15:00:00,2024-09-14 15:00:00,DEV_008,39,19,51
DEV_008_2024-09-14 18:00:00,2024-09-14 18:00:00,DEV_008,19,76,52
DEV_008_2024-09-14 21:00:00,2024-09-14 21:00:00,DEV_008,86,47,30
DEV_008_2024-09-15 00:00:00,2024-09-15 00:00:00,DEV_008,46,76,93
DEV_008_2024-09-15 03:00:00,2024-09-15 03:00:00,DEV_008,21,75,48
DEV_008_2024-09-15 06:00:00,2024-09-15 06:00:00,DEV_008,62,58,18
DEV_008_2024-09-15 09:00:00,2024-09-15 09:00:00,DEV_008,59,91,48
DEV_008_2024-09-15 12:00:00,2024-09-15 12:00:00,DEV_008,63,12,87
DEV_008_2024-09-15 15:00:00,2024-09-15 15:00:00,DEV_008,34,61,87
DEV_008_2024-09-15 18:00:00,2024-09-15 18:00:00,DEV_008,53,25,62
DEV_008_2024-09-15 21:00:00,2024-09-15 21:00:00,DEV_008,4,94,94
DEV_008_2024-09-16 00:00:00,2024-09-16 00:00:00,DEV_008,13,42,49
DEV_008_2024-09-16 03:00:00,2024-09-16 03:00:00,DEV_008,78,56,47
DEV_008_2024-09-16 06:00:00,2024-09-16 06:00:00,DEV_008,8,55,88
DEV_008_2024-09-16 09:00:00,2024-09-16 09:00:00,DEV_008,18,35,89
DEV_008_2024-09-16 12:00:00,2024-09-16 12:00:00,DEV_008,81,32,24
DEV_008_2024-09-16 15:00:00,2024-09-16 15:00:00,DEV_008,7,13,91
DEV_008_2024-09-16 18:00:00,2024-09-16 18:00:00,DEV_008,69,90,42
DEV_008_2024-09-16 21:00:00,2024-09-16 21:00:00,DEV_008,31,74,26
DEV_008_2024-09-17 00:00:00,2024-09-17 00:00:00,DEV_008,86,76,32
DEV_008_2024-09-17 03:00:00,2024-09-17 03:00:00,DEV_008,91,97,52
DEV_008_2024-09-17 06:00:00,2024-09-17 06:00:00,DEV_008,20,40,59
DEV_008_2024-09-17 09:00:00,2024-09-17 09:00:00,DEV_008,77,14,44
DEV_008_2024-09-17 12:00:00,2024-09-17 12:00:00,DEV_008,86,82,48
DEV_008_2024-09-17 15:00:00,2024-09-17 15:00:00,DEV_008,93,43,16
DEV_008_2024-09-17 18:00:00,2024-09-17 18:00:00,DEV_008,35,53,34
DEV_008_2024-09-17 21:00:00,2024-09-17 21:00:00,DEV_008,3,68,5
DEV_008_2024-09-18 00:00:00,2024-09-18 00:00:00,DEV_008,10,52,29
DEV_008_2024-09-18 03:00:00,2024-09-18 03:00:00,DEV_008,96,31,66
DEV_008_2024-09-18 06:00:00,2024-09-18 06:00:00,DEV_008,76,91,69
DEV_008_2024-09-18 09:00:00,2024-09-18 09:00:00,DEV_008,37,27,87
DEV_008_2024-09-18 12:00:00,2024-09-18 12:00:00,DEV_008,33,68,59
DEV_008_2024-09-18 15:00:00,2024-09-18 15:00:00,DEV_008,64,85,88
DEV_008_2024-09-18 18:00:00,2024-09-18 18:00:00,DEV_008,44,95,88
DEV_008_2024-09-18 21:00:00,2024-09-18 21:00:00,DEV_008,49,53,74
DEV_008_2024-09-19 00:00:00,2024-09-19 00:00:00,DEV_008,49,66,95
DEV_008_2024-09-19 03:00:00,2024-09-19 03:00:00,DEV_008,63,25,4
DEV_008_2024-09-19 06:00:00,2024-09-19 06:00:00,DEV_008,51,11,17
DEV_008_2024-09-19 09:00:00,2024-09-19 09:00:00,DEV_008,66,70,73
DEV_008_2024-09-19 12:00:00,2024-09-19 12:00:00,DEV_008,69,84,29
DEV_008_2024-09-19 15:00:00,2024-09-19 15:00:00,DEV_008,85,73,92
DEV_008_2024-09-19 18:00:00,2024-09-19 18:00:00,DEV_008,72,95,20
DEV_008_2024-09-19 21:00:00,2024-09-19 21:00:00,DEV_008,27,8,85
DEV_008_2024-09-20 00:00:00,2024-09-20 00:00:00,DEV_008,61,28,87
DEV_008_2024-09-20 03:00:00,2024-09-20 03:00:00,DEV_008,70,3,69
DEV_008_2024-09-20 06:00:00,2024-09-20 06:00:00,DEV_008,73,7,60
DEV_008_2024-09-20 09:00:00,2024-09-20 09:00:00,DEV_008,4,5,11
DEV_008_2024-09-20 12:00:00,2024-09-20 12:00:00,DEV_008,15,64,98
DEV_008_2024-09-20 15:00:00,2024-09-20 15:00:00,DEV_008,13,7,6
DEV_008_2024-09-20 18:00:00,2024-09-20 18:00:00,DEV_008,56,64,50
DEV_008_2024-09-20 21:00:00,2024-09-20 21:00:00,DEV_008,30,22,25
DEV_008_2024-09-21 00:00:00,2024-09-21 00:00:00,DEV_008,28,84,39
DEV_008_2024-09-21 03:00:00,2024-09-21 03:00:00,DEV_008,67,5,65
DEV_008_2024-09-21 06:00:00,2024-09-21 06:00:00,DEV_008,15,90,67
DEV_008_2024-09-21 09:00:00,2024-09-21 09:00:00,DEV_008,40,98,69
DEV_008_2024-09-21 12:00:00,2024-09-21 12:00:00,DEV_008,95,77,43
DEV_008_2024-09-21 15:00:00,2024-09-21 15:00:00,DEV_008,1,22,62
DEV_008_2024-09-21 18:00:00,2024-09-21 18:00:00,DEV_008,79,26,18
DEV_008_2024-09-21 21:00:00,2024-09-21 21:00:00,DEV_008,48,9,1
DEV_008_2024-09-22 00:00:00,2024-09-22 00:00:00,DEV_008,9,23,45
DEV_008_2024-09-22 03:00:00,2024-09-22 03:00:00,DEV_008,2,14,38
DEV_008_2024-09-22 06:00:00,2024-09-22 06:00:00,DEV_008,40,63,82
DEV_008_2024-09-22 09:00:00,2024-09-22 09:00:00,DEV_008,16,93,75
DEV_008_2024-09-22 12:00:00,2024-09-22 12:00:00,DEV_008,6,3,14
DEV_008_2024-09-22 15:00:00,2024-09-22 15:00:00,DEV_008,66,96,95
DEV_008_2024-09-22 18:00:00,2024-09-22 18:00:00,DEV_008,75,86,67
DEV_008_2024-09-22 21:00:00,2024-09-22 21:00:00,DEV_008,31,33,88
DEV_008_2024-09-23 00:00:00,2024-09-23 00:00:00,DEV_008,1,44,15
DEV_008_2024-09-23 03:00:00,2024-09-23 03:00:00,DEV_008,37,27,48
DEV_008_2024-09-23 06:00:00,2024-09-23 06:00:00,DEV_008,27,12,67
DEV_008_2024-09-23 09:00:00,2024-09-23 09:00:00,DEV_008,30,96,87
DEV_008_2024-09-23 12:00:00,2024-09-23 12:00:00,DEV_008,66,7,34
DEV_008_2024-09-23 15:00:00,2024-09-23 15:00:00,DEV_008,32,39,96
DEV_008_2024-09-23 18:00:00,2024-09-23 18:00:00,DEV_008,43,43,78
DEV_008_2024-09-23 21:00:00,2024-09-23 21:00:00,DEV_008,3,46,32
DEV_008_2024-09-24 00:00:00,2024-09-24 00:00:00,DEV_008,43,81,3
DEV_008_2024-09-24 03:00:00,2024-09-24 03:00:00,DEV_008,74,63,40
DEV_008_2024-09-24 06:00:00,2024-09-24 06:00:00,DEV_008,18,67,62
DEV_008_2024-09-24 09:00:00,2024-09-24 09:00:00,DEV_008,10,52,73
DEV_008_2024-09-24 12:00:00,2024-09-24 12:00:00,DEV_008,46,55,46
DEV_008_2024-09-24 15:00:00,2024-09-24 15:00:00,DEV_008,75,60,97
DEV_008_2024-09-24 18:00:00,2024-09-24 18:00:00,DEV_008,26,27,38
DEV_008_2024-09-24 21:00:00,2024-09-24 21:00:00,DEV_008,22,26,86
DEV_008_2024-09-25 00:00:00,2024-09-25 00:00:00,DEV_008,69,35,66
DEV_008_2024-09-25 03:00:00,2024-09-25 03:00:00,DEV_008,99,73,51
DEV_008_2024-09-25 06:00:00,2024-09-25 06:00:00,DEV_008,18,43,12
DEV_008_2024-09-25 09:00:00,2024-09-25 09:00:00,DEV_008,3,82,7
DEV_008_2024-09-25 12:00:00,2024-09-25 12:00:00,DEV_008,97,6,82
DEV_008_2024-09-25 15:00:00,2024-09-25 15:00:00,DEV_008,45,86,39
DEV_008_2024-09-25 18:00:00,2024-09-25 18:00:00,DEV_008,51,9,99
DEV_008_2024-09-25 21:00:00,2024-09-25 21:00:00,DEV_008,23,12,88
DEV_008_2024-09-26 00:00:00,2024-09-26 00:00:00,DEV_008,62,73,77
DEV_008_2024-09-26 03:00:00,2024-09-26 03:00:00,DEV_008,40,54,81
DEV_008_2024-09-26 06:00:00,2024-09-26 06:00:00,DEV_008,7,17,50
DEV_008_2024-09-26 09:00:00,2024-09-26 09:00:00,DEV_008,24,2,99
DEV_008_2024-09-26 12:00:00,2024-09-26 12:00:00,DEV_008,92,83,33
DEV_008_2024-09-26 15:00:00,2024-09-26 15:00:00,DEV_008,21,74,53
DEV_008_2024-09-26 18:00:00,2024-09-26 18:00:00,DEV_008,46,45,9
DEV_008_2024-09-26 21:00:00,2024-09-26 21:00:00,DEV_008,6,51,35
DEV_008_2024-09-27 00:00:00,2024-09-27 00:00:00,DEV_008,82,53,19
DEV_008_2024-09-27 03:00:00,2024-09-27 03:00:00,DEV_008,69,25,11
DEV_008_2024-09-27 06:00:00,2024-09-27 06:00:00,DEV_008,74,17,36
DEV_008_2024-09-27 09:00:00,2024-09-27 09:00:00,DEV_008,90,95,96
DEV_008_2024-09-27 12:00:00,2024-09-27 12:00:00,DEV_008,21,18,60
DEV_008_2024-09-27 15:00:00,2024-09-27 15:00:00,DEV_008,18,1,14
DEV_008_2024-09-27 18:00:00,2024-09-27 18:00:00,DEV_008,8,66,51
DEV_008_2024-09-27 21:00:00,2024-09-27 21:00:00,DEV_008,79,60,34
DEV_008_2024-09-28 00:00:00,2024-09-28 00:00:00,DEV_008,36,62,1
DEV_008_2024-09-28 03:00:00,2024-09-28 03:00:00,DEV_008,85,42,1
DEV_008_2024-09-28 06:00:00,2024-09-28 06:00:00,DEV_008,96,84,54
DEV_008_2024-09-28 09:00:00,2024-09-28 09:00:00,DEV_008,47,39,30
DEV_008_2024-09-28 12:00:00,2024-09-28 12:00:00,DEV_008,7,22,50
DEV_008_2024-09-28 15:00:00,2024-09-28 15:00:00,DEV_008,45,74,72
DEV_008_2024-09-28 18:00:00,2024-09-28 18:00:00,DEV_008,91,10,14
DEV_008_2024-09-28 21:00:00,2024-09-28 21:00:00,DEV_008,46,75,6
DEV_008_2024-09-29 00:00:00,2024-09-29 00:00:00,DEV_008,21,62,97
DEV_008_2024-09-29 03:00:00,2024-09-29 03:00:00,DEV_008,19,88,82
DEV_008_2024-09-29 06:00:00,2024-09-29 06:00:00,DEV_008,99,62,83
DEV_008_2024-09-29 09:00:00,2024-09-29 09:00:00,DEV_008,53,24,56
DEV_008_2024-09-29 12:00:00,2024-09-29 12:00:00,DEV_008,62,34,22
DEV_008_2024-09-29 15:00:00,2024-09-29 15:00:00,DEV_008,68,57,10
DEV_008_2024-09-29 18:00:00,2024-09-29 18:00:00,DEV_008,66,8,97
DEV_008_2024-09-29 21:00:00,2024-09-29 21:00:00,DEV_008,38,62,28
DEV_008_2024-09-30 00:00:00,2024-09-30 00:00:00,DEV_008,10,45,65
DEV_008_2024-09-30 03:00:00,2024-09-30 03:00:00,DEV_008,98,67,9
DEV_008_2024-09-30 06:00:00,2024-09-30 06:00:00,DEV_008,5,10,12
DEV_008_2024-09-30 09:00:00,2024-09-30 09:00:00,DEV_008,82,58,21
DEV_008_2024-09-30 12:00:00,2024-09-30 12:00:00,DEV_008,21,65,3
DEV_008_2024-09-30 15:00:00,2024-09-30 15:00:00,DEV_008,69,89,64
DEV_008_2024-09-30 18:00:00,2024-09-30 18:00:00,DEV_008,49,72,17
DEV_008_2024-09-30 21:00:00,2024-09-30 21:00:00,DEV_008,73,32,70
DEV_008_2024-10-01 00:00:00,2024-10-01 00:00:00,DEV_008,21,7,7
DEV_008_2024-10-01 03:00:00,2024-10-01 03:00:00,DEV_008,27,8,73
DEV_008_2024-10-01 06:00:00,2024-10-01 06:00:00,DEV_008,28,79,66
DEV_008_2024-10-01 09:00:00,2024-10-01 09:00:00,DEV_008,71,47,82
DEV_008_2024-10-01 12:00:00,2024-10-01 12:00:00,DEV_008,86,10,33
DEV_008_2024-10-01 15:00:00,2024-10-01 15:00:00,DEV_008,7,3,14
DEV_008_2024-10-01 18:00:00,2024-10-01 18:00:00,DEV_008,44,46,61
DEV_008_2024-10-01 21:00:00,2024-10-01 21:00:00,DEV_008,36,13,16
DEV_008_2024-10-02 00:00:00,2024-10-02 00:00:00,DEV_008,80,5,89
DEV_008_2024-10-02 03:00:00,2024-10-02 03:00:00,DEV_008,38,50,38
DEV_008_2024-10-02 06:00:00,2024-10-02 06:00:00,DEV_008,56,63,48
DEV_008_2024-10-02 09:00:00,2024-10-02 09:00:00,DEV_008,90,59,77
DEV_008_2024-10-02 12:00:00,2024-10-02 12:00:00,DEV_008,44,90,55
DEV_008_2024-10-02 15:00:00,2024-10-02 15:00:00,DEV_008,55,1,8
DEV_008_2024-10-02 18:00:00,2024-10-02 18:00:00,DEV_008,4,85,86
DEV_008_2024-10-02 21:00:00,2024-10-02 21:00:00,DEV_008,53,58,37
DEV_008_2024-10-03 00:00:00,2024-10-03 00:00:00,DEV_008,49,67,19
DEV_008_2024-10-03 03:00:00,2024-10-03 03:00:00,DEV_008,1,29,87
DEV_008_2024-10-03 06:00:00,2024-10-03 06:00:00,DEV_008,33,52,41
DEV_008_2024-10-03 09:00:00,2024-10-03 09:00:00,DEV_008,23,5,71
DEV_008_2024-10-03 12:00:00,2024-10-03 12:00:00,DEV_008,57,6,49
DEV_008_2024-10-03 15:00:00,2024-10-03 15:00:00,DEV_008,22,77,76
DEV_008_2024-10-03 18:00:00,2024-10-03 18:00:00,DEV_008,4,72,64
DEV_008_2024-10-03 21:00:00,2024-10-03 21:00:00,DEV_008,37,31,37
DEV_008_2024-10-04 00:00:00,2024-10-04 00:00:00,DEV_008,45,90,8
DEV_008_2024-10-04 03:00:00,2024-10-04 03:00:00,DEV_008,40,97,93
DEV_008_2024-10-04 06:00:00,2024-10-04 06:00:00,DEV_008,5,28,81
DEV_008_2024-10-04 09:00:00,2024-10-04 09:00:00,DEV_008,87,9,2
DEV_008_2024-10-04 12:00:00,2024-10-04 12:00:00,DEV_008,63,96,51
DEV_008_2024-10-04 15:00:00,2024-10-04 15:00:00,DEV_008,31,7,30
DEV_008_2024-10-04 18:00:00,2024-10-04 18:00:00,DEV_008,58,3,51
DEV_008_2024-10-04 21:00:00,2024-10-04 21:00:00,DEV_008,56,73,10
DEV_008_2024-10-05 00:00:00,2024-10-05 00:00:00,DEV_008,61,50,47
DEV_008_2024-10-05 03:00:00,2024-10-05 03:00:00,DEV_008,90,1,94
DEV_008_2024-10-05 06:00:00,2024-10-05 06:00:00,DEV_008,57,38,62
DEV_008_2024-10-05 09:00:00,2024-10-05 09:00:00,DEV_008,79,89,70
DEV_008_2024-10-05 12:00:00,2024-10-05 12:00:00,DEV_008,82,65,62
DEV_008_2024-10-05 15:00:00,2024-10-05 15:00:00,DEV_008,56,67,17
DEV_008_2024-10-05 18:00:00,2024-10-05 18:00:00,DEV_008,8,60,40
DEV_008_2024-10-05 21:00:00,2024-10-05 21:00:00,DEV_008,81,89,62
DEV_008_2024-10-06 00:00:00,2024-10-06 00:00:00,DEV_008,41,12,93
DEV_008_2024-10-06 03:00:00,2024-10-06 03:00:00,DEV_008,89,54,89
DEV_008_2024-10-06 06:00:00,2024-10-06 06:00:00,DEV_008,93,11,60
DEV_008_2024-10-06 09:00:00,2024-10-06 09:00:00,DEV_008,68,78,46
DEV_008_2024-10-06 12:00:00,2024-10-06 12:00:00,DEV_008,38,61,17
DEV_008_2024-10-06 15:00:00,2024-10-06 15:00:00,DEV_008,66,72,36
DEV_008_2024-10-06 18:00:00,2024-10-06 18:00:00,DEV_008,74,7,16
DEV_008_2024-10-06 21:00:00,2024-10-06 21:00:00,DEV_008,14,80,25
DEV_008_2024-10-07 00:00:00,2024-10-07 00:00:00,DEV_008,4,29,56
DEV_008_2024-10-07 03:00:00,2024-10-07 03:00:00,DEV_008,6,1,39
DEV_008_2024-10-07 06:00:00,2024-10-07 06:00:00,DEV_008,1,63,57
DEV_008_2024-10-07 09:00:00,2024-10-07 09:00:00,DEV_008,67,65,65
DEV_008_2024-10-07 12:00:00,2024-10-07 12:00:00,DEV_008,21,30,96
DEV_008_2024-10-07 15:00:00,2024-10-07 15:00:00,DEV_008,33,48,22
DEV_008_2024-10-07 18:00:00,2024-10-07 18:00:00,DEV_008,94,54,4
DEV_008_2024-10-07 21:00:00,2024-10-07 21:00:00,DEV_008,87,55,44
DEV_008_2024-10-08 00:00:00,2024-10-08 00:00:00,DEV_008,89,12,81
DEV_008_2024-10-08 03:00:00,2024-10-08 03:00:00,DEV_008,79,74,99
DEV_008_2024-10-08 06:00:00,2024-10-08 06:00:00,DEV_008,52,93,76
DEV_008_2024-10-08 09:00:00,2024-10-08 09:00:00,DEV_008,65,65,10
DEV_008_2024-10-08 12:00:00,2024-10-08 12:00:00,DEV_008,18,47,66
DEV_008_2024-10-08 15:00:00,2024-10-08 15:00:00,DEV_008,49,72,22
DEV_008_2024-10-08 18:00:00,2024-10-08 18:00:00,DEV_008,86,26,90
DEV_008_2024-10-08 21:00:00,2024-10-08 21:00:00,DEV_008,9,21,95
DEV_008_2024-10-09 00:00:00,2024-10-09 00:00:00,DEV_008,63,6,14
DEV_008_2024-10-09 03:00:00,2024-10-09 03:00:00,DEV_008,33,71,24
DEV_008_2024-10-09 06:00:00,2024-10-09 06:00:00,DEV_008,73,75,87
DEV_008_2024-10-09 09:00:00,2024-10-09 09:00:00,DEV_008,51,2,15
DEV_008_2024-10-09 12:00:00,2024-10-09 12:00:00,DEV_008,35,36,92
DEV_008_2024-10-09 15:00:00,2024-10-09 15:00:00,DEV_008,39,4,64
DEV_008_2024-10-09 18:00:00,2024-10-09 18:00:00,DEV_008,74,6,57
DEV_008_2024-10-09 21:00:00,2024-10-09 21:00:00,DEV_008,30,99,74
DEV_008_2024-10-10 00:00:00,2024-10-10 00:00:00,DEV_008,96,67,90
DEV_008_2024-10-10 03:00:00,2024-10-10 03:00:00,DEV_008,15,17,91
DEV_008_2024-10-10 06:00:00,2024-10-10 06:00:00,DEV_008,18,19,76
DEV_008_2024-10-10 09:00:00,2024-10-10 09:00:00,DEV_008,88,69,24
DEV_008_2024-10-10 12:00:00,2024-10-10 12:00:00,DEV_008,91,48,30
DEV_008_2024-10-10 15:00:00,2024-10-10 15:00:00,DEV_008,15,47,44
DEV_008_2024-10-10 18:00:00,2024-10-10 18:00:00,DEV_008,98,27,84
DEV_008_2024-10-10 21:00:00,2024-10-10 21:00:00,DEV_008,64,41,96
DEV_008_2024-10-11 00:00:00,2024-10-11 00:00:00,DEV_008,68,5,53
DEV_008_2024-10-11 03:00:00,2024-10-11 03:00:00,DEV_008,8,22,7
DEV_008_2024-10-11 06:00:00,2024-10-11 06:00:00,DEV_008,22,46,30
DEV_008_2024-10-11 09:00:00,2024-10-11 09:00:00,DEV_008,16,79,5
DEV_008_2024-10-11 12:00:00,2024-10-11 12:00:00,DEV_008,67,23,61
DEV_008_2024-10-11 15:00:00,2024-10-11 15:00:00,DEV_008,74,5,23
DEV_008_2024-10-11 18:00:00,2024-10-11 18:00:00,DEV_008,79,82,25
DEV_008_2024-10-11 21:00:00,2024-10-11 21:00:00,DEV_008,8,95,21
DEV_008_2024-10-12 00:00:00,2024-10-12 00:00:00,DEV_008,2,22,72
DEV_008_2024-10-12 03:00:00,2024-10-12 03:00:00,DEV_008,87,96,72
DEV_008_2024-10-12 06:00:00,2024-10-12 06:00:00,DEV_008,68,64,94
DEV_008_2024-10-12 09:00:00,2024-10-12 09:00:00,DEV_008,19,87,82
DEV_008_2024-10-12 12:00:00,2024-10-12 12:00:00,DEV_008,53,93,87
DEV_008_2024-10-12 15:00:00,2024-10-12 15:00:00,DEV_008,97,52,47
DEV_008_2024-10-12 18:00:00,2024-10-12 18:00:00,DEV_008,82,54,44
DEV_008_2024-10-12 21:00:00,2024-10-12 21:00:00,DEV_008,97,7,92
DEV_008_2024-10-13 00:00:00,2024-10-13 00:00:00,DEV_008,1,63,98
DEV_008_2024-10-13 03:00:00,2024-10-13 03:00:00,DEV_008,39,19,31
DEV_008_2024-10-13 06:00:00,2024-10-13 06:00:00,DEV_008,77,24,69
DEV_008_2024-10-13 09:00:00,2024-10-13 09:00:00,DEV_008,87,83,65
DEV_008_2024-10-13 12:00:00,2024-10-13 12:00:00,DEV_008,33,59,33
DEV_008_2024-10-13 15:00:00,2024-10-13 15:00:00,DEV_008,32,59,92
DEV_008_2024-10-13 18:00:00,2024-10-13 18:00:00,DEV_008,41,12,73
DEV_008_2024-10-13 21:00:00,2024-10-13 21:00:00,DEV_008,11,97,19
DEV_008_2024-10-14 00:00:00,2024-10-14 00:00:00,DEV_008,54,57,42
DEV_008_2024-10-14 03:00:00,2024-10-14 03:00:00,DEV_008,98,71,31
DEV_008_2024-10-14 06:00:00,2024-10-14 06:00:00,DEV_008,52,2,83
DEV_008_2024-10-14 09:00:00,2024-10-14 09:00:00,DEV_008,38,32,10
DEV_008_2024-10-14 12:00:00,2024-10-14 12:00:00,DEV_008,8,90,94
DEV_008_2024-10-14 15:00:00,2024-10-14 15:00:00,DEV_008,75,20,20
DEV_008_2024-10-14 18:00:00,2024-10-14 18:00:00,DEV_008,9,72,15
DEV_008_2024-10-14 21:00:00,2024-10-14 21:00:00,DEV_008,98,88,97
DEV_008_2024-10-15 00:00:00,2024-10-15 00:00:00,DEV_008,63,91,21
DEV_008_2024-10-15 03:00:00,2024-10-15 03:00:00,DEV_008,5,35,85
DEV_008_2024-10-15 06:00:00,2024-10-15 06:00:00,DEV_008,68,48,80
DEV_008_2024-10-15 09:00:00,2024-10-15 09:00:00,DEV_008,95,90,62
DEV_008_2024-10-15 12:00:00,2024-10-15 12:00:00,DEV_008,35,70,97
DEV_008_2024-10-15 15:00:00,2024-10-15 15:00:00,DEV_008,21,80,39
DEV_008_2024-10-15 18:00:00,2024-10-15 18:00:00,DEV_008,34,15,6
DEV_008_2024-10-15 21:00:00,2024-10-15 21:00:00,DEV_008,66,88,56
DEV_008_2024-10-16 00:00:00,2024-10-16 00:00:00,DEV_008,49,92,1
DEV_008_2024-10-16 03:00:00,2024-10-16 03:00:00,DEV_008,65,28,20
DEV_008_2024-10-16 06:00:00,2024-10-16 06:00:00,DEV_008,48,72,65
DEV_008_2024-10-16 09:00:00,2024-10-16 09:00:00,DEV_008,90,51,43
DEV_008_2024-10-16 12:00:00,2024-10-16 12:00:00,DEV_008,49,25,74
DEV_008_2024-10-16 15:00:00,2024-10-16 15:00:00,DEV_008,76,41,71
DEV_008_2024-10-16 18:00:00,2024-10-16 18:00:00,DEV_008,64,61,12
DEV_008_2024-10-16 21:00:00,2024-10-16 21:00:00,DEV_008,81,69,14
DEV_008_2024-10-17 00:00:00,2024-10-17 00:00:00,DEV_008,34,48,61
DEV_008_2024-10-17 03:00:00,2024-10-17 03:00:00,DEV_008,81,35,65
DEV_008_2024-10-17 06:00:00,2024-10-17 06:00:00,DEV_008,59,36,79
DEV_008_2024-10-17 09:00:00,2024-10-17 09:00:00,DEV_008,19,42,69
DEV_008_2024-10-17 12:00:00,2024-10-17 12:00:00,DEV_008,19,39,69
DEV_008_2024-10-17 15:00:00,2024-10-17 15:00:00,DEV_008,52,12,83
DEV_008_2024-10-17 18:00:00,2024-10-17 18:00:00,DEV_008,47,76,36
DEV_008_2024-10-17 21:00:00,2024-10-17 21:00:00,DEV_008,63,76,82
DEV_008_2024-10-18 00:00:00,2024-10-18 00:00:00,DEV_008,51,43,34
DEV_008_2024-10-18 03:00:00,2024-10-18 03:00:00,DEV_008,97,49,18
DEV_008_2024-10-18 06:00:00,2024-10-18 06:00:00,DEV_008,61,57,93
DEV_008_2024-10-18 09:00:00,2024-10-18 09:00:00,DEV_008,5,89,24
DEV_008_2024-10-18 12:00:00,2024-10-18 12:00:00,DEV_008,93,64,59
DEV_008_2024-10-18 15:00:00,2024-10-18 15:00:00,DEV_008,38,33,10
DEV_008_2024-10-18 18:00:00,2024-10-18 18:00:00,DEV_008,37,97,87
DEV_008_2024-10-18 21:00:00,2024-10-18 21:00:00,DEV_008,11,24,88
DEV_008_2024-10-19 00:00:00,2024-10-19 00:00:00,DEV_008,71,21,20
DEV_008_2024-10-19 03:00:00,2024-10-19 03:00:00,DEV_008,10,89,47
DEV_008_2024-10-19 06:00:00,2024-10-19 06:00:00,DEV_008,47,15,44
DEV_008_2024-10-19 09:00:00,2024-10-19 09:00:00,DEV_008,62,6,66
DEV_008_2024-10-19 12:00:00,2024-10-19 12:00:00,DEV_008,76,4,23
DEV_008_2024-10-19 15:00:00,2024-10-19 15:00:00,DEV_008,13,81,31
DEV_008_2024-10-19 18:00:00,2024-10-19 18:00:00,DEV_008,16,41,90
DEV_008_2024-10-19 21:00:00,2024-10-19 21:00:00,DEV_008,92,1,12
DEV_008_2024-10-20 00:00:00,2024-10-20 00:00:00,DEV_008,56,50,20
DEV_008_2024-10-20 03:00:00,2024-10-20 03:00:00,DEV_008,66,36,79
DEV_008_2024-10-20 06:00:00,2024-10-20 06:00:00,DEV_008,38,22,61
DEV_008_2024-10-20 09:00:00,2024-10-20 09:00:00,DEV_008,50,96,59
DEV_008_2024-10-20 12:00:00,2024-10-20 12:00:00,DEV_008,20,36,97
DEV_008_2024-10-20 15:00:00,2024-10-20 15:00:00,DEV_008,15,62,3
DEV_008_2024-10-20 18:00:00,2024-10-20 18:00:00,DEV_008,93,91,5
DEV_008_2024-10-20 21:00:00,2024-10-20 21:00:00,DEV_008,56,31,86
DEV_008_2024-10-21 00:00:00,2024-10-21 00:00:00,DEV_008,35,71,70
DEV_008_2024-10-21 03:00:00,2024-10-21 03:00:00,DEV_008,26,1,83
DEV_008_2024-10-21 06:00:00,2024-10-21 06:00:00,DEV_008,7,36,76
DEV_008_2024-10-21 09:00:00,2024-10-21 09:00:00,DEV_008,84,87,25
DEV_008_2024-10-21 12:00:00,2024-10-21 12:00:00,DEV_008,94,59,61
DEV_008_2024-10-21 15:00:00,2024-10-21 15:00:00,DEV_008,29,95,18
DEV_008_2024-10-21 18:00:00,2024-10-21 18:00:00,DEV_008,41,19,4
DEV_008_2024-10-21 21:00:00,2024-10-21 21:00:00,DEV_008,65,41,15
DEV_008_2024-10-22 00:00:00,2024-10-22 00:00:00,DEV_008,54,64,72
DEV_008_2024-10-22 03:00:00,2024-10-22 03:00:00,DEV_008,15,79,50
DEV_008_2024-10-22 06:00:00,2024-10-22 06:00:00,DEV_008,22,18,80
DEV_008_2024-10-22 09:00:00,2024-10-22 09:00:00,DEV_008,2,36,20
DEV_008_2024-10-22 12:00:00,2024-10-22 12:00:00,DEV_008,16,67,30
DEV_008_2024-10-22 15:00:00,2024-10-22 15:00:00,DEV_008,55,66,99
DEV_008_2024-10-22 18:00:00,2024-10-22 18:00:00,DEV_008,26,57,69
DEV_008_2024-10-22 21:00:00,2024-10-22 21:00:00,DEV_008,2,56,84
DEV_008_2024-10-23 00:00:00,2024-10-23 00:00:00,DEV_008,62,34,98
DEV_008_2024-10-23 03:00:00,2024-10-23 03:00:00,DEV_008,56,55,20
DEV_008_2024-10-23 06:00:00,2024-10-23 06:00:00,DEV_008,50,25,84
DEV_008_2024-10-23 09:00:00,2024-10-23 09:00:00,DEV_008,25,53,14
DEV_008_2024-10-23 12:00:00,2024-10-23 12:00:00,DEV_008,60,43,62
DEV_008_2024-10-23 15:00:00,2024-10-23 15:00:00,DEV_008,76,69,63
DEV_008_2024-10-23 18:00:00,2024-10-23 18:00:00,DEV_008,2,54,16
DEV_008_2024-10-23 21:00:00,2024-10-23 21:00:00,DEV_008,55,94,43
DEV_008_2024-10-24 00:00:00,2024-10-24 00:00:00,DEV_008,61,38,45
DEV_008_2024-10-24 03:00:00,2024-10-24 03:00:00,DEV_008,51,42,24
DEV_008_2024-10-24 06:00:00,2024-10-24 06:00:00,DEV_008,30,37,53
DEV_008_2024-10-24 09:00:00,2024-10-24 09:00:00,DEV_008,63,11,78
DEV_008_2024-10-24 12:00:00,2024-10-24 12:00:00,DEV_008,23,80,50
DEV_008_2024-10-24 15:00:00,2024-10-24 15:00:00,DEV_008,85,55,55
DEV_008_2024-10-24 18:00:00,2024-10-24 18:00:00,DEV_008,4,97,54
DEV_008_2024-10-24 21:00:00,2024-10-24 21:00:00,DEV_008,61,78,83
DEV_008_2024-10-25 00:00:00,2024-10-25 00:00:00,DEV_008,5,95,18
DEV_008_2024-10-25 03:00:00,2024-10-25 03:00:00,DEV_008,44,31,94
DEV_008_2024-10-25 06:00:00,2024-10-25 06:00:00,DEV_008,21,47,30
DEV_008_2024-10-25 09:00:00,2024-10-25 09:00:00,DEV_008,55,68,69
DEV_008_2024-10-25 12:00:00,2024-10-25 12:00:00,DEV_008,41,45,74
DEV_008_2024-10-25 15:00:00,2024-10-25 15:00:00,DEV_008,91,80,30
DEV_008_2024-10-25 18:00:00,2024-10-25 18:00:00,DEV_008,77,85,45
DEV_008_2024-10-25 21:00:00,2024-10-25 21:00:00,DEV_008,45,79,84
DEV_008_2024-10-26 00:00:00,2024-10-26 00:00:00,DEV_008,84,45,55
DEV_008_2024-10-26 03:00:00,2024-10-26 03:00:00,DEV_008,59,5,32
DEV_008_2024-10-26 06:00:00,2024-10-26 06:00:00,DEV_008,6,94,26
DEV_008_2024-10-26 09:00:00,2024-10-26 09:00:00,DEV_008,37,13,93
DEV_008_2024-10-26 12:00:00,2024-10-26 12:00:00,DEV_008,69,25,13
DEV_008_2024-10-26 15:00:00,2024-10-26 15:00:00,DEV_008,88,95,20
DEV_008_2024-10-26 18:00:00,2024-10-26 18:00:00,DEV_008,72,60,73
DEV_008_2024-10-26 21:00:00,2024-10-26 21:00:00,DEV_008,21,61,84
DEV_008_2024-10-27 00:00:00,2024-10-27 00:00:00,DEV_008,79,26,54
DEV_008_2024-10-27 03:00:00,2024-10-27 03:00:00,DEV_008,42,11,37
DEV_008_2024-10-27 06:00:00,2024-10-27 06:00:00,DEV_008,11,27,94
DEV_008_2024-10-27 09:00:00,2024-10-27 09:00:00,DEV_008,83,34,38
DEV_008_2024-10-27 12:00:00,2024-10-27 12:00:00,DEV_008,61,87,53
DEV_008_2024-10-27 15:00:00,2024-10-27 15:00:00,DEV_008,65,3,67
DEV_008_2024-10-27 18:00:00,2024-10-27 18:00:00,DEV_008,28,14,52
DEV_008_2024-10-27 21:00:00,2024-10-27 21:00:00,DEV_008,30,58,54
DEV_008_2024-10-28 00:00:00,2024-10-28 00:00:00,DEV_008,69,15,38
DEV_008_2024-10-28 03:00:00,2024-10-28 03:00:00,DEV_008,78,14,57
DEV_008_2024-10-28 06:00:00,2024-10-28 06:00:00,DEV_008,59,8,72
DEV_008_2024-10-28 09:00:00,2024-10-28 09:00:00,DEV_008,19,32,95
DEV_008_2024-10-28 12:00:00,2024-10-28 12:00:00,DEV_008,29,41,75
DEV_008_2024-10-28 15:00:00,2024-10-28 15:00:00,DEV_008,45,13,27
DEV_008_2024-10-28 18:00:00,2024-10-28 18:00:00,DEV_008,19,26,53
DEV_008_2024-10-28 21:00:00,2024-10-28 21:00:00,DEV_008,51,37,9
DEV_008_2024-10-29 00:00:00,2024-10-29 00:00:00,DEV_008,92,96,52
DEV_008_2024-10-29 03:00:00,2024-10-29 03:00:00,DEV_008,54,3,96
DEV_008_2024-10-29 06:00:00,2024-10-29 06:00:00,DEV_008,69,8,14
DEV_008_2024-10-29 09:00:00,2024-10-29 09:00:00,DEV_008,3,24,13
DEV_008_2024-10-29 12:00:00,2024-10-29 12:00:00,DEV_008,43,29,72
DEV_008_2024-10-29 15:00:00,2024-10-29 15:00:00,DEV_008,51,42,31
DEV_008_2024-10-29 18:00:00,2024-10-29 18:00:00,DEV_008,63,26,18
DEV_008_2024-10-29 21:00:00,2024-10-29 21:00:00,DEV_008,82,57,7
DEV_008_2024-10-30 00:00:00,2024-10-30 00:00:00,DEV_008,48,80,60
DEV_008_2024-10-30 03:00:00,2024-10-30 03:00:00,DEV_008,33,3,4
DEV_008_2024-10-30 06:00:00,2024-10-30 06:00:00,DEV_008,4,42,9
DEV_008_2024-10-30 09:00:00,2024-10-30 09:00:00,DEV_008,51,17,17
DEV_008_2024-10-30 12:00:00,2024-10-30 12:00:00,DEV_008,97,20,14
DEV_008_2024-10-30 15:00:00,2024-10-30 15:00:00,DEV_008,22,52,27
DEV_008_2024-10-30 18:00:00,2024-10-30 18:00:00,DEV_008,43,3,88
DEV_008_2024-10-30 21:00:00,2024-10-30 21:00:00,DEV_008,94,8,86
DEV_008_2024-10-31 00:00:00,2024-10-31 00:00:00,DEV_008,89,10,29
DEV_008_2024-10-31 03:00:00,2024-10-31 03:00:00,DEV_008,40,65,21
DEV_008_2024-10-31 06:00:00,2024-10-31 06:00:00,DEV_008,24,73,60
DEV_008_2024-10-31 09:00:00,2024-10-31 09:00:00,DEV_008,26,9,20
DEV_008_2024-10-31 12:00:00,2024-10-31 12:00:00,DEV_008,56,99,36
DEV_008_2024-10-31 15:00:00,2024-10-31 15:00:00,DEV_008,36,73,22
DEV_008_2024-10-31 18:00:00,2024-10-31 18:00:00,DEV_008,1,69,73
DEV_008_2024-10-31 21:00:00,2024-10-31 21:00:00,DEV_008,37,83,72
DEV_008_2024-11-01 00:00:00,2024-11-01 00:00:00,DEV_008,96,13,84
DEV_008_2024-11-01 03:00:00,2024-11-01 03:00:00,DEV_008,43,37,94
DEV_008_2024-11-01 06:00:00,2024-11-01 06:00:00,DEV_008,74,95,25
DEV_008_2024-11-01 09:00:00,2024-11-01 09:00:00,DEV_008,93,88,21
DEV_008_2024-11-01 12:00:00,2024-11-01 12:00:00,DEV_008,41,73,42
DEV_008_2024-11-01 15:00:00,2024-11-01 15:00:00,DEV_008,42,2,68
DEV_008_2024-11-01 18:00:00,2024-11-01 18:00:00,DEV_008,8,96,61
DEV_008_2024-11-01 21:00:00,2024-11-01 21:00:00,DEV_008,14,77,21
DEV_008_2024-11-02 00:00:00,2024-11-02 00:00:00,DEV_008,24,50,82
DEV_008_2024-11-02 03:00:00,2024-11-02 03:00:00,DEV_008,45,64,64
DEV_008_2024-11-02 06:00:00,2024-11-02 06:00:00,DEV_008,26,32,57
DEV_008_2024-11-02 09:00:00,2024-11-02 09:00:00,DEV_008,53,33,52
DEV_008_2024-11-02 12:00:00,2024-11-02 12:00:00,DEV_008,95,18,35
DEV_008_2024-11-02 15:00:00,2024-11-02 15:00:00,DEV_008,12,51,89
DEV_008_2024-11-02 18:00:00,2024-11-02 18:00:00,DEV_008,95,10,52
DEV_008_2024-11-02 21:00:00,2024-11-02 21:00:00,DEV_008,34,67,39
DEV_008_2024-11-03 00:00:00,2024-11-03 00:00:00,DEV_008,8,96,29
DEV_008_2024-11-03 03:00:00,2024-11-03 03:00:00,DEV_008,22,84,70
DEV_008_2024-11-03 06:00:00,2024-11-03 06:00:00,DEV_008,61,43,49
DEV_008_2024-11-03 09:00:00,2024-11-03 09:00:00,DEV_008,29,81,31
DEV_008_2024-11-03 12:00:00,2024-11-03 12:00:00,DEV_008,53,34,38
DEV_008_2024-11-03 15:00:00,2024-11-03 15:00:00,DEV_008,57,4,2
DEV_008_2024-11-03 18:00:00,2024-11-03 18:00:00,DEV_008,12,35,70
DEV_008_2024-11-03 21:00:00,2024-11-03 21:00:00,DEV_008,72,21,61
DEV_008_2024-11-04 00:00:00,2024-11-04 00:00:00,DEV_008,35,48,15
DEV_008_2024-11-04 03:00:00,2024-11-04 03:00:00,DEV_008,71,15,6
DEV_008_2024-11-04 06:00:00,2024-11-04 06:00:00,DEV_008,81,68,22
DEV_008_2024-11-04 09:00:00,2024-11-04 09:00:00,DEV_008,32,22,27
DEV_008_2024-11-04 12:00:00,2024-11-04 12:00:00,DEV_008,15,44,86
DEV_008_2024-11-04 15:00:00,2024-11-04 15:00:00,DEV_008,92,9,34
DEV_008_2024-11-04 18:00:00,2024-11-04 18:00:00,DEV_008,73,15,62
DEV_008_2024-11-04 21:00:00,2024-11-04 21:00:00,DEV_008,45,84,72
DEV_008_2024-11-05 00:00:00,2024-11-05 00:00:00,DEV_008,58,92,19
DEV_008_2024-11-05 03:00:00,2024-11-05 03:00:00,DEV_008,16,75,8
DEV_008_2024-11-05 06:00:00,2024-11-05 06:00:00,DEV_008,33,74,18
DEV_008_2024-11-05 09:00:00,2024-11-05 09:00:00,DEV_008,35,43,50
DEV_008_2024-11-05 12:00:00,2024-11-05 12:00:00,DEV_008,3,91,59
DEV_008_2024-11-05 15:00:00,2024-11-05 15:00:00,DEV_008,28,46,64
DEV_008_2024-11-05 18:00:00,2024-11-05 18:00:00,DEV_008,70,47,14
DEV_008_2024-11-05 21:00:00,2024-11-05 21:00:00,DEV_008,7,74,79
DEV_008_2024-11-06 00:00:00,2024-11-06 00:00:00,DEV_008,31,93,81
DEV_008_2024-11-06 03:00:00,2024-11-06 03:00:00,DEV_008,51,29,15
DEV_008_2024-11-06 06:00:00,2024-11-06 06:00:00,DEV_008,90,76,25
DEV_008_2024-11-06 09:00:00,2024-11-06 09:00:00,DEV_008,61,41,69
DEV_008_2024-11-06 12:00:00,2024-11-06 12:00:00,DEV_008,4,57,31
DEV_008_2024-11-06 15:00:00,2024-11-06 15:00:00,DEV_008,3,67,90
DEV_008_2024-11-06 18:00:00,2024-11-06 18:00:00,DEV_008,50,17,60
DEV_008_2024-11-06 21:00:00,2024-11-06 21:00:00,DEV_008,74,66,88
DEV_008_2024-11-07 00:00:00,2024-11-07 00:00:00,DEV_008,75,24,99
DEV_008_2024-11-07 03:00:00,2024-11-07 03:00:00,DEV_008,87,32,87
DEV_008_2024-11-07 06:00:00,2024-11-07 06:00:00,DEV_008,98,19,66
DEV_008_2024-11-07 09:00:00,2024-11-07 09:00:00,DEV_008,60,66,15
DEV_008_2024-11-07 12:00:00,2024-11-07 12:00:00,DEV_008,85,35,69
DEV_008_2024-11-07 15:00:00,2024-11-07 15:00:00,DEV_008,27,88,7
DEV_008_2024-11-07 18:00:00,2024-11-07 18:00:00,DEV_008,6,33,58
DEV_008_2024-11-07 21:00:00,2024-11-07 21:00:00,DEV_008,49,17,42
DEV_008_2024-11-08 00:00:00,2024-11-08 00:00:00,DEV_008,94,72,40
DEV_008_2024-11-08 03:00:00,2024-11-08 03:00:00,DEV_008,46,71,70
DEV_008_2024-11-08 06:00:00,2024-11-08 06:00:00,DEV_008,68,1,79
DEV_008_2024-11-08 09:00:00,2024-11-08 09:00:00,DEV_008,95,89,97
DEV_008_2024-11-08 12:00:00,2024-11-08 12:00:00,DEV_008,52,35,69
DEV_008_2024-11-08 15:00:00,2024-11-08 15:00:00,DEV_008,5,17,53
DEV_008_2024-11-08 18:00:00,2024-11-08 18:00:00,DEV_008,52,14,29
DEV_008_2024-11-08 21:00:00,2024-11-08 21:00:00,DEV_008,8,98,1
DEV_008_2024-11-09 00:00:00,2024-11-09 00:00:00,DEV_008,29,36,51
DEV_008_2024-11-09 03:00:00,2024-11-09 03:00:00,DEV_008,37,93,69
DEV_008_2024-11-09 06:00:00,2024-11-09 06:00:00,DEV_008,53,96,52
DEV_008_2024-11-09 09:00:00,2024-11-09 09:00:00,DEV_008,88,83,12
DEV_008_2024-11-09 12:00:00,2024-11-09 12:00:00,DEV_008,52,1,7
DEV_008_2024-11-09 15:00:00,2024-11-09 15:00:00,DEV_008,17,98,43
DEV_008_2024-11-09 18:00:00,2024-11-09 18:00:00,DEV_008,71,17,59
DEV_008_2024-11-09 21:00:00,2024-11-09 21:00:00,DEV_008,3,29,22
DEV_008_2024-11-10 00:00:00,2024-11-10 00:00:00,DEV_008,38,54,93
DEV_008_2024-11-10 03:00:00,2024-11-10 03:00:00,DEV_008,50,69,30
DEV_008_2024-11-10 06:00:00,2024-11-10 06:00:00,DEV_008,23,85,90
DEV_008_2024-11-10 09:00:00,2024-11-10 09:00:00,DEV_008,47,21,20
DEV_008_2024-11-10 12:00:00,2024-11-10 12:00:00,DEV_008,23,68,21
DEV_008_2024-11-10 15:00:00,2024-11-10 15:00:00,DEV_008,21,1,15
DEV_008_2024-11-10 18:00:00,2024-11-10 18:00:00,DEV_008,17,51,63
DEV_008_2024-11-10 21:00:00,2024-11-10 21:00:00,DEV_008,14,59,83
DEV_008_2024-11-11 00:00:00,2024-11-11 00:00:00,DEV_008,50,34,6
DEV_008_2024-11-11 03:00:00,2024-11-11 03:00:00,DEV_008,49,6,69
DEV_008_2024-11-11 06:00:00,2024-11-11 06:00:00,DEV_008,7,97,77
DEV_008_2024-11-11 09:00:00,2024-11-11 09:00:00,DEV_008,51,1,13
DEV_008_2024-11-11 12:00:00,2024-11-11 12:00:00,DEV_008,43,27,71
DEV_008_2024-11-11 15:00:00,2024-11-11 15:00:00,DEV_008,3,58,89
DEV_008_2024-11-11 18:00:00,2024-11-11 18:00:00,DEV_008,97,17,45
DEV_008_2024-11-11 21:00:00,2024-11-11 21:00:00,DEV_008,78,58,56
DEV_008_2024-11-12 00:00:00,2024-11-12 00:00:00,DEV_008,54,87,88
DEV_008_2024-11-12 03:00:00,2024-11-12 03:00:00,DEV_008,29,54,27
DEV_008_2024-11-12 06:00:00,2024-11-12 06:00:00,DEV_008,45,87,31
DEV_008_2024-11-12 09:00:00,2024-11-12 09:00:00,DEV_008,36,81,61
DEV_008_2024-11-12 12:00:00,2024-11-12 12:00:00,DEV_008,37,67,36
DEV_008_2024-11-12 15:00:00,2024-11-12 15:00:00,DEV_008,5,46,79
DEV_008_2024-11-12 18:00:00,2024-11-12 18:00:00,DEV_008,52,49,6
DEV_008_2024-11-12 21:00:00,2024-11-12 21:00:00,DEV_008,10,96,23
DEV_008_2024-11-13 00:00:00,2024-11-13 00:00:00,DEV_008,17,84,44
DEV_008_2024-11-13 03:00:00,2024-11-13 03:00:00,DEV_008,41,15,44
DEV_008_2024-11-13 06:00:00,2024-11-13 06:00:00,DEV_008,58,86,50
DEV_008_2024-11-13 09:00:00,2024-11-13 09:00:00,DEV_008,52,70,68
DEV_008_2024-11-13 12:00:00,2024-11-13 12:00:00,DEV_008,63,58,23
DEV_008_2024-11-13 15:00:00,2024-11-13 15:00:00,DEV_008,44,83,95
DEV_008_2024-11-13 18:00:00,2024-11-13 18:00:00,DEV_008,44,52,67
DEV_008_2024-11-13 21:00:00,2024-11-13 21:00:00,DEV_008,28,67,78
DEV_008_2024-11-14 00:00:00,2024-11-14 00:00:00,DEV_008,18,27,51
DEV_008_2024-11-14 03:00:00,2024-11-14 03:00:00,DEV_008,60,74,49
DEV_008_2024-11-14 06:00:00,2024-11-14 06:00:00,DEV_008,15,83,73
DEV_008_2024-11-14 09:00:00,2024-11-14 09:00:00,DEV_008,68,15,51
DEV_008_2024-11-14 12:00:00,2024-11-14 12:00:00,DEV_008,48,72,1
DEV_008_2024-11-14 15:00:00,2024-11-14 15:00:00,DEV_008,7,53,31
DEV_008_2024-11-14 18:00:00,2024-11-14 18:00:00,DEV_008,18,12,48
DEV_008_2024-11-14 21:00:00,2024-11-14 21:00:00,DEV_008,30,97,7
DEV_008_2024-11-15 00:00:00,2024-11-15 00:00:00,DEV_008,92,3,63
DEV_008_2024-11-15 03:00:00,2024-11-15 03:00:00,DEV_008,6,95,15
DEV_008_2024-11-15 06:00:00,2024-11-15 06:00:00,DEV_008,71,43,94
DEV_008_2024-11-15 09:00:00,2024-11-15 09:00:00,DEV_008,91,81,18
DEV_008_2024-11-15 12:00:00,2024-11-15 12:00:00,DEV_008,22,61,61
DEV_008_2024-11-15 15:00:00,2024-11-15 15:00:00,DEV_008,53,26,91
DEV_008_2024-11-15 18:00:00,2024-11-15 18:00:00,DEV_008,40,88,8
DEV_008_2024-11-15 21:00:00,2024-11-15 21:00:00,DEV_008,21,93,43
DEV_008_2024-11-16 00:00:00,2024-11-16 00:00:00,DEV_008,21,3,31
DEV_008_2024-11-16 03:00:00,2024-11-16 03:00:00,DEV_008,27,27,73
DEV_008_2024-11-16 06:00:00,2024-11-16 06:00:00,DEV_008,57,97,33
DEV_008_2024-11-16 09:00:00,2024-11-16 09:00:00,DEV_008,90,92,44
DEV_008_2024-11-16 12:00:00,2024-11-16 12:00:00,DEV_008,43,31,65
DEV_008_2024-11-16 15:00:00,2024-11-16 15:00:00,DEV_008,84,76,17
DEV_008_2024-11-16 18:00:00,2024-11-16 18:00:00,DEV_008,15,34,80
DEV_008_2024-11-16 21:00:00,2024-11-16 21:00:00,DEV_008,4,72,98
DEV_008_2024-11-17 00:00:00,2024-11-17 00:00:00,DEV_008,89,79,28
DEV_008_2024-11-17 03:00:00,2024-11-17 03:00:00,DEV_008,73,2,17
DEV_008_2024-11-17 06:00:00,2024-11-17 06:00:00,DEV_008,58,74,9
DEV_008_2024-11-17 09:00:00,2024-11-17 09:00:00,DEV_008,31,66,88
DEV_008_2024-11-17 12:00:00,2024-11-17 12:00:00,DEV_008,62,19,81
DEV_008_2024-11-17 15:00:00,2024-11-17 15:00:00,DEV_008,74,55,28
DEV_008_2024-11-17 18:00:00,2024-11-17 18:00:00,DEV_008,92,50,65
DEV_008_2024-11-17 21:00:00,2024-11-17 21:00:00,DEV_008,3,79,52
DEV_008_2024-11-18 00:00:00,2024-11-18 00:00:00,DEV_008,10,21,37
DEV_008_2024-11-18 03:00:00,2024-11-18 03:00:00,DEV_008,15,87,78
DEV_008_2024-11-18 06:00:00,2024-11-18 06:00:00,DEV_008,79,74,9
DEV_008_2024-11-18 09:00:00,2024-11-18 09:00:00,DEV_008,44,39,5
DEV_008_2024-11-18 12:00:00,2024-11-18 12:00:00,DEV_008,25,56,90
DEV_008_2024-11-18 15:00:00,2024-11-18 15:00:00,DEV_008,64,72,86
DEV_008_2024-11-18 18:00:00,2024-11-18 18:00:00,DEV_008,52,89,76
DEV_008_2024-11-18 21:00:00,2024-11-18 21:00:00,DEV_008,9,10,10
DEV_008_2024-11-19 00:00:00,2024-11-19 00:00:00,DEV_008,73,62,90
DEV_008_2024-11-19 03:00:00,2024-11-19 03:00:00,DEV_008,99,91,60
DEV_008_2024-11-19 06:00:00,2024-11-19 06:00:00,DEV_008,95,19,38
DEV_008_2024-11-19 09:00:00,2024-11-19 09:00:00,DEV_008,6,15,93
DEV_008_2024-11-19 12:00:00,2024-11-19 12:00:00,DEV_008,47,45,5
DEV_008_2024-11-19 15:00:00,2024-11-19 15:00:00,DEV_008,78,53,66
DEV_008_2024-11-19 18:00:00,2024-11-19 18:00:00,DEV_008,62,23,44
DEV_008_2024-11-19 21:00:00,2024-11-19 21:00:00,DEV_008,52,46,19
DEV_008_2024-11-20 00:00:00,2024-11-20 00:00:00,DEV_008,88,84,47
DEV_008_2024-11-20 03:00:00,2024-11-20 03:00:00,DEV_008,91,52,24
DEV_008_2024-11-20 06:00:00,2024-11-20 06:00:00,DEV_008,17,89,46
DEV_008_2024-11-20 09:00:00,2024-11-20 09:00:00,DEV_008,64,95,28
DEV_008_2024-11-20 12:00:00,2024-11-20 12:00:00,DEV_008,50,64,28
DEV_008_2024-11-20 15:00:00,2024-11-20 15:00:00,DEV_008,86,56,59
DEV_008_2024-11-20 18:00:00,2024-11-20 18:00:00,DEV_008,5,54,44
DEV_008_2024-11-20 21:00:00,2024-11-20 21:00:00,DEV_008,42,72,92
DEV_008_2024-11-21 00:00:00,2024-11-21 00:00:00,DEV_008,57,47,76
DEV_008_2024-11-21 03:00:00,2024-11-21 03:00:00,DEV_008,25,44,15
DEV_008_2024-11-21 06:00:00,2024-11-21 06:00:00,DEV_008,51,53,34
DEV_008_2024-11-21 09:00:00,2024-11-21 09:00:00,DEV_008,77,8,77
DEV_008_2024-11-21 12:00:00,2024-11-21 12:00:00,DEV_008,70,96,21
DEV_008_2024-11-21 15:00:00,2024-11-21 15:00:00,DEV_008,7,90,79
DEV_008_2024-11-21 18:00:00,2024-11-21 18:00:00,DEV_008,56,49,42
DEV_008_2024-11-21 21:00:00,2024-11-21 21:00:00,DEV_008,23,52,79
DEV_008_2024-11-22 00:00:00,2024-11-22 00:00:00,DEV_008,53,16,96
DEV_008_2024-11-22 03:00:00,2024-11-22 03:00:00,DEV_008,37,18,20
DEV_008_2024-11-22 06:00:00,2024-11-22 06:00:00,DEV_008,46,2,87
DEV_008_2024-11-22 09:00:00,2024-11-22 09:00:00,DEV_008,94,63,3
DEV_008_2024-11-22 12:00:00,2024-11-22 12:00:00,DEV_008,46,49,1
DEV_008_2024-11-22 15:00:00,2024-11-22 15:00:00,DEV_008,22,93,14
DEV_008_2024-11-22 18:00:00,2024-11-22 18:00:00,DEV_008,92,85,45
DEV_008_2024-11-22 21:00:00,2024-11-22 21:00:00,DEV_008,96,6,65
DEV_008_2024-11-23 00:00:00,2024-11-23 00:00:00,DEV_008,21,4,3
DEV_008_2024-11-23 03:00:00,2024-11-23 03:00:00,DEV_008,30,31,34
DEV_008_2024-11-23 06:00:00,2024-11-23 06:00:00,DEV_008,83,20,87
DEV_008_2024-11-23 09:00:00,2024-11-23 09:00:00,DEV_008,54,25,15
DEV_008_2024-11-23 12:00:00,2024-11-23 12:00:00,DEV_008,38,23,52
DEV_008_2024-11-23 15:00:00,2024-11-23 15:00:00,DEV_008,66,57,57
DEV_008_2024-11-23 18:00:00,2024-11-23 18:00:00,DEV_008,79,52,35
DEV_008_2024-11-23 21:00:00,2024-11-23 21:00:00,DEV_008,74,14,91
DEV_008_2024-11-24 00:00:00,2024-11-24 00:00:00,DEV_008,14,99,33
DEV_008_2024-11-24 03:00:00,2024-11-24 03:00:00,DEV_008,52,1,34
DEV_008_2024-11-24 06:00:00,2024-11-24 06:00:00,DEV_008,19,24,4
DEV_008_2024-11-24 09:00:00,2024-11-24 09:00:00,DEV_008,36,77,58
DEV_008_2024-11-24 12:00:00,2024-11-24 12:00:00,DEV_008,32,9,80
DEV_008_2024-11-24 15:00:00,2024-11-24 15:00:00,DEV_008,67,20,74
DEV_008_2024-11-24 18:00:00,2024-11-24 18:00:00,DEV_008,62,58,22
DEV_008_2024-11-24 21:00:00,2024-11-24 21:00:00,DEV_008,67,75,89
DEV_008_2024-11-25 00:00:00,2024-11-25 00:00:00,DEV_008,48,8,73
DEV_008_2024-11-25 03:00:00,2024-11-25 03:00:00,DEV_008,15,32,53
DEV_008_2024-11-25 06:00:00,2024-11-25 06:00:00,DEV_008,67,4,30
DEV_008_2024-11-25 09:00:00,2024-11-25 09:00:00,DEV_008,13,21,41
DEV_008_2024-11-25 12:00:00,2024-11-25 12:00:00,DEV_008,19,48,86
DEV_008_2024-11-25 15:00:00,2024-11-25 15:00:00,DEV_008,63,20,64
DEV_008_2024-11-25 18:00:00,2024-11-25 18:00:00,DEV_008,37,31,74
DEV_008_2024-11-25 21:00:00,2024-11-25 21:00:00,DEV_008,18,20,82
DEV_008_2024-11-26 00:00:00,2024-11-26 00:00:00,DEV_008,11,86,44
DEV_008_2024-11-26 03:00:00,2024-11-26 03:00:00,DEV_008,82,64,34
DEV_008_2024-11-26 06:00:00,2024-11-26 06:00:00,DEV_008,87,65,55
DEV_008_2024-11-26 09:00:00,2024-11-26 09:00:00,DEV_008,74,1,38
DEV_008_2024-11-26 12:00:00,2024-11-26 12:00:00,DEV_008,9,95,71
DEV_008_2024-11-26 15:00:00,2024-11-26 15:00:00,DEV_008,17,99,52
DEV_008_2024-11-26 18:00:00,2024-11-26 18:00:00,DEV_008,18,63,33
DEV_008_2024-11-26 21:00:00,2024-11-26 21:00:00,DEV_008,4,87,75
DEV_008_2024-11-27 00:00:00,2024-11-27 00:00:00,DEV_008,52,9,64
DEV_008_2024-11-27 03:00:00,2024-11-27 03:00:00,DEV_008,30,8,5
DEV_008_2024-11-27 06:00:00,2024-11-27 06:00:00,DEV_008,76,63,1
DEV_008_2024-11-27 09:00:00,2024-11-27 09:00:00,DEV_008,15,89,82
DEV_008_2024-11-27 12:00:00,2024-11-27 12:00:00,DEV_008,38,42,46
DEV_008_2024-11-27 15:00:00,2024-11-27 15:00:00,DEV_008,53,26,61
DEV_008_2024-11-27 18:00:00,2024-11-27 18:00:00,DEV_008,67,54,22
DEV_008_2024-11-27 21:00:00,2024-11-27 21:00:00,DEV_008,26,83,60
DEV_008_2024-11-28 00:00:00,2024-11-28 00:00:00,DEV_008,39,36,21
DEV_008_2024-11-28 03:00:00,2024-11-28 03:00:00,DEV_008,41,48,26
DEV_008_2024-11-28 06:00:00,2024-11-28 06:00:00,DEV_008,63,77,36
DEV_008_2024-11-28 09:00:00,2024-11-28 09:00:00,DEV_008,24,90,21
DEV_008_2024-11-28 12:00:00,2024-11-28 12:00:00,DEV_008,18,15,79
DEV_008_2024-11-28 15:00:00,2024-11-28 15:00:00,DEV_008,6,43,31
DEV_008_2024-11-28 18:00:00,2024-11-28 18:00:00,DEV_008,28,8,29
DEV_008_2024-11-28 21:00:00,2024-11-28 21:00:00,DEV_008,21,81,88
DEV_008_2024-11-29 00:00:00,2024-11-29 00:00:00,DEV_008,58,60,50
DEV_008_2024-11-29 03:00:00,2024-11-29 03:00:00,DEV_008,31,47,34
DEV_008_2024-11-29 06:00:00,2024-11-29 06:00:00,DEV_008,2,67,94
DEV_008_2024-11-29 09:00:00,2024-11-29 09:00:00,DEV_008,72,52,7
DEV_008_2024-11-29 12:00:00,2024-11-29 12:00:00,DEV_008,76,19,90
DEV_008_2024-11-29 15:00:00,2024-11-29 15:00:00,DEV_008,92,15,78
DEV_008_2024-11-29 18:00:00,2024-11-29 18:00:00,DEV_008,48,14,3
DEV_008_2024-11-29 21:00:00,2024-11-29 21:00:00,DEV_008,50,93,54
DEV_008_2024-11-30 00:00:00,2024-11-30 00:00:00,DEV_008,6,49,23
DEV_008_2024-11-30 03:00:00,2024-11-30 03:00:00,DEV_008,92,78,78
DEV_008_2024-11-30 06:00:00,2024-11-30 06:00:00,DEV_008,20,77,91
DEV_008_2024-11-30 09:00:00,2024-11-30 09:00:00,DEV_008,60,99,45
DEV_008_2024-11-30 12:00:00,2024-11-30 12:00:00,DEV_008,61,56,2
DEV_008_2024-11-30 15:00:00,2024-11-30 15:00:00,DEV_008,45,40,24
DEV_008_2024-11-30 18:00:00,2024-11-30 18:00:00,DEV_008,29,67,68
DEV_008_2024-11-30 21:00:00,2024-11-30 21:00:00,DEV_008,66,84,54
DEV_008_2024-12-01 00:00:00,2024-12-01 00:00:00,DEV_008,53,79,49
DEV_008_2024-12-01 03:00:00,2024-12-01 03:00:00,DEV_008,32,61,42
DEV_008_2024-12-01 06:00:00,2024-12-01 06:00:00,DEV_008,1,63,35
DEV_008_2024-12-01 09:00:00,2024-12-01 09:00:00,DEV_008,51,71,45
DEV_008_2024-12-01 12:00:00,2024-12-01 12:00:00,DEV_008,77,65,14
DEV_008_2024-12-01 15:00:00,2024-12-01 15:00:00,DEV_008,93,3,24
DEV_008_2024-12-01 18:00:00,2024-12-01 18:00:00,DEV_008,65,48,10
DEV_008_2024-12-01 21:00:00,2024-12-01 21:00:00,DEV_008,13,73,14
DEV_008_2024-12-02 00:00:00,2024-12-02 00:00:00,DEV_008,10,40,23
DEV_008_2024-12-02 03:00:00,2024-12-02 03:00:00,DEV_008,99,55,63
DEV_008_2024-12-02 06:00:00,2024-12-02 06:00:00,DEV_008,71,42,99
DEV_008_2024-12-02 09:00:00,2024-12-02 09:00:00,DEV_008,66,79,73
DEV_008_2024-12-02 12:00:00,2024-12-02 12:00:00,DEV_008,47,81,52
DEV_008_2024-12-02 15:00:00,2024-12-02 15:00:00,DEV_008,18,79,18
DEV_008_2024-12-02 18:00:00,2024-12-02 18:00:00,DEV_008,24,23,12
DEV_008_2024-12-02 21:00:00,2024-12-02 21:00:00,DEV_008,23,21,64
DEV_008_2024-12-03 00:00:00,2024-12-03 00:00:00,DEV_008,90,72,94
DEV_008_2024-12-03 03:00:00,2024-12-03 03:00:00,DEV_008,34,2,69
DEV_008_2024-12-03 06:00:00,2024-12-03 06:00:00,DEV_008,31,97,68
DEV_008_2024-12-03 09:00:00,2024-12-03 09:00:00,DEV_008,70,87,19
DEV_008_2024-12-03 12:00:00,2024-12-03 12:00:00,DEV_008,72,13,65
DEV_008_2024-12-03 15:00:00,2024-12-03 15:00:00,DEV_008,6,71,27
DEV_008_2024-12-03 18:00:00,2024-12-03 18:00:00,DEV_008,79,52,98
DEV_008_2024-12-03 21:00:00,2024-12-03 21:00:00,DEV_008,87,48,88
DEV_008_2024-12-04 00:00:00,2024-12-04 00:00:00,DEV_008,79,99,68
DEV_008_2024-12-04 03:00:00,2024-12-04 03:00:00,DEV_008,44,17,95
DEV_008_2024-12-04 06:00:00,2024-12-04 06:00:00,DEV_008,38,10,54
DEV_008_2024-12-04 09:00:00,2024-12-04 09:00:00,DEV_008,91,6,6
DEV_008_2024-12-04 12:00:00,2024-12-04 12:00:00,DEV_008,52,15,68
DEV_008_2024-12-04 15:00:00,2024-12-04 15:00:00,DEV_008,57,56,7
DEV_008_2024-12-04 18:00:00,2024-12-04 18:00:00,DEV_008,51,58,64
DEV_008_2024-12-04 21:00:00,2024-12-04 21:00:00,DEV_008,26,58,31
DEV_008_2024-12-05 00:00:00,2024-12-05 00:00:00,DEV_008,66,92,13
DEV_008_2024-12-05 03:00:00,2024-12-05 03:00:00,DEV_008,18,94,75
DEV_008_2024-12-05 06:00:00,2024-12-05 06:00:00,DEV_008,13,24,57
DEV_008_2024-12-05 09:00:00,2024-12-05 09:00:00,DEV_008,29,56,54
DEV_008_2024-12-05 12:00:00,2024-12-05 12:00:00,DEV_008,5,35,19
DEV_008_2024-12-05 15:00:00,2024-12-05 15:00:00,DEV_008,55,77,69
DEV_008_2024-12-05 18:00:00,2024-12-05 18:00:00,DEV_008,44,78,38
DEV_008_2024-12-05 21:00:00,2024-12-05 21:00:00,DEV_008,62,22,73
DEV_008_2024-12-06 00:00:00,2024-12-06 00:00:00,DEV_008,40,26,5
DEV_008_2024-12-06 03:00:00,2024-12-06 03:00:00,DEV_008,93,54,86
DEV_008_2024-12-06 06:00:00,2024-12-06 06:00:00,DEV_008,49,3,92
DEV_008_2024-12-06 09:00:00,2024-12-06 09:00:00,DEV_008,38,14,47
DEV_008_2024-12-06 12:00:00,2024-12-06 12:00:00,DEV_008,14,75,73
DEV_008_2024-12-06 15:00:00,2024-12-06 15:00:00,DEV_008,38,64,44
DEV_008_2024-12-06 18:00:00,2024-12-06 18:00:00,DEV_008,70,65,25
DEV_008_2024-12-06 21:00:00,2024-12-06 21:00:00,DEV_008,16,15,98
DEV_008_2024-12-07 00:00:00,2024-12-07 00:00:00,DEV_008,81,3,67
DEV_008_2024-12-07 03:00:00,2024-12-07 03:00:00,DEV_008,37,81,55
DEV_008_2024-12-07 06:00:00,2024-12-07 06:00:00,DEV_008,38,63,1
DEV_008_2024-12-07 09:00:00,2024-12-07 09:00:00,DEV_008,71,90,19
DEV_008_2024-12-07 12:00:00,2024-12-07 12:00:00,DEV_008,52,30,55
DEV_008_2024-12-07 15:00:00,2024-12-07 15:00:00,DEV_008,14,13,84
DEV_008_2024-12-07 18:00:00,2024-12-07 18:00:00,DEV_008,90,27,89
DEV_008_2024-12-07 21:00:00,2024-12-07 21:00:00,DEV_008,9,41,48
DEV_008_2024-12-08 00:00:00,2024-12-08 00:00:00,DEV_008,12,10,6
DEV_008_2024-12-08 03:00:00,2024-12-08 03:00:00,DEV_008,34,52,41
DEV_008_2024-12-08 06:00:00,2024-12-08 06:00:00,DEV_008,83,6,2
DEV_008_2024-12-08 09:00:00,2024-12-08 09:00:00,DEV_008,15,17,16
DEV_008_2024-12-08 12:00:00,2024-12-08 12:00:00,DEV_008,28,85,72
DEV_008_2024-12-08 15:00:00,2024-12-08 15:00:00,DEV_008,10,10,10
DEV_008_2024-12-08 18:00:00,2024-12-08 18:00:00,DEV_008,73,28,24
DEV_008_2024-12-08 21:00:00,2024-12-08 21:00:00,DEV_008,19,97,68
DEV_008_2024-12-09 00:00:00,2024-12-09 00:00:00,DEV_008,56,67,42
DEV_008_2024-12-09 03:00:00,2024-12-09 03:00:00,DEV_008,12,18,23
DEV_008_2024-12-09 06:00:00,2024-12-09 06:00:00,DEV_008,84,6,53
DEV_008_2024-12-09 09:00:00,2024-12-09 09:00:00,DEV_008,98,42,66
DEV_008_2024-12-09 12:00:00,2024-12-09 12:00:00,DEV_008,30,9,91
DEV_008_2024-12-09 15:00:00,2024-12-09 15:00:00,DEV_008,42,34,40
DEV_008_2024-12-09 18:00:00,2024-12-09 18:00:00,DEV_008,88,17,29
DEV_008_2024-12-09 21:00:00,2024-12-09 21:00:00,DEV_008,50,76,95
DEV_008_2024-12-10 00:00:00,2024-12-10 00:00:00,DEV_008,49,73,61
DEV_008_2024-12-10 03:00:00,2024-12-10 03:00:00,DEV_008,83,46,46
DEV_008_2024-12-10 06:00:00,2024-12-10 06:00:00,DEV_008,17,66,5
DEV_008_2024-12-10 09:00:00,2024-12-10 09:00:00,DEV_008,54,16,81
DEV_008_2024-12-10 12:00:00,2024-12-10 12:00:00,DEV_008,91,7,8
DEV_008_2024-12-10 15:00:00,2024-12-10 15:00:00,DEV_008,72,87,96
DEV_008_2024-12-10 18:00:00,2024-12-10 18:00:00,DEV_008,82,38,54
DEV_008_2024-12-10 21:00:00,2024-12-10 21:00:00,DEV_008,76,15,92
DEV_008_2024-12-11 00:00:00,2024-12-11 00:00:00,DEV_008,50,56,95
DEV_008_2024-12-11 03:00:00,2024-12-11 03:00:00,DEV_008,9,8,19
DEV_008_2024-12-11 06:00:00,2024-12-11 06:00:00,DEV_008,51,72,98
DEV_008_2024-12-11 09:00:00,2024-12-11 09:00:00,DEV_008,57,68,31
DEV_008_2024-12-11 12:00:00,2024-12-11 12:00:00,DEV_008,3,99,83
DEV_008_2024-12-11 15:00:00,2024-12-11 15:00:00,DEV_008,43,29,10
DEV_008_2024-12-11 18:00:00,2024-12-11 18:00:00,DEV_008,12,46,30
DEV_008_2024-12-11 21:00:00,2024-12-11 21:00:00,DEV_008,94,82,88
DEV_008_2024-12-12 00:00:00,2024-12-12 00:00:00,DEV_008,32,73,47
DEV_008_2024-12-12 03:00:00,2024-12-12 03:00:00,DEV_008,88,63,26
DEV_008_2024-12-12 06:00:00,2024-12-12 06:00:00,DEV_008,3,23,75
DEV_008_2024-12-12 09:00:00,2024-12-12 09:00:00,DEV_008,74,50,36
DEV_008_2024-12-12 12:00:00,2024-12-12 12:00:00,DEV_008,13,29,38
DEV_008_2024-12-12 15:00:00,2024-12-12 15:00:00,DEV_008,77,90,84
DEV_008_2024-12-12 18:00:00,2024-12-12 18:00:00,DEV_008,5,20,78
DEV_008_2024-12-12 21:00:00,2024-12-12 21:00:00,DEV_008,14,8,48
DEV_008_2024-12-13 00:00:00,2024-12-13 00:00:00,DEV_008,13,24,79
DEV_008_2024-12-13 03:00:00,2024-12-13 03:00:00,DEV_008,65,86,34
DEV_008_2024-12-13 06:00:00,2024-12-13 06:00:00,DEV_008,51,3,90
DEV_008_2024-12-13 09:00:00,2024-12-13 09:00:00,DEV_008,78,58,72
DEV_008_2024-12-13 12:00:00,2024-12-13 12:00:00,DEV_008,55,80,42
DEV_008_2024-12-13 15:00:00,2024-12-13 15:00:00,DEV_008,21,10,57
DEV_008_2024-12-13 18:00:00,2024-12-13 18:00:00,DEV_008,25,56,38
DEV_008_2024-12-13 21:00:00,2024-12-13 21:00:00,DEV_008,86,61,47
DEV_008_2024-12-14 00:00:00,2024-12-14 00:00:00,DEV_008,54,46,68
DEV_008_2024-12-14 03:00:00,2024-12-14 03:00:00,DEV_008,4,94,66
DEV_008_2024-12-14 06:00:00,2024-12-14 06:00:00,DEV_008,93,43,62
DEV_008_2024-12-14 09:00:00,2024-12-14 09:00:00,DEV_008,85,85,85
DEV_008_2024-12-14 12:00:00,2024-12-14 12:00:00,DEV_008,4,65,62
DEV_008_2024-12-14 15:00:00,2024-12-14 15:00:00,DEV_008,90,2,9
DEV_008_2024-12-14 18:00:00,2024-12-14 18:00:00,DEV_008,57,45,18
DEV_008_2024-12-14 21:00:00,2024-12-14 21:00:00,DEV_008,48,42,41
DEV_008_2024-12-15 00:00:00,2024-12-15 00:00:00,DEV_008,75,89,90
DEV_008_2024-12-15 03:00:00,2024-12-15 03:00:00,DEV_008,58,42,35
DEV_008_2024-12-15 06:00:00,2024-12-15 06:00:00,DEV_008,38,67,41
DEV_008_2024-12-15 09:00:00,2024-12-15 09:00:00,DEV_008,99,50,86
DEV_008_2024-12-15 12:00:00,2024-12-15 12:00:00,DEV_008,72,79,45
DEV_008_2024-12-15 15:00:00,2024-12-15 15:00:00,DEV_008,71,19,17
DEV_008_2024-12-15 18:00:00,2024-12-15 18:00:00,DEV_008,65,93,77
DEV_008_2024-12-15 21:00:00,2024-12-15 21:00:00,DEV_008,56,93,41
DEV_008_2024-12-16 00:00:00,2024-12-16 00:00:00,DEV_008,42,6,69
DEV_008_2024-12-16 03:00:00,2024-12-16 03:00:00,DEV_008,98,75,73
DEV_008_2024-12-16 06:00:00,2024-12-16 06:00:00,DEV_008,40,41,9
DEV_008_2024-12-16 09:00:00,2024-12-16 09:00:00,DEV_008,8,44,58
DEV_008_2024-12-16 12:00:00,2024-12-16 12:00:00,DEV_008,67,13,19
DEV_008_2024-12-16 15:00:00,2024-12-16 15:00:00,DEV_008,98,96,49
DEV_008_2024-12-16 18:00:00,2024-12-16 18:00:00,DEV_008,80,82,78
DEV_008_2024-12-16 21:00:00,2024-12-16 21:00:00,DEV_008,30,66,77
DEV_008_2024-12-17 00:00:00,2024-12-17 00:00:00,DEV_008,91,59,53
DEV_008_2024-12-17 03:00:00,2024-12-17 03:00:00,DEV_008,52,81,31
DEV_008_2024-12-17 06:00:00,2024-12-17 06:00:00,DEV_008,15,20,5
DEV_008_2024-12-17 09:00:00,2024-12-17 09:00:00,DEV_008,7,18,56
DEV_008_2024-12-17 12:00:00,2024-12-17 12:00:00,DEV_008,75,96,91
DEV_008_2024-12-17 15:00:00,2024-12-17 15:00:00,DEV_008,90,45,28
DEV_008_2024-12-17 18:00:00,2024-12-17 18:00:00,DEV_008,50,2,84
DEV_008_2024-12-17 21:00:00,2024-12-17 21:00:00,DEV_008,68,77,24
DEV_008_2024-12-18 00:00:00,2024-12-18 00:00:00,DEV_008,48,45,93
DEV_008_2024-12-18 03:00:00,2024-12-18 03:00:00,DEV_008,58,36,2
DEV_008_2024-12-18 06:00:00,2024-12-18 06:00:00,DEV_008,18,49,8
DEV_008_2024-12-18 09:00:00,2024-12-18 09:00:00,DEV_008,58,15,17
DEV_008_2024-12-18 12:00:00,2024-12-18 12:00:00,DEV_008,23,66,70
DEV_008_2024-12-18 15:00:00,2024-12-18 15:00:00,DEV_008,93,27,37
DEV_008_2024-12-18 18:00:00,2024-12-18 18:00:00,DEV_008,49,64,34
DEV_008_2024-12-18 21:00:00,2024-12-18 21:00:00,DEV_008,18,64,74
DEV_008_2024-12-19 00:00:00,2024-12-19 00:00:00,DEV_008,44,17,59
DEV_008_2024-12-19 03:00:00,2024-12-19 03:00:00,DEV_008,13,52,60
DEV_008_2024-12-19 06:00:00,2024-12-19 06:00:00,DEV_008,42,91,64
DEV_008_2024-12-19 09:00:00,2024-12-19 09:00:00,DEV_008,66,34,95
DEV_008_2024-12-19 12:00:00,2024-12-19 12:00:00,DEV_008,87,71,64
DEV_008_2024-12-19 15:00:00,2024-12-19 15:00:00,DEV_008,33,12,76
DEV_008_2024-12-19 18:00:00,2024-12-19 18:00:00,DEV_008,19,9,74
DEV_008_2024-12-19 21:00:00,2024-12-19 21:00:00,DEV_008,17,50,39
DEV_008_2024-12-20 00:00:00,2024-12-20 00:00:00,DEV_008,41,10,12
DEV_008_2024-12-20 03:00:00,2024-12-20 03:00:00,DEV_008,79,95,15
DEV_008_2024-12-20 06:00:00,2024-12-20 06:00:00,DEV_008,28,4,36
DEV_008_2024-12-20 09:00:00,2024-12-20 09:00:00,DEV_008,65,98,47
DEV_008_2024-12-20 12:00:00,2024-12-20 12:00:00,DEV_008,81,39,38
DEV_008_2024-12-20 15:00:00,2024-12-20 15:00:00,DEV_008,44,51,97
DEV_008_2024-12-20 18:00:00,2024-12-20 18:00:00,DEV_008,85,26,36
DEV_008_2024-12-20 21:00:00,2024-12-20 21:00:00,DEV_008,69,97,1
DEV_008_2024-12-21 00:00:00,2024-12-21 00:00:00,DEV_008,53,6,37
DEV_008_2024-12-21 03:00:00,2024-12-21 03:00:00,DEV_008,2,69,90
DEV_008_2024-12-21 06:00:00,2024-12-21 06:00:00,DEV_008,41,51,47
DEV_008_2024-12-21 09:00:00,2024-12-21 09:00:00,DEV_008,13,76,69
DEV_008_2024-12-21 12:00:00,2024-12-21 12:00:00,DEV_008,66,59,68
DEV_008_2024-12-21 15:00:00,2024-12-21 15:00:00,DEV_008,59,91,10
DEV_008_2024-12-21 18:00:00,2024-12-21 18:00:00,DEV_008,13,2,90
DEV_008_2024-12-21 21:00:00,2024-12-21 21:00:00,DEV_008,15,46,57
DEV_008_2024-12-22 00:00:00,2024-12-22 00:00:00,DEV_008,10,22,89
DEV_008_2024-12-22 03:00:00,2024-12-22 03:00:00,DEV_008,79,77,8
DEV_008_2024-12-22 06:00:00,2024-12-22 06:00:00,DEV_008,21,85,22
DEV_008_2024-12-22 09:00:00,2024-12-22 09:00:00,DEV_008,97,45,91
DEV_008_2024-12-22 12:00:00,2024-12-22 12:00:00,DEV_008,40,22,30
DEV_008_2024-12-22 15:00:00,2024-12-22 15:00:00,DEV_008,62,73,45
DEV_008_2024-12-22 18:00:00,2024-12-22 18:00:00,DEV_008,35,82,42
DEV_008_2024-12-22 21:00:00,2024-12-22 21:00:00,DEV_008,5,27,70
DEV_008_2024-12-23 00:00:00,2024-12-23 00:00:00,DEV_008,62,32,8
DEV_008_2024-12-23 03:00:00,2024-12-23 03:00:00,DEV_008,85,18,78
DEV_008_2024-12-23 06:00:00,2024-12-23 06:00:00,DEV_008,15,26,53
DEV_008_2024-12-23 09:00:00,2024-12-23 09:00:00,DEV_008,44,32,28
DEV_008_2024-12-23 12:00:00,2024-12-23 12:00:00,DEV_008,39,32,77
DEV_008_2024-12-23 15:00:00,2024-12-23 15:00:00,DEV_008,79,18,70
DEV_008_2024-12-23 18:00:00,2024-12-23 18:00:00,DEV_008,11,32,20
DEV_008_2024-12-23 21:00:00,2024-12-23 21:00:00,DEV_008,97,40,8
DEV_008_2024-12-24 00:00:00,2024-12-24 00:00:00,DEV_008,35,69,99
DEV_008_2024-12-24 03:00:00,2024-12-24 03:00:00,DEV_008,78,21,24
DEV_008_2024-12-24 06:00:00,2024-12-24 06:00:00,DEV_008,17,18,98
DEV_008_2024-12-24 09:00:00,2024-12-24 09:00:00,DEV_008,12,16,4
DEV_008_2024-12-24 12:00:00,2024-12-24 12:00:00,DEV_008,89,34,92
DEV_008_2024-12-24 15:00:00,2024-12-24 15:00:00,DEV_008,46,75,77
DEV_008_2024-12-24 18:00:00,2024-12-24 18:00:00,DEV_008,31,25,74
DEV_008_2024-12-24 21:00:00,2024-12-24 21:00:00,DEV_008,24,65,25
DEV_008_2024-12-25 00:00:00,2024-12-25 00:00:00,DEV_008,28,36,82
DEV_008_2024-12-25 03:00:00,2024-12-25 03:00:00,DEV_008,6,66,67
DEV_008_2024-12-25 06:00:00,2024-12-25 06:00:00,DEV_008,72,95,48
DEV_008_2024-12-25 09:00:00,2024-12-25 09:00:00,DEV_008,83,70,78
DEV_008_2024-12-25 12:00:00,2024-12-25 12:00:00,DEV_008,67,48,65
DEV_008_2024-12-25 15:00:00,2024-12-25 15:00:00,DEV_008,44,94,63
DEV_008_2024-12-25 18:00:00,2024-12-25 18:00:00,DEV_008,46,19,64
DEV_008_2024-12-25 21:00:00,2024-12-25 21:00:00,DEV_008,83,73,71
DEV_008_2024-12-26 00:00:00,2024-12-26 00:00:00,DEV_008,50,63,41
DEV_008_2024-12-26 03:00:00,2024-12-26 03:00:00,DEV_008,7,9,4
DEV_008_2024-12-26 06:00:00,2024-12-26 06:00:00,DEV_008,89,49,76
DEV_008_2024-12-26 09:00:00,2024-12-26 09:00:00,DEV_008,6,82,21
DEV_008_2024-12-26 12:00:00,2024-12-26 12:00:00,DEV_008,15,67,66
DEV_008_2024-12-26 15:00:00,2024-12-26 15:00:00,DEV_008,56,68,32
DEV_008_2024-12-26 18:00:00,2024-12-26 18:00:00,DEV_008,66,29,66
DEV_008_2024-12-26 21:00:00,2024-12-26 21:00:00,DEV_008,34,27,60
DEV_008_2024-12-27 00:00:00,2024-12-27 00:00:00,DEV_008,39,44,82
DEV_008_2024-12-27 03:00:00,2024-12-27 03:00:00,DEV_008,36,19,91
DEV_008_2024-12-27 06:00:00,2024-12-27 06:00:00,DEV_008,45,84,21
DEV_008_2024-12-27 09:00:00,2024-12-27 09:00:00,DEV_008,23,94,89
DEV_008_2024-12-27 12:00:00,2024-12-27 12:00:00,DEV_008,95,27,98
DEV_008_2024-12-27 15:00:00,2024-12-27 15:00:00,DEV_008,72,19,41
DEV_008_2024-12-27 18:00:00,2024-12-27 18:00:00,DEV_008,26,28,64
DEV_008_2024-12-27 21:00:00,2024-12-27 21:00:00,DEV_008,68,95,80
DEV_008_2024-12-28 00:00:00,2024-12-28 00:00:00,DEV_008,51,74,48
DEV_008_2024-12-28 03:00:00,2024-12-28 03:00:00,DEV_008,10,73,39
DEV_008_2024-12-28 06:00:00,2024-12-28 06:00:00,DEV_008,19,64,19
DEV_008_2024-12-28 09:00:00,2024-12-28 09:00:00,DEV_008,76,62,13
DEV_008_2024-12-28 12:00:00,2024-12-28 12:00:00,DEV_008,25,89,92
DEV_008_2024-12-28 15:00:00,2024-12-28 15:00:00,DEV_008,42,39,30
DEV_008_2024-12-28 18:00:00,2024-12-28 18:00:00,DEV_008,5,81,18
DEV_008_2024-12-28 21:00:00,2024-12-28 21:00:00,DEV_008,21,86,50
DEV_008_2024-12-29 00:00:00,2024-12-29 00:00:00,DEV_008,6,50,80
DEV_008_2024-12-29 03:00:00,2024-12-29 03:00:00,DEV_008,66,1,57
DEV_008_2024-12-29 06:00:00,2024-12-29 06:00:00,DEV_008,30,58,52
DEV_008_2024-12-29 09:00:00,2024-12-29 09:00:00,DEV_008,37,48,87
DEV_008_2024-12-29 12:00:00,2024-12-29 12:00:00,DEV_008,1,19,46
DEV_008_2024-12-29 15:00:00,2024-12-29 15:00:00,DEV_008,67,2,56
DEV_008_2024-12-29 18:00:00,2024-12-29 18:00:00,DEV_008,17,92,82
DEV_008_2024-12-29 21:00:00,2024-12-29 21:00:00,DEV_008,97,79,22
DEV_009_2024-09-01 00:00:00,2024-09-01 00:00:00,DEV_009,27,55,32
DEV_009_2024-09-01 01:00:00,2024-09-01 01:00:00,DEV_009,60,83,28
DEV_009_2024-09-01 02:00:00,2024-09-01 02:00:00,DEV_009,28,74,84
DEV_009_2024-09-01 03:00:00,2024-09-01 03:00:00,DEV_009,25,85,78
DEV_009_2024-09-01 04:00:00,2024-09-01 04:00:00,DEV_009,86,26,75
DEV_009_2024-09-01 05:00:00,2024-09-01 05:00:00,DEV_009,71,17,82
DEV_009_2024-09-01 06:00:00,2024-09-01 06:00:00,DEV_009,7,56,64
DEV_009_2024-09-01 07:00:00,2024-09-01 07:00:00,DEV_009,20,38,75
DEV_009_2024-09-01 08:00:00,2024-09-01 08:00:00,DEV_009,58,16,51
DEV_009_2024-09-01 09:00:00,2024-09-01 09:00:00,DEV_009,27,51,75
DEV_009_2024-09-01 10:00:00,2024-09-01 10:00:00,DEV_009,16,87,60
DEV_009_2024-09-01 11:00:00,2024-09-01 11:00:00,DEV_009,76,40,67
DEV_009_2024-09-01 12:00:00,2024-09-01 12:00:00,DEV_009,2,48,52
DEV_009_2024-09-01 13:00:00,2024-09-01 13:00:00,DEV_009,24,93,98
DEV_009_2024-09-01 14:00:00,2024-09-01 14:00:00,DEV_009,84,82,78
DEV_009_2024-09-01 15:00:00,2024-09-01 15:00:00,DEV_009,82,2,65
DEV_009_2024-09-01 16:00:00,2024-09-01 16:00:00,DEV_009,20,34,41
DEV_009_2024-09-01 17:00:00,2024-09-01 17:00:00,DEV_009,41,75,91
DEV_009_2024-09-01 18:00:00,2024-09-01 18:00:00,DEV_009,23,38,44
DEV_009_2024-09-01 19:00:00,2024-09-01 19:00:00,DEV_009,67,62,12
DEV_009_2024-09-01 20:00:00,2024-09-01 20:00:00,DEV_009,30,95,87
DEV_009_2024-09-01 21:00:00,2024-09-01 21:00:00,DEV_009,65,41,20
DEV_009_2024-09-01 22:00:00,2024-09-01 22:00:00,DEV_009,6,75,99
DEV_009_2024-09-01 23:00:00,2024-09-01 23:00:00,DEV_009,4,93,10
DEV_009_2024-09-02 00:00:00,2024-09-02 00:00:00,DEV_009,51,93,38
DEV_009_2024-09-02 01:00:00,2024-09-02 01:00:00,DEV_009,1,8,81
DEV_009_2024-09-02 02:00:00,2024-09-02 02:00:00,DEV_009,83,63,33
DEV_009_2024-09-02 03:00:00,2024-09-02 03:00:00,DEV_009,15,31,21
DEV_009_2024-09-02 04:00:00,2024-09-02 04:00:00,DEV_009,3,66,35
DEV_009_2024-09-02 05:00:00,2024-09-02 05:00:00,DEV_009,41,59,16
DEV_009_2024-09-02 06:00:00,2024-09-02 06:00:00,DEV_009,56,45,59
DEV_009_2024-09-02 07:00:00,2024-09-02 07:00:00,DEV_009,50,85,12
DEV_009_2024-09-02 08:00:00,2024-09-02 08:00:00,DEV_009,92,12,33
DEV_009_2024-09-02 09:00:00,2024-09-02 09:00:00,DEV_009,84,49,21
DEV_009_2024-09-02 10:00:00,2024-09-02 10:00:00,DEV_009,60,52,54
DEV_009_2024-09-02 11:00:00,2024-09-02 11:00:00,DEV_009,39,49,64
DEV_009_2024-09-02 12:00:00,2024-09-02 12:00:00,DEV_009,86,26,71
DEV_009_2024-09-02 13:00:00,2024-09-02 13:00:00,DEV_009,7,72,62
DEV_009_2024-09-02 14:00:00,2024-09-02 14:00:00,DEV_009,90,88,24
DEV_009_2024-09-02 15:00:00,2024-09-02 15:00:00,DEV_009,40,76,47
DEV_009_2024-09-02 16:00:00,2024-09-02 16:00:00,DEV_009,8,54,9
DEV_009_2024-09-02 17:00:00,2024-09-02 17:00:00,DEV_009,3,54,21
DEV_009_2024-09-02 18:00:00,2024-09-02 18:00:00,DEV_009,95,48,47
DEV_009_2024-09-02 19:00:00,2024-09-02 19:00:00,DEV_009,88,68,84
DEV_009_2024-09-02 20:00:00,2024-09-02 20:00:00,DEV_009,63,16,74
DEV_009_2024-09-02 21:00:00,2024-09-02 21:00:00,DEV_009,90,93,5
DEV_009_2024-09-02 22:00:00,2024-09-02 22:00:00,DEV_009,11,29,79
DEV_009_2024-09-02 23:00:00,2024-09-02 23:00:00,DEV_009,70,48,15
DEV_009_2024-09-03 00:00:00,2024-09-03 00:00:00,DEV_009,84,34,60
DEV_009_2024-09-03 01:00:00,2024-09-03 01:00:00,DEV_009,62,2,80
DEV_009_2024-09-03 02:00:00,2024-09-03 02:00:00,DEV_009,19,98,49
DEV_009_2024-09-03 03:00:00,2024-09-03 03:00:00,DEV_009,78,88,28
DEV_009_2024-09-03 04:00:00,2024-09-03 04:00:00,DEV_009,48,96,37
DEV_009_2024-09-03 05:00:00,2024-09-03 05:00:00,DEV_009,74,49,48
DEV_009_2024-09-03 06:00:00,2024-09-03 06:00:00,DEV_009,73,88,29
DEV_009_2024-09-03 07:00:00,2024-09-03 07:00:00,DEV_009,60,29,58
DEV_009_2024-09-03 08:00:00,2024-09-03 08:00:00,DEV_009,48,23,27
DEV_009_2024-09-03 09:00:00,2024-09-03 09:00:00,DEV_009,95,7,49
DEV_009_2024-09-03 10:00:00,2024-09-03 10:00:00,DEV_009,54,68,78
DEV_009_2024-09-03 11:00:00,2024-09-03 11:00:00,DEV_009,42,74,59
DEV_009_2024-09-03 12:00:00,2024-09-03 12:00:00,DEV_009,44,98,26
DEV_009_2024-09-03 13:00:00,2024-09-03 13:00:00,DEV_009,23,73,8
DEV_009_2024-09-03 14:00:00,2024-09-03 14:00:00,DEV_009,53,14,71
DEV_009_2024-09-03 15:00:00,2024-09-03 15:00:00,DEV_009,7,9,3
DEV_009_2024-09-03 16:00:00,2024-09-03 16:00:00,DEV_009,78,17,44
DEV_009_2024-09-03 17:00:00,2024-09-03 17:00:00,DEV_009,86,46,90
DEV_009_2024-09-03 18:00:00,2024-09-03 18:00:00,DEV_009,58,28,14
DEV_009_2024-09-03 19:00:00,2024-09-03 19:00:00,DEV_009,9,26,2
DEV_009_2024-09-03 20:00:00,2024-09-03 20:00:00,DEV_009,75,81,34
DEV_009_2024-09-03 21:00:00,2024-09-03 21:00:00,DEV_009,19,39,82
DEV_009_2024-09-03 22:00:00,2024-09-03 22:00:00,DEV_009,13,5,50
DEV_009_2024-09-03 23:00:00,2024-09-03 23:00:00,DEV_009,23,88,29
DEV_009_2024-09-04 00:00:00,2024-09-04 00:00:00,DEV_009,72,26,79
DEV_009_2024-09-04 01:00:00,2024-09-04 01:00:00,DEV_009,57,1,28
DEV_009_2024-09-04 02:00:00,2024-09-04 02:00:00,DEV_009,62,47,78
DEV_009_2024-09-04 03:00:00,2024-09-04 03:00:00,DEV_009,98,59,31
DEV_009_2024-09-04 04:00:00,2024-09-04 04:00:00,DEV_009,70,49,5
DEV_009_2024-09-04 05:00:00,2024-09-04 05:00:00,DEV_009,31,37,79
DEV_009_2024-09-04 06:00:00,2024-09-04 06:00:00,DEV_009,15,52,69
DEV_009_2024-09-04 07:00:00,2024-09-04 07:00:00,DEV_009,92,97,11
DEV_009_2024-09-04 08:00:00,2024-09-04 08:00:00,DEV_009,43,70,23
DEV_009_2024-09-04 09:00:00,2024-09-04 09:00:00,DEV_009,40,63,2
DEV_009_2024-09-04 10:00:00,2024-09-04 10:00:00,DEV_009,79,87,86
DEV_009_2024-09-04 11:00:00,2024-09-04 11:00:00,DEV_009,73,47,30
DEV_009_2024-09-04 12:00:00,2024-09-04 12:00:00,DEV_009,16,59,47
DEV_009_2024-09-04 13:00:00,2024-09-04 13:00:00,DEV_009,30,9,65
DEV_009_2024-09-04 14:00:00,2024-09-04 14:00:00,DEV_009,59,64,8
DEV_009_2024-09-04 15:00:00,2024-09-04 15:00:00,DEV_009,52,18,91
DEV_009_2024-09-04 16:00:00,2024-09-04 16:00:00,DEV_009,82,96,58
DEV_009_2024-09-04 17:00:00,2024-09-04 17:00:00,DEV_009,49,32,48
DEV_009_2024-09-04 18:00:00,2024-09-04 18:00:00,DEV_009,45,54,85
DEV_009_2024-09-04 19:00:00,2024-09-04 19:00:00,DEV_009,46,96,31
DEV_009_2024-09-04 20:00:00,2024-09-04 20:00:00,DEV_009,37,16,46
DEV_009_2024-09-04 21:00:00,2024-09-04 21:00:00,DEV_009,46,78,88
DEV_009_2024-09-04 22:00:00,2024-09-04 22:00:00,DEV_009,89,61,46
DEV_009_2024-09-04 23:00:00,2024-09-04 23:00:00,DEV_009,51,62,35
DEV_009_2024-09-05 00:00:00,2024-09-05 00:00:00,DEV_009,81,42,45
DEV_009_2024-09-05 01:00:00,2024-09-05 01:00:00,DEV_009,68,75,47
DEV_009_2024-09-05 02:00:00,2024-09-05 02:00:00,DEV_009,79,30,24
DEV_009_2024-09-05 03:00:00,2024-09-05 03:00:00,DEV_009,66,43,34
DEV_009_2024-09-05 04:00:00,2024-09-05 04:00:00,DEV_009,23,61,95
DEV_009_2024-09-05 05:00:00,2024-09-05 05:00:00,DEV_009,37,13,97
DEV_009_2024-09-05 06:00:00,2024-09-05 06:00:00,DEV_009,71,96,7
DEV_009_2024-09-05 07:00:00,2024-09-05 07:00:00,DEV_009,42,38,52
DEV_009_2024-09-05 08:00:00,2024-09-05 08:00:00,DEV_009,44,64,13
DEV_009_2024-09-05 09:00:00,2024-09-05 09:00:00,DEV_009,88,28,96
DEV_009_2024-09-05 10:00:00,2024-09-05 10:00:00,DEV_009,82,98,98
DEV_009_2024-09-05 11:00:00,2024-09-05 11:00:00,DEV_009,1,43,42
DEV_009_2024-09-05 12:00:00,2024-09-05 12:00:00,DEV_009,95,50,60
DEV_009_2024-09-05 13:00:00,2024-09-05 13:00:00,DEV_009,1,51,16
DEV_009_2024-09-05 14:00:00,2024-09-05 14:00:00,DEV_009,39,15,33
DEV_009_2024-09-05 15:00:00,2024-09-05 15:00:00,DEV_009,87,53,98
DEV_009_2024-09-05 16:00:00,2024-09-05 16:00:00,DEV_009,17,89,6
DEV_009_2024-09-05 17:00:00,2024-09-05 17:00:00,DEV_009,31,69,40
DEV_009_2024-09-05 18:00:00,2024-09-05 18:00:00,DEV_009,30,69,76
DEV_009_2024-09-05 19:00:00,2024-09-05 19:00:00,DEV_009,7,13,4
DEV_009_2024-09-05 20:00:00,2024-09-05 20:00:00,DEV_009,50,3,12
DEV_009_2024-09-05 21:00:00,2024-09-05 21:00:00,DEV_009,65,27,50
DEV_009_2024-09-05 22:00:00,2024-09-05 22:00:00,DEV_009,77,17,72
DEV_009_2024-09-05 23:00:00,2024-09-05 23:00:00,DEV_009,32,84,51
DEV_009_2024-09-06 00:00:00,2024-09-06 00:00:00,DEV_009,17,34,35
DEV_009_2024-09-06 01:00:00,2024-09-06 01:00:00,DEV_009,99,24,54
DEV_009_2024-09-06 02:00:00,2024-09-06 02:00:00,DEV_009,18,50,46
DEV_009_2024-09-06 03:00:00,2024-09-06 03:00:00,DEV_009,48,33,87
DEV_009_2024-09-06 04:00:00,2024-09-06 04:00:00,DEV_009,89,27,1
DEV_009_2024-09-06 05:00:00,2024-09-06 05:00:00,DEV_009,85,59,10
DEV_009_2024-09-06 06:00:00,2024-09-06 06:00:00,DEV_009,95,25,84
DEV_009_2024-09-06 07:00:00,2024-09-06 07:00:00,DEV_009,57,66,15
DEV_009_2024-09-06 08:00:00,2024-09-06 08:00:00,DEV_009,28,13,14
DEV_009_2024-09-06 09:00:00,2024-09-06 09:00:00,DEV_009,66,34,99
DEV_009_2024-09-06 10:00:00,2024-09-06 10:00:00,DEV_009,25,54,79
DEV_009_2024-09-06 11:00:00,2024-09-06 11:00:00,DEV_009,12,9,31
DEV_009_2024-09-06 12:00:00,2024-09-06 12:00:00,DEV_009,78,93,53
DEV_009_2024-09-06 13:00:00,2024-09-06 13:00:00,DEV_009,43,38,42
DEV_009_2024-09-06 14:00:00,2024-09-06 14:00:00,DEV_009,72,48,67
DEV_009_2024-09-06 15:00:00,2024-09-06 15:00:00,DEV_009,66,16,83
DEV_009_2024-09-06 16:00:00,2024-09-06 16:00:00,DEV_009,94,16,31
DEV_009_2024-09-06 17:00:00,2024-09-06 17:00:00,DEV_009,58,28,4
DEV_009_2024-09-06 18:00:00,2024-09-06 18:00:00,DEV_009,10,51,18
DEV_009_2024-09-06 19:00:00,2024-09-06 19:00:00,DEV_009,47,32,30
DEV_009_2024-09-06 20:00:00,2024-09-06 20:00:00,DEV_009,36,9,36
DEV_009_2024-09-06 21:00:00,2024-09-06 21:00:00,DEV_009,29,16,92
DEV_009_2024-09-06 22:00:00,2024-09-06 22:00:00,DEV_009,21,64,66
DEV_009_2024-09-06 23:00:00,2024-09-06 23:00:00,DEV_009,59,99,28
DEV_009_2024-09-07 00:00:00,2024-09-07 00:00:00,DEV_009,55,31,33
DEV_009_2024-09-07 01:00:00,2024-09-07 01:00:00,DEV_009,87,60,41
DEV_009_2024-09-07 02:00:00,2024-09-07 02:00:00,DEV_009,81,46,49
DEV_009_2024-09-07 03:00:00,2024-09-07 03:00:00,DEV_009,65,42,23
DEV_009_2024-09-07 04:00:00,2024-09-07 04:00:00,DEV_009,27,89,32
DEV_009_2024-09-07 05:00:00,2024-09-07 05:00:00,DEV_009,83,88,3
DEV_009_2024-09-07 06:00:00,2024-09-07 06:00:00,DEV_009,60,76,99
DEV_009_2024-09-07 07:00:00,2024-09-07 07:00:00,DEV_009,79,17,32
DEV_009_2024-09-07 08:00:00,2024-09-07 08:00:00,DEV_009,7,83,71
DEV_009_2024-09-07 09:00:00,2024-09-07 09:00:00,DEV_009,69,58,40
DEV_009_2024-09-07 10:00:00,2024-09-07 10:00:00,DEV_009,85,48,51
DEV_009_2024-09-07 11:00:00,2024-09-07 11:00:00,DEV_009,57,71,37
DEV_009_2024-09-07 12:00:00,2024-09-07 12:00:00,DEV_009,87,75,74
DEV_009_2024-09-07 13:00:00,2024-09-07 13:00:00,DEV_009,85,55,41
DEV_009_2024-09-07 14:00:00,2024-09-07 14:00:00,DEV_009,97,20,33
DEV_009_2024-09-07 15:00:00,2024-09-07 15:00:00,DEV_009,40,99,34
DEV_009_2024-09-07 16:00:00,2024-09-07 16:00:00,DEV_009,62,91,19
DEV_009_2024-09-07 17:00:00,2024-09-07 17:00:00,DEV_009,43,69,63
DEV_009_2024-09-07 18:00:00,2024-09-07 18:00:00,DEV_009,93,10,13
DEV_009_2024-09-07 19:00:00,2024-09-07 19:00:00,DEV_009,93,5,58
DEV_009_2024-09-07 20:00:00,2024-09-07 20:00:00,DEV_009,59,76,59
DEV_009_2024-09-07 21:00:00,2024-09-07 21:00:00,DEV_009,77,86,15
DEV_009_2024-09-07 22:00:00,2024-09-07 22:00:00,DEV_009,77,1,38
DEV_009_2024-09-07 23:00:00,2024-09-07 23:00:00,DEV_009,53,52,1
DEV_009_2024-09-08 00:00:00,2024-09-08 00:00:00,DEV_009,11,58,40
DEV_009_2024-09-08 01:00:00,2024-09-08 01:00:00,DEV_009,86,99,60
DEV_009_2024-09-08 02:00:00,2024-09-08 02:00:00,DEV_009,44,6,28
DEV_009_2024-09-08 03:00:00,2024-09-08 03:00:00,DEV_009,31,8,5
DEV_009_2024-09-08 04:00:00,2024-09-08 04:00:00,DEV_009,54,17,38
DEV_009_2024-09-08 05:00:00,2024-09-08 05:00:00,DEV_009,9,74,84
DEV_009_2024-09-08 06:00:00,2024-09-08 06:00:00,DEV_009,78,14,26
DEV_009_2024-09-08 07:00:00,2024-09-08 07:00:00,DEV_009,93,62,91
DEV_009_2024-09-08 08:00:00,2024-09-08 08:00:00,DEV_009,25,80,36
DEV_009_2024-09-08 09:00:00,2024-09-08 09:00:00,DEV_009,98,80,33
DEV_009_2024-09-08 10:00:00,2024-09-08 10:00:00,DEV_009,3,87,11
DEV_009_2024-09-08 11:00:00,2024-09-08 11:00:00,DEV_009,58,64,18
DEV_009_2024-09-08 12:00:00,2024-09-08 12:00:00,DEV_009,47,44,93
DEV_009_2024-09-08 13:00:00,2024-09-08 13:00:00,DEV_009,59,50,69
DEV_009_2024-09-08 14:00:00,2024-09-08 14:00:00,DEV_009,88,29,93
DEV_009_2024-09-08 15:00:00,2024-09-08 15:00:00,DEV_009,90,67,2
DEV_009_2024-09-08 16:00:00,2024-09-08 16:00:00,DEV_009,25,19,40
DEV_009_2024-09-08 17:00:00,2024-09-08 17:00:00,DEV_009,2,83,65
DEV_009_2024-09-08 18:00:00,2024-09-08 18:00:00,DEV_009,62,91,54
DEV_009_2024-09-08 19:00:00,2024-09-08 19:00:00,DEV_009,45,49,99
DEV_009_2024-09-08 20:00:00,2024-09-08 20:00:00,DEV_009,69,38,4
DEV_009_2024-09-08 21:00:00,2024-09-08 21:00:00,DEV_009,17,53,85
DEV_009_2024-09-08 22:00:00,2024-09-08 22:00:00,DEV_009,53,31,22
DEV_009_2024-09-08 23:00:00,2024-09-08 23:00:00,DEV_009,11,34,15
DEV_009_2024-09-09 00:00:00,2024-09-09 00:00:00,DEV_009,10,96,53
DEV_009_2024-09-09 01:00:00,2024-09-09 01:00:00,DEV_009,48,31,37
DEV_009_2024-09-09 02:00:00,2024-09-09 02:00:00,DEV_009,28,31,70
DEV_009_2024-09-09 03:00:00,2024-09-09 03:00:00,DEV_009,14,87,16
DEV_009_2024-09-09 04:00:00,2024-09-09 04:00:00,DEV_009,25,39,66
DEV_009_2024-09-09 05:00:00,2024-09-09 05:00:00,DEV_009,38,41,98
DEV_009_2024-09-09 06:00:00,2024-09-09 06:00:00,DEV_009,40,64,89
DEV_009_2024-09-09 07:00:00,2024-09-09 07:00:00,DEV_009,16,82,77
DEV_009_2024-09-09 08:00:00,2024-09-09 08:00:00,DEV_009,59,91,98
DEV_009_2024-09-09 09:00:00,2024-09-09 09:00:00,DEV_009,11,1,13
DEV_009_2024-09-09 10:00:00,2024-09-09 10:00:00,DEV_009,30,69,18
DEV_009_2024-09-09 11:00:00,2024-09-09 11:00:00,DEV_009,78,13,32
DEV_009_2024-09-09 12:00:00,2024-09-09 12:00:00,DEV_009,71,72,50
DEV_009_2024-09-09 13:00:00,2024-09-09 13:00:00,DEV_009,71,80,31
DEV_009_2024-09-09 14:00:00,2024-09-09 14:00:00,DEV_009,51,27,60
DEV_009_2024-09-09 15:00:00,2024-09-09 15:00:00,DEV_009,33,53,93
DEV_009_2024-09-09 16:00:00,2024-09-09 16:00:00,DEV_009,72,33,41
DEV_009_2024-09-09 17:00:00,2024-09-09 17:00:00,DEV_009,19,85,41
DEV_009_2024-09-09 18:00:00,2024-09-09 18:00:00,DEV_009,85,89,42
DEV_009_2024-09-09 19:00:00,2024-09-09 19:00:00,DEV_009,23,75,33
DEV_009_2024-09-09 20:00:00,2024-09-09 20:00:00,DEV_009,20,25,90
DEV_009_2024-09-09 21:00:00,2024-09-09 21:00:00,DEV_009,52,12,32
DEV_009_2024-09-09 22:00:00,2024-09-09 22:00:00,DEV_009,33,74,68
DEV_009_2024-09-09 23:00:00,2024-09-09 23:00:00,DEV_009,15,51,6
DEV_009_2024-09-10 00:00:00,2024-09-10 00:00:00,DEV_009,91,69,69
DEV_009_2024-09-10 01:00:00,2024-09-10 01:00:00,DEV_009,82,92,35
DEV_009_2024-09-10 02:00:00,2024-09-10 02:00:00,DEV_009,86,34,63
DEV_009_2024-09-10 03:00:00,2024-09-10 03:00:00,DEV_009,68,18,26
DEV_009_2024-09-10 04:00:00,2024-09-10 04:00:00,DEV_009,86,97,61
DEV_009_2024-09-10 05:00:00,2024-09-10 05:00:00,DEV_009,78,95,74
DEV_009_2024-09-10 06:00:00,2024-09-10 06:00:00,DEV_009,88,85,48
DEV_009_2024-09-10 07:00:00,2024-09-10 07:00:00,DEV_009,72,96,31
DEV_009_2024-09-10 08:00:00,2024-09-10 08:00:00,DEV_009,34,87,89
DEV_009_2024-09-10 09:00:00,2024-09-10 09:00:00,DEV_009,7,83,7
DEV_009_2024-09-10 10:00:00,2024-09-10 10:00:00,DEV_009,47,8,78
DEV_009_2024-09-10 11:00:00,2024-09-10 11:00:00,DEV_009,1,77,3
DEV_009_2024-09-10 12:00:00,2024-09-10 12:00:00,DEV_009,53,92,38
DEV_009_2024-09-10 13:00:00,2024-09-10 13:00:00,DEV_009,51,15,67
DEV_009_2024-09-10 14:00:00,2024-09-10 14:00:00,DEV_009,64,68,5
DEV_009_2024-09-10 15:00:00,2024-09-10 15:00:00,DEV_009,90,89,10
DEV_009_2024-09-10 16:00:00,2024-09-10 16:00:00,DEV_009,8,12,64
DEV_009_2024-09-10 17:00:00,2024-09-10 17:00:00,DEV_009,59,67,91
DEV_009_2024-09-10 18:00:00,2024-09-10 18:00:00,DEV_009,50,23,40
DEV_009_2024-09-10 19:00:00,2024-09-10 19:00:00,DEV_009,97,78,87
DEV_009_2024-09-10 20:00:00,2024-09-10 20:00:00,DEV_009,95,77,76
DEV_009_2024-09-10 21:00:00,2024-09-10 21:00:00,DEV_009,99,18,21
DEV_009_2024-09-10 22:00:00,2024-09-10 22:00:00,DEV_009,1,38,41
DEV_009_2024-09-10 23:00:00,2024-09-10 23:00:00,DEV_009,42,9,23
DEV_009_2024-09-11 00:00:00,2024-09-11 00:00:00,DEV_009,78,11,71
DEV_009_2024-09-11 01:00:00,2024-09-11 01:00:00,DEV_009,31,88,26
DEV_009_2024-09-11 02:00:00,2024-09-11 02:00:00,DEV_009,30,34,46
DEV_009_2024-09-11 03:00:00,2024-09-11 03:00:00,DEV_009,69,5,61
DEV_009_2024-09-11 04:00:00,2024-09-11 04:00:00,DEV_009,83,38,28
DEV_009_2024-09-11 05:00:00,2024-09-11 05:00:00,DEV_009,26,61,23
DEV_009_2024-09-11 06:00:00,2024-09-11 06:00:00,DEV_009,46,30,67
DEV_009_2024-09-11 07:00:00,2024-09-11 07:00:00,DEV_009,92,33,3
DEV_009_2024-09-11 08:00:00,2024-09-11 08:00:00,DEV_009,69,83,42
DEV_009_2024-09-11 09:00:00,2024-09-11 09:00:00,DEV_009,62,58,57
DEV_009_2024-09-11 10:00:00,2024-09-11 10:00:00,DEV_009,1,73,60
DEV_009_2024-09-11 11:00:00,2024-09-11 11:00:00,DEV_009,69,59,46
DEV_009_2024-09-11 12:00:00,2024-09-11 12:00:00,DEV_009,34,97,25
DEV_009_2024-09-11 13:00:00,2024-09-11 13:00:00,DEV_009,42,29,25
DEV_009_2024-09-11 14:00:00,2024-09-11 14:00:00,DEV_009,54,73,67
DEV_009_2024-09-11 15:00:00,2024-09-11 15:00:00,DEV_009,15,4,38
DEV_009_2024-09-11 16:00:00,2024-09-11 16:00:00,DEV_009,20,23,37
DEV_009_2024-09-11 17:00:00,2024-09-11 17:00:00,DEV_009,62,8,37
DEV_009_2024-09-11 18:00:00,2024-09-11 18:00:00,DEV_009,45,97,33
DEV_009_2024-09-11 19:00:00,2024-09-11 19:00:00,DEV_009,7,22,5
DEV_009_2024-09-11 20:00:00,2024-09-11 20:00:00,DEV_009,15,21,89
DEV_009_2024-09-11 21:00:00,2024-09-11 21:00:00,DEV_009,17,56,50
DEV_009_2024-09-11 22:00:00,2024-09-11 22:00:00,DEV_009,7,50,60
DEV_009_2024-09-11 23:00:00,2024-09-11 23:00:00,DEV_009,83,7,40
DEV_009_2024-09-12 00:00:00,2024-09-12 00:00:00,DEV_009,45,59,88
DEV_009_2024-09-12 01:00:00,2024-09-12 01:00:00,DEV_009,75,55,64
DEV_009_2024-09-12 02:00:00,2024-09-12 02:00:00,DEV_009,65,54,96
DEV_009_2024-09-12 03:00:00,2024-09-12 03:00:00,DEV_009,40,53,44
DEV_009_2024-09-12 04:00:00,2024-09-12 04:00:00,DEV_009,63,2,79
DEV_009_2024-09-12 05:00:00,2024-09-12 05:00:00,DEV_009,21,88,50
DEV_009_2024-09-12 06:00:00,2024-09-12 06:00:00,DEV_009,81,52,9
DEV_009_2024-09-12 07:00:00,2024-09-12 07:00:00,DEV_009,99,20,83
DEV_009_2024-09-12 08:00:00,2024-09-12 08:00:00,DEV_009,18,84,30
DEV_009_2024-09-12 09:00:00,2024-09-12 09:00:00,DEV_009,65,24,88
DEV_009_2024-09-12 10:00:00,2024-09-12 10:00:00,DEV_009,47,83,94
DEV_009_2024-09-12 11:00:00,2024-09-12 11:00:00,DEV_009,90,44,29
DEV_009_2024-09-12 12:00:00,2024-09-12 12:00:00,DEV_009,77,68,17
DEV_009_2024-09-12 13:00:00,2024-09-12 13:00:00,DEV_009,97,5,92
DEV_009_2024-09-12 14:00:00,2024-09-12 14:00:00,DEV_009,88,81,50
DEV_009_2024-09-12 15:00:00,2024-09-12 15:00:00,DEV_009,40,46,51
DEV_009_2024-09-12 16:00:00,2024-09-12 16:00:00,DEV_009,11,12,13
DEV_009_2024-09-12 17:00:00,2024-09-12 17:00:00,DEV_009,64,8,65
DEV_009_2024-09-12 18:00:00,2024-09-12 18:00:00,DEV_009,9,92,2
DEV_009_2024-09-12 19:00:00,2024-09-12 19:00:00,DEV_009,78,13,2
DEV_009_2024-09-12 20:00:00,2024-09-12 20:00:00,DEV_009,68,76,48
DEV_009_2024-09-12 21:00:00,2024-09-12 21:00:00,DEV_009,74,3,68
DEV_009_2024-09-12 22:00:00,2024-09-12 22:00:00,DEV_009,6,87,5
DEV_009_2024-09-12 23:00:00,2024-09-12 23:00:00,DEV_009,3,10,43
DEV_009_2024-09-13 00:00:00,2024-09-13 00:00:00,DEV_009,19,14,21
DEV_009_2024-09-13 01:00:00,2024-09-13 01:00:00,DEV_009,43,28,21
DEV_009_2024-09-13 02:00:00,2024-09-13 02:00:00,DEV_009,36,24,54
DEV_009_2024-09-13 03:00:00,2024-09-13 03:00:00,DEV_009,38,17,22
DEV_009_2024-09-13 04:00:00,2024-09-13 04:00:00,DEV_009,83,45,74
DEV_009_2024-09-13 05:00:00,2024-09-13 05:00:00,DEV_009,61,11,61
DEV_009_2024-09-13 06:00:00,2024-09-13 06:00:00,DEV_009,38,66,33
DEV_009_2024-09-13 07:00:00,2024-09-13 07:00:00,DEV_009,43,31,35
DEV_009_2024-09-13 08:00:00,2024-09-13 08:00:00,DEV_009,37,47,23
DEV_009_2024-09-13 09:00:00,2024-09-13 09:00:00,DEV_009,36,40,90
DEV_009_2024-09-13 10:00:00,2024-09-13 10:00:00,DEV_009,89,81,15
DEV_009_2024-09-13 11:00:00,2024-09-13 11:00:00,DEV_009,37,4,22
DEV_009_2024-09-13 12:00:00,2024-09-13 12:00:00,DEV_009,81,22,81
DEV_009_2024-09-13 13:00:00,2024-09-13 13:00:00,DEV_009,78,78,17
DEV_009_2024-09-13 14:00:00,2024-09-13 14:00:00,DEV_009,72,98,90
DEV_009_2024-09-13 15:00:00,2024-09-13 15:00:00,DEV_009,94,86,80
DEV_009_2024-09-13 16:00:00,2024-09-13 16:00:00,DEV_009,94,80,38
DEV_009_2024-09-13 17:00:00,2024-09-13 17:00:00,DEV_009,24,99,6
DEV_009_2024-09-13 18:00:00,2024-09-13 18:00:00,DEV_009,68,82,6
DEV_009_2024-09-13 19:00:00,2024-09-13 19:00:00,DEV_009,26,91,41
DEV_009_2024-09-13 20:00:00,2024-09-13 20:00:00,DEV_009,75,38,80
DEV_009_2024-09-13 21:00:00,2024-09-13 21:00:00,DEV_009,83,43,53
DEV_009_2024-09-13 22:00:00,2024-09-13 22:00:00,DEV_009,15,90,56
DEV_009_2024-09-13 23:00:00,2024-09-13 23:00:00,DEV_009,56,31,83
DEV_009_2024-09-14 00:00:00,2024-09-14 00:00:00,DEV_009,57,51,24
DEV_009_2024-09-14 01:00:00,2024-09-14 01:00:00,DEV_009,58,73,87
DEV_009_2024-09-14 02:00:00,2024-09-14 02:00:00,DEV_009,4,10,63
DEV_009_2024-09-14 03:00:00,2024-09-14 03:00:00,DEV_009,73,83,15
DEV_009_2024-09-14 04:00:00,2024-09-14 04:00:00,DEV_009,98,63,19
DEV_009_2024-09-14 05:00:00,2024-09-14 05:00:00,DEV_009,63,56,21
DEV_009_2024-09-14 06:00:00,2024-09-14 06:00:00,DEV_009,34,17,18
DEV_009_2024-09-14 07:00:00,2024-09-14 07:00:00,DEV_009,81,66,51
DEV_009_2024-09-14 08:00:00,2024-09-14 08:00:00,DEV_009,65,43,57
DEV_009_2024-09-14 09:00:00,2024-09-14 09:00:00,DEV_009,10,37,48
DEV_009_2024-09-14 10:00:00,2024-09-14 10:00:00,DEV_009,69,56,76
DEV_009_2024-09-14 11:00:00,2024-09-14 11:00:00,DEV_009,36,31,55
DEV_009_2024-09-14 12:00:00,2024-09-14 12:00:00,DEV_009,38,73,90
DEV_009_2024-09-14 13:00:00,2024-09-14 13:00:00,DEV_009,15,16,77
DEV_009_2024-09-14 14:00:00,2024-09-14 14:00:00,DEV_009,89,94,53
DEV_009_2024-09-14 15:00:00,2024-09-14 15:00:00,DEV_009,56,7,57
DEV_009_2024-09-14 16:00:00,2024-09-14 16:00:00,DEV_009,55,52,4
DEV_009_2024-09-14 17:00:00,2024-09-14 17:00:00,DEV_009,43,40,30
DEV_009_2024-09-14 18:00:00,2024-09-14 18:00:00,DEV_009,10,94,7
DEV_009_2024-09-14 19:00:00,2024-09-14 19:00:00,DEV_009,36,35,88
DEV_009_2024-09-14 20:00:00,2024-09-14 20:00:00,DEV_009,39,36,20
DEV_009_2024-09-14 21:00:00,2024-09-14 21:00:00,DEV_009,49,96,59
DEV_009_2024-09-14 22:00:00,2024-09-14 22:00:00,DEV_009,49,90,26
DEV_009_2024-09-14 23:00:00,2024-09-14 23:00:00,DEV_009,36,43,99
DEV_009_2024-09-15 00:00:00,2024-09-15 00:00:00,DEV_009,43,99,76
DEV_009_2024-09-15 01:00:00,2024-09-15 01:00:00,DEV_009,33,78,97
DEV_009_2024-09-15 02:00:00,2024-09-15 02:00:00,DEV_009,45,45,88
DEV_009_2024-09-15 03:00:00,2024-09-15 03:00:00,DEV_009,15,95,17
DEV_009_2024-09-15 04:00:00,2024-09-15 04:00:00,DEV_009,12,22,23
DEV_009_2024-09-15 05:00:00,2024-09-15 05:00:00,DEV_009,90,78,12
DEV_009_2024-09-15 06:00:00,2024-09-15 06:00:00,DEV_009,68,51,13
DEV_009_2024-09-15 07:00:00,2024-09-15 07:00:00,DEV_009,57,55,82
DEV_009_2024-09-15 08:00:00,2024-09-15 08:00:00,DEV_009,28,44,19
DEV_009_2024-09-15 09:00:00,2024-09-15 09:00:00,DEV_009,46,3,83
DEV_009_2024-09-15 10:00:00,2024-09-15 10:00:00,DEV_009,20,25,75
DEV_009_2024-09-15 11:00:00,2024-09-15 11:00:00,DEV_009,56,81,61
DEV_009_2024-09-15 12:00:00,2024-09-15 12:00:00,DEV_009,55,35,78
DEV_009_2024-09-15 13:00:00,2024-09-15 13:00:00,DEV_009,59,39,57
DEV_009_2024-09-15 14:00:00,2024-09-15 14:00:00,DEV_009,83,67,34
DEV_009_2024-09-15 15:00:00,2024-09-15 15:00:00,DEV_009,41,22,27
DEV_009_2024-09-15 16:00:00,2024-09-15 16:00:00,DEV_009,21,41,31
DEV_009_2024-09-15 17:00:00,2024-09-15 17:00:00,DEV_009,27,37,66
DEV_009_2024-09-15 18:00:00,2024-09-15 18:00:00,DEV_009,54,9,83
DEV_009_2024-09-15 19:00:00,2024-09-15 19:00:00,DEV_009,42,36,10
DEV_009_2024-09-15 20:00:00,2024-09-15 20:00:00,DEV_009,59,40,54
DEV_009_2024-09-15 21:00:00,2024-09-15 21:00:00,DEV_009,39,7,4
DEV_009_2024-09-15 22:00:00,2024-09-15 22:00:00,DEV_009,15,76,48
DEV_009_2024-09-15 23:00:00,2024-09-15 23:00:00,DEV_009,6,73,35
DEV_009_2024-09-16 00:00:00,2024-09-16 00:00:00,DEV_009,72,71,68
DEV_009_2024-09-16 01:00:00,2024-09-16 01:00:00,DEV_009,58,77,19
DEV_009_2024-09-16 02:00:00,2024-09-16 02:00:00,DEV_009,62,71,10
DEV_009_2024-09-16 03:00:00,2024-09-16 03:00:00,DEV_009,25,44,99
DEV_009_2024-09-16 04:00:00,2024-09-16 04:00:00,DEV_009,58,25,93
DEV_009_2024-09-16 05:00:00,2024-09-16 05:00:00,DEV_009,76,40,76
DEV_009_2024-09-16 06:00:00,2024-09-16 06:00:00,DEV_009,70,10,66
DEV_009_2024-09-16 07:00:00,2024-09-16 07:00:00,DEV_009,25,71,87
DEV_009_2024-09-16 08:00:00,2024-09-16 08:00:00,DEV_009,11,36,49
DEV_009_2024-09-16 09:00:00,2024-09-16 09:00:00,DEV_009,48,87,7
DEV_009_2024-09-16 10:00:00,2024-09-16 10:00:00,DEV_009,91,77,51
DEV_009_2024-09-16 11:00:00,2024-09-16 11:00:00,DEV_009,17,32,26
DEV_009_2024-09-16 12:00:00,2024-09-16 12:00:00,DEV_009,22,13,12
DEV_009_2024-09-16 13:00:00,2024-09-16 13:00:00,DEV_009,71,1,33
DEV_009_2024-09-16 14:00:00,2024-09-16 14:00:00,DEV_009,14,64,43
DEV_009_2024-09-16 15:00:00,2024-09-16 15:00:00,DEV_009,58,41,81
DEV_009_2024-09-16 16:00:00,2024-09-16 16:00:00,DEV_009,68,39,1
DEV_009_2024-09-16 17:00:00,2024-09-16 17:00:00,DEV_009,41,45,88
DEV_009_2024-09-16 18:00:00,2024-09-16 18:00:00,DEV_009,98,98,88
DEV_009_2024-09-16 19:00:00,2024-09-16 19:00:00,DEV_009,79,81,13
DEV_009_2024-09-16 20:00:00,2024-09-16 20:00:00,DEV_009,71,9,63
DEV_009_2024-09-16 21:00:00,2024-09-16 21:00:00,DEV_009,99,23,54
DEV_009_2024-09-16 22:00:00,2024-09-16 22:00:00,DEV_009,47,39,87
DEV_009_2024-09-16 23:00:00,2024-09-16 23:00:00,DEV_009,26,1,14
DEV_009_2024-09-17 00:00:00,2024-09-17 00:00:00,DEV_009,96,74,65
DEV_009_2024-09-17 01:00:00,2024-09-17 01:00:00,DEV_009,69,67,49
DEV_009_2024-09-17 02:00:00,2024-09-17 02:00:00,DEV_009,50,58,53
DEV_009_2024-09-17 03:00:00,2024-09-17 03:00:00,DEV_009,91,57,86
DEV_009_2024-09-17 04:00:00,2024-09-17 04:00:00,DEV_009,18,16,2
DEV_009_2024-09-17 05:00:00,2024-09-17 05:00:00,DEV_009,13,45,80
DEV_009_2024-09-17 06:00:00,2024-09-17 06:00:00,DEV_009,72,43,72
DEV_009_2024-09-17 07:00:00,2024-09-17 07:00:00,DEV_009,54,74,97
DEV_009_2024-09-17 08:00:00,2024-09-17 08:00:00,DEV_009,31,76,9
DEV_009_2024-09-17 09:00:00,2024-09-17 09:00:00,DEV_009,73,48,18
DEV_009_2024-09-17 10:00:00,2024-09-17 10:00:00,DEV_009,94,96,87
DEV_009_2024-09-17 11:00:00,2024-09-17 11:00:00,DEV_009,11,62,84
DEV_009_2024-09-17 12:00:00,2024-09-17 12:00:00,DEV_009,19,90,74
DEV_009_2024-09-17 13:00:00,2024-09-17 13:00:00,DEV_009,24,13,46
DEV_009_2024-09-17 14:00:00,2024-09-17 14:00:00,DEV_009,53,98,29
DEV_009_2024-09-17 15:00:00,2024-09-17 15:00:00,DEV_009,36,71,94
DEV_009_2024-09-17 16:00:00,2024-09-17 16:00:00,DEV_009,17,48,77
DEV_009_2024-09-17 17:00:00,2024-09-17 17:00:00,DEV_009,24,54,95
DEV_009_2024-09-17 18:00:00,2024-09-17 18:00:00,DEV_009,91,85,1
DEV_009_2024-09-17 19:00:00,2024-09-17 19:00:00,DEV_009,79,67,6
DEV_009_2024-09-17 20:00:00,2024-09-17 20:00:00,DEV_009,78,55,38
DEV_009_2024-09-17 21:00:00,2024-09-17 21:00:00,DEV_009,33,8,90
DEV_009_2024-09-17 22:00:00,2024-09-17 22:00:00,DEV_009,79,78,20
DEV_009_2024-09-17 23:00:00,2024-09-17 23:00:00,DEV_009,55,48,83
DEV_009_2024-09-18 00:00:00,2024-09-18 00:00:00,DEV_009,56,97,88
DEV_009_2024-09-18 01:00:00,2024-09-18 01:00:00,DEV_009,10,52,50
DEV_009_2024-09-18 02:00:00,2024-09-18 02:00:00,DEV_009,34,36,61
DEV_009_2024-09-18 03:00:00,2024-09-18 03:00:00,DEV_009,16,79,18
DEV_009_2024-09-18 04:00:00,2024-09-18 04:00:00,DEV_009,71,47,86
DEV_009_2024-09-18 05:00:00,2024-09-18 05:00:00,DEV_009,32,43,83
DEV_009_2024-09-18 06:00:00,2024-09-18 06:00:00,DEV_009,40,65,35
DEV_009_2024-09-18 07:00:00,2024-09-18 07:00:00,DEV_009,69,50,12
DEV_009_2024-09-18 08:00:00,2024-09-18 08:00:00,DEV_009,76,85,58
DEV_009_2024-09-18 09:00:00,2024-09-18 09:00:00,DEV_009,83,63,73
DEV_009_2024-09-18 10:00:00,2024-09-18 10:00:00,DEV_009,49,36,54
DEV_009_2024-09-18 11:00:00,2024-09-18 11:00:00,DEV_009,47,32,99
DEV_009_2024-09-18 12:00:00,2024-09-18 12:00:00,DEV_009,95,53,32
DEV_009_2024-09-18 13:00:00,2024-09-18 13:00:00,DEV_009,62,37,96
DEV_009_2024-09-18 14:00:00,2024-09-18 14:00:00,DEV_009,38,30,58
DEV_009_2024-09-18 15:00:00,2024-09-18 15:00:00,DEV_009,32,66,51
DEV_009_2024-09-18 16:00:00,2024-09-18 16:00:00,DEV_009,11,59,20
DEV_009_2024-09-18 17:00:00,2024-09-18 17:00:00,DEV_009,37,73,49
DEV_009_2024-09-18 18:00:00,2024-09-18 18:00:00,DEV_009,19,55,40
DEV_009_2024-09-18 19:00:00,2024-09-18 19:00:00,DEV_009,7,5,42
DEV_009_2024-09-18 20:00:00,2024-09-18 20:00:00,DEV_009,88,48,7
DEV_009_2024-09-18 21:00:00,2024-09-18 21:00:00,DEV_009,11,73,49
DEV_009_2024-09-18 22:00:00,2024-09-18 22:00:00,DEV_009,30,41,3
DEV_009_2024-09-18 23:00:00,2024-09-18 23:00:00,DEV_009,86,40,51
DEV_009_2024-09-19 00:00:00,2024-09-19 00:00:00,DEV_009,84,32,48
DEV_009_2024-09-19 01:00:00,2024-09-19 01:00:00,DEV_009,71,71,20
DEV_009_2024-09-19 02:00:00,2024-09-19 02:00:00,DEV_009,89,35,24
DEV_009_2024-09-19 03:00:00,2024-09-19 03:00:00,DEV_009,40,77,52
DEV_009_2024-09-19 04:00:00,2024-09-19 04:00:00,DEV_009,39,68,61
DEV_009_2024-09-19 05:00:00,2024-09-19 05:00:00,DEV_009,76,81,65
DEV_009_2024-09-19 06:00:00,2024-09-19 06:00:00,DEV_009,62,81,2
DEV_009_2024-09-19 07:00:00,2024-09-19 07:00:00,DEV_009,6,75,43
DEV_009_2024-09-19 08:00:00,2024-09-19 08:00:00,DEV_009,82,40,89
DEV_009_2024-09-19 09:00:00,2024-09-19 09:00:00,DEV_009,39,28,80
DEV_009_2024-09-19 10:00:00,2024-09-19 10:00:00,DEV_009,63,64,12
DEV_009_2024-09-19 11:00:00,2024-09-19 11:00:00,DEV_009,41,29,23
DEV_009_2024-09-19 12:00:00,2024-09-19 12:00:00,DEV_009,85,80,51
DEV_009_2024-09-19 13:00:00,2024-09-19 13:00:00,DEV_009,45,90,22
DEV_009_2024-09-19 14:00:00,2024-09-19 14:00:00,DEV_009,10,7,73
DEV_009_2024-09-19 15:00:00,2024-09-19 15:00:00,DEV_009,89,15,77
DEV_009_2024-09-19 16:00:00,2024-09-19 16:00:00,DEV_009,46,90,85
DEV_009_2024-09-19 17:00:00,2024-09-19 17:00:00,DEV_009,87,61,92
DEV_009_2024-09-19 18:00:00,2024-09-19 18:00:00,DEV_009,61,51,38
DEV_009_2024-09-19 19:00:00,2024-09-19 19:00:00,DEV_009,12,88,77
DEV_009_2024-09-19 20:00:00,2024-09-19 20:00:00,DEV_009,66,54,39
DEV_009_2024-09-19 21:00:00,2024-09-19 21:00:00,DEV_009,76,39,78
DEV_009_2024-09-19 22:00:00,2024-09-19 22:00:00,DEV_009,30,48,83
DEV_009_2024-09-19 23:00:00,2024-09-19 23:00:00,DEV_009,31,25,68
DEV_009_2024-09-20 00:00:00,2024-09-20 00:00:00,DEV_009,51,13,63
DEV_009_2024-09-20 01:00:00,2024-09-20 01:00:00,DEV_009,42,54,67
DEV_009_2024-09-20 02:00:00,2024-09-20 02:00:00,DEV_009,80,90,56
DEV_009_2024-09-20 03:00:00,2024-09-20 03:00:00,DEV_009,19,46,15
DEV_009_2024-09-20 04:00:00,2024-09-20 04:00:00,DEV_009,32,49,21
DEV_009_2024-09-20 05:00:00,2024-09-20 05:00:00,DEV_009,65,70,27
DEV_009_2024-09-20 06:00:00,2024-09-20 06:00:00,DEV_009,23,47,95
DEV_009_2024-09-20 07:00:00,2024-09-20 07:00:00,DEV_009,12,85,66
DEV_009_2024-09-20 08:00:00,2024-09-20 08:00:00,DEV_009,5,9,20
DEV_009_2024-09-20 09:00:00,2024-09-20 09:00:00,DEV_009,82,63,86
DEV_009_2024-09-20 10:00:00,2024-09-20 10:00:00,DEV_009,72,98,73
DEV_009_2024-09-20 11:00:00,2024-09-20 11:00:00,DEV_009,71,30,82
DEV_009_2024-09-20 12:00:00,2024-09-20 12:00:00,DEV_009,91,16,85
DEV_009_2024-09-20 13:00:00,2024-09-20 13:00:00,DEV_009,5,29,47
DEV_009_2024-09-20 14:00:00,2024-09-20 14:00:00,DEV_009,22,78,57
DEV_009_2024-09-20 15:00:00,2024-09-20 15:00:00,DEV_009,83,35,88
DEV_009_2024-09-20 16:00:00,2024-09-20 16:00:00,DEV_009,60,70,60
DEV_009_2024-09-20 17:00:00,2024-09-20 17:00:00,DEV_009,58,3,34
DEV_009_2024-09-20 18:00:00,2024-09-20 18:00:00,DEV_009,45,50,2
DEV_009_2024-09-20 19:00:00,2024-09-20 19:00:00,DEV_009,15,37,15
DEV_009_2024-09-20 20:00:00,2024-09-20 20:00:00,DEV_009,60,96,85
DEV_009_2024-09-20 21:00:00,2024-09-20 21:00:00,DEV_009,64,81,98
DEV_009_2024-09-20 22:00:00,2024-09-20 22:00:00,DEV_009,96,52,23
DEV_009_2024-09-20 23:00:00,2024-09-20 23:00:00,DEV_009,99,37,41
DEV_009_2024-09-21 00:00:00,2024-09-21 00:00:00,DEV_009,57,97,25
DEV_009_2024-09-21 01:00:00,2024-09-21 01:00:00,DEV_009,37,40,85
DEV_009_2024-09-21 02:00:00,2024-09-21 02:00:00,DEV_009,46,60,98
DEV_009_2024-09-21 03:00:00,2024-09-21 03:00:00,DEV_009,19,91,9
DEV_009_2024-09-21 04:00:00,2024-09-21 04:00:00,DEV_009,69,5,89
DEV_009_2024-09-21 05:00:00,2024-09-21 05:00:00,DEV_009,26,19,30
DEV_009_2024-09-21 06:00:00,2024-09-21 06:00:00,DEV_009,48,16,71
DEV_009_2024-09-21 07:00:00,2024-09-21 07:00:00,DEV_009,18,56,21
DEV_009_2024-09-21 08:00:00,2024-09-21 08:00:00,DEV_009,31,1,3
DEV_009_2024-09-21 09:00:00,2024-09-21 09:00:00,DEV_009,95,25,8
DEV_009_2024-09-21 10:00:00,2024-09-21 10:00:00,DEV_009,65,62,7
DEV_009_2024-09-21 11:00:00,2024-09-21 11:00:00,DEV_009,7,8,19
DEV_009_2024-09-21 12:00:00,2024-09-21 12:00:00,DEV_009,17,11,49
DEV_009_2024-09-21 13:00:00,2024-09-21 13:00:00,DEV_009,11,41,62
DEV_009_2024-09-21 14:00:00,2024-09-21 14:00:00,DEV_009,52,66,68
DEV_009_2024-09-21 15:00:00,2024-09-21 15:00:00,DEV_009,92,97,75
DEV_009_2024-09-21 16:00:00,2024-09-21 16:00:00,DEV_009,67,40,5
DEV_009_2024-09-21 17:00:00,2024-09-21 17:00:00,DEV_009,85,22,37
DEV_009_2024-09-21 18:00:00,2024-09-21 18:00:00,DEV_009,11,44,86
DEV_009_2024-09-21 19:00:00,2024-09-21 19:00:00,DEV_009,53,77,61
DEV_009_2024-09-21 20:00:00,2024-09-21 20:00:00,DEV_009,67,13,92
DEV_009_2024-09-21 21:00:00,2024-09-21 21:00:00,DEV_009,11,11,85
DEV_009_2024-09-21 22:00:00,2024-09-21 22:00:00,DEV_009,85,7,17
DEV_009_2024-09-21 23:00:00,2024-09-21 23:00:00,DEV_009,48,14,63
DEV_009_2024-09-22 00:00:00,2024-09-22 00:00:00,DEV_009,64,97,75
DEV_009_2024-09-22 01:00:00,2024-09-22 01:00:00,DEV_009,77,65,34
DEV_009_2024-09-22 02:00:00,2024-09-22 02:00:00,DEV_009,9,77,37
DEV_009_2024-09-22 03:00:00,2024-09-22 03:00:00,DEV_009,30,41,45
DEV_009_2024-09-22 04:00:00,2024-09-22 04:00:00,DEV_009,47,7,14
DEV_009_2024-09-22 05:00:00,2024-09-22 05:00:00,DEV_009,48,6,34
DEV_009_2024-09-22 06:00:00,2024-09-22 06:00:00,DEV_009,80,46,59
DEV_009_2024-09-22 07:00:00,2024-09-22 07:00:00,DEV_009,70,8,24
DEV_009_2024-09-22 08:00:00,2024-09-22 08:00:00,DEV_009,67,4,96
DEV_009_2024-09-22 09:00:00,2024-09-22 09:00:00,DEV_009,1,34,9
DEV_009_2024-09-22 10:00:00,2024-09-22 10:00:00,DEV_009,63,76,10
DEV_009_2024-09-22 11:00:00,2024-09-22 11:00:00,DEV_009,10,50,44
DEV_009_2024-09-22 12:00:00,2024-09-22 12:00:00,DEV_009,48,87,6
DEV_009_2024-09-22 13:00:00,2024-09-22 13:00:00,DEV_009,88,24,85
DEV_009_2024-09-22 14:00:00,2024-09-22 14:00:00,DEV_009,95,58,64
DEV_009_2024-09-22 15:00:00,2024-09-22 15:00:00,DEV_009,94,56,98
DEV_009_2024-09-22 16:00:00,2024-09-22 16:00:00,DEV_009,82,12,35
DEV_009_2024-09-22 17:00:00,2024-09-22 17:00:00,DEV_009,71,89,6
DEV_009_2024-09-22 18:00:00,2024-09-22 18:00:00,DEV_009,65,80,60
DEV_009_2024-09-22 19:00:00,2024-09-22 19:00:00,DEV_009,68,29,38
DEV_009_2024-09-22 20:00:00,2024-09-22 20:00:00,DEV_009,92,22,8
DEV_009_2024-09-22 21:00:00,2024-09-22 21:00:00,DEV_009,63,96,97
DEV_009_2024-09-22 22:00:00,2024-09-22 22:00:00,DEV_009,13,27,18
DEV_009_2024-09-22 23:00:00,2024-09-22 23:00:00,DEV_009,18,77,86
DEV_009_2024-09-23 00:00:00,2024-09-23 00:00:00,DEV_009,62,14,11
DEV_009_2024-09-23 01:00:00,2024-09-23 01:00:00,DEV_009,86,17,51
DEV_009_2024-09-23 02:00:00,2024-09-23 02:00:00,DEV_009,96,14,57
DEV_009_2024-09-23 03:00:00,2024-09-23 03:00:00,DEV_009,93,6,57
DEV_009_2024-09-23 04:00:00,2024-09-23 04:00:00,DEV_009,4,11,74
DEV_009_2024-09-23 05:00:00,2024-09-23 05:00:00,DEV_009,92,11,99
DEV_009_2024-09-23 06:00:00,2024-09-23 06:00:00,DEV_009,79,8,84
DEV_009_2024-09-23 07:00:00,2024-09-23 07:00:00,DEV_009,59,21,65
DEV_009_2024-09-23 08:00:00,2024-09-23 08:00:00,DEV_009,93,24,30
DEV_009_2024-09-23 09:00:00,2024-09-23 09:00:00,DEV_009,99,97,84
DEV_009_2024-09-23 10:00:00,2024-09-23 10:00:00,DEV_009,57,80,73
DEV_009_2024-09-23 11:00:00,2024-09-23 11:00:00,DEV_009,95,17,59
DEV_009_2024-09-23 12:00:00,2024-09-23 12:00:00,DEV_009,31,64,48
DEV_009_2024-09-23 13:00:00,2024-09-23 13:00:00,DEV_009,23,70,30
DEV_009_2024-09-23 14:00:00,2024-09-23 14:00:00,DEV_009,55,7,75
DEV_009_2024-09-23 15:00:00,2024-09-23 15:00:00,DEV_009,98,12,60
DEV_009_2024-09-23 16:00:00,2024-09-23 16:00:00,DEV_009,52,27,12
DEV_009_2024-09-23 17:00:00,2024-09-23 17:00:00,DEV_009,13,72,80
DEV_009_2024-09-23 18:00:00,2024-09-23 18:00:00,DEV_009,62,29,35
DEV_009_2024-09-23 19:00:00,2024-09-23 19:00:00,DEV_009,60,29,31
DEV_009_2024-09-23 20:00:00,2024-09-23 20:00:00,DEV_009,77,76,61
DEV_009_2024-09-23 21:00:00,2024-09-23 21:00:00,DEV_009,2,33,72
DEV_009_2024-09-23 22:00:00,2024-09-23 22:00:00,DEV_009,62,59,40
DEV_009_2024-09-23 23:00:00,2024-09-23 23:00:00,DEV_009,49,32,38
DEV_009_2024-09-24 00:00:00,2024-09-24 00:00:00,DEV_009,92,79,87
DEV_009_2024-09-24 01:00:00,2024-09-24 01:00:00,DEV_009,88,13,85
DEV_009_2024-09-24 02:00:00,2024-09-24 02:00:00,DEV_009,54,76,13
DEV_009_2024-09-24 03:00:00,2024-09-24 03:00:00,DEV_009,39,23,92
DEV_009_2024-09-24 04:00:00,2024-09-24 04:00:00,DEV_009,14,17,24
DEV_009_2024-09-24 05:00:00,2024-09-24 05:00:00,DEV_009,58,63,34
DEV_009_2024-09-24 06:00:00,2024-09-24 06:00:00,DEV_009,51,86,10
DEV_009_2024-09-24 07:00:00,2024-09-24 07:00:00,DEV_009,72,21,37
DEV_009_2024-09-24 08:00:00,2024-09-24 08:00:00,DEV_009,7,90,13
DEV_009_2024-09-24 09:00:00,2024-09-24 09:00:00,DEV_009,80,30,31
DEV_009_2024-09-24 10:00:00,2024-09-24 10:00:00,DEV_009,5,32,16
DEV_009_2024-09-24 11:00:00,2024-09-24 11:00:00,DEV_009,73,22,64
DEV_009_2024-09-24 12:00:00,2024-09-24 12:00:00,DEV_009,44,40,37
DEV_009_2024-09-24 13:00:00,2024-09-24 13:00:00,DEV_009,78,16,43
DEV_009_2024-09-24 14:00:00,2024-09-24 14:00:00,DEV_009,84,63,15
DEV_009_2024-09-24 15:00:00,2024-09-24 15:00:00,DEV_009,44,90,9
DEV_009_2024-09-24 16:00:00,2024-09-24 16:00:00,DEV_009,65,99,44
DEV_009_2024-09-24 17:00:00,2024-09-24 17:00:00,DEV_009,20,70,74
DEV_009_2024-09-24 18:00:00,2024-09-24 18:00:00,DEV_009,33,80,6
DEV_009_2024-09-24 19:00:00,2024-09-24 19:00:00,DEV_009,83,31,66
DEV_009_2024-09-24 20:00:00,2024-09-24 20:00:00,DEV_009,18,28,68
DEV_009_2024-09-24 21:00:00,2024-09-24 21:00:00,DEV_009,65,80,45
DEV_009_2024-09-24 22:00:00,2024-09-24 22:00:00,DEV_009,58,47,66
DEV_009_2024-09-24 23:00:00,2024-09-24 23:00:00,DEV_009,52,36,1
DEV_009_2024-09-25 00:00:00,2024-09-25 00:00:00,DEV_009,39,87,90
DEV_009_2024-09-25 01:00:00,2024-09-25 01:00:00,DEV_009,75,1,75
DEV_009_2024-09-25 02:00:00,2024-09-25 02:00:00,DEV_009,88,74,14
DEV_009_2024-09-25 03:00:00,2024-09-25 03:00:00,DEV_009,78,71,23
DEV_009_2024-09-25 04:00:00,2024-09-25 04:00:00,DEV_009,43,22,60
DEV_009_2024-09-25 05:00:00,2024-09-25 05:00:00,DEV_009,27,56,2
DEV_009_2024-09-25 06:00:00,2024-09-25 06:00:00,DEV_009,39,51,19
DEV_009_2024-09-25 07:00:00,2024-09-25 07:00:00,DEV_009,62,71,76
DEV_009_2024-09-25 08:00:00,2024-09-25 08:00:00,DEV_009,67,63,5
DEV_009_2024-09-25 09:00:00,2024-09-25 09:00:00,DEV_009,72,78,61
DEV_009_2024-09-25 10:00:00,2024-09-25 10:00:00,DEV_009,71,7,50
DEV_009_2024-09-25 11:00:00,2024-09-25 11:00:00,DEV_009,46,96,72
DEV_009_2024-09-25 12:00:00,2024-09-25 12:00:00,DEV_009,76,74,14
DEV_009_2024-09-25 13:00:00,2024-09-25 13:00:00,DEV_009,73,94,69
DEV_009_2024-09-25 14:00:00,2024-09-25 14:00:00,DEV_009,65,65,57
DEV_009_2024-09-25 15:00:00,2024-09-25 15:00:00,DEV_009,62,20,75
DEV_009_2024-09-25 16:00:00,2024-09-25 16:00:00,DEV_009,26,44,67
DEV_009_2024-09-25 17:00:00,2024-09-25 17:00:00,DEV_009,70,62,45
DEV_009_2024-09-25 18:00:00,2024-09-25 18:00:00,DEV_009,11,72,93
DEV_009_2024-09-25 19:00:00,2024-09-25 19:00:00,DEV_009,74,34,88
DEV_009_2024-09-25 20:00:00,2024-09-25 20:00:00,DEV_009,46,81,32
DEV_009_2024-09-25 21:00:00,2024-09-25 21:00:00,DEV_009,75,98,88
DEV_009_2024-09-25 22:00:00,2024-09-25 22:00:00,DEV_009,5,63,29
DEV_009_2024-09-25 23:00:00,2024-09-25 23:00:00,DEV_009,48,98,16
DEV_009_2024-09-26 00:00:00,2024-09-26 00:00:00,DEV_009,25,72,29
DEV_009_2024-09-26 01:00:00,2024-09-26 01:00:00,DEV_009,52,46,25
DEV_009_2024-09-26 02:00:00,2024-09-26 02:00:00,DEV_009,23,34,67
DEV_009_2024-09-26 03:00:00,2024-09-26 03:00:00,DEV_009,94,34,32
DEV_009_2024-09-26 04:00:00,2024-09-26 04:00:00,DEV_009,29,9,66
DEV_009_2024-09-26 05:00:00,2024-09-26 05:00:00,DEV_009,57,39,7
DEV_009_2024-09-26 06:00:00,2024-09-26 06:00:00,DEV_009,69,8,96
DEV_009_2024-09-26 07:00:00,2024-09-26 07:00:00,DEV_009,18,82,49
DEV_009_2024-09-26 08:00:00,2024-09-26 08:00:00,DEV_009,16,21,10
DEV_009_2024-09-26 09:00:00,2024-09-26 09:00:00,DEV_009,4,44,8
DEV_009_2024-09-26 10:00:00,2024-09-26 10:00:00,DEV_009,55,19,64
DEV_009_2024-09-26 11:00:00,2024-09-26 11:00:00,DEV_009,40,51,9
DEV_009_2024-09-26 12:00:00,2024-09-26 12:00:00,DEV_009,30,56,81
DEV_009_2024-09-26 13:00:00,2024-09-26 13:00:00,DEV_009,44,59,15
DEV_009_2024-09-26 14:00:00,2024-09-26 14:00:00,DEV_009,68,70,61
DEV_009_2024-09-26 15:00:00,2024-09-26 15:00:00,DEV_009,80,90,23
DEV_009_2024-09-26 16:00:00,2024-09-26 16:00:00,DEV_009,77,47,17
DEV_009_2024-09-26 17:00:00,2024-09-26 17:00:00,DEV_009,57,54,91
DEV_009_2024-09-26 18:00:00,2024-09-26 18:00:00,DEV_009,52,22,83
DEV_009_2024-09-26 19:00:00,2024-09-26 19:00:00,DEV_009,39,99,13
DEV_009_2024-09-26 20:00:00,2024-09-26 20:00:00,DEV_009,78,95,66
DEV_009_2024-09-26 21:00:00,2024-09-26 21:00:00,DEV_009,52,14,73
DEV_009_2024-09-26 22:00:00,2024-09-26 22:00:00,DEV_009,74,63,71
DEV_009_2024-09-26 23:00:00,2024-09-26 23:00:00,DEV_009,28,89,46
DEV_009_2024-09-27 00:00:00,2024-09-27 00:00:00,DEV_009,28,2,17
DEV_009_2024-09-27 01:00:00,2024-09-27 01:00:00,DEV_009,59,52,4
DEV_009_2024-09-27 02:00:00,2024-09-27 02:00:00,DEV_009,77,82,3
DEV_009_2024-09-27 03:00:00,2024-09-27 03:00:00,DEV_009,37,97,24
DEV_009_2024-09-27 04:00:00,2024-09-27 04:00:00,DEV_009,72,35,2
DEV_009_2024-09-27 05:00:00,2024-09-27 05:00:00,DEV_009,33,76,86
DEV_009_2024-09-27 06:00:00,2024-09-27 06:00:00,DEV_009,77,10,81
DEV_009_2024-09-27 07:00:00,2024-09-27 07:00:00,DEV_009,62,43,69
DEV_009_2024-09-27 08:00:00,2024-09-27 08:00:00,DEV_009,59,9,77
DEV_009_2024-09-27 09:00:00,2024-09-27 09:00:00,DEV_009,60,63,52
DEV_009_2024-09-27 10:00:00,2024-09-27 10:00:00,DEV_009,23,30,43
DEV_009_2024-09-27 11:00:00,2024-09-27 11:00:00,DEV_009,68,21,43
DEV_009_2024-09-27 12:00:00,2024-09-27 12:00:00,DEV_009,73,7,16
DEV_009_2024-09-27 13:00:00,2024-09-27 13:00:00,DEV_009,23,58,87
DEV_009_2024-09-27 14:00:00,2024-09-27 14:00:00,DEV_009,31,69,6
DEV_009_2024-09-27 15:00:00,2024-09-27 15:00:00,DEV_009,65,59,28
DEV_009_2024-09-27 16:00:00,2024-09-27 16:00:00,DEV_009,18,88,77
DEV_009_2024-09-27 17:00:00,2024-09-27 17:00:00,DEV_009,97,10,7
DEV_009_2024-09-27 18:00:00,2024-09-27 18:00:00,DEV_009,37,96,45
DEV_009_2024-09-27 19:00:00,2024-09-27 19:00:00,DEV_009,86,16,88
DEV_009_2024-09-27 20:00:00,2024-09-27 20:00:00,DEV_009,14,11,83
DEV_009_2024-09-27 21:00:00,2024-09-27 21:00:00,DEV_009,87,34,60
DEV_009_2024-09-27 22:00:00,2024-09-27 22:00:00,DEV_009,13,39,44
DEV_009_2024-09-27 23:00:00,2024-09-27 23:00:00,DEV_009,28,40,16
DEV_009_2024-09-28 00:00:00,2024-09-28 00:00:00,DEV_009,50,28,68
DEV_009_2024-09-28 01:00:00,2024-09-28 01:00:00,DEV_009,92,60,12
DEV_009_2024-09-28 02:00:00,2024-09-28 02:00:00,DEV_009,16,53,54
DEV_009_2024-09-28 03:00:00,2024-09-28 03:00:00,DEV_009,49,36,62
DEV_009_2024-09-28 04:00:00,2024-09-28 04:00:00,DEV_009,84,26,56
DEV_009_2024-09-28 05:00:00,2024-09-28 05:00:00,DEV_009,90,22,73
DEV_009_2024-09-28 06:00:00,2024-09-28 06:00:00,DEV_009,69,81,49
DEV_009_2024-09-28 07:00:00,2024-09-28 07:00:00,DEV_009,98,2,53
DEV_009_2024-09-28 08:00:00,2024-09-28 08:00:00,DEV_009,7,77,20
DEV_009_2024-09-28 09:00:00,2024-09-28 09:00:00,DEV_009,94,30,75
DEV_009_2024-09-28 10:00:00,2024-09-28 10:00:00,DEV_009,95,67,59
DEV_009_2024-09-28 11:00:00,2024-09-28 11:00:00,DEV_009,66,3,56
DEV_009_2024-09-28 12:00:00,2024-09-28 12:00:00,DEV_009,79,17,52
DEV_009_2024-09-28 13:00:00,2024-09-28 13:00:00,DEV_009,7,5,98
DEV_009_2024-09-28 14:00:00,2024-09-28 14:00:00,DEV_009,97,54,61
DEV_009_2024-09-28 15:00:00,2024-09-28 15:00:00,DEV_009,16,67,59
DEV_009_2024-09-28 16:00:00,2024-09-28 16:00:00,DEV_009,47,48,64
DEV_009_2024-09-28 17:00:00,2024-09-28 17:00:00,DEV_009,50,85,41
DEV_009_2024-09-28 18:00:00,2024-09-28 18:00:00,DEV_009,72,22,54
DEV_009_2024-09-28 19:00:00,2024-09-28 19:00:00,DEV_009,5,17,78
DEV_009_2024-09-28 20:00:00,2024-09-28 20:00:00,DEV_009,41,92,95
DEV_009_2024-09-28 21:00:00,2024-09-28 21:00:00,DEV_009,81,35,40
DEV_009_2024-09-28 22:00:00,2024-09-28 22:00:00,DEV_009,22,48,53
DEV_009_2024-09-28 23:00:00,2024-09-28 23:00:00,DEV_009,93,10,18
DEV_009_2024-09-29 00:00:00,2024-09-29 00:00:00,DEV_009,99,80,49
DEV_009_2024-09-29 01:00:00,2024-09-29 01:00:00,DEV_009,71,30,19
DEV_009_2024-09-29 02:00:00,2024-09-29 02:00:00,DEV_009,55,60,87
DEV_009_2024-09-29 03:00:00,2024-09-29 03:00:00,DEV_009,72,81,21
DEV_009_2024-09-29 04:00:00,2024-09-29 04:00:00,DEV_009,26,28,39
DEV_009_2024-09-29 05:00:00,2024-09-29 05:00:00,DEV_009,33,40,83
DEV_009_2024-09-29 06:00:00,2024-09-29 06:00:00,DEV_009,29,20,20
DEV_009_2024-09-29 07:00:00,2024-09-29 07:00:00,DEV_009,74,12,97
DEV_009_2024-09-29 08:00:00,2024-09-29 08:00:00,DEV_009,25,25,4
DEV_009_2024-09-29 09:00:00,2024-09-29 09:00:00,DEV_009,4,9,15
DEV_009_2024-09-29 10:00:00,2024-09-29 10:00:00,DEV_009,26,79,90
DEV_009_2024-09-29 11:00:00,2024-09-29 11:00:00,DEV_009,92,71,32
DEV_009_2024-09-29 12:00:00,2024-09-29 12:00:00,DEV_009,76,99,52
DEV_009_2024-09-29 13:00:00,2024-09-29 13:00:00,DEV_009,32,9,78
DEV_009_2024-09-29 14:00:00,2024-09-29 14:00:00,DEV_009,13,56,44
DEV_009_2024-09-29 15:00:00,2024-09-29 15:00:00,DEV_009,97,96,83
DEV_009_2024-09-29 16:00:00,2024-09-29 16:00:00,DEV_009,30,16,12
DEV_009_2024-09-29 17:00:00,2024-09-29 17:00:00,DEV_009,74,66,18
DEV_009_2024-09-29 18:00:00,2024-09-29 18:00:00,DEV_009,13,93,24
DEV_009_2024-09-29 19:00:00,2024-09-29 19:00:00,DEV_009,12,60,60
DEV_009_2024-09-29 20:00:00,2024-09-29 20:00:00,DEV_009,93,86,1
DEV_009_2024-09-29 21:00:00,2024-09-29 21:00:00,DEV_009,43,55,40
DEV_009_2024-09-29 22:00:00,2024-09-29 22:00:00,DEV_009,64,34,34
DEV_009_2024-09-29 23:00:00,2024-09-29 23:00:00,DEV_009,48,33,68
DEV_009_2024-09-30 00:00:00,2024-09-30 00:00:00,DEV_009,30,84,90
DEV_009_2024-09-30 01:00:00,2024-09-30 01:00:00,DEV_009,79,71,71
DEV_009_2024-09-30 02:00:00,2024-09-30 02:00:00,DEV_009,29,23,34
DEV_009_2024-09-30 03:00:00,2024-09-30 03:00:00,DEV_009,84,15,97
DEV_009_2024-09-30 04:00:00,2024-09-30 04:00:00,DEV_009,53,17,64
DEV_009_2024-09-30 05:00:00,2024-09-30 05:00:00,DEV_009,84,61,57
DEV_009_2024-09-30 06:00:00,2024-09-30 06:00:00,DEV_009,77,88,37
DEV_009_2024-09-30 07:00:00,2024-09-30 07:00:00,DEV_009,7,8,87
DEV_009_2024-09-30 08:00:00,2024-09-30 08:00:00,DEV_009,78,68,21
DEV_009_2024-09-30 09:00:00,2024-09-30 09:00:00,DEV_009,61,74,86
DEV_009_2024-09-30 10:00:00,2024-09-30 10:00:00,DEV_009,94,94,80
DEV_009_2024-09-30 11:00:00,2024-09-30 11:00:00,DEV_009,75,86,29
DEV_009_2024-09-30 12:00:00,2024-09-30 12:00:00,DEV_009,25,58,14
DEV_009_2024-09-30 13:00:00,2024-09-30 13:00:00,DEV_009,78,66,54
DEV_009_2024-09-30 14:00:00,2024-09-30 14:00:00,DEV_009,77,67,30
DEV_009_2024-09-30 15:00:00,2024-09-30 15:00:00,DEV_009,18,54,21
DEV_009_2024-09-30 16:00:00,2024-09-30 16:00:00,DEV_009,53,83,16
DEV_009_2024-09-30 17:00:00,2024-09-30 17:00:00,DEV_009,28,4,55
DEV_009_2024-09-30 18:00:00,2024-09-30 18:00:00,DEV_009,15,64,65
DEV_009_2024-09-30 19:00:00,2024-09-30 19:00:00,DEV_009,16,20,64
DEV_009_2024-09-30 20:00:00,2024-09-30 20:00:00,DEV_009,33,81,69
DEV_009_2024-09-30 21:00:00,2024-09-30 21:00:00,DEV_009,69,58,39
DEV_009_2024-09-30 22:00:00,2024-09-30 22:00:00,DEV_009,77,36,94
DEV_009_2024-09-30 23:00:00,2024-09-30 23:00:00,DEV_009,68,87,21
DEV_009_2024-10-01 00:00:00,2024-10-01 00:00:00,DEV_009,63,85,6
DEV_009_2024-10-01 01:00:00,2024-10-01 01:00:00,DEV_009,24,53,95
DEV_009_2024-10-01 02:00:00,2024-10-01 02:00:00,DEV_009,83,76,78
DEV_009_2024-10-01 03:00:00,2024-10-01 03:00:00,DEV_009,50,12,56
DEV_009_2024-10-01 04:00:00,2024-10-01 04:00:00,DEV_009,15,83,92
DEV_009_2024-10-01 05:00:00,2024-10-01 05:00:00,DEV_009,40,41,69
DEV_009_2024-10-01 06:00:00,2024-10-01 06:00:00,DEV_009,69,6,87
DEV_009_2024-10-01 07:00:00,2024-10-01 07:00:00,DEV_009,67,33,43
DEV_009_2024-10-01 08:00:00,2024-10-01 08:00:00,DEV_009,21,84,65
DEV_009_2024-10-01 09:00:00,2024-10-01 09:00:00,DEV_009,17,93,8
DEV_009_2024-10-01 10:00:00,2024-10-01 10:00:00,DEV_009,64,90,28
DEV_009_2024-10-01 11:00:00,2024-10-01 11:00:00,DEV_009,98,90,13
DEV_009_2024-10-01 12:00:00,2024-10-01 12:00:00,DEV_009,13,38,25
DEV_009_2024-10-01 13:00:00,2024-10-01 13:00:00,DEV_009,62,23,86
DEV_009_2024-10-01 14:00:00,2024-10-01 14:00:00,DEV_009,21,54,63
DEV_009_2024-10-01 15:00:00,2024-10-01 15:00:00,DEV_009,30,75,68
DEV_009_2024-10-01 16:00:00,2024-10-01 16:00:00,DEV_009,97,76,73
DEV_009_2024-10-01 17:00:00,2024-10-01 17:00:00,DEV_009,32,75,24
DEV_009_2024-10-01 18:00:00,2024-10-01 18:00:00,DEV_009,7,72,97
DEV_009_2024-10-01 19:00:00,2024-10-01 19:00:00,DEV_009,89,1,3
DEV_009_2024-10-01 20:00:00,2024-10-01 20:00:00,DEV_009,28,43,97
DEV_009_2024-10-01 21:00:00,2024-10-01 21:00:00,DEV_009,46,1,38
DEV_009_2024-10-01 22:00:00,2024-10-01 22:00:00,DEV_009,91,35,74
DEV_009_2024-10-01 23:00:00,2024-10-01 23:00:00,DEV_009,76,74,54
DEV_009_2024-10-02 00:00:00,2024-10-02 00:00:00,DEV_009,98,24,28
DEV_009_2024-10-02 01:00:00,2024-10-02 01:00:00,DEV_009,22,16,13
DEV_009_2024-10-02 02:00:00,2024-10-02 02:00:00,DEV_009,62,43,87
DEV_009_2024-10-02 03:00:00,2024-10-02 03:00:00,DEV_009,78,32,67
DEV_009_2024-10-02 04:00:00,2024-10-02 04:00:00,DEV_009,91,83,86
DEV_009_2024-10-02 05:00:00,2024-10-02 05:00:00,DEV_009,57,65,69
DEV_009_2024-10-02 06:00:00,2024-10-02 06:00:00,DEV_009,49,33,19
DEV_009_2024-10-02 07:00:00,2024-10-02 07:00:00,DEV_009,36,70,15
DEV_009_2024-10-02 08:00:00,2024-10-02 08:00:00,DEV_009,97,24,27
DEV_009_2024-10-02 09:00:00,2024-10-02 09:00:00,DEV_009,49,75,23
DEV_009_2024-10-02 10:00:00,2024-10-02 10:00:00,DEV_009,33,41,56
DEV_009_2024-10-02 11:00:00,2024-10-02 11:00:00,DEV_009,29,31,65
DEV_009_2024-10-02 12:00:00,2024-10-02 12:00:00,DEV_009,98,18,82
DEV_009_2024-10-02 13:00:00,2024-10-02 13:00:00,DEV_009,6,52,40
DEV_009_2024-10-02 14:00:00,2024-10-02 14:00:00,DEV_009,65,42,94
DEV_009_2024-10-02 15:00:00,2024-10-02 15:00:00,DEV_009,68,32,10
DEV_009_2024-10-02 16:00:00,2024-10-02 16:00:00,DEV_009,69,9,69
DEV_009_2024-10-02 17:00:00,2024-10-02 17:00:00,DEV_009,61,11,99
DEV_009_2024-10-02 18:00:00,2024-10-02 18:00:00,DEV_009,91,68,74
DEV_009_2024-10-02 19:00:00,2024-10-02 19:00:00,DEV_009,97,8,49
DEV_009_2024-10-02 20:00:00,2024-10-02 20:00:00,DEV_009,24,33,19
DEV_009_2024-10-02 21:00:00,2024-10-02 21:00:00,DEV_009,2,55,11
DEV_009_2024-10-02 22:00:00,2024-10-02 22:00:00,DEV_009,99,17,42
DEV_009_2024-10-02 23:00:00,2024-10-02 23:00:00,DEV_009,61,3,86
DEV_009_2024-10-03 00:00:00,2024-10-03 00:00:00,DEV_009,35,85,89
DEV_009_2024-10-03 01:00:00,2024-10-03 01:00:00,DEV_009,66,1,7
DEV_009_2024-10-03 02:00:00,2024-10-03 02:00:00,DEV_009,20,43,6
DEV_009_2024-10-03 03:00:00,2024-10-03 03:00:00,DEV_009,55,21,51
DEV_009_2024-10-03 04:00:00,2024-10-03 04:00:00,DEV_009,46,35,8
DEV_009_2024-10-03 05:00:00,2024-10-03 05:00:00,DEV_009,68,16,67
DEV_009_2024-10-03 06:00:00,2024-10-03 06:00:00,DEV_009,71,64,2
DEV_009_2024-10-03 07:00:00,2024-10-03 07:00:00,DEV_009,1,58,1
DEV_009_2024-10-03 08:00:00,2024-10-03 08:00:00,DEV_009,7,88,69
DEV_009_2024-10-03 09:00:00,2024-10-03 09:00:00,DEV_009,85,92,18
DEV_009_2024-10-03 10:00:00,2024-10-03 10:00:00,DEV_009,88,32,45
DEV_009_2024-10-03 11:00:00,2024-10-03 11:00:00,DEV_009,33,74,73
DEV_009_2024-10-03 12:00:00,2024-10-03 12:00:00,DEV_009,49,33,97
DEV_009_2024-10-03 13:00:00,2024-10-03 13:00:00,DEV_009,71,68,28
DEV_009_2024-10-03 14:00:00,2024-10-03 14:00:00,DEV_009,87,53,96
DEV_009_2024-10-03 15:00:00,2024-10-03 15:00:00,DEV_009,44,80,55
DEV_009_2024-10-03 16:00:00,2024-10-03 16:00:00,DEV_009,10,14,36
DEV_009_2024-10-03 17:00:00,2024-10-03 17:00:00,DEV_009,34,88,18
DEV_009_2024-10-03 18:00:00,2024-10-03 18:00:00,DEV_009,16,37,41
DEV_009_2024-10-03 19:00:00,2024-10-03 19:00:00,DEV_009,25,8,88
DEV_009_2024-10-03 20:00:00,2024-10-03 20:00:00,DEV_009,84,94,84
DEV_009_2024-10-03 21:00:00,2024-10-03 21:00:00,DEV_009,18,68,48
DEV_009_2024-10-03 22:00:00,2024-10-03 22:00:00,DEV_009,70,67,18
DEV_009_2024-10-03 23:00:00,2024-10-03 23:00:00,DEV_009,18,56,23
DEV_009_2024-10-04 00:00:00,2024-10-04 00:00:00,DEV_009,35,6,26
DEV_009_2024-10-04 01:00:00,2024-10-04 01:00:00,DEV_009,85,61,88
DEV_009_2024-10-04 02:00:00,2024-10-04 02:00:00,DEV_009,15,91,32
DEV_009_2024-10-04 03:00:00,2024-10-04 03:00:00,DEV_009,12,5,64
DEV_009_2024-10-04 04:00:00,2024-10-04 04:00:00,DEV_009,71,86,27
DEV_009_2024-10-04 05:00:00,2024-10-04 05:00:00,DEV_009,79,45,35
DEV_009_2024-10-04 06:00:00,2024-10-04 06:00:00,DEV_009,26,23,13
DEV_009_2024-10-04 07:00:00,2024-10-04 07:00:00,DEV_009,90,3,29
DEV_009_2024-10-04 08:00:00,2024-10-04 08:00:00,DEV_009,66,64,28
DEV_009_2024-10-04 09:00:00,2024-10-04 09:00:00,DEV_009,87,36,6
DEV_009_2024-10-04 10:00:00,2024-10-04 10:00:00,DEV_009,11,38,34
DEV_009_2024-10-04 11:00:00,2024-10-04 11:00:00,DEV_009,81,67,46
DEV_009_2024-10-04 12:00:00,2024-10-04 12:00:00,DEV_009,98,86,29
DEV_009_2024-10-04 13:00:00,2024-10-04 13:00:00,DEV_009,60,54,93
DEV_009_2024-10-04 14:00:00,2024-10-04 14:00:00,DEV_009,69,74,74
DEV_009_2024-10-04 15:00:00,2024-10-04 15:00:00,DEV_009,9,85,77
DEV_009_2024-10-04 16:00:00,2024-10-04 16:00:00,DEV_009,10,75,68
DEV_009_2024-10-04 17:00:00,2024-10-04 17:00:00,DEV_009,58,95,52
DEV_009_2024-10-04 18:00:00,2024-10-04 18:00:00,DEV_009,34,35,33
DEV_009_2024-10-04 19:00:00,2024-10-04 19:00:00,DEV_009,72,32,55
DEV_009_2024-10-04 20:00:00,2024-10-04 20:00:00,DEV_009,97,8,46
DEV_009_2024-10-04 21:00:00,2024-10-04 21:00:00,DEV_009,14,98,8
DEV_009_2024-10-04 22:00:00,2024-10-04 22:00:00,DEV_009,71,77,54
DEV_009_2024-10-04 23:00:00,2024-10-04 23:00:00,DEV_009,21,96,75
DEV_009_2024-10-05 00:00:00,2024-10-05 00:00:00,DEV_009,14,75,2
DEV_009_2024-10-05 01:00:00,2024-10-05 01:00:00,DEV_009,98,61,17
DEV_009_2024-10-05 02:00:00,2024-10-05 02:00:00,DEV_009,78,89,48
DEV_009_2024-10-05 03:00:00,2024-10-05 03:00:00,DEV_009,91,8,56
DEV_009_2024-10-05 04:00:00,2024-10-05 04:00:00,DEV_009,17,69,12
DEV_009_2024-10-05 05:00:00,2024-10-05 05:00:00,DEV_009,38,18,26
DEV_009_2024-10-05 06:00:00,2024-10-05 06:00:00,DEV_009,95,37,70
DEV_009_2024-10-05 07:00:00,2024-10-05 07:00:00,DEV_009,41,79,42
DEV_009_2024-10-05 08:00:00,2024-10-05 08:00:00,DEV_009,90,76,41
DEV_009_2024-10-05 09:00:00,2024-10-05 09:00:00,DEV_009,47,14,1
DEV_009_2024-10-05 10:00:00,2024-10-05 10:00:00,DEV_009,17,97,55
DEV_009_2024-10-05 11:00:00,2024-10-05 11:00:00,DEV_009,93,53,31
DEV_009_2024-10-05 12:00:00,2024-10-05 12:00:00,DEV_009,62,8,30
DEV_009_2024-10-05 13:00:00,2024-10-05 13:00:00,DEV_009,77,80,66
DEV_009_2024-10-05 14:00:00,2024-10-05 14:00:00,DEV_009,45,18,99
DEV_009_2024-10-05 15:00:00,2024-10-05 15:00:00,DEV_009,45,19,77
DEV_009_2024-10-05 16:00:00,2024-10-05 16:00:00,DEV_009,68,83,50
DEV_009_2024-10-05 17:00:00,2024-10-05 17:00:00,DEV_009,25,38,95
DEV_009_2024-10-05 18:00:00,2024-10-05 18:00:00,DEV_009,36,68,56
DEV_009_2024-10-05 19:00:00,2024-10-05 19:00:00,DEV_009,39,63,7
DEV_009_2024-10-05 20:00:00,2024-10-05 20:00:00,DEV_009,58,80,59
DEV_009_2024-10-05 21:00:00,2024-10-05 21:00:00,DEV_009,48,5,87
DEV_009_2024-10-05 22:00:00,2024-10-05 22:00:00,DEV_009,36,96,88
DEV_009_2024-10-05 23:00:00,2024-10-05 23:00:00,DEV_009,25,45,92
DEV_009_2024-10-06 00:00:00,2024-10-06 00:00:00,DEV_009,19,7,58
DEV_009_2024-10-06 01:00:00,2024-10-06 01:00:00,DEV_009,81,66,80
DEV_009_2024-10-06 02:00:00,2024-10-06 02:00:00,DEV_009,39,18,1
DEV_009_2024-10-06 03:00:00,2024-10-06 03:00:00,DEV_009,63,3,21
DEV_009_2024-10-06 04:00:00,2024-10-06 04:00:00,DEV_009,30,11,22
DEV_009_2024-10-06 05:00:00,2024-10-06 05:00:00,DEV_009,57,89,3
DEV_009_2024-10-06 06:00:00,2024-10-06 06:00:00,DEV_009,30,88,45
DEV_009_2024-10-06 07:00:00,2024-10-06 07:00:00,DEV_009,36,87,72
DEV_009_2024-10-06 08:00:00,2024-10-06 08:00:00,DEV_009,64,54,68
DEV_009_2024-10-06 09:00:00,2024-10-06 09:00:00,DEV_009,50,31,29
DEV_009_2024-10-06 10:00:00,2024-10-06 10:00:00,DEV_009,59,36,77
DEV_009_2024-10-06 11:00:00,2024-10-06 11:00:00,DEV_009,73,85,67
DEV_009_2024-10-06 12:00:00,2024-10-06 12:00:00,DEV_009,89,89,76
DEV_009_2024-10-06 13:00:00,2024-10-06 13:00:00,DEV_009,93,11,11
DEV_009_2024-10-06 14:00:00,2024-10-06 14:00:00,DEV_009,26,53,14
DEV_009_2024-10-06 15:00:00,2024-10-06 15:00:00,DEV_009,64,80,10
DEV_009_2024-10-06 16:00:00,2024-10-06 16:00:00,DEV_009,31,95,36
DEV_009_2024-10-06 17:00:00,2024-10-06 17:00:00,DEV_009,10,26,20
DEV_009_2024-10-06 18:00:00,2024-10-06 18:00:00,DEV_009,44,62,73
DEV_009_2024-10-06 19:00:00,2024-10-06 19:00:00,DEV_009,79,9,71
DEV_009_2024-10-06 20:00:00,2024-10-06 20:00:00,DEV_009,90,24,12
DEV_009_2024-10-06 21:00:00,2024-10-06 21:00:00,DEV_009,60,84,78
DEV_009_2024-10-06 22:00:00,2024-10-06 22:00:00,DEV_009,86,16,29
DEV_009_2024-10-06 23:00:00,2024-10-06 23:00:00,DEV_009,32,83,35
DEV_009_2024-10-07 00:00:00,2024-10-07 00:00:00,DEV_009,43,96,53
DEV_009_2024-10-07 01:00:00,2024-10-07 01:00:00,DEV_009,20,84,8
DEV_009_2024-10-07 02:00:00,2024-10-07 02:00:00,DEV_009,99,42,77
DEV_009_2024-10-07 03:00:00,2024-10-07 03:00:00,DEV_009,70,16,69
DEV_009_2024-10-07 04:00:00,2024-10-07 04:00:00,DEV_009,53,45,51
DEV_009_2024-10-07 05:00:00,2024-10-07 05:00:00,DEV_009,98,6,33
DEV_009_2024-10-07 06:00:00,2024-10-07 06:00:00,DEV_009,79,15,14
DEV_009_2024-10-07 07:00:00,2024-10-07 07:00:00,DEV_009,39,63,5
DEV_009_2024-10-07 08:00:00,2024-10-07 08:00:00,DEV_009,90,81,52
DEV_009_2024-10-07 09:00:00,2024-10-07 09:00:00,DEV_009,16,99,38
DEV_009_2024-10-07 10:00:00,2024-10-07 10:00:00,DEV_009,53,87,77
DEV_009_2024-10-07 11:00:00,2024-10-07 11:00:00,DEV_009,97,93,53
DEV_009_2024-10-07 12:00:00,2024-10-07 12:00:00,DEV_009,46,98,98
DEV_009_2024-10-07 13:00:00,2024-10-07 13:00:00,DEV_009,91,15,59
DEV_009_2024-10-07 14:00:00,2024-10-07 14:00:00,DEV_009,50,9,26
DEV_009_2024-10-07 15:00:00,2024-10-07 15:00:00,DEV_009,3,47,5
DEV_009_2024-10-07 16:00:00,2024-10-07 16:00:00,DEV_009,62,84,84
DEV_009_2024-10-07 17:00:00,2024-10-07 17:00:00,DEV_009,5,10,80
DEV_009_2024-10-07 18:00:00,2024-10-07 18:00:00,DEV_009,63,25,44
DEV_009_2024-10-07 19:00:00,2024-10-07 19:00:00,DEV_009,25,30,14
DEV_009_2024-10-07 20:00:00,2024-10-07 20:00:00,DEV_009,86,43,28
DEV_009_2024-10-07 21:00:00,2024-10-07 21:00:00,DEV_009,94,19,42
DEV_009_2024-10-07 22:00:00,2024-10-07 22:00:00,DEV_009,20,99,86
DEV_009_2024-10-07 23:00:00,2024-10-07 23:00:00,DEV_009,79,11,54
DEV_009_2024-10-08 00:00:00,2024-10-08 00:00:00,DEV_009,98,24,70
DEV_009_2024-10-08 01:00:00,2024-10-08 01:00:00,DEV_009,17,28,50
DEV_009_2024-10-08 02:00:00,2024-10-08 02:00:00,DEV_009,95,55,73
DEV_009_2024-10-08 03:00:00,2024-10-08 03:00:00,DEV_009,10,21,58
DEV_009_2024-10-08 04:00:00,2024-10-08 04:00:00,DEV_009,34,95,93
DEV_009_2024-10-08 05:00:00,2024-10-08 05:00:00,DEV_009,43,11,33
DEV_009_2024-10-08 06:00:00,2024-10-08 06:00:00,DEV_009,58,46,61
DEV_009_2024-10-08 07:00:00,2024-10-08 07:00:00,DEV_009,62,1,21
DEV_009_2024-10-08 08:00:00,2024-10-08 08:00:00,DEV_009,62,64,87
DEV_009_2024-10-08 09:00:00,2024-10-08 09:00:00,DEV_009,73,56,1
DEV_009_2024-10-08 10:00:00,2024-10-08 10:00:00,DEV_009,21,22,54
DEV_009_2024-10-08 11:00:00,2024-10-08 11:00:00,DEV_009,4,65,51
DEV_009_2024-10-08 12:00:00,2024-10-08 12:00:00,DEV_009,74,63,15
DEV_009_2024-10-08 13:00:00,2024-10-08 13:00:00,DEV_009,36,29,52
DEV_009_2024-10-08 14:00:00,2024-10-08 14:00:00,DEV_009,46,69,29
DEV_009_2024-10-08 15:00:00,2024-10-08 15:00:00,DEV_009,47,91,25
DEV_009_2024-10-08 16:00:00,2024-10-08 16:00:00,DEV_009,80,16,89
DEV_009_2024-10-08 17:00:00,2024-10-08 17:00:00,DEV_009,41,65,69
DEV_009_2024-10-08 18:00:00,2024-10-08 18:00:00,DEV_009,20,69,36
DEV_009_2024-10-08 19:00:00,2024-10-08 19:00:00,DEV_009,93,98,58
DEV_009_2024-10-08 20:00:00,2024-10-08 20:00:00,DEV_009,48,82,2
DEV_009_2024-10-08 21:00:00,2024-10-08 21:00:00,DEV_009,80,29,97
DEV_009_2024-10-08 22:00:00,2024-10-08 22:00:00,DEV_009,16,35,62
DEV_009_2024-10-08 23:00:00,2024-10-08 23:00:00,DEV_009,81,4,68
DEV_009_2024-10-09 00:00:00,2024-10-09 00:00:00,DEV_009,51,89,33
DEV_009_2024-10-09 01:00:00,2024-10-09 01:00:00,DEV_009,78,24,75
DEV_009_2024-10-09 02:00:00,2024-10-09 02:00:00,DEV_009,25,28,7
DEV_009_2024-10-09 03:00:00,2024-10-09 03:00:00,DEV_009,36,10,36
DEV_009_2024-10-09 04:00:00,2024-10-09 04:00:00,DEV_009,95,83,18
DEV_009_2024-10-09 05:00:00,2024-10-09 05:00:00,DEV_009,6,92,7
DEV_009_2024-10-09 06:00:00,2024-10-09 06:00:00,DEV_009,12,41,63
DEV_009_2024-10-09 07:00:00,2024-10-09 07:00:00,DEV_009,98,25,81
DEV_009_2024-10-09 08:00:00,2024-10-09 08:00:00,DEV_009,53,33,87
DEV_009_2024-10-09 09:00:00,2024-10-09 09:00:00,DEV_009,73,6,62
DEV_009_2024-10-09 10:00:00,2024-10-09 10:00:00,DEV_009,66,9,67
DEV_009_2024-10-09 11:00:00,2024-10-09 11:00:00,DEV_009,16,89,88
DEV_009_2024-10-09 12:00:00,2024-10-09 12:00:00,DEV_009,93,55,40
DEV_009_2024-10-09 13:00:00,2024-10-09 13:00:00,DEV_009,26,38,35
DEV_009_2024-10-09 14:00:00,2024-10-09 14:00:00,DEV_009,87,68,59
DEV_009_2024-10-09 15:00:00,2024-10-09 15:00:00,DEV_009,14,47,71
DEV_009_2024-10-09 16:00:00,2024-10-09 16:00:00,DEV_009,72,42,51
DEV_009_2024-10-09 17:00:00,2024-10-09 17:00:00,DEV_009,19,66,47
DEV_009_2024-10-09 18:00:00,2024-10-09 18:00:00,DEV_009,65,42,38
DEV_009_2024-10-09 19:00:00,2024-10-09 19:00:00,DEV_009,13,44,24
DEV_009_2024-10-09 20:00:00,2024-10-09 20:00:00,DEV_009,96,30,70
DEV_009_2024-10-09 21:00:00,2024-10-09 21:00:00,DEV_009,38,97,23
DEV_009_2024-10-09 22:00:00,2024-10-09 22:00:00,DEV_009,74,57,79
DEV_009_2024-10-09 23:00:00,2024-10-09 23:00:00,DEV_009,23,36,57
DEV_009_2024-10-10 00:00:00,2024-10-10 00:00:00,DEV_009,1,72,3
DEV_009_2024-10-10 01:00:00,2024-10-10 01:00:00,DEV_009,14,81,34
DEV_009_2024-10-10 02:00:00,2024-10-10 02:00:00,DEV_009,70,69,51
DEV_009_2024-10-10 03:00:00,2024-10-10 03:00:00,DEV_009,29,99,82
DEV_009_2024-10-10 04:00:00,2024-10-10 04:00:00,DEV_009,48,94,79
DEV_009_2024-10-10 05:00:00,2024-10-10 05:00:00,DEV_009,79,16,57
DEV_009_2024-10-10 06:00:00,2024-10-10 06:00:00,DEV_009,97,10,19
DEV_009_2024-10-10 07:00:00,2024-10-10 07:00:00,DEV_009,67,36,4
DEV_009_2024-10-10 08:00:00,2024-10-10 08:00:00,DEV_009,75,33,28
DEV_009_2024-10-10 09:00:00,2024-10-10 09:00:00,DEV_009,96,80,9
DEV_009_2024-10-10 10:00:00,2024-10-10 10:00:00,DEV_009,75,6,49
DEV_009_2024-10-10 11:00:00,2024-10-10 11:00:00,DEV_009,91,76,22
DEV_009_2024-10-10 12:00:00,2024-10-10 12:00:00,DEV_009,48,21,33
DEV_009_2024-10-10 13:00:00,2024-10-10 13:00:00,DEV_009,81,56,29
DEV_009_2024-10-10 14:00:00,2024-10-10 14:00:00,DEV_009,53,40,74
DEV_009_2024-10-10 15:00:00,2024-10-10 15:00:00,DEV_009,18,47,13
DEV_009_2024-10-10 16:00:00,2024-10-10 16:00:00,DEV_009,27,62,74
DEV_009_2024-10-10 17:00:00,2024-10-10 17:00:00,DEV_009,96,45,3
DEV_009_2024-10-10 18:00:00,2024-10-10 18:00:00,DEV_009,22,27,55
DEV_009_2024-10-10 19:00:00,2024-10-10 19:00:00,DEV_009,67,33,2
DEV_009_2024-10-10 20:00:00,2024-10-10 20:00:00,DEV_009,75,46,74
DEV_009_2024-10-10 21:00:00,2024-10-10 21:00:00,DEV_009,33,58,7
DEV_009_2024-10-10 22:00:00,2024-10-10 22:00:00,DEV_009,15,26,11
DEV_009_2024-10-10 23:00:00,2024-10-10 23:00:00,DEV_009,38,27,7
DEV_009_2024-10-11 00:00:00,2024-10-11 00:00:00,DEV_009,1,74,21
DEV_009_2024-10-11 01:00:00,2024-10-11 01:00:00,DEV_009,79,30,94
DEV_009_2024-10-11 02:00:00,2024-10-11 02:00:00,DEV_009,8,88,83
DEV_009_2024-10-11 03:00:00,2024-10-11 03:00:00,DEV_009,3,55,15
DEV_009_2024-10-11 04:00:00,2024-10-11 04:00:00,DEV_009,36,6,42
DEV_009_2024-10-11 05:00:00,2024-10-11 05:00:00,DEV_009,50,18,83
DEV_009_2024-10-11 06:00:00,2024-10-11 06:00:00,DEV_009,50,30,77
DEV_009_2024-10-11 07:00:00,2024-10-11 07:00:00,DEV_009,39,12,98
DEV_009_2024-10-11 08:00:00,2024-10-11 08:00:00,DEV_009,59,76,44
DEV_009_2024-10-11 09:00:00,2024-10-11 09:00:00,DEV_009,88,4,36
DEV_009_2024-10-11 10:00:00,2024-10-11 10:00:00,DEV_009,48,14,81
DEV_009_2024-10-11 11:00:00,2024-10-11 11:00:00,DEV_009,49,67,87
DEV_009_2024-10-11 12:00:00,2024-10-11 12:00:00,DEV_009,77,9,21
DEV_009_2024-10-11 13:00:00,2024-10-11 13:00:00,DEV_009,72,81,16
DEV_009_2024-10-11 14:00:00,2024-10-11 14:00:00,DEV_009,16,28,51
DEV_009_2024-10-11 15:00:00,2024-10-11 15:00:00,DEV_009,56,80,57
DEV_009_2024-10-11 16:00:00,2024-10-11 16:00:00,DEV_009,52,46,78
DEV_009_2024-10-11 17:00:00,2024-10-11 17:00:00,DEV_009,38,84,48
DEV_009_2024-10-11 18:00:00,2024-10-11 18:00:00,DEV_009,41,98,59
DEV_009_2024-10-11 19:00:00,2024-10-11 19:00:00,DEV_009,93,67,74
DEV_009_2024-10-11 20:00:00,2024-10-11 20:00:00,DEV_009,84,66,27
DEV_009_2024-10-11 21:00:00,2024-10-11 21:00:00,DEV_009,32,56,10
DEV_009_2024-10-11 22:00:00,2024-10-11 22:00:00,DEV_009,40,17,58
DEV_009_2024-10-11 23:00:00,2024-10-11 23:00:00,DEV_009,97,6,39
DEV_009_2024-10-12 00:00:00,2024-10-12 00:00:00,DEV_009,18,73,72
DEV_009_2024-10-12 01:00:00,2024-10-12 01:00:00,DEV_009,89,95,42
DEV_009_2024-10-12 02:00:00,2024-10-12 02:00:00,DEV_009,4,20,28
DEV_009_2024-10-12 03:00:00,2024-10-12 03:00:00,DEV_009,40,65,44
DEV_009_2024-10-12 04:00:00,2024-10-12 04:00:00,DEV_009,23,57,47
DEV_009_2024-10-12 05:00:00,2024-10-12 05:00:00,DEV_009,13,16,90
DEV_009_2024-10-12 06:00:00,2024-10-12 06:00:00,DEV_009,55,95,65
DEV_009_2024-10-12 07:00:00,2024-10-12 07:00:00,DEV_009,81,16,37
DEV_009_2024-10-12 08:00:00,2024-10-12 08:00:00,DEV_009,52,10,38
DEV_009_2024-10-12 09:00:00,2024-10-12 09:00:00,DEV_009,44,95,74
DEV_009_2024-10-12 10:00:00,2024-10-12 10:00:00,DEV_009,54,98,51
DEV_009_2024-10-12 11:00:00,2024-10-12 11:00:00,DEV_009,52,70,92
DEV_009_2024-10-12 12:00:00,2024-10-12 12:00:00,DEV_009,92,59,13
DEV_009_2024-10-12 13:00:00,2024-10-12 13:00:00,DEV_009,41,12,50
DEV_009_2024-10-12 14:00:00,2024-10-12 14:00:00,DEV_009,57,50,57
DEV_009_2024-10-12 15:00:00,2024-10-12 15:00:00,DEV_009,54,66,8
DEV_009_2024-10-12 16:00:00,2024-10-12 16:00:00,DEV_009,63,9,60
DEV_009_2024-10-12 17:00:00,2024-10-12 17:00:00,DEV_009,63,72,3
DEV_009_2024-10-12 18:00:00,2024-10-12 18:00:00,DEV_009,73,13,9
DEV_009_2024-10-12 19:00:00,2024-10-12 19:00:00,DEV_009,95,89,52
DEV_009_2024-10-12 20:00:00,2024-10-12 20:00:00,DEV_009,62,8,95
DEV_009_2024-10-12 21:00:00,2024-10-12 21:00:00,DEV_009,45,53,63
DEV_009_2024-10-12 22:00:00,2024-10-12 22:00:00,DEV_009,95,81,57
DEV_009_2024-10-12 23:00:00,2024-10-12 23:00:00,DEV_009,54,19,67
DEV_009_2024-10-13 00:00:00,2024-10-13 00:00:00,DEV_009,46,94,10
DEV_009_2024-10-13 01:00:00,2024-10-13 01:00:00,DEV_009,93,18,12
DEV_009_2024-10-13 02:00:00,2024-10-13 02:00:00,DEV_009,49,23,62
DEV_009_2024-10-13 03:00:00,2024-10-13 03:00:00,DEV_009,11,73,56
DEV_009_2024-10-13 04:00:00,2024-10-13 04:00:00,DEV_009,88,89,55
DEV_009_2024-10-13 05:00:00,2024-10-13 05:00:00,DEV_009,25,9,12
DEV_009_2024-10-13 06:00:00,2024-10-13 06:00:00,DEV_009,11,38,28
DEV_009_2024-10-13 07:00:00,2024-10-13 07:00:00,DEV_009,8,74,89
DEV_009_2024-10-13 08:00:00,2024-10-13 08:00:00,DEV_009,47,36,50
DEV_009_2024-10-13 09:00:00,2024-10-13 09:00:00,DEV_009,9,60,72
DEV_009_2024-10-13 10:00:00,2024-10-13 10:00:00,DEV_009,67,53,82
DEV_009_2024-10-13 11:00:00,2024-10-13 11:00:00,DEV_009,99,17,53
DEV_009_2024-10-13 12:00:00,2024-10-13 12:00:00,DEV_009,28,63,15
DEV_009_2024-10-13 13:00:00,2024-10-13 13:00:00,DEV_009,19,86,70
DEV_009_2024-10-13 14:00:00,2024-10-13 14:00:00,DEV_009,47,71,48
DEV_009_2024-10-13 15:00:00,2024-10-13 15:00:00,DEV_009,73,20,37
DEV_009_2024-10-13 16:00:00,2024-10-13 16:00:00,DEV_009,75,2,64
DEV_009_2024-10-13 17:00:00,2024-10-13 17:00:00,DEV_009,86,36,5
DEV_009_2024-10-13 18:00:00,2024-10-13 18:00:00,DEV_009,64,7,70
DEV_009_2024-10-13 19:00:00,2024-10-13 19:00:00,DEV_009,22,74,46
DEV_009_2024-10-13 20:00:00,2024-10-13 20:00:00,DEV_009,40,61,46
DEV_009_2024-10-13 21:00:00,2024-10-13 21:00:00,DEV_009,84,28,87
DEV_009_2024-10-13 22:00:00,2024-10-13 22:00:00,DEV_009,35,1,29
DEV_009_2024-10-13 23:00:00,2024-10-13 23:00:00,DEV_009,9,9,22
DEV_009_2024-10-14 00:00:00,2024-10-14 00:00:00,DEV_009,63,66,80
DEV_009_2024-10-14 01:00:00,2024-10-14 01:00:00,DEV_009,58,70,55
DEV_009_2024-10-14 02:00:00,2024-10-14 02:00:00,DEV_009,13,97,19
DEV_009_2024-10-14 03:00:00,2024-10-14 03:00:00,DEV_009,79,33,74
DEV_009_2024-10-14 04:00:00,2024-10-14 04:00:00,DEV_009,65,60,12
DEV_009_2024-10-14 05:00:00,2024-10-14 05:00:00,DEV_009,43,93,17
DEV_009_2024-10-14 06:00:00,2024-10-14 06:00:00,DEV_009,68,29,55
DEV_009_2024-10-14 07:00:00,2024-10-14 07:00:00,DEV_009,7,44,77
DEV_009_2024-10-14 08:00:00,2024-10-14 08:00:00,DEV_009,5,60,6
DEV_009_2024-10-14 09:00:00,2024-10-14 09:00:00,DEV_009,98,7,46
DEV_009_2024-10-14 10:00:00,2024-10-14 10:00:00,DEV_009,57,54,92
DEV_009_2024-10-14 11:00:00,2024-10-14 11:00:00,DEV_009,46,10,4
DEV_009_2024-10-14 12:00:00,2024-10-14 12:00:00,DEV_009,67,25,87
DEV_009_2024-10-14 13:00:00,2024-10-14 13:00:00,DEV_009,91,78,61
DEV_009_2024-10-14 14:00:00,2024-10-14 14:00:00,DEV_009,38,32,23
DEV_009_2024-10-14 15:00:00,2024-10-14 15:00:00,DEV_009,37,3,99
DEV_009_2024-10-14 16:00:00,2024-10-14 16:00:00,DEV_009,13,34,88
DEV_009_2024-10-14 17:00:00,2024-10-14 17:00:00,DEV_009,65,76,8
DEV_009_2024-10-14 18:00:00,2024-10-14 18:00:00,DEV_009,83,9,28
DEV_009_2024-10-14 19:00:00,2024-10-14 19:00:00,DEV_009,78,91,18
DEV_009_2024-10-14 20:00:00,2024-10-14 20:00:00,DEV_009,42,41,70
DEV_009_2024-10-14 21:00:00,2024-10-14 21:00:00,DEV_009,33,89,77
DEV_009_2024-10-14 22:00:00,2024-10-14 22:00:00,DEV_009,54,87,36
DEV_009_2024-10-14 23:00:00,2024-10-14 23:00:00,DEV_009,97,85,98
DEV_009_2024-10-15 00:00:00,2024-10-15 00:00:00,DEV_009,56,17,10
DEV_009_2024-10-15 01:00:00,2024-10-15 01:00:00,DEV_009,87,44,2
DEV_009_2024-10-15 02:00:00,2024-10-15 02:00:00,DEV_009,99,14,41
DEV_009_2024-10-15 03:00:00,2024-10-15 03:00:00,DEV_009,2,19,80
DEV_009_2024-10-15 04:00:00,2024-10-15 04:00:00,DEV_009,89,1,2
DEV_009_2024-10-15 05:00:00,2024-10-15 05:00:00,DEV_009,27,2,94
DEV_009_2024-10-15 06:00:00,2024-10-15 06:00:00,DEV_009,51,10,19
DEV_009_2024-10-15 07:00:00,2024-10-15 07:00:00,DEV_009,80,13,48
DEV_009_2024-10-15 08:00:00,2024-10-15 08:00:00,DEV_009,56,72,56
DEV_009_2024-10-15 09:00:00,2024-10-15 09:00:00,DEV_009,50,95,45
DEV_009_2024-10-15 10:00:00,2024-10-15 10:00:00,DEV_009,89,59,39
DEV_009_2024-10-15 11:00:00,2024-10-15 11:00:00,DEV_009,21,55,57
DEV_009_2024-10-15 12:00:00,2024-10-15 12:00:00,DEV_009,41,93,70
DEV_009_2024-10-15 13:00:00,2024-10-15 13:00:00,DEV_009,82,49,44
DEV_009_2024-10-15 14:00:00,2024-10-15 14:00:00,DEV_009,35,91,5
DEV_009_2024-10-15 15:00:00,2024-10-15 15:00:00,DEV_009,71,74,74
DEV_009_2024-10-15 16:00:00,2024-10-15 16:00:00,DEV_009,51,57,58
DEV_009_2024-10-15 17:00:00,2024-10-15 17:00:00,DEV_009,92,36,10
DEV_009_2024-10-15 18:00:00,2024-10-15 18:00:00,DEV_009,50,99,99
DEV_009_2024-10-15 19:00:00,2024-10-15 19:00:00,DEV_009,37,20,13
DEV_009_2024-10-15 20:00:00,2024-10-15 20:00:00,DEV_009,75,19,92
DEV_009_2024-10-15 21:00:00,2024-10-15 21:00:00,DEV_009,56,45,60
DEV_009_2024-10-15 22:00:00,2024-10-15 22:00:00,DEV_009,68,57,54
DEV_009_2024-10-15 23:00:00,2024-10-15 23:00:00,DEV_009,37,83,37
DEV_009_2024-10-16 00:00:00,2024-10-16 00:00:00,DEV_009,14,95,92
DEV_009_2024-10-16 01:00:00,2024-10-16 01:00:00,DEV_009,44,83,42
DEV_009_2024-10-16 02:00:00,2024-10-16 02:00:00,DEV_009,1,23,64
DEV_009_2024-10-16 03:00:00,2024-10-16 03:00:00,DEV_009,28,4,41
DEV_009_2024-10-16 04:00:00,2024-10-16 04:00:00,DEV_009,60,18,63
DEV_009_2024-10-16 05:00:00,2024-10-16 05:00:00,DEV_009,61,49,47
DEV_009_2024-10-16 06:00:00,2024-10-16 06:00:00,DEV_009,39,89,82
DEV_009_2024-10-16 07:00:00,2024-10-16 07:00:00,DEV_009,6,83,53
DEV_009_2024-10-16 08:00:00,2024-10-16 08:00:00,DEV_009,76,25,99
DEV_009_2024-10-16 09:00:00,2024-10-16 09:00:00,DEV_009,65,5,65
DEV_009_2024-10-16 10:00:00,2024-10-16 10:00:00,DEV_009,8,39,43
DEV_009_2024-10-16 11:00:00,2024-10-16 11:00:00,DEV_009,82,73,5
DEV_009_2024-10-16 12:00:00,2024-10-16 12:00:00,DEV_009,4,93,1
DEV_009_2024-10-16 13:00:00,2024-10-16 13:00:00,DEV_009,94,56,45
DEV_009_2024-10-16 14:00:00,2024-10-16 14:00:00,DEV_009,65,3,22
DEV_009_2024-10-16 15:00:00,2024-10-16 15:00:00,DEV_009,72,56,18
DEV_009_2024-10-16 16:00:00,2024-10-16 16:00:00,DEV_009,25,48,84
DEV_009_2024-10-16 17:00:00,2024-10-16 17:00:00,DEV_009,31,30,80
DEV_009_2024-10-16 18:00:00,2024-10-16 18:00:00,DEV_009,66,81,10
DEV_009_2024-10-16 19:00:00,2024-10-16 19:00:00,DEV_009,71,59,51
DEV_009_2024-10-16 20:00:00,2024-10-16 20:00:00,DEV_009,9,54,62
DEV_009_2024-10-16 21:00:00,2024-10-16 21:00:00,DEV_009,81,9,9
DEV_009_2024-10-16 22:00:00,2024-10-16 22:00:00,DEV_009,24,39,75
DEV_009_2024-10-16 23:00:00,2024-10-16 23:00:00,DEV_009,8,25,66
DEV_009_2024-10-17 00:00:00,2024-10-17 00:00:00,DEV_009,10,24,80
DEV_009_2024-10-17 01:00:00,2024-10-17 01:00:00,DEV_009,83,59,31
DEV_009_2024-10-17 02:00:00,2024-10-17 02:00:00,DEV_009,11,6,70
DEV_009_2024-10-17 03:00:00,2024-10-17 03:00:00,DEV_009,32,39,48
DEV_009_2024-10-17 04:00:00,2024-10-17 04:00:00,DEV_009,13,59,67
DEV_009_2024-10-17 05:00:00,2024-10-17 05:00:00,DEV_009,56,41,56
DEV_009_2024-10-17 06:00:00,2024-10-17 06:00:00,DEV_009,35,38,81
DEV_009_2024-10-17 07:00:00,2024-10-17 07:00:00,DEV_009,67,34,76
DEV_009_2024-10-17 08:00:00,2024-10-17 08:00:00,DEV_009,88,70,11
DEV_009_2024-10-17 09:00:00,2024-10-17 09:00:00,DEV_009,27,48,24
DEV_009_2024-10-17 10:00:00,2024-10-17 10:00:00,DEV_009,18,27,54
DEV_009_2024-10-17 11:00:00,2024-10-17 11:00:00,DEV_009,55,21,59
DEV_009_2024-10-17 12:00:00,2024-10-17 12:00:00,DEV_009,34,97,58
DEV_009_2024-10-17 13:00:00,2024-10-17 13:00:00,DEV_009,48,54,18
DEV_009_2024-10-17 14:00:00,2024-10-17 14:00:00,DEV_009,3,24,1
DEV_009_2024-10-17 15:00:00,2024-10-17 15:00:00,DEV_009,6,19,86
DEV_009_2024-10-17 16:00:00,2024-10-17 16:00:00,DEV_009,43,8,69
DEV_009_2024-10-17 17:00:00,2024-10-17 17:00:00,DEV_009,52,73,47
DEV_009_2024-10-17 18:00:00,2024-10-17 18:00:00,DEV_009,85,28,46
DEV_009_2024-10-17 19:00:00,2024-10-17 19:00:00,DEV_009,4,88,8
DEV_009_2024-10-17 20:00:00,2024-10-17 20:00:00,DEV_009,61,17,34
DEV_009_2024-10-17 21:00:00,2024-10-17 21:00:00,DEV_009,20,80,74
DEV_009_2024-10-17 22:00:00,2024-10-17 22:00:00,DEV_009,34,43,10
DEV_009_2024-10-17 23:00:00,2024-10-17 23:00:00,DEV_009,94,30,25
DEV_009_2024-10-18 00:00:00,2024-10-18 00:00:00,DEV_009,57,63,71
DEV_009_2024-10-18 01:00:00,2024-10-18 01:00:00,DEV_009,47,84,81
DEV_009_2024-10-18 02:00:00,2024-10-18 02:00:00,DEV_009,3,46,36
DEV_009_2024-10-18 03:00:00,2024-10-18 03:00:00,DEV_009,26,10,34
DEV_009_2024-10-18 04:00:00,2024-10-18 04:00:00,DEV_009,78,8,55
DEV_009_2024-10-18 05:00:00,2024-10-18 05:00:00,DEV_009,91,10,57
DEV_009_2024-10-18 06:00:00,2024-10-18 06:00:00,DEV_009,79,86,45
DEV_009_2024-10-18 07:00:00,2024-10-18 07:00:00,DEV_009,50,64,95
DEV_009_2024-10-18 08:00:00,2024-10-18 08:00:00,DEV_009,2,45,95
DEV_009_2024-10-18 09:00:00,2024-10-18 09:00:00,DEV_009,62,14,74
DEV_009_2024-10-18 10:00:00,2024-10-18 10:00:00,DEV_009,94,15,14
DEV_009_2024-10-18 11:00:00,2024-10-18 11:00:00,DEV_009,31,29,27
DEV_009_2024-10-18 12:00:00,2024-10-18 12:00:00,DEV_009,85,9,20
DEV_009_2024-10-18 13:00:00,2024-10-18 13:00:00,DEV_009,99,58,79
DEV_009_2024-10-18 14:00:00,2024-10-18 14:00:00,DEV_009,88,49,57
DEV_009_2024-10-18 15:00:00,2024-10-18 15:00:00,DEV_009,16,75,8
DEV_009_2024-10-18 16:00:00,2024-10-18 16:00:00,DEV_009,67,19,67
DEV_009_2024-10-18 17:00:00,2024-10-18 17:00:00,DEV_009,36,89,60
DEV_009_2024-10-18 18:00:00,2024-10-18 18:00:00,DEV_009,36,11,51
DEV_009_2024-10-18 19:00:00,2024-10-18 19:00:00,DEV_009,80,55,54
DEV_009_2024-10-18 20:00:00,2024-10-18 20:00:00,DEV_009,17,62,42
DEV_009_2024-10-18 21:00:00,2024-10-18 21:00:00,DEV_009,24,17,48
DEV_009_2024-10-18 22:00:00,2024-10-18 22:00:00,DEV_009,84,86,70
DEV_009_2024-10-18 23:00:00,2024-10-18 23:00:00,DEV_009,7,14,11
DEV_009_2024-10-19 00:00:00,2024-10-19 00:00:00,DEV_009,12,5,5
DEV_009_2024-10-19 01:00:00,2024-10-19 01:00:00,DEV_009,20,54,55
DEV_009_2024-10-19 02:00:00,2024-10-19 02:00:00,DEV_009,58,79,90
DEV_009_2024-10-19 03:00:00,2024-10-19 03:00:00,DEV_009,97,30,24
DEV_009_2024-10-19 04:00:00,2024-10-19 04:00:00,DEV_009,87,73,3
DEV_009_2024-10-19 05:00:00,2024-10-19 05:00:00,DEV_009,48,71,22
DEV_009_2024-10-19 06:00:00,2024-10-19 06:00:00,DEV_009,14,48,29
DEV_009_2024-10-19 07:00:00,2024-10-19 07:00:00,DEV_009,50,80,98
DEV_009_2024-10-19 08:00:00,2024-10-19 08:00:00,DEV_009,10,71,89
DEV_009_2024-10-19 09:00:00,2024-10-19 09:00:00,DEV_009,27,79,96
DEV_009_2024-10-19 10:00:00,2024-10-19 10:00:00,DEV_009,28,9,71
DEV_009_2024-10-19 11:00:00,2024-10-19 11:00:00,DEV_009,80,26,99
DEV_009_2024-10-19 12:00:00,2024-10-19 12:00:00,DEV_009,81,87,8
DEV_009_2024-10-19 13:00:00,2024-10-19 13:00:00,DEV_009,2,95,57
DEV_009_2024-10-19 14:00:00,2024-10-19 14:00:00,DEV_009,52,58,96
DEV_009_2024-10-19 15:00:00,2024-10-19 15:00:00,DEV_009,93,3,8
DEV_009_2024-10-19 16:00:00,2024-10-19 16:00:00,DEV_009,59,2,95
DEV_009_2024-10-19 17:00:00,2024-10-19 17:00:00,DEV_009,62,49,20
DEV_009_2024-10-19 18:00:00,2024-10-19 18:00:00,DEV_009,29,17,74
DEV_009_2024-10-19 19:00:00,2024-10-19 19:00:00,DEV_009,22,6,62
DEV_009_2024-10-19 20:00:00,2024-10-19 20:00:00,DEV_009,98,31,62
DEV_009_2024-10-19 21:00:00,2024-10-19 21:00:00,DEV_009,12,12,63
DEV_009_2024-10-19 22:00:00,2024-10-19 22:00:00,DEV_009,16,25,22
DEV_009_2024-10-19 23:00:00,2024-10-19 23:00:00,DEV_009,91,88,76
DEV_009_2024-10-20 00:00:00,2024-10-20 00:00:00,DEV_009,18,45,80
DEV_009_2024-10-20 01:00:00,2024-10-20 01:00:00,DEV_009,68,12,49
DEV_009_2024-10-20 02:00:00,2024-10-20 02:00:00,DEV_009,33,86,63
DEV_009_2024-10-20 03:00:00,2024-10-20 03:00:00,DEV_009,18,54,97
DEV_009_2024-10-20 04:00:00,2024-10-20 04:00:00,DEV_009,27,83,78
DEV_009_2024-10-20 05:00:00,2024-10-20 05:00:00,DEV_009,25,34,88
DEV_009_2024-10-20 06:00:00,2024-10-20 06:00:00,DEV_009,60,54,87
DEV_009_2024-10-20 07:00:00,2024-10-20 07:00:00,DEV_009,5,36,54
DEV_009_2024-10-20 08:00:00,2024-10-20 08:00:00,DEV_009,88,36,69
DEV_009_2024-10-20 09:00:00,2024-10-20 09:00:00,DEV_009,39,70,4
DEV_009_2024-10-20 10:00:00,2024-10-20 10:00:00,DEV_009,74,65,85
DEV_009_2024-10-20 11:00:00,2024-10-20 11:00:00,DEV_009,40,37,67
DEV_009_2024-10-20 12:00:00,2024-10-20 12:00:00,DEV_009,31,91,81
DEV_009_2024-10-20 13:00:00,2024-10-20 13:00:00,DEV_009,87,77,47
DEV_009_2024-10-20 14:00:00,2024-10-20 14:00:00,DEV_009,27,51,20
DEV_009_2024-10-20 15:00:00,2024-10-20 15:00:00,DEV_009,13,63,44
DEV_009_2024-10-20 16:00:00,2024-10-20 16:00:00,DEV_009,24,3,10
DEV_009_2024-10-20 17:00:00,2024-10-20 17:00:00,DEV_009,65,49,58
DEV_009_2024-10-20 18:00:00,2024-10-20 18:00:00,DEV_009,77,78,97
DEV_009_2024-10-20 19:00:00,2024-10-20 19:00:00,DEV_009,2,66,31
DEV_009_2024-10-20 20:00:00,2024-10-20 20:00:00,DEV_009,68,98,83
DEV_009_2024-10-20 21:00:00,2024-10-20 21:00:00,DEV_009,37,73,24
DEV_009_2024-10-20 22:00:00,2024-10-20 22:00:00,DEV_009,77,44,94
DEV_009_2024-10-20 23:00:00,2024-10-20 23:00:00,DEV_009,83,41,74
DEV_009_2024-10-21 00:00:00,2024-10-21 00:00:00,DEV_009,51,42,78
DEV_009_2024-10-21 01:00:00,2024-10-21 01:00:00,DEV_009,40,48,84
DEV_009_2024-10-21 02:00:00,2024-10-21 02:00:00,DEV_009,4,60,39
DEV_009_2024-10-21 03:00:00,2024-10-21 03:00:00,DEV_009,5,96,6
DEV_009_2024-10-21 04:00:00,2024-10-21 04:00:00,DEV_009,14,70,78
DEV_009_2024-10-21 05:00:00,2024-10-21 05:00:00,DEV_009,12,62,27
DEV_009_2024-10-21 06:00:00,2024-10-21 06:00:00,DEV_009,54,90,12
DEV_009_2024-10-21 07:00:00,2024-10-21 07:00:00,DEV_009,8,74,16
DEV_009_2024-10-21 08:00:00,2024-10-21 08:00:00,DEV_009,52,26,8
DEV_009_2024-10-21 09:00:00,2024-10-21 09:00:00,DEV_009,45,93,84
DEV_009_2024-10-21 10:00:00,2024-10-21 10:00:00,DEV_009,81,19,17
DEV_009_2024-10-21 11:00:00,2024-10-21 11:00:00,DEV_009,65,29,14
DEV_009_2024-10-21 12:00:00,2024-10-21 12:00:00,DEV_009,17,13,93
DEV_009_2024-10-21 13:00:00,2024-10-21 13:00:00,DEV_009,98,91,63
DEV_009_2024-10-21 14:00:00,2024-10-21 14:00:00,DEV_009,33,29,37
DEV_009_2024-10-21 15:00:00,2024-10-21 15:00:00,DEV_009,83,46,24
DEV_009_2024-10-21 16:00:00,2024-10-21 16:00:00,DEV_009,14,5,53
DEV_009_2024-10-21 17:00:00,2024-10-21 17:00:00,DEV_009,88,98,95
DEV_009_2024-10-21 18:00:00,2024-10-21 18:00:00,DEV_009,30,60,73
DEV_009_2024-10-21 19:00:00,2024-10-21 19:00:00,DEV_009,91,28,26
DEV_009_2024-10-21 20:00:00,2024-10-21 20:00:00,DEV_009,18,36,8
DEV_009_2024-10-21 21:00:00,2024-10-21 21:00:00,DEV_009,18,84,58
DEV_009_2024-10-21 22:00:00,2024-10-21 22:00:00,DEV_009,32,93,49
DEV_009_2024-10-21 23:00:00,2024-10-21 23:00:00,DEV_009,48,82,71
DEV_009_2024-10-22 00:00:00,2024-10-22 00:00:00,DEV_009,65,92,33
DEV_009_2024-10-22 01:00:00,2024-10-22 01:00:00,DEV_009,50,4,84
DEV_009_2024-10-22 02:00:00,2024-10-22 02:00:00,DEV_009,36,95,28
DEV_009_2024-10-22 03:00:00,2024-10-22 03:00:00,DEV_009,3,6,45
DEV_009_2024-10-22 04:00:00,2024-10-22 04:00:00,DEV_009,23,7,61
DEV_009_2024-10-22 05:00:00,2024-10-22 05:00:00,DEV_009,65,6,24
DEV_009_2024-10-22 06:00:00,2024-10-22 06:00:00,DEV_009,37,45,51
DEV_009_2024-10-22 07:00:00,2024-10-22 07:00:00,DEV_009,88,45,63
DEV_009_2024-10-22 08:00:00,2024-10-22 08:00:00,DEV_009,29,96,25
DEV_009_2024-10-22 09:00:00,2024-10-22 09:00:00,DEV_009,10,35,55
DEV_009_2024-10-22 10:00:00,2024-10-22 10:00:00,DEV_009,25,91,45
DEV_009_2024-10-22 11:00:00,2024-10-22 11:00:00,DEV_009,96,12,4
DEV_009_2024-10-22 12:00:00,2024-10-22 12:00:00,DEV_009,90,67,17
DEV_009_2024-10-22 13:00:00,2024-10-22 13:00:00,DEV_009,73,93,65
DEV_009_2024-10-22 14:00:00,2024-10-22 14:00:00,DEV_009,82,53,84
DEV_009_2024-10-22 15:00:00,2024-10-22 15:00:00,DEV_009,57,98,28
DEV_009_2024-10-22 16:00:00,2024-10-22 16:00:00,DEV_009,99,16,21
DEV_009_2024-10-22 17:00:00,2024-10-22 17:00:00,DEV_009,77,99,42
DEV_009_2024-10-22 18:00:00,2024-10-22 18:00:00,DEV_009,54,32,38
DEV_009_2024-10-22 19:00:00,2024-10-22 19:00:00,DEV_009,70,38,54
DEV_009_2024-10-22 20:00:00,2024-10-22 20:00:00,DEV_009,60,77,77
DEV_009_2024-10-22 21:00:00,2024-10-22 21:00:00,DEV_009,47,12,53
DEV_009_2024-10-22 22:00:00,2024-10-22 22:00:00,DEV_009,33,28,3
DEV_009_2024-10-22 23:00:00,2024-10-22 23:00:00,DEV_009,82,26,54
DEV_009_2024-10-23 00:00:00,2024-10-23 00:00:00,DEV_009,40,66,68
DEV_009_2024-10-23 01:00:00,2024-10-23 01:00:00,DEV_009,92,92,89
DEV_009_2024-10-23 02:00:00,2024-10-23 02:00:00,DEV_009,90,47,2
DEV_009_2024-10-23 03:00:00,2024-10-23 03:00:00,DEV_009,42,34,94
DEV_009_2024-10-23 04:00:00,2024-10-23 04:00:00,DEV_009,21,44,87
DEV_009_2024-10-23 05:00:00,2024-10-23 05:00:00,DEV_009,97,2,91
DEV_009_2024-10-23 06:00:00,2024-10-23 06:00:00,DEV_009,59,86,98
DEV_009_2024-10-23 07:00:00,2024-10-23 07:00:00,DEV_009,16,20,26
DEV_009_2024-10-23 08:00:00,2024-10-23 08:00:00,DEV_009,16,70,23
DEV_009_2024-10-23 09:00:00,2024-10-23 09:00:00,DEV_009,42,37,72
DEV_009_2024-10-23 10:00:00,2024-10-23 10:00:00,DEV_009,6,37,22
DEV_009_2024-10-23 11:00:00,2024-10-23 11:00:00,DEV_009,6,32,17
DEV_009_2024-10-23 12:00:00,2024-10-23 12:00:00,DEV_009,38,17,37
DEV_009_2024-10-23 13:00:00,2024-10-23 13:00:00,DEV_009,23,49,61
DEV_009_2024-10-23 14:00:00,2024-10-23 14:00:00,DEV_009,49,61,77
DEV_009_2024-10-23 15:00:00,2024-10-23 15:00:00,DEV_009,32,86,63
DEV_009_2024-10-23 16:00:00,2024-10-23 16:00:00,DEV_009,7,22,85
DEV_009_2024-10-23 17:00:00,2024-10-23 17:00:00,DEV_009,6,61,14
DEV_009_2024-10-23 18:00:00,2024-10-23 18:00:00,DEV_009,16,3,9
DEV_009_2024-10-23 19:00:00,2024-10-23 19:00:00,DEV_009,47,85,94
DEV_009_2024-10-23 20:00:00,2024-10-23 20:00:00,DEV_009,94,42,42
DEV_009_2024-10-23 21:00:00,2024-10-23 21:00:00,DEV_009,96,23,3
DEV_009_2024-10-23 22:00:00,2024-10-23 22:00:00,DEV_009,1,67,71
DEV_009_2024-10-23 23:00:00,2024-10-23 23:00:00,DEV_009,3,49,67
DEV_009_2024-10-24 00:00:00,2024-10-24 00:00:00,DEV_009,55,4,31
DEV_009_2024-10-24 01:00:00,2024-10-24 01:00:00,DEV_009,66,78,64
DEV_009_2024-10-24 02:00:00,2024-10-24 02:00:00,DEV_009,31,63,66
DEV_009_2024-10-24 03:00:00,2024-10-24 03:00:00,DEV_009,31,47,22
DEV_009_2024-10-24 04:00:00,2024-10-24 04:00:00,DEV_009,74,94,97
DEV_009_2024-10-24 05:00:00,2024-10-24 05:00:00,DEV_009,83,46,89
DEV_009_2024-10-24 06:00:00,2024-10-24 06:00:00,DEV_009,58,61,46
DEV_009_2024-10-24 07:00:00,2024-10-24 07:00:00,DEV_009,1,96,25
DEV_009_2024-10-24 08:00:00,2024-10-24 08:00:00,DEV_009,61,81,14
DEV_009_2024-10-24 09:00:00,2024-10-24 09:00:00,DEV_009,45,77,39
DEV_009_2024-10-24 10:00:00,2024-10-24 10:00:00,DEV_009,66,32,96
DEV_009_2024-10-24 11:00:00,2024-10-24 11:00:00,DEV_009,58,56,6
DEV_009_2024-10-24 12:00:00,2024-10-24 12:00:00,DEV_009,89,67,82
DEV_009_2024-10-24 13:00:00,2024-10-24 13:00:00,DEV_009,50,38,3
DEV_009_2024-10-24 14:00:00,2024-10-24 14:00:00,DEV_009,5,24,54
DEV_009_2024-10-24 15:00:00,2024-10-24 15:00:00,DEV_009,34,39,88
DEV_009_2024-10-24 16:00:00,2024-10-24 16:00:00,DEV_009,92,48,49
DEV_009_2024-10-24 17:00:00,2024-10-24 17:00:00,DEV_009,34,80,7
DEV_009_2024-10-24 18:00:00,2024-10-24 18:00:00,DEV_009,18,70,92
DEV_009_2024-10-24 19:00:00,2024-10-24 19:00:00,DEV_009,34,51,93
DEV_009_2024-10-24 20:00:00,2024-10-24 20:00:00,DEV_009,68,14,69
DEV_009_2024-10-24 21:00:00,2024-10-24 21:00:00,DEV_009,89,8,15
DEV_009_2024-10-24 22:00:00,2024-10-24 22:00:00,DEV_009,83,59,11
DEV_009_2024-10-24 23:00:00,2024-10-24 23:00:00,DEV_009,20,55,36
DEV_009_2024-10-25 00:00:00,2024-10-25 00:00:00,DEV_009,82,14,58
DEV_009_2024-10-25 01:00:00,2024-10-25 01:00:00,DEV_009,38,89,80
DEV_009_2024-10-25 02:00:00,2024-10-25 02:00:00,DEV_009,82,1,65
DEV_009_2024-10-25 03:00:00,2024-10-25 03:00:00,DEV_009,1,85,60
DEV_009_2024-10-25 04:00:00,2024-10-25 04:00:00,DEV_009,25,91,10
DEV_009_2024-10-25 05:00:00,2024-10-25 05:00:00,DEV_009,50,12,92
DEV_009_2024-10-25 06:00:00,2024-10-25 06:00:00,DEV_009,32,33,72
DEV_009_2024-10-25 07:00:00,2024-10-25 07:00:00,DEV_009,26,42,50
DEV_009_2024-10-25 08:00:00,2024-10-25 08:00:00,DEV_009,61,41,57
DEV_009_2024-10-25 09:00:00,2024-10-25 09:00:00,DEV_009,2,99,98
DEV_009_2024-10-25 10:00:00,2024-10-25 10:00:00,DEV_009,70,31,23
DEV_009_2024-10-25 11:00:00,2024-10-25 11:00:00,DEV_009,76,54,28
DEV_009_2024-10-25 12:00:00,2024-10-25 12:00:00,DEV_009,79,19,76
DEV_009_2024-10-25 13:00:00,2024-10-25 13:00:00,DEV_009,48,2,11
DEV_009_2024-10-25 14:00:00,2024-10-25 14:00:00,DEV_009,44,59,59
DEV_009_2024-10-25 15:00:00,2024-10-25 15:00:00,DEV_009,38,25,21
DEV_009_2024-10-25 16:00:00,2024-10-25 16:00:00,DEV_009,42,36,9
DEV_009_2024-10-25 17:00:00,2024-10-25 17:00:00,DEV_009,12,10,59
DEV_009_2024-10-25 18:00:00,2024-10-25 18:00:00,DEV_009,5,33,69
DEV_009_2024-10-25 19:00:00,2024-10-25 19:00:00,DEV_009,80,63,29
DEV_009_2024-10-25 20:00:00,2024-10-25 20:00:00,DEV_009,18,93,6
DEV_009_2024-10-25 21:00:00,2024-10-25 21:00:00,DEV_009,53,82,32
DEV_009_2024-10-25 22:00:00,2024-10-25 22:00:00,DEV_009,42,47,31
DEV_009_2024-10-25 23:00:00,2024-10-25 23:00:00,DEV_009,62,56,11
DEV_009_2024-10-26 00:00:00,2024-10-26 00:00:00,DEV_009,26,92,27
DEV_009_2024-10-26 01:00:00,2024-10-26 01:00:00,DEV_009,83,57,27
DEV_009_2024-10-26 02:00:00,2024-10-26 02:00:00,DEV_009,59,62,20
DEV_009_2024-10-26 03:00:00,2024-10-26 03:00:00,DEV_009,3,16,44
DEV_009_2024-10-26 04:00:00,2024-10-26 04:00:00,DEV_009,93,79,30
DEV_009_2024-10-26 05:00:00,2024-10-26 05:00:00,DEV_009,40,65,29
DEV_009_2024-10-26 06:00:00,2024-10-26 06:00:00,DEV_009,30,32,10
DEV_009_2024-10-26 07:00:00,2024-10-26 07:00:00,DEV_009,91,51,8
DEV_009_2024-10-26 08:00:00,2024-10-26 08:00:00,DEV_009,51,36,55
DEV_009_2024-10-26 09:00:00,2024-10-26 09:00:00,DEV_009,35,36,56
DEV_009_2024-10-26 10:00:00,2024-10-26 10:00:00,DEV_009,36,89,84
DEV_009_2024-10-26 11:00:00,2024-10-26 11:00:00,DEV_009,61,62,81
DEV_009_2024-10-26 12:00:00,2024-10-26 12:00:00,DEV_009,87,25,64
DEV_009_2024-10-26 13:00:00,2024-10-26 13:00:00,DEV_009,60,57,95
DEV_009_2024-10-26 14:00:00,2024-10-26 14:00:00,DEV_009,70,99,52
DEV_009_2024-10-26 15:00:00,2024-10-26 15:00:00,DEV_009,56,63,68
DEV_009_2024-10-26 16:00:00,2024-10-26 16:00:00,DEV_009,20,54,1
DEV_009_2024-10-26 17:00:00,2024-10-26 17:00:00,DEV_009,90,98,10
DEV_009_2024-10-26 18:00:00,2024-10-26 18:00:00,DEV_009,23,51,24
DEV_009_2024-10-26 19:00:00,2024-10-26 19:00:00,DEV_009,13,29,58
DEV_009_2024-10-26 20:00:00,2024-10-26 20:00:00,DEV_009,91,95,43
DEV_009_2024-10-26 21:00:00,2024-10-26 21:00:00,DEV_009,10,31,74
DEV_009_2024-10-26 22:00:00,2024-10-26 22:00:00,DEV_009,88,97,14
DEV_009_2024-10-26 23:00:00,2024-10-26 23:00:00,DEV_009,99,34,17
DEV_009_2024-10-27 00:00:00,2024-10-27 00:00:00,DEV_009,21,96,67
DEV_009_2024-10-27 01:00:00,2024-10-27 01:00:00,DEV_009,58,79,8
DEV_009_2024-10-27 02:00:00,2024-10-27 02:00:00,DEV_009,96,38,26
DEV_009_2024-10-27 03:00:00,2024-10-27 03:00:00,DEV_009,64,30,9
DEV_009_2024-10-27 04:00:00,2024-10-27 04:00:00,DEV_009,32,11,86
DEV_009_2024-10-27 05:00:00,2024-10-27 05:00:00,DEV_009,34,18,19
DEV_009_2024-10-27 06:00:00,2024-10-27 06:00:00,DEV_009,54,82,37
DEV_009_2024-10-27 07:00:00,2024-10-27 07:00:00,DEV_009,82,12,4
DEV_009_2024-10-27 08:00:00,2024-10-27 08:00:00,DEV_009,43,27,51
DEV_009_2024-10-27 09:00:00,2024-10-27 09:00:00,DEV_009,5,6,77
DEV_009_2024-10-27 10:00:00,2024-10-27 10:00:00,DEV_009,87,56,89
DEV_009_2024-10-27 11:00:00,2024-10-27 11:00:00,DEV_009,68,96,44
DEV_009_2024-10-27 12:00:00,2024-10-27 12:00:00,DEV_009,15,90,42
DEV_009_2024-10-27 13:00:00,2024-10-27 13:00:00,DEV_009,11,73,11
DEV_009_2024-10-27 14:00:00,2024-10-27 14:00:00,DEV_009,66,27,58
DEV_009_2024-10-27 15:00:00,2024-10-27 15:00:00,DEV_009,90,72,21
DEV_009_2024-10-27 16:00:00,2024-10-27 16:00:00,DEV_009,21,72,1
DEV_009_2024-10-27 17:00:00,2024-10-27 17:00:00,DEV_009,58,13,73
DEV_009_2024-10-27 18:00:00,2024-10-27 18:00:00,DEV_009,92,6,87
DEV_009_2024-10-27 19:00:00,2024-10-27 19:00:00,DEV_009,58,17,73
DEV_009_2024-10-27 20:00:00,2024-10-27 20:00:00,DEV_009,12,86,52
DEV_009_2024-10-27 21:00:00,2024-10-27 21:00:00,DEV_009,76,70,73
DEV_009_2024-10-27 22:00:00,2024-10-27 22:00:00,DEV_009,52,37,3
DEV_009_2024-10-27 23:00:00,2024-10-27 23:00:00,DEV_009,98,8,10
DEV_009_2024-10-28 00:00:00,2024-10-28 00:00:00,DEV_009,47,41,64
DEV_009_2024-10-28 01:00:00,2024-10-28 01:00:00,DEV_009,42,43,9
DEV_009_2024-10-28 02:00:00,2024-10-28 02:00:00,DEV_009,14,91,96
DEV_009_2024-10-28 03:00:00,2024-10-28 03:00:00,DEV_009,4,2,97
DEV_009_2024-10-28 04:00:00,2024-10-28 04:00:00,DEV_009,85,1,75
DEV_009_2024-10-28 05:00:00,2024-10-28 05:00:00,DEV_009,65,46,59
DEV_009_2024-10-28 06:00:00,2024-10-28 06:00:00,DEV_009,75,7,66
DEV_009_2024-10-28 07:00:00,2024-10-28 07:00:00,DEV_009,15,72,47
DEV_009_2024-10-28 08:00:00,2024-10-28 08:00:00,DEV_009,90,40,42
DEV_009_2024-10-28 09:00:00,2024-10-28 09:00:00,DEV_009,51,35,41
DEV_009_2024-10-28 10:00:00,2024-10-28 10:00:00,DEV_009,85,57,38
DEV_009_2024-10-28 11:00:00,2024-10-28 11:00:00,DEV_009,72,96,8
DEV_009_2024-10-28 12:00:00,2024-10-28 12:00:00,DEV_009,74,63,87
DEV_009_2024-10-28 13:00:00,2024-10-28 13:00:00,DEV_009,4,48,52
DEV_009_2024-10-28 14:00:00,2024-10-28 14:00:00,DEV_009,38,94,87
DEV_009_2024-10-28 15:00:00,2024-10-28 15:00:00,DEV_009,5,85,70
DEV_009_2024-10-28 16:00:00,2024-10-28 16:00:00,DEV_009,81,89,24
DEV_009_2024-10-28 17:00:00,2024-10-28 17:00:00,DEV_009,86,77,17
DEV_009_2024-10-28 18:00:00,2024-10-28 18:00:00,DEV_009,78,98,90
DEV_009_2024-10-28 19:00:00,2024-10-28 19:00:00,DEV_009,83,26,3
DEV_009_2024-10-28 20:00:00,2024-10-28 20:00:00,DEV_009,2,92,2
DEV_009_2024-10-28 21:00:00,2024-10-28 21:00:00,DEV_009,22,71,4
DEV_009_2024-10-28 22:00:00,2024-10-28 22:00:00,DEV_009,38,84,70
DEV_009_2024-10-28 23:00:00,2024-10-28 23:00:00,DEV_009,73,52,31
DEV_009_2024-10-29 00:00:00,2024-10-29 00:00:00,DEV_009,26,36,26
DEV_009_2024-10-29 01:00:00,2024-10-29 01:00:00,DEV_009,28,5,74
DEV_009_2024-10-29 02:00:00,2024-10-29 02:00:00,DEV_009,18,15,57
DEV_009_2024-10-29 03:00:00,2024-10-29 03:00:00,DEV_009,97,5,37
DEV_009_2024-10-29 04:00:00,2024-10-29 04:00:00,DEV_009,86,86,22
DEV_009_2024-10-29 05:00:00,2024-10-29 05:00:00,DEV_009,52,15,17
DEV_009_2024-10-29 06:00:00,2024-10-29 06:00:00,DEV_009,51,45,63
DEV_009_2024-10-29 07:00:00,2024-10-29 07:00:00,DEV_009,28,59,86
DEV_009_2024-10-29 08:00:00,2024-10-29 08:00:00,DEV_009,21,42,81
DEV_009_2024-10-29 09:00:00,2024-10-29 09:00:00,DEV_009,69,82,17
DEV_009_2024-10-29 10:00:00,2024-10-29 10:00:00,DEV_009,68,7,89
DEV_009_2024-10-29 11:00:00,2024-10-29 11:00:00,DEV_009,40,40,43
DEV_009_2024-10-29 12:00:00,2024-10-29 12:00:00,DEV_009,73,83,51
DEV_009_2024-10-29 13:00:00,2024-10-29 13:00:00,DEV_009,73,23,95
DEV_009_2024-10-29 14:00:00,2024-10-29 14:00:00,DEV_009,32,31,17
DEV_009_2024-10-29 15:00:00,2024-10-29 15:00:00,DEV_009,58,86,35
DEV_009_2024-10-29 16:00:00,2024-10-29 16:00:00,DEV_009,30,64,53
DEV_009_2024-10-29 17:00:00,2024-10-29 17:00:00,DEV_009,51,37,90
DEV_009_2024-10-29 18:00:00,2024-10-29 18:00:00,DEV_009,6,34,56
DEV_009_2024-10-29 19:00:00,2024-10-29 19:00:00,DEV_009,96,25,13
DEV_009_2024-10-29 20:00:00,2024-10-29 20:00:00,DEV_009,63,66,5
DEV_009_2024-10-29 21:00:00,2024-10-29 21:00:00,DEV_009,75,11,88
DEV_009_2024-10-29 22:00:00,2024-10-29 22:00:00,DEV_009,78,94,44
DEV_009_2024-10-29 23:00:00,2024-10-29 23:00:00,DEV_009,99,85,69
DEV_009_2024-10-30 00:00:00,2024-10-30 00:00:00,DEV_009,2,40,37
DEV_009_2024-10-30 01:00:00,2024-10-30 01:00:00,DEV_009,49,98,75
DEV_009_2024-10-30 02:00:00,2024-10-30 02:00:00,DEV_009,36,75,73
DEV_009_2024-10-30 03:00:00,2024-10-30 03:00:00,DEV_009,70,34,58
DEV_009_2024-10-30 04:00:00,2024-10-30 04:00:00,DEV_009,37,96,60
DEV_009_2024-10-30 05:00:00,2024-10-30 05:00:00,DEV_009,12,32,81
DEV_009_2024-10-30 06:00:00,2024-10-30 06:00:00,DEV_009,4,33,43
DEV_009_2024-10-30 07:00:00,2024-10-30 07:00:00,DEV_009,9,98,51
DEV_009_2024-10-30 08:00:00,2024-10-30 08:00:00,DEV_009,94,20,39
DEV_009_2024-10-30 09:00:00,2024-10-30 09:00:00,DEV_009,23,41,44
DEV_009_2024-10-30 10:00:00,2024-10-30 10:00:00,DEV_009,35,23,58
DEV_009_2024-10-30 11:00:00,2024-10-30 11:00:00,DEV_009,48,87,58
DEV_009_2024-10-30 12:00:00,2024-10-30 12:00:00,DEV_009,57,87,39
DEV_009_2024-10-30 13:00:00,2024-10-30 13:00:00,DEV_009,28,64,62
DEV_009_2024-10-30 14:00:00,2024-10-30 14:00:00,DEV_009,83,62,94
DEV_009_2024-10-30 15:00:00,2024-10-30 15:00:00,DEV_009,85,88,85
DEV_009_2024-10-30 16:00:00,2024-10-30 16:00:00,DEV_009,26,51,50
DEV_009_2024-10-30 17:00:00,2024-10-30 17:00:00,DEV_009,36,26,33
DEV_009_2024-10-30 18:00:00,2024-10-30 18:00:00,DEV_009,68,73,8
DEV_009_2024-10-30 19:00:00,2024-10-30 19:00:00,DEV_009,66,93,23
DEV_009_2024-10-30 20:00:00,2024-10-30 20:00:00,DEV_009,70,55,43
DEV_009_2024-10-30 21:00:00,2024-10-30 21:00:00,DEV_009,21,22,9
DEV_009_2024-10-30 22:00:00,2024-10-30 22:00:00,DEV_009,34,59,26
DEV_009_2024-10-30 23:00:00,2024-10-30 23:00:00,DEV_009,1,5,41
DEV_009_2024-10-31 00:00:00,2024-10-31 00:00:00,DEV_009,63,22,68
DEV_009_2024-10-31 01:00:00,2024-10-31 01:00:00,DEV_009,48,66,16
DEV_009_2024-10-31 02:00:00,2024-10-31 02:00:00,DEV_009,80,53,86
DEV_009_2024-10-31 03:00:00,2024-10-31 03:00:00,DEV_009,65,79,64
DEV_009_2024-10-31 04:00:00,2024-10-31 04:00:00,DEV_009,88,68,63
DEV_009_2024-10-31 05:00:00,2024-10-31 05:00:00,DEV_009,62,82,81
DEV_009_2024-10-31 06:00:00,2024-10-31 06:00:00,DEV_009,71,45,52
DEV_009_2024-10-31 07:00:00,2024-10-31 07:00:00,DEV_009,74,65,2
DEV_009_2024-10-31 08:00:00,2024-10-31 08:00:00,DEV_009,49,22,96
DEV_009_2024-10-31 09:00:00,2024-10-31 09:00:00,DEV_009,29,35,81
DEV_009_2024-10-31 10:00:00,2024-10-31 10:00:00,DEV_009,76,24,94
DEV_009_2024-10-31 11:00:00,2024-10-31 11:00:00,DEV_009,30,84,42
DEV_009_2024-10-31 12:00:00,2024-10-31 12:00:00,DEV_009,71,50,71
DEV_009_2024-10-31 13:00:00,2024-10-31 13:00:00,DEV_009,60,30,12
DEV_009_2024-10-31 14:00:00,2024-10-31 14:00:00,DEV_009,49,95,82
DEV_009_2024-10-31 15:00:00,2024-10-31 15:00:00,DEV_009,46,43,2
DEV_009_2024-10-31 16:00:00,2024-10-31 16:00:00,DEV_009,97,75,98
DEV_009_2024-10-31 17:00:00,2024-10-31 17:00:00,DEV_009,80,54,35
DEV_009_2024-10-31 18:00:00,2024-10-31 18:00:00,DEV_009,52,33,85
DEV_009_2024-10-31 19:00:00,2024-10-31 19:00:00,DEV_009,84,72,51
DEV_009_2024-10-31 20:00:00,2024-10-31 20:00:00,DEV_009,26,97,62
DEV_009_2024-10-31 21:00:00,2024-10-31 21:00:00,DEV_009,61,26,37
DEV_009_2024-10-31 22:00:00,2024-10-31 22:00:00,DEV_009,30,95,97
DEV_009_2024-10-31 23:00:00,2024-10-31 23:00:00,DEV_009,11,53,41
DEV_009_2024-11-01 00:00:00,2024-11-01 00:00:00,DEV_009,5,66,13
DEV_009_2024-11-01 01:00:00,2024-11-01 01:00:00,DEV_009,63,82,90
DEV_009_2024-11-01 02:00:00,2024-11-01 02:00:00,DEV_009,25,44,14
DEV_009_2024-11-01 03:00:00,2024-11-01 03:00:00,DEV_009,69,59,56
DEV_009_2024-11-01 04:00:00,2024-11-01 04:00:00,DEV_009,52,66,68
DEV_009_2024-11-01 05:00:00,2024-11-01 05:00:00,DEV_009,12,75,68
DEV_009_2024-11-01 06:00:00,2024-11-01 06:00:00,DEV_009,43,73,74
DEV_009_2024-11-01 07:00:00,2024-11-01 07:00:00,DEV_009,91,6,15
DEV_009_2024-11-01 08:00:00,2024-11-01 08:00:00,DEV_009,42,31,86
DEV_009_2024-11-01 09:00:00,2024-11-01 09:00:00,DEV_009,53,6,33
DEV_009_2024-11-01 10:00:00,2024-11-01 10:00:00,DEV_009,29,21,54
DEV_009_2024-11-01 11:00:00,2024-11-01 11:00:00,DEV_009,56,94,21
DEV_009_2024-11-01 12:00:00,2024-11-01 12:00:00,DEV_009,55,58,64
DEV_009_2024-11-01 13:00:00,2024-11-01 13:00:00,DEV_009,86,46,84
DEV_009_2024-11-01 14:00:00,2024-11-01 14:00:00,DEV_009,22,60,11
DEV_009_2024-11-01 15:00:00,2024-11-01 15:00:00,DEV_009,47,31,77
DEV_009_2024-11-01 16:00:00,2024-11-01 16:00:00,DEV_009,18,22,56
DEV_009_2024-11-01 17:00:00,2024-11-01 17:00:00,DEV_009,17,38,25
DEV_009_2024-11-01 18:00:00,2024-11-01 18:00:00,DEV_009,32,15,13
DEV_009_2024-11-01 19:00:00,2024-11-01 19:00:00,DEV_009,58,90,50
DEV_009_2024-11-01 20:00:00,2024-11-01 20:00:00,DEV_009,11,13,97
DEV_009_2024-11-01 21:00:00,2024-11-01 21:00:00,DEV_009,50,38,1
DEV_009_2024-11-01 22:00:00,2024-11-01 22:00:00,DEV_009,39,27,36
DEV_009_2024-11-01 23:00:00,2024-11-01 23:00:00,DEV_009,32,41,15
DEV_009_2024-11-02 00:00:00,2024-11-02 00:00:00,DEV_009,31,6,89
DEV_009_2024-11-02 01:00:00,2024-11-02 01:00:00,DEV_009,52,82,22
DEV_009_2024-11-02 02:00:00,2024-11-02 02:00:00,DEV_009,31,73,46
DEV_009_2024-11-02 03:00:00,2024-11-02 03:00:00,DEV_009,67,97,91
DEV_009_2024-11-02 04:00:00,2024-11-02 04:00:00,DEV_009,43,1,44
DEV_009_2024-11-02 05:00:00,2024-11-02 05:00:00,DEV_009,57,9,5
DEV_009_2024-11-02 06:00:00,2024-11-02 06:00:00,DEV_009,79,9,45
DEV_009_2024-11-02 07:00:00,2024-11-02 07:00:00,DEV_009,92,77,24
DEV_009_2024-11-02 08:00:00,2024-11-02 08:00:00,DEV_009,74,42,22
DEV_009_2024-11-02 09:00:00,2024-11-02 09:00:00,DEV_009,60,86,37
DEV_009_2024-11-02 10:00:00,2024-11-02 10:00:00,DEV_009,39,84,74
DEV_009_2024-11-02 11:00:00,2024-11-02 11:00:00,DEV_009,74,90,89
DEV_009_2024-11-02 12:00:00,2024-11-02 12:00:00,DEV_009,53,28,77
DEV_009_2024-11-02 13:00:00,2024-11-02 13:00:00,DEV_009,15,60,60
DEV_009_2024-11-02 14:00:00,2024-11-02 14:00:00,DEV_009,6,52,12
DEV_009_2024-11-02 15:00:00,2024-11-02 15:00:00,DEV_009,19,96,75
DEV_009_2024-11-02 16:00:00,2024-11-02 16:00:00,DEV_009,97,2,55
DEV_009_2024-11-02 17:00:00,2024-11-02 17:00:00,DEV_009,15,64,69
DEV_009_2024-11-02 18:00:00,2024-11-02 18:00:00,DEV_009,15,43,74
DEV_009_2024-11-02 19:00:00,2024-11-02 19:00:00,DEV_009,17,98,24
DEV_009_2024-11-02 20:00:00,2024-11-02 20:00:00,DEV_009,74,30,67
DEV_009_2024-11-02 21:00:00,2024-11-02 21:00:00,DEV_009,51,60,3
DEV_009_2024-11-02 22:00:00,2024-11-02 22:00:00,DEV_009,5,28,78
DEV_009_2024-11-02 23:00:00,2024-11-02 23:00:00,DEV_009,11,72,72
DEV_009_2024-11-03 00:00:00,2024-11-03 00:00:00,DEV_009,76,15,83
DEV_009_2024-11-03 01:00:00,2024-11-03 01:00:00,DEV_009,48,46,28
DEV_009_2024-11-03 02:00:00,2024-11-03 02:00:00,DEV_009,7,71,94
DEV_009_2024-11-03 03:00:00,2024-11-03 03:00:00,DEV_009,82,88,6
DEV_009_2024-11-03 04:00:00,2024-11-03 04:00:00,DEV_009,58,68,55
DEV_009_2024-11-03 05:00:00,2024-11-03 05:00:00,DEV_009,67,49,51
DEV_009_2024-11-03 06:00:00,2024-11-03 06:00:00,DEV_009,59,6,90
DEV_009_2024-11-03 07:00:00,2024-11-03 07:00:00,DEV_009,51,38,11
DEV_009_2024-11-03 08:00:00,2024-11-03 08:00:00,DEV_009,52,93,20
DEV_009_2024-11-03 09:00:00,2024-11-03 09:00:00,DEV_009,10,26,48
DEV_009_2024-11-03 10:00:00,2024-11-03 10:00:00,DEV_009,91,14,59
DEV_009_2024-11-03 11:00:00,2024-11-03 11:00:00,DEV_009,12,23,85
DEV_009_2024-11-03 12:00:00,2024-11-03 12:00:00,DEV_009,72,39,9
DEV_009_2024-11-03 13:00:00,2024-11-03 13:00:00,DEV_009,88,95,25
DEV_009_2024-11-03 14:00:00,2024-11-03 14:00:00,DEV_009,17,42,29
DEV_009_2024-11-03 15:00:00,2024-11-03 15:00:00,DEV_009,60,67,85
DEV_009_2024-11-03 16:00:00,2024-11-03 16:00:00,DEV_009,57,72,14
DEV_009_2024-11-03 17:00:00,2024-11-03 17:00:00,DEV_009,39,16,18
DEV_009_2024-11-03 18:00:00,2024-11-03 18:00:00,DEV_009,95,75,20
DEV_009_2024-11-03 19:00:00,2024-11-03 19:00:00,DEV_009,46,45,4
DEV_009_2024-11-03 20:00:00,2024-11-03 20:00:00,DEV_009,84,95,20
DEV_009_2024-11-03 21:00:00,2024-11-03 21:00:00,DEV_009,11,65,18
DEV_009_2024-11-03 22:00:00,2024-11-03 22:00:00,DEV_009,39,44,97
DEV_009_2024-11-03 23:00:00,2024-11-03 23:00:00,DEV_009,18,47,31
DEV_009_2024-11-04 00:00:00,2024-11-04 00:00:00,DEV_009,99,39,38
DEV_009_2024-11-04 01:00:00,2024-11-04 01:00:00,DEV_009,79,47,70
DEV_009_2024-11-04 02:00:00,2024-11-04 02:00:00,DEV_009,8,86,65
DEV_009_2024-11-04 03:00:00,2024-11-04 03:00:00,DEV_009,13,55,88
DEV_009_2024-11-04 04:00:00,2024-11-04 04:00:00,DEV_009,85,43,4
DEV_009_2024-11-04 05:00:00,2024-11-04 05:00:00,DEV_009,71,60,12
DEV_009_2024-11-04 06:00:00,2024-11-04 06:00:00,DEV_009,59,77,54
DEV_009_2024-11-04 07:00:00,2024-11-04 07:00:00,DEV_009,44,16,6
DEV_009_2024-11-04 08:00:00,2024-11-04 08:00:00,DEV_009,14,58,31
DEV_009_2024-11-04 09:00:00,2024-11-04 09:00:00,DEV_009,41,35,10
DEV_009_2024-11-04 10:00:00,2024-11-04 10:00:00,DEV_009,81,30,44
DEV_009_2024-11-04 11:00:00,2024-11-04 11:00:00,DEV_009,55,71,18
DEV_009_2024-11-04 12:00:00,2024-11-04 12:00:00,DEV_009,83,79,86
DEV_009_2024-11-04 13:00:00,2024-11-04 13:00:00,DEV_009,39,42,54
DEV_009_2024-11-04 14:00:00,2024-11-04 14:00:00,DEV_009,30,20,96
DEV_009_2024-11-04 15:00:00,2024-11-04 15:00:00,DEV_009,42,89,87
DEV_009_2024-11-04 16:00:00,2024-11-04 16:00:00,DEV_009,5,50,41
DEV_009_2024-11-04 17:00:00,2024-11-04 17:00:00,DEV_009,94,39,57
DEV_009_2024-11-04 18:00:00,2024-11-04 18:00:00,DEV_009,91,57,37
DEV_009_2024-11-04 19:00:00,2024-11-04 19:00:00,DEV_009,7,5,79
DEV_009_2024-11-04 20:00:00,2024-11-04 20:00:00,DEV_009,51,8,56
DEV_009_2024-11-04 21:00:00,2024-11-04 21:00:00,DEV_009,73,11,22
DEV_009_2024-11-04 22:00:00,2024-11-04 22:00:00,DEV_009,98,99,77
DEV_009_2024-11-04 23:00:00,2024-11-04 23:00:00,DEV_009,11,60,96
DEV_009_2024-11-05 00:00:00,2024-11-05 00:00:00,DEV_009,15,38,1
DEV_009_2024-11-05 01:00:00,2024-11-05 01:00:00,DEV_009,46,88,43
DEV_009_2024-11-05 02:00:00,2024-11-05 02:00:00,DEV_009,22,3,14
DEV_009_2024-11-05 03:00:00,2024-11-05 03:00:00,DEV_009,2,61,32
DEV_009_2024-11-05 04:00:00,2024-11-05 04:00:00,DEV_009,38,97,46
DEV_009_2024-11-05 05:00:00,2024-11-05 05:00:00,DEV_009,42,6,41
DEV_009_2024-11-05 06:00:00,2024-11-05 06:00:00,DEV_009,25,98,11
DEV_009_2024-11-05 07:00:00,2024-11-05 07:00:00,DEV_009,41,71,57
DEV_009_2024-11-05 08:00:00,2024-11-05 08:00:00,DEV_009,46,86,48
DEV_009_2024-11-05 09:00:00,2024-11-05 09:00:00,DEV_009,63,39,10
DEV_009_2024-11-05 10:00:00,2024-11-05 10:00:00,DEV_009,85,70,65
DEV_009_2024-11-05 11:00:00,2024-11-05 11:00:00,DEV_009,98,59,78
DEV_009_2024-11-05 12:00:00,2024-11-05 12:00:00,DEV_009,36,27,73
DEV_009_2024-11-05 13:00:00,2024-11-05 13:00:00,DEV_009,55,70,95
DEV_009_2024-11-05 14:00:00,2024-11-05 14:00:00,DEV_009,81,53,60
DEV_009_2024-11-05 15:00:00,2024-11-05 15:00:00,DEV_009,61,36,85
DEV_009_2024-11-05 16:00:00,2024-11-05 16:00:00,DEV_009,27,41,28
DEV_009_2024-11-05 17:00:00,2024-11-05 17:00:00,DEV_009,16,35,36
DEV_009_2024-11-05 18:00:00,2024-11-05 18:00:00,DEV_009,56,99,19
DEV_009_2024-11-05 19:00:00,2024-11-05 19:00:00,DEV_009,57,85,33
DEV_009_2024-11-05 20:00:00,2024-11-05 20:00:00,DEV_009,23,63,70
DEV_009_2024-11-05 21:00:00,2024-11-05 21:00:00,DEV_009,96,22,67
DEV_009_2024-11-05 22:00:00,2024-11-05 22:00:00,DEV_009,99,80,59
DEV_009_2024-11-05 23:00:00,2024-11-05 23:00:00,DEV_009,25,17,39
DEV_009_2024-11-06 00:00:00,2024-11-06 00:00:00,DEV_009,77,92,75
DEV_009_2024-11-06 01:00:00,2024-11-06 01:00:00,DEV_009,74,39,24
DEV_009_2024-11-06 02:00:00,2024-11-06 02:00:00,DEV_009,38,88,97
DEV_009_2024-11-06 03:00:00,2024-11-06 03:00:00,DEV_009,81,57,44
DEV_009_2024-11-06 04:00:00,2024-11-06 04:00:00,DEV_009,36,99,70
DEV_009_2024-11-06 05:00:00,2024-11-06 05:00:00,DEV_009,80,45,92
DEV_009_2024-11-06 06:00:00,2024-11-06 06:00:00,DEV_009,96,26,11
DEV_009_2024-11-06 07:00:00,2024-11-06 07:00:00,DEV_009,52,25,31
DEV_009_2024-11-06 08:00:00,2024-11-06 08:00:00,DEV_009,85,45,67
DEV_009_2024-11-06 09:00:00,2024-11-06 09:00:00,DEV_009,76,40,46
DEV_009_2024-11-06 10:00:00,2024-11-06 10:00:00,DEV_009,54,41,89
DEV_009_2024-11-06 11:00:00,2024-11-06 11:00:00,DEV_009,81,38,36
DEV_009_2024-11-06 12:00:00,2024-11-06 12:00:00,DEV_009,83,44,57
DEV_009_2024-11-06 13:00:00,2024-11-06 13:00:00,DEV_009,66,81,30
DEV_009_2024-11-06 14:00:00,2024-11-06 14:00:00,DEV_009,10,99,61
DEV_009_2024-11-06 15:00:00,2024-11-06 15:00:00,DEV_009,63,36,54
DEV_009_2024-11-06 16:00:00,2024-11-06 16:00:00,DEV_009,97,65,82
DEV_009_2024-11-06 17:00:00,2024-11-06 17:00:00,DEV_009,4,55,54
DEV_009_2024-11-06 18:00:00,2024-11-06 18:00:00,DEV_009,91,89,64
DEV_009_2024-11-06 19:00:00,2024-11-06 19:00:00,DEV_009,92,22,25
DEV_009_2024-11-06 20:00:00,2024-11-06 20:00:00,DEV_009,81,59,57
DEV_009_2024-11-06 21:00:00,2024-11-06 21:00:00,DEV_009,54,44,52
DEV_009_2024-11-06 22:00:00,2024-11-06 22:00:00,DEV_009,76,16,16
DEV_009_2024-11-06 23:00:00,2024-11-06 23:00:00,DEV_009,81,55,61
DEV_009_2024-11-07 00:00:00,2024-11-07 00:00:00,DEV_009,95,79,77
DEV_009_2024-11-07 01:00:00,2024-11-07 01:00:00,DEV_009,40,91,21
DEV_009_2024-11-07 02:00:00,2024-11-07 02:00:00,DEV_009,66,8,71
DEV_009_2024-11-07 03:00:00,2024-11-07 03:00:00,DEV_009,10,57,4
DEV_009_2024-11-07 04:00:00,2024-11-07 04:00:00,DEV_009,43,99,63
DEV_009_2024-11-07 05:00:00,2024-11-07 05:00:00,DEV_009,43,67,82
DEV_009_2024-11-07 06:00:00,2024-11-07 06:00:00,DEV_009,51,56,43
DEV_009_2024-11-07 07:00:00,2024-11-07 07:00:00,DEV_009,24,96,34
DEV_009_2024-11-07 08:00:00,2024-11-07 08:00:00,DEV_009,59,2,2
DEV_009_2024-11-07 09:00:00,2024-11-07 09:00:00,DEV_009,10,23,15
DEV_009_2024-11-07 10:00:00,2024-11-07 10:00:00,DEV_009,76,17,82
DEV_009_2024-11-07 11:00:00,2024-11-07 11:00:00,DEV_009,14,81,79
DEV_009_2024-11-07 12:00:00,2024-11-07 12:00:00,DEV_009,76,16,32
DEV_009_2024-11-07 13:00:00,2024-11-07 13:00:00,DEV_009,23,34,98
DEV_009_2024-11-07 14:00:00,2024-11-07 14:00:00,DEV_009,16,34,71
DEV_009_2024-11-07 15:00:00,2024-11-07 15:00:00,DEV_009,33,68,43
DEV_009_2024-11-07 16:00:00,2024-11-07 16:00:00,DEV_009,64,71,18
DEV_009_2024-11-07 17:00:00,2024-11-07 17:00:00,DEV_009,68,61,75
DEV_009_2024-11-07 18:00:00,2024-11-07 18:00:00,DEV_009,20,11,79
DEV_009_2024-11-07 19:00:00,2024-11-07 19:00:00,DEV_009,46,64,81
DEV_009_2024-11-07 20:00:00,2024-11-07 20:00:00,DEV_009,98,76,28
DEV_009_2024-11-07 21:00:00,2024-11-07 21:00:00,DEV_009,48,35,8
DEV_009_2024-11-07 22:00:00,2024-11-07 22:00:00,DEV_009,91,22,24
DEV_009_2024-11-07 23:00:00,2024-11-07 23:00:00,DEV_009,66,95,86
DEV_009_2024-11-08 00:00:00,2024-11-08 00:00:00,DEV_009,64,65,14
DEV_009_2024-11-08 01:00:00,2024-11-08 01:00:00,DEV_009,25,3,5
DEV_009_2024-11-08 02:00:00,2024-11-08 02:00:00,DEV_009,65,54,19
DEV_009_2024-11-08 03:00:00,2024-11-08 03:00:00,DEV_009,97,54,94
DEV_009_2024-11-08 04:00:00,2024-11-08 04:00:00,DEV_009,76,10,98
DEV_009_2024-11-08 05:00:00,2024-11-08 05:00:00,DEV_009,16,46,29
DEV_009_2024-11-08 06:00:00,2024-11-08 06:00:00,DEV_009,15,48,11
DEV_009_2024-11-08 07:00:00,2024-11-08 07:00:00,DEV_009,34,36,30
DEV_009_2024-11-08 08:00:00,2024-11-08 08:00:00,DEV_009,99,73,82
DEV_009_2024-11-08 09:00:00,2024-11-08 09:00:00,DEV_009,19,68,70
DEV_009_2024-11-08 10:00:00,2024-11-08 10:00:00,DEV_009,33,96,80
DEV_009_2024-11-08 11:00:00,2024-11-08 11:00:00,DEV_009,75,22,36
DEV_009_2024-11-08 12:00:00,2024-11-08 12:00:00,DEV_009,23,63,26
DEV_009_2024-11-08 13:00:00,2024-11-08 13:00:00,DEV_009,60,95,93
DEV_009_2024-11-08 14:00:00,2024-11-08 14:00:00,DEV_009,5,54,38
DEV_009_2024-11-08 15:00:00,2024-11-08 15:00:00,DEV_009,62,25,98
DEV_009_2024-11-08 16:00:00,2024-11-08 16:00:00,DEV_009,12,22,9
DEV_009_2024-11-08 17:00:00,2024-11-08 17:00:00,DEV_009,84,29,44
DEV_009_2024-11-08 18:00:00,2024-11-08 18:00:00,DEV_009,93,27,55
DEV_009_2024-11-08 19:00:00,2024-11-08 19:00:00,DEV_009,81,5,52
DEV_009_2024-11-08 20:00:00,2024-11-08 20:00:00,DEV_009,13,42,15
DEV_009_2024-11-08 21:00:00,2024-11-08 21:00:00,DEV_009,79,18,50
DEV_009_2024-11-08 22:00:00,2024-11-08 22:00:00,DEV_009,2,87,13
DEV_009_2024-11-08 23:00:00,2024-11-08 23:00:00,DEV_009,68,47,89
DEV_009_2024-11-09 00:00:00,2024-11-09 00:00:00,DEV_009,75,50,12
DEV_009_2024-11-09 01:00:00,2024-11-09 01:00:00,DEV_009,13,9,59
DEV_009_2024-11-09 02:00:00,2024-11-09 02:00:00,DEV_009,45,70,43
DEV_009_2024-11-09 03:00:00,2024-11-09 03:00:00,DEV_009,74,23,79
DEV_009_2024-11-09 04:00:00,2024-11-09 04:00:00,DEV_009,45,23,34
DEV_009_2024-11-09 05:00:00,2024-11-09 05:00:00,DEV_009,16,63,51
DEV_009_2024-11-09 06:00:00,2024-11-09 06:00:00,DEV_009,32,38,56
DEV_009_2024-11-09 07:00:00,2024-11-09 07:00:00,DEV_009,69,17,86
DEV_009_2024-11-09 08:00:00,2024-11-09 08:00:00,DEV_009,39,41,48
DEV_009_2024-11-09 09:00:00,2024-11-09 09:00:00,DEV_009,82,28,77
DEV_009_2024-11-09 10:00:00,2024-11-09 10:00:00,DEV_009,50,1,50
DEV_009_2024-11-09 11:00:00,2024-11-09 11:00:00,DEV_009,19,98,59
DEV_009_2024-11-09 12:00:00,2024-11-09 12:00:00,DEV_009,68,67,41
DEV_009_2024-11-09 13:00:00,2024-11-09 13:00:00,DEV_009,10,28,34
DEV_009_2024-11-09 14:00:00,2024-11-09 14:00:00,DEV_009,39,83,56
DEV_009_2024-11-09 15:00:00,2024-11-09 15:00:00,DEV_009,52,3,23
DEV_009_2024-11-09 16:00:00,2024-11-09 16:00:00,DEV_009,17,71,26
DEV_009_2024-11-09 17:00:00,2024-11-09 17:00:00,DEV_009,18,46,70
DEV_009_2024-11-09 18:00:00,2024-11-09 18:00:00,DEV_009,31,93,9
DEV_009_2024-11-09 19:00:00,2024-11-09 19:00:00,DEV_009,35,81,60
DEV_009_2024-11-09 20:00:00,2024-11-09 20:00:00,DEV_009,76,63,52
DEV_009_2024-11-09 21:00:00,2024-11-09 21:00:00,DEV_009,48,61,24
DEV_009_2024-11-09 22:00:00,2024-11-09 22:00:00,DEV_009,74,58,64
DEV_009_2024-11-09 23:00:00,2024-11-09 23:00:00,DEV_009,30,29,10
DEV_009_2024-11-10 00:00:00,2024-11-10 00:00:00,DEV_009,39,55,28
DEV_009_2024-11-10 01:00:00,2024-11-10 01:00:00,DEV_009,18,41,81
DEV_009_2024-11-10 02:00:00,2024-11-10 02:00:00,DEV_009,75,65,81
DEV_009_2024-11-10 03:00:00,2024-11-10 03:00:00,DEV_009,46,60,9
DEV_009_2024-11-10 04:00:00,2024-11-10 04:00:00,DEV_009,45,60,28
DEV_009_2024-11-10 05:00:00,2024-11-10 05:00:00,DEV_009,97,3,51
DEV_009_2024-11-10 06:00:00,2024-11-10 06:00:00,DEV_009,8,70,59
DEV_009_2024-11-10 07:00:00,2024-11-10 07:00:00,DEV_009,61,58,70
DEV_009_2024-11-10 08:00:00,2024-11-10 08:00:00,DEV_009,93,12,9
DEV_009_2024-11-10 09:00:00,2024-11-10 09:00:00,DEV_009,49,83,17
DEV_009_2024-11-10 10:00:00,2024-11-10 10:00:00,DEV_009,54,44,32
DEV_009_2024-11-10 11:00:00,2024-11-10 11:00:00,DEV_009,35,78,49
DEV_009_2024-11-10 12:00:00,2024-11-10 12:00:00,DEV_009,54,16,85
DEV_009_2024-11-10 13:00:00,2024-11-10 13:00:00,DEV_009,12,88,98
DEV_009_2024-11-10 14:00:00,2024-11-10 14:00:00,DEV_009,8,21,48
DEV_009_2024-11-10 15:00:00,2024-11-10 15:00:00,DEV_009,8,28,80
DEV_009_2024-11-10 16:00:00,2024-11-10 16:00:00,DEV_009,10,52,15
DEV_009_2024-11-10 17:00:00,2024-11-10 17:00:00,DEV_009,4,90,79
DEV_009_2024-11-10 18:00:00,2024-11-10 18:00:00,DEV_009,96,62,4
DEV_009_2024-11-10 19:00:00,2024-11-10 19:00:00,DEV_009,41,73,99
DEV_009_2024-11-10 20:00:00,2024-11-10 20:00:00,DEV_009,55,28,47
DEV_009_2024-11-10 21:00:00,2024-11-10 21:00:00,DEV_009,9,2,67
DEV_009_2024-11-10 22:00:00,2024-11-10 22:00:00,DEV_009,48,69,74
DEV_009_2024-11-10 23:00:00,2024-11-10 23:00:00,DEV_009,28,79,14
DEV_009_2024-11-11 00:00:00,2024-11-11 00:00:00,DEV_009,46,87,13
DEV_009_2024-11-11 01:00:00,2024-11-11 01:00:00,DEV_009,16,94,40
DEV_009_2024-11-11 02:00:00,2024-11-11 02:00:00,DEV_009,72,81,30
DEV_009_2024-11-11 03:00:00,2024-11-11 03:00:00,DEV_009,81,99,65
DEV_009_2024-11-11 04:00:00,2024-11-11 04:00:00,DEV_009,58,88,48
DEV_009_2024-11-11 05:00:00,2024-11-11 05:00:00,DEV_009,49,89,2
DEV_009_2024-11-11 06:00:00,2024-11-11 06:00:00,DEV_009,89,14,97
DEV_009_2024-11-11 07:00:00,2024-11-11 07:00:00,DEV_009,17,31,10
DEV_009_2024-11-11 08:00:00,2024-11-11 08:00:00,DEV_009,70,89,37
DEV_009_2024-11-11 09:00:00,2024-11-11 09:00:00,DEV_009,64,30,34
DEV_009_2024-11-11 10:00:00,2024-11-11 10:00:00,DEV_009,18,88,63
DEV_009_2024-11-11 11:00:00,2024-11-11 11:00:00,DEV_009,49,56,91
DEV_009_2024-11-11 12:00:00,2024-11-11 12:00:00,DEV_009,58,27,55
DEV_009_2024-11-11 13:00:00,2024-11-11 13:00:00,DEV_009,85,19,23
DEV_009_2024-11-11 14:00:00,2024-11-11 14:00:00,DEV_009,47,79,66
DEV_009_2024-11-11 15:00:00,2024-11-11 15:00:00,DEV_009,99,51,84
DEV_009_2024-11-11 16:00:00,2024-11-11 16:00:00,DEV_009,28,57,58
DEV_009_2024-11-11 17:00:00,2024-11-11 17:00:00,DEV_009,15,16,97
DEV_009_2024-11-11 18:00:00,2024-11-11 18:00:00,DEV_009,47,63,12
DEV_009_2024-11-11 19:00:00,2024-11-11 19:00:00,DEV_009,43,84,29
DEV_009_2024-11-11 20:00:00,2024-11-11 20:00:00,DEV_009,49,3,69
DEV_009_2024-11-11 21:00:00,2024-11-11 21:00:00,DEV_009,60,66,87
DEV_009_2024-11-11 22:00:00,2024-11-11 22:00:00,DEV_009,90,26,71
DEV_009_2024-11-11 23:00:00,2024-11-11 23:00:00,DEV_009,74,69,47
DEV_009_2024-11-12 00:00:00,2024-11-12 00:00:00,DEV_009,76,96,42
DEV_009_2024-11-12 01:00:00,2024-11-12 01:00:00,DEV_009,31,22,17
DEV_009_2024-11-12 02:00:00,2024-11-12 02:00:00,DEV_009,84,20,8
DEV_009_2024-11-12 03:00:00,2024-11-12 03:00:00,DEV_009,98,49,87
DEV_009_2024-11-12 04:00:00,2024-11-12 04:00:00,DEV_009,38,53,28
DEV_009_2024-11-12 05:00:00,2024-11-12 05:00:00,DEV_009,77,29,72
DEV_009_2024-11-12 06:00:00,2024-11-12 06:00:00,DEV_009,11,47,45
DEV_009_2024-11-12 07:00:00,2024-11-12 07:00:00,DEV_009,18,50,89
DEV_009_2024-11-12 08:00:00,2024-11-12 08:00:00,DEV_009,49,22,45
DEV_009_2024-11-12 09:00:00,2024-11-12 09:00:00,DEV_009,61,99,93
DEV_009_2024-11-12 10:00:00,2024-11-12 10:00:00,DEV_009,21,71,61
DEV_009_2024-11-12 11:00:00,2024-11-12 11:00:00,DEV_009,76,36,24
DEV_009_2024-11-12 12:00:00,2024-11-12 12:00:00,DEV_009,32,91,96
DEV_009_2024-11-12 13:00:00,2024-11-12 13:00:00,DEV_009,59,96,96
DEV_009_2024-11-12 14:00:00,2024-11-12 14:00:00,DEV_009,90,75,82
DEV_009_2024-11-12 15:00:00,2024-11-12 15:00:00,DEV_009,5,16,11
DEV_009_2024-11-12 16:00:00,2024-11-12 16:00:00,DEV_009,35,75,42
DEV_009_2024-11-12 17:00:00,2024-11-12 17:00:00,DEV_009,87,98,81
DEV_009_2024-11-12 18:00:00,2024-11-12 18:00:00,DEV_009,10,82,8
DEV_009_2024-11-12 19:00:00,2024-11-12 19:00:00,DEV_009,26,3,59
DEV_009_2024-11-12 20:00:00,2024-11-12 20:00:00,DEV_009,88,3,38
DEV_009_2024-11-12 21:00:00,2024-11-12 21:00:00,DEV_009,2,99,17
DEV_009_2024-11-12 22:00:00,2024-11-12 22:00:00,DEV_009,73,36,86
DEV_009_2024-11-12 23:00:00,2024-11-12 23:00:00,DEV_009,95,98,88
DEV_009_2024-11-13 00:00:00,2024-11-13 00:00:00,DEV_009,73,2,85
DEV_009_2024-11-13 01:00:00,2024-11-13 01:00:00,DEV_009,34,27,37
DEV_009_2024-11-13 02:00:00,2024-11-13 02:00:00,DEV_009,71,22,68
DEV_009_2024-11-13 03:00:00,2024-11-13 03:00:00,DEV_009,14,98,23
DEV_009_2024-11-13 04:00:00,2024-11-13 04:00:00,DEV_009,44,89,65
DEV_009_2024-11-13 05:00:00,2024-11-13 05:00:00,DEV_009,79,96,78
DEV_009_2024-11-13 06:00:00,2024-11-13 06:00:00,DEV_009,61,85,55
DEV_009_2024-11-13 07:00:00,2024-11-13 07:00:00,DEV_009,71,85,50
DEV_009_2024-11-13 08:00:00,2024-11-13 08:00:00,DEV_009,12,79,15
DEV_009_2024-11-13 09:00:00,2024-11-13 09:00:00,DEV_009,17,34,35
DEV_009_2024-11-13 10:00:00,2024-11-13 10:00:00,DEV_009,39,78,55
DEV_009_2024-11-13 11:00:00,2024-11-13 11:00:00,DEV_009,59,5,30
DEV_009_2024-11-13 12:00:00,2024-11-13 12:00:00,DEV_009,4,15,35
DEV_009_2024-11-13 13:00:00,2024-11-13 13:00:00,DEV_009,74,55,66
DEV_009_2024-11-13 14:00:00,2024-11-13 14:00:00,DEV_009,60,24,92
DEV_009_2024-11-13 15:00:00,2024-11-13 15:00:00,DEV_009,22,44,32
DEV_009_2024-11-13 16:00:00,2024-11-13 16:00:00,DEV_009,95,83,51
DEV_009_2024-11-13 17:00:00,2024-11-13 17:00:00,DEV_009,85,3,70
DEV_009_2024-11-13 18:00:00,2024-11-13 18:00:00,DEV_009,32,2,88
DEV_009_2024-11-13 19:00:00,2024-11-13 19:00:00,DEV_009,59,91,73
DEV_009_2024-11-13 20:00:00,2024-11-13 20:00:00,DEV_009,77,14,51
DEV_009_2024-11-13 21:00:00,2024-11-13 21:00:00,DEV_009,11,78,80
DEV_009_2024-11-13 22:00:00,2024-11-13 22:00:00,DEV_009,10,84,80
DEV_009_2024-11-13 23:00:00,2024-11-13 23:00:00,DEV_009,58,34,80
DEV_009_2024-11-14 00:00:00,2024-11-14 00:00:00,DEV_009,78,53,28
DEV_009_2024-11-14 01:00:00,2024-11-14 01:00:00,DEV_009,18,26,7
DEV_009_2024-11-14 02:00:00,2024-11-14 02:00:00,DEV_009,45,98,45
DEV_009_2024-11-14 03:00:00,2024-11-14 03:00:00,DEV_009,71,97,35
DEV_009_2024-11-14 04:00:00,2024-11-14 04:00:00,DEV_009,52,21,28
DEV_009_2024-11-14 05:00:00,2024-11-14 05:00:00,DEV_009,96,44,80
DEV_009_2024-11-14 06:00:00,2024-11-14 06:00:00,DEV_009,56,10,23
DEV_009_2024-11-14 07:00:00,2024-11-14 07:00:00,DEV_009,48,52,15
DEV_009_2024-11-14 08:00:00,2024-11-14 08:00:00,DEV_009,55,43,50
DEV_009_2024-11-14 09:00:00,2024-11-14 09:00:00,DEV_009,6,33,62
DEV_009_2024-11-14 10:00:00,2024-11-14 10:00:00,DEV_009,55,39,12
DEV_009_2024-11-14 11:00:00,2024-11-14 11:00:00,DEV_009,31,74,53
DEV_009_2024-11-14 12:00:00,2024-11-14 12:00:00,DEV_009,34,41,10
DEV_009_2024-11-14 13:00:00,2024-11-14 13:00:00,DEV_009,52,75,57
DEV_009_2024-11-14 14:00:00,2024-11-14 14:00:00,DEV_009,78,3,57
DEV_009_2024-11-14 15:00:00,2024-11-14 15:00:00,DEV_009,33,7,4
DEV_009_2024-11-14 16:00:00,2024-11-14 16:00:00,DEV_009,39,48,74
DEV_009_2024-11-14 17:00:00,2024-11-14 17:00:00,DEV_009,79,16,38
DEV_009_2024-11-14 18:00:00,2024-11-14 18:00:00,DEV_009,4,4,27
DEV_009_2024-11-14 19:00:00,2024-11-14 19:00:00,DEV_009,86,86,17
DEV_009_2024-11-14 20:00:00,2024-11-14 20:00:00,DEV_009,98,96,70
DEV_009_2024-11-14 21:00:00,2024-11-14 21:00:00,DEV_009,54,97,8
DEV_009_2024-11-14 22:00:00,2024-11-14 22:00:00,DEV_009,53,5,69
DEV_009_2024-11-14 23:00:00,2024-11-14 23:00:00,DEV_009,47,74,40
DEV_009_2024-11-15 00:00:00,2024-11-15 00:00:00,DEV_009,7,12,94
DEV_009_2024-11-15 01:00:00,2024-11-15 01:00:00,DEV_009,25,28,43
DEV_009_2024-11-15 02:00:00,2024-11-15 02:00:00,DEV_009,77,47,49
DEV_009_2024-11-15 03:00:00,2024-11-15 03:00:00,DEV_009,86,54,18
DEV_009_2024-11-15 04:00:00,2024-11-15 04:00:00,DEV_009,27,72,6
DEV_009_2024-11-15 05:00:00,2024-11-15 05:00:00,DEV_009,75,93,69
DEV_009_2024-11-15 06:00:00,2024-11-15 06:00:00,DEV_009,71,22,59
DEV_009_2024-11-15 07:00:00,2024-11-15 07:00:00,DEV_009,47,68,32
DEV_009_2024-11-15 08:00:00,2024-11-15 08:00:00,DEV_009,83,97,1
DEV_009_2024-11-15 09:00:00,2024-11-15 09:00:00,DEV_009,54,46,41
DEV_009_2024-11-15 10:00:00,2024-11-15 10:00:00,DEV_009,41,8,32
DEV_009_2024-11-15 11:00:00,2024-11-15 11:00:00,DEV_009,30,46,92
DEV_009_2024-11-15 12:00:00,2024-11-15 12:00:00,DEV_009,52,96,89
DEV_009_2024-11-15 13:00:00,2024-11-15 13:00:00,DEV_009,98,61,97
DEV_009_2024-11-15 14:00:00,2024-11-15 14:00:00,DEV_009,13,89,40
DEV_009_2024-11-15 15:00:00,2024-11-15 15:00:00,DEV_009,61,44,62
DEV_009_2024-11-15 16:00:00,2024-11-15 16:00:00,DEV_009,44,48,74
DEV_009_2024-11-15 17:00:00,2024-11-15 17:00:00,DEV_009,59,57,95
DEV_009_2024-11-15 18:00:00,2024-11-15 18:00:00,DEV_009,11,25,61
DEV_009_2024-11-15 19:00:00,2024-11-15 19:00:00,DEV_009,46,54,34
DEV_009_2024-11-15 20:00:00,2024-11-15 20:00:00,DEV_009,84,7,97
DEV_009_2024-11-15 21:00:00,2024-11-15 21:00:00,DEV_009,62,57,99
DEV_009_2024-11-15 22:00:00,2024-11-15 22:00:00,DEV_009,93,76,5
DEV_009_2024-11-15 23:00:00,2024-11-15 23:00:00,DEV_009,76,93,35
DEV_009_2024-11-16 00:00:00,2024-11-16 00:00:00,DEV_009,84,37,60
DEV_009_2024-11-16 01:00:00,2024-11-16 01:00:00,DEV_009,65,16,30
DEV_009_2024-11-16 02:00:00,2024-11-16 02:00:00,DEV_009,73,42,61
DEV_009_2024-11-16 03:00:00,2024-11-16 03:00:00,DEV_009,74,77,48
DEV_009_2024-11-16 04:00:00,2024-11-16 04:00:00,DEV_009,62,84,93
DEV_009_2024-11-16 05:00:00,2024-11-16 05:00:00,DEV_009,64,57,68
DEV_009_2024-11-16 06:00:00,2024-11-16 06:00:00,DEV_009,46,28,77
DEV_009_2024-11-16 07:00:00,2024-11-16 07:00:00,DEV_009,3,37,48
DEV_009_2024-11-16 08:00:00,2024-11-16 08:00:00,DEV_009,19,92,83
DEV_009_2024-11-16 09:00:00,2024-11-16 09:00:00,DEV_009,17,82,82
DEV_009_2024-11-16 10:00:00,2024-11-16 10:00:00,DEV_009,87,40,50
DEV_009_2024-11-16 11:00:00,2024-11-16 11:00:00,DEV_009,73,29,51
DEV_009_2024-11-16 12:00:00,2024-11-16 12:00:00,DEV_009,42,29,66
DEV_009_2024-11-16 13:00:00,2024-11-16 13:00:00,DEV_009,17,31,92
DEV_009_2024-11-16 14:00:00,2024-11-16 14:00:00,DEV_009,52,39,60
DEV_009_2024-11-16 15:00:00,2024-11-16 15:00:00,DEV_009,94,99,51
DEV_009_2024-11-16 16:00:00,2024-11-16 16:00:00,DEV_009,84,16,98
DEV_009_2024-11-16 17:00:00,2024-11-16 17:00:00,DEV_009,14,90,84
DEV_009_2024-11-16 18:00:00,2024-11-16 18:00:00,DEV_009,42,51,24
DEV_009_2024-11-16 19:00:00,2024-11-16 19:00:00,DEV_009,82,43,73
DEV_009_2024-11-16 20:00:00,2024-11-16 20:00:00,DEV_009,19,84,61
DEV_009_2024-11-16 21:00:00,2024-11-16 21:00:00,DEV_009,94,63,26
DEV_009_2024-11-16 22:00:00,2024-11-16 22:00:00,DEV_009,95,35,67
DEV_009_2024-11-16 23:00:00,2024-11-16 23:00:00,DEV_009,56,40,29
DEV_009_2024-11-17 00:00:00,2024-11-17 00:00:00,DEV_009,6,52,1
DEV_009_2024-11-17 01:00:00,2024-11-17 01:00:00,DEV_009,52,24,34
DEV_009_2024-11-17 02:00:00,2024-11-17 02:00:00,DEV_009,7,75,11
DEV_009_2024-11-17 03:00:00,2024-11-17 03:00:00,DEV_009,36,20,63
DEV_009_2024-11-17 04:00:00,2024-11-17 04:00:00,DEV_009,80,63,69
DEV_009_2024-11-17 05:00:00,2024-11-17 05:00:00,DEV_009,88,30,30
DEV_009_2024-11-17 06:00:00,2024-11-17 06:00:00,DEV_009,97,84,22
DEV_009_2024-11-17 07:00:00,2024-11-17 07:00:00,DEV_009,61,21,37
DEV_009_2024-11-17 08:00:00,2024-11-17 08:00:00,DEV_009,27,35,38
DEV_009_2024-11-17 09:00:00,2024-11-17 09:00:00,DEV_009,60,70,32
DEV_009_2024-11-17 10:00:00,2024-11-17 10:00:00,DEV_009,80,92,80
DEV_009_2024-11-17 11:00:00,2024-11-17 11:00:00,DEV_009,27,3,49
DEV_009_2024-11-17 12:00:00,2024-11-17 12:00:00,DEV_009,85,30,22
DEV_009_2024-11-17 13:00:00,2024-11-17 13:00:00,DEV_009,19,31,20
DEV_009_2024-11-17 14:00:00,2024-11-17 14:00:00,DEV_009,19,2,40
DEV_009_2024-11-17 15:00:00,2024-11-17 15:00:00,DEV_009,39,91,72
DEV_009_2024-11-17 16:00:00,2024-11-17 16:00:00,DEV_009,54,27,79
DEV_009_2024-11-17 17:00:00,2024-11-17 17:00:00,DEV_009,12,78,71
DEV_009_2024-11-17 18:00:00,2024-11-17 18:00:00,DEV_009,17,90,84
DEV_009_2024-11-17 19:00:00,2024-11-17 19:00:00,DEV_009,10,19,82
DEV_009_2024-11-17 20:00:00,2024-11-17 20:00:00,DEV_009,30,30,25
DEV_009_2024-11-17 21:00:00,2024-11-17 21:00:00,DEV_009,88,74,66
DEV_009_2024-11-17 22:00:00,2024-11-17 22:00:00,DEV_009,96,35,51
DEV_009_2024-11-17 23:00:00,2024-11-17 23:00:00,DEV_009,71,71,27
DEV_009_2024-11-18 00:00:00,2024-11-18 00:00:00,DEV_009,10,97,43
DEV_009_2024-11-18 01:00:00,2024-11-18 01:00:00,DEV_009,55,71,6
DEV_009_2024-11-18 02:00:00,2024-11-18 02:00:00,DEV_009,6,77,48
DEV_009_2024-11-18 03:00:00,2024-11-18 03:00:00,DEV_009,77,2,83
DEV_009_2024-11-18 04:00:00,2024-11-18 04:00:00,DEV_009,51,61,19
DEV_009_2024-11-18 05:00:00,2024-11-18 05:00:00,DEV_009,2,51,26
DEV_009_2024-11-18 06:00:00,2024-11-18 06:00:00,DEV_009,70,20,23
DEV_009_2024-11-18 07:00:00,2024-11-18 07:00:00,DEV_009,54,15,6
DEV_009_2024-11-18 08:00:00,2024-11-18 08:00:00,DEV_009,92,35,75
DEV_009_2024-11-18 09:00:00,2024-11-18 09:00:00,DEV_009,8,57,50
DEV_009_2024-11-18 10:00:00,2024-11-18 10:00:00,DEV_009,49,88,21
DEV_009_2024-11-18 11:00:00,2024-11-18 11:00:00,DEV_009,36,71,69
DEV_009_2024-11-18 12:00:00,2024-11-18 12:00:00,DEV_009,58,63,93
DEV_009_2024-11-18 13:00:00,2024-11-18 13:00:00,DEV_009,16,6,78
DEV_009_2024-11-18 14:00:00,2024-11-18 14:00:00,DEV_009,52,2,89
DEV_009_2024-11-18 15:00:00,2024-11-18 15:00:00,DEV_009,95,77,18
DEV_009_2024-11-18 16:00:00,2024-11-18 16:00:00,DEV_009,81,92,76
DEV_009_2024-11-18 17:00:00,2024-11-18 17:00:00,DEV_009,35,86,39
DEV_009_2024-11-18 18:00:00,2024-11-18 18:00:00,DEV_009,1,37,21
DEV_009_2024-11-18 19:00:00,2024-11-18 19:00:00,DEV_009,1,4,96
DEV_009_2024-11-18 20:00:00,2024-11-18 20:00:00,DEV_009,58,1,13
DEV_009_2024-11-18 21:00:00,2024-11-18 21:00:00,DEV_009,46,47,81
DEV_009_2024-11-18 22:00:00,2024-11-18 22:00:00,DEV_009,76,7,51
DEV_009_2024-11-18 23:00:00,2024-11-18 23:00:00,DEV_009,3,50,26
DEV_009_2024-11-19 00:00:00,2024-11-19 00:00:00,DEV_009,31,62,26
DEV_009_2024-11-19 01:00:00,2024-11-19 01:00:00,DEV_009,67,55,28
DEV_009_2024-11-19 02:00:00,2024-11-19 02:00:00,DEV_009,44,81,38
DEV_009_2024-11-19 03:00:00,2024-11-19 03:00:00,DEV_009,30,66,8
DEV_009_2024-11-19 04:00:00,2024-11-19 04:00:00,DEV_009,14,99,62
DEV_009_2024-11-19 05:00:00,2024-11-19 05:00:00,DEV_009,75,63,79
DEV_009_2024-11-19 06:00:00,2024-11-19 06:00:00,DEV_009,66,96,40
DEV_009_2024-11-19 07:00:00,2024-11-19 07:00:00,DEV_009,13,17,15
DEV_009_2024-11-19 08:00:00,2024-11-19 08:00:00,DEV_009,33,16,13
DEV_009_2024-11-19 09:00:00,2024-11-19 09:00:00,DEV_009,86,23,36
DEV_009_2024-11-19 10:00:00,2024-11-19 10:00:00,DEV_009,43,50,74
DEV_009_2024-11-19 11:00:00,2024-11-19 11:00:00,DEV_009,81,94,13
DEV_009_2024-11-19 12:00:00,2024-11-19 12:00:00,DEV_009,30,57,30
DEV_009_2024-11-19 13:00:00,2024-11-19 13:00:00,DEV_009,71,10,99
DEV_009_2024-11-19 14:00:00,2024-11-19 14:00:00,DEV_009,66,94,83
DEV_009_2024-11-19 15:00:00,2024-11-19 15:00:00,DEV_009,39,37,3
DEV_009_2024-11-19 16:00:00,2024-11-19 16:00:00,DEV_009,89,34,86
DEV_009_2024-11-19 17:00:00,2024-11-19 17:00:00,DEV_009,38,14,64
DEV_009_2024-11-19 18:00:00,2024-11-19 18:00:00,DEV_009,39,54,2
DEV_009_2024-11-19 19:00:00,2024-11-19 19:00:00,DEV_009,96,43,53
DEV_009_2024-11-19 20:00:00,2024-11-19 20:00:00,DEV_009,3,41,8
DEV_009_2024-11-19 21:00:00,2024-11-19 21:00:00,DEV_009,90,96,75
DEV_009_2024-11-19 22:00:00,2024-11-19 22:00:00,DEV_009,63,65,79
DEV_009_2024-11-19 23:00:00,2024-11-19 23:00:00,DEV_009,4,68,92
DEV_009_2024-11-20 00:00:00,2024-11-20 00:00:00,DEV_009,10,75,50
DEV_009_2024-11-20 01:00:00,2024-11-20 01:00:00,DEV_009,23,61,47
DEV_009_2024-11-20 02:00:00,2024-11-20 02:00:00,DEV_009,3,17,22
DEV_009_2024-11-20 03:00:00,2024-11-20 03:00:00,DEV_009,91,16,80
DEV_009_2024-11-20 04:00:00,2024-11-20 04:00:00,DEV_009,3,52,33
DEV_009_2024-11-20 05:00:00,2024-11-20 05:00:00,DEV_009,42,2,39
DEV_009_2024-11-20 06:00:00,2024-11-20 06:00:00,DEV_009,46,48,27
DEV_009_2024-11-20 07:00:00,2024-11-20 07:00:00,DEV_009,15,7,57
DEV_009_2024-11-20 08:00:00,2024-11-20 08:00:00,DEV_009,42,9,6
DEV_009_2024-11-20 09:00:00,2024-11-20 09:00:00,DEV_009,57,76,30
DEV_009_2024-11-20 10:00:00,2024-11-20 10:00:00,DEV_009,55,84,84
DEV_009_2024-11-20 11:00:00,2024-11-20 11:00:00,DEV_009,54,27,84
DEV_009_2024-11-20 12:00:00,2024-11-20 12:00:00,DEV_009,59,7,40
DEV_009_2024-11-20 13:00:00,2024-11-20 13:00:00,DEV_009,94,72,2
DEV_009_2024-11-20 14:00:00,2024-11-20 14:00:00,DEV_009,14,10,50
DEV_009_2024-11-20 15:00:00,2024-11-20 15:00:00,DEV_009,18,18,16
DEV_009_2024-11-20 16:00:00,2024-11-20 16:00:00,DEV_009,52,69,52
DEV_009_2024-11-20 17:00:00,2024-11-20 17:00:00,DEV_009,31,84,23
DEV_009_2024-11-20 18:00:00,2024-11-20 18:00:00,DEV_009,96,42,81
DEV_009_2024-11-20 19:00:00,2024-11-20 19:00:00,DEV_009,62,77,50
DEV_009_2024-11-20 20:00:00,2024-11-20 20:00:00,DEV_009,77,81,15
DEV_009_2024-11-20 21:00:00,2024-11-20 21:00:00,DEV_009,90,44,92
DEV_009_2024-11-20 22:00:00,2024-11-20 22:00:00,DEV_009,42,45,94
DEV_009_2024-11-20 23:00:00,2024-11-20 23:00:00,DEV_009,35,22,74
DEV_009_2024-11-21 00:00:00,2024-11-21 00:00:00,DEV_009,75,38,97
DEV_009_2024-11-21 01:00:00,2024-11-21 01:00:00,DEV_009,70,64,7
DEV_009_2024-11-21 02:00:00,2024-11-21 02:00:00,DEV_009,44,76,7
DEV_009_2024-11-21 03:00:00,2024-11-21 03:00:00,DEV_009,66,60,1
DEV_009_2024-11-21 04:00:00,2024-11-21 04:00:00,DEV_009,62,87,89
DEV_009_2024-11-21 05:00:00,2024-11-21 05:00:00,DEV_009,18,7,54
DEV_009_2024-11-21 06:00:00,2024-11-21 06:00:00,DEV_009,67,93,10
DEV_009_2024-11-21 07:00:00,2024-11-21 07:00:00,DEV_009,61,59,59
DEV_009_2024-11-21 08:00:00,2024-11-21 08:00:00,DEV_009,69,63,98
DEV_009_2024-11-21 09:00:00,2024-11-21 09:00:00,DEV_009,8,78,55
DEV_009_2024-11-21 10:00:00,2024-11-21 10:00:00,DEV_009,6,1,56
DEV_009_2024-11-21 11:00:00,2024-11-21 11:00:00,DEV_009,97,75,88
DEV_009_2024-11-21 12:00:00,2024-11-21 12:00:00,DEV_009,10,23,16
DEV_009_2024-11-21 13:00:00,2024-11-21 13:00:00,DEV_009,16,56,95
DEV_009_2024-11-21 14:00:00,2024-11-21 14:00:00,DEV_009,6,30,63
DEV_009_2024-11-21 15:00:00,2024-11-21 15:00:00,DEV_009,1,51,89
DEV_009_2024-11-21 16:00:00,2024-11-21 16:00:00,DEV_009,46,21,99
DEV_009_2024-11-21 17:00:00,2024-11-21 17:00:00,DEV_009,38,69,63
DEV_009_2024-11-21 18:00:00,2024-11-21 18:00:00,DEV_009,50,12,69
DEV_009_2024-11-21 19:00:00,2024-11-21 19:00:00,DEV_009,73,44,52
DEV_009_2024-11-21 20:00:00,2024-11-21 20:00:00,DEV_009,9,99,65
DEV_009_2024-11-21 21:00:00,2024-11-21 21:00:00,DEV_009,10,46,58
DEV_009_2024-11-21 22:00:00,2024-11-21 22:00:00,DEV_009,37,52,99
DEV_009_2024-11-21 23:00:00,2024-11-21 23:00:00,DEV_009,81,13,6
DEV_009_2024-11-22 00:00:00,2024-11-22 00:00:00,DEV_009,58,48,32
DEV_009_2024-11-22 01:00:00,2024-11-22 01:00:00,DEV_009,11,81,5
DEV_009_2024-11-22 02:00:00,2024-11-22 02:00:00,DEV_009,6,74,97
DEV_009_2024-11-22 03:00:00,2024-11-22 03:00:00,DEV_009,94,21,42
DEV_009_2024-11-22 04:00:00,2024-11-22 04:00:00,DEV_009,81,27,3
DEV_009_2024-11-22 05:00:00,2024-11-22 05:00:00,DEV_009,60,93,66
DEV_009_2024-11-22 06:00:00,2024-11-22 06:00:00,DEV_009,93,49,34
DEV_009_2024-11-22 07:00:00,2024-11-22 07:00:00,DEV_009,37,42,65
DEV_009_2024-11-22 08:00:00,2024-11-22 08:00:00,DEV_009,60,90,1
DEV_009_2024-11-22 09:00:00,2024-11-22 09:00:00,DEV_009,59,4,14
DEV_009_2024-11-22 10:00:00,2024-11-22 10:00:00,DEV_009,18,34,1
DEV_009_2024-11-22 11:00:00,2024-11-22 11:00:00,DEV_009,53,22,80
DEV_009_2024-11-22 12:00:00,2024-11-22 12:00:00,DEV_009,61,22,50
DEV_009_2024-11-22 13:00:00,2024-11-22 13:00:00,DEV_009,16,28,92
DEV_009_2024-11-22 14:00:00,2024-11-22 14:00:00,DEV_009,86,70,89
DEV_009_2024-11-22 15:00:00,2024-11-22 15:00:00,DEV_009,42,66,71
DEV_009_2024-11-22 16:00:00,2024-11-22 16:00:00,DEV_009,81,35,20
DEV_009_2024-11-22 17:00:00,2024-11-22 17:00:00,DEV_009,2,7,96
DEV_009_2024-11-22 18:00:00,2024-11-22 18:00:00,DEV_009,49,83,76
DEV_009_2024-11-22 19:00:00,2024-11-22 19:00:00,DEV_009,9,27,78
DEV_009_2024-11-22 20:00:00,2024-11-22 20:00:00,DEV_009,2,85,68
DEV_009_2024-11-22 21:00:00,2024-11-22 21:00:00,DEV_009,60,85,86
DEV_009_2024-11-22 22:00:00,2024-11-22 22:00:00,DEV_009,49,2,17
DEV_009_2024-11-22 23:00:00,2024-11-22 23:00:00,DEV_009,83,88,20
DEV_009_2024-11-23 00:00:00,2024-11-23 00:00:00,DEV_009,76,89,87
DEV_009_2024-11-23 01:00:00,2024-11-23 01:00:00,DEV_009,98,32,51
DEV_009_2024-11-23 02:00:00,2024-11-23 02:00:00,DEV_009,88,42,63
DEV_009_2024-11-23 03:00:00,2024-11-23 03:00:00,DEV_009,89,61,62
DEV_009_2024-11-23 04:00:00,2024-11-23 04:00:00,DEV_009,3,89,92
DEV_009_2024-11-23 05:00:00,2024-11-23 05:00:00,DEV_009,76,26,48
DEV_009_2024-11-23 06:00:00,2024-11-23 06:00:00,DEV_009,8,5,11
DEV_009_2024-11-23 07:00:00,2024-11-23 07:00:00,DEV_009,42,99,91
DEV_009_2024-11-23 08:00:00,2024-11-23 08:00:00,DEV_009,41,19,48
DEV_009_2024-11-23 09:00:00,2024-11-23 09:00:00,DEV_009,53,55,61
DEV_009_2024-11-23 10:00:00,2024-11-23 10:00:00,DEV_009,32,46,92
DEV_009_2024-11-23 11:00:00,2024-11-23 11:00:00,DEV_009,36,18,74
DEV_009_2024-11-23 12:00:00,2024-11-23 12:00:00,DEV_009,96,18,12
DEV_009_2024-11-23 13:00:00,2024-11-23 13:00:00,DEV_009,72,97,46
DEV_009_2024-11-23 14:00:00,2024-11-23 14:00:00,DEV_009,55,38,78
DEV_009_2024-11-23 15:00:00,2024-11-23 15:00:00,DEV_009,2,9,5
DEV_009_2024-11-23 16:00:00,2024-11-23 16:00:00,DEV_009,98,19,71
DEV_009_2024-11-23 17:00:00,2024-11-23 17:00:00,DEV_009,39,42,17
DEV_009_2024-11-23 18:00:00,2024-11-23 18:00:00,DEV_009,63,90,46
DEV_009_2024-11-23 19:00:00,2024-11-23 19:00:00,DEV_009,91,92,20
DEV_009_2024-11-23 20:00:00,2024-11-23 20:00:00,DEV_009,70,8,96
DEV_009_2024-11-23 21:00:00,2024-11-23 21:00:00,DEV_009,19,32,19
DEV_009_2024-11-23 22:00:00,2024-11-23 22:00:00,DEV_009,24,24,56
DEV_009_2024-11-23 23:00:00,2024-11-23 23:00:00,DEV_009,81,18,12
DEV_009_2024-11-24 00:00:00,2024-11-24 00:00:00,DEV_009,41,87,48
DEV_009_2024-11-24 01:00:00,2024-11-24 01:00:00,DEV_009,82,64,16
DEV_009_2024-11-24 02:00:00,2024-11-24 02:00:00,DEV_009,80,23,86
DEV_009_2024-11-24 03:00:00,2024-11-24 03:00:00,DEV_009,39,33,24
DEV_009_2024-11-24 04:00:00,2024-11-24 04:00:00,DEV_009,61,55,61
DEV_009_2024-11-24 05:00:00,2024-11-24 05:00:00,DEV_009,84,97,95
DEV_009_2024-11-24 06:00:00,2024-11-24 06:00:00,DEV_009,40,58,72
DEV_009_2024-11-24 07:00:00,2024-11-24 07:00:00,DEV_009,74,1,85
DEV_009_2024-11-24 08:00:00,2024-11-24 08:00:00,DEV_009,25,96,53
DEV_009_2024-11-24 09:00:00,2024-11-24 09:00:00,DEV_009,61,46,74
DEV_009_2024-11-24 10:00:00,2024-11-24 10:00:00,DEV_009,60,51,73
DEV_009_2024-11-24 11:00:00,2024-11-24 11:00:00,DEV_009,84,48,84
DEV_009_2024-11-24 12:00:00,2024-11-24 12:00:00,DEV_009,40,7,75
DEV_009_2024-11-24 13:00:00,2024-11-24 13:00:00,DEV_009,85,19,15
DEV_009_2024-11-24 14:00:00,2024-11-24 14:00:00,DEV_009,70,61,56
DEV_009_2024-11-24 15:00:00,2024-11-24 15:00:00,DEV_009,10,46,80
DEV_009_2024-11-24 16:00:00,2024-11-24 16:00:00,DEV_009,75,57,35
DEV_009_2024-11-24 17:00:00,2024-11-24 17:00:00,DEV_009,72,92,3
DEV_009_2024-11-24 18:00:00,2024-11-24 18:00:00,DEV_009,66,53,78
DEV_009_2024-11-24 19:00:00,2024-11-24 19:00:00,DEV_009,52,93,53
DEV_009_2024-11-24 20:00:00,2024-11-24 20:00:00,DEV_009,54,47,3
DEV_009_2024-11-24 21:00:00,2024-11-24 21:00:00,DEV_009,65,15,84
DEV_009_2024-11-24 22:00:00,2024-11-24 22:00:00,DEV_009,86,34,50
DEV_009_2024-11-24 23:00:00,2024-11-24 23:00:00,DEV_009,33,73,3
DEV_009_2024-11-25 00:00:00,2024-11-25 00:00:00,DEV_009,2,4,16
DEV_009_2024-11-25 01:00:00,2024-11-25 01:00:00,DEV_009,54,33,9
DEV_009_2024-11-25 02:00:00,2024-11-25 02:00:00,DEV_009,57,40,52
DEV_009_2024-11-25 03:00:00,2024-11-25 03:00:00,DEV_009,82,16,8
DEV_009_2024-11-25 04:00:00,2024-11-25 04:00:00,DEV_009,87,60,36
DEV_009_2024-11-25 05:00:00,2024-11-25 05:00:00,DEV_009,3,15,97
DEV_009_2024-11-25 06:00:00,2024-11-25 06:00:00,DEV_009,82,23,3
DEV_009_2024-11-25 07:00:00,2024-11-25 07:00:00,DEV_009,30,45,17
DEV_009_2024-11-25 08:00:00,2024-11-25 08:00:00,DEV_009,58,58,96
DEV_009_2024-11-25 09:00:00,2024-11-25 09:00:00,DEV_009,57,7,39
DEV_009_2024-11-25 10:00:00,2024-11-25 10:00:00,DEV_009,78,58,56
DEV_009_2024-11-25 11:00:00,2024-11-25 11:00:00,DEV_009,15,44,12
DEV_009_2024-11-25 12:00:00,2024-11-25 12:00:00,DEV_009,8,80,41
DEV_009_2024-11-25 13:00:00,2024-11-25 13:00:00,DEV_009,34,46,88
DEV_009_2024-11-25 14:00:00,2024-11-25 14:00:00,DEV_009,29,16,5
DEV_009_2024-11-25 15:00:00,2024-11-25 15:00:00,DEV_009,5,30,50
DEV_009_2024-11-25 16:00:00,2024-11-25 16:00:00,DEV_009,5,13,99
DEV_009_2024-11-25 17:00:00,2024-11-25 17:00:00,DEV_009,49,89,50
DEV_009_2024-11-25 18:00:00,2024-11-25 18:00:00,DEV_009,14,46,90
DEV_009_2024-11-25 19:00:00,2024-11-25 19:00:00,DEV_009,82,84,34
DEV_009_2024-11-25 20:00:00,2024-11-25 20:00:00,DEV_009,71,47,60
DEV_009_2024-11-25 21:00:00,2024-11-25 21:00:00,DEV_009,74,79,81
DEV_009_2024-11-25 22:00:00,2024-11-25 22:00:00,DEV_009,11,98,91
DEV_009_2024-11-25 23:00:00,2024-11-25 23:00:00,DEV_009,85,95,50
DEV_009_2024-11-26 00:00:00,2024-11-26 00:00:00,DEV_009,4,41,59
DEV_009_2024-11-26 01:00:00,2024-11-26 01:00:00,DEV_009,60,81,62
DEV_009_2024-11-26 02:00:00,2024-11-26 02:00:00,DEV_009,84,25,87
DEV_009_2024-11-26 03:00:00,2024-11-26 03:00:00,DEV_009,79,33,19
DEV_009_2024-11-26 04:00:00,2024-11-26 04:00:00,DEV_009,57,15,41
DEV_009_2024-11-26 05:00:00,2024-11-26 05:00:00,DEV_009,69,80,60
DEV_009_2024-11-26 06:00:00,2024-11-26 06:00:00,DEV_009,96,22,43
DEV_009_2024-11-26 07:00:00,2024-11-26 07:00:00,DEV_009,32,13,38
DEV_009_2024-11-26 08:00:00,2024-11-26 08:00:00,DEV_009,26,81,5
DEV_009_2024-11-26 09:00:00,2024-11-26 09:00:00,DEV_009,49,97,91
DEV_009_2024-11-26 10:00:00,2024-11-26 10:00:00,DEV_009,5,71,48
DEV_009_2024-11-26 11:00:00,2024-11-26 11:00:00,DEV_009,18,95,6
DEV_009_2024-11-26 12:00:00,2024-11-26 12:00:00,DEV_009,66,77,42
DEV_009_2024-11-26 13:00:00,2024-11-26 13:00:00,DEV_009,52,11,26
DEV_009_2024-11-26 14:00:00,2024-11-26 14:00:00,DEV_009,21,66,40
DEV_009_2024-11-26 15:00:00,2024-11-26 15:00:00,DEV_009,56,51,20
DEV_009_2024-11-26 16:00:00,2024-11-26 16:00:00,DEV_009,81,80,57
DEV_009_2024-11-26 17:00:00,2024-11-26 17:00:00,DEV_009,5,14,24
DEV_009_2024-11-26 18:00:00,2024-11-26 18:00:00,DEV_009,68,52,48
DEV_009_2024-11-26 19:00:00,2024-11-26 19:00:00,DEV_009,88,47,60
DEV_009_2024-11-26 20:00:00,2024-11-26 20:00:00,DEV_009,73,3,9
DEV_009_2024-11-26 21:00:00,2024-11-26 21:00:00,DEV_009,82,83,24
DEV_009_2024-11-26 22:00:00,2024-11-26 22:00:00,DEV_009,4,9,97
DEV_009_2024-11-26 23:00:00,2024-11-26 23:00:00,DEV_009,1,35,74
DEV_009_2024-11-27 00:00:00,2024-11-27 00:00:00,DEV_009,12,18,78
DEV_009_2024-11-27 01:00:00,2024-11-27 01:00:00,DEV_009,10,74,18
DEV_009_2024-11-27 02:00:00,2024-11-27 02:00:00,DEV_009,24,1,94
DEV_009_2024-11-27 03:00:00,2024-11-27 03:00:00,DEV_009,79,72,99
DEV_009_2024-11-27 04:00:00,2024-11-27 04:00:00,DEV_009,82,16,85
DEV_009_2024-11-27 05:00:00,2024-11-27 05:00:00,DEV_009,15,62,5
DEV_009_2024-11-27 06:00:00,2024-11-27 06:00:00,DEV_009,45,52,71
DEV_009_2024-11-27 07:00:00,2024-11-27 07:00:00,DEV_009,7,27,89
DEV_009_2024-11-27 08:00:00,2024-11-27 08:00:00,DEV_009,86,13,17
DEV_009_2024-11-27 09:00:00,2024-11-27 09:00:00,DEV_009,44,13,90
DEV_009_2024-11-27 10:00:00,2024-11-27 10:00:00,DEV_009,73,5,33
DEV_009_2024-11-27 11:00:00,2024-11-27 11:00:00,DEV_009,4,92,26
DEV_009_2024-11-27 12:00:00,2024-11-27 12:00:00,DEV_009,68,16,22
DEV_009_2024-11-27 13:00:00,2024-11-27 13:00:00,DEV_009,36,58,55
DEV_009_2024-11-27 14:00:00,2024-11-27 14:00:00,DEV_009,35,25,72
DEV_009_2024-11-27 15:00:00,2024-11-27 15:00:00,DEV_009,81,61,18
DEV_009_2024-11-27 16:00:00,2024-11-27 16:00:00,DEV_009,58,76,57
DEV_009_2024-11-27 17:00:00,2024-11-27 17:00:00,DEV_009,97,87,63
DEV_009_2024-11-27 18:00:00,2024-11-27 18:00:00,DEV_009,12,11,13
DEV_009_2024-11-27 19:00:00,2024-11-27 19:00:00,DEV_009,35,27,89
DEV_009_2024-11-27 20:00:00,2024-11-27 20:00:00,DEV_009,67,89,45
DEV_009_2024-11-27 21:00:00,2024-11-27 21:00:00,DEV_009,74,81,67
DEV_009_2024-11-27 22:00:00,2024-11-27 22:00:00,DEV_009,22,78,91
DEV_009_2024-11-27 23:00:00,2024-11-27 23:00:00,DEV_009,42,20,48
DEV_009_2024-11-28 00:00:00,2024-11-28 00:00:00,DEV_009,18,77,70
DEV_009_2024-11-28 01:00:00,2024-11-28 01:00:00,DEV_009,74,93,6
DEV_009_2024-11-28 02:00:00,2024-11-28 02:00:00,DEV_009,39,11,25
DEV_009_2024-11-28 03:00:00,2024-11-28 03:00:00,DEV_009,94,55,84
DEV_009_2024-11-28 04:00:00,2024-11-28 04:00:00,DEV_009,58,37,16
DEV_009_2024-11-28 05:00:00,2024-11-28 05:00:00,DEV_009,95,93,70
DEV_009_2024-11-28 06:00:00,2024-11-28 06:00:00,DEV_009,93,96,73
DEV_009_2024-11-28 07:00:00,2024-11-28 07:00:00,DEV_009,37,53,87
DEV_009_2024-11-28 08:00:00,2024-11-28 08:00:00,DEV_009,16,18,19
DEV_009_2024-11-28 09:00:00,2024-11-28 09:00:00,DEV_009,44,2,58
DEV_009_2024-11-28 10:00:00,2024-11-28 10:00:00,DEV_009,10,76,46
DEV_009_2024-11-28 11:00:00,2024-11-28 11:00:00,DEV_009,82,19,38
DEV_009_2024-11-28 12:00:00,2024-11-28 12:00:00,DEV_009,37,91,78
DEV_009_2024-11-28 13:00:00,2024-11-28 13:00:00,DEV_009,45,34,2
DEV_009_2024-11-28 14:00:00,2024-11-28 14:00:00,DEV_009,44,97,83
DEV_009_2024-11-28 15:00:00,2024-11-28 15:00:00,DEV_009,27,48,94
DEV_009_2024-11-28 16:00:00,2024-11-28 16:00:00,DEV_009,7,27,85
DEV_009_2024-11-28 17:00:00,2024-11-28 17:00:00,DEV_009,71,89,18
DEV_009_2024-11-28 18:00:00,2024-11-28 18:00:00,DEV_009,33,33,96
DEV_009_2024-11-28 19:00:00,2024-11-28 19:00:00,DEV_009,25,14,38
DEV_009_2024-11-28 20:00:00,2024-11-28 20:00:00,DEV_009,38,4,62
DEV_009_2024-11-28 21:00:00,2024-11-28 21:00:00,DEV_009,82,10,35
DEV_009_2024-11-28 22:00:00,2024-11-28 22:00:00,DEV_009,99,23,89
DEV_009_2024-11-28 23:00:00,2024-11-28 23:00:00,DEV_009,65,82,79
DEV_009_2024-11-29 00:00:00,2024-11-29 00:00:00,DEV_009,25,96,53
DEV_009_2024-11-29 01:00:00,2024-11-29 01:00:00,DEV_009,84,17,57
DEV_009_2024-11-29 02:00:00,2024-11-29 02:00:00,DEV_009,75,77,89
DEV_009_2024-11-29 03:00:00,2024-11-29 03:00:00,DEV_009,20,25,42
DEV_009_2024-11-29 04:00:00,2024-11-29 04:00:00,DEV_009,45,31,65
DEV_009_2024-11-29 05:00:00,2024-11-29 05:00:00,DEV_009,52,80,92
DEV_009_2024-11-29 06:00:00,2024-11-29 06:00:00,DEV_009,21,30,3
DEV_009_2024-11-29 07:00:00,2024-11-29 07:00:00,DEV_009,98,70,43
DEV_009_2024-11-29 08:00:00,2024-11-29 08:00:00,DEV_009,29,3,58
DEV_009_2024-11-29 09:00:00,2024-11-29 09:00:00,DEV_009,33,75,45
DEV_009_2024-11-29 10:00:00,2024-11-29 10:00:00,DEV_009,69,32,82
DEV_009_2024-11-29 11:00:00,2024-11-29 11:00:00,DEV_009,84,52,64
DEV_009_2024-11-29 12:00:00,2024-11-29 12:00:00,DEV_009,40,92,13
DEV_009_2024-11-29 13:00:00,2024-11-29 13:00:00,DEV_009,90,80,89
DEV_009_2024-11-29 14:00:00,2024-11-29 14:00:00,DEV_009,74,29,63
DEV_009_2024-11-29 15:00:00,2024-11-29 15:00:00,DEV_009,84,26,96
DEV_009_2024-11-29 16:00:00,2024-11-29 16:00:00,DEV_009,59,49,53
DEV_009_2024-11-29 17:00:00,2024-11-29 17:00:00,DEV_009,88,31,12
DEV_009_2024-11-29 18:00:00,2024-11-29 18:00:00,DEV_009,58,36,10
DEV_009_2024-11-29 19:00:00,2024-11-29 19:00:00,DEV_009,6,7,31
DEV_009_2024-11-29 20:00:00,2024-11-29 20:00:00,DEV_009,91,72,3
DEV_009_2024-11-29 21:00:00,2024-11-29 21:00:00,DEV_009,47,85,1
DEV_009_2024-11-29 22:00:00,2024-11-29 22:00:00,DEV_009,45,54,50
DEV_009_2024-11-29 23:00:00,2024-11-29 23:00:00,DEV_009,79,7,63
DEV_009_2024-11-30 00:00:00,2024-11-30 00:00:00,DEV_009,15,89,67
DEV_009_2024-11-30 01:00:00,2024-11-30 01:00:00,DEV_009,30,78,68
DEV_009_2024-11-30 02:00:00,2024-11-30 02:00:00,DEV_009,36,67,5
DEV_009_2024-11-30 03:00:00,2024-11-30 03:00:00,DEV_009,25,95,11
DEV_009_2024-11-30 04:00:00,2024-11-30 04:00:00,DEV_009,72,90,66
DEV_009_2024-11-30 05:00:00,2024-11-30 05:00:00,DEV_009,28,60,10
DEV_009_2024-11-30 06:00:00,2024-11-30 06:00:00,DEV_009,50,39,37
DEV_009_2024-11-30 07:00:00,2024-11-30 07:00:00,DEV_009,63,61,85
DEV_009_2024-11-30 08:00:00,2024-11-30 08:00:00,DEV_009,92,38,33
DEV_009_2024-11-30 09:00:00,2024-11-30 09:00:00,DEV_009,75,45,44
DEV_009_2024-11-30 10:00:00,2024-11-30 10:00:00,DEV_009,1,53,47
DEV_009_2024-11-30 11:00:00,2024-11-30 11:00:00,DEV_009,33,67,90
DEV_009_2024-11-30 12:00:00,2024-11-30 12:00:00,DEV_009,15,14,23
DEV_009_2024-11-30 13:00:00,2024-11-30 13:00:00,DEV_009,54,8,54
DEV_009_2024-11-30 14:00:00,2024-11-30 14:00:00,DEV_009,36,84,52
DEV_009_2024-11-30 15:00:00,2024-11-30 15:00:00,DEV_009,6,97,28
DEV_009_2024-11-30 16:00:00,2024-11-30 16:00:00,DEV_009,50,38,30
DEV_009_2024-11-30 17:00:00,2024-11-30 17:00:00,DEV_009,81,73,92
DEV_009_2024-11-30 18:00:00,2024-11-30 18:00:00,DEV_009,54,71,46
DEV_009_2024-11-30 19:00:00,2024-11-30 19:00:00,DEV_009,28,17,48
DEV_009_2024-11-30 20:00:00,2024-11-30 20:00:00,DEV_009,44,60,60
DEV_009_2024-11-30 21:00:00,2024-11-30 21:00:00,DEV_009,5,69,78
DEV_009_2024-11-30 22:00:00,2024-11-30 22:00:00,DEV_009,70,7,53
DEV_009_2024-11-30 23:00:00,2024-11-30 23:00:00,DEV_009,17,59,9
DEV_009_2024-12-01 00:00:00,2024-12-01 00:00:00,DEV_009,95,22,45
DEV_009_2024-12-01 01:00:00,2024-12-01 01:00:00,DEV_009,73,59,80
DEV_009_2024-12-01 02:00:00,2024-12-01 02:00:00,DEV_009,98,13,83
DEV_009_2024-12-01 03:00:00,2024-12-01 03:00:00,DEV_009,12,36,10
DEV_009_2024-12-01 04:00:00,2024-12-01 04:00:00,DEV_009,16,92,19
DEV_009_2024-12-01 05:00:00,2024-12-01 05:00:00,DEV_009,6,4,30
DEV_009_2024-12-01 06:00:00,2024-12-01 06:00:00,DEV_009,95,46,27
DEV_009_2024-12-01 07:00:00,2024-12-01 07:00:00,DEV_009,45,85,37
DEV_009_2024-12-01 08:00:00,2024-12-01 08:00:00,DEV_009,9,61,35
DEV_009_2024-12-01 09:00:00,2024-12-01 09:00:00,DEV_009,47,21,17
DEV_009_2024-12-01 10:00:00,2024-12-01 10:00:00,DEV_009,55,88,95
DEV_009_2024-12-01 11:00:00,2024-12-01 11:00:00,DEV_009,6,35,50
DEV_009_2024-12-01 12:00:00,2024-12-01 12:00:00,DEV_009,37,13,25
DEV_009_2024-12-01 13:00:00,2024-12-01 13:00:00,DEV_009,96,1,49
DEV_009_2024-12-01 14:00:00,2024-12-01 14:00:00,DEV_009,35,83,53
DEV_009_2024-12-01 15:00:00,2024-12-01 15:00:00,DEV_009,52,54,76
DEV_009_2024-12-01 16:00:00,2024-12-01 16:00:00,DEV_009,47,43,20
DEV_009_2024-12-01 17:00:00,2024-12-01 17:00:00,DEV_009,33,93,16
DEV_009_2024-12-01 18:00:00,2024-12-01 18:00:00,DEV_009,78,7,70
DEV_009_2024-12-01 19:00:00,2024-12-01 19:00:00,DEV_009,21,36,86
DEV_009_2024-12-01 20:00:00,2024-12-01 20:00:00,DEV_009,54,19,25
DEV_009_2024-12-01 21:00:00,2024-12-01 21:00:00,DEV_009,67,53,98
DEV_009_2024-12-01 22:00:00,2024-12-01 22:00:00,DEV_009,75,48,42
DEV_009_2024-12-01 23:00:00,2024-12-01 23:00:00,DEV_009,47,91,42
DEV_009_2024-12-02 00:00:00,2024-12-02 00:00:00,DEV_009,2,6,46
DEV_009_2024-12-02 01:00:00,2024-12-02 01:00:00,DEV_009,66,81,40
DEV_009_2024-12-02 02:00:00,2024-12-02 02:00:00,DEV_009,58,78,74
DEV_009_2024-12-02 03:00:00,2024-12-02 03:00:00,DEV_009,33,62,12
DEV_009_2024-12-02 04:00:00,2024-12-02 04:00:00,DEV_009,96,49,88
DEV_009_2024-12-02 05:00:00,2024-12-02 05:00:00,DEV_009,78,5,51
DEV_009_2024-12-02 06:00:00,2024-12-02 06:00:00,DEV_009,69,32,49
DEV_009_2024-12-02 07:00:00,2024-12-02 07:00:00,DEV_009,97,60,46
DEV_009_2024-12-02 08:00:00,2024-12-02 08:00:00,DEV_009,68,94,41
DEV_009_2024-12-02 09:00:00,2024-12-02 09:00:00,DEV_009,81,67,13
DEV_009_2024-12-02 10:00:00,2024-12-02 10:00:00,DEV_009,18,87,99
DEV_009_2024-12-02 11:00:00,2024-12-02 11:00:00,DEV_009,97,51,36
DEV_009_2024-12-02 12:00:00,2024-12-02 12:00:00,DEV_009,81,34,12
DEV_009_2024-12-02 13:00:00,2024-12-02 13:00:00,DEV_009,5,48,91
DEV_009_2024-12-02 14:00:00,2024-12-02 14:00:00,DEV_009,40,13,26
DEV_009_2024-12-02 15:00:00,2024-12-02 15:00:00,DEV_009,14,96,11
DEV_009_2024-12-02 16:00:00,2024-12-02 16:00:00,DEV_009,38,80,57
DEV_009_2024-12-02 17:00:00,2024-12-02 17:00:00,DEV_009,22,16,77
DEV_009_2024-12-02 18:00:00,2024-12-02 18:00:00,DEV_009,76,82,29
DEV_009_2024-12-02 19:00:00,2024-12-02 19:00:00,DEV_009,82,2,54
DEV_009_2024-12-02 20:00:00,2024-12-02 20:00:00,DEV_009,2,3,93
DEV_009_2024-12-02 21:00:00,2024-12-02 21:00:00,DEV_009,56,72,11
DEV_009_2024-12-02 22:00:00,2024-12-02 22:00:00,DEV_009,76,32,4
DEV_009_2024-12-02 23:00:00,2024-12-02 23:00:00,DEV_009,9,88,56
DEV_009_2024-12-03 00:00:00,2024-12-03 00:00:00,DEV_009,16,81,86
DEV_009_2024-12-03 01:00:00,2024-12-03 01:00:00,DEV_009,71,10,93
DEV_009_2024-12-03 02:00:00,2024-12-03 02:00:00,DEV_009,36,24,64
DEV_009_2024-12-03 03:00:00,2024-12-03 03:00:00,DEV_009,56,78,78
DEV_009_2024-12-03 04:00:00,2024-12-03 04:00:00,DEV_009,89,22,52
DEV_009_2024-12-03 05:00:00,2024-12-03 05:00:00,DEV_009,50,47,23
DEV_009_2024-12-03 06:00:00,2024-12-03 06:00:00,DEV_009,96,90,91
DEV_009_2024-12-03 07:00:00,2024-12-03 07:00:00,DEV_009,76,83,19
DEV_009_2024-12-03 08:00:00,2024-12-03 08:00:00,DEV_009,52,34,96
DEV_009_2024-12-03 09:00:00,2024-12-03 09:00:00,DEV_009,29,61,85
DEV_009_2024-12-03 10:00:00,2024-12-03 10:00:00,DEV_009,35,5,76
DEV_009_2024-12-03 11:00:00,2024-12-03 11:00:00,DEV_009,7,41,2
DEV_009_2024-12-03 12:00:00,2024-12-03 12:00:00,DEV_009,89,10,44
DEV_009_2024-12-03 13:00:00,2024-12-03 13:00:00,DEV_009,70,91,35
DEV_009_2024-12-03 14:00:00,2024-12-03 14:00:00,DEV_009,62,74,73
DEV_009_2024-12-03 15:00:00,2024-12-03 15:00:00,DEV_009,20,35,37
DEV_009_2024-12-03 16:00:00,2024-12-03 16:00:00,DEV_009,72,54,95
DEV_009_2024-12-03 17:00:00,2024-12-03 17:00:00,DEV_009,80,28,70
DEV_009_2024-12-03 18:00:00,2024-12-03 18:00:00,DEV_009,32,92,11
DEV_009_2024-12-03 19:00:00,2024-12-03 19:00:00,DEV_009,42,23,30
DEV_009_2024-12-03 20:00:00,2024-12-03 20:00:00,DEV_009,9,92,88
DEV_009_2024-12-03 21:00:00,2024-12-03 21:00:00,DEV_009,59,28,88
DEV_009_2024-12-03 22:00:00,2024-12-03 22:00:00,DEV_009,79,33,47
DEV_009_2024-12-03 23:00:00,2024-12-03 23:00:00,DEV_009,98,22,29
DEV_009_2024-12-04 00:00:00,2024-12-04 00:00:00,DEV_009,34,42,52
DEV_009_2024-12-04 01:00:00,2024-12-04 01:00:00,DEV_009,47,74,51
DEV_009_2024-12-04 02:00:00,2024-12-04 02:00:00,DEV_009,45,94,75
DEV_009_2024-12-04 03:00:00,2024-12-04 03:00:00,DEV_009,34,21,13
DEV_009_2024-12-04 04:00:00,2024-12-04 04:00:00,DEV_009,54,25,21
DEV_009_2024-12-04 05:00:00,2024-12-04 05:00:00,DEV_009,1,58,69
DEV_009_2024-12-04 06:00:00,2024-12-04 06:00:00,DEV_009,86,71,13
DEV_009_2024-12-04 07:00:00,2024-12-04 07:00:00,DEV_009,52,23,21
DEV_009_2024-12-04 08:00:00,2024-12-04 08:00:00,DEV_009,6,20,76
DEV_009_2024-12-04 09:00:00,2024-12-04 09:00:00,DEV_009,40,9,50
DEV_009_2024-12-04 10:00:00,2024-12-04 10:00:00,DEV_009,28,11,96
DEV_009_2024-12-04 11:00:00,2024-12-04 11:00:00,DEV_009,75,88,56
DEV_009_2024-12-04 12:00:00,2024-12-04 12:00:00,DEV_009,79,35,81
DEV_009_2024-12-04 13:00:00,2024-12-04 13:00:00,DEV_009,25,99,19
DEV_009_2024-12-04 14:00:00,2024-12-04 14:00:00,DEV_009,31,81,50
DEV_009_2024-12-04 15:00:00,2024-12-04 15:00:00,DEV_009,87,63,47
DEV_009_2024-12-04 16:00:00,2024-12-04 16:00:00,DEV_009,1,58,10
DEV_009_2024-12-04 17:00:00,2024-12-04 17:00:00,DEV_009,8,26,34
DEV_009_2024-12-04 18:00:00,2024-12-04 18:00:00,DEV_009,19,78,72
DEV_009_2024-12-04 19:00:00,2024-12-04 19:00:00,DEV_009,1,48,25
DEV_009_2024-12-04 20:00:00,2024-12-04 20:00:00,DEV_009,24,47,84
DEV_009_2024-12-04 21:00:00,2024-12-04 21:00:00,DEV_009,94,69,67
DEV_009_2024-12-04 22:00:00,2024-12-04 22:00:00,DEV_009,32,17,61
DEV_009_2024-12-04 23:00:00,2024-12-04 23:00:00,DEV_009,69,11,38
DEV_009_2024-12-05 00:00:00,2024-12-05 00:00:00,DEV_009,68,19,87
DEV_009_2024-12-05 01:00:00,2024-12-05 01:00:00,DEV_009,17,13,91
DEV_009_2024-12-05 02:00:00,2024-12-05 02:00:00,DEV_009,1,2,82
DEV_009_2024-12-05 03:00:00,2024-12-05 03:00:00,DEV_009,97,66,68
DEV_009_2024-12-05 04:00:00,2024-12-05 04:00:00,DEV_009,16,4,57
DEV_009_2024-12-05 05:00:00,2024-12-05 05:00:00,DEV_009,73,85,23
DEV_009_2024-12-05 06:00:00,2024-12-05 06:00:00,DEV_009,2,67,87
DEV_009_2024-12-05 07:00:00,2024-12-05 07:00:00,DEV_009,26,7,44
DEV_009_2024-12-05 08:00:00,2024-12-05 08:00:00,DEV_009,33,64,36
DEV_009_2024-12-05 09:00:00,2024-12-05 09:00:00,DEV_009,4,23,25
DEV_009_2024-12-05 10:00:00,2024-12-05 10:00:00,DEV_009,90,92,92
DEV_009_2024-12-05 11:00:00,2024-12-05 11:00:00,DEV_009,85,74,27
DEV_009_2024-12-05 12:00:00,2024-12-05 12:00:00,DEV_009,51,79,81
DEV_009_2024-12-05 13:00:00,2024-12-05 13:00:00,DEV_009,99,69,80
DEV_009_2024-12-05 14:00:00,2024-12-05 14:00:00,DEV_009,23,9,33
DEV_009_2024-12-05 15:00:00,2024-12-05 15:00:00,DEV_009,35,50,24
DEV_009_2024-12-05 16:00:00,2024-12-05 16:00:00,DEV_009,88,24,19
DEV_009_2024-12-05 17:00:00,2024-12-05 17:00:00,DEV_009,39,61,25
DEV_009_2024-12-05 18:00:00,2024-12-05 18:00:00,DEV_009,95,25,27
DEV_009_2024-12-05 19:00:00,2024-12-05 19:00:00,DEV_009,32,11,69
DEV_009_2024-12-05 20:00:00,2024-12-05 20:00:00,DEV_009,33,19,16
DEV_009_2024-12-05 21:00:00,2024-12-05 21:00:00,DEV_009,99,11,75
DEV_009_2024-12-05 22:00:00,2024-12-05 22:00:00,DEV_009,74,98,69
DEV_009_2024-12-05 23:00:00,2024-12-05 23:00:00,DEV_009,87,55,25
DEV_009_2024-12-06 00:00:00,2024-12-06 00:00:00,DEV_009,93,77,96
DEV_009_2024-12-06 01:00:00,2024-12-06 01:00:00,DEV_009,34,12,88
DEV_009_2024-12-06 02:00:00,2024-12-06 02:00:00,DEV_009,21,29,51
DEV_009_2024-12-06 03:00:00,2024-12-06 03:00:00,DEV_009,23,33,8
DEV_009_2024-12-06 04:00:00,2024-12-06 04:00:00,DEV_009,42,77,69
DEV_009_2024-12-06 05:00:00,2024-12-06 05:00:00,DEV_009,41,74,63
DEV_009_2024-12-06 06:00:00,2024-12-06 06:00:00,DEV_009,14,88,62
DEV_009_2024-12-06 07:00:00,2024-12-06 07:00:00,DEV_009,75,46,67
DEV_009_2024-12-06 08:00:00,2024-12-06 08:00:00,DEV_009,93,53,52
DEV_009_2024-12-06 09:00:00,2024-12-06 09:00:00,DEV_009,94,7,81
DEV_009_2024-12-06 10:00:00,2024-12-06 10:00:00,DEV_009,84,54,11
DEV_009_2024-12-06 11:00:00,2024-12-06 11:00:00,DEV_009,25,59,88
DEV_009_2024-12-06 12:00:00,2024-12-06 12:00:00,DEV_009,66,27,83
DEV_009_2024-12-06 13:00:00,2024-12-06 13:00:00,DEV_009,58,93,11
DEV_009_2024-12-06 14:00:00,2024-12-06 14:00:00,DEV_009,55,19,92
DEV_009_2024-12-06 15:00:00,2024-12-06 15:00:00,DEV_009,39,85,90
DEV_009_2024-12-06 16:00:00,2024-12-06 16:00:00,DEV_009,86,70,11
DEV_009_2024-12-06 17:00:00,2024-12-06 17:00:00,DEV_009,14,60,36
DEV_009_2024-12-06 18:00:00,2024-12-06 18:00:00,DEV_009,41,2,57
DEV_009_2024-12-06 19:00:00,2024-12-06 19:00:00,DEV_009,60,20,22
DEV_009_2024-12-06 20:00:00,2024-12-06 20:00:00,DEV_009,4,56,93
DEV_009_2024-12-06 21:00:00,2024-12-06 21:00:00,DEV_009,58,88,65
DEV_009_2024-12-06 22:00:00,2024-12-06 22:00:00,DEV_009,88,58,30
DEV_009_2024-12-06 23:00:00,2024-12-06 23:00:00,DEV_009,76,19,62
DEV_009_2024-12-07 00:00:00,2024-12-07 00:00:00,DEV_009,68,79,84
DEV_009_2024-12-07 01:00:00,2024-12-07 01:00:00,DEV_009,44,84,61
DEV_009_2024-12-07 02:00:00,2024-12-07 02:00:00,DEV_009,21,10,30
DEV_009_2024-12-07 03:00:00,2024-12-07 03:00:00,DEV_009,24,48,55
DEV_009_2024-12-07 04:00:00,2024-12-07 04:00:00,DEV_009,52,38,67
DEV_009_2024-12-07 05:00:00,2024-12-07 05:00:00,DEV_009,93,8,29
DEV_009_2024-12-07 06:00:00,2024-12-07 06:00:00,DEV_009,10,69,75
DEV_009_2024-12-07 07:00:00,2024-12-07 07:00:00,DEV_009,68,49,58
DEV_009_2024-12-07 08:00:00,2024-12-07 08:00:00,DEV_009,35,50,40
DEV_009_2024-12-07 09:00:00,2024-12-07 09:00:00,DEV_009,12,85,16
DEV_009_2024-12-07 10:00:00,2024-12-07 10:00:00,DEV_009,78,85,48
DEV_009_2024-12-07 11:00:00,2024-12-07 11:00:00,DEV_009,91,1,65
DEV_009_2024-12-07 12:00:00,2024-12-07 12:00:00,DEV_009,22,15,84
DEV_009_2024-12-07 13:00:00,2024-12-07 13:00:00,DEV_009,67,14,73
DEV_009_2024-12-07 14:00:00,2024-12-07 14:00:00,DEV_009,19,40,98
DEV_009_2024-12-07 15:00:00,2024-12-07 15:00:00,DEV_009,4,33,43
DEV_009_2024-12-07 16:00:00,2024-12-07 16:00:00,DEV_009,37,66,27
DEV_009_2024-12-07 17:00:00,2024-12-07 17:00:00,DEV_009,45,81,50
DEV_009_2024-12-07 18:00:00,2024-12-07 18:00:00,DEV_009,95,63,6
DEV_009_2024-12-07 19:00:00,2024-12-07 19:00:00,DEV_009,95,67,67
DEV_009_2024-12-07 20:00:00,2024-12-07 20:00:00,DEV_009,97,59,13
DEV_009_2024-12-07 21:00:00,2024-12-07 21:00:00,DEV_009,21,64,37
DEV_009_2024-12-07 22:00:00,2024-12-07 22:00:00,DEV_009,80,85,48
DEV_009_2024-12-07 23:00:00,2024-12-07 23:00:00,DEV_009,56,44,13
DEV_009_2024-12-08 00:00:00,2024-12-08 00:00:00,DEV_009,4,95,73
DEV_009_2024-12-08 01:00:00,2024-12-08 01:00:00,DEV_009,33,37,53
DEV_009_2024-12-08 02:00:00,2024-12-08 02:00:00,DEV_009,24,89,51
DEV_009_2024-12-08 03:00:00,2024-12-08 03:00:00,DEV_009,41,29,59
DEV_009_2024-12-08 04:00:00,2024-12-08 04:00:00,DEV_009,40,51,50
DEV_009_2024-12-08 05:00:00,2024-12-08 05:00:00,DEV_009,36,79,60
DEV_009_2024-12-08 06:00:00,2024-12-08 06:00:00,DEV_009,18,20,5
DEV_009_2024-12-08 07:00:00,2024-12-08 07:00:00,DEV_009,18,40,1
DEV_009_2024-12-08 08:00:00,2024-12-08 08:00:00,DEV_009,19,87,26
DEV_009_2024-12-08 09:00:00,2024-12-08 09:00:00,DEV_009,29,59,63
DEV_009_2024-12-08 10:00:00,2024-12-08 10:00:00,DEV_009,98,83,62
DEV_009_2024-12-08 11:00:00,2024-12-08 11:00:00,DEV_009,48,62,18
DEV_009_2024-12-08 12:00:00,2024-12-08 12:00:00,DEV_009,66,27,6
DEV_009_2024-12-08 13:00:00,2024-12-08 13:00:00,DEV_009,70,59,6
DEV_009_2024-12-08 14:00:00,2024-12-08 14:00:00,DEV_009,31,94,56
DEV_009_2024-12-08 15:00:00,2024-12-08 15:00:00,DEV_009,54,85,41
DEV_009_2024-12-08 16:00:00,2024-12-08 16:00:00,DEV_009,18,87,23
DEV_009_2024-12-08 17:00:00,2024-12-08 17:00:00,DEV_009,92,36,25
DEV_009_2024-12-08 18:00:00,2024-12-08 18:00:00,DEV_009,7,82,20
DEV_009_2024-12-08 19:00:00,2024-12-08 19:00:00,DEV_009,5,18,33
DEV_009_2024-12-08 20:00:00,2024-12-08 20:00:00,DEV_009,79,35,65
DEV_009_2024-12-08 21:00:00,2024-12-08 21:00:00,DEV_009,63,85,72
DEV_009_2024-12-08 22:00:00,2024-12-08 22:00:00,DEV_009,71,41,50
DEV_009_2024-12-08 23:00:00,2024-12-08 23:00:00,DEV_009,30,38,35
DEV_009_2024-12-09 00:00:00,2024-12-09 00:00:00,DEV_009,66,46,8
DEV_009_2024-12-09 01:00:00,2024-12-09 01:00:00,DEV_009,68,37,85
DEV_009_2024-12-09 02:00:00,2024-12-09 02:00:00,DEV_009,13,73,45
DEV_009_2024-12-09 03:00:00,2024-12-09 03:00:00,DEV_009,29,41,56
DEV_009_2024-12-09 04:00:00,2024-12-09 04:00:00,DEV_009,88,16,12
DEV_009_2024-12-09 05:00:00,2024-12-09 05:00:00,DEV_009,66,62,19
DEV_009_2024-12-09 06:00:00,2024-12-09 06:00:00,DEV_009,30,16,88
DEV_009_2024-12-09 07:00:00,2024-12-09 07:00:00,DEV_009,13,69,23
DEV_009_2024-12-09 08:00:00,2024-12-09 08:00:00,DEV_009,62,31,53
DEV_009_2024-12-09 09:00:00,2024-12-09 09:00:00,DEV_009,17,49,49
DEV_009_2024-12-09 10:00:00,2024-12-09 10:00:00,DEV_009,67,26,13
DEV_009_2024-12-09 11:00:00,2024-12-09 11:00:00,DEV_009,38,22,85
DEV_009_2024-12-09 12:00:00,2024-12-09 12:00:00,DEV_009,29,45,46
DEV_009_2024-12-09 13:00:00,2024-12-09 13:00:00,DEV_009,39,69,78
DEV_009_2024-12-09 14:00:00,2024-12-09 14:00:00,DEV_009,82,68,97
DEV_009_2024-12-09 15:00:00,2024-12-09 15:00:00,DEV_009,39,20,77
DEV_009_2024-12-09 16:00:00,2024-12-09 16:00:00,DEV_009,68,35,8
DEV_009_2024-12-09 17:00:00,2024-12-09 17:00:00,DEV_009,52,40,36
DEV_009_2024-12-09 18:00:00,2024-12-09 18:00:00,DEV_009,6,86,70
DEV_009_2024-12-09 19:00:00,2024-12-09 19:00:00,DEV_009,73,16,46
DEV_009_2024-12-09 20:00:00,2024-12-09 20:00:00,DEV_009,59,38,97
DEV_009_2024-12-09 21:00:00,2024-12-09 21:00:00,DEV_009,18,12,54
DEV_009_2024-12-09 22:00:00,2024-12-09 22:00:00,DEV_009,91,47,1
DEV_009_2024-12-09 23:00:00,2024-12-09 23:00:00,DEV_009,15,91,80
DEV_009_2024-12-10 00:00:00,2024-12-10 00:00:00,DEV_009,21,1,93
DEV_009_2024-12-10 01:00:00,2024-12-10 01:00:00,DEV_009,67,12,28
DEV_009_2024-12-10 02:00:00,2024-12-10 02:00:00,DEV_009,39,37,95
DEV_009_2024-12-10 03:00:00,2024-12-10 03:00:00,DEV_009,60,31,58
DEV_009_2024-12-10 04:00:00,2024-12-10 04:00:00,DEV_009,97,97,11
DEV_009_2024-12-10 05:00:00,2024-12-10 05:00:00,DEV_009,29,89,13
DEV_009_2024-12-10 06:00:00,2024-12-10 06:00:00,DEV_009,51,54,19
DEV_009_2024-12-10 07:00:00,2024-12-10 07:00:00,DEV_009,58,36,28
DEV_009_2024-12-10 08:00:00,2024-12-10 08:00:00,DEV_009,68,3,89
DEV_009_2024-12-10 09:00:00,2024-12-10 09:00:00,DEV_009,41,35,93
DEV_009_2024-12-10 10:00:00,2024-12-10 10:00:00,DEV_009,93,76,99
DEV_009_2024-12-10 11:00:00,2024-12-10 11:00:00,DEV_009,84,81,76
DEV_009_2024-12-10 12:00:00,2024-12-10 12:00:00,DEV_009,50,74,82
DEV_009_2024-12-10 13:00:00,2024-12-10 13:00:00,DEV_009,30,72,77
DEV_009_2024-12-10 14:00:00,2024-12-10 14:00:00,DEV_009,95,70,54
DEV_009_2024-12-10 15:00:00,2024-12-10 15:00:00,DEV_009,71,85,51
DEV_009_2024-12-10 16:00:00,2024-12-10 16:00:00,DEV_009,28,64,85
DEV_009_2024-12-10 17:00:00,2024-12-10 17:00:00,DEV_009,21,88,27
DEV_009_2024-12-10 18:00:00,2024-12-10 18:00:00,DEV_009,27,77,50
DEV_009_2024-12-10 19:00:00,2024-12-10 19:00:00,DEV_009,29,39,57
DEV_009_2024-12-10 20:00:00,2024-12-10 20:00:00,DEV_009,92,37,93
DEV_009_2024-12-10 21:00:00,2024-12-10 21:00:00,DEV_009,64,48,22
DEV_009_2024-12-10 22:00:00,2024-12-10 22:00:00,DEV_009,30,28,23
DEV_009_2024-12-10 23:00:00,2024-12-10 23:00:00,DEV_009,97,4,3
DEV_009_2024-12-11 00:00:00,2024-12-11 00:00:00,DEV_009,61,96,4
DEV_009_2024-12-11 01:00:00,2024-12-11 01:00:00,DEV_009,65,12,13
DEV_009_2024-12-11 02:00:00,2024-12-11 02:00:00,DEV_009,34,59,93
DEV_009_2024-12-11 03:00:00,2024-12-11 03:00:00,DEV_009,73,31,71
DEV_009_2024-12-11 04:00:00,2024-12-11 04:00:00,DEV_009,13,54,2
DEV_009_2024-12-11 05:00:00,2024-12-11 05:00:00,DEV_009,33,50,7
DEV_009_2024-12-11 06:00:00,2024-12-11 06:00:00,DEV_009,18,51,8
DEV_009_2024-12-11 07:00:00,2024-12-11 07:00:00,DEV_009,55,76,43
DEV_009_2024-12-11 08:00:00,2024-12-11 08:00:00,DEV_009,59,30,59
DEV_009_2024-12-11 09:00:00,2024-12-11 09:00:00,DEV_009,9,92,68
DEV_009_2024-12-11 10:00:00,2024-12-11 10:00:00,DEV_009,39,81,11
DEV_009_2024-12-11 11:00:00,2024-12-11 11:00:00,DEV_009,2,23,63
DEV_009_2024-12-11 12:00:00,2024-12-11 12:00:00,DEV_009,22,61,26
DEV_009_2024-12-11 13:00:00,2024-12-11 13:00:00,DEV_009,12,32,9
DEV_009_2024-12-11 14:00:00,2024-12-11 14:00:00,DEV_009,69,90,71
DEV_009_2024-12-11 15:00:00,2024-12-11 15:00:00,DEV_009,93,33,24
DEV_009_2024-12-11 16:00:00,2024-12-11 16:00:00,DEV_009,89,95,93
DEV_009_2024-12-11 17:00:00,2024-12-11 17:00:00,DEV_009,69,38,11
DEV_009_2024-12-11 18:00:00,2024-12-11 18:00:00,DEV_009,32,64,72
DEV_009_2024-12-11 19:00:00,2024-12-11 19:00:00,DEV_009,20,34,42
DEV_009_2024-12-11 20:00:00,2024-12-11 20:00:00,DEV_009,8,66,21
DEV_009_2024-12-11 21:00:00,2024-12-11 21:00:00,DEV_009,79,70,5
DEV_009_2024-12-11 22:00:00,2024-12-11 22:00:00,DEV_009,67,43,16
DEV_009_2024-12-11 23:00:00,2024-12-11 23:00:00,DEV_009,99,73,35
DEV_009_2024-12-12 00:00:00,2024-12-12 00:00:00,DEV_009,83,43,98
DEV_009_2024-12-12 01:00:00,2024-12-12 01:00:00,DEV_009,39,10,74
DEV_009_2024-12-12 02:00:00,2024-12-12 02:00:00,DEV_009,20,1,6
DEV_009_2024-12-12 03:00:00,2024-12-12 03:00:00,DEV_009,53,46,66
DEV_009_2024-12-12 04:00:00,2024-12-12 04:00:00,DEV_009,38,33,67
DEV_009_2024-12-12 05:00:00,2024-12-12 05:00:00,DEV_009,77,35,79
DEV_009_2024-12-12 06:00:00,2024-12-12 06:00:00,DEV_009,45,22,68
DEV_009_2024-12-12 07:00:00,2024-12-12 07:00:00,DEV_009,17,5,85
DEV_009_2024-12-12 08:00:00,2024-12-12 08:00:00,DEV_009,57,88,95
DEV_009_2024-12-12 09:00:00,2024-12-12 09:00:00,DEV_009,40,30,42
DEV_009_2024-12-12 10:00:00,2024-12-12 10:00:00,DEV_009,7,71,91
DEV_009_2024-12-12 11:00:00,2024-12-12 11:00:00,DEV_009,88,19,41
DEV_009_2024-12-12 12:00:00,2024-12-12 12:00:00,DEV_009,34,22,52
DEV_009_2024-12-12 13:00:00,2024-12-12 13:00:00,DEV_009,91,6,74
DEV_009_2024-12-12 14:00:00,2024-12-12 14:00:00,DEV_009,95,25,66
DEV_009_2024-12-12 15:00:00,2024-12-12 15:00:00,DEV_009,10,74,26
DEV_009_2024-12-12 16:00:00,2024-12-12 16:00:00,DEV_009,5,86,68
DEV_009_2024-12-12 17:00:00,2024-12-12 17:00:00,DEV_009,98,71,50
DEV_009_2024-12-12 18:00:00,2024-12-12 18:00:00,DEV_009,17,11,53
DEV_009_2024-12-12 19:00:00,2024-12-12 19:00:00,DEV_009,50,8,92
DEV_009_2024-12-12 20:00:00,2024-12-12 20:00:00,DEV_009,97,62,89
DEV_009_2024-12-12 21:00:00,2024-12-12 21:00:00,DEV_009,85,76,90
DEV_009_2024-12-12 22:00:00,2024-12-12 22:00:00,DEV_009,29,99,44
DEV_009_2024-12-12 23:00:00,2024-12-12 23:00:00,DEV_009,45,29,88
DEV_009_2024-12-13 00:00:00,2024-12-13 00:00:00,DEV_009,59,15,70
DEV_009_2024-12-13 01:00:00,2024-12-13 01:00:00,DEV_009,96,44,98
DEV_009_2024-12-13 02:00:00,2024-12-13 02:00:00,DEV_009,36,84,57
DEV_009_2024-12-13 03:00:00,2024-12-13 03:00:00,DEV_009,64,76,99
DEV_009_2024-12-13 04:00:00,2024-12-13 04:00:00,DEV_009,38,17,27
DEV_009_2024-12-13 05:00:00,2024-12-13 05:00:00,DEV_009,17,63,11
DEV_009_2024-12-13 06:00:00,2024-12-13 06:00:00,DEV_009,64,39,2
DEV_009_2024-12-13 07:00:00,2024-12-13 07:00:00,DEV_009,66,54,29
DEV_009_2024-12-13 08:00:00,2024-12-13 08:00:00,DEV_009,45,88,88
DEV_009_2024-12-13 09:00:00,2024-12-13 09:00:00,DEV_009,80,31,49
DEV_009_2024-12-13 10:00:00,2024-12-13 10:00:00,DEV_009,9,27,56
DEV_009_2024-12-13 11:00:00,2024-12-13 11:00:00,DEV_009,78,45,89
DEV_009_2024-12-13 12:00:00,2024-12-13 12:00:00,DEV_009,43,22,99
DEV_009_2024-12-13 13:00:00,2024-12-13 13:00:00,DEV_009,33,27,40
DEV_009_2024-12-13 14:00:00,2024-12-13 14:00:00,DEV_009,26,83,45
DEV_009_2024-12-13 15:00:00,2024-12-13 15:00:00,DEV_009,45,26,70
DEV_009_2024-12-13 16:00:00,2024-12-13 16:00:00,DEV_009,67,6,28
DEV_009_2024-12-13 17:00:00,2024-12-13 17:00:00,DEV_009,67,13,63
DEV_009_2024-12-13 18:00:00,2024-12-13 18:00:00,DEV_009,13,77,1
DEV_009_2024-12-13 19:00:00,2024-12-13 19:00:00,DEV_009,40,37,31
DEV_009_2024-12-13 20:00:00,2024-12-13 20:00:00,DEV_009,17,9,64
DEV_009_2024-12-13 21:00:00,2024-12-13 21:00:00,DEV_009,57,13,37
DEV_009_2024-12-13 22:00:00,2024-12-13 22:00:00,DEV_009,14,75,25
DEV_009_2024-12-13 23:00:00,2024-12-13 23:00:00,DEV_009,95,78,57
DEV_009_2024-12-14 00:00:00,2024-12-14 00:00:00,DEV_009,71,88,42
DEV_009_2024-12-14 01:00:00,2024-12-14 01:00:00,DEV_009,42,47,44
DEV_009_2024-12-14 02:00:00,2024-12-14 02:00:00,DEV_009,41,3,90
DEV_009_2024-12-14 03:00:00,2024-12-14 03:00:00,DEV_009,90,1,79
DEV_009_2024-12-14 04:00:00,2024-12-14 04:00:00,DEV_009,11,7,12
DEV_009_2024-12-14 05:00:00,2024-12-14 05:00:00,DEV_009,38,54,67
DEV_009_2024-12-14 06:00:00,2024-12-14 06:00:00,DEV_009,53,90,94
DEV_009_2024-12-14 07:00:00,2024-12-14 07:00:00,DEV_009,32,45,51
DEV_009_2024-12-14 08:00:00,2024-12-14 08:00:00,DEV_009,37,59,54
DEV_009_2024-12-14 09:00:00,2024-12-14 09:00:00,DEV_009,18,1,21
DEV_009_2024-12-14 10:00:00,2024-12-14 10:00:00,DEV_009,28,16,48
DEV_009_2024-12-14 11:00:00,2024-12-14 11:00:00,DEV_009,28,22,83
DEV_009_2024-12-14 12:00:00,2024-12-14 12:00:00,DEV_009,1,95,42
DEV_009_2024-12-14 13:00:00,2024-12-14 13:00:00,DEV_009,98,70,92
DEV_009_2024-12-14 14:00:00,2024-12-14 14:00:00,DEV_009,3,95,80
DEV_009_2024-12-14 15:00:00,2024-12-14 15:00:00,DEV_009,81,44,27
DEV_009_2024-12-14 16:00:00,2024-12-14 16:00:00,DEV_009,51,24,20
DEV_009_2024-12-14 17:00:00,2024-12-14 17:00:00,DEV_009,32,99,13
DEV_009_2024-12-14 18:00:00,2024-12-14 18:00:00,DEV_009,43,20,2
DEV_009_2024-12-14 19:00:00,2024-12-14 19:00:00,DEV_009,68,91,60
DEV_009_2024-12-14 20:00:00,2024-12-14 20:00:00,DEV_009,89,4,96
DEV_009_2024-12-14 21:00:00,2024-12-14 21:00:00,DEV_009,17,1,33
DEV_009_2024-12-14 22:00:00,2024-12-14 22:00:00,DEV_009,30,5,12
DEV_009_2024-12-14 23:00:00,2024-12-14 23:00:00,DEV_009,32,38,17
DEV_009_2024-12-15 00:00:00,2024-12-15 00:00:00,DEV_009,58,40,96
DEV_009_2024-12-15 01:00:00,2024-12-15 01:00:00,DEV_009,24,12,95
DEV_009_2024-12-15 02:00:00,2024-12-15 02:00:00,DEV_009,19,29,85
DEV_009_2024-12-15 03:00:00,2024-12-15 03:00:00,DEV_009,90,52,92
DEV_009_2024-12-15 04:00:00,2024-12-15 04:00:00,DEV_009,17,73,21
DEV_009_2024-12-15 05:00:00,2024-12-15 05:00:00,DEV_009,60,98,75
DEV_009_2024-12-15 06:00:00,2024-12-15 06:00:00,DEV_009,20,53,80
DEV_009_2024-12-15 07:00:00,2024-12-15 07:00:00,DEV_009,63,57,29
DEV_009_2024-12-15 08:00:00,2024-12-15 08:00:00,DEV_009,1,82,59
DEV_009_2024-12-15 09:00:00,2024-12-15 09:00:00,DEV_009,64,86,72
DEV_009_2024-12-15 10:00:00,2024-12-15 10:00:00,DEV_009,71,89,94
DEV_009_2024-12-15 11:00:00,2024-12-15 11:00:00,DEV_009,98,44,48
DEV_009_2024-12-15 12:00:00,2024-12-15 12:00:00,DEV_009,75,15,35
DEV_009_2024-12-15 13:00:00,2024-12-15 13:00:00,DEV_009,23,53,45
DEV_009_2024-12-15 14:00:00,2024-12-15 14:00:00,DEV_009,85,92,13
DEV_009_2024-12-15 15:00:00,2024-12-15 15:00:00,DEV_009,34,38,70
DEV_009_2024-12-15 16:00:00,2024-12-15 16:00:00,DEV_009,68,5,40
DEV_009_2024-12-15 17:00:00,2024-12-15 17:00:00,DEV_009,70,21,28
DEV_009_2024-12-15 18:00:00,2024-12-15 18:00:00,DEV_009,3,23,72
DEV_009_2024-12-15 19:00:00,2024-12-15 19:00:00,DEV_009,19,75,50
DEV_009_2024-12-15 20:00:00,2024-12-15 20:00:00,DEV_009,74,58,92
DEV_009_2024-12-15 21:00:00,2024-12-15 21:00:00,DEV_009,20,92,93
DEV_009_2024-12-15 22:00:00,2024-12-15 22:00:00,DEV_009,72,83,53
DEV_009_2024-12-15 23:00:00,2024-12-15 23:00:00,DEV_009,85,82,9
DEV_009_2024-12-16 00:00:00,2024-12-16 00:00:00,DEV_009,4,41,25
DEV_009_2024-12-16 01:00:00,2024-12-16 01:00:00,DEV_009,34,73,9
DEV_009_2024-12-16 02:00:00,2024-12-16 02:00:00,DEV_009,82,75,13
DEV_009_2024-12-16 03:00:00,2024-12-16 03:00:00,DEV_009,9,80,4
DEV_009_2024-12-16 04:00:00,2024-12-16 04:00:00,DEV_009,34,7,15
DEV_009_2024-12-16 05:00:00,2024-12-16 05:00:00,DEV_009,38,75,96
DEV_009_2024-12-16 06:00:00,2024-12-16 06:00:00,DEV_009,91,94,52
DEV_009_2024-12-16 07:00:00,2024-12-16 07:00:00,DEV_009,81,83,7
DEV_009_2024-12-16 08:00:00,2024-12-16 08:00:00,DEV_009,45,59,21
DEV_009_2024-12-16 09:00:00,2024-12-16 09:00:00,DEV_009,28,3,14
DEV_009_2024-12-16 10:00:00,2024-12-16 10:00:00,DEV_009,2,29,18
DEV_009_2024-12-16 11:00:00,2024-12-16 11:00:00,DEV_009,37,45,45
DEV_009_2024-12-16 12:00:00,2024-12-16 12:00:00,DEV_009,24,46,12
DEV_009_2024-12-16 13:00:00,2024-12-16 13:00:00,DEV_009,53,45,32
DEV_009_2024-12-16 14:00:00,2024-12-16 14:00:00,DEV_009,18,13,4
DEV_009_2024-12-16 15:00:00,2024-12-16 15:00:00,DEV_009,23,62,54
DEV_009_2024-12-16 16:00:00,2024-12-16 16:00:00,DEV_009,74,55,69
DEV_009_2024-12-16 17:00:00,2024-12-16 17:00:00,DEV_009,40,14,98
DEV_009_2024-12-16 18:00:00,2024-12-16 18:00:00,DEV_009,28,72,80
DEV_009_2024-12-16 19:00:00,2024-12-16 19:00:00,DEV_009,95,71,67
DEV_009_2024-12-16 20:00:00,2024-12-16 20:00:00,DEV_009,29,61,68
DEV_009_2024-12-16 21:00:00,2024-12-16 21:00:00,DEV_009,9,17,49
DEV_009_2024-12-16 22:00:00,2024-12-16 22:00:00,DEV_009,63,84,78
DEV_009_2024-12-16 23:00:00,2024-12-16 23:00:00,DEV_009,46,93,13
DEV_009_2024-12-17 00:00:00,2024-12-17 00:00:00,DEV_009,45,53,17
DEV_009_2024-12-17 01:00:00,2024-12-17 01:00:00,DEV_009,47,62,50
DEV_009_2024-12-17 02:00:00,2024-12-17 02:00:00,DEV_009,43,68,84
DEV_009_2024-12-17 03:00:00,2024-12-17 03:00:00,DEV_009,75,86,72
DEV_009_2024-12-17 04:00:00,2024-12-17 04:00:00,DEV_009,28,45,41
DEV_009_2024-12-17 05:00:00,2024-12-17 05:00:00,DEV_009,94,97,97
DEV_009_2024-12-17 06:00:00,2024-12-17 06:00:00,DEV_009,36,91,84
DEV_009_2024-12-17 07:00:00,2024-12-17 07:00:00,DEV_009,33,25,19
DEV_009_2024-12-17 08:00:00,2024-12-17 08:00:00,DEV_009,47,85,33
DEV_009_2024-12-17 09:00:00,2024-12-17 09:00:00,DEV_009,67,14,79
DEV_009_2024-12-17 10:00:00,2024-12-17 10:00:00,DEV_009,33,42,86
DEV_009_2024-12-17 11:00:00,2024-12-17 11:00:00,DEV_009,65,95,47
DEV_009_2024-12-17 12:00:00,2024-12-17 12:00:00,DEV_009,35,84,32
DEV_009_2024-12-17 13:00:00,2024-12-17 13:00:00,DEV_009,55,54,76
DEV_009_2024-12-17 14:00:00,2024-12-17 14:00:00,DEV_009,51,80,59
DEV_009_2024-12-17 15:00:00,2024-12-17 15:00:00,DEV_009,72,14,18
DEV_009_2024-12-17 16:00:00,2024-12-17 16:00:00,DEV_009,55,94,97
DEV_009_2024-12-17 17:00:00,2024-12-17 17:00:00,DEV_009,98,56,49
DEV_009_2024-12-17 18:00:00,2024-12-17 18:00:00,DEV_009,98,60,53
DEV_009_2024-12-17 19:00:00,2024-12-17 19:00:00,DEV_009,71,6,70
DEV_009_2024-12-17 20:00:00,2024-12-17 20:00:00,DEV_009,86,8,15
DEV_009_2024-12-17 21:00:00,2024-12-17 21:00:00,DEV_009,26,39,3
DEV_009_2024-12-17 22:00:00,2024-12-17 22:00:00,DEV_009,57,10,3
DEV_009_2024-12-17 23:00:00,2024-12-17 23:00:00,DEV_009,94,46,22
DEV_009_2024-12-18 00:00:00,2024-12-18 00:00:00,DEV_009,67,65,97
DEV_009_2024-12-18 01:00:00,2024-12-18 01:00:00,DEV_009,19,62,98
DEV_009_2024-12-18 02:00:00,2024-12-18 02:00:00,DEV_009,57,95,88
DEV_009_2024-12-18 03:00:00,2024-12-18 03:00:00,DEV_009,76,13,16
DEV_009_2024-12-18 04:00:00,2024-12-18 04:00:00,DEV_009,16,52,84
DEV_009_2024-12-18 05:00:00,2024-12-18 05:00:00,DEV_009,41,48,91
DEV_009_2024-12-18 06:00:00,2024-12-18 06:00:00,DEV_009,39,13,4
DEV_009_2024-12-18 07:00:00,2024-12-18 07:00:00,DEV_009,96,98,43
DEV_009_2024-12-18 08:00:00,2024-12-18 08:00:00,DEV_009,81,88,93
DEV_009_2024-12-18 09:00:00,2024-12-18 09:00:00,DEV_009,46,92,47
DEV_009_2024-12-18 10:00:00,2024-12-18 10:00:00,DEV_009,86,92,53
DEV_009_2024-12-18 11:00:00,2024-12-18 11:00:00,DEV_009,25,41,3
DEV_009_2024-12-18 12:00:00,2024-12-18 12:00:00,DEV_009,77,95,13
DEV_009_2024-12-18 13:00:00,2024-12-18 13:00:00,DEV_009,18,37,43
DEV_009_2024-12-18 14:00:00,2024-12-18 14:00:00,DEV_009,34,81,55
DEV_009_2024-12-18 15:00:00,2024-12-18 15:00:00,DEV_009,52,85,36
DEV_009_2024-12-18 16:00:00,2024-12-18 16:00:00,DEV_009,54,59,52
DEV_009_2024-12-18 17:00:00,2024-12-18 17:00:00,DEV_009,19,12,92
DEV_009_2024-12-18 18:00:00,2024-12-18 18:00:00,DEV_009,11,48,92
DEV_009_2024-12-18 19:00:00,2024-12-18 19:00:00,DEV_009,99,79,16
DEV_009_2024-12-18 20:00:00,2024-12-18 20:00:00,DEV_009,71,47,67
DEV_009_2024-12-18 21:00:00,2024-12-18 21:00:00,DEV_009,31,76,8
DEV_009_2024-12-18 22:00:00,2024-12-18 22:00:00,DEV_009,89,61,44
DEV_009_2024-12-18 23:00:00,2024-12-18 23:00:00,DEV_009,50,35,76
DEV_009_2024-12-19 00:00:00,2024-12-19 00:00:00,DEV_009,61,85,90
DEV_009_2024-12-19 01:00:00,2024-12-19 01:00:00,DEV_009,55,66,14
DEV_009_2024-12-19 02:00:00,2024-12-19 02:00:00,DEV_009,4,17,69
DEV_009_2024-12-19 03:00:00,2024-12-19 03:00:00,DEV_009,24,49,55
DEV_009_2024-12-19 04:00:00,2024-12-19 04:00:00,DEV_009,71,23,81
DEV_009_2024-12-19 05:00:00,2024-12-19 05:00:00,DEV_009,12,11,75
DEV_009_2024-12-19 06:00:00,2024-12-19 06:00:00,DEV_009,98,29,62
DEV_009_2024-12-19 07:00:00,2024-12-19 07:00:00,DEV_009,53,48,91
DEV_009_2024-12-19 08:00:00,2024-12-19 08:00:00,DEV_009,86,66,48
DEV_009_2024-12-19 09:00:00,2024-12-19 09:00:00,DEV_009,94,59,71
DEV_009_2024-12-19 10:00:00,2024-12-19 10:00:00,DEV_009,57,76,3
DEV_009_2024-12-19 11:00:00,2024-12-19 11:00:00,DEV_009,81,32,8
DEV_009_2024-12-19 12:00:00,2024-12-19 12:00:00,DEV_009,87,30,15
DEV_009_2024-12-19 13:00:00,2024-12-19 13:00:00,DEV_009,74,55,38
DEV_009_2024-12-19 14:00:00,2024-12-19 14:00:00,DEV_009,15,30,46
DEV_009_2024-12-19 15:00:00,2024-12-19 15:00:00,DEV_009,64,26,78
DEV_009_2024-12-19 16:00:00,2024-12-19 16:00:00,DEV_009,67,36,90
DEV_009_2024-12-19 17:00:00,2024-12-19 17:00:00,DEV_009,78,31,78
DEV_009_2024-12-19 18:00:00,2024-12-19 18:00:00,DEV_009,40,74,73
DEV_009_2024-12-19 19:00:00,2024-12-19 19:00:00,DEV_009,46,42,18
DEV_009_2024-12-19 20:00:00,2024-12-19 20:00:00,DEV_009,36,76,50
DEV_009_2024-12-19 21:00:00,2024-12-19 21:00:00,DEV_009,61,40,3
DEV_009_2024-12-19 22:00:00,2024-12-19 22:00:00,DEV_009,82,7,31
DEV_009_2024-12-19 23:00:00,2024-12-19 23:00:00,DEV_009,65,95,64
DEV_009_2024-12-20 00:00:00,2024-12-20 00:00:00,DEV_009,77,93,3
DEV_009_2024-12-20 01:00:00,2024-12-20 01:00:00,DEV_009,93,35,15
DEV_009_2024-12-20 02:00:00,2024-12-20 02:00:00,DEV_009,21,62,83
DEV_009_2024-12-20 03:00:00,2024-12-20 03:00:00,DEV_009,28,4,13
DEV_009_2024-12-20 04:00:00,2024-12-20 04:00:00,DEV_009,79,51,48
DEV_009_2024-12-20 05:00:00,2024-12-20 05:00:00,DEV_009,39,96,67
DEV_009_2024-12-20 06:00:00,2024-12-20 06:00:00,DEV_009,94,58,84
DEV_009_2024-12-20 07:00:00,2024-12-20 07:00:00,DEV_009,2,25,11
DEV_009_2024-12-20 08:00:00,2024-12-20 08:00:00,DEV_009,1,48,48
DEV_009_2024-12-20 09:00:00,2024-12-20 09:00:00,DEV_009,10,81,30
DEV_009_2024-12-20 10:00:00,2024-12-20 10:00:00,DEV_009,35,19,53
DEV_009_2024-12-20 11:00:00,2024-12-20 11:00:00,DEV_009,34,32,76
DEV_009_2024-12-20 12:00:00,2024-12-20 12:00:00,DEV_009,81,6,13
DEV_009_2024-12-20 13:00:00,2024-12-20 13:00:00,DEV_009,86,75,64
DEV_009_2024-12-20 14:00:00,2024-12-20 14:00:00,DEV_009,7,45,45
DEV_009_2024-12-20 15:00:00,2024-12-20 15:00:00,DEV_009,85,65,94
DEV_009_2024-12-20 16:00:00,2024-12-20 16:00:00,DEV_009,19,47,46
DEV_009_2024-12-20 17:00:00,2024-12-20 17:00:00,DEV_009,29,99,84
DEV_009_2024-12-20 18:00:00,2024-12-20 18:00:00,DEV_009,61,65,23
DEV_009_2024-12-20 19:00:00,2024-12-20 19:00:00,DEV_009,95,51,63
DEV_009_2024-12-20 20:00:00,2024-12-20 20:00:00,DEV_009,99,22,71
DEV_009_2024-12-20 21:00:00,2024-12-20 21:00:00,DEV_009,33,44,7
DEV_009_2024-12-20 22:00:00,2024-12-20 22:00:00,DEV_009,91,2,17
DEV_009_2024-12-20 23:00:00,2024-12-20 23:00:00,DEV_009,65,58,30
DEV_009_2024-12-21 00:00:00,2024-12-21 00:00:00,DEV_009,86,92,97
DEV_009_2024-12-21 01:00:00,2024-12-21 01:00:00,DEV_009,26,35,63
DEV_009_2024-12-21 02:00:00,2024-12-21 02:00:00,DEV_009,75,71,28
DEV_009_2024-12-21 03:00:00,2024-12-21 03:00:00,DEV_009,25,61,31
DEV_009_2024-12-21 04:00:00,2024-12-21 04:00:00,DEV_009,54,67,97
DEV_009_2024-12-21 05:00:00,2024-12-21 05:00:00,DEV_009,51,58,34
DEV_009_2024-12-21 06:00:00,2024-12-21 06:00:00,DEV_009,59,21,56
DEV_009_2024-12-21 07:00:00,2024-12-21 07:00:00,DEV_009,37,64,19
DEV_009_2024-12-21 08:00:00,2024-12-21 08:00:00,DEV_009,85,78,74
DEV_009_2024-12-21 09:00:00,2024-12-21 09:00:00,DEV_009,53,71,93
DEV_009_2024-12-21 10:00:00,2024-12-21 10:00:00,DEV_009,63,62,72
DEV_009_2024-12-21 11:00:00,2024-12-21 11:00:00,DEV_009,77,19,75
DEV_009_2024-12-21 12:00:00,2024-12-21 12:00:00,DEV_009,2,6,29
DEV_009_2024-12-21 13:00:00,2024-12-21 13:00:00,DEV_009,41,51,5
DEV_009_2024-12-21 14:00:00,2024-12-21 14:00:00,DEV_009,41,62,30
DEV_009_2024-12-21 15:00:00,2024-12-21 15:00:00,DEV_009,62,27,50
DEV_009_2024-12-21 16:00:00,2024-12-21 16:00:00,DEV_009,82,52,49
DEV_009_2024-12-21 17:00:00,2024-12-21 17:00:00,DEV_009,62,60,80
DEV_009_2024-12-21 18:00:00,2024-12-21 18:00:00,DEV_009,54,5,9
DEV_009_2024-12-21 19:00:00,2024-12-21 19:00:00,DEV_009,34,98,36
DEV_009_2024-12-21 20:00:00,2024-12-21 20:00:00,DEV_009,95,20,81
DEV_009_2024-12-21 21:00:00,2024-12-21 21:00:00,DEV_009,84,92,85
DEV_009_2024-12-21 22:00:00,2024-12-21 22:00:00,DEV_009,83,63,67
DEV_009_2024-12-21 23:00:00,2024-12-21 23:00:00,DEV_009,30,69,70
DEV_009_2024-12-22 00:00:00,2024-12-22 00:00:00,DEV_009,3,49,42
DEV_009_2024-12-22 01:00:00,2024-12-22 01:00:00,DEV_009,24,44,1
DEV_009_2024-12-22 02:00:00,2024-12-22 02:00:00,DEV_009,54,52,36
DEV_009_2024-12-22 03:00:00,2024-12-22 03:00:00,DEV_009,79,38,44
DEV_009_2024-12-22 04:00:00,2024-12-22 04:00:00,DEV_009,82,87,47
DEV_009_2024-12-22 05:00:00,2024-12-22 05:00:00,DEV_009,29,51,41
DEV_009_2024-12-22 06:00:00,2024-12-22 06:00:00,DEV_009,86,64,88
DEV_009_2024-12-22 07:00:00,2024-12-22 07:00:00,DEV_009,48,77,97
DEV_009_2024-12-22 08:00:00,2024-12-22 08:00:00,DEV_009,22,99,17
DEV_009_2024-12-22 09:00:00,2024-12-22 09:00:00,DEV_009,86,5,61
DEV_009_2024-12-22 10:00:00,2024-12-22 10:00:00,DEV_009,89,6,53
DEV_009_2024-12-22 11:00:00,2024-12-22 11:00:00,DEV_009,81,95,17
DEV_009_2024-12-22 12:00:00,2024-12-22 12:00:00,DEV_009,59,97,39
DEV_009_2024-12-22 13:00:00,2024-12-22 13:00:00,DEV_009,54,48,37
DEV_009_2024-12-22 14:00:00,2024-12-22 14:00:00,DEV_009,48,68,78
DEV_009_2024-12-22 15:00:00,2024-12-22 15:00:00,DEV_009,77,27,88
DEV_009_2024-12-22 16:00:00,2024-12-22 16:00:00,DEV_009,27,72,63
DEV_009_2024-12-22 17:00:00,2024-12-22 17:00:00,DEV_009,52,47,21
DEV_009_2024-12-22 18:00:00,2024-12-22 18:00:00,DEV_009,57,75,95
DEV_009_2024-12-22 19:00:00,2024-12-22 19:00:00,DEV_009,91,42,48
DEV_009_2024-12-22 20:00:00,2024-12-22 20:00:00,DEV_009,27,72,33
DEV_009_2024-12-22 21:00:00,2024-12-22 21:00:00,DEV_009,76,35,98
DEV_009_2024-12-22 22:00:00,2024-12-22 22:00:00,DEV_009,16,36,66
DEV_009_2024-12-22 23:00:00,2024-12-22 23:00:00,DEV_009,76,91,56
DEV_009_2024-12-23 00:00:00,2024-12-23 00:00:00,DEV_009,17,20,85
DEV_009_2024-12-23 01:00:00,2024-12-23 01:00:00,DEV_009,94,84,8
DEV_009_2024-12-23 02:00:00,2024-12-23 02:00:00,DEV_009,18,18,18
DEV_009_2024-12-23 03:00:00,2024-12-23 03:00:00,DEV_009,2,76,96
DEV_009_2024-12-23 04:00:00,2024-12-23 04:00:00,DEV_009,72,51,10
DEV_009_2024-12-23 05:00:00,2024-12-23 05:00:00,DEV_009,75,14,26
DEV_009_2024-12-23 06:00:00,2024-12-23 06:00:00,DEV_009,47,30,56
DEV_009_2024-12-23 07:00:00,2024-12-23 07:00:00,DEV_009,42,4,11
DEV_009_2024-12-23 08:00:00,2024-12-23 08:00:00,DEV_009,24,86,67
DEV_009_2024-12-23 09:00:00,2024-12-23 09:00:00,DEV_009,37,2,12
DEV_009_2024-12-23 10:00:00,2024-12-23 10:00:00,DEV_009,21,69,71
DEV_009_2024-12-23 11:00:00,2024-12-23 11:00:00,DEV_009,64,68,43
DEV_009_2024-12-23 12:00:00,2024-12-23 12:00:00,DEV_009,54,62,86
DEV_009_2024-12-23 13:00:00,2024-12-23 13:00:00,DEV_009,93,73,90
DEV_009_2024-12-23 14:00:00,2024-12-23 14:00:00,DEV_009,12,1,72
DEV_009_2024-12-23 15:00:00,2024-12-23 15:00:00,DEV_009,33,64,68
DEV_009_2024-12-23 16:00:00,2024-12-23 16:00:00,DEV_009,14,93,14
DEV_009_2024-12-23 17:00:00,2024-12-23 17:00:00,DEV_009,9,73,26
DEV_009_2024-12-23 18:00:00,2024-12-23 18:00:00,DEV_009,49,17,68
DEV_009_2024-12-23 19:00:00,2024-12-23 19:00:00,DEV_009,60,3,93
DEV_009_2024-12-23 20:00:00,2024-12-23 20:00:00,DEV_009,25,21,12
DEV_009_2024-12-23 21:00:00,2024-12-23 21:00:00,DEV_009,54,1,1
DEV_009_2024-12-23 22:00:00,2024-12-23 22:00:00,DEV_009,45,46,48
DEV_009_2024-12-23 23:00:00,2024-12-23 23:00:00,DEV_009,7,10,15
DEV_009_2024-12-24 00:00:00,2024-12-24 00:00:00,DEV_009,40,11,56
DEV_009_2024-12-24 01:00:00,2024-12-24 01:00:00,DEV_009,46,45,87
DEV_009_2024-12-24 02:00:00,2024-12-24 02:00:00,DEV_009,13,27,81
DEV_009_2024-12-24 03:00:00,2024-12-24 03:00:00,DEV_009,50,61,13
DEV_009_2024-12-24 04:00:00,2024-12-24 04:00:00,DEV_009,12,29,85
DEV_009_2024-12-24 05:00:00,2024-12-24 05:00:00,DEV_009,84,20,31
DEV_009_2024-12-24 06:00:00,2024-12-24 06:00:00,DEV_009,8,24,75
DEV_009_2024-12-24 07:00:00,2024-12-24 07:00:00,DEV_009,39,33,42
DEV_009_2024-12-24 08:00:00,2024-12-24 08:00:00,DEV_009,15,68,65
DEV_009_2024-12-24 09:00:00,2024-12-24 09:00:00,DEV_009,32,11,94
DEV_009_2024-12-24 10:00:00,2024-12-24 10:00:00,DEV_009,37,19,51
DEV_009_2024-12-24 11:00:00,2024-12-24 11:00:00,DEV_009,34,71,60
DEV_009_2024-12-24 12:00:00,2024-12-24 12:00:00,DEV_009,84,53,12
DEV_009_2024-12-24 13:00:00,2024-12-24 13:00:00,DEV_009,62,96,66
DEV_009_2024-12-24 14:00:00,2024-12-24 14:00:00,DEV_009,86,48,40
DEV_009_2024-12-24 15:00:00,2024-12-24 15:00:00,DEV_009,24,50,95
DEV_009_2024-12-24 16:00:00,2024-12-24 16:00:00,DEV_009,68,88,43
DEV_009_2024-12-24 17:00:00,2024-12-24 17:00:00,DEV_009,17,83,55
DEV_009_2024-12-24 18:00:00,2024-12-24 18:00:00,DEV_009,34,97,70
DEV_009_2024-12-24 19:00:00,2024-12-24 19:00:00,DEV_009,60,51,77
DEV_009_2024-12-24 20:00:00,2024-12-24 20:00:00,DEV_009,73,35,34
DEV_009_2024-12-24 21:00:00,2024-12-24 21:00:00,DEV_009,16,82,18
DEV_009_2024-12-24 22:00:00,2024-12-24 22:00:00,DEV_009,38,43,32
DEV_009_2024-12-24 23:00:00,2024-12-24 23:00:00,DEV_009,7,87,87
DEV_009_2024-12-25 00:00:00,2024-12-25 00:00:00,DEV_009,46,61,18
DEV_009_2024-12-25 01:00:00,2024-12-25 01:00:00,DEV_009,71,40,88
DEV_009_2024-12-25 02:00:00,2024-12-25 02:00:00,DEV_009,78,50,5
DEV_009_2024-12-25 03:00:00,2024-12-25 03:00:00,DEV_009,54,86,58
DEV_009_2024-12-25 04:00:00,2024-12-25 04:00:00,DEV_009,22,74,90
DEV_009_2024-12-25 05:00:00,2024-12-25 05:00:00,DEV_009,79,38,49
DEV_009_2024-12-25 06:00:00,2024-12-25 06:00:00,DEV_009,1,78,36
DEV_009_2024-12-25 07:00:00,2024-12-25 07:00:00,DEV_009,95,28,98
DEV_009_2024-12-25 08:00:00,2024-12-25 08:00:00,DEV_009,35,60,62
DEV_009_2024-12-25 09:00:00,2024-12-25 09:00:00,DEV_009,87,46,83
DEV_009_2024-12-25 10:00:00,2024-12-25 10:00:00,DEV_009,82,79,61
DEV_009_2024-12-25 11:00:00,2024-12-25 11:00:00,DEV_009,65,89,26
DEV_009_2024-12-25 12:00:00,2024-12-25 12:00:00,DEV_009,35,57,79
DEV_009_2024-12-25 13:00:00,2024-12-25 13:00:00,DEV_009,63,4,79
DEV_009_2024-12-25 14:00:00,2024-12-25 14:00:00,DEV_009,42,45,39
DEV_009_2024-12-25 15:00:00,2024-12-25 15:00:00,DEV_009,65,22,11
DEV_009_2024-12-25 16:00:00,2024-12-25 16:00:00,DEV_009,37,90,51
DEV_009_2024-12-25 17:00:00,2024-12-25 17:00:00,DEV_009,91,58,77
DEV_009_2024-12-25 18:00:00,2024-12-25 18:00:00,DEV_009,7,8,51
DEV_009_2024-12-25 19:00:00,2024-12-25 19:00:00,DEV_009,23,90,91
DEV_009_2024-12-25 20:00:00,2024-12-25 20:00:00,DEV_009,9,46,38
DEV_009_2024-12-25 21:00:00,2024-12-25 21:00:00,DEV_009,13,7,11
DEV_009_2024-12-25 22:00:00,2024-12-25 22:00:00,DEV_009,74,97,50
DEV_009_2024-12-25 23:00:00,2024-12-25 23:00:00,DEV_009,67,41,29
DEV_009_2024-12-26 00:00:00,2024-12-26 00:00:00,DEV_009,37,56,80
DEV_009_2024-12-26 01:00:00,2024-12-26 01:00:00,DEV_009,16,44,50
DEV_009_2024-12-26 02:00:00,2024-12-26 02:00:00,DEV_009,71,79,6
DEV_009_2024-12-26 03:00:00,2024-12-26 03:00:00,DEV_009,18,19,51
DEV_009_2024-12-26 04:00:00,2024-12-26 04:00:00,DEV_009,66,3,89
DEV_009_2024-12-26 05:00:00,2024-12-26 05:00:00,DEV_009,54,49,28
DEV_009_2024-12-26 06:00:00,2024-12-26 06:00:00,DEV_009,38,28,32
DEV_009_2024-12-26 07:00:00,2024-12-26 07:00:00,DEV_009,41,36,36
DEV_009_2024-12-26 08:00:00,2024-12-26 08:00:00,DEV_009,87,66,10
DEV_009_2024-12-26 09:00:00,2024-12-26 09:00:00,DEV_009,70,72,79
DEV_009_2024-12-26 10:00:00,2024-12-26 10:00:00,DEV_009,93,63,92
DEV_009_2024-12-26 11:00:00,2024-12-26 11:00:00,DEV_009,22,98,20
DEV_009_2024-12-26 12:00:00,2024-12-26 12:00:00,DEV_009,33,15,7
DEV_009_2024-12-26 13:00:00,2024-12-26 13:00:00,DEV_009,88,90,50
DEV_009_2024-12-26 14:00:00,2024-12-26 14:00:00,DEV_009,10,79,37
DEV_009_2024-12-26 15:00:00,2024-12-26 15:00:00,DEV_009,59,88,75
DEV_009_2024-12-26 16:00:00,2024-12-26 16:00:00,DEV_009,63,21,79
DEV_009_2024-12-26 17:00:00,2024-12-26 17:00:00,DEV_009,79,37,45
DEV_009_2024-12-26 18:00:00,2024-12-26 18:00:00,DEV_009,14,43,85
DEV_009_2024-12-26 19:00:00,2024-12-26 19:00:00,DEV_009,84,33,3
DEV_009_2024-12-26 20:00:00,2024-12-26 20:00:00,DEV_009,87,44,87
DEV_009_2024-12-26 21:00:00,2024-12-26 21:00:00,DEV_009,91,35,25
DEV_009_2024-12-26 22:00:00,2024-12-26 22:00:00,DEV_009,96,86,8
DEV_009_2024-12-26 23:00:00,2024-12-26 23:00:00,DEV_009,62,18,92
DEV_009_2024-12-27 00:00:00,2024-12-27 00:00:00,DEV_009,28,75,12
DEV_009_2024-12-27 01:00:00,2024-12-27 01:00:00,DEV_009,64,2,59
DEV_009_2024-12-27 02:00:00,2024-12-27 02:00:00,DEV_009,37,4,41
DEV_009_2024-12-27 03:00:00,2024-12-27 03:00:00,DEV_009,45,34,87
DEV_009_2024-12-27 04:00:00,2024-12-27 04:00:00,DEV_009,13,7,32
DEV_009_2024-12-27 05:00:00,2024-12-27 05:00:00,DEV_009,23,49,72
DEV_009_2024-12-27 06:00:00,2024-12-27 06:00:00,DEV_009,47,37,98
DEV_009_2024-12-27 07:00:00,2024-12-27 07:00:00,DEV_009,48,29,37
DEV_009_2024-12-27 08:00:00,2024-12-27 08:00:00,DEV_009,23,38,93
DEV_009_2024-12-27 09:00:00,2024-12-27 09:00:00,DEV_009,44,5,52
DEV_009_2024-12-27 10:00:00,2024-12-27 10:00:00,DEV_009,40,11,78
DEV_009_2024-12-27 11:00:00,2024-12-27 11:00:00,DEV_009,2,35,45
DEV_009_2024-12-27 12:00:00,2024-12-27 12:00:00,DEV_009,49,35,92
DEV_009_2024-12-27 13:00:00,2024-12-27 13:00:00,DEV_009,72,32,68
DEV_009_2024-12-27 14:00:00,2024-12-27 14:00:00,DEV_009,71,39,48
DEV_009_2024-12-27 15:00:00,2024-12-27 15:00:00,DEV_009,91,37,60
DEV_009_2024-12-27 16:00:00,2024-12-27 16:00:00,DEV_009,81,74,4
DEV_009_2024-12-27 17:00:00,2024-12-27 17:00:00,DEV_009,23,14,5
DEV_009_2024-12-27 18:00:00,2024-12-27 18:00:00,DEV_009,66,24,18
DEV_009_2024-12-27 19:00:00,2024-12-27 19:00:00,DEV_009,27,24,29
DEV_009_2024-12-27 20:00:00,2024-12-27 20:00:00,DEV_009,11,18,4
DEV_009_2024-12-27 21:00:00,2024-12-27 21:00:00,DEV_009,33,78,42
DEV_009_2024-12-27 22:00:00,2024-12-27 22:00:00,DEV_009,32,51,4
DEV_009_2024-12-27 23:00:00,2024-12-27 23:00:00,DEV_009,20,85,67
DEV_009_2024-12-28 00:00:00,2024-12-28 00:00:00,DEV_009,89,68,62
DEV_009_2024-12-28 01:00:00,2024-12-28 01:00:00,DEV_009,58,47,75
DEV_009_2024-12-28 02:00:00,2024-12-28 02:00:00,DEV_009,80,59,6
DEV_009_2024-12-28 03:00:00,2024-12-28 03:00:00,DEV_009,95,40,77
DEV_009_2024-12-28 04:00:00,2024-12-28 04:00:00,DEV_009,23,52,4
DEV_009_2024-12-28 05:00:00,2024-12-28 05:00:00,DEV_009,37,42,44
DEV_009_2024-12-28 06:00:00,2024-12-28 06:00:00,DEV_009,97,42,29
DEV_009_2024-12-28 07:00:00,2024-12-28 07:00:00,DEV_009,19,84,32
DEV_009_2024-12-28 08:00:00,2024-12-28 08:00:00,DEV_009,44,55,80
DEV_009_2024-12-28 09:00:00,2024-12-28 09:00:00,DEV_009,5,46,76
DEV_009_2024-12-28 10:00:00,2024-12-28 10:00:00,DEV_009,45,21,78
DEV_009_2024-12-28 11:00:00,2024-12-28 11:00:00,DEV_009,22,30,23
DEV_009_2024-12-28 12:00:00,2024-12-28 12:00:00,DEV_009,5,63,93
DEV_009_2024-12-28 13:00:00,2024-12-28 13:00:00,DEV_009,59,94,82
DEV_009_2024-12-28 14:00:00,2024-12-28 14:00:00,DEV_009,52,65,39
DEV_009_2024-12-28 15:00:00,2024-12-28 15:00:00,DEV_009,81,3,42
DEV_009_2024-12-28 16:00:00,2024-12-28 16:00:00,DEV_009,71,27,28
DEV_009_2024-12-28 17:00:00,2024-12-28 17:00:00,DEV_009,54,95,15
DEV_009_2024-12-28 18:00:00,2024-12-28 18:00:00,DEV_009,53,72,70
DEV_009_2024-12-28 19:00:00,2024-12-28 19:00:00,DEV_009,92,4,94
DEV_009_2024-12-28 20:00:00,2024-12-28 20:00:00,DEV_009,17,34,6
DEV_009_2024-12-28 21:00:00,2024-12-28 21:00:00,DEV_009,36,99,39
DEV_009_2024-12-28 22:00:00,2024-12-28 22:00:00,DEV_009,80,66,8
DEV_009_2024-12-28 23:00:00,2024-12-28 23:00:00,DEV_009,15,63,91
DEV_009_2024-12-29 00:00:00,2024-12-29 00:00:00,DEV_009,80,65,59
DEV_009_2024-12-29 01:00:00,2024-12-29 01:00:00,DEV_009,10,7,74
DEV_009_2024-12-29 02:00:00,2024-12-29 02:00:00,DEV_009,76,81,12
DEV_009_2024-12-29 03:00:00,2024-12-29 03:00:00,DEV_009,79,46,32
DEV_009_2024-12-29 04:00:00,2024-12-29 04:00:00,DEV_009,32,90,78
DEV_009_2024-12-29 05:00:00,2024-12-29 05:00:00,DEV_009,90,61,69
DEV_009_2024-12-29 06:00:00,2024-12-29 06:00:00,DEV_009,61,46,68
DEV_009_2024-12-29 07:00:00,2024-12-29 07:00:00,DEV_009,92,55,1
DEV_009_2024-12-29 08:00:00,2024-12-29 08:00:00,DEV_009,77,67,49
DEV_009_2024-12-29 09:00:00,2024-12-29 09:00:00,DEV_009,25,16,85
DEV_009_2024-12-29 10:00:00,2024-12-29 10:00:00,DEV_009,13,52,36
DEV_009_2024-12-29 11:00:00,2024-12-29 11:00:00,DEV_009,72,44,83
DEV_009_2024-12-29 12:00:00,2024-12-29 12:00:00,DEV_009,47,80,76
DEV_009_2024-12-29 13:00:00,2024-12-29 13:00:00,DEV_009,20,18,54
DEV_009_2024-12-29 14:00:00,2024-12-29 14:00:00,DEV_009,12,25,60
DEV_009_2024-12-29 15:00:00,2024-12-29 15:00:00,DEV_009,75,86,34
DEV_009_2024-12-29 16:00:00,2024-12-29 16:00:00,DEV_009,13,38,12
DEV_009_2024-12-29 17:00:00,2024-12-29 17:00:00,DEV_009,36,28,91
DEV_009_2024-12-29 18:00:00,2024-12-29 18:00:00,DEV_009,39,77,43
DEV_009_2024-12-29 19:00:00,2024-12-29 19:00:00,DEV_009,91,31,2
DEV_009_2024-12-29 20:00:00,2024-12-29 20:00:00,DEV_009,82,90,42
DEV_009_2024-12-29 21:00:00,2024-12-29 21:00:00,DEV_009,31,61,56
DEV_009_2024-12-29 22:00:00,2024-12-29 22:00:00,DEV_009,86,83,14
DEV_009_2024-12-29 23:00:00,2024-12-29 23:00:00,DEV_009,14,29,81
DEV_010_2024-09-01 00:00:00,2024-09-01 00:00:00,DEV_010,50,63,73
DEV_010_2024-09-01 02:00:00,2024-09-01 02:00:00,DEV_010,65,68,71
DEV_010_2024-09-01 04:00:00,2024-09-01 04:00:00,DEV_010,11,14,83
DEV_010_2024-09-01 06:00:00,2024-09-01 06:00:00,DEV_010,3,8,93
DEV_010_2024-09-01 08:00:00,2024-09-01 08:00:00,DEV_010,43,9,19
DEV_010_2024-09-01 10:00:00,2024-09-01 10:00:00,DEV_010,12,27,58
DEV_010_2024-09-01 12:00:00,2024-09-01 12:00:00,DEV_010,25,45,48
DEV_010_2024-09-01 14:00:00,2024-09-01 14:00:00,DEV_010,50,81,44
DEV_010_2024-09-01 16:00:00,2024-09-01 16:00:00,DEV_010,59,33,78
DEV_010_2024-09-01 18:00:00,2024-09-01 18:00:00,DEV_010,28,18,55
DEV_010_2024-09-01 20:00:00,2024-09-01 20:00:00,DEV_010,33,15,61
DEV_010_2024-09-01 22:00:00,2024-09-01 22:00:00,DEV_010,11,36,15
DEV_010_2024-09-02 00:00:00,2024-09-02 00:00:00,DEV_010,53,62,48
DEV_010_2024-09-02 02:00:00,2024-09-02 02:00:00,DEV_010,94,15,63
DEV_010_2024-09-02 04:00:00,2024-09-02 04:00:00,DEV_010,87,43,50
DEV_010_2024-09-02 06:00:00,2024-09-02 06:00:00,DEV_010,60,59,15
DEV_010_2024-09-02 08:00:00,2024-09-02 08:00:00,DEV_010,29,75,82
DEV_010_2024-09-02 10:00:00,2024-09-02 10:00:00,DEV_010,40,31,73
DEV_010_2024-09-02 12:00:00,2024-09-02 12:00:00,DEV_010,86,11,81
DEV_010_2024-09-02 14:00:00,2024-09-02 14:00:00,DEV_010,97,62,75
DEV_010_2024-09-02 16:00:00,2024-09-02 16:00:00,DEV_010,8,51,57
DEV_010_2024-09-02 18:00:00,2024-09-02 18:00:00,DEV_010,4,36,19
DEV_010_2024-09-02 20:00:00,2024-09-02 20:00:00,DEV_010,24,41,49
DEV_010_2024-09-02 22:00:00,2024-09-02 22:00:00,DEV_010,82,97,46
DEV_010_2024-09-03 00:00:00,2024-09-03 00:00:00,DEV_010,36,10,78
DEV_010_2024-09-03 02:00:00,2024-09-03 02:00:00,DEV_010,7,12,86
DEV_010_2024-09-03 04:00:00,2024-09-03 04:00:00,DEV_010,91,48,37
DEV_010_2024-09-03 06:00:00,2024-09-03 06:00:00,DEV_010,75,36,60
DEV_010_2024-09-03 08:00:00,2024-09-03 08:00:00,DEV_010,77,96,8
DEV_010_2024-09-03 10:00:00,2024-09-03 10:00:00,DEV_010,7,43,58
DEV_010_2024-09-03 12:00:00,2024-09-03 12:00:00,DEV_010,81,86,46
DEV_010_2024-09-03 14:00:00,2024-09-03 14:00:00,DEV_010,34,84,72
DEV_010_2024-09-03 16:00:00,2024-09-03 16:00:00,DEV_010,22,91,98
DEV_010_2024-09-03 18:00:00,2024-09-03 18:00:00,DEV_010,21,15,5
DEV_010_2024-09-03 20:00:00,2024-09-03 20:00:00,DEV_010,17,72,19
DEV_010_2024-09-03 22:00:00,2024-09-03 22:00:00,DEV_010,5,23,83
DEV_010_2024-09-04 00:00:00,2024-09-04 00:00:00,DEV_010,14,10,31
DEV_010_2024-09-04 02:00:00,2024-09-04 02:00:00,DEV_010,13,22,37
DEV_010_2024-09-04 04:00:00,2024-09-04 04:00:00,DEV_010,39,10,31
DEV_010_2024-09-04 06:00:00,2024-09-04 06:00:00,DEV_010,43,99,77
DEV_010_2024-09-04 08:00:00,2024-09-04 08:00:00,DEV_010,94,98,36
DEV_010_2024-09-04 10:00:00,2024-09-04 10:00:00,DEV_010,35,68,55
DEV_010_2024-09-04 12:00:00,2024-09-04 12:00:00,DEV_010,68,47,6
DEV_010_2024-09-04 14:00:00,2024-09-04 14:00:00,DEV_010,28,30,27
DEV_010_2024-09-04 16:00:00,2024-09-04 16:00:00,DEV_010,69,39,35
DEV_010_2024-09-04 18:00:00,2024-09-04 18:00:00,DEV_010,44,15,83
DEV_010_2024-09-04 20:00:00,2024-09-04 20:00:00,DEV_010,94,32,29
DEV_010_2024-09-04 22:00:00,2024-09-04 22:00:00,DEV_010,63,6,90
DEV_010_2024-09-05 00:00:00,2024-09-05 00:00:00,DEV_010,27,99,28
DEV_010_2024-09-05 02:00:00,2024-09-05 02:00:00,DEV_010,5,41,56
DEV_010_2024-09-05 04:00:00,2024-09-05 04:00:00,DEV_010,54,80,18
DEV_010_2024-09-05 06:00:00,2024-09-05 06:00:00,DEV_010,77,43,89
DEV_010_2024-09-05 08:00:00,2024-09-05 08:00:00,DEV_010,74,29,10
DEV_010_2024-09-05 10:00:00,2024-09-05 10:00:00,DEV_010,6,80,89
DEV_010_2024-09-05 12:00:00,2024-09-05 12:00:00,DEV_010,4,34,83
DEV_010_2024-09-05 14:00:00,2024-09-05 14:00:00,DEV_010,33,4,44
DEV_010_2024-09-05 16:00:00,2024-09-05 16:00:00,DEV_010,98,76,31
DEV_010_2024-09-05 18:00:00,2024-09-05 18:00:00,DEV_010,80,66,58
DEV_010_2024-09-05 20:00:00,2024-09-05 20:00:00,DEV_010,60,2,36
DEV_010_2024-09-05 22:00:00,2024-09-05 22:00:00,DEV_010,70,60,23
DEV_010_2024-09-06 00:00:00,2024-09-06 00:00:00,DEV_010,47,46,80
DEV_010_2024-09-06 02:00:00,2024-09-06 02:00:00,DEV_010,44,19,49
DEV_010_2024-09-06 04:00:00,2024-09-06 04:00:00,DEV_010,88,58,91
DEV_010_2024-09-06 06:00:00,2024-09-06 06:00:00,DEV_010,7,94,41
DEV_010_2024-09-06 08:00:00,2024-09-06 08:00:00,DEV_010,78,15,76
DEV_010_2024-09-06 10:00:00,2024-09-06 10:00:00,DEV_010,53,93,23
DEV_010_2024-09-06 12:00:00,2024-09-06 12:00:00,DEV_010,77,73,88
DEV_010_2024-09-06 14:00:00,2024-09-06 14:00:00,DEV_010,94,65,60
DEV_010_2024-09-06 16:00:00,2024-09-06 16:00:00,DEV_010,10,58,47
DEV_010_2024-09-06 18:00:00,2024-09-06 18:00:00,DEV_010,15,9,13
DEV_010_2024-09-06 20:00:00,2024-09-06 20:00:00,DEV_010,23,33,9
DEV_010_2024-09-06 22:00:00,2024-09-06 22:00:00,DEV_010,3,94,73
DEV_010_2024-09-07 00:00:00,2024-09-07 00:00:00,DEV_010,25,88,96
DEV_010_2024-09-07 02:00:00,2024-09-07 02:00:00,DEV_010,71,36,89
DEV_010_2024-09-07 04:00:00,2024-09-07 04:00:00,DEV_010,20,81,54
DEV_010_2024-09-07 06:00:00,2024-09-07 06:00:00,DEV_010,90,19,60
DEV_010_2024-09-07 08:00:00,2024-09-07 08:00:00,DEV_010,37,3,92
DEV_010_2024-09-07 10:00:00,2024-09-07 10:00:00,DEV_010,86,19,53
DEV_010_2024-09-07 12:00:00,2024-09-07 12:00:00,DEV_010,46,80,56
DEV_010_2024-09-07 14:00:00,2024-09-07 14:00:00,DEV_010,70,31,53
DEV_010_2024-09-07 16:00:00,2024-09-07 16:00:00,DEV_010,34,31,60
DEV_010_2024-09-07 18:00:00,2024-09-07 18:00:00,DEV_010,11,6,27
DEV_010_2024-09-07 20:00:00,2024-09-07 20:00:00,DEV_010,7,49,96
DEV_010_2024-09-07 22:00:00,2024-09-07 22:00:00,DEV_010,72,60,33
DEV_010_2024-09-08 00:00:00,2024-09-08 00:00:00,DEV_010,47,44,79
DEV_010_2024-09-08 02:00:00,2024-09-08 02:00:00,DEV_010,27,94,22
DEV_010_2024-09-08 04:00:00,2024-09-08 04:00:00,DEV_010,47,93,48
DEV_010_2024-09-08 06:00:00,2024-09-08 06:00:00,DEV_010,30,2,15
DEV_010_2024-09-08 08:00:00,2024-09-08 08:00:00,DEV_010,47,27,71
DEV_010_2024-09-08 10:00:00,2024-09-08 10:00:00,DEV_010,27,85,13
DEV_010_2024-09-08 12:00:00,2024-09-08 12:00:00,DEV_010,55,17,75
DEV_010_2024-09-08 14:00:00,2024-09-08 14:00:00,DEV_010,59,10,33
DEV_010_2024-09-08 16:00:00,2024-09-08 16:00:00,DEV_010,78,37,8
DEV_010_2024-09-08 18:00:00,2024-09-08 18:00:00,DEV_010,33,7,34
DEV_010_2024-09-08 20:00:00,2024-09-08 20:00:00,DEV_010,71,7,41
DEV_010_2024-09-08 22:00:00,2024-09-08 22:00:00,DEV_010,55,7,84
DEV_010_2024-09-09 00:00:00,2024-09-09 00:00:00,DEV_010,18,43,78
DEV_010_2024-09-09 02:00:00,2024-09-09 02:00:00,DEV_010,40,53,14
DEV_010_2024-09-09 04:00:00,2024-09-09 04:00:00,DEV_010,21,57,91
DEV_010_2024-09-09 06:00:00,2024-09-09 06:00:00,DEV_010,46,26,91
DEV_010_2024-09-09 08:00:00,2024-09-09 08:00:00,DEV_010,24,5,42
DEV_010_2024-09-09 10:00:00,2024-09-09 10:00:00,DEV_010,92,43,32
DEV_010_2024-09-09 12:00:00,2024-09-09 12:00:00,DEV_010,88,6,74
DEV_010_2024-09-09 14:00:00,2024-09-09 14:00:00,DEV_010,67,7,29
DEV_010_2024-09-09 16:00:00,2024-09-09 16:00:00,DEV_010,34,7,81
DEV_010_2024-09-09 18:00:00,2024-09-09 18:00:00,DEV_010,77,58,85
DEV_010_2024-09-09 20:00:00,2024-09-09 20:00:00,DEV_010,31,73,45
DEV_010_2024-09-09 22:00:00,2024-09-09 22:00:00,DEV_010,47,77,81
DEV_010_2024-09-10 00:00:00,2024-09-10 00:00:00,DEV_010,72,73,73
DEV_010_2024-09-10 02:00:00,2024-09-10 02:00:00,DEV_010,40,30,62
DEV_010_2024-09-10 04:00:00,2024-09-10 04:00:00,DEV_010,71,17,5
DEV_010_2024-09-10 06:00:00,2024-09-10 06:00:00,DEV_010,81,1,80
DEV_010_2024-09-10 08:00:00,2024-09-10 08:00:00,DEV_010,81,94,31
DEV_010_2024-09-10 10:00:00,2024-09-10 10:00:00,DEV_010,35,72,30
DEV_010_2024-09-10 12:00:00,2024-09-10 12:00:00,DEV_010,85,15,98
DEV_010_2024-09-10 14:00:00,2024-09-10 14:00:00,DEV_010,56,60,27
DEV_010_2024-09-10 16:00:00,2024-09-10 16:00:00,DEV_010,2,74,64
DEV_010_2024-09-10 18:00:00,2024-09-10 18:00:00,DEV_010,5,91,68
DEV_010_2024-09-10 20:00:00,2024-09-10 20:00:00,DEV_010,13,81,85
DEV_010_2024-09-10 22:00:00,2024-09-10 22:00:00,DEV_010,23,97,50
DEV_010_2024-09-11 00:00:00,2024-09-11 00:00:00,DEV_010,79,78,73
DEV_010_2024-09-11 02:00:00,2024-09-11 02:00:00,DEV_010,37,30,93
DEV_010_2024-09-11 04:00:00,2024-09-11 04:00:00,DEV_010,23,34,64
DEV_010_2024-09-11 06:00:00,2024-09-11 06:00:00,DEV_010,55,71,9
DEV_010_2024-09-11 08:00:00,2024-09-11 08:00:00,DEV_010,4,66,91
DEV_010_2024-09-11 10:00:00,2024-09-11 10:00:00,DEV_010,33,32,44
DEV_010_2024-09-11 12:00:00,2024-09-11 12:00:00,DEV_010,37,91,92
DEV_010_2024-09-11 14:00:00,2024-09-11 14:00:00,DEV_010,67,60,59
DEV_010_2024-09-11 16:00:00,2024-09-11 16:00:00,DEV_010,36,49,51
DEV_010_2024-09-11 18:00:00,2024-09-11 18:00:00,DEV_010,8,50,41
DEV_010_2024-09-11 20:00:00,2024-09-11 20:00:00,DEV_010,38,86,78
DEV_010_2024-09-11 22:00:00,2024-09-11 22:00:00,DEV_010,79,55,68
DEV_010_2024-09-12 00:00:00,2024-09-12 00:00:00,DEV_010,18,65,64
DEV_010_2024-09-12 02:00:00,2024-09-12 02:00:00,DEV_010,12,41,42
DEV_010_2024-09-12 04:00:00,2024-09-12 04:00:00,DEV_010,60,50,81
DEV_010_2024-09-12 06:00:00,2024-09-12 06:00:00,DEV_010,83,36,48
DEV_010_2024-09-12 08:00:00,2024-09-12 08:00:00,DEV_010,71,73,8
DEV_010_2024-09-12 10:00:00,2024-09-12 10:00:00,DEV_010,25,7,8
DEV_010_2024-09-12 12:00:00,2024-09-12 12:00:00,DEV_010,88,81,76
DEV_010_2024-09-12 14:00:00,2024-09-12 14:00:00,DEV_010,31,12,57
DEV_010_2024-09-12 16:00:00,2024-09-12 16:00:00,DEV_010,66,12,27
DEV_010_2024-09-12 18:00:00,2024-09-12 18:00:00,DEV_010,46,7,61
DEV_010_2024-09-12 20:00:00,2024-09-12 20:00:00,DEV_010,58,58,13
DEV_010_2024-09-12 22:00:00,2024-09-12 22:00:00,DEV_010,53,65,49
DEV_010_2024-09-13 00:00:00,2024-09-13 00:00:00,DEV_010,35,94,95
DEV_010_2024-09-13 02:00:00,2024-09-13 02:00:00,DEV_010,17,72,67
DEV_010_2024-09-13 04:00:00,2024-09-13 04:00:00,DEV_010,10,34,86
DEV_010_2024-09-13 06:00:00,2024-09-13 06:00:00,DEV_010,4,96,29
DEV_010_2024-09-13 08:00:00,2024-09-13 08:00:00,DEV_010,46,75,46
DEV_010_2024-09-13 10:00:00,2024-09-13 10:00:00,DEV_010,77,59,61
DEV_010_2024-09-13 12:00:00,2024-09-13 12:00:00,DEV_010,68,66,34
DEV_010_2024-09-13 14:00:00,2024-09-13 14:00:00,DEV_010,86,5,9
DEV_010_2024-09-13 16:00:00,2024-09-13 16:00:00,DEV_010,20,21,17
DEV_010_2024-09-13 18:00:00,2024-09-13 18:00:00,DEV_010,12,92,82
DEV_010_2024-09-13 20:00:00,2024-09-13 20:00:00,DEV_010,67,5,60
DEV_010_2024-09-13 22:00:00,2024-09-13 22:00:00,DEV_010,53,52,78
DEV_010_2024-09-14 00:00:00,2024-09-14 00:00:00,DEV_010,48,90,19
DEV_010_2024-09-14 02:00:00,2024-09-14 02:00:00,DEV_010,17,54,68
DEV_010_2024-09-14 04:00:00,2024-09-14 04:00:00,DEV_010,35,88,41
DEV_010_2024-09-14 06:00:00,2024-09-14 06:00:00,DEV_010,13,33,15
DEV_010_2024-09-14 08:00:00,2024-09-14 08:00:00,DEV_010,63,15,31
DEV_010_2024-09-14 10:00:00,2024-09-14 10:00:00,DEV_010,28,10,57
DEV_010_2024-09-14 12:00:00,2024-09-14 12:00:00,DEV_010,71,33,7
DEV_010_2024-09-14 14:00:00,2024-09-14 14:00:00,DEV_010,5,90,80
DEV_010_2024-09-14 16:00:00,2024-09-14 16:00:00,DEV_010,57,72,86
DEV_010_2024-09-14 18:00:00,2024-09-14 18:00:00,DEV_010,98,40,28
DEV_010_2024-09-14 20:00:00,2024-09-14 20:00:00,DEV_010,36,56,47
DEV_010_2024-09-14 22:00:00,2024-09-14 22:00:00,DEV_010,71,40,59
DEV_010_2024-09-15 00:00:00,2024-09-15 00:00:00,DEV_010,43,92,66
DEV_010_2024-09-15 02:00:00,2024-09-15 02:00:00,DEV_010,9,6,65
DEV_010_2024-09-15 04:00:00,2024-09-15 04:00:00,DEV_010,3,74,37
DEV_010_2024-09-15 06:00:00,2024-09-15 06:00:00,DEV_010,87,33,9
DEV_010_2024-09-15 08:00:00,2024-09-15 08:00:00,DEV_010,53,77,92
DEV_010_2024-09-15 10:00:00,2024-09-15 10:00:00,DEV_010,51,71,26
DEV_010_2024-09-15 12:00:00,2024-09-15 12:00:00,DEV_010,16,40,90
DEV_010_2024-09-15 14:00:00,2024-09-15 14:00:00,DEV_010,51,39,55
DEV_010_2024-09-15 16:00:00,2024-09-15 16:00:00,DEV_010,96,36,65
DEV_010_2024-09-15 18:00:00,2024-09-15 18:00:00,DEV_010,85,77,90
DEV_010_2024-09-15 20:00:00,2024-09-15 20:00:00,DEV_010,45,9,37
DEV_010_2024-09-15 22:00:00,2024-09-15 22:00:00,DEV_010,87,1,66
DEV_010_2024-09-16 00:00:00,2024-09-16 00:00:00,DEV_010,63,43,28
DEV_010_2024-09-16 02:00:00,2024-09-16 02:00:00,DEV_010,31,69,89
DEV_010_2024-09-16 04:00:00,2024-09-16 04:00:00,DEV_010,8,34,49
DEV_010_2024-09-16 06:00:00,2024-09-16 06:00:00,DEV_010,96,58,75
DEV_010_2024-09-16 08:00:00,2024-09-16 08:00:00,DEV_010,47,25,3
DEV_010_2024-09-16 10:00:00,2024-09-16 10:00:00,DEV_010,45,52,96
DEV_010_2024-09-16 12:00:00,2024-09-16 12:00:00,DEV_010,99,96,34
DEV_010_2024-09-16 14:00:00,2024-09-16 14:00:00,DEV_010,69,92,92
DEV_010_2024-09-16 16:00:00,2024-09-16 16:00:00,DEV_010,8,27,80
DEV_010_2024-09-16 18:00:00,2024-09-16 18:00:00,DEV_010,63,82,25
DEV_010_2024-09-16 20:00:00,2024-09-16 20:00:00,DEV_010,58,48,1
DEV_010_2024-09-16 22:00:00,2024-09-16 22:00:00,DEV_010,8,21,98
DEV_010_2024-09-17 00:00:00,2024-09-17 00:00:00,DEV_010,88,90,78
DEV_010_2024-09-17 02:00:00,2024-09-17 02:00:00,DEV_010,29,30,3
DEV_010_2024-09-17 04:00:00,2024-09-17 04:00:00,DEV_010,7,11,32
DEV_010_2024-09-17 06:00:00,2024-09-17 06:00:00,DEV_010,59,12,79
DEV_010_2024-09-17 08:00:00,2024-09-17 08:00:00,DEV_010,38,24,65
DEV_010_2024-09-17 10:00:00,2024-09-17 10:00:00,DEV_010,18,46,56
DEV_010_2024-09-17 12:00:00,2024-09-17 12:00:00,DEV_010,63,7,66
DEV_010_2024-09-17 14:00:00,2024-09-17 14:00:00,DEV_010,40,54,31
DEV_010_2024-09-17 16:00:00,2024-09-17 16:00:00,DEV_010,97,52,94
DEV_010_2024-09-17 18:00:00,2024-09-17 18:00:00,DEV_010,31,34,7
DEV_010_2024-09-17 20:00:00,2024-09-17 20:00:00,DEV_010,89,16,22
DEV_010_2024-09-17 22:00:00,2024-09-17 22:00:00,DEV_010,53,91,17
DEV_010_2024-09-18 00:00:00,2024-09-18 00:00:00,DEV_010,4,61,99
DEV_010_2024-09-18 02:00:00,2024-09-18 02:00:00,DEV_010,86,52,35
DEV_010_2024-09-18 04:00:00,2024-09-18 04:00:00,DEV_010,44,15,61
DEV_010_2024-09-18 06:00:00,2024-09-18 06:00:00,DEV_010,44,21,77
DEV_010_2024-09-18 08:00:00,2024-09-18 08:00:00,DEV_010,47,75,49
DEV_010_2024-09-18 10:00:00,2024-09-18 10:00:00,DEV_010,53,27,31
DEV_010_2024-09-18 12:00:00,2024-09-18 12:00:00,DEV_010,44,32,30
DEV_010_2024-09-18 14:00:00,2024-09-18 14:00:00,DEV_010,18,63,16
DEV_010_2024-09-18 16:00:00,2024-09-18 16:00:00,DEV_010,35,62,9
DEV_010_2024-09-18 18:00:00,2024-09-18 18:00:00,DEV_010,62,39,51
DEV_010_2024-09-18 20:00:00,2024-09-18 20:00:00,DEV_010,10,52,12
DEV_010_2024-09-18 22:00:00,2024-09-18 22:00:00,DEV_010,72,62,3
DEV_010_2024-09-19 00:00:00,2024-09-19 00:00:00,DEV_010,83,11,8
DEV_010_2024-09-19 02:00:00,2024-09-19 02:00:00,DEV_010,90,23,10
DEV_010_2024-09-19 04:00:00,2024-09-19 04:00:00,DEV_010,18,76,39
DEV_010_2024-09-19 06:00:00,2024-09-19 06:00:00,DEV_010,26,11,10
DEV_010_2024-09-19 08:00:00,2024-09-19 08:00:00,DEV_010,3,62,71
DEV_010_2024-09-19 10:00:00,2024-09-19 10:00:00,DEV_010,61,4,61
DEV_010_2024-09-19 12:00:00,2024-09-19 12:00:00,DEV_010,8,13,12
DEV_010_2024-09-19 14:00:00,2024-09-19 14:00:00,DEV_010,35,54,51
DEV_010_2024-09-19 16:00:00,2024-09-19 16:00:00,DEV_010,43,66,15
DEV_010_2024-09-19 18:00:00,2024-09-19 18:00:00,DEV_010,49,34,39
DEV_010_2024-09-19 20:00:00,2024-09-19 20:00:00,DEV_010,26,69,48
DEV_010_2024-09-19 22:00:00,2024-09-19 22:00:00,DEV_010,89,51,98
DEV_010_2024-09-20 00:00:00,2024-09-20 00:00:00,DEV_010,4,98,27
DEV_010_2024-09-20 02:00:00,2024-09-20 02:00:00,DEV_010,42,56,93
DEV_010_2024-09-20 04:00:00,2024-09-20 04:00:00,DEV_010,69,18,61
DEV_010_2024-09-20 06:00:00,2024-09-20 06:00:00,DEV_010,4,1,50
DEV_010_2024-09-20 08:00:00,2024-09-20 08:00:00,DEV_010,84,70,20
DEV_010_2024-09-20 10:00:00,2024-09-20 10:00:00,DEV_010,20,46,27
DEV_010_2024-09-20 12:00:00,2024-09-20 12:00:00,DEV_010,26,32,10
DEV_010_2024-09-20 14:00:00,2024-09-20 14:00:00,DEV_010,82,12,74
DEV_010_2024-09-20 16:00:00,2024-09-20 16:00:00,DEV_010,88,24,51
DEV_010_2024-09-20 18:00:00,2024-09-20 18:00:00,DEV_010,38,46,89
DEV_010_2024-09-20 20:00:00,2024-09-20 20:00:00,DEV_010,8,55,78
DEV_010_2024-09-20 22:00:00,2024-09-20 22:00:00,DEV_010,31,88,16
DEV_010_2024-09-21 00:00:00,2024-09-21 00:00:00,DEV_010,20,38,15
DEV_010_2024-09-21 02:00:00,2024-09-21 02:00:00,DEV_010,78,76,34
DEV_010_2024-09-21 04:00:00,2024-09-21 04:00:00,DEV_010,72,19,69
DEV_010_2024-09-21 06:00:00,2024-09-21 06:00:00,DEV_010,91,63,77
DEV_010_2024-09-21 08:00:00,2024-09-21 08:00:00,DEV_010,32,95,37
DEV_010_2024-09-21 10:00:00,2024-09-21 10:00:00,DEV_010,66,7,48
DEV_010_2024-09-21 12:00:00,2024-09-21 12:00:00,DEV_010,11,75,87
DEV_010_2024-09-21 14:00:00,2024-09-21 14:00:00,DEV_010,31,44,45
DEV_010_2024-09-21 16:00:00,2024-09-21 16:00:00,DEV_010,72,56,32
DEV_010_2024-09-21 18:00:00,2024-09-21 18:00:00,DEV_010,21,31,1
DEV_010_2024-09-21 20:00:00,2024-09-21 20:00:00,DEV_010,77,11,93
DEV_010_2024-09-21 22:00:00,2024-09-21 22:00:00,DEV_010,68,36,79
DEV_010_2024-09-22 00:00:00,2024-09-22 00:00:00,DEV_010,59,67,56
DEV_010_2024-09-22 02:00:00,2024-09-22 02:00:00,DEV_010,51,29,85
DEV_010_2024-09-22 04:00:00,2024-09-22 04:00:00,DEV_010,2,6,31
DEV_010_2024-09-22 06:00:00,2024-09-22 06:00:00,DEV_010,54,88,40
DEV_010_2024-09-22 08:00:00,2024-09-22 08:00:00,DEV_010,17,5,2
DEV_010_2024-09-22 10:00:00,2024-09-22 10:00:00,DEV_010,58,12,5
DEV_010_2024-09-22 12:00:00,2024-09-22 12:00:00,DEV_010,60,41,20
DEV_010_2024-09-22 14:00:00,2024-09-22 14:00:00,DEV_010,72,1,56
DEV_010_2024-09-22 16:00:00,2024-09-22 16:00:00,DEV_010,70,56,54
DEV_010_2024-09-22 18:00:00,2024-09-22 18:00:00,DEV_010,11,3,95
DEV_010_2024-09-22 20:00:00,2024-09-22 20:00:00,DEV_010,28,5,90
DEV_010_2024-09-22 22:00:00,2024-09-22 22:00:00,DEV_010,16,31,28
DEV_010_2024-09-23 00:00:00,2024-09-23 00:00:00,DEV_010,7,9,39
DEV_010_2024-09-23 02:00:00,2024-09-23 02:00:00,DEV_010,99,43,27
DEV_010_2024-09-23 04:00:00,2024-09-23 04:00:00,DEV_010,76,89,93
DEV_010_2024-09-23 06:00:00,2024-09-23 06:00:00,DEV_010,95,98,33
DEV_010_2024-09-23 08:00:00,2024-09-23 08:00:00,DEV_010,91,56,2
DEV_010_2024-09-23 10:00:00,2024-09-23 10:00:00,DEV_010,14,13,24
DEV_010_2024-09-23 12:00:00,2024-09-23 12:00:00,DEV_010,69,34,87
DEV_010_2024-09-23 14:00:00,2024-09-23 14:00:00,DEV_010,19,30,49
DEV_010_2024-09-23 16:00:00,2024-09-23 16:00:00,DEV_010,43,16,52
DEV_010_2024-09-23 18:00:00,2024-09-23 18:00:00,DEV_010,98,49,11
DEV_010_2024-09-23 20:00:00,2024-09-23 20:00:00,DEV_010,78,47,79
DEV_010_2024-09-23 22:00:00,2024-09-23 22:00:00,DEV_010,35,71,29
DEV_010_2024-09-24 00:00:00,2024-09-24 00:00:00,DEV_010,54,86,23
DEV_010_2024-09-24 02:00:00,2024-09-24 02:00:00,DEV_010,24,99,10
DEV_010_2024-09-24 04:00:00,2024-09-24 04:00:00,DEV_010,61,8,48
DEV_010_2024-09-24 06:00:00,2024-09-24 06:00:00,DEV_010,76,93,29
DEV_010_2024-09-24 08:00:00,2024-09-24 08:00:00,DEV_010,87,26,37
DEV_010_2024-09-24 10:00:00,2024-09-24 10:00:00,DEV_010,96,52,38
DEV_010_2024-09-24 12:00:00,2024-09-24 12:00:00,DEV_010,6,8,17
DEV_010_2024-09-24 14:00:00,2024-09-24 14:00:00,DEV_010,76,62,86
DEV_010_2024-09-24 16:00:00,2024-09-24 16:00:00,DEV_010,78,34,19
DEV_010_2024-09-24 18:00:00,2024-09-24 18:00:00,DEV_010,70,82,37
DEV_010_2024-09-24 20:00:00,2024-09-24 20:00:00,DEV_010,38,15,40
DEV_010_2024-09-24 22:00:00,2024-09-24 22:00:00,DEV_010,9,53,70
DEV_010_2024-09-25 00:00:00,2024-09-25 00:00:00,DEV_010,66,80,52
DEV_010_2024-09-25 02:00:00,2024-09-25 02:00:00,DEV_010,1,30,97
DEV_010_2024-09-25 04:00:00,2024-09-25 04:00:00,DEV_010,1,39,16
DEV_010_2024-09-25 06:00:00,2024-09-25 06:00:00,DEV_010,17,82,22
DEV_010_2024-09-25 08:00:00,2024-09-25 08:00:00,DEV_010,86,99,31
DEV_010_2024-09-25 10:00:00,2024-09-25 10:00:00,DEV_010,40,27,36
DEV_010_2024-09-25 12:00:00,2024-09-25 12:00:00,DEV_010,4,69,25
DEV_010_2024-09-25 14:00:00,2024-09-25 14:00:00,DEV_010,95,78,30
DEV_010_2024-09-25 16:00:00,2024-09-25 16:00:00,DEV_010,47,12,27
DEV_010_2024-09-25 18:00:00,2024-09-25 18:00:00,DEV_010,45,88,63
DEV_010_2024-09-25 20:00:00,2024-09-25 20:00:00,DEV_010,55,30,82
DEV_010_2024-09-25 22:00:00,2024-09-25 22:00:00,DEV_010,14,56,19
DEV_010_2024-09-26 00:00:00,2024-09-26 00:00:00,DEV_010,86,26,71
DEV_010_2024-09-26 02:00:00,2024-09-26 02:00:00,DEV_010,92,38,69
DEV_010_2024-09-26 04:00:00,2024-09-26 04:00:00,DEV_010,36,18,57
DEV_010_2024-09-26 06:00:00,2024-09-26 06:00:00,DEV_010,78,23,14
DEV_010_2024-09-26 08:00:00,2024-09-26 08:00:00,DEV_010,96,69,22
DEV_010_2024-09-26 10:00:00,2024-09-26 10:00:00,DEV_010,28,43,76
DEV_010_2024-09-26 12:00:00,2024-09-26 12:00:00,DEV_010,18,95,77
DEV_010_2024-09-26 14:00:00,2024-09-26 14:00:00,DEV_010,84,36,7
DEV_010_2024-09-26 16:00:00,2024-09-26 16:00:00,DEV_010,23,34,96
DEV_010_2024-09-26 18:00:00,2024-09-26 18:00:00,DEV_010,21,70,80
DEV_010_2024-09-26 20:00:00,2024-09-26 20:00:00,DEV_010,99,47,53
DEV_010_2024-09-26 22:00:00,2024-09-26 22:00:00,DEV_010,84,41,75
DEV_010_2024-09-27 00:00:00,2024-09-27 00:00:00,DEV_010,32,14,88
DEV_010_2024-09-27 02:00:00,2024-09-27 02:00:00,DEV_010,95,17,25
DEV_010_2024-09-27 04:00:00,2024-09-27 04:00:00,DEV_010,64,73,86
DEV_010_2024-09-27 06:00:00,2024-09-27 06:00:00,DEV_010,48,35,37
DEV_010_2024-09-27 08:00:00,2024-09-27 08:00:00,DEV_010,55,17,28
DEV_010_2024-09-27 10:00:00,2024-09-27 10:00:00,DEV_010,1,53,73
DEV_010_2024-09-27 12:00:00,2024-09-27 12:00:00,DEV_010,55,61,13
DEV_010_2024-09-27 14:00:00,2024-09-27 14:00:00,DEV_010,47,64,32
DEV_010_2024-09-27 16:00:00,2024-09-27 16:00:00,DEV_010,28,53,31
DEV_010_2024-09-27 18:00:00,2024-09-27 18:00:00,DEV_010,8,72,98
DEV_010_2024-09-27 20:00:00,2024-09-27 20:00:00,DEV_010,87,74,25
DEV_010_2024-09-27 22:00:00,2024-09-27 22:00:00,DEV_010,33,68,7
DEV_010_2024-09-28 00:00:00,2024-09-28 00:00:00,DEV_010,97,66,46
DEV_010_2024-09-28 02:00:00,2024-09-28 02:00:00,DEV_010,96,5,17
DEV_010_2024-09-28 04:00:00,2024-09-28 04:00:00,DEV_010,76,52,12
DEV_010_2024-09-28 06:00:00,2024-09-28 06:00:00,DEV_010,62,35,62
DEV_010_2024-09-28 08:00:00,2024-09-28 08:00:00,DEV_010,21,85,66
DEV_010_2024-09-28 10:00:00,2024-09-28 10:00:00,DEV_010,53,21,15
DEV_010_2024-09-28 12:00:00,2024-09-28 12:00:00,DEV_010,75,74,82
DEV_010_2024-09-28 14:00:00,2024-09-28 14:00:00,DEV_010,23,31,54
DEV_010_2024-09-28 16:00:00,2024-09-28 16:00:00,DEV_010,55,26,53
DEV_010_2024-09-28 18:00:00,2024-09-28 18:00:00,DEV_010,66,39,7
DEV_010_2024-09-28 20:00:00,2024-09-28 20:00:00,DEV_010,88,39,32
DEV_010_2024-09-28 22:00:00,2024-09-28 22:00:00,DEV_010,26,87,78
DEV_010_2024-09-29 00:00:00,2024-09-29 00:00:00,DEV_010,29,25,56
DEV_010_2024-09-29 02:00:00,2024-09-29 02:00:00,DEV_010,31,66,2
DEV_010_2024-09-29 04:00:00,2024-09-29 04:00:00,DEV_010,87,47,75
DEV_010_2024-09-29 06:00:00,2024-09-29 06:00:00,DEV_010,29,99,49
DEV_010_2024-09-29 08:00:00,2024-09-29 08:00:00,DEV_010,73,32,30
DEV_010_2024-09-29 10:00:00,2024-09-29 10:00:00,DEV_010,15,62,78
DEV_010_2024-09-29 12:00:00,2024-09-29 12:00:00,DEV_010,17,22,30
DEV_010_2024-09-29 14:00:00,2024-09-29 14:00:00,DEV_010,81,16,52
DEV_010_2024-09-29 16:00:00,2024-09-29 16:00:00,DEV_010,8,64,39
DEV_010_2024-09-29 18:00:00,2024-09-29 18:00:00,DEV_010,31,12,33
DEV_010_2024-09-29 20:00:00,2024-09-29 20:00:00,DEV_010,58,12,25
DEV_010_2024-09-29 22:00:00,2024-09-29 22:00:00,DEV_010,38,48,82
DEV_010_2024-09-30 00:00:00,2024-09-30 00:00:00,DEV_010,83,55,3
DEV_010_2024-09-30 02:00:00,2024-09-30 02:00:00,DEV_010,99,69,35
DEV_010_2024-09-30 04:00:00,2024-09-30 04:00:00,DEV_010,51,27,37
DEV_010_2024-09-30 06:00:00,2024-09-30 06:00:00,DEV_010,85,16,92
DEV_010_2024-09-30 08:00:00,2024-09-30 08:00:00,DEV_010,25,33,62
DEV_010_2024-09-30 10:00:00,2024-09-30 10:00:00,DEV_010,17,43,30
DEV_010_2024-09-30 12:00:00,2024-09-30 12:00:00,DEV_010,41,4,66
DEV_010_2024-09-30 14:00:00,2024-09-30 14:00:00,DEV_010,60,9,31
DEV_010_2024-09-30 16:00:00,2024-09-30 16:00:00,DEV_010,89,69,24
DEV_010_2024-09-30 18:00:00,2024-09-30 18:00:00,DEV_010,24,93,45
DEV_010_2024-09-30 20:00:00,2024-09-30 20:00:00,DEV_010,95,37,58
DEV_010_2024-09-30 22:00:00,2024-09-30 22:00:00,DEV_010,83,23,35
DEV_010_2024-10-01 00:00:00,2024-10-01 00:00:00,DEV_010,63,6,6
DEV_010_2024-10-01 02:00:00,2024-10-01 02:00:00,DEV_010,30,1,63
DEV_010_2024-10-01 04:00:00,2024-10-01 04:00:00,DEV_010,8,28,89
DEV_010_2024-10-01 06:00:00,2024-10-01 06:00:00,DEV_010,33,53,38
DEV_010_2024-10-01 08:00:00,2024-10-01 08:00:00,DEV_010,52,78,11
DEV_010_2024-10-01 10:00:00,2024-10-01 10:00:00,DEV_010,2,53,94
DEV_010_2024-10-01 12:00:00,2024-10-01 12:00:00,DEV_010,94,68,77
DEV_010_2024-10-01 14:00:00,2024-10-01 14:00:00,DEV_010,7,67,9
DEV_010_2024-10-01 16:00:00,2024-10-01 16:00:00,DEV_010,78,63,11
DEV_010_2024-10-01 18:00:00,2024-10-01 18:00:00,DEV_010,37,14,19
DEV_010_2024-10-01 20:00:00,2024-10-01 20:00:00,DEV_010,8,7,59
DEV_010_2024-10-01 22:00:00,2024-10-01 22:00:00,DEV_010,63,7,55
DEV_010_2024-10-02 00:00:00,2024-10-02 00:00:00,DEV_010,3,67,18
DEV_010_2024-10-02 02:00:00,2024-10-02 02:00:00,DEV_010,45,97,92
DEV_010_2024-10-02 04:00:00,2024-10-02 04:00:00,DEV_010,36,16,79
DEV_010_2024-10-02 06:00:00,2024-10-02 06:00:00,DEV_010,29,59,18
DEV_010_2024-10-02 08:00:00,2024-10-02 08:00:00,DEV_010,49,46,83
DEV_010_2024-10-02 10:00:00,2024-10-02 10:00:00,DEV_010,29,70,50
DEV_010_2024-10-02 12:00:00,2024-10-02 12:00:00,DEV_010,55,27,7
DEV_010_2024-10-02 14:00:00,2024-10-02 14:00:00,DEV_010,91,83,81
DEV_010_2024-10-02 16:00:00,2024-10-02 16:00:00,DEV_010,41,11,5
DEV_010_2024-10-02 18:00:00,2024-10-02 18:00:00,DEV_010,66,56,12
DEV_010_2024-10-02 20:00:00,2024-10-02 20:00:00,DEV_010,42,75,10
DEV_010_2024-10-02 22:00:00,2024-10-02 22:00:00,DEV_010,28,7,14
DEV_010_2024-10-03 00:00:00,2024-10-03 00:00:00,DEV_010,77,69,61
DEV_010_2024-10-03 02:00:00,2024-10-03 02:00:00,DEV_010,51,42,8
DEV_010_2024-10-03 04:00:00,2024-10-03 04:00:00,DEV_010,50,1,69
DEV_010_2024-10-03 06:00:00,2024-10-03 06:00:00,DEV_010,11,48,10
DEV_010_2024-10-03 08:00:00,2024-10-03 08:00:00,DEV_010,15,47,93
DEV_010_2024-10-03 10:00:00,2024-10-03 10:00:00,DEV_010,25,6,11
DEV_010_2024-10-03 12:00:00,2024-10-03 12:00:00,DEV_010,17,15,16
DEV_010_2024-10-03 14:00:00,2024-10-03 14:00:00,DEV_010,56,66,36
DEV_010_2024-10-03 16:00:00,2024-10-03 16:00:00,DEV_010,83,38,85
DEV_010_2024-10-03 18:00:00,2024-10-03 18:00:00,DEV_010,75,3,98
DEV_010_2024-10-03 20:00:00,2024-10-03 20:00:00,DEV_010,18,79,89
DEV_010_2024-10-03 22:00:00,2024-10-03 22:00:00,DEV_010,54,79,94
DEV_010_2024-10-04 00:00:00,2024-10-04 00:00:00,DEV_010,17,82,95
DEV_010_2024-10-04 02:00:00,2024-10-04 02:00:00,DEV_010,82,99,13
DEV_010_2024-10-04 04:00:00,2024-10-04 04:00:00,DEV_010,63,14,59
DEV_010_2024-10-04 06:00:00,2024-10-04 06:00:00,DEV_010,36,18,5
DEV_010_2024-10-04 08:00:00,2024-10-04 08:00:00,DEV_010,14,25,44
DEV_010_2024-10-04 10:00:00,2024-10-04 10:00:00,DEV_010,39,12,61
DEV_010_2024-10-04 12:00:00,2024-10-04 12:00:00,DEV_010,62,53,53
DEV_010_2024-10-04 14:00:00,2024-10-04 14:00:00,DEV_010,28,35,65
DEV_010_2024-10-04 16:00:00,2024-10-04 16:00:00,DEV_010,3,43,50
DEV_010_2024-10-04 18:00:00,2024-10-04 18:00:00,DEV_010,71,9,36
DEV_010_2024-10-04 20:00:00,2024-10-04 20:00:00,DEV_010,23,88,74
DEV_010_2024-10-04 22:00:00,2024-10-04 22:00:00,DEV_010,50,55,12
DEV_010_2024-10-05 00:00:00,2024-10-05 00:00:00,DEV_010,83,32,24
DEV_010_2024-10-05 02:00:00,2024-10-05 02:00:00,DEV_010,86,67,27
DEV_010_2024-10-05 04:00:00,2024-10-05 04:00:00,DEV_010,61,19,73
DEV_010_2024-10-05 06:00:00,2024-10-05 06:00:00,DEV_010,51,64,77
DEV_010_2024-10-05 08:00:00,2024-10-05 08:00:00,DEV_010,2,36,93
DEV_010_2024-10-05 10:00:00,2024-10-05 10:00:00,DEV_010,11,98,68
DEV_010_2024-10-05 12:00:00,2024-10-05 12:00:00,DEV_010,68,64,1
DEV_010_2024-10-05 14:00:00,2024-10-05 14:00:00,DEV_010,89,26,11
DEV_010_2024-10-05 16:00:00,2024-10-05 16:00:00,DEV_010,87,2,83
DEV_010_2024-10-05 18:00:00,2024-10-05 18:00:00,DEV_010,93,40,4
DEV_010_2024-10-05 20:00:00,2024-10-05 20:00:00,DEV_010,80,37,61
DEV_010_2024-10-05 22:00:00,2024-10-05 22:00:00,DEV_010,91,5,15
DEV_010_2024-10-06 00:00:00,2024-10-06 00:00:00,DEV_010,87,67,82
DEV_010_2024-10-06 02:00:00,2024-10-06 02:00:00,DEV_010,26,6,44
DEV_010_2024-10-06 04:00:00,2024-10-06 04:00:00,DEV_010,58,81,46
DEV_010_2024-10-06 06:00:00,2024-10-06 06:00:00,DEV_010,42,48,27
DEV_010_2024-10-06 08:00:00,2024-10-06 08:00:00,DEV_010,20,70,35
DEV_010_2024-10-06 10:00:00,2024-10-06 10:00:00,DEV_010,76,48,67
DEV_010_2024-10-06 12:00:00,2024-10-06 12:00:00,DEV_010,68,52,68
DEV_010_2024-10-06 14:00:00,2024-10-06 14:00:00,DEV_010,4,39,21
DEV_010_2024-10-06 16:00:00,2024-10-06 16:00:00,DEV_010,66,16,7
DEV_010_2024-10-06 18:00:00,2024-10-06 18:00:00,DEV_010,83,97,9
DEV_010_2024-10-06 20:00:00,2024-10-06 20:00:00,DEV_010,17,91,97
DEV_010_2024-10-06 22:00:00,2024-10-06 22:00:00,DEV_010,12,57,45
DEV_010_2024-10-07 00:00:00,2024-10-07 00:00:00,DEV_010,11,13,31
DEV_010_2024-10-07 02:00:00,2024-10-07 02:00:00,DEV_010,77,26,63
DEV_010_2024-10-07 04:00:00,2024-10-07 04:00:00,DEV_010,31,22,6
DEV_010_2024-10-07 06:00:00,2024-10-07 06:00:00,DEV_010,20,85,10
DEV_010_2024-10-07 08:00:00,2024-10-07 08:00:00,DEV_010,83,35,26
DEV_010_2024-10-07 10:00:00,2024-10-07 10:00:00,DEV_010,71,37,8
DEV_010_2024-10-07 12:00:00,2024-10-07 12:00:00,DEV_010,5,44,92
DEV_010_2024-10-07 14:00:00,2024-10-07 14:00:00,DEV_010,67,72,79
DEV_010_2024-10-07 16:00:00,2024-10-07 16:00:00,DEV_010,91,49,36
DEV_010_2024-10-07 18:00:00,2024-10-07 18:00:00,DEV_010,80,26,45
DEV_010_2024-10-07 20:00:00,2024-10-07 20:00:00,DEV_010,61,44,4
DEV_010_2024-10-07 22:00:00,2024-10-07 22:00:00,DEV_010,76,81,58
DEV_010_2024-10-08 00:00:00,2024-10-08 00:00:00,DEV_010,26,95,79
DEV_010_2024-10-08 02:00:00,2024-10-08 02:00:00,DEV_010,98,29,9
DEV_010_2024-10-08 04:00:00,2024-10-08 04:00:00,DEV_010,78,36,4
DEV_010_2024-10-08 06:00:00,2024-10-08 06:00:00,DEV_010,59,37,88
DEV_010_2024-10-08 08:00:00,2024-10-08 08:00:00,DEV_010,81,13,20
DEV_010_2024-10-08 10:00:00,2024-10-08 10:00:00,DEV_010,17,51,91
DEV_010_2024-10-08 12:00:00,2024-10-08 12:00:00,DEV_010,55,33,21
DEV_010_2024-10-08 14:00:00,2024-10-08 14:00:00,DEV_010,81,22,25
DEV_010_2024-10-08 16:00:00,2024-10-08 16:00:00,DEV_010,67,91,91
DEV_010_2024-10-08 18:00:00,2024-10-08 18:00:00,DEV_010,12,15,84
DEV_010_2024-10-08 20:00:00,2024-10-08 20:00:00,DEV_010,86,2,4
DEV_010_2024-10-08 22:00:00,2024-10-08 22:00:00,DEV_010,45,13,55
DEV_010_2024-10-09 00:00:00,2024-10-09 00:00:00,DEV_010,32,22,89
DEV_010_2024-10-09 02:00:00,2024-10-09 02:00:00,DEV_010,91,55,17
DEV_010_2024-10-09 04:00:00,2024-10-09 04:00:00,DEV_010,70,51,80
DEV_010_2024-10-09 06:00:00,2024-10-09 06:00:00,DEV_010,8,61,97
DEV_010_2024-10-09 08:00:00,2024-10-09 08:00:00,DEV_010,10,98,19
DEV_010_2024-10-09 10:00:00,2024-10-09 10:00:00,DEV_010,14,67,55
DEV_010_2024-10-09 12:00:00,2024-10-09 12:00:00,DEV_010,61,56,63
DEV_010_2024-10-09 14:00:00,2024-10-09 14:00:00,DEV_010,87,11,47
DEV_010_2024-10-09 16:00:00,2024-10-09 16:00:00,DEV_010,6,34,65
DEV_010_2024-10-09 18:00:00,2024-10-09 18:00:00,DEV_010,99,89,64
DEV_010_2024-10-09 20:00:00,2024-10-09 20:00:00,DEV_010,93,87,82
DEV_010_2024-10-09 22:00:00,2024-10-09 22:00:00,DEV_010,78,81,66
DEV_010_2024-10-10 00:00:00,2024-10-10 00:00:00,DEV_010,31,83,96
DEV_010_2024-10-10 02:00:00,2024-10-10 02:00:00,DEV_010,62,54,92
DEV_010_2024-10-10 04:00:00,2024-10-10 04:00:00,DEV_010,8,42,41
DEV_010_2024-10-10 06:00:00,2024-10-10 06:00:00,DEV_010,59,40,22
DEV_010_2024-10-10 08:00:00,2024-10-10 08:00:00,DEV_010,24,38,2
DEV_010_2024-10-10 10:00:00,2024-10-10 10:00:00,DEV_010,41,19,2
DEV_010_2024-10-10 12:00:00,2024-10-10 12:00:00,DEV_010,92,96,62
DEV_010_2024-10-10 14:00:00,2024-10-10 14:00:00,DEV_010,83,16,94
DEV_010_2024-10-10 16:00:00,2024-10-10 16:00:00,DEV_010,22,14,56
DEV_010_2024-10-10 18:00:00,2024-10-10 18:00:00,DEV_010,65,45,54
DEV_010_2024-10-10 20:00:00,2024-10-10 20:00:00,DEV_010,66,86,46
DEV_010_2024-10-10 22:00:00,2024-10-10 22:00:00,DEV_010,33,79,50
DEV_010_2024-10-11 00:00:00,2024-10-11 00:00:00,DEV_010,22,40,39
DEV_010_2024-10-11 02:00:00,2024-10-11 02:00:00,DEV_010,41,75,68
DEV_010_2024-10-11 04:00:00,2024-10-11 04:00:00,DEV_010,7,85,71
DEV_010_2024-10-11 06:00:00,2024-10-11 06:00:00,DEV_010,4,76,91
DEV_010_2024-10-11 08:00:00,2024-10-11 08:00:00,DEV_010,59,81,84
DEV_010_2024-10-11 10:00:00,2024-10-11 10:00:00,DEV_010,95,26,31
DEV_010_2024-10-11 12:00:00,2024-10-11 12:00:00,DEV_010,99,73,69
DEV_010_2024-10-11 14:00:00,2024-10-11 14:00:00,DEV_010,52,72,21
DEV_010_2024-10-11 16:00:00,2024-10-11 16:00:00,DEV_010,16,51,16
DEV_010_2024-10-11 18:00:00,2024-10-11 18:00:00,DEV_010,18,47,56
DEV_010_2024-10-11 20:00:00,2024-10-11 20:00:00,DEV_010,28,82,78
DEV_010_2024-10-11 22:00:00,2024-10-11 22:00:00,DEV_010,56,37,16
DEV_010_2024-10-12 00:00:00,2024-10-12 00:00:00,DEV_010,85,65,60
DEV_010_2024-10-12 02:00:00,2024-10-12 02:00:00,DEV_010,61,11,75
DEV_010_2024-10-12 04:00:00,2024-10-12 04:00:00,DEV_010,66,32,19
DEV_010_2024-10-12 06:00:00,2024-10-12 06:00:00,DEV_010,56,5,3
DEV_010_2024-10-12 08:00:00,2024-10-12 08:00:00,DEV_010,28,90,87
DEV_010_2024-10-12 10:00:00,2024-10-12 10:00:00,DEV_010,94,72,29
DEV_010_2024-10-12 12:00:00,2024-10-12 12:00:00,DEV_010,77,59,25
DEV_010_2024-10-12 14:00:00,2024-10-12 14:00:00,DEV_010,22,97,71
DEV_010_2024-10-12 16:00:00,2024-10-12 16:00:00,DEV_010,23,70,79
DEV_010_2024-10-12 18:00:00,2024-10-12 18:00:00,DEV_010,79,40,98
DEV_010_2024-10-12 20:00:00,2024-10-12 20:00:00,DEV_010,14,29,16
DEV_010_2024-10-12 22:00:00,2024-10-12 22:00:00,DEV_010,93,87,10
DEV_010_2024-10-13 00:00:00,2024-10-13 00:00:00,DEV_010,47,4,12
DEV_010_2024-10-13 02:00:00,2024-10-13 02:00:00,DEV_010,42,98,4
DEV_010_2024-10-13 04:00:00,2024-10-13 04:00:00,DEV_010,84,92,92
DEV_010_2024-10-13 06:00:00,2024-10-13 06:00:00,DEV_010,6,14,35
DEV_010_2024-10-13 08:00:00,2024-10-13 08:00:00,DEV_010,47,58,65
DEV_010_2024-10-13 10:00:00,2024-10-13 10:00:00,DEV_010,19,57,65
DEV_010_2024-10-13 12:00:00,2024-10-13 12:00:00,DEV_010,13,8,18
DEV_010_2024-10-13 14:00:00,2024-10-13 14:00:00,DEV_010,35,87,26
DEV_010_2024-10-13 16:00:00,2024-10-13 16:00:00,DEV_010,38,84,66
DEV_010_2024-10-13 18:00:00,2024-10-13 18:00:00,DEV_010,26,57,25
DEV_010_2024-10-13 20:00:00,2024-10-13 20:00:00,DEV_010,30,82,7
DEV_010_2024-10-13 22:00:00,2024-10-13 22:00:00,DEV_010,27,11,8
DEV_010_2024-10-14 00:00:00,2024-10-14 00:00:00,DEV_010,11,88,30
DEV_010_2024-10-14 02:00:00,2024-10-14 02:00:00,DEV_010,94,15,56
DEV_010_2024-10-14 04:00:00,2024-10-14 04:00:00,DEV_010,35,39,24
DEV_010_2024-10-14 06:00:00,2024-10-14 06:00:00,DEV_010,8,43,42
DEV_010_2024-10-14 08:00:00,2024-10-14 08:00:00,DEV_010,84,41,47
DEV_010_2024-10-14 10:00:00,2024-10-14 10:00:00,DEV_010,26,52,88
DEV_010_2024-10-14 12:00:00,2024-10-14 12:00:00,DEV_010,22,5,15
DEV_010_2024-10-14 14:00:00,2024-10-14 14:00:00,DEV_010,36,63,93
DEV_010_2024-10-14 16:00:00,2024-10-14 16:00:00,DEV_010,79,91,49
DEV_010_2024-10-14 18:00:00,2024-10-14 18:00:00,DEV_010,55,72,60
DEV_010_2024-10-14 20:00:00,2024-10-14 20:00:00,DEV_010,57,29,19
DEV_010_2024-10-14 22:00:00,2024-10-14 22:00:00,DEV_010,95,73,10
DEV_010_2024-10-15 00:00:00,2024-10-15 00:00:00,DEV_010,10,97,89
DEV_010_2024-10-15 02:00:00,2024-10-15 02:00:00,DEV_010,57,54,56
DEV_010_2024-10-15 04:00:00,2024-10-15 04:00:00,DEV_010,68,69,87
DEV_010_2024-10-15 06:00:00,2024-10-15 06:00:00,DEV_010,55,69,72
DEV_010_2024-10-15 08:00:00,2024-10-15 08:00:00,DEV_010,81,1,12
DEV_010_2024-10-15 10:00:00,2024-10-15 10:00:00,DEV_010,35,78,82
DEV_010_2024-10-15 12:00:00,2024-10-15 12:00:00,DEV_010,74,79,33
DEV_010_2024-10-15 14:00:00,2024-10-15 14:00:00,DEV_010,83,98,25
DEV_010_2024-10-15 16:00:00,2024-10-15 16:00:00,DEV_010,16,8,35
DEV_010_2024-10-15 18:00:00,2024-10-15 18:00:00,DEV_010,85,83,46
DEV_010_2024-10-15 20:00:00,2024-10-15 20:00:00,DEV_010,11,61,44
DEV_010_2024-10-15 22:00:00,2024-10-15 22:00:00,DEV_010,11,11,22
DEV_010_2024-10-16 00:00:00,2024-10-16 00:00:00,DEV_010,85,91,82
DEV_010_2024-10-16 02:00:00,2024-10-16 02:00:00,DEV_010,62,48,94
DEV_010_2024-10-16 04:00:00,2024-10-16 04:00:00,DEV_010,63,51,45
DEV_010_2024-10-16 06:00:00,2024-10-16 06:00:00,DEV_010,33,85,60
DEV_010_2024-10-16 08:00:00,2024-10-16 08:00:00,DEV_010,2,13,66
DEV_010_2024-10-16 10:00:00,2024-10-16 10:00:00,DEV_010,57,43,45
DEV_010_2024-10-16 12:00:00,2024-10-16 12:00:00,DEV_010,31,10,23
DEV_010_2024-10-16 14:00:00,2024-10-16 14:00:00,DEV_010,86,29,97
DEV_010_2024-10-16 16:00:00,2024-10-16 16:00:00,DEV_010,31,78,74
DEV_010_2024-10-16 18:00:00,2024-10-16 18:00:00,DEV_010,18,11,47
DEV_010_2024-10-16 20:00:00,2024-10-16 20:00:00,DEV_010,3,2,54
DEV_010_2024-10-16 22:00:00,2024-10-16 22:00:00,DEV_010,72,31,8
DEV_010_2024-10-17 00:00:00,2024-10-17 00:00:00,DEV_010,43,48,2
DEV_010_2024-10-17 02:00:00,2024-10-17 02:00:00,DEV_010,22,5,7
DEV_010_2024-10-17 04:00:00,2024-10-17 04:00:00,DEV_010,20,92,77
DEV_010_2024-10-17 06:00:00,2024-10-17 06:00:00,DEV_010,2,32,90
DEV_010_2024-10-17 08:00:00,2024-10-17 08:00:00,DEV_010,3,41,42
DEV_010_2024-10-17 10:00:00,2024-10-17 10:00:00,DEV_010,77,85,45
DEV_010_2024-10-17 12:00:00,2024-10-17 12:00:00,DEV_010,87,71,17
DEV_010_2024-10-17 14:00:00,2024-10-17 14:00:00,DEV_010,92,47,94
DEV_010_2024-10-17 16:00:00,2024-10-17 16:00:00,DEV_010,69,24,71
DEV_010_2024-10-17 18:00:00,2024-10-17 18:00:00,DEV_010,34,50,42
DEV_010_2024-10-17 20:00:00,2024-10-17 20:00:00,DEV_010,33,27,78
DEV_010_2024-10-17 22:00:00,2024-10-17 22:00:00,DEV_010,59,19,76
DEV_010_2024-10-18 00:00:00,2024-10-18 00:00:00,DEV_010,3,71,99
DEV_010_2024-10-18 02:00:00,2024-10-18 02:00:00,DEV_010,25,15,83
DEV_010_2024-10-18 04:00:00,2024-10-18 04:00:00,DEV_010,60,83,23
DEV_010_2024-10-18 06:00:00,2024-10-18 06:00:00,DEV_010,11,59,85
DEV_010_2024-10-18 08:00:00,2024-10-18 08:00:00,DEV_010,34,7,44
DEV_010_2024-10-18 10:00:00,2024-10-18 10:00:00,DEV_010,91,64,23
DEV_010_2024-10-18 12:00:00,2024-10-18 12:00:00,DEV_010,58,20,27
DEV_010_2024-10-18 14:00:00,2024-10-18 14:00:00,DEV_010,60,8,67
DEV_010_2024-10-18 16:00:00,2024-10-18 16:00:00,DEV_010,2,22,70
DEV_010_2024-10-18 18:00:00,2024-10-18 18:00:00,DEV_010,36,24,12
DEV_010_2024-10-18 20:00:00,2024-10-18 20:00:00,DEV_010,81,22,83
DEV_010_2024-10-18 22:00:00,2024-10-18 22:00:00,DEV_010,73,76,96
DEV_010_2024-10-19 00:00:00,2024-10-19 00:00:00,DEV_010,95,81,23
DEV_010_2024-10-19 02:00:00,2024-10-19 02:00:00,DEV_010,74,63,30
DEV_010_2024-10-19 04:00:00,2024-10-19 04:00:00,DEV_010,19,26,90
DEV_010_2024-10-19 06:00:00,2024-10-19 06:00:00,DEV_010,11,20,56
DEV_010_2024-10-19 08:00:00,2024-10-19 08:00:00,DEV_010,45,68,47
DEV_010_2024-10-19 10:00:00,2024-10-19 10:00:00,DEV_010,76,89,58
DEV_010_2024-10-19 12:00:00,2024-10-19 12:00:00,DEV_010,10,22,71
DEV_010_2024-10-19 14:00:00,2024-10-19 14:00:00,DEV_010,24,66,96
DEV_010_2024-10-19 16:00:00,2024-10-19 16:00:00,DEV_010,85,61,7
DEV_010_2024-10-19 18:00:00,2024-10-19 18:00:00,DEV_010,72,38,21
DEV_010_2024-10-19 20:00:00,2024-10-19 20:00:00,DEV_010,8,89,28
DEV_010_2024-10-19 22:00:00,2024-10-19 22:00:00,DEV_010,92,54,31
DEV_010_2024-10-20 00:00:00,2024-10-20 00:00:00,DEV_010,89,41,37
DEV_010_2024-10-20 02:00:00,2024-10-20 02:00:00,DEV_010,38,51,76
DEV_010_2024-10-20 04:00:00,2024-10-20 04:00:00,DEV_010,37,31,62
DEV_010_2024-10-20 06:00:00,2024-10-20 06:00:00,DEV_010,18,90,6
DEV_010_2024-10-20 08:00:00,2024-10-20 08:00:00,DEV_010,9,11,95
DEV_010_2024-10-20 10:00:00,2024-10-20 10:00:00,DEV_010,2,29,51
DEV_010_2024-10-20 12:00:00,2024-10-20 12:00:00,DEV_010,69,23,7
DEV_010_2024-10-20 14:00:00,2024-10-20 14:00:00,DEV_010,56,77,62
DEV_010_2024-10-20 16:00:00,2024-10-20 16:00:00,DEV_010,74,80,15
DEV_010_2024-10-20 18:00:00,2024-10-20 18:00:00,DEV_010,53,43,83
DEV_010_2024-10-20 20:00:00,2024-10-20 20:00:00,DEV_010,85,35,79
DEV_010_2024-10-20 22:00:00,2024-10-20 22:00:00,DEV_010,14,93,69
DEV_010_2024-10-21 00:00:00,2024-10-21 00:00:00,DEV_010,49,18,51
DEV_010_2024-10-21 02:00:00,2024-10-21 02:00:00,DEV_010,1,27,64
DEV_010_2024-10-21 04:00:00,2024-10-21 04:00:00,DEV_010,60,91,89
DEV_010_2024-10-21 06:00:00,2024-10-21 06:00:00,DEV_010,41,21,14
DEV_010_2024-10-21 08:00:00,2024-10-21 08:00:00,DEV_010,20,92,85
DEV_010_2024-10-21 10:00:00,2024-10-21 10:00:00,DEV_010,87,11,66
DEV_010_2024-10-21 12:00:00,2024-10-21 12:00:00,DEV_010,84,24,89
DEV_010_2024-10-21 14:00:00,2024-10-21 14:00:00,DEV_010,37,86,24
DEV_010_2024-10-21 16:00:00,2024-10-21 16:00:00,DEV_010,15,12,95
DEV_010_2024-10-21 18:00:00,2024-10-21 18:00:00,DEV_010,64,31,53
DEV_010_2024-10-21 20:00:00,2024-10-21 20:00:00,DEV_010,94,84,72
DEV_010_2024-10-21 22:00:00,2024-10-21 22:00:00,DEV_010,44,30,35
DEV_010_2024-10-22 00:00:00,2024-10-22 00:00:00,DEV_010,21,63,92
DEV_010_2024-10-22 02:00:00,2024-10-22 02:00:00,DEV_010,17,12,18
DEV_010_2024-10-22 04:00:00,2024-10-22 04:00:00,DEV_010,92,60,67
DEV_010_2024-10-22 06:00:00,2024-10-22 06:00:00,DEV_010,15,16,22
DEV_010_2024-10-22 08:00:00,2024-10-22 08:00:00,DEV_010,95,63,31
DEV_010_2024-10-22 10:00:00,2024-10-22 10:00:00,DEV_010,1,75,6
DEV_010_2024-10-22 12:00:00,2024-10-22 12:00:00,DEV_010,87,9,52
DEV_010_2024-10-22 14:00:00,2024-10-22 14:00:00,DEV_010,80,62,58
DEV_010_2024-10-22 16:00:00,2024-10-22 16:00:00,DEV_010,19,13,32
DEV_010_2024-10-22 18:00:00,2024-10-22 18:00:00,DEV_010,9,49,37
DEV_010_2024-10-22 20:00:00,2024-10-22 20:00:00,DEV_010,31,31,59
DEV_010_2024-10-22 22:00:00,2024-10-22 22:00:00,DEV_010,55,19,63
DEV_010_2024-10-23 00:00:00,2024-10-23 00:00:00,DEV_010,2,45,96
DEV_010_2024-10-23 02:00:00,2024-10-23 02:00:00,DEV_010,43,98,1
DEV_010_2024-10-23 04:00:00,2024-10-23 04:00:00,DEV_010,85,61,3
DEV_010_2024-10-23 06:00:00,2024-10-23 06:00:00,DEV_010,91,44,7
DEV_010_2024-10-23 08:00:00,2024-10-23 08:00:00,DEV_010,33,9,30
DEV_010_2024-10-23 10:00:00,2024-10-23 10:00:00,DEV_010,18,56,90
DEV_010_2024-10-23 12:00:00,2024-10-23 12:00:00,DEV_010,84,31,72
DEV_010_2024-10-23 14:00:00,2024-10-23 14:00:00,DEV_010,63,87,50
DEV_010_2024-10-23 16:00:00,2024-10-23 16:00:00,DEV_010,89,1,82
DEV_010_2024-10-23 18:00:00,2024-10-23 18:00:00,DEV_010,19,64,53
DEV_010_2024-10-23 20:00:00,2024-10-23 20:00:00,DEV_010,6,17,46
DEV_010_2024-10-23 22:00:00,2024-10-23 22:00:00,DEV_010,72,73,55
DEV_010_2024-10-24 00:00:00,2024-10-24 00:00:00,DEV_010,91,6,70
DEV_010_2024-10-24 02:00:00,2024-10-24 02:00:00,DEV_010,68,86,40
DEV_010_2024-10-24 04:00:00,2024-10-24 04:00:00,DEV_010,91,66,9
DEV_010_2024-10-24 06:00:00,2024-10-24 06:00:00,DEV_010,11,20,43
DEV_010_2024-10-24 08:00:00,2024-10-24 08:00:00,DEV_010,58,78,26
DEV_010_2024-10-24 10:00:00,2024-10-24 10:00:00,DEV_010,38,94,36
DEV_010_2024-10-24 12:00:00,2024-10-24 12:00:00,DEV_010,99,55,6
DEV_010_2024-10-24 14:00:00,2024-10-24 14:00:00,DEV_010,3,65,64
DEV_010_2024-10-24 16:00:00,2024-10-24 16:00:00,DEV_010,58,58,18
DEV_010_2024-10-24 18:00:00,2024-10-24 18:00:00,DEV_010,23,96,29
DEV_010_2024-10-24 20:00:00,2024-10-24 20:00:00,DEV_010,23,36,70
DEV_010_2024-10-24 22:00:00,2024-10-24 22:00:00,DEV_010,81,82,95
DEV_010_2024-10-25 00:00:00,2024-10-25 00:00:00,DEV_010,6,34,44
DEV_010_2024-10-25 02:00:00,2024-10-25 02:00:00,DEV_010,44,27,52
DEV_010_2024-10-25 04:00:00,2024-10-25 04:00:00,DEV_010,42,25,74
DEV_010_2024-10-25 06:00:00,2024-10-25 06:00:00,DEV_010,39,39,12
DEV_010_2024-10-25 08:00:00,2024-10-25 08:00:00,DEV_010,11,3,22
DEV_010_2024-10-25 10:00:00,2024-10-25 10:00:00,DEV_010,4,8,14
DEV_010_2024-10-25 12:00:00,2024-10-25 12:00:00,DEV_010,84,88,14
DEV_010_2024-10-25 14:00:00,2024-10-25 14:00:00,DEV_010,92,16,32
DEV_010_2024-10-25 16:00:00,2024-10-25 16:00:00,DEV_010,64,76,16
DEV_010_2024-10-25 18:00:00,2024-10-25 18:00:00,DEV_010,52,19,69
DEV_010_2024-10-25 20:00:00,2024-10-25 20:00:00,DEV_010,12,93,5
DEV_010_2024-10-25 22:00:00,2024-10-25 22:00:00,DEV_010,42,17,72
DEV_010_2024-10-26 00:00:00,2024-10-26 00:00:00,DEV_010,94,10,84
DEV_010_2024-10-26 02:00:00,2024-10-26 02:00:00,DEV_010,16,16,42
DEV_010_2024-10-26 04:00:00,2024-10-26 04:00:00,DEV_010,3,23,86
DEV_010_2024-10-26 06:00:00,2024-10-26 06:00:00,DEV_010,28,45,68
DEV_010_2024-10-26 08:00:00,2024-10-26 08:00:00,DEV_010,24,19,75
DEV_010_2024-10-26 10:00:00,2024-10-26 10:00:00,DEV_010,40,46,40
DEV_010_2024-10-26 12:00:00,2024-10-26 12:00:00,DEV_010,62,18,12
DEV_010_2024-10-26 14:00:00,2024-10-26 14:00:00,DEV_010,14,82,61
DEV_010_2024-10-26 16:00:00,2024-10-26 16:00:00,DEV_010,12,27,6
DEV_010_2024-10-26 18:00:00,2024-10-26 18:00:00,DEV_010,88,33,80
DEV_010_2024-10-26 20:00:00,2024-10-26 20:00:00,DEV_010,50,12,95
DEV_010_2024-10-26 22:00:00,2024-10-26 22:00:00,DEV_010,57,53,13
DEV_010_2024-10-27 00:00:00,2024-10-27 00:00:00,DEV_010,72,3,64
DEV_010_2024-10-27 02:00:00,2024-10-27 02:00:00,DEV_010,84,58,4
DEV_010_2024-10-27 04:00:00,2024-10-27 04:00:00,DEV_010,45,66,36
DEV_010_2024-10-27 06:00:00,2024-10-27 06:00:00,DEV_010,23,19,40
DEV_010_2024-10-27 08:00:00,2024-10-27 08:00:00,DEV_010,72,16,58
DEV_010_2024-10-27 10:00:00,2024-10-27 10:00:00,DEV_010,18,36,24
DEV_010_2024-10-27 12:00:00,2024-10-27 12:00:00,DEV_010,1,1,64
DEV_010_2024-10-27 14:00:00,2024-10-27 14:00:00,DEV_010,62,36,75
DEV_010_2024-10-27 16:00:00,2024-10-27 16:00:00,DEV_010,18,16,17
DEV_010_2024-10-27 18:00:00,2024-10-27 18:00:00,DEV_010,24,98,68
DEV_010_2024-10-27 20:00:00,2024-10-27 20:00:00,DEV_010,99,79,2
DEV_010_2024-10-27 22:00:00,2024-10-27 22:00:00,DEV_010,95,73,10
DEV_010_2024-10-28 00:00:00,2024-10-28 00:00:00,DEV_010,53,89,51
DEV_010_2024-10-28 02:00:00,2024-10-28 02:00:00,DEV_010,69,14,66
DEV_010_2024-10-28 04:00:00,2024-10-28 04:00:00,DEV_010,82,93,53
DEV_010_2024-10-28 06:00:00,2024-10-28 06:00:00,DEV_010,84,64,72
DEV_010_2024-10-28 08:00:00,2024-10-28 08:00:00,DEV_010,49,90,62
DEV_010_2024-10-28 10:00:00,2024-10-28 10:00:00,DEV_010,37,49,68
DEV_010_2024-10-28 12:00:00,2024-10-28 12:00:00,DEV_010,33,22,70
DEV_010_2024-10-28 14:00:00,2024-10-28 14:00:00,DEV_010,33,28,88
DEV_010_2024-10-28 16:00:00,2024-10-28 16:00:00,DEV_010,4,66,77
DEV_010_2024-10-28 18:00:00,2024-10-28 18:00:00,DEV_010,49,11,35
DEV_010_2024-10-28 20:00:00,2024-10-28 20:00:00,DEV_010,39,10,74
DEV_010_2024-10-28 22:00:00,2024-10-28 22:00:00,DEV_010,72,69,23
DEV_010_2024-10-29 00:00:00,2024-10-29 00:00:00,DEV_010,34,32,16
DEV_010_2024-10-29 02:00:00,2024-10-29 02:00:00,DEV_010,68,54,28
DEV_010_2024-10-29 04:00:00,2024-10-29 04:00:00,DEV_010,60,78,76
DEV_010_2024-10-29 06:00:00,2024-10-29 06:00:00,DEV_010,60,85,80
DEV_010_2024-10-29 08:00:00,2024-10-29 08:00:00,DEV_010,44,2,23
DEV_010_2024-10-29 10:00:00,2024-10-29 10:00:00,DEV_010,93,46,73
DEV_010_2024-10-29 12:00:00,2024-10-29 12:00:00,DEV_010,54,71,93
DEV_010_2024-10-29 14:00:00,2024-10-29 14:00:00,DEV_010,81,9,70
DEV_010_2024-10-29 16:00:00,2024-10-29 16:00:00,DEV_010,44,84,74
DEV_010_2024-10-29 18:00:00,2024-10-29 18:00:00,DEV_010,73,12,97
DEV_010_2024-10-29 20:00:00,2024-10-29 20:00:00,DEV_010,32,34,83
DEV_010_2024-10-29 22:00:00,2024-10-29 22:00:00,DEV_010,33,64,48
DEV_010_2024-10-30 00:00:00,2024-10-30 00:00:00,DEV_010,16,50,23
DEV_010_2024-10-30 02:00:00,2024-10-30 02:00:00,DEV_010,26,54,44
DEV_010_2024-10-30 04:00:00,2024-10-30 04:00:00,DEV_010,37,9,94
DEV_010_2024-10-30 06:00:00,2024-10-30 06:00:00,DEV_010,13,60,80
DEV_010_2024-10-30 08:00:00,2024-10-30 08:00:00,DEV_010,2,95,60
DEV_010_2024-10-30 10:00:00,2024-10-30 10:00:00,DEV_010,57,43,19
DEV_010_2024-10-30 12:00:00,2024-10-30 12:00:00,DEV_010,11,78,47
DEV_010_2024-10-30 14:00:00,2024-10-30 14:00:00,DEV_010,89,63,7
DEV_010_2024-10-30 16:00:00,2024-10-30 16:00:00,DEV_010,79,94,31
DEV_010_2024-10-30 18:00:00,2024-10-30 18:00:00,DEV_010,88,55,25
DEV_010_2024-10-30 20:00:00,2024-10-30 20:00:00,DEV_010,72,30,36
DEV_010_2024-10-30 22:00:00,2024-10-30 22:00:00,DEV_010,50,14,29
DEV_010_2024-10-31 00:00:00,2024-10-31 00:00:00,DEV_010,27,50,36
DEV_010_2024-10-31 02:00:00,2024-10-31 02:00:00,DEV_010,34,21,38
DEV_010_2024-10-31 04:00:00,2024-10-31 04:00:00,DEV_010,75,97,79
DEV_010_2024-10-31 06:00:00,2024-10-31 06:00:00,DEV_010,76,88,50
DEV_010_2024-10-31 08:00:00,2024-10-31 08:00:00,DEV_010,37,75,19
DEV_010_2024-10-31 10:00:00,2024-10-31 10:00:00,DEV_010,1,81,40
DEV_010_2024-10-31 12:00:00,2024-10-31 12:00:00,DEV_010,55,80,26
DEV_010_2024-10-31 14:00:00,2024-10-31 14:00:00,DEV_010,43,59,51
DEV_010_2024-10-31 16:00:00,2024-10-31 16:00:00,DEV_010,15,8,94
DEV_010_2024-10-31 18:00:00,2024-10-31 18:00:00,DEV_010,14,97,7
DEV_010_2024-10-31 20:00:00,2024-10-31 20:00:00,DEV_010,18,12,2
DEV_010_2024-10-31 22:00:00,2024-10-31 22:00:00,DEV_010,50,93,21
DEV_010_2024-11-01 00:00:00,2024-11-01 00:00:00,DEV_010,7,91,12
DEV_010_2024-11-01 02:00:00,2024-11-01 02:00:00,DEV_010,84,57,78
DEV_010_2024-11-01 04:00:00,2024-11-01 04:00:00,DEV_010,74,23,30
DEV_010_2024-11-01 06:00:00,2024-11-01 06:00:00,DEV_010,58,95,52
DEV_010_2024-11-01 08:00:00,2024-11-01 08:00:00,DEV_010,56,10,19
DEV_010_2024-11-01 10:00:00,2024-11-01 10:00:00,DEV_010,19,87,59
DEV_010_2024-11-01 12:00:00,2024-11-01 12:00:00,DEV_010,44,59,96
DEV_010_2024-11-01 14:00:00,2024-11-01 14:00:00,DEV_010,84,4,97
DEV_010_2024-11-01 16:00:00,2024-11-01 16:00:00,DEV_010,65,13,67
DEV_010_2024-11-01 18:00:00,2024-11-01 18:00:00,DEV_010,12,93,55
DEV_010_2024-11-01 20:00:00,2024-11-01 20:00:00,DEV_010,61,95,41
DEV_010_2024-11-01 22:00:00,2024-11-01 22:00:00,DEV_010,36,2,22
DEV_010_2024-11-02 00:00:00,2024-11-02 00:00:00,DEV_010,22,41,95
DEV_010_2024-11-02 02:00:00,2024-11-02 02:00:00,DEV_010,14,93,35
DEV_010_2024-11-02 04:00:00,2024-11-02 04:00:00,DEV_010,50,9,96
DEV_010_2024-11-02 06:00:00,2024-11-02 06:00:00,DEV_010,59,56,91
DEV_010_2024-11-02 08:00:00,2024-11-02 08:00:00,DEV_010,10,25,45
DEV_010_2024-11-02 10:00:00,2024-11-02 10:00:00,DEV_010,97,11,9
DEV_010_2024-11-02 12:00:00,2024-11-02 12:00:00,DEV_010,7,71,34
DEV_010_2024-11-02 14:00:00,2024-11-02 14:00:00,DEV_010,83,20,89
DEV_010_2024-11-02 16:00:00,2024-11-02 16:00:00,DEV_010,5,93,55
DEV_010_2024-11-02 18:00:00,2024-11-02 18:00:00,DEV_010,91,89,15
DEV_010_2024-11-02 20:00:00,2024-11-02 20:00:00,DEV_010,48,4,78
DEV_010_2024-11-02 22:00:00,2024-11-02 22:00:00,DEV_010,81,21,80
DEV_010_2024-11-03 00:00:00,2024-11-03 00:00:00,DEV_010,90,9,66
DEV_010_2024-11-03 02:00:00,2024-11-03 02:00:00,DEV_010,79,35,88
DEV_010_2024-11-03 04:00:00,2024-11-03 04:00:00,DEV_010,51,78,37
DEV_010_2024-11-03 06:00:00,2024-11-03 06:00:00,DEV_010,6,82,86
DEV_010_2024-11-03 08:00:00,2024-11-03 08:00:00,DEV_010,82,51,66
DEV_010_2024-11-03 10:00:00,2024-11-03 10:00:00,DEV_010,96,17,65
DEV_010_2024-11-03 12:00:00,2024-11-03 12:00:00,DEV_010,9,13,58
DEV_010_2024-11-03 14:00:00,2024-11-03 14:00:00,DEV_010,30,31,23
DEV_010_2024-11-03 16:00:00,2024-11-03 16:00:00,DEV_010,63,28,59
DEV_010_2024-11-03 18:00:00,2024-11-03 18:00:00,DEV_010,10,89,90
DEV_010_2024-11-03 20:00:00,2024-11-03 20:00:00,DEV_010,26,77,17
DEV_010_2024-11-03 22:00:00,2024-11-03 22:00:00,DEV_010,40,68,23
DEV_010_2024-11-04 00:00:00,2024-11-04 00:00:00,DEV_010,35,75,76
DEV_010_2024-11-04 02:00:00,2024-11-04 02:00:00,DEV_010,9,79,45
DEV_010_2024-11-04 04:00:00,2024-11-04 04:00:00,DEV_010,37,69,19
DEV_010_2024-11-04 06:00:00,2024-11-04 06:00:00,DEV_010,75,73,99
DEV_010_2024-11-04 08:00:00,2024-11-04 08:00:00,DEV_010,27,13,57
DEV_010_2024-11-04 10:00:00,2024-11-04 10:00:00,DEV_010,60,12,9
DEV_010_2024-11-04 12:00:00,2024-11-04 12:00:00,DEV_010,92,77,84
DEV_010_2024-11-04 14:00:00,2024-11-04 14:00:00,DEV_010,77,27,90
DEV_010_2024-11-04 16:00:00,2024-11-04 16:00:00,DEV_010,63,93,29
DEV_010_2024-11-04 18:00:00,2024-11-04 18:00:00,DEV_010,22,73,88
DEV_010_2024-11-04 20:00:00,2024-11-04 20:00:00,DEV_010,19,38,95
DEV_010_2024-11-04 22:00:00,2024-11-04 22:00:00,DEV_010,39,15,54
DEV_010_2024-11-05 00:00:00,2024-11-05 00:00:00,DEV_010,32,46,61
DEV_010_2024-11-05 02:00:00,2024-11-05 02:00:00,DEV_010,93,52,34
DEV_010_2024-11-05 04:00:00,2024-11-05 04:00:00,DEV_010,73,35,70
DEV_010_2024-11-05 06:00:00,2024-11-05 06:00:00,DEV_010,37,78,61
DEV_010_2024-11-05 08:00:00,2024-11-05 08:00:00,DEV_010,49,9,19
DEV_010_2024-11-05 10:00:00,2024-11-05 10:00:00,DEV_010,87,28,80
DEV_010_2024-11-05 12:00:00,2024-11-05 12:00:00,DEV_010,26,38,40
DEV_010_2024-11-05 14:00:00,2024-11-05 14:00:00,DEV_010,25,99,69
DEV_010_2024-11-05 16:00:00,2024-11-05 16:00:00,DEV_010,71,23,89
DEV_010_2024-11-05 18:00:00,2024-11-05 18:00:00,DEV_010,65,22,64
DEV_010_2024-11-05 20:00:00,2024-11-05 20:00:00,DEV_010,68,58,28
DEV_010_2024-11-05 22:00:00,2024-11-05 22:00:00,DEV_010,78,97,68
DEV_010_2024-11-06 00:00:00,2024-11-06 00:00:00,DEV_010,75,96,4
DEV_010_2024-11-06 02:00:00,2024-11-06 02:00:00,DEV_010,1,26,33
DEV_010_2024-11-06 04:00:00,2024-11-06 04:00:00,DEV_010,81,27,42
DEV_010_2024-11-06 06:00:00,2024-11-06 06:00:00,DEV_010,69,71,64
DEV_010_2024-11-06 08:00:00,2024-11-06 08:00:00,DEV_010,25,72,98
DEV_010_2024-11-06 10:00:00,2024-11-06 10:00:00,DEV_010,4,12,58
DEV_010_2024-11-06 12:00:00,2024-11-06 12:00:00,DEV_010,95,11,59
DEV_010_2024-11-06 14:00:00,2024-11-06 14:00:00,DEV_010,36,22,65
DEV_010_2024-11-06 16:00:00,2024-11-06 16:00:00,DEV_010,50,4,72
DEV_010_2024-11-06 18:00:00,2024-11-06 18:00:00,DEV_010,89,92,52
DEV_010_2024-11-06 20:00:00,2024-11-06 20:00:00,DEV_010,43,46,4
DEV_010_2024-11-06 22:00:00,2024-11-06 22:00:00,DEV_010,13,38,45
DEV_010_2024-11-07 00:00:00,2024-11-07 00:00:00,DEV_010,25,67,55
DEV_010_2024-11-07 02:00:00,2024-11-07 02:00:00,DEV_010,96,39,65
DEV_010_2024-11-07 04:00:00,2024-11-07 04:00:00,DEV_010,75,2,69
DEV_010_2024-11-07 06:00:00,2024-11-07 06:00:00,DEV_010,86,62,46
DEV_010_2024-11-07 08:00:00,2024-11-07 08:00:00,DEV_010,77,87,31
DEV_010_2024-11-07 10:00:00,2024-11-07 10:00:00,DEV_010,99,35,45
DEV_010_2024-11-07 12:00:00,2024-11-07 12:00:00,DEV_010,77,54,71
DEV_010_2024-11-07 14:00:00,2024-11-07 14:00:00,DEV_010,69,29,72
DEV_010_2024-11-07 16:00:00,2024-11-07 16:00:00,DEV_010,8,54,7
DEV_010_2024-11-07 18:00:00,2024-11-07 18:00:00,DEV_010,83,23,32
DEV_010_2024-11-07 20:00:00,2024-11-07 20:00:00,DEV_010,62,45,68
DEV_010_2024-11-07 22:00:00,2024-11-07 22:00:00,DEV_010,30,39,5
DEV_010_2024-11-08 00:00:00,2024-11-08 00:00:00,DEV_010,67,22,28
DEV_010_2024-11-08 02:00:00,2024-11-08 02:00:00,DEV_010,22,86,98
DEV_010_2024-11-08 04:00:00,2024-11-08 04:00:00,DEV_010,29,43,42
DEV_010_2024-11-08 06:00:00,2024-11-08 06:00:00,DEV_010,60,77,71
DEV_010_2024-11-08 08:00:00,2024-11-08 08:00:00,DEV_010,74,92,68
DEV_010_2024-11-08 10:00:00,2024-11-08 10:00:00,DEV_010,59,96,86
DEV_010_2024-11-08 12:00:00,2024-11-08 12:00:00,DEV_010,84,84,6
DEV_010_2024-11-08 14:00:00,2024-11-08 14:00:00,DEV_010,73,28,77
DEV_010_2024-11-08 16:00:00,2024-11-08 16:00:00,DEV_010,31,39,50
DEV_010_2024-11-08 18:00:00,2024-11-08 18:00:00,DEV_010,78,86,37
DEV_010_2024-11-08 20:00:00,2024-11-08 20:00:00,DEV_010,88,72,15
DEV_010_2024-11-08 22:00:00,2024-11-08 22:00:00,DEV_010,51,70,23
DEV_010_2024-11-09 00:00:00,2024-11-09 00:00:00,DEV_010,25,95,46
DEV_010_2024-11-09 02:00:00,2024-11-09 02:00:00,DEV_010,93,23,10
DEV_010_2024-11-09 04:00:00,2024-11-09 04:00:00,DEV_010,73,77,32
DEV_010_2024-11-09 06:00:00,2024-11-09 06:00:00,DEV_010,51,41,65
DEV_010_2024-11-09 08:00:00,2024-11-09 08:00:00,DEV_010,65,40,18
DEV_010_2024-11-09 10:00:00,2024-11-09 10:00:00,DEV_010,36,31,54
DEV_010_2024-11-09 12:00:00,2024-11-09 12:00:00,DEV_010,63,1,52
DEV_010_2024-11-09 14:00:00,2024-11-09 14:00:00,DEV_010,57,9,86
DEV_010_2024-11-09 16:00:00,2024-11-09 16:00:00,DEV_010,92,90,74
DEV_010_2024-11-09 18:00:00,2024-11-09 18:00:00,DEV_010,56,47,3
DEV_010_2024-11-09 20:00:00,2024-11-09 20:00:00,DEV_010,2,54,37
DEV_010_2024-11-09 22:00:00,2024-11-09 22:00:00,DEV_010,56,31,97
DEV_010_2024-11-10 00:00:00,2024-11-10 00:00:00,DEV_010,96,12,58
DEV_010_2024-11-10 02:00:00,2024-11-10 02:00:00,DEV_010,67,26,78
DEV_010_2024-11-10 04:00:00,2024-11-10 04:00:00,DEV_010,12,90,16
DEV_010_2024-11-10 06:00:00,2024-11-10 06:00:00,DEV_010,53,72,49
DEV_010_2024-11-10 08:00:00,2024-11-10 08:00:00,DEV_010,49,92,7
DEV_010_2024-11-10 10:00:00,2024-11-10 10:00:00,DEV_010,15,36,72
DEV_010_2024-11-10 12:00:00,2024-11-10 12:00:00,DEV_010,74,15,62
DEV_010_2024-11-10 14:00:00,2024-11-10 14:00:00,DEV_010,18,46,61
DEV_010_2024-11-10 16:00:00,2024-11-10 16:00:00,DEV_010,43,44,99
DEV_010_2024-11-10 18:00:00,2024-11-10 18:00:00,DEV_010,66,55,86
DEV_010_2024-11-10 20:00:00,2024-11-10 20:00:00,DEV_010,79,39,5
DEV_010_2024-11-10 22:00:00,2024-11-10 22:00:00,DEV_010,57,15,91
DEV_010_2024-11-11 00:00:00,2024-11-11 00:00:00,DEV_010,16,57,82
DEV_010_2024-11-11 02:00:00,2024-11-11 02:00:00,DEV_010,99,25,22
DEV_010_2024-11-11 04:00:00,2024-11-11 04:00:00,DEV_010,31,34,87
DEV_010_2024-11-11 06:00:00,2024-11-11 06:00:00,DEV_010,16,70,59
DEV_010_2024-11-11 08:00:00,2024-11-11 08:00:00,DEV_010,15,82,13
DEV_010_2024-11-11 10:00:00,2024-11-11 10:00:00,DEV_010,24,13,65
DEV_010_2024-11-11 12:00:00,2024-11-11 12:00:00,DEV_010,36,49,82
DEV_010_2024-11-11 14:00:00,2024-11-11 14:00:00,DEV_010,48,97,43
DEV_010_2024-11-11 16:00:00,2024-11-11 16:00:00,DEV_010,6,81,68
DEV_010_2024-11-11 18:00:00,2024-11-11 18:00:00,DEV_010,14,30,84
DEV_010_2024-11-11 20:00:00,2024-11-11 20:00:00,DEV_010,8,54,66
DEV_010_2024-11-11 22:00:00,2024-11-11 22:00:00,DEV_010,4,74,84
DEV_010_2024-11-12 00:00:00,2024-11-12 00:00:00,DEV_010,60,53,99
DEV_010_2024-11-12 02:00:00,2024-11-12 02:00:00,DEV_010,74,92,15
DEV_010_2024-11-12 04:00:00,2024-11-12 04:00:00,DEV_010,1,22,91
DEV_010_2024-11-12 06:00:00,2024-11-12 06:00:00,DEV_010,93,15,74
DEV_010_2024-11-12 08:00:00,2024-11-12 08:00:00,DEV_010,84,22,50
DEV_010_2024-11-12 10:00:00,2024-11-12 10:00:00,DEV_010,48,73,51
DEV_010_2024-11-12 12:00:00,2024-11-12 12:00:00,DEV_010,96,17,83
DEV_010_2024-11-12 14:00:00,2024-11-12 14:00:00,DEV_010,91,51,37
DEV_010_2024-11-12 16:00:00,2024-11-12 16:00:00,DEV_010,98,49,59
DEV_010_2024-11-12 18:00:00,2024-11-12 18:00:00,DEV_010,10,30,85
DEV_010_2024-11-12 20:00:00,2024-11-12 20:00:00,DEV_010,21,34,73
DEV_010_2024-11-12 22:00:00,2024-11-12 22:00:00,DEV_010,98,50,76
DEV_010_2024-11-13 00:00:00,2024-11-13 00:00:00,DEV_010,47,85,84
DEV_010_2024-11-13 02:00:00,2024-11-13 02:00:00,DEV_010,6,50,63
DEV_010_2024-11-13 04:00:00,2024-11-13 04:00:00,DEV_010,12,41,31
DEV_010_2024-11-13 06:00:00,2024-11-13 06:00:00,DEV_010,2,16,1
DEV_010_2024-11-13 08:00:00,2024-11-13 08:00:00,DEV_010,4,47,65
DEV_010_2024-11-13 10:00:00,2024-11-13 10:00:00,DEV_010,52,47,99
DEV_010_2024-11-13 12:00:00,2024-11-13 12:00:00,DEV_010,77,50,45
DEV_010_2024-11-13 14:00:00,2024-11-13 14:00:00,DEV_010,42,95,84
DEV_010_2024-11-13 16:00:00,2024-11-13 16:00:00,DEV_010,56,71,57
DEV_010_2024-11-13 18:00:00,2024-11-13 18:00:00,DEV_010,33,28,44
DEV_010_2024-11-13 20:00:00,2024-11-13 20:00:00,DEV_010,56,44,84
DEV_010_2024-11-13 22:00:00,2024-11-13 22:00:00,DEV_010,96,73,34
DEV_010_2024-11-14 00:00:00,2024-11-14 00:00:00,DEV_010,14,68,29
DEV_010_2024-11-14 02:00:00,2024-11-14 02:00:00,DEV_010,79,17,83
DEV_010_2024-11-14 04:00:00,2024-11-14 04:00:00,DEV_010,9,27,49
DEV_010_2024-11-14 06:00:00,2024-11-14 06:00:00,DEV_010,79,37,28
DEV_010_2024-11-14 08:00:00,2024-11-14 08:00:00,DEV_010,50,55,4
DEV_010_2024-11-14 10:00:00,2024-11-14 10:00:00,DEV_010,85,98,19
DEV_010_2024-11-14 12:00:00,2024-11-14 12:00:00,DEV_010,37,4,37
DEV_010_2024-11-14 14:00:00,2024-11-14 14:00:00,DEV_010,51,32,45
DEV_010_2024-11-14 16:00:00,2024-11-14 16:00:00,DEV_010,12,41,56
DEV_010_2024-11-14 18:00:00,2024-11-14 18:00:00,DEV_010,80,14,54
DEV_010_2024-11-14 20:00:00,2024-11-14 20:00:00,DEV_010,63,65,58
DEV_010_2024-11-14 22:00:00,2024-11-14 22:00:00,DEV_010,96,21,4
DEV_010_2024-11-15 00:00:00,2024-11-15 00:00:00,DEV_010,73,46,86
DEV_010_2024-11-15 02:00:00,2024-11-15 02:00:00,DEV_010,12,30,94
DEV_010_2024-11-15 04:00:00,2024-11-15 04:00:00,DEV_010,96,60,71
DEV_010_2024-11-15 06:00:00,2024-11-15 06:00:00,DEV_010,81,65,14
DEV_010_2024-11-15 08:00:00,2024-11-15 08:00:00,DEV_010,44,26,91
DEV_010_2024-11-15 10:00:00,2024-11-15 10:00:00,DEV_010,16,7,32
DEV_010_2024-11-15 12:00:00,2024-11-15 12:00:00,DEV_010,89,95,16
DEV_010_2024-11-15 14:00:00,2024-11-15 14:00:00,DEV_010,78,89,62
DEV_010_2024-11-15 16:00:00,2024-11-15 16:00:00,DEV_010,30,71,12
DEV_010_2024-11-15 18:00:00,2024-11-15 18:00:00,DEV_010,67,91,46
DEV_010_2024-11-15 20:00:00,2024-11-15 20:00:00,DEV_010,83,43,55
DEV_010_2024-11-15 22:00:00,2024-11-15 22:00:00,DEV_010,45,60,71
DEV_010_2024-11-16 00:00:00,2024-11-16 00:00:00,DEV_010,80,32,8
DEV_010_2024-11-16 02:00:00,2024-11-16 02:00:00,DEV_010,77,62,75
DEV_010_2024-11-16 04:00:00,2024-11-16 04:00:00,DEV_010,20,18,6
DEV_010_2024-11-16 06:00:00,2024-11-16 06:00:00,DEV_010,84,96,29
DEV_010_2024-11-16 08:00:00,2024-11-16 08:00:00,DEV_010,4,71,43
DEV_010_2024-11-16 10:00:00,2024-11-16 10:00:00,DEV_010,84,34,71
DEV_010_2024-11-16 12:00:00,2024-11-16 12:00:00,DEV_010,33,15,96
DEV_010_2024-11-16 14:00:00,2024-11-16 14:00:00,DEV_010,86,40,93
DEV_010_2024-11-16 16:00:00,2024-11-16 16:00:00,DEV_010,89,5,78
DEV_010_2024-11-16 18:00:00,2024-11-16 18:00:00,DEV_010,50,99,66
DEV_010_2024-11-16 20:00:00,2024-11-16 20:00:00,DEV_010,89,54,80
DEV_010_2024-11-16 22:00:00,2024-11-16 22:00:00,DEV_010,46,80,11
DEV_010_2024-11-17 00:00:00,2024-11-17 00:00:00,DEV_010,49,99,23
DEV_010_2024-11-17 02:00:00,2024-11-17 02:00:00,DEV_010,55,5,64
DEV_010_2024-11-17 04:00:00,2024-11-17 04:00:00,DEV_010,35,93,69
DEV_010_2024-11-17 06:00:00,2024-11-17 06:00:00,DEV_010,54,3,6
DEV_010_2024-11-17 08:00:00,2024-11-17 08:00:00,DEV_010,87,56,2
DEV_010_2024-11-17 10:00:00,2024-11-17 10:00:00,DEV_010,82,94,38
DEV_010_2024-11-17 12:00:00,2024-11-17 12:00:00,DEV_010,56,5,46
DEV_010_2024-11-17 14:00:00,2024-11-17 14:00:00,DEV_010,11,65,10
DEV_010_2024-11-17 16:00:00,2024-11-17 16:00:00,DEV_010,41,44,90
DEV_010_2024-11-17 18:00:00,2024-11-17 18:00:00,DEV_010,33,91,56
DEV_010_2024-11-17 20:00:00,2024-11-17 20:00:00,DEV_010,12,2,1
DEV_010_2024-11-17 22:00:00,2024-11-17 22:00:00,DEV_010,65,33,86
DEV_010_2024-11-18 00:00:00,2024-11-18 00:00:00,DEV_010,76,36,21
DEV_010_2024-11-18 02:00:00,2024-11-18 02:00:00,DEV_010,84,36,26
DEV_010_2024-11-18 04:00:00,2024-11-18 04:00:00,DEV_010,47,95,1
DEV_010_2024-11-18 06:00:00,2024-11-18 06:00:00,DEV_010,38,14,90
DEV_010_2024-11-18 08:00:00,2024-11-18 08:00:00,DEV_010,46,42,7
DEV_010_2024-11-18 10:00:00,2024-11-18 10:00:00,DEV_010,55,56,76
DEV_010_2024-11-18 12:00:00,2024-11-18 12:00:00,DEV_010,63,24,83
DEV_010_2024-11-18 14:00:00,2024-11-18 14:00:00,DEV_010,73,99,4
DEV_010_2024-11-18 16:00:00,2024-11-18 16:00:00,DEV_010,42,96,70
DEV_010_2024-11-18 18:00:00,2024-11-18 18:00:00,DEV_010,28,92,40
DEV_010_2024-11-18 20:00:00,2024-11-18 20:00:00,DEV_010,51,29,42
DEV_010_2024-11-18 22:00:00,2024-11-18 22:00:00,DEV_010,69,5,41
DEV_010_2024-11-19 00:00:00,2024-11-19 00:00:00,DEV_010,61,55,28
DEV_010_2024-11-19 02:00:00,2024-11-19 02:00:00,DEV_010,41,9,29
DEV_010_2024-11-19 04:00:00,2024-11-19 04:00:00,DEV_010,78,38,62
DEV_010_2024-11-19 06:00:00,2024-11-19 06:00:00,DEV_010,54,52,34
DEV_010_2024-11-19 08:00:00,2024-11-19 08:00:00,DEV_010,37,49,42
DEV_010_2024-11-19 10:00:00,2024-11-19 10:00:00,DEV_010,14,82,33
DEV_010_2024-11-19 12:00:00,2024-11-19 12:00:00,DEV_010,98,92,87
DEV_010_2024-11-19 14:00:00,2024-11-19 14:00:00,DEV_010,17,75,32
DEV_010_2024-11-19 16:00:00,2024-11-19 16:00:00,DEV_010,79,68,39
DEV_010_2024-11-19 18:00:00,2024-11-19 18:00:00,DEV_010,94,10,87
DEV_010_2024-11-19 20:00:00,2024-11-19 20:00:00,DEV_010,24,58,69
DEV_010_2024-11-19 22:00:00,2024-11-19 22:00:00,DEV_010,64,19,8
DEV_010_2024-11-20 00:00:00,2024-11-20 00:00:00,DEV_010,71,40,13
DEV_010_2024-11-20 02:00:00,2024-11-20 02:00:00,DEV_010,27,82,88
DEV_010_2024-11-20 04:00:00,2024-11-20 04:00:00,DEV_010,2,16,14
DEV_010_2024-11-20 06:00:00,2024-11-20 06:00:00,DEV_010,17,60,70
DEV_010_2024-11-20 08:00:00,2024-11-20 08:00:00,DEV_010,99,17,45
DEV_010_2024-11-20 10:00:00,2024-11-20 10:00:00,DEV_010,38,64,6
DEV_010_2024-11-20 12:00:00,2024-11-20 12:00:00,DEV_010,60,49,21
DEV_010_2024-11-20 14:00:00,2024-11-20 14:00:00,DEV_010,99,23,76
DEV_010_2024-11-20 16:00:00,2024-11-20 16:00:00,DEV_010,57,64,29
DEV_010_2024-11-20 18:00:00,2024-11-20 18:00:00,DEV_010,27,6,21
DEV_010_2024-11-20 20:00:00,2024-11-20 20:00:00,DEV_010,71,41,80
DEV_010_2024-11-20 22:00:00,2024-11-20 22:00:00,DEV_010,5,15,21
DEV_010_2024-11-21 00:00:00,2024-11-21 00:00:00,DEV_010,58,4,69
DEV_010_2024-11-21 02:00:00,2024-11-21 02:00:00,DEV_010,7,35,36
DEV_010_2024-11-21 04:00:00,2024-11-21 04:00:00,DEV_010,15,92,2
DEV_010_2024-11-21 06:00:00,2024-11-21 06:00:00,DEV_010,57,5,71
DEV_010_2024-11-21 08:00:00,2024-11-21 08:00:00,DEV_010,86,95,32
DEV_010_2024-11-21 10:00:00,2024-11-21 10:00:00,DEV_010,72,41,42
DEV_010_2024-11-21 12:00:00,2024-11-21 12:00:00,DEV_010,75,65,40
DEV_010_2024-11-21 14:00:00,2024-11-21 14:00:00,DEV_010,83,38,42
DEV_010_2024-11-21 16:00:00,2024-11-21 16:00:00,DEV_010,37,56,71
DEV_010_2024-11-21 18:00:00,2024-11-21 18:00:00,DEV_010,55,89,54
DEV_010_2024-11-21 20:00:00,2024-11-21 20:00:00,DEV_010,22,27,47
DEV_010_2024-11-21 22:00:00,2024-11-21 22:00:00,DEV_010,38,39,15
DEV_010_2024-11-22 00:00:00,2024-11-22 00:00:00,DEV_010,66,61,60
DEV_010_2024-11-22 02:00:00,2024-11-22 02:00:00,DEV_010,8,44,43
DEV_010_2024-11-22 04:00:00,2024-11-22 04:00:00,DEV_010,6,84,27
DEV_010_2024-11-22 06:00:00,2024-11-22 06:00:00,DEV_010,45,23,81
DEV_010_2024-11-22 08:00:00,2024-11-22 08:00:00,DEV_010,13,68,84
DEV_010_2024-11-22 10:00:00,2024-11-22 10:00:00,DEV_010,64,25,86
DEV_010_2024-11-22 12:00:00,2024-11-22 12:00:00,DEV_010,52,48,61
DEV_010_2024-11-22 14:00:00,2024-11-22 14:00:00,DEV_010,17,40,75
DEV_010_2024-11-22 16:00:00,2024-11-22 16:00:00,DEV_010,89,69,85
DEV_010_2024-11-22 18:00:00,2024-11-22 18:00:00,DEV_010,26,80,56
DEV_010_2024-11-22 20:00:00,2024-11-22 20:00:00,DEV_010,40,85,96
DEV_010_2024-11-22 22:00:00,2024-11-22 22:00:00,DEV_010,68,8,73
DEV_010_2024-11-23 00:00:00,2024-11-23 00:00:00,DEV_010,45,17,41
DEV_010_2024-11-23 02:00:00,2024-11-23 02:00:00,DEV_010,77,9,70
DEV_010_2024-11-23 04:00:00,2024-11-23 04:00:00,DEV_010,91,24,73
DEV_010_2024-11-23 06:00:00,2024-11-23 06:00:00,DEV_010,11,35,29
DEV_010_2024-11-23 08:00:00,2024-11-23 08:00:00,DEV_010,8,17,71
DEV_010_2024-11-23 10:00:00,2024-11-23 10:00:00,DEV_010,12,79,93
DEV_010_2024-11-23 12:00:00,2024-11-23 12:00:00,DEV_010,50,24,37
DEV_010_2024-11-23 14:00:00,2024-11-23 14:00:00,DEV_010,78,11,99
DEV_010_2024-11-23 16:00:00,2024-11-23 16:00:00,DEV_010,81,59,55
DEV_010_2024-11-23 18:00:00,2024-11-23 18:00:00,DEV_010,27,67,60
DEV_010_2024-11-23 20:00:00,2024-11-23 20:00:00,DEV_010,2,68,18
DEV_010_2024-11-23 22:00:00,2024-11-23 22:00:00,DEV_010,20,85,63
DEV_010_2024-11-24 00:00:00,2024-11-24 00:00:00,DEV_010,78,72,2
DEV_010_2024-11-24 02:00:00,2024-11-24 02:00:00,DEV_010,90,83,42
DEV_010_2024-11-24 04:00:00,2024-11-24 04:00:00,DEV_010,28,29,69
DEV_010_2024-11-24 06:00:00,2024-11-24 06:00:00,DEV_010,28,60,90
DEV_010_2024-11-24 08:00:00,2024-11-24 08:00:00,DEV_010,5,15,73
DEV_010_2024-11-24 10:00:00,2024-11-24 10:00:00,DEV_010,32,52,90
DEV_010_2024-11-24 12:00:00,2024-11-24 12:00:00,DEV_010,37,15,41
DEV_010_2024-11-24 14:00:00,2024-11-24 14:00:00,DEV_010,4,53,84
DEV_010_2024-11-24 16:00:00,2024-11-24 16:00:00,DEV_010,27,21,60
DEV_010_2024-11-24 18:00:00,2024-11-24 18:00:00,DEV_010,86,64,71
DEV_010_2024-11-24 20:00:00,2024-11-24 20:00:00,DEV_010,47,54,31
DEV_010_2024-11-24 22:00:00,2024-11-24 22:00:00,DEV_010,17,50,7
DEV_010_2024-11-25 00:00:00,2024-11-25 00:00:00,DEV_010,83,28,10
DEV_010_2024-11-25 02:00:00,2024-11-25 02:00:00,DEV_010,27,13,66
DEV_010_2024-11-25 04:00:00,2024-11-25 04:00:00,DEV_010,86,84,60
DEV_010_2024-11-25 06:00:00,2024-11-25 06:00:00,DEV_010,43,69,63
DEV_010_2024-11-25 08:00:00,2024-11-25 08:00:00,DEV_010,70,99,65
DEV_010_2024-11-25 10:00:00,2024-11-25 10:00:00,DEV_010,99,67,54
DEV_010_2024-11-25 12:00:00,2024-11-25 12:00:00,DEV_010,36,71,93
DEV_010_2024-11-25 14:00:00,2024-11-25 14:00:00,DEV_010,15,75,18
DEV_010_2024-11-25 16:00:00,2024-11-25 16:00:00,DEV_010,4,88,11
DEV_010_2024-11-25 18:00:00,2024-11-25 18:00:00,DEV_010,6,51,58
DEV_010_2024-11-25 20:00:00,2024-11-25 20:00:00,DEV_010,60,18,79
DEV_010_2024-11-25 22:00:00,2024-11-25 22:00:00,DEV_010,67,17,97
DEV_010_2024-11-26 00:00:00,2024-11-26 00:00:00,DEV_010,34,30,19
DEV_010_2024-11-26 02:00:00,2024-11-26 02:00:00,DEV_010,9,40,44
DEV_010_2024-11-26 04:00:00,2024-11-26 04:00:00,DEV_010,95,59,91
DEV_010_2024-11-26 06:00:00,2024-11-26 06:00:00,DEV_010,25,71,53
DEV_010_2024-11-26 08:00:00,2024-11-26 08:00:00,DEV_010,48,71,84
DEV_010_2024-11-26 10:00:00,2024-11-26 10:00:00,DEV_010,53,49,43
DEV_010_2024-11-26 12:00:00,2024-11-26 12:00:00,DEV_010,19,66,34
DEV_010_2024-11-26 14:00:00,2024-11-26 14:00:00,DEV_010,81,88,73
DEV_010_2024-11-26 16:00:00,2024-11-26 16:00:00,DEV_010,54,1,92
DEV_010_2024-11-26 18:00:00,2024-11-26 18:00:00,DEV_010,55,15,85
DEV_010_2024-11-26 20:00:00,2024-11-26 20:00:00,DEV_010,15,23,66
DEV_010_2024-11-26 22:00:00,2024-11-26 22:00:00,DEV_010,46,9,66
DEV_010_2024-11-27 00:00:00,2024-11-27 00:00:00,DEV_010,66,18,17
DEV_010_2024-11-27 02:00:00,2024-11-27 02:00:00,DEV_010,72,98,34
DEV_010_2024-11-27 04:00:00,2024-11-27 04:00:00,DEV_010,69,64,44
DEV_010_2024-11-27 06:00:00,2024-11-27 06:00:00,DEV_010,29,62,92
DEV_010_2024-11-27 08:00:00,2024-11-27 08:00:00,DEV_010,16,78,52
DEV_010_2024-11-27 10:00:00,2024-11-27 10:00:00,DEV_010,2,61,4
DEV_010_2024-11-27 12:00:00,2024-11-27 12:00:00,DEV_010,52,41,52
DEV_010_2024-11-27 14:00:00,2024-11-27 14:00:00,DEV_010,31,26,27
DEV_010_2024-11-27 16:00:00,2024-11-27 16:00:00,DEV_010,51,98,95
DEV_010_2024-11-27 18:00:00,2024-11-27 18:00:00,DEV_010,48,11,8
DEV_010_2024-11-27 20:00:00,2024-11-27 20:00:00,DEV_010,12,99,45
DEV_010_2024-11-27 22:00:00,2024-11-27 22:00:00,DEV_010,34,77,91
DEV_010_2024-11-28 00:00:00,2024-11-28 00:00:00,DEV_010,72,47,21
DEV_010_2024-11-28 02:00:00,2024-11-28 02:00:00,DEV_010,41,75,22
DEV_010_2024-11-28 04:00:00,2024-11-28 04:00:00,DEV_010,21,28,67
DEV_010_2024-11-28 06:00:00,2024-11-28 06:00:00,DEV_010,71,14,79
DEV_010_2024-11-28 08:00:00,2024-11-28 08:00:00,DEV_010,73,52,43
DEV_010_2024-11-28 10:00:00,2024-11-28 10:00:00,DEV_010,71,76,19
DEV_010_2024-11-28 12:00:00,2024-11-28 12:00:00,DEV_010,27,18,13
DEV_010_2024-11-28 14:00:00,2024-11-28 14:00:00,DEV_010,1,85,34
DEV_010_2024-11-28 16:00:00,2024-11-28 16:00:00,DEV_010,13,51,87
DEV_010_2024-11-28 18:00:00,2024-11-28 18:00:00,DEV_010,1,87,28
DEV_010_2024-11-28 20:00:00,2024-11-28 20:00:00,DEV_010,32,72,55
DEV_010_2024-11-28 22:00:00,2024-11-28 22:00:00,DEV_010,26,14,88
DEV_010_2024-11-29 00:00:00,2024-11-29 00:00:00,DEV_010,93,68,63
DEV_010_2024-11-29 02:00:00,2024-11-29 02:00:00,DEV_010,82,14,27
DEV_010_2024-11-29 04:00:00,2024-11-29 04:00:00,DEV_010,41,3,94
DEV_010_2024-11-29 06:00:00,2024-11-29 06:00:00,DEV_010,59,23,18
DEV_010_2024-11-29 08:00:00,2024-11-29 08:00:00,DEV_010,74,76,41
DEV_010_2024-11-29 10:00:00,2024-11-29 10:00:00,DEV_010,8,32,81
DEV_010_2024-11-29 12:00:00,2024-11-29 12:00:00,DEV_010,41,45,78
DEV_010_2024-11-29 14:00:00,2024-11-29 14:00:00,DEV_010,9,90,48
DEV_010_2024-11-29 16:00:00,2024-11-29 16:00:00,DEV_010,24,87,95
DEV_010_2024-11-29 18:00:00,2024-11-29 18:00:00,DEV_010,44,58,66
DEV_010_2024-11-29 20:00:00,2024-11-29 20:00:00,DEV_010,18,80,29
DEV_010_2024-11-29 22:00:00,2024-11-29 22:00:00,DEV_010,75,2,78
DEV_010_2024-11-30 00:00:00,2024-11-30 00:00:00,DEV_010,68,98,39
DEV_010_2024-11-30 02:00:00,2024-11-30 02:00:00,DEV_010,73,41,71
DEV_010_2024-11-30 04:00:00,2024-11-30 04:00:00,DEV_010,81,87,75
DEV_010_2024-11-30 06:00:00,2024-11-30 06:00:00,DEV_010,22,82,49
DEV_010_2024-11-30 08:00:00,2024-11-30 08:00:00,DEV_010,28,16,68
DEV_010_2024-11-30 10:00:00,2024-11-30 10:00:00,DEV_010,62,36,22
DEV_010_2024-11-30 12:00:00,2024-11-30 12:00:00,DEV_010,11,85,80
DEV_010_2024-11-30 14:00:00,2024-11-30 14:00:00,DEV_010,42,55,73
DEV_010_2024-11-30 16:00:00,2024-11-30 16:00:00,DEV_010,35,57,34
DEV_010_2024-11-30 18:00:00,2024-11-30 18:00:00,DEV_010,73,77,70
DEV_010_2024-11-30 20:00:00,2024-11-30 20:00:00,DEV_010,4,46,92
DEV_010_2024-11-30 22:00:00,2024-11-30 22:00:00,DEV_010,11,98,61
DEV_010_2024-12-01 00:00:00,2024-12-01 00:00:00,DEV_010,35,69,57
DEV_010_2024-12-01 02:00:00,2024-12-01 02:00:00,DEV_010,11,12,43
DEV_010_2024-12-01 04:00:00,2024-12-01 04:00:00,DEV_010,19,77,68
DEV_010_2024-12-01 06:00:00,2024-12-01 06:00:00,DEV_010,78,59,2
DEV_010_2024-12-01 08:00:00,2024-12-01 08:00:00,DEV_010,8,22,77
DEV_010_2024-12-01 10:00:00,2024-12-01 10:00:00,DEV_010,21,85,92
DEV_010_2024-12-01 12:00:00,2024-12-01 12:00:00,DEV_010,97,29,86
DEV_010_2024-12-01 14:00:00,2024-12-01 14:00:00,DEV_010,90,75,75
DEV_010_2024-12-01 16:00:00,2024-12-01 16:00:00,DEV_010,98,83,37
DEV_010_2024-12-01 18:00:00,2024-12-01 18:00:00,DEV_010,78,29,83
DEV_010_2024-12-01 20:00:00,2024-12-01 20:00:00,DEV_010,37,21,88
DEV_010_2024-12-01 22:00:00,2024-12-01 22:00:00,DEV_010,90,12,48
DEV_010_2024-12-02 00:00:00,2024-12-02 00:00:00,DEV_010,83,47,94
DEV_010_2024-12-02 02:00:00,2024-12-02 02:00:00,DEV_010,15,67,13
DEV_010_2024-12-02 04:00:00,2024-12-02 04:00:00,DEV_010,59,73,13
DEV_010_2024-12-02 06:00:00,2024-12-02 06:00:00,DEV_010,80,78,72
DEV_010_2024-12-02 08:00:00,2024-12-02 08:00:00,DEV_010,19,57,32
DEV_010_2024-12-02 10:00:00,2024-12-02 10:00:00,DEV_010,99,87,21
DEV_010_2024-12-02 12:00:00,2024-12-02 12:00:00,DEV_010,82,14,80
DEV_010_2024-12-02 14:00:00,2024-12-02 14:00:00,DEV_010,24,49,32
DEV_010_2024-12-02 16:00:00,2024-12-02 16:00:00,DEV_010,75,11,60
DEV_010_2024-12-02 18:00:00,2024-12-02 18:00:00,DEV_010,68,61,90
DEV_010_2024-12-02 20:00:00,2024-12-02 20:00:00,DEV_010,5,36,97
DEV_010_2024-12-02 22:00:00,2024-12-02 22:00:00,DEV_010,64,78,32
DEV_010_2024-12-03 00:00:00,2024-12-03 00:00:00,DEV_010,71,74,66
DEV_010_2024-12-03 02:00:00,2024-12-03 02:00:00,DEV_010,10,99,21
DEV_010_2024-12-03 04:00:00,2024-12-03 04:00:00,DEV_010,40,42,72
DEV_010_2024-12-03 06:00:00,2024-12-03 06:00:00,DEV_010,46,82,73
DEV_010_2024-12-03 08:00:00,2024-12-03 08:00:00,DEV_010,41,94,4
DEV_010_2024-12-03 10:00:00,2024-12-03 10:00:00,DEV_010,99,14,14
DEV_010_2024-12-03 12:00:00,2024-12-03 12:00:00,DEV_010,53,84,29
DEV_010_2024-12-03 14:00:00,2024-12-03 14:00:00,DEV_010,23,85,31
DEV_010_2024-12-03 16:00:00,2024-12-03 16:00:00,DEV_010,96,71,77
DEV_010_2024-12-03 18:00:00,2024-12-03 18:00:00,DEV_010,61,23,8
DEV_010_2024-12-03 20:00:00,2024-12-03 20:00:00,DEV_010,76,16,26
DEV_010_2024-12-03 22:00:00,2024-12-03 22:00:00,DEV_010,29,93,6
DEV_010_2024-12-04 00:00:00,2024-12-04 00:00:00,DEV_010,37,33,95
DEV_010_2024-12-04 02:00:00,2024-12-04 02:00:00,DEV_010,46,61,41
DEV_010_2024-12-04 04:00:00,2024-12-04 04:00:00,DEV_010,18,95,16
DEV_010_2024-12-04 06:00:00,2024-12-04 06:00:00,DEV_010,51,37,14
DEV_010_2024-12-04 08:00:00,2024-12-04 08:00:00,DEV_010,68,30,60
DEV_010_2024-12-04 10:00:00,2024-12-04 10:00:00,DEV_010,53,97,36
DEV_010_2024-12-04 12:00:00,2024-12-04 12:00:00,DEV_010,30,64,14
DEV_010_2024-12-04 14:00:00,2024-12-04 14:00:00,DEV_010,23,48,28
DEV_010_2024-12-04 16:00:00,2024-12-04 16:00:00,DEV_010,7,42,10
DEV_010_2024-12-04 18:00:00,2024-12-04 18:00:00,DEV_010,68,44,13
DEV_010_2024-12-04 20:00:00,2024-12-04 20:00:00,DEV_010,85,33,92
DEV_010_2024-12-04 22:00:00,2024-12-04 22:00:00,DEV_010,87,32,48
DEV_010_2024-12-05 00:00:00,2024-12-05 00:00:00,DEV_010,5,61,90
DEV_010_2024-12-05 02:00:00,2024-12-05 02:00:00,DEV_010,90,3,24
DEV_010_2024-12-05 04:00:00,2024-12-05 04:00:00,DEV_010,98,34,84
DEV_010_2024-12-05 06:00:00,2024-12-05 06:00:00,DEV_010,94,42,20
DEV_010_2024-12-05 08:00:00,2024-12-05 08:00:00,DEV_010,41,82,20
DEV_010_2024-12-05 10:00:00,2024-12-05 10:00:00,DEV_010,6,57,42
DEV_010_2024-12-05 12:00:00,2024-12-05 12:00:00,DEV_010,25,41,41
DEV_010_2024-12-05 14:00:00,2024-12-05 14:00:00,DEV_010,3,43,46
DEV_010_2024-12-05 16:00:00,2024-12-05 16:00:00,DEV_010,57,83,74
DEV_010_2024-12-05 18:00:00,2024-12-05 18:00:00,DEV_010,51,5,86
DEV_010_2024-12-05 20:00:00,2024-12-05 20:00:00,DEV_010,73,97,15
DEV_010_2024-12-05 22:00:00,2024-12-05 22:00:00,DEV_010,88,94,39
DEV_010_2024-12-06 00:00:00,2024-12-06 00:00:00,DEV_010,70,79,38
DEV_010_2024-12-06 02:00:00,2024-12-06 02:00:00,DEV_010,39,52,86
DEV_010_2024-12-06 04:00:00,2024-12-06 04:00:00,DEV_010,3,29,93
DEV_010_2024-12-06 06:00:00,2024-12-06 06:00:00,DEV_010,31,66,99
DEV_010_2024-12-06 08:00:00,2024-12-06 08:00:00,DEV_010,45,73,22
DEV_010_2024-12-06 10:00:00,2024-12-06 10:00:00,DEV_010,83,10,21
DEV_010_2024-12-06 12:00:00,2024-12-06 12:00:00,DEV_010,17,67,7
DEV_010_2024-12-06 14:00:00,2024-12-06 14:00:00,DEV_010,36,67,77
DEV_010_2024-12-06 16:00:00,2024-12-06 16:00:00,DEV_010,30,87,71
DEV_010_2024-12-06 18:00:00,2024-12-06 18:00:00,DEV_010,94,29,72
DEV_010_2024-12-06 20:00:00,2024-12-06 20:00:00,DEV_010,74,33,59
DEV_010_2024-12-06 22:00:00,2024-12-06 22:00:00,DEV_010,20,93,29
DEV_010_2024-12-07 00:00:00,2024-12-07 00:00:00,DEV_010,53,85,1
DEV_010_2024-12-07 02:00:00,2024-12-07 02:00:00,DEV_010,34,44,96
DEV_010_2024-12-07 04:00:00,2024-12-07 04:00:00,DEV_010,14,37,35
DEV_010_2024-12-07 06:00:00,2024-12-07 06:00:00,DEV_010,59,24,65
DEV_010_2024-12-07 08:00:00,2024-12-07 08:00:00,DEV_010,6,68,38
DEV_010_2024-12-07 10:00:00,2024-12-07 10:00:00,DEV_010,1,41,31
DEV_010_2024-12-07 12:00:00,2024-12-07 12:00:00,DEV_010,36,73,54
DEV_010_2024-12-07 14:00:00,2024-12-07 14:00:00,DEV_010,87,31,29
DEV_010_2024-12-07 16:00:00,2024-12-07 16:00:00,DEV_010,85,3,58
DEV_010_2024-12-07 18:00:00,2024-12-07 18:00:00,DEV_010,90,61,6
DEV_010_2024-12-07 20:00:00,2024-12-07 20:00:00,DEV_010,20,61,46
DEV_010_2024-12-07 22:00:00,2024-12-07 22:00:00,DEV_010,13,23,79
DEV_010_2024-12-08 00:00:00,2024-12-08 00:00:00,DEV_010,31,4,75
DEV_010_2024-12-08 02:00:00,2024-12-08 02:00:00,DEV_010,66,16,31
DEV_010_2024-12-08 04:00:00,2024-12-08 04:00:00,DEV_010,48,43,4
DEV_010_2024-12-08 06:00:00,2024-12-08 06:00:00,DEV_010,62,48,28
DEV_010_2024-12-08 08:00:00,2024-12-08 08:00:00,DEV_010,16,89,77
DEV_010_2024-12-08 10:00:00,2024-12-08 10:00:00,DEV_010,69,30,65
DEV_010_2024-12-08 12:00:00,2024-12-08 12:00:00,DEV_010,69,14,75
DEV_010_2024-12-08 14:00:00,2024-12-08 14:00:00,DEV_010,34,56,29
DEV_010_2024-12-08 16:00:00,2024-12-08 16:00:00,DEV_010,82,79,25
DEV_010_2024-12-08 18:00:00,2024-12-08 18:00:00,DEV_010,94,66,40
DEV_010_2024-12-08 20:00:00,2024-12-08 20:00:00,DEV_010,91,15,32
DEV_010_2024-12-08 22:00:00,2024-12-08 22:00:00,DEV_010,20,53,78
DEV_010_2024-12-09 00:00:00,2024-12-09 00:00:00,DEV_010,91,67,49
DEV_010_2024-12-09 02:00:00,2024-12-09 02:00:00,DEV_010,67,77,89
DEV_010_2024-12-09 04:00:00,2024-12-09 04:00:00,DEV_010,82,1,39
DEV_010_2024-12-09 06:00:00,2024-12-09 06:00:00,DEV_010,61,55,69
DEV_010_2024-12-09 08:00:00,2024-12-09 08:00:00,DEV_010,2,94,17
DEV_010_2024-12-09 10:00:00,2024-12-09 10:00:00,DEV_010,29,4,73
DEV_010_2024-12-09 12:00:00,2024-12-09 12:00:00,DEV_010,64,85,43
DEV_010_2024-12-09 14:00:00,2024-12-09 14:00:00,DEV_010,76,12,50
DEV_010_2024-12-09 16:00:00,2024-12-09 16:00:00,DEV_010,68,61,92
DEV_010_2024-12-09 18:00:00,2024-12-09 18:00:00,DEV_010,73,51,96
DEV_010_2024-12-09 20:00:00,2024-12-09 20:00:00,DEV_010,77,98,83
DEV_010_2024-12-09 22:00:00,2024-12-09 22:00:00,DEV_010,78,5,91
DEV_010_2024-12-10 00:00:00,2024-12-10 00:00:00,DEV_010,28,90,10
DEV_010_2024-12-10 02:00:00,2024-12-10 02:00:00,DEV_010,88,81,52
DEV_010_2024-12-10 04:00:00,2024-12-10 04:00:00,DEV_010,80,17,65
DEV_010_2024-12-10 06:00:00,2024-12-10 06:00:00,DEV_010,21,54,49
DEV_010_2024-12-10 08:00:00,2024-12-10 08:00:00,DEV_010,22,69,64
DEV_010_2024-12-10 10:00:00,2024-12-10 10:00:00,DEV_010,36,21,56
DEV_010_2024-12-10 12:00:00,2024-12-10 12:00:00,DEV_010,73,91,48
DEV_010_2024-12-10 14:00:00,2024-12-10 14:00:00,DEV_010,76,18,99
DEV_010_2024-12-10 16:00:00,2024-12-10 16:00:00,DEV_010,15,44,94
DEV_010_2024-12-10 18:00:00,2024-12-10 18:00:00,DEV_010,45,97,36
DEV_010_2024-12-10 20:00:00,2024-12-10 20:00:00,DEV_010,40,51,30
DEV_010_2024-12-10 22:00:00,2024-12-10 22:00:00,DEV_010,26,85,31
DEV_010_2024-12-11 00:00:00,2024-12-11 00:00:00,DEV_010,56,61,17
DEV_010_2024-12-11 02:00:00,2024-12-11 02:00:00,DEV_010,81,98,24
DEV_010_2024-12-11 04:00:00,2024-12-11 04:00:00,DEV_010,97,4,9
DEV_010_2024-12-11 06:00:00,2024-12-11 06:00:00,DEV_010,2,35,38
DEV_010_2024-12-11 08:00:00,2024-12-11 08:00:00,DEV_010,45,15,42
DEV_010_2024-12-11 10:00:00,2024-12-11 10:00:00,DEV_010,3,31,52
DEV_010_2024-12-11 12:00:00,2024-12-11 12:00:00,DEV_010,41,57,42
DEV_010_2024-12-11 14:00:00,2024-12-11 14:00:00,DEV_010,53,56,87
DEV_010_2024-12-11 16:00:00,2024-12-11 16:00:00,DEV_010,76,72,53
DEV_010_2024-12-11 18:00:00,2024-12-11 18:00:00,DEV_010,85,85,32
DEV_010_2024-12-11 20:00:00,2024-12-11 20:00:00,DEV_010,81,54,37
DEV_010_2024-12-11 22:00:00,2024-12-11 22:00:00,DEV_010,88,8,82
DEV_010_2024-12-12 00:00:00,2024-12-12 00:00:00,DEV_010,11,54,60
DEV_010_2024-12-12 02:00:00,2024-12-12 02:00:00,DEV_010,10,90,70
DEV_010_2024-12-12 04:00:00,2024-12-12 04:00:00,DEV_010,81,87,42
DEV_010_2024-12-12 06:00:00,2024-12-12 06:00:00,DEV_010,37,92,80
DEV_010_2024-12-12 08:00:00,2024-12-12 08:00:00,DEV_010,76,58,85
DEV_010_2024-12-12 10:00:00,2024-12-12 10:00:00,DEV_010,59,24,28
DEV_010_2024-12-12 12:00:00,2024-12-12 12:00:00,DEV_010,37,21,33
DEV_010_2024-12-12 14:00:00,2024-12-12 14:00:00,DEV_010,2,83,28
DEV_010_2024-12-12 16:00:00,2024-12-12 16:00:00,DEV_010,15,1,28
DEV_010_2024-12-12 18:00:00,2024-12-12 18:00:00,DEV_010,50,35,96
DEV_010_2024-12-12 20:00:00,2024-12-12 20:00:00,DEV_010,28,9,24
DEV_010_2024-12-12 22:00:00,2024-12-12 22:00:00,DEV_010,63,4,56
DEV_010_2024-12-13 00:00:00,2024-12-13 00:00:00,DEV_010,41,67,48
DEV_010_2024-12-13 02:00:00,2024-12-13 02:00:00,DEV_010,86,58,39
DEV_010_2024-12-13 04:00:00,2024-12-13 04:00:00,DEV_010,25,60,86
DEV_010_2024-12-13 06:00:00,2024-12-13 06:00:00,DEV_010,47,98,61
DEV_010_2024-12-13 08:00:00,2024-12-13 08:00:00,DEV_010,84,27,96
DEV_010_2024-12-13 10:00:00,2024-12-13 10:00:00,DEV_010,42,52,93
DEV_010_2024-12-13 12:00:00,2024-12-13 12:00:00,DEV_010,48,32,24
DEV_010_2024-12-13 14:00:00,2024-12-13 14:00:00,DEV_010,3,27,73
DEV_010_2024-12-13 16:00:00,2024-12-13 16:00:00,DEV_010,40,23,7
DEV_010_2024-12-13 18:00:00,2024-12-13 18:00:00,DEV_010,81,37,7
DEV_010_2024-12-13 20:00:00,2024-12-13 20:00:00,DEV_010,94,77,82
DEV_010_2024-12-13 22:00:00,2024-12-13 22:00:00,DEV_010,95,22,78
DEV_010_2024-12-14 00:00:00,2024-12-14 00:00:00,DEV_010,82,99,17
DEV_010_2024-12-14 02:00:00,2024-12-14 02:00:00,DEV_010,19,95,39
DEV_010_2024-12-14 04:00:00,2024-12-14 04:00:00,DEV_010,36,15,63
DEV_010_2024-12-14 06:00:00,2024-12-14 06:00:00,DEV_010,29,60,56
DEV_010_2024-12-14 08:00:00,2024-12-14 08:00:00,DEV_010,40,16,33
DEV_010_2024-12-14 10:00:00,2024-12-14 10:00:00,DEV_010,89,16,30
DEV_010_2024-12-14 12:00:00,2024-12-14 12:00:00,DEV_010,98,66,44
DEV_010_2024-12-14 14:00:00,2024-12-14 14:00:00,DEV_010,38,51,60
DEV_010_2024-12-14 16:00:00,2024-12-14 16:00:00,DEV_010,18,5,40
DEV_010_2024-12-14 18:00:00,2024-12-14 18:00:00,DEV_010,6,76,12
DEV_010_2024-12-14 20:00:00,2024-12-14 20:00:00,DEV_010,12,73,22
DEV_010_2024-12-14 22:00:00,2024-12-14 22:00:00,DEV_010,49,50,80
DEV_010_2024-12-15 00:00:00,2024-12-15 00:00:00,DEV_010,4,50,3
DEV_010_2024-12-15 02:00:00,2024-12-15 02:00:00,DEV_010,16,14,64
DEV_010_2024-12-15 04:00:00,2024-12-15 04:00:00,DEV_010,41,68,59
DEV_010_2024-12-15 06:00:00,2024-12-15 06:00:00,DEV_010,2,10,75
DEV_010_2024-12-15 08:00:00,2024-12-15 08:00:00,DEV_010,90,26,4
DEV_010_2024-12-15 10:00:00,2024-12-15 10:00:00,DEV_010,90,28,2
DEV_010_2024-12-15 12:00:00,2024-12-15 12:00:00,DEV_010,66,16,57
DEV_010_2024-12-15 14:00:00,2024-12-15 14:00:00,DEV_010,23,23,77
DEV_010_2024-12-15 16:00:00,2024-12-15 16:00:00,DEV_010,21,25,58
DEV_010_2024-12-15 18:00:00,2024-12-15 18:00:00,DEV_010,37,49,77
DEV_010_2024-12-15 20:00:00,2024-12-15 20:00:00,DEV_010,15,28,67
DEV_010_2024-12-15 22:00:00,2024-12-15 22:00:00,DEV_010,87,4,47
DEV_010_2024-12-16 00:00:00,2024-12-16 00:00:00,DEV_010,50,60,62
DEV_010_2024-12-16 02:00:00,2024-12-16 02:00:00,DEV_010,67,72,43
DEV_010_2024-12-16 04:00:00,2024-12-16 04:00:00,DEV_010,89,58,52
DEV_010_2024-12-16 06:00:00,2024-12-16 06:00:00,DEV_010,76,69,97
DEV_010_2024-12-16 08:00:00,2024-12-16 08:00:00,DEV_010,46,25,25
DEV_010_2024-12-16 10:00:00,2024-12-16 10:00:00,DEV_010,35,61,15
DEV_010_2024-12-16 12:00:00,2024-12-16 12:00:00,DEV_010,90,74,88
DEV_010_2024-12-16 14:00:00,2024-12-16 14:00:00,DEV_010,35,29,38
DEV_010_2024-12-16 16:00:00,2024-12-16 16:00:00,DEV_010,69,24,19
DEV_010_2024-12-16 18:00:00,2024-12-16 18:00:00,DEV_010,46,49,44
DEV_010_2024-12-16 20:00:00,2024-12-16 20:00:00,DEV_010,73,26,25
DEV_010_2024-12-16 22:00:00,2024-12-16 22:00:00,DEV_010,35,36,14
DEV_010_2024-12-17 00:00:00,2024-12-17 00:00:00,DEV_010,56,6,32
DEV_010_2024-12-17 02:00:00,2024-12-17 02:00:00,DEV_010,26,15,49
DEV_010_2024-12-17 04:00:00,2024-12-17 04:00:00,DEV_010,95,56,37
DEV_010_2024-12-17 06:00:00,2024-12-17 06:00:00,DEV_010,53,58,83
DEV_010_2024-12-17 08:00:00,2024-12-17 08:00:00,DEV_010,78,36,11
DEV_010_2024-12-17 10:00:00,2024-12-17 10:00:00,DEV_010,27,2,22
DEV_010_2024-12-17 12:00:00,2024-12-17 12:00:00,DEV_010,66,84,17
DEV_010_2024-12-17 14:00:00,2024-12-17 14:00:00,DEV_010,4,14,7
DEV_010_2024-12-17 16:00:00,2024-12-17 16:00:00,DEV_010,79,94,16
DEV_010_2024-12-17 18:00:00,2024-12-17 18:00:00,DEV_010,66,19,1
DEV_010_2024-12-17 20:00:00,2024-12-17 20:00:00,DEV_010,31,4,91
DEV_010_2024-12-17 22:00:00,2024-12-17 22:00:00,DEV_010,58,56,53
DEV_010_2024-12-18 00:00:00,2024-12-18 00:00:00,DEV_010,89,86,43
DEV_010_2024-12-18 02:00:00,2024-12-18 02:00:00,DEV_010,74,97,49
DEV_010_2024-12-18 04:00:00,2024-12-18 04:00:00,DEV_010,60,94,94
DEV_010_2024-12-18 06:00:00,2024-12-18 06:00:00,DEV_010,16,73,81
DEV_010_2024-12-18 08:00:00,2024-12-18 08:00:00,DEV_010,99,60,47
DEV_010_2024-12-18 10:00:00,2024-12-18 10:00:00,DEV_010,15,63,28
DEV_010_2024-12-18 12:00:00,2024-12-18 12:00:00,DEV_010,20,97,63
DEV_010_2024-12-18 14:00:00,2024-12-18 14:00:00,DEV_010,33,36,13
DEV_010_2024-12-18 16:00:00,2024-12-18 16:00:00,DEV_010,62,68,23
DEV_010_2024-12-18 18:00:00,2024-12-18 18:00:00,DEV_010,72,13,88
DEV_010_2024-12-18 20:00:00,2024-12-18 20:00:00,DEV_010,40,30,94
DEV_010_2024-12-18 22:00:00,2024-12-18 22:00:00,DEV_010,25,97,73
DEV_010_2024-12-19 00:00:00,2024-12-19 00:00:00,DEV_010,26,24,97
DEV_010_2024-12-19 02:00:00,2024-12-19 02:00:00,DEV_010,39,89,79
DEV_010_2024-12-19 04:00:00,2024-12-19 04:00:00,DEV_010,61,49,41
DEV_010_2024-12-19 06:00:00,2024-12-19 06:00:00,DEV_010,70,20,44
DEV_010_2024-12-19 08:00:00,2024-12-19 08:00:00,DEV_010,16,21,15
DEV_010_2024-12-19 10:00:00,2024-12-19 10:00:00,DEV_010,39,42,61
DEV_010_2024-12-19 12:00:00,2024-12-19 12:00:00,DEV_010,4,24,3
DEV_010_2024-12-19 14:00:00,2024-12-19 14:00:00,DEV_010,1,94,13
DEV_010_2024-12-19 16:00:00,2024-12-19 16:00:00,DEV_010,54,82,40
DEV_010_2024-12-19 18:00:00,2024-12-19 18:00:00,DEV_010,11,42,93
DEV_010_2024-12-19 20:00:00,2024-12-19 20:00:00,DEV_010,4,25,36
DEV_010_2024-12-19 22:00:00,2024-12-19 22:00:00,DEV_010,64,44,40
DEV_010_2024-12-20 00:00:00,2024-12-20 00:00:00,DEV_010,92,45,8
DEV_010_2024-12-20 02:00:00,2024-12-20 02:00:00,DEV_010,85,35,44
DEV_010_2024-12-20 04:00:00,2024-12-20 04:00:00,DEV_010,18,47,25
DEV_010_2024-12-20 06:00:00,2024-12-20 06:00:00,DEV_010,41,5,64
DEV_010_2024-12-20 08:00:00,2024-12-20 08:00:00,DEV_010,62,72,87
DEV_010_2024-12-20 10:00:00,2024-12-20 10:00:00,DEV_010,3,37,95
DEV_010_2024-12-20 12:00:00,2024-12-20 12:00:00,DEV_010,93,41,20
DEV_010_2024-12-20 14:00:00,2024-12-20 14:00:00,DEV_010,67,87,40
DEV_010_2024-12-20 16:00:00,2024-12-20 16:00:00,DEV_010,85,77,8
DEV_010_2024-12-20 18:00:00,2024-12-20 18:00:00,DEV_010,5,25,39
DEV_010_2024-12-20 20:00:00,2024-12-20 20:00:00,DEV_010,37,5,8
DEV_010_2024-12-20 22:00:00,2024-12-20 22:00:00,DEV_010,4,41,60
DEV_010_2024-12-21 00:00:00,2024-12-21 00:00:00,DEV_010,54,22,78
DEV_010_2024-12-21 02:00:00,2024-12-21 02:00:00,DEV_010,19,77,99
DEV_010_2024-12-21 04:00:00,2024-12-21 04:00:00,DEV_010,68,33,22
DEV_010_2024-12-21 06:00:00,2024-12-21 06:00:00,DEV_010,65,11,16
DEV_010_2024-12-21 08:00:00,2024-12-21 08:00:00,DEV_010,68,93,44
DEV_010_2024-12-21 10:00:00,2024-12-21 10:00:00,DEV_010,88,9,72
DEV_010_2024-12-21 12:00:00,2024-12-21 12:00:00,DEV_010,78,79,62
DEV_010_2024-12-21 14:00:00,2024-12-21 14:00:00,DEV_010,86,15,6
DEV_010_2024-12-21 16:00:00,2024-12-21 16:00:00,DEV_010,1,20,36
DEV_010_2024-12-21 18:00:00,2024-12-21 18:00:00,DEV_010,2,70,2
DEV_010_2024-12-21 20:00:00,2024-12-21 20:00:00,DEV_010,3,7,84
DEV_010_2024-12-21 22:00:00,2024-12-21 22:00:00,DEV_010,64,41,54
DEV_010_2024-12-22 00:00:00,2024-12-22 00:00:00,DEV_010,41,5,89
DEV_010_2024-12-22 02:00:00,2024-12-22 02:00:00,DEV_010,82,63,1
DEV_010_2024-12-22 04:00:00,2024-12-22 04:00:00,DEV_010,25,81,46
DEV_010_2024-12-22 06:00:00,2024-12-22 06:00:00,DEV_010,15,69,17
DEV_010_2024-12-22 08:00:00,2024-12-22 08:00:00,DEV_010,21,53,55
DEV_010_2024-12-22 10:00:00,2024-12-22 10:00:00,DEV_010,87,10,81
DEV_010_2024-12-22 12:00:00,2024-12-22 12:00:00,DEV_010,57,65,37
DEV_010_2024-12-22 14:00:00,2024-12-22 14:00:00,DEV_010,7,76,40
DEV_010_2024-12-22 16:00:00,2024-12-22 16:00:00,DEV_010,50,1,20
DEV_010_2024-12-22 18:00:00,2024-12-22 18:00:00,DEV_010,31,68,90
DEV_010_2024-12-22 20:00:00,2024-12-22 20:00:00,DEV_010,12,22,1
DEV_010_2024-12-22 22:00:00,2024-12-22 22:00:00,DEV_010,1,3,76
DEV_010_2024-12-23 00:00:00,2024-12-23 00:00:00,DEV_010,21,13,61
DEV_010_2024-12-23 02:00:00,2024-12-23 02:00:00,DEV_010,13,82,33
DEV_010_2024-12-23 04:00:00,2024-12-23 04:00:00,DEV_010,6,25,23
DEV_010_2024-12-23 06:00:00,2024-12-23 06:00:00,DEV_010,88,26,4
DEV_010_2024-12-23 08:00:00,2024-12-23 08:00:00,DEV_010,35,75,25
DEV_010_2024-12-23 10:00:00,2024-12-23 10:00:00,DEV_010,20,1,94
DEV_010_2024-12-23 12:00:00,2024-12-23 12:00:00,DEV_010,68,23,99
DEV_010_2024-12-23 14:00:00,2024-12-23 14:00:00,DEV_010,22,95,62
DEV_010_2024-12-23 16:00:00,2024-12-23 16:00:00,DEV_010,1,59,68
DEV_010_2024-12-23 18:00:00,2024-12-23 18:00:00,DEV_010,19,30,1
DEV_010_2024-12-23 20:00:00,2024-12-23 20:00:00,DEV_010,48,19,52
DEV_010_2024-12-23 22:00:00,2024-12-23 22:00:00,DEV_010,85,22,50
DEV_010_2024-12-24 00:00:00,2024-12-24 00:00:00,DEV_010,66,6,64
DEV_010_2024-12-24 02:00:00,2024-12-24 02:00:00,DEV_010,21,97,19
DEV_010_2024-12-24 04:00:00,2024-12-24 04:00:00,DEV_010,91,37,63
DEV_010_2024-12-24 06:00:00,2024-12-24 06:00:00,DEV_010,29,60,92
DEV_010_2024-12-24 08:00:00,2024-12-24 08:00:00,DEV_010,34,1,48
DEV_010_2024-12-24 10:00:00,2024-12-24 10:00:00,DEV_010,89,21,34
DEV_010_2024-12-24 12:00:00,2024-12-24 12:00:00,DEV_010,26,36,99
DEV_010_2024-12-24 14:00:00,2024-12-24 14:00:00,DEV_010,23,81,47
DEV_010_2024-12-24 16:00:00,2024-12-24 16:00:00,DEV_010,76,44,20
DEV_010_2024-12-24 18:00:00,2024-12-24 18:00:00,DEV_010,27,61,37
DEV_010_2024-12-24 20:00:00,2024-12-24 20:00:00,DEV_010,84,52,75
DEV_010_2024-12-24 22:00:00,2024-12-24 22:00:00,DEV_010,92,62,66
DEV_010_2024-12-25 00:00:00,2024-12-25 00:00:00,DEV_010,24,80,12
DEV_010_2024-12-25 02:00:00,2024-12-25 02:00:00,DEV_010,16,36,2
DEV_010_2024-12-25 04:00:00,2024-12-25 04:00:00,DEV_010,89,62,64
DEV_010_2024-12-25 06:00:00,2024-12-25 06:00:00,DEV_010,29,92,74
DEV_010_2024-12-25 08:00:00,2024-12-25 08:00:00,DEV_010,87,96,31
DEV_010_2024-12-25 10:00:00,2024-12-25 10:00:00,DEV_010,83,15,55
DEV_010_2024-12-25 12:00:00,2024-12-25 12:00:00,DEV_010,33,81,52
DEV_010_2024-12-25 14:00:00,2024-12-25 14:00:00,DEV_010,20,73,38
DEV_010_2024-12-25 16:00:00,2024-12-25 16:00:00,DEV_010,3,54,66
DEV_010_2024-12-25 18:00:00,2024-12-25 18:00:00,DEV_010,18,87,83
DEV_010_2024-12-25 20:00:00,2024-12-25 20:00:00,DEV_010,7,35,84
DEV_010_2024-12-25 22:00:00,2024-12-25 22:00:00,DEV_010,84,83,80
DEV_010_2024-12-26 00:00:00,2024-12-26 00:00:00,DEV_010,85,93,60
DEV_010_2024-12-26 02:00:00,2024-12-26 02:00:00,DEV_010,24,93,95
DEV_010_2024-12-26 04:00:00,2024-12-26 04:00:00,DEV_010,39,12,94
DEV_010_2024-12-26 06:00:00,2024-12-26 06:00:00,DEV_010,53,64,4
DEV_010_2024-12-26 08:00:00,2024-12-26 08:00:00,DEV_010,94,5,16
DEV_010_2024-12-26 10:00:00,2024-12-26 10:00:00,DEV_010,27,4,72
DEV_010_2024-12-26 12:00:00,2024-12-26 12:00:00,DEV_010,48,8,81
DEV_010_2024-12-26 14:00:00,2024-12-26 14:00:00,DEV_010,46,44,67
DEV_010_2024-12-26 16:00:00,2024-12-26 16:00:00,DEV_010,91,52,34
DEV_010_2024-12-26 18:00:00,2024-12-26 18:00:00,DEV_010,62,21,24
DEV_010_2024-12-26 20:00:00,2024-12-26 20:00:00,DEV_010,44,41,29
DEV_010_2024-12-26 22:00:00,2024-12-26 22:00:00,DEV_010,6,56,14
DEV_010_2024-12-27 00:00:00,2024-12-27 00:00:00,DEV_010,50,78,52
DEV_010_2024-12-27 02:00:00,2024-12-27 02:00:00,DEV_010,88,77,1
DEV_010_2024-12-27 04:00:00,2024-12-27 04:00:00,DEV_010,12,24,37
DEV_010_2024-12-27 06:00:00,2024-12-27 06:00:00,DEV_010,84,70,76
DEV_010_2024-12-27 08:00:00,2024-12-27 08:00:00,DEV_010,85,3,27
DEV_010_2024-12-27 10:00:00,2024-12-27 10:00:00,DEV_010,53,17,15
DEV_010_2024-12-27 12:00:00,2024-12-27 12:00:00,DEV_010,39,4,17
DEV_010_2024-12-27 14:00:00,2024-12-27 14:00:00,DEV_010,11,12,32
DEV_010_2024-12-27 16:00:00,2024-12-27 16:00:00,DEV_010,27,44,43
DEV_010_2024-12-27 18:00:00,2024-12-27 18:00:00,DEV_010,91,49,93
DEV_010_2024-12-27 20:00:00,2024-12-27 20:00:00,DEV_010,73,43,3
DEV_010_2024-12-27 22:00:00,2024-12-27 22:00:00,DEV_010,29,85,35
DEV_010_2024-12-28 00:00:00,2024-12-28 00:00:00,DEV_010,48,74,87
DEV_010_2024-12-28 02:00:00,2024-12-28 02:00:00,DEV_010,39,89,24
DEV_010_2024-12-28 04:00:00,2024-12-28 04:00:00,DEV_010,20,15,85
DEV_010_2024-12-28 06:00:00,2024-12-28 06:00:00,DEV_010,76,18,60
DEV_010_2024-12-28 08:00:00,2024-12-28 08:00:00,DEV_010,87,93,41
DEV_010_2024-12-28 10:00:00,2024-12-28 10:00:00,DEV_010,69,90,75
DEV_010_2024-12-28 12:00:00,2024-12-28 12:00:00,DEV_010,11,56,18
DEV_010_2024-12-28 14:00:00,2024-12-28 14:00:00,DEV_010,12,16,27
DEV_010_2024-12-28 16:00:00,2024-12-28 16:00:00,DEV_010,17,85,31
DEV_010_2024-12-28 18:00:00,2024-12-28 18:00:00,DEV_010,35,27,87
DEV_010_2024-12-28 20:00:00,2024-12-28 20:00:00,DEV_010,32,17,11
DEV_010_2024-12-28 22:00:00,2024-12-28 22:00:00,DEV_010,1,92,82
DEV_010_2024-12-29 00:00:00,2024-12-29 00:00:00,DEV_010,49,41,20
DEV_010_2024-12-29 02:00:00,2024-12-29 02:00:00,DEV_010,71,37,16
DEV_010_2024-12-29 04:00:00,2024-12-29 04:00:00,DEV_010,39,45,64
DEV_010_2024-12-29 06:00:00,2024-12-29 06:00:00,DEV_010,47,23,32
DEV_010_2024-12-29 08:00:00,2024-12-29 08:00:00,DEV_010,49,81,19
DEV_010_2024-12-29 10:00:00,2024-12-29 10:00:00,DEV_010,98,78,67
DEV_010_2024-12-29 12:00:00,2024-12-29 12:00:00,DEV_010,39,89,60
DEV_010_2024-12-29 14:00:00,2024-12-29 14:00:00,DEV_010,11,49,15
DEV_010_2024-12-29 16:00:00,2024-12-29 16:00:00,DEV_010,83,61,43
DEV_010_2024-12-29 18:00:00,2024-12-29 18:00:00,DEV_010,15,79,79
DEV_010_2024-12-29 20:00:00,2024-12-29 20:00:00,DEV_010,73,5,83
DEV_010_2024-12-29 22:00:00,2024-12-29 22:00:00,DEV_010,88,29,62
