distid,createdts,sn,tplg_node_sta_num,tplg_node_type,tplg_node_son
DEV_001_2024-09-01 00:00:00,2024-09-01 00:00:00,DEV_001,28,30,52
DEV_001_2024-09-01 04:00:00,2024-09-01 04:00:00,DEV_001,41,81,97
DEV_001_2024-09-01 08:00:00,2024-09-01 08:00:00,DEV_001,23,51,93
DEV_001_2024-09-01 12:00:00,2024-09-01 12:00:00,DEV_001,85,58,78
DEV_001_2024-09-01 16:00:00,2024-09-01 16:00:00,DEV_001,54,42,3
DEV_001_2024-09-01 20:00:00,2024-09-01 20:00:00,DEV_001,14,97,34
DEV_001_2024-09-02 00:00:00,2024-09-02 00:00:00,DEV_001,67,16,68
DEV_001_2024-09-02 04:00:00,2024-09-02 04:00:00,DEV_001,50,73,51
DEV_001_2024-09-02 08:00:00,2024-09-02 08:00:00,DEV_001,8,3,97
DEV_001_2024-09-02 12:00:00,2024-09-02 12:00:00,DEV_001,68,24,54
DEV_001_2024-09-02 16:00:00,2024-09-02 16:00:00,DEV_001,66,54,39
DEV_001_2024-09-02 20:00:00,2024-09-02 20:00:00,DEV_001,1,84,25
DEV_001_2024-09-03 00:00:00,2024-09-03 00:00:00,DEV_001,94,37,56
DEV_001_2024-09-03 04:00:00,2024-09-03 04:00:00,DEV_001,59,10,11
DEV_001_2024-09-03 08:00:00,2024-09-03 08:00:00,DEV_001,13,77,99
DEV_001_2024-09-03 12:00:00,2024-09-03 12:00:00,DEV_001,80,35,49
DEV_001_2024-09-03 16:00:00,2024-09-03 16:00:00,DEV_001,54,51,14
DEV_001_2024-09-03 20:00:00,2024-09-03 20:00:00,DEV_001,65,4,65
DEV_001_2024-09-04 00:00:00,2024-09-04 00:00:00,DEV_001,31,65,94
DEV_001_2024-09-04 04:00:00,2024-09-04 04:00:00,DEV_001,34,57,9
DEV_001_2024-09-04 08:00:00,2024-09-04 08:00:00,DEV_001,13,12,73
DEV_001_2024-09-04 12:00:00,2024-09-04 12:00:00,DEV_001,30,51,88
DEV_001_2024-09-04 16:00:00,2024-09-04 16:00:00,DEV_001,57,63,16
DEV_001_2024-09-04 20:00:00,2024-09-04 20:00:00,DEV_001,4,94,20
DEV_001_2024-09-05 00:00:00,2024-09-05 00:00:00,DEV_001,90,97,15
DEV_001_2024-09-05 04:00:00,2024-09-05 04:00:00,DEV_001,15,38,36
DEV_001_2024-09-05 08:00:00,2024-09-05 08:00:00,DEV_001,81,51,87
DEV_001_2024-09-05 12:00:00,2024-09-05 12:00:00,DEV_001,98,25,99
DEV_001_2024-09-05 16:00:00,2024-09-05 16:00:00,DEV_001,5,75,78
DEV_001_2024-09-05 20:00:00,2024-09-05 20:00:00,DEV_001,3,52,88
DEV_001_2024-09-06 00:00:00,2024-09-06 00:00:00,DEV_001,33,91,25
DEV_001_2024-09-06 04:00:00,2024-09-06 04:00:00,DEV_001,20,36,11
DEV_001_2024-09-06 08:00:00,2024-09-06 08:00:00,DEV_001,50,40,77
DEV_001_2024-09-06 12:00:00,2024-09-06 12:00:00,DEV_001,17,62,39
DEV_001_2024-09-06 16:00:00,2024-09-06 16:00:00,DEV_001,6,57,10
DEV_001_2024-09-06 20:00:00,2024-09-06 20:00:00,DEV_001,89,5,60
DEV_001_2024-09-07 00:00:00,2024-09-07 00:00:00,DEV_001,7,47,19
DEV_001_2024-09-07 04:00:00,2024-09-07 04:00:00,DEV_001,4,74,44
DEV_001_2024-09-07 08:00:00,2024-09-07 08:00:00,DEV_001,18,47,89
DEV_001_2024-09-07 12:00:00,2024-09-07 12:00:00,DEV_001,94,28,54
DEV_001_2024-09-07 16:00:00,2024-09-07 16:00:00,DEV_001,25,94,3
DEV_001_2024-09-07 20:00:00,2024-09-07 20:00:00,DEV_001,73,76,8
DEV_001_2024-09-08 00:00:00,2024-09-08 00:00:00,DEV_001,6,71,71
DEV_001_2024-09-08 04:00:00,2024-09-08 04:00:00,DEV_001,38,58,73
DEV_001_2024-09-08 08:00:00,2024-09-08 08:00:00,DEV_001,1,84,80
DEV_001_2024-09-08 12:00:00,2024-09-08 12:00:00,DEV_001,50,90,45
DEV_001_2024-09-08 16:00:00,2024-09-08 16:00:00,DEV_001,76,20,48
DEV_001_2024-09-08 20:00:00,2024-09-08 20:00:00,DEV_001,63,54,94
DEV_001_2024-09-09 00:00:00,2024-09-09 00:00:00,DEV_001,23,30,79
DEV_001_2024-09-09 04:00:00,2024-09-09 04:00:00,DEV_001,89,64,57
DEV_001_2024-09-09 08:00:00,2024-09-09 08:00:00,DEV_001,28,17,78
DEV_001_2024-09-09 12:00:00,2024-09-09 12:00:00,DEV_001,99,59,18
DEV_001_2024-09-09 16:00:00,2024-09-09 16:00:00,DEV_001,9,53,26
DEV_001_2024-09-09 20:00:00,2024-09-09 20:00:00,DEV_001,95,92,16
DEV_001_2024-09-10 00:00:00,2024-09-10 00:00:00,DEV_001,48,87,3
DEV_001_2024-09-10 04:00:00,2024-09-10 04:00:00,DEV_001,57,24,5
DEV_001_2024-09-10 08:00:00,2024-09-10 08:00:00,DEV_001,66,63,95
DEV_001_2024-09-10 12:00:00,2024-09-10 12:00:00,DEV_001,40,30,27
DEV_001_2024-09-10 16:00:00,2024-09-10 16:00:00,DEV_001,9,41,29
DEV_001_2024-09-10 20:00:00,2024-09-10 20:00:00,DEV_001,57,79,63
DEV_001_2024-09-11 00:00:00,2024-09-11 00:00:00,DEV_001,30,23,50
DEV_001_2024-09-11 04:00:00,2024-09-11 04:00:00,DEV_001,21,54,47
DEV_001_2024-09-11 08:00:00,2024-09-11 08:00:00,DEV_001,83,78,2
DEV_001_2024-09-11 12:00:00,2024-09-11 12:00:00,DEV_001,62,75,96
DEV_001_2024-09-11 16:00:00,2024-09-11 16:00:00,DEV_001,57,48,9
DEV_001_2024-09-11 20:00:00,2024-09-11 20:00:00,DEV_001,30,98,34
DEV_001_2024-09-12 00:00:00,2024-09-12 00:00:00,DEV_001,34,66,75
DEV_001_2024-09-12 04:00:00,2024-09-12 04:00:00,DEV_001,79,38,53
DEV_001_2024-09-12 08:00:00,2024-09-12 08:00:00,DEV_001,57,89,24
DEV_001_2024-09-12 12:00:00,2024-09-12 12:00:00,DEV_001,15,64,79
DEV_001_2024-09-12 16:00:00,2024-09-12 16:00:00,DEV_001,94,94,49
DEV_001_2024-09-12 20:00:00,2024-09-12 20:00:00,DEV_001,67,2,89
DEV_001_2024-09-13 00:00:00,2024-09-13 00:00:00,DEV_001,7,36,91
DEV_001_2024-09-13 04:00:00,2024-09-13 04:00:00,DEV_001,7,73,69
DEV_001_2024-09-13 08:00:00,2024-09-13 08:00:00,DEV_001,94,81,92
DEV_001_2024-09-13 12:00:00,2024-09-13 12:00:00,DEV_001,74,3,55
DEV_001_2024-09-13 16:00:00,2024-09-13 16:00:00,DEV_001,54,75,89
DEV_001_2024-09-13 20:00:00,2024-09-13 20:00:00,DEV_001,72,28,56
DEV_001_2024-09-14 00:00:00,2024-09-14 00:00:00,DEV_001,13,86,5
DEV_001_2024-09-14 04:00:00,2024-09-14 04:00:00,DEV_001,97,34,69
DEV_001_2024-09-14 08:00:00,2024-09-14 08:00:00,DEV_001,96,77,97
DEV_001_2024-09-14 12:00:00,2024-09-14 12:00:00,DEV_001,6,2,52
DEV_001_2024-09-14 16:00:00,2024-09-14 16:00:00,DEV_001,15,38,99
DEV_001_2024-09-14 20:00:00,2024-09-14 20:00:00,DEV_001,41,65,37
DEV_001_2024-09-15 00:00:00,2024-09-15 00:00:00,DEV_001,67,38,10
DEV_001_2024-09-15 04:00:00,2024-09-15 04:00:00,DEV_001,98,56,98
DEV_001_2024-09-15 08:00:00,2024-09-15 08:00:00,DEV_001,58,10,50
DEV_001_2024-09-15 12:00:00,2024-09-15 12:00:00,DEV_001,86,98,98
DEV_001_2024-09-15 16:00:00,2024-09-15 16:00:00,DEV_001,41,14,89
DEV_001_2024-09-15 20:00:00,2024-09-15 20:00:00,DEV_001,87,66,34
DEV_001_2024-09-16 00:00:00,2024-09-16 00:00:00,DEV_001,99,58,24
DEV_001_2024-09-16 04:00:00,2024-09-16 04:00:00,DEV_001,80,85,81
DEV_001_2024-09-16 08:00:00,2024-09-16 08:00:00,DEV_001,96,14,92
DEV_001_2024-09-16 12:00:00,2024-09-16 12:00:00,DEV_001,97,71,63
DEV_001_2024-09-16 16:00:00,2024-09-16 16:00:00,DEV_001,14,6,11
DEV_001_2024-09-16 20:00:00,2024-09-16 20:00:00,DEV_001,27,54,90
DEV_001_2024-09-17 00:00:00,2024-09-17 00:00:00,DEV_001,53,98,25
DEV_001_2024-09-17 04:00:00,2024-09-17 04:00:00,DEV_001,36,18,92
DEV_001_2024-09-17 08:00:00,2024-09-17 08:00:00,DEV_001,56,10,51
DEV_001_2024-09-17 12:00:00,2024-09-17 12:00:00,DEV_001,38,73,21
DEV_001_2024-09-17 16:00:00,2024-09-17 16:00:00,DEV_001,90,99,33
DEV_001_2024-09-17 20:00:00,2024-09-17 20:00:00,DEV_001,25,67,19
DEV_001_2024-09-18 00:00:00,2024-09-18 00:00:00,DEV_001,76,56,94
DEV_001_2024-09-18 04:00:00,2024-09-18 04:00:00,DEV_001,98,48,41
DEV_001_2024-09-18 08:00:00,2024-09-18 08:00:00,DEV_001,52,8,47
DEV_001_2024-09-18 12:00:00,2024-09-18 12:00:00,DEV_001,78,75,40
DEV_001_2024-09-18 16:00:00,2024-09-18 16:00:00,DEV_001,45,61,55
DEV_001_2024-09-18 20:00:00,2024-09-18 20:00:00,DEV_001,72,44,19
DEV_001_2024-09-19 00:00:00,2024-09-19 00:00:00,DEV_001,85,83,97
DEV_001_2024-09-19 04:00:00,2024-09-19 04:00:00,DEV_001,22,63,3
DEV_001_2024-09-19 08:00:00,2024-09-19 08:00:00,DEV_001,73,95,48
DEV_001_2024-09-19 12:00:00,2024-09-19 12:00:00,DEV_001,27,20,50
DEV_001_2024-09-19 16:00:00,2024-09-19 16:00:00,DEV_001,11,17,50
DEV_001_2024-09-19 20:00:00,2024-09-19 20:00:00,DEV_001,28,50,3
DEV_001_2024-09-20 00:00:00,2024-09-20 00:00:00,DEV_001,67,86,16
DEV_001_2024-09-20 04:00:00,2024-09-20 04:00:00,DEV_001,10,54,66
DEV_001_2024-09-20 08:00:00,2024-09-20 08:00:00,DEV_001,49,46,76
DEV_001_2024-09-20 12:00:00,2024-09-20 12:00:00,DEV_001,56,14,16
DEV_001_2024-09-20 16:00:00,2024-09-20 16:00:00,DEV_001,75,39,60
DEV_001_2024-09-20 20:00:00,2024-09-20 20:00:00,DEV_001,41,23,29
DEV_001_2024-09-21 00:00:00,2024-09-21 00:00:00,DEV_001,11,10,64
DEV_001_2024-09-21 04:00:00,2024-09-21 04:00:00,DEV_001,16,15,56
DEV_001_2024-09-21 08:00:00,2024-09-21 08:00:00,DEV_001,63,25,34
DEV_001_2024-09-21 12:00:00,2024-09-21 12:00:00,DEV_001,68,76,80
DEV_001_2024-09-21 16:00:00,2024-09-21 16:00:00,DEV_001,86,58,6
DEV_001_2024-09-21 20:00:00,2024-09-21 20:00:00,DEV_001,33,19,15
DEV_001_2024-09-22 00:00:00,2024-09-22 00:00:00,DEV_001,92,80,39
DEV_001_2024-09-22 04:00:00,2024-09-22 04:00:00,DEV_001,44,60,46
DEV_001_2024-09-22 08:00:00,2024-09-22 08:00:00,DEV_001,71,89,36
DEV_001_2024-09-22 12:00:00,2024-09-22 12:00:00,DEV_001,76,34,67
DEV_001_2024-09-22 16:00:00,2024-09-22 16:00:00,DEV_001,58,12,41
DEV_001_2024-09-22 20:00:00,2024-09-22 20:00:00,DEV_001,20,25,93
DEV_001_2024-09-23 00:00:00,2024-09-23 00:00:00,DEV_001,94,92,19
DEV_001_2024-09-23 04:00:00,2024-09-23 04:00:00,DEV_001,49,2,21
DEV_001_2024-09-23 08:00:00,2024-09-23 08:00:00,DEV_001,63,13,48
DEV_001_2024-09-23 12:00:00,2024-09-23 12:00:00,DEV_001,41,78,31
DEV_001_2024-09-23 16:00:00,2024-09-23 16:00:00,DEV_001,81,76,80
DEV_001_2024-09-23 20:00:00,2024-09-23 20:00:00,DEV_001,23,80,85
DEV_001_2024-09-24 00:00:00,2024-09-24 00:00:00,DEV_001,45,38,75
DEV_001_2024-09-24 04:00:00,2024-09-24 04:00:00,DEV_001,12,90,90
DEV_001_2024-09-24 08:00:00,2024-09-24 08:00:00,DEV_001,98,16,15
DEV_001_2024-09-24 12:00:00,2024-09-24 12:00:00,DEV_001,70,10,46
DEV_001_2024-09-24 16:00:00,2024-09-24 16:00:00,DEV_001,83,6,98
DEV_001_2024-09-24 20:00:00,2024-09-24 20:00:00,DEV_001,11,3,12
DEV_001_2024-09-25 00:00:00,2024-09-25 00:00:00,DEV_001,33,31,40
DEV_001_2024-09-25 04:00:00,2024-09-25 04:00:00,DEV_001,55,26,97
DEV_001_2024-09-25 08:00:00,2024-09-25 08:00:00,DEV_001,73,94,7
DEV_001_2024-09-25 12:00:00,2024-09-25 12:00:00,DEV_001,10,40,18
DEV_001_2024-09-25 16:00:00,2024-09-25 16:00:00,DEV_001,42,81,28
DEV_001_2024-09-25 20:00:00,2024-09-25 20:00:00,DEV_001,7,26,14
DEV_001_2024-09-26 00:00:00,2024-09-26 00:00:00,DEV_001,67,33,8
DEV_001_2024-09-26 04:00:00,2024-09-26 04:00:00,DEV_001,97,39,43
DEV_001_2024-09-26 08:00:00,2024-09-26 08:00:00,DEV_001,29,8,37
DEV_001_2024-09-26 12:00:00,2024-09-26 12:00:00,DEV_001,24,14,77
DEV_001_2024-09-26 16:00:00,2024-09-26 16:00:00,DEV_001,70,45,71
DEV_001_2024-09-26 20:00:00,2024-09-26 20:00:00,DEV_001,85,67,38
DEV_001_2024-09-27 00:00:00,2024-09-27 00:00:00,DEV_001,86,77,52
DEV_001_2024-09-27 04:00:00,2024-09-27 04:00:00,DEV_001,58,36,31
DEV_001_2024-09-27 08:00:00,2024-09-27 08:00:00,DEV_001,29,14,41
DEV_001_2024-09-27 12:00:00,2024-09-27 12:00:00,DEV_001,14,51,57
DEV_001_2024-09-27 16:00:00,2024-09-27 16:00:00,DEV_001,5,2,82
DEV_001_2024-09-27 20:00:00,2024-09-27 20:00:00,DEV_001,17,62,57
DEV_001_2024-09-28 00:00:00,2024-09-28 00:00:00,DEV_001,40,6,92
DEV_001_2024-09-28 04:00:00,2024-09-28 04:00:00,DEV_001,19,92,48
DEV_001_2024-09-28 08:00:00,2024-09-28 08:00:00,DEV_001,26,68,47
DEV_001_2024-09-28 12:00:00,2024-09-28 12:00:00,DEV_001,96,80,6
DEV_001_2024-09-28 16:00:00,2024-09-28 16:00:00,DEV_001,19,16,87
DEV_001_2024-09-28 20:00:00,2024-09-28 20:00:00,DEV_001,40,10,21
DEV_001_2024-09-29 00:00:00,2024-09-29 00:00:00,DEV_001,81,83,27
DEV_001_2024-09-29 04:00:00,2024-09-29 04:00:00,DEV_001,19,14,55
DEV_001_2024-09-29 08:00:00,2024-09-29 08:00:00,DEV_001,68,92,73
DEV_001_2024-09-29 12:00:00,2024-09-29 12:00:00,DEV_001,34,24,48
DEV_001_2024-09-29 16:00:00,2024-09-29 16:00:00,DEV_001,88,71,89
DEV_001_2024-09-29 20:00:00,2024-09-29 20:00:00,DEV_001,36,82,60
DEV_001_2024-09-30 00:00:00,2024-09-30 00:00:00,DEV_001,9,18,25
DEV_001_2024-09-30 04:00:00,2024-09-30 04:00:00,DEV_001,59,61,79
DEV_001_2024-09-30 08:00:00,2024-09-30 08:00:00,DEV_001,71,8,7
DEV_001_2024-09-30 12:00:00,2024-09-30 12:00:00,DEV_001,16,87,50
DEV_001_2024-09-30 16:00:00,2024-09-30 16:00:00,DEV_001,80,37,35
DEV_001_2024-09-30 20:00:00,2024-09-30 20:00:00,DEV_001,84,25,44
DEV_001_2024-10-01 00:00:00,2024-10-01 00:00:00,DEV_001,50,80,88
DEV_001_2024-10-01 04:00:00,2024-10-01 04:00:00,DEV_001,99,68,13
DEV_001_2024-10-01 08:00:00,2024-10-01 08:00:00,DEV_001,80,77,3
DEV_001_2024-10-01 12:00:00,2024-10-01 12:00:00,DEV_001,73,87,24
DEV_001_2024-10-01 16:00:00,2024-10-01 16:00:00,DEV_001,59,55,22
DEV_001_2024-10-01 20:00:00,2024-10-01 20:00:00,DEV_001,28,80,45
DEV_001_2024-10-02 00:00:00,2024-10-02 00:00:00,DEV_001,27,43,42
DEV_001_2024-10-02 04:00:00,2024-10-02 04:00:00,DEV_001,15,26,43
DEV_001_2024-10-02 08:00:00,2024-10-02 08:00:00,DEV_001,56,38,65
DEV_001_2024-10-02 12:00:00,2024-10-02 12:00:00,DEV_001,14,86,78
DEV_001_2024-10-02 16:00:00,2024-10-02 16:00:00,DEV_001,22,18,76
DEV_001_2024-10-02 20:00:00,2024-10-02 20:00:00,DEV_001,54,59,90
DEV_001_2024-10-03 00:00:00,2024-10-03 00:00:00,DEV_001,39,11,43
DEV_001_2024-10-03 04:00:00,2024-10-03 04:00:00,DEV_001,34,7,98
DEV_001_2024-10-03 08:00:00,2024-10-03 08:00:00,DEV_001,24,92,97
DEV_001_2024-10-03 12:00:00,2024-10-03 12:00:00,DEV_001,98,11,36
DEV_001_2024-10-03 16:00:00,2024-10-03 16:00:00,DEV_001,66,45,2
DEV_001_2024-10-03 20:00:00,2024-10-03 20:00:00,DEV_001,20,55,37
DEV_001_2024-10-04 00:00:00,2024-10-04 00:00:00,DEV_001,63,72,34
DEV_001_2024-10-04 04:00:00,2024-10-04 04:00:00,DEV_001,33,7,5
DEV_001_2024-10-04 08:00:00,2024-10-04 08:00:00,DEV_001,96,68,61
DEV_001_2024-10-04 12:00:00,2024-10-04 12:00:00,DEV_001,5,84,1
DEV_001_2024-10-04 16:00:00,2024-10-04 16:00:00,DEV_001,72,44,5
DEV_001_2024-10-04 20:00:00,2024-10-04 20:00:00,DEV_001,72,11,32
DEV_001_2024-10-05 00:00:00,2024-10-05 00:00:00,DEV_001,56,20,57
DEV_001_2024-10-05 04:00:00,2024-10-05 04:00:00,DEV_001,39,36,59
DEV_001_2024-10-05 08:00:00,2024-10-05 08:00:00,DEV_001,27,38,87
DEV_001_2024-10-05 12:00:00,2024-10-05 12:00:00,DEV_001,28,44,73
DEV_001_2024-10-05 16:00:00,2024-10-05 16:00:00,DEV_001,68,50,19
DEV_001_2024-10-05 20:00:00,2024-10-05 20:00:00,DEV_001,57,70,24
DEV_001_2024-10-06 00:00:00,2024-10-06 00:00:00,DEV_001,25,6,77
DEV_001_2024-10-06 04:00:00,2024-10-06 04:00:00,DEV_001,44,60,38
DEV_001_2024-10-06 08:00:00,2024-10-06 08:00:00,DEV_001,37,88,87
DEV_001_2024-10-06 12:00:00,2024-10-06 12:00:00,DEV_001,60,43,33
DEV_001_2024-10-06 16:00:00,2024-10-06 16:00:00,DEV_001,36,90,58
DEV_001_2024-10-06 20:00:00,2024-10-06 20:00:00,DEV_001,27,98,58
DEV_001_2024-10-07 00:00:00,2024-10-07 00:00:00,DEV_001,24,26,6
DEV_001_2024-10-07 04:00:00,2024-10-07 04:00:00,DEV_001,92,55,6
DEV_001_2024-10-07 08:00:00,2024-10-07 08:00:00,DEV_001,40,1,63
DEV_001_2024-10-07 12:00:00,2024-10-07 12:00:00,DEV_001,41,90,52
DEV_001_2024-10-07 16:00:00,2024-10-07 16:00:00,DEV_001,55,98,89
DEV_001_2024-10-07 20:00:00,2024-10-07 20:00:00,DEV_001,97,34,29
DEV_001_2024-10-08 00:00:00,2024-10-08 00:00:00,DEV_001,21,8,13
DEV_001_2024-10-08 04:00:00,2024-10-08 04:00:00,DEV_001,39,61,31
DEV_001_2024-10-08 08:00:00,2024-10-08 08:00:00,DEV_001,61,66,16
DEV_001_2024-10-08 12:00:00,2024-10-08 12:00:00,DEV_001,27,52,17
DEV_001_2024-10-08 16:00:00,2024-10-08 16:00:00,DEV_001,61,44,58
DEV_001_2024-10-08 20:00:00,2024-10-08 20:00:00,DEV_001,12,24,32
DEV_001_2024-10-09 00:00:00,2024-10-09 00:00:00,DEV_001,22,73,32
DEV_001_2024-10-09 04:00:00,2024-10-09 04:00:00,DEV_001,82,23,16
DEV_001_2024-10-09 08:00:00,2024-10-09 08:00:00,DEV_001,28,16,51
DEV_001_2024-10-09 12:00:00,2024-10-09 12:00:00,DEV_001,67,2,28
DEV_001_2024-10-09 16:00:00,2024-10-09 16:00:00,DEV_001,46,70,56
DEV_001_2024-10-09 20:00:00,2024-10-09 20:00:00,DEV_001,48,62,84
DEV_001_2024-10-10 00:00:00,2024-10-10 00:00:00,DEV_001,62,94,96
DEV_001_2024-10-10 04:00:00,2024-10-10 04:00:00,DEV_001,70,63,48
DEV_001_2024-10-10 08:00:00,2024-10-10 08:00:00,DEV_001,62,53,37
DEV_001_2024-10-10 12:00:00,2024-10-10 12:00:00,DEV_001,25,9,75
DEV_001_2024-10-10 16:00:00,2024-10-10 16:00:00,DEV_001,22,97,47
DEV_001_2024-10-10 20:00:00,2024-10-10 20:00:00,DEV_001,94,88,80
DEV_001_2024-10-11 00:00:00,2024-10-11 00:00:00,DEV_001,75,71,9
DEV_001_2024-10-11 04:00:00,2024-10-11 04:00:00,DEV_001,17,49,76
DEV_001_2024-10-11 08:00:00,2024-10-11 08:00:00,DEV_001,90,73,4
DEV_001_2024-10-11 12:00:00,2024-10-11 12:00:00,DEV_001,41,63,15
DEV_001_2024-10-11 16:00:00,2024-10-11 16:00:00,DEV_001,24,69,27
DEV_001_2024-10-11 20:00:00,2024-10-11 20:00:00,DEV_001,78,29,11
DEV_001_2024-10-12 00:00:00,2024-10-12 00:00:00,DEV_001,37,94,81
DEV_001_2024-10-12 04:00:00,2024-10-12 04:00:00,DEV_001,82,33,98
DEV_001_2024-10-12 08:00:00,2024-10-12 08:00:00,DEV_001,25,43,2
DEV_001_2024-10-12 12:00:00,2024-10-12 12:00:00,DEV_001,88,45,6
DEV_001_2024-10-12 16:00:00,2024-10-12 16:00:00,DEV_001,39,67,71
DEV_001_2024-10-12 20:00:00,2024-10-12 20:00:00,DEV_001,86,94,76
DEV_001_2024-10-13 00:00:00,2024-10-13 00:00:00,DEV_001,45,33,73
DEV_001_2024-10-13 04:00:00,2024-10-13 04:00:00,DEV_001,27,70,21
DEV_001_2024-10-13 08:00:00,2024-10-13 08:00:00,DEV_001,62,41,16
DEV_001_2024-10-13 12:00:00,2024-10-13 12:00:00,DEV_001,20,3,16
DEV_001_2024-10-13 16:00:00,2024-10-13 16:00:00,DEV_001,76,82,89
DEV_001_2024-10-13 20:00:00,2024-10-13 20:00:00,DEV_001,18,88,20
DEV_001_2024-10-14 00:00:00,2024-10-14 00:00:00,DEV_001,30,90,16
DEV_001_2024-10-14 04:00:00,2024-10-14 04:00:00,DEV_001,24,1,39
DEV_001_2024-10-14 08:00:00,2024-10-14 08:00:00,DEV_001,40,74,35
DEV_001_2024-10-14 12:00:00,2024-10-14 12:00:00,DEV_001,63,37,13
DEV_001_2024-10-14 16:00:00,2024-10-14 16:00:00,DEV_001,69,48,89
DEV_001_2024-10-14 20:00:00,2024-10-14 20:00:00,DEV_001,52,64,8
DEV_001_2024-10-15 00:00:00,2024-10-15 00:00:00,DEV_001,14,59,4
DEV_001_2024-10-15 04:00:00,2024-10-15 04:00:00,DEV_001,13,2,79
DEV_001_2024-10-15 08:00:00,2024-10-15 08:00:00,DEV_001,81,27,39
DEV_001_2024-10-15 12:00:00,2024-10-15 12:00:00,DEV_001,17,65,70
DEV_001_2024-10-15 16:00:00,2024-10-15 16:00:00,DEV_001,22,3,20
DEV_001_2024-10-15 20:00:00,2024-10-15 20:00:00,DEV_001,19,17,4
DEV_001_2024-10-16 00:00:00,2024-10-16 00:00:00,DEV_001,36,8,67
DEV_001_2024-10-16 04:00:00,2024-10-16 04:00:00,DEV_001,84,29,7
DEV_001_2024-10-16 08:00:00,2024-10-16 08:00:00,DEV_001,80,75,42
DEV_001_2024-10-16 12:00:00,2024-10-16 12:00:00,DEV_001,7,9,26
DEV_001_2024-10-16 16:00:00,2024-10-16 16:00:00,DEV_001,97,18,8
DEV_001_2024-10-16 20:00:00,2024-10-16 20:00:00,DEV_001,89,29,38
DEV_001_2024-10-17 00:00:00,2024-10-17 00:00:00,DEV_001,25,71,51
DEV_001_2024-10-17 04:00:00,2024-10-17 04:00:00,DEV_001,19,9,15
DEV_001_2024-10-17 08:00:00,2024-10-17 08:00:00,DEV_001,71,12,77
DEV_001_2024-10-17 12:00:00,2024-10-17 12:00:00,DEV_001,19,38,45
DEV_001_2024-10-17 16:00:00,2024-10-17 16:00:00,DEV_001,43,55,97
DEV_001_2024-10-17 20:00:00,2024-10-17 20:00:00,DEV_001,62,60,84
DEV_001_2024-10-18 00:00:00,2024-10-18 00:00:00,DEV_001,2,40,77
DEV_001_2024-10-18 04:00:00,2024-10-18 04:00:00,DEV_001,97,37,74
DEV_001_2024-10-18 08:00:00,2024-10-18 08:00:00,DEV_001,88,49,42
DEV_001_2024-10-18 12:00:00,2024-10-18 12:00:00,DEV_001,43,90,95
DEV_001_2024-10-18 16:00:00,2024-10-18 16:00:00,DEV_001,62,75,58
DEV_001_2024-10-18 20:00:00,2024-10-18 20:00:00,DEV_001,77,42,78
DEV_001_2024-10-19 00:00:00,2024-10-19 00:00:00,DEV_001,22,5,35
DEV_001_2024-10-19 04:00:00,2024-10-19 04:00:00,DEV_001,59,43,59
DEV_001_2024-10-19 08:00:00,2024-10-19 08:00:00,DEV_001,42,74,43
DEV_001_2024-10-19 12:00:00,2024-10-19 12:00:00,DEV_001,92,89,77
DEV_001_2024-10-19 16:00:00,2024-10-19 16:00:00,DEV_001,52,27,41
DEV_001_2024-10-19 20:00:00,2024-10-19 20:00:00,DEV_001,13,96,92
DEV_001_2024-10-20 00:00:00,2024-10-20 00:00:00,DEV_001,59,27,78
DEV_001_2024-10-20 04:00:00,2024-10-20 04:00:00,DEV_001,92,73,68
DEV_001_2024-10-20 08:00:00,2024-10-20 08:00:00,DEV_001,1,33,44
DEV_001_2024-10-20 12:00:00,2024-10-20 12:00:00,DEV_001,26,65,5
DEV_001_2024-10-20 16:00:00,2024-10-20 16:00:00,DEV_001,54,94,46
DEV_001_2024-10-20 20:00:00,2024-10-20 20:00:00,DEV_001,25,58,30
DEV_001_2024-10-21 00:00:00,2024-10-21 00:00:00,DEV_001,30,42,61
DEV_001_2024-10-21 04:00:00,2024-10-21 04:00:00,DEV_001,95,66,32
DEV_001_2024-10-21 08:00:00,2024-10-21 08:00:00,DEV_001,10,63,10
DEV_001_2024-10-21 12:00:00,2024-10-21 12:00:00,DEV_001,18,36,36
DEV_001_2024-10-21 16:00:00,2024-10-21 16:00:00,DEV_001,89,27,5
DEV_001_2024-10-21 20:00:00,2024-10-21 20:00:00,DEV_001,90,37,50
DEV_001_2024-10-22 00:00:00,2024-10-22 00:00:00,DEV_001,67,30,21
DEV_001_2024-10-22 04:00:00,2024-10-22 04:00:00,DEV_001,42,66,16
DEV_001_2024-10-22 08:00:00,2024-10-22 08:00:00,DEV_001,93,6,28
DEV_001_2024-10-22 12:00:00,2024-10-22 12:00:00,DEV_001,76,63,94
DEV_001_2024-10-22 16:00:00,2024-10-22 16:00:00,DEV_001,38,19,69
DEV_001_2024-10-22 20:00:00,2024-10-22 20:00:00,DEV_001,50,92,37
DEV_001_2024-10-23 00:00:00,2024-10-23 00:00:00,DEV_001,92,66,2
DEV_001_2024-10-23 04:00:00,2024-10-23 04:00:00,DEV_001,60,1,36
DEV_001_2024-10-23 08:00:00,2024-10-23 08:00:00,DEV_001,19,50,46
DEV_001_2024-10-23 12:00:00,2024-10-23 12:00:00,DEV_001,52,35,6
DEV_001_2024-10-23 16:00:00,2024-10-23 16:00:00,DEV_001,28,97,28
DEV_001_2024-10-23 20:00:00,2024-10-23 20:00:00,DEV_001,76,3,50
DEV_001_2024-10-24 00:00:00,2024-10-24 00:00:00,DEV_001,37,13,33
DEV_001_2024-10-24 04:00:00,2024-10-24 04:00:00,DEV_001,53,60,51
DEV_001_2024-10-24 08:00:00,2024-10-24 08:00:00,DEV_001,16,15,72
DEV_001_2024-10-24 12:00:00,2024-10-24 12:00:00,DEV_001,12,20,67
DEV_001_2024-10-24 16:00:00,2024-10-24 16:00:00,DEV_001,73,10,71
DEV_001_2024-10-24 20:00:00,2024-10-24 20:00:00,DEV_001,10,86,3
DEV_001_2024-10-25 00:00:00,2024-10-25 00:00:00,DEV_001,19,62,88
DEV_001_2024-10-25 04:00:00,2024-10-25 04:00:00,DEV_001,23,88,7
DEV_001_2024-10-25 08:00:00,2024-10-25 08:00:00,DEV_001,2,4,71
DEV_001_2024-10-25 12:00:00,2024-10-25 12:00:00,DEV_001,55,80,26
DEV_001_2024-10-25 16:00:00,2024-10-25 16:00:00,DEV_001,55,99,66
DEV_001_2024-10-25 20:00:00,2024-10-25 20:00:00,DEV_001,24,44,44
DEV_001_2024-10-26 00:00:00,2024-10-26 00:00:00,DEV_001,69,81,34
DEV_001_2024-10-26 04:00:00,2024-10-26 04:00:00,DEV_001,32,86,55
DEV_001_2024-10-26 08:00:00,2024-10-26 08:00:00,DEV_001,58,15,19
DEV_001_2024-10-26 12:00:00,2024-10-26 12:00:00,DEV_001,14,66,45
DEV_001_2024-10-26 16:00:00,2024-10-26 16:00:00,DEV_001,81,82,99
DEV_001_2024-10-26 20:00:00,2024-10-26 20:00:00,DEV_001,7,48,14
DEV_001_2024-10-27 00:00:00,2024-10-27 00:00:00,DEV_001,26,76,39
DEV_001_2024-10-27 04:00:00,2024-10-27 04:00:00,DEV_001,17,14,4
DEV_001_2024-10-27 08:00:00,2024-10-27 08:00:00,DEV_001,77,94,17
DEV_001_2024-10-27 12:00:00,2024-10-27 12:00:00,DEV_001,43,33,19
DEV_001_2024-10-27 16:00:00,2024-10-27 16:00:00,DEV_001,71,69,55
DEV_001_2024-10-27 20:00:00,2024-10-27 20:00:00,DEV_001,75,88,76
DEV_001_2024-10-28 00:00:00,2024-10-28 00:00:00,DEV_001,5,49,40
DEV_001_2024-10-28 04:00:00,2024-10-28 04:00:00,DEV_001,3,78,94
DEV_001_2024-10-28 08:00:00,2024-10-28 08:00:00,DEV_001,56,31,50
DEV_001_2024-10-28 12:00:00,2024-10-28 12:00:00,DEV_001,37,88,82
DEV_001_2024-10-28 16:00:00,2024-10-28 16:00:00,DEV_001,37,25,80
DEV_001_2024-10-28 20:00:00,2024-10-28 20:00:00,DEV_001,25,61,63
DEV_001_2024-10-29 00:00:00,2024-10-29 00:00:00,DEV_001,45,59,10
DEV_001_2024-10-29 04:00:00,2024-10-29 04:00:00,DEV_001,38,44,35
DEV_001_2024-10-29 08:00:00,2024-10-29 08:00:00,DEV_001,18,25,93
DEV_001_2024-10-29 12:00:00,2024-10-29 12:00:00,DEV_001,35,76,71
DEV_001_2024-10-29 16:00:00,2024-10-29 16:00:00,DEV_001,52,24,37
DEV_001_2024-10-29 20:00:00,2024-10-29 20:00:00,DEV_001,89,19,35
DEV_001_2024-10-30 00:00:00,2024-10-30 00:00:00,DEV_001,46,96,53
DEV_001_2024-10-30 04:00:00,2024-10-30 04:00:00,DEV_001,54,51,75
DEV_001_2024-10-30 08:00:00,2024-10-30 08:00:00,DEV_001,84,57,56
DEV_001_2024-10-30 12:00:00,2024-10-30 12:00:00,DEV_001,7,79,83
DEV_001_2024-10-30 16:00:00,2024-10-30 16:00:00,DEV_001,49,26,84
DEV_001_2024-10-30 20:00:00,2024-10-30 20:00:00,DEV_001,35,88,28
DEV_001_2024-10-31 00:00:00,2024-10-31 00:00:00,DEV_001,53,82,29
DEV_001_2024-10-31 04:00:00,2024-10-31 04:00:00,DEV_001,76,86,19
DEV_001_2024-10-31 08:00:00,2024-10-31 08:00:00,DEV_001,94,29,67
DEV_001_2024-10-31 12:00:00,2024-10-31 12:00:00,DEV_001,96,77,9
DEV_001_2024-10-31 16:00:00,2024-10-31 16:00:00,DEV_001,87,79,83
DEV_001_2024-10-31 20:00:00,2024-10-31 20:00:00,DEV_001,48,55,71
DEV_001_2024-11-01 00:00:00,2024-11-01 00:00:00,DEV_001,44,48,25
DEV_001_2024-11-01 04:00:00,2024-11-01 04:00:00,DEV_001,80,38,53
DEV_001_2024-11-01 08:00:00,2024-11-01 08:00:00,DEV_001,21,78,84
DEV_001_2024-11-01 12:00:00,2024-11-01 12:00:00,DEV_001,54,52,9
DEV_001_2024-11-01 16:00:00,2024-11-01 16:00:00,DEV_001,90,1,85
DEV_001_2024-11-01 20:00:00,2024-11-01 20:00:00,DEV_001,70,30,74
DEV_001_2024-11-02 00:00:00,2024-11-02 00:00:00,DEV_001,92,19,41
DEV_001_2024-11-02 04:00:00,2024-11-02 04:00:00,DEV_001,64,59,86
DEV_001_2024-11-02 08:00:00,2024-11-02 08:00:00,DEV_001,23,82,48
DEV_001_2024-11-02 12:00:00,2024-11-02 12:00:00,DEV_001,28,32,22
DEV_001_2024-11-02 16:00:00,2024-11-02 16:00:00,DEV_001,17,55,55
DEV_001_2024-11-02 20:00:00,2024-11-02 20:00:00,DEV_001,96,80,43
DEV_001_2024-11-03 00:00:00,2024-11-03 00:00:00,DEV_001,40,24,68
DEV_001_2024-11-03 04:00:00,2024-11-03 04:00:00,DEV_001,29,58,99
DEV_001_2024-11-03 08:00:00,2024-11-03 08:00:00,DEV_001,26,96,54
DEV_001_2024-11-03 12:00:00,2024-11-03 12:00:00,DEV_001,14,22,57
DEV_001_2024-11-03 16:00:00,2024-11-03 16:00:00,DEV_001,4,63,52
DEV_001_2024-11-03 20:00:00,2024-11-03 20:00:00,DEV_001,47,50,86
DEV_001_2024-11-04 00:00:00,2024-11-04 00:00:00,DEV_001,53,55,41
DEV_001_2024-11-04 04:00:00,2024-11-04 04:00:00,DEV_001,56,23,36
DEV_001_2024-11-04 08:00:00,2024-11-04 08:00:00,DEV_001,64,22,97
DEV_001_2024-11-04 12:00:00,2024-11-04 12:00:00,DEV_001,57,89,5
DEV_001_2024-11-04 16:00:00,2024-11-04 16:00:00,DEV_001,54,40,39
DEV_001_2024-11-04 20:00:00,2024-11-04 20:00:00,DEV_001,29,83,54
DEV_001_2024-11-05 00:00:00,2024-11-05 00:00:00,DEV_001,44,44,19
DEV_001_2024-11-05 04:00:00,2024-11-05 04:00:00,DEV_001,72,55,31
DEV_001_2024-11-05 08:00:00,2024-11-05 08:00:00,DEV_001,98,68,86
DEV_001_2024-11-05 12:00:00,2024-11-05 12:00:00,DEV_001,61,95,42
DEV_001_2024-11-05 16:00:00,2024-11-05 16:00:00,DEV_001,4,51,30
DEV_001_2024-11-05 20:00:00,2024-11-05 20:00:00,DEV_001,82,26,49
DEV_001_2024-11-06 00:00:00,2024-11-06 00:00:00,DEV_001,32,95,40
DEV_001_2024-11-06 04:00:00,2024-11-06 04:00:00,DEV_001,84,73,30
DEV_001_2024-11-06 08:00:00,2024-11-06 08:00:00,DEV_001,81,5,94
DEV_001_2024-11-06 12:00:00,2024-11-06 12:00:00,DEV_001,2,34,31
DEV_001_2024-11-06 16:00:00,2024-11-06 16:00:00,DEV_001,30,26,54
DEV_001_2024-11-06 20:00:00,2024-11-06 20:00:00,DEV_001,9,14,85
DEV_001_2024-11-07 00:00:00,2024-11-07 00:00:00,DEV_001,31,8,56
DEV_001_2024-11-07 04:00:00,2024-11-07 04:00:00,DEV_001,63,28,85
DEV_001_2024-11-07 08:00:00,2024-11-07 08:00:00,DEV_001,97,23,79
DEV_001_2024-11-07 12:00:00,2024-11-07 12:00:00,DEV_001,94,23,39
DEV_001_2024-11-07 16:00:00,2024-11-07 16:00:00,DEV_001,53,22,84
DEV_001_2024-11-07 20:00:00,2024-11-07 20:00:00,DEV_001,34,87,6
DEV_001_2024-11-08 00:00:00,2024-11-08 00:00:00,DEV_001,59,4,74
DEV_001_2024-11-08 04:00:00,2024-11-08 04:00:00,DEV_001,12,88,5
DEV_001_2024-11-08 08:00:00,2024-11-08 08:00:00,DEV_001,70,99,25
DEV_001_2024-11-08 12:00:00,2024-11-08 12:00:00,DEV_001,5,59,72
DEV_001_2024-11-08 16:00:00,2024-11-08 16:00:00,DEV_001,16,39,60
DEV_001_2024-11-08 20:00:00,2024-11-08 20:00:00,DEV_001,31,52,80
DEV_001_2024-11-09 00:00:00,2024-11-09 00:00:00,DEV_001,67,83,42
DEV_001_2024-11-09 04:00:00,2024-11-09 04:00:00,DEV_001,62,77,77
DEV_001_2024-11-09 08:00:00,2024-11-09 08:00:00,DEV_001,6,23,41
DEV_001_2024-11-09 12:00:00,2024-11-09 12:00:00,DEV_001,61,6,50
DEV_001_2024-11-09 16:00:00,2024-11-09 16:00:00,DEV_001,68,57,57
DEV_001_2024-11-09 20:00:00,2024-11-09 20:00:00,DEV_001,35,63,35
DEV_001_2024-11-10 00:00:00,2024-11-10 00:00:00,DEV_001,17,38,42
DEV_001_2024-11-10 04:00:00,2024-11-10 04:00:00,DEV_001,42,25,59
DEV_001_2024-11-10 08:00:00,2024-11-10 08:00:00,DEV_001,29,6,14
DEV_001_2024-11-10 12:00:00,2024-11-10 12:00:00,DEV_001,91,44,48
DEV_001_2024-11-10 16:00:00,2024-11-10 16:00:00,DEV_001,35,70,56
DEV_001_2024-11-10 20:00:00,2024-11-10 20:00:00,DEV_001,8,30,28
DEV_001_2024-11-11 00:00:00,2024-11-11 00:00:00,DEV_001,27,45,97
DEV_001_2024-11-11 04:00:00,2024-11-11 04:00:00,DEV_001,90,16,14
DEV_001_2024-11-11 08:00:00,2024-11-11 08:00:00,DEV_001,63,60,88
DEV_001_2024-11-11 12:00:00,2024-11-11 12:00:00,DEV_001,57,60,51
DEV_001_2024-11-11 16:00:00,2024-11-11 16:00:00,DEV_001,95,65,84
DEV_001_2024-11-11 20:00:00,2024-11-11 20:00:00,DEV_001,46,96,22
DEV_001_2024-11-12 00:00:00,2024-11-12 00:00:00,DEV_001,24,99,50
DEV_001_2024-11-12 04:00:00,2024-11-12 04:00:00,DEV_001,66,6,1
DEV_001_2024-11-12 08:00:00,2024-11-12 08:00:00,DEV_001,37,95,1
DEV_001_2024-11-12 12:00:00,2024-11-12 12:00:00,DEV_001,96,25,50
DEV_001_2024-11-12 16:00:00,2024-11-12 16:00:00,DEV_001,57,66,41
DEV_001_2024-11-12 20:00:00,2024-11-12 20:00:00,DEV_001,91,6,81
DEV_001_2024-11-13 00:00:00,2024-11-13 00:00:00,DEV_001,44,68,38
DEV_001_2024-11-13 04:00:00,2024-11-13 04:00:00,DEV_001,16,42,84
DEV_001_2024-11-13 08:00:00,2024-11-13 08:00:00,DEV_001,58,95,47
DEV_001_2024-11-13 12:00:00,2024-11-13 12:00:00,DEV_001,93,65,20
DEV_001_2024-11-13 16:00:00,2024-11-13 16:00:00,DEV_001,61,42,27
DEV_001_2024-11-13 20:00:00,2024-11-13 20:00:00,DEV_001,47,3,32
DEV_001_2024-11-14 00:00:00,2024-11-14 00:00:00,DEV_001,81,71,54
DEV_001_2024-11-14 04:00:00,2024-11-14 04:00:00,DEV_001,64,18,41
DEV_001_2024-11-14 08:00:00,2024-11-14 08:00:00,DEV_001,5,46,53
DEV_001_2024-11-14 12:00:00,2024-11-14 12:00:00,DEV_001,51,48,56
DEV_001_2024-11-14 16:00:00,2024-11-14 16:00:00,DEV_001,3,15,12
DEV_001_2024-11-14 20:00:00,2024-11-14 20:00:00,DEV_001,34,3,72
DEV_001_2024-11-15 00:00:00,2024-11-15 00:00:00,DEV_001,43,59,2
DEV_001_2024-11-15 04:00:00,2024-11-15 04:00:00,DEV_001,19,37,96
DEV_001_2024-11-15 08:00:00,2024-11-15 08:00:00,DEV_001,23,17,36
DEV_001_2024-11-15 12:00:00,2024-11-15 12:00:00,DEV_001,64,79,26
DEV_001_2024-11-15 16:00:00,2024-11-15 16:00:00,DEV_001,69,28,25
DEV_001_2024-11-15 20:00:00,2024-11-15 20:00:00,DEV_001,59,43,14
DEV_001_2024-11-16 00:00:00,2024-11-16 00:00:00,DEV_001,59,15,80
DEV_001_2024-11-16 04:00:00,2024-11-16 04:00:00,DEV_001,86,19,78
DEV_001_2024-11-16 08:00:00,2024-11-16 08:00:00,DEV_001,48,99,91
DEV_001_2024-11-16 12:00:00,2024-11-16 12:00:00,DEV_001,56,52,78
DEV_001_2024-11-16 16:00:00,2024-11-16 16:00:00,DEV_001,61,30,66
DEV_001_2024-11-16 20:00:00,2024-11-16 20:00:00,DEV_001,82,78,73
DEV_001_2024-11-17 00:00:00,2024-11-17 00:00:00,DEV_001,86,12,75
DEV_001_2024-11-17 04:00:00,2024-11-17 04:00:00,DEV_001,8,96,23
DEV_001_2024-11-17 08:00:00,2024-11-17 08:00:00,DEV_001,22,26,71
DEV_001_2024-11-17 12:00:00,2024-11-17 12:00:00,DEV_001,48,93,36
DEV_001_2024-11-17 16:00:00,2024-11-17 16:00:00,DEV_001,96,19,12
DEV_001_2024-11-17 20:00:00,2024-11-17 20:00:00,DEV_001,41,90,64
DEV_001_2024-11-18 00:00:00,2024-11-18 00:00:00,DEV_001,95,41,77
DEV_001_2024-11-18 04:00:00,2024-11-18 04:00:00,DEV_001,3,46,93
DEV_001_2024-11-18 08:00:00,2024-11-18 08:00:00,DEV_001,64,32,92
DEV_001_2024-11-18 12:00:00,2024-11-18 12:00:00,DEV_001,76,84,5
DEV_001_2024-11-18 16:00:00,2024-11-18 16:00:00,DEV_001,30,37,11
DEV_001_2024-11-18 20:00:00,2024-11-18 20:00:00,DEV_001,7,62,3
DEV_001_2024-11-19 00:00:00,2024-11-19 00:00:00,DEV_001,25,37,84
DEV_001_2024-11-19 04:00:00,2024-11-19 04:00:00,DEV_001,91,43,44
DEV_001_2024-11-19 08:00:00,2024-11-19 08:00:00,DEV_001,8,84,85
DEV_001_2024-11-19 12:00:00,2024-11-19 12:00:00,DEV_001,99,73,87
DEV_001_2024-11-19 16:00:00,2024-11-19 16:00:00,DEV_001,31,44,60
DEV_001_2024-11-19 20:00:00,2024-11-19 20:00:00,DEV_001,94,25,94
DEV_001_2024-11-20 00:00:00,2024-11-20 00:00:00,DEV_001,5,26,5
DEV_001_2024-11-20 04:00:00,2024-11-20 04:00:00,DEV_001,81,14,62
DEV_001_2024-11-20 08:00:00,2024-11-20 08:00:00,DEV_001,88,86,65
DEV_001_2024-11-20 12:00:00,2024-11-20 12:00:00,DEV_001,64,93,79
DEV_001_2024-11-20 16:00:00,2024-11-20 16:00:00,DEV_001,31,23,30
DEV_001_2024-11-20 20:00:00,2024-11-20 20:00:00,DEV_001,25,3,90
DEV_001_2024-11-21 00:00:00,2024-11-21 00:00:00,DEV_001,14,25,42
DEV_001_2024-11-21 04:00:00,2024-11-21 04:00:00,DEV_001,39,81,57
DEV_001_2024-11-21 08:00:00,2024-11-21 08:00:00,DEV_001,24,78,53
DEV_001_2024-11-21 12:00:00,2024-11-21 12:00:00,DEV_001,91,17,45
DEV_001_2024-11-21 16:00:00,2024-11-21 16:00:00,DEV_001,62,11,14
DEV_001_2024-11-21 20:00:00,2024-11-21 20:00:00,DEV_001,12,7,33
DEV_001_2024-11-22 00:00:00,2024-11-22 00:00:00,DEV_001,45,48,53
DEV_001_2024-11-22 04:00:00,2024-11-22 04:00:00,DEV_001,49,81,18
DEV_001_2024-11-22 08:00:00,2024-11-22 08:00:00,DEV_001,37,4,35
DEV_001_2024-11-22 12:00:00,2024-11-22 12:00:00,DEV_001,57,81,53
DEV_001_2024-11-22 16:00:00,2024-11-22 16:00:00,DEV_001,16,67,83
DEV_001_2024-11-22 20:00:00,2024-11-22 20:00:00,DEV_001,19,6,83
DEV_001_2024-11-23 00:00:00,2024-11-23 00:00:00,DEV_001,14,44,59
DEV_001_2024-11-23 04:00:00,2024-11-23 04:00:00,DEV_001,87,13,93
DEV_001_2024-11-23 08:00:00,2024-11-23 08:00:00,DEV_001,56,63,63
DEV_001_2024-11-23 12:00:00,2024-11-23 12:00:00,DEV_001,11,61,73
DEV_001_2024-11-23 16:00:00,2024-11-23 16:00:00,DEV_001,67,92,74
DEV_001_2024-11-23 20:00:00,2024-11-23 20:00:00,DEV_001,29,83,4
DEV_001_2024-11-24 00:00:00,2024-11-24 00:00:00,DEV_001,40,16,63
DEV_001_2024-11-24 04:00:00,2024-11-24 04:00:00,DEV_001,25,35,78
DEV_001_2024-11-24 08:00:00,2024-11-24 08:00:00,DEV_001,52,6,13
DEV_001_2024-11-24 12:00:00,2024-11-24 12:00:00,DEV_001,85,73,61
DEV_001_2024-11-24 16:00:00,2024-11-24 16:00:00,DEV_001,3,21,69
DEV_001_2024-11-24 20:00:00,2024-11-24 20:00:00,DEV_001,68,5,3
DEV_001_2024-11-25 00:00:00,2024-11-25 00:00:00,DEV_001,47,48,84
DEV_001_2024-11-25 04:00:00,2024-11-25 04:00:00,DEV_001,74,45,37
DEV_001_2024-11-25 08:00:00,2024-11-25 08:00:00,DEV_001,4,35,82
DEV_001_2024-11-25 12:00:00,2024-11-25 12:00:00,DEV_001,79,2,47
DEV_001_2024-11-25 16:00:00,2024-11-25 16:00:00,DEV_001,61,87,6
DEV_001_2024-11-25 20:00:00,2024-11-25 20:00:00,DEV_001,73,89,41
DEV_001_2024-11-26 00:00:00,2024-11-26 00:00:00,DEV_001,17,90,10
DEV_001_2024-11-26 04:00:00,2024-11-26 04:00:00,DEV_001,70,88,80
DEV_001_2024-11-26 08:00:00,2024-11-26 08:00:00,DEV_001,63,45,12
DEV_001_2024-11-26 12:00:00,2024-11-26 12:00:00,DEV_001,73,49,2
DEV_001_2024-11-26 16:00:00,2024-11-26 16:00:00,DEV_001,86,17,59
DEV_001_2024-11-26 20:00:00,2024-11-26 20:00:00,DEV_001,7,20,81
DEV_001_2024-11-27 00:00:00,2024-11-27 00:00:00,DEV_001,60,98,74
DEV_001_2024-11-27 04:00:00,2024-11-27 04:00:00,DEV_001,61,74,61
DEV_001_2024-11-27 08:00:00,2024-11-27 08:00:00,DEV_001,16,17,21
DEV_001_2024-11-27 12:00:00,2024-11-27 12:00:00,DEV_001,43,85,94
DEV_001_2024-11-27 16:00:00,2024-11-27 16:00:00,DEV_001,1,11,31
DEV_001_2024-11-27 20:00:00,2024-11-27 20:00:00,DEV_001,91,82,65
DEV_001_2024-11-28 00:00:00,2024-11-28 00:00:00,DEV_001,42,32,7
DEV_001_2024-11-28 04:00:00,2024-11-28 04:00:00,DEV_001,73,90,33
DEV_001_2024-11-28 08:00:00,2024-11-28 08:00:00,DEV_001,13,7,40
DEV_001_2024-11-28 12:00:00,2024-11-28 12:00:00,DEV_001,88,78,73
DEV_001_2024-11-28 16:00:00,2024-11-28 16:00:00,DEV_001,85,69,7
DEV_001_2024-11-28 20:00:00,2024-11-28 20:00:00,DEV_001,3,88,89
DEV_001_2024-11-29 00:00:00,2024-11-29 00:00:00,DEV_001,17,11,90
DEV_001_2024-11-29 04:00:00,2024-11-29 04:00:00,DEV_001,2,94,30
DEV_001_2024-11-29 08:00:00,2024-11-29 08:00:00,DEV_001,51,75,67
DEV_001_2024-11-29 12:00:00,2024-11-29 12:00:00,DEV_001,54,38,29
DEV_001_2024-11-29 16:00:00,2024-11-29 16:00:00,DEV_001,68,32,51
DEV_001_2024-11-29 20:00:00,2024-11-29 20:00:00,DEV_001,16,22,55
DEV_001_2024-11-30 00:00:00,2024-11-30 00:00:00,DEV_001,57,82,75
DEV_001_2024-11-30 04:00:00,2024-11-30 04:00:00,DEV_001,35,84,72
DEV_001_2024-11-30 08:00:00,2024-11-30 08:00:00,DEV_001,42,79,52
DEV_001_2024-11-30 12:00:00,2024-11-30 12:00:00,DEV_001,82,53,73
DEV_001_2024-11-30 16:00:00,2024-11-30 16:00:00,DEV_001,70,15,21
DEV_001_2024-11-30 20:00:00,2024-11-30 20:00:00,DEV_001,13,70,67
DEV_001_2024-12-01 00:00:00,2024-12-01 00:00:00,DEV_001,48,5,95
DEV_001_2024-12-01 04:00:00,2024-12-01 04:00:00,DEV_001,82,94,94
DEV_001_2024-12-01 08:00:00,2024-12-01 08:00:00,DEV_001,41,48,72
DEV_001_2024-12-01 12:00:00,2024-12-01 12:00:00,DEV_001,43,16,12
DEV_001_2024-12-01 16:00:00,2024-12-01 16:00:00,DEV_001,88,81,9
DEV_001_2024-12-01 20:00:00,2024-12-01 20:00:00,DEV_001,99,92,19
DEV_001_2024-12-02 00:00:00,2024-12-02 00:00:00,DEV_001,43,23,16
DEV_001_2024-12-02 04:00:00,2024-12-02 04:00:00,DEV_001,28,12,21
DEV_001_2024-12-02 08:00:00,2024-12-02 08:00:00,DEV_001,59,31,95
DEV_001_2024-12-02 12:00:00,2024-12-02 12:00:00,DEV_001,90,44,47
DEV_001_2024-12-02 16:00:00,2024-12-02 16:00:00,DEV_001,13,83,18
DEV_001_2024-12-02 20:00:00,2024-12-02 20:00:00,DEV_001,36,36,91
DEV_001_2024-12-03 00:00:00,2024-12-03 00:00:00,DEV_001,4,94,55
DEV_001_2024-12-03 04:00:00,2024-12-03 04:00:00,DEV_001,23,68,19
DEV_001_2024-12-03 08:00:00,2024-12-03 08:00:00,DEV_001,74,83,98
DEV_001_2024-12-03 12:00:00,2024-12-03 12:00:00,DEV_001,51,29,37
DEV_001_2024-12-03 16:00:00,2024-12-03 16:00:00,DEV_001,52,2,91
DEV_001_2024-12-03 20:00:00,2024-12-03 20:00:00,DEV_001,73,5,29
DEV_001_2024-12-04 00:00:00,2024-12-04 00:00:00,DEV_001,29,43,41
DEV_001_2024-12-04 04:00:00,2024-12-04 04:00:00,DEV_001,55,84,77
DEV_001_2024-12-04 08:00:00,2024-12-04 08:00:00,DEV_001,32,92,38
DEV_001_2024-12-04 12:00:00,2024-12-04 12:00:00,DEV_001,89,60,43
DEV_001_2024-12-04 16:00:00,2024-12-04 16:00:00,DEV_001,11,83,52
DEV_001_2024-12-04 20:00:00,2024-12-04 20:00:00,DEV_001,23,17,69
DEV_001_2024-12-05 00:00:00,2024-12-05 00:00:00,DEV_001,94,62,37
DEV_001_2024-12-05 04:00:00,2024-12-05 04:00:00,DEV_001,38,45,55
DEV_001_2024-12-05 08:00:00,2024-12-05 08:00:00,DEV_001,92,28,25
DEV_001_2024-12-05 12:00:00,2024-12-05 12:00:00,DEV_001,10,83,66
DEV_001_2024-12-05 16:00:00,2024-12-05 16:00:00,DEV_001,4,19,47
DEV_001_2024-12-05 20:00:00,2024-12-05 20:00:00,DEV_001,18,62,61
DEV_001_2024-12-06 00:00:00,2024-12-06 00:00:00,DEV_001,76,85,77
DEV_001_2024-12-06 04:00:00,2024-12-06 04:00:00,DEV_001,64,94,8
DEV_001_2024-12-06 08:00:00,2024-12-06 08:00:00,DEV_001,43,17,82
DEV_001_2024-12-06 12:00:00,2024-12-06 12:00:00,DEV_001,40,15,84
DEV_001_2024-12-06 16:00:00,2024-12-06 16:00:00,DEV_001,47,49,50
DEV_001_2024-12-06 20:00:00,2024-12-06 20:00:00,DEV_001,96,31,26
DEV_001_2024-12-07 00:00:00,2024-12-07 00:00:00,DEV_001,58,12,42
DEV_001_2024-12-07 04:00:00,2024-12-07 04:00:00,DEV_001,92,87,42
DEV_001_2024-12-07 08:00:00,2024-12-07 08:00:00,DEV_001,47,4,68
DEV_001_2024-12-07 12:00:00,2024-12-07 12:00:00,DEV_001,30,40,50
DEV_001_2024-12-07 16:00:00,2024-12-07 16:00:00,DEV_001,9,90,33
DEV_001_2024-12-07 20:00:00,2024-12-07 20:00:00,DEV_001,52,45,3
DEV_001_2024-12-08 00:00:00,2024-12-08 00:00:00,DEV_001,78,2,4
DEV_001_2024-12-08 04:00:00,2024-12-08 04:00:00,DEV_001,57,61,87
DEV_001_2024-12-08 08:00:00,2024-12-08 08:00:00,DEV_001,11,99,98
DEV_001_2024-12-08 12:00:00,2024-12-08 12:00:00,DEV_001,21,54,35
DEV_001_2024-12-08 16:00:00,2024-12-08 16:00:00,DEV_001,42,9,14
DEV_001_2024-12-08 20:00:00,2024-12-08 20:00:00,DEV_001,94,2,81
DEV_001_2024-12-09 00:00:00,2024-12-09 00:00:00,DEV_001,61,15,75
DEV_001_2024-12-09 04:00:00,2024-12-09 04:00:00,DEV_001,93,11,57
DEV_001_2024-12-09 08:00:00,2024-12-09 08:00:00,DEV_001,84,67,7
DEV_001_2024-12-09 12:00:00,2024-12-09 12:00:00,DEV_001,1,77,51
DEV_001_2024-12-09 16:00:00,2024-12-09 16:00:00,DEV_001,41,60,19
DEV_001_2024-12-09 20:00:00,2024-12-09 20:00:00,DEV_001,62,30,16
DEV_001_2024-12-10 00:00:00,2024-12-10 00:00:00,DEV_001,18,31,35
DEV_001_2024-12-10 04:00:00,2024-12-10 04:00:00,DEV_001,28,89,12
DEV_001_2024-12-10 08:00:00,2024-12-10 08:00:00,DEV_001,24,96,87
DEV_001_2024-12-10 12:00:00,2024-12-10 12:00:00,DEV_001,90,41,69
DEV_001_2024-12-10 16:00:00,2024-12-10 16:00:00,DEV_001,62,77,66
DEV_001_2024-12-10 20:00:00,2024-12-10 20:00:00,DEV_001,52,27,57
DEV_001_2024-12-11 00:00:00,2024-12-11 00:00:00,DEV_001,24,68,64
DEV_001_2024-12-11 04:00:00,2024-12-11 04:00:00,DEV_001,20,9,63
DEV_001_2024-12-11 08:00:00,2024-12-11 08:00:00,DEV_001,25,61,42
DEV_001_2024-12-11 12:00:00,2024-12-11 12:00:00,DEV_001,3,57,61
DEV_001_2024-12-11 16:00:00,2024-12-11 16:00:00,DEV_001,85,9,43
DEV_001_2024-12-11 20:00:00,2024-12-11 20:00:00,DEV_001,43,23,86
DEV_001_2024-12-12 00:00:00,2024-12-12 00:00:00,DEV_001,17,13,73
DEV_001_2024-12-12 04:00:00,2024-12-12 04:00:00,DEV_001,20,87,83
DEV_001_2024-12-12 08:00:00,2024-12-12 08:00:00,DEV_001,50,18,54
DEV_001_2024-12-12 12:00:00,2024-12-12 12:00:00,DEV_001,81,16,13
DEV_001_2024-12-12 16:00:00,2024-12-12 16:00:00,DEV_001,85,62,61
DEV_001_2024-12-12 20:00:00,2024-12-12 20:00:00,DEV_001,40,54,80
DEV_001_2024-12-13 00:00:00,2024-12-13 00:00:00,DEV_001,68,69,54
DEV_001_2024-12-13 04:00:00,2024-12-13 04:00:00,DEV_001,58,19,29
DEV_001_2024-12-13 08:00:00,2024-12-13 08:00:00,DEV_001,34,5,14
DEV_001_2024-12-13 12:00:00,2024-12-13 12:00:00,DEV_001,79,57,10
DEV_001_2024-12-13 16:00:00,2024-12-13 16:00:00,DEV_001,95,91,41
DEV_001_2024-12-13 20:00:00,2024-12-13 20:00:00,DEV_001,24,85,81
DEV_001_2024-12-14 00:00:00,2024-12-14 00:00:00,DEV_001,39,92,84
DEV_001_2024-12-14 04:00:00,2024-12-14 04:00:00,DEV_001,97,13,63
DEV_001_2024-12-14 08:00:00,2024-12-14 08:00:00,DEV_001,6,92,40
DEV_001_2024-12-14 12:00:00,2024-12-14 12:00:00,DEV_001,43,72,53
DEV_001_2024-12-14 16:00:00,2024-12-14 16:00:00,DEV_001,10,23,96
DEV_001_2024-12-14 20:00:00,2024-12-14 20:00:00,DEV_001,26,65,47
DEV_001_2024-12-15 00:00:00,2024-12-15 00:00:00,DEV_001,34,4,30
DEV_001_2024-12-15 04:00:00,2024-12-15 04:00:00,DEV_001,3,96,52
DEV_001_2024-12-15 08:00:00,2024-12-15 08:00:00,DEV_001,64,26,14
DEV_001_2024-12-15 12:00:00,2024-12-15 12:00:00,DEV_001,2,58,45
DEV_001_2024-12-15 16:00:00,2024-12-15 16:00:00,DEV_001,50,4,9
DEV_001_2024-12-15 20:00:00,2024-12-15 20:00:00,DEV_001,10,8,81
DEV_001_2024-12-16 00:00:00,2024-12-16 00:00:00,DEV_001,59,19,22
DEV_001_2024-12-16 04:00:00,2024-12-16 04:00:00,DEV_001,99,25,84
DEV_001_2024-12-16 08:00:00,2024-12-16 08:00:00,DEV_001,53,25,15
DEV_001_2024-12-16 12:00:00,2024-12-16 12:00:00,DEV_001,68,27,5
DEV_001_2024-12-16 16:00:00,2024-12-16 16:00:00,DEV_001,20,25,75
DEV_001_2024-12-16 20:00:00,2024-12-16 20:00:00,DEV_001,85,80,68
DEV_001_2024-12-17 00:00:00,2024-12-17 00:00:00,DEV_001,87,95,27
DEV_001_2024-12-17 04:00:00,2024-12-17 04:00:00,DEV_001,38,9,63
DEV_001_2024-12-17 08:00:00,2024-12-17 08:00:00,DEV_001,46,71,20
DEV_001_2024-12-17 12:00:00,2024-12-17 12:00:00,DEV_001,29,20,91
DEV_001_2024-12-17 16:00:00,2024-12-17 16:00:00,DEV_001,56,98,79
DEV_001_2024-12-17 20:00:00,2024-12-17 20:00:00,DEV_001,16,36,46
DEV_001_2024-12-18 00:00:00,2024-12-18 00:00:00,DEV_001,99,43,32
DEV_001_2024-12-18 04:00:00,2024-12-18 04:00:00,DEV_001,68,79,35
DEV_001_2024-12-18 08:00:00,2024-12-18 08:00:00,DEV_001,92,33,34
DEV_001_2024-12-18 12:00:00,2024-12-18 12:00:00,DEV_001,90,6,67
DEV_001_2024-12-18 16:00:00,2024-12-18 16:00:00,DEV_001,50,93,23
DEV_001_2024-12-18 20:00:00,2024-12-18 20:00:00,DEV_001,19,65,46
DEV_001_2024-12-19 00:00:00,2024-12-19 00:00:00,DEV_001,98,24,44
DEV_001_2024-12-19 04:00:00,2024-12-19 04:00:00,DEV_001,58,36,1
DEV_001_2024-12-19 08:00:00,2024-12-19 08:00:00,DEV_001,94,87,78
DEV_001_2024-12-19 12:00:00,2024-12-19 12:00:00,DEV_001,39,27,82
DEV_001_2024-12-19 16:00:00,2024-12-19 16:00:00,DEV_001,85,37,38
DEV_001_2024-12-19 20:00:00,2024-12-19 20:00:00,DEV_001,51,83,16
DEV_001_2024-12-20 00:00:00,2024-12-20 00:00:00,DEV_001,61,91,76
DEV_001_2024-12-20 04:00:00,2024-12-20 04:00:00,DEV_001,67,1,51
DEV_001_2024-12-20 08:00:00,2024-12-20 08:00:00,DEV_001,26,30,17
DEV_001_2024-12-20 12:00:00,2024-12-20 12:00:00,DEV_001,13,54,26
DEV_001_2024-12-20 16:00:00,2024-12-20 16:00:00,DEV_001,46,7,16
DEV_001_2024-12-20 20:00:00,2024-12-20 20:00:00,DEV_001,61,24,2
DEV_001_2024-12-21 00:00:00,2024-12-21 00:00:00,DEV_001,13,30,59
DEV_001_2024-12-21 04:00:00,2024-12-21 04:00:00,DEV_001,35,78,49
DEV_001_2024-12-21 08:00:00,2024-12-21 08:00:00,DEV_001,14,63,52
DEV_001_2024-12-21 12:00:00,2024-12-21 12:00:00,DEV_001,91,7,5
DEV_001_2024-12-21 16:00:00,2024-12-21 16:00:00,DEV_001,54,47,37
DEV_001_2024-12-21 20:00:00,2024-12-21 20:00:00,DEV_001,47,30,16
DEV_001_2024-12-22 00:00:00,2024-12-22 00:00:00,DEV_001,84,68,80
DEV_001_2024-12-22 04:00:00,2024-12-22 04:00:00,DEV_001,38,6,83
DEV_001_2024-12-22 08:00:00,2024-12-22 08:00:00,DEV_001,46,16,64
DEV_001_2024-12-22 12:00:00,2024-12-22 12:00:00,DEV_001,89,91,59
DEV_001_2024-12-22 16:00:00,2024-12-22 16:00:00,DEV_001,90,7,24
DEV_001_2024-12-22 20:00:00,2024-12-22 20:00:00,DEV_001,29,85,57
DEV_001_2024-12-23 00:00:00,2024-12-23 00:00:00,DEV_001,10,95,34
DEV_001_2024-12-23 04:00:00,2024-12-23 04:00:00,DEV_001,58,70,30
DEV_001_2024-12-23 08:00:00,2024-12-23 08:00:00,DEV_001,24,83,70
DEV_001_2024-12-23 12:00:00,2024-12-23 12:00:00,DEV_001,15,2,40
DEV_001_2024-12-23 16:00:00,2024-12-23 16:00:00,DEV_001,15,22,19
DEV_001_2024-12-23 20:00:00,2024-12-23 20:00:00,DEV_001,50,87,2
DEV_001_2024-12-24 00:00:00,2024-12-24 00:00:00,DEV_001,89,24,58
DEV_001_2024-12-24 04:00:00,2024-12-24 04:00:00,DEV_001,19,69,73
DEV_001_2024-12-24 08:00:00,2024-12-24 08:00:00,DEV_001,13,8,76
DEV_001_2024-12-24 12:00:00,2024-12-24 12:00:00,DEV_001,92,19,69
DEV_001_2024-12-24 16:00:00,2024-12-24 16:00:00,DEV_001,21,97,90
DEV_001_2024-12-24 20:00:00,2024-12-24 20:00:00,DEV_001,97,91,67
DEV_001_2024-12-25 00:00:00,2024-12-25 00:00:00,DEV_001,13,89,3
DEV_001_2024-12-25 04:00:00,2024-12-25 04:00:00,DEV_001,84,74,6
DEV_001_2024-12-25 08:00:00,2024-12-25 08:00:00,DEV_001,3,15,10
DEV_001_2024-12-25 12:00:00,2024-12-25 12:00:00,DEV_001,63,21,78
DEV_001_2024-12-25 16:00:00,2024-12-25 16:00:00,DEV_001,72,99,54
DEV_001_2024-12-25 20:00:00,2024-12-25 20:00:00,DEV_001,5,33,37
DEV_001_2024-12-26 00:00:00,2024-12-26 00:00:00,DEV_001,35,60,51
DEV_001_2024-12-26 04:00:00,2024-12-26 04:00:00,DEV_001,11,93,18
DEV_001_2024-12-26 08:00:00,2024-12-26 08:00:00,DEV_001,59,37,56
DEV_001_2024-12-26 12:00:00,2024-12-26 12:00:00,DEV_001,32,81,66
DEV_001_2024-12-26 16:00:00,2024-12-26 16:00:00,DEV_001,92,33,54
DEV_001_2024-12-26 20:00:00,2024-12-26 20:00:00,DEV_001,78,38,30
DEV_001_2024-12-27 00:00:00,2024-12-27 00:00:00,DEV_001,7,26,88
DEV_001_2024-12-27 04:00:00,2024-12-27 04:00:00,DEV_001,49,21,53
DEV_001_2024-12-27 08:00:00,2024-12-27 08:00:00,DEV_001,78,79,96
DEV_001_2024-12-27 12:00:00,2024-12-27 12:00:00,DEV_001,14,96,90
DEV_001_2024-12-27 16:00:00,2024-12-27 16:00:00,DEV_001,51,82,66
DEV_001_2024-12-27 20:00:00,2024-12-27 20:00:00,DEV_001,19,24,51
DEV_001_2024-12-28 00:00:00,2024-12-28 00:00:00,DEV_001,25,2,34
DEV_001_2024-12-28 04:00:00,2024-12-28 04:00:00,DEV_001,56,45,48
DEV_001_2024-12-28 08:00:00,2024-12-28 08:00:00,DEV_001,73,34,50
DEV_001_2024-12-28 12:00:00,2024-12-28 12:00:00,DEV_001,90,45,70
DEV_001_2024-12-28 16:00:00,2024-12-28 16:00:00,DEV_001,12,9,10
DEV_001_2024-12-28 20:00:00,2024-12-28 20:00:00,DEV_001,21,62,80
DEV_001_2024-12-29 00:00:00,2024-12-29 00:00:00,DEV_001,37,17,35
DEV_001_2024-12-29 04:00:00,2024-12-29 04:00:00,DEV_001,14,29,76
DEV_001_2024-12-29 08:00:00,2024-12-29 08:00:00,DEV_001,97,87,4
DEV_001_2024-12-29 12:00:00,2024-12-29 12:00:00,DEV_001,49,36,11
DEV_001_2024-12-29 16:00:00,2024-12-29 16:00:00,DEV_001,95,84,12
DEV_001_2024-12-29 20:00:00,2024-12-29 20:00:00,DEV_001,4,61,15
DEV_002_2024-09-01 00:00:00,2024-09-01 00:00:00,DEV_002,34,3,39
DEV_002_2024-09-01 03:00:00,2024-09-01 03:00:00,DEV_002,32,93,21
DEV_002_2024-09-01 06:00:00,2024-09-01 06:00:00,DEV_002,83,98,35
DEV_002_2024-09-01 09:00:00,2024-09-01 09:00:00,DEV_002,82,76,15
DEV_002_2024-09-01 12:00:00,2024-09-01 12:00:00,DEV_002,74,21,2
DEV_002_2024-09-01 15:00:00,2024-09-01 15:00:00,DEV_002,19,16,38
DEV_002_2024-09-01 18:00:00,2024-09-01 18:00:00,DEV_002,47,99,35
DEV_002_2024-09-01 21:00:00,2024-09-01 21:00:00,DEV_002,69,45,6
DEV_002_2024-09-02 00:00:00,2024-09-02 00:00:00,DEV_002,14,92,73
DEV_002_2024-09-02 03:00:00,2024-09-02 03:00:00,DEV_002,94,51,23
DEV_002_2024-09-02 06:00:00,2024-09-02 06:00:00,DEV_002,64,4,35
DEV_002_2024-09-02 09:00:00,2024-09-02 09:00:00,DEV_002,25,35,34
DEV_002_2024-09-02 12:00:00,2024-09-02 12:00:00,DEV_002,3,87,9
DEV_002_2024-09-02 15:00:00,2024-09-02 15:00:00,DEV_002,24,85,25
DEV_002_2024-09-02 18:00:00,2024-09-02 18:00:00,DEV_002,86,7,92
DEV_002_2024-09-02 21:00:00,2024-09-02 21:00:00,DEV_002,7,99,18
DEV_002_2024-09-03 00:00:00,2024-09-03 00:00:00,DEV_002,62,89,30
DEV_002_2024-09-03 03:00:00,2024-09-03 03:00:00,DEV_002,9,50,6
DEV_002_2024-09-03 06:00:00,2024-09-03 06:00:00,DEV_002,20,18,29
DEV_002_2024-09-03 09:00:00,2024-09-03 09:00:00,DEV_002,1,38,43
DEV_002_2024-09-03 12:00:00,2024-09-03 12:00:00,DEV_002,26,9,4
DEV_002_2024-09-03 15:00:00,2024-09-03 15:00:00,DEV_002,35,33,17
DEV_002_2024-09-03 18:00:00,2024-09-03 18:00:00,DEV_002,66,61,44
DEV_002_2024-09-03 21:00:00,2024-09-03 21:00:00,DEV_002,10,55,47
DEV_002_2024-09-04 00:00:00,2024-09-04 00:00:00,DEV_002,23,69,18
DEV_002_2024-09-04 03:00:00,2024-09-04 03:00:00,DEV_002,67,22,20
DEV_002_2024-09-04 06:00:00,2024-09-04 06:00:00,DEV_002,1,33,97
DEV_002_2024-09-04 09:00:00,2024-09-04 09:00:00,DEV_002,16,3,11
DEV_002_2024-09-04 12:00:00,2024-09-04 12:00:00,DEV_002,11,78,3
DEV_002_2024-09-04 15:00:00,2024-09-04 15:00:00,DEV_002,48,46,84
DEV_002_2024-09-04 18:00:00,2024-09-04 18:00:00,DEV_002,37,20,11
DEV_002_2024-09-04 21:00:00,2024-09-04 21:00:00,DEV_002,31,1,6
DEV_002_2024-09-05 00:00:00,2024-09-05 00:00:00,DEV_002,43,36,80
DEV_002_2024-09-05 03:00:00,2024-09-05 03:00:00,DEV_002,71,46,2
DEV_002_2024-09-05 06:00:00,2024-09-05 06:00:00,DEV_002,71,40,38
DEV_002_2024-09-05 09:00:00,2024-09-05 09:00:00,DEV_002,53,5,56
DEV_002_2024-09-05 12:00:00,2024-09-05 12:00:00,DEV_002,67,86,9
DEV_002_2024-09-05 15:00:00,2024-09-05 15:00:00,DEV_002,69,63,96
DEV_002_2024-09-05 18:00:00,2024-09-05 18:00:00,DEV_002,61,14,27
DEV_002_2024-09-05 21:00:00,2024-09-05 21:00:00,DEV_002,9,83,27
DEV_002_2024-09-06 00:00:00,2024-09-06 00:00:00,DEV_002,9,46,63
DEV_002_2024-09-06 03:00:00,2024-09-06 03:00:00,DEV_002,33,61,41
DEV_002_2024-09-06 06:00:00,2024-09-06 06:00:00,DEV_002,44,88,73
DEV_002_2024-09-06 09:00:00,2024-09-06 09:00:00,DEV_002,15,20,82
DEV_002_2024-09-06 12:00:00,2024-09-06 12:00:00,DEV_002,69,13,14
DEV_002_2024-09-06 15:00:00,2024-09-06 15:00:00,DEV_002,89,27,14
DEV_002_2024-09-06 18:00:00,2024-09-06 18:00:00,DEV_002,97,49,33
DEV_002_2024-09-06 21:00:00,2024-09-06 21:00:00,DEV_002,5,98,20
DEV_002_2024-09-07 00:00:00,2024-09-07 00:00:00,DEV_002,17,80,96
DEV_002_2024-09-07 03:00:00,2024-09-07 03:00:00,DEV_002,32,60,70
DEV_002_2024-09-07 06:00:00,2024-09-07 06:00:00,DEV_002,38,83,78
DEV_002_2024-09-07 09:00:00,2024-09-07 09:00:00,DEV_002,36,82,73
DEV_002_2024-09-07 12:00:00,2024-09-07 12:00:00,DEV_002,30,15,85
DEV_002_2024-09-07 15:00:00,2024-09-07 15:00:00,DEV_002,19,97,19
DEV_002_2024-09-07 18:00:00,2024-09-07 18:00:00,DEV_002,6,4,10
DEV_002_2024-09-07 21:00:00,2024-09-07 21:00:00,DEV_002,7,2,2
DEV_002_2024-09-08 00:00:00,2024-09-08 00:00:00,DEV_002,12,87,88
DEV_002_2024-09-08 03:00:00,2024-09-08 03:00:00,DEV_002,29,51,89
DEV_002_2024-09-08 06:00:00,2024-09-08 06:00:00,DEV_002,59,23,37
DEV_002_2024-09-08 09:00:00,2024-09-08 09:00:00,DEV_002,40,67,86
DEV_002_2024-09-08 12:00:00,2024-09-08 12:00:00,DEV_002,54,47,9
DEV_002_2024-09-08 15:00:00,2024-09-08 15:00:00,DEV_002,46,83,23
DEV_002_2024-09-08 18:00:00,2024-09-08 18:00:00,DEV_002,51,15,12
DEV_002_2024-09-08 21:00:00,2024-09-08 21:00:00,DEV_002,37,53,13
DEV_002_2024-09-09 00:00:00,2024-09-09 00:00:00,DEV_002,73,76,5
DEV_002_2024-09-09 03:00:00,2024-09-09 03:00:00,DEV_002,19,50,76
DEV_002_2024-09-09 06:00:00,2024-09-09 06:00:00,DEV_002,93,57,97
DEV_002_2024-09-09 09:00:00,2024-09-09 09:00:00,DEV_002,70,49,46
DEV_002_2024-09-09 12:00:00,2024-09-09 12:00:00,DEV_002,79,34,21
DEV_002_2024-09-09 15:00:00,2024-09-09 15:00:00,DEV_002,93,38,3
DEV_002_2024-09-09 18:00:00,2024-09-09 18:00:00,DEV_002,96,60,66
DEV_002_2024-09-09 21:00:00,2024-09-09 21:00:00,DEV_002,8,48,27
DEV_002_2024-09-10 00:00:00,2024-09-10 00:00:00,DEV_002,4,38,77
DEV_002_2024-09-10 03:00:00,2024-09-10 03:00:00,DEV_002,58,25,65
DEV_002_2024-09-10 06:00:00,2024-09-10 06:00:00,DEV_002,21,9,73
DEV_002_2024-09-10 09:00:00,2024-09-10 09:00:00,DEV_002,43,46,84
DEV_002_2024-09-10 12:00:00,2024-09-10 12:00:00,DEV_002,29,62,66
DEV_002_2024-09-10 15:00:00,2024-09-10 15:00:00,DEV_002,57,68,60
DEV_002_2024-09-10 18:00:00,2024-09-10 18:00:00,DEV_002,92,79,84
DEV_002_2024-09-10 21:00:00,2024-09-10 21:00:00,DEV_002,86,40,3
DEV_002_2024-09-11 00:00:00,2024-09-11 00:00:00,DEV_002,85,3,62
DEV_002_2024-09-11 03:00:00,2024-09-11 03:00:00,DEV_002,60,10,86
DEV_002_2024-09-11 06:00:00,2024-09-11 06:00:00,DEV_002,43,8,99
DEV_002_2024-09-11 09:00:00,2024-09-11 09:00:00,DEV_002,62,54,9
DEV_002_2024-09-11 12:00:00,2024-09-11 12:00:00,DEV_002,7,84,2
DEV_002_2024-09-11 15:00:00,2024-09-11 15:00:00,DEV_002,10,21,45
DEV_002_2024-09-11 18:00:00,2024-09-11 18:00:00,DEV_002,40,83,50
DEV_002_2024-09-11 21:00:00,2024-09-11 21:00:00,DEV_002,58,9,99
DEV_002_2024-09-12 00:00:00,2024-09-12 00:00:00,DEV_002,91,43,24
DEV_002_2024-09-12 03:00:00,2024-09-12 03:00:00,DEV_002,92,81,48
DEV_002_2024-09-12 06:00:00,2024-09-12 06:00:00,DEV_002,43,53,47
DEV_002_2024-09-12 09:00:00,2024-09-12 09:00:00,DEV_002,86,23,45
DEV_002_2024-09-12 12:00:00,2024-09-12 12:00:00,DEV_002,78,82,47
DEV_002_2024-09-12 15:00:00,2024-09-12 15:00:00,DEV_002,29,62,41
DEV_002_2024-09-12 18:00:00,2024-09-12 18:00:00,DEV_002,98,45,29
DEV_002_2024-09-12 21:00:00,2024-09-12 21:00:00,DEV_002,59,82,55
DEV_002_2024-09-13 00:00:00,2024-09-13 00:00:00,DEV_002,1,89,62
DEV_002_2024-09-13 03:00:00,2024-09-13 03:00:00,DEV_002,24,10,44
DEV_002_2024-09-13 06:00:00,2024-09-13 06:00:00,DEV_002,26,98,96
DEV_002_2024-09-13 09:00:00,2024-09-13 09:00:00,DEV_002,96,92,34
DEV_002_2024-09-13 12:00:00,2024-09-13 12:00:00,DEV_002,4,13,5
DEV_002_2024-09-13 15:00:00,2024-09-13 15:00:00,DEV_002,48,73,80
DEV_002_2024-09-13 18:00:00,2024-09-13 18:00:00,DEV_002,87,72,48
DEV_002_2024-09-13 21:00:00,2024-09-13 21:00:00,DEV_002,35,65,26
DEV_002_2024-09-14 00:00:00,2024-09-14 00:00:00,DEV_002,29,36,61
DEV_002_2024-09-14 03:00:00,2024-09-14 03:00:00,DEV_002,8,25,53
DEV_002_2024-09-14 06:00:00,2024-09-14 06:00:00,DEV_002,45,40,20
DEV_002_2024-09-14 09:00:00,2024-09-14 09:00:00,DEV_002,52,66,96
DEV_002_2024-09-14 12:00:00,2024-09-14 12:00:00,DEV_002,25,63,74
DEV_002_2024-09-14 15:00:00,2024-09-14 15:00:00,DEV_002,27,76,23
DEV_002_2024-09-14 18:00:00,2024-09-14 18:00:00,DEV_002,46,47,38
DEV_002_2024-09-14 21:00:00,2024-09-14 21:00:00,DEV_002,13,48,34
DEV_002_2024-09-15 00:00:00,2024-09-15 00:00:00,DEV_002,57,61,10
DEV_002_2024-09-15 03:00:00,2024-09-15 03:00:00,DEV_002,59,38,51
DEV_002_2024-09-15 06:00:00,2024-09-15 06:00:00,DEV_002,85,85,49
DEV_002_2024-09-15 09:00:00,2024-09-15 09:00:00,DEV_002,53,71,80
DEV_002_2024-09-15 12:00:00,2024-09-15 12:00:00,DEV_002,68,83,81
DEV_002_2024-09-15 15:00:00,2024-09-15 15:00:00,DEV_002,96,54,95
DEV_002_2024-09-15 18:00:00,2024-09-15 18:00:00,DEV_002,53,69,94
DEV_002_2024-09-15 21:00:00,2024-09-15 21:00:00,DEV_002,75,74,83
DEV_002_2024-09-16 00:00:00,2024-09-16 00:00:00,DEV_002,97,2,54
DEV_002_2024-09-16 03:00:00,2024-09-16 03:00:00,DEV_002,35,74,96
DEV_002_2024-09-16 06:00:00,2024-09-16 06:00:00,DEV_002,48,29,61
DEV_002_2024-09-16 09:00:00,2024-09-16 09:00:00,DEV_002,80,52,88
DEV_002_2024-09-16 12:00:00,2024-09-16 12:00:00,DEV_002,10,12,41
DEV_002_2024-09-16 15:00:00,2024-09-16 15:00:00,DEV_002,67,55,62
DEV_002_2024-09-16 18:00:00,2024-09-16 18:00:00,DEV_002,28,95,40
DEV_002_2024-09-16 21:00:00,2024-09-16 21:00:00,DEV_002,79,52,20
DEV_002_2024-09-17 00:00:00,2024-09-17 00:00:00,DEV_002,52,82,19
DEV_002_2024-09-17 03:00:00,2024-09-17 03:00:00,DEV_002,48,49,94
DEV_002_2024-09-17 06:00:00,2024-09-17 06:00:00,DEV_002,40,9,12
DEV_002_2024-09-17 09:00:00,2024-09-17 09:00:00,DEV_002,69,59,38
DEV_002_2024-09-17 12:00:00,2024-09-17 12:00:00,DEV_002,46,35,28
DEV_002_2024-09-17 15:00:00,2024-09-17 15:00:00,DEV_002,98,62,51
DEV_002_2024-09-17 18:00:00,2024-09-17 18:00:00,DEV_002,84,63,85
DEV_002_2024-09-17 21:00:00,2024-09-17 21:00:00,DEV_002,62,56,13
DEV_002_2024-09-18 00:00:00,2024-09-18 00:00:00,DEV_002,73,41,37
DEV_002_2024-09-18 03:00:00,2024-09-18 03:00:00,DEV_002,49,76,24
DEV_002_2024-09-18 06:00:00,2024-09-18 06:00:00,DEV_002,55,90,71
DEV_002_2024-09-18 09:00:00,2024-09-18 09:00:00,DEV_002,10,36,12
DEV_002_2024-09-18 12:00:00,2024-09-18 12:00:00,DEV_002,81,58,99
DEV_002_2024-09-18 15:00:00,2024-09-18 15:00:00,DEV_002,7,70,34
DEV_002_2024-09-18 18:00:00,2024-09-18 18:00:00,DEV_002,98,1,25
DEV_002_2024-09-18 21:00:00,2024-09-18 21:00:00,DEV_002,21,27,29
DEV_002_2024-09-19 00:00:00,2024-09-19 00:00:00,DEV_002,76,94,4
DEV_002_2024-09-19 03:00:00,2024-09-19 03:00:00,DEV_002,9,46,20
DEV_002_2024-09-19 06:00:00,2024-09-19 06:00:00,DEV_002,47,62,43
DEV_002_2024-09-19 09:00:00,2024-09-19 09:00:00,DEV_002,81,56,58
DEV_002_2024-09-19 12:00:00,2024-09-19 12:00:00,DEV_002,99,56,7
DEV_002_2024-09-19 15:00:00,2024-09-19 15:00:00,DEV_002,53,36,14
DEV_002_2024-09-19 18:00:00,2024-09-19 18:00:00,DEV_002,17,88,70
DEV_002_2024-09-19 21:00:00,2024-09-19 21:00:00,DEV_002,43,25,86
DEV_002_2024-09-20 00:00:00,2024-09-20 00:00:00,DEV_002,88,49,25
DEV_002_2024-09-20 03:00:00,2024-09-20 03:00:00,DEV_002,34,39,13
DEV_002_2024-09-20 06:00:00,2024-09-20 06:00:00,DEV_002,92,88,6
DEV_002_2024-09-20 09:00:00,2024-09-20 09:00:00,DEV_002,37,44,37
DEV_002_2024-09-20 12:00:00,2024-09-20 12:00:00,DEV_002,9,87,47
DEV_002_2024-09-20 15:00:00,2024-09-20 15:00:00,DEV_002,75,44,99
DEV_002_2024-09-20 18:00:00,2024-09-20 18:00:00,DEV_002,83,28,43
DEV_002_2024-09-20 21:00:00,2024-09-20 21:00:00,DEV_002,43,83,60
DEV_002_2024-09-21 00:00:00,2024-09-21 00:00:00,DEV_002,94,64,72
DEV_002_2024-09-21 03:00:00,2024-09-21 03:00:00,DEV_002,96,69,69
DEV_002_2024-09-21 06:00:00,2024-09-21 06:00:00,DEV_002,34,61,26
DEV_002_2024-09-21 09:00:00,2024-09-21 09:00:00,DEV_002,63,44,98
DEV_002_2024-09-21 12:00:00,2024-09-21 12:00:00,DEV_002,13,21,37
DEV_002_2024-09-21 15:00:00,2024-09-21 15:00:00,DEV_002,47,1,49
DEV_002_2024-09-21 18:00:00,2024-09-21 18:00:00,DEV_002,64,80,65
DEV_002_2024-09-21 21:00:00,2024-09-21 21:00:00,DEV_002,53,75,96
DEV_002_2024-09-22 00:00:00,2024-09-22 00:00:00,DEV_002,3,23,41
DEV_002_2024-09-22 03:00:00,2024-09-22 03:00:00,DEV_002,21,91,52
DEV_002_2024-09-22 06:00:00,2024-09-22 06:00:00,DEV_002,99,11,66
DEV_002_2024-09-22 09:00:00,2024-09-22 09:00:00,DEV_002,72,61,33
DEV_002_2024-09-22 12:00:00,2024-09-22 12:00:00,DEV_002,42,33,92
DEV_002_2024-09-22 15:00:00,2024-09-22 15:00:00,DEV_002,71,96,55
DEV_002_2024-09-22 18:00:00,2024-09-22 18:00:00,DEV_002,93,98,42
DEV_002_2024-09-22 21:00:00,2024-09-22 21:00:00,DEV_002,44,36,56
DEV_002_2024-09-23 00:00:00,2024-09-23 00:00:00,DEV_002,6,2,49
DEV_002_2024-09-23 03:00:00,2024-09-23 03:00:00,DEV_002,85,77,91
DEV_002_2024-09-23 06:00:00,2024-09-23 06:00:00,DEV_002,24,5,76
DEV_002_2024-09-23 09:00:00,2024-09-23 09:00:00,DEV_002,74,42,43
DEV_002_2024-09-23 12:00:00,2024-09-23 12:00:00,DEV_002,84,53,68
DEV_002_2024-09-23 15:00:00,2024-09-23 15:00:00,DEV_002,19,97,51
DEV_002_2024-09-23 18:00:00,2024-09-23 18:00:00,DEV_002,50,7,78
DEV_002_2024-09-23 21:00:00,2024-09-23 21:00:00,DEV_002,81,17,72
DEV_002_2024-09-24 00:00:00,2024-09-24 00:00:00,DEV_002,71,23,57
DEV_002_2024-09-24 03:00:00,2024-09-24 03:00:00,DEV_002,23,58,26
DEV_002_2024-09-24 06:00:00,2024-09-24 06:00:00,DEV_002,58,75,80
DEV_002_2024-09-24 09:00:00,2024-09-24 09:00:00,DEV_002,20,19,53
DEV_002_2024-09-24 12:00:00,2024-09-24 12:00:00,DEV_002,34,44,10
DEV_002_2024-09-24 15:00:00,2024-09-24 15:00:00,DEV_002,89,92,6
DEV_002_2024-09-24 18:00:00,2024-09-24 18:00:00,DEV_002,61,59,39
DEV_002_2024-09-24 21:00:00,2024-09-24 21:00:00,DEV_002,25,49,84
DEV_002_2024-09-25 00:00:00,2024-09-25 00:00:00,DEV_002,95,67,38
DEV_002_2024-09-25 03:00:00,2024-09-25 03:00:00,DEV_002,49,79,74
DEV_002_2024-09-25 06:00:00,2024-09-25 06:00:00,DEV_002,6,5,1
DEV_002_2024-09-25 09:00:00,2024-09-25 09:00:00,DEV_002,96,17,5
DEV_002_2024-09-25 12:00:00,2024-09-25 12:00:00,DEV_002,34,86,9
DEV_002_2024-09-25 15:00:00,2024-09-25 15:00:00,DEV_002,62,28,17
DEV_002_2024-09-25 18:00:00,2024-09-25 18:00:00,DEV_002,86,78,27
DEV_002_2024-09-25 21:00:00,2024-09-25 21:00:00,DEV_002,84,62,83
DEV_002_2024-09-26 00:00:00,2024-09-26 00:00:00,DEV_002,13,53,77
DEV_002_2024-09-26 03:00:00,2024-09-26 03:00:00,DEV_002,68,37,12
DEV_002_2024-09-26 06:00:00,2024-09-26 06:00:00,DEV_002,97,82,46
DEV_002_2024-09-26 09:00:00,2024-09-26 09:00:00,DEV_002,31,61,59
DEV_002_2024-09-26 12:00:00,2024-09-26 12:00:00,DEV_002,84,93,4
DEV_002_2024-09-26 15:00:00,2024-09-26 15:00:00,DEV_002,71,49,44
DEV_002_2024-09-26 18:00:00,2024-09-26 18:00:00,DEV_002,70,98,21
DEV_002_2024-09-26 21:00:00,2024-09-26 21:00:00,DEV_002,89,66,60
DEV_002_2024-09-27 00:00:00,2024-09-27 00:00:00,DEV_002,32,68,54
DEV_002_2024-09-27 03:00:00,2024-09-27 03:00:00,DEV_002,3,44,41
DEV_002_2024-09-27 06:00:00,2024-09-27 06:00:00,DEV_002,15,97,43
DEV_002_2024-09-27 09:00:00,2024-09-27 09:00:00,DEV_002,7,4,97
DEV_002_2024-09-27 12:00:00,2024-09-27 12:00:00,DEV_002,16,63,59
DEV_002_2024-09-27 15:00:00,2024-09-27 15:00:00,DEV_002,45,7,89
DEV_002_2024-09-27 18:00:00,2024-09-27 18:00:00,DEV_002,80,74,98
DEV_002_2024-09-27 21:00:00,2024-09-27 21:00:00,DEV_002,22,66,91
DEV_002_2024-09-28 00:00:00,2024-09-28 00:00:00,DEV_002,53,92,76
DEV_002_2024-09-28 03:00:00,2024-09-28 03:00:00,DEV_002,25,31,48
DEV_002_2024-09-28 06:00:00,2024-09-28 06:00:00,DEV_002,33,24,3
DEV_002_2024-09-28 09:00:00,2024-09-28 09:00:00,DEV_002,7,19,32
DEV_002_2024-09-28 12:00:00,2024-09-28 12:00:00,DEV_002,71,49,10
DEV_002_2024-09-28 15:00:00,2024-09-28 15:00:00,DEV_002,22,29,83
DEV_002_2024-09-28 18:00:00,2024-09-28 18:00:00,DEV_002,80,63,88
DEV_002_2024-09-28 21:00:00,2024-09-28 21:00:00,DEV_002,90,43,46
DEV_002_2024-09-29 00:00:00,2024-09-29 00:00:00,DEV_002,24,9,24
DEV_002_2024-09-29 03:00:00,2024-09-29 03:00:00,DEV_002,45,97,33
DEV_002_2024-09-29 06:00:00,2024-09-29 06:00:00,DEV_002,2,9,5
DEV_002_2024-09-29 09:00:00,2024-09-29 09:00:00,DEV_002,68,58,65
DEV_002_2024-09-29 12:00:00,2024-09-29 12:00:00,DEV_002,81,71,46
DEV_002_2024-09-29 15:00:00,2024-09-29 15:00:00,DEV_002,91,75,76
DEV_002_2024-09-29 18:00:00,2024-09-29 18:00:00,DEV_002,23,71,19
DEV_002_2024-09-29 21:00:00,2024-09-29 21:00:00,DEV_002,51,94,26
DEV_002_2024-09-30 00:00:00,2024-09-30 00:00:00,DEV_002,53,64,36
DEV_002_2024-09-30 03:00:00,2024-09-30 03:00:00,DEV_002,34,7,46
DEV_002_2024-09-30 06:00:00,2024-09-30 06:00:00,DEV_002,55,81,56
DEV_002_2024-09-30 09:00:00,2024-09-30 09:00:00,DEV_002,38,70,68
DEV_002_2024-09-30 12:00:00,2024-09-30 12:00:00,DEV_002,70,37,93
DEV_002_2024-09-30 15:00:00,2024-09-30 15:00:00,DEV_002,47,62,86
DEV_002_2024-09-30 18:00:00,2024-09-30 18:00:00,DEV_002,79,7,85
DEV_002_2024-09-30 21:00:00,2024-09-30 21:00:00,DEV_002,9,38,93
DEV_002_2024-10-01 00:00:00,2024-10-01 00:00:00,DEV_002,34,92,75
DEV_002_2024-10-01 03:00:00,2024-10-01 03:00:00,DEV_002,64,11,39
DEV_002_2024-10-01 06:00:00,2024-10-01 06:00:00,DEV_002,55,69,24
DEV_002_2024-10-01 09:00:00,2024-10-01 09:00:00,DEV_002,40,29,48
DEV_002_2024-10-01 12:00:00,2024-10-01 12:00:00,DEV_002,91,47,27
DEV_002_2024-10-01 15:00:00,2024-10-01 15:00:00,DEV_002,57,49,56
DEV_002_2024-10-01 18:00:00,2024-10-01 18:00:00,DEV_002,6,13,49
DEV_002_2024-10-01 21:00:00,2024-10-01 21:00:00,DEV_002,35,76,37
DEV_002_2024-10-02 00:00:00,2024-10-02 00:00:00,DEV_002,38,37,41
DEV_002_2024-10-02 03:00:00,2024-10-02 03:00:00,DEV_002,27,43,22
DEV_002_2024-10-02 06:00:00,2024-10-02 06:00:00,DEV_002,91,85,14
DEV_002_2024-10-02 09:00:00,2024-10-02 09:00:00,DEV_002,52,27,57
DEV_002_2024-10-02 12:00:00,2024-10-02 12:00:00,DEV_002,87,56,75
DEV_002_2024-10-02 15:00:00,2024-10-02 15:00:00,DEV_002,40,30,29
DEV_002_2024-10-02 18:00:00,2024-10-02 18:00:00,DEV_002,17,9,40
DEV_002_2024-10-02 21:00:00,2024-10-02 21:00:00,DEV_002,88,91,40
DEV_002_2024-10-03 00:00:00,2024-10-03 00:00:00,DEV_002,6,73,21
DEV_002_2024-10-03 03:00:00,2024-10-03 03:00:00,DEV_002,50,83,5
DEV_002_2024-10-03 06:00:00,2024-10-03 06:00:00,DEV_002,41,91,34
DEV_002_2024-10-03 09:00:00,2024-10-03 09:00:00,DEV_002,79,65,7
DEV_002_2024-10-03 12:00:00,2024-10-03 12:00:00,DEV_002,41,82,55
DEV_002_2024-10-03 15:00:00,2024-10-03 15:00:00,DEV_002,27,88,60
DEV_002_2024-10-03 18:00:00,2024-10-03 18:00:00,DEV_002,23,32,45
DEV_002_2024-10-03 21:00:00,2024-10-03 21:00:00,DEV_002,31,57,50
DEV_002_2024-10-04 00:00:00,2024-10-04 00:00:00,DEV_002,5,46,14
DEV_002_2024-10-04 03:00:00,2024-10-04 03:00:00,DEV_002,18,41,54
DEV_002_2024-10-04 06:00:00,2024-10-04 06:00:00,DEV_002,81,76,6
DEV_002_2024-10-04 09:00:00,2024-10-04 09:00:00,DEV_002,30,60,55
DEV_002_2024-10-04 12:00:00,2024-10-04 12:00:00,DEV_002,35,94,17
DEV_002_2024-10-04 15:00:00,2024-10-04 15:00:00,DEV_002,45,91,19
DEV_002_2024-10-04 18:00:00,2024-10-04 18:00:00,DEV_002,12,85,21
DEV_002_2024-10-04 21:00:00,2024-10-04 21:00:00,DEV_002,7,94,54
DEV_002_2024-10-05 00:00:00,2024-10-05 00:00:00,DEV_002,95,62,48
DEV_002_2024-10-05 03:00:00,2024-10-05 03:00:00,DEV_002,50,28,41
DEV_002_2024-10-05 06:00:00,2024-10-05 06:00:00,DEV_002,3,8,16
DEV_002_2024-10-05 09:00:00,2024-10-05 09:00:00,DEV_002,87,17,29
DEV_002_2024-10-05 12:00:00,2024-10-05 12:00:00,DEV_002,92,74,5
DEV_002_2024-10-05 15:00:00,2024-10-05 15:00:00,DEV_002,55,30,51
DEV_002_2024-10-05 18:00:00,2024-10-05 18:00:00,DEV_002,37,11,38
DEV_002_2024-10-05 21:00:00,2024-10-05 21:00:00,DEV_002,39,26,97
DEV_002_2024-10-06 00:00:00,2024-10-06 00:00:00,DEV_002,60,96,83
DEV_002_2024-10-06 03:00:00,2024-10-06 03:00:00,DEV_002,37,74,15
DEV_002_2024-10-06 06:00:00,2024-10-06 06:00:00,DEV_002,42,19,82
DEV_002_2024-10-06 09:00:00,2024-10-06 09:00:00,DEV_002,75,64,99
DEV_002_2024-10-06 12:00:00,2024-10-06 12:00:00,DEV_002,6,91,83
DEV_002_2024-10-06 15:00:00,2024-10-06 15:00:00,DEV_002,64,16,40
DEV_002_2024-10-06 18:00:00,2024-10-06 18:00:00,DEV_002,99,90,28
DEV_002_2024-10-06 21:00:00,2024-10-06 21:00:00,DEV_002,35,32,74
DEV_002_2024-10-07 00:00:00,2024-10-07 00:00:00,DEV_002,58,23,24
DEV_002_2024-10-07 03:00:00,2024-10-07 03:00:00,DEV_002,54,60,28
DEV_002_2024-10-07 06:00:00,2024-10-07 06:00:00,DEV_002,24,81,72
DEV_002_2024-10-07 09:00:00,2024-10-07 09:00:00,DEV_002,99,74,14
DEV_002_2024-10-07 12:00:00,2024-10-07 12:00:00,DEV_002,33,49,57
DEV_002_2024-10-07 15:00:00,2024-10-07 15:00:00,DEV_002,10,29,21
DEV_002_2024-10-07 18:00:00,2024-10-07 18:00:00,DEV_002,59,29,32
DEV_002_2024-10-07 21:00:00,2024-10-07 21:00:00,DEV_002,38,9,34
DEV_002_2024-10-08 00:00:00,2024-10-08 00:00:00,DEV_002,46,93,39
DEV_002_2024-10-08 03:00:00,2024-10-08 03:00:00,DEV_002,79,87,84
DEV_002_2024-10-08 06:00:00,2024-10-08 06:00:00,DEV_002,34,13,7
DEV_002_2024-10-08 09:00:00,2024-10-08 09:00:00,DEV_002,67,44,24
DEV_002_2024-10-08 12:00:00,2024-10-08 12:00:00,DEV_002,5,50,9
DEV_002_2024-10-08 15:00:00,2024-10-08 15:00:00,DEV_002,61,40,29
DEV_002_2024-10-08 18:00:00,2024-10-08 18:00:00,DEV_002,43,58,30
DEV_002_2024-10-08 21:00:00,2024-10-08 21:00:00,DEV_002,41,8,15
DEV_002_2024-10-09 00:00:00,2024-10-09 00:00:00,DEV_002,91,53,87
DEV_002_2024-10-09 03:00:00,2024-10-09 03:00:00,DEV_002,22,65,65
DEV_002_2024-10-09 06:00:00,2024-10-09 06:00:00,DEV_002,61,32,55
DEV_002_2024-10-09 09:00:00,2024-10-09 09:00:00,DEV_002,33,7,11
DEV_002_2024-10-09 12:00:00,2024-10-09 12:00:00,DEV_002,74,97,82
DEV_002_2024-10-09 15:00:00,2024-10-09 15:00:00,DEV_002,7,14,64
DEV_002_2024-10-09 18:00:00,2024-10-09 18:00:00,DEV_002,8,51,1
DEV_002_2024-10-09 21:00:00,2024-10-09 21:00:00,DEV_002,96,89,29
DEV_002_2024-10-10 00:00:00,2024-10-10 00:00:00,DEV_002,75,55,46
DEV_002_2024-10-10 03:00:00,2024-10-10 03:00:00,DEV_002,6,36,94
DEV_002_2024-10-10 06:00:00,2024-10-10 06:00:00,DEV_002,47,92,78
DEV_002_2024-10-10 09:00:00,2024-10-10 09:00:00,DEV_002,45,46,24
DEV_002_2024-10-10 12:00:00,2024-10-10 12:00:00,DEV_002,39,73,32
DEV_002_2024-10-10 15:00:00,2024-10-10 15:00:00,DEV_002,39,22,51
DEV_002_2024-10-10 18:00:00,2024-10-10 18:00:00,DEV_002,9,20,18
DEV_002_2024-10-10 21:00:00,2024-10-10 21:00:00,DEV_002,75,33,31
DEV_002_2024-10-11 00:00:00,2024-10-11 00:00:00,DEV_002,92,36,2
DEV_002_2024-10-11 03:00:00,2024-10-11 03:00:00,DEV_002,66,81,13
DEV_002_2024-10-11 06:00:00,2024-10-11 06:00:00,DEV_002,22,23,33
DEV_002_2024-10-11 09:00:00,2024-10-11 09:00:00,DEV_002,1,36,39
DEV_002_2024-10-11 12:00:00,2024-10-11 12:00:00,DEV_002,61,35,13
DEV_002_2024-10-11 15:00:00,2024-10-11 15:00:00,DEV_002,86,96,63
DEV_002_2024-10-11 18:00:00,2024-10-11 18:00:00,DEV_002,43,87,67
DEV_002_2024-10-11 21:00:00,2024-10-11 21:00:00,DEV_002,11,29,53
DEV_002_2024-10-12 00:00:00,2024-10-12 00:00:00,DEV_002,41,90,77
DEV_002_2024-10-12 03:00:00,2024-10-12 03:00:00,DEV_002,38,80,3
DEV_002_2024-10-12 06:00:00,2024-10-12 06:00:00,DEV_002,85,44,63
DEV_002_2024-10-12 09:00:00,2024-10-12 09:00:00,DEV_002,6,37,79
DEV_002_2024-10-12 12:00:00,2024-10-12 12:00:00,DEV_002,89,29,95
DEV_002_2024-10-12 15:00:00,2024-10-12 15:00:00,DEV_002,77,87,29
DEV_002_2024-10-12 18:00:00,2024-10-12 18:00:00,DEV_002,30,94,99
DEV_002_2024-10-12 21:00:00,2024-10-12 21:00:00,DEV_002,77,6,54
DEV_002_2024-10-13 00:00:00,2024-10-13 00:00:00,DEV_002,51,26,12
DEV_002_2024-10-13 03:00:00,2024-10-13 03:00:00,DEV_002,17,84,98
DEV_002_2024-10-13 06:00:00,2024-10-13 06:00:00,DEV_002,46,16,46
DEV_002_2024-10-13 09:00:00,2024-10-13 09:00:00,DEV_002,20,78,80
DEV_002_2024-10-13 12:00:00,2024-10-13 12:00:00,DEV_002,6,62,87
DEV_002_2024-10-13 15:00:00,2024-10-13 15:00:00,DEV_002,3,90,12
DEV_002_2024-10-13 18:00:00,2024-10-13 18:00:00,DEV_002,68,7,25
DEV_002_2024-10-13 21:00:00,2024-10-13 21:00:00,DEV_002,40,1,72
DEV_002_2024-10-14 00:00:00,2024-10-14 00:00:00,DEV_002,98,68,81
DEV_002_2024-10-14 03:00:00,2024-10-14 03:00:00,DEV_002,62,94,19
DEV_002_2024-10-14 06:00:00,2024-10-14 06:00:00,DEV_002,5,50,49
DEV_002_2024-10-14 09:00:00,2024-10-14 09:00:00,DEV_002,59,73,83
DEV_002_2024-10-14 12:00:00,2024-10-14 12:00:00,DEV_002,94,60,65
DEV_002_2024-10-14 15:00:00,2024-10-14 15:00:00,DEV_002,86,4,36
DEV_002_2024-10-14 18:00:00,2024-10-14 18:00:00,DEV_002,97,17,99
DEV_002_2024-10-14 21:00:00,2024-10-14 21:00:00,DEV_002,46,30,8
DEV_002_2024-10-15 00:00:00,2024-10-15 00:00:00,DEV_002,93,68,46
DEV_002_2024-10-15 03:00:00,2024-10-15 03:00:00,DEV_002,75,46,82
DEV_002_2024-10-15 06:00:00,2024-10-15 06:00:00,DEV_002,96,79,72
DEV_002_2024-10-15 09:00:00,2024-10-15 09:00:00,DEV_002,9,3,96
DEV_002_2024-10-15 12:00:00,2024-10-15 12:00:00,DEV_002,79,22,6
DEV_002_2024-10-15 15:00:00,2024-10-15 15:00:00,DEV_002,11,85,58
DEV_002_2024-10-15 18:00:00,2024-10-15 18:00:00,DEV_002,17,15,20
DEV_002_2024-10-15 21:00:00,2024-10-15 21:00:00,DEV_002,4,36,68
DEV_002_2024-10-16 00:00:00,2024-10-16 00:00:00,DEV_002,1,78,55
DEV_002_2024-10-16 03:00:00,2024-10-16 03:00:00,DEV_002,94,43,60
DEV_002_2024-10-16 06:00:00,2024-10-16 06:00:00,DEV_002,70,79,40
DEV_002_2024-10-16 09:00:00,2024-10-16 09:00:00,DEV_002,3,31,97
DEV_002_2024-10-16 12:00:00,2024-10-16 12:00:00,DEV_002,68,11,23
DEV_002_2024-10-16 15:00:00,2024-10-16 15:00:00,DEV_002,71,97,10
DEV_002_2024-10-16 18:00:00,2024-10-16 18:00:00,DEV_002,38,83,92
DEV_002_2024-10-16 21:00:00,2024-10-16 21:00:00,DEV_002,87,87,16
DEV_002_2024-10-17 00:00:00,2024-10-17 00:00:00,DEV_002,15,11,52
DEV_002_2024-10-17 03:00:00,2024-10-17 03:00:00,DEV_002,34,99,14
DEV_002_2024-10-17 06:00:00,2024-10-17 06:00:00,DEV_002,25,59,23
DEV_002_2024-10-17 09:00:00,2024-10-17 09:00:00,DEV_002,85,34,96
DEV_002_2024-10-17 12:00:00,2024-10-17 12:00:00,DEV_002,85,92,88
DEV_002_2024-10-17 15:00:00,2024-10-17 15:00:00,DEV_002,33,41,37
DEV_002_2024-10-17 18:00:00,2024-10-17 18:00:00,DEV_002,78,30,40
DEV_002_2024-10-17 21:00:00,2024-10-17 21:00:00,DEV_002,18,9,85
DEV_002_2024-10-18 00:00:00,2024-10-18 00:00:00,DEV_002,28,21,45
DEV_002_2024-10-18 03:00:00,2024-10-18 03:00:00,DEV_002,62,5,84
DEV_002_2024-10-18 06:00:00,2024-10-18 06:00:00,DEV_002,90,86,74
DEV_002_2024-10-18 09:00:00,2024-10-18 09:00:00,DEV_002,50,9,90
DEV_002_2024-10-18 12:00:00,2024-10-18 12:00:00,DEV_002,80,54,70
DEV_002_2024-10-18 15:00:00,2024-10-18 15:00:00,DEV_002,19,86,5
DEV_002_2024-10-18 18:00:00,2024-10-18 18:00:00,DEV_002,46,80,70
DEV_002_2024-10-18 21:00:00,2024-10-18 21:00:00,DEV_002,74,98,50
DEV_002_2024-10-19 00:00:00,2024-10-19 00:00:00,DEV_002,83,91,61
DEV_002_2024-10-19 03:00:00,2024-10-19 03:00:00,DEV_002,48,39,46
DEV_002_2024-10-19 06:00:00,2024-10-19 06:00:00,DEV_002,77,43,51
DEV_002_2024-10-19 09:00:00,2024-10-19 09:00:00,DEV_002,44,21,37
DEV_002_2024-10-19 12:00:00,2024-10-19 12:00:00,DEV_002,44,42,40
DEV_002_2024-10-19 15:00:00,2024-10-19 15:00:00,DEV_002,92,31,60
DEV_002_2024-10-19 18:00:00,2024-10-19 18:00:00,DEV_002,24,20,99
DEV_002_2024-10-19 21:00:00,2024-10-19 21:00:00,DEV_002,4,55,8
DEV_002_2024-10-20 00:00:00,2024-10-20 00:00:00,DEV_002,94,16,56
DEV_002_2024-10-20 03:00:00,2024-10-20 03:00:00,DEV_002,29,11,75
DEV_002_2024-10-20 06:00:00,2024-10-20 06:00:00,DEV_002,49,48,98
DEV_002_2024-10-20 09:00:00,2024-10-20 09:00:00,DEV_002,38,99,94
DEV_002_2024-10-20 12:00:00,2024-10-20 12:00:00,DEV_002,63,95,36
DEV_002_2024-10-20 15:00:00,2024-10-20 15:00:00,DEV_002,57,73,57
DEV_002_2024-10-20 18:00:00,2024-10-20 18:00:00,DEV_002,88,89,68
DEV_002_2024-10-20 21:00:00,2024-10-20 21:00:00,DEV_002,77,49,21
DEV_002_2024-10-21 00:00:00,2024-10-21 00:00:00,DEV_002,25,80,29
DEV_002_2024-10-21 03:00:00,2024-10-21 03:00:00,DEV_002,72,41,53
DEV_002_2024-10-21 06:00:00,2024-10-21 06:00:00,DEV_002,17,36,24
DEV_002_2024-10-21 09:00:00,2024-10-21 09:00:00,DEV_002,25,71,99
DEV_002_2024-10-21 12:00:00,2024-10-21 12:00:00,DEV_002,6,86,6
DEV_002_2024-10-21 15:00:00,2024-10-21 15:00:00,DEV_002,68,51,75
DEV_002_2024-10-21 18:00:00,2024-10-21 18:00:00,DEV_002,18,66,13
DEV_002_2024-10-21 21:00:00,2024-10-21 21:00:00,DEV_002,14,78,46
DEV_002_2024-10-22 00:00:00,2024-10-22 00:00:00,DEV_002,64,21,10
DEV_002_2024-10-22 03:00:00,2024-10-22 03:00:00,DEV_002,30,22,56
DEV_002_2024-10-22 06:00:00,2024-10-22 06:00:00,DEV_002,31,48,53
DEV_002_2024-10-22 09:00:00,2024-10-22 09:00:00,DEV_002,97,71,80
DEV_002_2024-10-22 12:00:00,2024-10-22 12:00:00,DEV_002,6,32,1
DEV_002_2024-10-22 15:00:00,2024-10-22 15:00:00,DEV_002,28,97,89
DEV_002_2024-10-22 18:00:00,2024-10-22 18:00:00,DEV_002,23,56,97
DEV_002_2024-10-22 21:00:00,2024-10-22 21:00:00,DEV_002,34,29,74
DEV_002_2024-10-23 00:00:00,2024-10-23 00:00:00,DEV_002,70,20,43
DEV_002_2024-10-23 03:00:00,2024-10-23 03:00:00,DEV_002,17,20,90
DEV_002_2024-10-23 06:00:00,2024-10-23 06:00:00,DEV_002,41,2,21
DEV_002_2024-10-23 09:00:00,2024-10-23 09:00:00,DEV_002,37,89,53
DEV_002_2024-10-23 12:00:00,2024-10-23 12:00:00,DEV_002,64,73,43
DEV_002_2024-10-23 15:00:00,2024-10-23 15:00:00,DEV_002,73,82,23
DEV_002_2024-10-23 18:00:00,2024-10-23 18:00:00,DEV_002,54,72,68
DEV_002_2024-10-23 21:00:00,2024-10-23 21:00:00,DEV_002,91,51,21
DEV_002_2024-10-24 00:00:00,2024-10-24 00:00:00,DEV_002,22,48,93
DEV_002_2024-10-24 03:00:00,2024-10-24 03:00:00,DEV_002,99,23,6
DEV_002_2024-10-24 06:00:00,2024-10-24 06:00:00,DEV_002,4,62,1
DEV_002_2024-10-24 09:00:00,2024-10-24 09:00:00,DEV_002,75,49,17
DEV_002_2024-10-24 12:00:00,2024-10-24 12:00:00,DEV_002,48,57,76
DEV_002_2024-10-24 15:00:00,2024-10-24 15:00:00,DEV_002,2,9,22
DEV_002_2024-10-24 18:00:00,2024-10-24 18:00:00,DEV_002,16,18,62
DEV_002_2024-10-24 21:00:00,2024-10-24 21:00:00,DEV_002,33,31,21
DEV_002_2024-10-25 00:00:00,2024-10-25 00:00:00,DEV_002,17,34,43
DEV_002_2024-10-25 03:00:00,2024-10-25 03:00:00,DEV_002,38,65,54
DEV_002_2024-10-25 06:00:00,2024-10-25 06:00:00,DEV_002,90,62,60
DEV_002_2024-10-25 09:00:00,2024-10-25 09:00:00,DEV_002,63,98,41
DEV_002_2024-10-25 12:00:00,2024-10-25 12:00:00,DEV_002,28,8,12
DEV_002_2024-10-25 15:00:00,2024-10-25 15:00:00,DEV_002,74,58,83
DEV_002_2024-10-25 18:00:00,2024-10-25 18:00:00,DEV_002,50,62,10
DEV_002_2024-10-25 21:00:00,2024-10-25 21:00:00,DEV_002,52,40,74
DEV_002_2024-10-26 00:00:00,2024-10-26 00:00:00,DEV_002,61,55,6
DEV_002_2024-10-26 03:00:00,2024-10-26 03:00:00,DEV_002,47,28,35
DEV_002_2024-10-26 06:00:00,2024-10-26 06:00:00,DEV_002,86,21,21
DEV_002_2024-10-26 09:00:00,2024-10-26 09:00:00,DEV_002,37,40,97
DEV_002_2024-10-26 12:00:00,2024-10-26 12:00:00,DEV_002,47,63,15
DEV_002_2024-10-26 15:00:00,2024-10-26 15:00:00,DEV_002,55,60,18
DEV_002_2024-10-26 18:00:00,2024-10-26 18:00:00,DEV_002,39,5,62
DEV_002_2024-10-26 21:00:00,2024-10-26 21:00:00,DEV_002,85,55,34
DEV_002_2024-10-27 00:00:00,2024-10-27 00:00:00,DEV_002,28,44,3
DEV_002_2024-10-27 03:00:00,2024-10-27 03:00:00,DEV_002,36,3,16
DEV_002_2024-10-27 06:00:00,2024-10-27 06:00:00,DEV_002,53,55,33
DEV_002_2024-10-27 09:00:00,2024-10-27 09:00:00,DEV_002,60,81,55
DEV_002_2024-10-27 12:00:00,2024-10-27 12:00:00,DEV_002,18,4,22
DEV_002_2024-10-27 15:00:00,2024-10-27 15:00:00,DEV_002,9,7,56
DEV_002_2024-10-27 18:00:00,2024-10-27 18:00:00,DEV_002,60,30,19
DEV_002_2024-10-27 21:00:00,2024-10-27 21:00:00,DEV_002,60,58,41
DEV_002_2024-10-28 00:00:00,2024-10-28 00:00:00,DEV_002,89,28,56
DEV_002_2024-10-28 03:00:00,2024-10-28 03:00:00,DEV_002,26,72,35
DEV_002_2024-10-28 06:00:00,2024-10-28 06:00:00,DEV_002,49,80,49
DEV_002_2024-10-28 09:00:00,2024-10-28 09:00:00,DEV_002,62,75,34
DEV_002_2024-10-28 12:00:00,2024-10-28 12:00:00,DEV_002,47,18,19
DEV_002_2024-10-28 15:00:00,2024-10-28 15:00:00,DEV_002,7,23,67
DEV_002_2024-10-28 18:00:00,2024-10-28 18:00:00,DEV_002,3,53,29
DEV_002_2024-10-28 21:00:00,2024-10-28 21:00:00,DEV_002,97,87,68
DEV_002_2024-10-29 00:00:00,2024-10-29 00:00:00,DEV_002,41,55,59
DEV_002_2024-10-29 03:00:00,2024-10-29 03:00:00,DEV_002,66,79,39
DEV_002_2024-10-29 06:00:00,2024-10-29 06:00:00,DEV_002,45,54,31
DEV_002_2024-10-29 09:00:00,2024-10-29 09:00:00,DEV_002,13,38,27
DEV_002_2024-10-29 12:00:00,2024-10-29 12:00:00,DEV_002,36,28,35
DEV_002_2024-10-29 15:00:00,2024-10-29 15:00:00,DEV_002,82,73,29
DEV_002_2024-10-29 18:00:00,2024-10-29 18:00:00,DEV_002,2,38,94
DEV_002_2024-10-29 21:00:00,2024-10-29 21:00:00,DEV_002,61,92,92
DEV_002_2024-10-30 00:00:00,2024-10-30 00:00:00,DEV_002,37,97,71
DEV_002_2024-10-30 03:00:00,2024-10-30 03:00:00,DEV_002,91,63,60
DEV_002_2024-10-30 06:00:00,2024-10-30 06:00:00,DEV_002,73,83,36
DEV_002_2024-10-30 09:00:00,2024-10-30 09:00:00,DEV_002,7,35,46
DEV_002_2024-10-30 12:00:00,2024-10-30 12:00:00,DEV_002,5,60,87
DEV_002_2024-10-30 15:00:00,2024-10-30 15:00:00,DEV_002,52,72,59
DEV_002_2024-10-30 18:00:00,2024-10-30 18:00:00,DEV_002,38,93,35
DEV_002_2024-10-30 21:00:00,2024-10-30 21:00:00,DEV_002,88,99,95
DEV_002_2024-10-31 00:00:00,2024-10-31 00:00:00,DEV_002,99,20,42
DEV_002_2024-10-31 03:00:00,2024-10-31 03:00:00,DEV_002,96,76,69
DEV_002_2024-10-31 06:00:00,2024-10-31 06:00:00,DEV_002,2,40,40
DEV_002_2024-10-31 09:00:00,2024-10-31 09:00:00,DEV_002,42,35,36
DEV_002_2024-10-31 12:00:00,2024-10-31 12:00:00,DEV_002,74,93,16
DEV_002_2024-10-31 15:00:00,2024-10-31 15:00:00,DEV_002,91,29,98
DEV_002_2024-10-31 18:00:00,2024-10-31 18:00:00,DEV_002,11,95,58
DEV_002_2024-10-31 21:00:00,2024-10-31 21:00:00,DEV_002,38,24,55
DEV_002_2024-11-01 00:00:00,2024-11-01 00:00:00,DEV_002,88,34,84
DEV_002_2024-11-01 03:00:00,2024-11-01 03:00:00,DEV_002,55,65,79
DEV_002_2024-11-01 06:00:00,2024-11-01 06:00:00,DEV_002,6,86,36
DEV_002_2024-11-01 09:00:00,2024-11-01 09:00:00,DEV_002,31,77,27
DEV_002_2024-11-01 12:00:00,2024-11-01 12:00:00,DEV_002,3,2,65
DEV_002_2024-11-01 15:00:00,2024-11-01 15:00:00,DEV_002,35,84,61
DEV_002_2024-11-01 18:00:00,2024-11-01 18:00:00,DEV_002,12,28,60
DEV_002_2024-11-01 21:00:00,2024-11-01 21:00:00,DEV_002,64,51,87
DEV_002_2024-11-02 00:00:00,2024-11-02 00:00:00,DEV_002,16,66,66
DEV_002_2024-11-02 03:00:00,2024-11-02 03:00:00,DEV_002,47,38,71
DEV_002_2024-11-02 06:00:00,2024-11-02 06:00:00,DEV_002,72,41,85
DEV_002_2024-11-02 09:00:00,2024-11-02 09:00:00,DEV_002,70,77,62
DEV_002_2024-11-02 12:00:00,2024-11-02 12:00:00,DEV_002,79,87,49
DEV_002_2024-11-02 15:00:00,2024-11-02 15:00:00,DEV_002,70,46,21
DEV_002_2024-11-02 18:00:00,2024-11-02 18:00:00,DEV_002,47,57,99
DEV_002_2024-11-02 21:00:00,2024-11-02 21:00:00,DEV_002,35,58,28
DEV_002_2024-11-03 00:00:00,2024-11-03 00:00:00,DEV_002,79,78,80
DEV_002_2024-11-03 03:00:00,2024-11-03 03:00:00,DEV_002,29,44,44
DEV_002_2024-11-03 06:00:00,2024-11-03 06:00:00,DEV_002,75,39,59
DEV_002_2024-11-03 09:00:00,2024-11-03 09:00:00,DEV_002,25,6,48
DEV_002_2024-11-03 12:00:00,2024-11-03 12:00:00,DEV_002,16,54,31
DEV_002_2024-11-03 15:00:00,2024-11-03 15:00:00,DEV_002,98,19,92
DEV_002_2024-11-03 18:00:00,2024-11-03 18:00:00,DEV_002,61,80,44
DEV_002_2024-11-03 21:00:00,2024-11-03 21:00:00,DEV_002,21,34,86
DEV_002_2024-11-04 00:00:00,2024-11-04 00:00:00,DEV_002,56,44,22
DEV_002_2024-11-04 03:00:00,2024-11-04 03:00:00,DEV_002,68,79,42
DEV_002_2024-11-04 06:00:00,2024-11-04 06:00:00,DEV_002,30,85,15
DEV_002_2024-11-04 09:00:00,2024-11-04 09:00:00,DEV_002,3,25,22
DEV_002_2024-11-04 12:00:00,2024-11-04 12:00:00,DEV_002,28,5,34
DEV_002_2024-11-04 15:00:00,2024-11-04 15:00:00,DEV_002,47,76,57
DEV_002_2024-11-04 18:00:00,2024-11-04 18:00:00,DEV_002,2,84,28
DEV_002_2024-11-04 21:00:00,2024-11-04 21:00:00,DEV_002,56,89,53
DEV_002_2024-11-05 00:00:00,2024-11-05 00:00:00,DEV_002,58,60,72
DEV_002_2024-11-05 03:00:00,2024-11-05 03:00:00,DEV_002,41,7,60
DEV_002_2024-11-05 06:00:00,2024-11-05 06:00:00,DEV_002,59,50,74
DEV_002_2024-11-05 09:00:00,2024-11-05 09:00:00,DEV_002,89,32,80
DEV_002_2024-11-05 12:00:00,2024-11-05 12:00:00,DEV_002,2,78,3
DEV_002_2024-11-05 15:00:00,2024-11-05 15:00:00,DEV_002,85,15,16
DEV_002_2024-11-05 18:00:00,2024-11-05 18:00:00,DEV_002,98,26,31
DEV_002_2024-11-05 21:00:00,2024-11-05 21:00:00,DEV_002,86,49,54
DEV_002_2024-11-06 00:00:00,2024-11-06 00:00:00,DEV_002,29,9,92
DEV_002_2024-11-06 03:00:00,2024-11-06 03:00:00,DEV_002,47,17,32
DEV_002_2024-11-06 06:00:00,2024-11-06 06:00:00,DEV_002,6,43,48
DEV_002_2024-11-06 09:00:00,2024-11-06 09:00:00,DEV_002,44,20,68
DEV_002_2024-11-06 12:00:00,2024-11-06 12:00:00,DEV_002,83,40,87
DEV_002_2024-11-06 15:00:00,2024-11-06 15:00:00,DEV_002,51,71,56
DEV_002_2024-11-06 18:00:00,2024-11-06 18:00:00,DEV_002,90,2,43
DEV_002_2024-11-06 21:00:00,2024-11-06 21:00:00,DEV_002,41,43,46
DEV_002_2024-11-07 00:00:00,2024-11-07 00:00:00,DEV_002,5,88,46
DEV_002_2024-11-07 03:00:00,2024-11-07 03:00:00,DEV_002,57,71,72
DEV_002_2024-11-07 06:00:00,2024-11-07 06:00:00,DEV_002,23,65,7
DEV_002_2024-11-07 09:00:00,2024-11-07 09:00:00,DEV_002,6,89,65
DEV_002_2024-11-07 12:00:00,2024-11-07 12:00:00,DEV_002,97,45,21
DEV_002_2024-11-07 15:00:00,2024-11-07 15:00:00,DEV_002,93,79,86
DEV_002_2024-11-07 18:00:00,2024-11-07 18:00:00,DEV_002,32,38,81
DEV_002_2024-11-07 21:00:00,2024-11-07 21:00:00,DEV_002,13,38,44
DEV_002_2024-11-08 00:00:00,2024-11-08 00:00:00,DEV_002,87,69,19
DEV_002_2024-11-08 03:00:00,2024-11-08 03:00:00,DEV_002,81,82,26
DEV_002_2024-11-08 06:00:00,2024-11-08 06:00:00,DEV_002,73,60,59
DEV_002_2024-11-08 09:00:00,2024-11-08 09:00:00,DEV_002,91,54,85
DEV_002_2024-11-08 12:00:00,2024-11-08 12:00:00,DEV_002,90,89,14
DEV_002_2024-11-08 15:00:00,2024-11-08 15:00:00,DEV_002,10,69,19
DEV_002_2024-11-08 18:00:00,2024-11-08 18:00:00,DEV_002,17,6,11
DEV_002_2024-11-08 21:00:00,2024-11-08 21:00:00,DEV_002,93,46,55
DEV_002_2024-11-09 00:00:00,2024-11-09 00:00:00,DEV_002,32,34,84
DEV_002_2024-11-09 03:00:00,2024-11-09 03:00:00,DEV_002,1,82,86
DEV_002_2024-11-09 06:00:00,2024-11-09 06:00:00,DEV_002,62,75,79
DEV_002_2024-11-09 09:00:00,2024-11-09 09:00:00,DEV_002,81,23,78
DEV_002_2024-11-09 12:00:00,2024-11-09 12:00:00,DEV_002,88,18,67
DEV_002_2024-11-09 15:00:00,2024-11-09 15:00:00,DEV_002,61,58,71
DEV_002_2024-11-09 18:00:00,2024-11-09 18:00:00,DEV_002,18,76,90
DEV_002_2024-11-09 21:00:00,2024-11-09 21:00:00,DEV_002,56,43,49
DEV_002_2024-11-10 00:00:00,2024-11-10 00:00:00,DEV_002,63,2,88
DEV_002_2024-11-10 03:00:00,2024-11-10 03:00:00,DEV_002,8,18,20
DEV_002_2024-11-10 06:00:00,2024-11-10 06:00:00,DEV_002,57,20,7
DEV_002_2024-11-10 09:00:00,2024-11-10 09:00:00,DEV_002,15,39,58
DEV_002_2024-11-10 12:00:00,2024-11-10 12:00:00,DEV_002,18,89,36
DEV_002_2024-11-10 15:00:00,2024-11-10 15:00:00,DEV_002,2,89,69
DEV_002_2024-11-10 18:00:00,2024-11-10 18:00:00,DEV_002,55,67,92
DEV_002_2024-11-10 21:00:00,2024-11-10 21:00:00,DEV_002,9,60,2
DEV_002_2024-11-11 00:00:00,2024-11-11 00:00:00,DEV_002,86,67,31
DEV_002_2024-11-11 03:00:00,2024-11-11 03:00:00,DEV_002,89,34,3
DEV_002_2024-11-11 06:00:00,2024-11-11 06:00:00,DEV_002,27,75,19
DEV_002_2024-11-11 09:00:00,2024-11-11 09:00:00,DEV_002,37,53,38
DEV_002_2024-11-11 12:00:00,2024-11-11 12:00:00,DEV_002,94,9,26
DEV_002_2024-11-11 15:00:00,2024-11-11 15:00:00,DEV_002,83,41,88
DEV_002_2024-11-11 18:00:00,2024-11-11 18:00:00,DEV_002,13,70,20
DEV_002_2024-11-11 21:00:00,2024-11-11 21:00:00,DEV_002,97,92,46
DEV_002_2024-11-12 00:00:00,2024-11-12 00:00:00,DEV_002,90,95,20
DEV_002_2024-11-12 03:00:00,2024-11-12 03:00:00,DEV_002,56,16,94
DEV_002_2024-11-12 06:00:00,2024-11-12 06:00:00,DEV_002,29,85,87
DEV_002_2024-11-12 09:00:00,2024-11-12 09:00:00,DEV_002,54,51,86
DEV_002_2024-11-12 12:00:00,2024-11-12 12:00:00,DEV_002,7,64,14
DEV_002_2024-11-12 15:00:00,2024-11-12 15:00:00,DEV_002,41,64,1
DEV_002_2024-11-12 18:00:00,2024-11-12 18:00:00,DEV_002,82,8,51
DEV_002_2024-11-12 21:00:00,2024-11-12 21:00:00,DEV_002,76,6,18
DEV_002_2024-11-13 00:00:00,2024-11-13 00:00:00,DEV_002,41,69,5
DEV_002_2024-11-13 03:00:00,2024-11-13 03:00:00,DEV_002,80,66,99
DEV_002_2024-11-13 06:00:00,2024-11-13 06:00:00,DEV_002,18,37,3
DEV_002_2024-11-13 09:00:00,2024-11-13 09:00:00,DEV_002,97,42,85
DEV_002_2024-11-13 12:00:00,2024-11-13 12:00:00,DEV_002,28,44,15
DEV_002_2024-11-13 15:00:00,2024-11-13 15:00:00,DEV_002,34,69,60
DEV_002_2024-11-13 18:00:00,2024-11-13 18:00:00,DEV_002,87,33,51
DEV_002_2024-11-13 21:00:00,2024-11-13 21:00:00,DEV_002,46,97,71
DEV_002_2024-11-14 00:00:00,2024-11-14 00:00:00,DEV_002,60,52,22
DEV_002_2024-11-14 03:00:00,2024-11-14 03:00:00,DEV_002,15,50,51
DEV_002_2024-11-14 06:00:00,2024-11-14 06:00:00,DEV_002,72,80,1
DEV_002_2024-11-14 09:00:00,2024-11-14 09:00:00,DEV_002,29,34,53
DEV_002_2024-11-14 12:00:00,2024-11-14 12:00:00,DEV_002,3,48,91
DEV_002_2024-11-14 15:00:00,2024-11-14 15:00:00,DEV_002,20,65,7
DEV_002_2024-11-14 18:00:00,2024-11-14 18:00:00,DEV_002,76,20,89
DEV_002_2024-11-14 21:00:00,2024-11-14 21:00:00,DEV_002,43,57,83
DEV_002_2024-11-15 00:00:00,2024-11-15 00:00:00,DEV_002,45,72,7
DEV_002_2024-11-15 03:00:00,2024-11-15 03:00:00,DEV_002,47,98,1
DEV_002_2024-11-15 06:00:00,2024-11-15 06:00:00,DEV_002,60,74,82
DEV_002_2024-11-15 09:00:00,2024-11-15 09:00:00,DEV_002,73,55,40
DEV_002_2024-11-15 12:00:00,2024-11-15 12:00:00,DEV_002,3,11,43
DEV_002_2024-11-15 15:00:00,2024-11-15 15:00:00,DEV_002,45,8,92
DEV_002_2024-11-15 18:00:00,2024-11-15 18:00:00,DEV_002,39,43,33
DEV_002_2024-11-15 21:00:00,2024-11-15 21:00:00,DEV_002,29,70,18
DEV_002_2024-11-16 00:00:00,2024-11-16 00:00:00,DEV_002,46,8,4
DEV_002_2024-11-16 03:00:00,2024-11-16 03:00:00,DEV_002,45,15,53
DEV_002_2024-11-16 06:00:00,2024-11-16 06:00:00,DEV_002,67,95,64
DEV_002_2024-11-16 09:00:00,2024-11-16 09:00:00,DEV_002,61,78,56
DEV_002_2024-11-16 12:00:00,2024-11-16 12:00:00,DEV_002,22,73,22
DEV_002_2024-11-16 15:00:00,2024-11-16 15:00:00,DEV_002,44,55,43
DEV_002_2024-11-16 18:00:00,2024-11-16 18:00:00,DEV_002,20,21,85
DEV_002_2024-11-16 21:00:00,2024-11-16 21:00:00,DEV_002,9,9,72
DEV_002_2024-11-17 00:00:00,2024-11-17 00:00:00,DEV_002,79,79,22
DEV_002_2024-11-17 03:00:00,2024-11-17 03:00:00,DEV_002,91,44,55
DEV_002_2024-11-17 06:00:00,2024-11-17 06:00:00,DEV_002,35,80,27
DEV_002_2024-11-17 09:00:00,2024-11-17 09:00:00,DEV_002,30,97,79
DEV_002_2024-11-17 12:00:00,2024-11-17 12:00:00,DEV_002,61,98,5
DEV_002_2024-11-17 15:00:00,2024-11-17 15:00:00,DEV_002,12,35,50
DEV_002_2024-11-17 18:00:00,2024-11-17 18:00:00,DEV_002,5,3,28
DEV_002_2024-11-17 21:00:00,2024-11-17 21:00:00,DEV_002,22,31,73
DEV_002_2024-11-18 00:00:00,2024-11-18 00:00:00,DEV_002,27,7,21
DEV_002_2024-11-18 03:00:00,2024-11-18 03:00:00,DEV_002,36,57,77
DEV_002_2024-11-18 06:00:00,2024-11-18 06:00:00,DEV_002,16,98,15
DEV_002_2024-11-18 09:00:00,2024-11-18 09:00:00,DEV_002,41,76,32
DEV_002_2024-11-18 12:00:00,2024-11-18 12:00:00,DEV_002,51,19,45
DEV_002_2024-11-18 15:00:00,2024-11-18 15:00:00,DEV_002,76,60,4
DEV_002_2024-11-18 18:00:00,2024-11-18 18:00:00,DEV_002,13,31,95
DEV_002_2024-11-18 21:00:00,2024-11-18 21:00:00,DEV_002,71,76,79
DEV_002_2024-11-19 00:00:00,2024-11-19 00:00:00,DEV_002,88,48,72
DEV_002_2024-11-19 03:00:00,2024-11-19 03:00:00,DEV_002,1,62,75
DEV_002_2024-11-19 06:00:00,2024-11-19 06:00:00,DEV_002,24,39,66
DEV_002_2024-11-19 09:00:00,2024-11-19 09:00:00,DEV_002,59,86,97
DEV_002_2024-11-19 12:00:00,2024-11-19 12:00:00,DEV_002,17,64,84
DEV_002_2024-11-19 15:00:00,2024-11-19 15:00:00,DEV_002,45,2,51
DEV_002_2024-11-19 18:00:00,2024-11-19 18:00:00,DEV_002,68,1,80
DEV_002_2024-11-19 21:00:00,2024-11-19 21:00:00,DEV_002,94,99,13
DEV_002_2024-11-20 00:00:00,2024-11-20 00:00:00,DEV_002,76,39,11
DEV_002_2024-11-20 03:00:00,2024-11-20 03:00:00,DEV_002,59,64,1
DEV_002_2024-11-20 06:00:00,2024-11-20 06:00:00,DEV_002,63,86,16
DEV_002_2024-11-20 09:00:00,2024-11-20 09:00:00,DEV_002,53,52,3
DEV_002_2024-11-20 12:00:00,2024-11-20 12:00:00,DEV_002,9,26,11
DEV_002_2024-11-20 15:00:00,2024-11-20 15:00:00,DEV_002,51,45,29
DEV_002_2024-11-20 18:00:00,2024-11-20 18:00:00,DEV_002,22,91,28
DEV_002_2024-11-20 21:00:00,2024-11-20 21:00:00,DEV_002,49,61,40
DEV_002_2024-11-21 00:00:00,2024-11-21 00:00:00,DEV_002,15,67,85
DEV_002_2024-11-21 03:00:00,2024-11-21 03:00:00,DEV_002,88,63,96
DEV_002_2024-11-21 06:00:00,2024-11-21 06:00:00,DEV_002,61,68,47
DEV_002_2024-11-21 09:00:00,2024-11-21 09:00:00,DEV_002,39,49,20
DEV_002_2024-11-21 12:00:00,2024-11-21 12:00:00,DEV_002,94,71,41
DEV_002_2024-11-21 15:00:00,2024-11-21 15:00:00,DEV_002,93,56,28
DEV_002_2024-11-21 18:00:00,2024-11-21 18:00:00,DEV_002,10,76,69
DEV_002_2024-11-21 21:00:00,2024-11-21 21:00:00,DEV_002,28,73,3
DEV_002_2024-11-22 00:00:00,2024-11-22 00:00:00,DEV_002,7,20,65
DEV_002_2024-11-22 03:00:00,2024-11-22 03:00:00,DEV_002,81,22,61
DEV_002_2024-11-22 06:00:00,2024-11-22 06:00:00,DEV_002,29,35,91
DEV_002_2024-11-22 09:00:00,2024-11-22 09:00:00,DEV_002,88,59,61
DEV_002_2024-11-22 12:00:00,2024-11-22 12:00:00,DEV_002,15,8,36
DEV_002_2024-11-22 15:00:00,2024-11-22 15:00:00,DEV_002,39,36,24
DEV_002_2024-11-22 18:00:00,2024-11-22 18:00:00,DEV_002,25,85,67
DEV_002_2024-11-22 21:00:00,2024-11-22 21:00:00,DEV_002,70,44,74
DEV_002_2024-11-23 00:00:00,2024-11-23 00:00:00,DEV_002,71,45,62
DEV_002_2024-11-23 03:00:00,2024-11-23 03:00:00,DEV_002,30,59,80
DEV_002_2024-11-23 06:00:00,2024-11-23 06:00:00,DEV_002,80,89,90
DEV_002_2024-11-23 09:00:00,2024-11-23 09:00:00,DEV_002,22,85,75
DEV_002_2024-11-23 12:00:00,2024-11-23 12:00:00,DEV_002,91,75,48
DEV_002_2024-11-23 15:00:00,2024-11-23 15:00:00,DEV_002,47,61,25
DEV_002_2024-11-23 18:00:00,2024-11-23 18:00:00,DEV_002,98,82,20
DEV_002_2024-11-23 21:00:00,2024-11-23 21:00:00,DEV_002,53,15,14
DEV_002_2024-11-24 00:00:00,2024-11-24 00:00:00,DEV_002,74,63,66
DEV_002_2024-11-24 03:00:00,2024-11-24 03:00:00,DEV_002,23,60,4
DEV_002_2024-11-24 06:00:00,2024-11-24 06:00:00,DEV_002,15,49,44
DEV_002_2024-11-24 09:00:00,2024-11-24 09:00:00,DEV_002,15,29,97
DEV_002_2024-11-24 12:00:00,2024-11-24 12:00:00,DEV_002,53,7,82
DEV_002_2024-11-24 15:00:00,2024-11-24 15:00:00,DEV_002,22,89,4
DEV_002_2024-11-24 18:00:00,2024-11-24 18:00:00,DEV_002,58,69,12
DEV_002_2024-11-24 21:00:00,2024-11-24 21:00:00,DEV_002,59,86,41
DEV_002_2024-11-25 00:00:00,2024-11-25 00:00:00,DEV_002,23,58,68
DEV_002_2024-11-25 03:00:00,2024-11-25 03:00:00,DEV_002,27,66,40
DEV_002_2024-11-25 06:00:00,2024-11-25 06:00:00,DEV_002,36,19,8
DEV_002_2024-11-25 09:00:00,2024-11-25 09:00:00,DEV_002,26,79,70
DEV_002_2024-11-25 12:00:00,2024-11-25 12:00:00,DEV_002,16,44,47
DEV_002_2024-11-25 15:00:00,2024-11-25 15:00:00,DEV_002,61,24,6
DEV_002_2024-11-25 18:00:00,2024-11-25 18:00:00,DEV_002,79,67,27
DEV_002_2024-11-25 21:00:00,2024-11-25 21:00:00,DEV_002,62,68,7
DEV_002_2024-11-26 00:00:00,2024-11-26 00:00:00,DEV_002,90,7,66
DEV_002_2024-11-26 03:00:00,2024-11-26 03:00:00,DEV_002,43,56,92
DEV_002_2024-11-26 06:00:00,2024-11-26 06:00:00,DEV_002,93,54,48
DEV_002_2024-11-26 09:00:00,2024-11-26 09:00:00,DEV_002,42,65,18
DEV_002_2024-11-26 12:00:00,2024-11-26 12:00:00,DEV_002,19,45,20
DEV_002_2024-11-26 15:00:00,2024-11-26 15:00:00,DEV_002,30,94,7
DEV_002_2024-11-26 18:00:00,2024-11-26 18:00:00,DEV_002,86,23,99
DEV_002_2024-11-26 21:00:00,2024-11-26 21:00:00,DEV_002,15,35,74
DEV_002_2024-11-27 00:00:00,2024-11-27 00:00:00,DEV_002,24,67,49
DEV_002_2024-11-27 03:00:00,2024-11-27 03:00:00,DEV_002,45,16,54
DEV_002_2024-11-27 06:00:00,2024-11-27 06:00:00,DEV_002,28,90,72
DEV_002_2024-11-27 09:00:00,2024-11-27 09:00:00,DEV_002,98,54,90
DEV_002_2024-11-27 12:00:00,2024-11-27 12:00:00,DEV_002,71,36,57
DEV_002_2024-11-27 15:00:00,2024-11-27 15:00:00,DEV_002,52,31,30
DEV_002_2024-11-27 18:00:00,2024-11-27 18:00:00,DEV_002,39,23,52
DEV_002_2024-11-27 21:00:00,2024-11-27 21:00:00,DEV_002,16,90,21
DEV_002_2024-11-28 00:00:00,2024-11-28 00:00:00,DEV_002,13,90,73
DEV_002_2024-11-28 03:00:00,2024-11-28 03:00:00,DEV_002,70,60,22
DEV_002_2024-11-28 06:00:00,2024-11-28 06:00:00,DEV_002,20,88,89
DEV_002_2024-11-28 09:00:00,2024-11-28 09:00:00,DEV_002,97,42,60
DEV_002_2024-11-28 12:00:00,2024-11-28 12:00:00,DEV_002,83,39,8
DEV_002_2024-11-28 15:00:00,2024-11-28 15:00:00,DEV_002,12,61,28
DEV_002_2024-11-28 18:00:00,2024-11-28 18:00:00,DEV_002,95,43,16
DEV_002_2024-11-28 21:00:00,2024-11-28 21:00:00,DEV_002,30,47,54
DEV_002_2024-11-29 00:00:00,2024-11-29 00:00:00,DEV_002,70,45,57
DEV_002_2024-11-29 03:00:00,2024-11-29 03:00:00,DEV_002,25,56,83
DEV_002_2024-11-29 06:00:00,2024-11-29 06:00:00,DEV_002,61,30,42
DEV_002_2024-11-29 09:00:00,2024-11-29 09:00:00,DEV_002,37,23,92
DEV_002_2024-11-29 12:00:00,2024-11-29 12:00:00,DEV_002,26,2,68
DEV_002_2024-11-29 15:00:00,2024-11-29 15:00:00,DEV_002,84,39,40
DEV_002_2024-11-29 18:00:00,2024-11-29 18:00:00,DEV_002,36,22,71
DEV_002_2024-11-29 21:00:00,2024-11-29 21:00:00,DEV_002,24,17,31
DEV_002_2024-11-30 00:00:00,2024-11-30 00:00:00,DEV_002,89,36,5
DEV_002_2024-11-30 03:00:00,2024-11-30 03:00:00,DEV_002,84,42,81
DEV_002_2024-11-30 06:00:00,2024-11-30 06:00:00,DEV_002,85,86,31
DEV_002_2024-11-30 09:00:00,2024-11-30 09:00:00,DEV_002,34,28,69
DEV_002_2024-11-30 12:00:00,2024-11-30 12:00:00,DEV_002,25,63,37
DEV_002_2024-11-30 15:00:00,2024-11-30 15:00:00,DEV_002,24,60,8
DEV_002_2024-11-30 18:00:00,2024-11-30 18:00:00,DEV_002,97,70,47
DEV_002_2024-11-30 21:00:00,2024-11-30 21:00:00,DEV_002,55,14,97
DEV_002_2024-12-01 00:00:00,2024-12-01 00:00:00,DEV_002,6,82,14
DEV_002_2024-12-01 03:00:00,2024-12-01 03:00:00,DEV_002,47,31,18
DEV_002_2024-12-01 06:00:00,2024-12-01 06:00:00,DEV_002,60,40,33
DEV_002_2024-12-01 09:00:00,2024-12-01 09:00:00,DEV_002,52,87,24
DEV_002_2024-12-01 12:00:00,2024-12-01 12:00:00,DEV_002,37,83,99
DEV_002_2024-12-01 15:00:00,2024-12-01 15:00:00,DEV_002,88,20,32
DEV_002_2024-12-01 18:00:00,2024-12-01 18:00:00,DEV_002,17,96,92
DEV_002_2024-12-01 21:00:00,2024-12-01 21:00:00,DEV_002,82,90,8
DEV_002_2024-12-02 00:00:00,2024-12-02 00:00:00,DEV_002,89,97,93
DEV_002_2024-12-02 03:00:00,2024-12-02 03:00:00,DEV_002,37,20,12
DEV_002_2024-12-02 06:00:00,2024-12-02 06:00:00,DEV_002,34,19,65
DEV_002_2024-12-02 09:00:00,2024-12-02 09:00:00,DEV_002,12,59,79
DEV_002_2024-12-02 12:00:00,2024-12-02 12:00:00,DEV_002,96,39,36
DEV_002_2024-12-02 15:00:00,2024-12-02 15:00:00,DEV_002,92,37,28
DEV_002_2024-12-02 18:00:00,2024-12-02 18:00:00,DEV_002,33,91,44
DEV_002_2024-12-02 21:00:00,2024-12-02 21:00:00,DEV_002,23,52,53
DEV_002_2024-12-03 00:00:00,2024-12-03 00:00:00,DEV_002,97,73,26
DEV_002_2024-12-03 03:00:00,2024-12-03 03:00:00,DEV_002,55,65,40
DEV_002_2024-12-03 06:00:00,2024-12-03 06:00:00,DEV_002,91,24,64
DEV_002_2024-12-03 09:00:00,2024-12-03 09:00:00,DEV_002,34,23,63
DEV_002_2024-12-03 12:00:00,2024-12-03 12:00:00,DEV_002,97,86,18
DEV_002_2024-12-03 15:00:00,2024-12-03 15:00:00,DEV_002,57,22,76
DEV_002_2024-12-03 18:00:00,2024-12-03 18:00:00,DEV_002,4,6,2
DEV_002_2024-12-03 21:00:00,2024-12-03 21:00:00,DEV_002,10,87,42
DEV_002_2024-12-04 00:00:00,2024-12-04 00:00:00,DEV_002,53,83,88
DEV_002_2024-12-04 03:00:00,2024-12-04 03:00:00,DEV_002,86,78,41
DEV_002_2024-12-04 06:00:00,2024-12-04 06:00:00,DEV_002,51,90,86
DEV_002_2024-12-04 09:00:00,2024-12-04 09:00:00,DEV_002,23,65,97
DEV_002_2024-12-04 12:00:00,2024-12-04 12:00:00,DEV_002,90,91,52
DEV_002_2024-12-04 15:00:00,2024-12-04 15:00:00,DEV_002,51,32,56
DEV_002_2024-12-04 18:00:00,2024-12-04 18:00:00,DEV_002,35,88,76
DEV_002_2024-12-04 21:00:00,2024-12-04 21:00:00,DEV_002,12,36,58
DEV_002_2024-12-05 00:00:00,2024-12-05 00:00:00,DEV_002,70,40,45
DEV_002_2024-12-05 03:00:00,2024-12-05 03:00:00,DEV_002,42,32,88
DEV_002_2024-12-05 06:00:00,2024-12-05 06:00:00,DEV_002,61,40,91
DEV_002_2024-12-05 09:00:00,2024-12-05 09:00:00,DEV_002,67,54,96
DEV_002_2024-12-05 12:00:00,2024-12-05 12:00:00,DEV_002,24,71,96
DEV_002_2024-12-05 15:00:00,2024-12-05 15:00:00,DEV_002,92,73,73
DEV_002_2024-12-05 18:00:00,2024-12-05 18:00:00,DEV_002,68,38,36
DEV_002_2024-12-05 21:00:00,2024-12-05 21:00:00,DEV_002,3,93,7
DEV_002_2024-12-06 00:00:00,2024-12-06 00:00:00,DEV_002,41,71,74
DEV_002_2024-12-06 03:00:00,2024-12-06 03:00:00,DEV_002,4,90,63
DEV_002_2024-12-06 06:00:00,2024-12-06 06:00:00,DEV_002,68,25,77
DEV_002_2024-12-06 09:00:00,2024-12-06 09:00:00,DEV_002,54,89,91
DEV_002_2024-12-06 12:00:00,2024-12-06 12:00:00,DEV_002,66,27,66
DEV_002_2024-12-06 15:00:00,2024-12-06 15:00:00,DEV_002,78,41,98
DEV_002_2024-12-06 18:00:00,2024-12-06 18:00:00,DEV_002,22,99,82
DEV_002_2024-12-06 21:00:00,2024-12-06 21:00:00,DEV_002,82,70,14
DEV_002_2024-12-07 00:00:00,2024-12-07 00:00:00,DEV_002,45,54,71
DEV_002_2024-12-07 03:00:00,2024-12-07 03:00:00,DEV_002,90,26,42
DEV_002_2024-12-07 06:00:00,2024-12-07 06:00:00,DEV_002,21,20,62
DEV_002_2024-12-07 09:00:00,2024-12-07 09:00:00,DEV_002,62,69,2
DEV_002_2024-12-07 12:00:00,2024-12-07 12:00:00,DEV_002,61,33,25
DEV_002_2024-12-07 15:00:00,2024-12-07 15:00:00,DEV_002,21,35,42
DEV_002_2024-12-07 18:00:00,2024-12-07 18:00:00,DEV_002,64,74,74
DEV_002_2024-12-07 21:00:00,2024-12-07 21:00:00,DEV_002,46,17,63
DEV_002_2024-12-08 00:00:00,2024-12-08 00:00:00,DEV_002,36,87,41
DEV_002_2024-12-08 03:00:00,2024-12-08 03:00:00,DEV_002,8,55,62
DEV_002_2024-12-08 06:00:00,2024-12-08 06:00:00,DEV_002,72,30,26
DEV_002_2024-12-08 09:00:00,2024-12-08 09:00:00,DEV_002,5,12,97
DEV_002_2024-12-08 12:00:00,2024-12-08 12:00:00,DEV_002,87,47,27
DEV_002_2024-12-08 15:00:00,2024-12-08 15:00:00,DEV_002,15,49,81
DEV_002_2024-12-08 18:00:00,2024-12-08 18:00:00,DEV_002,76,46,49
DEV_002_2024-12-08 21:00:00,2024-12-08 21:00:00,DEV_002,13,33,41
DEV_002_2024-12-09 00:00:00,2024-12-09 00:00:00,DEV_002,2,10,98
DEV_002_2024-12-09 03:00:00,2024-12-09 03:00:00,DEV_002,90,6,17
DEV_002_2024-12-09 06:00:00,2024-12-09 06:00:00,DEV_002,41,17,93
DEV_002_2024-12-09 09:00:00,2024-12-09 09:00:00,DEV_002,56,43,56
DEV_002_2024-12-09 12:00:00,2024-12-09 12:00:00,DEV_002,27,71,88
DEV_002_2024-12-09 15:00:00,2024-12-09 15:00:00,DEV_002,93,8,72
DEV_002_2024-12-09 18:00:00,2024-12-09 18:00:00,DEV_002,16,74,4
DEV_002_2024-12-09 21:00:00,2024-12-09 21:00:00,DEV_002,24,38,66
DEV_002_2024-12-10 00:00:00,2024-12-10 00:00:00,DEV_002,71,3,19
DEV_002_2024-12-10 03:00:00,2024-12-10 03:00:00,DEV_002,9,33,29
DEV_002_2024-12-10 06:00:00,2024-12-10 06:00:00,DEV_002,30,51,96
DEV_002_2024-12-10 09:00:00,2024-12-10 09:00:00,DEV_002,19,68,85
DEV_002_2024-12-10 12:00:00,2024-12-10 12:00:00,DEV_002,19,23,63
DEV_002_2024-12-10 15:00:00,2024-12-10 15:00:00,DEV_002,31,12,67
DEV_002_2024-12-10 18:00:00,2024-12-10 18:00:00,DEV_002,43,42,51
DEV_002_2024-12-10 21:00:00,2024-12-10 21:00:00,DEV_002,84,90,38
DEV_002_2024-12-11 00:00:00,2024-12-11 00:00:00,DEV_002,6,54,48
DEV_002_2024-12-11 03:00:00,2024-12-11 03:00:00,DEV_002,9,56,34
DEV_002_2024-12-11 06:00:00,2024-12-11 06:00:00,DEV_002,25,28,35
DEV_002_2024-12-11 09:00:00,2024-12-11 09:00:00,DEV_002,73,82,28
DEV_002_2024-12-11 12:00:00,2024-12-11 12:00:00,DEV_002,54,12,86
DEV_002_2024-12-11 15:00:00,2024-12-11 15:00:00,DEV_002,42,25,34
DEV_002_2024-12-11 18:00:00,2024-12-11 18:00:00,DEV_002,42,93,50
DEV_002_2024-12-11 21:00:00,2024-12-11 21:00:00,DEV_002,64,9,93
DEV_002_2024-12-12 00:00:00,2024-12-12 00:00:00,DEV_002,66,85,51
DEV_002_2024-12-12 03:00:00,2024-12-12 03:00:00,DEV_002,28,69,26
DEV_002_2024-12-12 06:00:00,2024-12-12 06:00:00,DEV_002,65,48,84
DEV_002_2024-12-12 09:00:00,2024-12-12 09:00:00,DEV_002,21,2,13
DEV_002_2024-12-12 12:00:00,2024-12-12 12:00:00,DEV_002,92,80,58
DEV_002_2024-12-12 15:00:00,2024-12-12 15:00:00,DEV_002,66,17,42
DEV_002_2024-12-12 18:00:00,2024-12-12 18:00:00,DEV_002,73,70,66
DEV_002_2024-12-12 21:00:00,2024-12-12 21:00:00,DEV_002,96,49,57
DEV_002_2024-12-13 00:00:00,2024-12-13 00:00:00,DEV_002,20,21,88
DEV_002_2024-12-13 03:00:00,2024-12-13 03:00:00,DEV_002,32,79,56
DEV_002_2024-12-13 06:00:00,2024-12-13 06:00:00,DEV_002,45,22,38
DEV_002_2024-12-13 09:00:00,2024-12-13 09:00:00,DEV_002,36,16,68
DEV_002_2024-12-13 12:00:00,2024-12-13 12:00:00,DEV_002,72,97,88
DEV_002_2024-12-13 15:00:00,2024-12-13 15:00:00,DEV_002,14,88,16
DEV_002_2024-12-13 18:00:00,2024-12-13 18:00:00,DEV_002,42,94,87
DEV_002_2024-12-13 21:00:00,2024-12-13 21:00:00,DEV_002,15,22,40
DEV_002_2024-12-14 00:00:00,2024-12-14 00:00:00,DEV_002,37,82,77
DEV_002_2024-12-14 03:00:00,2024-12-14 03:00:00,DEV_002,84,34,68
DEV_002_2024-12-14 06:00:00,2024-12-14 06:00:00,DEV_002,4,9,76
DEV_002_2024-12-14 09:00:00,2024-12-14 09:00:00,DEV_002,51,22,96
DEV_002_2024-12-14 12:00:00,2024-12-14 12:00:00,DEV_002,13,39,52
DEV_002_2024-12-14 15:00:00,2024-12-14 15:00:00,DEV_002,60,7,46
DEV_002_2024-12-14 18:00:00,2024-12-14 18:00:00,DEV_002,58,23,64
DEV_002_2024-12-14 21:00:00,2024-12-14 21:00:00,DEV_002,14,39,17
DEV_002_2024-12-15 00:00:00,2024-12-15 00:00:00,DEV_002,7,48,41
DEV_002_2024-12-15 03:00:00,2024-12-15 03:00:00,DEV_002,60,83,73
DEV_002_2024-12-15 06:00:00,2024-12-15 06:00:00,DEV_002,55,3,47
DEV_002_2024-12-15 09:00:00,2024-12-15 09:00:00,DEV_002,85,77,75
DEV_002_2024-12-15 12:00:00,2024-12-15 12:00:00,DEV_002,87,78,82
DEV_002_2024-12-15 15:00:00,2024-12-15 15:00:00,DEV_002,10,26,70
DEV_002_2024-12-15 18:00:00,2024-12-15 18:00:00,DEV_002,23,48,5
DEV_002_2024-12-15 21:00:00,2024-12-15 21:00:00,DEV_002,28,76,75
DEV_002_2024-12-16 00:00:00,2024-12-16 00:00:00,DEV_002,89,32,46
DEV_002_2024-12-16 03:00:00,2024-12-16 03:00:00,DEV_002,93,73,22
DEV_002_2024-12-16 06:00:00,2024-12-16 06:00:00,DEV_002,12,58,68
DEV_002_2024-12-16 09:00:00,2024-12-16 09:00:00,DEV_002,7,25,52
DEV_002_2024-12-16 12:00:00,2024-12-16 12:00:00,DEV_002,4,64,80
DEV_002_2024-12-16 15:00:00,2024-12-16 15:00:00,DEV_002,97,69,68
DEV_002_2024-12-16 18:00:00,2024-12-16 18:00:00,DEV_002,93,19,98
DEV_002_2024-12-16 21:00:00,2024-12-16 21:00:00,DEV_002,80,40,57
DEV_002_2024-12-17 00:00:00,2024-12-17 00:00:00,DEV_002,66,9,33
DEV_002_2024-12-17 03:00:00,2024-12-17 03:00:00,DEV_002,83,62,29
DEV_002_2024-12-17 06:00:00,2024-12-17 06:00:00,DEV_002,18,78,7
DEV_002_2024-12-17 09:00:00,2024-12-17 09:00:00,DEV_002,76,8,79
DEV_002_2024-12-17 12:00:00,2024-12-17 12:00:00,DEV_002,55,15,55
DEV_002_2024-12-17 15:00:00,2024-12-17 15:00:00,DEV_002,8,56,20
DEV_002_2024-12-17 18:00:00,2024-12-17 18:00:00,DEV_002,3,75,59
DEV_002_2024-12-17 21:00:00,2024-12-17 21:00:00,DEV_002,27,45,98
DEV_002_2024-12-18 00:00:00,2024-12-18 00:00:00,DEV_002,47,30,36
DEV_002_2024-12-18 03:00:00,2024-12-18 03:00:00,DEV_002,98,35,2
DEV_002_2024-12-18 06:00:00,2024-12-18 06:00:00,DEV_002,21,87,15
DEV_002_2024-12-18 09:00:00,2024-12-18 09:00:00,DEV_002,72,22,43
DEV_002_2024-12-18 12:00:00,2024-12-18 12:00:00,DEV_002,57,71,22
DEV_002_2024-12-18 15:00:00,2024-12-18 15:00:00,DEV_002,37,26,10
DEV_002_2024-12-18 18:00:00,2024-12-18 18:00:00,DEV_002,80,65,97
DEV_002_2024-12-18 21:00:00,2024-12-18 21:00:00,DEV_002,35,68,24
DEV_002_2024-12-19 00:00:00,2024-12-19 00:00:00,DEV_002,15,5,28
DEV_002_2024-12-19 03:00:00,2024-12-19 03:00:00,DEV_002,58,89,9
DEV_002_2024-12-19 06:00:00,2024-12-19 06:00:00,DEV_002,1,63,19
DEV_002_2024-12-19 09:00:00,2024-12-19 09:00:00,DEV_002,54,80,17
DEV_002_2024-12-19 12:00:00,2024-12-19 12:00:00,DEV_002,49,2,55
DEV_002_2024-12-19 15:00:00,2024-12-19 15:00:00,DEV_002,52,54,85
DEV_002_2024-12-19 18:00:00,2024-12-19 18:00:00,DEV_002,24,74,70
DEV_002_2024-12-19 21:00:00,2024-12-19 21:00:00,DEV_002,14,20,79
DEV_002_2024-12-20 00:00:00,2024-12-20 00:00:00,DEV_002,82,29,80
DEV_002_2024-12-20 03:00:00,2024-12-20 03:00:00,DEV_002,54,58,80
DEV_002_2024-12-20 06:00:00,2024-12-20 06:00:00,DEV_002,69,27,59
DEV_002_2024-12-20 09:00:00,2024-12-20 09:00:00,DEV_002,55,28,32
DEV_002_2024-12-20 12:00:00,2024-12-20 12:00:00,DEV_002,6,65,52
DEV_002_2024-12-20 15:00:00,2024-12-20 15:00:00,DEV_002,43,11,72
DEV_002_2024-12-20 18:00:00,2024-12-20 18:00:00,DEV_002,21,78,25
DEV_002_2024-12-20 21:00:00,2024-12-20 21:00:00,DEV_002,14,28,41
DEV_002_2024-12-21 00:00:00,2024-12-21 00:00:00,DEV_002,11,9,19
DEV_002_2024-12-21 03:00:00,2024-12-21 03:00:00,DEV_002,24,46,41
DEV_002_2024-12-21 06:00:00,2024-12-21 06:00:00,DEV_002,85,83,42
DEV_002_2024-12-21 09:00:00,2024-12-21 09:00:00,DEV_002,85,49,77
DEV_002_2024-12-21 12:00:00,2024-12-21 12:00:00,DEV_002,86,2,84
DEV_002_2024-12-21 15:00:00,2024-12-21 15:00:00,DEV_002,58,68,97
DEV_002_2024-12-21 18:00:00,2024-12-21 18:00:00,DEV_002,52,31,93
DEV_002_2024-12-21 21:00:00,2024-12-21 21:00:00,DEV_002,69,4,52
DEV_002_2024-12-22 00:00:00,2024-12-22 00:00:00,DEV_002,3,34,70
DEV_002_2024-12-22 03:00:00,2024-12-22 03:00:00,DEV_002,96,81,26
DEV_002_2024-12-22 06:00:00,2024-12-22 06:00:00,DEV_002,56,20,44
DEV_002_2024-12-22 09:00:00,2024-12-22 09:00:00,DEV_002,16,65,31
DEV_002_2024-12-22 12:00:00,2024-12-22 12:00:00,DEV_002,28,90,95
DEV_002_2024-12-22 15:00:00,2024-12-22 15:00:00,DEV_002,96,38,22
DEV_002_2024-12-22 18:00:00,2024-12-22 18:00:00,DEV_002,9,25,36
DEV_002_2024-12-22 21:00:00,2024-12-22 21:00:00,DEV_002,47,77,30
DEV_002_2024-12-23 00:00:00,2024-12-23 00:00:00,DEV_002,37,94,77
DEV_002_2024-12-23 03:00:00,2024-12-23 03:00:00,DEV_002,67,45,81
DEV_002_2024-12-23 06:00:00,2024-12-23 06:00:00,DEV_002,1,75,68
DEV_002_2024-12-23 09:00:00,2024-12-23 09:00:00,DEV_002,13,21,40
DEV_002_2024-12-23 12:00:00,2024-12-23 12:00:00,DEV_002,32,90,1
DEV_002_2024-12-23 15:00:00,2024-12-23 15:00:00,DEV_002,21,76,9
DEV_002_2024-12-23 18:00:00,2024-12-23 18:00:00,DEV_002,52,47,36
DEV_002_2024-12-23 21:00:00,2024-12-23 21:00:00,DEV_002,9,42,61
DEV_002_2024-12-24 00:00:00,2024-12-24 00:00:00,DEV_002,86,67,2
DEV_002_2024-12-24 03:00:00,2024-12-24 03:00:00,DEV_002,96,60,10
DEV_002_2024-12-24 06:00:00,2024-12-24 06:00:00,DEV_002,99,92,48
DEV_002_2024-12-24 09:00:00,2024-12-24 09:00:00,DEV_002,4,75,22
DEV_002_2024-12-24 12:00:00,2024-12-24 12:00:00,DEV_002,49,31,42
DEV_002_2024-12-24 15:00:00,2024-12-24 15:00:00,DEV_002,60,32,34
DEV_002_2024-12-24 18:00:00,2024-12-24 18:00:00,DEV_002,75,17,60
DEV_002_2024-12-24 21:00:00,2024-12-24 21:00:00,DEV_002,20,64,48
DEV_002_2024-12-25 00:00:00,2024-12-25 00:00:00,DEV_002,99,64,13
DEV_002_2024-12-25 03:00:00,2024-12-25 03:00:00,DEV_002,25,95,80
DEV_002_2024-12-25 06:00:00,2024-12-25 06:00:00,DEV_002,21,74,97
DEV_002_2024-12-25 09:00:00,2024-12-25 09:00:00,DEV_002,39,46,50
DEV_002_2024-12-25 12:00:00,2024-12-25 12:00:00,DEV_002,95,15,9
DEV_002_2024-12-25 15:00:00,2024-12-25 15:00:00,DEV_002,76,46,81
DEV_002_2024-12-25 18:00:00,2024-12-25 18:00:00,DEV_002,23,35,32
DEV_002_2024-12-25 21:00:00,2024-12-25 21:00:00,DEV_002,3,88,12
DEV_002_2024-12-26 00:00:00,2024-12-26 00:00:00,DEV_002,61,25,68
DEV_002_2024-12-26 03:00:00,2024-12-26 03:00:00,DEV_002,97,1,33
DEV_002_2024-12-26 06:00:00,2024-12-26 06:00:00,DEV_002,55,49,84
DEV_002_2024-12-26 09:00:00,2024-12-26 09:00:00,DEV_002,49,8,62
DEV_002_2024-12-26 12:00:00,2024-12-26 12:00:00,DEV_002,84,63,68
DEV_002_2024-12-26 15:00:00,2024-12-26 15:00:00,DEV_002,31,67,46
DEV_002_2024-12-26 18:00:00,2024-12-26 18:00:00,DEV_002,72,81,47
DEV_002_2024-12-26 21:00:00,2024-12-26 21:00:00,DEV_002,7,10,39
DEV_002_2024-12-27 00:00:00,2024-12-27 00:00:00,DEV_002,71,50,4
DEV_002_2024-12-27 03:00:00,2024-12-27 03:00:00,DEV_002,65,24,21
DEV_002_2024-12-27 06:00:00,2024-12-27 06:00:00,DEV_002,38,6,29
DEV_002_2024-12-27 09:00:00,2024-12-27 09:00:00,DEV_002,55,66,83
DEV_002_2024-12-27 12:00:00,2024-12-27 12:00:00,DEV_002,38,47,12
DEV_002_2024-12-27 15:00:00,2024-12-27 15:00:00,DEV_002,17,26,45
DEV_002_2024-12-27 18:00:00,2024-12-27 18:00:00,DEV_002,85,26,21
DEV_002_2024-12-27 21:00:00,2024-12-27 21:00:00,DEV_002,44,42,85
DEV_002_2024-12-28 00:00:00,2024-12-28 00:00:00,DEV_002,78,35,16
DEV_002_2024-12-28 03:00:00,2024-12-28 03:00:00,DEV_002,13,37,62
DEV_002_2024-12-28 06:00:00,2024-12-28 06:00:00,DEV_002,71,32,58
DEV_002_2024-12-28 09:00:00,2024-12-28 09:00:00,DEV_002,2,48,54
DEV_002_2024-12-28 12:00:00,2024-12-28 12:00:00,DEV_002,65,72,45
DEV_002_2024-12-28 15:00:00,2024-12-28 15:00:00,DEV_002,35,94,33
DEV_002_2024-12-28 18:00:00,2024-12-28 18:00:00,DEV_002,22,91,72
DEV_002_2024-12-28 21:00:00,2024-12-28 21:00:00,DEV_002,46,22,7
DEV_002_2024-12-29 00:00:00,2024-12-29 00:00:00,DEV_002,62,43,95
DEV_002_2024-12-29 03:00:00,2024-12-29 03:00:00,DEV_002,97,54,7
DEV_002_2024-12-29 06:00:00,2024-12-29 06:00:00,DEV_002,79,55,4
DEV_002_2024-12-29 09:00:00,2024-12-29 09:00:00,DEV_002,75,23,41
DEV_002_2024-12-29 12:00:00,2024-12-29 12:00:00,DEV_002,71,47,57
DEV_002_2024-12-29 15:00:00,2024-12-29 15:00:00,DEV_002,45,92,66
DEV_002_2024-12-29 18:00:00,2024-12-29 18:00:00,DEV_002,61,17,24
DEV_002_2024-12-29 21:00:00,2024-12-29 21:00:00,DEV_002,47,45,59
DEV_003_2024-09-01 00:00:00,2024-09-01 00:00:00,DEV_003,65,19,23
DEV_003_2024-09-01 03:00:00,2024-09-01 03:00:00,DEV_003,80,32,35
DEV_003_2024-09-01 06:00:00,2024-09-01 06:00:00,DEV_003,41,82,8
DEV_003_2024-09-01 09:00:00,2024-09-01 09:00:00,DEV_003,85,12,94
DEV_003_2024-09-01 12:00:00,2024-09-01 12:00:00,DEV_003,36,48,50
DEV_003_2024-09-01 15:00:00,2024-09-01 15:00:00,DEV_003,6,85,77
DEV_003_2024-09-01 18:00:00,2024-09-01 18:00:00,DEV_003,46,76,55
DEV_003_2024-09-01 21:00:00,2024-09-01 21:00:00,DEV_003,90,31,93
DEV_003_2024-09-02 00:00:00,2024-09-02 00:00:00,DEV_003,26,67,9
DEV_003_2024-09-02 03:00:00,2024-09-02 03:00:00,DEV_003,7,15,71
DEV_003_2024-09-02 06:00:00,2024-09-02 06:00:00,DEV_003,8,95,39
DEV_003_2024-09-02 09:00:00,2024-09-02 09:00:00,DEV_003,11,49,76
DEV_003_2024-09-02 12:00:00,2024-09-02 12:00:00,DEV_003,90,81,95
DEV_003_2024-09-02 15:00:00,2024-09-02 15:00:00,DEV_003,88,72,3
DEV_003_2024-09-02 18:00:00,2024-09-02 18:00:00,DEV_003,83,59,80
DEV_003_2024-09-02 21:00:00,2024-09-02 21:00:00,DEV_003,75,83,28
DEV_003_2024-09-03 00:00:00,2024-09-03 00:00:00,DEV_003,87,42,47
DEV_003_2024-09-03 03:00:00,2024-09-03 03:00:00,DEV_003,93,10,31
DEV_003_2024-09-03 06:00:00,2024-09-03 06:00:00,DEV_003,62,21,58
DEV_003_2024-09-03 09:00:00,2024-09-03 09:00:00,DEV_003,84,75,5
DEV_003_2024-09-03 12:00:00,2024-09-03 12:00:00,DEV_003,6,63,55
DEV_003_2024-09-03 15:00:00,2024-09-03 15:00:00,DEV_003,54,83,50
DEV_003_2024-09-03 18:00:00,2024-09-03 18:00:00,DEV_003,61,87,55
DEV_003_2024-09-03 21:00:00,2024-09-03 21:00:00,DEV_003,15,35,64
DEV_003_2024-09-04 00:00:00,2024-09-04 00:00:00,DEV_003,33,47,83
DEV_003_2024-09-04 03:00:00,2024-09-04 03:00:00,DEV_003,93,15,18
DEV_003_2024-09-04 06:00:00,2024-09-04 06:00:00,DEV_003,90,82,22
DEV_003_2024-09-04 09:00:00,2024-09-04 09:00:00,DEV_003,3,2,73
DEV_003_2024-09-04 12:00:00,2024-09-04 12:00:00,DEV_003,43,45,94
DEV_003_2024-09-04 15:00:00,2024-09-04 15:00:00,DEV_003,9,44,38
DEV_003_2024-09-04 18:00:00,2024-09-04 18:00:00,DEV_003,17,59,74
DEV_003_2024-09-04 21:00:00,2024-09-04 21:00:00,DEV_003,50,62,10
DEV_003_2024-09-05 00:00:00,2024-09-05 00:00:00,DEV_003,24,81,60
DEV_003_2024-09-05 03:00:00,2024-09-05 03:00:00,DEV_003,8,19,79
DEV_003_2024-09-05 06:00:00,2024-09-05 06:00:00,DEV_003,86,11,44
DEV_003_2024-09-05 09:00:00,2024-09-05 09:00:00,DEV_003,13,80,94
DEV_003_2024-09-05 12:00:00,2024-09-05 12:00:00,DEV_003,2,49,63
DEV_003_2024-09-05 15:00:00,2024-09-05 15:00:00,DEV_003,67,17,34
DEV_003_2024-09-05 18:00:00,2024-09-05 18:00:00,DEV_003,80,43,35
DEV_003_2024-09-05 21:00:00,2024-09-05 21:00:00,DEV_003,85,46,58
DEV_003_2024-09-06 00:00:00,2024-09-06 00:00:00,DEV_003,88,95,78
DEV_003_2024-09-06 03:00:00,2024-09-06 03:00:00,DEV_003,56,42,16
DEV_003_2024-09-06 06:00:00,2024-09-06 06:00:00,DEV_003,92,59,38
DEV_003_2024-09-06 09:00:00,2024-09-06 09:00:00,DEV_003,26,22,24
DEV_003_2024-09-06 12:00:00,2024-09-06 12:00:00,DEV_003,62,99,32
DEV_003_2024-09-06 15:00:00,2024-09-06 15:00:00,DEV_003,65,30,13
DEV_003_2024-09-06 18:00:00,2024-09-06 18:00:00,DEV_003,49,52,12
DEV_003_2024-09-06 21:00:00,2024-09-06 21:00:00,DEV_003,36,56,99
DEV_003_2024-09-07 00:00:00,2024-09-07 00:00:00,DEV_003,64,88,1
DEV_003_2024-09-07 03:00:00,2024-09-07 03:00:00,DEV_003,21,15,97
DEV_003_2024-09-07 06:00:00,2024-09-07 06:00:00,DEV_003,60,79,15
DEV_003_2024-09-07 09:00:00,2024-09-07 09:00:00,DEV_003,13,50,31
DEV_003_2024-09-07 12:00:00,2024-09-07 12:00:00,DEV_003,17,69,64
DEV_003_2024-09-07 15:00:00,2024-09-07 15:00:00,DEV_003,1,40,25
DEV_003_2024-09-07 18:00:00,2024-09-07 18:00:00,DEV_003,71,50,90
DEV_003_2024-09-07 21:00:00,2024-09-07 21:00:00,DEV_003,40,88,79
DEV_003_2024-09-08 00:00:00,2024-09-08 00:00:00,DEV_003,97,27,11
DEV_003_2024-09-08 03:00:00,2024-09-08 03:00:00,DEV_003,11,50,73
DEV_003_2024-09-08 06:00:00,2024-09-08 06:00:00,DEV_003,69,90,99
DEV_003_2024-09-08 09:00:00,2024-09-08 09:00:00,DEV_003,15,93,86
DEV_003_2024-09-08 12:00:00,2024-09-08 12:00:00,DEV_003,38,69,27
DEV_003_2024-09-08 15:00:00,2024-09-08 15:00:00,DEV_003,77,9,52
DEV_003_2024-09-08 18:00:00,2024-09-08 18:00:00,DEV_003,90,33,17
DEV_003_2024-09-08 21:00:00,2024-09-08 21:00:00,DEV_003,32,29,26
DEV_003_2024-09-09 00:00:00,2024-09-09 00:00:00,DEV_003,76,31,22
DEV_003_2024-09-09 03:00:00,2024-09-09 03:00:00,DEV_003,90,97,16
DEV_003_2024-09-09 06:00:00,2024-09-09 06:00:00,DEV_003,72,80,30
DEV_003_2024-09-09 09:00:00,2024-09-09 09:00:00,DEV_003,11,48,16
DEV_003_2024-09-09 12:00:00,2024-09-09 12:00:00,DEV_003,87,61,2
DEV_003_2024-09-09 15:00:00,2024-09-09 15:00:00,DEV_003,78,15,24
DEV_003_2024-09-09 18:00:00,2024-09-09 18:00:00,DEV_003,36,66,47
DEV_003_2024-09-09 21:00:00,2024-09-09 21:00:00,DEV_003,98,30,10
DEV_003_2024-09-10 00:00:00,2024-09-10 00:00:00,DEV_003,38,6,48
DEV_003_2024-09-10 03:00:00,2024-09-10 03:00:00,DEV_003,85,51,18
DEV_003_2024-09-10 06:00:00,2024-09-10 06:00:00,DEV_003,86,27,56
DEV_003_2024-09-10 09:00:00,2024-09-10 09:00:00,DEV_003,9,58,20
DEV_003_2024-09-10 12:00:00,2024-09-10 12:00:00,DEV_003,27,32,12
DEV_003_2024-09-10 15:00:00,2024-09-10 15:00:00,DEV_003,83,98,37
DEV_003_2024-09-10 18:00:00,2024-09-10 18:00:00,DEV_003,13,95,10
DEV_003_2024-09-10 21:00:00,2024-09-10 21:00:00,DEV_003,14,28,15
DEV_003_2024-09-11 00:00:00,2024-09-11 00:00:00,DEV_003,80,87,1
DEV_003_2024-09-11 03:00:00,2024-09-11 03:00:00,DEV_003,31,69,4
DEV_003_2024-09-11 06:00:00,2024-09-11 06:00:00,DEV_003,98,48,28
DEV_003_2024-09-11 09:00:00,2024-09-11 09:00:00,DEV_003,61,69,67
DEV_003_2024-09-11 12:00:00,2024-09-11 12:00:00,DEV_003,82,20,85
DEV_003_2024-09-11 15:00:00,2024-09-11 15:00:00,DEV_003,97,31,11
DEV_003_2024-09-11 18:00:00,2024-09-11 18:00:00,DEV_003,68,80,1
DEV_003_2024-09-11 21:00:00,2024-09-11 21:00:00,DEV_003,87,48,25
DEV_003_2024-09-12 00:00:00,2024-09-12 00:00:00,DEV_003,45,3,4
DEV_003_2024-09-12 03:00:00,2024-09-12 03:00:00,DEV_003,74,3,35
DEV_003_2024-09-12 06:00:00,2024-09-12 06:00:00,DEV_003,50,64,41
DEV_003_2024-09-12 09:00:00,2024-09-12 09:00:00,DEV_003,5,94,67
DEV_003_2024-09-12 12:00:00,2024-09-12 12:00:00,DEV_003,30,3,13
DEV_003_2024-09-12 15:00:00,2024-09-12 15:00:00,DEV_003,66,39,49
DEV_003_2024-09-12 18:00:00,2024-09-12 18:00:00,DEV_003,29,71,36
DEV_003_2024-09-12 21:00:00,2024-09-12 21:00:00,DEV_003,99,64,23
DEV_003_2024-09-13 00:00:00,2024-09-13 00:00:00,DEV_003,7,67,59
DEV_003_2024-09-13 03:00:00,2024-09-13 03:00:00,DEV_003,44,74,18
DEV_003_2024-09-13 06:00:00,2024-09-13 06:00:00,DEV_003,98,30,73
DEV_003_2024-09-13 09:00:00,2024-09-13 09:00:00,DEV_003,96,56,10
DEV_003_2024-09-13 12:00:00,2024-09-13 12:00:00,DEV_003,52,29,78
DEV_003_2024-09-13 15:00:00,2024-09-13 15:00:00,DEV_003,70,69,21
DEV_003_2024-09-13 18:00:00,2024-09-13 18:00:00,DEV_003,4,6,82
DEV_003_2024-09-13 21:00:00,2024-09-13 21:00:00,DEV_003,72,44,67
DEV_003_2024-09-14 00:00:00,2024-09-14 00:00:00,DEV_003,65,37,87
DEV_003_2024-09-14 03:00:00,2024-09-14 03:00:00,DEV_003,27,45,45
DEV_003_2024-09-14 06:00:00,2024-09-14 06:00:00,DEV_003,84,76,35
DEV_003_2024-09-14 09:00:00,2024-09-14 09:00:00,DEV_003,5,1,81
DEV_003_2024-09-14 12:00:00,2024-09-14 12:00:00,DEV_003,32,4,66
DEV_003_2024-09-14 15:00:00,2024-09-14 15:00:00,DEV_003,50,89,83
DEV_003_2024-09-14 18:00:00,2024-09-14 18:00:00,DEV_003,83,46,86
DEV_003_2024-09-14 21:00:00,2024-09-14 21:00:00,DEV_003,76,67,8
DEV_003_2024-09-15 00:00:00,2024-09-15 00:00:00,DEV_003,93,25,83
DEV_003_2024-09-15 03:00:00,2024-09-15 03:00:00,DEV_003,75,26,67
DEV_003_2024-09-15 06:00:00,2024-09-15 06:00:00,DEV_003,55,8,21
DEV_003_2024-09-15 09:00:00,2024-09-15 09:00:00,DEV_003,65,95,62
DEV_003_2024-09-15 12:00:00,2024-09-15 12:00:00,DEV_003,85,38,54
DEV_003_2024-09-15 15:00:00,2024-09-15 15:00:00,DEV_003,27,97,6
DEV_003_2024-09-15 18:00:00,2024-09-15 18:00:00,DEV_003,67,16,67
DEV_003_2024-09-15 21:00:00,2024-09-15 21:00:00,DEV_003,63,13,37
DEV_003_2024-09-16 00:00:00,2024-09-16 00:00:00,DEV_003,3,17,76
DEV_003_2024-09-16 03:00:00,2024-09-16 03:00:00,DEV_003,52,41,97
DEV_003_2024-09-16 06:00:00,2024-09-16 06:00:00,DEV_003,87,31,62
DEV_003_2024-09-16 09:00:00,2024-09-16 09:00:00,DEV_003,50,11,62
DEV_003_2024-09-16 12:00:00,2024-09-16 12:00:00,DEV_003,18,11,93
DEV_003_2024-09-16 15:00:00,2024-09-16 15:00:00,DEV_003,95,88,91
DEV_003_2024-09-16 18:00:00,2024-09-16 18:00:00,DEV_003,19,84,17
DEV_003_2024-09-16 21:00:00,2024-09-16 21:00:00,DEV_003,12,96,66
DEV_003_2024-09-17 00:00:00,2024-09-17 00:00:00,DEV_003,40,53,44
DEV_003_2024-09-17 03:00:00,2024-09-17 03:00:00,DEV_003,31,39,46
DEV_003_2024-09-17 06:00:00,2024-09-17 06:00:00,DEV_003,35,63,66
DEV_003_2024-09-17 09:00:00,2024-09-17 09:00:00,DEV_003,89,4,53
DEV_003_2024-09-17 12:00:00,2024-09-17 12:00:00,DEV_003,59,66,56
DEV_003_2024-09-17 15:00:00,2024-09-17 15:00:00,DEV_003,85,36,97
DEV_003_2024-09-17 18:00:00,2024-09-17 18:00:00,DEV_003,80,60,16
DEV_003_2024-09-17 21:00:00,2024-09-17 21:00:00,DEV_003,13,77,56
DEV_003_2024-09-18 00:00:00,2024-09-18 00:00:00,DEV_003,61,7,27
DEV_003_2024-09-18 03:00:00,2024-09-18 03:00:00,DEV_003,60,89,62
DEV_003_2024-09-18 06:00:00,2024-09-18 06:00:00,DEV_003,41,84,87
DEV_003_2024-09-18 09:00:00,2024-09-18 09:00:00,DEV_003,20,17,70
DEV_003_2024-09-18 12:00:00,2024-09-18 12:00:00,DEV_003,48,8,27
DEV_003_2024-09-18 15:00:00,2024-09-18 15:00:00,DEV_003,42,10,41
DEV_003_2024-09-18 18:00:00,2024-09-18 18:00:00,DEV_003,37,3,59
DEV_003_2024-09-18 21:00:00,2024-09-18 21:00:00,DEV_003,83,18,68
DEV_003_2024-09-19 00:00:00,2024-09-19 00:00:00,DEV_003,11,31,65
DEV_003_2024-09-19 03:00:00,2024-09-19 03:00:00,DEV_003,20,57,76
DEV_003_2024-09-19 06:00:00,2024-09-19 06:00:00,DEV_003,22,85,33
DEV_003_2024-09-19 09:00:00,2024-09-19 09:00:00,DEV_003,7,34,50
DEV_003_2024-09-19 12:00:00,2024-09-19 12:00:00,DEV_003,45,96,47
DEV_003_2024-09-19 15:00:00,2024-09-19 15:00:00,DEV_003,86,60,29
DEV_003_2024-09-19 18:00:00,2024-09-19 18:00:00,DEV_003,1,60,53
DEV_003_2024-09-19 21:00:00,2024-09-19 21:00:00,DEV_003,94,83,12
DEV_003_2024-09-20 00:00:00,2024-09-20 00:00:00,DEV_003,41,61,91
DEV_003_2024-09-20 03:00:00,2024-09-20 03:00:00,DEV_003,98,22,50
DEV_003_2024-09-20 06:00:00,2024-09-20 06:00:00,DEV_003,38,5,96
DEV_003_2024-09-20 09:00:00,2024-09-20 09:00:00,DEV_003,91,69,38
DEV_003_2024-09-20 12:00:00,2024-09-20 12:00:00,DEV_003,39,91,78
DEV_003_2024-09-20 15:00:00,2024-09-20 15:00:00,DEV_003,26,92,5
DEV_003_2024-09-20 18:00:00,2024-09-20 18:00:00,DEV_003,23,35,57
DEV_003_2024-09-20 21:00:00,2024-09-20 21:00:00,DEV_003,90,89,99
DEV_003_2024-09-21 00:00:00,2024-09-21 00:00:00,DEV_003,63,35,28
DEV_003_2024-09-21 03:00:00,2024-09-21 03:00:00,DEV_003,90,34,95
DEV_003_2024-09-21 06:00:00,2024-09-21 06:00:00,DEV_003,90,77,82
DEV_003_2024-09-21 09:00:00,2024-09-21 09:00:00,DEV_003,28,64,85
DEV_003_2024-09-21 12:00:00,2024-09-21 12:00:00,DEV_003,97,95,15
DEV_003_2024-09-21 15:00:00,2024-09-21 15:00:00,DEV_003,63,48,85
DEV_003_2024-09-21 18:00:00,2024-09-21 18:00:00,DEV_003,1,3,25
DEV_003_2024-09-21 21:00:00,2024-09-21 21:00:00,DEV_003,39,9,26
DEV_003_2024-09-22 00:00:00,2024-09-22 00:00:00,DEV_003,16,96,63
DEV_003_2024-09-22 03:00:00,2024-09-22 03:00:00,DEV_003,29,65,26
DEV_003_2024-09-22 06:00:00,2024-09-22 06:00:00,DEV_003,31,81,61
DEV_003_2024-09-22 09:00:00,2024-09-22 09:00:00,DEV_003,2,89,90
DEV_003_2024-09-22 12:00:00,2024-09-22 12:00:00,DEV_003,12,92,77
DEV_003_2024-09-22 15:00:00,2024-09-22 15:00:00,DEV_003,3,32,14
DEV_003_2024-09-22 18:00:00,2024-09-22 18:00:00,DEV_003,44,79,40
DEV_003_2024-09-22 21:00:00,2024-09-22 21:00:00,DEV_003,28,12,57
DEV_003_2024-09-23 00:00:00,2024-09-23 00:00:00,DEV_003,13,34,46
DEV_003_2024-09-23 03:00:00,2024-09-23 03:00:00,DEV_003,62,13,12
DEV_003_2024-09-23 06:00:00,2024-09-23 06:00:00,DEV_003,53,21,53
DEV_003_2024-09-23 09:00:00,2024-09-23 09:00:00,DEV_003,31,55,67
DEV_003_2024-09-23 12:00:00,2024-09-23 12:00:00,DEV_003,80,66,2
DEV_003_2024-09-23 15:00:00,2024-09-23 15:00:00,DEV_003,47,48,98
DEV_003_2024-09-23 18:00:00,2024-09-23 18:00:00,DEV_003,91,26,11
DEV_003_2024-09-23 21:00:00,2024-09-23 21:00:00,DEV_003,43,22,67
DEV_003_2024-09-24 00:00:00,2024-09-24 00:00:00,DEV_003,74,33,65
DEV_003_2024-09-24 03:00:00,2024-09-24 03:00:00,DEV_003,97,79,50
DEV_003_2024-09-24 06:00:00,2024-09-24 06:00:00,DEV_003,10,30,77
DEV_003_2024-09-24 09:00:00,2024-09-24 09:00:00,DEV_003,48,59,90
DEV_003_2024-09-24 12:00:00,2024-09-24 12:00:00,DEV_003,25,97,15
DEV_003_2024-09-24 15:00:00,2024-09-24 15:00:00,DEV_003,90,52,62
DEV_003_2024-09-24 18:00:00,2024-09-24 18:00:00,DEV_003,53,90,58
DEV_003_2024-09-24 21:00:00,2024-09-24 21:00:00,DEV_003,17,94,16
DEV_003_2024-09-25 00:00:00,2024-09-25 00:00:00,DEV_003,2,76,13
DEV_003_2024-09-25 03:00:00,2024-09-25 03:00:00,DEV_003,93,69,56
DEV_003_2024-09-25 06:00:00,2024-09-25 06:00:00,DEV_003,29,87,57
DEV_003_2024-09-25 09:00:00,2024-09-25 09:00:00,DEV_003,43,24,23
DEV_003_2024-09-25 12:00:00,2024-09-25 12:00:00,DEV_003,76,17,96
DEV_003_2024-09-25 15:00:00,2024-09-25 15:00:00,DEV_003,23,70,39
DEV_003_2024-09-25 18:00:00,2024-09-25 18:00:00,DEV_003,2,50,73
DEV_003_2024-09-25 21:00:00,2024-09-25 21:00:00,DEV_003,67,86,47
DEV_003_2024-09-26 00:00:00,2024-09-26 00:00:00,DEV_003,11,39,46
DEV_003_2024-09-26 03:00:00,2024-09-26 03:00:00,DEV_003,63,39,12
DEV_003_2024-09-26 06:00:00,2024-09-26 06:00:00,DEV_003,4,52,6
DEV_003_2024-09-26 09:00:00,2024-09-26 09:00:00,DEV_003,55,79,15
DEV_003_2024-09-26 12:00:00,2024-09-26 12:00:00,DEV_003,40,52,85
DEV_003_2024-09-26 15:00:00,2024-09-26 15:00:00,DEV_003,94,17,76
DEV_003_2024-09-26 18:00:00,2024-09-26 18:00:00,DEV_003,71,41,74
DEV_003_2024-09-26 21:00:00,2024-09-26 21:00:00,DEV_003,80,6,85
DEV_003_2024-09-27 00:00:00,2024-09-27 00:00:00,DEV_003,22,45,13
DEV_003_2024-09-27 03:00:00,2024-09-27 03:00:00,DEV_003,69,4,84
DEV_003_2024-09-27 06:00:00,2024-09-27 06:00:00,DEV_003,67,24,86
DEV_003_2024-09-27 09:00:00,2024-09-27 09:00:00,DEV_003,55,51,73
DEV_003_2024-09-27 12:00:00,2024-09-27 12:00:00,DEV_003,95,15,42
DEV_003_2024-09-27 15:00:00,2024-09-27 15:00:00,DEV_003,71,79,80
DEV_003_2024-09-27 18:00:00,2024-09-27 18:00:00,DEV_003,16,68,33
DEV_003_2024-09-27 21:00:00,2024-09-27 21:00:00,DEV_003,25,4,15
DEV_003_2024-09-28 00:00:00,2024-09-28 00:00:00,DEV_003,12,36,40
DEV_003_2024-09-28 03:00:00,2024-09-28 03:00:00,DEV_003,74,2,72
DEV_003_2024-09-28 06:00:00,2024-09-28 06:00:00,DEV_003,68,88,68
DEV_003_2024-09-28 09:00:00,2024-09-28 09:00:00,DEV_003,12,84,35
DEV_003_2024-09-28 12:00:00,2024-09-28 12:00:00,DEV_003,35,9,75
DEV_003_2024-09-28 15:00:00,2024-09-28 15:00:00,DEV_003,56,30,37
DEV_003_2024-09-28 18:00:00,2024-09-28 18:00:00,DEV_003,82,36,54
DEV_003_2024-09-28 21:00:00,2024-09-28 21:00:00,DEV_003,60,78,86
DEV_003_2024-09-29 00:00:00,2024-09-29 00:00:00,DEV_003,70,99,68
DEV_003_2024-09-29 03:00:00,2024-09-29 03:00:00,DEV_003,63,9,92
DEV_003_2024-09-29 06:00:00,2024-09-29 06:00:00,DEV_003,77,39,59
DEV_003_2024-09-29 09:00:00,2024-09-29 09:00:00,DEV_003,10,30,75
DEV_003_2024-09-29 12:00:00,2024-09-29 12:00:00,DEV_003,82,44,62
DEV_003_2024-09-29 15:00:00,2024-09-29 15:00:00,DEV_003,93,10,70
DEV_003_2024-09-29 18:00:00,2024-09-29 18:00:00,DEV_003,76,20,49
DEV_003_2024-09-29 21:00:00,2024-09-29 21:00:00,DEV_003,74,80,46
DEV_003_2024-09-30 00:00:00,2024-09-30 00:00:00,DEV_003,46,65,34
DEV_003_2024-09-30 03:00:00,2024-09-30 03:00:00,DEV_003,49,16,37
DEV_003_2024-09-30 06:00:00,2024-09-30 06:00:00,DEV_003,81,81,74
DEV_003_2024-09-30 09:00:00,2024-09-30 09:00:00,DEV_003,78,40,49
DEV_003_2024-09-30 12:00:00,2024-09-30 12:00:00,DEV_003,39,48,87
DEV_003_2024-09-30 15:00:00,2024-09-30 15:00:00,DEV_003,35,70,28
DEV_003_2024-09-30 18:00:00,2024-09-30 18:00:00,DEV_003,40,18,38
DEV_003_2024-09-30 21:00:00,2024-09-30 21:00:00,DEV_003,52,88,61
DEV_003_2024-10-01 00:00:00,2024-10-01 00:00:00,DEV_003,77,67,47
DEV_003_2024-10-01 03:00:00,2024-10-01 03:00:00,DEV_003,36,13,51
DEV_003_2024-10-01 06:00:00,2024-10-01 06:00:00,DEV_003,15,32,51
DEV_003_2024-10-01 09:00:00,2024-10-01 09:00:00,DEV_003,82,10,73
DEV_003_2024-10-01 12:00:00,2024-10-01 12:00:00,DEV_003,3,29,15
DEV_003_2024-10-01 15:00:00,2024-10-01 15:00:00,DEV_003,9,31,96
DEV_003_2024-10-01 18:00:00,2024-10-01 18:00:00,DEV_003,69,85,3
DEV_003_2024-10-01 21:00:00,2024-10-01 21:00:00,DEV_003,91,75,72
DEV_003_2024-10-02 00:00:00,2024-10-02 00:00:00,DEV_003,53,79,13
DEV_003_2024-10-02 03:00:00,2024-10-02 03:00:00,DEV_003,8,99,40
DEV_003_2024-10-02 06:00:00,2024-10-02 06:00:00,DEV_003,68,9,64
DEV_003_2024-10-02 09:00:00,2024-10-02 09:00:00,DEV_003,34,65,26
DEV_003_2024-10-02 12:00:00,2024-10-02 12:00:00,DEV_003,96,34,28
DEV_003_2024-10-02 15:00:00,2024-10-02 15:00:00,DEV_003,79,87,15
DEV_003_2024-10-02 18:00:00,2024-10-02 18:00:00,DEV_003,17,87,11
DEV_003_2024-10-02 21:00:00,2024-10-02 21:00:00,DEV_003,49,21,31
DEV_003_2024-10-03 00:00:00,2024-10-03 00:00:00,DEV_003,84,28,86
DEV_003_2024-10-03 03:00:00,2024-10-03 03:00:00,DEV_003,21,38,55
DEV_003_2024-10-03 06:00:00,2024-10-03 06:00:00,DEV_003,18,24,64
DEV_003_2024-10-03 09:00:00,2024-10-03 09:00:00,DEV_003,94,42,38
DEV_003_2024-10-03 12:00:00,2024-10-03 12:00:00,DEV_003,98,80,39
DEV_003_2024-10-03 15:00:00,2024-10-03 15:00:00,DEV_003,90,71,2
DEV_003_2024-10-03 18:00:00,2024-10-03 18:00:00,DEV_003,64,4,72
DEV_003_2024-10-03 21:00:00,2024-10-03 21:00:00,DEV_003,53,41,71
DEV_003_2024-10-04 00:00:00,2024-10-04 00:00:00,DEV_003,69,72,78
DEV_003_2024-10-04 03:00:00,2024-10-04 03:00:00,DEV_003,56,2,23
DEV_003_2024-10-04 06:00:00,2024-10-04 06:00:00,DEV_003,3,18,82
DEV_003_2024-10-04 09:00:00,2024-10-04 09:00:00,DEV_003,88,77,47
DEV_003_2024-10-04 12:00:00,2024-10-04 12:00:00,DEV_003,60,44,10
DEV_003_2024-10-04 15:00:00,2024-10-04 15:00:00,DEV_003,7,19,72
DEV_003_2024-10-04 18:00:00,2024-10-04 18:00:00,DEV_003,83,47,22
DEV_003_2024-10-04 21:00:00,2024-10-04 21:00:00,DEV_003,20,94,97
DEV_003_2024-10-05 00:00:00,2024-10-05 00:00:00,DEV_003,42,13,78
DEV_003_2024-10-05 03:00:00,2024-10-05 03:00:00,DEV_003,64,52,59
DEV_003_2024-10-05 06:00:00,2024-10-05 06:00:00,DEV_003,1,77,33
DEV_003_2024-10-05 09:00:00,2024-10-05 09:00:00,DEV_003,24,55,17
DEV_003_2024-10-05 12:00:00,2024-10-05 12:00:00,DEV_003,73,25,81
DEV_003_2024-10-05 15:00:00,2024-10-05 15:00:00,DEV_003,3,28,85
DEV_003_2024-10-05 18:00:00,2024-10-05 18:00:00,DEV_003,64,40,80
DEV_003_2024-10-05 21:00:00,2024-10-05 21:00:00,DEV_003,95,65,82
DEV_003_2024-10-06 00:00:00,2024-10-06 00:00:00,DEV_003,89,58,90
DEV_003_2024-10-06 03:00:00,2024-10-06 03:00:00,DEV_003,34,69,6
DEV_003_2024-10-06 06:00:00,2024-10-06 06:00:00,DEV_003,64,92,91
DEV_003_2024-10-06 09:00:00,2024-10-06 09:00:00,DEV_003,86,95,11
DEV_003_2024-10-06 12:00:00,2024-10-06 12:00:00,DEV_003,20,89,17
DEV_003_2024-10-06 15:00:00,2024-10-06 15:00:00,DEV_003,40,24,7
DEV_003_2024-10-06 18:00:00,2024-10-06 18:00:00,DEV_003,4,91,25
DEV_003_2024-10-06 21:00:00,2024-10-06 21:00:00,DEV_003,43,40,22
DEV_003_2024-10-07 00:00:00,2024-10-07 00:00:00,DEV_003,83,18,13
DEV_003_2024-10-07 03:00:00,2024-10-07 03:00:00,DEV_003,78,38,69
DEV_003_2024-10-07 06:00:00,2024-10-07 06:00:00,DEV_003,40,43,7
DEV_003_2024-10-07 09:00:00,2024-10-07 09:00:00,DEV_003,4,34,72
DEV_003_2024-10-07 12:00:00,2024-10-07 12:00:00,DEV_003,5,47,20
DEV_003_2024-10-07 15:00:00,2024-10-07 15:00:00,DEV_003,34,20,70
DEV_003_2024-10-07 18:00:00,2024-10-07 18:00:00,DEV_003,30,63,57
DEV_003_2024-10-07 21:00:00,2024-10-07 21:00:00,DEV_003,59,14,90
DEV_003_2024-10-08 00:00:00,2024-10-08 00:00:00,DEV_003,85,29,51
DEV_003_2024-10-08 03:00:00,2024-10-08 03:00:00,DEV_003,94,34,90
DEV_003_2024-10-08 06:00:00,2024-10-08 06:00:00,DEV_003,38,82,33
DEV_003_2024-10-08 09:00:00,2024-10-08 09:00:00,DEV_003,83,73,19
DEV_003_2024-10-08 12:00:00,2024-10-08 12:00:00,DEV_003,93,49,6
DEV_003_2024-10-08 15:00:00,2024-10-08 15:00:00,DEV_003,95,91,30
DEV_003_2024-10-08 18:00:00,2024-10-08 18:00:00,DEV_003,86,40,22
DEV_003_2024-10-08 21:00:00,2024-10-08 21:00:00,DEV_003,7,27,5
DEV_003_2024-10-09 00:00:00,2024-10-09 00:00:00,DEV_003,72,51,70
DEV_003_2024-10-09 03:00:00,2024-10-09 03:00:00,DEV_003,57,33,30
DEV_003_2024-10-09 06:00:00,2024-10-09 06:00:00,DEV_003,56,9,61
DEV_003_2024-10-09 09:00:00,2024-10-09 09:00:00,DEV_003,90,1,12
DEV_003_2024-10-09 12:00:00,2024-10-09 12:00:00,DEV_003,24,24,46
DEV_003_2024-10-09 15:00:00,2024-10-09 15:00:00,DEV_003,96,28,72
DEV_003_2024-10-09 18:00:00,2024-10-09 18:00:00,DEV_003,44,13,91
DEV_003_2024-10-09 21:00:00,2024-10-09 21:00:00,DEV_003,17,92,28
DEV_003_2024-10-10 00:00:00,2024-10-10 00:00:00,DEV_003,11,31,42
DEV_003_2024-10-10 03:00:00,2024-10-10 03:00:00,DEV_003,73,63,94
DEV_003_2024-10-10 06:00:00,2024-10-10 06:00:00,DEV_003,60,66,80
DEV_003_2024-10-10 09:00:00,2024-10-10 09:00:00,DEV_003,61,28,52
DEV_003_2024-10-10 12:00:00,2024-10-10 12:00:00,DEV_003,85,7,64
DEV_003_2024-10-10 15:00:00,2024-10-10 15:00:00,DEV_003,41,8,46
DEV_003_2024-10-10 18:00:00,2024-10-10 18:00:00,DEV_003,50,38,81
DEV_003_2024-10-10 21:00:00,2024-10-10 21:00:00,DEV_003,39,70,99
DEV_003_2024-10-11 00:00:00,2024-10-11 00:00:00,DEV_003,83,31,49
DEV_003_2024-10-11 03:00:00,2024-10-11 03:00:00,DEV_003,4,25,36
DEV_003_2024-10-11 06:00:00,2024-10-11 06:00:00,DEV_003,32,41,6
DEV_003_2024-10-11 09:00:00,2024-10-11 09:00:00,DEV_003,12,3,17
DEV_003_2024-10-11 12:00:00,2024-10-11 12:00:00,DEV_003,87,43,90
DEV_003_2024-10-11 15:00:00,2024-10-11 15:00:00,DEV_003,78,73,24
DEV_003_2024-10-11 18:00:00,2024-10-11 18:00:00,DEV_003,51,68,33
DEV_003_2024-10-11 21:00:00,2024-10-11 21:00:00,DEV_003,46,40,58
DEV_003_2024-10-12 00:00:00,2024-10-12 00:00:00,DEV_003,19,8,11
DEV_003_2024-10-12 03:00:00,2024-10-12 03:00:00,DEV_003,21,6,17
DEV_003_2024-10-12 06:00:00,2024-10-12 06:00:00,DEV_003,62,66,72
DEV_003_2024-10-12 09:00:00,2024-10-12 09:00:00,DEV_003,96,67,98
DEV_003_2024-10-12 12:00:00,2024-10-12 12:00:00,DEV_003,77,87,13
DEV_003_2024-10-12 15:00:00,2024-10-12 15:00:00,DEV_003,88,74,29
DEV_003_2024-10-12 18:00:00,2024-10-12 18:00:00,DEV_003,92,36,16
DEV_003_2024-10-12 21:00:00,2024-10-12 21:00:00,DEV_003,1,72,63
DEV_003_2024-10-13 00:00:00,2024-10-13 00:00:00,DEV_003,48,50,2
DEV_003_2024-10-13 03:00:00,2024-10-13 03:00:00,DEV_003,44,74,37
DEV_003_2024-10-13 06:00:00,2024-10-13 06:00:00,DEV_003,43,83,27
DEV_003_2024-10-13 09:00:00,2024-10-13 09:00:00,DEV_003,10,48,47
DEV_003_2024-10-13 12:00:00,2024-10-13 12:00:00,DEV_003,36,85,53
DEV_003_2024-10-13 15:00:00,2024-10-13 15:00:00,DEV_003,72,74,5
DEV_003_2024-10-13 18:00:00,2024-10-13 18:00:00,DEV_003,6,27,48
DEV_003_2024-10-13 21:00:00,2024-10-13 21:00:00,DEV_003,10,98,97
DEV_003_2024-10-14 00:00:00,2024-10-14 00:00:00,DEV_003,70,68,44
DEV_003_2024-10-14 03:00:00,2024-10-14 03:00:00,DEV_003,62,17,71
DEV_003_2024-10-14 06:00:00,2024-10-14 06:00:00,DEV_003,54,58,96
DEV_003_2024-10-14 09:00:00,2024-10-14 09:00:00,DEV_003,14,29,75
DEV_003_2024-10-14 12:00:00,2024-10-14 12:00:00,DEV_003,96,4,78
DEV_003_2024-10-14 15:00:00,2024-10-14 15:00:00,DEV_003,55,99,73
DEV_003_2024-10-14 18:00:00,2024-10-14 18:00:00,DEV_003,58,95,61
DEV_003_2024-10-14 21:00:00,2024-10-14 21:00:00,DEV_003,89,76,49
DEV_003_2024-10-15 00:00:00,2024-10-15 00:00:00,DEV_003,26,25,95
DEV_003_2024-10-15 03:00:00,2024-10-15 03:00:00,DEV_003,11,2,73
DEV_003_2024-10-15 06:00:00,2024-10-15 06:00:00,DEV_003,72,56,81
DEV_003_2024-10-15 09:00:00,2024-10-15 09:00:00,DEV_003,83,9,15
DEV_003_2024-10-15 12:00:00,2024-10-15 12:00:00,DEV_003,54,93,50
DEV_003_2024-10-15 15:00:00,2024-10-15 15:00:00,DEV_003,12,1,67
DEV_003_2024-10-15 18:00:00,2024-10-15 18:00:00,DEV_003,28,55,93
DEV_003_2024-10-15 21:00:00,2024-10-15 21:00:00,DEV_003,37,98,44
DEV_003_2024-10-16 00:00:00,2024-10-16 00:00:00,DEV_003,99,12,12
DEV_003_2024-10-16 03:00:00,2024-10-16 03:00:00,DEV_003,97,68,14
DEV_003_2024-10-16 06:00:00,2024-10-16 06:00:00,DEV_003,11,42,95
DEV_003_2024-10-16 09:00:00,2024-10-16 09:00:00,DEV_003,44,42,99
DEV_003_2024-10-16 12:00:00,2024-10-16 12:00:00,DEV_003,2,17,40
DEV_003_2024-10-16 15:00:00,2024-10-16 15:00:00,DEV_003,20,50,20
DEV_003_2024-10-16 18:00:00,2024-10-16 18:00:00,DEV_003,54,61,77
DEV_003_2024-10-16 21:00:00,2024-10-16 21:00:00,DEV_003,12,27,23
DEV_003_2024-10-17 00:00:00,2024-10-17 00:00:00,DEV_003,52,5,43
DEV_003_2024-10-17 03:00:00,2024-10-17 03:00:00,DEV_003,8,48,68
DEV_003_2024-10-17 06:00:00,2024-10-17 06:00:00,DEV_003,15,16,40
DEV_003_2024-10-17 09:00:00,2024-10-17 09:00:00,DEV_003,47,65,31
DEV_003_2024-10-17 12:00:00,2024-10-17 12:00:00,DEV_003,81,62,92
DEV_003_2024-10-17 15:00:00,2024-10-17 15:00:00,DEV_003,18,44,45
DEV_003_2024-10-17 18:00:00,2024-10-17 18:00:00,DEV_003,9,26,92
DEV_003_2024-10-17 21:00:00,2024-10-17 21:00:00,DEV_003,1,4,86
DEV_003_2024-10-18 00:00:00,2024-10-18 00:00:00,DEV_003,56,6,3
DEV_003_2024-10-18 03:00:00,2024-10-18 03:00:00,DEV_003,27,70,91
DEV_003_2024-10-18 06:00:00,2024-10-18 06:00:00,DEV_003,81,35,85
DEV_003_2024-10-18 09:00:00,2024-10-18 09:00:00,DEV_003,18,33,74
DEV_003_2024-10-18 12:00:00,2024-10-18 12:00:00,DEV_003,84,76,48
DEV_003_2024-10-18 15:00:00,2024-10-18 15:00:00,DEV_003,32,49,87
DEV_003_2024-10-18 18:00:00,2024-10-18 18:00:00,DEV_003,49,85,27
DEV_003_2024-10-18 21:00:00,2024-10-18 21:00:00,DEV_003,16,37,18
DEV_003_2024-10-19 00:00:00,2024-10-19 00:00:00,DEV_003,53,6,18
DEV_003_2024-10-19 03:00:00,2024-10-19 03:00:00,DEV_003,38,67,19
DEV_003_2024-10-19 06:00:00,2024-10-19 06:00:00,DEV_003,33,54,11
DEV_003_2024-10-19 09:00:00,2024-10-19 09:00:00,DEV_003,3,37,52
DEV_003_2024-10-19 12:00:00,2024-10-19 12:00:00,DEV_003,82,41,28
DEV_003_2024-10-19 15:00:00,2024-10-19 15:00:00,DEV_003,36,68,16
DEV_003_2024-10-19 18:00:00,2024-10-19 18:00:00,DEV_003,85,27,15
DEV_003_2024-10-19 21:00:00,2024-10-19 21:00:00,DEV_003,52,81,4
DEV_003_2024-10-20 00:00:00,2024-10-20 00:00:00,DEV_003,60,42,42
DEV_003_2024-10-20 03:00:00,2024-10-20 03:00:00,DEV_003,53,22,87
DEV_003_2024-10-20 06:00:00,2024-10-20 06:00:00,DEV_003,18,38,75
DEV_003_2024-10-20 09:00:00,2024-10-20 09:00:00,DEV_003,68,66,67
DEV_003_2024-10-20 12:00:00,2024-10-20 12:00:00,DEV_003,29,50,90
DEV_003_2024-10-20 15:00:00,2024-10-20 15:00:00,DEV_003,46,63,43
DEV_003_2024-10-20 18:00:00,2024-10-20 18:00:00,DEV_003,5,4,97
DEV_003_2024-10-20 21:00:00,2024-10-20 21:00:00,DEV_003,25,47,43
DEV_003_2024-10-21 00:00:00,2024-10-21 00:00:00,DEV_003,95,55,60
DEV_003_2024-10-21 03:00:00,2024-10-21 03:00:00,DEV_003,62,15,65
DEV_003_2024-10-21 06:00:00,2024-10-21 06:00:00,DEV_003,85,68,18
DEV_003_2024-10-21 09:00:00,2024-10-21 09:00:00,DEV_003,82,40,65
DEV_003_2024-10-21 12:00:00,2024-10-21 12:00:00,DEV_003,72,62,75
DEV_003_2024-10-21 15:00:00,2024-10-21 15:00:00,DEV_003,10,5,12
DEV_003_2024-10-21 18:00:00,2024-10-21 18:00:00,DEV_003,1,50,31
DEV_003_2024-10-21 21:00:00,2024-10-21 21:00:00,DEV_003,62,27,97
DEV_003_2024-10-22 00:00:00,2024-10-22 00:00:00,DEV_003,44,20,35
DEV_003_2024-10-22 03:00:00,2024-10-22 03:00:00,DEV_003,8,93,14
DEV_003_2024-10-22 06:00:00,2024-10-22 06:00:00,DEV_003,79,72,47
DEV_003_2024-10-22 09:00:00,2024-10-22 09:00:00,DEV_003,65,36,85
DEV_003_2024-10-22 12:00:00,2024-10-22 12:00:00,DEV_003,94,7,46
DEV_003_2024-10-22 15:00:00,2024-10-22 15:00:00,DEV_003,6,72,50
DEV_003_2024-10-22 18:00:00,2024-10-22 18:00:00,DEV_003,94,56,86
DEV_003_2024-10-22 21:00:00,2024-10-22 21:00:00,DEV_003,15,65,13
DEV_003_2024-10-23 00:00:00,2024-10-23 00:00:00,DEV_003,49,45,1
DEV_003_2024-10-23 03:00:00,2024-10-23 03:00:00,DEV_003,64,46,95
DEV_003_2024-10-23 06:00:00,2024-10-23 06:00:00,DEV_003,96,85,9
DEV_003_2024-10-23 09:00:00,2024-10-23 09:00:00,DEV_003,60,56,4
DEV_003_2024-10-23 12:00:00,2024-10-23 12:00:00,DEV_003,10,78,89
DEV_003_2024-10-23 15:00:00,2024-10-23 15:00:00,DEV_003,76,92,43
DEV_003_2024-10-23 18:00:00,2024-10-23 18:00:00,DEV_003,53,9,64
DEV_003_2024-10-23 21:00:00,2024-10-23 21:00:00,DEV_003,96,14,39
DEV_003_2024-10-24 00:00:00,2024-10-24 00:00:00,DEV_003,74,74,1
DEV_003_2024-10-24 03:00:00,2024-10-24 03:00:00,DEV_003,84,18,41
DEV_003_2024-10-24 06:00:00,2024-10-24 06:00:00,DEV_003,61,35,72
DEV_003_2024-10-24 09:00:00,2024-10-24 09:00:00,DEV_003,76,34,98
DEV_003_2024-10-24 12:00:00,2024-10-24 12:00:00,DEV_003,33,21,22
DEV_003_2024-10-24 15:00:00,2024-10-24 15:00:00,DEV_003,69,24,50
DEV_003_2024-10-24 18:00:00,2024-10-24 18:00:00,DEV_003,23,62,26
DEV_003_2024-10-24 21:00:00,2024-10-24 21:00:00,DEV_003,50,62,14
DEV_003_2024-10-25 00:00:00,2024-10-25 00:00:00,DEV_003,29,43,11
DEV_003_2024-10-25 03:00:00,2024-10-25 03:00:00,DEV_003,63,88,54
DEV_003_2024-10-25 06:00:00,2024-10-25 06:00:00,DEV_003,47,72,5
DEV_003_2024-10-25 09:00:00,2024-10-25 09:00:00,DEV_003,25,37,90
DEV_003_2024-10-25 12:00:00,2024-10-25 12:00:00,DEV_003,59,32,17
DEV_003_2024-10-25 15:00:00,2024-10-25 15:00:00,DEV_003,48,65,45
DEV_003_2024-10-25 18:00:00,2024-10-25 18:00:00,DEV_003,66,44,71
DEV_003_2024-10-25 21:00:00,2024-10-25 21:00:00,DEV_003,70,63,25
DEV_003_2024-10-26 00:00:00,2024-10-26 00:00:00,DEV_003,9,52,45
DEV_003_2024-10-26 03:00:00,2024-10-26 03:00:00,DEV_003,21,23,93
DEV_003_2024-10-26 06:00:00,2024-10-26 06:00:00,DEV_003,12,40,15
DEV_003_2024-10-26 09:00:00,2024-10-26 09:00:00,DEV_003,22,26,41
DEV_003_2024-10-26 12:00:00,2024-10-26 12:00:00,DEV_003,4,71,24
DEV_003_2024-10-26 15:00:00,2024-10-26 15:00:00,DEV_003,5,95,82
DEV_003_2024-10-26 18:00:00,2024-10-26 18:00:00,DEV_003,28,45,52
DEV_003_2024-10-26 21:00:00,2024-10-26 21:00:00,DEV_003,46,47,99
DEV_003_2024-10-27 00:00:00,2024-10-27 00:00:00,DEV_003,45,81,61
DEV_003_2024-10-27 03:00:00,2024-10-27 03:00:00,DEV_003,19,43,25
DEV_003_2024-10-27 06:00:00,2024-10-27 06:00:00,DEV_003,4,33,34
DEV_003_2024-10-27 09:00:00,2024-10-27 09:00:00,DEV_003,31,91,95
DEV_003_2024-10-27 12:00:00,2024-10-27 12:00:00,DEV_003,47,89,89
DEV_003_2024-10-27 15:00:00,2024-10-27 15:00:00,DEV_003,20,55,87
DEV_003_2024-10-27 18:00:00,2024-10-27 18:00:00,DEV_003,11,68,62
DEV_003_2024-10-27 21:00:00,2024-10-27 21:00:00,DEV_003,3,3,97
DEV_003_2024-10-28 00:00:00,2024-10-28 00:00:00,DEV_003,5,23,67
DEV_003_2024-10-28 03:00:00,2024-10-28 03:00:00,DEV_003,13,32,9
DEV_003_2024-10-28 06:00:00,2024-10-28 06:00:00,DEV_003,69,38,48
DEV_003_2024-10-28 09:00:00,2024-10-28 09:00:00,DEV_003,96,96,63
DEV_003_2024-10-28 12:00:00,2024-10-28 12:00:00,DEV_003,23,12,21
DEV_003_2024-10-28 15:00:00,2024-10-28 15:00:00,DEV_003,36,27,48
DEV_003_2024-10-28 18:00:00,2024-10-28 18:00:00,DEV_003,24,84,14
DEV_003_2024-10-28 21:00:00,2024-10-28 21:00:00,DEV_003,56,49,77
DEV_003_2024-10-29 00:00:00,2024-10-29 00:00:00,DEV_003,15,55,10
DEV_003_2024-10-29 03:00:00,2024-10-29 03:00:00,DEV_003,71,15,6
DEV_003_2024-10-29 06:00:00,2024-10-29 06:00:00,DEV_003,99,19,76
DEV_003_2024-10-29 09:00:00,2024-10-29 09:00:00,DEV_003,53,32,12
DEV_003_2024-10-29 12:00:00,2024-10-29 12:00:00,DEV_003,88,35,62
DEV_003_2024-10-29 15:00:00,2024-10-29 15:00:00,DEV_003,42,66,7
DEV_003_2024-10-29 18:00:00,2024-10-29 18:00:00,DEV_003,92,13,45
DEV_003_2024-10-29 21:00:00,2024-10-29 21:00:00,DEV_003,80,35,78
DEV_003_2024-10-30 00:00:00,2024-10-30 00:00:00,DEV_003,14,1,11
DEV_003_2024-10-30 03:00:00,2024-10-30 03:00:00,DEV_003,10,40,78
DEV_003_2024-10-30 06:00:00,2024-10-30 06:00:00,DEV_003,63,38,97
DEV_003_2024-10-30 09:00:00,2024-10-30 09:00:00,DEV_003,29,51,61
DEV_003_2024-10-30 12:00:00,2024-10-30 12:00:00,DEV_003,8,97,61
DEV_003_2024-10-30 15:00:00,2024-10-30 15:00:00,DEV_003,3,9,13
DEV_003_2024-10-30 18:00:00,2024-10-30 18:00:00,DEV_003,6,36,69
DEV_003_2024-10-30 21:00:00,2024-10-30 21:00:00,DEV_003,6,15,31
DEV_003_2024-10-31 00:00:00,2024-10-31 00:00:00,DEV_003,36,97,7
DEV_003_2024-10-31 03:00:00,2024-10-31 03:00:00,DEV_003,64,19,55
DEV_003_2024-10-31 06:00:00,2024-10-31 06:00:00,DEV_003,2,98,57
DEV_003_2024-10-31 09:00:00,2024-10-31 09:00:00,DEV_003,51,36,35
DEV_003_2024-10-31 12:00:00,2024-10-31 12:00:00,DEV_003,37,36,5
DEV_003_2024-10-31 15:00:00,2024-10-31 15:00:00,DEV_003,90,21,53
DEV_003_2024-10-31 18:00:00,2024-10-31 18:00:00,DEV_003,89,45,89
DEV_003_2024-10-31 21:00:00,2024-10-31 21:00:00,DEV_003,76,38,70
DEV_003_2024-11-01 00:00:00,2024-11-01 00:00:00,DEV_003,7,8,30
DEV_003_2024-11-01 03:00:00,2024-11-01 03:00:00,DEV_003,84,77,80
DEV_003_2024-11-01 06:00:00,2024-11-01 06:00:00,DEV_003,24,81,77
DEV_003_2024-11-01 09:00:00,2024-11-01 09:00:00,DEV_003,84,76,21
DEV_003_2024-11-01 12:00:00,2024-11-01 12:00:00,DEV_003,38,37,85
DEV_003_2024-11-01 15:00:00,2024-11-01 15:00:00,DEV_003,21,99,97
DEV_003_2024-11-01 18:00:00,2024-11-01 18:00:00,DEV_003,70,5,29
DEV_003_2024-11-01 21:00:00,2024-11-01 21:00:00,DEV_003,21,67,76
DEV_003_2024-11-02 00:00:00,2024-11-02 00:00:00,DEV_003,47,62,11
DEV_003_2024-11-02 03:00:00,2024-11-02 03:00:00,DEV_003,13,13,42
DEV_003_2024-11-02 06:00:00,2024-11-02 06:00:00,DEV_003,62,14,55
DEV_003_2024-11-02 09:00:00,2024-11-02 09:00:00,DEV_003,79,25,40
DEV_003_2024-11-02 12:00:00,2024-11-02 12:00:00,DEV_003,22,16,73
DEV_003_2024-11-02 15:00:00,2024-11-02 15:00:00,DEV_003,77,73,83
DEV_003_2024-11-02 18:00:00,2024-11-02 18:00:00,DEV_003,19,76,10
DEV_003_2024-11-02 21:00:00,2024-11-02 21:00:00,DEV_003,13,4,1
DEV_003_2024-11-03 00:00:00,2024-11-03 00:00:00,DEV_003,79,66,72
DEV_003_2024-11-03 03:00:00,2024-11-03 03:00:00,DEV_003,62,65,56
DEV_003_2024-11-03 06:00:00,2024-11-03 06:00:00,DEV_003,50,45,29
DEV_003_2024-11-03 09:00:00,2024-11-03 09:00:00,DEV_003,61,87,49
DEV_003_2024-11-03 12:00:00,2024-11-03 12:00:00,DEV_003,39,47,41
DEV_003_2024-11-03 15:00:00,2024-11-03 15:00:00,DEV_003,17,77,63
DEV_003_2024-11-03 18:00:00,2024-11-03 18:00:00,DEV_003,79,53,8
DEV_003_2024-11-03 21:00:00,2024-11-03 21:00:00,DEV_003,32,7,48
DEV_003_2024-11-04 00:00:00,2024-11-04 00:00:00,DEV_003,77,79,82
DEV_003_2024-11-04 03:00:00,2024-11-04 03:00:00,DEV_003,46,60,81
DEV_003_2024-11-04 06:00:00,2024-11-04 06:00:00,DEV_003,47,43,81
DEV_003_2024-11-04 09:00:00,2024-11-04 09:00:00,DEV_003,61,45,64
DEV_003_2024-11-04 12:00:00,2024-11-04 12:00:00,DEV_003,4,63,57
DEV_003_2024-11-04 15:00:00,2024-11-04 15:00:00,DEV_003,35,14,52
DEV_003_2024-11-04 18:00:00,2024-11-04 18:00:00,DEV_003,41,79,62
DEV_003_2024-11-04 21:00:00,2024-11-04 21:00:00,DEV_003,86,64,63
DEV_003_2024-11-05 00:00:00,2024-11-05 00:00:00,DEV_003,30,92,93
DEV_003_2024-11-05 03:00:00,2024-11-05 03:00:00,DEV_003,28,58,2
DEV_003_2024-11-05 06:00:00,2024-11-05 06:00:00,DEV_003,31,51,73
DEV_003_2024-11-05 09:00:00,2024-11-05 09:00:00,DEV_003,88,35,80
DEV_003_2024-11-05 12:00:00,2024-11-05 12:00:00,DEV_003,92,24,32
DEV_003_2024-11-05 15:00:00,2024-11-05 15:00:00,DEV_003,19,74,74
DEV_003_2024-11-05 18:00:00,2024-11-05 18:00:00,DEV_003,5,95,94
DEV_003_2024-11-05 21:00:00,2024-11-05 21:00:00,DEV_003,92,65,24
DEV_003_2024-11-06 00:00:00,2024-11-06 00:00:00,DEV_003,16,32,45
DEV_003_2024-11-06 03:00:00,2024-11-06 03:00:00,DEV_003,7,21,53
DEV_003_2024-11-06 06:00:00,2024-11-06 06:00:00,DEV_003,78,2,39
DEV_003_2024-11-06 09:00:00,2024-11-06 09:00:00,DEV_003,9,47,65
DEV_003_2024-11-06 12:00:00,2024-11-06 12:00:00,DEV_003,31,99,43
DEV_003_2024-11-06 15:00:00,2024-11-06 15:00:00,DEV_003,69,81,67
DEV_003_2024-11-06 18:00:00,2024-11-06 18:00:00,DEV_003,55,67,34
DEV_003_2024-11-06 21:00:00,2024-11-06 21:00:00,DEV_003,43,42,57
DEV_003_2024-11-07 00:00:00,2024-11-07 00:00:00,DEV_003,42,56,22
DEV_003_2024-11-07 03:00:00,2024-11-07 03:00:00,DEV_003,55,23,70
DEV_003_2024-11-07 06:00:00,2024-11-07 06:00:00,DEV_003,72,57,7
DEV_003_2024-11-07 09:00:00,2024-11-07 09:00:00,DEV_003,4,57,2
DEV_003_2024-11-07 12:00:00,2024-11-07 12:00:00,DEV_003,32,45,35
DEV_003_2024-11-07 15:00:00,2024-11-07 15:00:00,DEV_003,5,92,75
DEV_003_2024-11-07 18:00:00,2024-11-07 18:00:00,DEV_003,73,36,66
DEV_003_2024-11-07 21:00:00,2024-11-07 21:00:00,DEV_003,70,86,94
DEV_003_2024-11-08 00:00:00,2024-11-08 00:00:00,DEV_003,58,5,93
DEV_003_2024-11-08 03:00:00,2024-11-08 03:00:00,DEV_003,70,61,1
DEV_003_2024-11-08 06:00:00,2024-11-08 06:00:00,DEV_003,66,55,42
DEV_003_2024-11-08 09:00:00,2024-11-08 09:00:00,DEV_003,68,8,21
DEV_003_2024-11-08 12:00:00,2024-11-08 12:00:00,DEV_003,73,98,64
DEV_003_2024-11-08 15:00:00,2024-11-08 15:00:00,DEV_003,53,12,44
DEV_003_2024-11-08 18:00:00,2024-11-08 18:00:00,DEV_003,15,91,16
DEV_003_2024-11-08 21:00:00,2024-11-08 21:00:00,DEV_003,5,95,56
DEV_003_2024-11-09 00:00:00,2024-11-09 00:00:00,DEV_003,99,22,45
DEV_003_2024-11-09 03:00:00,2024-11-09 03:00:00,DEV_003,92,15,79
DEV_003_2024-11-09 06:00:00,2024-11-09 06:00:00,DEV_003,61,89,58
DEV_003_2024-11-09 09:00:00,2024-11-09 09:00:00,DEV_003,99,43,17
DEV_003_2024-11-09 12:00:00,2024-11-09 12:00:00,DEV_003,10,56,94
DEV_003_2024-11-09 15:00:00,2024-11-09 15:00:00,DEV_003,30,34,42
DEV_003_2024-11-09 18:00:00,2024-11-09 18:00:00,DEV_003,32,74,40
DEV_003_2024-11-09 21:00:00,2024-11-09 21:00:00,DEV_003,61,7,27
DEV_003_2024-11-10 00:00:00,2024-11-10 00:00:00,DEV_003,56,65,68
DEV_003_2024-11-10 03:00:00,2024-11-10 03:00:00,DEV_003,68,73,79
DEV_003_2024-11-10 06:00:00,2024-11-10 06:00:00,DEV_003,74,72,25
DEV_003_2024-11-10 09:00:00,2024-11-10 09:00:00,DEV_003,15,68,13
DEV_003_2024-11-10 12:00:00,2024-11-10 12:00:00,DEV_003,20,65,90
DEV_003_2024-11-10 15:00:00,2024-11-10 15:00:00,DEV_003,99,45,63
DEV_003_2024-11-10 18:00:00,2024-11-10 18:00:00,DEV_003,56,81,92
DEV_003_2024-11-10 21:00:00,2024-11-10 21:00:00,DEV_003,57,87,89
DEV_003_2024-11-11 00:00:00,2024-11-11 00:00:00,DEV_003,51,41,78
DEV_003_2024-11-11 03:00:00,2024-11-11 03:00:00,DEV_003,31,13,64
DEV_003_2024-11-11 06:00:00,2024-11-11 06:00:00,DEV_003,18,82,11
DEV_003_2024-11-11 09:00:00,2024-11-11 09:00:00,DEV_003,47,70,69
DEV_003_2024-11-11 12:00:00,2024-11-11 12:00:00,DEV_003,71,35,1
DEV_003_2024-11-11 15:00:00,2024-11-11 15:00:00,DEV_003,14,78,56
DEV_003_2024-11-11 18:00:00,2024-11-11 18:00:00,DEV_003,70,19,51
DEV_003_2024-11-11 21:00:00,2024-11-11 21:00:00,DEV_003,9,24,75
DEV_003_2024-11-12 00:00:00,2024-11-12 00:00:00,DEV_003,30,13,94
DEV_003_2024-11-12 03:00:00,2024-11-12 03:00:00,DEV_003,3,72,31
DEV_003_2024-11-12 06:00:00,2024-11-12 06:00:00,DEV_003,62,80,14
DEV_003_2024-11-12 09:00:00,2024-11-12 09:00:00,DEV_003,85,16,85
DEV_003_2024-11-12 12:00:00,2024-11-12 12:00:00,DEV_003,34,65,31
DEV_003_2024-11-12 15:00:00,2024-11-12 15:00:00,DEV_003,81,98,83
DEV_003_2024-11-12 18:00:00,2024-11-12 18:00:00,DEV_003,99,22,52
DEV_003_2024-11-12 21:00:00,2024-11-12 21:00:00,DEV_003,16,10,50
DEV_003_2024-11-13 00:00:00,2024-11-13 00:00:00,DEV_003,15,95,36
DEV_003_2024-11-13 03:00:00,2024-11-13 03:00:00,DEV_003,93,41,34
DEV_003_2024-11-13 06:00:00,2024-11-13 06:00:00,DEV_003,98,4,64
DEV_003_2024-11-13 09:00:00,2024-11-13 09:00:00,DEV_003,96,33,23
DEV_003_2024-11-13 12:00:00,2024-11-13 12:00:00,DEV_003,76,44,42
DEV_003_2024-11-13 15:00:00,2024-11-13 15:00:00,DEV_003,67,82,66
DEV_003_2024-11-13 18:00:00,2024-11-13 18:00:00,DEV_003,73,16,22
DEV_003_2024-11-13 21:00:00,2024-11-13 21:00:00,DEV_003,93,78,41
DEV_003_2024-11-14 00:00:00,2024-11-14 00:00:00,DEV_003,31,90,94
DEV_003_2024-11-14 03:00:00,2024-11-14 03:00:00,DEV_003,29,29,52
DEV_003_2024-11-14 06:00:00,2024-11-14 06:00:00,DEV_003,98,21,70
DEV_003_2024-11-14 09:00:00,2024-11-14 09:00:00,DEV_003,16,51,28
DEV_003_2024-11-14 12:00:00,2024-11-14 12:00:00,DEV_003,48,9,60
DEV_003_2024-11-14 15:00:00,2024-11-14 15:00:00,DEV_003,70,30,73
DEV_003_2024-11-14 18:00:00,2024-11-14 18:00:00,DEV_003,32,28,25
DEV_003_2024-11-14 21:00:00,2024-11-14 21:00:00,DEV_003,28,16,13
DEV_003_2024-11-15 00:00:00,2024-11-15 00:00:00,DEV_003,11,25,10
DEV_003_2024-11-15 03:00:00,2024-11-15 03:00:00,DEV_003,22,50,75
DEV_003_2024-11-15 06:00:00,2024-11-15 06:00:00,DEV_003,42,76,87
DEV_003_2024-11-15 09:00:00,2024-11-15 09:00:00,DEV_003,49,33,25
DEV_003_2024-11-15 12:00:00,2024-11-15 12:00:00,DEV_003,15,44,34
DEV_003_2024-11-15 15:00:00,2024-11-15 15:00:00,DEV_003,94,61,19
DEV_003_2024-11-15 18:00:00,2024-11-15 18:00:00,DEV_003,46,83,61
DEV_003_2024-11-15 21:00:00,2024-11-15 21:00:00,DEV_003,40,72,17
DEV_003_2024-11-16 00:00:00,2024-11-16 00:00:00,DEV_003,26,10,8
DEV_003_2024-11-16 03:00:00,2024-11-16 03:00:00,DEV_003,91,76,58
DEV_003_2024-11-16 06:00:00,2024-11-16 06:00:00,DEV_003,88,53,99
DEV_003_2024-11-16 09:00:00,2024-11-16 09:00:00,DEV_003,98,73,2
DEV_003_2024-11-16 12:00:00,2024-11-16 12:00:00,DEV_003,36,6,27
DEV_003_2024-11-16 15:00:00,2024-11-16 15:00:00,DEV_003,55,77,42
DEV_003_2024-11-16 18:00:00,2024-11-16 18:00:00,DEV_003,87,46,24
DEV_003_2024-11-16 21:00:00,2024-11-16 21:00:00,DEV_003,47,2,87
DEV_003_2024-11-17 00:00:00,2024-11-17 00:00:00,DEV_003,83,86,56
DEV_003_2024-11-17 03:00:00,2024-11-17 03:00:00,DEV_003,67,56,27
DEV_003_2024-11-17 06:00:00,2024-11-17 06:00:00,DEV_003,42,49,69
DEV_003_2024-11-17 09:00:00,2024-11-17 09:00:00,DEV_003,13,88,95
DEV_003_2024-11-17 12:00:00,2024-11-17 12:00:00,DEV_003,96,15,36
DEV_003_2024-11-17 15:00:00,2024-11-17 15:00:00,DEV_003,48,28,96
DEV_003_2024-11-17 18:00:00,2024-11-17 18:00:00,DEV_003,53,23,99
DEV_003_2024-11-17 21:00:00,2024-11-17 21:00:00,DEV_003,91,58,64
DEV_003_2024-11-18 00:00:00,2024-11-18 00:00:00,DEV_003,75,78,91
DEV_003_2024-11-18 03:00:00,2024-11-18 03:00:00,DEV_003,20,45,48
DEV_003_2024-11-18 06:00:00,2024-11-18 06:00:00,DEV_003,61,13,62
DEV_003_2024-11-18 09:00:00,2024-11-18 09:00:00,DEV_003,81,98,32
DEV_003_2024-11-18 12:00:00,2024-11-18 12:00:00,DEV_003,95,56,21
DEV_003_2024-11-18 15:00:00,2024-11-18 15:00:00,DEV_003,42,34,15
DEV_003_2024-11-18 18:00:00,2024-11-18 18:00:00,DEV_003,28,85,43
DEV_003_2024-11-18 21:00:00,2024-11-18 21:00:00,DEV_003,7,89,86
DEV_003_2024-11-19 00:00:00,2024-11-19 00:00:00,DEV_003,54,79,92
DEV_003_2024-11-19 03:00:00,2024-11-19 03:00:00,DEV_003,88,49,9
DEV_003_2024-11-19 06:00:00,2024-11-19 06:00:00,DEV_003,56,50,32
DEV_003_2024-11-19 09:00:00,2024-11-19 09:00:00,DEV_003,79,75,33
DEV_003_2024-11-19 12:00:00,2024-11-19 12:00:00,DEV_003,12,70,27
DEV_003_2024-11-19 15:00:00,2024-11-19 15:00:00,DEV_003,84,2,13
DEV_003_2024-11-19 18:00:00,2024-11-19 18:00:00,DEV_003,9,11,63
DEV_003_2024-11-19 21:00:00,2024-11-19 21:00:00,DEV_003,71,89,71
DEV_003_2024-11-20 00:00:00,2024-11-20 00:00:00,DEV_003,22,27,32
DEV_003_2024-11-20 03:00:00,2024-11-20 03:00:00,DEV_003,48,12,19
DEV_003_2024-11-20 06:00:00,2024-11-20 06:00:00,DEV_003,28,76,19
DEV_003_2024-11-20 09:00:00,2024-11-20 09:00:00,DEV_003,36,78,19
DEV_003_2024-11-20 12:00:00,2024-11-20 12:00:00,DEV_003,54,99,29
DEV_003_2024-11-20 15:00:00,2024-11-20 15:00:00,DEV_003,37,5,55
DEV_003_2024-11-20 18:00:00,2024-11-20 18:00:00,DEV_003,81,92,35
DEV_003_2024-11-20 21:00:00,2024-11-20 21:00:00,DEV_003,10,3,7
DEV_003_2024-11-21 00:00:00,2024-11-21 00:00:00,DEV_003,25,17,24
DEV_003_2024-11-21 03:00:00,2024-11-21 03:00:00,DEV_003,20,31,19
DEV_003_2024-11-21 06:00:00,2024-11-21 06:00:00,DEV_003,30,61,69
DEV_003_2024-11-21 09:00:00,2024-11-21 09:00:00,DEV_003,74,25,79
DEV_003_2024-11-21 12:00:00,2024-11-21 12:00:00,DEV_003,85,48,16
DEV_003_2024-11-21 15:00:00,2024-11-21 15:00:00,DEV_003,29,92,37
DEV_003_2024-11-21 18:00:00,2024-11-21 18:00:00,DEV_003,8,15,96
DEV_003_2024-11-21 21:00:00,2024-11-21 21:00:00,DEV_003,50,63,16
DEV_003_2024-11-22 00:00:00,2024-11-22 00:00:00,DEV_003,88,16,57
DEV_003_2024-11-22 03:00:00,2024-11-22 03:00:00,DEV_003,8,79,15
DEV_003_2024-11-22 06:00:00,2024-11-22 06:00:00,DEV_003,6,16,75
DEV_003_2024-11-22 09:00:00,2024-11-22 09:00:00,DEV_003,1,19,49
DEV_003_2024-11-22 12:00:00,2024-11-22 12:00:00,DEV_003,78,74,71
DEV_003_2024-11-22 15:00:00,2024-11-22 15:00:00,DEV_003,82,66,75
DEV_003_2024-11-22 18:00:00,2024-11-22 18:00:00,DEV_003,72,70,40
DEV_003_2024-11-22 21:00:00,2024-11-22 21:00:00,DEV_003,43,90,14
DEV_003_2024-11-23 00:00:00,2024-11-23 00:00:00,DEV_003,92,34,81
DEV_003_2024-11-23 03:00:00,2024-11-23 03:00:00,DEV_003,57,58,77
DEV_003_2024-11-23 06:00:00,2024-11-23 06:00:00,DEV_003,94,1,7
DEV_003_2024-11-23 09:00:00,2024-11-23 09:00:00,DEV_003,64,71,46
DEV_003_2024-11-23 12:00:00,2024-11-23 12:00:00,DEV_003,74,38,27
DEV_003_2024-11-23 15:00:00,2024-11-23 15:00:00,DEV_003,99,63,67
DEV_003_2024-11-23 18:00:00,2024-11-23 18:00:00,DEV_003,18,57,2
DEV_003_2024-11-23 21:00:00,2024-11-23 21:00:00,DEV_003,20,24,52
DEV_003_2024-11-24 00:00:00,2024-11-24 00:00:00,DEV_003,91,10,70
DEV_003_2024-11-24 03:00:00,2024-11-24 03:00:00,DEV_003,71,11,84
DEV_003_2024-11-24 06:00:00,2024-11-24 06:00:00,DEV_003,89,2,70
DEV_003_2024-11-24 09:00:00,2024-11-24 09:00:00,DEV_003,54,67,66
DEV_003_2024-11-24 12:00:00,2024-11-24 12:00:00,DEV_003,88,77,5
DEV_003_2024-11-24 15:00:00,2024-11-24 15:00:00,DEV_003,5,3,63
DEV_003_2024-11-24 18:00:00,2024-11-24 18:00:00,DEV_003,35,34,2
DEV_003_2024-11-24 21:00:00,2024-11-24 21:00:00,DEV_003,64,50,45
DEV_003_2024-11-25 00:00:00,2024-11-25 00:00:00,DEV_003,41,23,14
DEV_003_2024-11-25 03:00:00,2024-11-25 03:00:00,DEV_003,81,23,72
DEV_003_2024-11-25 06:00:00,2024-11-25 06:00:00,DEV_003,13,79,71
DEV_003_2024-11-25 09:00:00,2024-11-25 09:00:00,DEV_003,89,36,67
DEV_003_2024-11-25 12:00:00,2024-11-25 12:00:00,DEV_003,74,33,64
DEV_003_2024-11-25 15:00:00,2024-11-25 15:00:00,DEV_003,24,14,73
DEV_003_2024-11-25 18:00:00,2024-11-25 18:00:00,DEV_003,13,8,99
DEV_003_2024-11-25 21:00:00,2024-11-25 21:00:00,DEV_003,29,54,63
DEV_003_2024-11-26 00:00:00,2024-11-26 00:00:00,DEV_003,34,24,52
DEV_003_2024-11-26 03:00:00,2024-11-26 03:00:00,DEV_003,11,36,70
DEV_003_2024-11-26 06:00:00,2024-11-26 06:00:00,DEV_003,91,69,55
DEV_003_2024-11-26 09:00:00,2024-11-26 09:00:00,DEV_003,98,97,90
DEV_003_2024-11-26 12:00:00,2024-11-26 12:00:00,DEV_003,37,53,57
DEV_003_2024-11-26 15:00:00,2024-11-26 15:00:00,DEV_003,61,53,78
DEV_003_2024-11-26 18:00:00,2024-11-26 18:00:00,DEV_003,98,30,73
DEV_003_2024-11-26 21:00:00,2024-11-26 21:00:00,DEV_003,35,95,78
DEV_003_2024-11-27 00:00:00,2024-11-27 00:00:00,DEV_003,79,98,57
DEV_003_2024-11-27 03:00:00,2024-11-27 03:00:00,DEV_003,65,51,8
DEV_003_2024-11-27 06:00:00,2024-11-27 06:00:00,DEV_003,38,33,91
DEV_003_2024-11-27 09:00:00,2024-11-27 09:00:00,DEV_003,59,66,57
DEV_003_2024-11-27 12:00:00,2024-11-27 12:00:00,DEV_003,92,45,2
DEV_003_2024-11-27 15:00:00,2024-11-27 15:00:00,DEV_003,53,7,49
DEV_003_2024-11-27 18:00:00,2024-11-27 18:00:00,DEV_003,39,3,52
DEV_003_2024-11-27 21:00:00,2024-11-27 21:00:00,DEV_003,54,12,8
DEV_003_2024-11-28 00:00:00,2024-11-28 00:00:00,DEV_003,76,72,50
DEV_003_2024-11-28 03:00:00,2024-11-28 03:00:00,DEV_003,11,46,93
DEV_003_2024-11-28 06:00:00,2024-11-28 06:00:00,DEV_003,66,34,92
DEV_003_2024-11-28 09:00:00,2024-11-28 09:00:00,DEV_003,58,87,98
DEV_003_2024-11-28 12:00:00,2024-11-28 12:00:00,DEV_003,76,94,21
DEV_003_2024-11-28 15:00:00,2024-11-28 15:00:00,DEV_003,10,10,94
DEV_003_2024-11-28 18:00:00,2024-11-28 18:00:00,DEV_003,5,25,43
DEV_003_2024-11-28 21:00:00,2024-11-28 21:00:00,DEV_003,41,25,4
DEV_003_2024-11-29 00:00:00,2024-11-29 00:00:00,DEV_003,88,13,87
DEV_003_2024-11-29 03:00:00,2024-11-29 03:00:00,DEV_003,81,46,63
DEV_003_2024-11-29 06:00:00,2024-11-29 06:00:00,DEV_003,94,68,35
DEV_003_2024-11-29 09:00:00,2024-11-29 09:00:00,DEV_003,85,67,20
DEV_003_2024-11-29 12:00:00,2024-11-29 12:00:00,DEV_003,46,78,55
DEV_003_2024-11-29 15:00:00,2024-11-29 15:00:00,DEV_003,63,18,33
DEV_003_2024-11-29 18:00:00,2024-11-29 18:00:00,DEV_003,62,18,31
DEV_003_2024-11-29 21:00:00,2024-11-29 21:00:00,DEV_003,28,7,43
DEV_003_2024-11-30 00:00:00,2024-11-30 00:00:00,DEV_003,36,52,36
DEV_003_2024-11-30 03:00:00,2024-11-30 03:00:00,DEV_003,41,21,38
DEV_003_2024-11-30 06:00:00,2024-11-30 06:00:00,DEV_003,66,41,53
DEV_003_2024-11-30 09:00:00,2024-11-30 09:00:00,DEV_003,34,68,8
DEV_003_2024-11-30 12:00:00,2024-11-30 12:00:00,DEV_003,31,82,59
DEV_003_2024-11-30 15:00:00,2024-11-30 15:00:00,DEV_003,83,91,85
DEV_003_2024-11-30 18:00:00,2024-11-30 18:00:00,DEV_003,90,21,4
DEV_003_2024-11-30 21:00:00,2024-11-30 21:00:00,DEV_003,9,51,56
DEV_003_2024-12-01 00:00:00,2024-12-01 00:00:00,DEV_003,58,68,63
DEV_003_2024-12-01 03:00:00,2024-12-01 03:00:00,DEV_003,42,35,54
DEV_003_2024-12-01 06:00:00,2024-12-01 06:00:00,DEV_003,16,81,71
DEV_003_2024-12-01 09:00:00,2024-12-01 09:00:00,DEV_003,67,36,36
DEV_003_2024-12-01 12:00:00,2024-12-01 12:00:00,DEV_003,54,57,37
DEV_003_2024-12-01 15:00:00,2024-12-01 15:00:00,DEV_003,57,79,48
DEV_003_2024-12-01 18:00:00,2024-12-01 18:00:00,DEV_003,38,81,54
DEV_003_2024-12-01 21:00:00,2024-12-01 21:00:00,DEV_003,7,4,10
DEV_003_2024-12-02 00:00:00,2024-12-02 00:00:00,DEV_003,81,79,18
DEV_003_2024-12-02 03:00:00,2024-12-02 03:00:00,DEV_003,62,23,62
DEV_003_2024-12-02 06:00:00,2024-12-02 06:00:00,DEV_003,15,55,28
DEV_003_2024-12-02 09:00:00,2024-12-02 09:00:00,DEV_003,82,77,36
DEV_003_2024-12-02 12:00:00,2024-12-02 12:00:00,DEV_003,26,13,6
DEV_003_2024-12-02 15:00:00,2024-12-02 15:00:00,DEV_003,53,89,29
DEV_003_2024-12-02 18:00:00,2024-12-02 18:00:00,DEV_003,40,94,20
DEV_003_2024-12-02 21:00:00,2024-12-02 21:00:00,DEV_003,60,16,26
DEV_003_2024-12-03 00:00:00,2024-12-03 00:00:00,DEV_003,55,86,84
DEV_003_2024-12-03 03:00:00,2024-12-03 03:00:00,DEV_003,87,7,64
DEV_003_2024-12-03 06:00:00,2024-12-03 06:00:00,DEV_003,19,90,34
DEV_003_2024-12-03 09:00:00,2024-12-03 09:00:00,DEV_003,61,26,24
DEV_003_2024-12-03 12:00:00,2024-12-03 12:00:00,DEV_003,96,40,43
DEV_003_2024-12-03 15:00:00,2024-12-03 15:00:00,DEV_003,13,67,14
DEV_003_2024-12-03 18:00:00,2024-12-03 18:00:00,DEV_003,7,57,64
DEV_003_2024-12-03 21:00:00,2024-12-03 21:00:00,DEV_003,52,54,11
DEV_003_2024-12-04 00:00:00,2024-12-04 00:00:00,DEV_003,63,25,44
DEV_003_2024-12-04 03:00:00,2024-12-04 03:00:00,DEV_003,7,37,41
DEV_003_2024-12-04 06:00:00,2024-12-04 06:00:00,DEV_003,99,40,9
DEV_003_2024-12-04 09:00:00,2024-12-04 09:00:00,DEV_003,51,73,65
DEV_003_2024-12-04 12:00:00,2024-12-04 12:00:00,DEV_003,90,64,92
DEV_003_2024-12-04 15:00:00,2024-12-04 15:00:00,DEV_003,88,55,36
DEV_003_2024-12-04 18:00:00,2024-12-04 18:00:00,DEV_003,65,81,76
DEV_003_2024-12-04 21:00:00,2024-12-04 21:00:00,DEV_003,38,93,14
DEV_003_2024-12-05 00:00:00,2024-12-05 00:00:00,DEV_003,99,11,82
DEV_003_2024-12-05 03:00:00,2024-12-05 03:00:00,DEV_003,10,64,73
DEV_003_2024-12-05 06:00:00,2024-12-05 06:00:00,DEV_003,9,50,93
DEV_003_2024-12-05 09:00:00,2024-12-05 09:00:00,DEV_003,12,39,80
DEV_003_2024-12-05 12:00:00,2024-12-05 12:00:00,DEV_003,56,11,66
DEV_003_2024-12-05 15:00:00,2024-12-05 15:00:00,DEV_003,42,44,82
DEV_003_2024-12-05 18:00:00,2024-12-05 18:00:00,DEV_003,67,96,58
DEV_003_2024-12-05 21:00:00,2024-12-05 21:00:00,DEV_003,40,32,71
DEV_003_2024-12-06 00:00:00,2024-12-06 00:00:00,DEV_003,35,78,1
DEV_003_2024-12-06 03:00:00,2024-12-06 03:00:00,DEV_003,38,7,98
DEV_003_2024-12-06 06:00:00,2024-12-06 06:00:00,DEV_003,1,78,92
DEV_003_2024-12-06 09:00:00,2024-12-06 09:00:00,DEV_003,21,57,27
DEV_003_2024-12-06 12:00:00,2024-12-06 12:00:00,DEV_003,27,72,77
DEV_003_2024-12-06 15:00:00,2024-12-06 15:00:00,DEV_003,45,50,37
DEV_003_2024-12-06 18:00:00,2024-12-06 18:00:00,DEV_003,64,88,77
DEV_003_2024-12-06 21:00:00,2024-12-06 21:00:00,DEV_003,45,63,84
DEV_003_2024-12-07 00:00:00,2024-12-07 00:00:00,DEV_003,78,68,79
DEV_003_2024-12-07 03:00:00,2024-12-07 03:00:00,DEV_003,51,89,65
DEV_003_2024-12-07 06:00:00,2024-12-07 06:00:00,DEV_003,69,14,37
DEV_003_2024-12-07 09:00:00,2024-12-07 09:00:00,DEV_003,60,15,71
DEV_003_2024-12-07 12:00:00,2024-12-07 12:00:00,DEV_003,76,67,51
DEV_003_2024-12-07 15:00:00,2024-12-07 15:00:00,DEV_003,46,84,11
DEV_003_2024-12-07 18:00:00,2024-12-07 18:00:00,DEV_003,84,50,56
DEV_003_2024-12-07 21:00:00,2024-12-07 21:00:00,DEV_003,30,42,39
DEV_003_2024-12-08 00:00:00,2024-12-08 00:00:00,DEV_003,86,31,31
DEV_003_2024-12-08 03:00:00,2024-12-08 03:00:00,DEV_003,37,71,25
DEV_003_2024-12-08 06:00:00,2024-12-08 06:00:00,DEV_003,98,12,31
DEV_003_2024-12-08 09:00:00,2024-12-08 09:00:00,DEV_003,45,38,62
DEV_003_2024-12-08 12:00:00,2024-12-08 12:00:00,DEV_003,15,66,32
DEV_003_2024-12-08 15:00:00,2024-12-08 15:00:00,DEV_003,99,89,86
DEV_003_2024-12-08 18:00:00,2024-12-08 18:00:00,DEV_003,13,43,76
DEV_003_2024-12-08 21:00:00,2024-12-08 21:00:00,DEV_003,11,22,98
DEV_003_2024-12-09 00:00:00,2024-12-09 00:00:00,DEV_003,54,53,87
DEV_003_2024-12-09 03:00:00,2024-12-09 03:00:00,DEV_003,67,80,46
DEV_003_2024-12-09 06:00:00,2024-12-09 06:00:00,DEV_003,42,67,18
DEV_003_2024-12-09 09:00:00,2024-12-09 09:00:00,DEV_003,69,28,98
DEV_003_2024-12-09 12:00:00,2024-12-09 12:00:00,DEV_003,46,36,40
DEV_003_2024-12-09 15:00:00,2024-12-09 15:00:00,DEV_003,18,28,3
DEV_003_2024-12-09 18:00:00,2024-12-09 18:00:00,DEV_003,12,99,15
DEV_003_2024-12-09 21:00:00,2024-12-09 21:00:00,DEV_003,30,51,34
DEV_003_2024-12-10 00:00:00,2024-12-10 00:00:00,DEV_003,16,35,26
DEV_003_2024-12-10 03:00:00,2024-12-10 03:00:00,DEV_003,68,57,67
DEV_003_2024-12-10 06:00:00,2024-12-10 06:00:00,DEV_003,29,63,44
DEV_003_2024-12-10 09:00:00,2024-12-10 09:00:00,DEV_003,35,25,18
DEV_003_2024-12-10 12:00:00,2024-12-10 12:00:00,DEV_003,55,57,80
DEV_003_2024-12-10 15:00:00,2024-12-10 15:00:00,DEV_003,90,9,48
DEV_003_2024-12-10 18:00:00,2024-12-10 18:00:00,DEV_003,62,83,58
DEV_003_2024-12-10 21:00:00,2024-12-10 21:00:00,DEV_003,42,44,73
DEV_003_2024-12-11 00:00:00,2024-12-11 00:00:00,DEV_003,79,37,2
DEV_003_2024-12-11 03:00:00,2024-12-11 03:00:00,DEV_003,31,81,60
DEV_003_2024-12-11 06:00:00,2024-12-11 06:00:00,DEV_003,11,5,42
DEV_003_2024-12-11 09:00:00,2024-12-11 09:00:00,DEV_003,82,53,34
DEV_003_2024-12-11 12:00:00,2024-12-11 12:00:00,DEV_003,81,36,56
DEV_003_2024-12-11 15:00:00,2024-12-11 15:00:00,DEV_003,19,39,50
DEV_003_2024-12-11 18:00:00,2024-12-11 18:00:00,DEV_003,6,59,24
DEV_003_2024-12-11 21:00:00,2024-12-11 21:00:00,DEV_003,57,57,97
DEV_003_2024-12-12 00:00:00,2024-12-12 00:00:00,DEV_003,61,14,68
DEV_003_2024-12-12 03:00:00,2024-12-12 03:00:00,DEV_003,85,14,87
DEV_003_2024-12-12 06:00:00,2024-12-12 06:00:00,DEV_003,81,49,36
DEV_003_2024-12-12 09:00:00,2024-12-12 09:00:00,DEV_003,77,82,6
DEV_003_2024-12-12 12:00:00,2024-12-12 12:00:00,DEV_003,98,16,50
DEV_003_2024-12-12 15:00:00,2024-12-12 15:00:00,DEV_003,40,41,10
DEV_003_2024-12-12 18:00:00,2024-12-12 18:00:00,DEV_003,99,61,61
DEV_003_2024-12-12 21:00:00,2024-12-12 21:00:00,DEV_003,19,21,41
DEV_003_2024-12-13 00:00:00,2024-12-13 00:00:00,DEV_003,91,39,28
DEV_003_2024-12-13 03:00:00,2024-12-13 03:00:00,DEV_003,87,73,91
DEV_003_2024-12-13 06:00:00,2024-12-13 06:00:00,DEV_003,69,32,93
DEV_003_2024-12-13 09:00:00,2024-12-13 09:00:00,DEV_003,37,61,2
DEV_003_2024-12-13 12:00:00,2024-12-13 12:00:00,DEV_003,49,20,56
DEV_003_2024-12-13 15:00:00,2024-12-13 15:00:00,DEV_003,61,88,55
DEV_003_2024-12-13 18:00:00,2024-12-13 18:00:00,DEV_003,30,70,67
DEV_003_2024-12-13 21:00:00,2024-12-13 21:00:00,DEV_003,93,35,1
DEV_003_2024-12-14 00:00:00,2024-12-14 00:00:00,DEV_003,42,29,82
DEV_003_2024-12-14 03:00:00,2024-12-14 03:00:00,DEV_003,70,60,93
DEV_003_2024-12-14 06:00:00,2024-12-14 06:00:00,DEV_003,86,36,96
DEV_003_2024-12-14 09:00:00,2024-12-14 09:00:00,DEV_003,32,1,52
DEV_003_2024-12-14 12:00:00,2024-12-14 12:00:00,DEV_003,38,4,75
DEV_003_2024-12-14 15:00:00,2024-12-14 15:00:00,DEV_003,83,70,48
DEV_003_2024-12-14 18:00:00,2024-12-14 18:00:00,DEV_003,63,91,24
DEV_003_2024-12-14 21:00:00,2024-12-14 21:00:00,DEV_003,79,45,65
DEV_003_2024-12-15 00:00:00,2024-12-15 00:00:00,DEV_003,51,56,78
DEV_003_2024-12-15 03:00:00,2024-12-15 03:00:00,DEV_003,1,72,23
DEV_003_2024-12-15 06:00:00,2024-12-15 06:00:00,DEV_003,95,22,49
DEV_003_2024-12-15 09:00:00,2024-12-15 09:00:00,DEV_003,25,91,68
DEV_003_2024-12-15 12:00:00,2024-12-15 12:00:00,DEV_003,65,53,21
DEV_003_2024-12-15 15:00:00,2024-12-15 15:00:00,DEV_003,42,20,16
DEV_003_2024-12-15 18:00:00,2024-12-15 18:00:00,DEV_003,64,49,65
DEV_003_2024-12-15 21:00:00,2024-12-15 21:00:00,DEV_003,83,39,55
DEV_003_2024-12-16 00:00:00,2024-12-16 00:00:00,DEV_003,22,76,20
DEV_003_2024-12-16 03:00:00,2024-12-16 03:00:00,DEV_003,21,24,81
DEV_003_2024-12-16 06:00:00,2024-12-16 06:00:00,DEV_003,32,4,6
DEV_003_2024-12-16 09:00:00,2024-12-16 09:00:00,DEV_003,87,62,94
DEV_003_2024-12-16 12:00:00,2024-12-16 12:00:00,DEV_003,49,6,63
DEV_003_2024-12-16 15:00:00,2024-12-16 15:00:00,DEV_003,29,77,45
DEV_003_2024-12-16 18:00:00,2024-12-16 18:00:00,DEV_003,17,27,85
DEV_003_2024-12-16 21:00:00,2024-12-16 21:00:00,DEV_003,17,48,32
DEV_003_2024-12-17 00:00:00,2024-12-17 00:00:00,DEV_003,92,22,11
DEV_003_2024-12-17 03:00:00,2024-12-17 03:00:00,DEV_003,54,90,96
DEV_003_2024-12-17 06:00:00,2024-12-17 06:00:00,DEV_003,20,88,54
DEV_003_2024-12-17 09:00:00,2024-12-17 09:00:00,DEV_003,27,89,94
DEV_003_2024-12-17 12:00:00,2024-12-17 12:00:00,DEV_003,91,68,62
DEV_003_2024-12-17 15:00:00,2024-12-17 15:00:00,DEV_003,92,7,13
DEV_003_2024-12-17 18:00:00,2024-12-17 18:00:00,DEV_003,24,83,50
DEV_003_2024-12-17 21:00:00,2024-12-17 21:00:00,DEV_003,58,72,36
DEV_003_2024-12-18 00:00:00,2024-12-18 00:00:00,DEV_003,47,30,1
DEV_003_2024-12-18 03:00:00,2024-12-18 03:00:00,DEV_003,50,93,74
DEV_003_2024-12-18 06:00:00,2024-12-18 06:00:00,DEV_003,7,14,53
DEV_003_2024-12-18 09:00:00,2024-12-18 09:00:00,DEV_003,87,51,96
DEV_003_2024-12-18 12:00:00,2024-12-18 12:00:00,DEV_003,36,44,27
DEV_003_2024-12-18 15:00:00,2024-12-18 15:00:00,DEV_003,16,32,15
DEV_003_2024-12-18 18:00:00,2024-12-18 18:00:00,DEV_003,80,14,44
DEV_003_2024-12-18 21:00:00,2024-12-18 21:00:00,DEV_003,3,97,26
DEV_003_2024-12-19 00:00:00,2024-12-19 00:00:00,DEV_003,84,41,33
DEV_003_2024-12-19 03:00:00,2024-12-19 03:00:00,DEV_003,26,62,76
DEV_003_2024-12-19 06:00:00,2024-12-19 06:00:00,DEV_003,77,64,55
DEV_003_2024-12-19 09:00:00,2024-12-19 09:00:00,DEV_003,62,7,51
DEV_003_2024-12-19 12:00:00,2024-12-19 12:00:00,DEV_003,70,86,5
DEV_003_2024-12-19 15:00:00,2024-12-19 15:00:00,DEV_003,67,40,90
DEV_003_2024-12-19 18:00:00,2024-12-19 18:00:00,DEV_003,74,92,61
DEV_003_2024-12-19 21:00:00,2024-12-19 21:00:00,DEV_003,95,92,83
DEV_003_2024-12-20 00:00:00,2024-12-20 00:00:00,DEV_003,49,51,76
DEV_003_2024-12-20 03:00:00,2024-12-20 03:00:00,DEV_003,90,98,75
DEV_003_2024-12-20 06:00:00,2024-12-20 06:00:00,DEV_003,92,95,39
DEV_003_2024-12-20 09:00:00,2024-12-20 09:00:00,DEV_003,71,12,39
DEV_003_2024-12-20 12:00:00,2024-12-20 12:00:00,DEV_003,47,7,22
DEV_003_2024-12-20 15:00:00,2024-12-20 15:00:00,DEV_003,46,48,12
DEV_003_2024-12-20 18:00:00,2024-12-20 18:00:00,DEV_003,90,19,40
DEV_003_2024-12-20 21:00:00,2024-12-20 21:00:00,DEV_003,23,58,49
DEV_003_2024-12-21 00:00:00,2024-12-21 00:00:00,DEV_003,15,9,98
DEV_003_2024-12-21 03:00:00,2024-12-21 03:00:00,DEV_003,41,73,28
DEV_003_2024-12-21 06:00:00,2024-12-21 06:00:00,DEV_003,49,96,76
DEV_003_2024-12-21 09:00:00,2024-12-21 09:00:00,DEV_003,69,13,96
DEV_003_2024-12-21 12:00:00,2024-12-21 12:00:00,DEV_003,23,6,12
DEV_003_2024-12-21 15:00:00,2024-12-21 15:00:00,DEV_003,46,73,33
DEV_003_2024-12-21 18:00:00,2024-12-21 18:00:00,DEV_003,94,64,98
DEV_003_2024-12-21 21:00:00,2024-12-21 21:00:00,DEV_003,29,37,2
DEV_003_2024-12-22 00:00:00,2024-12-22 00:00:00,DEV_003,27,93,30
DEV_003_2024-12-22 03:00:00,2024-12-22 03:00:00,DEV_003,25,7,53
DEV_003_2024-12-22 06:00:00,2024-12-22 06:00:00,DEV_003,90,27,93
DEV_003_2024-12-22 09:00:00,2024-12-22 09:00:00,DEV_003,41,42,64
DEV_003_2024-12-22 12:00:00,2024-12-22 12:00:00,DEV_003,25,78,99
DEV_003_2024-12-22 15:00:00,2024-12-22 15:00:00,DEV_003,62,76,91
DEV_003_2024-12-22 18:00:00,2024-12-22 18:00:00,DEV_003,72,84,27
DEV_003_2024-12-22 21:00:00,2024-12-22 21:00:00,DEV_003,65,98,44
DEV_003_2024-12-23 00:00:00,2024-12-23 00:00:00,DEV_003,91,75,55
DEV_003_2024-12-23 03:00:00,2024-12-23 03:00:00,DEV_003,51,10,62
DEV_003_2024-12-23 06:00:00,2024-12-23 06:00:00,DEV_003,67,29,63
DEV_003_2024-12-23 09:00:00,2024-12-23 09:00:00,DEV_003,60,96,75
DEV_003_2024-12-23 12:00:00,2024-12-23 12:00:00,DEV_003,70,4,70
DEV_003_2024-12-23 15:00:00,2024-12-23 15:00:00,DEV_003,47,31,76
DEV_003_2024-12-23 18:00:00,2024-12-23 18:00:00,DEV_003,58,76,67
DEV_003_2024-12-23 21:00:00,2024-12-23 21:00:00,DEV_003,63,9,71
DEV_003_2024-12-24 00:00:00,2024-12-24 00:00:00,DEV_003,44,68,27
DEV_003_2024-12-24 03:00:00,2024-12-24 03:00:00,DEV_003,62,83,42
DEV_003_2024-12-24 06:00:00,2024-12-24 06:00:00,DEV_003,24,89,23
DEV_003_2024-12-24 09:00:00,2024-12-24 09:00:00,DEV_003,42,19,81
DEV_003_2024-12-24 12:00:00,2024-12-24 12:00:00,DEV_003,25,61,44
DEV_003_2024-12-24 15:00:00,2024-12-24 15:00:00,DEV_003,69,13,63
DEV_003_2024-12-24 18:00:00,2024-12-24 18:00:00,DEV_003,74,54,47
DEV_003_2024-12-24 21:00:00,2024-12-24 21:00:00,DEV_003,77,81,52
DEV_003_2024-12-25 00:00:00,2024-12-25 00:00:00,DEV_003,58,55,81
DEV_003_2024-12-25 03:00:00,2024-12-25 03:00:00,DEV_003,74,4,24
DEV_003_2024-12-25 06:00:00,2024-12-25 06:00:00,DEV_003,58,65,2
DEV_003_2024-12-25 09:00:00,2024-12-25 09:00:00,DEV_003,97,70,97
DEV_003_2024-12-25 12:00:00,2024-12-25 12:00:00,DEV_003,14,64,63
DEV_003_2024-12-25 15:00:00,2024-12-25 15:00:00,DEV_003,91,52,5
DEV_003_2024-12-25 18:00:00,2024-12-25 18:00:00,DEV_003,65,43,21
DEV_003_2024-12-25 21:00:00,2024-12-25 21:00:00,DEV_003,12,66,71
DEV_003_2024-12-26 00:00:00,2024-12-26 00:00:00,DEV_003,97,99,74
DEV_003_2024-12-26 03:00:00,2024-12-26 03:00:00,DEV_003,82,35,39
DEV_003_2024-12-26 06:00:00,2024-12-26 06:00:00,DEV_003,59,63,39
DEV_003_2024-12-26 09:00:00,2024-12-26 09:00:00,DEV_003,4,83,83
DEV_003_2024-12-26 12:00:00,2024-12-26 12:00:00,DEV_003,50,63,66
DEV_003_2024-12-26 15:00:00,2024-12-26 15:00:00,DEV_003,39,74,58
DEV_003_2024-12-26 18:00:00,2024-12-26 18:00:00,DEV_003,17,40,81
DEV_003_2024-12-26 21:00:00,2024-12-26 21:00:00,DEV_003,55,77,90
DEV_003_2024-12-27 00:00:00,2024-12-27 00:00:00,DEV_003,95,30,94
DEV_003_2024-12-27 03:00:00,2024-12-27 03:00:00,DEV_003,15,35,30
DEV_003_2024-12-27 06:00:00,2024-12-27 06:00:00,DEV_003,79,87,74
DEV_003_2024-12-27 09:00:00,2024-12-27 09:00:00,DEV_003,1,43,64
DEV_003_2024-12-27 12:00:00,2024-12-27 12:00:00,DEV_003,7,75,15
DEV_003_2024-12-27 15:00:00,2024-12-27 15:00:00,DEV_003,34,1,70
DEV_003_2024-12-27 18:00:00,2024-12-27 18:00:00,DEV_003,83,4,63
DEV_003_2024-12-27 21:00:00,2024-12-27 21:00:00,DEV_003,11,26,52
DEV_003_2024-12-28 00:00:00,2024-12-28 00:00:00,DEV_003,33,18,57
DEV_003_2024-12-28 03:00:00,2024-12-28 03:00:00,DEV_003,89,99,46
DEV_003_2024-12-28 06:00:00,2024-12-28 06:00:00,DEV_003,78,94,65
DEV_003_2024-12-28 09:00:00,2024-12-28 09:00:00,DEV_003,68,4,5
DEV_003_2024-12-28 12:00:00,2024-12-28 12:00:00,DEV_003,74,79,38
DEV_003_2024-12-28 15:00:00,2024-12-28 15:00:00,DEV_003,62,37,61
DEV_003_2024-12-28 18:00:00,2024-12-28 18:00:00,DEV_003,70,86,83
DEV_003_2024-12-28 21:00:00,2024-12-28 21:00:00,DEV_003,73,23,90
DEV_003_2024-12-29 00:00:00,2024-12-29 00:00:00,DEV_003,87,16,92
DEV_003_2024-12-29 03:00:00,2024-12-29 03:00:00,DEV_003,97,8,25
DEV_003_2024-12-29 06:00:00,2024-12-29 06:00:00,DEV_003,99,45,60
DEV_003_2024-12-29 09:00:00,2024-12-29 09:00:00,DEV_003,98,67,34
DEV_003_2024-12-29 12:00:00,2024-12-29 12:00:00,DEV_003,21,35,40
DEV_003_2024-12-29 15:00:00,2024-12-29 15:00:00,DEV_003,99,25,2
DEV_003_2024-12-29 18:00:00,2024-12-29 18:00:00,DEV_003,70,7,55
DEV_003_2024-12-29 21:00:00,2024-12-29 21:00:00,DEV_003,54,39,6
DEV_004_2024-09-01 00:00:00,2024-09-01 00:00:00,DEV_004,40,26,60
DEV_004_2024-09-01 04:00:00,2024-09-01 04:00:00,DEV_004,59,95,21
DEV_004_2024-09-01 08:00:00,2024-09-01 08:00:00,DEV_004,82,81,32
DEV_004_2024-09-01 12:00:00,2024-09-01 12:00:00,DEV_004,63,64,53
DEV_004_2024-09-01 16:00:00,2024-09-01 16:00:00,DEV_004,48,46,52
DEV_004_2024-09-01 20:00:00,2024-09-01 20:00:00,DEV_004,69,22,4
DEV_004_2024-09-02 00:00:00,2024-09-02 00:00:00,DEV_004,29,59,51
DEV_004_2024-09-02 04:00:00,2024-09-02 04:00:00,DEV_004,59,5,46
DEV_004_2024-09-02 08:00:00,2024-09-02 08:00:00,DEV_004,5,77,64
DEV_004_2024-09-02 12:00:00,2024-09-02 12:00:00,DEV_004,93,95,13
DEV_004_2024-09-02 16:00:00,2024-09-02 16:00:00,DEV_004,66,7,33
DEV_004_2024-09-02 20:00:00,2024-09-02 20:00:00,DEV_004,21,42,95
DEV_004_2024-09-03 00:00:00,2024-09-03 00:00:00,DEV_004,20,20,34
DEV_004_2024-09-03 04:00:00,2024-09-03 04:00:00,DEV_004,2,6,12
DEV_004_2024-09-03 08:00:00,2024-09-03 08:00:00,DEV_004,28,53,38
DEV_004_2024-09-03 12:00:00,2024-09-03 12:00:00,DEV_004,71,87,40
DEV_004_2024-09-03 16:00:00,2024-09-03 16:00:00,DEV_004,72,20,81
DEV_004_2024-09-03 20:00:00,2024-09-03 20:00:00,DEV_004,57,45,63
DEV_004_2024-09-04 00:00:00,2024-09-04 00:00:00,DEV_004,50,85,80
DEV_004_2024-09-04 04:00:00,2024-09-04 04:00:00,DEV_004,37,74,85
DEV_004_2024-09-04 08:00:00,2024-09-04 08:00:00,DEV_004,63,94,94
DEV_004_2024-09-04 12:00:00,2024-09-04 12:00:00,DEV_004,15,53,29
DEV_004_2024-09-04 16:00:00,2024-09-04 16:00:00,DEV_004,83,93,70
DEV_004_2024-09-04 20:00:00,2024-09-04 20:00:00,DEV_004,87,91,12
DEV_004_2024-09-05 00:00:00,2024-09-05 00:00:00,DEV_004,74,90,25
DEV_004_2024-09-05 04:00:00,2024-09-05 04:00:00,DEV_004,64,27,23
DEV_004_2024-09-05 08:00:00,2024-09-05 08:00:00,DEV_004,49,86,59
DEV_004_2024-09-05 12:00:00,2024-09-05 12:00:00,DEV_004,39,47,60
DEV_004_2024-09-05 16:00:00,2024-09-05 16:00:00,DEV_004,75,99,65
DEV_004_2024-09-05 20:00:00,2024-09-05 20:00:00,DEV_004,26,12,10
DEV_004_2024-09-06 00:00:00,2024-09-06 00:00:00,DEV_004,91,62,82
DEV_004_2024-09-06 04:00:00,2024-09-06 04:00:00,DEV_004,80,66,62
DEV_004_2024-09-06 08:00:00,2024-09-06 08:00:00,DEV_004,39,10,27
DEV_004_2024-09-06 12:00:00,2024-09-06 12:00:00,DEV_004,77,76,62
DEV_004_2024-09-06 16:00:00,2024-09-06 16:00:00,DEV_004,44,78,43
DEV_004_2024-09-06 20:00:00,2024-09-06 20:00:00,DEV_004,64,1,74
DEV_004_2024-09-07 00:00:00,2024-09-07 00:00:00,DEV_004,78,50,21
DEV_004_2024-09-07 04:00:00,2024-09-07 04:00:00,DEV_004,11,82,42
DEV_004_2024-09-07 08:00:00,2024-09-07 08:00:00,DEV_004,51,61,59
DEV_004_2024-09-07 12:00:00,2024-09-07 12:00:00,DEV_004,34,98,33
DEV_004_2024-09-07 16:00:00,2024-09-07 16:00:00,DEV_004,38,55,77
DEV_004_2024-09-07 20:00:00,2024-09-07 20:00:00,DEV_004,73,11,33
DEV_004_2024-09-08 00:00:00,2024-09-08 00:00:00,DEV_004,53,36,28
DEV_004_2024-09-08 04:00:00,2024-09-08 04:00:00,DEV_004,91,46,57
DEV_004_2024-09-08 08:00:00,2024-09-08 08:00:00,DEV_004,18,14,33
DEV_004_2024-09-08 12:00:00,2024-09-08 12:00:00,DEV_004,46,86,29
DEV_004_2024-09-08 16:00:00,2024-09-08 16:00:00,DEV_004,16,32,74
DEV_004_2024-09-08 20:00:00,2024-09-08 20:00:00,DEV_004,37,96,30
DEV_004_2024-09-09 00:00:00,2024-09-09 00:00:00,DEV_004,69,30,89
DEV_004_2024-09-09 04:00:00,2024-09-09 04:00:00,DEV_004,17,77,43
DEV_004_2024-09-09 08:00:00,2024-09-09 08:00:00,DEV_004,96,14,30
DEV_004_2024-09-09 12:00:00,2024-09-09 12:00:00,DEV_004,52,45,52
DEV_004_2024-09-09 16:00:00,2024-09-09 16:00:00,DEV_004,29,92,58
DEV_004_2024-09-09 20:00:00,2024-09-09 20:00:00,DEV_004,39,28,20
DEV_004_2024-09-10 00:00:00,2024-09-10 00:00:00,DEV_004,11,68,97
DEV_004_2024-09-10 04:00:00,2024-09-10 04:00:00,DEV_004,78,6,37
DEV_004_2024-09-10 08:00:00,2024-09-10 08:00:00,DEV_004,95,91,86
DEV_004_2024-09-10 12:00:00,2024-09-10 12:00:00,DEV_004,9,15,61
DEV_004_2024-09-10 16:00:00,2024-09-10 16:00:00,DEV_004,3,5,82
DEV_004_2024-09-10 20:00:00,2024-09-10 20:00:00,DEV_004,2,83,17
DEV_004_2024-09-11 00:00:00,2024-09-11 00:00:00,DEV_004,57,45,19
DEV_004_2024-09-11 04:00:00,2024-09-11 04:00:00,DEV_004,67,23,60
DEV_004_2024-09-11 08:00:00,2024-09-11 08:00:00,DEV_004,47,21,99
DEV_004_2024-09-11 12:00:00,2024-09-11 12:00:00,DEV_004,3,70,16
DEV_004_2024-09-11 16:00:00,2024-09-11 16:00:00,DEV_004,45,79,43
DEV_004_2024-09-11 20:00:00,2024-09-11 20:00:00,DEV_004,30,73,61
DEV_004_2024-09-12 00:00:00,2024-09-12 00:00:00,DEV_004,74,63,93
DEV_004_2024-09-12 04:00:00,2024-09-12 04:00:00,DEV_004,12,60,38
DEV_004_2024-09-12 08:00:00,2024-09-12 08:00:00,DEV_004,99,44,72
DEV_004_2024-09-12 12:00:00,2024-09-12 12:00:00,DEV_004,1,47,39
DEV_004_2024-09-12 16:00:00,2024-09-12 16:00:00,DEV_004,9,26,81
DEV_004_2024-09-12 20:00:00,2024-09-12 20:00:00,DEV_004,42,14,65
DEV_004_2024-09-13 00:00:00,2024-09-13 00:00:00,DEV_004,61,74,13
DEV_004_2024-09-13 04:00:00,2024-09-13 04:00:00,DEV_004,55,27,96
DEV_004_2024-09-13 08:00:00,2024-09-13 08:00:00,DEV_004,39,79,30
DEV_004_2024-09-13 12:00:00,2024-09-13 12:00:00,DEV_004,43,8,93
DEV_004_2024-09-13 16:00:00,2024-09-13 16:00:00,DEV_004,92,6,13
DEV_004_2024-09-13 20:00:00,2024-09-13 20:00:00,DEV_004,48,37,52
DEV_004_2024-09-14 00:00:00,2024-09-14 00:00:00,DEV_004,12,80,41
DEV_004_2024-09-14 04:00:00,2024-09-14 04:00:00,DEV_004,66,22,20
DEV_004_2024-09-14 08:00:00,2024-09-14 08:00:00,DEV_004,48,22,19
DEV_004_2024-09-14 12:00:00,2024-09-14 12:00:00,DEV_004,66,14,4
DEV_004_2024-09-14 16:00:00,2024-09-14 16:00:00,DEV_004,71,86,46
DEV_004_2024-09-14 20:00:00,2024-09-14 20:00:00,DEV_004,36,65,29
DEV_004_2024-09-15 00:00:00,2024-09-15 00:00:00,DEV_004,91,19,29
DEV_004_2024-09-15 04:00:00,2024-09-15 04:00:00,DEV_004,13,67,62
DEV_004_2024-09-15 08:00:00,2024-09-15 08:00:00,DEV_004,12,25,43
DEV_004_2024-09-15 12:00:00,2024-09-15 12:00:00,DEV_004,80,11,91
DEV_004_2024-09-15 16:00:00,2024-09-15 16:00:00,DEV_004,41,97,3
DEV_004_2024-09-15 20:00:00,2024-09-15 20:00:00,DEV_004,57,62,86
DEV_004_2024-09-16 00:00:00,2024-09-16 00:00:00,DEV_004,43,31,38
DEV_004_2024-09-16 04:00:00,2024-09-16 04:00:00,DEV_004,95,25,90
DEV_004_2024-09-16 08:00:00,2024-09-16 08:00:00,DEV_004,63,78,89
DEV_004_2024-09-16 12:00:00,2024-09-16 12:00:00,DEV_004,33,20,10
DEV_004_2024-09-16 16:00:00,2024-09-16 16:00:00,DEV_004,28,18,24
DEV_004_2024-09-16 20:00:00,2024-09-16 20:00:00,DEV_004,45,81,18
DEV_004_2024-09-17 00:00:00,2024-09-17 00:00:00,DEV_004,51,76,69
DEV_004_2024-09-17 04:00:00,2024-09-17 04:00:00,DEV_004,87,74,15
DEV_004_2024-09-17 08:00:00,2024-09-17 08:00:00,DEV_004,73,55,73
DEV_004_2024-09-17 12:00:00,2024-09-17 12:00:00,DEV_004,29,79,38
DEV_004_2024-09-17 16:00:00,2024-09-17 16:00:00,DEV_004,36,40,44
DEV_004_2024-09-17 20:00:00,2024-09-17 20:00:00,DEV_004,22,51,99
DEV_004_2024-09-18 00:00:00,2024-09-18 00:00:00,DEV_004,23,83,81
DEV_004_2024-09-18 04:00:00,2024-09-18 04:00:00,DEV_004,22,38,2
DEV_004_2024-09-18 08:00:00,2024-09-18 08:00:00,DEV_004,15,98,95
DEV_004_2024-09-18 12:00:00,2024-09-18 12:00:00,DEV_004,75,74,68
DEV_004_2024-09-18 16:00:00,2024-09-18 16:00:00,DEV_004,97,92,72
DEV_004_2024-09-18 20:00:00,2024-09-18 20:00:00,DEV_004,96,2,36
DEV_004_2024-09-19 00:00:00,2024-09-19 00:00:00,DEV_004,10,25,64
DEV_004_2024-09-19 04:00:00,2024-09-19 04:00:00,DEV_004,38,89,19
DEV_004_2024-09-19 08:00:00,2024-09-19 08:00:00,DEV_004,19,22,58
DEV_004_2024-09-19 12:00:00,2024-09-19 12:00:00,DEV_004,84,99,83
DEV_004_2024-09-19 16:00:00,2024-09-19 16:00:00,DEV_004,1,78,53
DEV_004_2024-09-19 20:00:00,2024-09-19 20:00:00,DEV_004,79,15,75
DEV_004_2024-09-20 00:00:00,2024-09-20 00:00:00,DEV_004,60,57,87
DEV_004_2024-09-20 04:00:00,2024-09-20 04:00:00,DEV_004,23,62,35
DEV_004_2024-09-20 08:00:00,2024-09-20 08:00:00,DEV_004,65,55,7
DEV_004_2024-09-20 12:00:00,2024-09-20 12:00:00,DEV_004,93,34,50
DEV_004_2024-09-20 16:00:00,2024-09-20 16:00:00,DEV_004,37,10,44
DEV_004_2024-09-20 20:00:00,2024-09-20 20:00:00,DEV_004,86,40,64
DEV_004_2024-09-21 00:00:00,2024-09-21 00:00:00,DEV_004,76,76,64
DEV_004_2024-09-21 04:00:00,2024-09-21 04:00:00,DEV_004,61,34,99
DEV_004_2024-09-21 08:00:00,2024-09-21 08:00:00,DEV_004,4,36,35
DEV_004_2024-09-21 12:00:00,2024-09-21 12:00:00,DEV_004,69,77,63
DEV_004_2024-09-21 16:00:00,2024-09-21 16:00:00,DEV_004,70,18,35
DEV_004_2024-09-21 20:00:00,2024-09-21 20:00:00,DEV_004,98,81,83
DEV_004_2024-09-22 00:00:00,2024-09-22 00:00:00,DEV_004,62,33,94
DEV_004_2024-09-22 04:00:00,2024-09-22 04:00:00,DEV_004,56,44,54
DEV_004_2024-09-22 08:00:00,2024-09-22 08:00:00,DEV_004,38,32,71
DEV_004_2024-09-22 12:00:00,2024-09-22 12:00:00,DEV_004,54,49,8
DEV_004_2024-09-22 16:00:00,2024-09-22 16:00:00,DEV_004,26,33,32
DEV_004_2024-09-22 20:00:00,2024-09-22 20:00:00,DEV_004,77,86,22
DEV_004_2024-09-23 00:00:00,2024-09-23 00:00:00,DEV_004,83,2,34
DEV_004_2024-09-23 04:00:00,2024-09-23 04:00:00,DEV_004,85,86,52
DEV_004_2024-09-23 08:00:00,2024-09-23 08:00:00,DEV_004,95,13,79
DEV_004_2024-09-23 12:00:00,2024-09-23 12:00:00,DEV_004,56,4,26
DEV_004_2024-09-23 16:00:00,2024-09-23 16:00:00,DEV_004,56,8,40
DEV_004_2024-09-23 20:00:00,2024-09-23 20:00:00,DEV_004,3,88,84
DEV_004_2024-09-24 00:00:00,2024-09-24 00:00:00,DEV_004,20,50,91
DEV_004_2024-09-24 04:00:00,2024-09-24 04:00:00,DEV_004,17,97,63
DEV_004_2024-09-24 08:00:00,2024-09-24 08:00:00,DEV_004,95,17,71
DEV_004_2024-09-24 12:00:00,2024-09-24 12:00:00,DEV_004,16,99,16
DEV_004_2024-09-24 16:00:00,2024-09-24 16:00:00,DEV_004,80,33,69
DEV_004_2024-09-24 20:00:00,2024-09-24 20:00:00,DEV_004,6,77,28
DEV_004_2024-09-25 00:00:00,2024-09-25 00:00:00,DEV_004,82,51,99
DEV_004_2024-09-25 04:00:00,2024-09-25 04:00:00,DEV_004,16,81,81
DEV_004_2024-09-25 08:00:00,2024-09-25 08:00:00,DEV_004,91,35,28
DEV_004_2024-09-25 12:00:00,2024-09-25 12:00:00,DEV_004,81,67,96
DEV_004_2024-09-25 16:00:00,2024-09-25 16:00:00,DEV_004,44,71,7
DEV_004_2024-09-25 20:00:00,2024-09-25 20:00:00,DEV_004,78,73,56
DEV_004_2024-09-26 00:00:00,2024-09-26 00:00:00,DEV_004,44,50,49
DEV_004_2024-09-26 04:00:00,2024-09-26 04:00:00,DEV_004,5,17,15
DEV_004_2024-09-26 08:00:00,2024-09-26 08:00:00,DEV_004,13,1,88
DEV_004_2024-09-26 12:00:00,2024-09-26 12:00:00,DEV_004,15,43,18
DEV_004_2024-09-26 16:00:00,2024-09-26 16:00:00,DEV_004,17,62,76
DEV_004_2024-09-26 20:00:00,2024-09-26 20:00:00,DEV_004,81,37,14
DEV_004_2024-09-27 00:00:00,2024-09-27 00:00:00,DEV_004,59,36,41
DEV_004_2024-09-27 04:00:00,2024-09-27 04:00:00,DEV_004,78,79,8
DEV_004_2024-09-27 08:00:00,2024-09-27 08:00:00,DEV_004,72,76,92
DEV_004_2024-09-27 12:00:00,2024-09-27 12:00:00,DEV_004,70,37,59
DEV_004_2024-09-27 16:00:00,2024-09-27 16:00:00,DEV_004,63,19,65
DEV_004_2024-09-27 20:00:00,2024-09-27 20:00:00,DEV_004,92,85,58
DEV_004_2024-09-28 00:00:00,2024-09-28 00:00:00,DEV_004,91,33,13
DEV_004_2024-09-28 04:00:00,2024-09-28 04:00:00,DEV_004,54,45,24
DEV_004_2024-09-28 08:00:00,2024-09-28 08:00:00,DEV_004,51,35,99
DEV_004_2024-09-28 12:00:00,2024-09-28 12:00:00,DEV_004,55,86,15
DEV_004_2024-09-28 16:00:00,2024-09-28 16:00:00,DEV_004,73,66,88
DEV_004_2024-09-28 20:00:00,2024-09-28 20:00:00,DEV_004,57,67,93
DEV_004_2024-09-29 00:00:00,2024-09-29 00:00:00,DEV_004,20,33,72
DEV_004_2024-09-29 04:00:00,2024-09-29 04:00:00,DEV_004,56,56,64
DEV_004_2024-09-29 08:00:00,2024-09-29 08:00:00,DEV_004,48,28,27
DEV_004_2024-09-29 12:00:00,2024-09-29 12:00:00,DEV_004,82,14,4
DEV_004_2024-09-29 16:00:00,2024-09-29 16:00:00,DEV_004,5,76,96
DEV_004_2024-09-29 20:00:00,2024-09-29 20:00:00,DEV_004,4,85,15
DEV_004_2024-09-30 00:00:00,2024-09-30 00:00:00,DEV_004,41,56,96
DEV_004_2024-09-30 04:00:00,2024-09-30 04:00:00,DEV_004,52,11,19
DEV_004_2024-09-30 08:00:00,2024-09-30 08:00:00,DEV_004,87,12,50
DEV_004_2024-09-30 12:00:00,2024-09-30 12:00:00,DEV_004,77,60,11
DEV_004_2024-09-30 16:00:00,2024-09-30 16:00:00,DEV_004,57,90,48
DEV_004_2024-09-30 20:00:00,2024-09-30 20:00:00,DEV_004,69,53,47
DEV_004_2024-10-01 00:00:00,2024-10-01 00:00:00,DEV_004,35,51,61
DEV_004_2024-10-01 04:00:00,2024-10-01 04:00:00,DEV_004,15,24,10
DEV_004_2024-10-01 08:00:00,2024-10-01 08:00:00,DEV_004,46,75,19
DEV_004_2024-10-01 12:00:00,2024-10-01 12:00:00,DEV_004,96,42,18
DEV_004_2024-10-01 16:00:00,2024-10-01 16:00:00,DEV_004,6,16,93
DEV_004_2024-10-01 20:00:00,2024-10-01 20:00:00,DEV_004,25,70,50
DEV_004_2024-10-02 00:00:00,2024-10-02 00:00:00,DEV_004,34,84,56
DEV_004_2024-10-02 04:00:00,2024-10-02 04:00:00,DEV_004,62,5,13
DEV_004_2024-10-02 08:00:00,2024-10-02 08:00:00,DEV_004,66,29,71
DEV_004_2024-10-02 12:00:00,2024-10-02 12:00:00,DEV_004,58,27,24
DEV_004_2024-10-02 16:00:00,2024-10-02 16:00:00,DEV_004,56,37,22
DEV_004_2024-10-02 20:00:00,2024-10-02 20:00:00,DEV_004,90,95,89
DEV_004_2024-10-03 00:00:00,2024-10-03 00:00:00,DEV_004,67,59,84
DEV_004_2024-10-03 04:00:00,2024-10-03 04:00:00,DEV_004,74,82,97
DEV_004_2024-10-03 08:00:00,2024-10-03 08:00:00,DEV_004,95,46,28
DEV_004_2024-10-03 12:00:00,2024-10-03 12:00:00,DEV_004,11,69,84
DEV_004_2024-10-03 16:00:00,2024-10-03 16:00:00,DEV_004,20,33,23
DEV_004_2024-10-03 20:00:00,2024-10-03 20:00:00,DEV_004,63,72,60
DEV_004_2024-10-04 00:00:00,2024-10-04 00:00:00,DEV_004,31,73,74
DEV_004_2024-10-04 04:00:00,2024-10-04 04:00:00,DEV_004,57,50,42
DEV_004_2024-10-04 08:00:00,2024-10-04 08:00:00,DEV_004,24,36,70
DEV_004_2024-10-04 12:00:00,2024-10-04 12:00:00,DEV_004,90,52,18
DEV_004_2024-10-04 16:00:00,2024-10-04 16:00:00,DEV_004,34,74,13
DEV_004_2024-10-04 20:00:00,2024-10-04 20:00:00,DEV_004,48,78,3
DEV_004_2024-10-05 00:00:00,2024-10-05 00:00:00,DEV_004,23,90,23
DEV_004_2024-10-05 04:00:00,2024-10-05 04:00:00,DEV_004,78,53,30
DEV_004_2024-10-05 08:00:00,2024-10-05 08:00:00,DEV_004,99,15,19
DEV_004_2024-10-05 12:00:00,2024-10-05 12:00:00,DEV_004,93,30,47
DEV_004_2024-10-05 16:00:00,2024-10-05 16:00:00,DEV_004,99,28,63
DEV_004_2024-10-05 20:00:00,2024-10-05 20:00:00,DEV_004,51,76,51
DEV_004_2024-10-06 00:00:00,2024-10-06 00:00:00,DEV_004,59,58,43
DEV_004_2024-10-06 04:00:00,2024-10-06 04:00:00,DEV_004,28,43,82
DEV_004_2024-10-06 08:00:00,2024-10-06 08:00:00,DEV_004,53,29,48
DEV_004_2024-10-06 12:00:00,2024-10-06 12:00:00,DEV_004,56,63,91
DEV_004_2024-10-06 16:00:00,2024-10-06 16:00:00,DEV_004,94,67,44
DEV_004_2024-10-06 20:00:00,2024-10-06 20:00:00,DEV_004,15,65,39
DEV_004_2024-10-07 00:00:00,2024-10-07 00:00:00,DEV_004,49,77,79
DEV_004_2024-10-07 04:00:00,2024-10-07 04:00:00,DEV_004,29,26,23
DEV_004_2024-10-07 08:00:00,2024-10-07 08:00:00,DEV_004,94,41,48
DEV_004_2024-10-07 12:00:00,2024-10-07 12:00:00,DEV_004,92,31,55
DEV_004_2024-10-07 16:00:00,2024-10-07 16:00:00,DEV_004,76,23,11
DEV_004_2024-10-07 20:00:00,2024-10-07 20:00:00,DEV_004,40,87,37
DEV_004_2024-10-08 00:00:00,2024-10-08 00:00:00,DEV_004,85,9,88
DEV_004_2024-10-08 04:00:00,2024-10-08 04:00:00,DEV_004,71,18,6
DEV_004_2024-10-08 08:00:00,2024-10-08 08:00:00,DEV_004,22,88,35
DEV_004_2024-10-08 12:00:00,2024-10-08 12:00:00,DEV_004,32,18,22
DEV_004_2024-10-08 16:00:00,2024-10-08 16:00:00,DEV_004,37,30,33
DEV_004_2024-10-08 20:00:00,2024-10-08 20:00:00,DEV_004,45,39,87
DEV_004_2024-10-09 00:00:00,2024-10-09 00:00:00,DEV_004,66,9,86
DEV_004_2024-10-09 04:00:00,2024-10-09 04:00:00,DEV_004,61,1,53
DEV_004_2024-10-09 08:00:00,2024-10-09 08:00:00,DEV_004,74,96,46
DEV_004_2024-10-09 12:00:00,2024-10-09 12:00:00,DEV_004,7,74,44
DEV_004_2024-10-09 16:00:00,2024-10-09 16:00:00,DEV_004,45,80,88
DEV_004_2024-10-09 20:00:00,2024-10-09 20:00:00,DEV_004,4,44,19
DEV_004_2024-10-10 00:00:00,2024-10-10 00:00:00,DEV_004,65,25,19
DEV_004_2024-10-10 04:00:00,2024-10-10 04:00:00,DEV_004,64,47,91
DEV_004_2024-10-10 08:00:00,2024-10-10 08:00:00,DEV_004,26,99,44
DEV_004_2024-10-10 12:00:00,2024-10-10 12:00:00,DEV_004,83,80,28
DEV_004_2024-10-10 16:00:00,2024-10-10 16:00:00,DEV_004,54,53,47
DEV_004_2024-10-10 20:00:00,2024-10-10 20:00:00,DEV_004,73,40,50
DEV_004_2024-10-11 00:00:00,2024-10-11 00:00:00,DEV_004,17,65,80
DEV_004_2024-10-11 04:00:00,2024-10-11 04:00:00,DEV_004,91,1,54
DEV_004_2024-10-11 08:00:00,2024-10-11 08:00:00,DEV_004,71,25,97
DEV_004_2024-10-11 12:00:00,2024-10-11 12:00:00,DEV_004,68,28,39
DEV_004_2024-10-11 16:00:00,2024-10-11 16:00:00,DEV_004,23,93,31
DEV_004_2024-10-11 20:00:00,2024-10-11 20:00:00,DEV_004,59,72,85
DEV_004_2024-10-12 00:00:00,2024-10-12 00:00:00,DEV_004,66,88,2
DEV_004_2024-10-12 04:00:00,2024-10-12 04:00:00,DEV_004,28,18,54
DEV_004_2024-10-12 08:00:00,2024-10-12 08:00:00,DEV_004,26,9,39
DEV_004_2024-10-12 12:00:00,2024-10-12 12:00:00,DEV_004,75,53,6
DEV_004_2024-10-12 16:00:00,2024-10-12 16:00:00,DEV_004,37,95,72
DEV_004_2024-10-12 20:00:00,2024-10-12 20:00:00,DEV_004,47,84,47
DEV_004_2024-10-13 00:00:00,2024-10-13 00:00:00,DEV_004,76,96,54
DEV_004_2024-10-13 04:00:00,2024-10-13 04:00:00,DEV_004,48,46,35
DEV_004_2024-10-13 08:00:00,2024-10-13 08:00:00,DEV_004,56,8,10
DEV_004_2024-10-13 12:00:00,2024-10-13 12:00:00,DEV_004,65,72,47
DEV_004_2024-10-13 16:00:00,2024-10-13 16:00:00,DEV_004,78,44,32
DEV_004_2024-10-13 20:00:00,2024-10-13 20:00:00,DEV_004,79,16,33
DEV_004_2024-10-14 00:00:00,2024-10-14 00:00:00,DEV_004,26,50,86
DEV_004_2024-10-14 04:00:00,2024-10-14 04:00:00,DEV_004,22,34,92
DEV_004_2024-10-14 08:00:00,2024-10-14 08:00:00,DEV_004,45,20,7
DEV_004_2024-10-14 12:00:00,2024-10-14 12:00:00,DEV_004,80,63,17
DEV_004_2024-10-14 16:00:00,2024-10-14 16:00:00,DEV_004,55,91,79
DEV_004_2024-10-14 20:00:00,2024-10-14 20:00:00,DEV_004,14,16,84
DEV_004_2024-10-15 00:00:00,2024-10-15 00:00:00,DEV_004,77,89,35
DEV_004_2024-10-15 04:00:00,2024-10-15 04:00:00,DEV_004,15,57,70
DEV_004_2024-10-15 08:00:00,2024-10-15 08:00:00,DEV_004,20,91,56
DEV_004_2024-10-15 12:00:00,2024-10-15 12:00:00,DEV_004,50,88,95
DEV_004_2024-10-15 16:00:00,2024-10-15 16:00:00,DEV_004,33,79,28
DEV_004_2024-10-15 20:00:00,2024-10-15 20:00:00,DEV_004,12,51,12
DEV_004_2024-10-16 00:00:00,2024-10-16 00:00:00,DEV_004,3,72,71
DEV_004_2024-10-16 04:00:00,2024-10-16 04:00:00,DEV_004,77,80,3
DEV_004_2024-10-16 08:00:00,2024-10-16 08:00:00,DEV_004,60,66,54
DEV_004_2024-10-16 12:00:00,2024-10-16 12:00:00,DEV_004,32,72,91
DEV_004_2024-10-16 16:00:00,2024-10-16 16:00:00,DEV_004,97,87,71
DEV_004_2024-10-16 20:00:00,2024-10-16 20:00:00,DEV_004,29,67,98
DEV_004_2024-10-17 00:00:00,2024-10-17 00:00:00,DEV_004,17,15,84
DEV_004_2024-10-17 04:00:00,2024-10-17 04:00:00,DEV_004,36,57,22
DEV_004_2024-10-17 08:00:00,2024-10-17 08:00:00,DEV_004,40,67,70
DEV_004_2024-10-17 12:00:00,2024-10-17 12:00:00,DEV_004,66,74,83
DEV_004_2024-10-17 16:00:00,2024-10-17 16:00:00,DEV_004,77,38,31
DEV_004_2024-10-17 20:00:00,2024-10-17 20:00:00,DEV_004,91,86,71
DEV_004_2024-10-18 00:00:00,2024-10-18 00:00:00,DEV_004,14,99,8
DEV_004_2024-10-18 04:00:00,2024-10-18 04:00:00,DEV_004,39,32,72
DEV_004_2024-10-18 08:00:00,2024-10-18 08:00:00,DEV_004,37,10,86
DEV_004_2024-10-18 12:00:00,2024-10-18 12:00:00,DEV_004,83,16,82
DEV_004_2024-10-18 16:00:00,2024-10-18 16:00:00,DEV_004,77,71,10
DEV_004_2024-10-18 20:00:00,2024-10-18 20:00:00,DEV_004,70,2,16
DEV_004_2024-10-19 00:00:00,2024-10-19 00:00:00,DEV_004,36,99,99
DEV_004_2024-10-19 04:00:00,2024-10-19 04:00:00,DEV_004,95,8,44
DEV_004_2024-10-19 08:00:00,2024-10-19 08:00:00,DEV_004,66,78,55
DEV_004_2024-10-19 12:00:00,2024-10-19 12:00:00,DEV_004,82,7,13
DEV_004_2024-10-19 16:00:00,2024-10-19 16:00:00,DEV_004,9,79,73
DEV_004_2024-10-19 20:00:00,2024-10-19 20:00:00,DEV_004,68,5,74
DEV_004_2024-10-20 00:00:00,2024-10-20 00:00:00,DEV_004,55,20,64
DEV_004_2024-10-20 04:00:00,2024-10-20 04:00:00,DEV_004,18,50,54
DEV_004_2024-10-20 08:00:00,2024-10-20 08:00:00,DEV_004,89,43,52
DEV_004_2024-10-20 12:00:00,2024-10-20 12:00:00,DEV_004,44,18,93
DEV_004_2024-10-20 16:00:00,2024-10-20 16:00:00,DEV_004,6,64,82
DEV_004_2024-10-20 20:00:00,2024-10-20 20:00:00,DEV_004,35,48,9
DEV_004_2024-10-21 00:00:00,2024-10-21 00:00:00,DEV_004,63,95,91
DEV_004_2024-10-21 04:00:00,2024-10-21 04:00:00,DEV_004,63,70,10
DEV_004_2024-10-21 08:00:00,2024-10-21 08:00:00,DEV_004,38,17,69
DEV_004_2024-10-21 12:00:00,2024-10-21 12:00:00,DEV_004,30,64,21
DEV_004_2024-10-21 16:00:00,2024-10-21 16:00:00,DEV_004,89,90,12
DEV_004_2024-10-21 20:00:00,2024-10-21 20:00:00,DEV_004,15,66,56
DEV_004_2024-10-22 00:00:00,2024-10-22 00:00:00,DEV_004,41,20,28
DEV_004_2024-10-22 04:00:00,2024-10-22 04:00:00,DEV_004,80,61,66
DEV_004_2024-10-22 08:00:00,2024-10-22 08:00:00,DEV_004,25,95,20
DEV_004_2024-10-22 12:00:00,2024-10-22 12:00:00,DEV_004,2,52,40
DEV_004_2024-10-22 16:00:00,2024-10-22 16:00:00,DEV_004,12,72,88
DEV_004_2024-10-22 20:00:00,2024-10-22 20:00:00,DEV_004,70,96,45
DEV_004_2024-10-23 00:00:00,2024-10-23 00:00:00,DEV_004,97,83,13
DEV_004_2024-10-23 04:00:00,2024-10-23 04:00:00,DEV_004,37,58,77
DEV_004_2024-10-23 08:00:00,2024-10-23 08:00:00,DEV_004,17,27,18
DEV_004_2024-10-23 12:00:00,2024-10-23 12:00:00,DEV_004,21,14,8
DEV_004_2024-10-23 16:00:00,2024-10-23 16:00:00,DEV_004,59,60,64
DEV_004_2024-10-23 20:00:00,2024-10-23 20:00:00,DEV_004,91,73,82
DEV_004_2024-10-24 00:00:00,2024-10-24 00:00:00,DEV_004,39,12,80
DEV_004_2024-10-24 04:00:00,2024-10-24 04:00:00,DEV_004,93,70,88
DEV_004_2024-10-24 08:00:00,2024-10-24 08:00:00,DEV_004,86,55,25
DEV_004_2024-10-24 12:00:00,2024-10-24 12:00:00,DEV_004,35,89,42
DEV_004_2024-10-24 16:00:00,2024-10-24 16:00:00,DEV_004,20,59,48
DEV_004_2024-10-24 20:00:00,2024-10-24 20:00:00,DEV_004,3,69,16
DEV_004_2024-10-25 00:00:00,2024-10-25 00:00:00,DEV_004,59,21,96
DEV_004_2024-10-25 04:00:00,2024-10-25 04:00:00,DEV_004,15,84,38
DEV_004_2024-10-25 08:00:00,2024-10-25 08:00:00,DEV_004,46,42,43
DEV_004_2024-10-25 12:00:00,2024-10-25 12:00:00,DEV_004,84,37,60
DEV_004_2024-10-25 16:00:00,2024-10-25 16:00:00,DEV_004,63,55,59
DEV_004_2024-10-25 20:00:00,2024-10-25 20:00:00,DEV_004,38,63,91
DEV_004_2024-10-26 00:00:00,2024-10-26 00:00:00,DEV_004,16,48,4
DEV_004_2024-10-26 04:00:00,2024-10-26 04:00:00,DEV_004,95,58,79
DEV_004_2024-10-26 08:00:00,2024-10-26 08:00:00,DEV_004,27,27,53
DEV_004_2024-10-26 12:00:00,2024-10-26 12:00:00,DEV_004,92,26,81
DEV_004_2024-10-26 16:00:00,2024-10-26 16:00:00,DEV_004,29,39,94
DEV_004_2024-10-26 20:00:00,2024-10-26 20:00:00,DEV_004,26,78,11
DEV_004_2024-10-27 00:00:00,2024-10-27 00:00:00,DEV_004,64,8,13
DEV_004_2024-10-27 04:00:00,2024-10-27 04:00:00,DEV_004,50,1,65
DEV_004_2024-10-27 08:00:00,2024-10-27 08:00:00,DEV_004,43,8,33
DEV_004_2024-10-27 12:00:00,2024-10-27 12:00:00,DEV_004,56,19,92
DEV_004_2024-10-27 16:00:00,2024-10-27 16:00:00,DEV_004,95,21,22
DEV_004_2024-10-27 20:00:00,2024-10-27 20:00:00,DEV_004,22,51,49
DEV_004_2024-10-28 00:00:00,2024-10-28 00:00:00,DEV_004,8,68,7
DEV_004_2024-10-28 04:00:00,2024-10-28 04:00:00,DEV_004,80,61,95
DEV_004_2024-10-28 08:00:00,2024-10-28 08:00:00,DEV_004,74,86,14
DEV_004_2024-10-28 12:00:00,2024-10-28 12:00:00,DEV_004,70,75,56
DEV_004_2024-10-28 16:00:00,2024-10-28 16:00:00,DEV_004,38,31,22
DEV_004_2024-10-28 20:00:00,2024-10-28 20:00:00,DEV_004,50,82,1
DEV_004_2024-10-29 00:00:00,2024-10-29 00:00:00,DEV_004,42,46,65
DEV_004_2024-10-29 04:00:00,2024-10-29 04:00:00,DEV_004,95,27,78
DEV_004_2024-10-29 08:00:00,2024-10-29 08:00:00,DEV_004,49,59,2
DEV_004_2024-10-29 12:00:00,2024-10-29 12:00:00,DEV_004,19,73,11
DEV_004_2024-10-29 16:00:00,2024-10-29 16:00:00,DEV_004,32,50,67
DEV_004_2024-10-29 20:00:00,2024-10-29 20:00:00,DEV_004,29,56,19
DEV_004_2024-10-30 00:00:00,2024-10-30 00:00:00,DEV_004,59,31,1
DEV_004_2024-10-30 04:00:00,2024-10-30 04:00:00,DEV_004,51,54,87
DEV_004_2024-10-30 08:00:00,2024-10-30 08:00:00,DEV_004,50,68,71
DEV_004_2024-10-30 12:00:00,2024-10-30 12:00:00,DEV_004,24,24,11
DEV_004_2024-10-30 16:00:00,2024-10-30 16:00:00,DEV_004,99,31,93
DEV_004_2024-10-30 20:00:00,2024-10-30 20:00:00,DEV_004,46,70,54
DEV_004_2024-10-31 00:00:00,2024-10-31 00:00:00,DEV_004,13,65,81
DEV_004_2024-10-31 04:00:00,2024-10-31 04:00:00,DEV_004,26,30,60
DEV_004_2024-10-31 08:00:00,2024-10-31 08:00:00,DEV_004,20,14,87
DEV_004_2024-10-31 12:00:00,2024-10-31 12:00:00,DEV_004,61,37,95
DEV_004_2024-10-31 16:00:00,2024-10-31 16:00:00,DEV_004,25,74,43
DEV_004_2024-10-31 20:00:00,2024-10-31 20:00:00,DEV_004,77,96,70
DEV_004_2024-11-01 00:00:00,2024-11-01 00:00:00,DEV_004,83,45,78
DEV_004_2024-11-01 04:00:00,2024-11-01 04:00:00,DEV_004,37,44,19
DEV_004_2024-11-01 08:00:00,2024-11-01 08:00:00,DEV_004,87,86,26
DEV_004_2024-11-01 12:00:00,2024-11-01 12:00:00,DEV_004,72,50,2
DEV_004_2024-11-01 16:00:00,2024-11-01 16:00:00,DEV_004,10,34,70
DEV_004_2024-11-01 20:00:00,2024-11-01 20:00:00,DEV_004,29,47,91
DEV_004_2024-11-02 00:00:00,2024-11-02 00:00:00,DEV_004,18,70,81
DEV_004_2024-11-02 04:00:00,2024-11-02 04:00:00,DEV_004,95,78,24
DEV_004_2024-11-02 08:00:00,2024-11-02 08:00:00,DEV_004,82,20,75
DEV_004_2024-11-02 12:00:00,2024-11-02 12:00:00,DEV_004,32,26,43
DEV_004_2024-11-02 16:00:00,2024-11-02 16:00:00,DEV_004,64,3,94
DEV_004_2024-11-02 20:00:00,2024-11-02 20:00:00,DEV_004,28,7,40
DEV_004_2024-11-03 00:00:00,2024-11-03 00:00:00,DEV_004,78,68,31
DEV_004_2024-11-03 04:00:00,2024-11-03 04:00:00,DEV_004,28,37,75
DEV_004_2024-11-03 08:00:00,2024-11-03 08:00:00,DEV_004,82,7,95
DEV_004_2024-11-03 12:00:00,2024-11-03 12:00:00,DEV_004,77,48,41
DEV_004_2024-11-03 16:00:00,2024-11-03 16:00:00,DEV_004,43,71,59
DEV_004_2024-11-03 20:00:00,2024-11-03 20:00:00,DEV_004,37,94,98
DEV_004_2024-11-04 00:00:00,2024-11-04 00:00:00,DEV_004,4,45,35
DEV_004_2024-11-04 04:00:00,2024-11-04 04:00:00,DEV_004,20,31,1
DEV_004_2024-11-04 08:00:00,2024-11-04 08:00:00,DEV_004,89,46,71
DEV_004_2024-11-04 12:00:00,2024-11-04 12:00:00,DEV_004,56,53,79
DEV_004_2024-11-04 16:00:00,2024-11-04 16:00:00,DEV_004,46,9,85
DEV_004_2024-11-04 20:00:00,2024-11-04 20:00:00,DEV_004,55,71,69
DEV_004_2024-11-05 00:00:00,2024-11-05 00:00:00,DEV_004,40,49,27
DEV_004_2024-11-05 04:00:00,2024-11-05 04:00:00,DEV_004,2,15,59
DEV_004_2024-11-05 08:00:00,2024-11-05 08:00:00,DEV_004,4,63,73
DEV_004_2024-11-05 12:00:00,2024-11-05 12:00:00,DEV_004,85,19,31
DEV_004_2024-11-05 16:00:00,2024-11-05 16:00:00,DEV_004,86,54,12
DEV_004_2024-11-05 20:00:00,2024-11-05 20:00:00,DEV_004,54,35,78
DEV_004_2024-11-06 00:00:00,2024-11-06 00:00:00,DEV_004,93,53,64
DEV_004_2024-11-06 04:00:00,2024-11-06 04:00:00,DEV_004,16,61,32
DEV_004_2024-11-06 08:00:00,2024-11-06 08:00:00,DEV_004,8,36,9
DEV_004_2024-11-06 12:00:00,2024-11-06 12:00:00,DEV_004,55,73,64
DEV_004_2024-11-06 16:00:00,2024-11-06 16:00:00,DEV_004,91,51,85
DEV_004_2024-11-06 20:00:00,2024-11-06 20:00:00,DEV_004,31,78,89
DEV_004_2024-11-07 00:00:00,2024-11-07 00:00:00,DEV_004,7,77,2
DEV_004_2024-11-07 04:00:00,2024-11-07 04:00:00,DEV_004,99,55,9
DEV_004_2024-11-07 08:00:00,2024-11-07 08:00:00,DEV_004,12,53,75
DEV_004_2024-11-07 12:00:00,2024-11-07 12:00:00,DEV_004,16,66,37
DEV_004_2024-11-07 16:00:00,2024-11-07 16:00:00,DEV_004,6,49,11
DEV_004_2024-11-07 20:00:00,2024-11-07 20:00:00,DEV_004,16,71,99
DEV_004_2024-11-08 00:00:00,2024-11-08 00:00:00,DEV_004,22,60,8
DEV_004_2024-11-08 04:00:00,2024-11-08 04:00:00,DEV_004,6,35,20
DEV_004_2024-11-08 08:00:00,2024-11-08 08:00:00,DEV_004,61,36,46
DEV_004_2024-11-08 12:00:00,2024-11-08 12:00:00,DEV_004,11,79,19
DEV_004_2024-11-08 16:00:00,2024-11-08 16:00:00,DEV_004,36,15,66
DEV_004_2024-11-08 20:00:00,2024-11-08 20:00:00,DEV_004,6,46,12
DEV_004_2024-11-09 00:00:00,2024-11-09 00:00:00,DEV_004,42,13,43
DEV_004_2024-11-09 04:00:00,2024-11-09 04:00:00,DEV_004,53,22,76
DEV_004_2024-11-09 08:00:00,2024-11-09 08:00:00,DEV_004,36,95,6
DEV_004_2024-11-09 12:00:00,2024-11-09 12:00:00,DEV_004,74,6,47
DEV_004_2024-11-09 16:00:00,2024-11-09 16:00:00,DEV_004,94,70,42
DEV_004_2024-11-09 20:00:00,2024-11-09 20:00:00,DEV_004,93,54,79
DEV_004_2024-11-10 00:00:00,2024-11-10 00:00:00,DEV_004,70,66,35
DEV_004_2024-11-10 04:00:00,2024-11-10 04:00:00,DEV_004,13,98,84
DEV_004_2024-11-10 08:00:00,2024-11-10 08:00:00,DEV_004,47,54,66
DEV_004_2024-11-10 12:00:00,2024-11-10 12:00:00,DEV_004,42,92,39
DEV_004_2024-11-10 16:00:00,2024-11-10 16:00:00,DEV_004,30,11,92
DEV_004_2024-11-10 20:00:00,2024-11-10 20:00:00,DEV_004,86,59,81
DEV_004_2024-11-11 00:00:00,2024-11-11 00:00:00,DEV_004,34,55,32
DEV_004_2024-11-11 04:00:00,2024-11-11 04:00:00,DEV_004,20,54,3
DEV_004_2024-11-11 08:00:00,2024-11-11 08:00:00,DEV_004,11,87,73
DEV_004_2024-11-11 12:00:00,2024-11-11 12:00:00,DEV_004,85,66,51
DEV_004_2024-11-11 16:00:00,2024-11-11 16:00:00,DEV_004,54,33,82
DEV_004_2024-11-11 20:00:00,2024-11-11 20:00:00,DEV_004,33,93,16
DEV_004_2024-11-12 00:00:00,2024-11-12 00:00:00,DEV_004,44,90,19
DEV_004_2024-11-12 04:00:00,2024-11-12 04:00:00,DEV_004,72,20,43
DEV_004_2024-11-12 08:00:00,2024-11-12 08:00:00,DEV_004,23,78,27
DEV_004_2024-11-12 12:00:00,2024-11-12 12:00:00,DEV_004,21,4,15
DEV_004_2024-11-12 16:00:00,2024-11-12 16:00:00,DEV_004,73,37,57
DEV_004_2024-11-12 20:00:00,2024-11-12 20:00:00,DEV_004,90,52,74
DEV_004_2024-11-13 00:00:00,2024-11-13 00:00:00,DEV_004,10,89,74
DEV_004_2024-11-13 04:00:00,2024-11-13 04:00:00,DEV_004,45,39,78
DEV_004_2024-11-13 08:00:00,2024-11-13 08:00:00,DEV_004,73,52,58
DEV_004_2024-11-13 12:00:00,2024-11-13 12:00:00,DEV_004,45,7,35
DEV_004_2024-11-13 16:00:00,2024-11-13 16:00:00,DEV_004,10,27,3
DEV_004_2024-11-13 20:00:00,2024-11-13 20:00:00,DEV_004,58,74,83
DEV_004_2024-11-14 00:00:00,2024-11-14 00:00:00,DEV_004,83,52,42
DEV_004_2024-11-14 04:00:00,2024-11-14 04:00:00,DEV_004,76,50,54
DEV_004_2024-11-14 08:00:00,2024-11-14 08:00:00,DEV_004,41,55,28
DEV_004_2024-11-14 12:00:00,2024-11-14 12:00:00,DEV_004,66,58,93
DEV_004_2024-11-14 16:00:00,2024-11-14 16:00:00,DEV_004,79,45,89
DEV_004_2024-11-14 20:00:00,2024-11-14 20:00:00,DEV_004,84,22,52
DEV_004_2024-11-15 00:00:00,2024-11-15 00:00:00,DEV_004,27,3,66
DEV_004_2024-11-15 04:00:00,2024-11-15 04:00:00,DEV_004,45,59,11
DEV_004_2024-11-15 08:00:00,2024-11-15 08:00:00,DEV_004,9,77,34
DEV_004_2024-11-15 12:00:00,2024-11-15 12:00:00,DEV_004,21,34,81
DEV_004_2024-11-15 16:00:00,2024-11-15 16:00:00,DEV_004,59,72,66
DEV_004_2024-11-15 20:00:00,2024-11-15 20:00:00,DEV_004,58,90,45
DEV_004_2024-11-16 00:00:00,2024-11-16 00:00:00,DEV_004,48,29,84
DEV_004_2024-11-16 04:00:00,2024-11-16 04:00:00,DEV_004,75,78,42
DEV_004_2024-11-16 08:00:00,2024-11-16 08:00:00,DEV_004,8,36,36
DEV_004_2024-11-16 12:00:00,2024-11-16 12:00:00,DEV_004,42,80,51
DEV_004_2024-11-16 16:00:00,2024-11-16 16:00:00,DEV_004,24,96,1
DEV_004_2024-11-16 20:00:00,2024-11-16 20:00:00,DEV_004,17,96,76
DEV_004_2024-11-17 00:00:00,2024-11-17 00:00:00,DEV_004,14,81,21
DEV_004_2024-11-17 04:00:00,2024-11-17 04:00:00,DEV_004,88,91,78
DEV_004_2024-11-17 08:00:00,2024-11-17 08:00:00,DEV_004,56,21,17
DEV_004_2024-11-17 12:00:00,2024-11-17 12:00:00,DEV_004,19,7,99
DEV_004_2024-11-17 16:00:00,2024-11-17 16:00:00,DEV_004,69,16,59
DEV_004_2024-11-17 20:00:00,2024-11-17 20:00:00,DEV_004,58,70,14
DEV_004_2024-11-18 00:00:00,2024-11-18 00:00:00,DEV_004,9,74,91
DEV_004_2024-11-18 04:00:00,2024-11-18 04:00:00,DEV_004,1,57,96
DEV_004_2024-11-18 08:00:00,2024-11-18 08:00:00,DEV_004,22,20,31
DEV_004_2024-11-18 12:00:00,2024-11-18 12:00:00,DEV_004,82,48,89
DEV_004_2024-11-18 16:00:00,2024-11-18 16:00:00,DEV_004,64,4,97
DEV_004_2024-11-18 20:00:00,2024-11-18 20:00:00,DEV_004,28,8,70
DEV_004_2024-11-19 00:00:00,2024-11-19 00:00:00,DEV_004,76,72,51
DEV_004_2024-11-19 04:00:00,2024-11-19 04:00:00,DEV_004,68,7,6
DEV_004_2024-11-19 08:00:00,2024-11-19 08:00:00,DEV_004,47,21,27
DEV_004_2024-11-19 12:00:00,2024-11-19 12:00:00,DEV_004,82,72,88
DEV_004_2024-11-19 16:00:00,2024-11-19 16:00:00,DEV_004,23,17,79
DEV_004_2024-11-19 20:00:00,2024-11-19 20:00:00,DEV_004,11,80,21
DEV_004_2024-11-20 00:00:00,2024-11-20 00:00:00,DEV_004,25,93,96
DEV_004_2024-11-20 04:00:00,2024-11-20 04:00:00,DEV_004,10,33,6
DEV_004_2024-11-20 08:00:00,2024-11-20 08:00:00,DEV_004,25,74,64
DEV_004_2024-11-20 12:00:00,2024-11-20 12:00:00,DEV_004,85,80,39
DEV_004_2024-11-20 16:00:00,2024-11-20 16:00:00,DEV_004,38,57,65
DEV_004_2024-11-20 20:00:00,2024-11-20 20:00:00,DEV_004,27,81,85
DEV_004_2024-11-21 00:00:00,2024-11-21 00:00:00,DEV_004,61,56,46
DEV_004_2024-11-21 04:00:00,2024-11-21 04:00:00,DEV_004,5,75,36
DEV_004_2024-11-21 08:00:00,2024-11-21 08:00:00,DEV_004,78,69,8
DEV_004_2024-11-21 12:00:00,2024-11-21 12:00:00,DEV_004,99,11,69
DEV_004_2024-11-21 16:00:00,2024-11-21 16:00:00,DEV_004,79,79,71
DEV_004_2024-11-21 20:00:00,2024-11-21 20:00:00,DEV_004,38,91,21
DEV_004_2024-11-22 00:00:00,2024-11-22 00:00:00,DEV_004,98,75,63
DEV_004_2024-11-22 04:00:00,2024-11-22 04:00:00,DEV_004,27,77,24
DEV_004_2024-11-22 08:00:00,2024-11-22 08:00:00,DEV_004,32,19,35
DEV_004_2024-11-22 12:00:00,2024-11-22 12:00:00,DEV_004,99,69,53
DEV_004_2024-11-22 16:00:00,2024-11-22 16:00:00,DEV_004,53,56,23
DEV_004_2024-11-22 20:00:00,2024-11-22 20:00:00,DEV_004,15,62,65
DEV_004_2024-11-23 00:00:00,2024-11-23 00:00:00,DEV_004,87,93,27
DEV_004_2024-11-23 04:00:00,2024-11-23 04:00:00,DEV_004,6,16,23
DEV_004_2024-11-23 08:00:00,2024-11-23 08:00:00,DEV_004,91,37,97
DEV_004_2024-11-23 12:00:00,2024-11-23 12:00:00,DEV_004,31,52,58
DEV_004_2024-11-23 16:00:00,2024-11-23 16:00:00,DEV_004,40,57,7
DEV_004_2024-11-23 20:00:00,2024-11-23 20:00:00,DEV_004,29,70,66
DEV_004_2024-11-24 00:00:00,2024-11-24 00:00:00,DEV_004,87,3,61
DEV_004_2024-11-24 04:00:00,2024-11-24 04:00:00,DEV_004,90,86,60
DEV_004_2024-11-24 08:00:00,2024-11-24 08:00:00,DEV_004,13,69,36
DEV_004_2024-11-24 12:00:00,2024-11-24 12:00:00,DEV_004,81,54,31
DEV_004_2024-11-24 16:00:00,2024-11-24 16:00:00,DEV_004,18,92,92
DEV_004_2024-11-24 20:00:00,2024-11-24 20:00:00,DEV_004,5,9,89
DEV_004_2024-11-25 00:00:00,2024-11-25 00:00:00,DEV_004,19,11,90
DEV_004_2024-11-25 04:00:00,2024-11-25 04:00:00,DEV_004,12,45,36
DEV_004_2024-11-25 08:00:00,2024-11-25 08:00:00,DEV_004,64,33,7
DEV_004_2024-11-25 12:00:00,2024-11-25 12:00:00,DEV_004,2,4,83
DEV_004_2024-11-25 16:00:00,2024-11-25 16:00:00,DEV_004,69,43,51
DEV_004_2024-11-25 20:00:00,2024-11-25 20:00:00,DEV_004,62,59,66
DEV_004_2024-11-26 00:00:00,2024-11-26 00:00:00,DEV_004,28,61,95
DEV_004_2024-11-26 04:00:00,2024-11-26 04:00:00,DEV_004,91,83,6
DEV_004_2024-11-26 08:00:00,2024-11-26 08:00:00,DEV_004,22,43,96
DEV_004_2024-11-26 12:00:00,2024-11-26 12:00:00,DEV_004,80,17,80
DEV_004_2024-11-26 16:00:00,2024-11-26 16:00:00,DEV_004,33,27,96
DEV_004_2024-11-26 20:00:00,2024-11-26 20:00:00,DEV_004,79,54,7
DEV_004_2024-11-27 00:00:00,2024-11-27 00:00:00,DEV_004,73,94,50
DEV_004_2024-11-27 04:00:00,2024-11-27 04:00:00,DEV_004,8,76,59
DEV_004_2024-11-27 08:00:00,2024-11-27 08:00:00,DEV_004,60,4,19
DEV_004_2024-11-27 12:00:00,2024-11-27 12:00:00,DEV_004,12,35,61
DEV_004_2024-11-27 16:00:00,2024-11-27 16:00:00,DEV_004,12,58,30
DEV_004_2024-11-27 20:00:00,2024-11-27 20:00:00,DEV_004,14,44,50
DEV_004_2024-11-28 00:00:00,2024-11-28 00:00:00,DEV_004,92,30,9
DEV_004_2024-11-28 04:00:00,2024-11-28 04:00:00,DEV_004,96,30,14
DEV_004_2024-11-28 08:00:00,2024-11-28 08:00:00,DEV_004,44,4,34
DEV_004_2024-11-28 12:00:00,2024-11-28 12:00:00,DEV_004,87,65,65
DEV_004_2024-11-28 16:00:00,2024-11-28 16:00:00,DEV_004,17,51,4
DEV_004_2024-11-28 20:00:00,2024-11-28 20:00:00,DEV_004,63,44,10
DEV_004_2024-11-29 00:00:00,2024-11-29 00:00:00,DEV_004,19,65,1
DEV_004_2024-11-29 04:00:00,2024-11-29 04:00:00,DEV_004,33,59,19
DEV_004_2024-11-29 08:00:00,2024-11-29 08:00:00,DEV_004,17,33,91
DEV_004_2024-11-29 12:00:00,2024-11-29 12:00:00,DEV_004,75,13,50
DEV_004_2024-11-29 16:00:00,2024-11-29 16:00:00,DEV_004,74,45,77
DEV_004_2024-11-29 20:00:00,2024-11-29 20:00:00,DEV_004,10,10,54
DEV_004_2024-11-30 00:00:00,2024-11-30 00:00:00,DEV_004,14,3,70
DEV_004_2024-11-30 04:00:00,2024-11-30 04:00:00,DEV_004,27,8,27
DEV_004_2024-11-30 08:00:00,2024-11-30 08:00:00,DEV_004,80,57,33
DEV_004_2024-11-30 12:00:00,2024-11-30 12:00:00,DEV_004,12,44,53
DEV_004_2024-11-30 16:00:00,2024-11-30 16:00:00,DEV_004,62,54,16
DEV_004_2024-11-30 20:00:00,2024-11-30 20:00:00,DEV_004,25,82,43
DEV_004_2024-12-01 00:00:00,2024-12-01 00:00:00,DEV_004,12,54,80
DEV_004_2024-12-01 04:00:00,2024-12-01 04:00:00,DEV_004,8,17,84
DEV_004_2024-12-01 08:00:00,2024-12-01 08:00:00,DEV_004,34,66,91
DEV_004_2024-12-01 12:00:00,2024-12-01 12:00:00,DEV_004,62,70,54
DEV_004_2024-12-01 16:00:00,2024-12-01 16:00:00,DEV_004,35,38,28
DEV_004_2024-12-01 20:00:00,2024-12-01 20:00:00,DEV_004,64,59,53
DEV_004_2024-12-02 00:00:00,2024-12-02 00:00:00,DEV_004,71,11,49
DEV_004_2024-12-02 04:00:00,2024-12-02 04:00:00,DEV_004,67,17,7
DEV_004_2024-12-02 08:00:00,2024-12-02 08:00:00,DEV_004,16,5,69
DEV_004_2024-12-02 12:00:00,2024-12-02 12:00:00,DEV_004,43,65,6
DEV_004_2024-12-02 16:00:00,2024-12-02 16:00:00,DEV_004,13,41,87
DEV_004_2024-12-02 20:00:00,2024-12-02 20:00:00,DEV_004,23,98,28
DEV_004_2024-12-03 00:00:00,2024-12-03 00:00:00,DEV_004,8,14,4
DEV_004_2024-12-03 04:00:00,2024-12-03 04:00:00,DEV_004,69,4,26
DEV_004_2024-12-03 08:00:00,2024-12-03 08:00:00,DEV_004,35,7,43
DEV_004_2024-12-03 12:00:00,2024-12-03 12:00:00,DEV_004,37,11,23
DEV_004_2024-12-03 16:00:00,2024-12-03 16:00:00,DEV_004,29,22,77
DEV_004_2024-12-03 20:00:00,2024-12-03 20:00:00,DEV_004,91,43,52
DEV_004_2024-12-04 00:00:00,2024-12-04 00:00:00,DEV_004,77,23,4
DEV_004_2024-12-04 04:00:00,2024-12-04 04:00:00,DEV_004,62,33,79
DEV_004_2024-12-04 08:00:00,2024-12-04 08:00:00,DEV_004,40,91,62
DEV_004_2024-12-04 12:00:00,2024-12-04 12:00:00,DEV_004,38,90,46
DEV_004_2024-12-04 16:00:00,2024-12-04 16:00:00,DEV_004,39,12,76
DEV_004_2024-12-04 20:00:00,2024-12-04 20:00:00,DEV_004,49,9,27
DEV_004_2024-12-05 00:00:00,2024-12-05 00:00:00,DEV_004,83,6,40
DEV_004_2024-12-05 04:00:00,2024-12-05 04:00:00,DEV_004,92,97,38
DEV_004_2024-12-05 08:00:00,2024-12-05 08:00:00,DEV_004,61,86,96
DEV_004_2024-12-05 12:00:00,2024-12-05 12:00:00,DEV_004,73,96,31
DEV_004_2024-12-05 16:00:00,2024-12-05 16:00:00,DEV_004,85,83,32
DEV_004_2024-12-05 20:00:00,2024-12-05 20:00:00,DEV_004,85,80,15
DEV_004_2024-12-06 00:00:00,2024-12-06 00:00:00,DEV_004,87,34,91
DEV_004_2024-12-06 04:00:00,2024-12-06 04:00:00,DEV_004,8,27,61
DEV_004_2024-12-06 08:00:00,2024-12-06 08:00:00,DEV_004,4,43,13
DEV_004_2024-12-06 12:00:00,2024-12-06 12:00:00,DEV_004,62,80,23
DEV_004_2024-12-06 16:00:00,2024-12-06 16:00:00,DEV_004,68,97,92
DEV_004_2024-12-06 20:00:00,2024-12-06 20:00:00,DEV_004,17,27,92
DEV_004_2024-12-07 00:00:00,2024-12-07 00:00:00,DEV_004,18,77,16
DEV_004_2024-12-07 04:00:00,2024-12-07 04:00:00,DEV_004,23,81,59
DEV_004_2024-12-07 08:00:00,2024-12-07 08:00:00,DEV_004,8,47,43
DEV_004_2024-12-07 12:00:00,2024-12-07 12:00:00,DEV_004,32,33,90
DEV_004_2024-12-07 16:00:00,2024-12-07 16:00:00,DEV_004,24,14,15
DEV_004_2024-12-07 20:00:00,2024-12-07 20:00:00,DEV_004,34,18,76
DEV_004_2024-12-08 00:00:00,2024-12-08 00:00:00,DEV_004,15,18,6
DEV_004_2024-12-08 04:00:00,2024-12-08 04:00:00,DEV_004,28,83,34
DEV_004_2024-12-08 08:00:00,2024-12-08 08:00:00,DEV_004,20,28,31
DEV_004_2024-12-08 12:00:00,2024-12-08 12:00:00,DEV_004,8,82,47
DEV_004_2024-12-08 16:00:00,2024-12-08 16:00:00,DEV_004,5,81,41
DEV_004_2024-12-08 20:00:00,2024-12-08 20:00:00,DEV_004,41,22,70
DEV_004_2024-12-09 00:00:00,2024-12-09 00:00:00,DEV_004,24,64,20
DEV_004_2024-12-09 04:00:00,2024-12-09 04:00:00,DEV_004,69,33,35
DEV_004_2024-12-09 08:00:00,2024-12-09 08:00:00,DEV_004,23,8,51
DEV_004_2024-12-09 12:00:00,2024-12-09 12:00:00,DEV_004,16,16,44
DEV_004_2024-12-09 16:00:00,2024-12-09 16:00:00,DEV_004,66,52,46
DEV_004_2024-12-09 20:00:00,2024-12-09 20:00:00,DEV_004,25,80,67
DEV_004_2024-12-10 00:00:00,2024-12-10 00:00:00,DEV_004,91,51,15
DEV_004_2024-12-10 04:00:00,2024-12-10 04:00:00,DEV_004,4,95,97
DEV_004_2024-12-10 08:00:00,2024-12-10 08:00:00,DEV_004,1,54,55
DEV_004_2024-12-10 12:00:00,2024-12-10 12:00:00,DEV_004,16,9,1
DEV_004_2024-12-10 16:00:00,2024-12-10 16:00:00,DEV_004,88,41,90
DEV_004_2024-12-10 20:00:00,2024-12-10 20:00:00,DEV_004,84,44,95
DEV_004_2024-12-11 00:00:00,2024-12-11 00:00:00,DEV_004,48,37,14
DEV_004_2024-12-11 04:00:00,2024-12-11 04:00:00,DEV_004,28,17,33
DEV_004_2024-12-11 08:00:00,2024-12-11 08:00:00,DEV_004,92,44,65
DEV_004_2024-12-11 12:00:00,2024-12-11 12:00:00,DEV_004,69,45,37
DEV_004_2024-12-11 16:00:00,2024-12-11 16:00:00,DEV_004,7,92,75
DEV_004_2024-12-11 20:00:00,2024-12-11 20:00:00,DEV_004,68,76,90
DEV_004_2024-12-12 00:00:00,2024-12-12 00:00:00,DEV_004,90,24,78
DEV_004_2024-12-12 04:00:00,2024-12-12 04:00:00,DEV_004,32,62,29
DEV_004_2024-12-12 08:00:00,2024-12-12 08:00:00,DEV_004,41,58,72
DEV_004_2024-12-12 12:00:00,2024-12-12 12:00:00,DEV_004,81,27,45
DEV_004_2024-12-12 16:00:00,2024-12-12 16:00:00,DEV_004,93,75,35
DEV_004_2024-12-12 20:00:00,2024-12-12 20:00:00,DEV_004,45,83,95
DEV_004_2024-12-13 00:00:00,2024-12-13 00:00:00,DEV_004,55,87,49
DEV_004_2024-12-13 04:00:00,2024-12-13 04:00:00,DEV_004,88,85,7
DEV_004_2024-12-13 08:00:00,2024-12-13 08:00:00,DEV_004,51,11,42
DEV_004_2024-12-13 12:00:00,2024-12-13 12:00:00,DEV_004,42,9,36
DEV_004_2024-12-13 16:00:00,2024-12-13 16:00:00,DEV_004,99,42,52
DEV_004_2024-12-13 20:00:00,2024-12-13 20:00:00,DEV_004,46,25,83
DEV_004_2024-12-14 00:00:00,2024-12-14 00:00:00,DEV_004,86,5,80
DEV_004_2024-12-14 04:00:00,2024-12-14 04:00:00,DEV_004,48,3,96
DEV_004_2024-12-14 08:00:00,2024-12-14 08:00:00,DEV_004,82,5,56
DEV_004_2024-12-14 12:00:00,2024-12-14 12:00:00,DEV_004,38,78,43
DEV_004_2024-12-14 16:00:00,2024-12-14 16:00:00,DEV_004,62,11,77
DEV_004_2024-12-14 20:00:00,2024-12-14 20:00:00,DEV_004,4,95,60
DEV_004_2024-12-15 00:00:00,2024-12-15 00:00:00,DEV_004,63,44,4
DEV_004_2024-12-15 04:00:00,2024-12-15 04:00:00,DEV_004,10,29,63
DEV_004_2024-12-15 08:00:00,2024-12-15 08:00:00,DEV_004,50,99,13
DEV_004_2024-12-15 12:00:00,2024-12-15 12:00:00,DEV_004,16,45,86
DEV_004_2024-12-15 16:00:00,2024-12-15 16:00:00,DEV_004,59,13,54
DEV_004_2024-12-15 20:00:00,2024-12-15 20:00:00,DEV_004,41,54,30
DEV_004_2024-12-16 00:00:00,2024-12-16 00:00:00,DEV_004,21,43,81
DEV_004_2024-12-16 04:00:00,2024-12-16 04:00:00,DEV_004,44,34,96
DEV_004_2024-12-16 08:00:00,2024-12-16 08:00:00,DEV_004,64,75,57
DEV_004_2024-12-16 12:00:00,2024-12-16 12:00:00,DEV_004,8,93,46
DEV_004_2024-12-16 16:00:00,2024-12-16 16:00:00,DEV_004,16,34,44
DEV_004_2024-12-16 20:00:00,2024-12-16 20:00:00,DEV_004,74,47,24
DEV_004_2024-12-17 00:00:00,2024-12-17 00:00:00,DEV_004,38,14,74
DEV_004_2024-12-17 04:00:00,2024-12-17 04:00:00,DEV_004,12,10,21
DEV_004_2024-12-17 08:00:00,2024-12-17 08:00:00,DEV_004,10,57,18
DEV_004_2024-12-17 12:00:00,2024-12-17 12:00:00,DEV_004,3,67,72
DEV_004_2024-12-17 16:00:00,2024-12-17 16:00:00,DEV_004,97,53,18
DEV_004_2024-12-17 20:00:00,2024-12-17 20:00:00,DEV_004,62,78,8
DEV_004_2024-12-18 00:00:00,2024-12-18 00:00:00,DEV_004,19,17,42
DEV_004_2024-12-18 04:00:00,2024-12-18 04:00:00,DEV_004,90,75,66
DEV_004_2024-12-18 08:00:00,2024-12-18 08:00:00,DEV_004,62,12,16
DEV_004_2024-12-18 12:00:00,2024-12-18 12:00:00,DEV_004,31,16,36
DEV_004_2024-12-18 16:00:00,2024-12-18 16:00:00,DEV_004,32,14,59
DEV_004_2024-12-18 20:00:00,2024-12-18 20:00:00,DEV_004,74,59,30
DEV_004_2024-12-19 00:00:00,2024-12-19 00:00:00,DEV_004,4,68,80
DEV_004_2024-12-19 04:00:00,2024-12-19 04:00:00,DEV_004,73,22,43
DEV_004_2024-12-19 08:00:00,2024-12-19 08:00:00,DEV_004,57,32,96
DEV_004_2024-12-19 12:00:00,2024-12-19 12:00:00,DEV_004,62,60,8
DEV_004_2024-12-19 16:00:00,2024-12-19 16:00:00,DEV_004,53,43,10
DEV_004_2024-12-19 20:00:00,2024-12-19 20:00:00,DEV_004,64,61,34
DEV_004_2024-12-20 00:00:00,2024-12-20 00:00:00,DEV_004,24,6,12
DEV_004_2024-12-20 04:00:00,2024-12-20 04:00:00,DEV_004,20,45,13
DEV_004_2024-12-20 08:00:00,2024-12-20 08:00:00,DEV_004,12,11,80
DEV_004_2024-12-20 12:00:00,2024-12-20 12:00:00,DEV_004,71,30,21
DEV_004_2024-12-20 16:00:00,2024-12-20 16:00:00,DEV_004,30,70,7
DEV_004_2024-12-20 20:00:00,2024-12-20 20:00:00,DEV_004,44,54,2
DEV_004_2024-12-21 00:00:00,2024-12-21 00:00:00,DEV_004,27,18,84
DEV_004_2024-12-21 04:00:00,2024-12-21 04:00:00,DEV_004,33,81,67
DEV_004_2024-12-21 08:00:00,2024-12-21 08:00:00,DEV_004,20,96,13
DEV_004_2024-12-21 12:00:00,2024-12-21 12:00:00,DEV_004,41,40,17
DEV_004_2024-12-21 16:00:00,2024-12-21 16:00:00,DEV_004,86,79,79
DEV_004_2024-12-21 20:00:00,2024-12-21 20:00:00,DEV_004,12,8,86
DEV_004_2024-12-22 00:00:00,2024-12-22 00:00:00,DEV_004,93,12,36
DEV_004_2024-12-22 04:00:00,2024-12-22 04:00:00,DEV_004,9,16,89
DEV_004_2024-12-22 08:00:00,2024-12-22 08:00:00,DEV_004,14,34,90
DEV_004_2024-12-22 12:00:00,2024-12-22 12:00:00,DEV_004,94,88,52
DEV_004_2024-12-22 16:00:00,2024-12-22 16:00:00,DEV_004,84,82,45
DEV_004_2024-12-22 20:00:00,2024-12-22 20:00:00,DEV_004,82,47,85
DEV_004_2024-12-23 00:00:00,2024-12-23 00:00:00,DEV_004,19,65,39
DEV_004_2024-12-23 04:00:00,2024-12-23 04:00:00,DEV_004,10,1,61
DEV_004_2024-12-23 08:00:00,2024-12-23 08:00:00,DEV_004,72,29,28
DEV_004_2024-12-23 12:00:00,2024-12-23 12:00:00,DEV_004,42,30,32
DEV_004_2024-12-23 16:00:00,2024-12-23 16:00:00,DEV_004,50,57,5
DEV_004_2024-12-23 20:00:00,2024-12-23 20:00:00,DEV_004,49,85,32
DEV_004_2024-12-24 00:00:00,2024-12-24 00:00:00,DEV_004,73,52,34
DEV_004_2024-12-24 04:00:00,2024-12-24 04:00:00,DEV_004,7,51,51
DEV_004_2024-12-24 08:00:00,2024-12-24 08:00:00,DEV_004,86,47,35
DEV_004_2024-12-24 12:00:00,2024-12-24 12:00:00,DEV_004,36,12,94
DEV_004_2024-12-24 16:00:00,2024-12-24 16:00:00,DEV_004,5,71,45
DEV_004_2024-12-24 20:00:00,2024-12-24 20:00:00,DEV_004,63,66,94
DEV_004_2024-12-25 00:00:00,2024-12-25 00:00:00,DEV_004,21,37,74
DEV_004_2024-12-25 04:00:00,2024-12-25 04:00:00,DEV_004,26,85,74
DEV_004_2024-12-25 08:00:00,2024-12-25 08:00:00,DEV_004,34,69,49
DEV_004_2024-12-25 12:00:00,2024-12-25 12:00:00,DEV_004,58,1,84
DEV_004_2024-12-25 16:00:00,2024-12-25 16:00:00,DEV_004,82,99,43
DEV_004_2024-12-25 20:00:00,2024-12-25 20:00:00,DEV_004,25,34,37
DEV_004_2024-12-26 00:00:00,2024-12-26 00:00:00,DEV_004,44,62,82
DEV_004_2024-12-26 04:00:00,2024-12-26 04:00:00,DEV_004,95,40,76
DEV_004_2024-12-26 08:00:00,2024-12-26 08:00:00,DEV_004,8,23,96
DEV_004_2024-12-26 12:00:00,2024-12-26 12:00:00,DEV_004,86,41,97
DEV_004_2024-12-26 16:00:00,2024-12-26 16:00:00,DEV_004,33,3,75
DEV_004_2024-12-26 20:00:00,2024-12-26 20:00:00,DEV_004,12,90,73
DEV_004_2024-12-27 00:00:00,2024-12-27 00:00:00,DEV_004,9,55,13
DEV_004_2024-12-27 04:00:00,2024-12-27 04:00:00,DEV_004,15,87,42
DEV_004_2024-12-27 08:00:00,2024-12-27 08:00:00,DEV_004,42,25,40
DEV_004_2024-12-27 12:00:00,2024-12-27 12:00:00,DEV_004,94,53,62
DEV_004_2024-12-27 16:00:00,2024-12-27 16:00:00,DEV_004,89,87,22
DEV_004_2024-12-27 20:00:00,2024-12-27 20:00:00,DEV_004,79,63,53
DEV_004_2024-12-28 00:00:00,2024-12-28 00:00:00,DEV_004,3,78,11
DEV_004_2024-12-28 04:00:00,2024-12-28 04:00:00,DEV_004,64,66,38
DEV_004_2024-12-28 08:00:00,2024-12-28 08:00:00,DEV_004,11,32,54
DEV_004_2024-12-28 12:00:00,2024-12-28 12:00:00,DEV_004,87,9,87
DEV_004_2024-12-28 16:00:00,2024-12-28 16:00:00,DEV_004,33,33,64
DEV_004_2024-12-28 20:00:00,2024-12-28 20:00:00,DEV_004,3,88,31
DEV_004_2024-12-29 00:00:00,2024-12-29 00:00:00,DEV_004,63,51,75
DEV_004_2024-12-29 04:00:00,2024-12-29 04:00:00,DEV_004,87,51,5
DEV_004_2024-12-29 08:00:00,2024-12-29 08:00:00,DEV_004,45,82,3
DEV_004_2024-12-29 12:00:00,2024-12-29 12:00:00,DEV_004,64,33,94
DEV_004_2024-12-29 16:00:00,2024-12-29 16:00:00,DEV_004,44,60,51
DEV_004_2024-12-29 20:00:00,2024-12-29 20:00:00,DEV_004,31,93,19
DEV_005_2024-09-01 00:00:00,2024-09-01 00:00:00,DEV_005,65,83,34
DEV_005_2024-09-01 01:00:00,2024-09-01 01:00:00,DEV_005,43,67,29
DEV_005_2024-09-01 02:00:00,2024-09-01 02:00:00,DEV_005,58,30,74
DEV_005_2024-09-01 03:00:00,2024-09-01 03:00:00,DEV_005,2,75,5
DEV_005_2024-09-01 04:00:00,2024-09-01 04:00:00,DEV_005,95,36,49
DEV_005_2024-09-01 05:00:00,2024-09-01 05:00:00,DEV_005,67,26,92
DEV_005_2024-09-01 06:00:00,2024-09-01 06:00:00,DEV_005,5,39,31
DEV_005_2024-09-01 07:00:00,2024-09-01 07:00:00,DEV_005,30,73,7
DEV_005_2024-09-01 08:00:00,2024-09-01 08:00:00,DEV_005,99,21,5
DEV_005_2024-09-01 09:00:00,2024-09-01 09:00:00,DEV_005,23,31,98
DEV_005_2024-09-01 10:00:00,2024-09-01 10:00:00,DEV_005,84,85,51
DEV_005_2024-09-01 11:00:00,2024-09-01 11:00:00,DEV_005,80,25,7
DEV_005_2024-09-01 12:00:00,2024-09-01 12:00:00,DEV_005,72,31,2
DEV_005_2024-09-01 13:00:00,2024-09-01 13:00:00,DEV_005,86,66,31
DEV_005_2024-09-01 14:00:00,2024-09-01 14:00:00,DEV_005,15,70,68
DEV_005_2024-09-01 15:00:00,2024-09-01 15:00:00,DEV_005,23,24,46
DEV_005_2024-09-01 16:00:00,2024-09-01 16:00:00,DEV_005,32,28,25
DEV_005_2024-09-01 17:00:00,2024-09-01 17:00:00,DEV_005,53,14,35
DEV_005_2024-09-01 18:00:00,2024-09-01 18:00:00,DEV_005,77,85,42
DEV_005_2024-09-01 19:00:00,2024-09-01 19:00:00,DEV_005,75,68,48
DEV_005_2024-09-01 20:00:00,2024-09-01 20:00:00,DEV_005,4,9,38
DEV_005_2024-09-01 21:00:00,2024-09-01 21:00:00,DEV_005,58,69,13
DEV_005_2024-09-01 22:00:00,2024-09-01 22:00:00,DEV_005,11,71,78
DEV_005_2024-09-01 23:00:00,2024-09-01 23:00:00,DEV_005,64,79,97
DEV_005_2024-09-02 00:00:00,2024-09-02 00:00:00,DEV_005,39,57,98
DEV_005_2024-09-02 01:00:00,2024-09-02 01:00:00,DEV_005,47,19,13
DEV_005_2024-09-02 02:00:00,2024-09-02 02:00:00,DEV_005,93,4,33
DEV_005_2024-09-02 03:00:00,2024-09-02 03:00:00,DEV_005,4,66,65
DEV_005_2024-09-02 04:00:00,2024-09-02 04:00:00,DEV_005,47,14,57
DEV_005_2024-09-02 05:00:00,2024-09-02 05:00:00,DEV_005,34,4,52
DEV_005_2024-09-02 06:00:00,2024-09-02 06:00:00,DEV_005,4,87,88
DEV_005_2024-09-02 07:00:00,2024-09-02 07:00:00,DEV_005,56,24,90
DEV_005_2024-09-02 08:00:00,2024-09-02 08:00:00,DEV_005,51,36,66
DEV_005_2024-09-02 09:00:00,2024-09-02 09:00:00,DEV_005,71,82,24
DEV_005_2024-09-02 10:00:00,2024-09-02 10:00:00,DEV_005,92,98,57
DEV_005_2024-09-02 11:00:00,2024-09-02 11:00:00,DEV_005,10,30,52
DEV_005_2024-09-02 12:00:00,2024-09-02 12:00:00,DEV_005,85,27,69
DEV_005_2024-09-02 13:00:00,2024-09-02 13:00:00,DEV_005,35,24,90
DEV_005_2024-09-02 14:00:00,2024-09-02 14:00:00,DEV_005,65,96,10
DEV_005_2024-09-02 15:00:00,2024-09-02 15:00:00,DEV_005,58,88,16
DEV_005_2024-09-02 16:00:00,2024-09-02 16:00:00,DEV_005,88,42,93
DEV_005_2024-09-02 17:00:00,2024-09-02 17:00:00,DEV_005,21,26,45
DEV_005_2024-09-02 18:00:00,2024-09-02 18:00:00,DEV_005,69,68,49
DEV_005_2024-09-02 19:00:00,2024-09-02 19:00:00,DEV_005,29,72,72
DEV_005_2024-09-02 20:00:00,2024-09-02 20:00:00,DEV_005,75,62,51
DEV_005_2024-09-02 21:00:00,2024-09-02 21:00:00,DEV_005,13,58,39
DEV_005_2024-09-02 22:00:00,2024-09-02 22:00:00,DEV_005,25,83,36
DEV_005_2024-09-02 23:00:00,2024-09-02 23:00:00,DEV_005,46,89,97
DEV_005_2024-09-03 00:00:00,2024-09-03 00:00:00,DEV_005,84,13,28
DEV_005_2024-09-03 01:00:00,2024-09-03 01:00:00,DEV_005,32,45,59
DEV_005_2024-09-03 02:00:00,2024-09-03 02:00:00,DEV_005,46,93,61
DEV_005_2024-09-03 03:00:00,2024-09-03 03:00:00,DEV_005,10,20,96
DEV_005_2024-09-03 04:00:00,2024-09-03 04:00:00,DEV_005,92,76,54
DEV_005_2024-09-03 05:00:00,2024-09-03 05:00:00,DEV_005,73,56,83
DEV_005_2024-09-03 06:00:00,2024-09-03 06:00:00,DEV_005,54,59,95
DEV_005_2024-09-03 07:00:00,2024-09-03 07:00:00,DEV_005,83,74,23
DEV_005_2024-09-03 08:00:00,2024-09-03 08:00:00,DEV_005,66,41,57
DEV_005_2024-09-03 09:00:00,2024-09-03 09:00:00,DEV_005,56,30,96
DEV_005_2024-09-03 10:00:00,2024-09-03 10:00:00,DEV_005,34,21,15
DEV_005_2024-09-03 11:00:00,2024-09-03 11:00:00,DEV_005,30,54,50
DEV_005_2024-09-03 12:00:00,2024-09-03 12:00:00,DEV_005,72,19,30
DEV_005_2024-09-03 13:00:00,2024-09-03 13:00:00,DEV_005,89,78,3
DEV_005_2024-09-03 14:00:00,2024-09-03 14:00:00,DEV_005,48,19,81
DEV_005_2024-09-03 15:00:00,2024-09-03 15:00:00,DEV_005,57,70,55
DEV_005_2024-09-03 16:00:00,2024-09-03 16:00:00,DEV_005,56,25,56
DEV_005_2024-09-03 17:00:00,2024-09-03 17:00:00,DEV_005,84,79,81
DEV_005_2024-09-03 18:00:00,2024-09-03 18:00:00,DEV_005,8,41,37
DEV_005_2024-09-03 19:00:00,2024-09-03 19:00:00,DEV_005,30,69,60
DEV_005_2024-09-03 20:00:00,2024-09-03 20:00:00,DEV_005,36,46,77
DEV_005_2024-09-03 21:00:00,2024-09-03 21:00:00,DEV_005,75,14,17
DEV_005_2024-09-03 22:00:00,2024-09-03 22:00:00,DEV_005,73,63,73
DEV_005_2024-09-03 23:00:00,2024-09-03 23:00:00,DEV_005,48,88,24
DEV_005_2024-09-04 00:00:00,2024-09-04 00:00:00,DEV_005,7,30,97
DEV_005_2024-09-04 01:00:00,2024-09-04 01:00:00,DEV_005,82,31,38
DEV_005_2024-09-04 02:00:00,2024-09-04 02:00:00,DEV_005,79,42,27
DEV_005_2024-09-04 03:00:00,2024-09-04 03:00:00,DEV_005,56,82,65
DEV_005_2024-09-04 04:00:00,2024-09-04 04:00:00,DEV_005,30,29,58
DEV_005_2024-09-04 05:00:00,2024-09-04 05:00:00,DEV_005,12,12,67
DEV_005_2024-09-04 06:00:00,2024-09-04 06:00:00,DEV_005,91,65,98
DEV_005_2024-09-04 07:00:00,2024-09-04 07:00:00,DEV_005,32,41,53
DEV_005_2024-09-04 08:00:00,2024-09-04 08:00:00,DEV_005,57,39,27
DEV_005_2024-09-04 09:00:00,2024-09-04 09:00:00,DEV_005,41,66,10
DEV_005_2024-09-04 10:00:00,2024-09-04 10:00:00,DEV_005,87,85,9
DEV_005_2024-09-04 11:00:00,2024-09-04 11:00:00,DEV_005,27,24,71
DEV_005_2024-09-04 12:00:00,2024-09-04 12:00:00,DEV_005,58,10,48
DEV_005_2024-09-04 13:00:00,2024-09-04 13:00:00,DEV_005,66,46,94
DEV_005_2024-09-04 14:00:00,2024-09-04 14:00:00,DEV_005,62,41,14
DEV_005_2024-09-04 15:00:00,2024-09-04 15:00:00,DEV_005,33,4,52
DEV_005_2024-09-04 16:00:00,2024-09-04 16:00:00,DEV_005,54,33,58
DEV_005_2024-09-04 17:00:00,2024-09-04 17:00:00,DEV_005,24,57,64
DEV_005_2024-09-04 18:00:00,2024-09-04 18:00:00,DEV_005,14,12,49
DEV_005_2024-09-04 19:00:00,2024-09-04 19:00:00,DEV_005,32,96,13
DEV_005_2024-09-04 20:00:00,2024-09-04 20:00:00,DEV_005,62,70,37
DEV_005_2024-09-04 21:00:00,2024-09-04 21:00:00,DEV_005,4,74,42
DEV_005_2024-09-04 22:00:00,2024-09-04 22:00:00,DEV_005,61,24,76
DEV_005_2024-09-04 23:00:00,2024-09-04 23:00:00,DEV_005,96,47,33
DEV_005_2024-09-05 00:00:00,2024-09-05 00:00:00,DEV_005,78,45,74
DEV_005_2024-09-05 01:00:00,2024-09-05 01:00:00,DEV_005,9,66,36
DEV_005_2024-09-05 02:00:00,2024-09-05 02:00:00,DEV_005,78,24,71
DEV_005_2024-09-05 03:00:00,2024-09-05 03:00:00,DEV_005,19,92,11
DEV_005_2024-09-05 04:00:00,2024-09-05 04:00:00,DEV_005,94,49,96
DEV_005_2024-09-05 05:00:00,2024-09-05 05:00:00,DEV_005,32,17,73
DEV_005_2024-09-05 06:00:00,2024-09-05 06:00:00,DEV_005,5,26,19
DEV_005_2024-09-05 07:00:00,2024-09-05 07:00:00,DEV_005,45,44,81
DEV_005_2024-09-05 08:00:00,2024-09-05 08:00:00,DEV_005,18,2,16
DEV_005_2024-09-05 09:00:00,2024-09-05 09:00:00,DEV_005,53,1,32
DEV_005_2024-09-05 10:00:00,2024-09-05 10:00:00,DEV_005,79,34,84
DEV_005_2024-09-05 11:00:00,2024-09-05 11:00:00,DEV_005,46,77,22
DEV_005_2024-09-05 12:00:00,2024-09-05 12:00:00,DEV_005,98,49,89
DEV_005_2024-09-05 13:00:00,2024-09-05 13:00:00,DEV_005,21,43,4
DEV_005_2024-09-05 14:00:00,2024-09-05 14:00:00,DEV_005,61,97,67
DEV_005_2024-09-05 15:00:00,2024-09-05 15:00:00,DEV_005,65,98,74
DEV_005_2024-09-05 16:00:00,2024-09-05 16:00:00,DEV_005,47,53,7
DEV_005_2024-09-05 17:00:00,2024-09-05 17:00:00,DEV_005,86,5,80
DEV_005_2024-09-05 18:00:00,2024-09-05 18:00:00,DEV_005,93,56,5
DEV_005_2024-09-05 19:00:00,2024-09-05 19:00:00,DEV_005,30,58,98
DEV_005_2024-09-05 20:00:00,2024-09-05 20:00:00,DEV_005,91,61,10
DEV_005_2024-09-05 21:00:00,2024-09-05 21:00:00,DEV_005,48,74,23
DEV_005_2024-09-05 22:00:00,2024-09-05 22:00:00,DEV_005,6,27,52
DEV_005_2024-09-05 23:00:00,2024-09-05 23:00:00,DEV_005,78,87,34
DEV_005_2024-09-06 00:00:00,2024-09-06 00:00:00,DEV_005,81,52,98
DEV_005_2024-09-06 01:00:00,2024-09-06 01:00:00,DEV_005,31,22,5
DEV_005_2024-09-06 02:00:00,2024-09-06 02:00:00,DEV_005,73,18,21
DEV_005_2024-09-06 03:00:00,2024-09-06 03:00:00,DEV_005,61,45,70
DEV_005_2024-09-06 04:00:00,2024-09-06 04:00:00,DEV_005,29,83,46
DEV_005_2024-09-06 05:00:00,2024-09-06 05:00:00,DEV_005,51,4,44
DEV_005_2024-09-06 06:00:00,2024-09-06 06:00:00,DEV_005,34,44,67
DEV_005_2024-09-06 07:00:00,2024-09-06 07:00:00,DEV_005,58,92,61
DEV_005_2024-09-06 08:00:00,2024-09-06 08:00:00,DEV_005,76,10,13
DEV_005_2024-09-06 09:00:00,2024-09-06 09:00:00,DEV_005,29,51,46
DEV_005_2024-09-06 10:00:00,2024-09-06 10:00:00,DEV_005,23,23,91
DEV_005_2024-09-06 11:00:00,2024-09-06 11:00:00,DEV_005,55,55,70
DEV_005_2024-09-06 12:00:00,2024-09-06 12:00:00,DEV_005,83,60,25
DEV_005_2024-09-06 13:00:00,2024-09-06 13:00:00,DEV_005,77,75,46
DEV_005_2024-09-06 14:00:00,2024-09-06 14:00:00,DEV_005,70,46,83
DEV_005_2024-09-06 15:00:00,2024-09-06 15:00:00,DEV_005,23,32,43
DEV_005_2024-09-06 16:00:00,2024-09-06 16:00:00,DEV_005,21,90,87
DEV_005_2024-09-06 17:00:00,2024-09-06 17:00:00,DEV_005,88,72,68
DEV_005_2024-09-06 18:00:00,2024-09-06 18:00:00,DEV_005,16,84,59
DEV_005_2024-09-06 19:00:00,2024-09-06 19:00:00,DEV_005,85,49,40
DEV_005_2024-09-06 20:00:00,2024-09-06 20:00:00,DEV_005,47,31,72
DEV_005_2024-09-06 21:00:00,2024-09-06 21:00:00,DEV_005,99,29,6
DEV_005_2024-09-06 22:00:00,2024-09-06 22:00:00,DEV_005,11,64,25
DEV_005_2024-09-06 23:00:00,2024-09-06 23:00:00,DEV_005,68,41,31
DEV_005_2024-09-07 00:00:00,2024-09-07 00:00:00,DEV_005,94,50,18
DEV_005_2024-09-07 01:00:00,2024-09-07 01:00:00,DEV_005,34,55,39
DEV_005_2024-09-07 02:00:00,2024-09-07 02:00:00,DEV_005,85,32,71
DEV_005_2024-09-07 03:00:00,2024-09-07 03:00:00,DEV_005,22,98,32
DEV_005_2024-09-07 04:00:00,2024-09-07 04:00:00,DEV_005,59,57,9
DEV_005_2024-09-07 05:00:00,2024-09-07 05:00:00,DEV_005,33,6,88
DEV_005_2024-09-07 06:00:00,2024-09-07 06:00:00,DEV_005,15,13,14
DEV_005_2024-09-07 07:00:00,2024-09-07 07:00:00,DEV_005,14,74,91
DEV_005_2024-09-07 08:00:00,2024-09-07 08:00:00,DEV_005,39,13,39
DEV_005_2024-09-07 09:00:00,2024-09-07 09:00:00,DEV_005,76,58,93
DEV_005_2024-09-07 10:00:00,2024-09-07 10:00:00,DEV_005,12,31,60
DEV_005_2024-09-07 11:00:00,2024-09-07 11:00:00,DEV_005,87,95,83
DEV_005_2024-09-07 12:00:00,2024-09-07 12:00:00,DEV_005,96,1,13
DEV_005_2024-09-07 13:00:00,2024-09-07 13:00:00,DEV_005,35,46,9
DEV_005_2024-09-07 14:00:00,2024-09-07 14:00:00,DEV_005,13,50,35
DEV_005_2024-09-07 15:00:00,2024-09-07 15:00:00,DEV_005,72,44,11
DEV_005_2024-09-07 16:00:00,2024-09-07 16:00:00,DEV_005,99,82,78
DEV_005_2024-09-07 17:00:00,2024-09-07 17:00:00,DEV_005,66,48,15
DEV_005_2024-09-07 18:00:00,2024-09-07 18:00:00,DEV_005,64,40,48
DEV_005_2024-09-07 19:00:00,2024-09-07 19:00:00,DEV_005,23,15,66
DEV_005_2024-09-07 20:00:00,2024-09-07 20:00:00,DEV_005,85,23,93
DEV_005_2024-09-07 21:00:00,2024-09-07 21:00:00,DEV_005,95,86,70
DEV_005_2024-09-07 22:00:00,2024-09-07 22:00:00,DEV_005,12,90,74
DEV_005_2024-09-07 23:00:00,2024-09-07 23:00:00,DEV_005,76,15,18
DEV_005_2024-09-08 00:00:00,2024-09-08 00:00:00,DEV_005,69,79,92
DEV_005_2024-09-08 01:00:00,2024-09-08 01:00:00,DEV_005,73,81,21
DEV_005_2024-09-08 02:00:00,2024-09-08 02:00:00,DEV_005,91,29,60
DEV_005_2024-09-08 03:00:00,2024-09-08 03:00:00,DEV_005,52,39,10
DEV_005_2024-09-08 04:00:00,2024-09-08 04:00:00,DEV_005,67,68,49
DEV_005_2024-09-08 05:00:00,2024-09-08 05:00:00,DEV_005,98,42,14
DEV_005_2024-09-08 06:00:00,2024-09-08 06:00:00,DEV_005,23,31,38
DEV_005_2024-09-08 07:00:00,2024-09-08 07:00:00,DEV_005,49,67,13
DEV_005_2024-09-08 08:00:00,2024-09-08 08:00:00,DEV_005,63,19,98
DEV_005_2024-09-08 09:00:00,2024-09-08 09:00:00,DEV_005,95,67,6
DEV_005_2024-09-08 10:00:00,2024-09-08 10:00:00,DEV_005,49,53,91
DEV_005_2024-09-08 11:00:00,2024-09-08 11:00:00,DEV_005,53,6,8
DEV_005_2024-09-08 12:00:00,2024-09-08 12:00:00,DEV_005,32,77,35
DEV_005_2024-09-08 13:00:00,2024-09-08 13:00:00,DEV_005,2,97,16
DEV_005_2024-09-08 14:00:00,2024-09-08 14:00:00,DEV_005,93,37,44
DEV_005_2024-09-08 15:00:00,2024-09-08 15:00:00,DEV_005,64,10,96
DEV_005_2024-09-08 16:00:00,2024-09-08 16:00:00,DEV_005,57,95,13
DEV_005_2024-09-08 17:00:00,2024-09-08 17:00:00,DEV_005,58,38,57
DEV_005_2024-09-08 18:00:00,2024-09-08 18:00:00,DEV_005,80,26,68
DEV_005_2024-09-08 19:00:00,2024-09-08 19:00:00,DEV_005,92,15,44
DEV_005_2024-09-08 20:00:00,2024-09-08 20:00:00,DEV_005,38,57,27
DEV_005_2024-09-08 21:00:00,2024-09-08 21:00:00,DEV_005,92,24,27
DEV_005_2024-09-08 22:00:00,2024-09-08 22:00:00,DEV_005,23,13,4
DEV_005_2024-09-08 23:00:00,2024-09-08 23:00:00,DEV_005,59,33,31
DEV_005_2024-09-09 00:00:00,2024-09-09 00:00:00,DEV_005,66,27,86
DEV_005_2024-09-09 01:00:00,2024-09-09 01:00:00,DEV_005,75,28,34
DEV_005_2024-09-09 02:00:00,2024-09-09 02:00:00,DEV_005,89,66,40
DEV_005_2024-09-09 03:00:00,2024-09-09 03:00:00,DEV_005,52,10,14
DEV_005_2024-09-09 04:00:00,2024-09-09 04:00:00,DEV_005,3,54,73
DEV_005_2024-09-09 05:00:00,2024-09-09 05:00:00,DEV_005,96,30,96
DEV_005_2024-09-09 06:00:00,2024-09-09 06:00:00,DEV_005,3,17,49
DEV_005_2024-09-09 07:00:00,2024-09-09 07:00:00,DEV_005,79,86,98
DEV_005_2024-09-09 08:00:00,2024-09-09 08:00:00,DEV_005,54,52,13
DEV_005_2024-09-09 09:00:00,2024-09-09 09:00:00,DEV_005,82,22,46
DEV_005_2024-09-09 10:00:00,2024-09-09 10:00:00,DEV_005,15,79,8
DEV_005_2024-09-09 11:00:00,2024-09-09 11:00:00,DEV_005,47,92,84
DEV_005_2024-09-09 12:00:00,2024-09-09 12:00:00,DEV_005,60,58,39
DEV_005_2024-09-09 13:00:00,2024-09-09 13:00:00,DEV_005,80,22,31
DEV_005_2024-09-09 14:00:00,2024-09-09 14:00:00,DEV_005,78,44,90
DEV_005_2024-09-09 15:00:00,2024-09-09 15:00:00,DEV_005,46,19,15
DEV_005_2024-09-09 16:00:00,2024-09-09 16:00:00,DEV_005,48,93,36
DEV_005_2024-09-09 17:00:00,2024-09-09 17:00:00,DEV_005,34,88,14
DEV_005_2024-09-09 18:00:00,2024-09-09 18:00:00,DEV_005,69,65,35
DEV_005_2024-09-09 19:00:00,2024-09-09 19:00:00,DEV_005,62,93,95
DEV_005_2024-09-09 20:00:00,2024-09-09 20:00:00,DEV_005,50,25,17
DEV_005_2024-09-09 21:00:00,2024-09-09 21:00:00,DEV_005,61,70,48
DEV_005_2024-09-09 22:00:00,2024-09-09 22:00:00,DEV_005,91,77,21
DEV_005_2024-09-09 23:00:00,2024-09-09 23:00:00,DEV_005,60,74,44
DEV_005_2024-09-10 00:00:00,2024-09-10 00:00:00,DEV_005,40,98,46
DEV_005_2024-09-10 01:00:00,2024-09-10 01:00:00,DEV_005,15,23,32
DEV_005_2024-09-10 02:00:00,2024-09-10 02:00:00,DEV_005,86,42,52
DEV_005_2024-09-10 03:00:00,2024-09-10 03:00:00,DEV_005,94,62,50
DEV_005_2024-09-10 04:00:00,2024-09-10 04:00:00,DEV_005,91,95,68
DEV_005_2024-09-10 05:00:00,2024-09-10 05:00:00,DEV_005,40,98,25
DEV_005_2024-09-10 06:00:00,2024-09-10 06:00:00,DEV_005,20,24,23
DEV_005_2024-09-10 07:00:00,2024-09-10 07:00:00,DEV_005,45,6,77
DEV_005_2024-09-10 08:00:00,2024-09-10 08:00:00,DEV_005,69,65,97
DEV_005_2024-09-10 09:00:00,2024-09-10 09:00:00,DEV_005,72,42,59
DEV_005_2024-09-10 10:00:00,2024-09-10 10:00:00,DEV_005,9,17,95
DEV_005_2024-09-10 11:00:00,2024-09-10 11:00:00,DEV_005,95,70,44
DEV_005_2024-09-10 12:00:00,2024-09-10 12:00:00,DEV_005,74,6,79
DEV_005_2024-09-10 13:00:00,2024-09-10 13:00:00,DEV_005,1,24,8
DEV_005_2024-09-10 14:00:00,2024-09-10 14:00:00,DEV_005,83,30,98
DEV_005_2024-09-10 15:00:00,2024-09-10 15:00:00,DEV_005,44,93,2
DEV_005_2024-09-10 16:00:00,2024-09-10 16:00:00,DEV_005,84,8,79
DEV_005_2024-09-10 17:00:00,2024-09-10 17:00:00,DEV_005,86,2,23
DEV_005_2024-09-10 18:00:00,2024-09-10 18:00:00,DEV_005,17,77,10
DEV_005_2024-09-10 19:00:00,2024-09-10 19:00:00,DEV_005,93,17,75
DEV_005_2024-09-10 20:00:00,2024-09-10 20:00:00,DEV_005,96,69,60
DEV_005_2024-09-10 21:00:00,2024-09-10 21:00:00,DEV_005,41,6,73
DEV_005_2024-09-10 22:00:00,2024-09-10 22:00:00,DEV_005,24,6,65
DEV_005_2024-09-10 23:00:00,2024-09-10 23:00:00,DEV_005,28,33,41
DEV_005_2024-09-11 00:00:00,2024-09-11 00:00:00,DEV_005,83,97,35
DEV_005_2024-09-11 01:00:00,2024-09-11 01:00:00,DEV_005,6,99,60
DEV_005_2024-09-11 02:00:00,2024-09-11 02:00:00,DEV_005,61,20,8
DEV_005_2024-09-11 03:00:00,2024-09-11 03:00:00,DEV_005,53,51,63
DEV_005_2024-09-11 04:00:00,2024-09-11 04:00:00,DEV_005,43,20,77
DEV_005_2024-09-11 05:00:00,2024-09-11 05:00:00,DEV_005,7,16,97
DEV_005_2024-09-11 06:00:00,2024-09-11 06:00:00,DEV_005,58,90,56
DEV_005_2024-09-11 07:00:00,2024-09-11 07:00:00,DEV_005,21,11,44
DEV_005_2024-09-11 08:00:00,2024-09-11 08:00:00,DEV_005,6,23,25
DEV_005_2024-09-11 09:00:00,2024-09-11 09:00:00,DEV_005,64,47,54
DEV_005_2024-09-11 10:00:00,2024-09-11 10:00:00,DEV_005,80,90,53
DEV_005_2024-09-11 11:00:00,2024-09-11 11:00:00,DEV_005,90,5,74
DEV_005_2024-09-11 12:00:00,2024-09-11 12:00:00,DEV_005,12,20,69
DEV_005_2024-09-11 13:00:00,2024-09-11 13:00:00,DEV_005,50,24,10
DEV_005_2024-09-11 14:00:00,2024-09-11 14:00:00,DEV_005,61,73,13
DEV_005_2024-09-11 15:00:00,2024-09-11 15:00:00,DEV_005,88,61,19
DEV_005_2024-09-11 16:00:00,2024-09-11 16:00:00,DEV_005,55,22,66
DEV_005_2024-09-11 17:00:00,2024-09-11 17:00:00,DEV_005,1,67,60
DEV_005_2024-09-11 18:00:00,2024-09-11 18:00:00,DEV_005,52,61,97
DEV_005_2024-09-11 19:00:00,2024-09-11 19:00:00,DEV_005,25,23,6
DEV_005_2024-09-11 20:00:00,2024-09-11 20:00:00,DEV_005,83,45,49
DEV_005_2024-09-11 21:00:00,2024-09-11 21:00:00,DEV_005,74,37,18
DEV_005_2024-09-11 22:00:00,2024-09-11 22:00:00,DEV_005,50,97,99
DEV_005_2024-09-11 23:00:00,2024-09-11 23:00:00,DEV_005,55,4,32
DEV_005_2024-09-12 00:00:00,2024-09-12 00:00:00,DEV_005,15,48,56
DEV_005_2024-09-12 01:00:00,2024-09-12 01:00:00,DEV_005,85,85,46
DEV_005_2024-09-12 02:00:00,2024-09-12 02:00:00,DEV_005,26,11,92
DEV_005_2024-09-12 03:00:00,2024-09-12 03:00:00,DEV_005,88,15,94
DEV_005_2024-09-12 04:00:00,2024-09-12 04:00:00,DEV_005,99,94,66
DEV_005_2024-09-12 05:00:00,2024-09-12 05:00:00,DEV_005,91,9,77
DEV_005_2024-09-12 06:00:00,2024-09-12 06:00:00,DEV_005,31,37,39
DEV_005_2024-09-12 07:00:00,2024-09-12 07:00:00,DEV_005,49,87,71
DEV_005_2024-09-12 08:00:00,2024-09-12 08:00:00,DEV_005,63,71,51
DEV_005_2024-09-12 09:00:00,2024-09-12 09:00:00,DEV_005,12,58,81
DEV_005_2024-09-12 10:00:00,2024-09-12 10:00:00,DEV_005,68,77,80
DEV_005_2024-09-12 11:00:00,2024-09-12 11:00:00,DEV_005,73,40,51
DEV_005_2024-09-12 12:00:00,2024-09-12 12:00:00,DEV_005,18,89,14
DEV_005_2024-09-12 13:00:00,2024-09-12 13:00:00,DEV_005,39,29,54
DEV_005_2024-09-12 14:00:00,2024-09-12 14:00:00,DEV_005,31,66,12
DEV_005_2024-09-12 15:00:00,2024-09-12 15:00:00,DEV_005,69,44,29
DEV_005_2024-09-12 16:00:00,2024-09-12 16:00:00,DEV_005,7,51,74
DEV_005_2024-09-12 17:00:00,2024-09-12 17:00:00,DEV_005,15,64,33
DEV_005_2024-09-12 18:00:00,2024-09-12 18:00:00,DEV_005,92,28,68
DEV_005_2024-09-12 19:00:00,2024-09-12 19:00:00,DEV_005,75,55,91
DEV_005_2024-09-12 20:00:00,2024-09-12 20:00:00,DEV_005,7,55,54
DEV_005_2024-09-12 21:00:00,2024-09-12 21:00:00,DEV_005,88,62,46
DEV_005_2024-09-12 22:00:00,2024-09-12 22:00:00,DEV_005,24,56,77
DEV_005_2024-09-12 23:00:00,2024-09-12 23:00:00,DEV_005,71,12,83
DEV_005_2024-09-13 00:00:00,2024-09-13 00:00:00,DEV_005,96,87,83
DEV_005_2024-09-13 01:00:00,2024-09-13 01:00:00,DEV_005,32,19,98
DEV_005_2024-09-13 02:00:00,2024-09-13 02:00:00,DEV_005,44,87,28
DEV_005_2024-09-13 03:00:00,2024-09-13 03:00:00,DEV_005,85,24,20
DEV_005_2024-09-13 04:00:00,2024-09-13 04:00:00,DEV_005,96,14,97
DEV_005_2024-09-13 05:00:00,2024-09-13 05:00:00,DEV_005,3,48,98
DEV_005_2024-09-13 06:00:00,2024-09-13 06:00:00,DEV_005,15,26,73
DEV_005_2024-09-13 07:00:00,2024-09-13 07:00:00,DEV_005,78,9,33
DEV_005_2024-09-13 08:00:00,2024-09-13 08:00:00,DEV_005,92,59,3
DEV_005_2024-09-13 09:00:00,2024-09-13 09:00:00,DEV_005,23,6,78
DEV_005_2024-09-13 10:00:00,2024-09-13 10:00:00,DEV_005,72,87,47
DEV_005_2024-09-13 11:00:00,2024-09-13 11:00:00,DEV_005,43,95,49
DEV_005_2024-09-13 12:00:00,2024-09-13 12:00:00,DEV_005,17,74,12
DEV_005_2024-09-13 13:00:00,2024-09-13 13:00:00,DEV_005,22,11,22
DEV_005_2024-09-13 14:00:00,2024-09-13 14:00:00,DEV_005,89,4,98
DEV_005_2024-09-13 15:00:00,2024-09-13 15:00:00,DEV_005,82,15,43
DEV_005_2024-09-13 16:00:00,2024-09-13 16:00:00,DEV_005,41,98,22
DEV_005_2024-09-13 17:00:00,2024-09-13 17:00:00,DEV_005,68,43,50
DEV_005_2024-09-13 18:00:00,2024-09-13 18:00:00,DEV_005,73,48,54
DEV_005_2024-09-13 19:00:00,2024-09-13 19:00:00,DEV_005,7,60,23
DEV_005_2024-09-13 20:00:00,2024-09-13 20:00:00,DEV_005,41,61,11
DEV_005_2024-09-13 21:00:00,2024-09-13 21:00:00,DEV_005,66,42,15
DEV_005_2024-09-13 22:00:00,2024-09-13 22:00:00,DEV_005,98,77,19
DEV_005_2024-09-13 23:00:00,2024-09-13 23:00:00,DEV_005,79,46,97
DEV_005_2024-09-14 00:00:00,2024-09-14 00:00:00,DEV_005,17,66,6
DEV_005_2024-09-14 01:00:00,2024-09-14 01:00:00,DEV_005,74,22,19
DEV_005_2024-09-14 02:00:00,2024-09-14 02:00:00,DEV_005,41,31,4
DEV_005_2024-09-14 03:00:00,2024-09-14 03:00:00,DEV_005,62,14,53
DEV_005_2024-09-14 04:00:00,2024-09-14 04:00:00,DEV_005,96,89,38
DEV_005_2024-09-14 05:00:00,2024-09-14 05:00:00,DEV_005,60,5,9
DEV_005_2024-09-14 06:00:00,2024-09-14 06:00:00,DEV_005,4,77,54
DEV_005_2024-09-14 07:00:00,2024-09-14 07:00:00,DEV_005,57,8,90
DEV_005_2024-09-14 08:00:00,2024-09-14 08:00:00,DEV_005,14,28,92
DEV_005_2024-09-14 09:00:00,2024-09-14 09:00:00,DEV_005,81,47,87
DEV_005_2024-09-14 10:00:00,2024-09-14 10:00:00,DEV_005,96,53,78
DEV_005_2024-09-14 11:00:00,2024-09-14 11:00:00,DEV_005,74,99,67
DEV_005_2024-09-14 12:00:00,2024-09-14 12:00:00,DEV_005,66,82,5
DEV_005_2024-09-14 13:00:00,2024-09-14 13:00:00,DEV_005,95,9,69
DEV_005_2024-09-14 14:00:00,2024-09-14 14:00:00,DEV_005,16,24,75
DEV_005_2024-09-14 15:00:00,2024-09-14 15:00:00,DEV_005,58,16,32
DEV_005_2024-09-14 16:00:00,2024-09-14 16:00:00,DEV_005,53,34,5
DEV_005_2024-09-14 17:00:00,2024-09-14 17:00:00,DEV_005,55,47,22
DEV_005_2024-09-14 18:00:00,2024-09-14 18:00:00,DEV_005,77,87,81
DEV_005_2024-09-14 19:00:00,2024-09-14 19:00:00,DEV_005,35,50,47
DEV_005_2024-09-14 20:00:00,2024-09-14 20:00:00,DEV_005,87,11,92
DEV_005_2024-09-14 21:00:00,2024-09-14 21:00:00,DEV_005,18,19,58
DEV_005_2024-09-14 22:00:00,2024-09-14 22:00:00,DEV_005,81,22,7
DEV_005_2024-09-14 23:00:00,2024-09-14 23:00:00,DEV_005,80,27,2
DEV_005_2024-09-15 00:00:00,2024-09-15 00:00:00,DEV_005,20,92,77
DEV_005_2024-09-15 01:00:00,2024-09-15 01:00:00,DEV_005,21,42,31
DEV_005_2024-09-15 02:00:00,2024-09-15 02:00:00,DEV_005,63,4,94
DEV_005_2024-09-15 03:00:00,2024-09-15 03:00:00,DEV_005,9,36,89
DEV_005_2024-09-15 04:00:00,2024-09-15 04:00:00,DEV_005,90,13,56
DEV_005_2024-09-15 05:00:00,2024-09-15 05:00:00,DEV_005,5,15,62
DEV_005_2024-09-15 06:00:00,2024-09-15 06:00:00,DEV_005,3,52,24
DEV_005_2024-09-15 07:00:00,2024-09-15 07:00:00,DEV_005,20,10,64
DEV_005_2024-09-15 08:00:00,2024-09-15 08:00:00,DEV_005,27,49,52
DEV_005_2024-09-15 09:00:00,2024-09-15 09:00:00,DEV_005,18,49,60
DEV_005_2024-09-15 10:00:00,2024-09-15 10:00:00,DEV_005,54,59,70
DEV_005_2024-09-15 11:00:00,2024-09-15 11:00:00,DEV_005,84,70,3
DEV_005_2024-09-15 12:00:00,2024-09-15 12:00:00,DEV_005,36,16,19
DEV_005_2024-09-15 13:00:00,2024-09-15 13:00:00,DEV_005,61,83,17
DEV_005_2024-09-15 14:00:00,2024-09-15 14:00:00,DEV_005,82,89,36
DEV_005_2024-09-15 15:00:00,2024-09-15 15:00:00,DEV_005,88,48,27
DEV_005_2024-09-15 16:00:00,2024-09-15 16:00:00,DEV_005,49,94,74
DEV_005_2024-09-15 17:00:00,2024-09-15 17:00:00,DEV_005,95,97,57
DEV_005_2024-09-15 18:00:00,2024-09-15 18:00:00,DEV_005,26,92,97
DEV_005_2024-09-15 19:00:00,2024-09-15 19:00:00,DEV_005,80,97,80
DEV_005_2024-09-15 20:00:00,2024-09-15 20:00:00,DEV_005,6,51,65
DEV_005_2024-09-15 21:00:00,2024-09-15 21:00:00,DEV_005,37,96,42
DEV_005_2024-09-15 22:00:00,2024-09-15 22:00:00,DEV_005,35,97,31
DEV_005_2024-09-15 23:00:00,2024-09-15 23:00:00,DEV_005,32,32,38
DEV_005_2024-09-16 00:00:00,2024-09-16 00:00:00,DEV_005,83,64,77
DEV_005_2024-09-16 01:00:00,2024-09-16 01:00:00,DEV_005,50,21,36
DEV_005_2024-09-16 02:00:00,2024-09-16 02:00:00,DEV_005,1,20,43
DEV_005_2024-09-16 03:00:00,2024-09-16 03:00:00,DEV_005,22,1,25
DEV_005_2024-09-16 04:00:00,2024-09-16 04:00:00,DEV_005,19,60,10
DEV_005_2024-09-16 05:00:00,2024-09-16 05:00:00,DEV_005,48,45,7
DEV_005_2024-09-16 06:00:00,2024-09-16 06:00:00,DEV_005,18,59,78
DEV_005_2024-09-16 07:00:00,2024-09-16 07:00:00,DEV_005,74,50,18
DEV_005_2024-09-16 08:00:00,2024-09-16 08:00:00,DEV_005,94,8,37
DEV_005_2024-09-16 09:00:00,2024-09-16 09:00:00,DEV_005,53,35,16
DEV_005_2024-09-16 10:00:00,2024-09-16 10:00:00,DEV_005,49,62,3
DEV_005_2024-09-16 11:00:00,2024-09-16 11:00:00,DEV_005,31,23,48
DEV_005_2024-09-16 12:00:00,2024-09-16 12:00:00,DEV_005,22,97,38
DEV_005_2024-09-16 13:00:00,2024-09-16 13:00:00,DEV_005,29,73,69
DEV_005_2024-09-16 14:00:00,2024-09-16 14:00:00,DEV_005,20,60,18
DEV_005_2024-09-16 15:00:00,2024-09-16 15:00:00,DEV_005,92,72,33
DEV_005_2024-09-16 16:00:00,2024-09-16 16:00:00,DEV_005,62,22,20
DEV_005_2024-09-16 17:00:00,2024-09-16 17:00:00,DEV_005,97,58,36
DEV_005_2024-09-16 18:00:00,2024-09-16 18:00:00,DEV_005,9,21,96
DEV_005_2024-09-16 19:00:00,2024-09-16 19:00:00,DEV_005,28,15,91
DEV_005_2024-09-16 20:00:00,2024-09-16 20:00:00,DEV_005,80,44,31
DEV_005_2024-09-16 21:00:00,2024-09-16 21:00:00,DEV_005,33,28,23
DEV_005_2024-09-16 22:00:00,2024-09-16 22:00:00,DEV_005,56,40,22
DEV_005_2024-09-16 23:00:00,2024-09-16 23:00:00,DEV_005,75,87,58
DEV_005_2024-09-17 00:00:00,2024-09-17 00:00:00,DEV_005,64,23,84
DEV_005_2024-09-17 01:00:00,2024-09-17 01:00:00,DEV_005,1,79,82
DEV_005_2024-09-17 02:00:00,2024-09-17 02:00:00,DEV_005,88,29,47
DEV_005_2024-09-17 03:00:00,2024-09-17 03:00:00,DEV_005,87,44,54
DEV_005_2024-09-17 04:00:00,2024-09-17 04:00:00,DEV_005,32,59,30
DEV_005_2024-09-17 05:00:00,2024-09-17 05:00:00,DEV_005,71,89,29
DEV_005_2024-09-17 06:00:00,2024-09-17 06:00:00,DEV_005,89,83,44
DEV_005_2024-09-17 07:00:00,2024-09-17 07:00:00,DEV_005,85,88,38
DEV_005_2024-09-17 08:00:00,2024-09-17 08:00:00,DEV_005,33,90,40
DEV_005_2024-09-17 09:00:00,2024-09-17 09:00:00,DEV_005,13,2,43
DEV_005_2024-09-17 10:00:00,2024-09-17 10:00:00,DEV_005,65,34,58
DEV_005_2024-09-17 11:00:00,2024-09-17 11:00:00,DEV_005,20,1,41
DEV_005_2024-09-17 12:00:00,2024-09-17 12:00:00,DEV_005,26,62,84
DEV_005_2024-09-17 13:00:00,2024-09-17 13:00:00,DEV_005,82,40,94
DEV_005_2024-09-17 14:00:00,2024-09-17 14:00:00,DEV_005,92,18,29
DEV_005_2024-09-17 15:00:00,2024-09-17 15:00:00,DEV_005,98,42,26
DEV_005_2024-09-17 16:00:00,2024-09-17 16:00:00,DEV_005,91,95,93
DEV_005_2024-09-17 17:00:00,2024-09-17 17:00:00,DEV_005,13,59,49
DEV_005_2024-09-17 18:00:00,2024-09-17 18:00:00,DEV_005,33,7,26
DEV_005_2024-09-17 19:00:00,2024-09-17 19:00:00,DEV_005,97,50,19
DEV_005_2024-09-17 20:00:00,2024-09-17 20:00:00,DEV_005,66,48,99
DEV_005_2024-09-17 21:00:00,2024-09-17 21:00:00,DEV_005,22,24,33
DEV_005_2024-09-17 22:00:00,2024-09-17 22:00:00,DEV_005,66,71,30
DEV_005_2024-09-17 23:00:00,2024-09-17 23:00:00,DEV_005,36,7,73
DEV_005_2024-09-18 00:00:00,2024-09-18 00:00:00,DEV_005,88,24,43
DEV_005_2024-09-18 01:00:00,2024-09-18 01:00:00,DEV_005,89,43,61
DEV_005_2024-09-18 02:00:00,2024-09-18 02:00:00,DEV_005,4,56,3
DEV_005_2024-09-18 03:00:00,2024-09-18 03:00:00,DEV_005,17,77,98
DEV_005_2024-09-18 04:00:00,2024-09-18 04:00:00,DEV_005,99,9,56
DEV_005_2024-09-18 05:00:00,2024-09-18 05:00:00,DEV_005,76,99,55
DEV_005_2024-09-18 06:00:00,2024-09-18 06:00:00,DEV_005,21,39,98
DEV_005_2024-09-18 07:00:00,2024-09-18 07:00:00,DEV_005,37,80,42
DEV_005_2024-09-18 08:00:00,2024-09-18 08:00:00,DEV_005,92,59,22
DEV_005_2024-09-18 09:00:00,2024-09-18 09:00:00,DEV_005,70,40,86
DEV_005_2024-09-18 10:00:00,2024-09-18 10:00:00,DEV_005,9,44,27
DEV_005_2024-09-18 11:00:00,2024-09-18 11:00:00,DEV_005,94,87,98
DEV_005_2024-09-18 12:00:00,2024-09-18 12:00:00,DEV_005,74,57,56
DEV_005_2024-09-18 13:00:00,2024-09-18 13:00:00,DEV_005,80,50,41
DEV_005_2024-09-18 14:00:00,2024-09-18 14:00:00,DEV_005,57,92,76
DEV_005_2024-09-18 15:00:00,2024-09-18 15:00:00,DEV_005,12,25,77
DEV_005_2024-09-18 16:00:00,2024-09-18 16:00:00,DEV_005,58,40,34
DEV_005_2024-09-18 17:00:00,2024-09-18 17:00:00,DEV_005,80,92,26
DEV_005_2024-09-18 18:00:00,2024-09-18 18:00:00,DEV_005,88,34,11
DEV_005_2024-09-18 19:00:00,2024-09-18 19:00:00,DEV_005,36,66,49
DEV_005_2024-09-18 20:00:00,2024-09-18 20:00:00,DEV_005,77,33,36
DEV_005_2024-09-18 21:00:00,2024-09-18 21:00:00,DEV_005,99,46,64
DEV_005_2024-09-18 22:00:00,2024-09-18 22:00:00,DEV_005,77,48,48
DEV_005_2024-09-18 23:00:00,2024-09-18 23:00:00,DEV_005,22,89,11
DEV_005_2024-09-19 00:00:00,2024-09-19 00:00:00,DEV_005,91,1,20
DEV_005_2024-09-19 01:00:00,2024-09-19 01:00:00,DEV_005,7,53,20
DEV_005_2024-09-19 02:00:00,2024-09-19 02:00:00,DEV_005,19,67,5
DEV_005_2024-09-19 03:00:00,2024-09-19 03:00:00,DEV_005,6,80,54
DEV_005_2024-09-19 04:00:00,2024-09-19 04:00:00,DEV_005,21,74,49
DEV_005_2024-09-19 05:00:00,2024-09-19 05:00:00,DEV_005,8,79,51
DEV_005_2024-09-19 06:00:00,2024-09-19 06:00:00,DEV_005,88,42,56
DEV_005_2024-09-19 07:00:00,2024-09-19 07:00:00,DEV_005,69,42,76
DEV_005_2024-09-19 08:00:00,2024-09-19 08:00:00,DEV_005,29,82,48
DEV_005_2024-09-19 09:00:00,2024-09-19 09:00:00,DEV_005,37,44,3
DEV_005_2024-09-19 10:00:00,2024-09-19 10:00:00,DEV_005,27,22,70
DEV_005_2024-09-19 11:00:00,2024-09-19 11:00:00,DEV_005,19,90,82
DEV_005_2024-09-19 12:00:00,2024-09-19 12:00:00,DEV_005,94,68,48
DEV_005_2024-09-19 13:00:00,2024-09-19 13:00:00,DEV_005,18,80,28
DEV_005_2024-09-19 14:00:00,2024-09-19 14:00:00,DEV_005,42,97,12
DEV_005_2024-09-19 15:00:00,2024-09-19 15:00:00,DEV_005,66,20,79
DEV_005_2024-09-19 16:00:00,2024-09-19 16:00:00,DEV_005,39,64,88
DEV_005_2024-09-19 17:00:00,2024-09-19 17:00:00,DEV_005,52,61,34
DEV_005_2024-09-19 18:00:00,2024-09-19 18:00:00,DEV_005,2,34,92
DEV_005_2024-09-19 19:00:00,2024-09-19 19:00:00,DEV_005,19,60,96
DEV_005_2024-09-19 20:00:00,2024-09-19 20:00:00,DEV_005,32,50,29
DEV_005_2024-09-19 21:00:00,2024-09-19 21:00:00,DEV_005,36,2,44
DEV_005_2024-09-19 22:00:00,2024-09-19 22:00:00,DEV_005,38,39,65
DEV_005_2024-09-19 23:00:00,2024-09-19 23:00:00,DEV_005,24,9,83
DEV_005_2024-09-20 00:00:00,2024-09-20 00:00:00,DEV_005,22,95,89
DEV_005_2024-09-20 01:00:00,2024-09-20 01:00:00,DEV_005,12,75,87
DEV_005_2024-09-20 02:00:00,2024-09-20 02:00:00,DEV_005,6,79,19
DEV_005_2024-09-20 03:00:00,2024-09-20 03:00:00,DEV_005,9,92,30
DEV_005_2024-09-20 04:00:00,2024-09-20 04:00:00,DEV_005,90,63,61
DEV_005_2024-09-20 05:00:00,2024-09-20 05:00:00,DEV_005,84,36,51
DEV_005_2024-09-20 06:00:00,2024-09-20 06:00:00,DEV_005,30,34,18
DEV_005_2024-09-20 07:00:00,2024-09-20 07:00:00,DEV_005,3,67,91
DEV_005_2024-09-20 08:00:00,2024-09-20 08:00:00,DEV_005,25,12,44
DEV_005_2024-09-20 09:00:00,2024-09-20 09:00:00,DEV_005,21,42,92
DEV_005_2024-09-20 10:00:00,2024-09-20 10:00:00,DEV_005,24,13,12
DEV_005_2024-09-20 11:00:00,2024-09-20 11:00:00,DEV_005,75,50,20
DEV_005_2024-09-20 12:00:00,2024-09-20 12:00:00,DEV_005,32,31,88
DEV_005_2024-09-20 13:00:00,2024-09-20 13:00:00,DEV_005,14,45,32
DEV_005_2024-09-20 14:00:00,2024-09-20 14:00:00,DEV_005,23,63,40
DEV_005_2024-09-20 15:00:00,2024-09-20 15:00:00,DEV_005,83,79,78
DEV_005_2024-09-20 16:00:00,2024-09-20 16:00:00,DEV_005,19,13,8
DEV_005_2024-09-20 17:00:00,2024-09-20 17:00:00,DEV_005,4,31,2
DEV_005_2024-09-20 18:00:00,2024-09-20 18:00:00,DEV_005,30,83,83
DEV_005_2024-09-20 19:00:00,2024-09-20 19:00:00,DEV_005,62,28,19
DEV_005_2024-09-20 20:00:00,2024-09-20 20:00:00,DEV_005,87,53,85
DEV_005_2024-09-20 21:00:00,2024-09-20 21:00:00,DEV_005,91,42,30
DEV_005_2024-09-20 22:00:00,2024-09-20 22:00:00,DEV_005,33,67,21
DEV_005_2024-09-20 23:00:00,2024-09-20 23:00:00,DEV_005,41,63,98
DEV_005_2024-09-21 00:00:00,2024-09-21 00:00:00,DEV_005,78,65,15
DEV_005_2024-09-21 01:00:00,2024-09-21 01:00:00,DEV_005,3,51,69
DEV_005_2024-09-21 02:00:00,2024-09-21 02:00:00,DEV_005,92,31,61
DEV_005_2024-09-21 03:00:00,2024-09-21 03:00:00,DEV_005,74,5,79
DEV_005_2024-09-21 04:00:00,2024-09-21 04:00:00,DEV_005,95,63,40
DEV_005_2024-09-21 05:00:00,2024-09-21 05:00:00,DEV_005,19,57,28
DEV_005_2024-09-21 06:00:00,2024-09-21 06:00:00,DEV_005,92,12,19
DEV_005_2024-09-21 07:00:00,2024-09-21 07:00:00,DEV_005,85,67,4
DEV_005_2024-09-21 08:00:00,2024-09-21 08:00:00,DEV_005,54,49,46
DEV_005_2024-09-21 09:00:00,2024-09-21 09:00:00,DEV_005,3,93,39
DEV_005_2024-09-21 10:00:00,2024-09-21 10:00:00,DEV_005,74,99,42
DEV_005_2024-09-21 11:00:00,2024-09-21 11:00:00,DEV_005,3,51,80
DEV_005_2024-09-21 12:00:00,2024-09-21 12:00:00,DEV_005,30,26,65
DEV_005_2024-09-21 13:00:00,2024-09-21 13:00:00,DEV_005,16,19,76
DEV_005_2024-09-21 14:00:00,2024-09-21 14:00:00,DEV_005,5,55,88
DEV_005_2024-09-21 15:00:00,2024-09-21 15:00:00,DEV_005,22,75,26
DEV_005_2024-09-21 16:00:00,2024-09-21 16:00:00,DEV_005,56,21,49
DEV_005_2024-09-21 17:00:00,2024-09-21 17:00:00,DEV_005,9,89,31
DEV_005_2024-09-21 18:00:00,2024-09-21 18:00:00,DEV_005,45,63,3
DEV_005_2024-09-21 19:00:00,2024-09-21 19:00:00,DEV_005,25,38,89
DEV_005_2024-09-21 20:00:00,2024-09-21 20:00:00,DEV_005,28,73,31
DEV_005_2024-09-21 21:00:00,2024-09-21 21:00:00,DEV_005,23,73,52
DEV_005_2024-09-21 22:00:00,2024-09-21 22:00:00,DEV_005,19,66,62
DEV_005_2024-09-21 23:00:00,2024-09-21 23:00:00,DEV_005,99,9,94
DEV_005_2024-09-22 00:00:00,2024-09-22 00:00:00,DEV_005,83,61,96
DEV_005_2024-09-22 01:00:00,2024-09-22 01:00:00,DEV_005,21,3,23
DEV_005_2024-09-22 02:00:00,2024-09-22 02:00:00,DEV_005,24,98,53
DEV_005_2024-09-22 03:00:00,2024-09-22 03:00:00,DEV_005,17,89,66
DEV_005_2024-09-22 04:00:00,2024-09-22 04:00:00,DEV_005,34,54,48
DEV_005_2024-09-22 05:00:00,2024-09-22 05:00:00,DEV_005,31,21,11
DEV_005_2024-09-22 06:00:00,2024-09-22 06:00:00,DEV_005,41,98,69
DEV_005_2024-09-22 07:00:00,2024-09-22 07:00:00,DEV_005,10,38,88
DEV_005_2024-09-22 08:00:00,2024-09-22 08:00:00,DEV_005,23,16,12
DEV_005_2024-09-22 09:00:00,2024-09-22 09:00:00,DEV_005,50,16,98
DEV_005_2024-09-22 10:00:00,2024-09-22 10:00:00,DEV_005,78,21,1
DEV_005_2024-09-22 11:00:00,2024-09-22 11:00:00,DEV_005,38,64,95
DEV_005_2024-09-22 12:00:00,2024-09-22 12:00:00,DEV_005,44,52,36
DEV_005_2024-09-22 13:00:00,2024-09-22 13:00:00,DEV_005,33,95,20
DEV_005_2024-09-22 14:00:00,2024-09-22 14:00:00,DEV_005,33,28,30
DEV_005_2024-09-22 15:00:00,2024-09-22 15:00:00,DEV_005,20,6,61
DEV_005_2024-09-22 16:00:00,2024-09-22 16:00:00,DEV_005,11,23,69
DEV_005_2024-09-22 17:00:00,2024-09-22 17:00:00,DEV_005,19,35,71
DEV_005_2024-09-22 18:00:00,2024-09-22 18:00:00,DEV_005,34,21,89
DEV_005_2024-09-22 19:00:00,2024-09-22 19:00:00,DEV_005,65,33,39
DEV_005_2024-09-22 20:00:00,2024-09-22 20:00:00,DEV_005,2,44,16
DEV_005_2024-09-22 21:00:00,2024-09-22 21:00:00,DEV_005,59,1,39
DEV_005_2024-09-22 22:00:00,2024-09-22 22:00:00,DEV_005,54,33,41
DEV_005_2024-09-22 23:00:00,2024-09-22 23:00:00,DEV_005,73,34,22
DEV_005_2024-09-23 00:00:00,2024-09-23 00:00:00,DEV_005,81,78,17
DEV_005_2024-09-23 01:00:00,2024-09-23 01:00:00,DEV_005,51,11,25
DEV_005_2024-09-23 02:00:00,2024-09-23 02:00:00,DEV_005,37,38,84
DEV_005_2024-09-23 03:00:00,2024-09-23 03:00:00,DEV_005,59,73,95
DEV_005_2024-09-23 04:00:00,2024-09-23 04:00:00,DEV_005,71,75,45
DEV_005_2024-09-23 05:00:00,2024-09-23 05:00:00,DEV_005,64,96,8
DEV_005_2024-09-23 06:00:00,2024-09-23 06:00:00,DEV_005,51,14,63
DEV_005_2024-09-23 07:00:00,2024-09-23 07:00:00,DEV_005,75,35,73
DEV_005_2024-09-23 08:00:00,2024-09-23 08:00:00,DEV_005,6,60,95
DEV_005_2024-09-23 09:00:00,2024-09-23 09:00:00,DEV_005,48,90,74
DEV_005_2024-09-23 10:00:00,2024-09-23 10:00:00,DEV_005,87,52,11
DEV_005_2024-09-23 11:00:00,2024-09-23 11:00:00,DEV_005,92,45,3
DEV_005_2024-09-23 12:00:00,2024-09-23 12:00:00,DEV_005,53,46,5
DEV_005_2024-09-23 13:00:00,2024-09-23 13:00:00,DEV_005,85,52,48
DEV_005_2024-09-23 14:00:00,2024-09-23 14:00:00,DEV_005,50,8,51
DEV_005_2024-09-23 15:00:00,2024-09-23 15:00:00,DEV_005,46,14,46
DEV_005_2024-09-23 16:00:00,2024-09-23 16:00:00,DEV_005,18,54,80
DEV_005_2024-09-23 17:00:00,2024-09-23 17:00:00,DEV_005,2,66,23
DEV_005_2024-09-23 18:00:00,2024-09-23 18:00:00,DEV_005,95,1,33
DEV_005_2024-09-23 19:00:00,2024-09-23 19:00:00,DEV_005,95,66,15
DEV_005_2024-09-23 20:00:00,2024-09-23 20:00:00,DEV_005,36,91,49
DEV_005_2024-09-23 21:00:00,2024-09-23 21:00:00,DEV_005,81,50,40
DEV_005_2024-09-23 22:00:00,2024-09-23 22:00:00,DEV_005,72,27,86
DEV_005_2024-09-23 23:00:00,2024-09-23 23:00:00,DEV_005,88,64,14
DEV_005_2024-09-24 00:00:00,2024-09-24 00:00:00,DEV_005,79,39,94
DEV_005_2024-09-24 01:00:00,2024-09-24 01:00:00,DEV_005,40,95,49
DEV_005_2024-09-24 02:00:00,2024-09-24 02:00:00,DEV_005,87,79,13
DEV_005_2024-09-24 03:00:00,2024-09-24 03:00:00,DEV_005,61,21,58
DEV_005_2024-09-24 04:00:00,2024-09-24 04:00:00,DEV_005,75,45,95
DEV_005_2024-09-24 05:00:00,2024-09-24 05:00:00,DEV_005,47,5,1
DEV_005_2024-09-24 06:00:00,2024-09-24 06:00:00,DEV_005,54,40,1
DEV_005_2024-09-24 07:00:00,2024-09-24 07:00:00,DEV_005,99,31,99
DEV_005_2024-09-24 08:00:00,2024-09-24 08:00:00,DEV_005,99,75,73
DEV_005_2024-09-24 09:00:00,2024-09-24 09:00:00,DEV_005,32,36,11
DEV_005_2024-09-24 10:00:00,2024-09-24 10:00:00,DEV_005,31,18,46
DEV_005_2024-09-24 11:00:00,2024-09-24 11:00:00,DEV_005,53,24,3
DEV_005_2024-09-24 12:00:00,2024-09-24 12:00:00,DEV_005,46,93,90
DEV_005_2024-09-24 13:00:00,2024-09-24 13:00:00,DEV_005,20,80,45
DEV_005_2024-09-24 14:00:00,2024-09-24 14:00:00,DEV_005,61,19,53
DEV_005_2024-09-24 15:00:00,2024-09-24 15:00:00,DEV_005,32,7,45
DEV_005_2024-09-24 16:00:00,2024-09-24 16:00:00,DEV_005,93,78,58
DEV_005_2024-09-24 17:00:00,2024-09-24 17:00:00,DEV_005,77,40,65
DEV_005_2024-09-24 18:00:00,2024-09-24 18:00:00,DEV_005,66,13,48
DEV_005_2024-09-24 19:00:00,2024-09-24 19:00:00,DEV_005,25,86,9
DEV_005_2024-09-24 20:00:00,2024-09-24 20:00:00,DEV_005,8,42,72
DEV_005_2024-09-24 21:00:00,2024-09-24 21:00:00,DEV_005,25,16,52
DEV_005_2024-09-24 22:00:00,2024-09-24 22:00:00,DEV_005,30,97,87
DEV_005_2024-09-24 23:00:00,2024-09-24 23:00:00,DEV_005,7,42,64
DEV_005_2024-09-25 00:00:00,2024-09-25 00:00:00,DEV_005,81,40,30
DEV_005_2024-09-25 01:00:00,2024-09-25 01:00:00,DEV_005,92,11,21
DEV_005_2024-09-25 02:00:00,2024-09-25 02:00:00,DEV_005,71,61,61
DEV_005_2024-09-25 03:00:00,2024-09-25 03:00:00,DEV_005,22,93,48
DEV_005_2024-09-25 04:00:00,2024-09-25 04:00:00,DEV_005,7,61,72
DEV_005_2024-09-25 05:00:00,2024-09-25 05:00:00,DEV_005,56,57,11
DEV_005_2024-09-25 06:00:00,2024-09-25 06:00:00,DEV_005,73,56,46
DEV_005_2024-09-25 07:00:00,2024-09-25 07:00:00,DEV_005,95,20,36
DEV_005_2024-09-25 08:00:00,2024-09-25 08:00:00,DEV_005,47,8,25
DEV_005_2024-09-25 09:00:00,2024-09-25 09:00:00,DEV_005,29,42,84
DEV_005_2024-09-25 10:00:00,2024-09-25 10:00:00,DEV_005,24,94,91
DEV_005_2024-09-25 11:00:00,2024-09-25 11:00:00,DEV_005,22,94,6
DEV_005_2024-09-25 12:00:00,2024-09-25 12:00:00,DEV_005,67,42,61
DEV_005_2024-09-25 13:00:00,2024-09-25 13:00:00,DEV_005,63,48,43
DEV_005_2024-09-25 14:00:00,2024-09-25 14:00:00,DEV_005,5,31,16
DEV_005_2024-09-25 15:00:00,2024-09-25 15:00:00,DEV_005,63,50,64
DEV_005_2024-09-25 16:00:00,2024-09-25 16:00:00,DEV_005,97,5,75
DEV_005_2024-09-25 17:00:00,2024-09-25 17:00:00,DEV_005,64,77,29
DEV_005_2024-09-25 18:00:00,2024-09-25 18:00:00,DEV_005,3,90,90
DEV_005_2024-09-25 19:00:00,2024-09-25 19:00:00,DEV_005,40,63,24
DEV_005_2024-09-25 20:00:00,2024-09-25 20:00:00,DEV_005,53,6,50
DEV_005_2024-09-25 21:00:00,2024-09-25 21:00:00,DEV_005,20,70,25
DEV_005_2024-09-25 22:00:00,2024-09-25 22:00:00,DEV_005,29,61,67
DEV_005_2024-09-25 23:00:00,2024-09-25 23:00:00,DEV_005,43,65,92
DEV_005_2024-09-26 00:00:00,2024-09-26 00:00:00,DEV_005,92,26,45
DEV_005_2024-09-26 01:00:00,2024-09-26 01:00:00,DEV_005,5,70,14
DEV_005_2024-09-26 02:00:00,2024-09-26 02:00:00,DEV_005,65,28,94
DEV_005_2024-09-26 03:00:00,2024-09-26 03:00:00,DEV_005,60,76,25
DEV_005_2024-09-26 04:00:00,2024-09-26 04:00:00,DEV_005,29,2,51
DEV_005_2024-09-26 05:00:00,2024-09-26 05:00:00,DEV_005,38,44,38
DEV_005_2024-09-26 06:00:00,2024-09-26 06:00:00,DEV_005,22,50,29
DEV_005_2024-09-26 07:00:00,2024-09-26 07:00:00,DEV_005,67,16,95
DEV_005_2024-09-26 08:00:00,2024-09-26 08:00:00,DEV_005,85,97,23
DEV_005_2024-09-26 09:00:00,2024-09-26 09:00:00,DEV_005,72,64,63
DEV_005_2024-09-26 10:00:00,2024-09-26 10:00:00,DEV_005,92,4,96
DEV_005_2024-09-26 11:00:00,2024-09-26 11:00:00,DEV_005,59,14,97
DEV_005_2024-09-26 12:00:00,2024-09-26 12:00:00,DEV_005,24,71,66
DEV_005_2024-09-26 13:00:00,2024-09-26 13:00:00,DEV_005,59,19,97
DEV_005_2024-09-26 14:00:00,2024-09-26 14:00:00,DEV_005,15,95,70
DEV_005_2024-09-26 15:00:00,2024-09-26 15:00:00,DEV_005,3,3,48
DEV_005_2024-09-26 16:00:00,2024-09-26 16:00:00,DEV_005,85,85,13
DEV_005_2024-09-26 17:00:00,2024-09-26 17:00:00,DEV_005,98,34,18
DEV_005_2024-09-26 18:00:00,2024-09-26 18:00:00,DEV_005,48,14,66
DEV_005_2024-09-26 19:00:00,2024-09-26 19:00:00,DEV_005,60,14,11
DEV_005_2024-09-26 20:00:00,2024-09-26 20:00:00,DEV_005,54,55,66
DEV_005_2024-09-26 21:00:00,2024-09-26 21:00:00,DEV_005,68,66,75
DEV_005_2024-09-26 22:00:00,2024-09-26 22:00:00,DEV_005,15,14,99
DEV_005_2024-09-26 23:00:00,2024-09-26 23:00:00,DEV_005,46,3,63
DEV_005_2024-09-27 00:00:00,2024-09-27 00:00:00,DEV_005,67,46,52
DEV_005_2024-09-27 01:00:00,2024-09-27 01:00:00,DEV_005,48,17,45
DEV_005_2024-09-27 02:00:00,2024-09-27 02:00:00,DEV_005,86,34,30
DEV_005_2024-09-27 03:00:00,2024-09-27 03:00:00,DEV_005,78,68,92
DEV_005_2024-09-27 04:00:00,2024-09-27 04:00:00,DEV_005,37,36,35
DEV_005_2024-09-27 05:00:00,2024-09-27 05:00:00,DEV_005,68,61,58
DEV_005_2024-09-27 06:00:00,2024-09-27 06:00:00,DEV_005,55,48,47
DEV_005_2024-09-27 07:00:00,2024-09-27 07:00:00,DEV_005,55,76,15
DEV_005_2024-09-27 08:00:00,2024-09-27 08:00:00,DEV_005,2,49,33
DEV_005_2024-09-27 09:00:00,2024-09-27 09:00:00,DEV_005,79,48,51
DEV_005_2024-09-27 10:00:00,2024-09-27 10:00:00,DEV_005,86,83,26
DEV_005_2024-09-27 11:00:00,2024-09-27 11:00:00,DEV_005,68,51,54
DEV_005_2024-09-27 12:00:00,2024-09-27 12:00:00,DEV_005,96,85,73
DEV_005_2024-09-27 13:00:00,2024-09-27 13:00:00,DEV_005,45,97,21
DEV_005_2024-09-27 14:00:00,2024-09-27 14:00:00,DEV_005,32,75,70
DEV_005_2024-09-27 15:00:00,2024-09-27 15:00:00,DEV_005,74,2,44
DEV_005_2024-09-27 16:00:00,2024-09-27 16:00:00,DEV_005,98,8,55
DEV_005_2024-09-27 17:00:00,2024-09-27 17:00:00,DEV_005,90,38,31
DEV_005_2024-09-27 18:00:00,2024-09-27 18:00:00,DEV_005,94,43,19
DEV_005_2024-09-27 19:00:00,2024-09-27 19:00:00,DEV_005,16,2,33
DEV_005_2024-09-27 20:00:00,2024-09-27 20:00:00,DEV_005,85,33,28
DEV_005_2024-09-27 21:00:00,2024-09-27 21:00:00,DEV_005,12,19,68
DEV_005_2024-09-27 22:00:00,2024-09-27 22:00:00,DEV_005,63,77,22
DEV_005_2024-09-27 23:00:00,2024-09-27 23:00:00,DEV_005,23,33,8
DEV_005_2024-09-28 00:00:00,2024-09-28 00:00:00,DEV_005,19,14,22
DEV_005_2024-09-28 01:00:00,2024-09-28 01:00:00,DEV_005,40,81,99
DEV_005_2024-09-28 02:00:00,2024-09-28 02:00:00,DEV_005,18,22,14
DEV_005_2024-09-28 03:00:00,2024-09-28 03:00:00,DEV_005,93,71,29
DEV_005_2024-09-28 04:00:00,2024-09-28 04:00:00,DEV_005,62,20,25
DEV_005_2024-09-28 05:00:00,2024-09-28 05:00:00,DEV_005,36,77,38
DEV_005_2024-09-28 06:00:00,2024-09-28 06:00:00,DEV_005,9,90,82
DEV_005_2024-09-28 07:00:00,2024-09-28 07:00:00,DEV_005,10,18,24
DEV_005_2024-09-28 08:00:00,2024-09-28 08:00:00,DEV_005,7,19,86
DEV_005_2024-09-28 09:00:00,2024-09-28 09:00:00,DEV_005,13,65,67
DEV_005_2024-09-28 10:00:00,2024-09-28 10:00:00,DEV_005,43,42,2
DEV_005_2024-09-28 11:00:00,2024-09-28 11:00:00,DEV_005,78,16,10
DEV_005_2024-09-28 12:00:00,2024-09-28 12:00:00,DEV_005,64,12,63
DEV_005_2024-09-28 13:00:00,2024-09-28 13:00:00,DEV_005,51,41,66
DEV_005_2024-09-28 14:00:00,2024-09-28 14:00:00,DEV_005,63,3,57
DEV_005_2024-09-28 15:00:00,2024-09-28 15:00:00,DEV_005,25,56,34
DEV_005_2024-09-28 16:00:00,2024-09-28 16:00:00,DEV_005,98,87,34
DEV_005_2024-09-28 17:00:00,2024-09-28 17:00:00,DEV_005,6,7,93
DEV_005_2024-09-28 18:00:00,2024-09-28 18:00:00,DEV_005,24,4,37
DEV_005_2024-09-28 19:00:00,2024-09-28 19:00:00,DEV_005,25,43,50
DEV_005_2024-09-28 20:00:00,2024-09-28 20:00:00,DEV_005,67,84,4
DEV_005_2024-09-28 21:00:00,2024-09-28 21:00:00,DEV_005,32,87,53
DEV_005_2024-09-28 22:00:00,2024-09-28 22:00:00,DEV_005,79,79,66
DEV_005_2024-09-28 23:00:00,2024-09-28 23:00:00,DEV_005,77,94,12
DEV_005_2024-09-29 00:00:00,2024-09-29 00:00:00,DEV_005,15,77,65
DEV_005_2024-09-29 01:00:00,2024-09-29 01:00:00,DEV_005,94,71,71
DEV_005_2024-09-29 02:00:00,2024-09-29 02:00:00,DEV_005,16,47,81
DEV_005_2024-09-29 03:00:00,2024-09-29 03:00:00,DEV_005,76,99,15
DEV_005_2024-09-29 04:00:00,2024-09-29 04:00:00,DEV_005,86,92,27
DEV_005_2024-09-29 05:00:00,2024-09-29 05:00:00,DEV_005,32,54,52
DEV_005_2024-09-29 06:00:00,2024-09-29 06:00:00,DEV_005,56,60,37
DEV_005_2024-09-29 07:00:00,2024-09-29 07:00:00,DEV_005,26,6,52
DEV_005_2024-09-29 08:00:00,2024-09-29 08:00:00,DEV_005,76,33,91
DEV_005_2024-09-29 09:00:00,2024-09-29 09:00:00,DEV_005,94,63,9
DEV_005_2024-09-29 10:00:00,2024-09-29 10:00:00,DEV_005,71,57,29
DEV_005_2024-09-29 11:00:00,2024-09-29 11:00:00,DEV_005,22,34,73
DEV_005_2024-09-29 12:00:00,2024-09-29 12:00:00,DEV_005,36,73,58
DEV_005_2024-09-29 13:00:00,2024-09-29 13:00:00,DEV_005,62,69,28
DEV_005_2024-09-29 14:00:00,2024-09-29 14:00:00,DEV_005,9,73,33
DEV_005_2024-09-29 15:00:00,2024-09-29 15:00:00,DEV_005,55,38,69
DEV_005_2024-09-29 16:00:00,2024-09-29 16:00:00,DEV_005,49,11,72
DEV_005_2024-09-29 17:00:00,2024-09-29 17:00:00,DEV_005,29,75,45
DEV_005_2024-09-29 18:00:00,2024-09-29 18:00:00,DEV_005,48,29,13
DEV_005_2024-09-29 19:00:00,2024-09-29 19:00:00,DEV_005,31,49,66
DEV_005_2024-09-29 20:00:00,2024-09-29 20:00:00,DEV_005,71,58,51
DEV_005_2024-09-29 21:00:00,2024-09-29 21:00:00,DEV_005,89,59,77
DEV_005_2024-09-29 22:00:00,2024-09-29 22:00:00,DEV_005,60,92,22
DEV_005_2024-09-29 23:00:00,2024-09-29 23:00:00,DEV_005,88,50,65
DEV_005_2024-09-30 00:00:00,2024-09-30 00:00:00,DEV_005,46,31,32
DEV_005_2024-09-30 01:00:00,2024-09-30 01:00:00,DEV_005,18,90,24
DEV_005_2024-09-30 02:00:00,2024-09-30 02:00:00,DEV_005,82,56,39
DEV_005_2024-09-30 03:00:00,2024-09-30 03:00:00,DEV_005,2,89,77
DEV_005_2024-09-30 04:00:00,2024-09-30 04:00:00,DEV_005,80,50,76
DEV_005_2024-09-30 05:00:00,2024-09-30 05:00:00,DEV_005,94,23,90
DEV_005_2024-09-30 06:00:00,2024-09-30 06:00:00,DEV_005,66,68,42
DEV_005_2024-09-30 07:00:00,2024-09-30 07:00:00,DEV_005,58,8,92
DEV_005_2024-09-30 08:00:00,2024-09-30 08:00:00,DEV_005,56,9,47
DEV_005_2024-09-30 09:00:00,2024-09-30 09:00:00,DEV_005,99,71,58
DEV_005_2024-09-30 10:00:00,2024-09-30 10:00:00,DEV_005,44,36,43
DEV_005_2024-09-30 11:00:00,2024-09-30 11:00:00,DEV_005,98,80,24
DEV_005_2024-09-30 12:00:00,2024-09-30 12:00:00,DEV_005,84,7,50
DEV_005_2024-09-30 13:00:00,2024-09-30 13:00:00,DEV_005,70,46,1
DEV_005_2024-09-30 14:00:00,2024-09-30 14:00:00,DEV_005,27,98,46
DEV_005_2024-09-30 15:00:00,2024-09-30 15:00:00,DEV_005,91,80,39
DEV_005_2024-09-30 16:00:00,2024-09-30 16:00:00,DEV_005,78,61,17
DEV_005_2024-09-30 17:00:00,2024-09-30 17:00:00,DEV_005,86,5,89
DEV_005_2024-09-30 18:00:00,2024-09-30 18:00:00,DEV_005,19,50,70
DEV_005_2024-09-30 19:00:00,2024-09-30 19:00:00,DEV_005,6,89,85
DEV_005_2024-09-30 20:00:00,2024-09-30 20:00:00,DEV_005,37,64,34
DEV_005_2024-09-30 21:00:00,2024-09-30 21:00:00,DEV_005,69,20,22
DEV_005_2024-09-30 22:00:00,2024-09-30 22:00:00,DEV_005,6,8,29
DEV_005_2024-09-30 23:00:00,2024-09-30 23:00:00,DEV_005,54,88,23
DEV_005_2024-10-01 00:00:00,2024-10-01 00:00:00,DEV_005,65,20,11
DEV_005_2024-10-01 01:00:00,2024-10-01 01:00:00,DEV_005,14,57,39
DEV_005_2024-10-01 02:00:00,2024-10-01 02:00:00,DEV_005,29,12,24
DEV_005_2024-10-01 03:00:00,2024-10-01 03:00:00,DEV_005,72,50,35
DEV_005_2024-10-01 04:00:00,2024-10-01 04:00:00,DEV_005,33,36,59
DEV_005_2024-10-01 05:00:00,2024-10-01 05:00:00,DEV_005,41,66,11
DEV_005_2024-10-01 06:00:00,2024-10-01 06:00:00,DEV_005,47,40,83
DEV_005_2024-10-01 07:00:00,2024-10-01 07:00:00,DEV_005,55,10,10
DEV_005_2024-10-01 08:00:00,2024-10-01 08:00:00,DEV_005,41,31,8
DEV_005_2024-10-01 09:00:00,2024-10-01 09:00:00,DEV_005,94,46,83
DEV_005_2024-10-01 10:00:00,2024-10-01 10:00:00,DEV_005,69,22,83
DEV_005_2024-10-01 11:00:00,2024-10-01 11:00:00,DEV_005,94,35,6
DEV_005_2024-10-01 12:00:00,2024-10-01 12:00:00,DEV_005,18,36,98
DEV_005_2024-10-01 13:00:00,2024-10-01 13:00:00,DEV_005,33,69,68
DEV_005_2024-10-01 14:00:00,2024-10-01 14:00:00,DEV_005,84,12,78
DEV_005_2024-10-01 15:00:00,2024-10-01 15:00:00,DEV_005,93,6,62
DEV_005_2024-10-01 16:00:00,2024-10-01 16:00:00,DEV_005,81,62,16
DEV_005_2024-10-01 17:00:00,2024-10-01 17:00:00,DEV_005,95,85,86
DEV_005_2024-10-01 18:00:00,2024-10-01 18:00:00,DEV_005,77,64,91
DEV_005_2024-10-01 19:00:00,2024-10-01 19:00:00,DEV_005,7,55,88
DEV_005_2024-10-01 20:00:00,2024-10-01 20:00:00,DEV_005,20,92,74
DEV_005_2024-10-01 21:00:00,2024-10-01 21:00:00,DEV_005,17,82,22
DEV_005_2024-10-01 22:00:00,2024-10-01 22:00:00,DEV_005,81,58,62
DEV_005_2024-10-01 23:00:00,2024-10-01 23:00:00,DEV_005,2,23,96
DEV_005_2024-10-02 00:00:00,2024-10-02 00:00:00,DEV_005,13,66,43
DEV_005_2024-10-02 01:00:00,2024-10-02 01:00:00,DEV_005,65,86,59
DEV_005_2024-10-02 02:00:00,2024-10-02 02:00:00,DEV_005,6,70,37
DEV_005_2024-10-02 03:00:00,2024-10-02 03:00:00,DEV_005,63,10,85
DEV_005_2024-10-02 04:00:00,2024-10-02 04:00:00,DEV_005,72,43,74
DEV_005_2024-10-02 05:00:00,2024-10-02 05:00:00,DEV_005,1,60,79
DEV_005_2024-10-02 06:00:00,2024-10-02 06:00:00,DEV_005,5,96,19
DEV_005_2024-10-02 07:00:00,2024-10-02 07:00:00,DEV_005,68,64,99
DEV_005_2024-10-02 08:00:00,2024-10-02 08:00:00,DEV_005,28,37,9
DEV_005_2024-10-02 09:00:00,2024-10-02 09:00:00,DEV_005,27,4,28
DEV_005_2024-10-02 10:00:00,2024-10-02 10:00:00,DEV_005,97,77,69
DEV_005_2024-10-02 11:00:00,2024-10-02 11:00:00,DEV_005,22,18,88
DEV_005_2024-10-02 12:00:00,2024-10-02 12:00:00,DEV_005,13,64,68
DEV_005_2024-10-02 13:00:00,2024-10-02 13:00:00,DEV_005,3,75,46
DEV_005_2024-10-02 14:00:00,2024-10-02 14:00:00,DEV_005,79,20,11
DEV_005_2024-10-02 15:00:00,2024-10-02 15:00:00,DEV_005,9,34,67
DEV_005_2024-10-02 16:00:00,2024-10-02 16:00:00,DEV_005,8,77,38
DEV_005_2024-10-02 17:00:00,2024-10-02 17:00:00,DEV_005,78,35,34
DEV_005_2024-10-02 18:00:00,2024-10-02 18:00:00,DEV_005,5,78,73
DEV_005_2024-10-02 19:00:00,2024-10-02 19:00:00,DEV_005,20,65,20
DEV_005_2024-10-02 20:00:00,2024-10-02 20:00:00,DEV_005,29,97,45
DEV_005_2024-10-02 21:00:00,2024-10-02 21:00:00,DEV_005,95,15,78
DEV_005_2024-10-02 22:00:00,2024-10-02 22:00:00,DEV_005,15,72,8
DEV_005_2024-10-02 23:00:00,2024-10-02 23:00:00,DEV_005,94,47,80
DEV_005_2024-10-03 00:00:00,2024-10-03 00:00:00,DEV_005,73,57,99
DEV_005_2024-10-03 01:00:00,2024-10-03 01:00:00,DEV_005,65,30,37
DEV_005_2024-10-03 02:00:00,2024-10-03 02:00:00,DEV_005,63,64,84
DEV_005_2024-10-03 03:00:00,2024-10-03 03:00:00,DEV_005,89,3,34
DEV_005_2024-10-03 04:00:00,2024-10-03 04:00:00,DEV_005,71,90,3
DEV_005_2024-10-03 05:00:00,2024-10-03 05:00:00,DEV_005,20,80,9
DEV_005_2024-10-03 06:00:00,2024-10-03 06:00:00,DEV_005,73,96,39
DEV_005_2024-10-03 07:00:00,2024-10-03 07:00:00,DEV_005,37,78,67
DEV_005_2024-10-03 08:00:00,2024-10-03 08:00:00,DEV_005,96,25,64
DEV_005_2024-10-03 09:00:00,2024-10-03 09:00:00,DEV_005,5,35,88
DEV_005_2024-10-03 10:00:00,2024-10-03 10:00:00,DEV_005,82,85,85
DEV_005_2024-10-03 11:00:00,2024-10-03 11:00:00,DEV_005,17,10,67
DEV_005_2024-10-03 12:00:00,2024-10-03 12:00:00,DEV_005,3,53,55
DEV_005_2024-10-03 13:00:00,2024-10-03 13:00:00,DEV_005,95,68,25
DEV_005_2024-10-03 14:00:00,2024-10-03 14:00:00,DEV_005,58,43,58
DEV_005_2024-10-03 15:00:00,2024-10-03 15:00:00,DEV_005,19,67,83
DEV_005_2024-10-03 16:00:00,2024-10-03 16:00:00,DEV_005,31,67,8
DEV_005_2024-10-03 17:00:00,2024-10-03 17:00:00,DEV_005,95,34,64
DEV_005_2024-10-03 18:00:00,2024-10-03 18:00:00,DEV_005,41,72,64
DEV_005_2024-10-03 19:00:00,2024-10-03 19:00:00,DEV_005,27,21,93
DEV_005_2024-10-03 20:00:00,2024-10-03 20:00:00,DEV_005,40,11,64
DEV_005_2024-10-03 21:00:00,2024-10-03 21:00:00,DEV_005,76,96,52
DEV_005_2024-10-03 22:00:00,2024-10-03 22:00:00,DEV_005,37,89,83
DEV_005_2024-10-03 23:00:00,2024-10-03 23:00:00,DEV_005,49,31,57
DEV_005_2024-10-04 00:00:00,2024-10-04 00:00:00,DEV_005,37,65,55
DEV_005_2024-10-04 01:00:00,2024-10-04 01:00:00,DEV_005,92,32,82
DEV_005_2024-10-04 02:00:00,2024-10-04 02:00:00,DEV_005,55,77,7
DEV_005_2024-10-04 03:00:00,2024-10-04 03:00:00,DEV_005,38,15,31
DEV_005_2024-10-04 04:00:00,2024-10-04 04:00:00,DEV_005,19,98,46
DEV_005_2024-10-04 05:00:00,2024-10-04 05:00:00,DEV_005,42,75,21
DEV_005_2024-10-04 06:00:00,2024-10-04 06:00:00,DEV_005,44,9,31
DEV_005_2024-10-04 07:00:00,2024-10-04 07:00:00,DEV_005,17,7,62
DEV_005_2024-10-04 08:00:00,2024-10-04 08:00:00,DEV_005,88,20,18
DEV_005_2024-10-04 09:00:00,2024-10-04 09:00:00,DEV_005,24,81,9
DEV_005_2024-10-04 10:00:00,2024-10-04 10:00:00,DEV_005,38,62,32
DEV_005_2024-10-04 11:00:00,2024-10-04 11:00:00,DEV_005,5,8,63
DEV_005_2024-10-04 12:00:00,2024-10-04 12:00:00,DEV_005,39,55,94
DEV_005_2024-10-04 13:00:00,2024-10-04 13:00:00,DEV_005,43,64,22
DEV_005_2024-10-04 14:00:00,2024-10-04 14:00:00,DEV_005,28,67,47
DEV_005_2024-10-04 15:00:00,2024-10-04 15:00:00,DEV_005,59,19,12
DEV_005_2024-10-04 16:00:00,2024-10-04 16:00:00,DEV_005,36,72,3
DEV_005_2024-10-04 17:00:00,2024-10-04 17:00:00,DEV_005,69,86,61
DEV_005_2024-10-04 18:00:00,2024-10-04 18:00:00,DEV_005,53,60,61
DEV_005_2024-10-04 19:00:00,2024-10-04 19:00:00,DEV_005,11,14,42
DEV_005_2024-10-04 20:00:00,2024-10-04 20:00:00,DEV_005,54,15,60
DEV_005_2024-10-04 21:00:00,2024-10-04 21:00:00,DEV_005,82,86,1
DEV_005_2024-10-04 22:00:00,2024-10-04 22:00:00,DEV_005,26,90,67
DEV_005_2024-10-04 23:00:00,2024-10-04 23:00:00,DEV_005,49,52,55
DEV_005_2024-10-05 00:00:00,2024-10-05 00:00:00,DEV_005,82,98,93
DEV_005_2024-10-05 01:00:00,2024-10-05 01:00:00,DEV_005,12,63,23
DEV_005_2024-10-05 02:00:00,2024-10-05 02:00:00,DEV_005,16,19,13
DEV_005_2024-10-05 03:00:00,2024-10-05 03:00:00,DEV_005,77,49,11
DEV_005_2024-10-05 04:00:00,2024-10-05 04:00:00,DEV_005,3,42,16
DEV_005_2024-10-05 05:00:00,2024-10-05 05:00:00,DEV_005,32,64,31
DEV_005_2024-10-05 06:00:00,2024-10-05 06:00:00,DEV_005,81,29,30
DEV_005_2024-10-05 07:00:00,2024-10-05 07:00:00,DEV_005,23,95,20
DEV_005_2024-10-05 08:00:00,2024-10-05 08:00:00,DEV_005,20,65,16
DEV_005_2024-10-05 09:00:00,2024-10-05 09:00:00,DEV_005,25,96,37
DEV_005_2024-10-05 10:00:00,2024-10-05 10:00:00,DEV_005,53,34,73
DEV_005_2024-10-05 11:00:00,2024-10-05 11:00:00,DEV_005,32,14,4
DEV_005_2024-10-05 12:00:00,2024-10-05 12:00:00,DEV_005,62,20,18
DEV_005_2024-10-05 13:00:00,2024-10-05 13:00:00,DEV_005,99,21,46
DEV_005_2024-10-05 14:00:00,2024-10-05 14:00:00,DEV_005,99,86,50
DEV_005_2024-10-05 15:00:00,2024-10-05 15:00:00,DEV_005,32,4,37
DEV_005_2024-10-05 16:00:00,2024-10-05 16:00:00,DEV_005,26,80,35
DEV_005_2024-10-05 17:00:00,2024-10-05 17:00:00,DEV_005,16,17,9
DEV_005_2024-10-05 18:00:00,2024-10-05 18:00:00,DEV_005,79,53,64
DEV_005_2024-10-05 19:00:00,2024-10-05 19:00:00,DEV_005,28,86,30
DEV_005_2024-10-05 20:00:00,2024-10-05 20:00:00,DEV_005,74,58,20
DEV_005_2024-10-05 21:00:00,2024-10-05 21:00:00,DEV_005,66,6,56
DEV_005_2024-10-05 22:00:00,2024-10-05 22:00:00,DEV_005,55,41,3
DEV_005_2024-10-05 23:00:00,2024-10-05 23:00:00,DEV_005,94,93,60
DEV_005_2024-10-06 00:00:00,2024-10-06 00:00:00,DEV_005,43,35,63
DEV_005_2024-10-06 01:00:00,2024-10-06 01:00:00,DEV_005,72,34,69
DEV_005_2024-10-06 02:00:00,2024-10-06 02:00:00,DEV_005,34,54,73
DEV_005_2024-10-06 03:00:00,2024-10-06 03:00:00,DEV_005,81,65,37
DEV_005_2024-10-06 04:00:00,2024-10-06 04:00:00,DEV_005,61,92,27
DEV_005_2024-10-06 05:00:00,2024-10-06 05:00:00,DEV_005,89,87,70
DEV_005_2024-10-06 06:00:00,2024-10-06 06:00:00,DEV_005,88,11,59
DEV_005_2024-10-06 07:00:00,2024-10-06 07:00:00,DEV_005,35,17,14
DEV_005_2024-10-06 08:00:00,2024-10-06 08:00:00,DEV_005,22,26,92
DEV_005_2024-10-06 09:00:00,2024-10-06 09:00:00,DEV_005,98,63,50
DEV_005_2024-10-06 10:00:00,2024-10-06 10:00:00,DEV_005,51,98,46
DEV_005_2024-10-06 11:00:00,2024-10-06 11:00:00,DEV_005,74,77,99
DEV_005_2024-10-06 12:00:00,2024-10-06 12:00:00,DEV_005,60,21,21
DEV_005_2024-10-06 13:00:00,2024-10-06 13:00:00,DEV_005,48,3,37
DEV_005_2024-10-06 14:00:00,2024-10-06 14:00:00,DEV_005,7,63,10
DEV_005_2024-10-06 15:00:00,2024-10-06 15:00:00,DEV_005,90,26,61
DEV_005_2024-10-06 16:00:00,2024-10-06 16:00:00,DEV_005,9,24,43
DEV_005_2024-10-06 17:00:00,2024-10-06 17:00:00,DEV_005,70,15,42
DEV_005_2024-10-06 18:00:00,2024-10-06 18:00:00,DEV_005,70,59,28
DEV_005_2024-10-06 19:00:00,2024-10-06 19:00:00,DEV_005,8,1,63
DEV_005_2024-10-06 20:00:00,2024-10-06 20:00:00,DEV_005,55,52,83
DEV_005_2024-10-06 21:00:00,2024-10-06 21:00:00,DEV_005,74,37,71
DEV_005_2024-10-06 22:00:00,2024-10-06 22:00:00,DEV_005,32,37,60
DEV_005_2024-10-06 23:00:00,2024-10-06 23:00:00,DEV_005,11,77,96
DEV_005_2024-10-07 00:00:00,2024-10-07 00:00:00,DEV_005,20,25,69
DEV_005_2024-10-07 01:00:00,2024-10-07 01:00:00,DEV_005,28,71,87
DEV_005_2024-10-07 02:00:00,2024-10-07 02:00:00,DEV_005,22,4,87
DEV_005_2024-10-07 03:00:00,2024-10-07 03:00:00,DEV_005,35,19,16
DEV_005_2024-10-07 04:00:00,2024-10-07 04:00:00,DEV_005,69,42,9
DEV_005_2024-10-07 05:00:00,2024-10-07 05:00:00,DEV_005,33,19,92
DEV_005_2024-10-07 06:00:00,2024-10-07 06:00:00,DEV_005,38,34,83
DEV_005_2024-10-07 07:00:00,2024-10-07 07:00:00,DEV_005,72,29,70
DEV_005_2024-10-07 08:00:00,2024-10-07 08:00:00,DEV_005,70,76,74
DEV_005_2024-10-07 09:00:00,2024-10-07 09:00:00,DEV_005,1,75,1
DEV_005_2024-10-07 10:00:00,2024-10-07 10:00:00,DEV_005,96,54,80
DEV_005_2024-10-07 11:00:00,2024-10-07 11:00:00,DEV_005,99,67,33
DEV_005_2024-10-07 12:00:00,2024-10-07 12:00:00,DEV_005,84,16,80
DEV_005_2024-10-07 13:00:00,2024-10-07 13:00:00,DEV_005,90,58,59
DEV_005_2024-10-07 14:00:00,2024-10-07 14:00:00,DEV_005,61,55,29
DEV_005_2024-10-07 15:00:00,2024-10-07 15:00:00,DEV_005,49,42,51
DEV_005_2024-10-07 16:00:00,2024-10-07 16:00:00,DEV_005,48,25,74
DEV_005_2024-10-07 17:00:00,2024-10-07 17:00:00,DEV_005,41,52,38
DEV_005_2024-10-07 18:00:00,2024-10-07 18:00:00,DEV_005,61,5,7
DEV_005_2024-10-07 19:00:00,2024-10-07 19:00:00,DEV_005,71,79,77
DEV_005_2024-10-07 20:00:00,2024-10-07 20:00:00,DEV_005,38,10,78
DEV_005_2024-10-07 21:00:00,2024-10-07 21:00:00,DEV_005,64,11,5
DEV_005_2024-10-07 22:00:00,2024-10-07 22:00:00,DEV_005,29,54,79
DEV_005_2024-10-07 23:00:00,2024-10-07 23:00:00,DEV_005,8,10,13
DEV_005_2024-10-08 00:00:00,2024-10-08 00:00:00,DEV_005,73,46,17
DEV_005_2024-10-08 01:00:00,2024-10-08 01:00:00,DEV_005,99,15,66
DEV_005_2024-10-08 02:00:00,2024-10-08 02:00:00,DEV_005,57,78,71
DEV_005_2024-10-08 03:00:00,2024-10-08 03:00:00,DEV_005,1,27,11
DEV_005_2024-10-08 04:00:00,2024-10-08 04:00:00,DEV_005,19,88,29
DEV_005_2024-10-08 05:00:00,2024-10-08 05:00:00,DEV_005,71,23,13
DEV_005_2024-10-08 06:00:00,2024-10-08 06:00:00,DEV_005,98,3,65
DEV_005_2024-10-08 07:00:00,2024-10-08 07:00:00,DEV_005,67,13,53
DEV_005_2024-10-08 08:00:00,2024-10-08 08:00:00,DEV_005,47,26,82
DEV_005_2024-10-08 09:00:00,2024-10-08 09:00:00,DEV_005,52,93,98
DEV_005_2024-10-08 10:00:00,2024-10-08 10:00:00,DEV_005,77,71,3
DEV_005_2024-10-08 11:00:00,2024-10-08 11:00:00,DEV_005,42,91,23
DEV_005_2024-10-08 12:00:00,2024-10-08 12:00:00,DEV_005,60,46,22
DEV_005_2024-10-08 13:00:00,2024-10-08 13:00:00,DEV_005,1,62,11
DEV_005_2024-10-08 14:00:00,2024-10-08 14:00:00,DEV_005,55,68,60
DEV_005_2024-10-08 15:00:00,2024-10-08 15:00:00,DEV_005,75,56,62
DEV_005_2024-10-08 16:00:00,2024-10-08 16:00:00,DEV_005,17,64,18
DEV_005_2024-10-08 17:00:00,2024-10-08 17:00:00,DEV_005,53,90,4
DEV_005_2024-10-08 18:00:00,2024-10-08 18:00:00,DEV_005,82,47,63
DEV_005_2024-10-08 19:00:00,2024-10-08 19:00:00,DEV_005,51,11,10
DEV_005_2024-10-08 20:00:00,2024-10-08 20:00:00,DEV_005,9,31,91
DEV_005_2024-10-08 21:00:00,2024-10-08 21:00:00,DEV_005,7,83,44
DEV_005_2024-10-08 22:00:00,2024-10-08 22:00:00,DEV_005,32,50,17
DEV_005_2024-10-08 23:00:00,2024-10-08 23:00:00,DEV_005,98,31,31
DEV_005_2024-10-09 00:00:00,2024-10-09 00:00:00,DEV_005,83,62,4
DEV_005_2024-10-09 01:00:00,2024-10-09 01:00:00,DEV_005,57,94,98
DEV_005_2024-10-09 02:00:00,2024-10-09 02:00:00,DEV_005,11,21,22
DEV_005_2024-10-09 03:00:00,2024-10-09 03:00:00,DEV_005,28,31,58
DEV_005_2024-10-09 04:00:00,2024-10-09 04:00:00,DEV_005,56,33,48
DEV_005_2024-10-09 05:00:00,2024-10-09 05:00:00,DEV_005,20,2,59
DEV_005_2024-10-09 06:00:00,2024-10-09 06:00:00,DEV_005,67,93,74
DEV_005_2024-10-09 07:00:00,2024-10-09 07:00:00,DEV_005,78,57,72
DEV_005_2024-10-09 08:00:00,2024-10-09 08:00:00,DEV_005,63,66,14
DEV_005_2024-10-09 09:00:00,2024-10-09 09:00:00,DEV_005,74,26,63
DEV_005_2024-10-09 10:00:00,2024-10-09 10:00:00,DEV_005,27,85,30
DEV_005_2024-10-09 11:00:00,2024-10-09 11:00:00,DEV_005,78,5,15
DEV_005_2024-10-09 12:00:00,2024-10-09 12:00:00,DEV_005,56,62,58
DEV_005_2024-10-09 13:00:00,2024-10-09 13:00:00,DEV_005,56,12,11
DEV_005_2024-10-09 14:00:00,2024-10-09 14:00:00,DEV_005,13,76,19
DEV_005_2024-10-09 15:00:00,2024-10-09 15:00:00,DEV_005,99,52,46
DEV_005_2024-10-09 16:00:00,2024-10-09 16:00:00,DEV_005,59,95,28
DEV_005_2024-10-09 17:00:00,2024-10-09 17:00:00,DEV_005,71,16,2
DEV_005_2024-10-09 18:00:00,2024-10-09 18:00:00,DEV_005,32,6,87
DEV_005_2024-10-09 19:00:00,2024-10-09 19:00:00,DEV_005,94,14,57
DEV_005_2024-10-09 20:00:00,2024-10-09 20:00:00,DEV_005,16,61,13
DEV_005_2024-10-09 21:00:00,2024-10-09 21:00:00,DEV_005,69,74,94
DEV_005_2024-10-09 22:00:00,2024-10-09 22:00:00,DEV_005,60,15,51
DEV_005_2024-10-09 23:00:00,2024-10-09 23:00:00,DEV_005,96,70,20
DEV_005_2024-10-10 00:00:00,2024-10-10 00:00:00,DEV_005,69,55,64
DEV_005_2024-10-10 01:00:00,2024-10-10 01:00:00,DEV_005,8,74,29
DEV_005_2024-10-10 02:00:00,2024-10-10 02:00:00,DEV_005,80,51,7
DEV_005_2024-10-10 03:00:00,2024-10-10 03:00:00,DEV_005,82,31,93
DEV_005_2024-10-10 04:00:00,2024-10-10 04:00:00,DEV_005,2,84,71
DEV_005_2024-10-10 05:00:00,2024-10-10 05:00:00,DEV_005,26,55,50
DEV_005_2024-10-10 06:00:00,2024-10-10 06:00:00,DEV_005,14,53,22
DEV_005_2024-10-10 07:00:00,2024-10-10 07:00:00,DEV_005,48,15,41
DEV_005_2024-10-10 08:00:00,2024-10-10 08:00:00,DEV_005,20,90,48
DEV_005_2024-10-10 09:00:00,2024-10-10 09:00:00,DEV_005,21,31,46
DEV_005_2024-10-10 10:00:00,2024-10-10 10:00:00,DEV_005,33,40,69
DEV_005_2024-10-10 11:00:00,2024-10-10 11:00:00,DEV_005,94,33,60
DEV_005_2024-10-10 12:00:00,2024-10-10 12:00:00,DEV_005,23,21,39
DEV_005_2024-10-10 13:00:00,2024-10-10 13:00:00,DEV_005,31,94,71
DEV_005_2024-10-10 14:00:00,2024-10-10 14:00:00,DEV_005,20,65,16
DEV_005_2024-10-10 15:00:00,2024-10-10 15:00:00,DEV_005,37,24,45
DEV_005_2024-10-10 16:00:00,2024-10-10 16:00:00,DEV_005,34,84,83
DEV_005_2024-10-10 17:00:00,2024-10-10 17:00:00,DEV_005,8,75,96
DEV_005_2024-10-10 18:00:00,2024-10-10 18:00:00,DEV_005,67,58,51
DEV_005_2024-10-10 19:00:00,2024-10-10 19:00:00,DEV_005,40,19,63
DEV_005_2024-10-10 20:00:00,2024-10-10 20:00:00,DEV_005,90,52,4
DEV_005_2024-10-10 21:00:00,2024-10-10 21:00:00,DEV_005,89,33,78
DEV_005_2024-10-10 22:00:00,2024-10-10 22:00:00,DEV_005,71,26,16
DEV_005_2024-10-10 23:00:00,2024-10-10 23:00:00,DEV_005,51,12,95
DEV_005_2024-10-11 00:00:00,2024-10-11 00:00:00,DEV_005,88,8,12
DEV_005_2024-10-11 01:00:00,2024-10-11 01:00:00,DEV_005,36,78,83
DEV_005_2024-10-11 02:00:00,2024-10-11 02:00:00,DEV_005,74,80,75
DEV_005_2024-10-11 03:00:00,2024-10-11 03:00:00,DEV_005,48,33,8
DEV_005_2024-10-11 04:00:00,2024-10-11 04:00:00,DEV_005,27,30,12
DEV_005_2024-10-11 05:00:00,2024-10-11 05:00:00,DEV_005,92,13,73
DEV_005_2024-10-11 06:00:00,2024-10-11 06:00:00,DEV_005,89,25,44
DEV_005_2024-10-11 07:00:00,2024-10-11 07:00:00,DEV_005,80,74,89
DEV_005_2024-10-11 08:00:00,2024-10-11 08:00:00,DEV_005,6,40,59
DEV_005_2024-10-11 09:00:00,2024-10-11 09:00:00,DEV_005,31,1,14
DEV_005_2024-10-11 10:00:00,2024-10-11 10:00:00,DEV_005,78,78,47
DEV_005_2024-10-11 11:00:00,2024-10-11 11:00:00,DEV_005,96,55,89
DEV_005_2024-10-11 12:00:00,2024-10-11 12:00:00,DEV_005,16,52,74
DEV_005_2024-10-11 13:00:00,2024-10-11 13:00:00,DEV_005,53,48,14
DEV_005_2024-10-11 14:00:00,2024-10-11 14:00:00,DEV_005,90,41,96
DEV_005_2024-10-11 15:00:00,2024-10-11 15:00:00,DEV_005,49,51,12
DEV_005_2024-10-11 16:00:00,2024-10-11 16:00:00,DEV_005,9,82,66
DEV_005_2024-10-11 17:00:00,2024-10-11 17:00:00,DEV_005,5,66,86
DEV_005_2024-10-11 18:00:00,2024-10-11 18:00:00,DEV_005,2,66,89
DEV_005_2024-10-11 19:00:00,2024-10-11 19:00:00,DEV_005,21,28,59
DEV_005_2024-10-11 20:00:00,2024-10-11 20:00:00,DEV_005,45,76,52
DEV_005_2024-10-11 21:00:00,2024-10-11 21:00:00,DEV_005,45,30,77
DEV_005_2024-10-11 22:00:00,2024-10-11 22:00:00,DEV_005,89,68,15
DEV_005_2024-10-11 23:00:00,2024-10-11 23:00:00,DEV_005,32,1,57
DEV_005_2024-10-12 00:00:00,2024-10-12 00:00:00,DEV_005,92,54,22
DEV_005_2024-10-12 01:00:00,2024-10-12 01:00:00,DEV_005,31,95,8
DEV_005_2024-10-12 02:00:00,2024-10-12 02:00:00,DEV_005,96,92,77
DEV_005_2024-10-12 03:00:00,2024-10-12 03:00:00,DEV_005,63,99,15
DEV_005_2024-10-12 04:00:00,2024-10-12 04:00:00,DEV_005,77,93,47
DEV_005_2024-10-12 05:00:00,2024-10-12 05:00:00,DEV_005,56,94,64
DEV_005_2024-10-12 06:00:00,2024-10-12 06:00:00,DEV_005,24,15,31
DEV_005_2024-10-12 07:00:00,2024-10-12 07:00:00,DEV_005,89,64,40
DEV_005_2024-10-12 08:00:00,2024-10-12 08:00:00,DEV_005,83,39,56
DEV_005_2024-10-12 09:00:00,2024-10-12 09:00:00,DEV_005,9,2,47
DEV_005_2024-10-12 10:00:00,2024-10-12 10:00:00,DEV_005,74,60,14
DEV_005_2024-10-12 11:00:00,2024-10-12 11:00:00,DEV_005,64,47,2
DEV_005_2024-10-12 12:00:00,2024-10-12 12:00:00,DEV_005,99,49,11
DEV_005_2024-10-12 13:00:00,2024-10-12 13:00:00,DEV_005,22,9,49
DEV_005_2024-10-12 14:00:00,2024-10-12 14:00:00,DEV_005,45,42,44
DEV_005_2024-10-12 15:00:00,2024-10-12 15:00:00,DEV_005,64,62,70
DEV_005_2024-10-12 16:00:00,2024-10-12 16:00:00,DEV_005,77,97,35
DEV_005_2024-10-12 17:00:00,2024-10-12 17:00:00,DEV_005,51,5,56
DEV_005_2024-10-12 18:00:00,2024-10-12 18:00:00,DEV_005,99,38,36
DEV_005_2024-10-12 19:00:00,2024-10-12 19:00:00,DEV_005,8,84,18
DEV_005_2024-10-12 20:00:00,2024-10-12 20:00:00,DEV_005,74,50,92
DEV_005_2024-10-12 21:00:00,2024-10-12 21:00:00,DEV_005,60,66,25
DEV_005_2024-10-12 22:00:00,2024-10-12 22:00:00,DEV_005,65,50,91
DEV_005_2024-10-12 23:00:00,2024-10-12 23:00:00,DEV_005,71,98,59
DEV_005_2024-10-13 00:00:00,2024-10-13 00:00:00,DEV_005,42,74,35
DEV_005_2024-10-13 01:00:00,2024-10-13 01:00:00,DEV_005,74,61,16
DEV_005_2024-10-13 02:00:00,2024-10-13 02:00:00,DEV_005,84,57,98
DEV_005_2024-10-13 03:00:00,2024-10-13 03:00:00,DEV_005,53,57,10
DEV_005_2024-10-13 04:00:00,2024-10-13 04:00:00,DEV_005,73,47,88
DEV_005_2024-10-13 05:00:00,2024-10-13 05:00:00,DEV_005,5,69,77
DEV_005_2024-10-13 06:00:00,2024-10-13 06:00:00,DEV_005,46,6,92
DEV_005_2024-10-13 07:00:00,2024-10-13 07:00:00,DEV_005,61,5,2
DEV_005_2024-10-13 08:00:00,2024-10-13 08:00:00,DEV_005,49,28,61
DEV_005_2024-10-13 09:00:00,2024-10-13 09:00:00,DEV_005,83,44,4
DEV_005_2024-10-13 10:00:00,2024-10-13 10:00:00,DEV_005,57,28,90
DEV_005_2024-10-13 11:00:00,2024-10-13 11:00:00,DEV_005,86,52,22
DEV_005_2024-10-13 12:00:00,2024-10-13 12:00:00,DEV_005,50,82,10
DEV_005_2024-10-13 13:00:00,2024-10-13 13:00:00,DEV_005,53,36,62
DEV_005_2024-10-13 14:00:00,2024-10-13 14:00:00,DEV_005,9,22,86
DEV_005_2024-10-13 15:00:00,2024-10-13 15:00:00,DEV_005,26,66,56
DEV_005_2024-10-13 16:00:00,2024-10-13 16:00:00,DEV_005,6,14,25
DEV_005_2024-10-13 17:00:00,2024-10-13 17:00:00,DEV_005,48,90,83
DEV_005_2024-10-13 18:00:00,2024-10-13 18:00:00,DEV_005,40,34,6
DEV_005_2024-10-13 19:00:00,2024-10-13 19:00:00,DEV_005,2,84,5
DEV_005_2024-10-13 20:00:00,2024-10-13 20:00:00,DEV_005,91,15,9
DEV_005_2024-10-13 21:00:00,2024-10-13 21:00:00,DEV_005,90,7,25
DEV_005_2024-10-13 22:00:00,2024-10-13 22:00:00,DEV_005,37,28,45
DEV_005_2024-10-13 23:00:00,2024-10-13 23:00:00,DEV_005,1,68,38
DEV_005_2024-10-14 00:00:00,2024-10-14 00:00:00,DEV_005,46,92,11
DEV_005_2024-10-14 01:00:00,2024-10-14 01:00:00,DEV_005,24,97,10
DEV_005_2024-10-14 02:00:00,2024-10-14 02:00:00,DEV_005,77,2,34
DEV_005_2024-10-14 03:00:00,2024-10-14 03:00:00,DEV_005,73,1,35
DEV_005_2024-10-14 04:00:00,2024-10-14 04:00:00,DEV_005,68,56,27
DEV_005_2024-10-14 05:00:00,2024-10-14 05:00:00,DEV_005,93,2,3
DEV_005_2024-10-14 06:00:00,2024-10-14 06:00:00,DEV_005,54,18,83
DEV_005_2024-10-14 07:00:00,2024-10-14 07:00:00,DEV_005,10,87,48
DEV_005_2024-10-14 08:00:00,2024-10-14 08:00:00,DEV_005,20,29,5
DEV_005_2024-10-14 09:00:00,2024-10-14 09:00:00,DEV_005,29,86,76
DEV_005_2024-10-14 10:00:00,2024-10-14 10:00:00,DEV_005,13,89,23
DEV_005_2024-10-14 11:00:00,2024-10-14 11:00:00,DEV_005,94,86,45
DEV_005_2024-10-14 12:00:00,2024-10-14 12:00:00,DEV_005,70,1,6
DEV_005_2024-10-14 13:00:00,2024-10-14 13:00:00,DEV_005,89,74,43
DEV_005_2024-10-14 14:00:00,2024-10-14 14:00:00,DEV_005,73,82,49
DEV_005_2024-10-14 15:00:00,2024-10-14 15:00:00,DEV_005,32,48,58
DEV_005_2024-10-14 16:00:00,2024-10-14 16:00:00,DEV_005,34,73,36
DEV_005_2024-10-14 17:00:00,2024-10-14 17:00:00,DEV_005,51,68,51
DEV_005_2024-10-14 18:00:00,2024-10-14 18:00:00,DEV_005,95,87,6
DEV_005_2024-10-14 19:00:00,2024-10-14 19:00:00,DEV_005,73,85,95
DEV_005_2024-10-14 20:00:00,2024-10-14 20:00:00,DEV_005,45,39,89
DEV_005_2024-10-14 21:00:00,2024-10-14 21:00:00,DEV_005,19,82,21
DEV_005_2024-10-14 22:00:00,2024-10-14 22:00:00,DEV_005,87,77,69
DEV_005_2024-10-14 23:00:00,2024-10-14 23:00:00,DEV_005,82,89,55
DEV_005_2024-10-15 00:00:00,2024-10-15 00:00:00,DEV_005,12,69,12
DEV_005_2024-10-15 01:00:00,2024-10-15 01:00:00,DEV_005,1,49,29
DEV_005_2024-10-15 02:00:00,2024-10-15 02:00:00,DEV_005,90,97,49
DEV_005_2024-10-15 03:00:00,2024-10-15 03:00:00,DEV_005,17,99,35
DEV_005_2024-10-15 04:00:00,2024-10-15 04:00:00,DEV_005,63,4,21
DEV_005_2024-10-15 05:00:00,2024-10-15 05:00:00,DEV_005,35,55,73
DEV_005_2024-10-15 06:00:00,2024-10-15 06:00:00,DEV_005,53,72,4
DEV_005_2024-10-15 07:00:00,2024-10-15 07:00:00,DEV_005,49,72,23
DEV_005_2024-10-15 08:00:00,2024-10-15 08:00:00,DEV_005,42,86,66
DEV_005_2024-10-15 09:00:00,2024-10-15 09:00:00,DEV_005,36,78,22
DEV_005_2024-10-15 10:00:00,2024-10-15 10:00:00,DEV_005,33,52,23
DEV_005_2024-10-15 11:00:00,2024-10-15 11:00:00,DEV_005,23,13,1
DEV_005_2024-10-15 12:00:00,2024-10-15 12:00:00,DEV_005,83,34,38
DEV_005_2024-10-15 13:00:00,2024-10-15 13:00:00,DEV_005,24,65,69
DEV_005_2024-10-15 14:00:00,2024-10-15 14:00:00,DEV_005,7,62,28
DEV_005_2024-10-15 15:00:00,2024-10-15 15:00:00,DEV_005,1,13,51
DEV_005_2024-10-15 16:00:00,2024-10-15 16:00:00,DEV_005,71,50,61
DEV_005_2024-10-15 17:00:00,2024-10-15 17:00:00,DEV_005,56,22,53
DEV_005_2024-10-15 18:00:00,2024-10-15 18:00:00,DEV_005,21,16,58
DEV_005_2024-10-15 19:00:00,2024-10-15 19:00:00,DEV_005,77,15,53
DEV_005_2024-10-15 20:00:00,2024-10-15 20:00:00,DEV_005,20,95,53
DEV_005_2024-10-15 21:00:00,2024-10-15 21:00:00,DEV_005,23,85,83
DEV_005_2024-10-15 22:00:00,2024-10-15 22:00:00,DEV_005,57,20,31
DEV_005_2024-10-15 23:00:00,2024-10-15 23:00:00,DEV_005,48,9,5
DEV_005_2024-10-16 00:00:00,2024-10-16 00:00:00,DEV_005,14,39,49
DEV_005_2024-10-16 01:00:00,2024-10-16 01:00:00,DEV_005,10,32,64
DEV_005_2024-10-16 02:00:00,2024-10-16 02:00:00,DEV_005,70,60,27
DEV_005_2024-10-16 03:00:00,2024-10-16 03:00:00,DEV_005,2,84,84
DEV_005_2024-10-16 04:00:00,2024-10-16 04:00:00,DEV_005,41,51,67
DEV_005_2024-10-16 05:00:00,2024-10-16 05:00:00,DEV_005,97,61,8
DEV_005_2024-10-16 06:00:00,2024-10-16 06:00:00,DEV_005,6,57,56
DEV_005_2024-10-16 07:00:00,2024-10-16 07:00:00,DEV_005,22,78,90
DEV_005_2024-10-16 08:00:00,2024-10-16 08:00:00,DEV_005,50,36,37
DEV_005_2024-10-16 09:00:00,2024-10-16 09:00:00,DEV_005,62,29,65
DEV_005_2024-10-16 10:00:00,2024-10-16 10:00:00,DEV_005,98,77,7
DEV_005_2024-10-16 11:00:00,2024-10-16 11:00:00,DEV_005,9,81,86
DEV_005_2024-10-16 12:00:00,2024-10-16 12:00:00,DEV_005,11,61,4
DEV_005_2024-10-16 13:00:00,2024-10-16 13:00:00,DEV_005,62,63,40
DEV_005_2024-10-16 14:00:00,2024-10-16 14:00:00,DEV_005,94,21,82
DEV_005_2024-10-16 15:00:00,2024-10-16 15:00:00,DEV_005,25,42,83
DEV_005_2024-10-16 16:00:00,2024-10-16 16:00:00,DEV_005,49,29,61
DEV_005_2024-10-16 17:00:00,2024-10-16 17:00:00,DEV_005,80,10,41
DEV_005_2024-10-16 18:00:00,2024-10-16 18:00:00,DEV_005,46,97,59
DEV_005_2024-10-16 19:00:00,2024-10-16 19:00:00,DEV_005,86,69,58
DEV_005_2024-10-16 20:00:00,2024-10-16 20:00:00,DEV_005,4,41,17
DEV_005_2024-10-16 21:00:00,2024-10-16 21:00:00,DEV_005,54,64,92
DEV_005_2024-10-16 22:00:00,2024-10-16 22:00:00,DEV_005,47,79,98
DEV_005_2024-10-16 23:00:00,2024-10-16 23:00:00,DEV_005,72,55,41
DEV_005_2024-10-17 00:00:00,2024-10-17 00:00:00,DEV_005,13,84,50
DEV_005_2024-10-17 01:00:00,2024-10-17 01:00:00,DEV_005,40,58,33
DEV_005_2024-10-17 02:00:00,2024-10-17 02:00:00,DEV_005,32,82,45
DEV_005_2024-10-17 03:00:00,2024-10-17 03:00:00,DEV_005,85,11,75
DEV_005_2024-10-17 04:00:00,2024-10-17 04:00:00,DEV_005,73,80,28
DEV_005_2024-10-17 05:00:00,2024-10-17 05:00:00,DEV_005,86,39,32
DEV_005_2024-10-17 06:00:00,2024-10-17 06:00:00,DEV_005,86,60,3
DEV_005_2024-10-17 07:00:00,2024-10-17 07:00:00,DEV_005,94,75,87
DEV_005_2024-10-17 08:00:00,2024-10-17 08:00:00,DEV_005,77,26,26
DEV_005_2024-10-17 09:00:00,2024-10-17 09:00:00,DEV_005,19,97,85
DEV_005_2024-10-17 10:00:00,2024-10-17 10:00:00,DEV_005,99,60,88
DEV_005_2024-10-17 11:00:00,2024-10-17 11:00:00,DEV_005,46,22,14
DEV_005_2024-10-17 12:00:00,2024-10-17 12:00:00,DEV_005,35,5,86
DEV_005_2024-10-17 13:00:00,2024-10-17 13:00:00,DEV_005,89,98,34
DEV_005_2024-10-17 14:00:00,2024-10-17 14:00:00,DEV_005,41,79,10
DEV_005_2024-10-17 15:00:00,2024-10-17 15:00:00,DEV_005,55,47,11
DEV_005_2024-10-17 16:00:00,2024-10-17 16:00:00,DEV_005,68,72,75
DEV_005_2024-10-17 17:00:00,2024-10-17 17:00:00,DEV_005,93,52,90
DEV_005_2024-10-17 18:00:00,2024-10-17 18:00:00,DEV_005,31,25,34
DEV_005_2024-10-17 19:00:00,2024-10-17 19:00:00,DEV_005,75,27,77
DEV_005_2024-10-17 20:00:00,2024-10-17 20:00:00,DEV_005,65,74,13
DEV_005_2024-10-17 21:00:00,2024-10-17 21:00:00,DEV_005,38,66,65
DEV_005_2024-10-17 22:00:00,2024-10-17 22:00:00,DEV_005,2,32,76
DEV_005_2024-10-17 23:00:00,2024-10-17 23:00:00,DEV_005,39,33,36
DEV_005_2024-10-18 00:00:00,2024-10-18 00:00:00,DEV_005,21,5,80
DEV_005_2024-10-18 01:00:00,2024-10-18 01:00:00,DEV_005,14,54,12
DEV_005_2024-10-18 02:00:00,2024-10-18 02:00:00,DEV_005,35,67,20
DEV_005_2024-10-18 03:00:00,2024-10-18 03:00:00,DEV_005,73,72,59
DEV_005_2024-10-18 04:00:00,2024-10-18 04:00:00,DEV_005,17,56,32
DEV_005_2024-10-18 05:00:00,2024-10-18 05:00:00,DEV_005,92,77,15
DEV_005_2024-10-18 06:00:00,2024-10-18 06:00:00,DEV_005,43,92,22
DEV_005_2024-10-18 07:00:00,2024-10-18 07:00:00,DEV_005,66,11,41
DEV_005_2024-10-18 08:00:00,2024-10-18 08:00:00,DEV_005,94,84,46
DEV_005_2024-10-18 09:00:00,2024-10-18 09:00:00,DEV_005,9,39,66
DEV_005_2024-10-18 10:00:00,2024-10-18 10:00:00,DEV_005,99,73,49
DEV_005_2024-10-18 11:00:00,2024-10-18 11:00:00,DEV_005,42,78,14
DEV_005_2024-10-18 12:00:00,2024-10-18 12:00:00,DEV_005,64,65,12
DEV_005_2024-10-18 13:00:00,2024-10-18 13:00:00,DEV_005,99,89,71
DEV_005_2024-10-18 14:00:00,2024-10-18 14:00:00,DEV_005,45,99,75
DEV_005_2024-10-18 15:00:00,2024-10-18 15:00:00,DEV_005,7,23,88
DEV_005_2024-10-18 16:00:00,2024-10-18 16:00:00,DEV_005,61,65,55
DEV_005_2024-10-18 17:00:00,2024-10-18 17:00:00,DEV_005,36,43,10
DEV_005_2024-10-18 18:00:00,2024-10-18 18:00:00,DEV_005,13,63,58
DEV_005_2024-10-18 19:00:00,2024-10-18 19:00:00,DEV_005,31,43,75
DEV_005_2024-10-18 20:00:00,2024-10-18 20:00:00,DEV_005,96,23,95
DEV_005_2024-10-18 21:00:00,2024-10-18 21:00:00,DEV_005,35,59,94
DEV_005_2024-10-18 22:00:00,2024-10-18 22:00:00,DEV_005,78,55,28
DEV_005_2024-10-18 23:00:00,2024-10-18 23:00:00,DEV_005,78,85,48
DEV_005_2024-10-19 00:00:00,2024-10-19 00:00:00,DEV_005,19,16,39
DEV_005_2024-10-19 01:00:00,2024-10-19 01:00:00,DEV_005,99,67,5
DEV_005_2024-10-19 02:00:00,2024-10-19 02:00:00,DEV_005,37,26,92
DEV_005_2024-10-19 03:00:00,2024-10-19 03:00:00,DEV_005,28,77,55
DEV_005_2024-10-19 04:00:00,2024-10-19 04:00:00,DEV_005,26,34,68
DEV_005_2024-10-19 05:00:00,2024-10-19 05:00:00,DEV_005,86,97,7
DEV_005_2024-10-19 06:00:00,2024-10-19 06:00:00,DEV_005,73,85,81
DEV_005_2024-10-19 07:00:00,2024-10-19 07:00:00,DEV_005,34,45,44
DEV_005_2024-10-19 08:00:00,2024-10-19 08:00:00,DEV_005,5,45,40
DEV_005_2024-10-19 09:00:00,2024-10-19 09:00:00,DEV_005,74,25,10
DEV_005_2024-10-19 10:00:00,2024-10-19 10:00:00,DEV_005,36,44,21
DEV_005_2024-10-19 11:00:00,2024-10-19 11:00:00,DEV_005,77,83,21
DEV_005_2024-10-19 12:00:00,2024-10-19 12:00:00,DEV_005,39,94,76
DEV_005_2024-10-19 13:00:00,2024-10-19 13:00:00,DEV_005,42,38,4
DEV_005_2024-10-19 14:00:00,2024-10-19 14:00:00,DEV_005,88,46,45
DEV_005_2024-10-19 15:00:00,2024-10-19 15:00:00,DEV_005,95,54,89
DEV_005_2024-10-19 16:00:00,2024-10-19 16:00:00,DEV_005,19,18,38
DEV_005_2024-10-19 17:00:00,2024-10-19 17:00:00,DEV_005,18,55,88
DEV_005_2024-10-19 18:00:00,2024-10-19 18:00:00,DEV_005,47,5,27
DEV_005_2024-10-19 19:00:00,2024-10-19 19:00:00,DEV_005,23,5,9
DEV_005_2024-10-19 20:00:00,2024-10-19 20:00:00,DEV_005,71,1,76
DEV_005_2024-10-19 21:00:00,2024-10-19 21:00:00,DEV_005,37,27,91
DEV_005_2024-10-19 22:00:00,2024-10-19 22:00:00,DEV_005,38,59,42
DEV_005_2024-10-19 23:00:00,2024-10-19 23:00:00,DEV_005,72,80,21
DEV_005_2024-10-20 00:00:00,2024-10-20 00:00:00,DEV_005,13,88,34
DEV_005_2024-10-20 01:00:00,2024-10-20 01:00:00,DEV_005,17,89,49
DEV_005_2024-10-20 02:00:00,2024-10-20 02:00:00,DEV_005,76,89,24
DEV_005_2024-10-20 03:00:00,2024-10-20 03:00:00,DEV_005,86,56,45
DEV_005_2024-10-20 04:00:00,2024-10-20 04:00:00,DEV_005,93,96,36
DEV_005_2024-10-20 05:00:00,2024-10-20 05:00:00,DEV_005,43,33,35
DEV_005_2024-10-20 06:00:00,2024-10-20 06:00:00,DEV_005,29,88,68
DEV_005_2024-10-20 07:00:00,2024-10-20 07:00:00,DEV_005,13,78,86
DEV_005_2024-10-20 08:00:00,2024-10-20 08:00:00,DEV_005,30,66,53
DEV_005_2024-10-20 09:00:00,2024-10-20 09:00:00,DEV_005,42,94,27
DEV_005_2024-10-20 10:00:00,2024-10-20 10:00:00,DEV_005,67,26,61
DEV_005_2024-10-20 11:00:00,2024-10-20 11:00:00,DEV_005,43,77,93
DEV_005_2024-10-20 12:00:00,2024-10-20 12:00:00,DEV_005,24,85,91
DEV_005_2024-10-20 13:00:00,2024-10-20 13:00:00,DEV_005,11,30,3
DEV_005_2024-10-20 14:00:00,2024-10-20 14:00:00,DEV_005,99,74,87
DEV_005_2024-10-20 15:00:00,2024-10-20 15:00:00,DEV_005,99,8,29
DEV_005_2024-10-20 16:00:00,2024-10-20 16:00:00,DEV_005,48,37,26
DEV_005_2024-10-20 17:00:00,2024-10-20 17:00:00,DEV_005,12,19,27
DEV_005_2024-10-20 18:00:00,2024-10-20 18:00:00,DEV_005,53,21,28
DEV_005_2024-10-20 19:00:00,2024-10-20 19:00:00,DEV_005,71,58,63
DEV_005_2024-10-20 20:00:00,2024-10-20 20:00:00,DEV_005,75,27,78
DEV_005_2024-10-20 21:00:00,2024-10-20 21:00:00,DEV_005,70,49,71
DEV_005_2024-10-20 22:00:00,2024-10-20 22:00:00,DEV_005,44,99,58
DEV_005_2024-10-20 23:00:00,2024-10-20 23:00:00,DEV_005,41,9,79
DEV_005_2024-10-21 00:00:00,2024-10-21 00:00:00,DEV_005,68,42,96
DEV_005_2024-10-21 01:00:00,2024-10-21 01:00:00,DEV_005,57,73,13
DEV_005_2024-10-21 02:00:00,2024-10-21 02:00:00,DEV_005,78,94,65
DEV_005_2024-10-21 03:00:00,2024-10-21 03:00:00,DEV_005,49,71,28
DEV_005_2024-10-21 04:00:00,2024-10-21 04:00:00,DEV_005,76,57,43
DEV_005_2024-10-21 05:00:00,2024-10-21 05:00:00,DEV_005,98,37,82
DEV_005_2024-10-21 06:00:00,2024-10-21 06:00:00,DEV_005,24,68,53
DEV_005_2024-10-21 07:00:00,2024-10-21 07:00:00,DEV_005,14,10,20
DEV_005_2024-10-21 08:00:00,2024-10-21 08:00:00,DEV_005,97,42,66
DEV_005_2024-10-21 09:00:00,2024-10-21 09:00:00,DEV_005,36,80,31
DEV_005_2024-10-21 10:00:00,2024-10-21 10:00:00,DEV_005,62,44,93
DEV_005_2024-10-21 11:00:00,2024-10-21 11:00:00,DEV_005,79,90,34
DEV_005_2024-10-21 12:00:00,2024-10-21 12:00:00,DEV_005,52,42,22
DEV_005_2024-10-21 13:00:00,2024-10-21 13:00:00,DEV_005,71,69,58
DEV_005_2024-10-21 14:00:00,2024-10-21 14:00:00,DEV_005,41,59,51
DEV_005_2024-10-21 15:00:00,2024-10-21 15:00:00,DEV_005,94,97,53
DEV_005_2024-10-21 16:00:00,2024-10-21 16:00:00,DEV_005,85,81,94
DEV_005_2024-10-21 17:00:00,2024-10-21 17:00:00,DEV_005,2,26,91
DEV_005_2024-10-21 18:00:00,2024-10-21 18:00:00,DEV_005,67,48,3
DEV_005_2024-10-21 19:00:00,2024-10-21 19:00:00,DEV_005,57,41,89
DEV_005_2024-10-21 20:00:00,2024-10-21 20:00:00,DEV_005,18,79,97
DEV_005_2024-10-21 21:00:00,2024-10-21 21:00:00,DEV_005,44,56,48
DEV_005_2024-10-21 22:00:00,2024-10-21 22:00:00,DEV_005,17,75,70
DEV_005_2024-10-21 23:00:00,2024-10-21 23:00:00,DEV_005,54,15,48
DEV_005_2024-10-22 00:00:00,2024-10-22 00:00:00,DEV_005,69,34,76
DEV_005_2024-10-22 01:00:00,2024-10-22 01:00:00,DEV_005,43,49,97
DEV_005_2024-10-22 02:00:00,2024-10-22 02:00:00,DEV_005,70,81,90
DEV_005_2024-10-22 03:00:00,2024-10-22 03:00:00,DEV_005,64,22,61
DEV_005_2024-10-22 04:00:00,2024-10-22 04:00:00,DEV_005,90,42,35
DEV_005_2024-10-22 05:00:00,2024-10-22 05:00:00,DEV_005,77,53,49
DEV_005_2024-10-22 06:00:00,2024-10-22 06:00:00,DEV_005,69,22,35
DEV_005_2024-10-22 07:00:00,2024-10-22 07:00:00,DEV_005,70,73,87
DEV_005_2024-10-22 08:00:00,2024-10-22 08:00:00,DEV_005,49,93,48
DEV_005_2024-10-22 09:00:00,2024-10-22 09:00:00,DEV_005,11,37,49
DEV_005_2024-10-22 10:00:00,2024-10-22 10:00:00,DEV_005,16,69,19
DEV_005_2024-10-22 11:00:00,2024-10-22 11:00:00,DEV_005,93,30,74
DEV_005_2024-10-22 12:00:00,2024-10-22 12:00:00,DEV_005,31,76,19
DEV_005_2024-10-22 13:00:00,2024-10-22 13:00:00,DEV_005,93,85,71
DEV_005_2024-10-22 14:00:00,2024-10-22 14:00:00,DEV_005,90,6,45
DEV_005_2024-10-22 15:00:00,2024-10-22 15:00:00,DEV_005,62,94,85
DEV_005_2024-10-22 16:00:00,2024-10-22 16:00:00,DEV_005,19,29,84
DEV_005_2024-10-22 17:00:00,2024-10-22 17:00:00,DEV_005,48,42,79
DEV_005_2024-10-22 18:00:00,2024-10-22 18:00:00,DEV_005,71,66,50
DEV_005_2024-10-22 19:00:00,2024-10-22 19:00:00,DEV_005,63,62,36
DEV_005_2024-10-22 20:00:00,2024-10-22 20:00:00,DEV_005,10,54,43
DEV_005_2024-10-22 21:00:00,2024-10-22 21:00:00,DEV_005,16,73,49
DEV_005_2024-10-22 22:00:00,2024-10-22 22:00:00,DEV_005,76,46,92
DEV_005_2024-10-22 23:00:00,2024-10-22 23:00:00,DEV_005,15,5,69
DEV_005_2024-10-23 00:00:00,2024-10-23 00:00:00,DEV_005,68,55,8
DEV_005_2024-10-23 01:00:00,2024-10-23 01:00:00,DEV_005,58,54,5
DEV_005_2024-10-23 02:00:00,2024-10-23 02:00:00,DEV_005,83,44,91
DEV_005_2024-10-23 03:00:00,2024-10-23 03:00:00,DEV_005,7,6,56
DEV_005_2024-10-23 04:00:00,2024-10-23 04:00:00,DEV_005,19,38,97
DEV_005_2024-10-23 05:00:00,2024-10-23 05:00:00,DEV_005,97,62,69
DEV_005_2024-10-23 06:00:00,2024-10-23 06:00:00,DEV_005,80,47,10
DEV_005_2024-10-23 07:00:00,2024-10-23 07:00:00,DEV_005,51,7,16
DEV_005_2024-10-23 08:00:00,2024-10-23 08:00:00,DEV_005,30,62,37
DEV_005_2024-10-23 09:00:00,2024-10-23 09:00:00,DEV_005,14,48,17
DEV_005_2024-10-23 10:00:00,2024-10-23 10:00:00,DEV_005,8,13,29
DEV_005_2024-10-23 11:00:00,2024-10-23 11:00:00,DEV_005,67,72,96
DEV_005_2024-10-23 12:00:00,2024-10-23 12:00:00,DEV_005,5,75,62
DEV_005_2024-10-23 13:00:00,2024-10-23 13:00:00,DEV_005,36,35,93
DEV_005_2024-10-23 14:00:00,2024-10-23 14:00:00,DEV_005,50,5,13
DEV_005_2024-10-23 15:00:00,2024-10-23 15:00:00,DEV_005,24,83,89
DEV_005_2024-10-23 16:00:00,2024-10-23 16:00:00,DEV_005,95,25,9
DEV_005_2024-10-23 17:00:00,2024-10-23 17:00:00,DEV_005,24,28,54
DEV_005_2024-10-23 18:00:00,2024-10-23 18:00:00,DEV_005,70,86,18
DEV_005_2024-10-23 19:00:00,2024-10-23 19:00:00,DEV_005,53,73,60
DEV_005_2024-10-23 20:00:00,2024-10-23 20:00:00,DEV_005,69,33,9
DEV_005_2024-10-23 21:00:00,2024-10-23 21:00:00,DEV_005,51,83,47
DEV_005_2024-10-23 22:00:00,2024-10-23 22:00:00,DEV_005,53,69,50
DEV_005_2024-10-23 23:00:00,2024-10-23 23:00:00,DEV_005,61,6,93
DEV_005_2024-10-24 00:00:00,2024-10-24 00:00:00,DEV_005,41,62,29
DEV_005_2024-10-24 01:00:00,2024-10-24 01:00:00,DEV_005,53,34,22
DEV_005_2024-10-24 02:00:00,2024-10-24 02:00:00,DEV_005,83,92,38
DEV_005_2024-10-24 03:00:00,2024-10-24 03:00:00,DEV_005,3,53,48
DEV_005_2024-10-24 04:00:00,2024-10-24 04:00:00,DEV_005,26,26,69
DEV_005_2024-10-24 05:00:00,2024-10-24 05:00:00,DEV_005,28,20,52
DEV_005_2024-10-24 06:00:00,2024-10-24 06:00:00,DEV_005,37,41,57
DEV_005_2024-10-24 07:00:00,2024-10-24 07:00:00,DEV_005,10,96,84
DEV_005_2024-10-24 08:00:00,2024-10-24 08:00:00,DEV_005,78,61,60
DEV_005_2024-10-24 09:00:00,2024-10-24 09:00:00,DEV_005,93,95,92
DEV_005_2024-10-24 10:00:00,2024-10-24 10:00:00,DEV_005,55,97,3
DEV_005_2024-10-24 11:00:00,2024-10-24 11:00:00,DEV_005,64,70,75
DEV_005_2024-10-24 12:00:00,2024-10-24 12:00:00,DEV_005,26,17,25
DEV_005_2024-10-24 13:00:00,2024-10-24 13:00:00,DEV_005,63,27,13
DEV_005_2024-10-24 14:00:00,2024-10-24 14:00:00,DEV_005,14,79,20
DEV_005_2024-10-24 15:00:00,2024-10-24 15:00:00,DEV_005,49,88,43
DEV_005_2024-10-24 16:00:00,2024-10-24 16:00:00,DEV_005,73,53,90
DEV_005_2024-10-24 17:00:00,2024-10-24 17:00:00,DEV_005,86,84,77
DEV_005_2024-10-24 18:00:00,2024-10-24 18:00:00,DEV_005,7,99,23
DEV_005_2024-10-24 19:00:00,2024-10-24 19:00:00,DEV_005,63,99,25
DEV_005_2024-10-24 20:00:00,2024-10-24 20:00:00,DEV_005,2,98,90
DEV_005_2024-10-24 21:00:00,2024-10-24 21:00:00,DEV_005,92,61,23
DEV_005_2024-10-24 22:00:00,2024-10-24 22:00:00,DEV_005,31,13,54
DEV_005_2024-10-24 23:00:00,2024-10-24 23:00:00,DEV_005,83,39,11
DEV_005_2024-10-25 00:00:00,2024-10-25 00:00:00,DEV_005,66,94,30
DEV_005_2024-10-25 01:00:00,2024-10-25 01:00:00,DEV_005,65,11,73
DEV_005_2024-10-25 02:00:00,2024-10-25 02:00:00,DEV_005,52,95,58
DEV_005_2024-10-25 03:00:00,2024-10-25 03:00:00,DEV_005,93,14,78
DEV_005_2024-10-25 04:00:00,2024-10-25 04:00:00,DEV_005,64,9,48
DEV_005_2024-10-25 05:00:00,2024-10-25 05:00:00,DEV_005,1,40,58
DEV_005_2024-10-25 06:00:00,2024-10-25 06:00:00,DEV_005,62,90,87
DEV_005_2024-10-25 07:00:00,2024-10-25 07:00:00,DEV_005,70,91,85
DEV_005_2024-10-25 08:00:00,2024-10-25 08:00:00,DEV_005,58,37,47
DEV_005_2024-10-25 09:00:00,2024-10-25 09:00:00,DEV_005,34,19,65
DEV_005_2024-10-25 10:00:00,2024-10-25 10:00:00,DEV_005,59,82,2
DEV_005_2024-10-25 11:00:00,2024-10-25 11:00:00,DEV_005,19,80,99
DEV_005_2024-10-25 12:00:00,2024-10-25 12:00:00,DEV_005,91,47,27
DEV_005_2024-10-25 13:00:00,2024-10-25 13:00:00,DEV_005,8,99,97
DEV_005_2024-10-25 14:00:00,2024-10-25 14:00:00,DEV_005,84,68,37
DEV_005_2024-10-25 15:00:00,2024-10-25 15:00:00,DEV_005,78,23,69
DEV_005_2024-10-25 16:00:00,2024-10-25 16:00:00,DEV_005,54,14,44
DEV_005_2024-10-25 17:00:00,2024-10-25 17:00:00,DEV_005,28,78,97
DEV_005_2024-10-25 18:00:00,2024-10-25 18:00:00,DEV_005,83,6,15
DEV_005_2024-10-25 19:00:00,2024-10-25 19:00:00,DEV_005,41,84,68
DEV_005_2024-10-25 20:00:00,2024-10-25 20:00:00,DEV_005,78,37,86
DEV_005_2024-10-25 21:00:00,2024-10-25 21:00:00,DEV_005,57,73,65
DEV_005_2024-10-25 22:00:00,2024-10-25 22:00:00,DEV_005,5,90,30
DEV_005_2024-10-25 23:00:00,2024-10-25 23:00:00,DEV_005,65,82,98
DEV_005_2024-10-26 00:00:00,2024-10-26 00:00:00,DEV_005,19,28,24
DEV_005_2024-10-26 01:00:00,2024-10-26 01:00:00,DEV_005,72,11,10
DEV_005_2024-10-26 02:00:00,2024-10-26 02:00:00,DEV_005,53,6,64
DEV_005_2024-10-26 03:00:00,2024-10-26 03:00:00,DEV_005,15,26,97
DEV_005_2024-10-26 04:00:00,2024-10-26 04:00:00,DEV_005,78,21,60
DEV_005_2024-10-26 05:00:00,2024-10-26 05:00:00,DEV_005,99,31,98
DEV_005_2024-10-26 06:00:00,2024-10-26 06:00:00,DEV_005,11,85,9
DEV_005_2024-10-26 07:00:00,2024-10-26 07:00:00,DEV_005,7,37,27
DEV_005_2024-10-26 08:00:00,2024-10-26 08:00:00,DEV_005,4,78,51
DEV_005_2024-10-26 09:00:00,2024-10-26 09:00:00,DEV_005,51,89,22
DEV_005_2024-10-26 10:00:00,2024-10-26 10:00:00,DEV_005,7,7,48
DEV_005_2024-10-26 11:00:00,2024-10-26 11:00:00,DEV_005,7,4,24
DEV_005_2024-10-26 12:00:00,2024-10-26 12:00:00,DEV_005,51,74,19
DEV_005_2024-10-26 13:00:00,2024-10-26 13:00:00,DEV_005,12,61,93
DEV_005_2024-10-26 14:00:00,2024-10-26 14:00:00,DEV_005,4,48,62
DEV_005_2024-10-26 15:00:00,2024-10-26 15:00:00,DEV_005,89,32,44
DEV_005_2024-10-26 16:00:00,2024-10-26 16:00:00,DEV_005,42,44,65
DEV_005_2024-10-26 17:00:00,2024-10-26 17:00:00,DEV_005,47,7,63
DEV_005_2024-10-26 18:00:00,2024-10-26 18:00:00,DEV_005,34,47,84
DEV_005_2024-10-26 19:00:00,2024-10-26 19:00:00,DEV_005,91,25,99
DEV_005_2024-10-26 20:00:00,2024-10-26 20:00:00,DEV_005,97,68,40
DEV_005_2024-10-26 21:00:00,2024-10-26 21:00:00,DEV_005,10,74,6
DEV_005_2024-10-26 22:00:00,2024-10-26 22:00:00,DEV_005,32,87,31
DEV_005_2024-10-26 23:00:00,2024-10-26 23:00:00,DEV_005,26,43,25
DEV_005_2024-10-27 00:00:00,2024-10-27 00:00:00,DEV_005,71,67,5
DEV_005_2024-10-27 01:00:00,2024-10-27 01:00:00,DEV_005,98,96,44
DEV_005_2024-10-27 02:00:00,2024-10-27 02:00:00,DEV_005,71,65,62
DEV_005_2024-10-27 03:00:00,2024-10-27 03:00:00,DEV_005,44,90,72
DEV_005_2024-10-27 04:00:00,2024-10-27 04:00:00,DEV_005,49,18,30
DEV_005_2024-10-27 05:00:00,2024-10-27 05:00:00,DEV_005,11,15,82
DEV_005_2024-10-27 06:00:00,2024-10-27 06:00:00,DEV_005,49,79,33
DEV_005_2024-10-27 07:00:00,2024-10-27 07:00:00,DEV_005,50,14,29
DEV_005_2024-10-27 08:00:00,2024-10-27 08:00:00,DEV_005,48,93,99
DEV_005_2024-10-27 09:00:00,2024-10-27 09:00:00,DEV_005,78,59,18
DEV_005_2024-10-27 10:00:00,2024-10-27 10:00:00,DEV_005,63,25,14
DEV_005_2024-10-27 11:00:00,2024-10-27 11:00:00,DEV_005,62,37,32
DEV_005_2024-10-27 12:00:00,2024-10-27 12:00:00,DEV_005,60,55,50
DEV_005_2024-10-27 13:00:00,2024-10-27 13:00:00,DEV_005,59,8,26
DEV_005_2024-10-27 14:00:00,2024-10-27 14:00:00,DEV_005,4,60,13
DEV_005_2024-10-27 15:00:00,2024-10-27 15:00:00,DEV_005,25,61,26
DEV_005_2024-10-27 16:00:00,2024-10-27 16:00:00,DEV_005,92,51,16
DEV_005_2024-10-27 17:00:00,2024-10-27 17:00:00,DEV_005,9,44,31
DEV_005_2024-10-27 18:00:00,2024-10-27 18:00:00,DEV_005,99,23,37
DEV_005_2024-10-27 19:00:00,2024-10-27 19:00:00,DEV_005,53,3,23
DEV_005_2024-10-27 20:00:00,2024-10-27 20:00:00,DEV_005,43,71,66
DEV_005_2024-10-27 21:00:00,2024-10-27 21:00:00,DEV_005,59,82,99
DEV_005_2024-10-27 22:00:00,2024-10-27 22:00:00,DEV_005,64,16,19
DEV_005_2024-10-27 23:00:00,2024-10-27 23:00:00,DEV_005,38,2,23
DEV_005_2024-10-28 00:00:00,2024-10-28 00:00:00,DEV_005,53,2,94
DEV_005_2024-10-28 01:00:00,2024-10-28 01:00:00,DEV_005,57,87,33
DEV_005_2024-10-28 02:00:00,2024-10-28 02:00:00,DEV_005,46,97,50
DEV_005_2024-10-28 03:00:00,2024-10-28 03:00:00,DEV_005,92,86,62
DEV_005_2024-10-28 04:00:00,2024-10-28 04:00:00,DEV_005,23,92,32
DEV_005_2024-10-28 05:00:00,2024-10-28 05:00:00,DEV_005,46,23,95
DEV_005_2024-10-28 06:00:00,2024-10-28 06:00:00,DEV_005,13,12,88
DEV_005_2024-10-28 07:00:00,2024-10-28 07:00:00,DEV_005,19,3,96
DEV_005_2024-10-28 08:00:00,2024-10-28 08:00:00,DEV_005,92,18,4
DEV_005_2024-10-28 09:00:00,2024-10-28 09:00:00,DEV_005,15,16,27
DEV_005_2024-10-28 10:00:00,2024-10-28 10:00:00,DEV_005,22,94,61
DEV_005_2024-10-28 11:00:00,2024-10-28 11:00:00,DEV_005,22,93,61
DEV_005_2024-10-28 12:00:00,2024-10-28 12:00:00,DEV_005,75,55,48
DEV_005_2024-10-28 13:00:00,2024-10-28 13:00:00,DEV_005,52,79,65
DEV_005_2024-10-28 14:00:00,2024-10-28 14:00:00,DEV_005,4,58,92
DEV_005_2024-10-28 15:00:00,2024-10-28 15:00:00,DEV_005,49,56,87
DEV_005_2024-10-28 16:00:00,2024-10-28 16:00:00,DEV_005,81,16,88
DEV_005_2024-10-28 17:00:00,2024-10-28 17:00:00,DEV_005,45,47,62
DEV_005_2024-10-28 18:00:00,2024-10-28 18:00:00,DEV_005,21,23,20
DEV_005_2024-10-28 19:00:00,2024-10-28 19:00:00,DEV_005,96,69,32
DEV_005_2024-10-28 20:00:00,2024-10-28 20:00:00,DEV_005,78,19,24
DEV_005_2024-10-28 21:00:00,2024-10-28 21:00:00,DEV_005,91,11,17
DEV_005_2024-10-28 22:00:00,2024-10-28 22:00:00,DEV_005,30,46,35
DEV_005_2024-10-28 23:00:00,2024-10-28 23:00:00,DEV_005,15,89,71
DEV_005_2024-10-29 00:00:00,2024-10-29 00:00:00,DEV_005,2,3,49
DEV_005_2024-10-29 01:00:00,2024-10-29 01:00:00,DEV_005,51,34,71
DEV_005_2024-10-29 02:00:00,2024-10-29 02:00:00,DEV_005,84,50,1
DEV_005_2024-10-29 03:00:00,2024-10-29 03:00:00,DEV_005,94,65,29
DEV_005_2024-10-29 04:00:00,2024-10-29 04:00:00,DEV_005,5,67,60
DEV_005_2024-10-29 05:00:00,2024-10-29 05:00:00,DEV_005,30,65,75
DEV_005_2024-10-29 06:00:00,2024-10-29 06:00:00,DEV_005,17,39,55
DEV_005_2024-10-29 07:00:00,2024-10-29 07:00:00,DEV_005,85,92,4
DEV_005_2024-10-29 08:00:00,2024-10-29 08:00:00,DEV_005,40,75,52
DEV_005_2024-10-29 09:00:00,2024-10-29 09:00:00,DEV_005,66,55,73
DEV_005_2024-10-29 10:00:00,2024-10-29 10:00:00,DEV_005,79,52,12
DEV_005_2024-10-29 11:00:00,2024-10-29 11:00:00,DEV_005,6,61,41
DEV_005_2024-10-29 12:00:00,2024-10-29 12:00:00,DEV_005,61,76,54
DEV_005_2024-10-29 13:00:00,2024-10-29 13:00:00,DEV_005,44,33,45
DEV_005_2024-10-29 14:00:00,2024-10-29 14:00:00,DEV_005,30,84,10
DEV_005_2024-10-29 15:00:00,2024-10-29 15:00:00,DEV_005,76,8,23
DEV_005_2024-10-29 16:00:00,2024-10-29 16:00:00,DEV_005,4,53,93
DEV_005_2024-10-29 17:00:00,2024-10-29 17:00:00,DEV_005,33,68,15
DEV_005_2024-10-29 18:00:00,2024-10-29 18:00:00,DEV_005,12,20,62
DEV_005_2024-10-29 19:00:00,2024-10-29 19:00:00,DEV_005,98,88,80
DEV_005_2024-10-29 20:00:00,2024-10-29 20:00:00,DEV_005,35,31,56
DEV_005_2024-10-29 21:00:00,2024-10-29 21:00:00,DEV_005,71,43,78
DEV_005_2024-10-29 22:00:00,2024-10-29 22:00:00,DEV_005,64,32,27
DEV_005_2024-10-29 23:00:00,2024-10-29 23:00:00,DEV_005,23,89,44
DEV_005_2024-10-30 00:00:00,2024-10-30 00:00:00,DEV_005,96,35,38
DEV_005_2024-10-30 01:00:00,2024-10-30 01:00:00,DEV_005,73,49,85
DEV_005_2024-10-30 02:00:00,2024-10-30 02:00:00,DEV_005,50,4,82
DEV_005_2024-10-30 03:00:00,2024-10-30 03:00:00,DEV_005,80,12,51
DEV_005_2024-10-30 04:00:00,2024-10-30 04:00:00,DEV_005,12,63,89
DEV_005_2024-10-30 05:00:00,2024-10-30 05:00:00,DEV_005,31,45,71
DEV_005_2024-10-30 06:00:00,2024-10-30 06:00:00,DEV_005,23,41,33
DEV_005_2024-10-30 07:00:00,2024-10-30 07:00:00,DEV_005,39,73,58
DEV_005_2024-10-30 08:00:00,2024-10-30 08:00:00,DEV_005,64,44,56
DEV_005_2024-10-30 09:00:00,2024-10-30 09:00:00,DEV_005,36,17,76
DEV_005_2024-10-30 10:00:00,2024-10-30 10:00:00,DEV_005,61,42,98
DEV_005_2024-10-30 11:00:00,2024-10-30 11:00:00,DEV_005,48,8,56
DEV_005_2024-10-30 12:00:00,2024-10-30 12:00:00,DEV_005,82,84,75
DEV_005_2024-10-30 13:00:00,2024-10-30 13:00:00,DEV_005,89,45,19
DEV_005_2024-10-30 14:00:00,2024-10-30 14:00:00,DEV_005,81,23,31
DEV_005_2024-10-30 15:00:00,2024-10-30 15:00:00,DEV_005,45,3,76
DEV_005_2024-10-30 16:00:00,2024-10-30 16:00:00,DEV_005,16,75,41
DEV_005_2024-10-30 17:00:00,2024-10-30 17:00:00,DEV_005,95,91,81
DEV_005_2024-10-30 18:00:00,2024-10-30 18:00:00,DEV_005,92,2,38
DEV_005_2024-10-30 19:00:00,2024-10-30 19:00:00,DEV_005,64,18,77
DEV_005_2024-10-30 20:00:00,2024-10-30 20:00:00,DEV_005,80,3,14
DEV_005_2024-10-30 21:00:00,2024-10-30 21:00:00,DEV_005,21,44,64
DEV_005_2024-10-30 22:00:00,2024-10-30 22:00:00,DEV_005,48,88,68
DEV_005_2024-10-30 23:00:00,2024-10-30 23:00:00,DEV_005,62,49,34
DEV_005_2024-10-31 00:00:00,2024-10-31 00:00:00,DEV_005,98,71,56
DEV_005_2024-10-31 01:00:00,2024-10-31 01:00:00,DEV_005,54,69,56
DEV_005_2024-10-31 02:00:00,2024-10-31 02:00:00,DEV_005,84,40,4
DEV_005_2024-10-31 03:00:00,2024-10-31 03:00:00,DEV_005,62,23,97
DEV_005_2024-10-31 04:00:00,2024-10-31 04:00:00,DEV_005,68,18,68
DEV_005_2024-10-31 05:00:00,2024-10-31 05:00:00,DEV_005,41,99,95
DEV_005_2024-10-31 06:00:00,2024-10-31 06:00:00,DEV_005,85,92,71
DEV_005_2024-10-31 07:00:00,2024-10-31 07:00:00,DEV_005,54,46,49
DEV_005_2024-10-31 08:00:00,2024-10-31 08:00:00,DEV_005,78,1,4
DEV_005_2024-10-31 09:00:00,2024-10-31 09:00:00,DEV_005,92,64,33
DEV_005_2024-10-31 10:00:00,2024-10-31 10:00:00,DEV_005,32,53,89
DEV_005_2024-10-31 11:00:00,2024-10-31 11:00:00,DEV_005,22,5,14
DEV_005_2024-10-31 12:00:00,2024-10-31 12:00:00,DEV_005,25,5,58
DEV_005_2024-10-31 13:00:00,2024-10-31 13:00:00,DEV_005,69,4,42
DEV_005_2024-10-31 14:00:00,2024-10-31 14:00:00,DEV_005,12,38,32
DEV_005_2024-10-31 15:00:00,2024-10-31 15:00:00,DEV_005,37,80,70
DEV_005_2024-10-31 16:00:00,2024-10-31 16:00:00,DEV_005,38,22,21
DEV_005_2024-10-31 17:00:00,2024-10-31 17:00:00,DEV_005,95,85,70
DEV_005_2024-10-31 18:00:00,2024-10-31 18:00:00,DEV_005,45,70,87
DEV_005_2024-10-31 19:00:00,2024-10-31 19:00:00,DEV_005,16,61,23
DEV_005_2024-10-31 20:00:00,2024-10-31 20:00:00,DEV_005,48,54,12
DEV_005_2024-10-31 21:00:00,2024-10-31 21:00:00,DEV_005,11,3,98
DEV_005_2024-10-31 22:00:00,2024-10-31 22:00:00,DEV_005,1,67,24
DEV_005_2024-10-31 23:00:00,2024-10-31 23:00:00,DEV_005,38,34,11
DEV_005_2024-11-01 00:00:00,2024-11-01 00:00:00,DEV_005,8,73,92
DEV_005_2024-11-01 01:00:00,2024-11-01 01:00:00,DEV_005,76,2,50
DEV_005_2024-11-01 02:00:00,2024-11-01 02:00:00,DEV_005,9,23,62
DEV_005_2024-11-01 03:00:00,2024-11-01 03:00:00,DEV_005,12,45,60
DEV_005_2024-11-01 04:00:00,2024-11-01 04:00:00,DEV_005,15,49,40
DEV_005_2024-11-01 05:00:00,2024-11-01 05:00:00,DEV_005,59,40,94
DEV_005_2024-11-01 06:00:00,2024-11-01 06:00:00,DEV_005,41,83,43
DEV_005_2024-11-01 07:00:00,2024-11-01 07:00:00,DEV_005,46,35,74
DEV_005_2024-11-01 08:00:00,2024-11-01 08:00:00,DEV_005,57,66,26
DEV_005_2024-11-01 09:00:00,2024-11-01 09:00:00,DEV_005,50,89,40
DEV_005_2024-11-01 10:00:00,2024-11-01 10:00:00,DEV_005,35,40,84
DEV_005_2024-11-01 11:00:00,2024-11-01 11:00:00,DEV_005,30,8,69
DEV_005_2024-11-01 12:00:00,2024-11-01 12:00:00,DEV_005,66,10,57
DEV_005_2024-11-01 13:00:00,2024-11-01 13:00:00,DEV_005,49,40,1
DEV_005_2024-11-01 14:00:00,2024-11-01 14:00:00,DEV_005,72,91,67
DEV_005_2024-11-01 15:00:00,2024-11-01 15:00:00,DEV_005,47,69,84
DEV_005_2024-11-01 16:00:00,2024-11-01 16:00:00,DEV_005,88,80,70
DEV_005_2024-11-01 17:00:00,2024-11-01 17:00:00,DEV_005,58,25,94
DEV_005_2024-11-01 18:00:00,2024-11-01 18:00:00,DEV_005,47,42,92
DEV_005_2024-11-01 19:00:00,2024-11-01 19:00:00,DEV_005,43,98,39
DEV_005_2024-11-01 20:00:00,2024-11-01 20:00:00,DEV_005,24,86,65
DEV_005_2024-11-01 21:00:00,2024-11-01 21:00:00,DEV_005,79,57,35
DEV_005_2024-11-01 22:00:00,2024-11-01 22:00:00,DEV_005,43,40,78
DEV_005_2024-11-01 23:00:00,2024-11-01 23:00:00,DEV_005,77,39,7
DEV_005_2024-11-02 00:00:00,2024-11-02 00:00:00,DEV_005,16,46,51
DEV_005_2024-11-02 01:00:00,2024-11-02 01:00:00,DEV_005,11,77,36
DEV_005_2024-11-02 02:00:00,2024-11-02 02:00:00,DEV_005,95,79,30
DEV_005_2024-11-02 03:00:00,2024-11-02 03:00:00,DEV_005,26,34,32
DEV_005_2024-11-02 04:00:00,2024-11-02 04:00:00,DEV_005,7,79,72
DEV_005_2024-11-02 05:00:00,2024-11-02 05:00:00,DEV_005,54,94,37
DEV_005_2024-11-02 06:00:00,2024-11-02 06:00:00,DEV_005,80,8,90
DEV_005_2024-11-02 07:00:00,2024-11-02 07:00:00,DEV_005,54,10,37
DEV_005_2024-11-02 08:00:00,2024-11-02 08:00:00,DEV_005,12,4,91
DEV_005_2024-11-02 09:00:00,2024-11-02 09:00:00,DEV_005,49,45,34
DEV_005_2024-11-02 10:00:00,2024-11-02 10:00:00,DEV_005,15,14,35
DEV_005_2024-11-02 11:00:00,2024-11-02 11:00:00,DEV_005,16,15,67
DEV_005_2024-11-02 12:00:00,2024-11-02 12:00:00,DEV_005,89,69,43
DEV_005_2024-11-02 13:00:00,2024-11-02 13:00:00,DEV_005,70,44,26
DEV_005_2024-11-02 14:00:00,2024-11-02 14:00:00,DEV_005,73,89,40
DEV_005_2024-11-02 15:00:00,2024-11-02 15:00:00,DEV_005,76,87,96
DEV_005_2024-11-02 16:00:00,2024-11-02 16:00:00,DEV_005,72,47,31
DEV_005_2024-11-02 17:00:00,2024-11-02 17:00:00,DEV_005,3,94,35
DEV_005_2024-11-02 18:00:00,2024-11-02 18:00:00,DEV_005,50,73,94
DEV_005_2024-11-02 19:00:00,2024-11-02 19:00:00,DEV_005,78,24,73
DEV_005_2024-11-02 20:00:00,2024-11-02 20:00:00,DEV_005,22,36,95
DEV_005_2024-11-02 21:00:00,2024-11-02 21:00:00,DEV_005,92,34,37
DEV_005_2024-11-02 22:00:00,2024-11-02 22:00:00,DEV_005,35,1,76
DEV_005_2024-11-02 23:00:00,2024-11-02 23:00:00,DEV_005,53,4,1
DEV_005_2024-11-03 00:00:00,2024-11-03 00:00:00,DEV_005,47,39,64
DEV_005_2024-11-03 01:00:00,2024-11-03 01:00:00,DEV_005,33,27,90
DEV_005_2024-11-03 02:00:00,2024-11-03 02:00:00,DEV_005,30,42,70
DEV_005_2024-11-03 03:00:00,2024-11-03 03:00:00,DEV_005,84,86,58
DEV_005_2024-11-03 04:00:00,2024-11-03 04:00:00,DEV_005,70,8,42
DEV_005_2024-11-03 05:00:00,2024-11-03 05:00:00,DEV_005,19,20,66
DEV_005_2024-11-03 06:00:00,2024-11-03 06:00:00,DEV_005,60,39,58
DEV_005_2024-11-03 07:00:00,2024-11-03 07:00:00,DEV_005,49,51,27
DEV_005_2024-11-03 08:00:00,2024-11-03 08:00:00,DEV_005,7,52,67
DEV_005_2024-11-03 09:00:00,2024-11-03 09:00:00,DEV_005,30,26,3
DEV_005_2024-11-03 10:00:00,2024-11-03 10:00:00,DEV_005,43,36,28
DEV_005_2024-11-03 11:00:00,2024-11-03 11:00:00,DEV_005,41,70,45
DEV_005_2024-11-03 12:00:00,2024-11-03 12:00:00,DEV_005,2,27,57
DEV_005_2024-11-03 13:00:00,2024-11-03 13:00:00,DEV_005,82,52,5
DEV_005_2024-11-03 14:00:00,2024-11-03 14:00:00,DEV_005,52,66,32
DEV_005_2024-11-03 15:00:00,2024-11-03 15:00:00,DEV_005,63,2,57
DEV_005_2024-11-03 16:00:00,2024-11-03 16:00:00,DEV_005,57,86,11
DEV_005_2024-11-03 17:00:00,2024-11-03 17:00:00,DEV_005,99,69,50
DEV_005_2024-11-03 18:00:00,2024-11-03 18:00:00,DEV_005,26,97,34
DEV_005_2024-11-03 19:00:00,2024-11-03 19:00:00,DEV_005,58,2,98
DEV_005_2024-11-03 20:00:00,2024-11-03 20:00:00,DEV_005,75,3,15
DEV_005_2024-11-03 21:00:00,2024-11-03 21:00:00,DEV_005,16,70,77
DEV_005_2024-11-03 22:00:00,2024-11-03 22:00:00,DEV_005,69,59,1
DEV_005_2024-11-03 23:00:00,2024-11-03 23:00:00,DEV_005,78,97,46
DEV_005_2024-11-04 00:00:00,2024-11-04 00:00:00,DEV_005,95,66,83
DEV_005_2024-11-04 01:00:00,2024-11-04 01:00:00,DEV_005,2,13,90
DEV_005_2024-11-04 02:00:00,2024-11-04 02:00:00,DEV_005,95,92,15
DEV_005_2024-11-04 03:00:00,2024-11-04 03:00:00,DEV_005,72,65,46
DEV_005_2024-11-04 04:00:00,2024-11-04 04:00:00,DEV_005,92,96,51
DEV_005_2024-11-04 05:00:00,2024-11-04 05:00:00,DEV_005,94,33,37
DEV_005_2024-11-04 06:00:00,2024-11-04 06:00:00,DEV_005,83,72,19
DEV_005_2024-11-04 07:00:00,2024-11-04 07:00:00,DEV_005,34,55,29
DEV_005_2024-11-04 08:00:00,2024-11-04 08:00:00,DEV_005,59,3,44
DEV_005_2024-11-04 09:00:00,2024-11-04 09:00:00,DEV_005,89,45,58
DEV_005_2024-11-04 10:00:00,2024-11-04 10:00:00,DEV_005,40,9,72
DEV_005_2024-11-04 11:00:00,2024-11-04 11:00:00,DEV_005,43,71,13
DEV_005_2024-11-04 12:00:00,2024-11-04 12:00:00,DEV_005,97,32,21
DEV_005_2024-11-04 13:00:00,2024-11-04 13:00:00,DEV_005,85,51,96
DEV_005_2024-11-04 14:00:00,2024-11-04 14:00:00,DEV_005,16,48,48
DEV_005_2024-11-04 15:00:00,2024-11-04 15:00:00,DEV_005,57,69,23
DEV_005_2024-11-04 16:00:00,2024-11-04 16:00:00,DEV_005,85,55,24
DEV_005_2024-11-04 17:00:00,2024-11-04 17:00:00,DEV_005,70,4,10
DEV_005_2024-11-04 18:00:00,2024-11-04 18:00:00,DEV_005,12,42,30
DEV_005_2024-11-04 19:00:00,2024-11-04 19:00:00,DEV_005,1,19,37
DEV_005_2024-11-04 20:00:00,2024-11-04 20:00:00,DEV_005,22,2,66
DEV_005_2024-11-04 21:00:00,2024-11-04 21:00:00,DEV_005,39,83,7
DEV_005_2024-11-04 22:00:00,2024-11-04 22:00:00,DEV_005,95,18,1
DEV_005_2024-11-04 23:00:00,2024-11-04 23:00:00,DEV_005,65,82,38
DEV_005_2024-11-05 00:00:00,2024-11-05 00:00:00,DEV_005,67,18,22
DEV_005_2024-11-05 01:00:00,2024-11-05 01:00:00,DEV_005,8,38,74
DEV_005_2024-11-05 02:00:00,2024-11-05 02:00:00,DEV_005,3,17,7
DEV_005_2024-11-05 03:00:00,2024-11-05 03:00:00,DEV_005,86,11,48
DEV_005_2024-11-05 04:00:00,2024-11-05 04:00:00,DEV_005,19,29,28
DEV_005_2024-11-05 05:00:00,2024-11-05 05:00:00,DEV_005,28,61,36
DEV_005_2024-11-05 06:00:00,2024-11-05 06:00:00,DEV_005,24,55,75
DEV_005_2024-11-05 07:00:00,2024-11-05 07:00:00,DEV_005,31,8,48
DEV_005_2024-11-05 08:00:00,2024-11-05 08:00:00,DEV_005,18,96,40
DEV_005_2024-11-05 09:00:00,2024-11-05 09:00:00,DEV_005,95,12,52
DEV_005_2024-11-05 10:00:00,2024-11-05 10:00:00,DEV_005,92,51,58
DEV_005_2024-11-05 11:00:00,2024-11-05 11:00:00,DEV_005,8,19,24
DEV_005_2024-11-05 12:00:00,2024-11-05 12:00:00,DEV_005,30,32,11
DEV_005_2024-11-05 13:00:00,2024-11-05 13:00:00,DEV_005,79,2,74
DEV_005_2024-11-05 14:00:00,2024-11-05 14:00:00,DEV_005,66,28,11
DEV_005_2024-11-05 15:00:00,2024-11-05 15:00:00,DEV_005,27,95,72
DEV_005_2024-11-05 16:00:00,2024-11-05 16:00:00,DEV_005,43,7,25
DEV_005_2024-11-05 17:00:00,2024-11-05 17:00:00,DEV_005,17,58,84
DEV_005_2024-11-05 18:00:00,2024-11-05 18:00:00,DEV_005,47,20,66
DEV_005_2024-11-05 19:00:00,2024-11-05 19:00:00,DEV_005,66,90,28
DEV_005_2024-11-05 20:00:00,2024-11-05 20:00:00,DEV_005,78,14,15
DEV_005_2024-11-05 21:00:00,2024-11-05 21:00:00,DEV_005,80,99,58
DEV_005_2024-11-05 22:00:00,2024-11-05 22:00:00,DEV_005,68,19,98
DEV_005_2024-11-05 23:00:00,2024-11-05 23:00:00,DEV_005,47,35,6
DEV_005_2024-11-06 00:00:00,2024-11-06 00:00:00,DEV_005,72,43,24
DEV_005_2024-11-06 01:00:00,2024-11-06 01:00:00,DEV_005,99,30,43
DEV_005_2024-11-06 02:00:00,2024-11-06 02:00:00,DEV_005,92,16,21
DEV_005_2024-11-06 03:00:00,2024-11-06 03:00:00,DEV_005,97,71,11
DEV_005_2024-11-06 04:00:00,2024-11-06 04:00:00,DEV_005,91,34,95
DEV_005_2024-11-06 05:00:00,2024-11-06 05:00:00,DEV_005,31,27,71
DEV_005_2024-11-06 06:00:00,2024-11-06 06:00:00,DEV_005,45,92,12
DEV_005_2024-11-06 07:00:00,2024-11-06 07:00:00,DEV_005,37,67,45
DEV_005_2024-11-06 08:00:00,2024-11-06 08:00:00,DEV_005,90,56,50
DEV_005_2024-11-06 09:00:00,2024-11-06 09:00:00,DEV_005,50,33,56
DEV_005_2024-11-06 10:00:00,2024-11-06 10:00:00,DEV_005,28,86,19
DEV_005_2024-11-06 11:00:00,2024-11-06 11:00:00,DEV_005,77,89,68
DEV_005_2024-11-06 12:00:00,2024-11-06 12:00:00,DEV_005,39,10,89
DEV_005_2024-11-06 13:00:00,2024-11-06 13:00:00,DEV_005,6,54,99
DEV_005_2024-11-06 14:00:00,2024-11-06 14:00:00,DEV_005,44,98,59
DEV_005_2024-11-06 15:00:00,2024-11-06 15:00:00,DEV_005,19,34,80
DEV_005_2024-11-06 16:00:00,2024-11-06 16:00:00,DEV_005,85,6,61
DEV_005_2024-11-06 17:00:00,2024-11-06 17:00:00,DEV_005,4,79,54
DEV_005_2024-11-06 18:00:00,2024-11-06 18:00:00,DEV_005,39,92,12
DEV_005_2024-11-06 19:00:00,2024-11-06 19:00:00,DEV_005,87,43,51
DEV_005_2024-11-06 20:00:00,2024-11-06 20:00:00,DEV_005,65,9,38
DEV_005_2024-11-06 21:00:00,2024-11-06 21:00:00,DEV_005,85,70,95
DEV_005_2024-11-06 22:00:00,2024-11-06 22:00:00,DEV_005,75,38,81
DEV_005_2024-11-06 23:00:00,2024-11-06 23:00:00,DEV_005,98,43,93
DEV_005_2024-11-07 00:00:00,2024-11-07 00:00:00,DEV_005,53,54,95
DEV_005_2024-11-07 01:00:00,2024-11-07 01:00:00,DEV_005,50,30,35
DEV_005_2024-11-07 02:00:00,2024-11-07 02:00:00,DEV_005,27,56,83
DEV_005_2024-11-07 03:00:00,2024-11-07 03:00:00,DEV_005,92,5,75
DEV_005_2024-11-07 04:00:00,2024-11-07 04:00:00,DEV_005,90,70,33
DEV_005_2024-11-07 05:00:00,2024-11-07 05:00:00,DEV_005,82,70,30
DEV_005_2024-11-07 06:00:00,2024-11-07 06:00:00,DEV_005,78,53,77
DEV_005_2024-11-07 07:00:00,2024-11-07 07:00:00,DEV_005,1,21,18
DEV_005_2024-11-07 08:00:00,2024-11-07 08:00:00,DEV_005,16,5,80
DEV_005_2024-11-07 09:00:00,2024-11-07 09:00:00,DEV_005,9,83,16
DEV_005_2024-11-07 10:00:00,2024-11-07 10:00:00,DEV_005,33,46,92
DEV_005_2024-11-07 11:00:00,2024-11-07 11:00:00,DEV_005,6,53,62
DEV_005_2024-11-07 12:00:00,2024-11-07 12:00:00,DEV_005,93,63,83
DEV_005_2024-11-07 13:00:00,2024-11-07 13:00:00,DEV_005,92,4,60
DEV_005_2024-11-07 14:00:00,2024-11-07 14:00:00,DEV_005,2,90,78
DEV_005_2024-11-07 15:00:00,2024-11-07 15:00:00,DEV_005,14,76,93
DEV_005_2024-11-07 16:00:00,2024-11-07 16:00:00,DEV_005,26,29,96
DEV_005_2024-11-07 17:00:00,2024-11-07 17:00:00,DEV_005,36,52,90
DEV_005_2024-11-07 18:00:00,2024-11-07 18:00:00,DEV_005,8,50,14
DEV_005_2024-11-07 19:00:00,2024-11-07 19:00:00,DEV_005,52,13,62
DEV_005_2024-11-07 20:00:00,2024-11-07 20:00:00,DEV_005,96,68,11
DEV_005_2024-11-07 21:00:00,2024-11-07 21:00:00,DEV_005,12,65,64
DEV_005_2024-11-07 22:00:00,2024-11-07 22:00:00,DEV_005,48,9,37
DEV_005_2024-11-07 23:00:00,2024-11-07 23:00:00,DEV_005,26,87,1
DEV_005_2024-11-08 00:00:00,2024-11-08 00:00:00,DEV_005,68,14,75
DEV_005_2024-11-08 01:00:00,2024-11-08 01:00:00,DEV_005,46,32,39
DEV_005_2024-11-08 02:00:00,2024-11-08 02:00:00,DEV_005,85,3,37
DEV_005_2024-11-08 03:00:00,2024-11-08 03:00:00,DEV_005,95,24,17
DEV_005_2024-11-08 04:00:00,2024-11-08 04:00:00,DEV_005,33,94,75
DEV_005_2024-11-08 05:00:00,2024-11-08 05:00:00,DEV_005,66,31,4
DEV_005_2024-11-08 06:00:00,2024-11-08 06:00:00,DEV_005,7,75,91
DEV_005_2024-11-08 07:00:00,2024-11-08 07:00:00,DEV_005,62,91,28
DEV_005_2024-11-08 08:00:00,2024-11-08 08:00:00,DEV_005,48,7,65
DEV_005_2024-11-08 09:00:00,2024-11-08 09:00:00,DEV_005,95,73,59
DEV_005_2024-11-08 10:00:00,2024-11-08 10:00:00,DEV_005,84,59,15
DEV_005_2024-11-08 11:00:00,2024-11-08 11:00:00,DEV_005,67,41,36
DEV_005_2024-11-08 12:00:00,2024-11-08 12:00:00,DEV_005,16,66,62
DEV_005_2024-11-08 13:00:00,2024-11-08 13:00:00,DEV_005,78,47,32
DEV_005_2024-11-08 14:00:00,2024-11-08 14:00:00,DEV_005,98,86,78
DEV_005_2024-11-08 15:00:00,2024-11-08 15:00:00,DEV_005,84,82,25
DEV_005_2024-11-08 16:00:00,2024-11-08 16:00:00,DEV_005,57,98,23
DEV_005_2024-11-08 17:00:00,2024-11-08 17:00:00,DEV_005,70,16,31
DEV_005_2024-11-08 18:00:00,2024-11-08 18:00:00,DEV_005,45,83,42
DEV_005_2024-11-08 19:00:00,2024-11-08 19:00:00,DEV_005,32,37,46
DEV_005_2024-11-08 20:00:00,2024-11-08 20:00:00,DEV_005,43,85,69
DEV_005_2024-11-08 21:00:00,2024-11-08 21:00:00,DEV_005,29,57,27
DEV_005_2024-11-08 22:00:00,2024-11-08 22:00:00,DEV_005,19,66,89
DEV_005_2024-11-08 23:00:00,2024-11-08 23:00:00,DEV_005,18,43,67
DEV_005_2024-11-09 00:00:00,2024-11-09 00:00:00,DEV_005,30,56,71
DEV_005_2024-11-09 01:00:00,2024-11-09 01:00:00,DEV_005,2,23,97
DEV_005_2024-11-09 02:00:00,2024-11-09 02:00:00,DEV_005,34,33,55
DEV_005_2024-11-09 03:00:00,2024-11-09 03:00:00,DEV_005,92,78,55
DEV_005_2024-11-09 04:00:00,2024-11-09 04:00:00,DEV_005,81,75,44
DEV_005_2024-11-09 05:00:00,2024-11-09 05:00:00,DEV_005,96,39,19
DEV_005_2024-11-09 06:00:00,2024-11-09 06:00:00,DEV_005,3,18,77
DEV_005_2024-11-09 07:00:00,2024-11-09 07:00:00,DEV_005,69,76,49
DEV_005_2024-11-09 08:00:00,2024-11-09 08:00:00,DEV_005,23,83,82
DEV_005_2024-11-09 09:00:00,2024-11-09 09:00:00,DEV_005,20,14,39
DEV_005_2024-11-09 10:00:00,2024-11-09 10:00:00,DEV_005,30,64,62
DEV_005_2024-11-09 11:00:00,2024-11-09 11:00:00,DEV_005,23,16,61
DEV_005_2024-11-09 12:00:00,2024-11-09 12:00:00,DEV_005,65,77,31
DEV_005_2024-11-09 13:00:00,2024-11-09 13:00:00,DEV_005,69,49,43
DEV_005_2024-11-09 14:00:00,2024-11-09 14:00:00,DEV_005,75,79,60
DEV_005_2024-11-09 15:00:00,2024-11-09 15:00:00,DEV_005,46,15,49
DEV_005_2024-11-09 16:00:00,2024-11-09 16:00:00,DEV_005,95,53,5
DEV_005_2024-11-09 17:00:00,2024-11-09 17:00:00,DEV_005,7,21,44
DEV_005_2024-11-09 18:00:00,2024-11-09 18:00:00,DEV_005,88,65,62
DEV_005_2024-11-09 19:00:00,2024-11-09 19:00:00,DEV_005,47,29,63
DEV_005_2024-11-09 20:00:00,2024-11-09 20:00:00,DEV_005,24,48,5
DEV_005_2024-11-09 21:00:00,2024-11-09 21:00:00,DEV_005,87,22,1
DEV_005_2024-11-09 22:00:00,2024-11-09 22:00:00,DEV_005,28,70,96
DEV_005_2024-11-09 23:00:00,2024-11-09 23:00:00,DEV_005,77,1,78
DEV_005_2024-11-10 00:00:00,2024-11-10 00:00:00,DEV_005,37,38,9
DEV_005_2024-11-10 01:00:00,2024-11-10 01:00:00,DEV_005,34,43,60
DEV_005_2024-11-10 02:00:00,2024-11-10 02:00:00,DEV_005,84,53,48
DEV_005_2024-11-10 03:00:00,2024-11-10 03:00:00,DEV_005,33,45,85
DEV_005_2024-11-10 04:00:00,2024-11-10 04:00:00,DEV_005,26,9,60
DEV_005_2024-11-10 05:00:00,2024-11-10 05:00:00,DEV_005,6,93,39
DEV_005_2024-11-10 06:00:00,2024-11-10 06:00:00,DEV_005,19,44,28
DEV_005_2024-11-10 07:00:00,2024-11-10 07:00:00,DEV_005,99,3,14
DEV_005_2024-11-10 08:00:00,2024-11-10 08:00:00,DEV_005,15,27,30
DEV_005_2024-11-10 09:00:00,2024-11-10 09:00:00,DEV_005,85,87,9
DEV_005_2024-11-10 10:00:00,2024-11-10 10:00:00,DEV_005,71,45,60
DEV_005_2024-11-10 11:00:00,2024-11-10 11:00:00,DEV_005,62,98,65
DEV_005_2024-11-10 12:00:00,2024-11-10 12:00:00,DEV_005,88,17,49
DEV_005_2024-11-10 13:00:00,2024-11-10 13:00:00,DEV_005,1,68,30
DEV_005_2024-11-10 14:00:00,2024-11-10 14:00:00,DEV_005,99,98,42
DEV_005_2024-11-10 15:00:00,2024-11-10 15:00:00,DEV_005,10,35,22
DEV_005_2024-11-10 16:00:00,2024-11-10 16:00:00,DEV_005,19,31,94
DEV_005_2024-11-10 17:00:00,2024-11-10 17:00:00,DEV_005,2,61,37
DEV_005_2024-11-10 18:00:00,2024-11-10 18:00:00,DEV_005,53,33,78
DEV_005_2024-11-10 19:00:00,2024-11-10 19:00:00,DEV_005,25,16,26
DEV_005_2024-11-10 20:00:00,2024-11-10 20:00:00,DEV_005,60,21,14
DEV_005_2024-11-10 21:00:00,2024-11-10 21:00:00,DEV_005,76,41,56
DEV_005_2024-11-10 22:00:00,2024-11-10 22:00:00,DEV_005,92,50,38
DEV_005_2024-11-10 23:00:00,2024-11-10 23:00:00,DEV_005,84,94,30
DEV_005_2024-11-11 00:00:00,2024-11-11 00:00:00,DEV_005,84,92,56
DEV_005_2024-11-11 01:00:00,2024-11-11 01:00:00,DEV_005,8,10,26
DEV_005_2024-11-11 02:00:00,2024-11-11 02:00:00,DEV_005,46,4,4
DEV_005_2024-11-11 03:00:00,2024-11-11 03:00:00,DEV_005,97,62,86
DEV_005_2024-11-11 04:00:00,2024-11-11 04:00:00,DEV_005,88,47,94
DEV_005_2024-11-11 05:00:00,2024-11-11 05:00:00,DEV_005,20,45,52
DEV_005_2024-11-11 06:00:00,2024-11-11 06:00:00,DEV_005,63,38,57
DEV_005_2024-11-11 07:00:00,2024-11-11 07:00:00,DEV_005,66,17,36
DEV_005_2024-11-11 08:00:00,2024-11-11 08:00:00,DEV_005,82,24,4
DEV_005_2024-11-11 09:00:00,2024-11-11 09:00:00,DEV_005,59,28,27
DEV_005_2024-11-11 10:00:00,2024-11-11 10:00:00,DEV_005,78,9,4
DEV_005_2024-11-11 11:00:00,2024-11-11 11:00:00,DEV_005,10,15,57
DEV_005_2024-11-11 12:00:00,2024-11-11 12:00:00,DEV_005,3,40,98
DEV_005_2024-11-11 13:00:00,2024-11-11 13:00:00,DEV_005,71,88,35
DEV_005_2024-11-11 14:00:00,2024-11-11 14:00:00,DEV_005,76,95,98
DEV_005_2024-11-11 15:00:00,2024-11-11 15:00:00,DEV_005,93,42,81
DEV_005_2024-11-11 16:00:00,2024-11-11 16:00:00,DEV_005,72,36,75
DEV_005_2024-11-11 17:00:00,2024-11-11 17:00:00,DEV_005,38,30,64
DEV_005_2024-11-11 18:00:00,2024-11-11 18:00:00,DEV_005,27,6,23
DEV_005_2024-11-11 19:00:00,2024-11-11 19:00:00,DEV_005,27,25,81
DEV_005_2024-11-11 20:00:00,2024-11-11 20:00:00,DEV_005,22,22,46
DEV_005_2024-11-11 21:00:00,2024-11-11 21:00:00,DEV_005,63,49,59
DEV_005_2024-11-11 22:00:00,2024-11-11 22:00:00,DEV_005,51,89,27
DEV_005_2024-11-11 23:00:00,2024-11-11 23:00:00,DEV_005,12,70,49
DEV_005_2024-11-12 00:00:00,2024-11-12 00:00:00,DEV_005,80,61,47
DEV_005_2024-11-12 01:00:00,2024-11-12 01:00:00,DEV_005,85,96,90
DEV_005_2024-11-12 02:00:00,2024-11-12 02:00:00,DEV_005,85,6,34
DEV_005_2024-11-12 03:00:00,2024-11-12 03:00:00,DEV_005,17,18,81
DEV_005_2024-11-12 04:00:00,2024-11-12 04:00:00,DEV_005,75,41,1
DEV_005_2024-11-12 05:00:00,2024-11-12 05:00:00,DEV_005,25,47,52
DEV_005_2024-11-12 06:00:00,2024-11-12 06:00:00,DEV_005,15,35,76
DEV_005_2024-11-12 07:00:00,2024-11-12 07:00:00,DEV_005,22,48,87
DEV_005_2024-11-12 08:00:00,2024-11-12 08:00:00,DEV_005,64,45,66
DEV_005_2024-11-12 09:00:00,2024-11-12 09:00:00,DEV_005,51,48,45
DEV_005_2024-11-12 10:00:00,2024-11-12 10:00:00,DEV_005,63,69,35
DEV_005_2024-11-12 11:00:00,2024-11-12 11:00:00,DEV_005,92,1,17
DEV_005_2024-11-12 12:00:00,2024-11-12 12:00:00,DEV_005,22,2,55
DEV_005_2024-11-12 13:00:00,2024-11-12 13:00:00,DEV_005,65,29,80
DEV_005_2024-11-12 14:00:00,2024-11-12 14:00:00,DEV_005,47,88,57
DEV_005_2024-11-12 15:00:00,2024-11-12 15:00:00,DEV_005,51,34,44
DEV_005_2024-11-12 16:00:00,2024-11-12 16:00:00,DEV_005,71,18,75
DEV_005_2024-11-12 17:00:00,2024-11-12 17:00:00,DEV_005,23,44,77
DEV_005_2024-11-12 18:00:00,2024-11-12 18:00:00,DEV_005,78,18,2
DEV_005_2024-11-12 19:00:00,2024-11-12 19:00:00,DEV_005,45,2,68
DEV_005_2024-11-12 20:00:00,2024-11-12 20:00:00,DEV_005,81,78,22
DEV_005_2024-11-12 21:00:00,2024-11-12 21:00:00,DEV_005,80,63,73
DEV_005_2024-11-12 22:00:00,2024-11-12 22:00:00,DEV_005,79,97,3
DEV_005_2024-11-12 23:00:00,2024-11-12 23:00:00,DEV_005,4,35,97
DEV_005_2024-11-13 00:00:00,2024-11-13 00:00:00,DEV_005,42,10,60
DEV_005_2024-11-13 01:00:00,2024-11-13 01:00:00,DEV_005,11,79,36
DEV_005_2024-11-13 02:00:00,2024-11-13 02:00:00,DEV_005,18,18,28
DEV_005_2024-11-13 03:00:00,2024-11-13 03:00:00,DEV_005,9,31,81
DEV_005_2024-11-13 04:00:00,2024-11-13 04:00:00,DEV_005,85,50,81
DEV_005_2024-11-13 05:00:00,2024-11-13 05:00:00,DEV_005,66,11,23
DEV_005_2024-11-13 06:00:00,2024-11-13 06:00:00,DEV_005,84,83,76
DEV_005_2024-11-13 07:00:00,2024-11-13 07:00:00,DEV_005,4,83,86
DEV_005_2024-11-13 08:00:00,2024-11-13 08:00:00,DEV_005,16,12,99
DEV_005_2024-11-13 09:00:00,2024-11-13 09:00:00,DEV_005,44,43,40
DEV_005_2024-11-13 10:00:00,2024-11-13 10:00:00,DEV_005,83,46,98
DEV_005_2024-11-13 11:00:00,2024-11-13 11:00:00,DEV_005,41,50,97
DEV_005_2024-11-13 12:00:00,2024-11-13 12:00:00,DEV_005,7,96,43
DEV_005_2024-11-13 13:00:00,2024-11-13 13:00:00,DEV_005,66,18,14
DEV_005_2024-11-13 14:00:00,2024-11-13 14:00:00,DEV_005,4,18,83
DEV_005_2024-11-13 15:00:00,2024-11-13 15:00:00,DEV_005,56,34,79
DEV_005_2024-11-13 16:00:00,2024-11-13 16:00:00,DEV_005,12,84,91
DEV_005_2024-11-13 17:00:00,2024-11-13 17:00:00,DEV_005,87,93,26
DEV_005_2024-11-13 18:00:00,2024-11-13 18:00:00,DEV_005,66,3,85
DEV_005_2024-11-13 19:00:00,2024-11-13 19:00:00,DEV_005,37,55,19
DEV_005_2024-11-13 20:00:00,2024-11-13 20:00:00,DEV_005,36,56,50
DEV_005_2024-11-13 21:00:00,2024-11-13 21:00:00,DEV_005,93,66,14
DEV_005_2024-11-13 22:00:00,2024-11-13 22:00:00,DEV_005,87,50,51
DEV_005_2024-11-13 23:00:00,2024-11-13 23:00:00,DEV_005,65,3,51
DEV_005_2024-11-14 00:00:00,2024-11-14 00:00:00,DEV_005,16,99,33
DEV_005_2024-11-14 01:00:00,2024-11-14 01:00:00,DEV_005,82,92,44
DEV_005_2024-11-14 02:00:00,2024-11-14 02:00:00,DEV_005,89,61,90
DEV_005_2024-11-14 03:00:00,2024-11-14 03:00:00,DEV_005,50,42,88
DEV_005_2024-11-14 04:00:00,2024-11-14 04:00:00,DEV_005,94,34,56
DEV_005_2024-11-14 05:00:00,2024-11-14 05:00:00,DEV_005,96,47,19
DEV_005_2024-11-14 06:00:00,2024-11-14 06:00:00,DEV_005,66,37,14
DEV_005_2024-11-14 07:00:00,2024-11-14 07:00:00,DEV_005,9,93,19
DEV_005_2024-11-14 08:00:00,2024-11-14 08:00:00,DEV_005,82,43,39
DEV_005_2024-11-14 09:00:00,2024-11-14 09:00:00,DEV_005,54,50,44
DEV_005_2024-11-14 10:00:00,2024-11-14 10:00:00,DEV_005,46,93,84
DEV_005_2024-11-14 11:00:00,2024-11-14 11:00:00,DEV_005,46,81,38
DEV_005_2024-11-14 12:00:00,2024-11-14 12:00:00,DEV_005,25,43,7
DEV_005_2024-11-14 13:00:00,2024-11-14 13:00:00,DEV_005,32,56,78
DEV_005_2024-11-14 14:00:00,2024-11-14 14:00:00,DEV_005,36,11,33
DEV_005_2024-11-14 15:00:00,2024-11-14 15:00:00,DEV_005,50,16,67
DEV_005_2024-11-14 16:00:00,2024-11-14 16:00:00,DEV_005,91,42,10
DEV_005_2024-11-14 17:00:00,2024-11-14 17:00:00,DEV_005,7,58,47
DEV_005_2024-11-14 18:00:00,2024-11-14 18:00:00,DEV_005,60,20,5
DEV_005_2024-11-14 19:00:00,2024-11-14 19:00:00,DEV_005,84,62,74
DEV_005_2024-11-14 20:00:00,2024-11-14 20:00:00,DEV_005,69,38,4
DEV_005_2024-11-14 21:00:00,2024-11-14 21:00:00,DEV_005,56,17,42
DEV_005_2024-11-14 22:00:00,2024-11-14 22:00:00,DEV_005,93,97,60
DEV_005_2024-11-14 23:00:00,2024-11-14 23:00:00,DEV_005,26,81,46
DEV_005_2024-11-15 00:00:00,2024-11-15 00:00:00,DEV_005,30,5,73
DEV_005_2024-11-15 01:00:00,2024-11-15 01:00:00,DEV_005,16,62,40
DEV_005_2024-11-15 02:00:00,2024-11-15 02:00:00,DEV_005,22,13,2
DEV_005_2024-11-15 03:00:00,2024-11-15 03:00:00,DEV_005,62,53,13
DEV_005_2024-11-15 04:00:00,2024-11-15 04:00:00,DEV_005,60,85,49
DEV_005_2024-11-15 05:00:00,2024-11-15 05:00:00,DEV_005,39,86,42
DEV_005_2024-11-15 06:00:00,2024-11-15 06:00:00,DEV_005,89,53,3
DEV_005_2024-11-15 07:00:00,2024-11-15 07:00:00,DEV_005,88,18,91
DEV_005_2024-11-15 08:00:00,2024-11-15 08:00:00,DEV_005,37,36,48
DEV_005_2024-11-15 09:00:00,2024-11-15 09:00:00,DEV_005,90,31,80
DEV_005_2024-11-15 10:00:00,2024-11-15 10:00:00,DEV_005,74,1,57
DEV_005_2024-11-15 11:00:00,2024-11-15 11:00:00,DEV_005,73,59,37
DEV_005_2024-11-15 12:00:00,2024-11-15 12:00:00,DEV_005,14,93,2
DEV_005_2024-11-15 13:00:00,2024-11-15 13:00:00,DEV_005,3,50,27
DEV_005_2024-11-15 14:00:00,2024-11-15 14:00:00,DEV_005,6,37,93
DEV_005_2024-11-15 15:00:00,2024-11-15 15:00:00,DEV_005,13,16,53
DEV_005_2024-11-15 16:00:00,2024-11-15 16:00:00,DEV_005,1,88,43
DEV_005_2024-11-15 17:00:00,2024-11-15 17:00:00,DEV_005,28,75,23
DEV_005_2024-11-15 18:00:00,2024-11-15 18:00:00,DEV_005,94,47,79
DEV_005_2024-11-15 19:00:00,2024-11-15 19:00:00,DEV_005,23,54,56
DEV_005_2024-11-15 20:00:00,2024-11-15 20:00:00,DEV_005,78,17,58
DEV_005_2024-11-15 21:00:00,2024-11-15 21:00:00,DEV_005,63,15,74
DEV_005_2024-11-15 22:00:00,2024-11-15 22:00:00,DEV_005,64,96,23
DEV_005_2024-11-15 23:00:00,2024-11-15 23:00:00,DEV_005,43,76,9
DEV_005_2024-11-16 00:00:00,2024-11-16 00:00:00,DEV_005,44,60,27
DEV_005_2024-11-16 01:00:00,2024-11-16 01:00:00,DEV_005,85,62,44
DEV_005_2024-11-16 02:00:00,2024-11-16 02:00:00,DEV_005,46,89,74
DEV_005_2024-11-16 03:00:00,2024-11-16 03:00:00,DEV_005,14,13,21
DEV_005_2024-11-16 04:00:00,2024-11-16 04:00:00,DEV_005,44,3,79
DEV_005_2024-11-16 05:00:00,2024-11-16 05:00:00,DEV_005,6,4,79
DEV_005_2024-11-16 06:00:00,2024-11-16 06:00:00,DEV_005,72,16,64
DEV_005_2024-11-16 07:00:00,2024-11-16 07:00:00,DEV_005,97,75,16
DEV_005_2024-11-16 08:00:00,2024-11-16 08:00:00,DEV_005,19,83,48
DEV_005_2024-11-16 09:00:00,2024-11-16 09:00:00,DEV_005,3,13,41
DEV_005_2024-11-16 10:00:00,2024-11-16 10:00:00,DEV_005,7,58,5
DEV_005_2024-11-16 11:00:00,2024-11-16 11:00:00,DEV_005,7,42,49
DEV_005_2024-11-16 12:00:00,2024-11-16 12:00:00,DEV_005,79,28,15
DEV_005_2024-11-16 13:00:00,2024-11-16 13:00:00,DEV_005,65,19,95
DEV_005_2024-11-16 14:00:00,2024-11-16 14:00:00,DEV_005,97,45,77
DEV_005_2024-11-16 15:00:00,2024-11-16 15:00:00,DEV_005,77,9,72
DEV_005_2024-11-16 16:00:00,2024-11-16 16:00:00,DEV_005,93,70,85
DEV_005_2024-11-16 17:00:00,2024-11-16 17:00:00,DEV_005,10,86,37
DEV_005_2024-11-16 18:00:00,2024-11-16 18:00:00,DEV_005,63,51,8
DEV_005_2024-11-16 19:00:00,2024-11-16 19:00:00,DEV_005,6,92,85
DEV_005_2024-11-16 20:00:00,2024-11-16 20:00:00,DEV_005,55,90,63
DEV_005_2024-11-16 21:00:00,2024-11-16 21:00:00,DEV_005,20,32,96
DEV_005_2024-11-16 22:00:00,2024-11-16 22:00:00,DEV_005,59,3,97
DEV_005_2024-11-16 23:00:00,2024-11-16 23:00:00,DEV_005,37,81,76
DEV_005_2024-11-17 00:00:00,2024-11-17 00:00:00,DEV_005,48,80,47
DEV_005_2024-11-17 01:00:00,2024-11-17 01:00:00,DEV_005,16,45,11
DEV_005_2024-11-17 02:00:00,2024-11-17 02:00:00,DEV_005,72,18,58
DEV_005_2024-11-17 03:00:00,2024-11-17 03:00:00,DEV_005,54,63,11
DEV_005_2024-11-17 04:00:00,2024-11-17 04:00:00,DEV_005,88,92,31
DEV_005_2024-11-17 05:00:00,2024-11-17 05:00:00,DEV_005,97,34,96
DEV_005_2024-11-17 06:00:00,2024-11-17 06:00:00,DEV_005,46,57,43
DEV_005_2024-11-17 07:00:00,2024-11-17 07:00:00,DEV_005,51,84,28
DEV_005_2024-11-17 08:00:00,2024-11-17 08:00:00,DEV_005,32,37,21
DEV_005_2024-11-17 09:00:00,2024-11-17 09:00:00,DEV_005,39,96,79
DEV_005_2024-11-17 10:00:00,2024-11-17 10:00:00,DEV_005,26,7,24
DEV_005_2024-11-17 11:00:00,2024-11-17 11:00:00,DEV_005,44,99,63
DEV_005_2024-11-17 12:00:00,2024-11-17 12:00:00,DEV_005,92,34,95
DEV_005_2024-11-17 13:00:00,2024-11-17 13:00:00,DEV_005,96,56,30
DEV_005_2024-11-17 14:00:00,2024-11-17 14:00:00,DEV_005,20,82,82
DEV_005_2024-11-17 15:00:00,2024-11-17 15:00:00,DEV_005,54,23,25
DEV_005_2024-11-17 16:00:00,2024-11-17 16:00:00,DEV_005,19,27,61
DEV_005_2024-11-17 17:00:00,2024-11-17 17:00:00,DEV_005,13,91,85
DEV_005_2024-11-17 18:00:00,2024-11-17 18:00:00,DEV_005,89,87,86
DEV_005_2024-11-17 19:00:00,2024-11-17 19:00:00,DEV_005,40,22,7
DEV_005_2024-11-17 20:00:00,2024-11-17 20:00:00,DEV_005,49,16,53
DEV_005_2024-11-17 21:00:00,2024-11-17 21:00:00,DEV_005,72,15,22
DEV_005_2024-11-17 22:00:00,2024-11-17 22:00:00,DEV_005,85,95,56
DEV_005_2024-11-17 23:00:00,2024-11-17 23:00:00,DEV_005,35,25,91
DEV_005_2024-11-18 00:00:00,2024-11-18 00:00:00,DEV_005,10,94,22
DEV_005_2024-11-18 01:00:00,2024-11-18 01:00:00,DEV_005,44,92,43
DEV_005_2024-11-18 02:00:00,2024-11-18 02:00:00,DEV_005,36,63,52
DEV_005_2024-11-18 03:00:00,2024-11-18 03:00:00,DEV_005,89,37,32
DEV_005_2024-11-18 04:00:00,2024-11-18 04:00:00,DEV_005,30,62,50
DEV_005_2024-11-18 05:00:00,2024-11-18 05:00:00,DEV_005,53,42,30
DEV_005_2024-11-18 06:00:00,2024-11-18 06:00:00,DEV_005,98,9,2
DEV_005_2024-11-18 07:00:00,2024-11-18 07:00:00,DEV_005,81,82,6
DEV_005_2024-11-18 08:00:00,2024-11-18 08:00:00,DEV_005,75,80,64
DEV_005_2024-11-18 09:00:00,2024-11-18 09:00:00,DEV_005,84,85,90
DEV_005_2024-11-18 10:00:00,2024-11-18 10:00:00,DEV_005,8,39,55
DEV_005_2024-11-18 11:00:00,2024-11-18 11:00:00,DEV_005,57,9,12
DEV_005_2024-11-18 12:00:00,2024-11-18 12:00:00,DEV_005,50,5,93
DEV_005_2024-11-18 13:00:00,2024-11-18 13:00:00,DEV_005,4,12,39
DEV_005_2024-11-18 14:00:00,2024-11-18 14:00:00,DEV_005,19,82,59
DEV_005_2024-11-18 15:00:00,2024-11-18 15:00:00,DEV_005,57,62,99
DEV_005_2024-11-18 16:00:00,2024-11-18 16:00:00,DEV_005,59,47,78
DEV_005_2024-11-18 17:00:00,2024-11-18 17:00:00,DEV_005,98,67,47
DEV_005_2024-11-18 18:00:00,2024-11-18 18:00:00,DEV_005,23,13,97
DEV_005_2024-11-18 19:00:00,2024-11-18 19:00:00,DEV_005,9,46,39
DEV_005_2024-11-18 20:00:00,2024-11-18 20:00:00,DEV_005,54,83,61
DEV_005_2024-11-18 21:00:00,2024-11-18 21:00:00,DEV_005,83,83,41
DEV_005_2024-11-18 22:00:00,2024-11-18 22:00:00,DEV_005,74,9,47
DEV_005_2024-11-18 23:00:00,2024-11-18 23:00:00,DEV_005,58,90,26
DEV_005_2024-11-19 00:00:00,2024-11-19 00:00:00,DEV_005,63,38,2
DEV_005_2024-11-19 01:00:00,2024-11-19 01:00:00,DEV_005,4,62,54
DEV_005_2024-11-19 02:00:00,2024-11-19 02:00:00,DEV_005,32,6,56
DEV_005_2024-11-19 03:00:00,2024-11-19 03:00:00,DEV_005,47,74,22
DEV_005_2024-11-19 04:00:00,2024-11-19 04:00:00,DEV_005,87,23,7
DEV_005_2024-11-19 05:00:00,2024-11-19 05:00:00,DEV_005,17,58,59
DEV_005_2024-11-19 06:00:00,2024-11-19 06:00:00,DEV_005,16,32,39
DEV_005_2024-11-19 07:00:00,2024-11-19 07:00:00,DEV_005,94,58,45
DEV_005_2024-11-19 08:00:00,2024-11-19 08:00:00,DEV_005,92,30,69
DEV_005_2024-11-19 09:00:00,2024-11-19 09:00:00,DEV_005,28,98,33
DEV_005_2024-11-19 10:00:00,2024-11-19 10:00:00,DEV_005,35,19,63
DEV_005_2024-11-19 11:00:00,2024-11-19 11:00:00,DEV_005,60,32,24
DEV_005_2024-11-19 12:00:00,2024-11-19 12:00:00,DEV_005,95,13,19
DEV_005_2024-11-19 13:00:00,2024-11-19 13:00:00,DEV_005,97,89,2
DEV_005_2024-11-19 14:00:00,2024-11-19 14:00:00,DEV_005,17,32,86
DEV_005_2024-11-19 15:00:00,2024-11-19 15:00:00,DEV_005,38,46,94
DEV_005_2024-11-19 16:00:00,2024-11-19 16:00:00,DEV_005,73,99,51
DEV_005_2024-11-19 17:00:00,2024-11-19 17:00:00,DEV_005,46,45,47
DEV_005_2024-11-19 18:00:00,2024-11-19 18:00:00,DEV_005,26,51,40
DEV_005_2024-11-19 19:00:00,2024-11-19 19:00:00,DEV_005,43,23,38
DEV_005_2024-11-19 20:00:00,2024-11-19 20:00:00,DEV_005,13,17,9
DEV_005_2024-11-19 21:00:00,2024-11-19 21:00:00,DEV_005,45,74,86
DEV_005_2024-11-19 22:00:00,2024-11-19 22:00:00,DEV_005,51,31,12
DEV_005_2024-11-19 23:00:00,2024-11-19 23:00:00,DEV_005,19,14,64
DEV_005_2024-11-20 00:00:00,2024-11-20 00:00:00,DEV_005,51,38,34
DEV_005_2024-11-20 01:00:00,2024-11-20 01:00:00,DEV_005,43,75,12
DEV_005_2024-11-20 02:00:00,2024-11-20 02:00:00,DEV_005,86,99,63
DEV_005_2024-11-20 03:00:00,2024-11-20 03:00:00,DEV_005,61,84,36
DEV_005_2024-11-20 04:00:00,2024-11-20 04:00:00,DEV_005,94,52,60
DEV_005_2024-11-20 05:00:00,2024-11-20 05:00:00,DEV_005,66,45,47
DEV_005_2024-11-20 06:00:00,2024-11-20 06:00:00,DEV_005,73,38,97
DEV_005_2024-11-20 07:00:00,2024-11-20 07:00:00,DEV_005,97,40,61
DEV_005_2024-11-20 08:00:00,2024-11-20 08:00:00,DEV_005,31,25,15
DEV_005_2024-11-20 09:00:00,2024-11-20 09:00:00,DEV_005,9,30,70
DEV_005_2024-11-20 10:00:00,2024-11-20 10:00:00,DEV_005,10,91,22
DEV_005_2024-11-20 11:00:00,2024-11-20 11:00:00,DEV_005,48,96,45
DEV_005_2024-11-20 12:00:00,2024-11-20 12:00:00,DEV_005,4,10,54
DEV_005_2024-11-20 13:00:00,2024-11-20 13:00:00,DEV_005,19,31,29
DEV_005_2024-11-20 14:00:00,2024-11-20 14:00:00,DEV_005,90,12,95
DEV_005_2024-11-20 15:00:00,2024-11-20 15:00:00,DEV_005,8,78,21
DEV_005_2024-11-20 16:00:00,2024-11-20 16:00:00,DEV_005,76,53,49
DEV_005_2024-11-20 17:00:00,2024-11-20 17:00:00,DEV_005,46,33,76
DEV_005_2024-11-20 18:00:00,2024-11-20 18:00:00,DEV_005,64,80,64
DEV_005_2024-11-20 19:00:00,2024-11-20 19:00:00,DEV_005,85,45,51
DEV_005_2024-11-20 20:00:00,2024-11-20 20:00:00,DEV_005,23,79,80
DEV_005_2024-11-20 21:00:00,2024-11-20 21:00:00,DEV_005,17,30,54
DEV_005_2024-11-20 22:00:00,2024-11-20 22:00:00,DEV_005,84,65,13
DEV_005_2024-11-20 23:00:00,2024-11-20 23:00:00,DEV_005,10,37,65
DEV_005_2024-11-21 00:00:00,2024-11-21 00:00:00,DEV_005,14,14,60
DEV_005_2024-11-21 01:00:00,2024-11-21 01:00:00,DEV_005,10,38,71
DEV_005_2024-11-21 02:00:00,2024-11-21 02:00:00,DEV_005,91,63,2
DEV_005_2024-11-21 03:00:00,2024-11-21 03:00:00,DEV_005,68,17,84
DEV_005_2024-11-21 04:00:00,2024-11-21 04:00:00,DEV_005,71,54,59
DEV_005_2024-11-21 05:00:00,2024-11-21 05:00:00,DEV_005,51,70,63
DEV_005_2024-11-21 06:00:00,2024-11-21 06:00:00,DEV_005,72,10,89
DEV_005_2024-11-21 07:00:00,2024-11-21 07:00:00,DEV_005,4,80,62
DEV_005_2024-11-21 08:00:00,2024-11-21 08:00:00,DEV_005,8,50,88
DEV_005_2024-11-21 09:00:00,2024-11-21 09:00:00,DEV_005,56,82,62
DEV_005_2024-11-21 10:00:00,2024-11-21 10:00:00,DEV_005,68,23,87
DEV_005_2024-11-21 11:00:00,2024-11-21 11:00:00,DEV_005,69,55,12
DEV_005_2024-11-21 12:00:00,2024-11-21 12:00:00,DEV_005,1,6,24
DEV_005_2024-11-21 13:00:00,2024-11-21 13:00:00,DEV_005,61,79,13
DEV_005_2024-11-21 14:00:00,2024-11-21 14:00:00,DEV_005,12,60,92
DEV_005_2024-11-21 15:00:00,2024-11-21 15:00:00,DEV_005,78,38,81
DEV_005_2024-11-21 16:00:00,2024-11-21 16:00:00,DEV_005,75,28,43
DEV_005_2024-11-21 17:00:00,2024-11-21 17:00:00,DEV_005,89,76,84
DEV_005_2024-11-21 18:00:00,2024-11-21 18:00:00,DEV_005,92,57,80
DEV_005_2024-11-21 19:00:00,2024-11-21 19:00:00,DEV_005,8,73,92
DEV_005_2024-11-21 20:00:00,2024-11-21 20:00:00,DEV_005,67,45,41
DEV_005_2024-11-21 21:00:00,2024-11-21 21:00:00,DEV_005,35,44,80
DEV_005_2024-11-21 22:00:00,2024-11-21 22:00:00,DEV_005,5,69,99
DEV_005_2024-11-21 23:00:00,2024-11-21 23:00:00,DEV_005,26,73,64
DEV_005_2024-11-22 00:00:00,2024-11-22 00:00:00,DEV_005,46,94,36
DEV_005_2024-11-22 01:00:00,2024-11-22 01:00:00,DEV_005,27,65,62
DEV_005_2024-11-22 02:00:00,2024-11-22 02:00:00,DEV_005,59,48,90
DEV_005_2024-11-22 03:00:00,2024-11-22 03:00:00,DEV_005,74,4,61
DEV_005_2024-11-22 04:00:00,2024-11-22 04:00:00,DEV_005,48,64,68
DEV_005_2024-11-22 05:00:00,2024-11-22 05:00:00,DEV_005,4,73,34
DEV_005_2024-11-22 06:00:00,2024-11-22 06:00:00,DEV_005,64,69,31
DEV_005_2024-11-22 07:00:00,2024-11-22 07:00:00,DEV_005,97,13,75
DEV_005_2024-11-22 08:00:00,2024-11-22 08:00:00,DEV_005,37,99,40
DEV_005_2024-11-22 09:00:00,2024-11-22 09:00:00,DEV_005,50,49,47
DEV_005_2024-11-22 10:00:00,2024-11-22 10:00:00,DEV_005,18,58,30
DEV_005_2024-11-22 11:00:00,2024-11-22 11:00:00,DEV_005,77,69,70
DEV_005_2024-11-22 12:00:00,2024-11-22 12:00:00,DEV_005,6,45,3
DEV_005_2024-11-22 13:00:00,2024-11-22 13:00:00,DEV_005,50,93,57
DEV_005_2024-11-22 14:00:00,2024-11-22 14:00:00,DEV_005,85,45,72
DEV_005_2024-11-22 15:00:00,2024-11-22 15:00:00,DEV_005,28,49,61
DEV_005_2024-11-22 16:00:00,2024-11-22 16:00:00,DEV_005,76,42,38
DEV_005_2024-11-22 17:00:00,2024-11-22 17:00:00,DEV_005,13,31,64
DEV_005_2024-11-22 18:00:00,2024-11-22 18:00:00,DEV_005,33,96,91
DEV_005_2024-11-22 19:00:00,2024-11-22 19:00:00,DEV_005,18,79,68
DEV_005_2024-11-22 20:00:00,2024-11-22 20:00:00,DEV_005,49,46,52
DEV_005_2024-11-22 21:00:00,2024-11-22 21:00:00,DEV_005,56,43,42
DEV_005_2024-11-22 22:00:00,2024-11-22 22:00:00,DEV_005,75,19,29
DEV_005_2024-11-22 23:00:00,2024-11-22 23:00:00,DEV_005,15,33,61
DEV_005_2024-11-23 00:00:00,2024-11-23 00:00:00,DEV_005,41,96,85
DEV_005_2024-11-23 01:00:00,2024-11-23 01:00:00,DEV_005,55,1,53
DEV_005_2024-11-23 02:00:00,2024-11-23 02:00:00,DEV_005,78,81,90
DEV_005_2024-11-23 03:00:00,2024-11-23 03:00:00,DEV_005,70,7,53
DEV_005_2024-11-23 04:00:00,2024-11-23 04:00:00,DEV_005,57,16,81
DEV_005_2024-11-23 05:00:00,2024-11-23 05:00:00,DEV_005,98,41,24
DEV_005_2024-11-23 06:00:00,2024-11-23 06:00:00,DEV_005,58,37,63
DEV_005_2024-11-23 07:00:00,2024-11-23 07:00:00,DEV_005,10,27,23
DEV_005_2024-11-23 08:00:00,2024-11-23 08:00:00,DEV_005,2,9,37
DEV_005_2024-11-23 09:00:00,2024-11-23 09:00:00,DEV_005,68,31,96
DEV_005_2024-11-23 10:00:00,2024-11-23 10:00:00,DEV_005,85,85,12
DEV_005_2024-11-23 11:00:00,2024-11-23 11:00:00,DEV_005,56,79,15
DEV_005_2024-11-23 12:00:00,2024-11-23 12:00:00,DEV_005,82,20,26
DEV_005_2024-11-23 13:00:00,2024-11-23 13:00:00,DEV_005,49,24,85
DEV_005_2024-11-23 14:00:00,2024-11-23 14:00:00,DEV_005,14,66,52
DEV_005_2024-11-23 15:00:00,2024-11-23 15:00:00,DEV_005,85,95,3
DEV_005_2024-11-23 16:00:00,2024-11-23 16:00:00,DEV_005,84,22,11
DEV_005_2024-11-23 17:00:00,2024-11-23 17:00:00,DEV_005,85,63,17
DEV_005_2024-11-23 18:00:00,2024-11-23 18:00:00,DEV_005,8,34,65
DEV_005_2024-11-23 19:00:00,2024-11-23 19:00:00,DEV_005,14,53,4
DEV_005_2024-11-23 20:00:00,2024-11-23 20:00:00,DEV_005,46,3,41
DEV_005_2024-11-23 21:00:00,2024-11-23 21:00:00,DEV_005,88,45,53
DEV_005_2024-11-23 22:00:00,2024-11-23 22:00:00,DEV_005,74,26,31
DEV_005_2024-11-23 23:00:00,2024-11-23 23:00:00,DEV_005,43,42,40
DEV_005_2024-11-24 00:00:00,2024-11-24 00:00:00,DEV_005,53,74,77
DEV_005_2024-11-24 01:00:00,2024-11-24 01:00:00,DEV_005,72,92,47
DEV_005_2024-11-24 02:00:00,2024-11-24 02:00:00,DEV_005,28,14,23
DEV_005_2024-11-24 03:00:00,2024-11-24 03:00:00,DEV_005,21,59,44
DEV_005_2024-11-24 04:00:00,2024-11-24 04:00:00,DEV_005,97,51,61
DEV_005_2024-11-24 05:00:00,2024-11-24 05:00:00,DEV_005,93,55,63
DEV_005_2024-11-24 06:00:00,2024-11-24 06:00:00,DEV_005,80,10,45
DEV_005_2024-11-24 07:00:00,2024-11-24 07:00:00,DEV_005,82,89,20
DEV_005_2024-11-24 08:00:00,2024-11-24 08:00:00,DEV_005,19,4,5
DEV_005_2024-11-24 09:00:00,2024-11-24 09:00:00,DEV_005,4,64,6
DEV_005_2024-11-24 10:00:00,2024-11-24 10:00:00,DEV_005,11,53,73
DEV_005_2024-11-24 11:00:00,2024-11-24 11:00:00,DEV_005,66,45,9
DEV_005_2024-11-24 12:00:00,2024-11-24 12:00:00,DEV_005,9,73,27
DEV_005_2024-11-24 13:00:00,2024-11-24 13:00:00,DEV_005,41,24,73
DEV_005_2024-11-24 14:00:00,2024-11-24 14:00:00,DEV_005,88,26,45
DEV_005_2024-11-24 15:00:00,2024-11-24 15:00:00,DEV_005,76,48,65
DEV_005_2024-11-24 16:00:00,2024-11-24 16:00:00,DEV_005,65,45,25
DEV_005_2024-11-24 17:00:00,2024-11-24 17:00:00,DEV_005,36,23,91
DEV_005_2024-11-24 18:00:00,2024-11-24 18:00:00,DEV_005,40,82,72
DEV_005_2024-11-24 19:00:00,2024-11-24 19:00:00,DEV_005,22,82,90
DEV_005_2024-11-24 20:00:00,2024-11-24 20:00:00,DEV_005,47,93,86
DEV_005_2024-11-24 21:00:00,2024-11-24 21:00:00,DEV_005,57,15,4
DEV_005_2024-11-24 22:00:00,2024-11-24 22:00:00,DEV_005,32,11,7
DEV_005_2024-11-24 23:00:00,2024-11-24 23:00:00,DEV_005,6,9,16
DEV_005_2024-11-25 00:00:00,2024-11-25 00:00:00,DEV_005,19,70,40
DEV_005_2024-11-25 01:00:00,2024-11-25 01:00:00,DEV_005,7,53,99
DEV_005_2024-11-25 02:00:00,2024-11-25 02:00:00,DEV_005,56,70,31
DEV_005_2024-11-25 03:00:00,2024-11-25 03:00:00,DEV_005,36,61,58
DEV_005_2024-11-25 04:00:00,2024-11-25 04:00:00,DEV_005,69,12,71
DEV_005_2024-11-25 05:00:00,2024-11-25 05:00:00,DEV_005,85,82,14
DEV_005_2024-11-25 06:00:00,2024-11-25 06:00:00,DEV_005,4,40,89
DEV_005_2024-11-25 07:00:00,2024-11-25 07:00:00,DEV_005,89,55,33
DEV_005_2024-11-25 08:00:00,2024-11-25 08:00:00,DEV_005,15,31,17
DEV_005_2024-11-25 09:00:00,2024-11-25 09:00:00,DEV_005,84,47,69
DEV_005_2024-11-25 10:00:00,2024-11-25 10:00:00,DEV_005,93,38,68
DEV_005_2024-11-25 11:00:00,2024-11-25 11:00:00,DEV_005,67,42,7
DEV_005_2024-11-25 12:00:00,2024-11-25 12:00:00,DEV_005,63,54,34
DEV_005_2024-11-25 13:00:00,2024-11-25 13:00:00,DEV_005,66,23,56
DEV_005_2024-11-25 14:00:00,2024-11-25 14:00:00,DEV_005,82,31,12
DEV_005_2024-11-25 15:00:00,2024-11-25 15:00:00,DEV_005,47,13,6
DEV_005_2024-11-25 16:00:00,2024-11-25 16:00:00,DEV_005,6,94,96
DEV_005_2024-11-25 17:00:00,2024-11-25 17:00:00,DEV_005,28,52,91
DEV_005_2024-11-25 18:00:00,2024-11-25 18:00:00,DEV_005,40,97,42
DEV_005_2024-11-25 19:00:00,2024-11-25 19:00:00,DEV_005,81,77,80
DEV_005_2024-11-25 20:00:00,2024-11-25 20:00:00,DEV_005,26,91,57
DEV_005_2024-11-25 21:00:00,2024-11-25 21:00:00,DEV_005,28,89,46
DEV_005_2024-11-25 22:00:00,2024-11-25 22:00:00,DEV_005,49,87,51
DEV_005_2024-11-25 23:00:00,2024-11-25 23:00:00,DEV_005,22,79,36
DEV_005_2024-11-26 00:00:00,2024-11-26 00:00:00,DEV_005,71,61,86
DEV_005_2024-11-26 01:00:00,2024-11-26 01:00:00,DEV_005,94,10,25
DEV_005_2024-11-26 02:00:00,2024-11-26 02:00:00,DEV_005,45,19,99
DEV_005_2024-11-26 03:00:00,2024-11-26 03:00:00,DEV_005,1,32,31
DEV_005_2024-11-26 04:00:00,2024-11-26 04:00:00,DEV_005,33,49,15
DEV_005_2024-11-26 05:00:00,2024-11-26 05:00:00,DEV_005,12,20,65
DEV_005_2024-11-26 06:00:00,2024-11-26 06:00:00,DEV_005,7,73,86
DEV_005_2024-11-26 07:00:00,2024-11-26 07:00:00,DEV_005,62,47,46
DEV_005_2024-11-26 08:00:00,2024-11-26 08:00:00,DEV_005,47,34,95
DEV_005_2024-11-26 09:00:00,2024-11-26 09:00:00,DEV_005,9,68,79
DEV_005_2024-11-26 10:00:00,2024-11-26 10:00:00,DEV_005,13,76,98
DEV_005_2024-11-26 11:00:00,2024-11-26 11:00:00,DEV_005,60,41,73
DEV_005_2024-11-26 12:00:00,2024-11-26 12:00:00,DEV_005,95,40,21
DEV_005_2024-11-26 13:00:00,2024-11-26 13:00:00,DEV_005,74,65,84
DEV_005_2024-11-26 14:00:00,2024-11-26 14:00:00,DEV_005,19,13,81
DEV_005_2024-11-26 15:00:00,2024-11-26 15:00:00,DEV_005,93,5,52
DEV_005_2024-11-26 16:00:00,2024-11-26 16:00:00,DEV_005,15,80,28
DEV_005_2024-11-26 17:00:00,2024-11-26 17:00:00,DEV_005,98,14,74
DEV_005_2024-11-26 18:00:00,2024-11-26 18:00:00,DEV_005,22,83,5
DEV_005_2024-11-26 19:00:00,2024-11-26 19:00:00,DEV_005,7,12,70
DEV_005_2024-11-26 20:00:00,2024-11-26 20:00:00,DEV_005,87,71,27
DEV_005_2024-11-26 21:00:00,2024-11-26 21:00:00,DEV_005,10,80,42
DEV_005_2024-11-26 22:00:00,2024-11-26 22:00:00,DEV_005,17,65,61
DEV_005_2024-11-26 23:00:00,2024-11-26 23:00:00,DEV_005,62,83,90
DEV_005_2024-11-27 00:00:00,2024-11-27 00:00:00,DEV_005,53,40,4
DEV_005_2024-11-27 01:00:00,2024-11-27 01:00:00,DEV_005,76,59,33
DEV_005_2024-11-27 02:00:00,2024-11-27 02:00:00,DEV_005,85,92,54
DEV_005_2024-11-27 03:00:00,2024-11-27 03:00:00,DEV_005,58,94,3
DEV_005_2024-11-27 04:00:00,2024-11-27 04:00:00,DEV_005,42,65,66
DEV_005_2024-11-27 05:00:00,2024-11-27 05:00:00,DEV_005,51,53,95
DEV_005_2024-11-27 06:00:00,2024-11-27 06:00:00,DEV_005,75,76,56
DEV_005_2024-11-27 07:00:00,2024-11-27 07:00:00,DEV_005,2,84,49
DEV_005_2024-11-27 08:00:00,2024-11-27 08:00:00,DEV_005,12,47,44
DEV_005_2024-11-27 09:00:00,2024-11-27 09:00:00,DEV_005,56,59,77
DEV_005_2024-11-27 10:00:00,2024-11-27 10:00:00,DEV_005,48,55,30
DEV_005_2024-11-27 11:00:00,2024-11-27 11:00:00,DEV_005,5,94,22
DEV_005_2024-11-27 12:00:00,2024-11-27 12:00:00,DEV_005,54,53,67
DEV_005_2024-11-27 13:00:00,2024-11-27 13:00:00,DEV_005,65,66,15
DEV_005_2024-11-27 14:00:00,2024-11-27 14:00:00,DEV_005,16,45,95
DEV_005_2024-11-27 15:00:00,2024-11-27 15:00:00,DEV_005,33,44,7
DEV_005_2024-11-27 16:00:00,2024-11-27 16:00:00,DEV_005,78,84,61
DEV_005_2024-11-27 17:00:00,2024-11-27 17:00:00,DEV_005,74,1,61
DEV_005_2024-11-27 18:00:00,2024-11-27 18:00:00,DEV_005,63,74,36
DEV_005_2024-11-27 19:00:00,2024-11-27 19:00:00,DEV_005,33,21,61
DEV_005_2024-11-27 20:00:00,2024-11-27 20:00:00,DEV_005,89,56,94
DEV_005_2024-11-27 21:00:00,2024-11-27 21:00:00,DEV_005,81,43,15
DEV_005_2024-11-27 22:00:00,2024-11-27 22:00:00,DEV_005,35,73,56
DEV_005_2024-11-27 23:00:00,2024-11-27 23:00:00,DEV_005,44,15,36
DEV_005_2024-11-28 00:00:00,2024-11-28 00:00:00,DEV_005,12,53,75
DEV_005_2024-11-28 01:00:00,2024-11-28 01:00:00,DEV_005,54,46,45
DEV_005_2024-11-28 02:00:00,2024-11-28 02:00:00,DEV_005,34,11,15
DEV_005_2024-11-28 03:00:00,2024-11-28 03:00:00,DEV_005,85,89,3
DEV_005_2024-11-28 04:00:00,2024-11-28 04:00:00,DEV_005,88,93,97
DEV_005_2024-11-28 05:00:00,2024-11-28 05:00:00,DEV_005,27,77,65
DEV_005_2024-11-28 06:00:00,2024-11-28 06:00:00,DEV_005,49,16,65
DEV_005_2024-11-28 07:00:00,2024-11-28 07:00:00,DEV_005,76,82,85
DEV_005_2024-11-28 08:00:00,2024-11-28 08:00:00,DEV_005,26,20,59
DEV_005_2024-11-28 09:00:00,2024-11-28 09:00:00,DEV_005,54,76,4
DEV_005_2024-11-28 10:00:00,2024-11-28 10:00:00,DEV_005,65,2,89
DEV_005_2024-11-28 11:00:00,2024-11-28 11:00:00,DEV_005,5,64,90
DEV_005_2024-11-28 12:00:00,2024-11-28 12:00:00,DEV_005,29,95,19
DEV_005_2024-11-28 13:00:00,2024-11-28 13:00:00,DEV_005,2,64,58
DEV_005_2024-11-28 14:00:00,2024-11-28 14:00:00,DEV_005,20,69,18
DEV_005_2024-11-28 15:00:00,2024-11-28 15:00:00,DEV_005,76,49,71
DEV_005_2024-11-28 16:00:00,2024-11-28 16:00:00,DEV_005,56,16,63
DEV_005_2024-11-28 17:00:00,2024-11-28 17:00:00,DEV_005,4,1,99
DEV_005_2024-11-28 18:00:00,2024-11-28 18:00:00,DEV_005,15,13,64
DEV_005_2024-11-28 19:00:00,2024-11-28 19:00:00,DEV_005,1,88,9
DEV_005_2024-11-28 20:00:00,2024-11-28 20:00:00,DEV_005,44,80,36
DEV_005_2024-11-28 21:00:00,2024-11-28 21:00:00,DEV_005,65,35,82
DEV_005_2024-11-28 22:00:00,2024-11-28 22:00:00,DEV_005,37,33,15
DEV_005_2024-11-28 23:00:00,2024-11-28 23:00:00,DEV_005,93,68,10
DEV_005_2024-11-29 00:00:00,2024-11-29 00:00:00,DEV_005,42,15,54
DEV_005_2024-11-29 01:00:00,2024-11-29 01:00:00,DEV_005,45,91,35
DEV_005_2024-11-29 02:00:00,2024-11-29 02:00:00,DEV_005,10,14,84
DEV_005_2024-11-29 03:00:00,2024-11-29 03:00:00,DEV_005,92,78,36
DEV_005_2024-11-29 04:00:00,2024-11-29 04:00:00,DEV_005,17,22,82
DEV_005_2024-11-29 05:00:00,2024-11-29 05:00:00,DEV_005,9,49,50
DEV_005_2024-11-29 06:00:00,2024-11-29 06:00:00,DEV_005,55,10,17
DEV_005_2024-11-29 07:00:00,2024-11-29 07:00:00,DEV_005,67,45,26
DEV_005_2024-11-29 08:00:00,2024-11-29 08:00:00,DEV_005,75,14,77
DEV_005_2024-11-29 09:00:00,2024-11-29 09:00:00,DEV_005,77,97,18
DEV_005_2024-11-29 10:00:00,2024-11-29 10:00:00,DEV_005,11,45,2
DEV_005_2024-11-29 11:00:00,2024-11-29 11:00:00,DEV_005,94,80,25
DEV_005_2024-11-29 12:00:00,2024-11-29 12:00:00,DEV_005,99,7,14
DEV_005_2024-11-29 13:00:00,2024-11-29 13:00:00,DEV_005,62,57,81
DEV_005_2024-11-29 14:00:00,2024-11-29 14:00:00,DEV_005,32,87,75
DEV_005_2024-11-29 15:00:00,2024-11-29 15:00:00,DEV_005,72,13,67
DEV_005_2024-11-29 16:00:00,2024-11-29 16:00:00,DEV_005,81,91,58
DEV_005_2024-11-29 17:00:00,2024-11-29 17:00:00,DEV_005,83,28,30
DEV_005_2024-11-29 18:00:00,2024-11-29 18:00:00,DEV_005,66,13,81
DEV_005_2024-11-29 19:00:00,2024-11-29 19:00:00,DEV_005,82,34,75
DEV_005_2024-11-29 20:00:00,2024-11-29 20:00:00,DEV_005,58,64,49
DEV_005_2024-11-29 21:00:00,2024-11-29 21:00:00,DEV_005,84,31,39
DEV_005_2024-11-29 22:00:00,2024-11-29 22:00:00,DEV_005,9,29,20
DEV_005_2024-11-29 23:00:00,2024-11-29 23:00:00,DEV_005,53,64,60
DEV_005_2024-11-30 00:00:00,2024-11-30 00:00:00,DEV_005,72,98,65
DEV_005_2024-11-30 01:00:00,2024-11-30 01:00:00,DEV_005,95,54,32
DEV_005_2024-11-30 02:00:00,2024-11-30 02:00:00,DEV_005,53,65,42
DEV_005_2024-11-30 03:00:00,2024-11-30 03:00:00,DEV_005,98,28,30
DEV_005_2024-11-30 04:00:00,2024-11-30 04:00:00,DEV_005,12,27,10
DEV_005_2024-11-30 05:00:00,2024-11-30 05:00:00,DEV_005,65,9,57
DEV_005_2024-11-30 06:00:00,2024-11-30 06:00:00,DEV_005,77,80,88
DEV_005_2024-11-30 07:00:00,2024-11-30 07:00:00,DEV_005,47,24,50
DEV_005_2024-11-30 08:00:00,2024-11-30 08:00:00,DEV_005,6,30,15
DEV_005_2024-11-30 09:00:00,2024-11-30 09:00:00,DEV_005,9,18,53
DEV_005_2024-11-30 10:00:00,2024-11-30 10:00:00,DEV_005,50,40,34
DEV_005_2024-11-30 11:00:00,2024-11-30 11:00:00,DEV_005,72,78,78
DEV_005_2024-11-30 12:00:00,2024-11-30 12:00:00,DEV_005,84,29,23
DEV_005_2024-11-30 13:00:00,2024-11-30 13:00:00,DEV_005,23,66,77
DEV_005_2024-11-30 14:00:00,2024-11-30 14:00:00,DEV_005,87,59,64
DEV_005_2024-11-30 15:00:00,2024-11-30 15:00:00,DEV_005,48,60,20
DEV_005_2024-11-30 16:00:00,2024-11-30 16:00:00,DEV_005,57,2,36
DEV_005_2024-11-30 17:00:00,2024-11-30 17:00:00,DEV_005,81,48,57
DEV_005_2024-11-30 18:00:00,2024-11-30 18:00:00,DEV_005,73,49,38
DEV_005_2024-11-30 19:00:00,2024-11-30 19:00:00,DEV_005,77,37,99
DEV_005_2024-11-30 20:00:00,2024-11-30 20:00:00,DEV_005,73,30,53
DEV_005_2024-11-30 21:00:00,2024-11-30 21:00:00,DEV_005,5,20,36
DEV_005_2024-11-30 22:00:00,2024-11-30 22:00:00,DEV_005,29,87,94
DEV_005_2024-11-30 23:00:00,2024-11-30 23:00:00,DEV_005,9,71,75
DEV_005_2024-12-01 00:00:00,2024-12-01 00:00:00,DEV_005,77,90,74
DEV_005_2024-12-01 01:00:00,2024-12-01 01:00:00,DEV_005,85,81,61
DEV_005_2024-12-01 02:00:00,2024-12-01 02:00:00,DEV_005,61,70,18
DEV_005_2024-12-01 03:00:00,2024-12-01 03:00:00,DEV_005,72,56,60
DEV_005_2024-12-01 04:00:00,2024-12-01 04:00:00,DEV_005,91,87,36
DEV_005_2024-12-01 05:00:00,2024-12-01 05:00:00,DEV_005,33,49,68
DEV_005_2024-12-01 06:00:00,2024-12-01 06:00:00,DEV_005,46,95,55
DEV_005_2024-12-01 07:00:00,2024-12-01 07:00:00,DEV_005,60,74,75
DEV_005_2024-12-01 08:00:00,2024-12-01 08:00:00,DEV_005,17,81,76
DEV_005_2024-12-01 09:00:00,2024-12-01 09:00:00,DEV_005,2,5,11
DEV_005_2024-12-01 10:00:00,2024-12-01 10:00:00,DEV_005,34,91,70
DEV_005_2024-12-01 11:00:00,2024-12-01 11:00:00,DEV_005,23,79,61
DEV_005_2024-12-01 12:00:00,2024-12-01 12:00:00,DEV_005,91,91,17
DEV_005_2024-12-01 13:00:00,2024-12-01 13:00:00,DEV_005,71,70,99
DEV_005_2024-12-01 14:00:00,2024-12-01 14:00:00,DEV_005,36,38,81
DEV_005_2024-12-01 15:00:00,2024-12-01 15:00:00,DEV_005,92,60,65
DEV_005_2024-12-01 16:00:00,2024-12-01 16:00:00,DEV_005,85,31,22
DEV_005_2024-12-01 17:00:00,2024-12-01 17:00:00,DEV_005,40,41,74
DEV_005_2024-12-01 18:00:00,2024-12-01 18:00:00,DEV_005,92,27,77
DEV_005_2024-12-01 19:00:00,2024-12-01 19:00:00,DEV_005,65,52,86
DEV_005_2024-12-01 20:00:00,2024-12-01 20:00:00,DEV_005,87,53,34
DEV_005_2024-12-01 21:00:00,2024-12-01 21:00:00,DEV_005,75,22,49
DEV_005_2024-12-01 22:00:00,2024-12-01 22:00:00,DEV_005,5,10,73
DEV_005_2024-12-01 23:00:00,2024-12-01 23:00:00,DEV_005,57,81,80
DEV_005_2024-12-02 00:00:00,2024-12-02 00:00:00,DEV_005,74,55,21
DEV_005_2024-12-02 01:00:00,2024-12-02 01:00:00,DEV_005,66,47,36
DEV_005_2024-12-02 02:00:00,2024-12-02 02:00:00,DEV_005,33,73,17
DEV_005_2024-12-02 03:00:00,2024-12-02 03:00:00,DEV_005,97,12,13
DEV_005_2024-12-02 04:00:00,2024-12-02 04:00:00,DEV_005,46,65,40
DEV_005_2024-12-02 05:00:00,2024-12-02 05:00:00,DEV_005,86,74,48
DEV_005_2024-12-02 06:00:00,2024-12-02 06:00:00,DEV_005,57,38,49
DEV_005_2024-12-02 07:00:00,2024-12-02 07:00:00,DEV_005,40,52,32
DEV_005_2024-12-02 08:00:00,2024-12-02 08:00:00,DEV_005,13,65,88
DEV_005_2024-12-02 09:00:00,2024-12-02 09:00:00,DEV_005,36,86,42
DEV_005_2024-12-02 10:00:00,2024-12-02 10:00:00,DEV_005,12,82,85
DEV_005_2024-12-02 11:00:00,2024-12-02 11:00:00,DEV_005,94,68,67
DEV_005_2024-12-02 12:00:00,2024-12-02 12:00:00,DEV_005,2,68,68
DEV_005_2024-12-02 13:00:00,2024-12-02 13:00:00,DEV_005,8,74,55
DEV_005_2024-12-02 14:00:00,2024-12-02 14:00:00,DEV_005,93,33,94
DEV_005_2024-12-02 15:00:00,2024-12-02 15:00:00,DEV_005,22,56,58
DEV_005_2024-12-02 16:00:00,2024-12-02 16:00:00,DEV_005,28,29,48
DEV_005_2024-12-02 17:00:00,2024-12-02 17:00:00,DEV_005,64,37,13
DEV_005_2024-12-02 18:00:00,2024-12-02 18:00:00,DEV_005,70,93,79
DEV_005_2024-12-02 19:00:00,2024-12-02 19:00:00,DEV_005,67,3,74
DEV_005_2024-12-02 20:00:00,2024-12-02 20:00:00,DEV_005,64,59,47
DEV_005_2024-12-02 21:00:00,2024-12-02 21:00:00,DEV_005,96,2,61
DEV_005_2024-12-02 22:00:00,2024-12-02 22:00:00,DEV_005,55,17,86
DEV_005_2024-12-02 23:00:00,2024-12-02 23:00:00,DEV_005,58,43,64
DEV_005_2024-12-03 00:00:00,2024-12-03 00:00:00,DEV_005,46,86,69
DEV_005_2024-12-03 01:00:00,2024-12-03 01:00:00,DEV_005,61,40,91
DEV_005_2024-12-03 02:00:00,2024-12-03 02:00:00,DEV_005,5,97,33
DEV_005_2024-12-03 03:00:00,2024-12-03 03:00:00,DEV_005,62,26,86
DEV_005_2024-12-03 04:00:00,2024-12-03 04:00:00,DEV_005,81,27,63
DEV_005_2024-12-03 05:00:00,2024-12-03 05:00:00,DEV_005,2,46,20
DEV_005_2024-12-03 06:00:00,2024-12-03 06:00:00,DEV_005,37,39,44
DEV_005_2024-12-03 07:00:00,2024-12-03 07:00:00,DEV_005,15,31,50
DEV_005_2024-12-03 08:00:00,2024-12-03 08:00:00,DEV_005,92,7,39
DEV_005_2024-12-03 09:00:00,2024-12-03 09:00:00,DEV_005,1,7,71
DEV_005_2024-12-03 10:00:00,2024-12-03 10:00:00,DEV_005,9,59,75
DEV_005_2024-12-03 11:00:00,2024-12-03 11:00:00,DEV_005,23,52,38
DEV_005_2024-12-03 12:00:00,2024-12-03 12:00:00,DEV_005,18,16,46
DEV_005_2024-12-03 13:00:00,2024-12-03 13:00:00,DEV_005,5,46,89
DEV_005_2024-12-03 14:00:00,2024-12-03 14:00:00,DEV_005,69,94,43
DEV_005_2024-12-03 15:00:00,2024-12-03 15:00:00,DEV_005,56,89,68
DEV_005_2024-12-03 16:00:00,2024-12-03 16:00:00,DEV_005,83,96,76
DEV_005_2024-12-03 17:00:00,2024-12-03 17:00:00,DEV_005,71,70,44
DEV_005_2024-12-03 18:00:00,2024-12-03 18:00:00,DEV_005,17,14,66
DEV_005_2024-12-03 19:00:00,2024-12-03 19:00:00,DEV_005,76,75,97
DEV_005_2024-12-03 20:00:00,2024-12-03 20:00:00,DEV_005,60,66,88
DEV_005_2024-12-03 21:00:00,2024-12-03 21:00:00,DEV_005,80,3,40
DEV_005_2024-12-03 22:00:00,2024-12-03 22:00:00,DEV_005,40,73,5
DEV_005_2024-12-03 23:00:00,2024-12-03 23:00:00,DEV_005,43,1,16
DEV_005_2024-12-04 00:00:00,2024-12-04 00:00:00,DEV_005,25,89,83
DEV_005_2024-12-04 01:00:00,2024-12-04 01:00:00,DEV_005,61,82,91
DEV_005_2024-12-04 02:00:00,2024-12-04 02:00:00,DEV_005,9,85,69
DEV_005_2024-12-04 03:00:00,2024-12-04 03:00:00,DEV_005,30,8,28
DEV_005_2024-12-04 04:00:00,2024-12-04 04:00:00,DEV_005,81,52,21
DEV_005_2024-12-04 05:00:00,2024-12-04 05:00:00,DEV_005,18,10,70
DEV_005_2024-12-04 06:00:00,2024-12-04 06:00:00,DEV_005,87,82,58
DEV_005_2024-12-04 07:00:00,2024-12-04 07:00:00,DEV_005,14,96,53
DEV_005_2024-12-04 08:00:00,2024-12-04 08:00:00,DEV_005,84,54,57
DEV_005_2024-12-04 09:00:00,2024-12-04 09:00:00,DEV_005,5,89,35
DEV_005_2024-12-04 10:00:00,2024-12-04 10:00:00,DEV_005,63,86,8
DEV_005_2024-12-04 11:00:00,2024-12-04 11:00:00,DEV_005,35,75,65
DEV_005_2024-12-04 12:00:00,2024-12-04 12:00:00,DEV_005,96,26,32
DEV_005_2024-12-04 13:00:00,2024-12-04 13:00:00,DEV_005,96,34,13
DEV_005_2024-12-04 14:00:00,2024-12-04 14:00:00,DEV_005,79,38,67
DEV_005_2024-12-04 15:00:00,2024-12-04 15:00:00,DEV_005,80,66,79
DEV_005_2024-12-04 16:00:00,2024-12-04 16:00:00,DEV_005,43,68,13
DEV_005_2024-12-04 17:00:00,2024-12-04 17:00:00,DEV_005,39,16,42
DEV_005_2024-12-04 18:00:00,2024-12-04 18:00:00,DEV_005,73,99,48
DEV_005_2024-12-04 19:00:00,2024-12-04 19:00:00,DEV_005,26,91,80
DEV_005_2024-12-04 20:00:00,2024-12-04 20:00:00,DEV_005,54,74,21
DEV_005_2024-12-04 21:00:00,2024-12-04 21:00:00,DEV_005,58,91,16
DEV_005_2024-12-04 22:00:00,2024-12-04 22:00:00,DEV_005,95,89,51
DEV_005_2024-12-04 23:00:00,2024-12-04 23:00:00,DEV_005,13,55,36
DEV_005_2024-12-05 00:00:00,2024-12-05 00:00:00,DEV_005,94,6,39
DEV_005_2024-12-05 01:00:00,2024-12-05 01:00:00,DEV_005,97,6,5
DEV_005_2024-12-05 02:00:00,2024-12-05 02:00:00,DEV_005,42,93,82
DEV_005_2024-12-05 03:00:00,2024-12-05 03:00:00,DEV_005,14,74,42
DEV_005_2024-12-05 04:00:00,2024-12-05 04:00:00,DEV_005,80,43,72
DEV_005_2024-12-05 05:00:00,2024-12-05 05:00:00,DEV_005,8,55,83
DEV_005_2024-12-05 06:00:00,2024-12-05 06:00:00,DEV_005,38,87,87
DEV_005_2024-12-05 07:00:00,2024-12-05 07:00:00,DEV_005,93,11,70
DEV_005_2024-12-05 08:00:00,2024-12-05 08:00:00,DEV_005,34,94,43
DEV_005_2024-12-05 09:00:00,2024-12-05 09:00:00,DEV_005,16,4,82
DEV_005_2024-12-05 10:00:00,2024-12-05 10:00:00,DEV_005,53,40,38
DEV_005_2024-12-05 11:00:00,2024-12-05 11:00:00,DEV_005,61,29,38
DEV_005_2024-12-05 12:00:00,2024-12-05 12:00:00,DEV_005,73,51,56
DEV_005_2024-12-05 13:00:00,2024-12-05 13:00:00,DEV_005,91,17,11
DEV_005_2024-12-05 14:00:00,2024-12-05 14:00:00,DEV_005,97,63,8
DEV_005_2024-12-05 15:00:00,2024-12-05 15:00:00,DEV_005,76,3,44
DEV_005_2024-12-05 16:00:00,2024-12-05 16:00:00,DEV_005,75,74,87
DEV_005_2024-12-05 17:00:00,2024-12-05 17:00:00,DEV_005,15,34,26
DEV_005_2024-12-05 18:00:00,2024-12-05 18:00:00,DEV_005,62,98,17
DEV_005_2024-12-05 19:00:00,2024-12-05 19:00:00,DEV_005,49,7,26
DEV_005_2024-12-05 20:00:00,2024-12-05 20:00:00,DEV_005,42,91,15
DEV_005_2024-12-05 21:00:00,2024-12-05 21:00:00,DEV_005,96,35,88
DEV_005_2024-12-05 22:00:00,2024-12-05 22:00:00,DEV_005,85,18,62
DEV_005_2024-12-05 23:00:00,2024-12-05 23:00:00,DEV_005,38,55,83
DEV_005_2024-12-06 00:00:00,2024-12-06 00:00:00,DEV_005,23,54,23
DEV_005_2024-12-06 01:00:00,2024-12-06 01:00:00,DEV_005,34,1,8
DEV_005_2024-12-06 02:00:00,2024-12-06 02:00:00,DEV_005,8,89,7
DEV_005_2024-12-06 03:00:00,2024-12-06 03:00:00,DEV_005,80,35,63
DEV_005_2024-12-06 04:00:00,2024-12-06 04:00:00,DEV_005,17,86,91
DEV_005_2024-12-06 05:00:00,2024-12-06 05:00:00,DEV_005,37,75,3
DEV_005_2024-12-06 06:00:00,2024-12-06 06:00:00,DEV_005,78,18,61
DEV_005_2024-12-06 07:00:00,2024-12-06 07:00:00,DEV_005,57,9,8
DEV_005_2024-12-06 08:00:00,2024-12-06 08:00:00,DEV_005,68,50,1
DEV_005_2024-12-06 09:00:00,2024-12-06 09:00:00,DEV_005,14,90,99
DEV_005_2024-12-06 10:00:00,2024-12-06 10:00:00,DEV_005,55,39,9
DEV_005_2024-12-06 11:00:00,2024-12-06 11:00:00,DEV_005,72,21,43
DEV_005_2024-12-06 12:00:00,2024-12-06 12:00:00,DEV_005,59,96,71
DEV_005_2024-12-06 13:00:00,2024-12-06 13:00:00,DEV_005,16,32,96
DEV_005_2024-12-06 14:00:00,2024-12-06 14:00:00,DEV_005,50,35,74
DEV_005_2024-12-06 15:00:00,2024-12-06 15:00:00,DEV_005,96,23,84
DEV_005_2024-12-06 16:00:00,2024-12-06 16:00:00,DEV_005,1,31,71
DEV_005_2024-12-06 17:00:00,2024-12-06 17:00:00,DEV_005,48,27,2
DEV_005_2024-12-06 18:00:00,2024-12-06 18:00:00,DEV_005,92,98,22
DEV_005_2024-12-06 19:00:00,2024-12-06 19:00:00,DEV_005,74,23,50
DEV_005_2024-12-06 20:00:00,2024-12-06 20:00:00,DEV_005,83,58,44
DEV_005_2024-12-06 21:00:00,2024-12-06 21:00:00,DEV_005,10,23,63
DEV_005_2024-12-06 22:00:00,2024-12-06 22:00:00,DEV_005,55,92,58
DEV_005_2024-12-06 23:00:00,2024-12-06 23:00:00,DEV_005,78,13,90
DEV_005_2024-12-07 00:00:00,2024-12-07 00:00:00,DEV_005,89,13,29
DEV_005_2024-12-07 01:00:00,2024-12-07 01:00:00,DEV_005,2,99,52
DEV_005_2024-12-07 02:00:00,2024-12-07 02:00:00,DEV_005,54,92,9
DEV_005_2024-12-07 03:00:00,2024-12-07 03:00:00,DEV_005,28,64,36
DEV_005_2024-12-07 04:00:00,2024-12-07 04:00:00,DEV_005,3,69,36
DEV_005_2024-12-07 05:00:00,2024-12-07 05:00:00,DEV_005,69,26,14
DEV_005_2024-12-07 06:00:00,2024-12-07 06:00:00,DEV_005,89,67,19
DEV_005_2024-12-07 07:00:00,2024-12-07 07:00:00,DEV_005,29,84,75
DEV_005_2024-12-07 08:00:00,2024-12-07 08:00:00,DEV_005,76,36,73
DEV_005_2024-12-07 09:00:00,2024-12-07 09:00:00,DEV_005,46,56,93
DEV_005_2024-12-07 10:00:00,2024-12-07 10:00:00,DEV_005,10,67,64
DEV_005_2024-12-07 11:00:00,2024-12-07 11:00:00,DEV_005,82,65,32
DEV_005_2024-12-07 12:00:00,2024-12-07 12:00:00,DEV_005,14,4,68
DEV_005_2024-12-07 13:00:00,2024-12-07 13:00:00,DEV_005,56,1,99
DEV_005_2024-12-07 14:00:00,2024-12-07 14:00:00,DEV_005,79,99,4
DEV_005_2024-12-07 15:00:00,2024-12-07 15:00:00,DEV_005,15,87,97
DEV_005_2024-12-07 16:00:00,2024-12-07 16:00:00,DEV_005,55,40,57
DEV_005_2024-12-07 17:00:00,2024-12-07 17:00:00,DEV_005,7,68,69
DEV_005_2024-12-07 18:00:00,2024-12-07 18:00:00,DEV_005,10,51,76
DEV_005_2024-12-07 19:00:00,2024-12-07 19:00:00,DEV_005,97,34,98
DEV_005_2024-12-07 20:00:00,2024-12-07 20:00:00,DEV_005,56,55,25
DEV_005_2024-12-07 21:00:00,2024-12-07 21:00:00,DEV_005,19,4,88
DEV_005_2024-12-07 22:00:00,2024-12-07 22:00:00,DEV_005,32,32,80
DEV_005_2024-12-07 23:00:00,2024-12-07 23:00:00,DEV_005,22,79,84
DEV_005_2024-12-08 00:00:00,2024-12-08 00:00:00,DEV_005,58,47,28
DEV_005_2024-12-08 01:00:00,2024-12-08 01:00:00,DEV_005,74,80,47
DEV_005_2024-12-08 02:00:00,2024-12-08 02:00:00,DEV_005,55,81,93
DEV_005_2024-12-08 03:00:00,2024-12-08 03:00:00,DEV_005,17,42,94
DEV_005_2024-12-08 04:00:00,2024-12-08 04:00:00,DEV_005,94,42,20
DEV_005_2024-12-08 05:00:00,2024-12-08 05:00:00,DEV_005,40,28,74
DEV_005_2024-12-08 06:00:00,2024-12-08 06:00:00,DEV_005,27,2,55
DEV_005_2024-12-08 07:00:00,2024-12-08 07:00:00,DEV_005,4,42,96
DEV_005_2024-12-08 08:00:00,2024-12-08 08:00:00,DEV_005,38,66,78
DEV_005_2024-12-08 09:00:00,2024-12-08 09:00:00,DEV_005,38,43,51
DEV_005_2024-12-08 10:00:00,2024-12-08 10:00:00,DEV_005,91,14,49
DEV_005_2024-12-08 11:00:00,2024-12-08 11:00:00,DEV_005,1,23,38
DEV_005_2024-12-08 12:00:00,2024-12-08 12:00:00,DEV_005,14,9,22
DEV_005_2024-12-08 13:00:00,2024-12-08 13:00:00,DEV_005,34,42,54
DEV_005_2024-12-08 14:00:00,2024-12-08 14:00:00,DEV_005,45,14,13
DEV_005_2024-12-08 15:00:00,2024-12-08 15:00:00,DEV_005,99,51,81
DEV_005_2024-12-08 16:00:00,2024-12-08 16:00:00,DEV_005,97,90,18
DEV_005_2024-12-08 17:00:00,2024-12-08 17:00:00,DEV_005,92,81,49
DEV_005_2024-12-08 18:00:00,2024-12-08 18:00:00,DEV_005,3,86,64
DEV_005_2024-12-08 19:00:00,2024-12-08 19:00:00,DEV_005,16,28,77
DEV_005_2024-12-08 20:00:00,2024-12-08 20:00:00,DEV_005,68,86,67
DEV_005_2024-12-08 21:00:00,2024-12-08 21:00:00,DEV_005,55,16,62
DEV_005_2024-12-08 22:00:00,2024-12-08 22:00:00,DEV_005,95,62,70
DEV_005_2024-12-08 23:00:00,2024-12-08 23:00:00,DEV_005,49,47,22
DEV_005_2024-12-09 00:00:00,2024-12-09 00:00:00,DEV_005,24,9,76
DEV_005_2024-12-09 01:00:00,2024-12-09 01:00:00,DEV_005,55,14,41
DEV_005_2024-12-09 02:00:00,2024-12-09 02:00:00,DEV_005,88,41,16
DEV_005_2024-12-09 03:00:00,2024-12-09 03:00:00,DEV_005,94,55,90
DEV_005_2024-12-09 04:00:00,2024-12-09 04:00:00,DEV_005,22,49,77
DEV_005_2024-12-09 05:00:00,2024-12-09 05:00:00,DEV_005,26,78,34
DEV_005_2024-12-09 06:00:00,2024-12-09 06:00:00,DEV_005,40,47,93
DEV_005_2024-12-09 07:00:00,2024-12-09 07:00:00,DEV_005,26,33,82
DEV_005_2024-12-09 08:00:00,2024-12-09 08:00:00,DEV_005,80,19,15
DEV_005_2024-12-09 09:00:00,2024-12-09 09:00:00,DEV_005,20,84,5
DEV_005_2024-12-09 10:00:00,2024-12-09 10:00:00,DEV_005,45,81,64
DEV_005_2024-12-09 11:00:00,2024-12-09 11:00:00,DEV_005,83,86,89
DEV_005_2024-12-09 12:00:00,2024-12-09 12:00:00,DEV_005,24,35,97
DEV_005_2024-12-09 13:00:00,2024-12-09 13:00:00,DEV_005,92,31,14
DEV_005_2024-12-09 14:00:00,2024-12-09 14:00:00,DEV_005,39,50,46
DEV_005_2024-12-09 15:00:00,2024-12-09 15:00:00,DEV_005,8,3,42
DEV_005_2024-12-09 16:00:00,2024-12-09 16:00:00,DEV_005,9,63,99
DEV_005_2024-12-09 17:00:00,2024-12-09 17:00:00,DEV_005,64,11,7
DEV_005_2024-12-09 18:00:00,2024-12-09 18:00:00,DEV_005,20,83,47
DEV_005_2024-12-09 19:00:00,2024-12-09 19:00:00,DEV_005,12,85,49
DEV_005_2024-12-09 20:00:00,2024-12-09 20:00:00,DEV_005,76,36,78
DEV_005_2024-12-09 21:00:00,2024-12-09 21:00:00,DEV_005,21,19,54
DEV_005_2024-12-09 22:00:00,2024-12-09 22:00:00,DEV_005,46,27,21
DEV_005_2024-12-09 23:00:00,2024-12-09 23:00:00,DEV_005,54,82,14
DEV_005_2024-12-10 00:00:00,2024-12-10 00:00:00,DEV_005,72,58,5
DEV_005_2024-12-10 01:00:00,2024-12-10 01:00:00,DEV_005,7,22,99
DEV_005_2024-12-10 02:00:00,2024-12-10 02:00:00,DEV_005,42,68,28
DEV_005_2024-12-10 03:00:00,2024-12-10 03:00:00,DEV_005,13,41,76
DEV_005_2024-12-10 04:00:00,2024-12-10 04:00:00,DEV_005,33,81,3
DEV_005_2024-12-10 05:00:00,2024-12-10 05:00:00,DEV_005,91,6,64
DEV_005_2024-12-10 06:00:00,2024-12-10 06:00:00,DEV_005,76,81,54
DEV_005_2024-12-10 07:00:00,2024-12-10 07:00:00,DEV_005,52,40,63
DEV_005_2024-12-10 08:00:00,2024-12-10 08:00:00,DEV_005,64,83,4
DEV_005_2024-12-10 09:00:00,2024-12-10 09:00:00,DEV_005,38,82,38
DEV_005_2024-12-10 10:00:00,2024-12-10 10:00:00,DEV_005,7,24,36
DEV_005_2024-12-10 11:00:00,2024-12-10 11:00:00,DEV_005,45,24,54
DEV_005_2024-12-10 12:00:00,2024-12-10 12:00:00,DEV_005,83,36,19
DEV_005_2024-12-10 13:00:00,2024-12-10 13:00:00,DEV_005,23,79,21
DEV_005_2024-12-10 14:00:00,2024-12-10 14:00:00,DEV_005,82,22,47
DEV_005_2024-12-10 15:00:00,2024-12-10 15:00:00,DEV_005,88,75,11
DEV_005_2024-12-10 16:00:00,2024-12-10 16:00:00,DEV_005,93,53,70
DEV_005_2024-12-10 17:00:00,2024-12-10 17:00:00,DEV_005,92,22,2
DEV_005_2024-12-10 18:00:00,2024-12-10 18:00:00,DEV_005,33,87,26
DEV_005_2024-12-10 19:00:00,2024-12-10 19:00:00,DEV_005,57,6,69
DEV_005_2024-12-10 20:00:00,2024-12-10 20:00:00,DEV_005,58,81,18
DEV_005_2024-12-10 21:00:00,2024-12-10 21:00:00,DEV_005,47,55,69
DEV_005_2024-12-10 22:00:00,2024-12-10 22:00:00,DEV_005,54,93,32
DEV_005_2024-12-10 23:00:00,2024-12-10 23:00:00,DEV_005,99,73,11
DEV_005_2024-12-11 00:00:00,2024-12-11 00:00:00,DEV_005,82,95,36
DEV_005_2024-12-11 01:00:00,2024-12-11 01:00:00,DEV_005,50,1,94
DEV_005_2024-12-11 02:00:00,2024-12-11 02:00:00,DEV_005,72,90,16
DEV_005_2024-12-11 03:00:00,2024-12-11 03:00:00,DEV_005,2,32,62
DEV_005_2024-12-11 04:00:00,2024-12-11 04:00:00,DEV_005,47,93,65
DEV_005_2024-12-11 05:00:00,2024-12-11 05:00:00,DEV_005,68,93,96
DEV_005_2024-12-11 06:00:00,2024-12-11 06:00:00,DEV_005,29,54,50
DEV_005_2024-12-11 07:00:00,2024-12-11 07:00:00,DEV_005,4,69,80
DEV_005_2024-12-11 08:00:00,2024-12-11 08:00:00,DEV_005,92,19,42
DEV_005_2024-12-11 09:00:00,2024-12-11 09:00:00,DEV_005,12,77,48
DEV_005_2024-12-11 10:00:00,2024-12-11 10:00:00,DEV_005,59,60,53
DEV_005_2024-12-11 11:00:00,2024-12-11 11:00:00,DEV_005,53,85,20
DEV_005_2024-12-11 12:00:00,2024-12-11 12:00:00,DEV_005,37,84,83
DEV_005_2024-12-11 13:00:00,2024-12-11 13:00:00,DEV_005,94,80,4
DEV_005_2024-12-11 14:00:00,2024-12-11 14:00:00,DEV_005,11,77,22
DEV_005_2024-12-11 15:00:00,2024-12-11 15:00:00,DEV_005,83,93,11
DEV_005_2024-12-11 16:00:00,2024-12-11 16:00:00,DEV_005,57,52,73
DEV_005_2024-12-11 17:00:00,2024-12-11 17:00:00,DEV_005,35,30,85
DEV_005_2024-12-11 18:00:00,2024-12-11 18:00:00,DEV_005,1,4,27
DEV_005_2024-12-11 19:00:00,2024-12-11 19:00:00,DEV_005,47,17,54
DEV_005_2024-12-11 20:00:00,2024-12-11 20:00:00,DEV_005,43,47,13
DEV_005_2024-12-11 21:00:00,2024-12-11 21:00:00,DEV_005,40,27,42
DEV_005_2024-12-11 22:00:00,2024-12-11 22:00:00,DEV_005,32,43,10
DEV_005_2024-12-11 23:00:00,2024-12-11 23:00:00,DEV_005,37,7,11
DEV_005_2024-12-12 00:00:00,2024-12-12 00:00:00,DEV_005,57,79,1
DEV_005_2024-12-12 01:00:00,2024-12-12 01:00:00,DEV_005,17,66,29
DEV_005_2024-12-12 02:00:00,2024-12-12 02:00:00,DEV_005,62,58,48
DEV_005_2024-12-12 03:00:00,2024-12-12 03:00:00,DEV_005,63,1,60
DEV_005_2024-12-12 04:00:00,2024-12-12 04:00:00,DEV_005,39,41,69
DEV_005_2024-12-12 05:00:00,2024-12-12 05:00:00,DEV_005,43,47,17
DEV_005_2024-12-12 06:00:00,2024-12-12 06:00:00,DEV_005,17,30,11
DEV_005_2024-12-12 07:00:00,2024-12-12 07:00:00,DEV_005,54,99,20
DEV_005_2024-12-12 08:00:00,2024-12-12 08:00:00,DEV_005,76,40,6
DEV_005_2024-12-12 09:00:00,2024-12-12 09:00:00,DEV_005,3,6,41
DEV_005_2024-12-12 10:00:00,2024-12-12 10:00:00,DEV_005,49,22,2
DEV_005_2024-12-12 11:00:00,2024-12-12 11:00:00,DEV_005,21,9,62
DEV_005_2024-12-12 12:00:00,2024-12-12 12:00:00,DEV_005,17,52,3
DEV_005_2024-12-12 13:00:00,2024-12-12 13:00:00,DEV_005,35,60,19
DEV_005_2024-12-12 14:00:00,2024-12-12 14:00:00,DEV_005,92,84,69
DEV_005_2024-12-12 15:00:00,2024-12-12 15:00:00,DEV_005,24,74,31
DEV_005_2024-12-12 16:00:00,2024-12-12 16:00:00,DEV_005,46,48,86
DEV_005_2024-12-12 17:00:00,2024-12-12 17:00:00,DEV_005,23,23,96
DEV_005_2024-12-12 18:00:00,2024-12-12 18:00:00,DEV_005,9,25,29
DEV_005_2024-12-12 19:00:00,2024-12-12 19:00:00,DEV_005,47,89,14
DEV_005_2024-12-12 20:00:00,2024-12-12 20:00:00,DEV_005,68,42,5
DEV_005_2024-12-12 21:00:00,2024-12-12 21:00:00,DEV_005,78,1,30
DEV_005_2024-12-12 22:00:00,2024-12-12 22:00:00,DEV_005,27,54,21
DEV_005_2024-12-12 23:00:00,2024-12-12 23:00:00,DEV_005,27,39,11
DEV_005_2024-12-13 00:00:00,2024-12-13 00:00:00,DEV_005,60,52,42
DEV_005_2024-12-13 01:00:00,2024-12-13 01:00:00,DEV_005,45,65,37
DEV_005_2024-12-13 02:00:00,2024-12-13 02:00:00,DEV_005,38,27,68
DEV_005_2024-12-13 03:00:00,2024-12-13 03:00:00,DEV_005,66,66,77
DEV_005_2024-12-13 04:00:00,2024-12-13 04:00:00,DEV_005,45,30,60
DEV_005_2024-12-13 05:00:00,2024-12-13 05:00:00,DEV_005,96,33,21
DEV_005_2024-12-13 06:00:00,2024-12-13 06:00:00,DEV_005,52,5,85
DEV_005_2024-12-13 07:00:00,2024-12-13 07:00:00,DEV_005,14,2,89
DEV_005_2024-12-13 08:00:00,2024-12-13 08:00:00,DEV_005,55,71,19
DEV_005_2024-12-13 09:00:00,2024-12-13 09:00:00,DEV_005,61,11,3
DEV_005_2024-12-13 10:00:00,2024-12-13 10:00:00,DEV_005,18,46,84
DEV_005_2024-12-13 11:00:00,2024-12-13 11:00:00,DEV_005,49,5,66
DEV_005_2024-12-13 12:00:00,2024-12-13 12:00:00,DEV_005,29,27,74
DEV_005_2024-12-13 13:00:00,2024-12-13 13:00:00,DEV_005,53,73,97
DEV_005_2024-12-13 14:00:00,2024-12-13 14:00:00,DEV_005,63,18,39
DEV_005_2024-12-13 15:00:00,2024-12-13 15:00:00,DEV_005,57,67,14
DEV_005_2024-12-13 16:00:00,2024-12-13 16:00:00,DEV_005,11,55,20
DEV_005_2024-12-13 17:00:00,2024-12-13 17:00:00,DEV_005,49,40,25
DEV_005_2024-12-13 18:00:00,2024-12-13 18:00:00,DEV_005,32,60,88
DEV_005_2024-12-13 19:00:00,2024-12-13 19:00:00,DEV_005,78,70,90
DEV_005_2024-12-13 20:00:00,2024-12-13 20:00:00,DEV_005,87,98,50
DEV_005_2024-12-13 21:00:00,2024-12-13 21:00:00,DEV_005,38,91,21
DEV_005_2024-12-13 22:00:00,2024-12-13 22:00:00,DEV_005,65,1,4
DEV_005_2024-12-13 23:00:00,2024-12-13 23:00:00,DEV_005,74,42,75
DEV_005_2024-12-14 00:00:00,2024-12-14 00:00:00,DEV_005,4,26,72
DEV_005_2024-12-14 01:00:00,2024-12-14 01:00:00,DEV_005,62,47,63
DEV_005_2024-12-14 02:00:00,2024-12-14 02:00:00,DEV_005,49,6,23
DEV_005_2024-12-14 03:00:00,2024-12-14 03:00:00,DEV_005,4,61,26
DEV_005_2024-12-14 04:00:00,2024-12-14 04:00:00,DEV_005,90,27,72
DEV_005_2024-12-14 05:00:00,2024-12-14 05:00:00,DEV_005,22,38,8
DEV_005_2024-12-14 06:00:00,2024-12-14 06:00:00,DEV_005,63,23,12
DEV_005_2024-12-14 07:00:00,2024-12-14 07:00:00,DEV_005,19,20,33
DEV_005_2024-12-14 08:00:00,2024-12-14 08:00:00,DEV_005,10,75,98
DEV_005_2024-12-14 09:00:00,2024-12-14 09:00:00,DEV_005,71,20,6
DEV_005_2024-12-14 10:00:00,2024-12-14 10:00:00,DEV_005,21,50,34
DEV_005_2024-12-14 11:00:00,2024-12-14 11:00:00,DEV_005,28,53,12
DEV_005_2024-12-14 12:00:00,2024-12-14 12:00:00,DEV_005,58,86,54
DEV_005_2024-12-14 13:00:00,2024-12-14 13:00:00,DEV_005,65,51,14
DEV_005_2024-12-14 14:00:00,2024-12-14 14:00:00,DEV_005,37,28,70
DEV_005_2024-12-14 15:00:00,2024-12-14 15:00:00,DEV_005,7,31,4
DEV_005_2024-12-14 16:00:00,2024-12-14 16:00:00,DEV_005,90,27,39
DEV_005_2024-12-14 17:00:00,2024-12-14 17:00:00,DEV_005,24,34,86
DEV_005_2024-12-14 18:00:00,2024-12-14 18:00:00,DEV_005,1,87,91
DEV_005_2024-12-14 19:00:00,2024-12-14 19:00:00,DEV_005,56,78,40
DEV_005_2024-12-14 20:00:00,2024-12-14 20:00:00,DEV_005,75,60,61
DEV_005_2024-12-14 21:00:00,2024-12-14 21:00:00,DEV_005,24,24,57
DEV_005_2024-12-14 22:00:00,2024-12-14 22:00:00,DEV_005,51,80,72
DEV_005_2024-12-14 23:00:00,2024-12-14 23:00:00,DEV_005,7,74,64
DEV_005_2024-12-15 00:00:00,2024-12-15 00:00:00,DEV_005,55,18,48
DEV_005_2024-12-15 01:00:00,2024-12-15 01:00:00,DEV_005,69,8,72
DEV_005_2024-12-15 02:00:00,2024-12-15 02:00:00,DEV_005,9,11,8
DEV_005_2024-12-15 03:00:00,2024-12-15 03:00:00,DEV_005,30,44,96
DEV_005_2024-12-15 04:00:00,2024-12-15 04:00:00,DEV_005,27,2,76
DEV_005_2024-12-15 05:00:00,2024-12-15 05:00:00,DEV_005,24,31,53
DEV_005_2024-12-15 06:00:00,2024-12-15 06:00:00,DEV_005,74,59,18
DEV_005_2024-12-15 07:00:00,2024-12-15 07:00:00,DEV_005,71,86,96
DEV_005_2024-12-15 08:00:00,2024-12-15 08:00:00,DEV_005,17,73,83
DEV_005_2024-12-15 09:00:00,2024-12-15 09:00:00,DEV_005,51,45,61
DEV_005_2024-12-15 10:00:00,2024-12-15 10:00:00,DEV_005,1,30,28
DEV_005_2024-12-15 11:00:00,2024-12-15 11:00:00,DEV_005,30,91,36
DEV_005_2024-12-15 12:00:00,2024-12-15 12:00:00,DEV_005,98,23,48
DEV_005_2024-12-15 13:00:00,2024-12-15 13:00:00,DEV_005,78,48,52
DEV_005_2024-12-15 14:00:00,2024-12-15 14:00:00,DEV_005,34,32,76
DEV_005_2024-12-15 15:00:00,2024-12-15 15:00:00,DEV_005,64,78,37
DEV_005_2024-12-15 16:00:00,2024-12-15 16:00:00,DEV_005,83,79,55
DEV_005_2024-12-15 17:00:00,2024-12-15 17:00:00,DEV_005,87,5,4
DEV_005_2024-12-15 18:00:00,2024-12-15 18:00:00,DEV_005,46,30,10
DEV_005_2024-12-15 19:00:00,2024-12-15 19:00:00,DEV_005,58,9,95
DEV_005_2024-12-15 20:00:00,2024-12-15 20:00:00,DEV_005,7,91,61
DEV_005_2024-12-15 21:00:00,2024-12-15 21:00:00,DEV_005,58,21,63
DEV_005_2024-12-15 22:00:00,2024-12-15 22:00:00,DEV_005,16,18,50
DEV_005_2024-12-15 23:00:00,2024-12-15 23:00:00,DEV_005,14,62,22
DEV_005_2024-12-16 00:00:00,2024-12-16 00:00:00,DEV_005,12,48,85
DEV_005_2024-12-16 01:00:00,2024-12-16 01:00:00,DEV_005,57,86,60
DEV_005_2024-12-16 02:00:00,2024-12-16 02:00:00,DEV_005,19,96,25
DEV_005_2024-12-16 03:00:00,2024-12-16 03:00:00,DEV_005,67,29,46
DEV_005_2024-12-16 04:00:00,2024-12-16 04:00:00,DEV_005,66,90,35
DEV_005_2024-12-16 05:00:00,2024-12-16 05:00:00,DEV_005,28,64,78
DEV_005_2024-12-16 06:00:00,2024-12-16 06:00:00,DEV_005,86,23,47
DEV_005_2024-12-16 07:00:00,2024-12-16 07:00:00,DEV_005,32,98,69
DEV_005_2024-12-16 08:00:00,2024-12-16 08:00:00,DEV_005,83,99,45
DEV_005_2024-12-16 09:00:00,2024-12-16 09:00:00,DEV_005,95,11,93
DEV_005_2024-12-16 10:00:00,2024-12-16 10:00:00,DEV_005,95,59,74
DEV_005_2024-12-16 11:00:00,2024-12-16 11:00:00,DEV_005,57,42,62
DEV_005_2024-12-16 12:00:00,2024-12-16 12:00:00,DEV_005,22,17,11
DEV_005_2024-12-16 13:00:00,2024-12-16 13:00:00,DEV_005,3,58,69
DEV_005_2024-12-16 14:00:00,2024-12-16 14:00:00,DEV_005,76,84,97
DEV_005_2024-12-16 15:00:00,2024-12-16 15:00:00,DEV_005,65,46,6
DEV_005_2024-12-16 16:00:00,2024-12-16 16:00:00,DEV_005,74,13,10
DEV_005_2024-12-16 17:00:00,2024-12-16 17:00:00,DEV_005,17,10,72
DEV_005_2024-12-16 18:00:00,2024-12-16 18:00:00,DEV_005,15,26,66
DEV_005_2024-12-16 19:00:00,2024-12-16 19:00:00,DEV_005,21,72,17
DEV_005_2024-12-16 20:00:00,2024-12-16 20:00:00,DEV_005,88,21,65
DEV_005_2024-12-16 21:00:00,2024-12-16 21:00:00,DEV_005,88,60,3
DEV_005_2024-12-16 22:00:00,2024-12-16 22:00:00,DEV_005,54,33,28
DEV_005_2024-12-16 23:00:00,2024-12-16 23:00:00,DEV_005,78,42,29
DEV_005_2024-12-17 00:00:00,2024-12-17 00:00:00,DEV_005,62,56,3
DEV_005_2024-12-17 01:00:00,2024-12-17 01:00:00,DEV_005,24,26,24
DEV_005_2024-12-17 02:00:00,2024-12-17 02:00:00,DEV_005,77,14,75
DEV_005_2024-12-17 03:00:00,2024-12-17 03:00:00,DEV_005,68,53,67
DEV_005_2024-12-17 04:00:00,2024-12-17 04:00:00,DEV_005,59,12,1
DEV_005_2024-12-17 05:00:00,2024-12-17 05:00:00,DEV_005,78,86,24
DEV_005_2024-12-17 06:00:00,2024-12-17 06:00:00,DEV_005,77,5,35
DEV_005_2024-12-17 07:00:00,2024-12-17 07:00:00,DEV_005,89,45,85
DEV_005_2024-12-17 08:00:00,2024-12-17 08:00:00,DEV_005,37,52,29
DEV_005_2024-12-17 09:00:00,2024-12-17 09:00:00,DEV_005,21,27,21
DEV_005_2024-12-17 10:00:00,2024-12-17 10:00:00,DEV_005,58,22,79
DEV_005_2024-12-17 11:00:00,2024-12-17 11:00:00,DEV_005,82,34,2
DEV_005_2024-12-17 12:00:00,2024-12-17 12:00:00,DEV_005,94,2,99
DEV_005_2024-12-17 13:00:00,2024-12-17 13:00:00,DEV_005,30,81,52
DEV_005_2024-12-17 14:00:00,2024-12-17 14:00:00,DEV_005,13,97,15
DEV_005_2024-12-17 15:00:00,2024-12-17 15:00:00,DEV_005,3,33,75
DEV_005_2024-12-17 16:00:00,2024-12-17 16:00:00,DEV_005,11,55,90
DEV_005_2024-12-17 17:00:00,2024-12-17 17:00:00,DEV_005,21,39,94
DEV_005_2024-12-17 18:00:00,2024-12-17 18:00:00,DEV_005,94,78,64
DEV_005_2024-12-17 19:00:00,2024-12-17 19:00:00,DEV_005,39,77,49
DEV_005_2024-12-17 20:00:00,2024-12-17 20:00:00,DEV_005,55,78,50
DEV_005_2024-12-17 21:00:00,2024-12-17 21:00:00,DEV_005,93,98,47
DEV_005_2024-12-17 22:00:00,2024-12-17 22:00:00,DEV_005,42,3,80
DEV_005_2024-12-17 23:00:00,2024-12-17 23:00:00,DEV_005,78,99,46
DEV_005_2024-12-18 00:00:00,2024-12-18 00:00:00,DEV_005,41,90,37
DEV_005_2024-12-18 01:00:00,2024-12-18 01:00:00,DEV_005,95,97,62
DEV_005_2024-12-18 02:00:00,2024-12-18 02:00:00,DEV_005,96,28,7
DEV_005_2024-12-18 03:00:00,2024-12-18 03:00:00,DEV_005,42,74,85
DEV_005_2024-12-18 04:00:00,2024-12-18 04:00:00,DEV_005,52,92,13
DEV_005_2024-12-18 05:00:00,2024-12-18 05:00:00,DEV_005,86,21,45
DEV_005_2024-12-18 06:00:00,2024-12-18 06:00:00,DEV_005,90,76,2
DEV_005_2024-12-18 07:00:00,2024-12-18 07:00:00,DEV_005,99,51,81
DEV_005_2024-12-18 08:00:00,2024-12-18 08:00:00,DEV_005,12,18,6
DEV_005_2024-12-18 09:00:00,2024-12-18 09:00:00,DEV_005,78,83,44
DEV_005_2024-12-18 10:00:00,2024-12-18 10:00:00,DEV_005,93,7,31
DEV_005_2024-12-18 11:00:00,2024-12-18 11:00:00,DEV_005,6,54,89
DEV_005_2024-12-18 12:00:00,2024-12-18 12:00:00,DEV_005,42,85,16
DEV_005_2024-12-18 13:00:00,2024-12-18 13:00:00,DEV_005,5,19,91
DEV_005_2024-12-18 14:00:00,2024-12-18 14:00:00,DEV_005,51,35,7
DEV_005_2024-12-18 15:00:00,2024-12-18 15:00:00,DEV_005,68,94,28
DEV_005_2024-12-18 16:00:00,2024-12-18 16:00:00,DEV_005,56,61,97
DEV_005_2024-12-18 17:00:00,2024-12-18 17:00:00,DEV_005,80,64,51
DEV_005_2024-12-18 18:00:00,2024-12-18 18:00:00,DEV_005,27,78,53
DEV_005_2024-12-18 19:00:00,2024-12-18 19:00:00,DEV_005,82,59,82
DEV_005_2024-12-18 20:00:00,2024-12-18 20:00:00,DEV_005,86,40,68
DEV_005_2024-12-18 21:00:00,2024-12-18 21:00:00,DEV_005,20,80,95
DEV_005_2024-12-18 22:00:00,2024-12-18 22:00:00,DEV_005,60,72,12
DEV_005_2024-12-18 23:00:00,2024-12-18 23:00:00,DEV_005,20,42,15
DEV_005_2024-12-19 00:00:00,2024-12-19 00:00:00,DEV_005,92,51,17
DEV_005_2024-12-19 01:00:00,2024-12-19 01:00:00,DEV_005,80,72,76
DEV_005_2024-12-19 02:00:00,2024-12-19 02:00:00,DEV_005,85,63,30
DEV_005_2024-12-19 03:00:00,2024-12-19 03:00:00,DEV_005,24,50,64
DEV_005_2024-12-19 04:00:00,2024-12-19 04:00:00,DEV_005,36,41,97
DEV_005_2024-12-19 05:00:00,2024-12-19 05:00:00,DEV_005,44,51,76
DEV_005_2024-12-19 06:00:00,2024-12-19 06:00:00,DEV_005,53,90,4
DEV_005_2024-12-19 07:00:00,2024-12-19 07:00:00,DEV_005,83,43,27
DEV_005_2024-12-19 08:00:00,2024-12-19 08:00:00,DEV_005,66,5,79
DEV_005_2024-12-19 09:00:00,2024-12-19 09:00:00,DEV_005,57,37,35
DEV_005_2024-12-19 10:00:00,2024-12-19 10:00:00,DEV_005,16,9,22
DEV_005_2024-12-19 11:00:00,2024-12-19 11:00:00,DEV_005,91,76,69
DEV_005_2024-12-19 12:00:00,2024-12-19 12:00:00,DEV_005,24,98,14
DEV_005_2024-12-19 13:00:00,2024-12-19 13:00:00,DEV_005,85,6,48
DEV_005_2024-12-19 14:00:00,2024-12-19 14:00:00,DEV_005,39,20,22
DEV_005_2024-12-19 15:00:00,2024-12-19 15:00:00,DEV_005,58,98,34
DEV_005_2024-12-19 16:00:00,2024-12-19 16:00:00,DEV_005,32,68,93
DEV_005_2024-12-19 17:00:00,2024-12-19 17:00:00,DEV_005,47,18,41
DEV_005_2024-12-19 18:00:00,2024-12-19 18:00:00,DEV_005,21,86,72
DEV_005_2024-12-19 19:00:00,2024-12-19 19:00:00,DEV_005,23,76,58
DEV_005_2024-12-19 20:00:00,2024-12-19 20:00:00,DEV_005,17,61,60
DEV_005_2024-12-19 21:00:00,2024-12-19 21:00:00,DEV_005,93,92,9
DEV_005_2024-12-19 22:00:00,2024-12-19 22:00:00,DEV_005,82,81,82
DEV_005_2024-12-19 23:00:00,2024-12-19 23:00:00,DEV_005,78,44,32
DEV_005_2024-12-20 00:00:00,2024-12-20 00:00:00,DEV_005,41,82,77
DEV_005_2024-12-20 01:00:00,2024-12-20 01:00:00,DEV_005,93,90,86
DEV_005_2024-12-20 02:00:00,2024-12-20 02:00:00,DEV_005,31,1,80
DEV_005_2024-12-20 03:00:00,2024-12-20 03:00:00,DEV_005,25,12,41
DEV_005_2024-12-20 04:00:00,2024-12-20 04:00:00,DEV_005,76,31,75
DEV_005_2024-12-20 05:00:00,2024-12-20 05:00:00,DEV_005,65,6,69
DEV_005_2024-12-20 06:00:00,2024-12-20 06:00:00,DEV_005,83,56,96
DEV_005_2024-12-20 07:00:00,2024-12-20 07:00:00,DEV_005,69,11,29
DEV_005_2024-12-20 08:00:00,2024-12-20 08:00:00,DEV_005,7,91,28
DEV_005_2024-12-20 09:00:00,2024-12-20 09:00:00,DEV_005,20,57,14
DEV_005_2024-12-20 10:00:00,2024-12-20 10:00:00,DEV_005,42,32,17
DEV_005_2024-12-20 11:00:00,2024-12-20 11:00:00,DEV_005,45,28,88
DEV_005_2024-12-20 12:00:00,2024-12-20 12:00:00,DEV_005,75,46,93
DEV_005_2024-12-20 13:00:00,2024-12-20 13:00:00,DEV_005,25,87,59
DEV_005_2024-12-20 14:00:00,2024-12-20 14:00:00,DEV_005,46,77,22
DEV_005_2024-12-20 15:00:00,2024-12-20 15:00:00,DEV_005,31,70,33
DEV_005_2024-12-20 16:00:00,2024-12-20 16:00:00,DEV_005,32,80,89
DEV_005_2024-12-20 17:00:00,2024-12-20 17:00:00,DEV_005,99,99,81
DEV_005_2024-12-20 18:00:00,2024-12-20 18:00:00,DEV_005,19,3,26
DEV_005_2024-12-20 19:00:00,2024-12-20 19:00:00,DEV_005,83,40,95
DEV_005_2024-12-20 20:00:00,2024-12-20 20:00:00,DEV_005,49,55,80
DEV_005_2024-12-20 21:00:00,2024-12-20 21:00:00,DEV_005,42,79,47
DEV_005_2024-12-20 22:00:00,2024-12-20 22:00:00,DEV_005,33,22,48
DEV_005_2024-12-20 23:00:00,2024-12-20 23:00:00,DEV_005,77,34,52
DEV_005_2024-12-21 00:00:00,2024-12-21 00:00:00,DEV_005,15,59,56
DEV_005_2024-12-21 01:00:00,2024-12-21 01:00:00,DEV_005,12,84,64
DEV_005_2024-12-21 02:00:00,2024-12-21 02:00:00,DEV_005,45,89,96
DEV_005_2024-12-21 03:00:00,2024-12-21 03:00:00,DEV_005,11,54,87
DEV_005_2024-12-21 04:00:00,2024-12-21 04:00:00,DEV_005,35,34,51
DEV_005_2024-12-21 05:00:00,2024-12-21 05:00:00,DEV_005,97,29,92
DEV_005_2024-12-21 06:00:00,2024-12-21 06:00:00,DEV_005,77,37,49
DEV_005_2024-12-21 07:00:00,2024-12-21 07:00:00,DEV_005,20,44,91
DEV_005_2024-12-21 08:00:00,2024-12-21 08:00:00,DEV_005,48,37,60
DEV_005_2024-12-21 09:00:00,2024-12-21 09:00:00,DEV_005,65,10,1
DEV_005_2024-12-21 10:00:00,2024-12-21 10:00:00,DEV_005,85,54,85
DEV_005_2024-12-21 11:00:00,2024-12-21 11:00:00,DEV_005,28,43,65
DEV_005_2024-12-21 12:00:00,2024-12-21 12:00:00,DEV_005,7,10,18
DEV_005_2024-12-21 13:00:00,2024-12-21 13:00:00,DEV_005,13,27,23
DEV_005_2024-12-21 14:00:00,2024-12-21 14:00:00,DEV_005,29,14,77
DEV_005_2024-12-21 15:00:00,2024-12-21 15:00:00,DEV_005,86,12,65
DEV_005_2024-12-21 16:00:00,2024-12-21 16:00:00,DEV_005,50,23,48
DEV_005_2024-12-21 17:00:00,2024-12-21 17:00:00,DEV_005,37,96,37
DEV_005_2024-12-21 18:00:00,2024-12-21 18:00:00,DEV_005,60,19,25
DEV_005_2024-12-21 19:00:00,2024-12-21 19:00:00,DEV_005,44,69,76
DEV_005_2024-12-21 20:00:00,2024-12-21 20:00:00,DEV_005,33,11,61
DEV_005_2024-12-21 21:00:00,2024-12-21 21:00:00,DEV_005,37,14,82
DEV_005_2024-12-21 22:00:00,2024-12-21 22:00:00,DEV_005,88,88,69
DEV_005_2024-12-21 23:00:00,2024-12-21 23:00:00,DEV_005,24,67,56
DEV_005_2024-12-22 00:00:00,2024-12-22 00:00:00,DEV_005,3,18,18
DEV_005_2024-12-22 01:00:00,2024-12-22 01:00:00,DEV_005,50,19,2
DEV_005_2024-12-22 02:00:00,2024-12-22 02:00:00,DEV_005,60,78,94
DEV_005_2024-12-22 03:00:00,2024-12-22 03:00:00,DEV_005,6,88,45
DEV_005_2024-12-22 04:00:00,2024-12-22 04:00:00,DEV_005,25,86,47
DEV_005_2024-12-22 05:00:00,2024-12-22 05:00:00,DEV_005,58,70,62
DEV_005_2024-12-22 06:00:00,2024-12-22 06:00:00,DEV_005,95,20,18
DEV_005_2024-12-22 07:00:00,2024-12-22 07:00:00,DEV_005,65,26,39
DEV_005_2024-12-22 08:00:00,2024-12-22 08:00:00,DEV_005,93,35,25
DEV_005_2024-12-22 09:00:00,2024-12-22 09:00:00,DEV_005,47,3,87
DEV_005_2024-12-22 10:00:00,2024-12-22 10:00:00,DEV_005,19,14,62
DEV_005_2024-12-22 11:00:00,2024-12-22 11:00:00,DEV_005,95,13,62
DEV_005_2024-12-22 12:00:00,2024-12-22 12:00:00,DEV_005,36,45,7
DEV_005_2024-12-22 13:00:00,2024-12-22 13:00:00,DEV_005,24,88,98
DEV_005_2024-12-22 14:00:00,2024-12-22 14:00:00,DEV_005,76,24,59
DEV_005_2024-12-22 15:00:00,2024-12-22 15:00:00,DEV_005,26,64,72
DEV_005_2024-12-22 16:00:00,2024-12-22 16:00:00,DEV_005,44,33,2
DEV_005_2024-12-22 17:00:00,2024-12-22 17:00:00,DEV_005,39,14,47
DEV_005_2024-12-22 18:00:00,2024-12-22 18:00:00,DEV_005,96,50,86
DEV_005_2024-12-22 19:00:00,2024-12-22 19:00:00,DEV_005,29,86,86
DEV_005_2024-12-22 20:00:00,2024-12-22 20:00:00,DEV_005,15,31,40
DEV_005_2024-12-22 21:00:00,2024-12-22 21:00:00,DEV_005,50,36,35
DEV_005_2024-12-22 22:00:00,2024-12-22 22:00:00,DEV_005,95,82,31
DEV_005_2024-12-22 23:00:00,2024-12-22 23:00:00,DEV_005,75,5,71
DEV_005_2024-12-23 00:00:00,2024-12-23 00:00:00,DEV_005,37,20,58
DEV_005_2024-12-23 01:00:00,2024-12-23 01:00:00,DEV_005,6,76,59
DEV_005_2024-12-23 02:00:00,2024-12-23 02:00:00,DEV_005,79,38,77
DEV_005_2024-12-23 03:00:00,2024-12-23 03:00:00,DEV_005,56,14,85
DEV_005_2024-12-23 04:00:00,2024-12-23 04:00:00,DEV_005,94,6,35
DEV_005_2024-12-23 05:00:00,2024-12-23 05:00:00,DEV_005,98,40,60
DEV_005_2024-12-23 06:00:00,2024-12-23 06:00:00,DEV_005,29,59,67
DEV_005_2024-12-23 07:00:00,2024-12-23 07:00:00,DEV_005,69,9,20
DEV_005_2024-12-23 08:00:00,2024-12-23 08:00:00,DEV_005,36,36,15
DEV_005_2024-12-23 09:00:00,2024-12-23 09:00:00,DEV_005,7,83,98
DEV_005_2024-12-23 10:00:00,2024-12-23 10:00:00,DEV_005,75,19,83
DEV_005_2024-12-23 11:00:00,2024-12-23 11:00:00,DEV_005,26,86,21
DEV_005_2024-12-23 12:00:00,2024-12-23 12:00:00,DEV_005,97,21,60
DEV_005_2024-12-23 13:00:00,2024-12-23 13:00:00,DEV_005,26,78,64
DEV_005_2024-12-23 14:00:00,2024-12-23 14:00:00,DEV_005,18,50,6
DEV_005_2024-12-23 15:00:00,2024-12-23 15:00:00,DEV_005,10,16,61
DEV_005_2024-12-23 16:00:00,2024-12-23 16:00:00,DEV_005,33,42,56
DEV_005_2024-12-23 17:00:00,2024-12-23 17:00:00,DEV_005,2,43,99
DEV_005_2024-12-23 18:00:00,2024-12-23 18:00:00,DEV_005,87,90,84
DEV_005_2024-12-23 19:00:00,2024-12-23 19:00:00,DEV_005,85,64,50
DEV_005_2024-12-23 20:00:00,2024-12-23 20:00:00,DEV_005,43,26,89
DEV_005_2024-12-23 21:00:00,2024-12-23 21:00:00,DEV_005,71,28,60
DEV_005_2024-12-23 22:00:00,2024-12-23 22:00:00,DEV_005,76,37,43
DEV_005_2024-12-23 23:00:00,2024-12-23 23:00:00,DEV_005,23,53,69
DEV_005_2024-12-24 00:00:00,2024-12-24 00:00:00,DEV_005,14,35,77
DEV_005_2024-12-24 01:00:00,2024-12-24 01:00:00,DEV_005,68,77,78
DEV_005_2024-12-24 02:00:00,2024-12-24 02:00:00,DEV_005,47,63,18
DEV_005_2024-12-24 03:00:00,2024-12-24 03:00:00,DEV_005,32,89,32
DEV_005_2024-12-24 04:00:00,2024-12-24 04:00:00,DEV_005,26,19,37
DEV_005_2024-12-24 05:00:00,2024-12-24 05:00:00,DEV_005,12,36,86
DEV_005_2024-12-24 06:00:00,2024-12-24 06:00:00,DEV_005,38,71,84
DEV_005_2024-12-24 07:00:00,2024-12-24 07:00:00,DEV_005,82,75,1
DEV_005_2024-12-24 08:00:00,2024-12-24 08:00:00,DEV_005,15,85,75
DEV_005_2024-12-24 09:00:00,2024-12-24 09:00:00,DEV_005,3,56,51
DEV_005_2024-12-24 10:00:00,2024-12-24 10:00:00,DEV_005,26,11,98
DEV_005_2024-12-24 11:00:00,2024-12-24 11:00:00,DEV_005,61,41,67
DEV_005_2024-12-24 12:00:00,2024-12-24 12:00:00,DEV_005,94,67,90
DEV_005_2024-12-24 13:00:00,2024-12-24 13:00:00,DEV_005,18,14,78
DEV_005_2024-12-24 14:00:00,2024-12-24 14:00:00,DEV_005,79,48,86
DEV_005_2024-12-24 15:00:00,2024-12-24 15:00:00,DEV_005,53,69,96
DEV_005_2024-12-24 16:00:00,2024-12-24 16:00:00,DEV_005,94,7,72
DEV_005_2024-12-24 17:00:00,2024-12-24 17:00:00,DEV_005,41,96,2
DEV_005_2024-12-24 18:00:00,2024-12-24 18:00:00,DEV_005,70,42,99
DEV_005_2024-12-24 19:00:00,2024-12-24 19:00:00,DEV_005,51,4,84
DEV_005_2024-12-24 20:00:00,2024-12-24 20:00:00,DEV_005,91,67,64
DEV_005_2024-12-24 21:00:00,2024-12-24 21:00:00,DEV_005,20,93,27
DEV_005_2024-12-24 22:00:00,2024-12-24 22:00:00,DEV_005,47,65,31
DEV_005_2024-12-24 23:00:00,2024-12-24 23:00:00,DEV_005,46,3,17
DEV_005_2024-12-25 00:00:00,2024-12-25 00:00:00,DEV_005,85,86,42
DEV_005_2024-12-25 01:00:00,2024-12-25 01:00:00,DEV_005,22,41,78
DEV_005_2024-12-25 02:00:00,2024-12-25 02:00:00,DEV_005,43,59,95
DEV_005_2024-12-25 03:00:00,2024-12-25 03:00:00,DEV_005,12,69,23
DEV_005_2024-12-25 04:00:00,2024-12-25 04:00:00,DEV_005,88,9,7
DEV_005_2024-12-25 05:00:00,2024-12-25 05:00:00,DEV_005,52,7,18
DEV_005_2024-12-25 06:00:00,2024-12-25 06:00:00,DEV_005,64,85,1
DEV_005_2024-12-25 07:00:00,2024-12-25 07:00:00,DEV_005,46,2,88
DEV_005_2024-12-25 08:00:00,2024-12-25 08:00:00,DEV_005,14,64,49
DEV_005_2024-12-25 09:00:00,2024-12-25 09:00:00,DEV_005,3,21,34
DEV_005_2024-12-25 10:00:00,2024-12-25 10:00:00,DEV_005,52,99,55
DEV_005_2024-12-25 11:00:00,2024-12-25 11:00:00,DEV_005,20,38,73
DEV_005_2024-12-25 12:00:00,2024-12-25 12:00:00,DEV_005,48,15,56
DEV_005_2024-12-25 13:00:00,2024-12-25 13:00:00,DEV_005,95,9,13
DEV_005_2024-12-25 14:00:00,2024-12-25 14:00:00,DEV_005,32,20,21
DEV_005_2024-12-25 15:00:00,2024-12-25 15:00:00,DEV_005,83,27,60
DEV_005_2024-12-25 16:00:00,2024-12-25 16:00:00,DEV_005,75,15,8
DEV_005_2024-12-25 17:00:00,2024-12-25 17:00:00,DEV_005,60,73,37
DEV_005_2024-12-25 18:00:00,2024-12-25 18:00:00,DEV_005,20,52,10
DEV_005_2024-12-25 19:00:00,2024-12-25 19:00:00,DEV_005,19,10,22
DEV_005_2024-12-25 20:00:00,2024-12-25 20:00:00,DEV_005,48,25,24
DEV_005_2024-12-25 21:00:00,2024-12-25 21:00:00,DEV_005,26,15,95
DEV_005_2024-12-25 22:00:00,2024-12-25 22:00:00,DEV_005,35,64,7
DEV_005_2024-12-25 23:00:00,2024-12-25 23:00:00,DEV_005,91,54,60
DEV_005_2024-12-26 00:00:00,2024-12-26 00:00:00,DEV_005,5,77,4
DEV_005_2024-12-26 01:00:00,2024-12-26 01:00:00,DEV_005,93,11,29
DEV_005_2024-12-26 02:00:00,2024-12-26 02:00:00,DEV_005,8,49,43
DEV_005_2024-12-26 03:00:00,2024-12-26 03:00:00,DEV_005,98,18,57
DEV_005_2024-12-26 04:00:00,2024-12-26 04:00:00,DEV_005,90,49,18
DEV_005_2024-12-26 05:00:00,2024-12-26 05:00:00,DEV_005,24,35,62
DEV_005_2024-12-26 06:00:00,2024-12-26 06:00:00,DEV_005,97,82,95
DEV_005_2024-12-26 07:00:00,2024-12-26 07:00:00,DEV_005,45,29,65
DEV_005_2024-12-26 08:00:00,2024-12-26 08:00:00,DEV_005,17,64,55
DEV_005_2024-12-26 09:00:00,2024-12-26 09:00:00,DEV_005,99,88,67
DEV_005_2024-12-26 10:00:00,2024-12-26 10:00:00,DEV_005,37,56,22
DEV_005_2024-12-26 11:00:00,2024-12-26 11:00:00,DEV_005,85,57,80
DEV_005_2024-12-26 12:00:00,2024-12-26 12:00:00,DEV_005,81,62,2
DEV_005_2024-12-26 13:00:00,2024-12-26 13:00:00,DEV_005,33,45,31
DEV_005_2024-12-26 14:00:00,2024-12-26 14:00:00,DEV_005,59,12,17
DEV_005_2024-12-26 15:00:00,2024-12-26 15:00:00,DEV_005,98,66,88
DEV_005_2024-12-26 16:00:00,2024-12-26 16:00:00,DEV_005,33,15,73
DEV_005_2024-12-26 17:00:00,2024-12-26 17:00:00,DEV_005,12,44,52
DEV_005_2024-12-26 18:00:00,2024-12-26 18:00:00,DEV_005,5,66,45
DEV_005_2024-12-26 19:00:00,2024-12-26 19:00:00,DEV_005,53,28,21
DEV_005_2024-12-26 20:00:00,2024-12-26 20:00:00,DEV_005,14,1,22
DEV_005_2024-12-26 21:00:00,2024-12-26 21:00:00,DEV_005,4,8,66
DEV_005_2024-12-26 22:00:00,2024-12-26 22:00:00,DEV_005,16,16,44
DEV_005_2024-12-26 23:00:00,2024-12-26 23:00:00,DEV_005,36,95,49
DEV_005_2024-12-27 00:00:00,2024-12-27 00:00:00,DEV_005,59,12,64
DEV_005_2024-12-27 01:00:00,2024-12-27 01:00:00,DEV_005,94,44,92
DEV_005_2024-12-27 02:00:00,2024-12-27 02:00:00,DEV_005,26,80,59
DEV_005_2024-12-27 03:00:00,2024-12-27 03:00:00,DEV_005,7,60,77
DEV_005_2024-12-27 04:00:00,2024-12-27 04:00:00,DEV_005,72,91,31
DEV_005_2024-12-27 05:00:00,2024-12-27 05:00:00,DEV_005,72,79,93
DEV_005_2024-12-27 06:00:00,2024-12-27 06:00:00,DEV_005,94,75,37
DEV_005_2024-12-27 07:00:00,2024-12-27 07:00:00,DEV_005,62,46,66
DEV_005_2024-12-27 08:00:00,2024-12-27 08:00:00,DEV_005,92,69,98
DEV_005_2024-12-27 09:00:00,2024-12-27 09:00:00,DEV_005,89,3,47
DEV_005_2024-12-27 10:00:00,2024-12-27 10:00:00,DEV_005,30,49,64
DEV_005_2024-12-27 11:00:00,2024-12-27 11:00:00,DEV_005,45,48,90
DEV_005_2024-12-27 12:00:00,2024-12-27 12:00:00,DEV_005,32,88,17
DEV_005_2024-12-27 13:00:00,2024-12-27 13:00:00,DEV_005,35,16,69
DEV_005_2024-12-27 14:00:00,2024-12-27 14:00:00,DEV_005,53,32,92
DEV_005_2024-12-27 15:00:00,2024-12-27 15:00:00,DEV_005,67,26,59
DEV_005_2024-12-27 16:00:00,2024-12-27 16:00:00,DEV_005,21,11,66
DEV_005_2024-12-27 17:00:00,2024-12-27 17:00:00,DEV_005,66,4,27
DEV_005_2024-12-27 18:00:00,2024-12-27 18:00:00,DEV_005,88,61,67
DEV_005_2024-12-27 19:00:00,2024-12-27 19:00:00,DEV_005,80,93,36
DEV_005_2024-12-27 20:00:00,2024-12-27 20:00:00,DEV_005,25,50,41
DEV_005_2024-12-27 21:00:00,2024-12-27 21:00:00,DEV_005,61,33,69
DEV_005_2024-12-27 22:00:00,2024-12-27 22:00:00,DEV_005,77,50,4
DEV_005_2024-12-27 23:00:00,2024-12-27 23:00:00,DEV_005,36,81,39
DEV_005_2024-12-28 00:00:00,2024-12-28 00:00:00,DEV_005,24,29,20
DEV_005_2024-12-28 01:00:00,2024-12-28 01:00:00,DEV_005,43,11,35
DEV_005_2024-12-28 02:00:00,2024-12-28 02:00:00,DEV_005,85,74,91
DEV_005_2024-12-28 03:00:00,2024-12-28 03:00:00,DEV_005,11,6,39
DEV_005_2024-12-28 04:00:00,2024-12-28 04:00:00,DEV_005,34,11,23
DEV_005_2024-12-28 05:00:00,2024-12-28 05:00:00,DEV_005,69,97,6
DEV_005_2024-12-28 06:00:00,2024-12-28 06:00:00,DEV_005,69,87,39
DEV_005_2024-12-28 07:00:00,2024-12-28 07:00:00,DEV_005,49,80,57
DEV_005_2024-12-28 08:00:00,2024-12-28 08:00:00,DEV_005,16,99,26
DEV_005_2024-12-28 09:00:00,2024-12-28 09:00:00,DEV_005,49,38,83
DEV_005_2024-12-28 10:00:00,2024-12-28 10:00:00,DEV_005,32,13,65
DEV_005_2024-12-28 11:00:00,2024-12-28 11:00:00,DEV_005,60,60,56
DEV_005_2024-12-28 12:00:00,2024-12-28 12:00:00,DEV_005,15,10,82
DEV_005_2024-12-28 13:00:00,2024-12-28 13:00:00,DEV_005,91,64,95
DEV_005_2024-12-28 14:00:00,2024-12-28 14:00:00,DEV_005,97,2,70
DEV_005_2024-12-28 15:00:00,2024-12-28 15:00:00,DEV_005,91,45,60
DEV_005_2024-12-28 16:00:00,2024-12-28 16:00:00,DEV_005,15,72,58
DEV_005_2024-12-28 17:00:00,2024-12-28 17:00:00,DEV_005,59,36,34
DEV_005_2024-12-28 18:00:00,2024-12-28 18:00:00,DEV_005,70,25,55
DEV_005_2024-12-28 19:00:00,2024-12-28 19:00:00,DEV_005,60,99,96
DEV_005_2024-12-28 20:00:00,2024-12-28 20:00:00,DEV_005,24,90,4
DEV_005_2024-12-28 21:00:00,2024-12-28 21:00:00,DEV_005,21,88,21
DEV_005_2024-12-28 22:00:00,2024-12-28 22:00:00,DEV_005,16,5,19
DEV_005_2024-12-28 23:00:00,2024-12-28 23:00:00,DEV_005,43,44,30
DEV_005_2024-12-29 00:00:00,2024-12-29 00:00:00,DEV_005,48,35,57
DEV_005_2024-12-29 01:00:00,2024-12-29 01:00:00,DEV_005,74,3,81
DEV_005_2024-12-29 02:00:00,2024-12-29 02:00:00,DEV_005,73,53,44
DEV_005_2024-12-29 03:00:00,2024-12-29 03:00:00,DEV_005,98,11,61
DEV_005_2024-12-29 04:00:00,2024-12-29 04:00:00,DEV_005,82,52,54
DEV_005_2024-12-29 05:00:00,2024-12-29 05:00:00,DEV_005,3,42,39
DEV_005_2024-12-29 06:00:00,2024-12-29 06:00:00,DEV_005,35,17,98
DEV_005_2024-12-29 07:00:00,2024-12-29 07:00:00,DEV_005,9,60,72
DEV_005_2024-12-29 08:00:00,2024-12-29 08:00:00,DEV_005,16,32,86
DEV_005_2024-12-29 09:00:00,2024-12-29 09:00:00,DEV_005,67,94,18
DEV_005_2024-12-29 10:00:00,2024-12-29 10:00:00,DEV_005,72,98,85
DEV_005_2024-12-29 11:00:00,2024-12-29 11:00:00,DEV_005,80,79,77
DEV_005_2024-12-29 12:00:00,2024-12-29 12:00:00,DEV_005,59,98,2
DEV_005_2024-12-29 13:00:00,2024-12-29 13:00:00,DEV_005,67,15,39
DEV_005_2024-12-29 14:00:00,2024-12-29 14:00:00,DEV_005,74,56,78
DEV_005_2024-12-29 15:00:00,2024-12-29 15:00:00,DEV_005,69,82,72
DEV_005_2024-12-29 16:00:00,2024-12-29 16:00:00,DEV_005,65,98,12
DEV_005_2024-12-29 17:00:00,2024-12-29 17:00:00,DEV_005,76,92,39
DEV_005_2024-12-29 18:00:00,2024-12-29 18:00:00,DEV_005,89,39,7
DEV_005_2024-12-29 19:00:00,2024-12-29 19:00:00,DEV_005,91,55,6
DEV_005_2024-12-29 20:00:00,2024-12-29 20:00:00,DEV_005,11,7,92
DEV_005_2024-12-29 21:00:00,2024-12-29 21:00:00,DEV_005,10,36,71
DEV_005_2024-12-29 22:00:00,2024-12-29 22:00:00,DEV_005,8,31,35
DEV_005_2024-12-29 23:00:00,2024-12-29 23:00:00,DEV_005,90,42,18
DEV_006_2024-09-01 00:00:00,2024-09-01 00:00:00,DEV_006,21,27,10
DEV_006_2024-09-01 05:00:00,2024-09-01 05:00:00,DEV_006,35,78,29
DEV_006_2024-09-01 10:00:00,2024-09-01 10:00:00,DEV_006,65,37,2
DEV_006_2024-09-01 15:00:00,2024-09-01 15:00:00,DEV_006,22,97,93
DEV_006_2024-09-01 20:00:00,2024-09-01 20:00:00,DEV_006,83,65,43
DEV_006_2024-09-02 01:00:00,2024-09-02 01:00:00,DEV_006,18,80,40
DEV_006_2024-09-02 06:00:00,2024-09-02 06:00:00,DEV_006,76,39,14
DEV_006_2024-09-02 11:00:00,2024-09-02 11:00:00,DEV_006,73,24,86
DEV_006_2024-09-02 16:00:00,2024-09-02 16:00:00,DEV_006,54,49,35
DEV_006_2024-09-02 21:00:00,2024-09-02 21:00:00,DEV_006,60,82,25
DEV_006_2024-09-03 02:00:00,2024-09-03 02:00:00,DEV_006,17,23,53
DEV_006_2024-09-03 07:00:00,2024-09-03 07:00:00,DEV_006,98,96,50
DEV_006_2024-09-03 12:00:00,2024-09-03 12:00:00,DEV_006,38,55,66
DEV_006_2024-09-03 17:00:00,2024-09-03 17:00:00,DEV_006,6,44,92
DEV_006_2024-09-03 22:00:00,2024-09-03 22:00:00,DEV_006,72,4,93
DEV_006_2024-09-04 03:00:00,2024-09-04 03:00:00,DEV_006,66,83,64
DEV_006_2024-09-04 08:00:00,2024-09-04 08:00:00,DEV_006,48,3,32
DEV_006_2024-09-04 13:00:00,2024-09-04 13:00:00,DEV_006,27,44,58
DEV_006_2024-09-04 18:00:00,2024-09-04 18:00:00,DEV_006,63,26,2
DEV_006_2024-09-04 23:00:00,2024-09-04 23:00:00,DEV_006,54,99,43
DEV_006_2024-09-05 04:00:00,2024-09-05 04:00:00,DEV_006,55,2,41
DEV_006_2024-09-05 09:00:00,2024-09-05 09:00:00,DEV_006,26,66,97
DEV_006_2024-09-05 14:00:00,2024-09-05 14:00:00,DEV_006,15,65,32
DEV_006_2024-09-05 19:00:00,2024-09-05 19:00:00,DEV_006,50,19,14
DEV_006_2024-09-06 00:00:00,2024-09-06 00:00:00,DEV_006,61,63,54
DEV_006_2024-09-06 05:00:00,2024-09-06 05:00:00,DEV_006,48,72,12
DEV_006_2024-09-06 10:00:00,2024-09-06 10:00:00,DEV_006,15,50,60
DEV_006_2024-09-06 15:00:00,2024-09-06 15:00:00,DEV_006,44,34,6
DEV_006_2024-09-06 20:00:00,2024-09-06 20:00:00,DEV_006,27,57,27
DEV_006_2024-09-07 01:00:00,2024-09-07 01:00:00,DEV_006,91,61,38
DEV_006_2024-09-07 06:00:00,2024-09-07 06:00:00,DEV_006,74,52,48
DEV_006_2024-09-07 11:00:00,2024-09-07 11:00:00,DEV_006,37,91,57
DEV_006_2024-09-07 16:00:00,2024-09-07 16:00:00,DEV_006,45,92,9
DEV_006_2024-09-07 21:00:00,2024-09-07 21:00:00,DEV_006,92,31,60
DEV_006_2024-09-08 02:00:00,2024-09-08 02:00:00,DEV_006,4,50,86
DEV_006_2024-09-08 07:00:00,2024-09-08 07:00:00,DEV_006,33,89,84
DEV_006_2024-09-08 12:00:00,2024-09-08 12:00:00,DEV_006,1,16,2
DEV_006_2024-09-08 17:00:00,2024-09-08 17:00:00,DEV_006,73,52,77
DEV_006_2024-09-08 22:00:00,2024-09-08 22:00:00,DEV_006,6,49,12
DEV_006_2024-09-09 03:00:00,2024-09-09 03:00:00,DEV_006,77,72,55
DEV_006_2024-09-09 08:00:00,2024-09-09 08:00:00,DEV_006,41,1,74
DEV_006_2024-09-09 13:00:00,2024-09-09 13:00:00,DEV_006,1,81,85
DEV_006_2024-09-09 18:00:00,2024-09-09 18:00:00,DEV_006,64,43,76
DEV_006_2024-09-09 23:00:00,2024-09-09 23:00:00,DEV_006,6,2,3
DEV_006_2024-09-10 04:00:00,2024-09-10 04:00:00,DEV_006,44,18,94
DEV_006_2024-09-10 09:00:00,2024-09-10 09:00:00,DEV_006,63,58,84
DEV_006_2024-09-10 14:00:00,2024-09-10 14:00:00,DEV_006,96,21,24
DEV_006_2024-09-10 19:00:00,2024-09-10 19:00:00,DEV_006,84,74,62
DEV_006_2024-09-11 00:00:00,2024-09-11 00:00:00,DEV_006,70,17,64
DEV_006_2024-09-11 05:00:00,2024-09-11 05:00:00,DEV_006,37,66,84
DEV_006_2024-09-11 10:00:00,2024-09-11 10:00:00,DEV_006,60,15,93
DEV_006_2024-09-11 15:00:00,2024-09-11 15:00:00,DEV_006,71,36,47
DEV_006_2024-09-11 20:00:00,2024-09-11 20:00:00,DEV_006,48,92,89
DEV_006_2024-09-12 01:00:00,2024-09-12 01:00:00,DEV_006,56,69,50
DEV_006_2024-09-12 06:00:00,2024-09-12 06:00:00,DEV_006,46,30,30
DEV_006_2024-09-12 11:00:00,2024-09-12 11:00:00,DEV_006,98,7,50
DEV_006_2024-09-12 16:00:00,2024-09-12 16:00:00,DEV_006,51,17,5
DEV_006_2024-09-12 21:00:00,2024-09-12 21:00:00,DEV_006,78,64,9
DEV_006_2024-09-13 02:00:00,2024-09-13 02:00:00,DEV_006,59,65,19
DEV_006_2024-09-13 07:00:00,2024-09-13 07:00:00,DEV_006,33,50,59
DEV_006_2024-09-13 12:00:00,2024-09-13 12:00:00,DEV_006,18,72,2
DEV_006_2024-09-13 17:00:00,2024-09-13 17:00:00,DEV_006,70,38,29
DEV_006_2024-09-13 22:00:00,2024-09-13 22:00:00,DEV_006,4,46,60
DEV_006_2024-09-14 03:00:00,2024-09-14 03:00:00,DEV_006,7,86,44
DEV_006_2024-09-14 08:00:00,2024-09-14 08:00:00,DEV_006,65,55,17
DEV_006_2024-09-14 13:00:00,2024-09-14 13:00:00,DEV_006,42,59,40
DEV_006_2024-09-14 18:00:00,2024-09-14 18:00:00,DEV_006,88,59,61
DEV_006_2024-09-14 23:00:00,2024-09-14 23:00:00,DEV_006,44,93,8
DEV_006_2024-09-15 04:00:00,2024-09-15 04:00:00,DEV_006,81,53,81
DEV_006_2024-09-15 09:00:00,2024-09-15 09:00:00,DEV_006,38,43,20
DEV_006_2024-09-15 14:00:00,2024-09-15 14:00:00,DEV_006,32,17,90
DEV_006_2024-09-15 19:00:00,2024-09-15 19:00:00,DEV_006,51,30,51
DEV_006_2024-09-16 00:00:00,2024-09-16 00:00:00,DEV_006,48,21,23
DEV_006_2024-09-16 05:00:00,2024-09-16 05:00:00,DEV_006,26,13,67
DEV_006_2024-09-16 10:00:00,2024-09-16 10:00:00,DEV_006,65,86,85
DEV_006_2024-09-16 15:00:00,2024-09-16 15:00:00,DEV_006,50,20,89
DEV_006_2024-09-16 20:00:00,2024-09-16 20:00:00,DEV_006,82,77,19
DEV_006_2024-09-17 01:00:00,2024-09-17 01:00:00,DEV_006,65,39,82
DEV_006_2024-09-17 06:00:00,2024-09-17 06:00:00,DEV_006,23,25,45
DEV_006_2024-09-17 11:00:00,2024-09-17 11:00:00,DEV_006,40,81,42
DEV_006_2024-09-17 16:00:00,2024-09-17 16:00:00,DEV_006,86,36,37
DEV_006_2024-09-17 21:00:00,2024-09-17 21:00:00,DEV_006,16,90,96
DEV_006_2024-09-18 02:00:00,2024-09-18 02:00:00,DEV_006,82,94,85
DEV_006_2024-09-18 07:00:00,2024-09-18 07:00:00,DEV_006,89,61,80
DEV_006_2024-09-18 12:00:00,2024-09-18 12:00:00,DEV_006,73,35,32
DEV_006_2024-09-18 17:00:00,2024-09-18 17:00:00,DEV_006,57,57,74
DEV_006_2024-09-18 22:00:00,2024-09-18 22:00:00,DEV_006,2,24,34
DEV_006_2024-09-19 03:00:00,2024-09-19 03:00:00,DEV_006,29,94,62
DEV_006_2024-09-19 08:00:00,2024-09-19 08:00:00,DEV_006,31,62,80
DEV_006_2024-09-19 13:00:00,2024-09-19 13:00:00,DEV_006,94,99,38
DEV_006_2024-09-19 18:00:00,2024-09-19 18:00:00,DEV_006,58,75,43
DEV_006_2024-09-19 23:00:00,2024-09-19 23:00:00,DEV_006,6,18,45
DEV_006_2024-09-20 04:00:00,2024-09-20 04:00:00,DEV_006,7,56,79
DEV_006_2024-09-20 09:00:00,2024-09-20 09:00:00,DEV_006,29,4,29
DEV_006_2024-09-20 14:00:00,2024-09-20 14:00:00,DEV_006,16,60,63
DEV_006_2024-09-20 19:00:00,2024-09-20 19:00:00,DEV_006,16,50,5
DEV_006_2024-09-21 00:00:00,2024-09-21 00:00:00,DEV_006,18,85,89
DEV_006_2024-09-21 05:00:00,2024-09-21 05:00:00,DEV_006,65,42,43
DEV_006_2024-09-21 10:00:00,2024-09-21 10:00:00,DEV_006,70,68,4
DEV_006_2024-09-21 15:00:00,2024-09-21 15:00:00,DEV_006,1,97,3
DEV_006_2024-09-21 20:00:00,2024-09-21 20:00:00,DEV_006,60,58,52
DEV_006_2024-09-22 01:00:00,2024-09-22 01:00:00,DEV_006,7,80,23
DEV_006_2024-09-22 06:00:00,2024-09-22 06:00:00,DEV_006,80,65,57
DEV_006_2024-09-22 11:00:00,2024-09-22 11:00:00,DEV_006,66,75,1
DEV_006_2024-09-22 16:00:00,2024-09-22 16:00:00,DEV_006,78,2,96
DEV_006_2024-09-22 21:00:00,2024-09-22 21:00:00,DEV_006,94,32,16
DEV_006_2024-09-23 02:00:00,2024-09-23 02:00:00,DEV_006,43,91,37
DEV_006_2024-09-23 07:00:00,2024-09-23 07:00:00,DEV_006,30,1,75
DEV_006_2024-09-23 12:00:00,2024-09-23 12:00:00,DEV_006,97,29,92
DEV_006_2024-09-23 17:00:00,2024-09-23 17:00:00,DEV_006,93,46,18
DEV_006_2024-09-23 22:00:00,2024-09-23 22:00:00,DEV_006,38,11,18
DEV_006_2024-09-24 03:00:00,2024-09-24 03:00:00,DEV_006,26,53,61
DEV_006_2024-09-24 08:00:00,2024-09-24 08:00:00,DEV_006,23,35,10
DEV_006_2024-09-24 13:00:00,2024-09-24 13:00:00,DEV_006,58,89,23
DEV_006_2024-09-24 18:00:00,2024-09-24 18:00:00,DEV_006,78,46,57
DEV_006_2024-09-24 23:00:00,2024-09-24 23:00:00,DEV_006,58,18,32
DEV_006_2024-09-25 04:00:00,2024-09-25 04:00:00,DEV_006,7,79,44
DEV_006_2024-09-25 09:00:00,2024-09-25 09:00:00,DEV_006,33,14,2
DEV_006_2024-09-25 14:00:00,2024-09-25 14:00:00,DEV_006,78,53,27
DEV_006_2024-09-25 19:00:00,2024-09-25 19:00:00,DEV_006,71,92,74
DEV_006_2024-09-26 00:00:00,2024-09-26 00:00:00,DEV_006,70,92,3
DEV_006_2024-09-26 05:00:00,2024-09-26 05:00:00,DEV_006,46,94,34
DEV_006_2024-09-26 10:00:00,2024-09-26 10:00:00,DEV_006,40,90,54
DEV_006_2024-09-26 15:00:00,2024-09-26 15:00:00,DEV_006,59,52,50
DEV_006_2024-09-26 20:00:00,2024-09-26 20:00:00,DEV_006,36,3,44
DEV_006_2024-09-27 01:00:00,2024-09-27 01:00:00,DEV_006,67,67,44
DEV_006_2024-09-27 06:00:00,2024-09-27 06:00:00,DEV_006,28,28,26
DEV_006_2024-09-27 11:00:00,2024-09-27 11:00:00,DEV_006,16,11,32
DEV_006_2024-09-27 16:00:00,2024-09-27 16:00:00,DEV_006,26,7,46
DEV_006_2024-09-27 21:00:00,2024-09-27 21:00:00,DEV_006,35,45,34
DEV_006_2024-09-28 02:00:00,2024-09-28 02:00:00,DEV_006,28,59,69
DEV_006_2024-09-28 07:00:00,2024-09-28 07:00:00,DEV_006,76,91,17
DEV_006_2024-09-28 12:00:00,2024-09-28 12:00:00,DEV_006,87,25,13
DEV_006_2024-09-28 17:00:00,2024-09-28 17:00:00,DEV_006,8,82,80
DEV_006_2024-09-28 22:00:00,2024-09-28 22:00:00,DEV_006,77,6,24
DEV_006_2024-09-29 03:00:00,2024-09-29 03:00:00,DEV_006,92,90,55
DEV_006_2024-09-29 08:00:00,2024-09-29 08:00:00,DEV_006,15,32,64
DEV_006_2024-09-29 13:00:00,2024-09-29 13:00:00,DEV_006,53,45,33
DEV_006_2024-09-29 18:00:00,2024-09-29 18:00:00,DEV_006,26,43,36
DEV_006_2024-09-29 23:00:00,2024-09-29 23:00:00,DEV_006,11,36,28
DEV_006_2024-09-30 04:00:00,2024-09-30 04:00:00,DEV_006,14,31,54
DEV_006_2024-09-30 09:00:00,2024-09-30 09:00:00,DEV_006,66,76,44
DEV_006_2024-09-30 14:00:00,2024-09-30 14:00:00,DEV_006,17,93,73
DEV_006_2024-09-30 19:00:00,2024-09-30 19:00:00,DEV_006,1,65,64
DEV_006_2024-10-01 00:00:00,2024-10-01 00:00:00,DEV_006,6,83,54
DEV_006_2024-10-01 05:00:00,2024-10-01 05:00:00,DEV_006,90,22,65
DEV_006_2024-10-01 10:00:00,2024-10-01 10:00:00,DEV_006,4,16,88
DEV_006_2024-10-01 15:00:00,2024-10-01 15:00:00,DEV_006,47,81,78
DEV_006_2024-10-01 20:00:00,2024-10-01 20:00:00,DEV_006,28,20,15
DEV_006_2024-10-02 01:00:00,2024-10-02 01:00:00,DEV_006,82,97,21
DEV_006_2024-10-02 06:00:00,2024-10-02 06:00:00,DEV_006,34,44,9
DEV_006_2024-10-02 11:00:00,2024-10-02 11:00:00,DEV_006,74,4,94
DEV_006_2024-10-02 16:00:00,2024-10-02 16:00:00,DEV_006,38,81,44
DEV_006_2024-10-02 21:00:00,2024-10-02 21:00:00,DEV_006,57,23,69
DEV_006_2024-10-03 02:00:00,2024-10-03 02:00:00,DEV_006,99,24,25
DEV_006_2024-10-03 07:00:00,2024-10-03 07:00:00,DEV_006,23,98,79
DEV_006_2024-10-03 12:00:00,2024-10-03 12:00:00,DEV_006,11,56,35
DEV_006_2024-10-03 17:00:00,2024-10-03 17:00:00,DEV_006,55,55,74
DEV_006_2024-10-03 22:00:00,2024-10-03 22:00:00,DEV_006,3,91,55
DEV_006_2024-10-04 03:00:00,2024-10-04 03:00:00,DEV_006,10,10,1
DEV_006_2024-10-04 08:00:00,2024-10-04 08:00:00,DEV_006,73,27,31
DEV_006_2024-10-04 13:00:00,2024-10-04 13:00:00,DEV_006,7,81,39
DEV_006_2024-10-04 18:00:00,2024-10-04 18:00:00,DEV_006,83,3,34
DEV_006_2024-10-04 23:00:00,2024-10-04 23:00:00,DEV_006,77,80,93
DEV_006_2024-10-05 04:00:00,2024-10-05 04:00:00,DEV_006,54,4,80
DEV_006_2024-10-05 09:00:00,2024-10-05 09:00:00,DEV_006,83,91,39
DEV_006_2024-10-05 14:00:00,2024-10-05 14:00:00,DEV_006,33,80,46
DEV_006_2024-10-05 19:00:00,2024-10-05 19:00:00,DEV_006,22,24,47
DEV_006_2024-10-06 00:00:00,2024-10-06 00:00:00,DEV_006,79,75,89
DEV_006_2024-10-06 05:00:00,2024-10-06 05:00:00,DEV_006,8,80,61
DEV_006_2024-10-06 10:00:00,2024-10-06 10:00:00,DEV_006,51,63,81
DEV_006_2024-10-06 15:00:00,2024-10-06 15:00:00,DEV_006,39,35,65
DEV_006_2024-10-06 20:00:00,2024-10-06 20:00:00,DEV_006,22,28,47
DEV_006_2024-10-07 01:00:00,2024-10-07 01:00:00,DEV_006,22,56,2
DEV_006_2024-10-07 06:00:00,2024-10-07 06:00:00,DEV_006,70,79,30
DEV_006_2024-10-07 11:00:00,2024-10-07 11:00:00,DEV_006,86,13,93
DEV_006_2024-10-07 16:00:00,2024-10-07 16:00:00,DEV_006,38,85,50
DEV_006_2024-10-07 21:00:00,2024-10-07 21:00:00,DEV_006,53,30,81
DEV_006_2024-10-08 02:00:00,2024-10-08 02:00:00,DEV_006,47,94,34
DEV_006_2024-10-08 07:00:00,2024-10-08 07:00:00,DEV_006,56,37,94
DEV_006_2024-10-08 12:00:00,2024-10-08 12:00:00,DEV_006,96,36,98
DEV_006_2024-10-08 17:00:00,2024-10-08 17:00:00,DEV_006,7,81,49
DEV_006_2024-10-08 22:00:00,2024-10-08 22:00:00,DEV_006,40,91,43
DEV_006_2024-10-09 03:00:00,2024-10-09 03:00:00,DEV_006,29,48,37
DEV_006_2024-10-09 08:00:00,2024-10-09 08:00:00,DEV_006,70,56,25
DEV_006_2024-10-09 13:00:00,2024-10-09 13:00:00,DEV_006,79,53,87
DEV_006_2024-10-09 18:00:00,2024-10-09 18:00:00,DEV_006,52,24,43
DEV_006_2024-10-09 23:00:00,2024-10-09 23:00:00,DEV_006,97,85,35
DEV_006_2024-10-10 04:00:00,2024-10-10 04:00:00,DEV_006,94,40,30
DEV_006_2024-10-10 09:00:00,2024-10-10 09:00:00,DEV_006,90,48,95
DEV_006_2024-10-10 14:00:00,2024-10-10 14:00:00,DEV_006,87,34,47
DEV_006_2024-10-10 19:00:00,2024-10-10 19:00:00,DEV_006,25,74,61
DEV_006_2024-10-11 00:00:00,2024-10-11 00:00:00,DEV_006,12,71,93
DEV_006_2024-10-11 05:00:00,2024-10-11 05:00:00,DEV_006,31,34,80
DEV_006_2024-10-11 10:00:00,2024-10-11 10:00:00,DEV_006,83,13,25
DEV_006_2024-10-11 15:00:00,2024-10-11 15:00:00,DEV_006,32,25,74
DEV_006_2024-10-11 20:00:00,2024-10-11 20:00:00,DEV_006,47,52,82
DEV_006_2024-10-12 01:00:00,2024-10-12 01:00:00,DEV_006,58,23,34
DEV_006_2024-10-12 06:00:00,2024-10-12 06:00:00,DEV_006,48,2,28
DEV_006_2024-10-12 11:00:00,2024-10-12 11:00:00,DEV_006,59,8,37
DEV_006_2024-10-12 16:00:00,2024-10-12 16:00:00,DEV_006,5,29,18
DEV_006_2024-10-12 21:00:00,2024-10-12 21:00:00,DEV_006,50,59,53
DEV_006_2024-10-13 02:00:00,2024-10-13 02:00:00,DEV_006,19,53,83
DEV_006_2024-10-13 07:00:00,2024-10-13 07:00:00,DEV_006,67,49,6
DEV_006_2024-10-13 12:00:00,2024-10-13 12:00:00,DEV_006,91,8,10
DEV_006_2024-10-13 17:00:00,2024-10-13 17:00:00,DEV_006,37,9,83
DEV_006_2024-10-13 22:00:00,2024-10-13 22:00:00,DEV_006,49,97,61
DEV_006_2024-10-14 03:00:00,2024-10-14 03:00:00,DEV_006,99,95,80
DEV_006_2024-10-14 08:00:00,2024-10-14 08:00:00,DEV_006,62,14,84
DEV_006_2024-10-14 13:00:00,2024-10-14 13:00:00,DEV_006,34,60,55
DEV_006_2024-10-14 18:00:00,2024-10-14 18:00:00,DEV_006,48,8,5
DEV_006_2024-10-14 23:00:00,2024-10-14 23:00:00,DEV_006,71,65,16
DEV_006_2024-10-15 04:00:00,2024-10-15 04:00:00,DEV_006,26,73,29
DEV_006_2024-10-15 09:00:00,2024-10-15 09:00:00,DEV_006,27,42,88
DEV_006_2024-10-15 14:00:00,2024-10-15 14:00:00,DEV_006,46,74,7
DEV_006_2024-10-15 19:00:00,2024-10-15 19:00:00,DEV_006,92,20,44
DEV_006_2024-10-16 00:00:00,2024-10-16 00:00:00,DEV_006,98,93,54
DEV_006_2024-10-16 05:00:00,2024-10-16 05:00:00,DEV_006,41,2,66
DEV_006_2024-10-16 10:00:00,2024-10-16 10:00:00,DEV_006,60,17,94
DEV_006_2024-10-16 15:00:00,2024-10-16 15:00:00,DEV_006,74,32,51
DEV_006_2024-10-16 20:00:00,2024-10-16 20:00:00,DEV_006,61,71,22
DEV_006_2024-10-17 01:00:00,2024-10-17 01:00:00,DEV_006,81,15,38
DEV_006_2024-10-17 06:00:00,2024-10-17 06:00:00,DEV_006,58,60,79
DEV_006_2024-10-17 11:00:00,2024-10-17 11:00:00,DEV_006,91,46,1
DEV_006_2024-10-17 16:00:00,2024-10-17 16:00:00,DEV_006,43,30,45
DEV_006_2024-10-17 21:00:00,2024-10-17 21:00:00,DEV_006,9,55,24
DEV_006_2024-10-18 02:00:00,2024-10-18 02:00:00,DEV_006,41,8,11
DEV_006_2024-10-18 07:00:00,2024-10-18 07:00:00,DEV_006,29,26,71
DEV_006_2024-10-18 12:00:00,2024-10-18 12:00:00,DEV_006,40,10,91
DEV_006_2024-10-18 17:00:00,2024-10-18 17:00:00,DEV_006,68,35,54
DEV_006_2024-10-18 22:00:00,2024-10-18 22:00:00,DEV_006,24,60,58
DEV_006_2024-10-19 03:00:00,2024-10-19 03:00:00,DEV_006,26,59,27
DEV_006_2024-10-19 08:00:00,2024-10-19 08:00:00,DEV_006,59,30,32
DEV_006_2024-10-19 13:00:00,2024-10-19 13:00:00,DEV_006,59,26,93
DEV_006_2024-10-19 18:00:00,2024-10-19 18:00:00,DEV_006,42,84,24
DEV_006_2024-10-19 23:00:00,2024-10-19 23:00:00,DEV_006,34,1,81
DEV_006_2024-10-20 04:00:00,2024-10-20 04:00:00,DEV_006,96,50,22
DEV_006_2024-10-20 09:00:00,2024-10-20 09:00:00,DEV_006,87,25,95
DEV_006_2024-10-20 14:00:00,2024-10-20 14:00:00,DEV_006,81,86,79
DEV_006_2024-10-20 19:00:00,2024-10-20 19:00:00,DEV_006,29,81,71
DEV_006_2024-10-21 00:00:00,2024-10-21 00:00:00,DEV_006,64,51,26
DEV_006_2024-10-21 05:00:00,2024-10-21 05:00:00,DEV_006,89,49,36
DEV_006_2024-10-21 10:00:00,2024-10-21 10:00:00,DEV_006,70,39,41
DEV_006_2024-10-21 15:00:00,2024-10-21 15:00:00,DEV_006,4,14,86
DEV_006_2024-10-21 20:00:00,2024-10-21 20:00:00,DEV_006,86,46,25
DEV_006_2024-10-22 01:00:00,2024-10-22 01:00:00,DEV_006,53,31,5
DEV_006_2024-10-22 06:00:00,2024-10-22 06:00:00,DEV_006,41,63,28
DEV_006_2024-10-22 11:00:00,2024-10-22 11:00:00,DEV_006,73,45,48
DEV_006_2024-10-22 16:00:00,2024-10-22 16:00:00,DEV_006,89,63,31
DEV_006_2024-10-22 21:00:00,2024-10-22 21:00:00,DEV_006,64,66,78
DEV_006_2024-10-23 02:00:00,2024-10-23 02:00:00,DEV_006,60,9,94
DEV_006_2024-10-23 07:00:00,2024-10-23 07:00:00,DEV_006,85,92,98
DEV_006_2024-10-23 12:00:00,2024-10-23 12:00:00,DEV_006,42,35,74
DEV_006_2024-10-23 17:00:00,2024-10-23 17:00:00,DEV_006,77,98,26
DEV_006_2024-10-23 22:00:00,2024-10-23 22:00:00,DEV_006,82,73,90
DEV_006_2024-10-24 03:00:00,2024-10-24 03:00:00,DEV_006,2,48,48
DEV_006_2024-10-24 08:00:00,2024-10-24 08:00:00,DEV_006,74,69,92
DEV_006_2024-10-24 13:00:00,2024-10-24 13:00:00,DEV_006,80,95,24
DEV_006_2024-10-24 18:00:00,2024-10-24 18:00:00,DEV_006,50,53,74
DEV_006_2024-10-24 23:00:00,2024-10-24 23:00:00,DEV_006,58,45,24
DEV_006_2024-10-25 04:00:00,2024-10-25 04:00:00,DEV_006,37,26,20
DEV_006_2024-10-25 09:00:00,2024-10-25 09:00:00,DEV_006,13,86,21
DEV_006_2024-10-25 14:00:00,2024-10-25 14:00:00,DEV_006,94,68,8
DEV_006_2024-10-25 19:00:00,2024-10-25 19:00:00,DEV_006,86,57,77
DEV_006_2024-10-26 00:00:00,2024-10-26 00:00:00,DEV_006,33,78,90
DEV_006_2024-10-26 05:00:00,2024-10-26 05:00:00,DEV_006,75,71,75
DEV_006_2024-10-26 10:00:00,2024-10-26 10:00:00,DEV_006,3,82,68
DEV_006_2024-10-26 15:00:00,2024-10-26 15:00:00,DEV_006,10,95,12
DEV_006_2024-10-26 20:00:00,2024-10-26 20:00:00,DEV_006,52,34,21
DEV_006_2024-10-27 01:00:00,2024-10-27 01:00:00,DEV_006,16,28,62
DEV_006_2024-10-27 06:00:00,2024-10-27 06:00:00,DEV_006,29,37,70
DEV_006_2024-10-27 11:00:00,2024-10-27 11:00:00,DEV_006,59,27,84
DEV_006_2024-10-27 16:00:00,2024-10-27 16:00:00,DEV_006,22,2,18
DEV_006_2024-10-27 21:00:00,2024-10-27 21:00:00,DEV_006,85,6,23
DEV_006_2024-10-28 02:00:00,2024-10-28 02:00:00,DEV_006,98,14,59
DEV_006_2024-10-28 07:00:00,2024-10-28 07:00:00,DEV_006,68,80,21
DEV_006_2024-10-28 12:00:00,2024-10-28 12:00:00,DEV_006,83,93,25
DEV_006_2024-10-28 17:00:00,2024-10-28 17:00:00,DEV_006,40,83,62
DEV_006_2024-10-28 22:00:00,2024-10-28 22:00:00,DEV_006,77,22,28
DEV_006_2024-10-29 03:00:00,2024-10-29 03:00:00,DEV_006,9,17,34
DEV_006_2024-10-29 08:00:00,2024-10-29 08:00:00,DEV_006,5,7,31
DEV_006_2024-10-29 13:00:00,2024-10-29 13:00:00,DEV_006,93,71,72
DEV_006_2024-10-29 18:00:00,2024-10-29 18:00:00,DEV_006,50,34,81
DEV_006_2024-10-29 23:00:00,2024-10-29 23:00:00,DEV_006,4,46,24
DEV_006_2024-10-30 04:00:00,2024-10-30 04:00:00,DEV_006,58,31,12
DEV_006_2024-10-30 09:00:00,2024-10-30 09:00:00,DEV_006,57,88,52
DEV_006_2024-10-30 14:00:00,2024-10-30 14:00:00,DEV_006,59,73,5
DEV_006_2024-10-30 19:00:00,2024-10-30 19:00:00,DEV_006,97,33,55
DEV_006_2024-10-31 00:00:00,2024-10-31 00:00:00,DEV_006,45,85,69
DEV_006_2024-10-31 05:00:00,2024-10-31 05:00:00,DEV_006,7,92,72
DEV_006_2024-10-31 10:00:00,2024-10-31 10:00:00,DEV_006,36,14,4
DEV_006_2024-10-31 15:00:00,2024-10-31 15:00:00,DEV_006,24,36,61
DEV_006_2024-10-31 20:00:00,2024-10-31 20:00:00,DEV_006,8,98,33
DEV_006_2024-11-01 01:00:00,2024-11-01 01:00:00,DEV_006,62,23,16
DEV_006_2024-11-01 06:00:00,2024-11-01 06:00:00,DEV_006,84,18,41
DEV_006_2024-11-01 11:00:00,2024-11-01 11:00:00,DEV_006,20,78,81
DEV_006_2024-11-01 16:00:00,2024-11-01 16:00:00,DEV_006,7,81,1
DEV_006_2024-11-01 21:00:00,2024-11-01 21:00:00,DEV_006,41,93,41
DEV_006_2024-11-02 02:00:00,2024-11-02 02:00:00,DEV_006,83,97,80
DEV_006_2024-11-02 07:00:00,2024-11-02 07:00:00,DEV_006,68,35,5
DEV_006_2024-11-02 12:00:00,2024-11-02 12:00:00,DEV_006,16,43,28
DEV_006_2024-11-02 17:00:00,2024-11-02 17:00:00,DEV_006,2,98,14
DEV_006_2024-11-02 22:00:00,2024-11-02 22:00:00,DEV_006,28,87,53
DEV_006_2024-11-03 03:00:00,2024-11-03 03:00:00,DEV_006,64,64,39
DEV_006_2024-11-03 08:00:00,2024-11-03 08:00:00,DEV_006,45,53,81
DEV_006_2024-11-03 13:00:00,2024-11-03 13:00:00,DEV_006,81,14,39
DEV_006_2024-11-03 18:00:00,2024-11-03 18:00:00,DEV_006,26,96,56
DEV_006_2024-11-03 23:00:00,2024-11-03 23:00:00,DEV_006,30,56,44
DEV_006_2024-11-04 04:00:00,2024-11-04 04:00:00,DEV_006,55,36,13
DEV_006_2024-11-04 09:00:00,2024-11-04 09:00:00,DEV_006,42,77,90
DEV_006_2024-11-04 14:00:00,2024-11-04 14:00:00,DEV_006,94,34,53
DEV_006_2024-11-04 19:00:00,2024-11-04 19:00:00,DEV_006,2,26,28
DEV_006_2024-11-05 00:00:00,2024-11-05 00:00:00,DEV_006,59,45,65
DEV_006_2024-11-05 05:00:00,2024-11-05 05:00:00,DEV_006,53,53,71
DEV_006_2024-11-05 10:00:00,2024-11-05 10:00:00,DEV_006,3,95,49
DEV_006_2024-11-05 15:00:00,2024-11-05 15:00:00,DEV_006,67,41,15
DEV_006_2024-11-05 20:00:00,2024-11-05 20:00:00,DEV_006,35,97,82
DEV_006_2024-11-06 01:00:00,2024-11-06 01:00:00,DEV_006,63,15,2
DEV_006_2024-11-06 06:00:00,2024-11-06 06:00:00,DEV_006,79,46,61
DEV_006_2024-11-06 11:00:00,2024-11-06 11:00:00,DEV_006,80,24,96
DEV_006_2024-11-06 16:00:00,2024-11-06 16:00:00,DEV_006,44,5,56
DEV_006_2024-11-06 21:00:00,2024-11-06 21:00:00,DEV_006,80,54,24
DEV_006_2024-11-07 02:00:00,2024-11-07 02:00:00,DEV_006,48,22,78
DEV_006_2024-11-07 07:00:00,2024-11-07 07:00:00,DEV_006,79,81,19
DEV_006_2024-11-07 12:00:00,2024-11-07 12:00:00,DEV_006,14,22,11
DEV_006_2024-11-07 17:00:00,2024-11-07 17:00:00,DEV_006,42,34,53
DEV_006_2024-11-07 22:00:00,2024-11-07 22:00:00,DEV_006,1,86,14
DEV_006_2024-11-08 03:00:00,2024-11-08 03:00:00,DEV_006,58,11,50
DEV_006_2024-11-08 08:00:00,2024-11-08 08:00:00,DEV_006,3,12,41
DEV_006_2024-11-08 13:00:00,2024-11-08 13:00:00,DEV_006,70,6,84
DEV_006_2024-11-08 18:00:00,2024-11-08 18:00:00,DEV_006,15,84,11
DEV_006_2024-11-08 23:00:00,2024-11-08 23:00:00,DEV_006,10,94,47
DEV_006_2024-11-09 04:00:00,2024-11-09 04:00:00,DEV_006,68,22,28
DEV_006_2024-11-09 09:00:00,2024-11-09 09:00:00,DEV_006,23,33,8
DEV_006_2024-11-09 14:00:00,2024-11-09 14:00:00,DEV_006,80,90,76
DEV_006_2024-11-09 19:00:00,2024-11-09 19:00:00,DEV_006,36,66,80
DEV_006_2024-11-10 00:00:00,2024-11-10 00:00:00,DEV_006,31,29,78
DEV_006_2024-11-10 05:00:00,2024-11-10 05:00:00,DEV_006,5,69,23
DEV_006_2024-11-10 10:00:00,2024-11-10 10:00:00,DEV_006,37,73,38
DEV_006_2024-11-10 15:00:00,2024-11-10 15:00:00,DEV_006,53,77,36
DEV_006_2024-11-10 20:00:00,2024-11-10 20:00:00,DEV_006,63,70,50
DEV_006_2024-11-11 01:00:00,2024-11-11 01:00:00,DEV_006,62,62,29
DEV_006_2024-11-11 06:00:00,2024-11-11 06:00:00,DEV_006,24,36,10
DEV_006_2024-11-11 11:00:00,2024-11-11 11:00:00,DEV_006,85,83,7
DEV_006_2024-11-11 16:00:00,2024-11-11 16:00:00,DEV_006,38,49,5
DEV_006_2024-11-11 21:00:00,2024-11-11 21:00:00,DEV_006,49,50,47
DEV_006_2024-11-12 02:00:00,2024-11-12 02:00:00,DEV_006,9,91,3
DEV_006_2024-11-12 07:00:00,2024-11-12 07:00:00,DEV_006,8,58,20
DEV_006_2024-11-12 12:00:00,2024-11-12 12:00:00,DEV_006,74,16,12
DEV_006_2024-11-12 17:00:00,2024-11-12 17:00:00,DEV_006,2,54,67
DEV_006_2024-11-12 22:00:00,2024-11-12 22:00:00,DEV_006,25,9,46
DEV_006_2024-11-13 03:00:00,2024-11-13 03:00:00,DEV_006,31,21,71
DEV_006_2024-11-13 08:00:00,2024-11-13 08:00:00,DEV_006,43,84,37
DEV_006_2024-11-13 13:00:00,2024-11-13 13:00:00,DEV_006,30,47,34
DEV_006_2024-11-13 18:00:00,2024-11-13 18:00:00,DEV_006,4,93,6
DEV_006_2024-11-13 23:00:00,2024-11-13 23:00:00,DEV_006,40,19,10
DEV_006_2024-11-14 04:00:00,2024-11-14 04:00:00,DEV_006,34,16,67
DEV_006_2024-11-14 09:00:00,2024-11-14 09:00:00,DEV_006,86,16,31
DEV_006_2024-11-14 14:00:00,2024-11-14 14:00:00,DEV_006,81,23,38
DEV_006_2024-11-14 19:00:00,2024-11-14 19:00:00,DEV_006,91,69,25
DEV_006_2024-11-15 00:00:00,2024-11-15 00:00:00,DEV_006,75,73,69
DEV_006_2024-11-15 05:00:00,2024-11-15 05:00:00,DEV_006,52,88,80
DEV_006_2024-11-15 10:00:00,2024-11-15 10:00:00,DEV_006,66,66,84
DEV_006_2024-11-15 15:00:00,2024-11-15 15:00:00,DEV_006,68,34,72
DEV_006_2024-11-15 20:00:00,2024-11-15 20:00:00,DEV_006,66,15,72
DEV_006_2024-11-16 01:00:00,2024-11-16 01:00:00,DEV_006,88,64,33
DEV_006_2024-11-16 06:00:00,2024-11-16 06:00:00,DEV_006,93,1,90
DEV_006_2024-11-16 11:00:00,2024-11-16 11:00:00,DEV_006,48,68,2
DEV_006_2024-11-16 16:00:00,2024-11-16 16:00:00,DEV_006,88,5,70
DEV_006_2024-11-16 21:00:00,2024-11-16 21:00:00,DEV_006,57,95,27
DEV_006_2024-11-17 02:00:00,2024-11-17 02:00:00,DEV_006,49,32,95
DEV_006_2024-11-17 07:00:00,2024-11-17 07:00:00,DEV_006,17,36,17
DEV_006_2024-11-17 12:00:00,2024-11-17 12:00:00,DEV_006,62,15,97
DEV_006_2024-11-17 17:00:00,2024-11-17 17:00:00,DEV_006,86,14,90
DEV_006_2024-11-17 22:00:00,2024-11-17 22:00:00,DEV_006,79,61,66
DEV_006_2024-11-18 03:00:00,2024-11-18 03:00:00,DEV_006,28,76,60
DEV_006_2024-11-18 08:00:00,2024-11-18 08:00:00,DEV_006,6,42,4
DEV_006_2024-11-18 13:00:00,2024-11-18 13:00:00,DEV_006,76,9,18
DEV_006_2024-11-18 18:00:00,2024-11-18 18:00:00,DEV_006,4,5,92
DEV_006_2024-11-18 23:00:00,2024-11-18 23:00:00,DEV_006,63,66,88
DEV_006_2024-11-19 04:00:00,2024-11-19 04:00:00,DEV_006,68,40,56
DEV_006_2024-11-19 09:00:00,2024-11-19 09:00:00,DEV_006,92,79,54
DEV_006_2024-11-19 14:00:00,2024-11-19 14:00:00,DEV_006,68,32,83
DEV_006_2024-11-19 19:00:00,2024-11-19 19:00:00,DEV_006,86,66,72
DEV_006_2024-11-20 00:00:00,2024-11-20 00:00:00,DEV_006,36,58,72
DEV_006_2024-11-20 05:00:00,2024-11-20 05:00:00,DEV_006,24,40,97
DEV_006_2024-11-20 10:00:00,2024-11-20 10:00:00,DEV_006,69,74,76
DEV_006_2024-11-20 15:00:00,2024-11-20 15:00:00,DEV_006,14,41,25
DEV_006_2024-11-20 20:00:00,2024-11-20 20:00:00,DEV_006,53,48,99
DEV_006_2024-11-21 01:00:00,2024-11-21 01:00:00,DEV_006,25,44,86
DEV_006_2024-11-21 06:00:00,2024-11-21 06:00:00,DEV_006,46,61,68
DEV_006_2024-11-21 11:00:00,2024-11-21 11:00:00,DEV_006,19,20,27
DEV_006_2024-11-21 16:00:00,2024-11-21 16:00:00,DEV_006,23,39,47
DEV_006_2024-11-21 21:00:00,2024-11-21 21:00:00,DEV_006,77,44,47
DEV_006_2024-11-22 02:00:00,2024-11-22 02:00:00,DEV_006,79,80,39
DEV_006_2024-11-22 07:00:00,2024-11-22 07:00:00,DEV_006,62,42,48
DEV_006_2024-11-22 12:00:00,2024-11-22 12:00:00,DEV_006,90,58,26
DEV_006_2024-11-22 17:00:00,2024-11-22 17:00:00,DEV_006,7,65,73
DEV_006_2024-11-22 22:00:00,2024-11-22 22:00:00,DEV_006,72,87,55
DEV_006_2024-11-23 03:00:00,2024-11-23 03:00:00,DEV_006,63,79,18
DEV_006_2024-11-23 08:00:00,2024-11-23 08:00:00,DEV_006,54,61,56
DEV_006_2024-11-23 13:00:00,2024-11-23 13:00:00,DEV_006,83,26,76
DEV_006_2024-11-23 18:00:00,2024-11-23 18:00:00,DEV_006,36,7,73
DEV_006_2024-11-23 23:00:00,2024-11-23 23:00:00,DEV_006,31,22,63
DEV_006_2024-11-24 04:00:00,2024-11-24 04:00:00,DEV_006,43,76,98
DEV_006_2024-11-24 09:00:00,2024-11-24 09:00:00,DEV_006,40,2,53
DEV_006_2024-11-24 14:00:00,2024-11-24 14:00:00,DEV_006,32,1,89
DEV_006_2024-11-24 19:00:00,2024-11-24 19:00:00,DEV_006,68,38,45
DEV_006_2024-11-25 00:00:00,2024-11-25 00:00:00,DEV_006,4,73,82
DEV_006_2024-11-25 05:00:00,2024-11-25 05:00:00,DEV_006,41,48,11
DEV_006_2024-11-25 10:00:00,2024-11-25 10:00:00,DEV_006,61,70,80
DEV_006_2024-11-25 15:00:00,2024-11-25 15:00:00,DEV_006,8,19,5
DEV_006_2024-11-25 20:00:00,2024-11-25 20:00:00,DEV_006,90,89,25
DEV_006_2024-11-26 01:00:00,2024-11-26 01:00:00,DEV_006,9,99,65
DEV_006_2024-11-26 06:00:00,2024-11-26 06:00:00,DEV_006,47,66,44
DEV_006_2024-11-26 11:00:00,2024-11-26 11:00:00,DEV_006,42,25,12
DEV_006_2024-11-26 16:00:00,2024-11-26 16:00:00,DEV_006,29,12,77
DEV_006_2024-11-26 21:00:00,2024-11-26 21:00:00,DEV_006,75,71,39
DEV_006_2024-11-27 02:00:00,2024-11-27 02:00:00,DEV_006,86,55,73
DEV_006_2024-11-27 07:00:00,2024-11-27 07:00:00,DEV_006,39,96,78
DEV_006_2024-11-27 12:00:00,2024-11-27 12:00:00,DEV_006,52,29,99
DEV_006_2024-11-27 17:00:00,2024-11-27 17:00:00,DEV_006,42,12,31
DEV_006_2024-11-27 22:00:00,2024-11-27 22:00:00,DEV_006,38,35,61
DEV_006_2024-11-28 03:00:00,2024-11-28 03:00:00,DEV_006,55,15,16
DEV_006_2024-11-28 08:00:00,2024-11-28 08:00:00,DEV_006,19,58,80
DEV_006_2024-11-28 13:00:00,2024-11-28 13:00:00,DEV_006,93,29,93
DEV_006_2024-11-28 18:00:00,2024-11-28 18:00:00,DEV_006,30,85,56
DEV_006_2024-11-28 23:00:00,2024-11-28 23:00:00,DEV_006,53,25,72
DEV_006_2024-11-29 04:00:00,2024-11-29 04:00:00,DEV_006,14,18,8
DEV_006_2024-11-29 09:00:00,2024-11-29 09:00:00,DEV_006,32,55,98
DEV_006_2024-11-29 14:00:00,2024-11-29 14:00:00,DEV_006,15,18,12
DEV_006_2024-11-29 19:00:00,2024-11-29 19:00:00,DEV_006,14,58,83
DEV_006_2024-11-30 00:00:00,2024-11-30 00:00:00,DEV_006,19,38,64
DEV_006_2024-11-30 05:00:00,2024-11-30 05:00:00,DEV_006,47,68,28
DEV_006_2024-11-30 10:00:00,2024-11-30 10:00:00,DEV_006,90,21,36
DEV_006_2024-11-30 15:00:00,2024-11-30 15:00:00,DEV_006,80,2,17
DEV_006_2024-11-30 20:00:00,2024-11-30 20:00:00,DEV_006,65,27,42
DEV_006_2024-12-01 01:00:00,2024-12-01 01:00:00,DEV_006,7,81,66
DEV_006_2024-12-01 06:00:00,2024-12-01 06:00:00,DEV_006,65,44,18
DEV_006_2024-12-01 11:00:00,2024-12-01 11:00:00,DEV_006,31,79,99
DEV_006_2024-12-01 16:00:00,2024-12-01 16:00:00,DEV_006,79,54,42
DEV_006_2024-12-01 21:00:00,2024-12-01 21:00:00,DEV_006,75,81,66
DEV_006_2024-12-02 02:00:00,2024-12-02 02:00:00,DEV_006,91,10,99
DEV_006_2024-12-02 07:00:00,2024-12-02 07:00:00,DEV_006,8,71,5
DEV_006_2024-12-02 12:00:00,2024-12-02 12:00:00,DEV_006,73,10,90
DEV_006_2024-12-02 17:00:00,2024-12-02 17:00:00,DEV_006,25,8,55
DEV_006_2024-12-02 22:00:00,2024-12-02 22:00:00,DEV_006,30,51,30
DEV_006_2024-12-03 03:00:00,2024-12-03 03:00:00,DEV_006,10,44,11
DEV_006_2024-12-03 08:00:00,2024-12-03 08:00:00,DEV_006,46,45,39
DEV_006_2024-12-03 13:00:00,2024-12-03 13:00:00,DEV_006,51,66,63
DEV_006_2024-12-03 18:00:00,2024-12-03 18:00:00,DEV_006,23,5,65
DEV_006_2024-12-03 23:00:00,2024-12-03 23:00:00,DEV_006,32,47,49
DEV_006_2024-12-04 04:00:00,2024-12-04 04:00:00,DEV_006,94,90,9
DEV_006_2024-12-04 09:00:00,2024-12-04 09:00:00,DEV_006,55,12,63
DEV_006_2024-12-04 14:00:00,2024-12-04 14:00:00,DEV_006,7,29,43
DEV_006_2024-12-04 19:00:00,2024-12-04 19:00:00,DEV_006,8,68,94
DEV_006_2024-12-05 00:00:00,2024-12-05 00:00:00,DEV_006,87,64,55
DEV_006_2024-12-05 05:00:00,2024-12-05 05:00:00,DEV_006,29,48,39
DEV_006_2024-12-05 10:00:00,2024-12-05 10:00:00,DEV_006,49,12,76
DEV_006_2024-12-05 15:00:00,2024-12-05 15:00:00,DEV_006,82,85,91
DEV_006_2024-12-05 20:00:00,2024-12-05 20:00:00,DEV_006,83,68,55
DEV_006_2024-12-06 01:00:00,2024-12-06 01:00:00,DEV_006,50,20,80
DEV_006_2024-12-06 06:00:00,2024-12-06 06:00:00,DEV_006,6,86,51
DEV_006_2024-12-06 11:00:00,2024-12-06 11:00:00,DEV_006,88,37,32
DEV_006_2024-12-06 16:00:00,2024-12-06 16:00:00,DEV_006,97,71,60
DEV_006_2024-12-06 21:00:00,2024-12-06 21:00:00,DEV_006,41,93,30
DEV_006_2024-12-07 02:00:00,2024-12-07 02:00:00,DEV_006,19,77,22
DEV_006_2024-12-07 07:00:00,2024-12-07 07:00:00,DEV_006,60,29,42
DEV_006_2024-12-07 12:00:00,2024-12-07 12:00:00,DEV_006,54,50,18
DEV_006_2024-12-07 17:00:00,2024-12-07 17:00:00,DEV_006,8,7,57
DEV_006_2024-12-07 22:00:00,2024-12-07 22:00:00,DEV_006,37,34,74
DEV_006_2024-12-08 03:00:00,2024-12-08 03:00:00,DEV_006,40,35,5
DEV_006_2024-12-08 08:00:00,2024-12-08 08:00:00,DEV_006,90,71,7
DEV_006_2024-12-08 13:00:00,2024-12-08 13:00:00,DEV_006,12,40,63
DEV_006_2024-12-08 18:00:00,2024-12-08 18:00:00,DEV_006,89,42,48
DEV_006_2024-12-08 23:00:00,2024-12-08 23:00:00,DEV_006,6,8,9
DEV_006_2024-12-09 04:00:00,2024-12-09 04:00:00,DEV_006,1,56,39
DEV_006_2024-12-09 09:00:00,2024-12-09 09:00:00,DEV_006,73,33,87
DEV_006_2024-12-09 14:00:00,2024-12-09 14:00:00,DEV_006,71,62,14
DEV_006_2024-12-09 19:00:00,2024-12-09 19:00:00,DEV_006,17,97,51
DEV_006_2024-12-10 00:00:00,2024-12-10 00:00:00,DEV_006,6,15,64
DEV_006_2024-12-10 05:00:00,2024-12-10 05:00:00,DEV_006,31,39,48
DEV_006_2024-12-10 10:00:00,2024-12-10 10:00:00,DEV_006,5,38,29
DEV_006_2024-12-10 15:00:00,2024-12-10 15:00:00,DEV_006,8,40,31
DEV_006_2024-12-10 20:00:00,2024-12-10 20:00:00,DEV_006,30,97,32
DEV_006_2024-12-11 01:00:00,2024-12-11 01:00:00,DEV_006,64,97,39
DEV_006_2024-12-11 06:00:00,2024-12-11 06:00:00,DEV_006,91,1,50
DEV_006_2024-12-11 11:00:00,2024-12-11 11:00:00,DEV_006,20,42,55
DEV_006_2024-12-11 16:00:00,2024-12-11 16:00:00,DEV_006,95,15,3
DEV_006_2024-12-11 21:00:00,2024-12-11 21:00:00,DEV_006,4,18,12
DEV_006_2024-12-12 02:00:00,2024-12-12 02:00:00,DEV_006,96,13,19
DEV_006_2024-12-12 07:00:00,2024-12-12 07:00:00,DEV_006,51,84,35
DEV_006_2024-12-12 12:00:00,2024-12-12 12:00:00,DEV_006,58,73,90
DEV_006_2024-12-12 17:00:00,2024-12-12 17:00:00,DEV_006,67,4,77
DEV_006_2024-12-12 22:00:00,2024-12-12 22:00:00,DEV_006,10,90,74
DEV_006_2024-12-13 03:00:00,2024-12-13 03:00:00,DEV_006,46,30,61
DEV_006_2024-12-13 08:00:00,2024-12-13 08:00:00,DEV_006,71,26,86
DEV_006_2024-12-13 13:00:00,2024-12-13 13:00:00,DEV_006,45,42,50
DEV_006_2024-12-13 18:00:00,2024-12-13 18:00:00,DEV_006,97,70,11
DEV_006_2024-12-13 23:00:00,2024-12-13 23:00:00,DEV_006,42,23,57
DEV_006_2024-12-14 04:00:00,2024-12-14 04:00:00,DEV_006,45,57,41
DEV_006_2024-12-14 09:00:00,2024-12-14 09:00:00,DEV_006,27,89,18
DEV_006_2024-12-14 14:00:00,2024-12-14 14:00:00,DEV_006,51,31,69
DEV_006_2024-12-14 19:00:00,2024-12-14 19:00:00,DEV_006,64,32,87
DEV_006_2024-12-15 00:00:00,2024-12-15 00:00:00,DEV_006,30,84,9
DEV_006_2024-12-15 05:00:00,2024-12-15 05:00:00,DEV_006,63,66,75
DEV_006_2024-12-15 10:00:00,2024-12-15 10:00:00,DEV_006,16,7,50
DEV_006_2024-12-15 15:00:00,2024-12-15 15:00:00,DEV_006,27,44,63
DEV_006_2024-12-15 20:00:00,2024-12-15 20:00:00,DEV_006,40,44,77
DEV_006_2024-12-16 01:00:00,2024-12-16 01:00:00,DEV_006,12,84,38
DEV_006_2024-12-16 06:00:00,2024-12-16 06:00:00,DEV_006,81,35,89
DEV_006_2024-12-16 11:00:00,2024-12-16 11:00:00,DEV_006,21,36,47
DEV_006_2024-12-16 16:00:00,2024-12-16 16:00:00,DEV_006,81,7,52
DEV_006_2024-12-16 21:00:00,2024-12-16 21:00:00,DEV_006,79,26,82
DEV_006_2024-12-17 02:00:00,2024-12-17 02:00:00,DEV_006,43,64,12
DEV_006_2024-12-17 07:00:00,2024-12-17 07:00:00,DEV_006,92,92,62
DEV_006_2024-12-17 12:00:00,2024-12-17 12:00:00,DEV_006,45,24,16
DEV_006_2024-12-17 17:00:00,2024-12-17 17:00:00,DEV_006,24,57,6
DEV_006_2024-12-17 22:00:00,2024-12-17 22:00:00,DEV_006,25,92,19
DEV_006_2024-12-18 03:00:00,2024-12-18 03:00:00,DEV_006,27,39,6
DEV_006_2024-12-18 08:00:00,2024-12-18 08:00:00,DEV_006,18,65,55
DEV_006_2024-12-18 13:00:00,2024-12-18 13:00:00,DEV_006,39,60,75
DEV_006_2024-12-18 18:00:00,2024-12-18 18:00:00,DEV_006,73,66,72
DEV_006_2024-12-18 23:00:00,2024-12-18 23:00:00,DEV_006,70,70,86
DEV_006_2024-12-19 04:00:00,2024-12-19 04:00:00,DEV_006,28,70,68
DEV_006_2024-12-19 09:00:00,2024-12-19 09:00:00,DEV_006,25,86,57
DEV_006_2024-12-19 14:00:00,2024-12-19 14:00:00,DEV_006,18,73,15
DEV_006_2024-12-19 19:00:00,2024-12-19 19:00:00,DEV_006,88,91,29
DEV_006_2024-12-20 00:00:00,2024-12-20 00:00:00,DEV_006,35,95,90
DEV_006_2024-12-20 05:00:00,2024-12-20 05:00:00,DEV_006,88,37,23
DEV_006_2024-12-20 10:00:00,2024-12-20 10:00:00,DEV_006,44,53,40
DEV_006_2024-12-20 15:00:00,2024-12-20 15:00:00,DEV_006,42,56,86
DEV_006_2024-12-20 20:00:00,2024-12-20 20:00:00,DEV_006,84,97,30
DEV_006_2024-12-21 01:00:00,2024-12-21 01:00:00,DEV_006,85,48,45
DEV_006_2024-12-21 06:00:00,2024-12-21 06:00:00,DEV_006,81,43,62
DEV_006_2024-12-21 11:00:00,2024-12-21 11:00:00,DEV_006,12,93,7
DEV_006_2024-12-21 16:00:00,2024-12-21 16:00:00,DEV_006,90,43,9
DEV_006_2024-12-21 21:00:00,2024-12-21 21:00:00,DEV_006,70,90,52
DEV_006_2024-12-22 02:00:00,2024-12-22 02:00:00,DEV_006,83,61,68
DEV_006_2024-12-22 07:00:00,2024-12-22 07:00:00,DEV_006,96,51,15
DEV_006_2024-12-22 12:00:00,2024-12-22 12:00:00,DEV_006,3,66,42
DEV_006_2024-12-22 17:00:00,2024-12-22 17:00:00,DEV_006,78,50,19
DEV_006_2024-12-22 22:00:00,2024-12-22 22:00:00,DEV_006,45,75,97
DEV_006_2024-12-23 03:00:00,2024-12-23 03:00:00,DEV_006,21,56,85
DEV_006_2024-12-23 08:00:00,2024-12-23 08:00:00,DEV_006,56,83,50
DEV_006_2024-12-23 13:00:00,2024-12-23 13:00:00,DEV_006,93,38,8
DEV_006_2024-12-23 18:00:00,2024-12-23 18:00:00,DEV_006,40,32,55
DEV_006_2024-12-23 23:00:00,2024-12-23 23:00:00,DEV_006,44,34,21
DEV_006_2024-12-24 04:00:00,2024-12-24 04:00:00,DEV_006,20,27,50
DEV_006_2024-12-24 09:00:00,2024-12-24 09:00:00,DEV_006,56,23,63
DEV_006_2024-12-24 14:00:00,2024-12-24 14:00:00,DEV_006,58,80,77
DEV_006_2024-12-24 19:00:00,2024-12-24 19:00:00,DEV_006,85,7,89
DEV_006_2024-12-25 00:00:00,2024-12-25 00:00:00,DEV_006,80,85,29
DEV_006_2024-12-25 05:00:00,2024-12-25 05:00:00,DEV_006,49,36,30
DEV_006_2024-12-25 10:00:00,2024-12-25 10:00:00,DEV_006,85,34,53
DEV_006_2024-12-25 15:00:00,2024-12-25 15:00:00,DEV_006,49,28,84
DEV_006_2024-12-25 20:00:00,2024-12-25 20:00:00,DEV_006,3,24,78
DEV_006_2024-12-26 01:00:00,2024-12-26 01:00:00,DEV_006,20,8,18
DEV_006_2024-12-26 06:00:00,2024-12-26 06:00:00,DEV_006,49,17,64
DEV_006_2024-12-26 11:00:00,2024-12-26 11:00:00,DEV_006,4,23,50
DEV_006_2024-12-26 16:00:00,2024-12-26 16:00:00,DEV_006,76,34,50
DEV_006_2024-12-26 21:00:00,2024-12-26 21:00:00,DEV_006,1,35,94
DEV_006_2024-12-27 02:00:00,2024-12-27 02:00:00,DEV_006,21,35,87
DEV_006_2024-12-27 07:00:00,2024-12-27 07:00:00,DEV_006,79,23,59
DEV_006_2024-12-27 12:00:00,2024-12-27 12:00:00,DEV_006,65,31,27
DEV_006_2024-12-27 17:00:00,2024-12-27 17:00:00,DEV_006,87,84,32
DEV_006_2024-12-27 22:00:00,2024-12-27 22:00:00,DEV_006,96,84,28
DEV_006_2024-12-28 03:00:00,2024-12-28 03:00:00,DEV_006,22,5,3
DEV_006_2024-12-28 08:00:00,2024-12-28 08:00:00,DEV_006,97,81,62
DEV_006_2024-12-28 13:00:00,2024-12-28 13:00:00,DEV_006,51,99,75
DEV_006_2024-12-28 18:00:00,2024-12-28 18:00:00,DEV_006,73,48,67
DEV_006_2024-12-28 23:00:00,2024-12-28 23:00:00,DEV_006,91,23,59
DEV_006_2024-12-29 04:00:00,2024-12-29 04:00:00,DEV_006,7,51,11
DEV_006_2024-12-29 09:00:00,2024-12-29 09:00:00,DEV_006,58,41,47
DEV_006_2024-12-29 14:00:00,2024-12-29 14:00:00,DEV_006,99,57,42
DEV_006_2024-12-29 19:00:00,2024-12-29 19:00:00,DEV_006,83,74,28
DEV_007_2024-09-01 00:00:00,2024-09-01 00:00:00,DEV_007,69,92,83
DEV_007_2024-09-01 01:00:00,2024-09-01 01:00:00,DEV_007,15,48,61
DEV_007_2024-09-01 02:00:00,2024-09-01 02:00:00,DEV_007,50,46,53
DEV_007_2024-09-01 03:00:00,2024-09-01 03:00:00,DEV_007,27,65,54
DEV_007_2024-09-01 04:00:00,2024-09-01 04:00:00,DEV_007,28,4,13
DEV_007_2024-09-01 05:00:00,2024-09-01 05:00:00,DEV_007,60,59,79
DEV_007_2024-09-01 06:00:00,2024-09-01 06:00:00,DEV_007,63,44,12
DEV_007_2024-09-01 07:00:00,2024-09-01 07:00:00,DEV_007,45,12,32
DEV_007_2024-09-01 08:00:00,2024-09-01 08:00:00,DEV_007,53,89,82
DEV_007_2024-09-01 09:00:00,2024-09-01 09:00:00,DEV_007,64,31,76
DEV_007_2024-09-01 10:00:00,2024-09-01 10:00:00,DEV_007,18,6,3
DEV_007_2024-09-01 11:00:00,2024-09-01 11:00:00,DEV_007,13,61,70
DEV_007_2024-09-01 12:00:00,2024-09-01 12:00:00,DEV_007,12,7,85
DEV_007_2024-09-01 13:00:00,2024-09-01 13:00:00,DEV_007,54,4,96
DEV_007_2024-09-01 14:00:00,2024-09-01 14:00:00,DEV_007,12,61,71
DEV_007_2024-09-01 15:00:00,2024-09-01 15:00:00,DEV_007,43,30,51
DEV_007_2024-09-01 16:00:00,2024-09-01 16:00:00,DEV_007,19,97,29
DEV_007_2024-09-01 17:00:00,2024-09-01 17:00:00,DEV_007,45,76,21
DEV_007_2024-09-01 18:00:00,2024-09-01 18:00:00,DEV_007,67,23,78
DEV_007_2024-09-01 19:00:00,2024-09-01 19:00:00,DEV_007,63,61,61
DEV_007_2024-09-01 20:00:00,2024-09-01 20:00:00,DEV_007,87,76,18
DEV_007_2024-09-01 21:00:00,2024-09-01 21:00:00,DEV_007,45,26,97
DEV_007_2024-09-01 22:00:00,2024-09-01 22:00:00,DEV_007,17,19,17
DEV_007_2024-09-01 23:00:00,2024-09-01 23:00:00,DEV_007,73,12,41
DEV_007_2024-09-02 00:00:00,2024-09-02 00:00:00,DEV_007,7,66,3
DEV_007_2024-09-02 01:00:00,2024-09-02 01:00:00,DEV_007,53,36,73
DEV_007_2024-09-02 02:00:00,2024-09-02 02:00:00,DEV_007,54,92,40
DEV_007_2024-09-02 03:00:00,2024-09-02 03:00:00,DEV_007,69,23,6
DEV_007_2024-09-02 04:00:00,2024-09-02 04:00:00,DEV_007,41,92,35
DEV_007_2024-09-02 05:00:00,2024-09-02 05:00:00,DEV_007,33,22,4
DEV_007_2024-09-02 06:00:00,2024-09-02 06:00:00,DEV_007,91,36,59
DEV_007_2024-09-02 07:00:00,2024-09-02 07:00:00,DEV_007,37,84,58
DEV_007_2024-09-02 08:00:00,2024-09-02 08:00:00,DEV_007,32,99,15
DEV_007_2024-09-02 09:00:00,2024-09-02 09:00:00,DEV_007,97,60,20
DEV_007_2024-09-02 10:00:00,2024-09-02 10:00:00,DEV_007,23,98,22
DEV_007_2024-09-02 11:00:00,2024-09-02 11:00:00,DEV_007,8,9,67
DEV_007_2024-09-02 12:00:00,2024-09-02 12:00:00,DEV_007,43,90,19
DEV_007_2024-09-02 13:00:00,2024-09-02 13:00:00,DEV_007,13,94,39
DEV_007_2024-09-02 14:00:00,2024-09-02 14:00:00,DEV_007,28,87,35
DEV_007_2024-09-02 15:00:00,2024-09-02 15:00:00,DEV_007,56,59,99
DEV_007_2024-09-02 16:00:00,2024-09-02 16:00:00,DEV_007,25,64,93
DEV_007_2024-09-02 17:00:00,2024-09-02 17:00:00,DEV_007,82,45,34
DEV_007_2024-09-02 18:00:00,2024-09-02 18:00:00,DEV_007,44,75,53
DEV_007_2024-09-02 19:00:00,2024-09-02 19:00:00,DEV_007,98,7,15
DEV_007_2024-09-02 20:00:00,2024-09-02 20:00:00,DEV_007,43,84,38
DEV_007_2024-09-02 21:00:00,2024-09-02 21:00:00,DEV_007,78,74,41
DEV_007_2024-09-02 22:00:00,2024-09-02 22:00:00,DEV_007,28,16,23
DEV_007_2024-09-02 23:00:00,2024-09-02 23:00:00,DEV_007,53,95,95
DEV_007_2024-09-03 00:00:00,2024-09-03 00:00:00,DEV_007,24,52,51
DEV_007_2024-09-03 01:00:00,2024-09-03 01:00:00,DEV_007,1,70,8
DEV_007_2024-09-03 02:00:00,2024-09-03 02:00:00,DEV_007,30,96,81
DEV_007_2024-09-03 03:00:00,2024-09-03 03:00:00,DEV_007,38,72,90
DEV_007_2024-09-03 04:00:00,2024-09-03 04:00:00,DEV_007,89,40,99
DEV_007_2024-09-03 05:00:00,2024-09-03 05:00:00,DEV_007,62,21,5
DEV_007_2024-09-03 06:00:00,2024-09-03 06:00:00,DEV_007,65,59,74
DEV_007_2024-09-03 07:00:00,2024-09-03 07:00:00,DEV_007,3,97,87
DEV_007_2024-09-03 08:00:00,2024-09-03 08:00:00,DEV_007,93,99,62
DEV_007_2024-09-03 09:00:00,2024-09-03 09:00:00,DEV_007,94,6,33
DEV_007_2024-09-03 10:00:00,2024-09-03 10:00:00,DEV_007,97,96,63
DEV_007_2024-09-03 11:00:00,2024-09-03 11:00:00,DEV_007,34,58,28
DEV_007_2024-09-03 12:00:00,2024-09-03 12:00:00,DEV_007,6,72,97
DEV_007_2024-09-03 13:00:00,2024-09-03 13:00:00,DEV_007,12,36,5
DEV_007_2024-09-03 14:00:00,2024-09-03 14:00:00,DEV_007,92,94,66
DEV_007_2024-09-03 15:00:00,2024-09-03 15:00:00,DEV_007,33,67,96
DEV_007_2024-09-03 16:00:00,2024-09-03 16:00:00,DEV_007,10,15,70
DEV_007_2024-09-03 17:00:00,2024-09-03 17:00:00,DEV_007,92,47,22
DEV_007_2024-09-03 18:00:00,2024-09-03 18:00:00,DEV_007,38,90,17
DEV_007_2024-09-03 19:00:00,2024-09-03 19:00:00,DEV_007,24,62,75
DEV_007_2024-09-03 20:00:00,2024-09-03 20:00:00,DEV_007,84,47,74
DEV_007_2024-09-03 21:00:00,2024-09-03 21:00:00,DEV_007,48,87,62
DEV_007_2024-09-03 22:00:00,2024-09-03 22:00:00,DEV_007,84,51,59
DEV_007_2024-09-03 23:00:00,2024-09-03 23:00:00,DEV_007,31,50,56
DEV_007_2024-09-04 00:00:00,2024-09-04 00:00:00,DEV_007,33,2,62
DEV_007_2024-09-04 01:00:00,2024-09-04 01:00:00,DEV_007,98,5,98
DEV_007_2024-09-04 02:00:00,2024-09-04 02:00:00,DEV_007,73,81,89
DEV_007_2024-09-04 03:00:00,2024-09-04 03:00:00,DEV_007,14,58,25
DEV_007_2024-09-04 04:00:00,2024-09-04 04:00:00,DEV_007,32,53,91
DEV_007_2024-09-04 05:00:00,2024-09-04 05:00:00,DEV_007,10,21,80
DEV_007_2024-09-04 06:00:00,2024-09-04 06:00:00,DEV_007,55,8,96
DEV_007_2024-09-04 07:00:00,2024-09-04 07:00:00,DEV_007,97,34,88
DEV_007_2024-09-04 08:00:00,2024-09-04 08:00:00,DEV_007,51,79,89
DEV_007_2024-09-04 09:00:00,2024-09-04 09:00:00,DEV_007,91,25,56
DEV_007_2024-09-04 10:00:00,2024-09-04 10:00:00,DEV_007,18,20,92
DEV_007_2024-09-04 11:00:00,2024-09-04 11:00:00,DEV_007,14,52,38
DEV_007_2024-09-04 12:00:00,2024-09-04 12:00:00,DEV_007,11,28,79
DEV_007_2024-09-04 13:00:00,2024-09-04 13:00:00,DEV_007,30,5,68
DEV_007_2024-09-04 14:00:00,2024-09-04 14:00:00,DEV_007,71,39,40
DEV_007_2024-09-04 15:00:00,2024-09-04 15:00:00,DEV_007,35,3,92
DEV_007_2024-09-04 16:00:00,2024-09-04 16:00:00,DEV_007,37,68,58
DEV_007_2024-09-04 17:00:00,2024-09-04 17:00:00,DEV_007,11,4,68
DEV_007_2024-09-04 18:00:00,2024-09-04 18:00:00,DEV_007,44,90,90
DEV_007_2024-09-04 19:00:00,2024-09-04 19:00:00,DEV_007,50,73,77
DEV_007_2024-09-04 20:00:00,2024-09-04 20:00:00,DEV_007,52,79,27
DEV_007_2024-09-04 21:00:00,2024-09-04 21:00:00,DEV_007,9,18,96
DEV_007_2024-09-04 22:00:00,2024-09-04 22:00:00,DEV_007,10,38,36
DEV_007_2024-09-04 23:00:00,2024-09-04 23:00:00,DEV_007,38,41,10
DEV_007_2024-09-05 00:00:00,2024-09-05 00:00:00,DEV_007,7,79,11
DEV_007_2024-09-05 01:00:00,2024-09-05 01:00:00,DEV_007,64,43,10
DEV_007_2024-09-05 02:00:00,2024-09-05 02:00:00,DEV_007,5,83,32
DEV_007_2024-09-05 03:00:00,2024-09-05 03:00:00,DEV_007,77,41,72
DEV_007_2024-09-05 04:00:00,2024-09-05 04:00:00,DEV_007,51,11,2
DEV_007_2024-09-05 05:00:00,2024-09-05 05:00:00,DEV_007,46,76,62
DEV_007_2024-09-05 06:00:00,2024-09-05 06:00:00,DEV_007,17,10,12
DEV_007_2024-09-05 07:00:00,2024-09-05 07:00:00,DEV_007,43,50,37
DEV_007_2024-09-05 08:00:00,2024-09-05 08:00:00,DEV_007,36,45,46
DEV_007_2024-09-05 09:00:00,2024-09-05 09:00:00,DEV_007,81,36,42
DEV_007_2024-09-05 10:00:00,2024-09-05 10:00:00,DEV_007,96,21,88
DEV_007_2024-09-05 11:00:00,2024-09-05 11:00:00,DEV_007,85,5,43
DEV_007_2024-09-05 12:00:00,2024-09-05 12:00:00,DEV_007,96,48,54
DEV_007_2024-09-05 13:00:00,2024-09-05 13:00:00,DEV_007,15,31,19
DEV_007_2024-09-05 14:00:00,2024-09-05 14:00:00,DEV_007,64,74,73
DEV_007_2024-09-05 15:00:00,2024-09-05 15:00:00,DEV_007,11,24,68
DEV_007_2024-09-05 16:00:00,2024-09-05 16:00:00,DEV_007,62,97,48
DEV_007_2024-09-05 17:00:00,2024-09-05 17:00:00,DEV_007,50,95,24
DEV_007_2024-09-05 18:00:00,2024-09-05 18:00:00,DEV_007,66,6,33
DEV_007_2024-09-05 19:00:00,2024-09-05 19:00:00,DEV_007,56,51,67
DEV_007_2024-09-05 20:00:00,2024-09-05 20:00:00,DEV_007,36,33,4
DEV_007_2024-09-05 21:00:00,2024-09-05 21:00:00,DEV_007,38,88,7
DEV_007_2024-09-05 22:00:00,2024-09-05 22:00:00,DEV_007,41,70,72
DEV_007_2024-09-05 23:00:00,2024-09-05 23:00:00,DEV_007,11,5,76
DEV_007_2024-09-06 00:00:00,2024-09-06 00:00:00,DEV_007,31,84,15
DEV_007_2024-09-06 01:00:00,2024-09-06 01:00:00,DEV_007,65,53,34
DEV_007_2024-09-06 02:00:00,2024-09-06 02:00:00,DEV_007,87,90,82
DEV_007_2024-09-06 03:00:00,2024-09-06 03:00:00,DEV_007,6,59,39
DEV_007_2024-09-06 04:00:00,2024-09-06 04:00:00,DEV_007,87,88,70
DEV_007_2024-09-06 05:00:00,2024-09-06 05:00:00,DEV_007,44,18,84
DEV_007_2024-09-06 06:00:00,2024-09-06 06:00:00,DEV_007,50,44,58
DEV_007_2024-09-06 07:00:00,2024-09-06 07:00:00,DEV_007,17,55,49
DEV_007_2024-09-06 08:00:00,2024-09-06 08:00:00,DEV_007,36,49,56
DEV_007_2024-09-06 09:00:00,2024-09-06 09:00:00,DEV_007,45,60,3
DEV_007_2024-09-06 10:00:00,2024-09-06 10:00:00,DEV_007,46,90,60
DEV_007_2024-09-06 11:00:00,2024-09-06 11:00:00,DEV_007,33,81,26
DEV_007_2024-09-06 12:00:00,2024-09-06 12:00:00,DEV_007,13,87,30
DEV_007_2024-09-06 13:00:00,2024-09-06 13:00:00,DEV_007,68,72,95
DEV_007_2024-09-06 14:00:00,2024-09-06 14:00:00,DEV_007,60,8,68
DEV_007_2024-09-06 15:00:00,2024-09-06 15:00:00,DEV_007,89,79,34
DEV_007_2024-09-06 16:00:00,2024-09-06 16:00:00,DEV_007,58,33,40
DEV_007_2024-09-06 17:00:00,2024-09-06 17:00:00,DEV_007,50,50,91
DEV_007_2024-09-06 18:00:00,2024-09-06 18:00:00,DEV_007,82,53,91
DEV_007_2024-09-06 19:00:00,2024-09-06 19:00:00,DEV_007,15,4,70
DEV_007_2024-09-06 20:00:00,2024-09-06 20:00:00,DEV_007,28,41,78
DEV_007_2024-09-06 21:00:00,2024-09-06 21:00:00,DEV_007,5,70,15
DEV_007_2024-09-06 22:00:00,2024-09-06 22:00:00,DEV_007,33,69,38
DEV_007_2024-09-06 23:00:00,2024-09-06 23:00:00,DEV_007,16,65,71
DEV_007_2024-09-07 00:00:00,2024-09-07 00:00:00,DEV_007,68,22,48
DEV_007_2024-09-07 01:00:00,2024-09-07 01:00:00,DEV_007,94,77,91
DEV_007_2024-09-07 02:00:00,2024-09-07 02:00:00,DEV_007,94,53,46
DEV_007_2024-09-07 03:00:00,2024-09-07 03:00:00,DEV_007,76,4,11
DEV_007_2024-09-07 04:00:00,2024-09-07 04:00:00,DEV_007,17,9,15
DEV_007_2024-09-07 05:00:00,2024-09-07 05:00:00,DEV_007,5,71,74
DEV_007_2024-09-07 06:00:00,2024-09-07 06:00:00,DEV_007,55,31,68
DEV_007_2024-09-07 07:00:00,2024-09-07 07:00:00,DEV_007,77,42,32
DEV_007_2024-09-07 08:00:00,2024-09-07 08:00:00,DEV_007,2,97,45
DEV_007_2024-09-07 09:00:00,2024-09-07 09:00:00,DEV_007,7,18,2
DEV_007_2024-09-07 10:00:00,2024-09-07 10:00:00,DEV_007,37,37,12
DEV_007_2024-09-07 11:00:00,2024-09-07 11:00:00,DEV_007,7,12,78
DEV_007_2024-09-07 12:00:00,2024-09-07 12:00:00,DEV_007,24,97,52
DEV_007_2024-09-07 13:00:00,2024-09-07 13:00:00,DEV_007,74,46,70
DEV_007_2024-09-07 14:00:00,2024-09-07 14:00:00,DEV_007,28,65,38
DEV_007_2024-09-07 15:00:00,2024-09-07 15:00:00,DEV_007,40,3,93
DEV_007_2024-09-07 16:00:00,2024-09-07 16:00:00,DEV_007,50,36,50
DEV_007_2024-09-07 17:00:00,2024-09-07 17:00:00,DEV_007,70,62,4
DEV_007_2024-09-07 18:00:00,2024-09-07 18:00:00,DEV_007,79,56,27
DEV_007_2024-09-07 19:00:00,2024-09-07 19:00:00,DEV_007,76,26,27
DEV_007_2024-09-07 20:00:00,2024-09-07 20:00:00,DEV_007,48,80,78
DEV_007_2024-09-07 21:00:00,2024-09-07 21:00:00,DEV_007,56,32,45
DEV_007_2024-09-07 22:00:00,2024-09-07 22:00:00,DEV_007,20,55,13
DEV_007_2024-09-07 23:00:00,2024-09-07 23:00:00,DEV_007,35,39,51
DEV_007_2024-09-08 00:00:00,2024-09-08 00:00:00,DEV_007,59,75,5
DEV_007_2024-09-08 01:00:00,2024-09-08 01:00:00,DEV_007,9,6,41
DEV_007_2024-09-08 02:00:00,2024-09-08 02:00:00,DEV_007,94,93,23
DEV_007_2024-09-08 03:00:00,2024-09-08 03:00:00,DEV_007,26,22,85
DEV_007_2024-09-08 04:00:00,2024-09-08 04:00:00,DEV_007,70,23,86
DEV_007_2024-09-08 05:00:00,2024-09-08 05:00:00,DEV_007,18,63,46
DEV_007_2024-09-08 06:00:00,2024-09-08 06:00:00,DEV_007,39,18,94
DEV_007_2024-09-08 07:00:00,2024-09-08 07:00:00,DEV_007,33,70,83
DEV_007_2024-09-08 08:00:00,2024-09-08 08:00:00,DEV_007,76,37,82
DEV_007_2024-09-08 09:00:00,2024-09-08 09:00:00,DEV_007,44,78,76
DEV_007_2024-09-08 10:00:00,2024-09-08 10:00:00,DEV_007,68,37,7
DEV_007_2024-09-08 11:00:00,2024-09-08 11:00:00,DEV_007,97,34,45
DEV_007_2024-09-08 12:00:00,2024-09-08 12:00:00,DEV_007,74,63,78
DEV_007_2024-09-08 13:00:00,2024-09-08 13:00:00,DEV_007,78,76,9
DEV_007_2024-09-08 14:00:00,2024-09-08 14:00:00,DEV_007,71,80,69
DEV_007_2024-09-08 15:00:00,2024-09-08 15:00:00,DEV_007,39,28,40
DEV_007_2024-09-08 16:00:00,2024-09-08 16:00:00,DEV_007,58,40,7
DEV_007_2024-09-08 17:00:00,2024-09-08 17:00:00,DEV_007,35,32,48
DEV_007_2024-09-08 18:00:00,2024-09-08 18:00:00,DEV_007,58,52,59
DEV_007_2024-09-08 19:00:00,2024-09-08 19:00:00,DEV_007,14,81,21
DEV_007_2024-09-08 20:00:00,2024-09-08 20:00:00,DEV_007,96,56,1
DEV_007_2024-09-08 21:00:00,2024-09-08 21:00:00,DEV_007,59,46,51
DEV_007_2024-09-08 22:00:00,2024-09-08 22:00:00,DEV_007,46,2,35
DEV_007_2024-09-08 23:00:00,2024-09-08 23:00:00,DEV_007,93,91,38
DEV_007_2024-09-09 00:00:00,2024-09-09 00:00:00,DEV_007,28,26,71
DEV_007_2024-09-09 01:00:00,2024-09-09 01:00:00,DEV_007,20,34,45
DEV_007_2024-09-09 02:00:00,2024-09-09 02:00:00,DEV_007,96,52,17
DEV_007_2024-09-09 03:00:00,2024-09-09 03:00:00,DEV_007,16,47,2
DEV_007_2024-09-09 04:00:00,2024-09-09 04:00:00,DEV_007,83,31,40
DEV_007_2024-09-09 05:00:00,2024-09-09 05:00:00,DEV_007,24,91,89
DEV_007_2024-09-09 06:00:00,2024-09-09 06:00:00,DEV_007,68,32,10
DEV_007_2024-09-09 07:00:00,2024-09-09 07:00:00,DEV_007,22,82,54
DEV_007_2024-09-09 08:00:00,2024-09-09 08:00:00,DEV_007,29,20,11
DEV_007_2024-09-09 09:00:00,2024-09-09 09:00:00,DEV_007,97,43,62
DEV_007_2024-09-09 10:00:00,2024-09-09 10:00:00,DEV_007,81,37,89
DEV_007_2024-09-09 11:00:00,2024-09-09 11:00:00,DEV_007,69,76,18
DEV_007_2024-09-09 12:00:00,2024-09-09 12:00:00,DEV_007,17,53,92
DEV_007_2024-09-09 13:00:00,2024-09-09 13:00:00,DEV_007,83,97,17
DEV_007_2024-09-09 14:00:00,2024-09-09 14:00:00,DEV_007,14,35,73
DEV_007_2024-09-09 15:00:00,2024-09-09 15:00:00,DEV_007,88,74,33
DEV_007_2024-09-09 16:00:00,2024-09-09 16:00:00,DEV_007,27,99,7
DEV_007_2024-09-09 17:00:00,2024-09-09 17:00:00,DEV_007,82,25,71
DEV_007_2024-09-09 18:00:00,2024-09-09 18:00:00,DEV_007,48,24,19
DEV_007_2024-09-09 19:00:00,2024-09-09 19:00:00,DEV_007,10,61,72
DEV_007_2024-09-09 20:00:00,2024-09-09 20:00:00,DEV_007,52,55,60
DEV_007_2024-09-09 21:00:00,2024-09-09 21:00:00,DEV_007,34,70,92
DEV_007_2024-09-09 22:00:00,2024-09-09 22:00:00,DEV_007,32,64,86
DEV_007_2024-09-09 23:00:00,2024-09-09 23:00:00,DEV_007,47,32,82
DEV_007_2024-09-10 00:00:00,2024-09-10 00:00:00,DEV_007,54,8,84
DEV_007_2024-09-10 01:00:00,2024-09-10 01:00:00,DEV_007,78,21,64
DEV_007_2024-09-10 02:00:00,2024-09-10 02:00:00,DEV_007,72,77,26
DEV_007_2024-09-10 03:00:00,2024-09-10 03:00:00,DEV_007,73,86,82
DEV_007_2024-09-10 04:00:00,2024-09-10 04:00:00,DEV_007,31,94,43
DEV_007_2024-09-10 05:00:00,2024-09-10 05:00:00,DEV_007,11,79,60
DEV_007_2024-09-10 06:00:00,2024-09-10 06:00:00,DEV_007,21,31,81
DEV_007_2024-09-10 07:00:00,2024-09-10 07:00:00,DEV_007,4,65,13
DEV_007_2024-09-10 08:00:00,2024-09-10 08:00:00,DEV_007,55,15,41
DEV_007_2024-09-10 09:00:00,2024-09-10 09:00:00,DEV_007,61,48,38
DEV_007_2024-09-10 10:00:00,2024-09-10 10:00:00,DEV_007,67,77,27
DEV_007_2024-09-10 11:00:00,2024-09-10 11:00:00,DEV_007,60,5,19
DEV_007_2024-09-10 12:00:00,2024-09-10 12:00:00,DEV_007,64,21,36
DEV_007_2024-09-10 13:00:00,2024-09-10 13:00:00,DEV_007,51,92,17
DEV_007_2024-09-10 14:00:00,2024-09-10 14:00:00,DEV_007,23,63,79
DEV_007_2024-09-10 15:00:00,2024-09-10 15:00:00,DEV_007,64,82,48
DEV_007_2024-09-10 16:00:00,2024-09-10 16:00:00,DEV_007,89,39,88
DEV_007_2024-09-10 17:00:00,2024-09-10 17:00:00,DEV_007,66,26,17
DEV_007_2024-09-10 18:00:00,2024-09-10 18:00:00,DEV_007,35,67,72
DEV_007_2024-09-10 19:00:00,2024-09-10 19:00:00,DEV_007,22,3,6
DEV_007_2024-09-10 20:00:00,2024-09-10 20:00:00,DEV_007,51,65,67
DEV_007_2024-09-10 21:00:00,2024-09-10 21:00:00,DEV_007,14,81,97
DEV_007_2024-09-10 22:00:00,2024-09-10 22:00:00,DEV_007,29,60,10
DEV_007_2024-09-10 23:00:00,2024-09-10 23:00:00,DEV_007,39,21,33
DEV_007_2024-09-11 00:00:00,2024-09-11 00:00:00,DEV_007,49,96,13
DEV_007_2024-09-11 01:00:00,2024-09-11 01:00:00,DEV_007,89,66,36
DEV_007_2024-09-11 02:00:00,2024-09-11 02:00:00,DEV_007,13,2,2
DEV_007_2024-09-11 03:00:00,2024-09-11 03:00:00,DEV_007,93,73,30
DEV_007_2024-09-11 04:00:00,2024-09-11 04:00:00,DEV_007,34,36,39
DEV_007_2024-09-11 05:00:00,2024-09-11 05:00:00,DEV_007,26,97,56
DEV_007_2024-09-11 06:00:00,2024-09-11 06:00:00,DEV_007,63,32,52
DEV_007_2024-09-11 07:00:00,2024-09-11 07:00:00,DEV_007,28,84,12
DEV_007_2024-09-11 08:00:00,2024-09-11 08:00:00,DEV_007,16,46,66
DEV_007_2024-09-11 09:00:00,2024-09-11 09:00:00,DEV_007,92,16,93
DEV_007_2024-09-11 10:00:00,2024-09-11 10:00:00,DEV_007,75,91,2
DEV_007_2024-09-11 11:00:00,2024-09-11 11:00:00,DEV_007,39,14,74
DEV_007_2024-09-11 12:00:00,2024-09-11 12:00:00,DEV_007,89,83,20
DEV_007_2024-09-11 13:00:00,2024-09-11 13:00:00,DEV_007,31,96,86
DEV_007_2024-09-11 14:00:00,2024-09-11 14:00:00,DEV_007,14,81,59
DEV_007_2024-09-11 15:00:00,2024-09-11 15:00:00,DEV_007,41,50,98
DEV_007_2024-09-11 16:00:00,2024-09-11 16:00:00,DEV_007,74,86,17
DEV_007_2024-09-11 17:00:00,2024-09-11 17:00:00,DEV_007,99,57,28
DEV_007_2024-09-11 18:00:00,2024-09-11 18:00:00,DEV_007,34,86,8
DEV_007_2024-09-11 19:00:00,2024-09-11 19:00:00,DEV_007,46,10,82
DEV_007_2024-09-11 20:00:00,2024-09-11 20:00:00,DEV_007,99,22,98
DEV_007_2024-09-11 21:00:00,2024-09-11 21:00:00,DEV_007,44,64,26
DEV_007_2024-09-11 22:00:00,2024-09-11 22:00:00,DEV_007,86,39,26
DEV_007_2024-09-11 23:00:00,2024-09-11 23:00:00,DEV_007,85,24,50
DEV_007_2024-09-12 00:00:00,2024-09-12 00:00:00,DEV_007,40,45,52
DEV_007_2024-09-12 01:00:00,2024-09-12 01:00:00,DEV_007,40,30,52
DEV_007_2024-09-12 02:00:00,2024-09-12 02:00:00,DEV_007,16,56,94
DEV_007_2024-09-12 03:00:00,2024-09-12 03:00:00,DEV_007,41,38,7
DEV_007_2024-09-12 04:00:00,2024-09-12 04:00:00,DEV_007,35,89,70
DEV_007_2024-09-12 05:00:00,2024-09-12 05:00:00,DEV_007,40,78,11
DEV_007_2024-09-12 06:00:00,2024-09-12 06:00:00,DEV_007,31,58,30
DEV_007_2024-09-12 07:00:00,2024-09-12 07:00:00,DEV_007,30,86,10
DEV_007_2024-09-12 08:00:00,2024-09-12 08:00:00,DEV_007,2,98,98
DEV_007_2024-09-12 09:00:00,2024-09-12 09:00:00,DEV_007,17,60,96
DEV_007_2024-09-12 10:00:00,2024-09-12 10:00:00,DEV_007,1,58,45
DEV_007_2024-09-12 11:00:00,2024-09-12 11:00:00,DEV_007,59,32,38
DEV_007_2024-09-12 12:00:00,2024-09-12 12:00:00,DEV_007,60,44,68
DEV_007_2024-09-12 13:00:00,2024-09-12 13:00:00,DEV_007,82,77,59
DEV_007_2024-09-12 14:00:00,2024-09-12 14:00:00,DEV_007,3,37,29
DEV_007_2024-09-12 15:00:00,2024-09-12 15:00:00,DEV_007,57,72,96
DEV_007_2024-09-12 16:00:00,2024-09-12 16:00:00,DEV_007,47,30,45
DEV_007_2024-09-12 17:00:00,2024-09-12 17:00:00,DEV_007,86,41,68
DEV_007_2024-09-12 18:00:00,2024-09-12 18:00:00,DEV_007,89,16,24
DEV_007_2024-09-12 19:00:00,2024-09-12 19:00:00,DEV_007,46,29,46
DEV_007_2024-09-12 20:00:00,2024-09-12 20:00:00,DEV_007,13,91,35
DEV_007_2024-09-12 21:00:00,2024-09-12 21:00:00,DEV_007,93,66,99
DEV_007_2024-09-12 22:00:00,2024-09-12 22:00:00,DEV_007,10,16,5
DEV_007_2024-09-12 23:00:00,2024-09-12 23:00:00,DEV_007,32,75,38
DEV_007_2024-09-13 00:00:00,2024-09-13 00:00:00,DEV_007,96,34,84
DEV_007_2024-09-13 01:00:00,2024-09-13 01:00:00,DEV_007,30,86,27
DEV_007_2024-09-13 02:00:00,2024-09-13 02:00:00,DEV_007,79,81,61
DEV_007_2024-09-13 03:00:00,2024-09-13 03:00:00,DEV_007,45,16,65
DEV_007_2024-09-13 04:00:00,2024-09-13 04:00:00,DEV_007,2,18,14
DEV_007_2024-09-13 05:00:00,2024-09-13 05:00:00,DEV_007,53,57,99
DEV_007_2024-09-13 06:00:00,2024-09-13 06:00:00,DEV_007,90,49,18
DEV_007_2024-09-13 07:00:00,2024-09-13 07:00:00,DEV_007,54,59,32
DEV_007_2024-09-13 08:00:00,2024-09-13 08:00:00,DEV_007,46,69,20
DEV_007_2024-09-13 09:00:00,2024-09-13 09:00:00,DEV_007,50,18,22
DEV_007_2024-09-13 10:00:00,2024-09-13 10:00:00,DEV_007,5,69,49
DEV_007_2024-09-13 11:00:00,2024-09-13 11:00:00,DEV_007,74,33,41
DEV_007_2024-09-13 12:00:00,2024-09-13 12:00:00,DEV_007,8,93,11
DEV_007_2024-09-13 13:00:00,2024-09-13 13:00:00,DEV_007,74,77,74
DEV_007_2024-09-13 14:00:00,2024-09-13 14:00:00,DEV_007,31,86,55
DEV_007_2024-09-13 15:00:00,2024-09-13 15:00:00,DEV_007,88,51,95
DEV_007_2024-09-13 16:00:00,2024-09-13 16:00:00,DEV_007,62,21,77
DEV_007_2024-09-13 17:00:00,2024-09-13 17:00:00,DEV_007,26,92,80
DEV_007_2024-09-13 18:00:00,2024-09-13 18:00:00,DEV_007,13,67,84
DEV_007_2024-09-13 19:00:00,2024-09-13 19:00:00,DEV_007,44,76,78
DEV_007_2024-09-13 20:00:00,2024-09-13 20:00:00,DEV_007,3,20,6
DEV_007_2024-09-13 21:00:00,2024-09-13 21:00:00,DEV_007,4,23,5
DEV_007_2024-09-13 22:00:00,2024-09-13 22:00:00,DEV_007,12,60,90
DEV_007_2024-09-13 23:00:00,2024-09-13 23:00:00,DEV_007,96,26,93
DEV_007_2024-09-14 00:00:00,2024-09-14 00:00:00,DEV_007,59,13,9
DEV_007_2024-09-14 01:00:00,2024-09-14 01:00:00,DEV_007,73,98,43
DEV_007_2024-09-14 02:00:00,2024-09-14 02:00:00,DEV_007,23,89,22
DEV_007_2024-09-14 03:00:00,2024-09-14 03:00:00,DEV_007,82,42,49
DEV_007_2024-09-14 04:00:00,2024-09-14 04:00:00,DEV_007,32,84,8
DEV_007_2024-09-14 05:00:00,2024-09-14 05:00:00,DEV_007,95,21,79
DEV_007_2024-09-14 06:00:00,2024-09-14 06:00:00,DEV_007,65,27,18
DEV_007_2024-09-14 07:00:00,2024-09-14 07:00:00,DEV_007,78,45,74
DEV_007_2024-09-14 08:00:00,2024-09-14 08:00:00,DEV_007,49,49,96
DEV_007_2024-09-14 09:00:00,2024-09-14 09:00:00,DEV_007,5,65,48
DEV_007_2024-09-14 10:00:00,2024-09-14 10:00:00,DEV_007,58,23,96
DEV_007_2024-09-14 11:00:00,2024-09-14 11:00:00,DEV_007,43,48,12
DEV_007_2024-09-14 12:00:00,2024-09-14 12:00:00,DEV_007,33,72,8
DEV_007_2024-09-14 13:00:00,2024-09-14 13:00:00,DEV_007,11,85,97
DEV_007_2024-09-14 14:00:00,2024-09-14 14:00:00,DEV_007,80,74,18
DEV_007_2024-09-14 15:00:00,2024-09-14 15:00:00,DEV_007,59,34,15
DEV_007_2024-09-14 16:00:00,2024-09-14 16:00:00,DEV_007,60,85,68
DEV_007_2024-09-14 17:00:00,2024-09-14 17:00:00,DEV_007,48,97,87
DEV_007_2024-09-14 18:00:00,2024-09-14 18:00:00,DEV_007,56,62,32
DEV_007_2024-09-14 19:00:00,2024-09-14 19:00:00,DEV_007,73,44,5
DEV_007_2024-09-14 20:00:00,2024-09-14 20:00:00,DEV_007,59,37,88
DEV_007_2024-09-14 21:00:00,2024-09-14 21:00:00,DEV_007,26,20,97
DEV_007_2024-09-14 22:00:00,2024-09-14 22:00:00,DEV_007,48,18,37
DEV_007_2024-09-14 23:00:00,2024-09-14 23:00:00,DEV_007,98,70,84
DEV_007_2024-09-15 00:00:00,2024-09-15 00:00:00,DEV_007,94,93,14
DEV_007_2024-09-15 01:00:00,2024-09-15 01:00:00,DEV_007,72,92,93
DEV_007_2024-09-15 02:00:00,2024-09-15 02:00:00,DEV_007,14,26,98
DEV_007_2024-09-15 03:00:00,2024-09-15 03:00:00,DEV_007,22,88,40
DEV_007_2024-09-15 04:00:00,2024-09-15 04:00:00,DEV_007,1,75,15
DEV_007_2024-09-15 05:00:00,2024-09-15 05:00:00,DEV_007,89,81,18
DEV_007_2024-09-15 06:00:00,2024-09-15 06:00:00,DEV_007,29,88,7
DEV_007_2024-09-15 07:00:00,2024-09-15 07:00:00,DEV_007,95,3,15
DEV_007_2024-09-15 08:00:00,2024-09-15 08:00:00,DEV_007,2,34,36
DEV_007_2024-09-15 09:00:00,2024-09-15 09:00:00,DEV_007,53,71,45
DEV_007_2024-09-15 10:00:00,2024-09-15 10:00:00,DEV_007,48,73,32
DEV_007_2024-09-15 11:00:00,2024-09-15 11:00:00,DEV_007,57,41,31
DEV_007_2024-09-15 12:00:00,2024-09-15 12:00:00,DEV_007,88,2,11
DEV_007_2024-09-15 13:00:00,2024-09-15 13:00:00,DEV_007,66,72,61
DEV_007_2024-09-15 14:00:00,2024-09-15 14:00:00,DEV_007,62,3,84
DEV_007_2024-09-15 15:00:00,2024-09-15 15:00:00,DEV_007,73,75,28
DEV_007_2024-09-15 16:00:00,2024-09-15 16:00:00,DEV_007,26,61,58
DEV_007_2024-09-15 17:00:00,2024-09-15 17:00:00,DEV_007,88,37,43
DEV_007_2024-09-15 18:00:00,2024-09-15 18:00:00,DEV_007,13,20,31
DEV_007_2024-09-15 19:00:00,2024-09-15 19:00:00,DEV_007,82,90,50
DEV_007_2024-09-15 20:00:00,2024-09-15 20:00:00,DEV_007,52,53,50
DEV_007_2024-09-15 21:00:00,2024-09-15 21:00:00,DEV_007,66,62,91
DEV_007_2024-09-15 22:00:00,2024-09-15 22:00:00,DEV_007,83,82,3
DEV_007_2024-09-15 23:00:00,2024-09-15 23:00:00,DEV_007,90,48,50
DEV_007_2024-09-16 00:00:00,2024-09-16 00:00:00,DEV_007,45,89,1
DEV_007_2024-09-16 01:00:00,2024-09-16 01:00:00,DEV_007,1,94,66
DEV_007_2024-09-16 02:00:00,2024-09-16 02:00:00,DEV_007,28,27,57
DEV_007_2024-09-16 03:00:00,2024-09-16 03:00:00,DEV_007,72,25,83
DEV_007_2024-09-16 04:00:00,2024-09-16 04:00:00,DEV_007,13,95,4
DEV_007_2024-09-16 05:00:00,2024-09-16 05:00:00,DEV_007,70,61,35
DEV_007_2024-09-16 06:00:00,2024-09-16 06:00:00,DEV_007,13,72,87
DEV_007_2024-09-16 07:00:00,2024-09-16 07:00:00,DEV_007,35,77,58
DEV_007_2024-09-16 08:00:00,2024-09-16 08:00:00,DEV_007,86,62,42
DEV_007_2024-09-16 09:00:00,2024-09-16 09:00:00,DEV_007,29,6,16
DEV_007_2024-09-16 10:00:00,2024-09-16 10:00:00,DEV_007,59,23,39
DEV_007_2024-09-16 11:00:00,2024-09-16 11:00:00,DEV_007,40,32,87
DEV_007_2024-09-16 12:00:00,2024-09-16 12:00:00,DEV_007,3,73,6
DEV_007_2024-09-16 13:00:00,2024-09-16 13:00:00,DEV_007,4,20,5
DEV_007_2024-09-16 14:00:00,2024-09-16 14:00:00,DEV_007,42,14,3
DEV_007_2024-09-16 15:00:00,2024-09-16 15:00:00,DEV_007,19,91,94
DEV_007_2024-09-16 16:00:00,2024-09-16 16:00:00,DEV_007,99,66,66
DEV_007_2024-09-16 17:00:00,2024-09-16 17:00:00,DEV_007,15,72,30
DEV_007_2024-09-16 18:00:00,2024-09-16 18:00:00,DEV_007,49,55,57
DEV_007_2024-09-16 19:00:00,2024-09-16 19:00:00,DEV_007,87,95,33
DEV_007_2024-09-16 20:00:00,2024-09-16 20:00:00,DEV_007,68,10,1
DEV_007_2024-09-16 21:00:00,2024-09-16 21:00:00,DEV_007,26,39,97
DEV_007_2024-09-16 22:00:00,2024-09-16 22:00:00,DEV_007,51,28,59
DEV_007_2024-09-16 23:00:00,2024-09-16 23:00:00,DEV_007,94,61,9
DEV_007_2024-09-17 00:00:00,2024-09-17 00:00:00,DEV_007,99,42,98
DEV_007_2024-09-17 01:00:00,2024-09-17 01:00:00,DEV_007,70,19,30
DEV_007_2024-09-17 02:00:00,2024-09-17 02:00:00,DEV_007,83,75,82
DEV_007_2024-09-17 03:00:00,2024-09-17 03:00:00,DEV_007,63,81,74
DEV_007_2024-09-17 04:00:00,2024-09-17 04:00:00,DEV_007,80,7,32
DEV_007_2024-09-17 05:00:00,2024-09-17 05:00:00,DEV_007,9,83,54
DEV_007_2024-09-17 06:00:00,2024-09-17 06:00:00,DEV_007,89,98,65
DEV_007_2024-09-17 07:00:00,2024-09-17 07:00:00,DEV_007,3,96,80
DEV_007_2024-09-17 08:00:00,2024-09-17 08:00:00,DEV_007,22,69,71
DEV_007_2024-09-17 09:00:00,2024-09-17 09:00:00,DEV_007,34,79,46
DEV_007_2024-09-17 10:00:00,2024-09-17 10:00:00,DEV_007,99,96,48
DEV_007_2024-09-17 11:00:00,2024-09-17 11:00:00,DEV_007,89,21,41
DEV_007_2024-09-17 12:00:00,2024-09-17 12:00:00,DEV_007,79,94,14
DEV_007_2024-09-17 13:00:00,2024-09-17 13:00:00,DEV_007,30,23,4
DEV_007_2024-09-17 14:00:00,2024-09-17 14:00:00,DEV_007,91,24,94
DEV_007_2024-09-17 15:00:00,2024-09-17 15:00:00,DEV_007,78,72,4
DEV_007_2024-09-17 16:00:00,2024-09-17 16:00:00,DEV_007,94,32,41
DEV_007_2024-09-17 17:00:00,2024-09-17 17:00:00,DEV_007,12,78,5
DEV_007_2024-09-17 18:00:00,2024-09-17 18:00:00,DEV_007,27,11,73
DEV_007_2024-09-17 19:00:00,2024-09-17 19:00:00,DEV_007,64,17,7
DEV_007_2024-09-17 20:00:00,2024-09-17 20:00:00,DEV_007,91,40,8
DEV_007_2024-09-17 21:00:00,2024-09-17 21:00:00,DEV_007,91,26,67
DEV_007_2024-09-17 22:00:00,2024-09-17 22:00:00,DEV_007,86,18,73
DEV_007_2024-09-17 23:00:00,2024-09-17 23:00:00,DEV_007,50,93,97
DEV_007_2024-09-18 00:00:00,2024-09-18 00:00:00,DEV_007,45,7,97
DEV_007_2024-09-18 01:00:00,2024-09-18 01:00:00,DEV_007,69,37,74
DEV_007_2024-09-18 02:00:00,2024-09-18 02:00:00,DEV_007,8,1,40
DEV_007_2024-09-18 03:00:00,2024-09-18 03:00:00,DEV_007,17,78,30
DEV_007_2024-09-18 04:00:00,2024-09-18 04:00:00,DEV_007,21,54,85
DEV_007_2024-09-18 05:00:00,2024-09-18 05:00:00,DEV_007,73,84,12
DEV_007_2024-09-18 06:00:00,2024-09-18 06:00:00,DEV_007,94,66,68
DEV_007_2024-09-18 07:00:00,2024-09-18 07:00:00,DEV_007,96,3,95
DEV_007_2024-09-18 08:00:00,2024-09-18 08:00:00,DEV_007,29,78,88
DEV_007_2024-09-18 09:00:00,2024-09-18 09:00:00,DEV_007,96,13,18
DEV_007_2024-09-18 10:00:00,2024-09-18 10:00:00,DEV_007,22,63,75
DEV_007_2024-09-18 11:00:00,2024-09-18 11:00:00,DEV_007,64,31,56
DEV_007_2024-09-18 12:00:00,2024-09-18 12:00:00,DEV_007,24,5,8
DEV_007_2024-09-18 13:00:00,2024-09-18 13:00:00,DEV_007,77,44,14
DEV_007_2024-09-18 14:00:00,2024-09-18 14:00:00,DEV_007,74,23,13
DEV_007_2024-09-18 15:00:00,2024-09-18 15:00:00,DEV_007,3,10,26
DEV_007_2024-09-18 16:00:00,2024-09-18 16:00:00,DEV_007,98,59,28
DEV_007_2024-09-18 17:00:00,2024-09-18 17:00:00,DEV_007,46,42,85
DEV_007_2024-09-18 18:00:00,2024-09-18 18:00:00,DEV_007,11,20,24
DEV_007_2024-09-18 19:00:00,2024-09-18 19:00:00,DEV_007,22,9,53
DEV_007_2024-09-18 20:00:00,2024-09-18 20:00:00,DEV_007,50,92,22
DEV_007_2024-09-18 21:00:00,2024-09-18 21:00:00,DEV_007,31,20,49
DEV_007_2024-09-18 22:00:00,2024-09-18 22:00:00,DEV_007,85,61,52
DEV_007_2024-09-18 23:00:00,2024-09-18 23:00:00,DEV_007,99,9,37
DEV_007_2024-09-19 00:00:00,2024-09-19 00:00:00,DEV_007,37,61,10
DEV_007_2024-09-19 01:00:00,2024-09-19 01:00:00,DEV_007,57,89,74
DEV_007_2024-09-19 02:00:00,2024-09-19 02:00:00,DEV_007,65,76,64
DEV_007_2024-09-19 03:00:00,2024-09-19 03:00:00,DEV_007,98,21,95
DEV_007_2024-09-19 04:00:00,2024-09-19 04:00:00,DEV_007,56,57,32
DEV_007_2024-09-19 05:00:00,2024-09-19 05:00:00,DEV_007,79,84,34
DEV_007_2024-09-19 06:00:00,2024-09-19 06:00:00,DEV_007,7,92,3
DEV_007_2024-09-19 07:00:00,2024-09-19 07:00:00,DEV_007,74,51,86
DEV_007_2024-09-19 08:00:00,2024-09-19 08:00:00,DEV_007,20,18,96
DEV_007_2024-09-19 09:00:00,2024-09-19 09:00:00,DEV_007,68,33,66
DEV_007_2024-09-19 10:00:00,2024-09-19 10:00:00,DEV_007,16,54,72
DEV_007_2024-09-19 11:00:00,2024-09-19 11:00:00,DEV_007,37,53,7
DEV_007_2024-09-19 12:00:00,2024-09-19 12:00:00,DEV_007,17,90,43
DEV_007_2024-09-19 13:00:00,2024-09-19 13:00:00,DEV_007,78,8,19
DEV_007_2024-09-19 14:00:00,2024-09-19 14:00:00,DEV_007,28,13,37
DEV_007_2024-09-19 15:00:00,2024-09-19 15:00:00,DEV_007,67,73,48
DEV_007_2024-09-19 16:00:00,2024-09-19 16:00:00,DEV_007,42,14,11
DEV_007_2024-09-19 17:00:00,2024-09-19 17:00:00,DEV_007,78,86,26
DEV_007_2024-09-19 18:00:00,2024-09-19 18:00:00,DEV_007,59,32,36
DEV_007_2024-09-19 19:00:00,2024-09-19 19:00:00,DEV_007,27,12,36
DEV_007_2024-09-19 20:00:00,2024-09-19 20:00:00,DEV_007,85,55,3
DEV_007_2024-09-19 21:00:00,2024-09-19 21:00:00,DEV_007,95,19,18
DEV_007_2024-09-19 22:00:00,2024-09-19 22:00:00,DEV_007,78,51,36
DEV_007_2024-09-19 23:00:00,2024-09-19 23:00:00,DEV_007,58,91,68
DEV_007_2024-09-20 00:00:00,2024-09-20 00:00:00,DEV_007,1,46,84
DEV_007_2024-09-20 01:00:00,2024-09-20 01:00:00,DEV_007,68,65,89
DEV_007_2024-09-20 02:00:00,2024-09-20 02:00:00,DEV_007,19,43,23
DEV_007_2024-09-20 03:00:00,2024-09-20 03:00:00,DEV_007,33,17,59
DEV_007_2024-09-20 04:00:00,2024-09-20 04:00:00,DEV_007,33,75,38
DEV_007_2024-09-20 05:00:00,2024-09-20 05:00:00,DEV_007,39,71,21
DEV_007_2024-09-20 06:00:00,2024-09-20 06:00:00,DEV_007,94,25,8
DEV_007_2024-09-20 07:00:00,2024-09-20 07:00:00,DEV_007,30,72,20
DEV_007_2024-09-20 08:00:00,2024-09-20 08:00:00,DEV_007,35,67,81
DEV_007_2024-09-20 09:00:00,2024-09-20 09:00:00,DEV_007,25,45,47
DEV_007_2024-09-20 10:00:00,2024-09-20 10:00:00,DEV_007,68,96,76
DEV_007_2024-09-20 11:00:00,2024-09-20 11:00:00,DEV_007,4,62,15
DEV_007_2024-09-20 12:00:00,2024-09-20 12:00:00,DEV_007,91,6,97
DEV_007_2024-09-20 13:00:00,2024-09-20 13:00:00,DEV_007,7,3,35
DEV_007_2024-09-20 14:00:00,2024-09-20 14:00:00,DEV_007,19,69,52
DEV_007_2024-09-20 15:00:00,2024-09-20 15:00:00,DEV_007,14,5,62
DEV_007_2024-09-20 16:00:00,2024-09-20 16:00:00,DEV_007,43,7,45
DEV_007_2024-09-20 17:00:00,2024-09-20 17:00:00,DEV_007,37,32,42
DEV_007_2024-09-20 18:00:00,2024-09-20 18:00:00,DEV_007,5,10,44
DEV_007_2024-09-20 19:00:00,2024-09-20 19:00:00,DEV_007,10,18,84
DEV_007_2024-09-20 20:00:00,2024-09-20 20:00:00,DEV_007,63,75,43
DEV_007_2024-09-20 21:00:00,2024-09-20 21:00:00,DEV_007,73,91,54
DEV_007_2024-09-20 22:00:00,2024-09-20 22:00:00,DEV_007,60,78,11
DEV_007_2024-09-20 23:00:00,2024-09-20 23:00:00,DEV_007,38,54,57
DEV_007_2024-09-21 00:00:00,2024-09-21 00:00:00,DEV_007,77,74,79
DEV_007_2024-09-21 01:00:00,2024-09-21 01:00:00,DEV_007,8,24,33
DEV_007_2024-09-21 02:00:00,2024-09-21 02:00:00,DEV_007,98,79,47
DEV_007_2024-09-21 03:00:00,2024-09-21 03:00:00,DEV_007,43,41,75
DEV_007_2024-09-21 04:00:00,2024-09-21 04:00:00,DEV_007,72,82,6
DEV_007_2024-09-21 05:00:00,2024-09-21 05:00:00,DEV_007,14,22,65
DEV_007_2024-09-21 06:00:00,2024-09-21 06:00:00,DEV_007,80,18,22
DEV_007_2024-09-21 07:00:00,2024-09-21 07:00:00,DEV_007,97,82,24
DEV_007_2024-09-21 08:00:00,2024-09-21 08:00:00,DEV_007,48,40,47
DEV_007_2024-09-21 09:00:00,2024-09-21 09:00:00,DEV_007,95,97,6
DEV_007_2024-09-21 10:00:00,2024-09-21 10:00:00,DEV_007,17,34,53
DEV_007_2024-09-21 11:00:00,2024-09-21 11:00:00,DEV_007,84,68,24
DEV_007_2024-09-21 12:00:00,2024-09-21 12:00:00,DEV_007,11,43,22
DEV_007_2024-09-21 13:00:00,2024-09-21 13:00:00,DEV_007,49,91,56
DEV_007_2024-09-21 14:00:00,2024-09-21 14:00:00,DEV_007,29,11,95
DEV_007_2024-09-21 15:00:00,2024-09-21 15:00:00,DEV_007,66,64,80
DEV_007_2024-09-21 16:00:00,2024-09-21 16:00:00,DEV_007,82,12,60
DEV_007_2024-09-21 17:00:00,2024-09-21 17:00:00,DEV_007,77,62,94
DEV_007_2024-09-21 18:00:00,2024-09-21 18:00:00,DEV_007,82,5,94
DEV_007_2024-09-21 19:00:00,2024-09-21 19:00:00,DEV_007,37,3,65
DEV_007_2024-09-21 20:00:00,2024-09-21 20:00:00,DEV_007,99,8,8
DEV_007_2024-09-21 21:00:00,2024-09-21 21:00:00,DEV_007,36,11,10
DEV_007_2024-09-21 22:00:00,2024-09-21 22:00:00,DEV_007,17,36,41
DEV_007_2024-09-21 23:00:00,2024-09-21 23:00:00,DEV_007,30,77,74
DEV_007_2024-09-22 00:00:00,2024-09-22 00:00:00,DEV_007,45,3,96
DEV_007_2024-09-22 01:00:00,2024-09-22 01:00:00,DEV_007,18,36,19
DEV_007_2024-09-22 02:00:00,2024-09-22 02:00:00,DEV_007,96,36,4
DEV_007_2024-09-22 03:00:00,2024-09-22 03:00:00,DEV_007,69,45,46
DEV_007_2024-09-22 04:00:00,2024-09-22 04:00:00,DEV_007,96,71,8
DEV_007_2024-09-22 05:00:00,2024-09-22 05:00:00,DEV_007,67,59,52
DEV_007_2024-09-22 06:00:00,2024-09-22 06:00:00,DEV_007,96,36,98
DEV_007_2024-09-22 07:00:00,2024-09-22 07:00:00,DEV_007,58,97,88
DEV_007_2024-09-22 08:00:00,2024-09-22 08:00:00,DEV_007,20,75,39
DEV_007_2024-09-22 09:00:00,2024-09-22 09:00:00,DEV_007,2,47,65
DEV_007_2024-09-22 10:00:00,2024-09-22 10:00:00,DEV_007,46,71,14
DEV_007_2024-09-22 11:00:00,2024-09-22 11:00:00,DEV_007,67,80,60
DEV_007_2024-09-22 12:00:00,2024-09-22 12:00:00,DEV_007,56,49,58
DEV_007_2024-09-22 13:00:00,2024-09-22 13:00:00,DEV_007,95,16,66
DEV_007_2024-09-22 14:00:00,2024-09-22 14:00:00,DEV_007,21,98,48
DEV_007_2024-09-22 15:00:00,2024-09-22 15:00:00,DEV_007,10,73,78
DEV_007_2024-09-22 16:00:00,2024-09-22 16:00:00,DEV_007,16,29,64
DEV_007_2024-09-22 17:00:00,2024-09-22 17:00:00,DEV_007,83,86,88
DEV_007_2024-09-22 18:00:00,2024-09-22 18:00:00,DEV_007,60,17,38
DEV_007_2024-09-22 19:00:00,2024-09-22 19:00:00,DEV_007,9,64,50
DEV_007_2024-09-22 20:00:00,2024-09-22 20:00:00,DEV_007,94,53,58
DEV_007_2024-09-22 21:00:00,2024-09-22 21:00:00,DEV_007,91,46,11
DEV_007_2024-09-22 22:00:00,2024-09-22 22:00:00,DEV_007,6,22,26
DEV_007_2024-09-22 23:00:00,2024-09-22 23:00:00,DEV_007,79,40,79
DEV_007_2024-09-23 00:00:00,2024-09-23 00:00:00,DEV_007,44,10,70
DEV_007_2024-09-23 01:00:00,2024-09-23 01:00:00,DEV_007,49,90,53
DEV_007_2024-09-23 02:00:00,2024-09-23 02:00:00,DEV_007,81,69,66
DEV_007_2024-09-23 03:00:00,2024-09-23 03:00:00,DEV_007,26,81,15
DEV_007_2024-09-23 04:00:00,2024-09-23 04:00:00,DEV_007,53,26,41
DEV_007_2024-09-23 05:00:00,2024-09-23 05:00:00,DEV_007,24,39,64
DEV_007_2024-09-23 06:00:00,2024-09-23 06:00:00,DEV_007,51,27,38
DEV_007_2024-09-23 07:00:00,2024-09-23 07:00:00,DEV_007,13,72,76
DEV_007_2024-09-23 08:00:00,2024-09-23 08:00:00,DEV_007,93,83,69
DEV_007_2024-09-23 09:00:00,2024-09-23 09:00:00,DEV_007,86,58,97
DEV_007_2024-09-23 10:00:00,2024-09-23 10:00:00,DEV_007,33,73,30
DEV_007_2024-09-23 11:00:00,2024-09-23 11:00:00,DEV_007,60,74,60
DEV_007_2024-09-23 12:00:00,2024-09-23 12:00:00,DEV_007,25,85,23
DEV_007_2024-09-23 13:00:00,2024-09-23 13:00:00,DEV_007,98,19,74
DEV_007_2024-09-23 14:00:00,2024-09-23 14:00:00,DEV_007,6,85,31
DEV_007_2024-09-23 15:00:00,2024-09-23 15:00:00,DEV_007,91,22,81
DEV_007_2024-09-23 16:00:00,2024-09-23 16:00:00,DEV_007,61,60,69
DEV_007_2024-09-23 17:00:00,2024-09-23 17:00:00,DEV_007,19,21,65
DEV_007_2024-09-23 18:00:00,2024-09-23 18:00:00,DEV_007,79,11,87
DEV_007_2024-09-23 19:00:00,2024-09-23 19:00:00,DEV_007,46,52,91
DEV_007_2024-09-23 20:00:00,2024-09-23 20:00:00,DEV_007,81,20,99
DEV_007_2024-09-23 21:00:00,2024-09-23 21:00:00,DEV_007,80,77,12
DEV_007_2024-09-23 22:00:00,2024-09-23 22:00:00,DEV_007,77,83,60
DEV_007_2024-09-23 23:00:00,2024-09-23 23:00:00,DEV_007,47,48,43
DEV_007_2024-09-24 00:00:00,2024-09-24 00:00:00,DEV_007,31,43,29
DEV_007_2024-09-24 01:00:00,2024-09-24 01:00:00,DEV_007,63,69,64
DEV_007_2024-09-24 02:00:00,2024-09-24 02:00:00,DEV_007,91,41,10
DEV_007_2024-09-24 03:00:00,2024-09-24 03:00:00,DEV_007,30,23,39
DEV_007_2024-09-24 04:00:00,2024-09-24 04:00:00,DEV_007,42,95,26
DEV_007_2024-09-24 05:00:00,2024-09-24 05:00:00,DEV_007,10,3,72
DEV_007_2024-09-24 06:00:00,2024-09-24 06:00:00,DEV_007,1,8,51
DEV_007_2024-09-24 07:00:00,2024-09-24 07:00:00,DEV_007,62,97,87
DEV_007_2024-09-24 08:00:00,2024-09-24 08:00:00,DEV_007,70,81,97
DEV_007_2024-09-24 09:00:00,2024-09-24 09:00:00,DEV_007,79,96,70
DEV_007_2024-09-24 10:00:00,2024-09-24 10:00:00,DEV_007,17,28,39
DEV_007_2024-09-24 11:00:00,2024-09-24 11:00:00,DEV_007,3,97,26
DEV_007_2024-09-24 12:00:00,2024-09-24 12:00:00,DEV_007,21,88,94
DEV_007_2024-09-24 13:00:00,2024-09-24 13:00:00,DEV_007,47,53,27
DEV_007_2024-09-24 14:00:00,2024-09-24 14:00:00,DEV_007,4,44,18
DEV_007_2024-09-24 15:00:00,2024-09-24 15:00:00,DEV_007,61,99,27
DEV_007_2024-09-24 16:00:00,2024-09-24 16:00:00,DEV_007,71,88,58
DEV_007_2024-09-24 17:00:00,2024-09-24 17:00:00,DEV_007,14,43,41
DEV_007_2024-09-24 18:00:00,2024-09-24 18:00:00,DEV_007,92,88,45
DEV_007_2024-09-24 19:00:00,2024-09-24 19:00:00,DEV_007,71,39,96
DEV_007_2024-09-24 20:00:00,2024-09-24 20:00:00,DEV_007,74,47,55
DEV_007_2024-09-24 21:00:00,2024-09-24 21:00:00,DEV_007,77,86,98
DEV_007_2024-09-24 22:00:00,2024-09-24 22:00:00,DEV_007,38,37,24
DEV_007_2024-09-24 23:00:00,2024-09-24 23:00:00,DEV_007,14,3,2
DEV_007_2024-09-25 00:00:00,2024-09-25 00:00:00,DEV_007,46,31,46
DEV_007_2024-09-25 01:00:00,2024-09-25 01:00:00,DEV_007,73,72,36
DEV_007_2024-09-25 02:00:00,2024-09-25 02:00:00,DEV_007,78,51,40
DEV_007_2024-09-25 03:00:00,2024-09-25 03:00:00,DEV_007,42,79,71
DEV_007_2024-09-25 04:00:00,2024-09-25 04:00:00,DEV_007,96,65,4
DEV_007_2024-09-25 05:00:00,2024-09-25 05:00:00,DEV_007,63,8,19
DEV_007_2024-09-25 06:00:00,2024-09-25 06:00:00,DEV_007,84,57,13
DEV_007_2024-09-25 07:00:00,2024-09-25 07:00:00,DEV_007,39,14,51
DEV_007_2024-09-25 08:00:00,2024-09-25 08:00:00,DEV_007,68,58,48
DEV_007_2024-09-25 09:00:00,2024-09-25 09:00:00,DEV_007,4,90,28
DEV_007_2024-09-25 10:00:00,2024-09-25 10:00:00,DEV_007,45,81,73
DEV_007_2024-09-25 11:00:00,2024-09-25 11:00:00,DEV_007,19,81,8
DEV_007_2024-09-25 12:00:00,2024-09-25 12:00:00,DEV_007,54,96,64
DEV_007_2024-09-25 13:00:00,2024-09-25 13:00:00,DEV_007,10,65,32
DEV_007_2024-09-25 14:00:00,2024-09-25 14:00:00,DEV_007,41,63,12
DEV_007_2024-09-25 15:00:00,2024-09-25 15:00:00,DEV_007,26,88,51
DEV_007_2024-09-25 16:00:00,2024-09-25 16:00:00,DEV_007,32,84,91
DEV_007_2024-09-25 17:00:00,2024-09-25 17:00:00,DEV_007,68,37,94
DEV_007_2024-09-25 18:00:00,2024-09-25 18:00:00,DEV_007,78,74,8
DEV_007_2024-09-25 19:00:00,2024-09-25 19:00:00,DEV_007,10,50,97
DEV_007_2024-09-25 20:00:00,2024-09-25 20:00:00,DEV_007,33,88,6
DEV_007_2024-09-25 21:00:00,2024-09-25 21:00:00,DEV_007,8,41,21
DEV_007_2024-09-25 22:00:00,2024-09-25 22:00:00,DEV_007,26,72,80
DEV_007_2024-09-25 23:00:00,2024-09-25 23:00:00,DEV_007,8,66,66
DEV_007_2024-09-26 00:00:00,2024-09-26 00:00:00,DEV_007,12,38,88
DEV_007_2024-09-26 01:00:00,2024-09-26 01:00:00,DEV_007,8,25,40
DEV_007_2024-09-26 02:00:00,2024-09-26 02:00:00,DEV_007,59,40,4
DEV_007_2024-09-26 03:00:00,2024-09-26 03:00:00,DEV_007,86,50,53
DEV_007_2024-09-26 04:00:00,2024-09-26 04:00:00,DEV_007,95,42,46
DEV_007_2024-09-26 05:00:00,2024-09-26 05:00:00,DEV_007,30,54,82
DEV_007_2024-09-26 06:00:00,2024-09-26 06:00:00,DEV_007,95,97,41
DEV_007_2024-09-26 07:00:00,2024-09-26 07:00:00,DEV_007,53,85,48
DEV_007_2024-09-26 08:00:00,2024-09-26 08:00:00,DEV_007,21,76,63
DEV_007_2024-09-26 09:00:00,2024-09-26 09:00:00,DEV_007,3,10,8
DEV_007_2024-09-26 10:00:00,2024-09-26 10:00:00,DEV_007,81,30,64
DEV_007_2024-09-26 11:00:00,2024-09-26 11:00:00,DEV_007,3,59,14
DEV_007_2024-09-26 12:00:00,2024-09-26 12:00:00,DEV_007,16,82,5
DEV_007_2024-09-26 13:00:00,2024-09-26 13:00:00,DEV_007,59,76,15
DEV_007_2024-09-26 14:00:00,2024-09-26 14:00:00,DEV_007,98,12,79
DEV_007_2024-09-26 15:00:00,2024-09-26 15:00:00,DEV_007,38,55,3
DEV_007_2024-09-26 16:00:00,2024-09-26 16:00:00,DEV_007,60,94,61
DEV_007_2024-09-26 17:00:00,2024-09-26 17:00:00,DEV_007,77,43,68
DEV_007_2024-09-26 18:00:00,2024-09-26 18:00:00,DEV_007,22,43,66
DEV_007_2024-09-26 19:00:00,2024-09-26 19:00:00,DEV_007,57,73,58
DEV_007_2024-09-26 20:00:00,2024-09-26 20:00:00,DEV_007,36,51,32
DEV_007_2024-09-26 21:00:00,2024-09-26 21:00:00,DEV_007,38,23,18
DEV_007_2024-09-26 22:00:00,2024-09-26 22:00:00,DEV_007,3,28,82
DEV_007_2024-09-26 23:00:00,2024-09-26 23:00:00,DEV_007,29,11,31
DEV_007_2024-09-27 00:00:00,2024-09-27 00:00:00,DEV_007,50,42,19
DEV_007_2024-09-27 01:00:00,2024-09-27 01:00:00,DEV_007,51,77,93
DEV_007_2024-09-27 02:00:00,2024-09-27 02:00:00,DEV_007,43,95,97
DEV_007_2024-09-27 03:00:00,2024-09-27 03:00:00,DEV_007,26,3,27
DEV_007_2024-09-27 04:00:00,2024-09-27 04:00:00,DEV_007,56,81,34
DEV_007_2024-09-27 05:00:00,2024-09-27 05:00:00,DEV_007,74,90,58
DEV_007_2024-09-27 06:00:00,2024-09-27 06:00:00,DEV_007,32,6,26
DEV_007_2024-09-27 07:00:00,2024-09-27 07:00:00,DEV_007,41,17,87
DEV_007_2024-09-27 08:00:00,2024-09-27 08:00:00,DEV_007,40,45,32
DEV_007_2024-09-27 09:00:00,2024-09-27 09:00:00,DEV_007,32,29,61
DEV_007_2024-09-27 10:00:00,2024-09-27 10:00:00,DEV_007,4,75,51
DEV_007_2024-09-27 11:00:00,2024-09-27 11:00:00,DEV_007,24,25,9
DEV_007_2024-09-27 12:00:00,2024-09-27 12:00:00,DEV_007,95,61,30
DEV_007_2024-09-27 13:00:00,2024-09-27 13:00:00,DEV_007,17,60,10
DEV_007_2024-09-27 14:00:00,2024-09-27 14:00:00,DEV_007,19,38,97
DEV_007_2024-09-27 15:00:00,2024-09-27 15:00:00,DEV_007,28,8,86
DEV_007_2024-09-27 16:00:00,2024-09-27 16:00:00,DEV_007,68,93,55
DEV_007_2024-09-27 17:00:00,2024-09-27 17:00:00,DEV_007,83,84,62
DEV_007_2024-09-27 18:00:00,2024-09-27 18:00:00,DEV_007,41,32,56
DEV_007_2024-09-27 19:00:00,2024-09-27 19:00:00,DEV_007,99,44,65
DEV_007_2024-09-27 20:00:00,2024-09-27 20:00:00,DEV_007,9,32,80
DEV_007_2024-09-27 21:00:00,2024-09-27 21:00:00,DEV_007,20,81,59
DEV_007_2024-09-27 22:00:00,2024-09-27 22:00:00,DEV_007,67,62,53
DEV_007_2024-09-27 23:00:00,2024-09-27 23:00:00,DEV_007,6,91,21
DEV_007_2024-09-28 00:00:00,2024-09-28 00:00:00,DEV_007,35,2,1
DEV_007_2024-09-28 01:00:00,2024-09-28 01:00:00,DEV_007,36,92,55
DEV_007_2024-09-28 02:00:00,2024-09-28 02:00:00,DEV_007,66,76,38
DEV_007_2024-09-28 03:00:00,2024-09-28 03:00:00,DEV_007,8,86,17
DEV_007_2024-09-28 04:00:00,2024-09-28 04:00:00,DEV_007,68,15,80
DEV_007_2024-09-28 05:00:00,2024-09-28 05:00:00,DEV_007,57,94,32
DEV_007_2024-09-28 06:00:00,2024-09-28 06:00:00,DEV_007,87,16,94
DEV_007_2024-09-28 07:00:00,2024-09-28 07:00:00,DEV_007,13,34,63
DEV_007_2024-09-28 08:00:00,2024-09-28 08:00:00,DEV_007,58,45,25
DEV_007_2024-09-28 09:00:00,2024-09-28 09:00:00,DEV_007,20,70,89
DEV_007_2024-09-28 10:00:00,2024-09-28 10:00:00,DEV_007,38,95,32
DEV_007_2024-09-28 11:00:00,2024-09-28 11:00:00,DEV_007,71,60,81
DEV_007_2024-09-28 12:00:00,2024-09-28 12:00:00,DEV_007,35,36,59
DEV_007_2024-09-28 13:00:00,2024-09-28 13:00:00,DEV_007,96,61,12
DEV_007_2024-09-28 14:00:00,2024-09-28 14:00:00,DEV_007,40,23,16
DEV_007_2024-09-28 15:00:00,2024-09-28 15:00:00,DEV_007,47,95,35
DEV_007_2024-09-28 16:00:00,2024-09-28 16:00:00,DEV_007,81,5,59
DEV_007_2024-09-28 17:00:00,2024-09-28 17:00:00,DEV_007,35,4,68
DEV_007_2024-09-28 18:00:00,2024-09-28 18:00:00,DEV_007,90,81,88
DEV_007_2024-09-28 19:00:00,2024-09-28 19:00:00,DEV_007,33,67,12
DEV_007_2024-09-28 20:00:00,2024-09-28 20:00:00,DEV_007,43,16,20
DEV_007_2024-09-28 21:00:00,2024-09-28 21:00:00,DEV_007,63,80,98
DEV_007_2024-09-28 22:00:00,2024-09-28 22:00:00,DEV_007,63,5,8
DEV_007_2024-09-28 23:00:00,2024-09-28 23:00:00,DEV_007,18,22,31
DEV_007_2024-09-29 00:00:00,2024-09-29 00:00:00,DEV_007,27,15,41
DEV_007_2024-09-29 01:00:00,2024-09-29 01:00:00,DEV_007,97,40,60
DEV_007_2024-09-29 02:00:00,2024-09-29 02:00:00,DEV_007,83,5,62
DEV_007_2024-09-29 03:00:00,2024-09-29 03:00:00,DEV_007,78,30,4
DEV_007_2024-09-29 04:00:00,2024-09-29 04:00:00,DEV_007,84,32,61
DEV_007_2024-09-29 05:00:00,2024-09-29 05:00:00,DEV_007,83,72,88
DEV_007_2024-09-29 06:00:00,2024-09-29 06:00:00,DEV_007,79,88,32
DEV_007_2024-09-29 07:00:00,2024-09-29 07:00:00,DEV_007,53,97,55
DEV_007_2024-09-29 08:00:00,2024-09-29 08:00:00,DEV_007,72,57,60
DEV_007_2024-09-29 09:00:00,2024-09-29 09:00:00,DEV_007,86,53,72
DEV_007_2024-09-29 10:00:00,2024-09-29 10:00:00,DEV_007,47,44,90
DEV_007_2024-09-29 11:00:00,2024-09-29 11:00:00,DEV_007,80,65,60
DEV_007_2024-09-29 12:00:00,2024-09-29 12:00:00,DEV_007,69,1,91
DEV_007_2024-09-29 13:00:00,2024-09-29 13:00:00,DEV_007,10,98,65
DEV_007_2024-09-29 14:00:00,2024-09-29 14:00:00,DEV_007,86,21,34
DEV_007_2024-09-29 15:00:00,2024-09-29 15:00:00,DEV_007,17,11,25
DEV_007_2024-09-29 16:00:00,2024-09-29 16:00:00,DEV_007,1,23,57
DEV_007_2024-09-29 17:00:00,2024-09-29 17:00:00,DEV_007,67,25,81
DEV_007_2024-09-29 18:00:00,2024-09-29 18:00:00,DEV_007,29,66,70
DEV_007_2024-09-29 19:00:00,2024-09-29 19:00:00,DEV_007,53,15,54
DEV_007_2024-09-29 20:00:00,2024-09-29 20:00:00,DEV_007,91,63,97
DEV_007_2024-09-29 21:00:00,2024-09-29 21:00:00,DEV_007,8,47,66
DEV_007_2024-09-29 22:00:00,2024-09-29 22:00:00,DEV_007,79,55,98
DEV_007_2024-09-29 23:00:00,2024-09-29 23:00:00,DEV_007,83,65,14
DEV_007_2024-09-30 00:00:00,2024-09-30 00:00:00,DEV_007,35,88,48
DEV_007_2024-09-30 01:00:00,2024-09-30 01:00:00,DEV_007,57,29,55
DEV_007_2024-09-30 02:00:00,2024-09-30 02:00:00,DEV_007,39,48,37
DEV_007_2024-09-30 03:00:00,2024-09-30 03:00:00,DEV_007,78,41,20
DEV_007_2024-09-30 04:00:00,2024-09-30 04:00:00,DEV_007,46,64,59
DEV_007_2024-09-30 05:00:00,2024-09-30 05:00:00,DEV_007,60,76,48
DEV_007_2024-09-30 06:00:00,2024-09-30 06:00:00,DEV_007,34,64,30
DEV_007_2024-09-30 07:00:00,2024-09-30 07:00:00,DEV_007,34,55,87
DEV_007_2024-09-30 08:00:00,2024-09-30 08:00:00,DEV_007,17,86,73
DEV_007_2024-09-30 09:00:00,2024-09-30 09:00:00,DEV_007,83,21,49
DEV_007_2024-09-30 10:00:00,2024-09-30 10:00:00,DEV_007,43,53,23
DEV_007_2024-09-30 11:00:00,2024-09-30 11:00:00,DEV_007,62,62,2
DEV_007_2024-09-30 12:00:00,2024-09-30 12:00:00,DEV_007,96,62,19
DEV_007_2024-09-30 13:00:00,2024-09-30 13:00:00,DEV_007,70,44,87
DEV_007_2024-09-30 14:00:00,2024-09-30 14:00:00,DEV_007,71,76,96
DEV_007_2024-09-30 15:00:00,2024-09-30 15:00:00,DEV_007,53,95,40
DEV_007_2024-09-30 16:00:00,2024-09-30 16:00:00,DEV_007,32,75,55
DEV_007_2024-09-30 17:00:00,2024-09-30 17:00:00,DEV_007,44,92,2
DEV_007_2024-09-30 18:00:00,2024-09-30 18:00:00,DEV_007,29,96,71
DEV_007_2024-09-30 19:00:00,2024-09-30 19:00:00,DEV_007,29,55,5
DEV_007_2024-09-30 20:00:00,2024-09-30 20:00:00,DEV_007,93,2,93
DEV_007_2024-09-30 21:00:00,2024-09-30 21:00:00,DEV_007,42,21,12
DEV_007_2024-09-30 22:00:00,2024-09-30 22:00:00,DEV_007,26,96,20
DEV_007_2024-09-30 23:00:00,2024-09-30 23:00:00,DEV_007,5,68,41
DEV_007_2024-10-01 00:00:00,2024-10-01 00:00:00,DEV_007,74,12,64
DEV_007_2024-10-01 01:00:00,2024-10-01 01:00:00,DEV_007,51,97,46
DEV_007_2024-10-01 02:00:00,2024-10-01 02:00:00,DEV_007,69,75,30
DEV_007_2024-10-01 03:00:00,2024-10-01 03:00:00,DEV_007,27,94,46
DEV_007_2024-10-01 04:00:00,2024-10-01 04:00:00,DEV_007,77,25,79
DEV_007_2024-10-01 05:00:00,2024-10-01 05:00:00,DEV_007,66,75,1
DEV_007_2024-10-01 06:00:00,2024-10-01 06:00:00,DEV_007,22,65,44
DEV_007_2024-10-01 07:00:00,2024-10-01 07:00:00,DEV_007,99,57,54
DEV_007_2024-10-01 08:00:00,2024-10-01 08:00:00,DEV_007,10,32,58
DEV_007_2024-10-01 09:00:00,2024-10-01 09:00:00,DEV_007,77,6,98
DEV_007_2024-10-01 10:00:00,2024-10-01 10:00:00,DEV_007,9,84,9
DEV_007_2024-10-01 11:00:00,2024-10-01 11:00:00,DEV_007,31,84,43
DEV_007_2024-10-01 12:00:00,2024-10-01 12:00:00,DEV_007,68,38,39
DEV_007_2024-10-01 13:00:00,2024-10-01 13:00:00,DEV_007,93,38,81
DEV_007_2024-10-01 14:00:00,2024-10-01 14:00:00,DEV_007,40,81,34
DEV_007_2024-10-01 15:00:00,2024-10-01 15:00:00,DEV_007,99,44,43
DEV_007_2024-10-01 16:00:00,2024-10-01 16:00:00,DEV_007,36,22,21
DEV_007_2024-10-01 17:00:00,2024-10-01 17:00:00,DEV_007,18,47,14
DEV_007_2024-10-01 18:00:00,2024-10-01 18:00:00,DEV_007,28,62,18
DEV_007_2024-10-01 19:00:00,2024-10-01 19:00:00,DEV_007,97,28,83
DEV_007_2024-10-01 20:00:00,2024-10-01 20:00:00,DEV_007,34,79,79
DEV_007_2024-10-01 21:00:00,2024-10-01 21:00:00,DEV_007,20,37,92
DEV_007_2024-10-01 22:00:00,2024-10-01 22:00:00,DEV_007,36,50,77
DEV_007_2024-10-01 23:00:00,2024-10-01 23:00:00,DEV_007,51,71,85
DEV_007_2024-10-02 00:00:00,2024-10-02 00:00:00,DEV_007,18,64,74
DEV_007_2024-10-02 01:00:00,2024-10-02 01:00:00,DEV_007,62,67,87
DEV_007_2024-10-02 02:00:00,2024-10-02 02:00:00,DEV_007,70,59,91
DEV_007_2024-10-02 03:00:00,2024-10-02 03:00:00,DEV_007,94,30,15
DEV_007_2024-10-02 04:00:00,2024-10-02 04:00:00,DEV_007,2,3,10
DEV_007_2024-10-02 05:00:00,2024-10-02 05:00:00,DEV_007,59,94,20
DEV_007_2024-10-02 06:00:00,2024-10-02 06:00:00,DEV_007,74,16,4
DEV_007_2024-10-02 07:00:00,2024-10-02 07:00:00,DEV_007,24,56,88
DEV_007_2024-10-02 08:00:00,2024-10-02 08:00:00,DEV_007,49,6,9
DEV_007_2024-10-02 09:00:00,2024-10-02 09:00:00,DEV_007,2,76,83
DEV_007_2024-10-02 10:00:00,2024-10-02 10:00:00,DEV_007,16,96,10
DEV_007_2024-10-02 11:00:00,2024-10-02 11:00:00,DEV_007,48,3,21
DEV_007_2024-10-02 12:00:00,2024-10-02 12:00:00,DEV_007,44,96,75
DEV_007_2024-10-02 13:00:00,2024-10-02 13:00:00,DEV_007,75,68,53
DEV_007_2024-10-02 14:00:00,2024-10-02 14:00:00,DEV_007,77,11,34
DEV_007_2024-10-02 15:00:00,2024-10-02 15:00:00,DEV_007,1,35,6
DEV_007_2024-10-02 16:00:00,2024-10-02 16:00:00,DEV_007,18,73,23
DEV_007_2024-10-02 17:00:00,2024-10-02 17:00:00,DEV_007,25,42,86
DEV_007_2024-10-02 18:00:00,2024-10-02 18:00:00,DEV_007,17,9,50
DEV_007_2024-10-02 19:00:00,2024-10-02 19:00:00,DEV_007,38,41,13
DEV_007_2024-10-02 20:00:00,2024-10-02 20:00:00,DEV_007,57,18,10
DEV_007_2024-10-02 21:00:00,2024-10-02 21:00:00,DEV_007,79,82,69
DEV_007_2024-10-02 22:00:00,2024-10-02 22:00:00,DEV_007,36,5,37
DEV_007_2024-10-02 23:00:00,2024-10-02 23:00:00,DEV_007,8,20,34
DEV_007_2024-10-03 00:00:00,2024-10-03 00:00:00,DEV_007,51,90,47
DEV_007_2024-10-03 01:00:00,2024-10-03 01:00:00,DEV_007,42,79,25
DEV_007_2024-10-03 02:00:00,2024-10-03 02:00:00,DEV_007,95,9,37
DEV_007_2024-10-03 03:00:00,2024-10-03 03:00:00,DEV_007,35,90,52
DEV_007_2024-10-03 04:00:00,2024-10-03 04:00:00,DEV_007,4,90,11
DEV_007_2024-10-03 05:00:00,2024-10-03 05:00:00,DEV_007,39,5,20
DEV_007_2024-10-03 06:00:00,2024-10-03 06:00:00,DEV_007,58,59,23
DEV_007_2024-10-03 07:00:00,2024-10-03 07:00:00,DEV_007,37,67,51
DEV_007_2024-10-03 08:00:00,2024-10-03 08:00:00,DEV_007,13,33,85
DEV_007_2024-10-03 09:00:00,2024-10-03 09:00:00,DEV_007,20,58,82
DEV_007_2024-10-03 10:00:00,2024-10-03 10:00:00,DEV_007,92,60,91
DEV_007_2024-10-03 11:00:00,2024-10-03 11:00:00,DEV_007,88,33,6
DEV_007_2024-10-03 12:00:00,2024-10-03 12:00:00,DEV_007,48,55,74
DEV_007_2024-10-03 13:00:00,2024-10-03 13:00:00,DEV_007,91,79,35
DEV_007_2024-10-03 14:00:00,2024-10-03 14:00:00,DEV_007,32,93,3
DEV_007_2024-10-03 15:00:00,2024-10-03 15:00:00,DEV_007,16,36,76
DEV_007_2024-10-03 16:00:00,2024-10-03 16:00:00,DEV_007,31,34,91
DEV_007_2024-10-03 17:00:00,2024-10-03 17:00:00,DEV_007,5,99,75
DEV_007_2024-10-03 18:00:00,2024-10-03 18:00:00,DEV_007,19,14,62
DEV_007_2024-10-03 19:00:00,2024-10-03 19:00:00,DEV_007,34,78,14
DEV_007_2024-10-03 20:00:00,2024-10-03 20:00:00,DEV_007,85,78,68
DEV_007_2024-10-03 21:00:00,2024-10-03 21:00:00,DEV_007,83,36,82
DEV_007_2024-10-03 22:00:00,2024-10-03 22:00:00,DEV_007,87,83,28
DEV_007_2024-10-03 23:00:00,2024-10-03 23:00:00,DEV_007,12,65,19
DEV_007_2024-10-04 00:00:00,2024-10-04 00:00:00,DEV_007,94,53,35
DEV_007_2024-10-04 01:00:00,2024-10-04 01:00:00,DEV_007,64,71,7
DEV_007_2024-10-04 02:00:00,2024-10-04 02:00:00,DEV_007,5,71,53
DEV_007_2024-10-04 03:00:00,2024-10-04 03:00:00,DEV_007,54,97,45
DEV_007_2024-10-04 04:00:00,2024-10-04 04:00:00,DEV_007,34,56,21
DEV_007_2024-10-04 05:00:00,2024-10-04 05:00:00,DEV_007,72,23,54
DEV_007_2024-10-04 06:00:00,2024-10-04 06:00:00,DEV_007,98,87,36
DEV_007_2024-10-04 07:00:00,2024-10-04 07:00:00,DEV_007,11,10,38
DEV_007_2024-10-04 08:00:00,2024-10-04 08:00:00,DEV_007,52,54,2
DEV_007_2024-10-04 09:00:00,2024-10-04 09:00:00,DEV_007,63,67,75
DEV_007_2024-10-04 10:00:00,2024-10-04 10:00:00,DEV_007,44,26,24
DEV_007_2024-10-04 11:00:00,2024-10-04 11:00:00,DEV_007,51,44,37
DEV_007_2024-10-04 12:00:00,2024-10-04 12:00:00,DEV_007,14,27,7
DEV_007_2024-10-04 13:00:00,2024-10-04 13:00:00,DEV_007,2,79,94
DEV_007_2024-10-04 14:00:00,2024-10-04 14:00:00,DEV_007,70,91,86
DEV_007_2024-10-04 15:00:00,2024-10-04 15:00:00,DEV_007,69,54,29
DEV_007_2024-10-04 16:00:00,2024-10-04 16:00:00,DEV_007,51,34,81
DEV_007_2024-10-04 17:00:00,2024-10-04 17:00:00,DEV_007,72,15,16
DEV_007_2024-10-04 18:00:00,2024-10-04 18:00:00,DEV_007,26,18,36
DEV_007_2024-10-04 19:00:00,2024-10-04 19:00:00,DEV_007,7,29,67
DEV_007_2024-10-04 20:00:00,2024-10-04 20:00:00,DEV_007,8,21,7
DEV_007_2024-10-04 21:00:00,2024-10-04 21:00:00,DEV_007,92,32,48
DEV_007_2024-10-04 22:00:00,2024-10-04 22:00:00,DEV_007,34,97,93
DEV_007_2024-10-04 23:00:00,2024-10-04 23:00:00,DEV_007,19,87,84
DEV_007_2024-10-05 00:00:00,2024-10-05 00:00:00,DEV_007,24,64,67
DEV_007_2024-10-05 01:00:00,2024-10-05 01:00:00,DEV_007,78,26,1
DEV_007_2024-10-05 02:00:00,2024-10-05 02:00:00,DEV_007,24,6,4
DEV_007_2024-10-05 03:00:00,2024-10-05 03:00:00,DEV_007,58,29,73
DEV_007_2024-10-05 04:00:00,2024-10-05 04:00:00,DEV_007,68,4,79
DEV_007_2024-10-05 05:00:00,2024-10-05 05:00:00,DEV_007,95,47,88
DEV_007_2024-10-05 06:00:00,2024-10-05 06:00:00,DEV_007,22,30,99
DEV_007_2024-10-05 07:00:00,2024-10-05 07:00:00,DEV_007,90,66,79
DEV_007_2024-10-05 08:00:00,2024-10-05 08:00:00,DEV_007,50,28,93
DEV_007_2024-10-05 09:00:00,2024-10-05 09:00:00,DEV_007,28,78,4
DEV_007_2024-10-05 10:00:00,2024-10-05 10:00:00,DEV_007,86,89,1
DEV_007_2024-10-05 11:00:00,2024-10-05 11:00:00,DEV_007,80,77,89
DEV_007_2024-10-05 12:00:00,2024-10-05 12:00:00,DEV_007,59,96,87
DEV_007_2024-10-05 13:00:00,2024-10-05 13:00:00,DEV_007,48,46,87
DEV_007_2024-10-05 14:00:00,2024-10-05 14:00:00,DEV_007,97,18,37
DEV_007_2024-10-05 15:00:00,2024-10-05 15:00:00,DEV_007,61,59,6
DEV_007_2024-10-05 16:00:00,2024-10-05 16:00:00,DEV_007,2,11,9
DEV_007_2024-10-05 17:00:00,2024-10-05 17:00:00,DEV_007,79,75,71
DEV_007_2024-10-05 18:00:00,2024-10-05 18:00:00,DEV_007,22,41,55
DEV_007_2024-10-05 19:00:00,2024-10-05 19:00:00,DEV_007,49,4,70
DEV_007_2024-10-05 20:00:00,2024-10-05 20:00:00,DEV_007,7,96,15
DEV_007_2024-10-05 21:00:00,2024-10-05 21:00:00,DEV_007,68,26,32
DEV_007_2024-10-05 22:00:00,2024-10-05 22:00:00,DEV_007,31,95,28
DEV_007_2024-10-05 23:00:00,2024-10-05 23:00:00,DEV_007,61,85,91
DEV_007_2024-10-06 00:00:00,2024-10-06 00:00:00,DEV_007,9,48,28
DEV_007_2024-10-06 01:00:00,2024-10-06 01:00:00,DEV_007,60,10,32
DEV_007_2024-10-06 02:00:00,2024-10-06 02:00:00,DEV_007,37,59,21
DEV_007_2024-10-06 03:00:00,2024-10-06 03:00:00,DEV_007,26,57,92
DEV_007_2024-10-06 04:00:00,2024-10-06 04:00:00,DEV_007,25,77,28
DEV_007_2024-10-06 05:00:00,2024-10-06 05:00:00,DEV_007,7,31,46
DEV_007_2024-10-06 06:00:00,2024-10-06 06:00:00,DEV_007,54,17,76
DEV_007_2024-10-06 07:00:00,2024-10-06 07:00:00,DEV_007,18,19,82
DEV_007_2024-10-06 08:00:00,2024-10-06 08:00:00,DEV_007,84,56,5
DEV_007_2024-10-06 09:00:00,2024-10-06 09:00:00,DEV_007,78,14,7
DEV_007_2024-10-06 10:00:00,2024-10-06 10:00:00,DEV_007,33,19,86
DEV_007_2024-10-06 11:00:00,2024-10-06 11:00:00,DEV_007,69,10,95
DEV_007_2024-10-06 12:00:00,2024-10-06 12:00:00,DEV_007,87,56,15
DEV_007_2024-10-06 13:00:00,2024-10-06 13:00:00,DEV_007,3,97,85
DEV_007_2024-10-06 14:00:00,2024-10-06 14:00:00,DEV_007,73,31,71
DEV_007_2024-10-06 15:00:00,2024-10-06 15:00:00,DEV_007,23,48,88
DEV_007_2024-10-06 16:00:00,2024-10-06 16:00:00,DEV_007,59,75,55
DEV_007_2024-10-06 17:00:00,2024-10-06 17:00:00,DEV_007,98,66,80
DEV_007_2024-10-06 18:00:00,2024-10-06 18:00:00,DEV_007,87,52,70
DEV_007_2024-10-06 19:00:00,2024-10-06 19:00:00,DEV_007,2,22,69
DEV_007_2024-10-06 20:00:00,2024-10-06 20:00:00,DEV_007,91,88,19
DEV_007_2024-10-06 21:00:00,2024-10-06 21:00:00,DEV_007,98,4,67
DEV_007_2024-10-06 22:00:00,2024-10-06 22:00:00,DEV_007,34,7,73
DEV_007_2024-10-06 23:00:00,2024-10-06 23:00:00,DEV_007,1,49,28
DEV_007_2024-10-07 00:00:00,2024-10-07 00:00:00,DEV_007,72,46,10
DEV_007_2024-10-07 01:00:00,2024-10-07 01:00:00,DEV_007,47,89,27
DEV_007_2024-10-07 02:00:00,2024-10-07 02:00:00,DEV_007,3,36,89
DEV_007_2024-10-07 03:00:00,2024-10-07 03:00:00,DEV_007,94,16,35
DEV_007_2024-10-07 04:00:00,2024-10-07 04:00:00,DEV_007,21,45,40
DEV_007_2024-10-07 05:00:00,2024-10-07 05:00:00,DEV_007,86,4,97
DEV_007_2024-10-07 06:00:00,2024-10-07 06:00:00,DEV_007,31,97,40
DEV_007_2024-10-07 07:00:00,2024-10-07 07:00:00,DEV_007,20,76,30
DEV_007_2024-10-07 08:00:00,2024-10-07 08:00:00,DEV_007,58,56,97
DEV_007_2024-10-07 09:00:00,2024-10-07 09:00:00,DEV_007,27,20,85
DEV_007_2024-10-07 10:00:00,2024-10-07 10:00:00,DEV_007,54,4,93
DEV_007_2024-10-07 11:00:00,2024-10-07 11:00:00,DEV_007,68,56,11
DEV_007_2024-10-07 12:00:00,2024-10-07 12:00:00,DEV_007,35,52,36
DEV_007_2024-10-07 13:00:00,2024-10-07 13:00:00,DEV_007,25,62,43
DEV_007_2024-10-07 14:00:00,2024-10-07 14:00:00,DEV_007,34,61,70
DEV_007_2024-10-07 15:00:00,2024-10-07 15:00:00,DEV_007,45,11,29
DEV_007_2024-10-07 16:00:00,2024-10-07 16:00:00,DEV_007,42,28,66
DEV_007_2024-10-07 17:00:00,2024-10-07 17:00:00,DEV_007,35,42,67
DEV_007_2024-10-07 18:00:00,2024-10-07 18:00:00,DEV_007,92,66,76
DEV_007_2024-10-07 19:00:00,2024-10-07 19:00:00,DEV_007,6,41,28
DEV_007_2024-10-07 20:00:00,2024-10-07 20:00:00,DEV_007,46,14,23
DEV_007_2024-10-07 21:00:00,2024-10-07 21:00:00,DEV_007,76,28,74
DEV_007_2024-10-07 22:00:00,2024-10-07 22:00:00,DEV_007,71,8,81
DEV_007_2024-10-07 23:00:00,2024-10-07 23:00:00,DEV_007,55,41,94
DEV_007_2024-10-08 00:00:00,2024-10-08 00:00:00,DEV_007,29,19,42
DEV_007_2024-10-08 01:00:00,2024-10-08 01:00:00,DEV_007,64,41,67
DEV_007_2024-10-08 02:00:00,2024-10-08 02:00:00,DEV_007,6,46,72
DEV_007_2024-10-08 03:00:00,2024-10-08 03:00:00,DEV_007,15,7,12
DEV_007_2024-10-08 04:00:00,2024-10-08 04:00:00,DEV_007,65,51,16
DEV_007_2024-10-08 05:00:00,2024-10-08 05:00:00,DEV_007,28,76,98
DEV_007_2024-10-08 06:00:00,2024-10-08 06:00:00,DEV_007,50,97,84
DEV_007_2024-10-08 07:00:00,2024-10-08 07:00:00,DEV_007,20,43,53
DEV_007_2024-10-08 08:00:00,2024-10-08 08:00:00,DEV_007,71,25,55
DEV_007_2024-10-08 09:00:00,2024-10-08 09:00:00,DEV_007,13,47,98
DEV_007_2024-10-08 10:00:00,2024-10-08 10:00:00,DEV_007,18,16,53
DEV_007_2024-10-08 11:00:00,2024-10-08 11:00:00,DEV_007,92,46,36
DEV_007_2024-10-08 12:00:00,2024-10-08 12:00:00,DEV_007,99,83,20
DEV_007_2024-10-08 13:00:00,2024-10-08 13:00:00,DEV_007,32,75,30
DEV_007_2024-10-08 14:00:00,2024-10-08 14:00:00,DEV_007,83,33,13
DEV_007_2024-10-08 15:00:00,2024-10-08 15:00:00,DEV_007,96,81,41
DEV_007_2024-10-08 16:00:00,2024-10-08 16:00:00,DEV_007,3,5,26
DEV_007_2024-10-08 17:00:00,2024-10-08 17:00:00,DEV_007,7,18,39
DEV_007_2024-10-08 18:00:00,2024-10-08 18:00:00,DEV_007,45,77,56
DEV_007_2024-10-08 19:00:00,2024-10-08 19:00:00,DEV_007,65,35,23
DEV_007_2024-10-08 20:00:00,2024-10-08 20:00:00,DEV_007,20,46,93
DEV_007_2024-10-08 21:00:00,2024-10-08 21:00:00,DEV_007,45,6,13
DEV_007_2024-10-08 22:00:00,2024-10-08 22:00:00,DEV_007,23,58,4
DEV_007_2024-10-08 23:00:00,2024-10-08 23:00:00,DEV_007,36,62,15
DEV_007_2024-10-09 00:00:00,2024-10-09 00:00:00,DEV_007,11,53,22
DEV_007_2024-10-09 01:00:00,2024-10-09 01:00:00,DEV_007,30,18,50
DEV_007_2024-10-09 02:00:00,2024-10-09 02:00:00,DEV_007,74,69,95
DEV_007_2024-10-09 03:00:00,2024-10-09 03:00:00,DEV_007,33,56,18
DEV_007_2024-10-09 04:00:00,2024-10-09 04:00:00,DEV_007,58,54,71
DEV_007_2024-10-09 05:00:00,2024-10-09 05:00:00,DEV_007,89,21,98
DEV_007_2024-10-09 06:00:00,2024-10-09 06:00:00,DEV_007,87,16,91
DEV_007_2024-10-09 07:00:00,2024-10-09 07:00:00,DEV_007,13,13,89
DEV_007_2024-10-09 08:00:00,2024-10-09 08:00:00,DEV_007,42,97,81
DEV_007_2024-10-09 09:00:00,2024-10-09 09:00:00,DEV_007,25,18,82
DEV_007_2024-10-09 10:00:00,2024-10-09 10:00:00,DEV_007,53,49,80
DEV_007_2024-10-09 11:00:00,2024-10-09 11:00:00,DEV_007,27,74,24
DEV_007_2024-10-09 12:00:00,2024-10-09 12:00:00,DEV_007,24,65,32
DEV_007_2024-10-09 13:00:00,2024-10-09 13:00:00,DEV_007,83,73,5
DEV_007_2024-10-09 14:00:00,2024-10-09 14:00:00,DEV_007,22,54,56
DEV_007_2024-10-09 15:00:00,2024-10-09 15:00:00,DEV_007,24,30,12
DEV_007_2024-10-09 16:00:00,2024-10-09 16:00:00,DEV_007,80,12,21
DEV_007_2024-10-09 17:00:00,2024-10-09 17:00:00,DEV_007,11,85,2
DEV_007_2024-10-09 18:00:00,2024-10-09 18:00:00,DEV_007,91,42,25
DEV_007_2024-10-09 19:00:00,2024-10-09 19:00:00,DEV_007,75,17,97
DEV_007_2024-10-09 20:00:00,2024-10-09 20:00:00,DEV_007,99,84,90
DEV_007_2024-10-09 21:00:00,2024-10-09 21:00:00,DEV_007,56,64,53
DEV_007_2024-10-09 22:00:00,2024-10-09 22:00:00,DEV_007,15,83,1
DEV_007_2024-10-09 23:00:00,2024-10-09 23:00:00,DEV_007,89,98,41
DEV_007_2024-10-10 00:00:00,2024-10-10 00:00:00,DEV_007,56,32,77
DEV_007_2024-10-10 01:00:00,2024-10-10 01:00:00,DEV_007,19,40,50
DEV_007_2024-10-10 02:00:00,2024-10-10 02:00:00,DEV_007,21,82,8
DEV_007_2024-10-10 03:00:00,2024-10-10 03:00:00,DEV_007,19,58,21
DEV_007_2024-10-10 04:00:00,2024-10-10 04:00:00,DEV_007,55,35,51
DEV_007_2024-10-10 05:00:00,2024-10-10 05:00:00,DEV_007,85,67,30
DEV_007_2024-10-10 06:00:00,2024-10-10 06:00:00,DEV_007,95,3,30
DEV_007_2024-10-10 07:00:00,2024-10-10 07:00:00,DEV_007,46,42,61
DEV_007_2024-10-10 08:00:00,2024-10-10 08:00:00,DEV_007,4,63,48
DEV_007_2024-10-10 09:00:00,2024-10-10 09:00:00,DEV_007,94,27,5
DEV_007_2024-10-10 10:00:00,2024-10-10 10:00:00,DEV_007,93,53,95
DEV_007_2024-10-10 11:00:00,2024-10-10 11:00:00,DEV_007,50,73,47
DEV_007_2024-10-10 12:00:00,2024-10-10 12:00:00,DEV_007,24,12,82
DEV_007_2024-10-10 13:00:00,2024-10-10 13:00:00,DEV_007,2,42,73
DEV_007_2024-10-10 14:00:00,2024-10-10 14:00:00,DEV_007,24,59,6
DEV_007_2024-10-10 15:00:00,2024-10-10 15:00:00,DEV_007,69,64,33
DEV_007_2024-10-10 16:00:00,2024-10-10 16:00:00,DEV_007,41,24,71
DEV_007_2024-10-10 17:00:00,2024-10-10 17:00:00,DEV_007,65,40,8
DEV_007_2024-10-10 18:00:00,2024-10-10 18:00:00,DEV_007,33,35,24
DEV_007_2024-10-10 19:00:00,2024-10-10 19:00:00,DEV_007,63,3,68
DEV_007_2024-10-10 20:00:00,2024-10-10 20:00:00,DEV_007,92,8,88
DEV_007_2024-10-10 21:00:00,2024-10-10 21:00:00,DEV_007,10,59,86
DEV_007_2024-10-10 22:00:00,2024-10-10 22:00:00,DEV_007,7,89,59
DEV_007_2024-10-10 23:00:00,2024-10-10 23:00:00,DEV_007,51,28,40
DEV_007_2024-10-11 00:00:00,2024-10-11 00:00:00,DEV_007,93,71,76
DEV_007_2024-10-11 01:00:00,2024-10-11 01:00:00,DEV_007,38,84,97
DEV_007_2024-10-11 02:00:00,2024-10-11 02:00:00,DEV_007,38,4,20
DEV_007_2024-10-11 03:00:00,2024-10-11 03:00:00,DEV_007,35,2,83
DEV_007_2024-10-11 04:00:00,2024-10-11 04:00:00,DEV_007,40,80,80
DEV_007_2024-10-11 05:00:00,2024-10-11 05:00:00,DEV_007,66,21,17
DEV_007_2024-10-11 06:00:00,2024-10-11 06:00:00,DEV_007,21,40,32
DEV_007_2024-10-11 07:00:00,2024-10-11 07:00:00,DEV_007,72,76,58
DEV_007_2024-10-11 08:00:00,2024-10-11 08:00:00,DEV_007,23,48,80
DEV_007_2024-10-11 09:00:00,2024-10-11 09:00:00,DEV_007,91,71,79
DEV_007_2024-10-11 10:00:00,2024-10-11 10:00:00,DEV_007,8,87,50
DEV_007_2024-10-11 11:00:00,2024-10-11 11:00:00,DEV_007,33,94,55
DEV_007_2024-10-11 12:00:00,2024-10-11 12:00:00,DEV_007,23,54,54
DEV_007_2024-10-11 13:00:00,2024-10-11 13:00:00,DEV_007,52,43,88
DEV_007_2024-10-11 14:00:00,2024-10-11 14:00:00,DEV_007,63,67,14
DEV_007_2024-10-11 15:00:00,2024-10-11 15:00:00,DEV_007,2,70,57
DEV_007_2024-10-11 16:00:00,2024-10-11 16:00:00,DEV_007,96,83,74
DEV_007_2024-10-11 17:00:00,2024-10-11 17:00:00,DEV_007,34,26,25
DEV_007_2024-10-11 18:00:00,2024-10-11 18:00:00,DEV_007,61,68,59
DEV_007_2024-10-11 19:00:00,2024-10-11 19:00:00,DEV_007,19,2,47
DEV_007_2024-10-11 20:00:00,2024-10-11 20:00:00,DEV_007,50,30,54
DEV_007_2024-10-11 21:00:00,2024-10-11 21:00:00,DEV_007,16,39,73
DEV_007_2024-10-11 22:00:00,2024-10-11 22:00:00,DEV_007,79,78,39
DEV_007_2024-10-11 23:00:00,2024-10-11 23:00:00,DEV_007,51,32,24
DEV_007_2024-10-12 00:00:00,2024-10-12 00:00:00,DEV_007,41,9,88
DEV_007_2024-10-12 01:00:00,2024-10-12 01:00:00,DEV_007,93,57,35
DEV_007_2024-10-12 02:00:00,2024-10-12 02:00:00,DEV_007,91,99,40
DEV_007_2024-10-12 03:00:00,2024-10-12 03:00:00,DEV_007,67,40,16
DEV_007_2024-10-12 04:00:00,2024-10-12 04:00:00,DEV_007,67,27,16
DEV_007_2024-10-12 05:00:00,2024-10-12 05:00:00,DEV_007,8,68,76
DEV_007_2024-10-12 06:00:00,2024-10-12 06:00:00,DEV_007,82,21,70
DEV_007_2024-10-12 07:00:00,2024-10-12 07:00:00,DEV_007,7,13,97
DEV_007_2024-10-12 08:00:00,2024-10-12 08:00:00,DEV_007,73,40,46
DEV_007_2024-10-12 09:00:00,2024-10-12 09:00:00,DEV_007,34,77,87
DEV_007_2024-10-12 10:00:00,2024-10-12 10:00:00,DEV_007,12,36,20
DEV_007_2024-10-12 11:00:00,2024-10-12 11:00:00,DEV_007,65,18,51
DEV_007_2024-10-12 12:00:00,2024-10-12 12:00:00,DEV_007,45,47,64
DEV_007_2024-10-12 13:00:00,2024-10-12 13:00:00,DEV_007,82,3,99
DEV_007_2024-10-12 14:00:00,2024-10-12 14:00:00,DEV_007,90,41,29
DEV_007_2024-10-12 15:00:00,2024-10-12 15:00:00,DEV_007,35,53,74
DEV_007_2024-10-12 16:00:00,2024-10-12 16:00:00,DEV_007,94,71,14
DEV_007_2024-10-12 17:00:00,2024-10-12 17:00:00,DEV_007,93,33,48
DEV_007_2024-10-12 18:00:00,2024-10-12 18:00:00,DEV_007,28,53,78
DEV_007_2024-10-12 19:00:00,2024-10-12 19:00:00,DEV_007,92,50,24
DEV_007_2024-10-12 20:00:00,2024-10-12 20:00:00,DEV_007,53,78,33
DEV_007_2024-10-12 21:00:00,2024-10-12 21:00:00,DEV_007,43,43,38
DEV_007_2024-10-12 22:00:00,2024-10-12 22:00:00,DEV_007,68,5,6
DEV_007_2024-10-12 23:00:00,2024-10-12 23:00:00,DEV_007,78,37,97
DEV_007_2024-10-13 00:00:00,2024-10-13 00:00:00,DEV_007,78,38,8
DEV_007_2024-10-13 01:00:00,2024-10-13 01:00:00,DEV_007,1,86,30
DEV_007_2024-10-13 02:00:00,2024-10-13 02:00:00,DEV_007,22,43,28
DEV_007_2024-10-13 03:00:00,2024-10-13 03:00:00,DEV_007,70,96,89
DEV_007_2024-10-13 04:00:00,2024-10-13 04:00:00,DEV_007,77,61,45
DEV_007_2024-10-13 05:00:00,2024-10-13 05:00:00,DEV_007,74,17,78
DEV_007_2024-10-13 06:00:00,2024-10-13 06:00:00,DEV_007,16,28,13
DEV_007_2024-10-13 07:00:00,2024-10-13 07:00:00,DEV_007,27,17,10
DEV_007_2024-10-13 08:00:00,2024-10-13 08:00:00,DEV_007,46,35,52
DEV_007_2024-10-13 09:00:00,2024-10-13 09:00:00,DEV_007,38,74,46
DEV_007_2024-10-13 10:00:00,2024-10-13 10:00:00,DEV_007,42,97,37
DEV_007_2024-10-13 11:00:00,2024-10-13 11:00:00,DEV_007,26,49,63
DEV_007_2024-10-13 12:00:00,2024-10-13 12:00:00,DEV_007,46,53,26
DEV_007_2024-10-13 13:00:00,2024-10-13 13:00:00,DEV_007,32,86,94
DEV_007_2024-10-13 14:00:00,2024-10-13 14:00:00,DEV_007,40,61,70
DEV_007_2024-10-13 15:00:00,2024-10-13 15:00:00,DEV_007,88,42,79
DEV_007_2024-10-13 16:00:00,2024-10-13 16:00:00,DEV_007,64,47,61
DEV_007_2024-10-13 17:00:00,2024-10-13 17:00:00,DEV_007,38,11,33
DEV_007_2024-10-13 18:00:00,2024-10-13 18:00:00,DEV_007,91,8,53
DEV_007_2024-10-13 19:00:00,2024-10-13 19:00:00,DEV_007,38,72,11
DEV_007_2024-10-13 20:00:00,2024-10-13 20:00:00,DEV_007,83,33,79
DEV_007_2024-10-13 21:00:00,2024-10-13 21:00:00,DEV_007,7,9,10
DEV_007_2024-10-13 22:00:00,2024-10-13 22:00:00,DEV_007,76,78,3
DEV_007_2024-10-13 23:00:00,2024-10-13 23:00:00,DEV_007,23,28,52
DEV_007_2024-10-14 00:00:00,2024-10-14 00:00:00,DEV_007,43,8,97
DEV_007_2024-10-14 01:00:00,2024-10-14 01:00:00,DEV_007,76,56,85
DEV_007_2024-10-14 02:00:00,2024-10-14 02:00:00,DEV_007,86,83,41
DEV_007_2024-10-14 03:00:00,2024-10-14 03:00:00,DEV_007,56,26,3
DEV_007_2024-10-14 04:00:00,2024-10-14 04:00:00,DEV_007,26,23,33
DEV_007_2024-10-14 05:00:00,2024-10-14 05:00:00,DEV_007,12,81,87
DEV_007_2024-10-14 06:00:00,2024-10-14 06:00:00,DEV_007,6,46,68
DEV_007_2024-10-14 07:00:00,2024-10-14 07:00:00,DEV_007,96,77,92
DEV_007_2024-10-14 08:00:00,2024-10-14 08:00:00,DEV_007,36,85,75
DEV_007_2024-10-14 09:00:00,2024-10-14 09:00:00,DEV_007,1,32,36
DEV_007_2024-10-14 10:00:00,2024-10-14 10:00:00,DEV_007,77,33,99
DEV_007_2024-10-14 11:00:00,2024-10-14 11:00:00,DEV_007,52,43,5
DEV_007_2024-10-14 12:00:00,2024-10-14 12:00:00,DEV_007,17,64,86
DEV_007_2024-10-14 13:00:00,2024-10-14 13:00:00,DEV_007,14,10,54
DEV_007_2024-10-14 14:00:00,2024-10-14 14:00:00,DEV_007,35,58,23
DEV_007_2024-10-14 15:00:00,2024-10-14 15:00:00,DEV_007,44,40,41
DEV_007_2024-10-14 16:00:00,2024-10-14 16:00:00,DEV_007,19,36,27
DEV_007_2024-10-14 17:00:00,2024-10-14 17:00:00,DEV_007,3,5,89
DEV_007_2024-10-14 18:00:00,2024-10-14 18:00:00,DEV_007,5,70,65
DEV_007_2024-10-14 19:00:00,2024-10-14 19:00:00,DEV_007,31,43,43
DEV_007_2024-10-14 20:00:00,2024-10-14 20:00:00,DEV_007,59,32,7
DEV_007_2024-10-14 21:00:00,2024-10-14 21:00:00,DEV_007,32,5,72
DEV_007_2024-10-14 22:00:00,2024-10-14 22:00:00,DEV_007,78,10,28
DEV_007_2024-10-14 23:00:00,2024-10-14 23:00:00,DEV_007,54,28,25
DEV_007_2024-10-15 00:00:00,2024-10-15 00:00:00,DEV_007,53,34,70
DEV_007_2024-10-15 01:00:00,2024-10-15 01:00:00,DEV_007,88,98,58
DEV_007_2024-10-15 02:00:00,2024-10-15 02:00:00,DEV_007,77,1,83
DEV_007_2024-10-15 03:00:00,2024-10-15 03:00:00,DEV_007,44,21,9
DEV_007_2024-10-15 04:00:00,2024-10-15 04:00:00,DEV_007,73,49,4
DEV_007_2024-10-15 05:00:00,2024-10-15 05:00:00,DEV_007,34,65,56
DEV_007_2024-10-15 06:00:00,2024-10-15 06:00:00,DEV_007,42,6,68
DEV_007_2024-10-15 07:00:00,2024-10-15 07:00:00,DEV_007,13,65,52
DEV_007_2024-10-15 08:00:00,2024-10-15 08:00:00,DEV_007,88,91,10
DEV_007_2024-10-15 09:00:00,2024-10-15 09:00:00,DEV_007,59,6,50
DEV_007_2024-10-15 10:00:00,2024-10-15 10:00:00,DEV_007,13,80,69
DEV_007_2024-10-15 11:00:00,2024-10-15 11:00:00,DEV_007,93,90,26
DEV_007_2024-10-15 12:00:00,2024-10-15 12:00:00,DEV_007,47,51,7
DEV_007_2024-10-15 13:00:00,2024-10-15 13:00:00,DEV_007,66,41,63
DEV_007_2024-10-15 14:00:00,2024-10-15 14:00:00,DEV_007,41,9,9
DEV_007_2024-10-15 15:00:00,2024-10-15 15:00:00,DEV_007,66,63,77
DEV_007_2024-10-15 16:00:00,2024-10-15 16:00:00,DEV_007,35,70,87
DEV_007_2024-10-15 17:00:00,2024-10-15 17:00:00,DEV_007,7,94,66
DEV_007_2024-10-15 18:00:00,2024-10-15 18:00:00,DEV_007,6,67,64
DEV_007_2024-10-15 19:00:00,2024-10-15 19:00:00,DEV_007,62,78,78
DEV_007_2024-10-15 20:00:00,2024-10-15 20:00:00,DEV_007,79,89,38
DEV_007_2024-10-15 21:00:00,2024-10-15 21:00:00,DEV_007,47,82,27
DEV_007_2024-10-15 22:00:00,2024-10-15 22:00:00,DEV_007,46,82,71
DEV_007_2024-10-15 23:00:00,2024-10-15 23:00:00,DEV_007,72,18,44
DEV_007_2024-10-16 00:00:00,2024-10-16 00:00:00,DEV_007,71,42,70
DEV_007_2024-10-16 01:00:00,2024-10-16 01:00:00,DEV_007,46,52,78
DEV_007_2024-10-16 02:00:00,2024-10-16 02:00:00,DEV_007,16,18,43
DEV_007_2024-10-16 03:00:00,2024-10-16 03:00:00,DEV_007,74,63,81
DEV_007_2024-10-16 04:00:00,2024-10-16 04:00:00,DEV_007,55,74,24
DEV_007_2024-10-16 05:00:00,2024-10-16 05:00:00,DEV_007,25,75,66
DEV_007_2024-10-16 06:00:00,2024-10-16 06:00:00,DEV_007,6,39,11
DEV_007_2024-10-16 07:00:00,2024-10-16 07:00:00,DEV_007,14,98,34
DEV_007_2024-10-16 08:00:00,2024-10-16 08:00:00,DEV_007,79,30,57
DEV_007_2024-10-16 09:00:00,2024-10-16 09:00:00,DEV_007,47,75,20
DEV_007_2024-10-16 10:00:00,2024-10-16 10:00:00,DEV_007,25,28,13
DEV_007_2024-10-16 11:00:00,2024-10-16 11:00:00,DEV_007,56,49,23
DEV_007_2024-10-16 12:00:00,2024-10-16 12:00:00,DEV_007,75,64,15
DEV_007_2024-10-16 13:00:00,2024-10-16 13:00:00,DEV_007,61,48,54
DEV_007_2024-10-16 14:00:00,2024-10-16 14:00:00,DEV_007,51,27,50
DEV_007_2024-10-16 15:00:00,2024-10-16 15:00:00,DEV_007,73,86,93
DEV_007_2024-10-16 16:00:00,2024-10-16 16:00:00,DEV_007,65,83,35
DEV_007_2024-10-16 17:00:00,2024-10-16 17:00:00,DEV_007,96,15,72
DEV_007_2024-10-16 18:00:00,2024-10-16 18:00:00,DEV_007,78,41,71
DEV_007_2024-10-16 19:00:00,2024-10-16 19:00:00,DEV_007,62,43,7
DEV_007_2024-10-16 20:00:00,2024-10-16 20:00:00,DEV_007,58,96,84
DEV_007_2024-10-16 21:00:00,2024-10-16 21:00:00,DEV_007,98,6,21
DEV_007_2024-10-16 22:00:00,2024-10-16 22:00:00,DEV_007,91,78,92
DEV_007_2024-10-16 23:00:00,2024-10-16 23:00:00,DEV_007,71,25,11
DEV_007_2024-10-17 00:00:00,2024-10-17 00:00:00,DEV_007,59,40,45
DEV_007_2024-10-17 01:00:00,2024-10-17 01:00:00,DEV_007,69,41,62
DEV_007_2024-10-17 02:00:00,2024-10-17 02:00:00,DEV_007,68,66,92
DEV_007_2024-10-17 03:00:00,2024-10-17 03:00:00,DEV_007,68,97,26
DEV_007_2024-10-17 04:00:00,2024-10-17 04:00:00,DEV_007,19,93,75
DEV_007_2024-10-17 05:00:00,2024-10-17 05:00:00,DEV_007,41,45,15
DEV_007_2024-10-17 06:00:00,2024-10-17 06:00:00,DEV_007,17,50,91
DEV_007_2024-10-17 07:00:00,2024-10-17 07:00:00,DEV_007,68,76,39
DEV_007_2024-10-17 08:00:00,2024-10-17 08:00:00,DEV_007,69,66,72
DEV_007_2024-10-17 09:00:00,2024-10-17 09:00:00,DEV_007,95,92,32
DEV_007_2024-10-17 10:00:00,2024-10-17 10:00:00,DEV_007,56,25,54
DEV_007_2024-10-17 11:00:00,2024-10-17 11:00:00,DEV_007,13,46,42
DEV_007_2024-10-17 12:00:00,2024-10-17 12:00:00,DEV_007,55,86,80
DEV_007_2024-10-17 13:00:00,2024-10-17 13:00:00,DEV_007,24,59,94
DEV_007_2024-10-17 14:00:00,2024-10-17 14:00:00,DEV_007,27,45,82
DEV_007_2024-10-17 15:00:00,2024-10-17 15:00:00,DEV_007,64,8,3
DEV_007_2024-10-17 16:00:00,2024-10-17 16:00:00,DEV_007,15,73,33
DEV_007_2024-10-17 17:00:00,2024-10-17 17:00:00,DEV_007,50,48,89
DEV_007_2024-10-17 18:00:00,2024-10-17 18:00:00,DEV_007,64,53,49
DEV_007_2024-10-17 19:00:00,2024-10-17 19:00:00,DEV_007,71,62,19
DEV_007_2024-10-17 20:00:00,2024-10-17 20:00:00,DEV_007,17,57,57
DEV_007_2024-10-17 21:00:00,2024-10-17 21:00:00,DEV_007,74,71,70
DEV_007_2024-10-17 22:00:00,2024-10-17 22:00:00,DEV_007,71,23,88
DEV_007_2024-10-17 23:00:00,2024-10-17 23:00:00,DEV_007,4,70,51
DEV_007_2024-10-18 00:00:00,2024-10-18 00:00:00,DEV_007,66,8,4
DEV_007_2024-10-18 01:00:00,2024-10-18 01:00:00,DEV_007,86,78,45
DEV_007_2024-10-18 02:00:00,2024-10-18 02:00:00,DEV_007,9,46,53
DEV_007_2024-10-18 03:00:00,2024-10-18 03:00:00,DEV_007,31,3,26
DEV_007_2024-10-18 04:00:00,2024-10-18 04:00:00,DEV_007,3,31,90
DEV_007_2024-10-18 05:00:00,2024-10-18 05:00:00,DEV_007,2,54,57
DEV_007_2024-10-18 06:00:00,2024-10-18 06:00:00,DEV_007,29,97,96
DEV_007_2024-10-18 07:00:00,2024-10-18 07:00:00,DEV_007,20,61,3
DEV_007_2024-10-18 08:00:00,2024-10-18 08:00:00,DEV_007,83,36,15
DEV_007_2024-10-18 09:00:00,2024-10-18 09:00:00,DEV_007,34,76,55
DEV_007_2024-10-18 10:00:00,2024-10-18 10:00:00,DEV_007,61,40,87
DEV_007_2024-10-18 11:00:00,2024-10-18 11:00:00,DEV_007,13,98,2
DEV_007_2024-10-18 12:00:00,2024-10-18 12:00:00,DEV_007,59,95,58
DEV_007_2024-10-18 13:00:00,2024-10-18 13:00:00,DEV_007,89,17,68
DEV_007_2024-10-18 14:00:00,2024-10-18 14:00:00,DEV_007,54,26,88
DEV_007_2024-10-18 15:00:00,2024-10-18 15:00:00,DEV_007,44,72,25
DEV_007_2024-10-18 16:00:00,2024-10-18 16:00:00,DEV_007,10,63,90
DEV_007_2024-10-18 17:00:00,2024-10-18 17:00:00,DEV_007,64,19,24
DEV_007_2024-10-18 18:00:00,2024-10-18 18:00:00,DEV_007,88,48,73
DEV_007_2024-10-18 19:00:00,2024-10-18 19:00:00,DEV_007,91,28,38
DEV_007_2024-10-18 20:00:00,2024-10-18 20:00:00,DEV_007,3,41,6
DEV_007_2024-10-18 21:00:00,2024-10-18 21:00:00,DEV_007,36,41,2
DEV_007_2024-10-18 22:00:00,2024-10-18 22:00:00,DEV_007,4,29,16
DEV_007_2024-10-18 23:00:00,2024-10-18 23:00:00,DEV_007,64,93,73
DEV_007_2024-10-19 00:00:00,2024-10-19 00:00:00,DEV_007,16,66,8
DEV_007_2024-10-19 01:00:00,2024-10-19 01:00:00,DEV_007,83,7,68
DEV_007_2024-10-19 02:00:00,2024-10-19 02:00:00,DEV_007,94,95,42
DEV_007_2024-10-19 03:00:00,2024-10-19 03:00:00,DEV_007,48,67,28
DEV_007_2024-10-19 04:00:00,2024-10-19 04:00:00,DEV_007,32,44,52
DEV_007_2024-10-19 05:00:00,2024-10-19 05:00:00,DEV_007,61,56,92
DEV_007_2024-10-19 06:00:00,2024-10-19 06:00:00,DEV_007,80,82,36
DEV_007_2024-10-19 07:00:00,2024-10-19 07:00:00,DEV_007,69,70,3
DEV_007_2024-10-19 08:00:00,2024-10-19 08:00:00,DEV_007,96,26,62
DEV_007_2024-10-19 09:00:00,2024-10-19 09:00:00,DEV_007,34,3,94
DEV_007_2024-10-19 10:00:00,2024-10-19 10:00:00,DEV_007,2,45,1
DEV_007_2024-10-19 11:00:00,2024-10-19 11:00:00,DEV_007,85,71,55
DEV_007_2024-10-19 12:00:00,2024-10-19 12:00:00,DEV_007,57,62,19
DEV_007_2024-10-19 13:00:00,2024-10-19 13:00:00,DEV_007,98,27,82
DEV_007_2024-10-19 14:00:00,2024-10-19 14:00:00,DEV_007,9,14,42
DEV_007_2024-10-19 15:00:00,2024-10-19 15:00:00,DEV_007,61,24,71
DEV_007_2024-10-19 16:00:00,2024-10-19 16:00:00,DEV_007,30,5,10
DEV_007_2024-10-19 17:00:00,2024-10-19 17:00:00,DEV_007,11,68,66
DEV_007_2024-10-19 18:00:00,2024-10-19 18:00:00,DEV_007,40,40,21
DEV_007_2024-10-19 19:00:00,2024-10-19 19:00:00,DEV_007,74,55,30
DEV_007_2024-10-19 20:00:00,2024-10-19 20:00:00,DEV_007,73,71,19
DEV_007_2024-10-19 21:00:00,2024-10-19 21:00:00,DEV_007,16,29,18
DEV_007_2024-10-19 22:00:00,2024-10-19 22:00:00,DEV_007,14,63,62
DEV_007_2024-10-19 23:00:00,2024-10-19 23:00:00,DEV_007,61,74,12
DEV_007_2024-10-20 00:00:00,2024-10-20 00:00:00,DEV_007,44,35,21
DEV_007_2024-10-20 01:00:00,2024-10-20 01:00:00,DEV_007,46,86,33
DEV_007_2024-10-20 02:00:00,2024-10-20 02:00:00,DEV_007,10,80,82
DEV_007_2024-10-20 03:00:00,2024-10-20 03:00:00,DEV_007,43,22,70
DEV_007_2024-10-20 04:00:00,2024-10-20 04:00:00,DEV_007,59,62,99
DEV_007_2024-10-20 05:00:00,2024-10-20 05:00:00,DEV_007,71,26,74
DEV_007_2024-10-20 06:00:00,2024-10-20 06:00:00,DEV_007,45,36,59
DEV_007_2024-10-20 07:00:00,2024-10-20 07:00:00,DEV_007,10,16,37
DEV_007_2024-10-20 08:00:00,2024-10-20 08:00:00,DEV_007,6,88,42
DEV_007_2024-10-20 09:00:00,2024-10-20 09:00:00,DEV_007,82,76,23
DEV_007_2024-10-20 10:00:00,2024-10-20 10:00:00,DEV_007,57,54,50
DEV_007_2024-10-20 11:00:00,2024-10-20 11:00:00,DEV_007,19,90,25
DEV_007_2024-10-20 12:00:00,2024-10-20 12:00:00,DEV_007,28,27,38
DEV_007_2024-10-20 13:00:00,2024-10-20 13:00:00,DEV_007,3,60,39
DEV_007_2024-10-20 14:00:00,2024-10-20 14:00:00,DEV_007,55,46,59
DEV_007_2024-10-20 15:00:00,2024-10-20 15:00:00,DEV_007,45,59,24
DEV_007_2024-10-20 16:00:00,2024-10-20 16:00:00,DEV_007,39,3,4
DEV_007_2024-10-20 17:00:00,2024-10-20 17:00:00,DEV_007,5,81,53
DEV_007_2024-10-20 18:00:00,2024-10-20 18:00:00,DEV_007,8,59,73
DEV_007_2024-10-20 19:00:00,2024-10-20 19:00:00,DEV_007,10,10,92
DEV_007_2024-10-20 20:00:00,2024-10-20 20:00:00,DEV_007,39,74,37
DEV_007_2024-10-20 21:00:00,2024-10-20 21:00:00,DEV_007,54,88,58
DEV_007_2024-10-20 22:00:00,2024-10-20 22:00:00,DEV_007,88,41,52
DEV_007_2024-10-20 23:00:00,2024-10-20 23:00:00,DEV_007,77,96,42
DEV_007_2024-10-21 00:00:00,2024-10-21 00:00:00,DEV_007,15,57,98
DEV_007_2024-10-21 01:00:00,2024-10-21 01:00:00,DEV_007,61,72,39
DEV_007_2024-10-21 02:00:00,2024-10-21 02:00:00,DEV_007,66,83,79
DEV_007_2024-10-21 03:00:00,2024-10-21 03:00:00,DEV_007,5,11,40
DEV_007_2024-10-21 04:00:00,2024-10-21 04:00:00,DEV_007,21,71,94
DEV_007_2024-10-21 05:00:00,2024-10-21 05:00:00,DEV_007,29,39,10
DEV_007_2024-10-21 06:00:00,2024-10-21 06:00:00,DEV_007,33,18,88
DEV_007_2024-10-21 07:00:00,2024-10-21 07:00:00,DEV_007,31,50,70
DEV_007_2024-10-21 08:00:00,2024-10-21 08:00:00,DEV_007,85,36,7
DEV_007_2024-10-21 09:00:00,2024-10-21 09:00:00,DEV_007,57,5,34
DEV_007_2024-10-21 10:00:00,2024-10-21 10:00:00,DEV_007,24,14,61
DEV_007_2024-10-21 11:00:00,2024-10-21 11:00:00,DEV_007,47,29,13
DEV_007_2024-10-21 12:00:00,2024-10-21 12:00:00,DEV_007,78,79,47
DEV_007_2024-10-21 13:00:00,2024-10-21 13:00:00,DEV_007,74,11,83
DEV_007_2024-10-21 14:00:00,2024-10-21 14:00:00,DEV_007,17,48,69
DEV_007_2024-10-21 15:00:00,2024-10-21 15:00:00,DEV_007,17,31,37
DEV_007_2024-10-21 16:00:00,2024-10-21 16:00:00,DEV_007,11,74,98
DEV_007_2024-10-21 17:00:00,2024-10-21 17:00:00,DEV_007,24,53,13
DEV_007_2024-10-21 18:00:00,2024-10-21 18:00:00,DEV_007,98,15,99
DEV_007_2024-10-21 19:00:00,2024-10-21 19:00:00,DEV_007,16,34,59
DEV_007_2024-10-21 20:00:00,2024-10-21 20:00:00,DEV_007,43,23,47
DEV_007_2024-10-21 21:00:00,2024-10-21 21:00:00,DEV_007,97,94,66
DEV_007_2024-10-21 22:00:00,2024-10-21 22:00:00,DEV_007,75,87,47
DEV_007_2024-10-21 23:00:00,2024-10-21 23:00:00,DEV_007,93,82,18
DEV_007_2024-10-22 00:00:00,2024-10-22 00:00:00,DEV_007,40,91,20
DEV_007_2024-10-22 01:00:00,2024-10-22 01:00:00,DEV_007,25,3,31
DEV_007_2024-10-22 02:00:00,2024-10-22 02:00:00,DEV_007,81,47,70
DEV_007_2024-10-22 03:00:00,2024-10-22 03:00:00,DEV_007,31,28,57
DEV_007_2024-10-22 04:00:00,2024-10-22 04:00:00,DEV_007,86,89,47
DEV_007_2024-10-22 05:00:00,2024-10-22 05:00:00,DEV_007,60,28,21
DEV_007_2024-10-22 06:00:00,2024-10-22 06:00:00,DEV_007,49,92,61
DEV_007_2024-10-22 07:00:00,2024-10-22 07:00:00,DEV_007,4,2,56
DEV_007_2024-10-22 08:00:00,2024-10-22 08:00:00,DEV_007,31,22,55
DEV_007_2024-10-22 09:00:00,2024-10-22 09:00:00,DEV_007,23,52,11
DEV_007_2024-10-22 10:00:00,2024-10-22 10:00:00,DEV_007,60,60,69
DEV_007_2024-10-22 11:00:00,2024-10-22 11:00:00,DEV_007,27,91,98
DEV_007_2024-10-22 12:00:00,2024-10-22 12:00:00,DEV_007,3,22,35
DEV_007_2024-10-22 13:00:00,2024-10-22 13:00:00,DEV_007,92,80,43
DEV_007_2024-10-22 14:00:00,2024-10-22 14:00:00,DEV_007,71,67,45
DEV_007_2024-10-22 15:00:00,2024-10-22 15:00:00,DEV_007,96,57,77
DEV_007_2024-10-22 16:00:00,2024-10-22 16:00:00,DEV_007,30,85,12
DEV_007_2024-10-22 17:00:00,2024-10-22 17:00:00,DEV_007,63,48,84
DEV_007_2024-10-22 18:00:00,2024-10-22 18:00:00,DEV_007,34,74,51
DEV_007_2024-10-22 19:00:00,2024-10-22 19:00:00,DEV_007,27,69,11
DEV_007_2024-10-22 20:00:00,2024-10-22 20:00:00,DEV_007,50,80,10
DEV_007_2024-10-22 21:00:00,2024-10-22 21:00:00,DEV_007,25,6,75
DEV_007_2024-10-22 22:00:00,2024-10-22 22:00:00,DEV_007,20,15,4
DEV_007_2024-10-22 23:00:00,2024-10-22 23:00:00,DEV_007,68,84,44
DEV_007_2024-10-23 00:00:00,2024-10-23 00:00:00,DEV_007,5,97,18
DEV_007_2024-10-23 01:00:00,2024-10-23 01:00:00,DEV_007,25,3,13
DEV_007_2024-10-23 02:00:00,2024-10-23 02:00:00,DEV_007,76,9,28
DEV_007_2024-10-23 03:00:00,2024-10-23 03:00:00,DEV_007,8,10,83
DEV_007_2024-10-23 04:00:00,2024-10-23 04:00:00,DEV_007,31,63,44
DEV_007_2024-10-23 05:00:00,2024-10-23 05:00:00,DEV_007,68,16,1
DEV_007_2024-10-23 06:00:00,2024-10-23 06:00:00,DEV_007,68,50,30
DEV_007_2024-10-23 07:00:00,2024-10-23 07:00:00,DEV_007,28,63,14
DEV_007_2024-10-23 08:00:00,2024-10-23 08:00:00,DEV_007,82,46,51
DEV_007_2024-10-23 09:00:00,2024-10-23 09:00:00,DEV_007,4,65,59
DEV_007_2024-10-23 10:00:00,2024-10-23 10:00:00,DEV_007,22,11,83
DEV_007_2024-10-23 11:00:00,2024-10-23 11:00:00,DEV_007,71,27,61
DEV_007_2024-10-23 12:00:00,2024-10-23 12:00:00,DEV_007,28,98,3
DEV_007_2024-10-23 13:00:00,2024-10-23 13:00:00,DEV_007,43,77,35
DEV_007_2024-10-23 14:00:00,2024-10-23 14:00:00,DEV_007,97,86,51
DEV_007_2024-10-23 15:00:00,2024-10-23 15:00:00,DEV_007,33,40,48
DEV_007_2024-10-23 16:00:00,2024-10-23 16:00:00,DEV_007,68,85,48
DEV_007_2024-10-23 17:00:00,2024-10-23 17:00:00,DEV_007,89,67,51
DEV_007_2024-10-23 18:00:00,2024-10-23 18:00:00,DEV_007,53,73,69
DEV_007_2024-10-23 19:00:00,2024-10-23 19:00:00,DEV_007,19,63,40
DEV_007_2024-10-23 20:00:00,2024-10-23 20:00:00,DEV_007,41,63,24
DEV_007_2024-10-23 21:00:00,2024-10-23 21:00:00,DEV_007,41,84,70
DEV_007_2024-10-23 22:00:00,2024-10-23 22:00:00,DEV_007,56,65,96
DEV_007_2024-10-23 23:00:00,2024-10-23 23:00:00,DEV_007,85,29,72
DEV_007_2024-10-24 00:00:00,2024-10-24 00:00:00,DEV_007,67,15,8
DEV_007_2024-10-24 01:00:00,2024-10-24 01:00:00,DEV_007,90,79,17
DEV_007_2024-10-24 02:00:00,2024-10-24 02:00:00,DEV_007,65,26,48
DEV_007_2024-10-24 03:00:00,2024-10-24 03:00:00,DEV_007,83,91,78
DEV_007_2024-10-24 04:00:00,2024-10-24 04:00:00,DEV_007,56,63,14
DEV_007_2024-10-24 05:00:00,2024-10-24 05:00:00,DEV_007,73,64,99
DEV_007_2024-10-24 06:00:00,2024-10-24 06:00:00,DEV_007,27,88,31
DEV_007_2024-10-24 07:00:00,2024-10-24 07:00:00,DEV_007,41,49,7
DEV_007_2024-10-24 08:00:00,2024-10-24 08:00:00,DEV_007,56,28,78
DEV_007_2024-10-24 09:00:00,2024-10-24 09:00:00,DEV_007,78,30,32
DEV_007_2024-10-24 10:00:00,2024-10-24 10:00:00,DEV_007,75,42,20
DEV_007_2024-10-24 11:00:00,2024-10-24 11:00:00,DEV_007,17,18,1
DEV_007_2024-10-24 12:00:00,2024-10-24 12:00:00,DEV_007,54,60,97
DEV_007_2024-10-24 13:00:00,2024-10-24 13:00:00,DEV_007,64,9,75
DEV_007_2024-10-24 14:00:00,2024-10-24 14:00:00,DEV_007,38,67,40
DEV_007_2024-10-24 15:00:00,2024-10-24 15:00:00,DEV_007,78,4,87
DEV_007_2024-10-24 16:00:00,2024-10-24 16:00:00,DEV_007,12,38,55
DEV_007_2024-10-24 17:00:00,2024-10-24 17:00:00,DEV_007,95,90,30
DEV_007_2024-10-24 18:00:00,2024-10-24 18:00:00,DEV_007,32,37,81
DEV_007_2024-10-24 19:00:00,2024-10-24 19:00:00,DEV_007,19,14,68
DEV_007_2024-10-24 20:00:00,2024-10-24 20:00:00,DEV_007,76,7,4
DEV_007_2024-10-24 21:00:00,2024-10-24 21:00:00,DEV_007,36,4,53
DEV_007_2024-10-24 22:00:00,2024-10-24 22:00:00,DEV_007,1,85,33
DEV_007_2024-10-24 23:00:00,2024-10-24 23:00:00,DEV_007,36,2,43
DEV_007_2024-10-25 00:00:00,2024-10-25 00:00:00,DEV_007,4,37,9
DEV_007_2024-10-25 01:00:00,2024-10-25 01:00:00,DEV_007,28,11,46
DEV_007_2024-10-25 02:00:00,2024-10-25 02:00:00,DEV_007,84,77,66
DEV_007_2024-10-25 03:00:00,2024-10-25 03:00:00,DEV_007,13,3,1
DEV_007_2024-10-25 04:00:00,2024-10-25 04:00:00,DEV_007,83,87,54
DEV_007_2024-10-25 05:00:00,2024-10-25 05:00:00,DEV_007,54,65,44
DEV_007_2024-10-25 06:00:00,2024-10-25 06:00:00,DEV_007,30,95,65
DEV_007_2024-10-25 07:00:00,2024-10-25 07:00:00,DEV_007,43,70,75
DEV_007_2024-10-25 08:00:00,2024-10-25 08:00:00,DEV_007,69,84,25
DEV_007_2024-10-25 09:00:00,2024-10-25 09:00:00,DEV_007,88,42,90
DEV_007_2024-10-25 10:00:00,2024-10-25 10:00:00,DEV_007,16,46,22
DEV_007_2024-10-25 11:00:00,2024-10-25 11:00:00,DEV_007,59,59,74
DEV_007_2024-10-25 12:00:00,2024-10-25 12:00:00,DEV_007,12,29,30
DEV_007_2024-10-25 13:00:00,2024-10-25 13:00:00,DEV_007,49,50,76
DEV_007_2024-10-25 14:00:00,2024-10-25 14:00:00,DEV_007,89,14,88
DEV_007_2024-10-25 15:00:00,2024-10-25 15:00:00,DEV_007,63,54,4
DEV_007_2024-10-25 16:00:00,2024-10-25 16:00:00,DEV_007,41,48,79
DEV_007_2024-10-25 17:00:00,2024-10-25 17:00:00,DEV_007,36,64,11
DEV_007_2024-10-25 18:00:00,2024-10-25 18:00:00,DEV_007,69,71,44
DEV_007_2024-10-25 19:00:00,2024-10-25 19:00:00,DEV_007,77,91,18
DEV_007_2024-10-25 20:00:00,2024-10-25 20:00:00,DEV_007,93,39,60
DEV_007_2024-10-25 21:00:00,2024-10-25 21:00:00,DEV_007,49,42,39
DEV_007_2024-10-25 22:00:00,2024-10-25 22:00:00,DEV_007,15,54,66
DEV_007_2024-10-25 23:00:00,2024-10-25 23:00:00,DEV_007,81,74,74
DEV_007_2024-10-26 00:00:00,2024-10-26 00:00:00,DEV_007,45,67,25
DEV_007_2024-10-26 01:00:00,2024-10-26 01:00:00,DEV_007,30,10,12
DEV_007_2024-10-26 02:00:00,2024-10-26 02:00:00,DEV_007,20,25,16
DEV_007_2024-10-26 03:00:00,2024-10-26 03:00:00,DEV_007,76,40,75
DEV_007_2024-10-26 04:00:00,2024-10-26 04:00:00,DEV_007,46,36,30
DEV_007_2024-10-26 05:00:00,2024-10-26 05:00:00,DEV_007,84,65,56
DEV_007_2024-10-26 06:00:00,2024-10-26 06:00:00,DEV_007,50,9,12
DEV_007_2024-10-26 07:00:00,2024-10-26 07:00:00,DEV_007,25,67,62
DEV_007_2024-10-26 08:00:00,2024-10-26 08:00:00,DEV_007,19,76,64
DEV_007_2024-10-26 09:00:00,2024-10-26 09:00:00,DEV_007,19,86,56
DEV_007_2024-10-26 10:00:00,2024-10-26 10:00:00,DEV_007,3,83,62
DEV_007_2024-10-26 11:00:00,2024-10-26 11:00:00,DEV_007,98,20,29
DEV_007_2024-10-26 12:00:00,2024-10-26 12:00:00,DEV_007,89,35,43
DEV_007_2024-10-26 13:00:00,2024-10-26 13:00:00,DEV_007,76,3,94
DEV_007_2024-10-26 14:00:00,2024-10-26 14:00:00,DEV_007,5,59,41
DEV_007_2024-10-26 15:00:00,2024-10-26 15:00:00,DEV_007,2,30,74
DEV_007_2024-10-26 16:00:00,2024-10-26 16:00:00,DEV_007,30,97,37
DEV_007_2024-10-26 17:00:00,2024-10-26 17:00:00,DEV_007,72,69,32
DEV_007_2024-10-26 18:00:00,2024-10-26 18:00:00,DEV_007,47,90,73
DEV_007_2024-10-26 19:00:00,2024-10-26 19:00:00,DEV_007,17,28,10
DEV_007_2024-10-26 20:00:00,2024-10-26 20:00:00,DEV_007,26,60,56
DEV_007_2024-10-26 21:00:00,2024-10-26 21:00:00,DEV_007,23,14,62
DEV_007_2024-10-26 22:00:00,2024-10-26 22:00:00,DEV_007,67,30,40
DEV_007_2024-10-26 23:00:00,2024-10-26 23:00:00,DEV_007,86,67,19
DEV_007_2024-10-27 00:00:00,2024-10-27 00:00:00,DEV_007,98,13,67
DEV_007_2024-10-27 01:00:00,2024-10-27 01:00:00,DEV_007,72,51,47
DEV_007_2024-10-27 02:00:00,2024-10-27 02:00:00,DEV_007,7,71,68
DEV_007_2024-10-27 03:00:00,2024-10-27 03:00:00,DEV_007,68,41,48
DEV_007_2024-10-27 04:00:00,2024-10-27 04:00:00,DEV_007,18,43,36
DEV_007_2024-10-27 05:00:00,2024-10-27 05:00:00,DEV_007,68,87,95
DEV_007_2024-10-27 06:00:00,2024-10-27 06:00:00,DEV_007,96,28,96
DEV_007_2024-10-27 07:00:00,2024-10-27 07:00:00,DEV_007,51,4,80
DEV_007_2024-10-27 08:00:00,2024-10-27 08:00:00,DEV_007,9,86,90
DEV_007_2024-10-27 09:00:00,2024-10-27 09:00:00,DEV_007,66,52,41
DEV_007_2024-10-27 10:00:00,2024-10-27 10:00:00,DEV_007,75,15,92
DEV_007_2024-10-27 11:00:00,2024-10-27 11:00:00,DEV_007,84,67,69
DEV_007_2024-10-27 12:00:00,2024-10-27 12:00:00,DEV_007,25,37,4
DEV_007_2024-10-27 13:00:00,2024-10-27 13:00:00,DEV_007,76,92,69
DEV_007_2024-10-27 14:00:00,2024-10-27 14:00:00,DEV_007,86,15,53
DEV_007_2024-10-27 15:00:00,2024-10-27 15:00:00,DEV_007,84,10,48
DEV_007_2024-10-27 16:00:00,2024-10-27 16:00:00,DEV_007,86,51,71
DEV_007_2024-10-27 17:00:00,2024-10-27 17:00:00,DEV_007,37,40,70
DEV_007_2024-10-27 18:00:00,2024-10-27 18:00:00,DEV_007,88,98,85
DEV_007_2024-10-27 19:00:00,2024-10-27 19:00:00,DEV_007,34,2,13
DEV_007_2024-10-27 20:00:00,2024-10-27 20:00:00,DEV_007,22,47,46
DEV_007_2024-10-27 21:00:00,2024-10-27 21:00:00,DEV_007,45,96,40
DEV_007_2024-10-27 22:00:00,2024-10-27 22:00:00,DEV_007,99,10,82
DEV_007_2024-10-27 23:00:00,2024-10-27 23:00:00,DEV_007,86,28,76
DEV_007_2024-10-28 00:00:00,2024-10-28 00:00:00,DEV_007,80,38,95
DEV_007_2024-10-28 01:00:00,2024-10-28 01:00:00,DEV_007,40,38,11
DEV_007_2024-10-28 02:00:00,2024-10-28 02:00:00,DEV_007,4,71,41
DEV_007_2024-10-28 03:00:00,2024-10-28 03:00:00,DEV_007,7,88,77
DEV_007_2024-10-28 04:00:00,2024-10-28 04:00:00,DEV_007,17,98,85
DEV_007_2024-10-28 05:00:00,2024-10-28 05:00:00,DEV_007,41,34,9
DEV_007_2024-10-28 06:00:00,2024-10-28 06:00:00,DEV_007,20,82,10
DEV_007_2024-10-28 07:00:00,2024-10-28 07:00:00,DEV_007,23,94,3
DEV_007_2024-10-28 08:00:00,2024-10-28 08:00:00,DEV_007,46,38,81
DEV_007_2024-10-28 09:00:00,2024-10-28 09:00:00,DEV_007,83,44,85
DEV_007_2024-10-28 10:00:00,2024-10-28 10:00:00,DEV_007,53,22,18
DEV_007_2024-10-28 11:00:00,2024-10-28 11:00:00,DEV_007,79,4,95
DEV_007_2024-10-28 12:00:00,2024-10-28 12:00:00,DEV_007,54,5,61
DEV_007_2024-10-28 13:00:00,2024-10-28 13:00:00,DEV_007,26,57,41
DEV_007_2024-10-28 14:00:00,2024-10-28 14:00:00,DEV_007,24,74,33
DEV_007_2024-10-28 15:00:00,2024-10-28 15:00:00,DEV_007,71,44,94
DEV_007_2024-10-28 16:00:00,2024-10-28 16:00:00,DEV_007,66,92,24
DEV_007_2024-10-28 17:00:00,2024-10-28 17:00:00,DEV_007,47,92,27
DEV_007_2024-10-28 18:00:00,2024-10-28 18:00:00,DEV_007,95,14,30
DEV_007_2024-10-28 19:00:00,2024-10-28 19:00:00,DEV_007,32,34,74
DEV_007_2024-10-28 20:00:00,2024-10-28 20:00:00,DEV_007,47,46,35
DEV_007_2024-10-28 21:00:00,2024-10-28 21:00:00,DEV_007,37,29,74
DEV_007_2024-10-28 22:00:00,2024-10-28 22:00:00,DEV_007,80,57,58
DEV_007_2024-10-28 23:00:00,2024-10-28 23:00:00,DEV_007,11,96,49
DEV_007_2024-10-29 00:00:00,2024-10-29 00:00:00,DEV_007,42,97,54
DEV_007_2024-10-29 01:00:00,2024-10-29 01:00:00,DEV_007,49,75,36
DEV_007_2024-10-29 02:00:00,2024-10-29 02:00:00,DEV_007,58,1,9
DEV_007_2024-10-29 03:00:00,2024-10-29 03:00:00,DEV_007,1,36,91
DEV_007_2024-10-29 04:00:00,2024-10-29 04:00:00,DEV_007,9,90,53
DEV_007_2024-10-29 05:00:00,2024-10-29 05:00:00,DEV_007,57,61,92
DEV_007_2024-10-29 06:00:00,2024-10-29 06:00:00,DEV_007,73,14,51
DEV_007_2024-10-29 07:00:00,2024-10-29 07:00:00,DEV_007,54,29,61
DEV_007_2024-10-29 08:00:00,2024-10-29 08:00:00,DEV_007,69,5,90
DEV_007_2024-10-29 09:00:00,2024-10-29 09:00:00,DEV_007,13,61,48
DEV_007_2024-10-29 10:00:00,2024-10-29 10:00:00,DEV_007,95,98,58
DEV_007_2024-10-29 11:00:00,2024-10-29 11:00:00,DEV_007,34,83,87
DEV_007_2024-10-29 12:00:00,2024-10-29 12:00:00,DEV_007,23,2,36
DEV_007_2024-10-29 13:00:00,2024-10-29 13:00:00,DEV_007,3,41,83
DEV_007_2024-10-29 14:00:00,2024-10-29 14:00:00,DEV_007,94,41,39
DEV_007_2024-10-29 15:00:00,2024-10-29 15:00:00,DEV_007,73,40,32
DEV_007_2024-10-29 16:00:00,2024-10-29 16:00:00,DEV_007,40,18,24
DEV_007_2024-10-29 17:00:00,2024-10-29 17:00:00,DEV_007,18,4,6
DEV_007_2024-10-29 18:00:00,2024-10-29 18:00:00,DEV_007,50,26,73
DEV_007_2024-10-29 19:00:00,2024-10-29 19:00:00,DEV_007,54,57,1
DEV_007_2024-10-29 20:00:00,2024-10-29 20:00:00,DEV_007,87,73,92
DEV_007_2024-10-29 21:00:00,2024-10-29 21:00:00,DEV_007,14,22,69
DEV_007_2024-10-29 22:00:00,2024-10-29 22:00:00,DEV_007,79,15,35
DEV_007_2024-10-29 23:00:00,2024-10-29 23:00:00,DEV_007,31,89,74
DEV_007_2024-10-30 00:00:00,2024-10-30 00:00:00,DEV_007,38,51,35
DEV_007_2024-10-30 01:00:00,2024-10-30 01:00:00,DEV_007,99,58,54
DEV_007_2024-10-30 02:00:00,2024-10-30 02:00:00,DEV_007,6,46,81
DEV_007_2024-10-30 03:00:00,2024-10-30 03:00:00,DEV_007,63,72,37
DEV_007_2024-10-30 04:00:00,2024-10-30 04:00:00,DEV_007,62,31,71
DEV_007_2024-10-30 05:00:00,2024-10-30 05:00:00,DEV_007,54,64,34
DEV_007_2024-10-30 06:00:00,2024-10-30 06:00:00,DEV_007,17,62,64
DEV_007_2024-10-30 07:00:00,2024-10-30 07:00:00,DEV_007,70,13,78
DEV_007_2024-10-30 08:00:00,2024-10-30 08:00:00,DEV_007,22,90,72
DEV_007_2024-10-30 09:00:00,2024-10-30 09:00:00,DEV_007,60,76,11
DEV_007_2024-10-30 10:00:00,2024-10-30 10:00:00,DEV_007,73,53,51
DEV_007_2024-10-30 11:00:00,2024-10-30 11:00:00,DEV_007,51,97,83
DEV_007_2024-10-30 12:00:00,2024-10-30 12:00:00,DEV_007,10,67,98
DEV_007_2024-10-30 13:00:00,2024-10-30 13:00:00,DEV_007,61,32,56
DEV_007_2024-10-30 14:00:00,2024-10-30 14:00:00,DEV_007,53,31,46
DEV_007_2024-10-30 15:00:00,2024-10-30 15:00:00,DEV_007,25,95,91
DEV_007_2024-10-30 16:00:00,2024-10-30 16:00:00,DEV_007,33,52,79
DEV_007_2024-10-30 17:00:00,2024-10-30 17:00:00,DEV_007,36,42,60
DEV_007_2024-10-30 18:00:00,2024-10-30 18:00:00,DEV_007,85,34,19
DEV_007_2024-10-30 19:00:00,2024-10-30 19:00:00,DEV_007,72,82,76
DEV_007_2024-10-30 20:00:00,2024-10-30 20:00:00,DEV_007,86,77,12
DEV_007_2024-10-30 21:00:00,2024-10-30 21:00:00,DEV_007,67,86,38
DEV_007_2024-10-30 22:00:00,2024-10-30 22:00:00,DEV_007,14,54,58
DEV_007_2024-10-30 23:00:00,2024-10-30 23:00:00,DEV_007,62,45,9
DEV_007_2024-10-31 00:00:00,2024-10-31 00:00:00,DEV_007,68,65,59
DEV_007_2024-10-31 01:00:00,2024-10-31 01:00:00,DEV_007,4,80,27
DEV_007_2024-10-31 02:00:00,2024-10-31 02:00:00,DEV_007,57,59,44
DEV_007_2024-10-31 03:00:00,2024-10-31 03:00:00,DEV_007,86,2,25
DEV_007_2024-10-31 04:00:00,2024-10-31 04:00:00,DEV_007,80,54,34
DEV_007_2024-10-31 05:00:00,2024-10-31 05:00:00,DEV_007,92,22,10
DEV_007_2024-10-31 06:00:00,2024-10-31 06:00:00,DEV_007,4,12,86
DEV_007_2024-10-31 07:00:00,2024-10-31 07:00:00,DEV_007,54,26,19
DEV_007_2024-10-31 08:00:00,2024-10-31 08:00:00,DEV_007,50,95,41
DEV_007_2024-10-31 09:00:00,2024-10-31 09:00:00,DEV_007,81,99,35
DEV_007_2024-10-31 10:00:00,2024-10-31 10:00:00,DEV_007,13,48,96
DEV_007_2024-10-31 11:00:00,2024-10-31 11:00:00,DEV_007,66,18,96
DEV_007_2024-10-31 12:00:00,2024-10-31 12:00:00,DEV_007,1,95,36
DEV_007_2024-10-31 13:00:00,2024-10-31 13:00:00,DEV_007,82,51,34
DEV_007_2024-10-31 14:00:00,2024-10-31 14:00:00,DEV_007,44,34,64
DEV_007_2024-10-31 15:00:00,2024-10-31 15:00:00,DEV_007,65,36,33
DEV_007_2024-10-31 16:00:00,2024-10-31 16:00:00,DEV_007,57,11,32
DEV_007_2024-10-31 17:00:00,2024-10-31 17:00:00,DEV_007,85,37,83
DEV_007_2024-10-31 18:00:00,2024-10-31 18:00:00,DEV_007,45,87,45
DEV_007_2024-10-31 19:00:00,2024-10-31 19:00:00,DEV_007,16,94,95
DEV_007_2024-10-31 20:00:00,2024-10-31 20:00:00,DEV_007,2,82,73
DEV_007_2024-10-31 21:00:00,2024-10-31 21:00:00,DEV_007,78,64,7
DEV_007_2024-10-31 22:00:00,2024-10-31 22:00:00,DEV_007,25,10,55
DEV_007_2024-10-31 23:00:00,2024-10-31 23:00:00,DEV_007,4,99,93
DEV_007_2024-11-01 00:00:00,2024-11-01 00:00:00,DEV_007,13,62,59
DEV_007_2024-11-01 01:00:00,2024-11-01 01:00:00,DEV_007,15,78,86
DEV_007_2024-11-01 02:00:00,2024-11-01 02:00:00,DEV_007,73,25,62
DEV_007_2024-11-01 03:00:00,2024-11-01 03:00:00,DEV_007,67,41,73
DEV_007_2024-11-01 04:00:00,2024-11-01 04:00:00,DEV_007,91,82,83
DEV_007_2024-11-01 05:00:00,2024-11-01 05:00:00,DEV_007,61,50,3
DEV_007_2024-11-01 06:00:00,2024-11-01 06:00:00,DEV_007,93,15,4
DEV_007_2024-11-01 07:00:00,2024-11-01 07:00:00,DEV_007,70,52,73
DEV_007_2024-11-01 08:00:00,2024-11-01 08:00:00,DEV_007,81,95,20
DEV_007_2024-11-01 09:00:00,2024-11-01 09:00:00,DEV_007,50,92,3
DEV_007_2024-11-01 10:00:00,2024-11-01 10:00:00,DEV_007,50,85,69
DEV_007_2024-11-01 11:00:00,2024-11-01 11:00:00,DEV_007,5,87,54
DEV_007_2024-11-01 12:00:00,2024-11-01 12:00:00,DEV_007,57,12,90
DEV_007_2024-11-01 13:00:00,2024-11-01 13:00:00,DEV_007,20,2,19
DEV_007_2024-11-01 14:00:00,2024-11-01 14:00:00,DEV_007,5,82,85
DEV_007_2024-11-01 15:00:00,2024-11-01 15:00:00,DEV_007,6,13,28
DEV_007_2024-11-01 16:00:00,2024-11-01 16:00:00,DEV_007,8,91,77
DEV_007_2024-11-01 17:00:00,2024-11-01 17:00:00,DEV_007,28,93,1
DEV_007_2024-11-01 18:00:00,2024-11-01 18:00:00,DEV_007,78,74,85
DEV_007_2024-11-01 19:00:00,2024-11-01 19:00:00,DEV_007,45,42,27
DEV_007_2024-11-01 20:00:00,2024-11-01 20:00:00,DEV_007,85,62,52
DEV_007_2024-11-01 21:00:00,2024-11-01 21:00:00,DEV_007,17,64,92
DEV_007_2024-11-01 22:00:00,2024-11-01 22:00:00,DEV_007,52,46,30
DEV_007_2024-11-01 23:00:00,2024-11-01 23:00:00,DEV_007,91,84,36
DEV_007_2024-11-02 00:00:00,2024-11-02 00:00:00,DEV_007,96,57,43
DEV_007_2024-11-02 01:00:00,2024-11-02 01:00:00,DEV_007,5,35,51
DEV_007_2024-11-02 02:00:00,2024-11-02 02:00:00,DEV_007,39,55,22
DEV_007_2024-11-02 03:00:00,2024-11-02 03:00:00,DEV_007,9,42,12
DEV_007_2024-11-02 04:00:00,2024-11-02 04:00:00,DEV_007,80,9,82
DEV_007_2024-11-02 05:00:00,2024-11-02 05:00:00,DEV_007,54,94,3
DEV_007_2024-11-02 06:00:00,2024-11-02 06:00:00,DEV_007,97,28,80
DEV_007_2024-11-02 07:00:00,2024-11-02 07:00:00,DEV_007,28,89,41
DEV_007_2024-11-02 08:00:00,2024-11-02 08:00:00,DEV_007,30,99,90
DEV_007_2024-11-02 09:00:00,2024-11-02 09:00:00,DEV_007,42,69,35
DEV_007_2024-11-02 10:00:00,2024-11-02 10:00:00,DEV_007,29,77,26
DEV_007_2024-11-02 11:00:00,2024-11-02 11:00:00,DEV_007,73,98,84
DEV_007_2024-11-02 12:00:00,2024-11-02 12:00:00,DEV_007,56,24,46
DEV_007_2024-11-02 13:00:00,2024-11-02 13:00:00,DEV_007,97,38,47
DEV_007_2024-11-02 14:00:00,2024-11-02 14:00:00,DEV_007,18,10,96
DEV_007_2024-11-02 15:00:00,2024-11-02 15:00:00,DEV_007,97,42,61
DEV_007_2024-11-02 16:00:00,2024-11-02 16:00:00,DEV_007,81,78,40
DEV_007_2024-11-02 17:00:00,2024-11-02 17:00:00,DEV_007,21,3,87
DEV_007_2024-11-02 18:00:00,2024-11-02 18:00:00,DEV_007,92,9,53
DEV_007_2024-11-02 19:00:00,2024-11-02 19:00:00,DEV_007,43,64,62
DEV_007_2024-11-02 20:00:00,2024-11-02 20:00:00,DEV_007,21,64,5
DEV_007_2024-11-02 21:00:00,2024-11-02 21:00:00,DEV_007,55,57,44
DEV_007_2024-11-02 22:00:00,2024-11-02 22:00:00,DEV_007,11,98,74
DEV_007_2024-11-02 23:00:00,2024-11-02 23:00:00,DEV_007,11,73,2
DEV_007_2024-11-03 00:00:00,2024-11-03 00:00:00,DEV_007,85,75,71
DEV_007_2024-11-03 01:00:00,2024-11-03 01:00:00,DEV_007,74,33,98
DEV_007_2024-11-03 02:00:00,2024-11-03 02:00:00,DEV_007,54,78,80
DEV_007_2024-11-03 03:00:00,2024-11-03 03:00:00,DEV_007,15,7,27
DEV_007_2024-11-03 04:00:00,2024-11-03 04:00:00,DEV_007,75,98,39
DEV_007_2024-11-03 05:00:00,2024-11-03 05:00:00,DEV_007,23,61,4
DEV_007_2024-11-03 06:00:00,2024-11-03 06:00:00,DEV_007,52,21,35
DEV_007_2024-11-03 07:00:00,2024-11-03 07:00:00,DEV_007,37,88,54
DEV_007_2024-11-03 08:00:00,2024-11-03 08:00:00,DEV_007,44,80,75
DEV_007_2024-11-03 09:00:00,2024-11-03 09:00:00,DEV_007,52,32,54
DEV_007_2024-11-03 10:00:00,2024-11-03 10:00:00,DEV_007,1,84,39
DEV_007_2024-11-03 11:00:00,2024-11-03 11:00:00,DEV_007,62,29,73
DEV_007_2024-11-03 12:00:00,2024-11-03 12:00:00,DEV_007,62,35,38
DEV_007_2024-11-03 13:00:00,2024-11-03 13:00:00,DEV_007,70,77,75
DEV_007_2024-11-03 14:00:00,2024-11-03 14:00:00,DEV_007,91,49,6
DEV_007_2024-11-03 15:00:00,2024-11-03 15:00:00,DEV_007,27,56,75
DEV_007_2024-11-03 16:00:00,2024-11-03 16:00:00,DEV_007,79,26,88
DEV_007_2024-11-03 17:00:00,2024-11-03 17:00:00,DEV_007,90,44,67
DEV_007_2024-11-03 18:00:00,2024-11-03 18:00:00,DEV_007,92,64,21
DEV_007_2024-11-03 19:00:00,2024-11-03 19:00:00,DEV_007,26,96,27
DEV_007_2024-11-03 20:00:00,2024-11-03 20:00:00,DEV_007,20,94,25
DEV_007_2024-11-03 21:00:00,2024-11-03 21:00:00,DEV_007,42,11,87
DEV_007_2024-11-03 22:00:00,2024-11-03 22:00:00,DEV_007,92,71,41
DEV_007_2024-11-03 23:00:00,2024-11-03 23:00:00,DEV_007,68,57,43
DEV_007_2024-11-04 00:00:00,2024-11-04 00:00:00,DEV_007,66,14,67
DEV_007_2024-11-04 01:00:00,2024-11-04 01:00:00,DEV_007,27,66,80
DEV_007_2024-11-04 02:00:00,2024-11-04 02:00:00,DEV_007,71,50,52
DEV_007_2024-11-04 03:00:00,2024-11-04 03:00:00,DEV_007,49,54,76
DEV_007_2024-11-04 04:00:00,2024-11-04 04:00:00,DEV_007,30,50,69
DEV_007_2024-11-04 05:00:00,2024-11-04 05:00:00,DEV_007,92,43,90
DEV_007_2024-11-04 06:00:00,2024-11-04 06:00:00,DEV_007,35,21,40
DEV_007_2024-11-04 07:00:00,2024-11-04 07:00:00,DEV_007,68,86,26
DEV_007_2024-11-04 08:00:00,2024-11-04 08:00:00,DEV_007,44,59,62
DEV_007_2024-11-04 09:00:00,2024-11-04 09:00:00,DEV_007,7,41,2
DEV_007_2024-11-04 10:00:00,2024-11-04 10:00:00,DEV_007,55,60,6
DEV_007_2024-11-04 11:00:00,2024-11-04 11:00:00,DEV_007,70,63,58
DEV_007_2024-11-04 12:00:00,2024-11-04 12:00:00,DEV_007,30,75,93
DEV_007_2024-11-04 13:00:00,2024-11-04 13:00:00,DEV_007,60,62,6
DEV_007_2024-11-04 14:00:00,2024-11-04 14:00:00,DEV_007,95,72,88
DEV_007_2024-11-04 15:00:00,2024-11-04 15:00:00,DEV_007,16,82,7
DEV_007_2024-11-04 16:00:00,2024-11-04 16:00:00,DEV_007,49,8,95
DEV_007_2024-11-04 17:00:00,2024-11-04 17:00:00,DEV_007,84,9,53
DEV_007_2024-11-04 18:00:00,2024-11-04 18:00:00,DEV_007,68,23,39
DEV_007_2024-11-04 19:00:00,2024-11-04 19:00:00,DEV_007,90,88,59
DEV_007_2024-11-04 20:00:00,2024-11-04 20:00:00,DEV_007,99,77,43
DEV_007_2024-11-04 21:00:00,2024-11-04 21:00:00,DEV_007,9,98,23
DEV_007_2024-11-04 22:00:00,2024-11-04 22:00:00,DEV_007,58,98,74
DEV_007_2024-11-04 23:00:00,2024-11-04 23:00:00,DEV_007,42,95,42
DEV_007_2024-11-05 00:00:00,2024-11-05 00:00:00,DEV_007,19,87,92
DEV_007_2024-11-05 01:00:00,2024-11-05 01:00:00,DEV_007,45,10,64
DEV_007_2024-11-05 02:00:00,2024-11-05 02:00:00,DEV_007,34,1,43
DEV_007_2024-11-05 03:00:00,2024-11-05 03:00:00,DEV_007,85,50,96
DEV_007_2024-11-05 04:00:00,2024-11-05 04:00:00,DEV_007,45,51,9
DEV_007_2024-11-05 05:00:00,2024-11-05 05:00:00,DEV_007,11,77,91
DEV_007_2024-11-05 06:00:00,2024-11-05 06:00:00,DEV_007,53,37,82
DEV_007_2024-11-05 07:00:00,2024-11-05 07:00:00,DEV_007,82,11,29
DEV_007_2024-11-05 08:00:00,2024-11-05 08:00:00,DEV_007,47,86,95
DEV_007_2024-11-05 09:00:00,2024-11-05 09:00:00,DEV_007,10,44,2
DEV_007_2024-11-05 10:00:00,2024-11-05 10:00:00,DEV_007,7,60,55
DEV_007_2024-11-05 11:00:00,2024-11-05 11:00:00,DEV_007,64,4,40
DEV_007_2024-11-05 12:00:00,2024-11-05 12:00:00,DEV_007,70,54,79
DEV_007_2024-11-05 13:00:00,2024-11-05 13:00:00,DEV_007,28,2,43
DEV_007_2024-11-05 14:00:00,2024-11-05 14:00:00,DEV_007,19,90,46
DEV_007_2024-11-05 15:00:00,2024-11-05 15:00:00,DEV_007,16,89,33
DEV_007_2024-11-05 16:00:00,2024-11-05 16:00:00,DEV_007,28,88,92
DEV_007_2024-11-05 17:00:00,2024-11-05 17:00:00,DEV_007,88,88,31
DEV_007_2024-11-05 18:00:00,2024-11-05 18:00:00,DEV_007,61,76,42
DEV_007_2024-11-05 19:00:00,2024-11-05 19:00:00,DEV_007,71,28,27
DEV_007_2024-11-05 20:00:00,2024-11-05 20:00:00,DEV_007,26,58,61
DEV_007_2024-11-05 21:00:00,2024-11-05 21:00:00,DEV_007,10,97,26
DEV_007_2024-11-05 22:00:00,2024-11-05 22:00:00,DEV_007,71,88,72
DEV_007_2024-11-05 23:00:00,2024-11-05 23:00:00,DEV_007,37,4,73
DEV_007_2024-11-06 00:00:00,2024-11-06 00:00:00,DEV_007,57,22,45
DEV_007_2024-11-06 01:00:00,2024-11-06 01:00:00,DEV_007,56,11,79
DEV_007_2024-11-06 02:00:00,2024-11-06 02:00:00,DEV_007,19,18,12
DEV_007_2024-11-06 03:00:00,2024-11-06 03:00:00,DEV_007,23,60,97
DEV_007_2024-11-06 04:00:00,2024-11-06 04:00:00,DEV_007,82,82,40
DEV_007_2024-11-06 05:00:00,2024-11-06 05:00:00,DEV_007,77,60,94
DEV_007_2024-11-06 06:00:00,2024-11-06 06:00:00,DEV_007,44,54,54
DEV_007_2024-11-06 07:00:00,2024-11-06 07:00:00,DEV_007,87,85,67
DEV_007_2024-11-06 08:00:00,2024-11-06 08:00:00,DEV_007,51,18,93
DEV_007_2024-11-06 09:00:00,2024-11-06 09:00:00,DEV_007,84,6,51
DEV_007_2024-11-06 10:00:00,2024-11-06 10:00:00,DEV_007,74,74,37
DEV_007_2024-11-06 11:00:00,2024-11-06 11:00:00,DEV_007,79,8,71
DEV_007_2024-11-06 12:00:00,2024-11-06 12:00:00,DEV_007,50,61,47
DEV_007_2024-11-06 13:00:00,2024-11-06 13:00:00,DEV_007,20,92,71
DEV_007_2024-11-06 14:00:00,2024-11-06 14:00:00,DEV_007,90,1,24
DEV_007_2024-11-06 15:00:00,2024-11-06 15:00:00,DEV_007,54,53,53
DEV_007_2024-11-06 16:00:00,2024-11-06 16:00:00,DEV_007,73,74,64
DEV_007_2024-11-06 17:00:00,2024-11-06 17:00:00,DEV_007,67,86,42
DEV_007_2024-11-06 18:00:00,2024-11-06 18:00:00,DEV_007,45,8,83
DEV_007_2024-11-06 19:00:00,2024-11-06 19:00:00,DEV_007,47,21,55
DEV_007_2024-11-06 20:00:00,2024-11-06 20:00:00,DEV_007,59,87,46
DEV_007_2024-11-06 21:00:00,2024-11-06 21:00:00,DEV_007,11,37,58
DEV_007_2024-11-06 22:00:00,2024-11-06 22:00:00,DEV_007,54,20,87
DEV_007_2024-11-06 23:00:00,2024-11-06 23:00:00,DEV_007,86,19,68
DEV_007_2024-11-07 00:00:00,2024-11-07 00:00:00,DEV_007,3,49,56
DEV_007_2024-11-07 01:00:00,2024-11-07 01:00:00,DEV_007,13,91,71
DEV_007_2024-11-07 02:00:00,2024-11-07 02:00:00,DEV_007,91,7,63
DEV_007_2024-11-07 03:00:00,2024-11-07 03:00:00,DEV_007,64,79,62
DEV_007_2024-11-07 04:00:00,2024-11-07 04:00:00,DEV_007,2,52,47
DEV_007_2024-11-07 05:00:00,2024-11-07 05:00:00,DEV_007,77,44,55
DEV_007_2024-11-07 06:00:00,2024-11-07 06:00:00,DEV_007,21,48,92
DEV_007_2024-11-07 07:00:00,2024-11-07 07:00:00,DEV_007,72,89,98
DEV_007_2024-11-07 08:00:00,2024-11-07 08:00:00,DEV_007,86,81,49
DEV_007_2024-11-07 09:00:00,2024-11-07 09:00:00,DEV_007,14,68,99
DEV_007_2024-11-07 10:00:00,2024-11-07 10:00:00,DEV_007,96,4,88
DEV_007_2024-11-07 11:00:00,2024-11-07 11:00:00,DEV_007,24,20,54
DEV_007_2024-11-07 12:00:00,2024-11-07 12:00:00,DEV_007,34,23,79
DEV_007_2024-11-07 13:00:00,2024-11-07 13:00:00,DEV_007,72,68,37
DEV_007_2024-11-07 14:00:00,2024-11-07 14:00:00,DEV_007,19,30,78
DEV_007_2024-11-07 15:00:00,2024-11-07 15:00:00,DEV_007,25,45,8
DEV_007_2024-11-07 16:00:00,2024-11-07 16:00:00,DEV_007,18,13,60
DEV_007_2024-11-07 17:00:00,2024-11-07 17:00:00,DEV_007,89,18,26
DEV_007_2024-11-07 18:00:00,2024-11-07 18:00:00,DEV_007,15,46,51
DEV_007_2024-11-07 19:00:00,2024-11-07 19:00:00,DEV_007,53,99,43
DEV_007_2024-11-07 20:00:00,2024-11-07 20:00:00,DEV_007,8,26,86
DEV_007_2024-11-07 21:00:00,2024-11-07 21:00:00,DEV_007,92,12,48
DEV_007_2024-11-07 22:00:00,2024-11-07 22:00:00,DEV_007,6,63,9
DEV_007_2024-11-07 23:00:00,2024-11-07 23:00:00,DEV_007,9,47,80
DEV_007_2024-11-08 00:00:00,2024-11-08 00:00:00,DEV_007,91,76,35
DEV_007_2024-11-08 01:00:00,2024-11-08 01:00:00,DEV_007,61,78,38
DEV_007_2024-11-08 02:00:00,2024-11-08 02:00:00,DEV_007,30,21,20
DEV_007_2024-11-08 03:00:00,2024-11-08 03:00:00,DEV_007,23,24,75
DEV_007_2024-11-08 04:00:00,2024-11-08 04:00:00,DEV_007,10,37,99
DEV_007_2024-11-08 05:00:00,2024-11-08 05:00:00,DEV_007,14,64,54
DEV_007_2024-11-08 06:00:00,2024-11-08 06:00:00,DEV_007,15,66,7
DEV_007_2024-11-08 07:00:00,2024-11-08 07:00:00,DEV_007,56,24,99
DEV_007_2024-11-08 08:00:00,2024-11-08 08:00:00,DEV_007,88,2,25
DEV_007_2024-11-08 09:00:00,2024-11-08 09:00:00,DEV_007,41,24,80
DEV_007_2024-11-08 10:00:00,2024-11-08 10:00:00,DEV_007,19,27,46
DEV_007_2024-11-08 11:00:00,2024-11-08 11:00:00,DEV_007,2,32,21
DEV_007_2024-11-08 12:00:00,2024-11-08 12:00:00,DEV_007,3,43,15
DEV_007_2024-11-08 13:00:00,2024-11-08 13:00:00,DEV_007,21,8,91
DEV_007_2024-11-08 14:00:00,2024-11-08 14:00:00,DEV_007,75,42,3
DEV_007_2024-11-08 15:00:00,2024-11-08 15:00:00,DEV_007,12,22,29
DEV_007_2024-11-08 16:00:00,2024-11-08 16:00:00,DEV_007,67,30,12
DEV_007_2024-11-08 17:00:00,2024-11-08 17:00:00,DEV_007,81,38,77
DEV_007_2024-11-08 18:00:00,2024-11-08 18:00:00,DEV_007,36,31,84
DEV_007_2024-11-08 19:00:00,2024-11-08 19:00:00,DEV_007,51,34,86
DEV_007_2024-11-08 20:00:00,2024-11-08 20:00:00,DEV_007,39,14,3
DEV_007_2024-11-08 21:00:00,2024-11-08 21:00:00,DEV_007,80,65,53
DEV_007_2024-11-08 22:00:00,2024-11-08 22:00:00,DEV_007,73,4,68
DEV_007_2024-11-08 23:00:00,2024-11-08 23:00:00,DEV_007,28,5,67
DEV_007_2024-11-09 00:00:00,2024-11-09 00:00:00,DEV_007,37,62,10
DEV_007_2024-11-09 01:00:00,2024-11-09 01:00:00,DEV_007,66,60,19
DEV_007_2024-11-09 02:00:00,2024-11-09 02:00:00,DEV_007,20,65,21
DEV_007_2024-11-09 03:00:00,2024-11-09 03:00:00,DEV_007,23,15,65
DEV_007_2024-11-09 04:00:00,2024-11-09 04:00:00,DEV_007,16,79,20
DEV_007_2024-11-09 05:00:00,2024-11-09 05:00:00,DEV_007,18,4,65
DEV_007_2024-11-09 06:00:00,2024-11-09 06:00:00,DEV_007,75,25,3
DEV_007_2024-11-09 07:00:00,2024-11-09 07:00:00,DEV_007,99,85,82
DEV_007_2024-11-09 08:00:00,2024-11-09 08:00:00,DEV_007,1,4,29
DEV_007_2024-11-09 09:00:00,2024-11-09 09:00:00,DEV_007,79,78,75
DEV_007_2024-11-09 10:00:00,2024-11-09 10:00:00,DEV_007,43,87,71
DEV_007_2024-11-09 11:00:00,2024-11-09 11:00:00,DEV_007,46,82,71
DEV_007_2024-11-09 12:00:00,2024-11-09 12:00:00,DEV_007,9,25,22
DEV_007_2024-11-09 13:00:00,2024-11-09 13:00:00,DEV_007,19,42,10
DEV_007_2024-11-09 14:00:00,2024-11-09 14:00:00,DEV_007,16,33,6
DEV_007_2024-11-09 15:00:00,2024-11-09 15:00:00,DEV_007,73,96,16
DEV_007_2024-11-09 16:00:00,2024-11-09 16:00:00,DEV_007,99,99,11
DEV_007_2024-11-09 17:00:00,2024-11-09 17:00:00,DEV_007,32,28,94
DEV_007_2024-11-09 18:00:00,2024-11-09 18:00:00,DEV_007,59,86,56
DEV_007_2024-11-09 19:00:00,2024-11-09 19:00:00,DEV_007,24,58,2
DEV_007_2024-11-09 20:00:00,2024-11-09 20:00:00,DEV_007,94,42,52
DEV_007_2024-11-09 21:00:00,2024-11-09 21:00:00,DEV_007,97,50,47
DEV_007_2024-11-09 22:00:00,2024-11-09 22:00:00,DEV_007,88,52,55
DEV_007_2024-11-09 23:00:00,2024-11-09 23:00:00,DEV_007,82,81,93
DEV_007_2024-11-10 00:00:00,2024-11-10 00:00:00,DEV_007,49,15,55
DEV_007_2024-11-10 01:00:00,2024-11-10 01:00:00,DEV_007,74,79,17
DEV_007_2024-11-10 02:00:00,2024-11-10 02:00:00,DEV_007,22,20,79
DEV_007_2024-11-10 03:00:00,2024-11-10 03:00:00,DEV_007,58,55,19
DEV_007_2024-11-10 04:00:00,2024-11-10 04:00:00,DEV_007,84,12,80
DEV_007_2024-11-10 05:00:00,2024-11-10 05:00:00,DEV_007,34,55,44
DEV_007_2024-11-10 06:00:00,2024-11-10 06:00:00,DEV_007,41,84,24
DEV_007_2024-11-10 07:00:00,2024-11-10 07:00:00,DEV_007,36,94,20
DEV_007_2024-11-10 08:00:00,2024-11-10 08:00:00,DEV_007,25,69,53
DEV_007_2024-11-10 09:00:00,2024-11-10 09:00:00,DEV_007,37,15,21
DEV_007_2024-11-10 10:00:00,2024-11-10 10:00:00,DEV_007,81,65,37
DEV_007_2024-11-10 11:00:00,2024-11-10 11:00:00,DEV_007,30,99,84
DEV_007_2024-11-10 12:00:00,2024-11-10 12:00:00,DEV_007,60,68,88
DEV_007_2024-11-10 13:00:00,2024-11-10 13:00:00,DEV_007,98,36,78
DEV_007_2024-11-10 14:00:00,2024-11-10 14:00:00,DEV_007,94,45,3
DEV_007_2024-11-10 15:00:00,2024-11-10 15:00:00,DEV_007,86,17,34
DEV_007_2024-11-10 16:00:00,2024-11-10 16:00:00,DEV_007,12,81,69
DEV_007_2024-11-10 17:00:00,2024-11-10 17:00:00,DEV_007,18,5,11
DEV_007_2024-11-10 18:00:00,2024-11-10 18:00:00,DEV_007,71,5,70
DEV_007_2024-11-10 19:00:00,2024-11-10 19:00:00,DEV_007,88,34,82
DEV_007_2024-11-10 20:00:00,2024-11-10 20:00:00,DEV_007,97,11,38
DEV_007_2024-11-10 21:00:00,2024-11-10 21:00:00,DEV_007,17,94,84
DEV_007_2024-11-10 22:00:00,2024-11-10 22:00:00,DEV_007,2,47,13
DEV_007_2024-11-10 23:00:00,2024-11-10 23:00:00,DEV_007,98,98,40
DEV_007_2024-11-11 00:00:00,2024-11-11 00:00:00,DEV_007,49,80,71
DEV_007_2024-11-11 01:00:00,2024-11-11 01:00:00,DEV_007,17,18,14
DEV_007_2024-11-11 02:00:00,2024-11-11 02:00:00,DEV_007,44,66,12
DEV_007_2024-11-11 03:00:00,2024-11-11 03:00:00,DEV_007,78,62,12
DEV_007_2024-11-11 04:00:00,2024-11-11 04:00:00,DEV_007,96,61,80
DEV_007_2024-11-11 05:00:00,2024-11-11 05:00:00,DEV_007,20,39,21
DEV_007_2024-11-11 06:00:00,2024-11-11 06:00:00,DEV_007,56,15,83
DEV_007_2024-11-11 07:00:00,2024-11-11 07:00:00,DEV_007,93,17,73
DEV_007_2024-11-11 08:00:00,2024-11-11 08:00:00,DEV_007,37,5,51
DEV_007_2024-11-11 09:00:00,2024-11-11 09:00:00,DEV_007,67,9,11
DEV_007_2024-11-11 10:00:00,2024-11-11 10:00:00,DEV_007,35,47,77
DEV_007_2024-11-11 11:00:00,2024-11-11 11:00:00,DEV_007,82,16,66
DEV_007_2024-11-11 12:00:00,2024-11-11 12:00:00,DEV_007,6,89,21
DEV_007_2024-11-11 13:00:00,2024-11-11 13:00:00,DEV_007,96,87,2
DEV_007_2024-11-11 14:00:00,2024-11-11 14:00:00,DEV_007,85,50,26
DEV_007_2024-11-11 15:00:00,2024-11-11 15:00:00,DEV_007,44,33,13
DEV_007_2024-11-11 16:00:00,2024-11-11 16:00:00,DEV_007,4,41,93
DEV_007_2024-11-11 17:00:00,2024-11-11 17:00:00,DEV_007,50,1,87
DEV_007_2024-11-11 18:00:00,2024-11-11 18:00:00,DEV_007,95,52,80
DEV_007_2024-11-11 19:00:00,2024-11-11 19:00:00,DEV_007,39,71,65
DEV_007_2024-11-11 20:00:00,2024-11-11 20:00:00,DEV_007,32,31,58
DEV_007_2024-11-11 21:00:00,2024-11-11 21:00:00,DEV_007,87,40,92
DEV_007_2024-11-11 22:00:00,2024-11-11 22:00:00,DEV_007,66,75,98
DEV_007_2024-11-11 23:00:00,2024-11-11 23:00:00,DEV_007,20,78,52
DEV_007_2024-11-12 00:00:00,2024-11-12 00:00:00,DEV_007,25,32,73
DEV_007_2024-11-12 01:00:00,2024-11-12 01:00:00,DEV_007,53,59,44
DEV_007_2024-11-12 02:00:00,2024-11-12 02:00:00,DEV_007,32,85,2
DEV_007_2024-11-12 03:00:00,2024-11-12 03:00:00,DEV_007,2,20,63
DEV_007_2024-11-12 04:00:00,2024-11-12 04:00:00,DEV_007,85,57,17
DEV_007_2024-11-12 05:00:00,2024-11-12 05:00:00,DEV_007,63,37,12
DEV_007_2024-11-12 06:00:00,2024-11-12 06:00:00,DEV_007,91,71,69
DEV_007_2024-11-12 07:00:00,2024-11-12 07:00:00,DEV_007,53,59,89
DEV_007_2024-11-12 08:00:00,2024-11-12 08:00:00,DEV_007,61,32,21
DEV_007_2024-11-12 09:00:00,2024-11-12 09:00:00,DEV_007,37,43,11
DEV_007_2024-11-12 10:00:00,2024-11-12 10:00:00,DEV_007,52,34,56
DEV_007_2024-11-12 11:00:00,2024-11-12 11:00:00,DEV_007,79,20,4
DEV_007_2024-11-12 12:00:00,2024-11-12 12:00:00,DEV_007,56,54,91
DEV_007_2024-11-12 13:00:00,2024-11-12 13:00:00,DEV_007,19,26,62
DEV_007_2024-11-12 14:00:00,2024-11-12 14:00:00,DEV_007,5,41,90
DEV_007_2024-11-12 15:00:00,2024-11-12 15:00:00,DEV_007,93,38,71
DEV_007_2024-11-12 16:00:00,2024-11-12 16:00:00,DEV_007,24,33,82
DEV_007_2024-11-12 17:00:00,2024-11-12 17:00:00,DEV_007,51,45,61
DEV_007_2024-11-12 18:00:00,2024-11-12 18:00:00,DEV_007,22,83,94
DEV_007_2024-11-12 19:00:00,2024-11-12 19:00:00,DEV_007,29,90,54
DEV_007_2024-11-12 20:00:00,2024-11-12 20:00:00,DEV_007,30,36,51
DEV_007_2024-11-12 21:00:00,2024-11-12 21:00:00,DEV_007,56,46,12
DEV_007_2024-11-12 22:00:00,2024-11-12 22:00:00,DEV_007,20,26,50
DEV_007_2024-11-12 23:00:00,2024-11-12 23:00:00,DEV_007,25,22,36
DEV_007_2024-11-13 00:00:00,2024-11-13 00:00:00,DEV_007,74,8,74
DEV_007_2024-11-13 01:00:00,2024-11-13 01:00:00,DEV_007,24,28,31
DEV_007_2024-11-13 02:00:00,2024-11-13 02:00:00,DEV_007,37,75,42
DEV_007_2024-11-13 03:00:00,2024-11-13 03:00:00,DEV_007,28,37,65
DEV_007_2024-11-13 04:00:00,2024-11-13 04:00:00,DEV_007,36,12,27
DEV_007_2024-11-13 05:00:00,2024-11-13 05:00:00,DEV_007,11,86,99
DEV_007_2024-11-13 06:00:00,2024-11-13 06:00:00,DEV_007,53,18,54
DEV_007_2024-11-13 07:00:00,2024-11-13 07:00:00,DEV_007,59,66,49
DEV_007_2024-11-13 08:00:00,2024-11-13 08:00:00,DEV_007,63,45,72
DEV_007_2024-11-13 09:00:00,2024-11-13 09:00:00,DEV_007,37,13,97
DEV_007_2024-11-13 10:00:00,2024-11-13 10:00:00,DEV_007,46,68,89
DEV_007_2024-11-13 11:00:00,2024-11-13 11:00:00,DEV_007,88,96,70
DEV_007_2024-11-13 12:00:00,2024-11-13 12:00:00,DEV_007,31,8,86
DEV_007_2024-11-13 13:00:00,2024-11-13 13:00:00,DEV_007,95,88,20
DEV_007_2024-11-13 14:00:00,2024-11-13 14:00:00,DEV_007,91,50,79
DEV_007_2024-11-13 15:00:00,2024-11-13 15:00:00,DEV_007,24,30,10
DEV_007_2024-11-13 16:00:00,2024-11-13 16:00:00,DEV_007,79,80,71
DEV_007_2024-11-13 17:00:00,2024-11-13 17:00:00,DEV_007,99,38,45
DEV_007_2024-11-13 18:00:00,2024-11-13 18:00:00,DEV_007,39,9,54
DEV_007_2024-11-13 19:00:00,2024-11-13 19:00:00,DEV_007,59,15,57
DEV_007_2024-11-13 20:00:00,2024-11-13 20:00:00,DEV_007,86,29,11
DEV_007_2024-11-13 21:00:00,2024-11-13 21:00:00,DEV_007,70,26,8
DEV_007_2024-11-13 22:00:00,2024-11-13 22:00:00,DEV_007,81,13,60
DEV_007_2024-11-13 23:00:00,2024-11-13 23:00:00,DEV_007,46,23,63
DEV_007_2024-11-14 00:00:00,2024-11-14 00:00:00,DEV_007,2,52,86
DEV_007_2024-11-14 01:00:00,2024-11-14 01:00:00,DEV_007,2,46,8
DEV_007_2024-11-14 02:00:00,2024-11-14 02:00:00,DEV_007,44,50,57
DEV_007_2024-11-14 03:00:00,2024-11-14 03:00:00,DEV_007,2,97,12
DEV_007_2024-11-14 04:00:00,2024-11-14 04:00:00,DEV_007,85,37,25
DEV_007_2024-11-14 05:00:00,2024-11-14 05:00:00,DEV_007,45,67,1
DEV_007_2024-11-14 06:00:00,2024-11-14 06:00:00,DEV_007,87,35,51
DEV_007_2024-11-14 07:00:00,2024-11-14 07:00:00,DEV_007,76,51,31
DEV_007_2024-11-14 08:00:00,2024-11-14 08:00:00,DEV_007,41,58,14
DEV_007_2024-11-14 09:00:00,2024-11-14 09:00:00,DEV_007,9,22,11
DEV_007_2024-11-14 10:00:00,2024-11-14 10:00:00,DEV_007,91,57,72
DEV_007_2024-11-14 11:00:00,2024-11-14 11:00:00,DEV_007,33,93,24
DEV_007_2024-11-14 12:00:00,2024-11-14 12:00:00,DEV_007,34,57,56
DEV_007_2024-11-14 13:00:00,2024-11-14 13:00:00,DEV_007,52,70,68
DEV_007_2024-11-14 14:00:00,2024-11-14 14:00:00,DEV_007,83,58,71
DEV_007_2024-11-14 15:00:00,2024-11-14 15:00:00,DEV_007,97,4,29
DEV_007_2024-11-14 16:00:00,2024-11-14 16:00:00,DEV_007,36,80,78
DEV_007_2024-11-14 17:00:00,2024-11-14 17:00:00,DEV_007,47,23,82
DEV_007_2024-11-14 18:00:00,2024-11-14 18:00:00,DEV_007,1,82,74
DEV_007_2024-11-14 19:00:00,2024-11-14 19:00:00,DEV_007,38,95,81
DEV_007_2024-11-14 20:00:00,2024-11-14 20:00:00,DEV_007,9,14,5
DEV_007_2024-11-14 21:00:00,2024-11-14 21:00:00,DEV_007,20,44,32
DEV_007_2024-11-14 22:00:00,2024-11-14 22:00:00,DEV_007,16,27,21
DEV_007_2024-11-14 23:00:00,2024-11-14 23:00:00,DEV_007,33,25,42
DEV_007_2024-11-15 00:00:00,2024-11-15 00:00:00,DEV_007,84,3,7
DEV_007_2024-11-15 01:00:00,2024-11-15 01:00:00,DEV_007,73,6,10
DEV_007_2024-11-15 02:00:00,2024-11-15 02:00:00,DEV_007,63,17,23
DEV_007_2024-11-15 03:00:00,2024-11-15 03:00:00,DEV_007,28,4,32
DEV_007_2024-11-15 04:00:00,2024-11-15 04:00:00,DEV_007,56,1,5
DEV_007_2024-11-15 05:00:00,2024-11-15 05:00:00,DEV_007,76,46,1
DEV_007_2024-11-15 06:00:00,2024-11-15 06:00:00,DEV_007,70,68,94
DEV_007_2024-11-15 07:00:00,2024-11-15 07:00:00,DEV_007,11,81,60
DEV_007_2024-11-15 08:00:00,2024-11-15 08:00:00,DEV_007,38,28,70
DEV_007_2024-11-15 09:00:00,2024-11-15 09:00:00,DEV_007,98,18,41
DEV_007_2024-11-15 10:00:00,2024-11-15 10:00:00,DEV_007,51,48,92
DEV_007_2024-11-15 11:00:00,2024-11-15 11:00:00,DEV_007,73,26,5
DEV_007_2024-11-15 12:00:00,2024-11-15 12:00:00,DEV_007,65,51,70
DEV_007_2024-11-15 13:00:00,2024-11-15 13:00:00,DEV_007,70,71,61
DEV_007_2024-11-15 14:00:00,2024-11-15 14:00:00,DEV_007,70,10,64
DEV_007_2024-11-15 15:00:00,2024-11-15 15:00:00,DEV_007,43,96,20
DEV_007_2024-11-15 16:00:00,2024-11-15 16:00:00,DEV_007,67,98,13
DEV_007_2024-11-15 17:00:00,2024-11-15 17:00:00,DEV_007,81,46,90
DEV_007_2024-11-15 18:00:00,2024-11-15 18:00:00,DEV_007,42,21,51
DEV_007_2024-11-15 19:00:00,2024-11-15 19:00:00,DEV_007,69,42,45
DEV_007_2024-11-15 20:00:00,2024-11-15 20:00:00,DEV_007,95,63,12
DEV_007_2024-11-15 21:00:00,2024-11-15 21:00:00,DEV_007,89,9,73
DEV_007_2024-11-15 22:00:00,2024-11-15 22:00:00,DEV_007,58,17,77
DEV_007_2024-11-15 23:00:00,2024-11-15 23:00:00,DEV_007,68,5,25
DEV_007_2024-11-16 00:00:00,2024-11-16 00:00:00,DEV_007,88,58,36
DEV_007_2024-11-16 01:00:00,2024-11-16 01:00:00,DEV_007,95,69,75
DEV_007_2024-11-16 02:00:00,2024-11-16 02:00:00,DEV_007,43,12,28
DEV_007_2024-11-16 03:00:00,2024-11-16 03:00:00,DEV_007,44,5,28
DEV_007_2024-11-16 04:00:00,2024-11-16 04:00:00,DEV_007,44,86,42
DEV_007_2024-11-16 05:00:00,2024-11-16 05:00:00,DEV_007,26,90,46
DEV_007_2024-11-16 06:00:00,2024-11-16 06:00:00,DEV_007,49,80,83
DEV_007_2024-11-16 07:00:00,2024-11-16 07:00:00,DEV_007,14,81,35
DEV_007_2024-11-16 08:00:00,2024-11-16 08:00:00,DEV_007,34,43,40
DEV_007_2024-11-16 09:00:00,2024-11-16 09:00:00,DEV_007,65,67,44
DEV_007_2024-11-16 10:00:00,2024-11-16 10:00:00,DEV_007,59,1,67
DEV_007_2024-11-16 11:00:00,2024-11-16 11:00:00,DEV_007,79,34,97
DEV_007_2024-11-16 12:00:00,2024-11-16 12:00:00,DEV_007,98,94,76
DEV_007_2024-11-16 13:00:00,2024-11-16 13:00:00,DEV_007,38,19,11
DEV_007_2024-11-16 14:00:00,2024-11-16 14:00:00,DEV_007,70,82,90
DEV_007_2024-11-16 15:00:00,2024-11-16 15:00:00,DEV_007,34,50,45
DEV_007_2024-11-16 16:00:00,2024-11-16 16:00:00,DEV_007,21,57,28
DEV_007_2024-11-16 17:00:00,2024-11-16 17:00:00,DEV_007,15,96,83
DEV_007_2024-11-16 18:00:00,2024-11-16 18:00:00,DEV_007,5,81,43
DEV_007_2024-11-16 19:00:00,2024-11-16 19:00:00,DEV_007,76,4,55
DEV_007_2024-11-16 20:00:00,2024-11-16 20:00:00,DEV_007,48,98,41
DEV_007_2024-11-16 21:00:00,2024-11-16 21:00:00,DEV_007,35,97,82
DEV_007_2024-11-16 22:00:00,2024-11-16 22:00:00,DEV_007,51,70,90
DEV_007_2024-11-16 23:00:00,2024-11-16 23:00:00,DEV_007,13,34,6
DEV_007_2024-11-17 00:00:00,2024-11-17 00:00:00,DEV_007,39,84,62
DEV_007_2024-11-17 01:00:00,2024-11-17 01:00:00,DEV_007,69,5,26
DEV_007_2024-11-17 02:00:00,2024-11-17 02:00:00,DEV_007,27,92,48
DEV_007_2024-11-17 03:00:00,2024-11-17 03:00:00,DEV_007,86,71,20
DEV_007_2024-11-17 04:00:00,2024-11-17 04:00:00,DEV_007,60,95,36
DEV_007_2024-11-17 05:00:00,2024-11-17 05:00:00,DEV_007,24,30,46
DEV_007_2024-11-17 06:00:00,2024-11-17 06:00:00,DEV_007,70,35,71
DEV_007_2024-11-17 07:00:00,2024-11-17 07:00:00,DEV_007,56,54,5
DEV_007_2024-11-17 08:00:00,2024-11-17 08:00:00,DEV_007,31,98,8
DEV_007_2024-11-17 09:00:00,2024-11-17 09:00:00,DEV_007,79,20,11
DEV_007_2024-11-17 10:00:00,2024-11-17 10:00:00,DEV_007,29,28,18
DEV_007_2024-11-17 11:00:00,2024-11-17 11:00:00,DEV_007,56,96,48
DEV_007_2024-11-17 12:00:00,2024-11-17 12:00:00,DEV_007,19,84,45
DEV_007_2024-11-17 13:00:00,2024-11-17 13:00:00,DEV_007,65,76,36
DEV_007_2024-11-17 14:00:00,2024-11-17 14:00:00,DEV_007,68,87,16
DEV_007_2024-11-17 15:00:00,2024-11-17 15:00:00,DEV_007,24,49,83
DEV_007_2024-11-17 16:00:00,2024-11-17 16:00:00,DEV_007,33,81,67
DEV_007_2024-11-17 17:00:00,2024-11-17 17:00:00,DEV_007,18,56,79
DEV_007_2024-11-17 18:00:00,2024-11-17 18:00:00,DEV_007,14,49,94
DEV_007_2024-11-17 19:00:00,2024-11-17 19:00:00,DEV_007,89,61,8
DEV_007_2024-11-17 20:00:00,2024-11-17 20:00:00,DEV_007,90,10,10
DEV_007_2024-11-17 21:00:00,2024-11-17 21:00:00,DEV_007,46,51,14
DEV_007_2024-11-17 22:00:00,2024-11-17 22:00:00,DEV_007,68,30,24
DEV_007_2024-11-17 23:00:00,2024-11-17 23:00:00,DEV_007,2,18,16
DEV_007_2024-11-18 00:00:00,2024-11-18 00:00:00,DEV_007,94,10,48
DEV_007_2024-11-18 01:00:00,2024-11-18 01:00:00,DEV_007,68,88,65
DEV_007_2024-11-18 02:00:00,2024-11-18 02:00:00,DEV_007,89,29,54
DEV_007_2024-11-18 03:00:00,2024-11-18 03:00:00,DEV_007,89,98,91
DEV_007_2024-11-18 04:00:00,2024-11-18 04:00:00,DEV_007,5,86,19
DEV_007_2024-11-18 05:00:00,2024-11-18 05:00:00,DEV_007,51,22,8
DEV_007_2024-11-18 06:00:00,2024-11-18 06:00:00,DEV_007,89,36,91
DEV_007_2024-11-18 07:00:00,2024-11-18 07:00:00,DEV_007,63,19,48
DEV_007_2024-11-18 08:00:00,2024-11-18 08:00:00,DEV_007,59,29,93
DEV_007_2024-11-18 09:00:00,2024-11-18 09:00:00,DEV_007,80,59,33
DEV_007_2024-11-18 10:00:00,2024-11-18 10:00:00,DEV_007,58,85,81
DEV_007_2024-11-18 11:00:00,2024-11-18 11:00:00,DEV_007,61,99,91
DEV_007_2024-11-18 12:00:00,2024-11-18 12:00:00,DEV_007,50,38,46
DEV_007_2024-11-18 13:00:00,2024-11-18 13:00:00,DEV_007,3,22,91
DEV_007_2024-11-18 14:00:00,2024-11-18 14:00:00,DEV_007,17,63,8
DEV_007_2024-11-18 15:00:00,2024-11-18 15:00:00,DEV_007,66,84,78
DEV_007_2024-11-18 16:00:00,2024-11-18 16:00:00,DEV_007,75,69,70
DEV_007_2024-11-18 17:00:00,2024-11-18 17:00:00,DEV_007,26,31,97
DEV_007_2024-11-18 18:00:00,2024-11-18 18:00:00,DEV_007,50,60,29
DEV_007_2024-11-18 19:00:00,2024-11-18 19:00:00,DEV_007,91,57,1
DEV_007_2024-11-18 20:00:00,2024-11-18 20:00:00,DEV_007,7,30,51
DEV_007_2024-11-18 21:00:00,2024-11-18 21:00:00,DEV_007,50,5,62
DEV_007_2024-11-18 22:00:00,2024-11-18 22:00:00,DEV_007,8,83,30
DEV_007_2024-11-18 23:00:00,2024-11-18 23:00:00,DEV_007,39,56,11
DEV_007_2024-11-19 00:00:00,2024-11-19 00:00:00,DEV_007,24,79,66
DEV_007_2024-11-19 01:00:00,2024-11-19 01:00:00,DEV_007,82,61,92
DEV_007_2024-11-19 02:00:00,2024-11-19 02:00:00,DEV_007,41,37,40
DEV_007_2024-11-19 03:00:00,2024-11-19 03:00:00,DEV_007,23,84,49
DEV_007_2024-11-19 04:00:00,2024-11-19 04:00:00,DEV_007,2,22,68
DEV_007_2024-11-19 05:00:00,2024-11-19 05:00:00,DEV_007,85,7,34
DEV_007_2024-11-19 06:00:00,2024-11-19 06:00:00,DEV_007,54,93,90
DEV_007_2024-11-19 07:00:00,2024-11-19 07:00:00,DEV_007,5,76,30
DEV_007_2024-11-19 08:00:00,2024-11-19 08:00:00,DEV_007,64,50,23
DEV_007_2024-11-19 09:00:00,2024-11-19 09:00:00,DEV_007,65,62,58
DEV_007_2024-11-19 10:00:00,2024-11-19 10:00:00,DEV_007,36,42,96
DEV_007_2024-11-19 11:00:00,2024-11-19 11:00:00,DEV_007,71,21,18
DEV_007_2024-11-19 12:00:00,2024-11-19 12:00:00,DEV_007,71,84,40
DEV_007_2024-11-19 13:00:00,2024-11-19 13:00:00,DEV_007,44,53,51
DEV_007_2024-11-19 14:00:00,2024-11-19 14:00:00,DEV_007,39,57,4
DEV_007_2024-11-19 15:00:00,2024-11-19 15:00:00,DEV_007,20,5,10
DEV_007_2024-11-19 16:00:00,2024-11-19 16:00:00,DEV_007,41,58,70
DEV_007_2024-11-19 17:00:00,2024-11-19 17:00:00,DEV_007,23,69,23
DEV_007_2024-11-19 18:00:00,2024-11-19 18:00:00,DEV_007,76,91,90
DEV_007_2024-11-19 19:00:00,2024-11-19 19:00:00,DEV_007,47,10,5
DEV_007_2024-11-19 20:00:00,2024-11-19 20:00:00,DEV_007,54,26,62
DEV_007_2024-11-19 21:00:00,2024-11-19 21:00:00,DEV_007,94,29,16
DEV_007_2024-11-19 22:00:00,2024-11-19 22:00:00,DEV_007,21,7,50
DEV_007_2024-11-19 23:00:00,2024-11-19 23:00:00,DEV_007,21,36,36
DEV_007_2024-11-20 00:00:00,2024-11-20 00:00:00,DEV_007,13,80,81
DEV_007_2024-11-20 01:00:00,2024-11-20 01:00:00,DEV_007,71,80,32
DEV_007_2024-11-20 02:00:00,2024-11-20 02:00:00,DEV_007,54,38,14
DEV_007_2024-11-20 03:00:00,2024-11-20 03:00:00,DEV_007,80,11,78
DEV_007_2024-11-20 04:00:00,2024-11-20 04:00:00,DEV_007,32,62,77
DEV_007_2024-11-20 05:00:00,2024-11-20 05:00:00,DEV_007,65,39,94
DEV_007_2024-11-20 06:00:00,2024-11-20 06:00:00,DEV_007,24,81,79
DEV_007_2024-11-20 07:00:00,2024-11-20 07:00:00,DEV_007,41,95,94
DEV_007_2024-11-20 08:00:00,2024-11-20 08:00:00,DEV_007,42,69,73
DEV_007_2024-11-20 09:00:00,2024-11-20 09:00:00,DEV_007,68,68,65
DEV_007_2024-11-20 10:00:00,2024-11-20 10:00:00,DEV_007,62,88,96
DEV_007_2024-11-20 11:00:00,2024-11-20 11:00:00,DEV_007,75,58,23
DEV_007_2024-11-20 12:00:00,2024-11-20 12:00:00,DEV_007,11,90,6
DEV_007_2024-11-20 13:00:00,2024-11-20 13:00:00,DEV_007,85,47,83
DEV_007_2024-11-20 14:00:00,2024-11-20 14:00:00,DEV_007,91,28,66
DEV_007_2024-11-20 15:00:00,2024-11-20 15:00:00,DEV_007,99,24,82
DEV_007_2024-11-20 16:00:00,2024-11-20 16:00:00,DEV_007,71,42,12
DEV_007_2024-11-20 17:00:00,2024-11-20 17:00:00,DEV_007,11,54,50
DEV_007_2024-11-20 18:00:00,2024-11-20 18:00:00,DEV_007,29,86,60
DEV_007_2024-11-20 19:00:00,2024-11-20 19:00:00,DEV_007,54,3,24
DEV_007_2024-11-20 20:00:00,2024-11-20 20:00:00,DEV_007,55,93,91
DEV_007_2024-11-20 21:00:00,2024-11-20 21:00:00,DEV_007,49,63,40
DEV_007_2024-11-20 22:00:00,2024-11-20 22:00:00,DEV_007,61,98,79
DEV_007_2024-11-20 23:00:00,2024-11-20 23:00:00,DEV_007,82,75,88
DEV_007_2024-11-21 00:00:00,2024-11-21 00:00:00,DEV_007,15,87,77
DEV_007_2024-11-21 01:00:00,2024-11-21 01:00:00,DEV_007,4,99,41
DEV_007_2024-11-21 02:00:00,2024-11-21 02:00:00,DEV_007,8,94,16
DEV_007_2024-11-21 03:00:00,2024-11-21 03:00:00,DEV_007,71,89,19
DEV_007_2024-11-21 04:00:00,2024-11-21 04:00:00,DEV_007,17,30,38
DEV_007_2024-11-21 05:00:00,2024-11-21 05:00:00,DEV_007,15,92,37
DEV_007_2024-11-21 06:00:00,2024-11-21 06:00:00,DEV_007,84,24,3
DEV_007_2024-11-21 07:00:00,2024-11-21 07:00:00,DEV_007,2,8,44
DEV_007_2024-11-21 08:00:00,2024-11-21 08:00:00,DEV_007,14,49,77
DEV_007_2024-11-21 09:00:00,2024-11-21 09:00:00,DEV_007,10,67,16
DEV_007_2024-11-21 10:00:00,2024-11-21 10:00:00,DEV_007,25,27,81
DEV_007_2024-11-21 11:00:00,2024-11-21 11:00:00,DEV_007,94,84,83
DEV_007_2024-11-21 12:00:00,2024-11-21 12:00:00,DEV_007,65,91,61
DEV_007_2024-11-21 13:00:00,2024-11-21 13:00:00,DEV_007,88,61,42
DEV_007_2024-11-21 14:00:00,2024-11-21 14:00:00,DEV_007,93,85,94
DEV_007_2024-11-21 15:00:00,2024-11-21 15:00:00,DEV_007,19,25,13
DEV_007_2024-11-21 16:00:00,2024-11-21 16:00:00,DEV_007,99,88,46
DEV_007_2024-11-21 17:00:00,2024-11-21 17:00:00,DEV_007,28,88,11
DEV_007_2024-11-21 18:00:00,2024-11-21 18:00:00,DEV_007,59,65,90
DEV_007_2024-11-21 19:00:00,2024-11-21 19:00:00,DEV_007,79,84,56
DEV_007_2024-11-21 20:00:00,2024-11-21 20:00:00,DEV_007,78,9,60
DEV_007_2024-11-21 21:00:00,2024-11-21 21:00:00,DEV_007,46,93,22
DEV_007_2024-11-21 22:00:00,2024-11-21 22:00:00,DEV_007,32,41,42
DEV_007_2024-11-21 23:00:00,2024-11-21 23:00:00,DEV_007,53,79,27
DEV_007_2024-11-22 00:00:00,2024-11-22 00:00:00,DEV_007,59,13,94
DEV_007_2024-11-22 01:00:00,2024-11-22 01:00:00,DEV_007,43,11,10
DEV_007_2024-11-22 02:00:00,2024-11-22 02:00:00,DEV_007,84,51,53
DEV_007_2024-11-22 03:00:00,2024-11-22 03:00:00,DEV_007,81,74,19
DEV_007_2024-11-22 04:00:00,2024-11-22 04:00:00,DEV_007,52,61,63
DEV_007_2024-11-22 05:00:00,2024-11-22 05:00:00,DEV_007,86,63,68
DEV_007_2024-11-22 06:00:00,2024-11-22 06:00:00,DEV_007,54,90,98
DEV_007_2024-11-22 07:00:00,2024-11-22 07:00:00,DEV_007,50,87,72
DEV_007_2024-11-22 08:00:00,2024-11-22 08:00:00,DEV_007,71,34,57
DEV_007_2024-11-22 09:00:00,2024-11-22 09:00:00,DEV_007,33,59,83
DEV_007_2024-11-22 10:00:00,2024-11-22 10:00:00,DEV_007,65,41,40
DEV_007_2024-11-22 11:00:00,2024-11-22 11:00:00,DEV_007,3,74,6
DEV_007_2024-11-22 12:00:00,2024-11-22 12:00:00,DEV_007,90,68,18
DEV_007_2024-11-22 13:00:00,2024-11-22 13:00:00,DEV_007,81,97,44
DEV_007_2024-11-22 14:00:00,2024-11-22 14:00:00,DEV_007,95,14,27
DEV_007_2024-11-22 15:00:00,2024-11-22 15:00:00,DEV_007,77,28,6
DEV_007_2024-11-22 16:00:00,2024-11-22 16:00:00,DEV_007,37,35,46
DEV_007_2024-11-22 17:00:00,2024-11-22 17:00:00,DEV_007,6,30,83
DEV_007_2024-11-22 18:00:00,2024-11-22 18:00:00,DEV_007,54,22,37
DEV_007_2024-11-22 19:00:00,2024-11-22 19:00:00,DEV_007,14,42,6
DEV_007_2024-11-22 20:00:00,2024-11-22 20:00:00,DEV_007,2,88,49
DEV_007_2024-11-22 21:00:00,2024-11-22 21:00:00,DEV_007,34,84,95
DEV_007_2024-11-22 22:00:00,2024-11-22 22:00:00,DEV_007,17,64,4
DEV_007_2024-11-22 23:00:00,2024-11-22 23:00:00,DEV_007,43,27,65
DEV_007_2024-11-23 00:00:00,2024-11-23 00:00:00,DEV_007,23,74,89
DEV_007_2024-11-23 01:00:00,2024-11-23 01:00:00,DEV_007,23,22,69
DEV_007_2024-11-23 02:00:00,2024-11-23 02:00:00,DEV_007,96,69,20
DEV_007_2024-11-23 03:00:00,2024-11-23 03:00:00,DEV_007,73,48,77
DEV_007_2024-11-23 04:00:00,2024-11-23 04:00:00,DEV_007,81,59,17
DEV_007_2024-11-23 05:00:00,2024-11-23 05:00:00,DEV_007,57,86,81
DEV_007_2024-11-23 06:00:00,2024-11-23 06:00:00,DEV_007,64,46,38
DEV_007_2024-11-23 07:00:00,2024-11-23 07:00:00,DEV_007,4,32,49
DEV_007_2024-11-23 08:00:00,2024-11-23 08:00:00,DEV_007,31,66,33
DEV_007_2024-11-23 09:00:00,2024-11-23 09:00:00,DEV_007,71,21,93
DEV_007_2024-11-23 10:00:00,2024-11-23 10:00:00,DEV_007,20,15,24
DEV_007_2024-11-23 11:00:00,2024-11-23 11:00:00,DEV_007,10,72,85
DEV_007_2024-11-23 12:00:00,2024-11-23 12:00:00,DEV_007,54,22,78
DEV_007_2024-11-23 13:00:00,2024-11-23 13:00:00,DEV_007,31,93,14
DEV_007_2024-11-23 14:00:00,2024-11-23 14:00:00,DEV_007,18,61,7
DEV_007_2024-11-23 15:00:00,2024-11-23 15:00:00,DEV_007,14,52,48
DEV_007_2024-11-23 16:00:00,2024-11-23 16:00:00,DEV_007,82,71,74
DEV_007_2024-11-23 17:00:00,2024-11-23 17:00:00,DEV_007,94,22,66
DEV_007_2024-11-23 18:00:00,2024-11-23 18:00:00,DEV_007,41,19,43
DEV_007_2024-11-23 19:00:00,2024-11-23 19:00:00,DEV_007,72,37,24
DEV_007_2024-11-23 20:00:00,2024-11-23 20:00:00,DEV_007,88,78,59
DEV_007_2024-11-23 21:00:00,2024-11-23 21:00:00,DEV_007,30,60,54
DEV_007_2024-11-23 22:00:00,2024-11-23 22:00:00,DEV_007,64,4,61
DEV_007_2024-11-23 23:00:00,2024-11-23 23:00:00,DEV_007,66,30,74
DEV_007_2024-11-24 00:00:00,2024-11-24 00:00:00,DEV_007,31,93,56
DEV_007_2024-11-24 01:00:00,2024-11-24 01:00:00,DEV_007,23,57,47
DEV_007_2024-11-24 02:00:00,2024-11-24 02:00:00,DEV_007,10,83,84
DEV_007_2024-11-24 03:00:00,2024-11-24 03:00:00,DEV_007,35,45,86
DEV_007_2024-11-24 04:00:00,2024-11-24 04:00:00,DEV_007,3,14,1
DEV_007_2024-11-24 05:00:00,2024-11-24 05:00:00,DEV_007,44,96,3
DEV_007_2024-11-24 06:00:00,2024-11-24 06:00:00,DEV_007,22,88,89
DEV_007_2024-11-24 07:00:00,2024-11-24 07:00:00,DEV_007,99,96,74
DEV_007_2024-11-24 08:00:00,2024-11-24 08:00:00,DEV_007,26,74,30
DEV_007_2024-11-24 09:00:00,2024-11-24 09:00:00,DEV_007,34,14,79
DEV_007_2024-11-24 10:00:00,2024-11-24 10:00:00,DEV_007,62,20,33
DEV_007_2024-11-24 11:00:00,2024-11-24 11:00:00,DEV_007,22,69,41
DEV_007_2024-11-24 12:00:00,2024-11-24 12:00:00,DEV_007,87,82,12
DEV_007_2024-11-24 13:00:00,2024-11-24 13:00:00,DEV_007,51,77,5
DEV_007_2024-11-24 14:00:00,2024-11-24 14:00:00,DEV_007,85,95,80
DEV_007_2024-11-24 15:00:00,2024-11-24 15:00:00,DEV_007,92,92,80
DEV_007_2024-11-24 16:00:00,2024-11-24 16:00:00,DEV_007,71,94,75
DEV_007_2024-11-24 17:00:00,2024-11-24 17:00:00,DEV_007,38,64,70
DEV_007_2024-11-24 18:00:00,2024-11-24 18:00:00,DEV_007,63,32,76
DEV_007_2024-11-24 19:00:00,2024-11-24 19:00:00,DEV_007,11,24,35
DEV_007_2024-11-24 20:00:00,2024-11-24 20:00:00,DEV_007,78,6,80
DEV_007_2024-11-24 21:00:00,2024-11-24 21:00:00,DEV_007,38,52,72
DEV_007_2024-11-24 22:00:00,2024-11-24 22:00:00,DEV_007,50,2,45
DEV_007_2024-11-24 23:00:00,2024-11-24 23:00:00,DEV_007,54,70,66
DEV_007_2024-11-25 00:00:00,2024-11-25 00:00:00,DEV_007,60,39,92
DEV_007_2024-11-25 01:00:00,2024-11-25 01:00:00,DEV_007,84,61,93
DEV_007_2024-11-25 02:00:00,2024-11-25 02:00:00,DEV_007,47,90,33
DEV_007_2024-11-25 03:00:00,2024-11-25 03:00:00,DEV_007,53,62,7
DEV_007_2024-11-25 04:00:00,2024-11-25 04:00:00,DEV_007,75,45,34
DEV_007_2024-11-25 05:00:00,2024-11-25 05:00:00,DEV_007,96,28,82
DEV_007_2024-11-25 06:00:00,2024-11-25 06:00:00,DEV_007,11,25,92
DEV_007_2024-11-25 07:00:00,2024-11-25 07:00:00,DEV_007,79,45,2
DEV_007_2024-11-25 08:00:00,2024-11-25 08:00:00,DEV_007,25,85,44
DEV_007_2024-11-25 09:00:00,2024-11-25 09:00:00,DEV_007,77,34,6
DEV_007_2024-11-25 10:00:00,2024-11-25 10:00:00,DEV_007,71,72,54
DEV_007_2024-11-25 11:00:00,2024-11-25 11:00:00,DEV_007,44,40,33
DEV_007_2024-11-25 12:00:00,2024-11-25 12:00:00,DEV_007,58,44,76
DEV_007_2024-11-25 13:00:00,2024-11-25 13:00:00,DEV_007,19,88,72
DEV_007_2024-11-25 14:00:00,2024-11-25 14:00:00,DEV_007,47,86,22
DEV_007_2024-11-25 15:00:00,2024-11-25 15:00:00,DEV_007,26,8,42
DEV_007_2024-11-25 16:00:00,2024-11-25 16:00:00,DEV_007,13,27,86
DEV_007_2024-11-25 17:00:00,2024-11-25 17:00:00,DEV_007,4,47,41
DEV_007_2024-11-25 18:00:00,2024-11-25 18:00:00,DEV_007,31,66,93
DEV_007_2024-11-25 19:00:00,2024-11-25 19:00:00,DEV_007,91,3,85
DEV_007_2024-11-25 20:00:00,2024-11-25 20:00:00,DEV_007,54,99,78
DEV_007_2024-11-25 21:00:00,2024-11-25 21:00:00,DEV_007,56,4,2
DEV_007_2024-11-25 22:00:00,2024-11-25 22:00:00,DEV_007,41,39,26
DEV_007_2024-11-25 23:00:00,2024-11-25 23:00:00,DEV_007,73,76,67
DEV_007_2024-11-26 00:00:00,2024-11-26 00:00:00,DEV_007,53,93,20
DEV_007_2024-11-26 01:00:00,2024-11-26 01:00:00,DEV_007,16,31,46
DEV_007_2024-11-26 02:00:00,2024-11-26 02:00:00,DEV_007,4,30,9
DEV_007_2024-11-26 03:00:00,2024-11-26 03:00:00,DEV_007,15,92,17
DEV_007_2024-11-26 04:00:00,2024-11-26 04:00:00,DEV_007,75,41,48
DEV_007_2024-11-26 05:00:00,2024-11-26 05:00:00,DEV_007,11,9,30
DEV_007_2024-11-26 06:00:00,2024-11-26 06:00:00,DEV_007,35,75,67
DEV_007_2024-11-26 07:00:00,2024-11-26 07:00:00,DEV_007,37,60,65
DEV_007_2024-11-26 08:00:00,2024-11-26 08:00:00,DEV_007,19,1,37
DEV_007_2024-11-26 09:00:00,2024-11-26 09:00:00,DEV_007,15,56,99
DEV_007_2024-11-26 10:00:00,2024-11-26 10:00:00,DEV_007,80,5,15
DEV_007_2024-11-26 11:00:00,2024-11-26 11:00:00,DEV_007,39,51,1
DEV_007_2024-11-26 12:00:00,2024-11-26 12:00:00,DEV_007,12,36,60
DEV_007_2024-11-26 13:00:00,2024-11-26 13:00:00,DEV_007,4,22,76
DEV_007_2024-11-26 14:00:00,2024-11-26 14:00:00,DEV_007,33,3,47
DEV_007_2024-11-26 15:00:00,2024-11-26 15:00:00,DEV_007,88,5,79
DEV_007_2024-11-26 16:00:00,2024-11-26 16:00:00,DEV_007,47,54,7
DEV_007_2024-11-26 17:00:00,2024-11-26 17:00:00,DEV_007,8,22,18
DEV_007_2024-11-26 18:00:00,2024-11-26 18:00:00,DEV_007,8,14,68
DEV_007_2024-11-26 19:00:00,2024-11-26 19:00:00,DEV_007,17,76,84
DEV_007_2024-11-26 20:00:00,2024-11-26 20:00:00,DEV_007,94,46,41
DEV_007_2024-11-26 21:00:00,2024-11-26 21:00:00,DEV_007,7,67,21
DEV_007_2024-11-26 22:00:00,2024-11-26 22:00:00,DEV_007,80,98,92
DEV_007_2024-11-26 23:00:00,2024-11-26 23:00:00,DEV_007,87,30,22
DEV_007_2024-11-27 00:00:00,2024-11-27 00:00:00,DEV_007,19,28,3
DEV_007_2024-11-27 01:00:00,2024-11-27 01:00:00,DEV_007,56,32,86
DEV_007_2024-11-27 02:00:00,2024-11-27 02:00:00,DEV_007,14,47,76
DEV_007_2024-11-27 03:00:00,2024-11-27 03:00:00,DEV_007,76,61,11
DEV_007_2024-11-27 04:00:00,2024-11-27 04:00:00,DEV_007,70,54,9
DEV_007_2024-11-27 05:00:00,2024-11-27 05:00:00,DEV_007,56,82,82
DEV_007_2024-11-27 06:00:00,2024-11-27 06:00:00,DEV_007,50,98,62
DEV_007_2024-11-27 07:00:00,2024-11-27 07:00:00,DEV_007,12,89,71
DEV_007_2024-11-27 08:00:00,2024-11-27 08:00:00,DEV_007,71,97,27
DEV_007_2024-11-27 09:00:00,2024-11-27 09:00:00,DEV_007,61,97,80
DEV_007_2024-11-27 10:00:00,2024-11-27 10:00:00,DEV_007,57,59,17
DEV_007_2024-11-27 11:00:00,2024-11-27 11:00:00,DEV_007,98,78,5
DEV_007_2024-11-27 12:00:00,2024-11-27 12:00:00,DEV_007,1,46,72
DEV_007_2024-11-27 13:00:00,2024-11-27 13:00:00,DEV_007,77,2,96
DEV_007_2024-11-27 14:00:00,2024-11-27 14:00:00,DEV_007,62,5,29
DEV_007_2024-11-27 15:00:00,2024-11-27 15:00:00,DEV_007,18,80,17
DEV_007_2024-11-27 16:00:00,2024-11-27 16:00:00,DEV_007,86,74,63
DEV_007_2024-11-27 17:00:00,2024-11-27 17:00:00,DEV_007,50,80,92
DEV_007_2024-11-27 18:00:00,2024-11-27 18:00:00,DEV_007,65,51,58
DEV_007_2024-11-27 19:00:00,2024-11-27 19:00:00,DEV_007,82,4,27
DEV_007_2024-11-27 20:00:00,2024-11-27 20:00:00,DEV_007,99,47,39
DEV_007_2024-11-27 21:00:00,2024-11-27 21:00:00,DEV_007,3,75,14
DEV_007_2024-11-27 22:00:00,2024-11-27 22:00:00,DEV_007,90,65,51
DEV_007_2024-11-27 23:00:00,2024-11-27 23:00:00,DEV_007,77,41,76
DEV_007_2024-11-28 00:00:00,2024-11-28 00:00:00,DEV_007,86,16,76
DEV_007_2024-11-28 01:00:00,2024-11-28 01:00:00,DEV_007,41,62,89
DEV_007_2024-11-28 02:00:00,2024-11-28 02:00:00,DEV_007,40,50,45
DEV_007_2024-11-28 03:00:00,2024-11-28 03:00:00,DEV_007,91,73,96
DEV_007_2024-11-28 04:00:00,2024-11-28 04:00:00,DEV_007,50,44,43
DEV_007_2024-11-28 05:00:00,2024-11-28 05:00:00,DEV_007,71,13,16
DEV_007_2024-11-28 06:00:00,2024-11-28 06:00:00,DEV_007,92,26,85
DEV_007_2024-11-28 07:00:00,2024-11-28 07:00:00,DEV_007,86,39,83
DEV_007_2024-11-28 08:00:00,2024-11-28 08:00:00,DEV_007,77,60,27
DEV_007_2024-11-28 09:00:00,2024-11-28 09:00:00,DEV_007,51,70,51
DEV_007_2024-11-28 10:00:00,2024-11-28 10:00:00,DEV_007,86,56,91
DEV_007_2024-11-28 11:00:00,2024-11-28 11:00:00,DEV_007,74,1,63
DEV_007_2024-11-28 12:00:00,2024-11-28 12:00:00,DEV_007,14,20,48
DEV_007_2024-11-28 13:00:00,2024-11-28 13:00:00,DEV_007,68,83,53
DEV_007_2024-11-28 14:00:00,2024-11-28 14:00:00,DEV_007,92,57,32
DEV_007_2024-11-28 15:00:00,2024-11-28 15:00:00,DEV_007,64,15,85
DEV_007_2024-11-28 16:00:00,2024-11-28 16:00:00,DEV_007,70,7,20
DEV_007_2024-11-28 17:00:00,2024-11-28 17:00:00,DEV_007,87,87,16
DEV_007_2024-11-28 18:00:00,2024-11-28 18:00:00,DEV_007,90,56,78
DEV_007_2024-11-28 19:00:00,2024-11-28 19:00:00,DEV_007,87,76,22
DEV_007_2024-11-28 20:00:00,2024-11-28 20:00:00,DEV_007,71,46,10
DEV_007_2024-11-28 21:00:00,2024-11-28 21:00:00,DEV_007,86,93,22
DEV_007_2024-11-28 22:00:00,2024-11-28 22:00:00,DEV_007,32,62,99
DEV_007_2024-11-28 23:00:00,2024-11-28 23:00:00,DEV_007,58,17,61
DEV_007_2024-11-29 00:00:00,2024-11-29 00:00:00,DEV_007,66,80,55
DEV_007_2024-11-29 01:00:00,2024-11-29 01:00:00,DEV_007,84,41,46
DEV_007_2024-11-29 02:00:00,2024-11-29 02:00:00,DEV_007,49,7,65
DEV_007_2024-11-29 03:00:00,2024-11-29 03:00:00,DEV_007,86,10,87
DEV_007_2024-11-29 04:00:00,2024-11-29 04:00:00,DEV_007,48,49,81
DEV_007_2024-11-29 05:00:00,2024-11-29 05:00:00,DEV_007,5,58,32
DEV_007_2024-11-29 06:00:00,2024-11-29 06:00:00,DEV_007,19,2,75
DEV_007_2024-11-29 07:00:00,2024-11-29 07:00:00,DEV_007,31,9,97
DEV_007_2024-11-29 08:00:00,2024-11-29 08:00:00,DEV_007,68,88,92
DEV_007_2024-11-29 09:00:00,2024-11-29 09:00:00,DEV_007,69,62,68
DEV_007_2024-11-29 10:00:00,2024-11-29 10:00:00,DEV_007,58,35,94
DEV_007_2024-11-29 11:00:00,2024-11-29 11:00:00,DEV_007,78,87,80
DEV_007_2024-11-29 12:00:00,2024-11-29 12:00:00,DEV_007,94,81,39
DEV_007_2024-11-29 13:00:00,2024-11-29 13:00:00,DEV_007,3,27,65
DEV_007_2024-11-29 14:00:00,2024-11-29 14:00:00,DEV_007,8,91,86
DEV_007_2024-11-29 15:00:00,2024-11-29 15:00:00,DEV_007,87,93,79
DEV_007_2024-11-29 16:00:00,2024-11-29 16:00:00,DEV_007,34,42,29
DEV_007_2024-11-29 17:00:00,2024-11-29 17:00:00,DEV_007,63,99,25
DEV_007_2024-11-29 18:00:00,2024-11-29 18:00:00,DEV_007,48,38,25
DEV_007_2024-11-29 19:00:00,2024-11-29 19:00:00,DEV_007,14,51,16
DEV_007_2024-11-29 20:00:00,2024-11-29 20:00:00,DEV_007,77,69,10
DEV_007_2024-11-29 21:00:00,2024-11-29 21:00:00,DEV_007,63,50,17
DEV_007_2024-11-29 22:00:00,2024-11-29 22:00:00,DEV_007,49,8,22
DEV_007_2024-11-29 23:00:00,2024-11-29 23:00:00,DEV_007,6,34,74
DEV_007_2024-11-30 00:00:00,2024-11-30 00:00:00,DEV_007,5,20,92
DEV_007_2024-11-30 01:00:00,2024-11-30 01:00:00,DEV_007,14,90,34
DEV_007_2024-11-30 02:00:00,2024-11-30 02:00:00,DEV_007,94,40,58
DEV_007_2024-11-30 03:00:00,2024-11-30 03:00:00,DEV_007,36,14,53
DEV_007_2024-11-30 04:00:00,2024-11-30 04:00:00,DEV_007,55,68,44
DEV_007_2024-11-30 05:00:00,2024-11-30 05:00:00,DEV_007,35,28,4
DEV_007_2024-11-30 06:00:00,2024-11-30 06:00:00,DEV_007,86,38,35
DEV_007_2024-11-30 07:00:00,2024-11-30 07:00:00,DEV_007,70,73,73
DEV_007_2024-11-30 08:00:00,2024-11-30 08:00:00,DEV_007,87,33,69
DEV_007_2024-11-30 09:00:00,2024-11-30 09:00:00,DEV_007,15,35,8
DEV_007_2024-11-30 10:00:00,2024-11-30 10:00:00,DEV_007,52,86,49
DEV_007_2024-11-30 11:00:00,2024-11-30 11:00:00,DEV_007,46,57,60
DEV_007_2024-11-30 12:00:00,2024-11-30 12:00:00,DEV_007,24,46,49
DEV_007_2024-11-30 13:00:00,2024-11-30 13:00:00,DEV_007,13,64,77
DEV_007_2024-11-30 14:00:00,2024-11-30 14:00:00,DEV_007,33,48,85
DEV_007_2024-11-30 15:00:00,2024-11-30 15:00:00,DEV_007,13,45,8
DEV_007_2024-11-30 16:00:00,2024-11-30 16:00:00,DEV_007,7,13,51
DEV_007_2024-11-30 17:00:00,2024-11-30 17:00:00,DEV_007,46,51,50
DEV_007_2024-11-30 18:00:00,2024-11-30 18:00:00,DEV_007,1,92,36
DEV_007_2024-11-30 19:00:00,2024-11-30 19:00:00,DEV_007,46,35,85
DEV_007_2024-11-30 20:00:00,2024-11-30 20:00:00,DEV_007,66,89,87
DEV_007_2024-11-30 21:00:00,2024-11-30 21:00:00,DEV_007,85,17,88
DEV_007_2024-11-30 22:00:00,2024-11-30 22:00:00,DEV_007,97,80,17
DEV_007_2024-11-30 23:00:00,2024-11-30 23:00:00,DEV_007,16,5,99
DEV_007_2024-12-01 00:00:00,2024-12-01 00:00:00,DEV_007,9,94,41
DEV_007_2024-12-01 01:00:00,2024-12-01 01:00:00,DEV_007,47,58,86
DEV_007_2024-12-01 02:00:00,2024-12-01 02:00:00,DEV_007,58,52,54
DEV_007_2024-12-01 03:00:00,2024-12-01 03:00:00,DEV_007,40,37,52
DEV_007_2024-12-01 04:00:00,2024-12-01 04:00:00,DEV_007,16,22,27
DEV_007_2024-12-01 05:00:00,2024-12-01 05:00:00,DEV_007,7,38,93
DEV_007_2024-12-01 06:00:00,2024-12-01 06:00:00,DEV_007,50,40,46
DEV_007_2024-12-01 07:00:00,2024-12-01 07:00:00,DEV_007,33,99,90
DEV_007_2024-12-01 08:00:00,2024-12-01 08:00:00,DEV_007,59,48,15
DEV_007_2024-12-01 09:00:00,2024-12-01 09:00:00,DEV_007,88,3,5
DEV_007_2024-12-01 10:00:00,2024-12-01 10:00:00,DEV_007,62,21,49
DEV_007_2024-12-01 11:00:00,2024-12-01 11:00:00,DEV_007,74,26,39
DEV_007_2024-12-01 12:00:00,2024-12-01 12:00:00,DEV_007,61,4,35
DEV_007_2024-12-01 13:00:00,2024-12-01 13:00:00,DEV_007,19,69,6
DEV_007_2024-12-01 14:00:00,2024-12-01 14:00:00,DEV_007,59,59,15
DEV_007_2024-12-01 15:00:00,2024-12-01 15:00:00,DEV_007,6,45,22
DEV_007_2024-12-01 16:00:00,2024-12-01 16:00:00,DEV_007,4,15,95
DEV_007_2024-12-01 17:00:00,2024-12-01 17:00:00,DEV_007,93,64,23
DEV_007_2024-12-01 18:00:00,2024-12-01 18:00:00,DEV_007,2,5,54
DEV_007_2024-12-01 19:00:00,2024-12-01 19:00:00,DEV_007,50,68,69
DEV_007_2024-12-01 20:00:00,2024-12-01 20:00:00,DEV_007,96,80,68
DEV_007_2024-12-01 21:00:00,2024-12-01 21:00:00,DEV_007,59,9,63
DEV_007_2024-12-01 22:00:00,2024-12-01 22:00:00,DEV_007,29,2,28
DEV_007_2024-12-01 23:00:00,2024-12-01 23:00:00,DEV_007,14,54,58
DEV_007_2024-12-02 00:00:00,2024-12-02 00:00:00,DEV_007,65,37,41
DEV_007_2024-12-02 01:00:00,2024-12-02 01:00:00,DEV_007,54,84,46
DEV_007_2024-12-02 02:00:00,2024-12-02 02:00:00,DEV_007,17,16,62
DEV_007_2024-12-02 03:00:00,2024-12-02 03:00:00,DEV_007,43,67,74
DEV_007_2024-12-02 04:00:00,2024-12-02 04:00:00,DEV_007,46,69,17
DEV_007_2024-12-02 05:00:00,2024-12-02 05:00:00,DEV_007,9,42,54
DEV_007_2024-12-02 06:00:00,2024-12-02 06:00:00,DEV_007,73,86,38
DEV_007_2024-12-02 07:00:00,2024-12-02 07:00:00,DEV_007,84,47,53
DEV_007_2024-12-02 08:00:00,2024-12-02 08:00:00,DEV_007,74,43,11
DEV_007_2024-12-02 09:00:00,2024-12-02 09:00:00,DEV_007,13,28,44
DEV_007_2024-12-02 10:00:00,2024-12-02 10:00:00,DEV_007,6,17,8
DEV_007_2024-12-02 11:00:00,2024-12-02 11:00:00,DEV_007,27,79,82
DEV_007_2024-12-02 12:00:00,2024-12-02 12:00:00,DEV_007,82,96,49
DEV_007_2024-12-02 13:00:00,2024-12-02 13:00:00,DEV_007,19,8,96
DEV_007_2024-12-02 14:00:00,2024-12-02 14:00:00,DEV_007,31,51,66
DEV_007_2024-12-02 15:00:00,2024-12-02 15:00:00,DEV_007,38,56,28
DEV_007_2024-12-02 16:00:00,2024-12-02 16:00:00,DEV_007,22,96,14
DEV_007_2024-12-02 17:00:00,2024-12-02 17:00:00,DEV_007,4,41,10
DEV_007_2024-12-02 18:00:00,2024-12-02 18:00:00,DEV_007,63,30,23
DEV_007_2024-12-02 19:00:00,2024-12-02 19:00:00,DEV_007,69,7,39
DEV_007_2024-12-02 20:00:00,2024-12-02 20:00:00,DEV_007,52,59,24
DEV_007_2024-12-02 21:00:00,2024-12-02 21:00:00,DEV_007,14,40,1
DEV_007_2024-12-02 22:00:00,2024-12-02 22:00:00,DEV_007,42,20,84
DEV_007_2024-12-02 23:00:00,2024-12-02 23:00:00,DEV_007,99,52,12
DEV_007_2024-12-03 00:00:00,2024-12-03 00:00:00,DEV_007,96,9,94
DEV_007_2024-12-03 01:00:00,2024-12-03 01:00:00,DEV_007,32,15,9
DEV_007_2024-12-03 02:00:00,2024-12-03 02:00:00,DEV_007,73,4,41
DEV_007_2024-12-03 03:00:00,2024-12-03 03:00:00,DEV_007,90,24,29
DEV_007_2024-12-03 04:00:00,2024-12-03 04:00:00,DEV_007,67,53,14
DEV_007_2024-12-03 05:00:00,2024-12-03 05:00:00,DEV_007,10,14,70
DEV_007_2024-12-03 06:00:00,2024-12-03 06:00:00,DEV_007,10,6,84
DEV_007_2024-12-03 07:00:00,2024-12-03 07:00:00,DEV_007,37,12,56
DEV_007_2024-12-03 08:00:00,2024-12-03 08:00:00,DEV_007,95,93,27
DEV_007_2024-12-03 09:00:00,2024-12-03 09:00:00,DEV_007,81,79,67
DEV_007_2024-12-03 10:00:00,2024-12-03 10:00:00,DEV_007,28,62,37
DEV_007_2024-12-03 11:00:00,2024-12-03 11:00:00,DEV_007,52,18,13
DEV_007_2024-12-03 12:00:00,2024-12-03 12:00:00,DEV_007,91,8,70
DEV_007_2024-12-03 13:00:00,2024-12-03 13:00:00,DEV_007,85,77,49
DEV_007_2024-12-03 14:00:00,2024-12-03 14:00:00,DEV_007,87,6,10
DEV_007_2024-12-03 15:00:00,2024-12-03 15:00:00,DEV_007,16,26,33
DEV_007_2024-12-03 16:00:00,2024-12-03 16:00:00,DEV_007,95,33,12
DEV_007_2024-12-03 17:00:00,2024-12-03 17:00:00,DEV_007,60,82,19
DEV_007_2024-12-03 18:00:00,2024-12-03 18:00:00,DEV_007,55,66,27
DEV_007_2024-12-03 19:00:00,2024-12-03 19:00:00,DEV_007,81,84,53
DEV_007_2024-12-03 20:00:00,2024-12-03 20:00:00,DEV_007,83,19,21
DEV_007_2024-12-03 21:00:00,2024-12-03 21:00:00,DEV_007,28,2,31
DEV_007_2024-12-03 22:00:00,2024-12-03 22:00:00,DEV_007,30,61,86
DEV_007_2024-12-03 23:00:00,2024-12-03 23:00:00,DEV_007,99,98,22
DEV_007_2024-12-04 00:00:00,2024-12-04 00:00:00,DEV_007,50,28,25
DEV_007_2024-12-04 01:00:00,2024-12-04 01:00:00,DEV_007,80,62,82
DEV_007_2024-12-04 02:00:00,2024-12-04 02:00:00,DEV_007,81,46,73
DEV_007_2024-12-04 03:00:00,2024-12-04 03:00:00,DEV_007,21,13,71
DEV_007_2024-12-04 04:00:00,2024-12-04 04:00:00,DEV_007,31,44,64
DEV_007_2024-12-04 05:00:00,2024-12-04 05:00:00,DEV_007,47,70,18
DEV_007_2024-12-04 06:00:00,2024-12-04 06:00:00,DEV_007,25,86,64
DEV_007_2024-12-04 07:00:00,2024-12-04 07:00:00,DEV_007,7,10,48
DEV_007_2024-12-04 08:00:00,2024-12-04 08:00:00,DEV_007,13,69,83
DEV_007_2024-12-04 09:00:00,2024-12-04 09:00:00,DEV_007,67,81,19
DEV_007_2024-12-04 10:00:00,2024-12-04 10:00:00,DEV_007,15,99,71
DEV_007_2024-12-04 11:00:00,2024-12-04 11:00:00,DEV_007,33,7,31
DEV_007_2024-12-04 12:00:00,2024-12-04 12:00:00,DEV_007,65,13,92
DEV_007_2024-12-04 13:00:00,2024-12-04 13:00:00,DEV_007,80,51,25
DEV_007_2024-12-04 14:00:00,2024-12-04 14:00:00,DEV_007,89,89,4
DEV_007_2024-12-04 15:00:00,2024-12-04 15:00:00,DEV_007,99,69,7
DEV_007_2024-12-04 16:00:00,2024-12-04 16:00:00,DEV_007,2,56,56
DEV_007_2024-12-04 17:00:00,2024-12-04 17:00:00,DEV_007,40,9,13
DEV_007_2024-12-04 18:00:00,2024-12-04 18:00:00,DEV_007,98,89,64
DEV_007_2024-12-04 19:00:00,2024-12-04 19:00:00,DEV_007,14,54,89
DEV_007_2024-12-04 20:00:00,2024-12-04 20:00:00,DEV_007,66,8,91
DEV_007_2024-12-04 21:00:00,2024-12-04 21:00:00,DEV_007,78,64,92
DEV_007_2024-12-04 22:00:00,2024-12-04 22:00:00,DEV_007,67,6,39
DEV_007_2024-12-04 23:00:00,2024-12-04 23:00:00,DEV_007,71,98,16
DEV_007_2024-12-05 00:00:00,2024-12-05 00:00:00,DEV_007,19,61,83
DEV_007_2024-12-05 01:00:00,2024-12-05 01:00:00,DEV_007,51,19,54
DEV_007_2024-12-05 02:00:00,2024-12-05 02:00:00,DEV_007,92,66,18
DEV_007_2024-12-05 03:00:00,2024-12-05 03:00:00,DEV_007,7,77,35
DEV_007_2024-12-05 04:00:00,2024-12-05 04:00:00,DEV_007,15,97,51
DEV_007_2024-12-05 05:00:00,2024-12-05 05:00:00,DEV_007,22,34,10
DEV_007_2024-12-05 06:00:00,2024-12-05 06:00:00,DEV_007,30,49,32
DEV_007_2024-12-05 07:00:00,2024-12-05 07:00:00,DEV_007,95,80,83
DEV_007_2024-12-05 08:00:00,2024-12-05 08:00:00,DEV_007,30,66,94
DEV_007_2024-12-05 09:00:00,2024-12-05 09:00:00,DEV_007,61,96,37
DEV_007_2024-12-05 10:00:00,2024-12-05 10:00:00,DEV_007,88,90,70
DEV_007_2024-12-05 11:00:00,2024-12-05 11:00:00,DEV_007,70,83,33
DEV_007_2024-12-05 12:00:00,2024-12-05 12:00:00,DEV_007,2,74,15
DEV_007_2024-12-05 13:00:00,2024-12-05 13:00:00,DEV_007,68,97,69
DEV_007_2024-12-05 14:00:00,2024-12-05 14:00:00,DEV_007,48,79,80
DEV_007_2024-12-05 15:00:00,2024-12-05 15:00:00,DEV_007,30,36,35
DEV_007_2024-12-05 16:00:00,2024-12-05 16:00:00,DEV_007,2,17,39
DEV_007_2024-12-05 17:00:00,2024-12-05 17:00:00,DEV_007,4,15,30
DEV_007_2024-12-05 18:00:00,2024-12-05 18:00:00,DEV_007,93,78,90
DEV_007_2024-12-05 19:00:00,2024-12-05 19:00:00,DEV_007,22,89,9
DEV_007_2024-12-05 20:00:00,2024-12-05 20:00:00,DEV_007,80,40,5
DEV_007_2024-12-05 21:00:00,2024-12-05 21:00:00,DEV_007,69,54,21
DEV_007_2024-12-05 22:00:00,2024-12-05 22:00:00,DEV_007,91,58,58
DEV_007_2024-12-05 23:00:00,2024-12-05 23:00:00,DEV_007,24,92,23
DEV_007_2024-12-06 00:00:00,2024-12-06 00:00:00,DEV_007,72,2,39
DEV_007_2024-12-06 01:00:00,2024-12-06 01:00:00,DEV_007,2,43,52
DEV_007_2024-12-06 02:00:00,2024-12-06 02:00:00,DEV_007,72,47,49
DEV_007_2024-12-06 03:00:00,2024-12-06 03:00:00,DEV_007,24,43,2
DEV_007_2024-12-06 04:00:00,2024-12-06 04:00:00,DEV_007,56,26,97
DEV_007_2024-12-06 05:00:00,2024-12-06 05:00:00,DEV_007,43,26,37
DEV_007_2024-12-06 06:00:00,2024-12-06 06:00:00,DEV_007,37,77,43
DEV_007_2024-12-06 07:00:00,2024-12-06 07:00:00,DEV_007,37,84,65
DEV_007_2024-12-06 08:00:00,2024-12-06 08:00:00,DEV_007,88,64,49
DEV_007_2024-12-06 09:00:00,2024-12-06 09:00:00,DEV_007,20,61,84
DEV_007_2024-12-06 10:00:00,2024-12-06 10:00:00,DEV_007,59,68,42
DEV_007_2024-12-06 11:00:00,2024-12-06 11:00:00,DEV_007,34,14,53
DEV_007_2024-12-06 12:00:00,2024-12-06 12:00:00,DEV_007,14,33,9
DEV_007_2024-12-06 13:00:00,2024-12-06 13:00:00,DEV_007,70,39,85
DEV_007_2024-12-06 14:00:00,2024-12-06 14:00:00,DEV_007,6,50,55
DEV_007_2024-12-06 15:00:00,2024-12-06 15:00:00,DEV_007,77,8,15
DEV_007_2024-12-06 16:00:00,2024-12-06 16:00:00,DEV_007,84,11,6
DEV_007_2024-12-06 17:00:00,2024-12-06 17:00:00,DEV_007,54,12,53
DEV_007_2024-12-06 18:00:00,2024-12-06 18:00:00,DEV_007,28,68,24
DEV_007_2024-12-06 19:00:00,2024-12-06 19:00:00,DEV_007,36,8,68
DEV_007_2024-12-06 20:00:00,2024-12-06 20:00:00,DEV_007,77,3,48
DEV_007_2024-12-06 21:00:00,2024-12-06 21:00:00,DEV_007,48,45,84
DEV_007_2024-12-06 22:00:00,2024-12-06 22:00:00,DEV_007,35,73,34
DEV_007_2024-12-06 23:00:00,2024-12-06 23:00:00,DEV_007,37,17,40
DEV_007_2024-12-07 00:00:00,2024-12-07 00:00:00,DEV_007,43,85,65
DEV_007_2024-12-07 01:00:00,2024-12-07 01:00:00,DEV_007,58,63,93
DEV_007_2024-12-07 02:00:00,2024-12-07 02:00:00,DEV_007,61,39,7
DEV_007_2024-12-07 03:00:00,2024-12-07 03:00:00,DEV_007,43,19,91
DEV_007_2024-12-07 04:00:00,2024-12-07 04:00:00,DEV_007,45,28,68
DEV_007_2024-12-07 05:00:00,2024-12-07 05:00:00,DEV_007,12,99,15
DEV_007_2024-12-07 06:00:00,2024-12-07 06:00:00,DEV_007,62,60,89
DEV_007_2024-12-07 07:00:00,2024-12-07 07:00:00,DEV_007,78,42,93
DEV_007_2024-12-07 08:00:00,2024-12-07 08:00:00,DEV_007,54,47,36
DEV_007_2024-12-07 09:00:00,2024-12-07 09:00:00,DEV_007,30,49,53
DEV_007_2024-12-07 10:00:00,2024-12-07 10:00:00,DEV_007,94,72,53
DEV_007_2024-12-07 11:00:00,2024-12-07 11:00:00,DEV_007,7,61,96
DEV_007_2024-12-07 12:00:00,2024-12-07 12:00:00,DEV_007,67,51,7
DEV_007_2024-12-07 13:00:00,2024-12-07 13:00:00,DEV_007,71,3,70
DEV_007_2024-12-07 14:00:00,2024-12-07 14:00:00,DEV_007,74,14,51
DEV_007_2024-12-07 15:00:00,2024-12-07 15:00:00,DEV_007,27,45,21
DEV_007_2024-12-07 16:00:00,2024-12-07 16:00:00,DEV_007,82,42,58
DEV_007_2024-12-07 17:00:00,2024-12-07 17:00:00,DEV_007,35,88,67
DEV_007_2024-12-07 18:00:00,2024-12-07 18:00:00,DEV_007,72,54,16
DEV_007_2024-12-07 19:00:00,2024-12-07 19:00:00,DEV_007,13,37,15
DEV_007_2024-12-07 20:00:00,2024-12-07 20:00:00,DEV_007,87,39,32
DEV_007_2024-12-07 21:00:00,2024-12-07 21:00:00,DEV_007,33,43,91
DEV_007_2024-12-07 22:00:00,2024-12-07 22:00:00,DEV_007,10,12,72
DEV_007_2024-12-07 23:00:00,2024-12-07 23:00:00,DEV_007,33,38,34
DEV_007_2024-12-08 00:00:00,2024-12-08 00:00:00,DEV_007,78,50,83
DEV_007_2024-12-08 01:00:00,2024-12-08 01:00:00,DEV_007,43,56,62
DEV_007_2024-12-08 02:00:00,2024-12-08 02:00:00,DEV_007,12,64,60
DEV_007_2024-12-08 03:00:00,2024-12-08 03:00:00,DEV_007,48,47,18
DEV_007_2024-12-08 04:00:00,2024-12-08 04:00:00,DEV_007,6,5,35
DEV_007_2024-12-08 05:00:00,2024-12-08 05:00:00,DEV_007,93,80,91
DEV_007_2024-12-08 06:00:00,2024-12-08 06:00:00,DEV_007,20,52,48
DEV_007_2024-12-08 07:00:00,2024-12-08 07:00:00,DEV_007,24,71,14
DEV_007_2024-12-08 08:00:00,2024-12-08 08:00:00,DEV_007,68,17,97
DEV_007_2024-12-08 09:00:00,2024-12-08 09:00:00,DEV_007,88,77,88
DEV_007_2024-12-08 10:00:00,2024-12-08 10:00:00,DEV_007,13,26,10
DEV_007_2024-12-08 11:00:00,2024-12-08 11:00:00,DEV_007,20,89,99
DEV_007_2024-12-08 12:00:00,2024-12-08 12:00:00,DEV_007,14,53,16
DEV_007_2024-12-08 13:00:00,2024-12-08 13:00:00,DEV_007,61,40,80
DEV_007_2024-12-08 14:00:00,2024-12-08 14:00:00,DEV_007,73,56,88
DEV_007_2024-12-08 15:00:00,2024-12-08 15:00:00,DEV_007,20,93,33
DEV_007_2024-12-08 16:00:00,2024-12-08 16:00:00,DEV_007,16,51,37
DEV_007_2024-12-08 17:00:00,2024-12-08 17:00:00,DEV_007,11,60,61
DEV_007_2024-12-08 18:00:00,2024-12-08 18:00:00,DEV_007,40,60,42
DEV_007_2024-12-08 19:00:00,2024-12-08 19:00:00,DEV_007,79,4,90
DEV_007_2024-12-08 20:00:00,2024-12-08 20:00:00,DEV_007,41,89,22
DEV_007_2024-12-08 21:00:00,2024-12-08 21:00:00,DEV_007,66,80,34
DEV_007_2024-12-08 22:00:00,2024-12-08 22:00:00,DEV_007,49,78,48
DEV_007_2024-12-08 23:00:00,2024-12-08 23:00:00,DEV_007,27,59,73
DEV_007_2024-12-09 00:00:00,2024-12-09 00:00:00,DEV_007,90,77,22
DEV_007_2024-12-09 01:00:00,2024-12-09 01:00:00,DEV_007,21,63,1
DEV_007_2024-12-09 02:00:00,2024-12-09 02:00:00,DEV_007,35,54,46
DEV_007_2024-12-09 03:00:00,2024-12-09 03:00:00,DEV_007,8,50,38
DEV_007_2024-12-09 04:00:00,2024-12-09 04:00:00,DEV_007,75,67,27
DEV_007_2024-12-09 05:00:00,2024-12-09 05:00:00,DEV_007,21,29,50
DEV_007_2024-12-09 06:00:00,2024-12-09 06:00:00,DEV_007,99,46,83
DEV_007_2024-12-09 07:00:00,2024-12-09 07:00:00,DEV_007,60,44,56
DEV_007_2024-12-09 08:00:00,2024-12-09 08:00:00,DEV_007,75,87,40
DEV_007_2024-12-09 09:00:00,2024-12-09 09:00:00,DEV_007,88,48,86
DEV_007_2024-12-09 10:00:00,2024-12-09 10:00:00,DEV_007,24,70,46
DEV_007_2024-12-09 11:00:00,2024-12-09 11:00:00,DEV_007,49,6,41
DEV_007_2024-12-09 12:00:00,2024-12-09 12:00:00,DEV_007,15,68,47
DEV_007_2024-12-09 13:00:00,2024-12-09 13:00:00,DEV_007,13,72,80
DEV_007_2024-12-09 14:00:00,2024-12-09 14:00:00,DEV_007,95,48,58
DEV_007_2024-12-09 15:00:00,2024-12-09 15:00:00,DEV_007,26,33,36
DEV_007_2024-12-09 16:00:00,2024-12-09 16:00:00,DEV_007,75,54,51
DEV_007_2024-12-09 17:00:00,2024-12-09 17:00:00,DEV_007,61,43,25
DEV_007_2024-12-09 18:00:00,2024-12-09 18:00:00,DEV_007,84,29,55
DEV_007_2024-12-09 19:00:00,2024-12-09 19:00:00,DEV_007,50,61,16
DEV_007_2024-12-09 20:00:00,2024-12-09 20:00:00,DEV_007,8,11,6
DEV_007_2024-12-09 21:00:00,2024-12-09 21:00:00,DEV_007,40,32,71
DEV_007_2024-12-09 22:00:00,2024-12-09 22:00:00,DEV_007,36,23,47
DEV_007_2024-12-09 23:00:00,2024-12-09 23:00:00,DEV_007,27,26,51
DEV_007_2024-12-10 00:00:00,2024-12-10 00:00:00,DEV_007,55,59,80
DEV_007_2024-12-10 01:00:00,2024-12-10 01:00:00,DEV_007,54,8,93
DEV_007_2024-12-10 02:00:00,2024-12-10 02:00:00,DEV_007,39,24,20
DEV_007_2024-12-10 03:00:00,2024-12-10 03:00:00,DEV_007,91,85,71
DEV_007_2024-12-10 04:00:00,2024-12-10 04:00:00,DEV_007,63,51,85
DEV_007_2024-12-10 05:00:00,2024-12-10 05:00:00,DEV_007,50,67,43
DEV_007_2024-12-10 06:00:00,2024-12-10 06:00:00,DEV_007,60,48,20
DEV_007_2024-12-10 07:00:00,2024-12-10 07:00:00,DEV_007,78,38,85
DEV_007_2024-12-10 08:00:00,2024-12-10 08:00:00,DEV_007,11,65,80
DEV_007_2024-12-10 09:00:00,2024-12-10 09:00:00,DEV_007,12,76,74
DEV_007_2024-12-10 10:00:00,2024-12-10 10:00:00,DEV_007,75,36,38
DEV_007_2024-12-10 11:00:00,2024-12-10 11:00:00,DEV_007,96,93,54
DEV_007_2024-12-10 12:00:00,2024-12-10 12:00:00,DEV_007,25,22,16
DEV_007_2024-12-10 13:00:00,2024-12-10 13:00:00,DEV_007,68,49,81
DEV_007_2024-12-10 14:00:00,2024-12-10 14:00:00,DEV_007,57,41,81
DEV_007_2024-12-10 15:00:00,2024-12-10 15:00:00,DEV_007,95,64,8
DEV_007_2024-12-10 16:00:00,2024-12-10 16:00:00,DEV_007,55,42,51
DEV_007_2024-12-10 17:00:00,2024-12-10 17:00:00,DEV_007,13,27,40
DEV_007_2024-12-10 18:00:00,2024-12-10 18:00:00,DEV_007,24,96,81
DEV_007_2024-12-10 19:00:00,2024-12-10 19:00:00,DEV_007,93,78,30
DEV_007_2024-12-10 20:00:00,2024-12-10 20:00:00,DEV_007,37,42,26
DEV_007_2024-12-10 21:00:00,2024-12-10 21:00:00,DEV_007,72,80,2
DEV_007_2024-12-10 22:00:00,2024-12-10 22:00:00,DEV_007,42,89,75
DEV_007_2024-12-10 23:00:00,2024-12-10 23:00:00,DEV_007,44,12,24
DEV_007_2024-12-11 00:00:00,2024-12-11 00:00:00,DEV_007,21,18,77
DEV_007_2024-12-11 01:00:00,2024-12-11 01:00:00,DEV_007,44,48,96
DEV_007_2024-12-11 02:00:00,2024-12-11 02:00:00,DEV_007,81,45,67
DEV_007_2024-12-11 03:00:00,2024-12-11 03:00:00,DEV_007,27,96,88
DEV_007_2024-12-11 04:00:00,2024-12-11 04:00:00,DEV_007,20,96,84
DEV_007_2024-12-11 05:00:00,2024-12-11 05:00:00,DEV_007,95,56,13
DEV_007_2024-12-11 06:00:00,2024-12-11 06:00:00,DEV_007,77,71,69
DEV_007_2024-12-11 07:00:00,2024-12-11 07:00:00,DEV_007,40,7,86
DEV_007_2024-12-11 08:00:00,2024-12-11 08:00:00,DEV_007,18,84,55
DEV_007_2024-12-11 09:00:00,2024-12-11 09:00:00,DEV_007,48,77,23
DEV_007_2024-12-11 10:00:00,2024-12-11 10:00:00,DEV_007,72,92,10
DEV_007_2024-12-11 11:00:00,2024-12-11 11:00:00,DEV_007,32,58,84
DEV_007_2024-12-11 12:00:00,2024-12-11 12:00:00,DEV_007,59,81,52
DEV_007_2024-12-11 13:00:00,2024-12-11 13:00:00,DEV_007,85,57,23
DEV_007_2024-12-11 14:00:00,2024-12-11 14:00:00,DEV_007,22,42,34
DEV_007_2024-12-11 15:00:00,2024-12-11 15:00:00,DEV_007,41,97,45
DEV_007_2024-12-11 16:00:00,2024-12-11 16:00:00,DEV_007,13,36,30
DEV_007_2024-12-11 17:00:00,2024-12-11 17:00:00,DEV_007,21,4,54
DEV_007_2024-12-11 18:00:00,2024-12-11 18:00:00,DEV_007,85,10,94
DEV_007_2024-12-11 19:00:00,2024-12-11 19:00:00,DEV_007,36,59,6
DEV_007_2024-12-11 20:00:00,2024-12-11 20:00:00,DEV_007,85,39,64
DEV_007_2024-12-11 21:00:00,2024-12-11 21:00:00,DEV_007,52,28,4
DEV_007_2024-12-11 22:00:00,2024-12-11 22:00:00,DEV_007,84,14,62
DEV_007_2024-12-11 23:00:00,2024-12-11 23:00:00,DEV_007,31,21,8
DEV_007_2024-12-12 00:00:00,2024-12-12 00:00:00,DEV_007,75,94,53
DEV_007_2024-12-12 01:00:00,2024-12-12 01:00:00,DEV_007,27,86,44
DEV_007_2024-12-12 02:00:00,2024-12-12 02:00:00,DEV_007,12,34,79
DEV_007_2024-12-12 03:00:00,2024-12-12 03:00:00,DEV_007,72,71,7
DEV_007_2024-12-12 04:00:00,2024-12-12 04:00:00,DEV_007,47,14,93
DEV_007_2024-12-12 05:00:00,2024-12-12 05:00:00,DEV_007,79,20,75
DEV_007_2024-12-12 06:00:00,2024-12-12 06:00:00,DEV_007,58,12,49
DEV_007_2024-12-12 07:00:00,2024-12-12 07:00:00,DEV_007,86,37,88
DEV_007_2024-12-12 08:00:00,2024-12-12 08:00:00,DEV_007,69,63,91
DEV_007_2024-12-12 09:00:00,2024-12-12 09:00:00,DEV_007,57,30,76
DEV_007_2024-12-12 10:00:00,2024-12-12 10:00:00,DEV_007,3,17,51
DEV_007_2024-12-12 11:00:00,2024-12-12 11:00:00,DEV_007,41,22,32
DEV_007_2024-12-12 12:00:00,2024-12-12 12:00:00,DEV_007,12,20,57
DEV_007_2024-12-12 13:00:00,2024-12-12 13:00:00,DEV_007,77,99,26
DEV_007_2024-12-12 14:00:00,2024-12-12 14:00:00,DEV_007,90,32,44
DEV_007_2024-12-12 15:00:00,2024-12-12 15:00:00,DEV_007,97,61,35
DEV_007_2024-12-12 16:00:00,2024-12-12 16:00:00,DEV_007,32,83,69
DEV_007_2024-12-12 17:00:00,2024-12-12 17:00:00,DEV_007,59,78,95
DEV_007_2024-12-12 18:00:00,2024-12-12 18:00:00,DEV_007,97,74,2
DEV_007_2024-12-12 19:00:00,2024-12-12 19:00:00,DEV_007,56,87,29
DEV_007_2024-12-12 20:00:00,2024-12-12 20:00:00,DEV_007,13,29,92
DEV_007_2024-12-12 21:00:00,2024-12-12 21:00:00,DEV_007,85,26,89
DEV_007_2024-12-12 22:00:00,2024-12-12 22:00:00,DEV_007,80,27,42
DEV_007_2024-12-12 23:00:00,2024-12-12 23:00:00,DEV_007,24,75,74
DEV_007_2024-12-13 00:00:00,2024-12-13 00:00:00,DEV_007,80,86,3
DEV_007_2024-12-13 01:00:00,2024-12-13 01:00:00,DEV_007,35,98,82
DEV_007_2024-12-13 02:00:00,2024-12-13 02:00:00,DEV_007,95,9,26
DEV_007_2024-12-13 03:00:00,2024-12-13 03:00:00,DEV_007,63,91,16
DEV_007_2024-12-13 04:00:00,2024-12-13 04:00:00,DEV_007,85,4,95
DEV_007_2024-12-13 05:00:00,2024-12-13 05:00:00,DEV_007,64,74,84
DEV_007_2024-12-13 06:00:00,2024-12-13 06:00:00,DEV_007,76,28,10
DEV_007_2024-12-13 07:00:00,2024-12-13 07:00:00,DEV_007,26,94,69
DEV_007_2024-12-13 08:00:00,2024-12-13 08:00:00,DEV_007,95,50,64
DEV_007_2024-12-13 09:00:00,2024-12-13 09:00:00,DEV_007,48,53,64
DEV_007_2024-12-13 10:00:00,2024-12-13 10:00:00,DEV_007,77,22,72
DEV_007_2024-12-13 11:00:00,2024-12-13 11:00:00,DEV_007,73,28,76
DEV_007_2024-12-13 12:00:00,2024-12-13 12:00:00,DEV_007,7,19,43
DEV_007_2024-12-13 13:00:00,2024-12-13 13:00:00,DEV_007,15,25,81
DEV_007_2024-12-13 14:00:00,2024-12-13 14:00:00,DEV_007,48,52,66
DEV_007_2024-12-13 15:00:00,2024-12-13 15:00:00,DEV_007,91,32,38
DEV_007_2024-12-13 16:00:00,2024-12-13 16:00:00,DEV_007,34,83,48
DEV_007_2024-12-13 17:00:00,2024-12-13 17:00:00,DEV_007,76,72,1
DEV_007_2024-12-13 18:00:00,2024-12-13 18:00:00,DEV_007,8,41,50
DEV_007_2024-12-13 19:00:00,2024-12-13 19:00:00,DEV_007,38,71,52
DEV_007_2024-12-13 20:00:00,2024-12-13 20:00:00,DEV_007,93,51,31
DEV_007_2024-12-13 21:00:00,2024-12-13 21:00:00,DEV_007,44,11,97
DEV_007_2024-12-13 22:00:00,2024-12-13 22:00:00,DEV_007,26,61,21
DEV_007_2024-12-13 23:00:00,2024-12-13 23:00:00,DEV_007,23,33,32
DEV_007_2024-12-14 00:00:00,2024-12-14 00:00:00,DEV_007,23,9,3
DEV_007_2024-12-14 01:00:00,2024-12-14 01:00:00,DEV_007,27,43,95
DEV_007_2024-12-14 02:00:00,2024-12-14 02:00:00,DEV_007,87,38,11
DEV_007_2024-12-14 03:00:00,2024-12-14 03:00:00,DEV_007,42,65,65
DEV_007_2024-12-14 04:00:00,2024-12-14 04:00:00,DEV_007,74,77,53
DEV_007_2024-12-14 05:00:00,2024-12-14 05:00:00,DEV_007,80,73,2
DEV_007_2024-12-14 06:00:00,2024-12-14 06:00:00,DEV_007,82,45,21
DEV_007_2024-12-14 07:00:00,2024-12-14 07:00:00,DEV_007,7,3,2
DEV_007_2024-12-14 08:00:00,2024-12-14 08:00:00,DEV_007,92,75,41
DEV_007_2024-12-14 09:00:00,2024-12-14 09:00:00,DEV_007,55,85,35
DEV_007_2024-12-14 10:00:00,2024-12-14 10:00:00,DEV_007,55,19,98
DEV_007_2024-12-14 11:00:00,2024-12-14 11:00:00,DEV_007,77,35,75
DEV_007_2024-12-14 12:00:00,2024-12-14 12:00:00,DEV_007,61,29,62
DEV_007_2024-12-14 13:00:00,2024-12-14 13:00:00,DEV_007,76,19,21
DEV_007_2024-12-14 14:00:00,2024-12-14 14:00:00,DEV_007,95,33,87
DEV_007_2024-12-14 15:00:00,2024-12-14 15:00:00,DEV_007,76,19,21
DEV_007_2024-12-14 16:00:00,2024-12-14 16:00:00,DEV_007,43,44,68
DEV_007_2024-12-14 17:00:00,2024-12-14 17:00:00,DEV_007,32,35,71
DEV_007_2024-12-14 18:00:00,2024-12-14 18:00:00,DEV_007,51,58,40
DEV_007_2024-12-14 19:00:00,2024-12-14 19:00:00,DEV_007,23,47,25
DEV_007_2024-12-14 20:00:00,2024-12-14 20:00:00,DEV_007,29,10,63
DEV_007_2024-12-14 21:00:00,2024-12-14 21:00:00,DEV_007,98,7,93
DEV_007_2024-12-14 22:00:00,2024-12-14 22:00:00,DEV_007,12,71,47
DEV_007_2024-12-14 23:00:00,2024-12-14 23:00:00,DEV_007,40,48,97
DEV_007_2024-12-15 00:00:00,2024-12-15 00:00:00,DEV_007,43,50,44
DEV_007_2024-12-15 01:00:00,2024-12-15 01:00:00,DEV_007,93,76,92
DEV_007_2024-12-15 02:00:00,2024-12-15 02:00:00,DEV_007,56,53,47
DEV_007_2024-12-15 03:00:00,2024-12-15 03:00:00,DEV_007,25,82,78
DEV_007_2024-12-15 04:00:00,2024-12-15 04:00:00,DEV_007,87,81,48
DEV_007_2024-12-15 05:00:00,2024-12-15 05:00:00,DEV_007,75,24,45
DEV_007_2024-12-15 06:00:00,2024-12-15 06:00:00,DEV_007,92,90,40
DEV_007_2024-12-15 07:00:00,2024-12-15 07:00:00,DEV_007,58,62,28
DEV_007_2024-12-15 08:00:00,2024-12-15 08:00:00,DEV_007,81,4,52
DEV_007_2024-12-15 09:00:00,2024-12-15 09:00:00,DEV_007,74,87,90
DEV_007_2024-12-15 10:00:00,2024-12-15 10:00:00,DEV_007,95,16,38
DEV_007_2024-12-15 11:00:00,2024-12-15 11:00:00,DEV_007,71,10,34
DEV_007_2024-12-15 12:00:00,2024-12-15 12:00:00,DEV_007,8,7,40
DEV_007_2024-12-15 13:00:00,2024-12-15 13:00:00,DEV_007,51,67,44
DEV_007_2024-12-15 14:00:00,2024-12-15 14:00:00,DEV_007,37,47,3
DEV_007_2024-12-15 15:00:00,2024-12-15 15:00:00,DEV_007,33,21,13
DEV_007_2024-12-15 16:00:00,2024-12-15 16:00:00,DEV_007,48,94,94
DEV_007_2024-12-15 17:00:00,2024-12-15 17:00:00,DEV_007,56,56,15
DEV_007_2024-12-15 18:00:00,2024-12-15 18:00:00,DEV_007,84,48,57
DEV_007_2024-12-15 19:00:00,2024-12-15 19:00:00,DEV_007,43,8,84
DEV_007_2024-12-15 20:00:00,2024-12-15 20:00:00,DEV_007,30,57,73
DEV_007_2024-12-15 21:00:00,2024-12-15 21:00:00,DEV_007,26,70,68
DEV_007_2024-12-15 22:00:00,2024-12-15 22:00:00,DEV_007,75,29,92
DEV_007_2024-12-15 23:00:00,2024-12-15 23:00:00,DEV_007,33,76,20
DEV_007_2024-12-16 00:00:00,2024-12-16 00:00:00,DEV_007,71,67,90
DEV_007_2024-12-16 01:00:00,2024-12-16 01:00:00,DEV_007,48,18,23
DEV_007_2024-12-16 02:00:00,2024-12-16 02:00:00,DEV_007,53,16,55
DEV_007_2024-12-16 03:00:00,2024-12-16 03:00:00,DEV_007,37,85,55
DEV_007_2024-12-16 04:00:00,2024-12-16 04:00:00,DEV_007,60,77,60
DEV_007_2024-12-16 05:00:00,2024-12-16 05:00:00,DEV_007,31,36,50
DEV_007_2024-12-16 06:00:00,2024-12-16 06:00:00,DEV_007,89,48,26
DEV_007_2024-12-16 07:00:00,2024-12-16 07:00:00,DEV_007,49,2,37
DEV_007_2024-12-16 08:00:00,2024-12-16 08:00:00,DEV_007,94,40,19
DEV_007_2024-12-16 09:00:00,2024-12-16 09:00:00,DEV_007,87,34,91
DEV_007_2024-12-16 10:00:00,2024-12-16 10:00:00,DEV_007,38,39,79
DEV_007_2024-12-16 11:00:00,2024-12-16 11:00:00,DEV_007,47,9,18
DEV_007_2024-12-16 12:00:00,2024-12-16 12:00:00,DEV_007,89,82,19
DEV_007_2024-12-16 13:00:00,2024-12-16 13:00:00,DEV_007,18,66,76
DEV_007_2024-12-16 14:00:00,2024-12-16 14:00:00,DEV_007,45,29,63
DEV_007_2024-12-16 15:00:00,2024-12-16 15:00:00,DEV_007,62,68,42
DEV_007_2024-12-16 16:00:00,2024-12-16 16:00:00,DEV_007,75,77,35
DEV_007_2024-12-16 17:00:00,2024-12-16 17:00:00,DEV_007,8,79,25
DEV_007_2024-12-16 18:00:00,2024-12-16 18:00:00,DEV_007,64,62,27
DEV_007_2024-12-16 19:00:00,2024-12-16 19:00:00,DEV_007,54,56,40
DEV_007_2024-12-16 20:00:00,2024-12-16 20:00:00,DEV_007,16,29,55
DEV_007_2024-12-16 21:00:00,2024-12-16 21:00:00,DEV_007,15,5,61
DEV_007_2024-12-16 22:00:00,2024-12-16 22:00:00,DEV_007,64,19,13
DEV_007_2024-12-16 23:00:00,2024-12-16 23:00:00,DEV_007,54,92,60
DEV_007_2024-12-17 00:00:00,2024-12-17 00:00:00,DEV_007,53,86,98
DEV_007_2024-12-17 01:00:00,2024-12-17 01:00:00,DEV_007,81,65,36
DEV_007_2024-12-17 02:00:00,2024-12-17 02:00:00,DEV_007,39,55,86
DEV_007_2024-12-17 03:00:00,2024-12-17 03:00:00,DEV_007,71,5,20
DEV_007_2024-12-17 04:00:00,2024-12-17 04:00:00,DEV_007,80,2,84
DEV_007_2024-12-17 05:00:00,2024-12-17 05:00:00,DEV_007,45,44,3
DEV_007_2024-12-17 06:00:00,2024-12-17 06:00:00,DEV_007,70,98,27
DEV_007_2024-12-17 07:00:00,2024-12-17 07:00:00,DEV_007,20,9,4
DEV_007_2024-12-17 08:00:00,2024-12-17 08:00:00,DEV_007,28,55,34
DEV_007_2024-12-17 09:00:00,2024-12-17 09:00:00,DEV_007,12,28,70
DEV_007_2024-12-17 10:00:00,2024-12-17 10:00:00,DEV_007,30,75,28
DEV_007_2024-12-17 11:00:00,2024-12-17 11:00:00,DEV_007,84,55,14
DEV_007_2024-12-17 12:00:00,2024-12-17 12:00:00,DEV_007,23,26,39
DEV_007_2024-12-17 13:00:00,2024-12-17 13:00:00,DEV_007,74,37,74
DEV_007_2024-12-17 14:00:00,2024-12-17 14:00:00,DEV_007,20,9,48
DEV_007_2024-12-17 15:00:00,2024-12-17 15:00:00,DEV_007,71,71,44
DEV_007_2024-12-17 16:00:00,2024-12-17 16:00:00,DEV_007,79,35,65
DEV_007_2024-12-17 17:00:00,2024-12-17 17:00:00,DEV_007,38,90,30
DEV_007_2024-12-17 18:00:00,2024-12-17 18:00:00,DEV_007,93,22,35
DEV_007_2024-12-17 19:00:00,2024-12-17 19:00:00,DEV_007,86,72,36
DEV_007_2024-12-17 20:00:00,2024-12-17 20:00:00,DEV_007,36,4,86
DEV_007_2024-12-17 21:00:00,2024-12-17 21:00:00,DEV_007,59,51,7
DEV_007_2024-12-17 22:00:00,2024-12-17 22:00:00,DEV_007,73,4,29
DEV_007_2024-12-17 23:00:00,2024-12-17 23:00:00,DEV_007,51,87,2
DEV_007_2024-12-18 00:00:00,2024-12-18 00:00:00,DEV_007,45,54,89
DEV_007_2024-12-18 01:00:00,2024-12-18 01:00:00,DEV_007,40,18,81
DEV_007_2024-12-18 02:00:00,2024-12-18 02:00:00,DEV_007,56,48,45
DEV_007_2024-12-18 03:00:00,2024-12-18 03:00:00,DEV_007,20,53,58
DEV_007_2024-12-18 04:00:00,2024-12-18 04:00:00,DEV_007,57,72,6
DEV_007_2024-12-18 05:00:00,2024-12-18 05:00:00,DEV_007,68,89,11
DEV_007_2024-12-18 06:00:00,2024-12-18 06:00:00,DEV_007,91,47,47
DEV_007_2024-12-18 07:00:00,2024-12-18 07:00:00,DEV_007,44,21,27
DEV_007_2024-12-18 08:00:00,2024-12-18 08:00:00,DEV_007,50,15,76
DEV_007_2024-12-18 09:00:00,2024-12-18 09:00:00,DEV_007,22,97,52
DEV_007_2024-12-18 10:00:00,2024-12-18 10:00:00,DEV_007,50,59,53
DEV_007_2024-12-18 11:00:00,2024-12-18 11:00:00,DEV_007,47,28,22
DEV_007_2024-12-18 12:00:00,2024-12-18 12:00:00,DEV_007,24,21,70
DEV_007_2024-12-18 13:00:00,2024-12-18 13:00:00,DEV_007,77,39,53
DEV_007_2024-12-18 14:00:00,2024-12-18 14:00:00,DEV_007,20,9,91
DEV_007_2024-12-18 15:00:00,2024-12-18 15:00:00,DEV_007,40,62,88
DEV_007_2024-12-18 16:00:00,2024-12-18 16:00:00,DEV_007,36,42,11
DEV_007_2024-12-18 17:00:00,2024-12-18 17:00:00,DEV_007,98,15,20
DEV_007_2024-12-18 18:00:00,2024-12-18 18:00:00,DEV_007,15,51,38
DEV_007_2024-12-18 19:00:00,2024-12-18 19:00:00,DEV_007,14,59,51
DEV_007_2024-12-18 20:00:00,2024-12-18 20:00:00,DEV_007,4,57,60
DEV_007_2024-12-18 21:00:00,2024-12-18 21:00:00,DEV_007,4,66,63
DEV_007_2024-12-18 22:00:00,2024-12-18 22:00:00,DEV_007,65,39,92
DEV_007_2024-12-18 23:00:00,2024-12-18 23:00:00,DEV_007,2,8,18
DEV_007_2024-12-19 00:00:00,2024-12-19 00:00:00,DEV_007,83,67,47
DEV_007_2024-12-19 01:00:00,2024-12-19 01:00:00,DEV_007,73,29,89
DEV_007_2024-12-19 02:00:00,2024-12-19 02:00:00,DEV_007,30,45,96
DEV_007_2024-12-19 03:00:00,2024-12-19 03:00:00,DEV_007,97,59,75
DEV_007_2024-12-19 04:00:00,2024-12-19 04:00:00,DEV_007,50,59,55
DEV_007_2024-12-19 05:00:00,2024-12-19 05:00:00,DEV_007,57,38,95
DEV_007_2024-12-19 06:00:00,2024-12-19 06:00:00,DEV_007,3,12,27
DEV_007_2024-12-19 07:00:00,2024-12-19 07:00:00,DEV_007,77,72,21
DEV_007_2024-12-19 08:00:00,2024-12-19 08:00:00,DEV_007,10,17,13
DEV_007_2024-12-19 09:00:00,2024-12-19 09:00:00,DEV_007,7,6,98
DEV_007_2024-12-19 10:00:00,2024-12-19 10:00:00,DEV_007,51,29,98
DEV_007_2024-12-19 11:00:00,2024-12-19 11:00:00,DEV_007,37,16,24
DEV_007_2024-12-19 12:00:00,2024-12-19 12:00:00,DEV_007,29,74,87
DEV_007_2024-12-19 13:00:00,2024-12-19 13:00:00,DEV_007,71,86,81
DEV_007_2024-12-19 14:00:00,2024-12-19 14:00:00,DEV_007,36,72,5
DEV_007_2024-12-19 15:00:00,2024-12-19 15:00:00,DEV_007,78,97,12
DEV_007_2024-12-19 16:00:00,2024-12-19 16:00:00,DEV_007,64,71,78
DEV_007_2024-12-19 17:00:00,2024-12-19 17:00:00,DEV_007,45,20,56
DEV_007_2024-12-19 18:00:00,2024-12-19 18:00:00,DEV_007,19,78,94
DEV_007_2024-12-19 19:00:00,2024-12-19 19:00:00,DEV_007,58,36,54
DEV_007_2024-12-19 20:00:00,2024-12-19 20:00:00,DEV_007,90,50,5
DEV_007_2024-12-19 21:00:00,2024-12-19 21:00:00,DEV_007,61,48,49
DEV_007_2024-12-19 22:00:00,2024-12-19 22:00:00,DEV_007,83,32,16
DEV_007_2024-12-19 23:00:00,2024-12-19 23:00:00,DEV_007,90,68,23
DEV_007_2024-12-20 00:00:00,2024-12-20 00:00:00,DEV_007,90,18,86
DEV_007_2024-12-20 01:00:00,2024-12-20 01:00:00,DEV_007,65,48,22
DEV_007_2024-12-20 02:00:00,2024-12-20 02:00:00,DEV_007,13,29,97
DEV_007_2024-12-20 03:00:00,2024-12-20 03:00:00,DEV_007,18,45,54
DEV_007_2024-12-20 04:00:00,2024-12-20 04:00:00,DEV_007,41,65,78
DEV_007_2024-12-20 05:00:00,2024-12-20 05:00:00,DEV_007,50,29,15
DEV_007_2024-12-20 06:00:00,2024-12-20 06:00:00,DEV_007,74,30,31
DEV_007_2024-12-20 07:00:00,2024-12-20 07:00:00,DEV_007,32,51,22
DEV_007_2024-12-20 08:00:00,2024-12-20 08:00:00,DEV_007,55,83,49
DEV_007_2024-12-20 09:00:00,2024-12-20 09:00:00,DEV_007,27,10,8
DEV_007_2024-12-20 10:00:00,2024-12-20 10:00:00,DEV_007,36,13,52
DEV_007_2024-12-20 11:00:00,2024-12-20 11:00:00,DEV_007,87,38,40
DEV_007_2024-12-20 12:00:00,2024-12-20 12:00:00,DEV_007,32,45,19
DEV_007_2024-12-20 13:00:00,2024-12-20 13:00:00,DEV_007,69,67,29
DEV_007_2024-12-20 14:00:00,2024-12-20 14:00:00,DEV_007,10,13,49
DEV_007_2024-12-20 15:00:00,2024-12-20 15:00:00,DEV_007,72,20,36
DEV_007_2024-12-20 16:00:00,2024-12-20 16:00:00,DEV_007,25,18,90
DEV_007_2024-12-20 17:00:00,2024-12-20 17:00:00,DEV_007,67,88,34
DEV_007_2024-12-20 18:00:00,2024-12-20 18:00:00,DEV_007,59,78,38
DEV_007_2024-12-20 19:00:00,2024-12-20 19:00:00,DEV_007,43,5,40
DEV_007_2024-12-20 20:00:00,2024-12-20 20:00:00,DEV_007,19,90,2
DEV_007_2024-12-20 21:00:00,2024-12-20 21:00:00,DEV_007,51,61,33
DEV_007_2024-12-20 22:00:00,2024-12-20 22:00:00,DEV_007,80,83,78
DEV_007_2024-12-20 23:00:00,2024-12-20 23:00:00,DEV_007,5,82,89
DEV_007_2024-12-21 00:00:00,2024-12-21 00:00:00,DEV_007,1,64,9
DEV_007_2024-12-21 01:00:00,2024-12-21 01:00:00,DEV_007,12,89,98
DEV_007_2024-12-21 02:00:00,2024-12-21 02:00:00,DEV_007,74,92,60
DEV_007_2024-12-21 03:00:00,2024-12-21 03:00:00,DEV_007,22,76,20
DEV_007_2024-12-21 04:00:00,2024-12-21 04:00:00,DEV_007,27,54,11
DEV_007_2024-12-21 05:00:00,2024-12-21 05:00:00,DEV_007,45,10,6
DEV_007_2024-12-21 06:00:00,2024-12-21 06:00:00,DEV_007,69,66,1
DEV_007_2024-12-21 07:00:00,2024-12-21 07:00:00,DEV_007,10,44,22
DEV_007_2024-12-21 08:00:00,2024-12-21 08:00:00,DEV_007,96,6,17
DEV_007_2024-12-21 09:00:00,2024-12-21 09:00:00,DEV_007,67,96,35
DEV_007_2024-12-21 10:00:00,2024-12-21 10:00:00,DEV_007,78,96,84
DEV_007_2024-12-21 11:00:00,2024-12-21 11:00:00,DEV_007,24,89,54
DEV_007_2024-12-21 12:00:00,2024-12-21 12:00:00,DEV_007,92,3,41
DEV_007_2024-12-21 13:00:00,2024-12-21 13:00:00,DEV_007,28,85,70
DEV_007_2024-12-21 14:00:00,2024-12-21 14:00:00,DEV_007,36,73,62
DEV_007_2024-12-21 15:00:00,2024-12-21 15:00:00,DEV_007,23,47,95
DEV_007_2024-12-21 16:00:00,2024-12-21 16:00:00,DEV_007,88,17,90
DEV_007_2024-12-21 17:00:00,2024-12-21 17:00:00,DEV_007,41,98,5
DEV_007_2024-12-21 18:00:00,2024-12-21 18:00:00,DEV_007,62,57,66
DEV_007_2024-12-21 19:00:00,2024-12-21 19:00:00,DEV_007,86,5,90
DEV_007_2024-12-21 20:00:00,2024-12-21 20:00:00,DEV_007,85,66,99
DEV_007_2024-12-21 21:00:00,2024-12-21 21:00:00,DEV_007,85,15,78
DEV_007_2024-12-21 22:00:00,2024-12-21 22:00:00,DEV_007,26,8,45
DEV_007_2024-12-21 23:00:00,2024-12-21 23:00:00,DEV_007,62,16,22
DEV_007_2024-12-22 00:00:00,2024-12-22 00:00:00,DEV_007,49,56,23
DEV_007_2024-12-22 01:00:00,2024-12-22 01:00:00,DEV_007,8,71,92
DEV_007_2024-12-22 02:00:00,2024-12-22 02:00:00,DEV_007,26,22,92
DEV_007_2024-12-22 03:00:00,2024-12-22 03:00:00,DEV_007,53,26,36
DEV_007_2024-12-22 04:00:00,2024-12-22 04:00:00,DEV_007,35,73,76
DEV_007_2024-12-22 05:00:00,2024-12-22 05:00:00,DEV_007,77,82,99
DEV_007_2024-12-22 06:00:00,2024-12-22 06:00:00,DEV_007,66,3,45
DEV_007_2024-12-22 07:00:00,2024-12-22 07:00:00,DEV_007,71,36,26
DEV_007_2024-12-22 08:00:00,2024-12-22 08:00:00,DEV_007,86,82,36
DEV_007_2024-12-22 09:00:00,2024-12-22 09:00:00,DEV_007,90,56,63
DEV_007_2024-12-22 10:00:00,2024-12-22 10:00:00,DEV_007,7,44,58
DEV_007_2024-12-22 11:00:00,2024-12-22 11:00:00,DEV_007,34,26,46
DEV_007_2024-12-22 12:00:00,2024-12-22 12:00:00,DEV_007,9,40,35
DEV_007_2024-12-22 13:00:00,2024-12-22 13:00:00,DEV_007,45,37,13
DEV_007_2024-12-22 14:00:00,2024-12-22 14:00:00,DEV_007,44,43,10
DEV_007_2024-12-22 15:00:00,2024-12-22 15:00:00,DEV_007,56,47,46
DEV_007_2024-12-22 16:00:00,2024-12-22 16:00:00,DEV_007,76,2,17
DEV_007_2024-12-22 17:00:00,2024-12-22 17:00:00,DEV_007,70,63,59
DEV_007_2024-12-22 18:00:00,2024-12-22 18:00:00,DEV_007,99,55,10
DEV_007_2024-12-22 19:00:00,2024-12-22 19:00:00,DEV_007,15,51,99
DEV_007_2024-12-22 20:00:00,2024-12-22 20:00:00,DEV_007,89,47,91
DEV_007_2024-12-22 21:00:00,2024-12-22 21:00:00,DEV_007,18,5,40
DEV_007_2024-12-22 22:00:00,2024-12-22 22:00:00,DEV_007,21,49,29
DEV_007_2024-12-22 23:00:00,2024-12-22 23:00:00,DEV_007,75,16,86
DEV_007_2024-12-23 00:00:00,2024-12-23 00:00:00,DEV_007,44,98,71
DEV_007_2024-12-23 01:00:00,2024-12-23 01:00:00,DEV_007,21,50,24
DEV_007_2024-12-23 02:00:00,2024-12-23 02:00:00,DEV_007,85,36,86
DEV_007_2024-12-23 03:00:00,2024-12-23 03:00:00,DEV_007,50,3,52
DEV_007_2024-12-23 04:00:00,2024-12-23 04:00:00,DEV_007,75,34,90
DEV_007_2024-12-23 05:00:00,2024-12-23 05:00:00,DEV_007,23,32,84
DEV_007_2024-12-23 06:00:00,2024-12-23 06:00:00,DEV_007,9,26,47
DEV_007_2024-12-23 07:00:00,2024-12-23 07:00:00,DEV_007,15,87,31
DEV_007_2024-12-23 08:00:00,2024-12-23 08:00:00,DEV_007,28,52,9
DEV_007_2024-12-23 09:00:00,2024-12-23 09:00:00,DEV_007,5,16,58
DEV_007_2024-12-23 10:00:00,2024-12-23 10:00:00,DEV_007,33,94,16
DEV_007_2024-12-23 11:00:00,2024-12-23 11:00:00,DEV_007,74,22,92
DEV_007_2024-12-23 12:00:00,2024-12-23 12:00:00,DEV_007,55,88,34
DEV_007_2024-12-23 13:00:00,2024-12-23 13:00:00,DEV_007,78,47,71
DEV_007_2024-12-23 14:00:00,2024-12-23 14:00:00,DEV_007,84,76,68
DEV_007_2024-12-23 15:00:00,2024-12-23 15:00:00,DEV_007,2,13,12
DEV_007_2024-12-23 16:00:00,2024-12-23 16:00:00,DEV_007,61,72,40
DEV_007_2024-12-23 17:00:00,2024-12-23 17:00:00,DEV_007,66,85,77
DEV_007_2024-12-23 18:00:00,2024-12-23 18:00:00,DEV_007,6,6,22
DEV_007_2024-12-23 19:00:00,2024-12-23 19:00:00,DEV_007,15,98,21
DEV_007_2024-12-23 20:00:00,2024-12-23 20:00:00,DEV_007,89,40,72
DEV_007_2024-12-23 21:00:00,2024-12-23 21:00:00,DEV_007,74,16,11
DEV_007_2024-12-23 22:00:00,2024-12-23 22:00:00,DEV_007,58,5,84
DEV_007_2024-12-23 23:00:00,2024-12-23 23:00:00,DEV_007,87,30,57
DEV_007_2024-12-24 00:00:00,2024-12-24 00:00:00,DEV_007,29,54,65
DEV_007_2024-12-24 01:00:00,2024-12-24 01:00:00,DEV_007,26,19,39
DEV_007_2024-12-24 02:00:00,2024-12-24 02:00:00,DEV_007,4,20,41
DEV_007_2024-12-24 03:00:00,2024-12-24 03:00:00,DEV_007,63,35,68
DEV_007_2024-12-24 04:00:00,2024-12-24 04:00:00,DEV_007,10,46,46
DEV_007_2024-12-24 05:00:00,2024-12-24 05:00:00,DEV_007,39,57,34
DEV_007_2024-12-24 06:00:00,2024-12-24 06:00:00,DEV_007,37,31,33
DEV_007_2024-12-24 07:00:00,2024-12-24 07:00:00,DEV_007,75,15,76
DEV_007_2024-12-24 08:00:00,2024-12-24 08:00:00,DEV_007,73,71,84
DEV_007_2024-12-24 09:00:00,2024-12-24 09:00:00,DEV_007,2,32,54
DEV_007_2024-12-24 10:00:00,2024-12-24 10:00:00,DEV_007,91,34,26
DEV_007_2024-12-24 11:00:00,2024-12-24 11:00:00,DEV_007,4,14,72
DEV_007_2024-12-24 12:00:00,2024-12-24 12:00:00,DEV_007,38,58,19
DEV_007_2024-12-24 13:00:00,2024-12-24 13:00:00,DEV_007,62,42,26
DEV_007_2024-12-24 14:00:00,2024-12-24 14:00:00,DEV_007,87,83,86
DEV_007_2024-12-24 15:00:00,2024-12-24 15:00:00,DEV_007,2,17,68
DEV_007_2024-12-24 16:00:00,2024-12-24 16:00:00,DEV_007,98,31,2
DEV_007_2024-12-24 17:00:00,2024-12-24 17:00:00,DEV_007,53,48,69
DEV_007_2024-12-24 18:00:00,2024-12-24 18:00:00,DEV_007,63,95,50
DEV_007_2024-12-24 19:00:00,2024-12-24 19:00:00,DEV_007,96,83,27
DEV_007_2024-12-24 20:00:00,2024-12-24 20:00:00,DEV_007,83,81,81
DEV_007_2024-12-24 21:00:00,2024-12-24 21:00:00,DEV_007,76,34,37
DEV_007_2024-12-24 22:00:00,2024-12-24 22:00:00,DEV_007,96,36,80
DEV_007_2024-12-24 23:00:00,2024-12-24 23:00:00,DEV_007,74,46,80
DEV_007_2024-12-25 00:00:00,2024-12-25 00:00:00,DEV_007,91,42,70
DEV_007_2024-12-25 01:00:00,2024-12-25 01:00:00,DEV_007,86,73,8
DEV_007_2024-12-25 02:00:00,2024-12-25 02:00:00,DEV_007,39,76,76
DEV_007_2024-12-25 03:00:00,2024-12-25 03:00:00,DEV_007,64,49,83
DEV_007_2024-12-25 04:00:00,2024-12-25 04:00:00,DEV_007,77,44,91
DEV_007_2024-12-25 05:00:00,2024-12-25 05:00:00,DEV_007,26,27,71
DEV_007_2024-12-25 06:00:00,2024-12-25 06:00:00,DEV_007,74,10,29
DEV_007_2024-12-25 07:00:00,2024-12-25 07:00:00,DEV_007,29,60,26
DEV_007_2024-12-25 08:00:00,2024-12-25 08:00:00,DEV_007,31,48,80
DEV_007_2024-12-25 09:00:00,2024-12-25 09:00:00,DEV_007,12,96,62
DEV_007_2024-12-25 10:00:00,2024-12-25 10:00:00,DEV_007,62,89,74
DEV_007_2024-12-25 11:00:00,2024-12-25 11:00:00,DEV_007,58,49,72
DEV_007_2024-12-25 12:00:00,2024-12-25 12:00:00,DEV_007,82,77,49
DEV_007_2024-12-25 13:00:00,2024-12-25 13:00:00,DEV_007,71,74,24
DEV_007_2024-12-25 14:00:00,2024-12-25 14:00:00,DEV_007,84,81,94
DEV_007_2024-12-25 15:00:00,2024-12-25 15:00:00,DEV_007,55,15,95
DEV_007_2024-12-25 16:00:00,2024-12-25 16:00:00,DEV_007,33,18,59
DEV_007_2024-12-25 17:00:00,2024-12-25 17:00:00,DEV_007,49,15,61
DEV_007_2024-12-25 18:00:00,2024-12-25 18:00:00,DEV_007,75,26,80
DEV_007_2024-12-25 19:00:00,2024-12-25 19:00:00,DEV_007,66,90,21
DEV_007_2024-12-25 20:00:00,2024-12-25 20:00:00,DEV_007,14,8,41
DEV_007_2024-12-25 21:00:00,2024-12-25 21:00:00,DEV_007,28,93,99
DEV_007_2024-12-25 22:00:00,2024-12-25 22:00:00,DEV_007,19,84,84
DEV_007_2024-12-25 23:00:00,2024-12-25 23:00:00,DEV_007,74,85,71
DEV_007_2024-12-26 00:00:00,2024-12-26 00:00:00,DEV_007,95,90,37
DEV_007_2024-12-26 01:00:00,2024-12-26 01:00:00,DEV_007,23,66,62
DEV_007_2024-12-26 02:00:00,2024-12-26 02:00:00,DEV_007,78,56,53
DEV_007_2024-12-26 03:00:00,2024-12-26 03:00:00,DEV_007,15,98,75
DEV_007_2024-12-26 04:00:00,2024-12-26 04:00:00,DEV_007,1,29,43
DEV_007_2024-12-26 05:00:00,2024-12-26 05:00:00,DEV_007,83,32,57
DEV_007_2024-12-26 06:00:00,2024-12-26 06:00:00,DEV_007,2,42,35
DEV_007_2024-12-26 07:00:00,2024-12-26 07:00:00,DEV_007,46,39,80
DEV_007_2024-12-26 08:00:00,2024-12-26 08:00:00,DEV_007,51,45,39
DEV_007_2024-12-26 09:00:00,2024-12-26 09:00:00,DEV_007,37,88,9
DEV_007_2024-12-26 10:00:00,2024-12-26 10:00:00,DEV_007,41,50,49
DEV_007_2024-12-26 11:00:00,2024-12-26 11:00:00,DEV_007,10,78,92
DEV_007_2024-12-26 12:00:00,2024-12-26 12:00:00,DEV_007,13,2,24
DEV_007_2024-12-26 13:00:00,2024-12-26 13:00:00,DEV_007,66,8,67
DEV_007_2024-12-26 14:00:00,2024-12-26 14:00:00,DEV_007,3,42,38
DEV_007_2024-12-26 15:00:00,2024-12-26 15:00:00,DEV_007,98,14,51
DEV_007_2024-12-26 16:00:00,2024-12-26 16:00:00,DEV_007,57,86,73
DEV_007_2024-12-26 17:00:00,2024-12-26 17:00:00,DEV_007,17,19,63
DEV_007_2024-12-26 18:00:00,2024-12-26 18:00:00,DEV_007,39,35,30
DEV_007_2024-12-26 19:00:00,2024-12-26 19:00:00,DEV_007,41,92,23
DEV_007_2024-12-26 20:00:00,2024-12-26 20:00:00,DEV_007,13,62,87
DEV_007_2024-12-26 21:00:00,2024-12-26 21:00:00,DEV_007,81,62,10
DEV_007_2024-12-26 22:00:00,2024-12-26 22:00:00,DEV_007,66,68,43
DEV_007_2024-12-26 23:00:00,2024-12-26 23:00:00,DEV_007,8,95,71
DEV_007_2024-12-27 00:00:00,2024-12-27 00:00:00,DEV_007,89,44,61
DEV_007_2024-12-27 01:00:00,2024-12-27 01:00:00,DEV_007,8,60,56
DEV_007_2024-12-27 02:00:00,2024-12-27 02:00:00,DEV_007,16,97,30
DEV_007_2024-12-27 03:00:00,2024-12-27 03:00:00,DEV_007,21,89,28
DEV_007_2024-12-27 04:00:00,2024-12-27 04:00:00,DEV_007,6,98,48
DEV_007_2024-12-27 05:00:00,2024-12-27 05:00:00,DEV_007,49,76,8
DEV_007_2024-12-27 06:00:00,2024-12-27 06:00:00,DEV_007,93,35,74
DEV_007_2024-12-27 07:00:00,2024-12-27 07:00:00,DEV_007,72,32,14
DEV_007_2024-12-27 08:00:00,2024-12-27 08:00:00,DEV_007,69,30,29
DEV_007_2024-12-27 09:00:00,2024-12-27 09:00:00,DEV_007,45,53,93
DEV_007_2024-12-27 10:00:00,2024-12-27 10:00:00,DEV_007,78,88,78
DEV_007_2024-12-27 11:00:00,2024-12-27 11:00:00,DEV_007,33,72,57
DEV_007_2024-12-27 12:00:00,2024-12-27 12:00:00,DEV_007,40,27,28
DEV_007_2024-12-27 13:00:00,2024-12-27 13:00:00,DEV_007,65,60,14
DEV_007_2024-12-27 14:00:00,2024-12-27 14:00:00,DEV_007,56,60,9
DEV_007_2024-12-27 15:00:00,2024-12-27 15:00:00,DEV_007,39,5,72
DEV_007_2024-12-27 16:00:00,2024-12-27 16:00:00,DEV_007,54,83,71
DEV_007_2024-12-27 17:00:00,2024-12-27 17:00:00,DEV_007,90,47,57
DEV_007_2024-12-27 18:00:00,2024-12-27 18:00:00,DEV_007,59,7,75
DEV_007_2024-12-27 19:00:00,2024-12-27 19:00:00,DEV_007,36,55,94
DEV_007_2024-12-27 20:00:00,2024-12-27 20:00:00,DEV_007,43,88,10
DEV_007_2024-12-27 21:00:00,2024-12-27 21:00:00,DEV_007,23,41,41
DEV_007_2024-12-27 22:00:00,2024-12-27 22:00:00,DEV_007,24,89,47
DEV_007_2024-12-27 23:00:00,2024-12-27 23:00:00,DEV_007,1,85,5
DEV_007_2024-12-28 00:00:00,2024-12-28 00:00:00,DEV_007,66,94,9
DEV_007_2024-12-28 01:00:00,2024-12-28 01:00:00,DEV_007,85,34,52
DEV_007_2024-12-28 02:00:00,2024-12-28 02:00:00,DEV_007,88,97,1
DEV_007_2024-12-28 03:00:00,2024-12-28 03:00:00,DEV_007,8,41,12
DEV_007_2024-12-28 04:00:00,2024-12-28 04:00:00,DEV_007,2,73,42
DEV_007_2024-12-28 05:00:00,2024-12-28 05:00:00,DEV_007,98,70,1
DEV_007_2024-12-28 06:00:00,2024-12-28 06:00:00,DEV_007,87,99,36
DEV_007_2024-12-28 07:00:00,2024-12-28 07:00:00,DEV_007,38,17,59
DEV_007_2024-12-28 08:00:00,2024-12-28 08:00:00,DEV_007,89,3,87
DEV_007_2024-12-28 09:00:00,2024-12-28 09:00:00,DEV_007,81,16,95
DEV_007_2024-12-28 10:00:00,2024-12-28 10:00:00,DEV_007,70,83,82
DEV_007_2024-12-28 11:00:00,2024-12-28 11:00:00,DEV_007,34,34,40
DEV_007_2024-12-28 12:00:00,2024-12-28 12:00:00,DEV_007,35,68,25
DEV_007_2024-12-28 13:00:00,2024-12-28 13:00:00,DEV_007,86,17,91
DEV_007_2024-12-28 14:00:00,2024-12-28 14:00:00,DEV_007,13,11,27
DEV_007_2024-12-28 15:00:00,2024-12-28 15:00:00,DEV_007,50,54,81
DEV_007_2024-12-28 16:00:00,2024-12-28 16:00:00,DEV_007,85,95,12
DEV_007_2024-12-28 17:00:00,2024-12-28 17:00:00,DEV_007,95,99,17
DEV_007_2024-12-28 18:00:00,2024-12-28 18:00:00,DEV_007,27,53,71
DEV_007_2024-12-28 19:00:00,2024-12-28 19:00:00,DEV_007,32,47,6
DEV_007_2024-12-28 20:00:00,2024-12-28 20:00:00,DEV_007,97,42,54
DEV_007_2024-12-28 21:00:00,2024-12-28 21:00:00,DEV_007,65,18,69
DEV_007_2024-12-28 22:00:00,2024-12-28 22:00:00,DEV_007,64,29,77
DEV_007_2024-12-28 23:00:00,2024-12-28 23:00:00,DEV_007,32,42,78
DEV_007_2024-12-29 00:00:00,2024-12-29 00:00:00,DEV_007,22,81,32
DEV_007_2024-12-29 01:00:00,2024-12-29 01:00:00,DEV_007,48,20,9
DEV_007_2024-12-29 02:00:00,2024-12-29 02:00:00,DEV_007,1,73,6
DEV_007_2024-12-29 03:00:00,2024-12-29 03:00:00,DEV_007,78,13,99
DEV_007_2024-12-29 04:00:00,2024-12-29 04:00:00,DEV_007,7,47,38
DEV_007_2024-12-29 05:00:00,2024-12-29 05:00:00,DEV_007,73,58,54
DEV_007_2024-12-29 06:00:00,2024-12-29 06:00:00,DEV_007,98,65,15
DEV_007_2024-12-29 07:00:00,2024-12-29 07:00:00,DEV_007,39,66,58
DEV_007_2024-12-29 08:00:00,2024-12-29 08:00:00,DEV_007,11,37,60
DEV_007_2024-12-29 09:00:00,2024-12-29 09:00:00,DEV_007,9,10,61
DEV_007_2024-12-29 10:00:00,2024-12-29 10:00:00,DEV_007,45,89,71
DEV_007_2024-12-29 11:00:00,2024-12-29 11:00:00,DEV_007,47,71,33
DEV_007_2024-12-29 12:00:00,2024-12-29 12:00:00,DEV_007,22,57,77
DEV_007_2024-12-29 13:00:00,2024-12-29 13:00:00,DEV_007,72,20,55
DEV_007_2024-12-29 14:00:00,2024-12-29 14:00:00,DEV_007,58,45,15
DEV_007_2024-12-29 15:00:00,2024-12-29 15:00:00,DEV_007,27,44,78
DEV_007_2024-12-29 16:00:00,2024-12-29 16:00:00,DEV_007,57,65,65
DEV_007_2024-12-29 17:00:00,2024-12-29 17:00:00,DEV_007,69,33,46
DEV_007_2024-12-29 18:00:00,2024-12-29 18:00:00,DEV_007,13,42,64
DEV_007_2024-12-29 19:00:00,2024-12-29 19:00:00,DEV_007,91,90,86
DEV_007_2024-12-29 20:00:00,2024-12-29 20:00:00,DEV_007,9,74,3
DEV_007_2024-12-29 21:00:00,2024-12-29 21:00:00,DEV_007,52,79,39
DEV_007_2024-12-29 22:00:00,2024-12-29 22:00:00,DEV_007,91,14,41
DEV_007_2024-12-29 23:00:00,2024-12-29 23:00:00,DEV_007,2,59,69
DEV_008_2024-09-01 00:00:00,2024-09-01 00:00:00,DEV_008,15,49,68
DEV_008_2024-09-01 04:00:00,2024-09-01 04:00:00,DEV_008,16,23,59
DEV_008_2024-09-01 08:00:00,2024-09-01 08:00:00,DEV_008,32,33,37
DEV_008_2024-09-01 12:00:00,2024-09-01 12:00:00,DEV_008,27,42,64
DEV_008_2024-09-01 16:00:00,2024-09-01 16:00:00,DEV_008,30,69,75
DEV_008_2024-09-01 20:00:00,2024-09-01 20:00:00,DEV_008,7,45,29
DEV_008_2024-09-02 00:00:00,2024-09-02 00:00:00,DEV_008,1,84,63
DEV_008_2024-09-02 04:00:00,2024-09-02 04:00:00,DEV_008,22,3,59
DEV_008_2024-09-02 08:00:00,2024-09-02 08:00:00,DEV_008,54,55,69
DEV_008_2024-09-02 12:00:00,2024-09-02 12:00:00,DEV_008,91,96,39
DEV_008_2024-09-02 16:00:00,2024-09-02 16:00:00,DEV_008,8,10,19
DEV_008_2024-09-02 20:00:00,2024-09-02 20:00:00,DEV_008,33,43,47
DEV_008_2024-09-03 00:00:00,2024-09-03 00:00:00,DEV_008,7,67,8
DEV_008_2024-09-03 04:00:00,2024-09-03 04:00:00,DEV_008,74,96,97
DEV_008_2024-09-03 08:00:00,2024-09-03 08:00:00,DEV_008,86,31,47
DEV_008_2024-09-03 12:00:00,2024-09-03 12:00:00,DEV_008,34,84,13
DEV_008_2024-09-03 16:00:00,2024-09-03 16:00:00,DEV_008,34,7,60
DEV_008_2024-09-03 20:00:00,2024-09-03 20:00:00,DEV_008,12,98,60
DEV_008_2024-09-04 00:00:00,2024-09-04 00:00:00,DEV_008,25,3,40
DEV_008_2024-09-04 04:00:00,2024-09-04 04:00:00,DEV_008,66,39,98
DEV_008_2024-09-04 08:00:00,2024-09-04 08:00:00,DEV_008,83,72,29
DEV_008_2024-09-04 12:00:00,2024-09-04 12:00:00,DEV_008,76,76,92
DEV_008_2024-09-04 16:00:00,2024-09-04 16:00:00,DEV_008,88,75,91
DEV_008_2024-09-04 20:00:00,2024-09-04 20:00:00,DEV_008,98,44,58
DEV_008_2024-09-05 00:00:00,2024-09-05 00:00:00,DEV_008,4,94,16
DEV_008_2024-09-05 04:00:00,2024-09-05 04:00:00,DEV_008,35,39,10
DEV_008_2024-09-05 08:00:00,2024-09-05 08:00:00,DEV_008,84,48,6
DEV_008_2024-09-05 12:00:00,2024-09-05 12:00:00,DEV_008,19,94,82
DEV_008_2024-09-05 16:00:00,2024-09-05 16:00:00,DEV_008,63,54,85
DEV_008_2024-09-05 20:00:00,2024-09-05 20:00:00,DEV_008,28,85,72
DEV_008_2024-09-06 00:00:00,2024-09-06 00:00:00,DEV_008,77,11,82
DEV_008_2024-09-06 04:00:00,2024-09-06 04:00:00,DEV_008,42,1,81
DEV_008_2024-09-06 08:00:00,2024-09-06 08:00:00,DEV_008,87,55,42
DEV_008_2024-09-06 12:00:00,2024-09-06 12:00:00,DEV_008,10,41,93
DEV_008_2024-09-06 16:00:00,2024-09-06 16:00:00,DEV_008,46,11,11
DEV_008_2024-09-06 20:00:00,2024-09-06 20:00:00,DEV_008,4,15,7
DEV_008_2024-09-07 00:00:00,2024-09-07 00:00:00,DEV_008,68,94,26
DEV_008_2024-09-07 04:00:00,2024-09-07 04:00:00,DEV_008,67,34,30
DEV_008_2024-09-07 08:00:00,2024-09-07 08:00:00,DEV_008,38,75,72
DEV_008_2024-09-07 12:00:00,2024-09-07 12:00:00,DEV_008,31,72,37
DEV_008_2024-09-07 16:00:00,2024-09-07 16:00:00,DEV_008,60,40,64
DEV_008_2024-09-07 20:00:00,2024-09-07 20:00:00,DEV_008,5,74,56
DEV_008_2024-09-08 00:00:00,2024-09-08 00:00:00,DEV_008,72,25,17
DEV_008_2024-09-08 04:00:00,2024-09-08 04:00:00,DEV_008,85,29,83
DEV_008_2024-09-08 08:00:00,2024-09-08 08:00:00,DEV_008,20,18,65
DEV_008_2024-09-08 12:00:00,2024-09-08 12:00:00,DEV_008,17,13,36
DEV_008_2024-09-08 16:00:00,2024-09-08 16:00:00,DEV_008,40,13,36
DEV_008_2024-09-08 20:00:00,2024-09-08 20:00:00,DEV_008,40,20,99
DEV_008_2024-09-09 00:00:00,2024-09-09 00:00:00,DEV_008,3,27,15
DEV_008_2024-09-09 04:00:00,2024-09-09 04:00:00,DEV_008,92,85,96
DEV_008_2024-09-09 08:00:00,2024-09-09 08:00:00,DEV_008,47,6,61
DEV_008_2024-09-09 12:00:00,2024-09-09 12:00:00,DEV_008,18,1,88
DEV_008_2024-09-09 16:00:00,2024-09-09 16:00:00,DEV_008,87,85,88
DEV_008_2024-09-09 20:00:00,2024-09-09 20:00:00,DEV_008,17,77,40
DEV_008_2024-09-10 00:00:00,2024-09-10 00:00:00,DEV_008,92,34,64
DEV_008_2024-09-10 04:00:00,2024-09-10 04:00:00,DEV_008,89,35,53
DEV_008_2024-09-10 08:00:00,2024-09-10 08:00:00,DEV_008,36,18,95
DEV_008_2024-09-10 12:00:00,2024-09-10 12:00:00,DEV_008,15,85,99
DEV_008_2024-09-10 16:00:00,2024-09-10 16:00:00,DEV_008,33,89,6
DEV_008_2024-09-10 20:00:00,2024-09-10 20:00:00,DEV_008,15,52,15
DEV_008_2024-09-11 00:00:00,2024-09-11 00:00:00,DEV_008,71,4,38
DEV_008_2024-09-11 04:00:00,2024-09-11 04:00:00,DEV_008,6,27,70
DEV_008_2024-09-11 08:00:00,2024-09-11 08:00:00,DEV_008,22,18,89
DEV_008_2024-09-11 12:00:00,2024-09-11 12:00:00,DEV_008,48,1,61
DEV_008_2024-09-11 16:00:00,2024-09-11 16:00:00,DEV_008,77,19,66
DEV_008_2024-09-11 20:00:00,2024-09-11 20:00:00,DEV_008,96,49,49
DEV_008_2024-09-12 00:00:00,2024-09-12 00:00:00,DEV_008,97,5,99
DEV_008_2024-09-12 04:00:00,2024-09-12 04:00:00,DEV_008,41,82,62
DEV_008_2024-09-12 08:00:00,2024-09-12 08:00:00,DEV_008,20,77,74
DEV_008_2024-09-12 12:00:00,2024-09-12 12:00:00,DEV_008,56,17,4
DEV_008_2024-09-12 16:00:00,2024-09-12 16:00:00,DEV_008,48,23,85
DEV_008_2024-09-12 20:00:00,2024-09-12 20:00:00,DEV_008,58,1,51
DEV_008_2024-09-13 00:00:00,2024-09-13 00:00:00,DEV_008,99,59,6
DEV_008_2024-09-13 04:00:00,2024-09-13 04:00:00,DEV_008,21,83,37
DEV_008_2024-09-13 08:00:00,2024-09-13 08:00:00,DEV_008,84,55,11
DEV_008_2024-09-13 12:00:00,2024-09-13 12:00:00,DEV_008,50,64,70
DEV_008_2024-09-13 16:00:00,2024-09-13 16:00:00,DEV_008,18,30,19
DEV_008_2024-09-13 20:00:00,2024-09-13 20:00:00,DEV_008,30,17,61
DEV_008_2024-09-14 00:00:00,2024-09-14 00:00:00,DEV_008,6,18,14
DEV_008_2024-09-14 04:00:00,2024-09-14 04:00:00,DEV_008,5,4,9
DEV_008_2024-09-14 08:00:00,2024-09-14 08:00:00,DEV_008,35,43,66
DEV_008_2024-09-14 12:00:00,2024-09-14 12:00:00,DEV_008,72,42,28
DEV_008_2024-09-14 16:00:00,2024-09-14 16:00:00,DEV_008,81,72,92
DEV_008_2024-09-14 20:00:00,2024-09-14 20:00:00,DEV_008,94,73,19
DEV_008_2024-09-15 00:00:00,2024-09-15 00:00:00,DEV_008,75,17,60
DEV_008_2024-09-15 04:00:00,2024-09-15 04:00:00,DEV_008,32,76,34
DEV_008_2024-09-15 08:00:00,2024-09-15 08:00:00,DEV_008,77,68,73
DEV_008_2024-09-15 12:00:00,2024-09-15 12:00:00,DEV_008,19,37,68
DEV_008_2024-09-15 16:00:00,2024-09-15 16:00:00,DEV_008,57,73,68
DEV_008_2024-09-15 20:00:00,2024-09-15 20:00:00,DEV_008,84,30,54
DEV_008_2024-09-16 00:00:00,2024-09-16 00:00:00,DEV_008,18,30,63
DEV_008_2024-09-16 04:00:00,2024-09-16 04:00:00,DEV_008,73,31,96
DEV_008_2024-09-16 08:00:00,2024-09-16 08:00:00,DEV_008,41,24,73
DEV_008_2024-09-16 12:00:00,2024-09-16 12:00:00,DEV_008,12,66,72
DEV_008_2024-09-16 16:00:00,2024-09-16 16:00:00,DEV_008,62,44,86
DEV_008_2024-09-16 20:00:00,2024-09-16 20:00:00,DEV_008,89,11,92
DEV_008_2024-09-17 00:00:00,2024-09-17 00:00:00,DEV_008,60,81,14
DEV_008_2024-09-17 04:00:00,2024-09-17 04:00:00,DEV_008,45,45,50
DEV_008_2024-09-17 08:00:00,2024-09-17 08:00:00,DEV_008,33,44,41
DEV_008_2024-09-17 12:00:00,2024-09-17 12:00:00,DEV_008,85,5,59
DEV_008_2024-09-17 16:00:00,2024-09-17 16:00:00,DEV_008,38,97,32
DEV_008_2024-09-17 20:00:00,2024-09-17 20:00:00,DEV_008,18,85,12
DEV_008_2024-09-18 00:00:00,2024-09-18 00:00:00,DEV_008,49,55,35
DEV_008_2024-09-18 04:00:00,2024-09-18 04:00:00,DEV_008,25,23,72
DEV_008_2024-09-18 08:00:00,2024-09-18 08:00:00,DEV_008,94,25,5
DEV_008_2024-09-18 12:00:00,2024-09-18 12:00:00,DEV_008,97,47,97
DEV_008_2024-09-18 16:00:00,2024-09-18 16:00:00,DEV_008,30,13,77
DEV_008_2024-09-18 20:00:00,2024-09-18 20:00:00,DEV_008,6,23,62
DEV_008_2024-09-19 00:00:00,2024-09-19 00:00:00,DEV_008,93,16,19
DEV_008_2024-09-19 04:00:00,2024-09-19 04:00:00,DEV_008,3,72,45
DEV_008_2024-09-19 08:00:00,2024-09-19 08:00:00,DEV_008,31,2,63
DEV_008_2024-09-19 12:00:00,2024-09-19 12:00:00,DEV_008,44,11,16
DEV_008_2024-09-19 16:00:00,2024-09-19 16:00:00,DEV_008,25,38,86
DEV_008_2024-09-19 20:00:00,2024-09-19 20:00:00,DEV_008,67,70,40
DEV_008_2024-09-20 00:00:00,2024-09-20 00:00:00,DEV_008,12,89,39
DEV_008_2024-09-20 04:00:00,2024-09-20 04:00:00,DEV_008,15,44,26
DEV_008_2024-09-20 08:00:00,2024-09-20 08:00:00,DEV_008,77,94,40
DEV_008_2024-09-20 12:00:00,2024-09-20 12:00:00,DEV_008,72,14,5
DEV_008_2024-09-20 16:00:00,2024-09-20 16:00:00,DEV_008,41,43,33
DEV_008_2024-09-20 20:00:00,2024-09-20 20:00:00,DEV_008,51,60,79
DEV_008_2024-09-21 00:00:00,2024-09-21 00:00:00,DEV_008,97,73,72
DEV_008_2024-09-21 04:00:00,2024-09-21 04:00:00,DEV_008,14,60,92
DEV_008_2024-09-21 08:00:00,2024-09-21 08:00:00,DEV_008,32,85,23
DEV_008_2024-09-21 12:00:00,2024-09-21 12:00:00,DEV_008,23,64,85
DEV_008_2024-09-21 16:00:00,2024-09-21 16:00:00,DEV_008,46,36,4
DEV_008_2024-09-21 20:00:00,2024-09-21 20:00:00,DEV_008,44,80,26
DEV_008_2024-09-22 00:00:00,2024-09-22 00:00:00,DEV_008,35,85,10
DEV_008_2024-09-22 04:00:00,2024-09-22 04:00:00,DEV_008,66,64,43
DEV_008_2024-09-22 08:00:00,2024-09-22 08:00:00,DEV_008,13,99,88
DEV_008_2024-09-22 12:00:00,2024-09-22 12:00:00,DEV_008,92,60,34
DEV_008_2024-09-22 16:00:00,2024-09-22 16:00:00,DEV_008,84,31,15
DEV_008_2024-09-22 20:00:00,2024-09-22 20:00:00,DEV_008,58,39,23
DEV_008_2024-09-23 00:00:00,2024-09-23 00:00:00,DEV_008,54,68,79
DEV_008_2024-09-23 04:00:00,2024-09-23 04:00:00,DEV_008,43,31,80
DEV_008_2024-09-23 08:00:00,2024-09-23 08:00:00,DEV_008,66,18,2
DEV_008_2024-09-23 12:00:00,2024-09-23 12:00:00,DEV_008,50,66,33
DEV_008_2024-09-23 16:00:00,2024-09-23 16:00:00,DEV_008,54,96,72
DEV_008_2024-09-23 20:00:00,2024-09-23 20:00:00,DEV_008,76,88,50
DEV_008_2024-09-24 00:00:00,2024-09-24 00:00:00,DEV_008,43,54,62
DEV_008_2024-09-24 04:00:00,2024-09-24 04:00:00,DEV_008,19,8,63
DEV_008_2024-09-24 08:00:00,2024-09-24 08:00:00,DEV_008,58,93,42
DEV_008_2024-09-24 12:00:00,2024-09-24 12:00:00,DEV_008,51,22,68
DEV_008_2024-09-24 16:00:00,2024-09-24 16:00:00,DEV_008,78,74,22
DEV_008_2024-09-24 20:00:00,2024-09-24 20:00:00,DEV_008,62,40,15
DEV_008_2024-09-25 00:00:00,2024-09-25 00:00:00,DEV_008,9,51,70
DEV_008_2024-09-25 04:00:00,2024-09-25 04:00:00,DEV_008,38,43,42
DEV_008_2024-09-25 08:00:00,2024-09-25 08:00:00,DEV_008,57,58,53
DEV_008_2024-09-25 12:00:00,2024-09-25 12:00:00,DEV_008,71,84,7
DEV_008_2024-09-25 16:00:00,2024-09-25 16:00:00,DEV_008,69,63,81
DEV_008_2024-09-25 20:00:00,2024-09-25 20:00:00,DEV_008,33,92,56
DEV_008_2024-09-26 00:00:00,2024-09-26 00:00:00,DEV_008,13,82,13
DEV_008_2024-09-26 04:00:00,2024-09-26 04:00:00,DEV_008,27,21,27
DEV_008_2024-09-26 08:00:00,2024-09-26 08:00:00,DEV_008,44,89,29
DEV_008_2024-09-26 12:00:00,2024-09-26 12:00:00,DEV_008,80,3,40
DEV_008_2024-09-26 16:00:00,2024-09-26 16:00:00,DEV_008,3,28,3
DEV_008_2024-09-26 20:00:00,2024-09-26 20:00:00,DEV_008,76,17,79
DEV_008_2024-09-27 00:00:00,2024-09-27 00:00:00,DEV_008,86,45,78
DEV_008_2024-09-27 04:00:00,2024-09-27 04:00:00,DEV_008,70,78,35
DEV_008_2024-09-27 08:00:00,2024-09-27 08:00:00,DEV_008,76,43,42
DEV_008_2024-09-27 12:00:00,2024-09-27 12:00:00,DEV_008,39,98,18
DEV_008_2024-09-27 16:00:00,2024-09-27 16:00:00,DEV_008,85,78,95
DEV_008_2024-09-27 20:00:00,2024-09-27 20:00:00,DEV_008,29,1,2
DEV_008_2024-09-28 00:00:00,2024-09-28 00:00:00,DEV_008,40,59,86
DEV_008_2024-09-28 04:00:00,2024-09-28 04:00:00,DEV_008,25,72,85
DEV_008_2024-09-28 08:00:00,2024-09-28 08:00:00,DEV_008,99,37,48
DEV_008_2024-09-28 12:00:00,2024-09-28 12:00:00,DEV_008,63,40,78
DEV_008_2024-09-28 16:00:00,2024-09-28 16:00:00,DEV_008,20,18,74
DEV_008_2024-09-28 20:00:00,2024-09-28 20:00:00,DEV_008,5,5,21
DEV_008_2024-09-29 00:00:00,2024-09-29 00:00:00,DEV_008,74,82,41
DEV_008_2024-09-29 04:00:00,2024-09-29 04:00:00,DEV_008,58,6,82
DEV_008_2024-09-29 08:00:00,2024-09-29 08:00:00,DEV_008,4,33,5
DEV_008_2024-09-29 12:00:00,2024-09-29 12:00:00,DEV_008,28,59,72
DEV_008_2024-09-29 16:00:00,2024-09-29 16:00:00,DEV_008,27,94,6
DEV_008_2024-09-29 20:00:00,2024-09-29 20:00:00,DEV_008,79,56,72
DEV_008_2024-09-30 00:00:00,2024-09-30 00:00:00,DEV_008,86,2,97
DEV_008_2024-09-30 04:00:00,2024-09-30 04:00:00,DEV_008,17,5,3
DEV_008_2024-09-30 08:00:00,2024-09-30 08:00:00,DEV_008,72,10,50
DEV_008_2024-09-30 12:00:00,2024-09-30 12:00:00,DEV_008,90,53,29
DEV_008_2024-09-30 16:00:00,2024-09-30 16:00:00,DEV_008,80,87,58
DEV_008_2024-09-30 20:00:00,2024-09-30 20:00:00,DEV_008,8,75,91
DEV_008_2024-10-01 00:00:00,2024-10-01 00:00:00,DEV_008,75,52,12
DEV_008_2024-10-01 04:00:00,2024-10-01 04:00:00,DEV_008,48,62,31
DEV_008_2024-10-01 08:00:00,2024-10-01 08:00:00,DEV_008,28,80,83
DEV_008_2024-10-01 12:00:00,2024-10-01 12:00:00,DEV_008,18,47,87
DEV_008_2024-10-01 16:00:00,2024-10-01 16:00:00,DEV_008,78,79,65
DEV_008_2024-10-01 20:00:00,2024-10-01 20:00:00,DEV_008,11,77,96
DEV_008_2024-10-02 00:00:00,2024-10-02 00:00:00,DEV_008,44,77,39
DEV_008_2024-10-02 04:00:00,2024-10-02 04:00:00,DEV_008,66,80,39
DEV_008_2024-10-02 08:00:00,2024-10-02 08:00:00,DEV_008,41,15,66
DEV_008_2024-10-02 12:00:00,2024-10-02 12:00:00,DEV_008,47,25,22
DEV_008_2024-10-02 16:00:00,2024-10-02 16:00:00,DEV_008,93,55,98
DEV_008_2024-10-02 20:00:00,2024-10-02 20:00:00,DEV_008,94,46,31
DEV_008_2024-10-03 00:00:00,2024-10-03 00:00:00,DEV_008,23,1,7
DEV_008_2024-10-03 04:00:00,2024-10-03 04:00:00,DEV_008,40,56,1
DEV_008_2024-10-03 08:00:00,2024-10-03 08:00:00,DEV_008,26,77,33
DEV_008_2024-10-03 12:00:00,2024-10-03 12:00:00,DEV_008,6,44,5
DEV_008_2024-10-03 16:00:00,2024-10-03 16:00:00,DEV_008,42,33,19
DEV_008_2024-10-03 20:00:00,2024-10-03 20:00:00,DEV_008,14,99,90
DEV_008_2024-10-04 00:00:00,2024-10-04 00:00:00,DEV_008,95,83,59
DEV_008_2024-10-04 04:00:00,2024-10-04 04:00:00,DEV_008,68,34,90
DEV_008_2024-10-04 08:00:00,2024-10-04 08:00:00,DEV_008,6,72,49
DEV_008_2024-10-04 12:00:00,2024-10-04 12:00:00,DEV_008,69,59,64
DEV_008_2024-10-04 16:00:00,2024-10-04 16:00:00,DEV_008,88,67,6
DEV_008_2024-10-04 20:00:00,2024-10-04 20:00:00,DEV_008,40,97,77
DEV_008_2024-10-05 00:00:00,2024-10-05 00:00:00,DEV_008,47,81,39
DEV_008_2024-10-05 04:00:00,2024-10-05 04:00:00,DEV_008,36,12,31
DEV_008_2024-10-05 08:00:00,2024-10-05 08:00:00,DEV_008,68,26,13
DEV_008_2024-10-05 12:00:00,2024-10-05 12:00:00,DEV_008,41,46,56
DEV_008_2024-10-05 16:00:00,2024-10-05 16:00:00,DEV_008,50,73,13
DEV_008_2024-10-05 20:00:00,2024-10-05 20:00:00,DEV_008,44,6,32
DEV_008_2024-10-06 00:00:00,2024-10-06 00:00:00,DEV_008,50,24,20
DEV_008_2024-10-06 04:00:00,2024-10-06 04:00:00,DEV_008,7,73,22
DEV_008_2024-10-06 08:00:00,2024-10-06 08:00:00,DEV_008,34,7,78
DEV_008_2024-10-06 12:00:00,2024-10-06 12:00:00,DEV_008,14,18,55
DEV_008_2024-10-06 16:00:00,2024-10-06 16:00:00,DEV_008,82,85,88
DEV_008_2024-10-06 20:00:00,2024-10-06 20:00:00,DEV_008,37,32,82
DEV_008_2024-10-07 00:00:00,2024-10-07 00:00:00,DEV_008,71,60,16
DEV_008_2024-10-07 04:00:00,2024-10-07 04:00:00,DEV_008,29,74,39
DEV_008_2024-10-07 08:00:00,2024-10-07 08:00:00,DEV_008,22,14,15
DEV_008_2024-10-07 12:00:00,2024-10-07 12:00:00,DEV_008,90,59,1
DEV_008_2024-10-07 16:00:00,2024-10-07 16:00:00,DEV_008,12,47,55
DEV_008_2024-10-07 20:00:00,2024-10-07 20:00:00,DEV_008,87,61,71
DEV_008_2024-10-08 00:00:00,2024-10-08 00:00:00,DEV_008,82,40,89
DEV_008_2024-10-08 04:00:00,2024-10-08 04:00:00,DEV_008,28,68,23
DEV_008_2024-10-08 08:00:00,2024-10-08 08:00:00,DEV_008,34,2,78
DEV_008_2024-10-08 12:00:00,2024-10-08 12:00:00,DEV_008,12,2,39
DEV_008_2024-10-08 16:00:00,2024-10-08 16:00:00,DEV_008,37,32,21
DEV_008_2024-10-08 20:00:00,2024-10-08 20:00:00,DEV_008,27,39,43
DEV_008_2024-10-09 00:00:00,2024-10-09 00:00:00,DEV_008,85,16,7
DEV_008_2024-10-09 04:00:00,2024-10-09 04:00:00,DEV_008,48,89,14
DEV_008_2024-10-09 08:00:00,2024-10-09 08:00:00,DEV_008,11,75,52
DEV_008_2024-10-09 12:00:00,2024-10-09 12:00:00,DEV_008,14,41,99
DEV_008_2024-10-09 16:00:00,2024-10-09 16:00:00,DEV_008,73,2,99
DEV_008_2024-10-09 20:00:00,2024-10-09 20:00:00,DEV_008,18,2,14
DEV_008_2024-10-10 00:00:00,2024-10-10 00:00:00,DEV_008,4,17,29
DEV_008_2024-10-10 04:00:00,2024-10-10 04:00:00,DEV_008,51,92,7
DEV_008_2024-10-10 08:00:00,2024-10-10 08:00:00,DEV_008,81,29,96
DEV_008_2024-10-10 12:00:00,2024-10-10 12:00:00,DEV_008,75,35,36
DEV_008_2024-10-10 16:00:00,2024-10-10 16:00:00,DEV_008,49,86,5
DEV_008_2024-10-10 20:00:00,2024-10-10 20:00:00,DEV_008,97,72,71
DEV_008_2024-10-11 00:00:00,2024-10-11 00:00:00,DEV_008,7,94,60
DEV_008_2024-10-11 04:00:00,2024-10-11 04:00:00,DEV_008,6,31,46
DEV_008_2024-10-11 08:00:00,2024-10-11 08:00:00,DEV_008,22,77,62
DEV_008_2024-10-11 12:00:00,2024-10-11 12:00:00,DEV_008,70,42,54
DEV_008_2024-10-11 16:00:00,2024-10-11 16:00:00,DEV_008,14,67,28
DEV_008_2024-10-11 20:00:00,2024-10-11 20:00:00,DEV_008,23,35,35
DEV_008_2024-10-12 00:00:00,2024-10-12 00:00:00,DEV_008,74,25,96
DEV_008_2024-10-12 04:00:00,2024-10-12 04:00:00,DEV_008,64,17,51
DEV_008_2024-10-12 08:00:00,2024-10-12 08:00:00,DEV_008,28,13,24
DEV_008_2024-10-12 12:00:00,2024-10-12 12:00:00,DEV_008,53,27,79
DEV_008_2024-10-12 16:00:00,2024-10-12 16:00:00,DEV_008,44,91,48
DEV_008_2024-10-12 20:00:00,2024-10-12 20:00:00,DEV_008,65,99,52
DEV_008_2024-10-13 00:00:00,2024-10-13 00:00:00,DEV_008,94,20,80
DEV_008_2024-10-13 04:00:00,2024-10-13 04:00:00,DEV_008,5,68,48
DEV_008_2024-10-13 08:00:00,2024-10-13 08:00:00,DEV_008,78,5,74
DEV_008_2024-10-13 12:00:00,2024-10-13 12:00:00,DEV_008,46,11,22
DEV_008_2024-10-13 16:00:00,2024-10-13 16:00:00,DEV_008,13,41,62
DEV_008_2024-10-13 20:00:00,2024-10-13 20:00:00,DEV_008,38,25,75
DEV_008_2024-10-14 00:00:00,2024-10-14 00:00:00,DEV_008,80,28,85
DEV_008_2024-10-14 04:00:00,2024-10-14 04:00:00,DEV_008,9,70,18
DEV_008_2024-10-14 08:00:00,2024-10-14 08:00:00,DEV_008,93,26,38
DEV_008_2024-10-14 12:00:00,2024-10-14 12:00:00,DEV_008,16,72,46
DEV_008_2024-10-14 16:00:00,2024-10-14 16:00:00,DEV_008,92,87,48
DEV_008_2024-10-14 20:00:00,2024-10-14 20:00:00,DEV_008,31,3,16
DEV_008_2024-10-15 00:00:00,2024-10-15 00:00:00,DEV_008,13,69,24
DEV_008_2024-10-15 04:00:00,2024-10-15 04:00:00,DEV_008,73,79,6
DEV_008_2024-10-15 08:00:00,2024-10-15 08:00:00,DEV_008,88,98,66
DEV_008_2024-10-15 12:00:00,2024-10-15 12:00:00,DEV_008,5,92,96
DEV_008_2024-10-15 16:00:00,2024-10-15 16:00:00,DEV_008,18,43,65
DEV_008_2024-10-15 20:00:00,2024-10-15 20:00:00,DEV_008,32,29,84
DEV_008_2024-10-16 00:00:00,2024-10-16 00:00:00,DEV_008,5,9,23
DEV_008_2024-10-16 04:00:00,2024-10-16 04:00:00,DEV_008,94,97,15
DEV_008_2024-10-16 08:00:00,2024-10-16 08:00:00,DEV_008,56,58,55
DEV_008_2024-10-16 12:00:00,2024-10-16 12:00:00,DEV_008,84,49,47
DEV_008_2024-10-16 16:00:00,2024-10-16 16:00:00,DEV_008,67,89,2
DEV_008_2024-10-16 20:00:00,2024-10-16 20:00:00,DEV_008,7,61,33
DEV_008_2024-10-17 00:00:00,2024-10-17 00:00:00,DEV_008,1,24,60
DEV_008_2024-10-17 04:00:00,2024-10-17 04:00:00,DEV_008,32,63,15
DEV_008_2024-10-17 08:00:00,2024-10-17 08:00:00,DEV_008,1,37,97
DEV_008_2024-10-17 12:00:00,2024-10-17 12:00:00,DEV_008,79,23,20
DEV_008_2024-10-17 16:00:00,2024-10-17 16:00:00,DEV_008,61,72,79
DEV_008_2024-10-17 20:00:00,2024-10-17 20:00:00,DEV_008,7,31,49
DEV_008_2024-10-18 00:00:00,2024-10-18 00:00:00,DEV_008,81,66,27
DEV_008_2024-10-18 04:00:00,2024-10-18 04:00:00,DEV_008,60,7,38
DEV_008_2024-10-18 08:00:00,2024-10-18 08:00:00,DEV_008,56,29,14
DEV_008_2024-10-18 12:00:00,2024-10-18 12:00:00,DEV_008,40,48,2
DEV_008_2024-10-18 16:00:00,2024-10-18 16:00:00,DEV_008,49,86,97
DEV_008_2024-10-18 20:00:00,2024-10-18 20:00:00,DEV_008,45,38,65
DEV_008_2024-10-19 00:00:00,2024-10-19 00:00:00,DEV_008,1,91,80
DEV_008_2024-10-19 04:00:00,2024-10-19 04:00:00,DEV_008,83,4,2
DEV_008_2024-10-19 08:00:00,2024-10-19 08:00:00,DEV_008,7,47,18
DEV_008_2024-10-19 12:00:00,2024-10-19 12:00:00,DEV_008,80,79,8
DEV_008_2024-10-19 16:00:00,2024-10-19 16:00:00,DEV_008,73,82,98
DEV_008_2024-10-19 20:00:00,2024-10-19 20:00:00,DEV_008,90,75,58
DEV_008_2024-10-20 00:00:00,2024-10-20 00:00:00,DEV_008,39,62,2
DEV_008_2024-10-20 04:00:00,2024-10-20 04:00:00,DEV_008,30,92,13
DEV_008_2024-10-20 08:00:00,2024-10-20 08:00:00,DEV_008,15,63,27
DEV_008_2024-10-20 12:00:00,2024-10-20 12:00:00,DEV_008,87,29,1
DEV_008_2024-10-20 16:00:00,2024-10-20 16:00:00,DEV_008,40,12,71
DEV_008_2024-10-20 20:00:00,2024-10-20 20:00:00,DEV_008,8,7,85
DEV_008_2024-10-21 00:00:00,2024-10-21 00:00:00,DEV_008,58,91,41
DEV_008_2024-10-21 04:00:00,2024-10-21 04:00:00,DEV_008,22,85,19
DEV_008_2024-10-21 08:00:00,2024-10-21 08:00:00,DEV_008,34,47,67
DEV_008_2024-10-21 12:00:00,2024-10-21 12:00:00,DEV_008,67,68,44
DEV_008_2024-10-21 16:00:00,2024-10-21 16:00:00,DEV_008,92,92,58
DEV_008_2024-10-21 20:00:00,2024-10-21 20:00:00,DEV_008,42,76,38
DEV_008_2024-10-22 00:00:00,2024-10-22 00:00:00,DEV_008,50,49,11
DEV_008_2024-10-22 04:00:00,2024-10-22 04:00:00,DEV_008,56,1,68
DEV_008_2024-10-22 08:00:00,2024-10-22 08:00:00,DEV_008,46,50,32
DEV_008_2024-10-22 12:00:00,2024-10-22 12:00:00,DEV_008,5,61,4
DEV_008_2024-10-22 16:00:00,2024-10-22 16:00:00,DEV_008,49,43,48
DEV_008_2024-10-22 20:00:00,2024-10-22 20:00:00,DEV_008,97,63,15
DEV_008_2024-10-23 00:00:00,2024-10-23 00:00:00,DEV_008,8,33,20
DEV_008_2024-10-23 04:00:00,2024-10-23 04:00:00,DEV_008,89,98,63
DEV_008_2024-10-23 08:00:00,2024-10-23 08:00:00,DEV_008,73,44,16
DEV_008_2024-10-23 12:00:00,2024-10-23 12:00:00,DEV_008,13,6,74
DEV_008_2024-10-23 16:00:00,2024-10-23 16:00:00,DEV_008,28,38,77
DEV_008_2024-10-23 20:00:00,2024-10-23 20:00:00,DEV_008,50,75,91
DEV_008_2024-10-24 00:00:00,2024-10-24 00:00:00,DEV_008,56,55,86
DEV_008_2024-10-24 04:00:00,2024-10-24 04:00:00,DEV_008,26,30,46
DEV_008_2024-10-24 08:00:00,2024-10-24 08:00:00,DEV_008,52,85,73
DEV_008_2024-10-24 12:00:00,2024-10-24 12:00:00,DEV_008,76,79,82
DEV_008_2024-10-24 16:00:00,2024-10-24 16:00:00,DEV_008,7,93,26
DEV_008_2024-10-24 20:00:00,2024-10-24 20:00:00,DEV_008,22,27,59
DEV_008_2024-10-25 00:00:00,2024-10-25 00:00:00,DEV_008,98,45,38
DEV_008_2024-10-25 04:00:00,2024-10-25 04:00:00,DEV_008,11,22,96
DEV_008_2024-10-25 08:00:00,2024-10-25 08:00:00,DEV_008,12,61,60
DEV_008_2024-10-25 12:00:00,2024-10-25 12:00:00,DEV_008,18,9,75
DEV_008_2024-10-25 16:00:00,2024-10-25 16:00:00,DEV_008,37,18,58
DEV_008_2024-10-25 20:00:00,2024-10-25 20:00:00,DEV_008,93,30,14
DEV_008_2024-10-26 00:00:00,2024-10-26 00:00:00,DEV_008,98,82,33
DEV_008_2024-10-26 04:00:00,2024-10-26 04:00:00,DEV_008,73,50,16
DEV_008_2024-10-26 08:00:00,2024-10-26 08:00:00,DEV_008,7,59,67
DEV_008_2024-10-26 12:00:00,2024-10-26 12:00:00,DEV_008,6,3,15
DEV_008_2024-10-26 16:00:00,2024-10-26 16:00:00,DEV_008,53,58,67
DEV_008_2024-10-26 20:00:00,2024-10-26 20:00:00,DEV_008,51,54,23
DEV_008_2024-10-27 00:00:00,2024-10-27 00:00:00,DEV_008,65,25,97
DEV_008_2024-10-27 04:00:00,2024-10-27 04:00:00,DEV_008,4,54,45
DEV_008_2024-10-27 08:00:00,2024-10-27 08:00:00,DEV_008,33,33,65
DEV_008_2024-10-27 12:00:00,2024-10-27 12:00:00,DEV_008,24,96,45
DEV_008_2024-10-27 16:00:00,2024-10-27 16:00:00,DEV_008,56,45,27
DEV_008_2024-10-27 20:00:00,2024-10-27 20:00:00,DEV_008,69,48,29
DEV_008_2024-10-28 00:00:00,2024-10-28 00:00:00,DEV_008,41,92,75
DEV_008_2024-10-28 04:00:00,2024-10-28 04:00:00,DEV_008,30,88,53
DEV_008_2024-10-28 08:00:00,2024-10-28 08:00:00,DEV_008,90,66,98
DEV_008_2024-10-28 12:00:00,2024-10-28 12:00:00,DEV_008,80,2,12
DEV_008_2024-10-28 16:00:00,2024-10-28 16:00:00,DEV_008,7,51,59
DEV_008_2024-10-28 20:00:00,2024-10-28 20:00:00,DEV_008,78,32,71
DEV_008_2024-10-29 00:00:00,2024-10-29 00:00:00,DEV_008,53,36,54
DEV_008_2024-10-29 04:00:00,2024-10-29 04:00:00,DEV_008,51,99,82
DEV_008_2024-10-29 08:00:00,2024-10-29 08:00:00,DEV_008,96,77,74
DEV_008_2024-10-29 12:00:00,2024-10-29 12:00:00,DEV_008,12,3,86
DEV_008_2024-10-29 16:00:00,2024-10-29 16:00:00,DEV_008,84,73,10
DEV_008_2024-10-29 20:00:00,2024-10-29 20:00:00,DEV_008,60,66,89
DEV_008_2024-10-30 00:00:00,2024-10-30 00:00:00,DEV_008,52,7,57
DEV_008_2024-10-30 04:00:00,2024-10-30 04:00:00,DEV_008,67,69,81
DEV_008_2024-10-30 08:00:00,2024-10-30 08:00:00,DEV_008,88,51,7
DEV_008_2024-10-30 12:00:00,2024-10-30 12:00:00,DEV_008,15,95,13
DEV_008_2024-10-30 16:00:00,2024-10-30 16:00:00,DEV_008,37,4,11
DEV_008_2024-10-30 20:00:00,2024-10-30 20:00:00,DEV_008,64,99,14
DEV_008_2024-10-31 00:00:00,2024-10-31 00:00:00,DEV_008,82,8,33
DEV_008_2024-10-31 04:00:00,2024-10-31 04:00:00,DEV_008,9,27,48
DEV_008_2024-10-31 08:00:00,2024-10-31 08:00:00,DEV_008,36,21,19
DEV_008_2024-10-31 12:00:00,2024-10-31 12:00:00,DEV_008,18,14,62
DEV_008_2024-10-31 16:00:00,2024-10-31 16:00:00,DEV_008,90,3,35
DEV_008_2024-10-31 20:00:00,2024-10-31 20:00:00,DEV_008,96,68,68
DEV_008_2024-11-01 00:00:00,2024-11-01 00:00:00,DEV_008,13,88,9
DEV_008_2024-11-01 04:00:00,2024-11-01 04:00:00,DEV_008,23,9,49
DEV_008_2024-11-01 08:00:00,2024-11-01 08:00:00,DEV_008,50,27,54
DEV_008_2024-11-01 12:00:00,2024-11-01 12:00:00,DEV_008,73,29,98
DEV_008_2024-11-01 16:00:00,2024-11-01 16:00:00,DEV_008,45,86,39
DEV_008_2024-11-01 20:00:00,2024-11-01 20:00:00,DEV_008,10,82,47
DEV_008_2024-11-02 00:00:00,2024-11-02 00:00:00,DEV_008,49,17,63
DEV_008_2024-11-02 04:00:00,2024-11-02 04:00:00,DEV_008,38,72,31
DEV_008_2024-11-02 08:00:00,2024-11-02 08:00:00,DEV_008,43,59,64
DEV_008_2024-11-02 12:00:00,2024-11-02 12:00:00,DEV_008,89,86,35
DEV_008_2024-11-02 16:00:00,2024-11-02 16:00:00,DEV_008,85,13,40
DEV_008_2024-11-02 20:00:00,2024-11-02 20:00:00,DEV_008,81,6,45
DEV_008_2024-11-03 00:00:00,2024-11-03 00:00:00,DEV_008,34,13,15
DEV_008_2024-11-03 04:00:00,2024-11-03 04:00:00,DEV_008,65,82,11
DEV_008_2024-11-03 08:00:00,2024-11-03 08:00:00,DEV_008,49,44,92
DEV_008_2024-11-03 12:00:00,2024-11-03 12:00:00,DEV_008,4,33,97
DEV_008_2024-11-03 16:00:00,2024-11-03 16:00:00,DEV_008,64,47,15
DEV_008_2024-11-03 20:00:00,2024-11-03 20:00:00,DEV_008,37,95,88
DEV_008_2024-11-04 00:00:00,2024-11-04 00:00:00,DEV_008,72,53,97
DEV_008_2024-11-04 04:00:00,2024-11-04 04:00:00,DEV_008,47,17,66
DEV_008_2024-11-04 08:00:00,2024-11-04 08:00:00,DEV_008,29,69,62
DEV_008_2024-11-04 12:00:00,2024-11-04 12:00:00,DEV_008,42,96,52
DEV_008_2024-11-04 16:00:00,2024-11-04 16:00:00,DEV_008,32,59,38
DEV_008_2024-11-04 20:00:00,2024-11-04 20:00:00,DEV_008,18,75,28
DEV_008_2024-11-05 00:00:00,2024-11-05 00:00:00,DEV_008,26,37,52
DEV_008_2024-11-05 04:00:00,2024-11-05 04:00:00,DEV_008,41,44,64
DEV_008_2024-11-05 08:00:00,2024-11-05 08:00:00,DEV_008,22,92,69
DEV_008_2024-11-05 12:00:00,2024-11-05 12:00:00,DEV_008,67,35,46
DEV_008_2024-11-05 16:00:00,2024-11-05 16:00:00,DEV_008,98,45,79
DEV_008_2024-11-05 20:00:00,2024-11-05 20:00:00,DEV_008,23,59,35
DEV_008_2024-11-06 00:00:00,2024-11-06 00:00:00,DEV_008,78,61,87
DEV_008_2024-11-06 04:00:00,2024-11-06 04:00:00,DEV_008,9,15,44
DEV_008_2024-11-06 08:00:00,2024-11-06 08:00:00,DEV_008,44,44,73
DEV_008_2024-11-06 12:00:00,2024-11-06 12:00:00,DEV_008,32,58,62
DEV_008_2024-11-06 16:00:00,2024-11-06 16:00:00,DEV_008,17,60,67
DEV_008_2024-11-06 20:00:00,2024-11-06 20:00:00,DEV_008,53,62,47
DEV_008_2024-11-07 00:00:00,2024-11-07 00:00:00,DEV_008,76,38,59
DEV_008_2024-11-07 04:00:00,2024-11-07 04:00:00,DEV_008,33,64,97
DEV_008_2024-11-07 08:00:00,2024-11-07 08:00:00,DEV_008,27,15,68
DEV_008_2024-11-07 12:00:00,2024-11-07 12:00:00,DEV_008,30,81,41
DEV_008_2024-11-07 16:00:00,2024-11-07 16:00:00,DEV_008,67,58,98
DEV_008_2024-11-07 20:00:00,2024-11-07 20:00:00,DEV_008,93,16,89
DEV_008_2024-11-08 00:00:00,2024-11-08 00:00:00,DEV_008,11,89,77
DEV_008_2024-11-08 04:00:00,2024-11-08 04:00:00,DEV_008,67,20,21
DEV_008_2024-11-08 08:00:00,2024-11-08 08:00:00,DEV_008,49,15,72
DEV_008_2024-11-08 12:00:00,2024-11-08 12:00:00,DEV_008,39,53,94
DEV_008_2024-11-08 16:00:00,2024-11-08 16:00:00,DEV_008,18,72,10
DEV_008_2024-11-08 20:00:00,2024-11-08 20:00:00,DEV_008,40,56,59
DEV_008_2024-11-09 00:00:00,2024-11-09 00:00:00,DEV_008,19,73,73
DEV_008_2024-11-09 04:00:00,2024-11-09 04:00:00,DEV_008,51,92,19
DEV_008_2024-11-09 08:00:00,2024-11-09 08:00:00,DEV_008,31,48,43
DEV_008_2024-11-09 12:00:00,2024-11-09 12:00:00,DEV_008,26,28,95
DEV_008_2024-11-09 16:00:00,2024-11-09 16:00:00,DEV_008,58,12,62
DEV_008_2024-11-09 20:00:00,2024-11-09 20:00:00,DEV_008,15,3,93
DEV_008_2024-11-10 00:00:00,2024-11-10 00:00:00,DEV_008,54,8,2
DEV_008_2024-11-10 04:00:00,2024-11-10 04:00:00,DEV_008,3,30,97
DEV_008_2024-11-10 08:00:00,2024-11-10 08:00:00,DEV_008,36,85,35
DEV_008_2024-11-10 12:00:00,2024-11-10 12:00:00,DEV_008,80,74,44
DEV_008_2024-11-10 16:00:00,2024-11-10 16:00:00,DEV_008,1,1,32
DEV_008_2024-11-10 20:00:00,2024-11-10 20:00:00,DEV_008,40,17,6
DEV_008_2024-11-11 00:00:00,2024-11-11 00:00:00,DEV_008,69,91,98
DEV_008_2024-11-11 04:00:00,2024-11-11 04:00:00,DEV_008,1,55,32
DEV_008_2024-11-11 08:00:00,2024-11-11 08:00:00,DEV_008,97,59,63
DEV_008_2024-11-11 12:00:00,2024-11-11 12:00:00,DEV_008,41,83,79
DEV_008_2024-11-11 16:00:00,2024-11-11 16:00:00,DEV_008,10,42,90
DEV_008_2024-11-11 20:00:00,2024-11-11 20:00:00,DEV_008,83,66,72
DEV_008_2024-11-12 00:00:00,2024-11-12 00:00:00,DEV_008,75,56,53
DEV_008_2024-11-12 04:00:00,2024-11-12 04:00:00,DEV_008,69,11,16
DEV_008_2024-11-12 08:00:00,2024-11-12 08:00:00,DEV_008,57,99,27
DEV_008_2024-11-12 12:00:00,2024-11-12 12:00:00,DEV_008,75,30,3
DEV_008_2024-11-12 16:00:00,2024-11-12 16:00:00,DEV_008,24,5,13
DEV_008_2024-11-12 20:00:00,2024-11-12 20:00:00,DEV_008,43,22,34
DEV_008_2024-11-13 00:00:00,2024-11-13 00:00:00,DEV_008,87,44,14
DEV_008_2024-11-13 04:00:00,2024-11-13 04:00:00,DEV_008,16,39,42
DEV_008_2024-11-13 08:00:00,2024-11-13 08:00:00,DEV_008,16,6,9
DEV_008_2024-11-13 12:00:00,2024-11-13 12:00:00,DEV_008,51,28,66
DEV_008_2024-11-13 16:00:00,2024-11-13 16:00:00,DEV_008,50,83,27
DEV_008_2024-11-13 20:00:00,2024-11-13 20:00:00,DEV_008,79,76,41
DEV_008_2024-11-14 00:00:00,2024-11-14 00:00:00,DEV_008,21,53,65
DEV_008_2024-11-14 04:00:00,2024-11-14 04:00:00,DEV_008,17,45,13
DEV_008_2024-11-14 08:00:00,2024-11-14 08:00:00,DEV_008,27,33,3
DEV_008_2024-11-14 12:00:00,2024-11-14 12:00:00,DEV_008,34,53,11
DEV_008_2024-11-14 16:00:00,2024-11-14 16:00:00,DEV_008,21,19,23
DEV_008_2024-11-14 20:00:00,2024-11-14 20:00:00,DEV_008,50,75,57
DEV_008_2024-11-15 00:00:00,2024-11-15 00:00:00,DEV_008,48,19,78
DEV_008_2024-11-15 04:00:00,2024-11-15 04:00:00,DEV_008,71,96,74
DEV_008_2024-11-15 08:00:00,2024-11-15 08:00:00,DEV_008,30,65,7
DEV_008_2024-11-15 12:00:00,2024-11-15 12:00:00,DEV_008,4,53,76
DEV_008_2024-11-15 16:00:00,2024-11-15 16:00:00,DEV_008,76,75,69
DEV_008_2024-11-15 20:00:00,2024-11-15 20:00:00,DEV_008,45,95,85
DEV_008_2024-11-16 00:00:00,2024-11-16 00:00:00,DEV_008,48,31,28
DEV_008_2024-11-16 04:00:00,2024-11-16 04:00:00,DEV_008,48,47,30
DEV_008_2024-11-16 08:00:00,2024-11-16 08:00:00,DEV_008,97,46,73
DEV_008_2024-11-16 12:00:00,2024-11-16 12:00:00,DEV_008,30,97,56
DEV_008_2024-11-16 16:00:00,2024-11-16 16:00:00,DEV_008,6,58,18
DEV_008_2024-11-16 20:00:00,2024-11-16 20:00:00,DEV_008,30,66,22
DEV_008_2024-11-17 00:00:00,2024-11-17 00:00:00,DEV_008,8,54,58
DEV_008_2024-11-17 04:00:00,2024-11-17 04:00:00,DEV_008,86,36,27
DEV_008_2024-11-17 08:00:00,2024-11-17 08:00:00,DEV_008,30,56,22
DEV_008_2024-11-17 12:00:00,2024-11-17 12:00:00,DEV_008,95,70,94
DEV_008_2024-11-17 16:00:00,2024-11-17 16:00:00,DEV_008,10,70,45
DEV_008_2024-11-17 20:00:00,2024-11-17 20:00:00,DEV_008,2,43,30
DEV_008_2024-11-18 00:00:00,2024-11-18 00:00:00,DEV_008,22,39,67
DEV_008_2024-11-18 04:00:00,2024-11-18 04:00:00,DEV_008,74,91,4
DEV_008_2024-11-18 08:00:00,2024-11-18 08:00:00,DEV_008,61,96,36
DEV_008_2024-11-18 12:00:00,2024-11-18 12:00:00,DEV_008,32,60,32
DEV_008_2024-11-18 16:00:00,2024-11-18 16:00:00,DEV_008,63,96,44
DEV_008_2024-11-18 20:00:00,2024-11-18 20:00:00,DEV_008,39,83,27
DEV_008_2024-11-19 00:00:00,2024-11-19 00:00:00,DEV_008,45,6,91
DEV_008_2024-11-19 04:00:00,2024-11-19 04:00:00,DEV_008,66,79,12
DEV_008_2024-11-19 08:00:00,2024-11-19 08:00:00,DEV_008,89,92,55
DEV_008_2024-11-19 12:00:00,2024-11-19 12:00:00,DEV_008,59,80,80
DEV_008_2024-11-19 16:00:00,2024-11-19 16:00:00,DEV_008,26,32,45
DEV_008_2024-11-19 20:00:00,2024-11-19 20:00:00,DEV_008,90,38,43
DEV_008_2024-11-20 00:00:00,2024-11-20 00:00:00,DEV_008,72,63,33
DEV_008_2024-11-20 04:00:00,2024-11-20 04:00:00,DEV_008,76,99,23
DEV_008_2024-11-20 08:00:00,2024-11-20 08:00:00,DEV_008,1,43,11
DEV_008_2024-11-20 12:00:00,2024-11-20 12:00:00,DEV_008,55,3,26
DEV_008_2024-11-20 16:00:00,2024-11-20 16:00:00,DEV_008,59,8,68
DEV_008_2024-11-20 20:00:00,2024-11-20 20:00:00,DEV_008,26,37,26
DEV_008_2024-11-21 00:00:00,2024-11-21 00:00:00,DEV_008,47,81,50
DEV_008_2024-11-21 04:00:00,2024-11-21 04:00:00,DEV_008,25,31,46
DEV_008_2024-11-21 08:00:00,2024-11-21 08:00:00,DEV_008,77,99,74
DEV_008_2024-11-21 12:00:00,2024-11-21 12:00:00,DEV_008,13,1,28
DEV_008_2024-11-21 16:00:00,2024-11-21 16:00:00,DEV_008,14,64,51
DEV_008_2024-11-21 20:00:00,2024-11-21 20:00:00,DEV_008,20,5,71
DEV_008_2024-11-22 00:00:00,2024-11-22 00:00:00,DEV_008,4,25,12
DEV_008_2024-11-22 04:00:00,2024-11-22 04:00:00,DEV_008,44,45,91
DEV_008_2024-11-22 08:00:00,2024-11-22 08:00:00,DEV_008,24,25,80
DEV_008_2024-11-22 12:00:00,2024-11-22 12:00:00,DEV_008,91,92,36
DEV_008_2024-11-22 16:00:00,2024-11-22 16:00:00,DEV_008,65,46,28
DEV_008_2024-11-22 20:00:00,2024-11-22 20:00:00,DEV_008,79,95,18
DEV_008_2024-11-23 00:00:00,2024-11-23 00:00:00,DEV_008,78,99,85
DEV_008_2024-11-23 04:00:00,2024-11-23 04:00:00,DEV_008,13,73,37
DEV_008_2024-11-23 08:00:00,2024-11-23 08:00:00,DEV_008,74,28,29
DEV_008_2024-11-23 12:00:00,2024-11-23 12:00:00,DEV_008,33,29,2
DEV_008_2024-11-23 16:00:00,2024-11-23 16:00:00,DEV_008,66,11,44
DEV_008_2024-11-23 20:00:00,2024-11-23 20:00:00,DEV_008,20,18,87
DEV_008_2024-11-24 00:00:00,2024-11-24 00:00:00,DEV_008,48,24,67
DEV_008_2024-11-24 04:00:00,2024-11-24 04:00:00,DEV_008,74,96,98
DEV_008_2024-11-24 08:00:00,2024-11-24 08:00:00,DEV_008,90,48,80
DEV_008_2024-11-24 12:00:00,2024-11-24 12:00:00,DEV_008,13,62,42
DEV_008_2024-11-24 16:00:00,2024-11-24 16:00:00,DEV_008,17,32,61
DEV_008_2024-11-24 20:00:00,2024-11-24 20:00:00,DEV_008,31,75,38
DEV_008_2024-11-25 00:00:00,2024-11-25 00:00:00,DEV_008,47,83,67
DEV_008_2024-11-25 04:00:00,2024-11-25 04:00:00,DEV_008,89,41,99
DEV_008_2024-11-25 08:00:00,2024-11-25 08:00:00,DEV_008,38,81,11
DEV_008_2024-11-25 12:00:00,2024-11-25 12:00:00,DEV_008,16,42,42
DEV_008_2024-11-25 16:00:00,2024-11-25 16:00:00,DEV_008,22,35,86
DEV_008_2024-11-25 20:00:00,2024-11-25 20:00:00,DEV_008,16,8,97
DEV_008_2024-11-26 00:00:00,2024-11-26 00:00:00,DEV_008,28,85,1
DEV_008_2024-11-26 04:00:00,2024-11-26 04:00:00,DEV_008,69,7,87
DEV_008_2024-11-26 08:00:00,2024-11-26 08:00:00,DEV_008,78,33,90
DEV_008_2024-11-26 12:00:00,2024-11-26 12:00:00,DEV_008,78,30,74
DEV_008_2024-11-26 16:00:00,2024-11-26 16:00:00,DEV_008,16,26,18
DEV_008_2024-11-26 20:00:00,2024-11-26 20:00:00,DEV_008,50,58,19
DEV_008_2024-11-27 00:00:00,2024-11-27 00:00:00,DEV_008,45,89,77
DEV_008_2024-11-27 04:00:00,2024-11-27 04:00:00,DEV_008,58,86,9
DEV_008_2024-11-27 08:00:00,2024-11-27 08:00:00,DEV_008,20,30,74
DEV_008_2024-11-27 12:00:00,2024-11-27 12:00:00,DEV_008,61,18,42
DEV_008_2024-11-27 16:00:00,2024-11-27 16:00:00,DEV_008,68,69,42
DEV_008_2024-11-27 20:00:00,2024-11-27 20:00:00,DEV_008,50,20,67
DEV_008_2024-11-28 00:00:00,2024-11-28 00:00:00,DEV_008,23,31,2
DEV_008_2024-11-28 04:00:00,2024-11-28 04:00:00,DEV_008,16,68,89
DEV_008_2024-11-28 08:00:00,2024-11-28 08:00:00,DEV_008,79,5,44
DEV_008_2024-11-28 12:00:00,2024-11-28 12:00:00,DEV_008,48,32,70
DEV_008_2024-11-28 16:00:00,2024-11-28 16:00:00,DEV_008,39,29,62
DEV_008_2024-11-28 20:00:00,2024-11-28 20:00:00,DEV_008,67,87,64
DEV_008_2024-11-29 00:00:00,2024-11-29 00:00:00,DEV_008,58,98,33
DEV_008_2024-11-29 04:00:00,2024-11-29 04:00:00,DEV_008,95,36,97
DEV_008_2024-11-29 08:00:00,2024-11-29 08:00:00,DEV_008,17,31,50
DEV_008_2024-11-29 12:00:00,2024-11-29 12:00:00,DEV_008,5,88,47
DEV_008_2024-11-29 16:00:00,2024-11-29 16:00:00,DEV_008,98,24,23
DEV_008_2024-11-29 20:00:00,2024-11-29 20:00:00,DEV_008,66,15,39
DEV_008_2024-11-30 00:00:00,2024-11-30 00:00:00,DEV_008,25,45,53
DEV_008_2024-11-30 04:00:00,2024-11-30 04:00:00,DEV_008,15,44,41
DEV_008_2024-11-30 08:00:00,2024-11-30 08:00:00,DEV_008,23,92,71
DEV_008_2024-11-30 12:00:00,2024-11-30 12:00:00,DEV_008,97,83,14
DEV_008_2024-11-30 16:00:00,2024-11-30 16:00:00,DEV_008,92,77,31
DEV_008_2024-11-30 20:00:00,2024-11-30 20:00:00,DEV_008,3,82,75
DEV_008_2024-12-01 00:00:00,2024-12-01 00:00:00,DEV_008,15,76,95
DEV_008_2024-12-01 04:00:00,2024-12-01 04:00:00,DEV_008,58,60,90
DEV_008_2024-12-01 08:00:00,2024-12-01 08:00:00,DEV_008,90,20,10
DEV_008_2024-12-01 12:00:00,2024-12-01 12:00:00,DEV_008,96,69,54
DEV_008_2024-12-01 16:00:00,2024-12-01 16:00:00,DEV_008,43,79,78
DEV_008_2024-12-01 20:00:00,2024-12-01 20:00:00,DEV_008,55,81,52
DEV_008_2024-12-02 00:00:00,2024-12-02 00:00:00,DEV_008,7,1,85
DEV_008_2024-12-02 04:00:00,2024-12-02 04:00:00,DEV_008,7,76,8
DEV_008_2024-12-02 08:00:00,2024-12-02 08:00:00,DEV_008,64,37,45
DEV_008_2024-12-02 12:00:00,2024-12-02 12:00:00,DEV_008,51,59,3
DEV_008_2024-12-02 16:00:00,2024-12-02 16:00:00,DEV_008,65,40,4
DEV_008_2024-12-02 20:00:00,2024-12-02 20:00:00,DEV_008,88,44,38
DEV_008_2024-12-03 00:00:00,2024-12-03 00:00:00,DEV_008,89,32,44
DEV_008_2024-12-03 04:00:00,2024-12-03 04:00:00,DEV_008,5,16,89
DEV_008_2024-12-03 08:00:00,2024-12-03 08:00:00,DEV_008,28,88,18
DEV_008_2024-12-03 12:00:00,2024-12-03 12:00:00,DEV_008,66,64,17
DEV_008_2024-12-03 16:00:00,2024-12-03 16:00:00,DEV_008,18,99,54
DEV_008_2024-12-03 20:00:00,2024-12-03 20:00:00,DEV_008,36,22,2
DEV_008_2024-12-04 00:00:00,2024-12-04 00:00:00,DEV_008,55,59,45
DEV_008_2024-12-04 04:00:00,2024-12-04 04:00:00,DEV_008,64,38,32
DEV_008_2024-12-04 08:00:00,2024-12-04 08:00:00,DEV_008,15,18,80
DEV_008_2024-12-04 12:00:00,2024-12-04 12:00:00,DEV_008,36,8,19
DEV_008_2024-12-04 16:00:00,2024-12-04 16:00:00,DEV_008,14,50,89
DEV_008_2024-12-04 20:00:00,2024-12-04 20:00:00,DEV_008,40,2,87
DEV_008_2024-12-05 00:00:00,2024-12-05 00:00:00,DEV_008,49,16,20
DEV_008_2024-12-05 04:00:00,2024-12-05 04:00:00,DEV_008,32,20,35
DEV_008_2024-12-05 08:00:00,2024-12-05 08:00:00,DEV_008,12,97,11
DEV_008_2024-12-05 12:00:00,2024-12-05 12:00:00,DEV_008,24,54,55
DEV_008_2024-12-05 16:00:00,2024-12-05 16:00:00,DEV_008,85,36,54
DEV_008_2024-12-05 20:00:00,2024-12-05 20:00:00,DEV_008,9,8,52
DEV_008_2024-12-06 00:00:00,2024-12-06 00:00:00,DEV_008,96,28,18
DEV_008_2024-12-06 04:00:00,2024-12-06 04:00:00,DEV_008,72,79,36
DEV_008_2024-12-06 08:00:00,2024-12-06 08:00:00,DEV_008,57,4,69
DEV_008_2024-12-06 12:00:00,2024-12-06 12:00:00,DEV_008,40,73,62
DEV_008_2024-12-06 16:00:00,2024-12-06 16:00:00,DEV_008,17,90,16
DEV_008_2024-12-06 20:00:00,2024-12-06 20:00:00,DEV_008,65,4,2
DEV_008_2024-12-07 00:00:00,2024-12-07 00:00:00,DEV_008,67,42,25
DEV_008_2024-12-07 04:00:00,2024-12-07 04:00:00,DEV_008,41,18,66
DEV_008_2024-12-07 08:00:00,2024-12-07 08:00:00,DEV_008,52,22,20
DEV_008_2024-12-07 12:00:00,2024-12-07 12:00:00,DEV_008,90,45,9
DEV_008_2024-12-07 16:00:00,2024-12-07 16:00:00,DEV_008,92,47,83
DEV_008_2024-12-07 20:00:00,2024-12-07 20:00:00,DEV_008,74,1,91
DEV_008_2024-12-08 00:00:00,2024-12-08 00:00:00,DEV_008,28,46,87
DEV_008_2024-12-08 04:00:00,2024-12-08 04:00:00,DEV_008,45,26,4
DEV_008_2024-12-08 08:00:00,2024-12-08 08:00:00,DEV_008,76,90,52
DEV_008_2024-12-08 12:00:00,2024-12-08 12:00:00,DEV_008,38,73,66
DEV_008_2024-12-08 16:00:00,2024-12-08 16:00:00,DEV_008,32,45,8
DEV_008_2024-12-08 20:00:00,2024-12-08 20:00:00,DEV_008,74,14,7
DEV_008_2024-12-09 00:00:00,2024-12-09 00:00:00,DEV_008,70,48,91
DEV_008_2024-12-09 04:00:00,2024-12-09 04:00:00,DEV_008,70,54,9
DEV_008_2024-12-09 08:00:00,2024-12-09 08:00:00,DEV_008,52,86,30
DEV_008_2024-12-09 12:00:00,2024-12-09 12:00:00,DEV_008,91,2,32
DEV_008_2024-12-09 16:00:00,2024-12-09 16:00:00,DEV_008,87,1,2
DEV_008_2024-12-09 20:00:00,2024-12-09 20:00:00,DEV_008,97,24,85
DEV_008_2024-12-10 00:00:00,2024-12-10 00:00:00,DEV_008,12,13,43
DEV_008_2024-12-10 04:00:00,2024-12-10 04:00:00,DEV_008,98,31,6
DEV_008_2024-12-10 08:00:00,2024-12-10 08:00:00,DEV_008,78,98,56
DEV_008_2024-12-10 12:00:00,2024-12-10 12:00:00,DEV_008,11,49,80
DEV_008_2024-12-10 16:00:00,2024-12-10 16:00:00,DEV_008,19,75,60
DEV_008_2024-12-10 20:00:00,2024-12-10 20:00:00,DEV_008,73,25,6
DEV_008_2024-12-11 00:00:00,2024-12-11 00:00:00,DEV_008,55,38,44
DEV_008_2024-12-11 04:00:00,2024-12-11 04:00:00,DEV_008,50,35,47
DEV_008_2024-12-11 08:00:00,2024-12-11 08:00:00,DEV_008,54,83,50
DEV_008_2024-12-11 12:00:00,2024-12-11 12:00:00,DEV_008,78,59,70
DEV_008_2024-12-11 16:00:00,2024-12-11 16:00:00,DEV_008,67,58,67
DEV_008_2024-12-11 20:00:00,2024-12-11 20:00:00,DEV_008,59,44,5
DEV_008_2024-12-12 00:00:00,2024-12-12 00:00:00,DEV_008,85,77,50
DEV_008_2024-12-12 04:00:00,2024-12-12 04:00:00,DEV_008,69,18,55
DEV_008_2024-12-12 08:00:00,2024-12-12 08:00:00,DEV_008,89,92,62
DEV_008_2024-12-12 12:00:00,2024-12-12 12:00:00,DEV_008,23,89,44
DEV_008_2024-12-12 16:00:00,2024-12-12 16:00:00,DEV_008,55,56,96
DEV_008_2024-12-12 20:00:00,2024-12-12 20:00:00,DEV_008,90,14,18
DEV_008_2024-12-13 00:00:00,2024-12-13 00:00:00,DEV_008,70,24,5
DEV_008_2024-12-13 04:00:00,2024-12-13 04:00:00,DEV_008,91,58,14
DEV_008_2024-12-13 08:00:00,2024-12-13 08:00:00,DEV_008,85,85,30
DEV_008_2024-12-13 12:00:00,2024-12-13 12:00:00,DEV_008,64,2,81
DEV_008_2024-12-13 16:00:00,2024-12-13 16:00:00,DEV_008,85,10,30
DEV_008_2024-12-13 20:00:00,2024-12-13 20:00:00,DEV_008,6,78,25
DEV_008_2024-12-14 00:00:00,2024-12-14 00:00:00,DEV_008,6,22,38
DEV_008_2024-12-14 04:00:00,2024-12-14 04:00:00,DEV_008,61,82,69
DEV_008_2024-12-14 08:00:00,2024-12-14 08:00:00,DEV_008,73,20,18
DEV_008_2024-12-14 12:00:00,2024-12-14 12:00:00,DEV_008,71,50,16
DEV_008_2024-12-14 16:00:00,2024-12-14 16:00:00,DEV_008,69,66,15
DEV_008_2024-12-14 20:00:00,2024-12-14 20:00:00,DEV_008,95,45,70
DEV_008_2024-12-15 00:00:00,2024-12-15 00:00:00,DEV_008,21,15,88
DEV_008_2024-12-15 04:00:00,2024-12-15 04:00:00,DEV_008,16,58,60
DEV_008_2024-12-15 08:00:00,2024-12-15 08:00:00,DEV_008,17,62,91
DEV_008_2024-12-15 12:00:00,2024-12-15 12:00:00,DEV_008,3,95,23
DEV_008_2024-12-15 16:00:00,2024-12-15 16:00:00,DEV_008,9,13,79
DEV_008_2024-12-15 20:00:00,2024-12-15 20:00:00,DEV_008,23,35,34
DEV_008_2024-12-16 00:00:00,2024-12-16 00:00:00,DEV_008,18,81,57
DEV_008_2024-12-16 04:00:00,2024-12-16 04:00:00,DEV_008,95,40,94
DEV_008_2024-12-16 08:00:00,2024-12-16 08:00:00,DEV_008,26,14,48
DEV_008_2024-12-16 12:00:00,2024-12-16 12:00:00,DEV_008,36,66,12
DEV_008_2024-12-16 16:00:00,2024-12-16 16:00:00,DEV_008,31,19,12
DEV_008_2024-12-16 20:00:00,2024-12-16 20:00:00,DEV_008,51,74,47
DEV_008_2024-12-17 00:00:00,2024-12-17 00:00:00,DEV_008,57,83,33
DEV_008_2024-12-17 04:00:00,2024-12-17 04:00:00,DEV_008,74,71,74
DEV_008_2024-12-17 08:00:00,2024-12-17 08:00:00,DEV_008,61,56,71
DEV_008_2024-12-17 12:00:00,2024-12-17 12:00:00,DEV_008,88,10,97
DEV_008_2024-12-17 16:00:00,2024-12-17 16:00:00,DEV_008,12,90,85
DEV_008_2024-12-17 20:00:00,2024-12-17 20:00:00,DEV_008,19,54,38
DEV_008_2024-12-18 00:00:00,2024-12-18 00:00:00,DEV_008,76,56,48
DEV_008_2024-12-18 04:00:00,2024-12-18 04:00:00,DEV_008,57,78,83
DEV_008_2024-12-18 08:00:00,2024-12-18 08:00:00,DEV_008,1,3,5
DEV_008_2024-12-18 12:00:00,2024-12-18 12:00:00,DEV_008,87,30,50
DEV_008_2024-12-18 16:00:00,2024-12-18 16:00:00,DEV_008,42,3,61
DEV_008_2024-12-18 20:00:00,2024-12-18 20:00:00,DEV_008,93,92,12
DEV_008_2024-12-19 00:00:00,2024-12-19 00:00:00,DEV_008,12,76,69
DEV_008_2024-12-19 04:00:00,2024-12-19 04:00:00,DEV_008,66,92,45
DEV_008_2024-12-19 08:00:00,2024-12-19 08:00:00,DEV_008,51,1,62
DEV_008_2024-12-19 12:00:00,2024-12-19 12:00:00,DEV_008,91,79,11
DEV_008_2024-12-19 16:00:00,2024-12-19 16:00:00,DEV_008,37,24,23
DEV_008_2024-12-19 20:00:00,2024-12-19 20:00:00,DEV_008,31,51,87
DEV_008_2024-12-20 00:00:00,2024-12-20 00:00:00,DEV_008,43,58,16
DEV_008_2024-12-20 04:00:00,2024-12-20 04:00:00,DEV_008,49,3,15
DEV_008_2024-12-20 08:00:00,2024-12-20 08:00:00,DEV_008,10,64,9
DEV_008_2024-12-20 12:00:00,2024-12-20 12:00:00,DEV_008,51,38,77
DEV_008_2024-12-20 16:00:00,2024-12-20 16:00:00,DEV_008,53,81,7
DEV_008_2024-12-20 20:00:00,2024-12-20 20:00:00,DEV_008,91,51,76
DEV_008_2024-12-21 00:00:00,2024-12-21 00:00:00,DEV_008,32,55,33
DEV_008_2024-12-21 04:00:00,2024-12-21 04:00:00,DEV_008,78,57,54
DEV_008_2024-12-21 08:00:00,2024-12-21 08:00:00,DEV_008,88,44,48
DEV_008_2024-12-21 12:00:00,2024-12-21 12:00:00,DEV_008,10,96,76
DEV_008_2024-12-21 16:00:00,2024-12-21 16:00:00,DEV_008,17,93,2
DEV_008_2024-12-21 20:00:00,2024-12-21 20:00:00,DEV_008,35,49,35
DEV_008_2024-12-22 00:00:00,2024-12-22 00:00:00,DEV_008,58,13,17
DEV_008_2024-12-22 04:00:00,2024-12-22 04:00:00,DEV_008,27,8,43
DEV_008_2024-12-22 08:00:00,2024-12-22 08:00:00,DEV_008,18,65,37
DEV_008_2024-12-22 12:00:00,2024-12-22 12:00:00,DEV_008,87,10,90
DEV_008_2024-12-22 16:00:00,2024-12-22 16:00:00,DEV_008,16,8,32
DEV_008_2024-12-22 20:00:00,2024-12-22 20:00:00,DEV_008,1,22,62
DEV_008_2024-12-23 00:00:00,2024-12-23 00:00:00,DEV_008,15,93,38
DEV_008_2024-12-23 04:00:00,2024-12-23 04:00:00,DEV_008,92,68,60
DEV_008_2024-12-23 08:00:00,2024-12-23 08:00:00,DEV_008,89,27,83
DEV_008_2024-12-23 12:00:00,2024-12-23 12:00:00,DEV_008,6,85,25
DEV_008_2024-12-23 16:00:00,2024-12-23 16:00:00,DEV_008,85,73,98
DEV_008_2024-12-23 20:00:00,2024-12-23 20:00:00,DEV_008,96,35,57
DEV_008_2024-12-24 00:00:00,2024-12-24 00:00:00,DEV_008,18,90,77
DEV_008_2024-12-24 04:00:00,2024-12-24 04:00:00,DEV_008,5,97,83
DEV_008_2024-12-24 08:00:00,2024-12-24 08:00:00,DEV_008,11,71,87
DEV_008_2024-12-24 12:00:00,2024-12-24 12:00:00,DEV_008,5,89,68
DEV_008_2024-12-24 16:00:00,2024-12-24 16:00:00,DEV_008,92,23,40
DEV_008_2024-12-24 20:00:00,2024-12-24 20:00:00,DEV_008,21,26,70
DEV_008_2024-12-25 00:00:00,2024-12-25 00:00:00,DEV_008,2,95,34
DEV_008_2024-12-25 04:00:00,2024-12-25 04:00:00,DEV_008,38,85,98
DEV_008_2024-12-25 08:00:00,2024-12-25 08:00:00,DEV_008,91,98,14
DEV_008_2024-12-25 12:00:00,2024-12-25 12:00:00,DEV_008,18,85,64
DEV_008_2024-12-25 16:00:00,2024-12-25 16:00:00,DEV_008,46,89,9
DEV_008_2024-12-25 20:00:00,2024-12-25 20:00:00,DEV_008,46,34,9
DEV_008_2024-12-26 00:00:00,2024-12-26 00:00:00,DEV_008,54,85,43
DEV_008_2024-12-26 04:00:00,2024-12-26 04:00:00,DEV_008,80,18,69
DEV_008_2024-12-26 08:00:00,2024-12-26 08:00:00,DEV_008,90,31,69
DEV_008_2024-12-26 12:00:00,2024-12-26 12:00:00,DEV_008,1,15,29
DEV_008_2024-12-26 16:00:00,2024-12-26 16:00:00,DEV_008,25,45,31
DEV_008_2024-12-26 20:00:00,2024-12-26 20:00:00,DEV_008,25,4,10
DEV_008_2024-12-27 00:00:00,2024-12-27 00:00:00,DEV_008,23,59,38
DEV_008_2024-12-27 04:00:00,2024-12-27 04:00:00,DEV_008,1,25,15
DEV_008_2024-12-27 08:00:00,2024-12-27 08:00:00,DEV_008,68,65,78
DEV_008_2024-12-27 12:00:00,2024-12-27 12:00:00,DEV_008,80,75,70
DEV_008_2024-12-27 16:00:00,2024-12-27 16:00:00,DEV_008,85,32,39
DEV_008_2024-12-27 20:00:00,2024-12-27 20:00:00,DEV_008,46,92,93
DEV_008_2024-12-28 00:00:00,2024-12-28 00:00:00,DEV_008,50,22,33
DEV_008_2024-12-28 04:00:00,2024-12-28 04:00:00,DEV_008,79,69,77
DEV_008_2024-12-28 08:00:00,2024-12-28 08:00:00,DEV_008,2,43,70
DEV_008_2024-12-28 12:00:00,2024-12-28 12:00:00,DEV_008,48,23,79
DEV_008_2024-12-28 16:00:00,2024-12-28 16:00:00,DEV_008,6,22,13
DEV_008_2024-12-28 20:00:00,2024-12-28 20:00:00,DEV_008,13,50,37
DEV_008_2024-12-29 00:00:00,2024-12-29 00:00:00,DEV_008,51,36,73
DEV_008_2024-12-29 04:00:00,2024-12-29 04:00:00,DEV_008,69,68,62
DEV_008_2024-12-29 08:00:00,2024-12-29 08:00:00,DEV_008,10,31,8
DEV_008_2024-12-29 12:00:00,2024-12-29 12:00:00,DEV_008,88,90,11
DEV_008_2024-12-29 16:00:00,2024-12-29 16:00:00,DEV_008,70,33,91
DEV_008_2024-12-29 20:00:00,2024-12-29 20:00:00,DEV_008,45,14,88
DEV_009_2024-09-01 00:00:00,2024-09-01 00:00:00,DEV_009,87,27,72
DEV_009_2024-09-01 02:00:00,2024-09-01 02:00:00,DEV_009,14,72,36
DEV_009_2024-09-01 04:00:00,2024-09-01 04:00:00,DEV_009,40,85,29
DEV_009_2024-09-01 06:00:00,2024-09-01 06:00:00,DEV_009,86,77,59
DEV_009_2024-09-01 08:00:00,2024-09-01 08:00:00,DEV_009,24,85,10
DEV_009_2024-09-01 10:00:00,2024-09-01 10:00:00,DEV_009,9,38,34
DEV_009_2024-09-01 12:00:00,2024-09-01 12:00:00,DEV_009,65,70,50
DEV_009_2024-09-01 14:00:00,2024-09-01 14:00:00,DEV_009,97,73,9
DEV_009_2024-09-01 16:00:00,2024-09-01 16:00:00,DEV_009,77,10,39
DEV_009_2024-09-01 18:00:00,2024-09-01 18:00:00,DEV_009,85,94,23
DEV_009_2024-09-01 20:00:00,2024-09-01 20:00:00,DEV_009,77,64,26
DEV_009_2024-09-01 22:00:00,2024-09-01 22:00:00,DEV_009,65,38,15
DEV_009_2024-09-02 00:00:00,2024-09-02 00:00:00,DEV_009,25,41,75
DEV_009_2024-09-02 02:00:00,2024-09-02 02:00:00,DEV_009,67,43,5
DEV_009_2024-09-02 04:00:00,2024-09-02 04:00:00,DEV_009,88,17,84
DEV_009_2024-09-02 06:00:00,2024-09-02 06:00:00,DEV_009,85,98,74
DEV_009_2024-09-02 08:00:00,2024-09-02 08:00:00,DEV_009,83,71,16
DEV_009_2024-09-02 10:00:00,2024-09-02 10:00:00,DEV_009,14,72,68
DEV_009_2024-09-02 12:00:00,2024-09-02 12:00:00,DEV_009,48,26,10
DEV_009_2024-09-02 14:00:00,2024-09-02 14:00:00,DEV_009,63,75,66
DEV_009_2024-09-02 16:00:00,2024-09-02 16:00:00,DEV_009,18,24,92
DEV_009_2024-09-02 18:00:00,2024-09-02 18:00:00,DEV_009,39,73,6
DEV_009_2024-09-02 20:00:00,2024-09-02 20:00:00,DEV_009,73,38,79
DEV_009_2024-09-02 22:00:00,2024-09-02 22:00:00,DEV_009,5,85,16
DEV_009_2024-09-03 00:00:00,2024-09-03 00:00:00,DEV_009,53,22,95
DEV_009_2024-09-03 02:00:00,2024-09-03 02:00:00,DEV_009,4,8,54
DEV_009_2024-09-03 04:00:00,2024-09-03 04:00:00,DEV_009,69,79,20
DEV_009_2024-09-03 06:00:00,2024-09-03 06:00:00,DEV_009,91,40,45
DEV_009_2024-09-03 08:00:00,2024-09-03 08:00:00,DEV_009,68,5,22
DEV_009_2024-09-03 10:00:00,2024-09-03 10:00:00,DEV_009,54,96,92
DEV_009_2024-09-03 12:00:00,2024-09-03 12:00:00,DEV_009,92,34,56
DEV_009_2024-09-03 14:00:00,2024-09-03 14:00:00,DEV_009,3,81,22
DEV_009_2024-09-03 16:00:00,2024-09-03 16:00:00,DEV_009,11,34,80
DEV_009_2024-09-03 18:00:00,2024-09-03 18:00:00,DEV_009,18,26,79
DEV_009_2024-09-03 20:00:00,2024-09-03 20:00:00,DEV_009,34,42,36
DEV_009_2024-09-03 22:00:00,2024-09-03 22:00:00,DEV_009,3,35,72
DEV_009_2024-09-04 00:00:00,2024-09-04 00:00:00,DEV_009,29,73,18
DEV_009_2024-09-04 02:00:00,2024-09-04 02:00:00,DEV_009,81,29,42
DEV_009_2024-09-04 04:00:00,2024-09-04 04:00:00,DEV_009,38,57,53
DEV_009_2024-09-04 06:00:00,2024-09-04 06:00:00,DEV_009,20,12,21
DEV_009_2024-09-04 08:00:00,2024-09-04 08:00:00,DEV_009,39,62,18
DEV_009_2024-09-04 10:00:00,2024-09-04 10:00:00,DEV_009,69,14,75
DEV_009_2024-09-04 12:00:00,2024-09-04 12:00:00,DEV_009,33,98,61
DEV_009_2024-09-04 14:00:00,2024-09-04 14:00:00,DEV_009,67,1,26
DEV_009_2024-09-04 16:00:00,2024-09-04 16:00:00,DEV_009,41,43,88
DEV_009_2024-09-04 18:00:00,2024-09-04 18:00:00,DEV_009,69,93,52
DEV_009_2024-09-04 20:00:00,2024-09-04 20:00:00,DEV_009,54,85,72
DEV_009_2024-09-04 22:00:00,2024-09-04 22:00:00,DEV_009,67,39,4
DEV_009_2024-09-05 00:00:00,2024-09-05 00:00:00,DEV_009,19,4,25
DEV_009_2024-09-05 02:00:00,2024-09-05 02:00:00,DEV_009,46,21,94
DEV_009_2024-09-05 04:00:00,2024-09-05 04:00:00,DEV_009,34,49,57
DEV_009_2024-09-05 06:00:00,2024-09-05 06:00:00,DEV_009,49,39,51
DEV_009_2024-09-05 08:00:00,2024-09-05 08:00:00,DEV_009,50,23,96
DEV_009_2024-09-05 10:00:00,2024-09-05 10:00:00,DEV_009,24,39,71
DEV_009_2024-09-05 12:00:00,2024-09-05 12:00:00,DEV_009,67,92,73
DEV_009_2024-09-05 14:00:00,2024-09-05 14:00:00,DEV_009,53,96,16
DEV_009_2024-09-05 16:00:00,2024-09-05 16:00:00,DEV_009,51,95,3
DEV_009_2024-09-05 18:00:00,2024-09-05 18:00:00,DEV_009,38,28,12
DEV_009_2024-09-05 20:00:00,2024-09-05 20:00:00,DEV_009,68,95,68
DEV_009_2024-09-05 22:00:00,2024-09-05 22:00:00,DEV_009,75,3,88
DEV_009_2024-09-06 00:00:00,2024-09-06 00:00:00,DEV_009,90,7,8
DEV_009_2024-09-06 02:00:00,2024-09-06 02:00:00,DEV_009,89,89,4
DEV_009_2024-09-06 04:00:00,2024-09-06 04:00:00,DEV_009,69,70,79
DEV_009_2024-09-06 06:00:00,2024-09-06 06:00:00,DEV_009,5,81,42
DEV_009_2024-09-06 08:00:00,2024-09-06 08:00:00,DEV_009,67,88,39
DEV_009_2024-09-06 10:00:00,2024-09-06 10:00:00,DEV_009,10,36,39
DEV_009_2024-09-06 12:00:00,2024-09-06 12:00:00,DEV_009,35,67,56
DEV_009_2024-09-06 14:00:00,2024-09-06 14:00:00,DEV_009,41,90,11
DEV_009_2024-09-06 16:00:00,2024-09-06 16:00:00,DEV_009,11,67,76
DEV_009_2024-09-06 18:00:00,2024-09-06 18:00:00,DEV_009,71,82,60
DEV_009_2024-09-06 20:00:00,2024-09-06 20:00:00,DEV_009,27,76,66
DEV_009_2024-09-06 22:00:00,2024-09-06 22:00:00,DEV_009,89,24,25
DEV_009_2024-09-07 00:00:00,2024-09-07 00:00:00,DEV_009,73,88,91
DEV_009_2024-09-07 02:00:00,2024-09-07 02:00:00,DEV_009,96,36,57
DEV_009_2024-09-07 04:00:00,2024-09-07 04:00:00,DEV_009,35,25,9
DEV_009_2024-09-07 06:00:00,2024-09-07 06:00:00,DEV_009,53,96,6
DEV_009_2024-09-07 08:00:00,2024-09-07 08:00:00,DEV_009,57,99,38
DEV_009_2024-09-07 10:00:00,2024-09-07 10:00:00,DEV_009,93,54,8
DEV_009_2024-09-07 12:00:00,2024-09-07 12:00:00,DEV_009,8,93,19
DEV_009_2024-09-07 14:00:00,2024-09-07 14:00:00,DEV_009,99,6,77
DEV_009_2024-09-07 16:00:00,2024-09-07 16:00:00,DEV_009,42,68,32
DEV_009_2024-09-07 18:00:00,2024-09-07 18:00:00,DEV_009,11,30,39
DEV_009_2024-09-07 20:00:00,2024-09-07 20:00:00,DEV_009,50,7,54
DEV_009_2024-09-07 22:00:00,2024-09-07 22:00:00,DEV_009,14,65,82
DEV_009_2024-09-08 00:00:00,2024-09-08 00:00:00,DEV_009,1,70,71
DEV_009_2024-09-08 02:00:00,2024-09-08 02:00:00,DEV_009,54,64,74
DEV_009_2024-09-08 04:00:00,2024-09-08 04:00:00,DEV_009,74,41,92
DEV_009_2024-09-08 06:00:00,2024-09-08 06:00:00,DEV_009,26,24,32
DEV_009_2024-09-08 08:00:00,2024-09-08 08:00:00,DEV_009,22,69,59
DEV_009_2024-09-08 10:00:00,2024-09-08 10:00:00,DEV_009,23,62,41
DEV_009_2024-09-08 12:00:00,2024-09-08 12:00:00,DEV_009,19,77,14
DEV_009_2024-09-08 14:00:00,2024-09-08 14:00:00,DEV_009,75,41,46
DEV_009_2024-09-08 16:00:00,2024-09-08 16:00:00,DEV_009,31,44,40
DEV_009_2024-09-08 18:00:00,2024-09-08 18:00:00,DEV_009,35,40,48
DEV_009_2024-09-08 20:00:00,2024-09-08 20:00:00,DEV_009,42,97,35
DEV_009_2024-09-08 22:00:00,2024-09-08 22:00:00,DEV_009,70,10,72
DEV_009_2024-09-09 00:00:00,2024-09-09 00:00:00,DEV_009,16,10,23
DEV_009_2024-09-09 02:00:00,2024-09-09 02:00:00,DEV_009,50,52,56
DEV_009_2024-09-09 04:00:00,2024-09-09 04:00:00,DEV_009,80,73,98
DEV_009_2024-09-09 06:00:00,2024-09-09 06:00:00,DEV_009,77,12,28
DEV_009_2024-09-09 08:00:00,2024-09-09 08:00:00,DEV_009,62,30,30
DEV_009_2024-09-09 10:00:00,2024-09-09 10:00:00,DEV_009,39,50,83
DEV_009_2024-09-09 12:00:00,2024-09-09 12:00:00,DEV_009,73,3,3
DEV_009_2024-09-09 14:00:00,2024-09-09 14:00:00,DEV_009,11,95,21
DEV_009_2024-09-09 16:00:00,2024-09-09 16:00:00,DEV_009,45,27,28
DEV_009_2024-09-09 18:00:00,2024-09-09 18:00:00,DEV_009,92,9,1
DEV_009_2024-09-09 20:00:00,2024-09-09 20:00:00,DEV_009,22,55,55
DEV_009_2024-09-09 22:00:00,2024-09-09 22:00:00,DEV_009,87,61,18
DEV_009_2024-09-10 00:00:00,2024-09-10 00:00:00,DEV_009,99,38,94
DEV_009_2024-09-10 02:00:00,2024-09-10 02:00:00,DEV_009,73,13,57
DEV_009_2024-09-10 04:00:00,2024-09-10 04:00:00,DEV_009,34,1,14
DEV_009_2024-09-10 06:00:00,2024-09-10 06:00:00,DEV_009,1,91,7
DEV_009_2024-09-10 08:00:00,2024-09-10 08:00:00,DEV_009,8,80,87
DEV_009_2024-09-10 10:00:00,2024-09-10 10:00:00,DEV_009,94,9,43
DEV_009_2024-09-10 12:00:00,2024-09-10 12:00:00,DEV_009,84,97,28
DEV_009_2024-09-10 14:00:00,2024-09-10 14:00:00,DEV_009,33,26,33
DEV_009_2024-09-10 16:00:00,2024-09-10 16:00:00,DEV_009,13,38,27
DEV_009_2024-09-10 18:00:00,2024-09-10 18:00:00,DEV_009,95,84,79
DEV_009_2024-09-10 20:00:00,2024-09-10 20:00:00,DEV_009,69,59,26
DEV_009_2024-09-10 22:00:00,2024-09-10 22:00:00,DEV_009,63,7,82
DEV_009_2024-09-11 00:00:00,2024-09-11 00:00:00,DEV_009,86,64,31
DEV_009_2024-09-11 02:00:00,2024-09-11 02:00:00,DEV_009,58,22,58
DEV_009_2024-09-11 04:00:00,2024-09-11 04:00:00,DEV_009,58,47,77
DEV_009_2024-09-11 06:00:00,2024-09-11 06:00:00,DEV_009,65,14,49
DEV_009_2024-09-11 08:00:00,2024-09-11 08:00:00,DEV_009,66,58,7
DEV_009_2024-09-11 10:00:00,2024-09-11 10:00:00,DEV_009,53,48,52
DEV_009_2024-09-11 12:00:00,2024-09-11 12:00:00,DEV_009,58,95,47
DEV_009_2024-09-11 14:00:00,2024-09-11 14:00:00,DEV_009,15,73,47
DEV_009_2024-09-11 16:00:00,2024-09-11 16:00:00,DEV_009,96,66,64
DEV_009_2024-09-11 18:00:00,2024-09-11 18:00:00,DEV_009,49,7,62
DEV_009_2024-09-11 20:00:00,2024-09-11 20:00:00,DEV_009,18,91,62
DEV_009_2024-09-11 22:00:00,2024-09-11 22:00:00,DEV_009,18,98,9
DEV_009_2024-09-12 00:00:00,2024-09-12 00:00:00,DEV_009,69,59,77
DEV_009_2024-09-12 02:00:00,2024-09-12 02:00:00,DEV_009,35,4,38
DEV_009_2024-09-12 04:00:00,2024-09-12 04:00:00,DEV_009,20,92,38
DEV_009_2024-09-12 06:00:00,2024-09-12 06:00:00,DEV_009,56,29,30
DEV_009_2024-09-12 08:00:00,2024-09-12 08:00:00,DEV_009,7,38,13
DEV_009_2024-09-12 10:00:00,2024-09-12 10:00:00,DEV_009,39,63,88
DEV_009_2024-09-12 12:00:00,2024-09-12 12:00:00,DEV_009,30,34,16
DEV_009_2024-09-12 14:00:00,2024-09-12 14:00:00,DEV_009,41,23,73
DEV_009_2024-09-12 16:00:00,2024-09-12 16:00:00,DEV_009,49,43,25
DEV_009_2024-09-12 18:00:00,2024-09-12 18:00:00,DEV_009,48,76,54
DEV_009_2024-09-12 20:00:00,2024-09-12 20:00:00,DEV_009,10,14,30
DEV_009_2024-09-12 22:00:00,2024-09-12 22:00:00,DEV_009,69,80,55
DEV_009_2024-09-13 00:00:00,2024-09-13 00:00:00,DEV_009,6,63,42
DEV_009_2024-09-13 02:00:00,2024-09-13 02:00:00,DEV_009,13,56,94
DEV_009_2024-09-13 04:00:00,2024-09-13 04:00:00,DEV_009,94,31,51
DEV_009_2024-09-13 06:00:00,2024-09-13 06:00:00,DEV_009,90,14,29
DEV_009_2024-09-13 08:00:00,2024-09-13 08:00:00,DEV_009,47,17,25
DEV_009_2024-09-13 10:00:00,2024-09-13 10:00:00,DEV_009,99,42,35
DEV_009_2024-09-13 12:00:00,2024-09-13 12:00:00,DEV_009,58,11,92
DEV_009_2024-09-13 14:00:00,2024-09-13 14:00:00,DEV_009,5,88,56
DEV_009_2024-09-13 16:00:00,2024-09-13 16:00:00,DEV_009,63,65,26
DEV_009_2024-09-13 18:00:00,2024-09-13 18:00:00,DEV_009,47,92,72
DEV_009_2024-09-13 20:00:00,2024-09-13 20:00:00,DEV_009,21,35,42
DEV_009_2024-09-13 22:00:00,2024-09-13 22:00:00,DEV_009,5,46,59
DEV_009_2024-09-14 00:00:00,2024-09-14 00:00:00,DEV_009,33,60,91
DEV_009_2024-09-14 02:00:00,2024-09-14 02:00:00,DEV_009,77,85,66
DEV_009_2024-09-14 04:00:00,2024-09-14 04:00:00,DEV_009,71,21,52
DEV_009_2024-09-14 06:00:00,2024-09-14 06:00:00,DEV_009,34,46,4
DEV_009_2024-09-14 08:00:00,2024-09-14 08:00:00,DEV_009,30,39,88
DEV_009_2024-09-14 10:00:00,2024-09-14 10:00:00,DEV_009,97,87,59
DEV_009_2024-09-14 12:00:00,2024-09-14 12:00:00,DEV_009,98,12,24
DEV_009_2024-09-14 14:00:00,2024-09-14 14:00:00,DEV_009,21,36,57
DEV_009_2024-09-14 16:00:00,2024-09-14 16:00:00,DEV_009,5,49,55
DEV_009_2024-09-14 18:00:00,2024-09-14 18:00:00,DEV_009,85,5,67
DEV_009_2024-09-14 20:00:00,2024-09-14 20:00:00,DEV_009,53,5,16
DEV_009_2024-09-14 22:00:00,2024-09-14 22:00:00,DEV_009,20,22,57
DEV_009_2024-09-15 00:00:00,2024-09-15 00:00:00,DEV_009,19,3,42
DEV_009_2024-09-15 02:00:00,2024-09-15 02:00:00,DEV_009,13,28,5
DEV_009_2024-09-15 04:00:00,2024-09-15 04:00:00,DEV_009,40,73,58
DEV_009_2024-09-15 06:00:00,2024-09-15 06:00:00,DEV_009,11,30,29
DEV_009_2024-09-15 08:00:00,2024-09-15 08:00:00,DEV_009,37,99,23
DEV_009_2024-09-15 10:00:00,2024-09-15 10:00:00,DEV_009,41,53,23
DEV_009_2024-09-15 12:00:00,2024-09-15 12:00:00,DEV_009,68,78,65
DEV_009_2024-09-15 14:00:00,2024-09-15 14:00:00,DEV_009,19,48,77
DEV_009_2024-09-15 16:00:00,2024-09-15 16:00:00,DEV_009,92,10,91
DEV_009_2024-09-15 18:00:00,2024-09-15 18:00:00,DEV_009,36,44,84
DEV_009_2024-09-15 20:00:00,2024-09-15 20:00:00,DEV_009,88,23,14
DEV_009_2024-09-15 22:00:00,2024-09-15 22:00:00,DEV_009,6,90,50
DEV_009_2024-09-16 00:00:00,2024-09-16 00:00:00,DEV_009,57,84,91
DEV_009_2024-09-16 02:00:00,2024-09-16 02:00:00,DEV_009,77,86,47
DEV_009_2024-09-16 04:00:00,2024-09-16 04:00:00,DEV_009,33,80,13
DEV_009_2024-09-16 06:00:00,2024-09-16 06:00:00,DEV_009,68,37,36
DEV_009_2024-09-16 08:00:00,2024-09-16 08:00:00,DEV_009,80,27,2
DEV_009_2024-09-16 10:00:00,2024-09-16 10:00:00,DEV_009,89,52,90
DEV_009_2024-09-16 12:00:00,2024-09-16 12:00:00,DEV_009,12,17,90
DEV_009_2024-09-16 14:00:00,2024-09-16 14:00:00,DEV_009,82,92,57
DEV_009_2024-09-16 16:00:00,2024-09-16 16:00:00,DEV_009,30,19,57
DEV_009_2024-09-16 18:00:00,2024-09-16 18:00:00,DEV_009,18,31,57
DEV_009_2024-09-16 20:00:00,2024-09-16 20:00:00,DEV_009,67,74,17
DEV_009_2024-09-16 22:00:00,2024-09-16 22:00:00,DEV_009,7,41,34
DEV_009_2024-09-17 00:00:00,2024-09-17 00:00:00,DEV_009,87,8,21
DEV_009_2024-09-17 02:00:00,2024-09-17 02:00:00,DEV_009,53,42,14
DEV_009_2024-09-17 04:00:00,2024-09-17 04:00:00,DEV_009,41,26,99
DEV_009_2024-09-17 06:00:00,2024-09-17 06:00:00,DEV_009,84,85,38
DEV_009_2024-09-17 08:00:00,2024-09-17 08:00:00,DEV_009,1,6,60
DEV_009_2024-09-17 10:00:00,2024-09-17 10:00:00,DEV_009,51,12,25
DEV_009_2024-09-17 12:00:00,2024-09-17 12:00:00,DEV_009,93,15,75
DEV_009_2024-09-17 14:00:00,2024-09-17 14:00:00,DEV_009,79,32,35
DEV_009_2024-09-17 16:00:00,2024-09-17 16:00:00,DEV_009,65,78,6
DEV_009_2024-09-17 18:00:00,2024-09-17 18:00:00,DEV_009,16,33,56
DEV_009_2024-09-17 20:00:00,2024-09-17 20:00:00,DEV_009,45,85,22
DEV_009_2024-09-17 22:00:00,2024-09-17 22:00:00,DEV_009,12,2,73
DEV_009_2024-09-18 00:00:00,2024-09-18 00:00:00,DEV_009,56,88,11
DEV_009_2024-09-18 02:00:00,2024-09-18 02:00:00,DEV_009,98,89,81
DEV_009_2024-09-18 04:00:00,2024-09-18 04:00:00,DEV_009,56,44,27
DEV_009_2024-09-18 06:00:00,2024-09-18 06:00:00,DEV_009,72,6,6
DEV_009_2024-09-18 08:00:00,2024-09-18 08:00:00,DEV_009,80,98,22
DEV_009_2024-09-18 10:00:00,2024-09-18 10:00:00,DEV_009,12,85,7
DEV_009_2024-09-18 12:00:00,2024-09-18 12:00:00,DEV_009,71,99,28
DEV_009_2024-09-18 14:00:00,2024-09-18 14:00:00,DEV_009,48,23,14
DEV_009_2024-09-18 16:00:00,2024-09-18 16:00:00,DEV_009,85,2,60
DEV_009_2024-09-18 18:00:00,2024-09-18 18:00:00,DEV_009,25,56,65
DEV_009_2024-09-18 20:00:00,2024-09-18 20:00:00,DEV_009,65,20,14
DEV_009_2024-09-18 22:00:00,2024-09-18 22:00:00,DEV_009,56,1,50
DEV_009_2024-09-19 00:00:00,2024-09-19 00:00:00,DEV_009,98,53,42
DEV_009_2024-09-19 02:00:00,2024-09-19 02:00:00,DEV_009,75,63,85
DEV_009_2024-09-19 04:00:00,2024-09-19 04:00:00,DEV_009,47,77,89
DEV_009_2024-09-19 06:00:00,2024-09-19 06:00:00,DEV_009,91,87,57
DEV_009_2024-09-19 08:00:00,2024-09-19 08:00:00,DEV_009,76,30,76
DEV_009_2024-09-19 10:00:00,2024-09-19 10:00:00,DEV_009,70,25,25
DEV_009_2024-09-19 12:00:00,2024-09-19 12:00:00,DEV_009,30,79,76
DEV_009_2024-09-19 14:00:00,2024-09-19 14:00:00,DEV_009,64,75,84
DEV_009_2024-09-19 16:00:00,2024-09-19 16:00:00,DEV_009,95,69,6
DEV_009_2024-09-19 18:00:00,2024-09-19 18:00:00,DEV_009,35,21,46
DEV_009_2024-09-19 20:00:00,2024-09-19 20:00:00,DEV_009,71,80,2
DEV_009_2024-09-19 22:00:00,2024-09-19 22:00:00,DEV_009,71,61,36
DEV_009_2024-09-20 00:00:00,2024-09-20 00:00:00,DEV_009,52,56,49
DEV_009_2024-09-20 02:00:00,2024-09-20 02:00:00,DEV_009,28,12,54
DEV_009_2024-09-20 04:00:00,2024-09-20 04:00:00,DEV_009,32,5,18
DEV_009_2024-09-20 06:00:00,2024-09-20 06:00:00,DEV_009,78,70,24
DEV_009_2024-09-20 08:00:00,2024-09-20 08:00:00,DEV_009,93,38,65
DEV_009_2024-09-20 10:00:00,2024-09-20 10:00:00,DEV_009,67,97,28
DEV_009_2024-09-20 12:00:00,2024-09-20 12:00:00,DEV_009,60,36,43
DEV_009_2024-09-20 14:00:00,2024-09-20 14:00:00,DEV_009,26,27,84
DEV_009_2024-09-20 16:00:00,2024-09-20 16:00:00,DEV_009,64,21,67
DEV_009_2024-09-20 18:00:00,2024-09-20 18:00:00,DEV_009,78,74,39
DEV_009_2024-09-20 20:00:00,2024-09-20 20:00:00,DEV_009,59,17,90
DEV_009_2024-09-20 22:00:00,2024-09-20 22:00:00,DEV_009,61,61,59
DEV_009_2024-09-21 00:00:00,2024-09-21 00:00:00,DEV_009,9,32,98
DEV_009_2024-09-21 02:00:00,2024-09-21 02:00:00,DEV_009,8,97,4
DEV_009_2024-09-21 04:00:00,2024-09-21 04:00:00,DEV_009,16,87,26
DEV_009_2024-09-21 06:00:00,2024-09-21 06:00:00,DEV_009,50,15,12
DEV_009_2024-09-21 08:00:00,2024-09-21 08:00:00,DEV_009,61,15,43
DEV_009_2024-09-21 10:00:00,2024-09-21 10:00:00,DEV_009,11,15,12
DEV_009_2024-09-21 12:00:00,2024-09-21 12:00:00,DEV_009,56,20,11
DEV_009_2024-09-21 14:00:00,2024-09-21 14:00:00,DEV_009,74,89,56
DEV_009_2024-09-21 16:00:00,2024-09-21 16:00:00,DEV_009,75,93,60
DEV_009_2024-09-21 18:00:00,2024-09-21 18:00:00,DEV_009,30,25,76
DEV_009_2024-09-21 20:00:00,2024-09-21 20:00:00,DEV_009,58,32,47
DEV_009_2024-09-21 22:00:00,2024-09-21 22:00:00,DEV_009,65,87,76
DEV_009_2024-09-22 00:00:00,2024-09-22 00:00:00,DEV_009,94,27,66
DEV_009_2024-09-22 02:00:00,2024-09-22 02:00:00,DEV_009,26,37,55
DEV_009_2024-09-22 04:00:00,2024-09-22 04:00:00,DEV_009,50,35,60
DEV_009_2024-09-22 06:00:00,2024-09-22 06:00:00,DEV_009,76,7,79
DEV_009_2024-09-22 08:00:00,2024-09-22 08:00:00,DEV_009,49,75,15
DEV_009_2024-09-22 10:00:00,2024-09-22 10:00:00,DEV_009,38,8,87
DEV_009_2024-09-22 12:00:00,2024-09-22 12:00:00,DEV_009,77,79,80
DEV_009_2024-09-22 14:00:00,2024-09-22 14:00:00,DEV_009,17,20,44
DEV_009_2024-09-22 16:00:00,2024-09-22 16:00:00,DEV_009,96,55,42
DEV_009_2024-09-22 18:00:00,2024-09-22 18:00:00,DEV_009,37,10,66
DEV_009_2024-09-22 20:00:00,2024-09-22 20:00:00,DEV_009,43,89,9
DEV_009_2024-09-22 22:00:00,2024-09-22 22:00:00,DEV_009,61,49,94
DEV_009_2024-09-23 00:00:00,2024-09-23 00:00:00,DEV_009,54,6,71
DEV_009_2024-09-23 02:00:00,2024-09-23 02:00:00,DEV_009,27,5,50
DEV_009_2024-09-23 04:00:00,2024-09-23 04:00:00,DEV_009,80,44,89
DEV_009_2024-09-23 06:00:00,2024-09-23 06:00:00,DEV_009,81,44,32
DEV_009_2024-09-23 08:00:00,2024-09-23 08:00:00,DEV_009,59,77,28
DEV_009_2024-09-23 10:00:00,2024-09-23 10:00:00,DEV_009,18,30,56
DEV_009_2024-09-23 12:00:00,2024-09-23 12:00:00,DEV_009,59,7,5
DEV_009_2024-09-23 14:00:00,2024-09-23 14:00:00,DEV_009,36,16,67
DEV_009_2024-09-23 16:00:00,2024-09-23 16:00:00,DEV_009,82,31,8
DEV_009_2024-09-23 18:00:00,2024-09-23 18:00:00,DEV_009,75,67,36
DEV_009_2024-09-23 20:00:00,2024-09-23 20:00:00,DEV_009,60,85,54
DEV_009_2024-09-23 22:00:00,2024-09-23 22:00:00,DEV_009,65,84,50
DEV_009_2024-09-24 00:00:00,2024-09-24 00:00:00,DEV_009,74,50,70
DEV_009_2024-09-24 02:00:00,2024-09-24 02:00:00,DEV_009,79,99,42
DEV_009_2024-09-24 04:00:00,2024-09-24 04:00:00,DEV_009,59,14,23
DEV_009_2024-09-24 06:00:00,2024-09-24 06:00:00,DEV_009,37,64,69
DEV_009_2024-09-24 08:00:00,2024-09-24 08:00:00,DEV_009,10,12,85
DEV_009_2024-09-24 10:00:00,2024-09-24 10:00:00,DEV_009,70,8,60
DEV_009_2024-09-24 12:00:00,2024-09-24 12:00:00,DEV_009,70,93,11
DEV_009_2024-09-24 14:00:00,2024-09-24 14:00:00,DEV_009,71,23,90
DEV_009_2024-09-24 16:00:00,2024-09-24 16:00:00,DEV_009,31,72,61
DEV_009_2024-09-24 18:00:00,2024-09-24 18:00:00,DEV_009,84,41,43
DEV_009_2024-09-24 20:00:00,2024-09-24 20:00:00,DEV_009,20,77,45
DEV_009_2024-09-24 22:00:00,2024-09-24 22:00:00,DEV_009,4,88,69
DEV_009_2024-09-25 00:00:00,2024-09-25 00:00:00,DEV_009,29,79,86
DEV_009_2024-09-25 02:00:00,2024-09-25 02:00:00,DEV_009,84,78,79
DEV_009_2024-09-25 04:00:00,2024-09-25 04:00:00,DEV_009,68,58,65
DEV_009_2024-09-25 06:00:00,2024-09-25 06:00:00,DEV_009,60,95,98
DEV_009_2024-09-25 08:00:00,2024-09-25 08:00:00,DEV_009,21,17,75
DEV_009_2024-09-25 10:00:00,2024-09-25 10:00:00,DEV_009,55,51,17
DEV_009_2024-09-25 12:00:00,2024-09-25 12:00:00,DEV_009,18,8,62
DEV_009_2024-09-25 14:00:00,2024-09-25 14:00:00,DEV_009,43,33,20
DEV_009_2024-09-25 16:00:00,2024-09-25 16:00:00,DEV_009,75,68,90
DEV_009_2024-09-25 18:00:00,2024-09-25 18:00:00,DEV_009,2,40,35
DEV_009_2024-09-25 20:00:00,2024-09-25 20:00:00,DEV_009,76,72,18
DEV_009_2024-09-25 22:00:00,2024-09-25 22:00:00,DEV_009,57,40,87
DEV_009_2024-09-26 00:00:00,2024-09-26 00:00:00,DEV_009,46,65,64
DEV_009_2024-09-26 02:00:00,2024-09-26 02:00:00,DEV_009,3,47,7
DEV_009_2024-09-26 04:00:00,2024-09-26 04:00:00,DEV_009,14,85,17
DEV_009_2024-09-26 06:00:00,2024-09-26 06:00:00,DEV_009,24,8,16
DEV_009_2024-09-26 08:00:00,2024-09-26 08:00:00,DEV_009,11,37,97
DEV_009_2024-09-26 10:00:00,2024-09-26 10:00:00,DEV_009,28,64,7
DEV_009_2024-09-26 12:00:00,2024-09-26 12:00:00,DEV_009,49,14,85
DEV_009_2024-09-26 14:00:00,2024-09-26 14:00:00,DEV_009,49,54,87
DEV_009_2024-09-26 16:00:00,2024-09-26 16:00:00,DEV_009,83,2,73
DEV_009_2024-09-26 18:00:00,2024-09-26 18:00:00,DEV_009,29,13,83
DEV_009_2024-09-26 20:00:00,2024-09-26 20:00:00,DEV_009,80,48,44
DEV_009_2024-09-26 22:00:00,2024-09-26 22:00:00,DEV_009,63,79,70
DEV_009_2024-09-27 00:00:00,2024-09-27 00:00:00,DEV_009,55,27,81
DEV_009_2024-09-27 02:00:00,2024-09-27 02:00:00,DEV_009,8,35,39
DEV_009_2024-09-27 04:00:00,2024-09-27 04:00:00,DEV_009,20,44,31
DEV_009_2024-09-27 06:00:00,2024-09-27 06:00:00,DEV_009,76,93,24
DEV_009_2024-09-27 08:00:00,2024-09-27 08:00:00,DEV_009,22,50,11
DEV_009_2024-09-27 10:00:00,2024-09-27 10:00:00,DEV_009,42,64,97
DEV_009_2024-09-27 12:00:00,2024-09-27 12:00:00,DEV_009,99,71,60
DEV_009_2024-09-27 14:00:00,2024-09-27 14:00:00,DEV_009,26,81,16
DEV_009_2024-09-27 16:00:00,2024-09-27 16:00:00,DEV_009,8,39,3
DEV_009_2024-09-27 18:00:00,2024-09-27 18:00:00,DEV_009,21,96,19
DEV_009_2024-09-27 20:00:00,2024-09-27 20:00:00,DEV_009,94,16,92
DEV_009_2024-09-27 22:00:00,2024-09-27 22:00:00,DEV_009,50,48,73
DEV_009_2024-09-28 00:00:00,2024-09-28 00:00:00,DEV_009,58,52,68
DEV_009_2024-09-28 02:00:00,2024-09-28 02:00:00,DEV_009,66,61,40
DEV_009_2024-09-28 04:00:00,2024-09-28 04:00:00,DEV_009,21,11,22
DEV_009_2024-09-28 06:00:00,2024-09-28 06:00:00,DEV_009,30,18,70
DEV_009_2024-09-28 08:00:00,2024-09-28 08:00:00,DEV_009,72,31,13
DEV_009_2024-09-28 10:00:00,2024-09-28 10:00:00,DEV_009,42,45,14
DEV_009_2024-09-28 12:00:00,2024-09-28 12:00:00,DEV_009,83,69,38
DEV_009_2024-09-28 14:00:00,2024-09-28 14:00:00,DEV_009,35,12,19
DEV_009_2024-09-28 16:00:00,2024-09-28 16:00:00,DEV_009,17,39,63
DEV_009_2024-09-28 18:00:00,2024-09-28 18:00:00,DEV_009,82,29,85
DEV_009_2024-09-28 20:00:00,2024-09-28 20:00:00,DEV_009,3,95,54
DEV_009_2024-09-28 22:00:00,2024-09-28 22:00:00,DEV_009,36,40,20
DEV_009_2024-09-29 00:00:00,2024-09-29 00:00:00,DEV_009,64,4,84
DEV_009_2024-09-29 02:00:00,2024-09-29 02:00:00,DEV_009,92,28,99
DEV_009_2024-09-29 04:00:00,2024-09-29 04:00:00,DEV_009,74,9,92
DEV_009_2024-09-29 06:00:00,2024-09-29 06:00:00,DEV_009,45,90,52
DEV_009_2024-09-29 08:00:00,2024-09-29 08:00:00,DEV_009,19,72,58
DEV_009_2024-09-29 10:00:00,2024-09-29 10:00:00,DEV_009,67,14,58
DEV_009_2024-09-29 12:00:00,2024-09-29 12:00:00,DEV_009,4,49,22
DEV_009_2024-09-29 14:00:00,2024-09-29 14:00:00,DEV_009,60,94,55
DEV_009_2024-09-29 16:00:00,2024-09-29 16:00:00,DEV_009,75,7,54
DEV_009_2024-09-29 18:00:00,2024-09-29 18:00:00,DEV_009,76,92,35
DEV_009_2024-09-29 20:00:00,2024-09-29 20:00:00,DEV_009,25,4,40
DEV_009_2024-09-29 22:00:00,2024-09-29 22:00:00,DEV_009,15,81,79
DEV_009_2024-09-30 00:00:00,2024-09-30 00:00:00,DEV_009,39,99,90
DEV_009_2024-09-30 02:00:00,2024-09-30 02:00:00,DEV_009,2,26,42
DEV_009_2024-09-30 04:00:00,2024-09-30 04:00:00,DEV_009,25,87,13
DEV_009_2024-09-30 06:00:00,2024-09-30 06:00:00,DEV_009,26,69,14
DEV_009_2024-09-30 08:00:00,2024-09-30 08:00:00,DEV_009,5,80,32
DEV_009_2024-09-30 10:00:00,2024-09-30 10:00:00,DEV_009,72,30,45
DEV_009_2024-09-30 12:00:00,2024-09-30 12:00:00,DEV_009,41,28,19
DEV_009_2024-09-30 14:00:00,2024-09-30 14:00:00,DEV_009,9,57,86
DEV_009_2024-09-30 16:00:00,2024-09-30 16:00:00,DEV_009,70,6,65
DEV_009_2024-09-30 18:00:00,2024-09-30 18:00:00,DEV_009,36,94,72
DEV_009_2024-09-30 20:00:00,2024-09-30 20:00:00,DEV_009,49,87,87
DEV_009_2024-09-30 22:00:00,2024-09-30 22:00:00,DEV_009,3,25,42
DEV_009_2024-10-01 00:00:00,2024-10-01 00:00:00,DEV_009,97,4,88
DEV_009_2024-10-01 02:00:00,2024-10-01 02:00:00,DEV_009,1,73,94
DEV_009_2024-10-01 04:00:00,2024-10-01 04:00:00,DEV_009,6,19,79
DEV_009_2024-10-01 06:00:00,2024-10-01 06:00:00,DEV_009,34,93,3
DEV_009_2024-10-01 08:00:00,2024-10-01 08:00:00,DEV_009,67,32,45
DEV_009_2024-10-01 10:00:00,2024-10-01 10:00:00,DEV_009,95,29,69
DEV_009_2024-10-01 12:00:00,2024-10-01 12:00:00,DEV_009,2,80,31
DEV_009_2024-10-01 14:00:00,2024-10-01 14:00:00,DEV_009,17,48,52
DEV_009_2024-10-01 16:00:00,2024-10-01 16:00:00,DEV_009,63,9,6
DEV_009_2024-10-01 18:00:00,2024-10-01 18:00:00,DEV_009,80,68,67
DEV_009_2024-10-01 20:00:00,2024-10-01 20:00:00,DEV_009,3,88,5
DEV_009_2024-10-01 22:00:00,2024-10-01 22:00:00,DEV_009,39,14,63
DEV_009_2024-10-02 00:00:00,2024-10-02 00:00:00,DEV_009,47,28,64
DEV_009_2024-10-02 02:00:00,2024-10-02 02:00:00,DEV_009,8,97,83
DEV_009_2024-10-02 04:00:00,2024-10-02 04:00:00,DEV_009,18,19,99
DEV_009_2024-10-02 06:00:00,2024-10-02 06:00:00,DEV_009,77,53,63
DEV_009_2024-10-02 08:00:00,2024-10-02 08:00:00,DEV_009,35,45,81
DEV_009_2024-10-02 10:00:00,2024-10-02 10:00:00,DEV_009,64,44,24
DEV_009_2024-10-02 12:00:00,2024-10-02 12:00:00,DEV_009,52,30,84
DEV_009_2024-10-02 14:00:00,2024-10-02 14:00:00,DEV_009,41,91,42
DEV_009_2024-10-02 16:00:00,2024-10-02 16:00:00,DEV_009,62,10,27
DEV_009_2024-10-02 18:00:00,2024-10-02 18:00:00,DEV_009,11,43,31
DEV_009_2024-10-02 20:00:00,2024-10-02 20:00:00,DEV_009,37,17,68
DEV_009_2024-10-02 22:00:00,2024-10-02 22:00:00,DEV_009,14,44,98
DEV_009_2024-10-03 00:00:00,2024-10-03 00:00:00,DEV_009,13,9,89
DEV_009_2024-10-03 02:00:00,2024-10-03 02:00:00,DEV_009,4,22,76
DEV_009_2024-10-03 04:00:00,2024-10-03 04:00:00,DEV_009,31,1,24
DEV_009_2024-10-03 06:00:00,2024-10-03 06:00:00,DEV_009,2,16,38
DEV_009_2024-10-03 08:00:00,2024-10-03 08:00:00,DEV_009,57,17,15
DEV_009_2024-10-03 10:00:00,2024-10-03 10:00:00,DEV_009,12,39,87
DEV_009_2024-10-03 12:00:00,2024-10-03 12:00:00,DEV_009,33,31,29
DEV_009_2024-10-03 14:00:00,2024-10-03 14:00:00,DEV_009,97,96,45
DEV_009_2024-10-03 16:00:00,2024-10-03 16:00:00,DEV_009,87,4,62
DEV_009_2024-10-03 18:00:00,2024-10-03 18:00:00,DEV_009,32,38,5
DEV_009_2024-10-03 20:00:00,2024-10-03 20:00:00,DEV_009,45,48,6
DEV_009_2024-10-03 22:00:00,2024-10-03 22:00:00,DEV_009,82,84,68
DEV_009_2024-10-04 00:00:00,2024-10-04 00:00:00,DEV_009,22,49,54
DEV_009_2024-10-04 02:00:00,2024-10-04 02:00:00,DEV_009,66,69,74
DEV_009_2024-10-04 04:00:00,2024-10-04 04:00:00,DEV_009,78,95,46
DEV_009_2024-10-04 06:00:00,2024-10-04 06:00:00,DEV_009,15,88,72
DEV_009_2024-10-04 08:00:00,2024-10-04 08:00:00,DEV_009,3,99,37
DEV_009_2024-10-04 10:00:00,2024-10-04 10:00:00,DEV_009,59,54,45
DEV_009_2024-10-04 12:00:00,2024-10-04 12:00:00,DEV_009,21,85,56
DEV_009_2024-10-04 14:00:00,2024-10-04 14:00:00,DEV_009,68,92,28
DEV_009_2024-10-04 16:00:00,2024-10-04 16:00:00,DEV_009,60,84,38
DEV_009_2024-10-04 18:00:00,2024-10-04 18:00:00,DEV_009,66,51,17
DEV_009_2024-10-04 20:00:00,2024-10-04 20:00:00,DEV_009,24,63,86
DEV_009_2024-10-04 22:00:00,2024-10-04 22:00:00,DEV_009,88,90,69
DEV_009_2024-10-05 00:00:00,2024-10-05 00:00:00,DEV_009,70,49,93
DEV_009_2024-10-05 02:00:00,2024-10-05 02:00:00,DEV_009,66,93,4
DEV_009_2024-10-05 04:00:00,2024-10-05 04:00:00,DEV_009,18,32,26
DEV_009_2024-10-05 06:00:00,2024-10-05 06:00:00,DEV_009,84,92,66
DEV_009_2024-10-05 08:00:00,2024-10-05 08:00:00,DEV_009,37,82,39
DEV_009_2024-10-05 10:00:00,2024-10-05 10:00:00,DEV_009,52,86,89
DEV_009_2024-10-05 12:00:00,2024-10-05 12:00:00,DEV_009,67,43,8
DEV_009_2024-10-05 14:00:00,2024-10-05 14:00:00,DEV_009,63,50,67
DEV_009_2024-10-05 16:00:00,2024-10-05 16:00:00,DEV_009,91,57,53
DEV_009_2024-10-05 18:00:00,2024-10-05 18:00:00,DEV_009,31,2,54
DEV_009_2024-10-05 20:00:00,2024-10-05 20:00:00,DEV_009,57,24,82
DEV_009_2024-10-05 22:00:00,2024-10-05 22:00:00,DEV_009,49,30,17
DEV_009_2024-10-06 00:00:00,2024-10-06 00:00:00,DEV_009,5,68,62
DEV_009_2024-10-06 02:00:00,2024-10-06 02:00:00,DEV_009,1,80,92
DEV_009_2024-10-06 04:00:00,2024-10-06 04:00:00,DEV_009,61,43,4
DEV_009_2024-10-06 06:00:00,2024-10-06 06:00:00,DEV_009,68,84,45
DEV_009_2024-10-06 08:00:00,2024-10-06 08:00:00,DEV_009,29,95,6
DEV_009_2024-10-06 10:00:00,2024-10-06 10:00:00,DEV_009,5,66,47
DEV_009_2024-10-06 12:00:00,2024-10-06 12:00:00,DEV_009,98,29,44
DEV_009_2024-10-06 14:00:00,2024-10-06 14:00:00,DEV_009,78,82,84
DEV_009_2024-10-06 16:00:00,2024-10-06 16:00:00,DEV_009,21,41,54
DEV_009_2024-10-06 18:00:00,2024-10-06 18:00:00,DEV_009,89,54,11
DEV_009_2024-10-06 20:00:00,2024-10-06 20:00:00,DEV_009,32,81,72
DEV_009_2024-10-06 22:00:00,2024-10-06 22:00:00,DEV_009,25,5,9
DEV_009_2024-10-07 00:00:00,2024-10-07 00:00:00,DEV_009,23,16,77
DEV_009_2024-10-07 02:00:00,2024-10-07 02:00:00,DEV_009,75,49,74
DEV_009_2024-10-07 04:00:00,2024-10-07 04:00:00,DEV_009,50,52,99
DEV_009_2024-10-07 06:00:00,2024-10-07 06:00:00,DEV_009,13,60,54
DEV_009_2024-10-07 08:00:00,2024-10-07 08:00:00,DEV_009,7,39,36
DEV_009_2024-10-07 10:00:00,2024-10-07 10:00:00,DEV_009,79,27,21
DEV_009_2024-10-07 12:00:00,2024-10-07 12:00:00,DEV_009,63,61,95
DEV_009_2024-10-07 14:00:00,2024-10-07 14:00:00,DEV_009,44,72,23
DEV_009_2024-10-07 16:00:00,2024-10-07 16:00:00,DEV_009,90,71,42
DEV_009_2024-10-07 18:00:00,2024-10-07 18:00:00,DEV_009,74,88,51
DEV_009_2024-10-07 20:00:00,2024-10-07 20:00:00,DEV_009,5,50,82
DEV_009_2024-10-07 22:00:00,2024-10-07 22:00:00,DEV_009,66,96,13
DEV_009_2024-10-08 00:00:00,2024-10-08 00:00:00,DEV_009,30,65,38
DEV_009_2024-10-08 02:00:00,2024-10-08 02:00:00,DEV_009,90,77,36
DEV_009_2024-10-08 04:00:00,2024-10-08 04:00:00,DEV_009,42,37,60
DEV_009_2024-10-08 06:00:00,2024-10-08 06:00:00,DEV_009,37,23,75
DEV_009_2024-10-08 08:00:00,2024-10-08 08:00:00,DEV_009,83,68,61
DEV_009_2024-10-08 10:00:00,2024-10-08 10:00:00,DEV_009,20,11,17
DEV_009_2024-10-08 12:00:00,2024-10-08 12:00:00,DEV_009,19,51,63
DEV_009_2024-10-08 14:00:00,2024-10-08 14:00:00,DEV_009,13,58,65
DEV_009_2024-10-08 16:00:00,2024-10-08 16:00:00,DEV_009,72,37,76
DEV_009_2024-10-08 18:00:00,2024-10-08 18:00:00,DEV_009,51,84,41
DEV_009_2024-10-08 20:00:00,2024-10-08 20:00:00,DEV_009,53,73,18
DEV_009_2024-10-08 22:00:00,2024-10-08 22:00:00,DEV_009,92,41,96
DEV_009_2024-10-09 00:00:00,2024-10-09 00:00:00,DEV_009,60,66,31
DEV_009_2024-10-09 02:00:00,2024-10-09 02:00:00,DEV_009,61,29,12
DEV_009_2024-10-09 04:00:00,2024-10-09 04:00:00,DEV_009,21,15,79
DEV_009_2024-10-09 06:00:00,2024-10-09 06:00:00,DEV_009,74,53,26
DEV_009_2024-10-09 08:00:00,2024-10-09 08:00:00,DEV_009,38,76,35
DEV_009_2024-10-09 10:00:00,2024-10-09 10:00:00,DEV_009,19,58,49
DEV_009_2024-10-09 12:00:00,2024-10-09 12:00:00,DEV_009,48,73,49
DEV_009_2024-10-09 14:00:00,2024-10-09 14:00:00,DEV_009,53,24,63
DEV_009_2024-10-09 16:00:00,2024-10-09 16:00:00,DEV_009,62,44,90
DEV_009_2024-10-09 18:00:00,2024-10-09 18:00:00,DEV_009,96,19,21
DEV_009_2024-10-09 20:00:00,2024-10-09 20:00:00,DEV_009,68,48,78
DEV_009_2024-10-09 22:00:00,2024-10-09 22:00:00,DEV_009,14,39,65
DEV_009_2024-10-10 00:00:00,2024-10-10 00:00:00,DEV_009,14,1,99
DEV_009_2024-10-10 02:00:00,2024-10-10 02:00:00,DEV_009,86,17,32
DEV_009_2024-10-10 04:00:00,2024-10-10 04:00:00,DEV_009,61,98,63
DEV_009_2024-10-10 06:00:00,2024-10-10 06:00:00,DEV_009,37,62,75
DEV_009_2024-10-10 08:00:00,2024-10-10 08:00:00,DEV_009,47,95,90
DEV_009_2024-10-10 10:00:00,2024-10-10 10:00:00,DEV_009,54,1,61
DEV_009_2024-10-10 12:00:00,2024-10-10 12:00:00,DEV_009,97,37,40
DEV_009_2024-10-10 14:00:00,2024-10-10 14:00:00,DEV_009,98,6,37
DEV_009_2024-10-10 16:00:00,2024-10-10 16:00:00,DEV_009,7,65,20
DEV_009_2024-10-10 18:00:00,2024-10-10 18:00:00,DEV_009,56,61,11
DEV_009_2024-10-10 20:00:00,2024-10-10 20:00:00,DEV_009,69,56,59
DEV_009_2024-10-10 22:00:00,2024-10-10 22:00:00,DEV_009,87,93,92
DEV_009_2024-10-11 00:00:00,2024-10-11 00:00:00,DEV_009,6,46,48
DEV_009_2024-10-11 02:00:00,2024-10-11 02:00:00,DEV_009,99,18,2
DEV_009_2024-10-11 04:00:00,2024-10-11 04:00:00,DEV_009,81,51,29
DEV_009_2024-10-11 06:00:00,2024-10-11 06:00:00,DEV_009,66,96,33
DEV_009_2024-10-11 08:00:00,2024-10-11 08:00:00,DEV_009,17,5,31
DEV_009_2024-10-11 10:00:00,2024-10-11 10:00:00,DEV_009,74,77,68
DEV_009_2024-10-11 12:00:00,2024-10-11 12:00:00,DEV_009,90,4,21
DEV_009_2024-10-11 14:00:00,2024-10-11 14:00:00,DEV_009,25,81,49
DEV_009_2024-10-11 16:00:00,2024-10-11 16:00:00,DEV_009,44,62,37
DEV_009_2024-10-11 18:00:00,2024-10-11 18:00:00,DEV_009,96,15,33
DEV_009_2024-10-11 20:00:00,2024-10-11 20:00:00,DEV_009,66,30,70
DEV_009_2024-10-11 22:00:00,2024-10-11 22:00:00,DEV_009,98,16,85
DEV_009_2024-10-12 00:00:00,2024-10-12 00:00:00,DEV_009,67,39,69
DEV_009_2024-10-12 02:00:00,2024-10-12 02:00:00,DEV_009,10,92,77
DEV_009_2024-10-12 04:00:00,2024-10-12 04:00:00,DEV_009,23,66,53
DEV_009_2024-10-12 06:00:00,2024-10-12 06:00:00,DEV_009,95,16,65
DEV_009_2024-10-12 08:00:00,2024-10-12 08:00:00,DEV_009,83,52,85
DEV_009_2024-10-12 10:00:00,2024-10-12 10:00:00,DEV_009,73,27,27
DEV_009_2024-10-12 12:00:00,2024-10-12 12:00:00,DEV_009,74,46,10
DEV_009_2024-10-12 14:00:00,2024-10-12 14:00:00,DEV_009,34,3,60
DEV_009_2024-10-12 16:00:00,2024-10-12 16:00:00,DEV_009,26,81,16
DEV_009_2024-10-12 18:00:00,2024-10-12 18:00:00,DEV_009,68,37,96
DEV_009_2024-10-12 20:00:00,2024-10-12 20:00:00,DEV_009,96,82,65
DEV_009_2024-10-12 22:00:00,2024-10-12 22:00:00,DEV_009,28,97,22
DEV_009_2024-10-13 00:00:00,2024-10-13 00:00:00,DEV_009,54,15,54
DEV_009_2024-10-13 02:00:00,2024-10-13 02:00:00,DEV_009,42,94,39
DEV_009_2024-10-13 04:00:00,2024-10-13 04:00:00,DEV_009,8,41,10
DEV_009_2024-10-13 06:00:00,2024-10-13 06:00:00,DEV_009,94,5,82
DEV_009_2024-10-13 08:00:00,2024-10-13 08:00:00,DEV_009,12,63,66
DEV_009_2024-10-13 10:00:00,2024-10-13 10:00:00,DEV_009,41,70,13
DEV_009_2024-10-13 12:00:00,2024-10-13 12:00:00,DEV_009,9,47,22
DEV_009_2024-10-13 14:00:00,2024-10-13 14:00:00,DEV_009,73,76,50
DEV_009_2024-10-13 16:00:00,2024-10-13 16:00:00,DEV_009,8,47,8
DEV_009_2024-10-13 18:00:00,2024-10-13 18:00:00,DEV_009,88,68,15
DEV_009_2024-10-13 20:00:00,2024-10-13 20:00:00,DEV_009,64,71,51
DEV_009_2024-10-13 22:00:00,2024-10-13 22:00:00,DEV_009,95,19,97
DEV_009_2024-10-14 00:00:00,2024-10-14 00:00:00,DEV_009,24,50,21
DEV_009_2024-10-14 02:00:00,2024-10-14 02:00:00,DEV_009,79,67,28
DEV_009_2024-10-14 04:00:00,2024-10-14 04:00:00,DEV_009,37,84,12
DEV_009_2024-10-14 06:00:00,2024-10-14 06:00:00,DEV_009,32,55,90
DEV_009_2024-10-14 08:00:00,2024-10-14 08:00:00,DEV_009,68,11,99
DEV_009_2024-10-14 10:00:00,2024-10-14 10:00:00,DEV_009,97,40,67
DEV_009_2024-10-14 12:00:00,2024-10-14 12:00:00,DEV_009,10,53,73
DEV_009_2024-10-14 14:00:00,2024-10-14 14:00:00,DEV_009,17,58,9
DEV_009_2024-10-14 16:00:00,2024-10-14 16:00:00,DEV_009,12,43,48
DEV_009_2024-10-14 18:00:00,2024-10-14 18:00:00,DEV_009,28,64,20
DEV_009_2024-10-14 20:00:00,2024-10-14 20:00:00,DEV_009,66,40,95
DEV_009_2024-10-14 22:00:00,2024-10-14 22:00:00,DEV_009,31,83,14
DEV_009_2024-10-15 00:00:00,2024-10-15 00:00:00,DEV_009,66,79,49
DEV_009_2024-10-15 02:00:00,2024-10-15 02:00:00,DEV_009,42,97,63
DEV_009_2024-10-15 04:00:00,2024-10-15 04:00:00,DEV_009,68,18,2
DEV_009_2024-10-15 06:00:00,2024-10-15 06:00:00,DEV_009,3,77,77
DEV_009_2024-10-15 08:00:00,2024-10-15 08:00:00,DEV_009,6,65,30
DEV_009_2024-10-15 10:00:00,2024-10-15 10:00:00,DEV_009,42,76,58
DEV_009_2024-10-15 12:00:00,2024-10-15 12:00:00,DEV_009,66,99,28
DEV_009_2024-10-15 14:00:00,2024-10-15 14:00:00,DEV_009,68,37,47
DEV_009_2024-10-15 16:00:00,2024-10-15 16:00:00,DEV_009,68,29,68
DEV_009_2024-10-15 18:00:00,2024-10-15 18:00:00,DEV_009,48,34,41
DEV_009_2024-10-15 20:00:00,2024-10-15 20:00:00,DEV_009,16,5,62
DEV_009_2024-10-15 22:00:00,2024-10-15 22:00:00,DEV_009,87,55,32
DEV_009_2024-10-16 00:00:00,2024-10-16 00:00:00,DEV_009,55,24,25
DEV_009_2024-10-16 02:00:00,2024-10-16 02:00:00,DEV_009,47,46,84
DEV_009_2024-10-16 04:00:00,2024-10-16 04:00:00,DEV_009,81,49,71
DEV_009_2024-10-16 06:00:00,2024-10-16 06:00:00,DEV_009,19,20,45
DEV_009_2024-10-16 08:00:00,2024-10-16 08:00:00,DEV_009,47,56,96
DEV_009_2024-10-16 10:00:00,2024-10-16 10:00:00,DEV_009,59,43,56
DEV_009_2024-10-16 12:00:00,2024-10-16 12:00:00,DEV_009,90,76,94
DEV_009_2024-10-16 14:00:00,2024-10-16 14:00:00,DEV_009,47,42,73
DEV_009_2024-10-16 16:00:00,2024-10-16 16:00:00,DEV_009,78,75,12
DEV_009_2024-10-16 18:00:00,2024-10-16 18:00:00,DEV_009,18,35,33
DEV_009_2024-10-16 20:00:00,2024-10-16 20:00:00,DEV_009,33,97,54
DEV_009_2024-10-16 22:00:00,2024-10-16 22:00:00,DEV_009,69,89,70
DEV_009_2024-10-17 00:00:00,2024-10-17 00:00:00,DEV_009,28,45,35
DEV_009_2024-10-17 02:00:00,2024-10-17 02:00:00,DEV_009,11,15,14
DEV_009_2024-10-17 04:00:00,2024-10-17 04:00:00,DEV_009,97,94,82
DEV_009_2024-10-17 06:00:00,2024-10-17 06:00:00,DEV_009,53,32,6
DEV_009_2024-10-17 08:00:00,2024-10-17 08:00:00,DEV_009,57,70,8
DEV_009_2024-10-17 10:00:00,2024-10-17 10:00:00,DEV_009,71,81,86
DEV_009_2024-10-17 12:00:00,2024-10-17 12:00:00,DEV_009,64,97,8
DEV_009_2024-10-17 14:00:00,2024-10-17 14:00:00,DEV_009,70,3,23
DEV_009_2024-10-17 16:00:00,2024-10-17 16:00:00,DEV_009,60,1,50
DEV_009_2024-10-17 18:00:00,2024-10-17 18:00:00,DEV_009,29,79,92
DEV_009_2024-10-17 20:00:00,2024-10-17 20:00:00,DEV_009,7,43,75
DEV_009_2024-10-17 22:00:00,2024-10-17 22:00:00,DEV_009,41,43,10
DEV_009_2024-10-18 00:00:00,2024-10-18 00:00:00,DEV_009,64,69,73
DEV_009_2024-10-18 02:00:00,2024-10-18 02:00:00,DEV_009,94,35,61
DEV_009_2024-10-18 04:00:00,2024-10-18 04:00:00,DEV_009,14,85,89
DEV_009_2024-10-18 06:00:00,2024-10-18 06:00:00,DEV_009,21,44,63
DEV_009_2024-10-18 08:00:00,2024-10-18 08:00:00,DEV_009,92,29,77
DEV_009_2024-10-18 10:00:00,2024-10-18 10:00:00,DEV_009,20,53,18
DEV_009_2024-10-18 12:00:00,2024-10-18 12:00:00,DEV_009,21,86,6
DEV_009_2024-10-18 14:00:00,2024-10-18 14:00:00,DEV_009,75,85,50
DEV_009_2024-10-18 16:00:00,2024-10-18 16:00:00,DEV_009,4,37,84
DEV_009_2024-10-18 18:00:00,2024-10-18 18:00:00,DEV_009,85,15,44
DEV_009_2024-10-18 20:00:00,2024-10-18 20:00:00,DEV_009,9,98,63
DEV_009_2024-10-18 22:00:00,2024-10-18 22:00:00,DEV_009,38,5,86
DEV_009_2024-10-19 00:00:00,2024-10-19 00:00:00,DEV_009,82,87,34
DEV_009_2024-10-19 02:00:00,2024-10-19 02:00:00,DEV_009,61,27,65
DEV_009_2024-10-19 04:00:00,2024-10-19 04:00:00,DEV_009,11,89,77
DEV_009_2024-10-19 06:00:00,2024-10-19 06:00:00,DEV_009,77,53,63
DEV_009_2024-10-19 08:00:00,2024-10-19 08:00:00,DEV_009,53,37,85
DEV_009_2024-10-19 10:00:00,2024-10-19 10:00:00,DEV_009,13,39,83
DEV_009_2024-10-19 12:00:00,2024-10-19 12:00:00,DEV_009,93,81,29
DEV_009_2024-10-19 14:00:00,2024-10-19 14:00:00,DEV_009,79,54,61
DEV_009_2024-10-19 16:00:00,2024-10-19 16:00:00,DEV_009,48,88,28
DEV_009_2024-10-19 18:00:00,2024-10-19 18:00:00,DEV_009,49,88,13
DEV_009_2024-10-19 20:00:00,2024-10-19 20:00:00,DEV_009,50,70,56
DEV_009_2024-10-19 22:00:00,2024-10-19 22:00:00,DEV_009,74,16,94
DEV_009_2024-10-20 00:00:00,2024-10-20 00:00:00,DEV_009,15,10,11
DEV_009_2024-10-20 02:00:00,2024-10-20 02:00:00,DEV_009,37,74,56
DEV_009_2024-10-20 04:00:00,2024-10-20 04:00:00,DEV_009,23,14,64
DEV_009_2024-10-20 06:00:00,2024-10-20 06:00:00,DEV_009,54,10,8
DEV_009_2024-10-20 08:00:00,2024-10-20 08:00:00,DEV_009,26,2,32
DEV_009_2024-10-20 10:00:00,2024-10-20 10:00:00,DEV_009,87,95,28
DEV_009_2024-10-20 12:00:00,2024-10-20 12:00:00,DEV_009,88,35,50
DEV_009_2024-10-20 14:00:00,2024-10-20 14:00:00,DEV_009,67,90,41
DEV_009_2024-10-20 16:00:00,2024-10-20 16:00:00,DEV_009,56,78,4
DEV_009_2024-10-20 18:00:00,2024-10-20 18:00:00,DEV_009,19,17,9
DEV_009_2024-10-20 20:00:00,2024-10-20 20:00:00,DEV_009,5,30,92
DEV_009_2024-10-20 22:00:00,2024-10-20 22:00:00,DEV_009,56,97,90
DEV_009_2024-10-21 00:00:00,2024-10-21 00:00:00,DEV_009,66,20,80
DEV_009_2024-10-21 02:00:00,2024-10-21 02:00:00,DEV_009,36,82,43
DEV_009_2024-10-21 04:00:00,2024-10-21 04:00:00,DEV_009,67,73,17
DEV_009_2024-10-21 06:00:00,2024-10-21 06:00:00,DEV_009,43,79,14
DEV_009_2024-10-21 08:00:00,2024-10-21 08:00:00,DEV_009,25,39,52
DEV_009_2024-10-21 10:00:00,2024-10-21 10:00:00,DEV_009,36,11,63
DEV_009_2024-10-21 12:00:00,2024-10-21 12:00:00,DEV_009,88,53,83
DEV_009_2024-10-21 14:00:00,2024-10-21 14:00:00,DEV_009,98,17,71
DEV_009_2024-10-21 16:00:00,2024-10-21 16:00:00,DEV_009,2,10,29
DEV_009_2024-10-21 18:00:00,2024-10-21 18:00:00,DEV_009,65,19,19
DEV_009_2024-10-21 20:00:00,2024-10-21 20:00:00,DEV_009,59,93,60
DEV_009_2024-10-21 22:00:00,2024-10-21 22:00:00,DEV_009,56,14,96
DEV_009_2024-10-22 00:00:00,2024-10-22 00:00:00,DEV_009,2,41,79
DEV_009_2024-10-22 02:00:00,2024-10-22 02:00:00,DEV_009,87,70,50
DEV_009_2024-10-22 04:00:00,2024-10-22 04:00:00,DEV_009,66,55,20
DEV_009_2024-10-22 06:00:00,2024-10-22 06:00:00,DEV_009,38,89,55
DEV_009_2024-10-22 08:00:00,2024-10-22 08:00:00,DEV_009,21,16,27
DEV_009_2024-10-22 10:00:00,2024-10-22 10:00:00,DEV_009,53,94,8
DEV_009_2024-10-22 12:00:00,2024-10-22 12:00:00,DEV_009,72,65,48
DEV_009_2024-10-22 14:00:00,2024-10-22 14:00:00,DEV_009,23,97,71
DEV_009_2024-10-22 16:00:00,2024-10-22 16:00:00,DEV_009,92,77,41
DEV_009_2024-10-22 18:00:00,2024-10-22 18:00:00,DEV_009,18,29,30
DEV_009_2024-10-22 20:00:00,2024-10-22 20:00:00,DEV_009,23,16,84
DEV_009_2024-10-22 22:00:00,2024-10-22 22:00:00,DEV_009,83,33,3
DEV_009_2024-10-23 00:00:00,2024-10-23 00:00:00,DEV_009,81,51,10
DEV_009_2024-10-23 02:00:00,2024-10-23 02:00:00,DEV_009,81,31,3
DEV_009_2024-10-23 04:00:00,2024-10-23 04:00:00,DEV_009,35,33,52
DEV_009_2024-10-23 06:00:00,2024-10-23 06:00:00,DEV_009,55,40,35
DEV_009_2024-10-23 08:00:00,2024-10-23 08:00:00,DEV_009,36,90,57
DEV_009_2024-10-23 10:00:00,2024-10-23 10:00:00,DEV_009,55,88,30
DEV_009_2024-10-23 12:00:00,2024-10-23 12:00:00,DEV_009,14,43,43
DEV_009_2024-10-23 14:00:00,2024-10-23 14:00:00,DEV_009,44,51,56
DEV_009_2024-10-23 16:00:00,2024-10-23 16:00:00,DEV_009,85,83,83
DEV_009_2024-10-23 18:00:00,2024-10-23 18:00:00,DEV_009,3,37,11
DEV_009_2024-10-23 20:00:00,2024-10-23 20:00:00,DEV_009,39,92,19
DEV_009_2024-10-23 22:00:00,2024-10-23 22:00:00,DEV_009,70,15,63
DEV_009_2024-10-24 00:00:00,2024-10-24 00:00:00,DEV_009,58,23,85
DEV_009_2024-10-24 02:00:00,2024-10-24 02:00:00,DEV_009,22,41,25
DEV_009_2024-10-24 04:00:00,2024-10-24 04:00:00,DEV_009,47,14,45
DEV_009_2024-10-24 06:00:00,2024-10-24 06:00:00,DEV_009,31,20,58
DEV_009_2024-10-24 08:00:00,2024-10-24 08:00:00,DEV_009,33,78,96
DEV_009_2024-10-24 10:00:00,2024-10-24 10:00:00,DEV_009,82,64,4
DEV_009_2024-10-24 12:00:00,2024-10-24 12:00:00,DEV_009,12,51,53
DEV_009_2024-10-24 14:00:00,2024-10-24 14:00:00,DEV_009,83,47,40
DEV_009_2024-10-24 16:00:00,2024-10-24 16:00:00,DEV_009,36,17,44
DEV_009_2024-10-24 18:00:00,2024-10-24 18:00:00,DEV_009,14,18,22
DEV_009_2024-10-24 20:00:00,2024-10-24 20:00:00,DEV_009,25,9,84
DEV_009_2024-10-24 22:00:00,2024-10-24 22:00:00,DEV_009,15,36,46
DEV_009_2024-10-25 00:00:00,2024-10-25 00:00:00,DEV_009,68,4,59
DEV_009_2024-10-25 02:00:00,2024-10-25 02:00:00,DEV_009,72,34,97
DEV_009_2024-10-25 04:00:00,2024-10-25 04:00:00,DEV_009,48,95,62
DEV_009_2024-10-25 06:00:00,2024-10-25 06:00:00,DEV_009,72,12,37
DEV_009_2024-10-25 08:00:00,2024-10-25 08:00:00,DEV_009,74,13,69
DEV_009_2024-10-25 10:00:00,2024-10-25 10:00:00,DEV_009,1,25,73
DEV_009_2024-10-25 12:00:00,2024-10-25 12:00:00,DEV_009,13,11,63
DEV_009_2024-10-25 14:00:00,2024-10-25 14:00:00,DEV_009,29,29,8
DEV_009_2024-10-25 16:00:00,2024-10-25 16:00:00,DEV_009,9,39,99
DEV_009_2024-10-25 18:00:00,2024-10-25 18:00:00,DEV_009,41,54,25
DEV_009_2024-10-25 20:00:00,2024-10-25 20:00:00,DEV_009,97,92,62
DEV_009_2024-10-25 22:00:00,2024-10-25 22:00:00,DEV_009,55,19,65
DEV_009_2024-10-26 00:00:00,2024-10-26 00:00:00,DEV_009,32,80,25
DEV_009_2024-10-26 02:00:00,2024-10-26 02:00:00,DEV_009,51,14,37
DEV_009_2024-10-26 04:00:00,2024-10-26 04:00:00,DEV_009,68,66,73
DEV_009_2024-10-26 06:00:00,2024-10-26 06:00:00,DEV_009,10,76,94
DEV_009_2024-10-26 08:00:00,2024-10-26 08:00:00,DEV_009,5,42,31
DEV_009_2024-10-26 10:00:00,2024-10-26 10:00:00,DEV_009,66,85,67
DEV_009_2024-10-26 12:00:00,2024-10-26 12:00:00,DEV_009,65,19,44
DEV_009_2024-10-26 14:00:00,2024-10-26 14:00:00,DEV_009,10,64,81
DEV_009_2024-10-26 16:00:00,2024-10-26 16:00:00,DEV_009,40,47,50
DEV_009_2024-10-26 18:00:00,2024-10-26 18:00:00,DEV_009,66,97,44
DEV_009_2024-10-26 20:00:00,2024-10-26 20:00:00,DEV_009,82,18,54
DEV_009_2024-10-26 22:00:00,2024-10-26 22:00:00,DEV_009,64,65,61
DEV_009_2024-10-27 00:00:00,2024-10-27 00:00:00,DEV_009,69,69,11
DEV_009_2024-10-27 02:00:00,2024-10-27 02:00:00,DEV_009,33,37,72
DEV_009_2024-10-27 04:00:00,2024-10-27 04:00:00,DEV_009,66,81,87
DEV_009_2024-10-27 06:00:00,2024-10-27 06:00:00,DEV_009,83,19,99
DEV_009_2024-10-27 08:00:00,2024-10-27 08:00:00,DEV_009,69,44,22
DEV_009_2024-10-27 10:00:00,2024-10-27 10:00:00,DEV_009,73,12,58
DEV_009_2024-10-27 12:00:00,2024-10-27 12:00:00,DEV_009,55,14,43
DEV_009_2024-10-27 14:00:00,2024-10-27 14:00:00,DEV_009,43,49,49
DEV_009_2024-10-27 16:00:00,2024-10-27 16:00:00,DEV_009,77,51,9
DEV_009_2024-10-27 18:00:00,2024-10-27 18:00:00,DEV_009,25,57,51
DEV_009_2024-10-27 20:00:00,2024-10-27 20:00:00,DEV_009,81,15,72
DEV_009_2024-10-27 22:00:00,2024-10-27 22:00:00,DEV_009,2,5,48
DEV_009_2024-10-28 00:00:00,2024-10-28 00:00:00,DEV_009,2,1,83
DEV_009_2024-10-28 02:00:00,2024-10-28 02:00:00,DEV_009,75,77,63
DEV_009_2024-10-28 04:00:00,2024-10-28 04:00:00,DEV_009,76,78,96
DEV_009_2024-10-28 06:00:00,2024-10-28 06:00:00,DEV_009,99,28,77
DEV_009_2024-10-28 08:00:00,2024-10-28 08:00:00,DEV_009,91,62,58
DEV_009_2024-10-28 10:00:00,2024-10-28 10:00:00,DEV_009,33,97,38
DEV_009_2024-10-28 12:00:00,2024-10-28 12:00:00,DEV_009,9,90,69
DEV_009_2024-10-28 14:00:00,2024-10-28 14:00:00,DEV_009,34,53,3
DEV_009_2024-10-28 16:00:00,2024-10-28 16:00:00,DEV_009,93,18,30
DEV_009_2024-10-28 18:00:00,2024-10-28 18:00:00,DEV_009,64,15,78
DEV_009_2024-10-28 20:00:00,2024-10-28 20:00:00,DEV_009,43,68,89
DEV_009_2024-10-28 22:00:00,2024-10-28 22:00:00,DEV_009,84,88,23
DEV_009_2024-10-29 00:00:00,2024-10-29 00:00:00,DEV_009,64,25,20
DEV_009_2024-10-29 02:00:00,2024-10-29 02:00:00,DEV_009,78,60,34
DEV_009_2024-10-29 04:00:00,2024-10-29 04:00:00,DEV_009,97,81,46
DEV_009_2024-10-29 06:00:00,2024-10-29 06:00:00,DEV_009,23,16,94
DEV_009_2024-10-29 08:00:00,2024-10-29 08:00:00,DEV_009,8,37,2
DEV_009_2024-10-29 10:00:00,2024-10-29 10:00:00,DEV_009,68,22,3
DEV_009_2024-10-29 12:00:00,2024-10-29 12:00:00,DEV_009,56,92,55
DEV_009_2024-10-29 14:00:00,2024-10-29 14:00:00,DEV_009,46,12,79
DEV_009_2024-10-29 16:00:00,2024-10-29 16:00:00,DEV_009,58,28,29
DEV_009_2024-10-29 18:00:00,2024-10-29 18:00:00,DEV_009,33,37,60
DEV_009_2024-10-29 20:00:00,2024-10-29 20:00:00,DEV_009,65,62,22
DEV_009_2024-10-29 22:00:00,2024-10-29 22:00:00,DEV_009,10,59,88
DEV_009_2024-10-30 00:00:00,2024-10-30 00:00:00,DEV_009,22,31,18
DEV_009_2024-10-30 02:00:00,2024-10-30 02:00:00,DEV_009,60,77,95
DEV_009_2024-10-30 04:00:00,2024-10-30 04:00:00,DEV_009,69,42,84
DEV_009_2024-10-30 06:00:00,2024-10-30 06:00:00,DEV_009,7,57,72
DEV_009_2024-10-30 08:00:00,2024-10-30 08:00:00,DEV_009,8,60,55
DEV_009_2024-10-30 10:00:00,2024-10-30 10:00:00,DEV_009,87,15,32
DEV_009_2024-10-30 12:00:00,2024-10-30 12:00:00,DEV_009,63,17,77
DEV_009_2024-10-30 14:00:00,2024-10-30 14:00:00,DEV_009,37,39,91
DEV_009_2024-10-30 16:00:00,2024-10-30 16:00:00,DEV_009,91,81,87
DEV_009_2024-10-30 18:00:00,2024-10-30 18:00:00,DEV_009,32,54,34
DEV_009_2024-10-30 20:00:00,2024-10-30 20:00:00,DEV_009,30,17,22
DEV_009_2024-10-30 22:00:00,2024-10-30 22:00:00,DEV_009,19,41,99
DEV_009_2024-10-31 00:00:00,2024-10-31 00:00:00,DEV_009,62,4,44
DEV_009_2024-10-31 02:00:00,2024-10-31 02:00:00,DEV_009,96,76,45
DEV_009_2024-10-31 04:00:00,2024-10-31 04:00:00,DEV_009,64,88,88
DEV_009_2024-10-31 06:00:00,2024-10-31 06:00:00,DEV_009,65,11,14
DEV_009_2024-10-31 08:00:00,2024-10-31 08:00:00,DEV_009,68,7,93
DEV_009_2024-10-31 10:00:00,2024-10-31 10:00:00,DEV_009,23,81,9
DEV_009_2024-10-31 12:00:00,2024-10-31 12:00:00,DEV_009,1,95,22
DEV_009_2024-10-31 14:00:00,2024-10-31 14:00:00,DEV_009,67,94,64
DEV_009_2024-10-31 16:00:00,2024-10-31 16:00:00,DEV_009,72,46,16
DEV_009_2024-10-31 18:00:00,2024-10-31 18:00:00,DEV_009,74,18,80
DEV_009_2024-10-31 20:00:00,2024-10-31 20:00:00,DEV_009,69,68,62
DEV_009_2024-10-31 22:00:00,2024-10-31 22:00:00,DEV_009,10,35,89
DEV_009_2024-11-01 00:00:00,2024-11-01 00:00:00,DEV_009,76,72,98
DEV_009_2024-11-01 02:00:00,2024-11-01 02:00:00,DEV_009,65,81,17
DEV_009_2024-11-01 04:00:00,2024-11-01 04:00:00,DEV_009,44,4,72
DEV_009_2024-11-01 06:00:00,2024-11-01 06:00:00,DEV_009,10,25,26
DEV_009_2024-11-01 08:00:00,2024-11-01 08:00:00,DEV_009,37,80,64
DEV_009_2024-11-01 10:00:00,2024-11-01 10:00:00,DEV_009,76,35,37
DEV_009_2024-11-01 12:00:00,2024-11-01 12:00:00,DEV_009,12,35,5
DEV_009_2024-11-01 14:00:00,2024-11-01 14:00:00,DEV_009,17,26,27
DEV_009_2024-11-01 16:00:00,2024-11-01 16:00:00,DEV_009,73,4,53
DEV_009_2024-11-01 18:00:00,2024-11-01 18:00:00,DEV_009,90,98,34
DEV_009_2024-11-01 20:00:00,2024-11-01 20:00:00,DEV_009,59,31,79
DEV_009_2024-11-01 22:00:00,2024-11-01 22:00:00,DEV_009,16,62,95
DEV_009_2024-11-02 00:00:00,2024-11-02 00:00:00,DEV_009,97,32,45
DEV_009_2024-11-02 02:00:00,2024-11-02 02:00:00,DEV_009,10,93,2
DEV_009_2024-11-02 04:00:00,2024-11-02 04:00:00,DEV_009,24,88,9
DEV_009_2024-11-02 06:00:00,2024-11-02 06:00:00,DEV_009,97,64,5
DEV_009_2024-11-02 08:00:00,2024-11-02 08:00:00,DEV_009,75,58,62
DEV_009_2024-11-02 10:00:00,2024-11-02 10:00:00,DEV_009,75,45,38
DEV_009_2024-11-02 12:00:00,2024-11-02 12:00:00,DEV_009,45,62,13
DEV_009_2024-11-02 14:00:00,2024-11-02 14:00:00,DEV_009,33,68,99
DEV_009_2024-11-02 16:00:00,2024-11-02 16:00:00,DEV_009,70,2,41
DEV_009_2024-11-02 18:00:00,2024-11-02 18:00:00,DEV_009,3,76,59
DEV_009_2024-11-02 20:00:00,2024-11-02 20:00:00,DEV_009,2,28,63
DEV_009_2024-11-02 22:00:00,2024-11-02 22:00:00,DEV_009,44,69,9
DEV_009_2024-11-03 00:00:00,2024-11-03 00:00:00,DEV_009,22,76,54
DEV_009_2024-11-03 02:00:00,2024-11-03 02:00:00,DEV_009,61,67,5
DEV_009_2024-11-03 04:00:00,2024-11-03 04:00:00,DEV_009,60,77,31
DEV_009_2024-11-03 06:00:00,2024-11-03 06:00:00,DEV_009,67,82,80
DEV_009_2024-11-03 08:00:00,2024-11-03 08:00:00,DEV_009,66,11,24
DEV_009_2024-11-03 10:00:00,2024-11-03 10:00:00,DEV_009,93,53,46
DEV_009_2024-11-03 12:00:00,2024-11-03 12:00:00,DEV_009,42,7,48
DEV_009_2024-11-03 14:00:00,2024-11-03 14:00:00,DEV_009,19,17,71
DEV_009_2024-11-03 16:00:00,2024-11-03 16:00:00,DEV_009,67,63,34
DEV_009_2024-11-03 18:00:00,2024-11-03 18:00:00,DEV_009,98,97,53
DEV_009_2024-11-03 20:00:00,2024-11-03 20:00:00,DEV_009,96,53,24
DEV_009_2024-11-03 22:00:00,2024-11-03 22:00:00,DEV_009,55,85,96
DEV_009_2024-11-04 00:00:00,2024-11-04 00:00:00,DEV_009,91,86,14
DEV_009_2024-11-04 02:00:00,2024-11-04 02:00:00,DEV_009,14,45,59
DEV_009_2024-11-04 04:00:00,2024-11-04 04:00:00,DEV_009,43,11,90
DEV_009_2024-11-04 06:00:00,2024-11-04 06:00:00,DEV_009,91,57,20
DEV_009_2024-11-04 08:00:00,2024-11-04 08:00:00,DEV_009,3,94,17
DEV_009_2024-11-04 10:00:00,2024-11-04 10:00:00,DEV_009,75,6,55
DEV_009_2024-11-04 12:00:00,2024-11-04 12:00:00,DEV_009,65,76,61
DEV_009_2024-11-04 14:00:00,2024-11-04 14:00:00,DEV_009,32,11,69
DEV_009_2024-11-04 16:00:00,2024-11-04 16:00:00,DEV_009,38,8,19
DEV_009_2024-11-04 18:00:00,2024-11-04 18:00:00,DEV_009,86,51,62
DEV_009_2024-11-04 20:00:00,2024-11-04 20:00:00,DEV_009,99,97,89
DEV_009_2024-11-04 22:00:00,2024-11-04 22:00:00,DEV_009,20,84,4
DEV_009_2024-11-05 00:00:00,2024-11-05 00:00:00,DEV_009,9,22,76
DEV_009_2024-11-05 02:00:00,2024-11-05 02:00:00,DEV_009,19,61,62
DEV_009_2024-11-05 04:00:00,2024-11-05 04:00:00,DEV_009,92,88,36
DEV_009_2024-11-05 06:00:00,2024-11-05 06:00:00,DEV_009,87,32,76
DEV_009_2024-11-05 08:00:00,2024-11-05 08:00:00,DEV_009,19,23,21
DEV_009_2024-11-05 10:00:00,2024-11-05 10:00:00,DEV_009,44,3,56
DEV_009_2024-11-05 12:00:00,2024-11-05 12:00:00,DEV_009,39,2,78
DEV_009_2024-11-05 14:00:00,2024-11-05 14:00:00,DEV_009,20,86,34
DEV_009_2024-11-05 16:00:00,2024-11-05 16:00:00,DEV_009,72,28,79
DEV_009_2024-11-05 18:00:00,2024-11-05 18:00:00,DEV_009,70,91,49
DEV_009_2024-11-05 20:00:00,2024-11-05 20:00:00,DEV_009,51,89,9
DEV_009_2024-11-05 22:00:00,2024-11-05 22:00:00,DEV_009,29,90,62
DEV_009_2024-11-06 00:00:00,2024-11-06 00:00:00,DEV_009,55,72,40
DEV_009_2024-11-06 02:00:00,2024-11-06 02:00:00,DEV_009,23,64,99
DEV_009_2024-11-06 04:00:00,2024-11-06 04:00:00,DEV_009,61,61,60
DEV_009_2024-11-06 06:00:00,2024-11-06 06:00:00,DEV_009,1,24,29
DEV_009_2024-11-06 08:00:00,2024-11-06 08:00:00,DEV_009,16,69,48
DEV_009_2024-11-06 10:00:00,2024-11-06 10:00:00,DEV_009,61,65,33
DEV_009_2024-11-06 12:00:00,2024-11-06 12:00:00,DEV_009,66,63,99
DEV_009_2024-11-06 14:00:00,2024-11-06 14:00:00,DEV_009,81,1,50
DEV_009_2024-11-06 16:00:00,2024-11-06 16:00:00,DEV_009,49,13,72
DEV_009_2024-11-06 18:00:00,2024-11-06 18:00:00,DEV_009,12,16,11
DEV_009_2024-11-06 20:00:00,2024-11-06 20:00:00,DEV_009,5,33,97
DEV_009_2024-11-06 22:00:00,2024-11-06 22:00:00,DEV_009,10,91,20
DEV_009_2024-11-07 00:00:00,2024-11-07 00:00:00,DEV_009,77,14,57
DEV_009_2024-11-07 02:00:00,2024-11-07 02:00:00,DEV_009,14,36,64
DEV_009_2024-11-07 04:00:00,2024-11-07 04:00:00,DEV_009,9,25,2
DEV_009_2024-11-07 06:00:00,2024-11-07 06:00:00,DEV_009,67,1,86
DEV_009_2024-11-07 08:00:00,2024-11-07 08:00:00,DEV_009,86,40,32
DEV_009_2024-11-07 10:00:00,2024-11-07 10:00:00,DEV_009,49,41,54
DEV_009_2024-11-07 12:00:00,2024-11-07 12:00:00,DEV_009,19,95,95
DEV_009_2024-11-07 14:00:00,2024-11-07 14:00:00,DEV_009,74,96,78
DEV_009_2024-11-07 16:00:00,2024-11-07 16:00:00,DEV_009,36,5,17
DEV_009_2024-11-07 18:00:00,2024-11-07 18:00:00,DEV_009,3,63,18
DEV_009_2024-11-07 20:00:00,2024-11-07 20:00:00,DEV_009,64,70,69
DEV_009_2024-11-07 22:00:00,2024-11-07 22:00:00,DEV_009,90,43,60
DEV_009_2024-11-08 00:00:00,2024-11-08 00:00:00,DEV_009,1,20,59
DEV_009_2024-11-08 02:00:00,2024-11-08 02:00:00,DEV_009,92,8,33
DEV_009_2024-11-08 04:00:00,2024-11-08 04:00:00,DEV_009,93,98,19
DEV_009_2024-11-08 06:00:00,2024-11-08 06:00:00,DEV_009,28,73,48
DEV_009_2024-11-08 08:00:00,2024-11-08 08:00:00,DEV_009,94,28,1
DEV_009_2024-11-08 10:00:00,2024-11-08 10:00:00,DEV_009,96,99,40
DEV_009_2024-11-08 12:00:00,2024-11-08 12:00:00,DEV_009,6,45,81
DEV_009_2024-11-08 14:00:00,2024-11-08 14:00:00,DEV_009,7,48,60
DEV_009_2024-11-08 16:00:00,2024-11-08 16:00:00,DEV_009,41,45,72
DEV_009_2024-11-08 18:00:00,2024-11-08 18:00:00,DEV_009,60,43,64
DEV_009_2024-11-08 20:00:00,2024-11-08 20:00:00,DEV_009,71,24,82
DEV_009_2024-11-08 22:00:00,2024-11-08 22:00:00,DEV_009,63,25,12
DEV_009_2024-11-09 00:00:00,2024-11-09 00:00:00,DEV_009,77,20,84
DEV_009_2024-11-09 02:00:00,2024-11-09 02:00:00,DEV_009,57,13,33
DEV_009_2024-11-09 04:00:00,2024-11-09 04:00:00,DEV_009,42,23,25
DEV_009_2024-11-09 06:00:00,2024-11-09 06:00:00,DEV_009,79,78,34
DEV_009_2024-11-09 08:00:00,2024-11-09 08:00:00,DEV_009,49,56,19
DEV_009_2024-11-09 10:00:00,2024-11-09 10:00:00,DEV_009,97,80,22
DEV_009_2024-11-09 12:00:00,2024-11-09 12:00:00,DEV_009,79,10,6
DEV_009_2024-11-09 14:00:00,2024-11-09 14:00:00,DEV_009,64,1,14
DEV_009_2024-11-09 16:00:00,2024-11-09 16:00:00,DEV_009,38,4,71
DEV_009_2024-11-09 18:00:00,2024-11-09 18:00:00,DEV_009,75,1,63
DEV_009_2024-11-09 20:00:00,2024-11-09 20:00:00,DEV_009,39,36,42
DEV_009_2024-11-09 22:00:00,2024-11-09 22:00:00,DEV_009,82,69,40
DEV_009_2024-11-10 00:00:00,2024-11-10 00:00:00,DEV_009,40,55,72
DEV_009_2024-11-10 02:00:00,2024-11-10 02:00:00,DEV_009,78,54,43
DEV_009_2024-11-10 04:00:00,2024-11-10 04:00:00,DEV_009,66,37,58
DEV_009_2024-11-10 06:00:00,2024-11-10 06:00:00,DEV_009,2,64,19
DEV_009_2024-11-10 08:00:00,2024-11-10 08:00:00,DEV_009,87,57,82
DEV_009_2024-11-10 10:00:00,2024-11-10 10:00:00,DEV_009,42,29,23
DEV_009_2024-11-10 12:00:00,2024-11-10 12:00:00,DEV_009,77,94,6
DEV_009_2024-11-10 14:00:00,2024-11-10 14:00:00,DEV_009,37,42,26
DEV_009_2024-11-10 16:00:00,2024-11-10 16:00:00,DEV_009,24,59,79
DEV_009_2024-11-10 18:00:00,2024-11-10 18:00:00,DEV_009,12,76,54
DEV_009_2024-11-10 20:00:00,2024-11-10 20:00:00,DEV_009,25,10,5
DEV_009_2024-11-10 22:00:00,2024-11-10 22:00:00,DEV_009,33,99,92
DEV_009_2024-11-11 00:00:00,2024-11-11 00:00:00,DEV_009,71,14,44
DEV_009_2024-11-11 02:00:00,2024-11-11 02:00:00,DEV_009,83,35,84
DEV_009_2024-11-11 04:00:00,2024-11-11 04:00:00,DEV_009,83,83,32
DEV_009_2024-11-11 06:00:00,2024-11-11 06:00:00,DEV_009,44,62,72
DEV_009_2024-11-11 08:00:00,2024-11-11 08:00:00,DEV_009,49,91,58
DEV_009_2024-11-11 10:00:00,2024-11-11 10:00:00,DEV_009,33,34,23
DEV_009_2024-11-11 12:00:00,2024-11-11 12:00:00,DEV_009,94,43,44
DEV_009_2024-11-11 14:00:00,2024-11-11 14:00:00,DEV_009,54,94,7
DEV_009_2024-11-11 16:00:00,2024-11-11 16:00:00,DEV_009,66,74,22
DEV_009_2024-11-11 18:00:00,2024-11-11 18:00:00,DEV_009,69,97,42
DEV_009_2024-11-11 20:00:00,2024-11-11 20:00:00,DEV_009,75,2,24
DEV_009_2024-11-11 22:00:00,2024-11-11 22:00:00,DEV_009,88,64,87
DEV_009_2024-11-12 00:00:00,2024-11-12 00:00:00,DEV_009,64,99,49
DEV_009_2024-11-12 02:00:00,2024-11-12 02:00:00,DEV_009,2,40,41
DEV_009_2024-11-12 04:00:00,2024-11-12 04:00:00,DEV_009,14,94,86
DEV_009_2024-11-12 06:00:00,2024-11-12 06:00:00,DEV_009,4,78,15
DEV_009_2024-11-12 08:00:00,2024-11-12 08:00:00,DEV_009,59,26,64
DEV_009_2024-11-12 10:00:00,2024-11-12 10:00:00,DEV_009,6,15,29
DEV_009_2024-11-12 12:00:00,2024-11-12 12:00:00,DEV_009,93,81,30
DEV_009_2024-11-12 14:00:00,2024-11-12 14:00:00,DEV_009,70,2,26
DEV_009_2024-11-12 16:00:00,2024-11-12 16:00:00,DEV_009,89,89,81
DEV_009_2024-11-12 18:00:00,2024-11-12 18:00:00,DEV_009,31,36,79
DEV_009_2024-11-12 20:00:00,2024-11-12 20:00:00,DEV_009,40,4,42
DEV_009_2024-11-12 22:00:00,2024-11-12 22:00:00,DEV_009,74,86,53
DEV_009_2024-11-13 00:00:00,2024-11-13 00:00:00,DEV_009,87,36,7
DEV_009_2024-11-13 02:00:00,2024-11-13 02:00:00,DEV_009,50,6,19
DEV_009_2024-11-13 04:00:00,2024-11-13 04:00:00,DEV_009,55,40,49
DEV_009_2024-11-13 06:00:00,2024-11-13 06:00:00,DEV_009,81,26,85
DEV_009_2024-11-13 08:00:00,2024-11-13 08:00:00,DEV_009,83,43,2
DEV_009_2024-11-13 10:00:00,2024-11-13 10:00:00,DEV_009,32,84,57
DEV_009_2024-11-13 12:00:00,2024-11-13 12:00:00,DEV_009,23,50,21
DEV_009_2024-11-13 14:00:00,2024-11-13 14:00:00,DEV_009,18,56,44
DEV_009_2024-11-13 16:00:00,2024-11-13 16:00:00,DEV_009,56,5,6
DEV_009_2024-11-13 18:00:00,2024-11-13 18:00:00,DEV_009,93,42,15
DEV_009_2024-11-13 20:00:00,2024-11-13 20:00:00,DEV_009,5,35,26
DEV_009_2024-11-13 22:00:00,2024-11-13 22:00:00,DEV_009,43,46,61
DEV_009_2024-11-14 00:00:00,2024-11-14 00:00:00,DEV_009,11,30,17
DEV_009_2024-11-14 02:00:00,2024-11-14 02:00:00,DEV_009,91,63,47
DEV_009_2024-11-14 04:00:00,2024-11-14 04:00:00,DEV_009,47,72,47
DEV_009_2024-11-14 06:00:00,2024-11-14 06:00:00,DEV_009,83,4,6
DEV_009_2024-11-14 08:00:00,2024-11-14 08:00:00,DEV_009,69,70,86
DEV_009_2024-11-14 10:00:00,2024-11-14 10:00:00,DEV_009,77,47,42
DEV_009_2024-11-14 12:00:00,2024-11-14 12:00:00,DEV_009,34,77,42
DEV_009_2024-11-14 14:00:00,2024-11-14 14:00:00,DEV_009,64,48,46
DEV_009_2024-11-14 16:00:00,2024-11-14 16:00:00,DEV_009,20,35,65
DEV_009_2024-11-14 18:00:00,2024-11-14 18:00:00,DEV_009,90,38,55
DEV_009_2024-11-14 20:00:00,2024-11-14 20:00:00,DEV_009,41,30,82
DEV_009_2024-11-14 22:00:00,2024-11-14 22:00:00,DEV_009,32,25,39
DEV_009_2024-11-15 00:00:00,2024-11-15 00:00:00,DEV_009,63,74,4
DEV_009_2024-11-15 02:00:00,2024-11-15 02:00:00,DEV_009,71,36,10
DEV_009_2024-11-15 04:00:00,2024-11-15 04:00:00,DEV_009,64,4,62
DEV_009_2024-11-15 06:00:00,2024-11-15 06:00:00,DEV_009,70,84,72
DEV_009_2024-11-15 08:00:00,2024-11-15 08:00:00,DEV_009,93,99,17
DEV_009_2024-11-15 10:00:00,2024-11-15 10:00:00,DEV_009,82,81,13
DEV_009_2024-11-15 12:00:00,2024-11-15 12:00:00,DEV_009,20,21,15
DEV_009_2024-11-15 14:00:00,2024-11-15 14:00:00,DEV_009,54,37,5
DEV_009_2024-11-15 16:00:00,2024-11-15 16:00:00,DEV_009,9,48,22
DEV_009_2024-11-15 18:00:00,2024-11-15 18:00:00,DEV_009,15,41,85
DEV_009_2024-11-15 20:00:00,2024-11-15 20:00:00,DEV_009,94,95,95
DEV_009_2024-11-15 22:00:00,2024-11-15 22:00:00,DEV_009,13,6,81
DEV_009_2024-11-16 00:00:00,2024-11-16 00:00:00,DEV_009,89,13,77
DEV_009_2024-11-16 02:00:00,2024-11-16 02:00:00,DEV_009,30,71,5
DEV_009_2024-11-16 04:00:00,2024-11-16 04:00:00,DEV_009,19,77,48
DEV_009_2024-11-16 06:00:00,2024-11-16 06:00:00,DEV_009,28,14,71
DEV_009_2024-11-16 08:00:00,2024-11-16 08:00:00,DEV_009,31,11,82
DEV_009_2024-11-16 10:00:00,2024-11-16 10:00:00,DEV_009,31,62,85
DEV_009_2024-11-16 12:00:00,2024-11-16 12:00:00,DEV_009,1,89,9
DEV_009_2024-11-16 14:00:00,2024-11-16 14:00:00,DEV_009,54,43,18
DEV_009_2024-11-16 16:00:00,2024-11-16 16:00:00,DEV_009,78,46,22
DEV_009_2024-11-16 18:00:00,2024-11-16 18:00:00,DEV_009,15,89,49
DEV_009_2024-11-16 20:00:00,2024-11-16 20:00:00,DEV_009,88,47,29
DEV_009_2024-11-16 22:00:00,2024-11-16 22:00:00,DEV_009,82,99,61
DEV_009_2024-11-17 00:00:00,2024-11-17 00:00:00,DEV_009,13,30,7
DEV_009_2024-11-17 02:00:00,2024-11-17 02:00:00,DEV_009,23,73,67
DEV_009_2024-11-17 04:00:00,2024-11-17 04:00:00,DEV_009,35,16,10
DEV_009_2024-11-17 06:00:00,2024-11-17 06:00:00,DEV_009,86,72,45
DEV_009_2024-11-17 08:00:00,2024-11-17 08:00:00,DEV_009,77,64,24
DEV_009_2024-11-17 10:00:00,2024-11-17 10:00:00,DEV_009,15,91,52
DEV_009_2024-11-17 12:00:00,2024-11-17 12:00:00,DEV_009,17,63,66
DEV_009_2024-11-17 14:00:00,2024-11-17 14:00:00,DEV_009,92,25,94
DEV_009_2024-11-17 16:00:00,2024-11-17 16:00:00,DEV_009,74,70,42
DEV_009_2024-11-17 18:00:00,2024-11-17 18:00:00,DEV_009,96,52,74
DEV_009_2024-11-17 20:00:00,2024-11-17 20:00:00,DEV_009,73,95,17
DEV_009_2024-11-17 22:00:00,2024-11-17 22:00:00,DEV_009,57,43,74
DEV_009_2024-11-18 00:00:00,2024-11-18 00:00:00,DEV_009,43,70,27
DEV_009_2024-11-18 02:00:00,2024-11-18 02:00:00,DEV_009,38,6,86
DEV_009_2024-11-18 04:00:00,2024-11-18 04:00:00,DEV_009,93,79,47
DEV_009_2024-11-18 06:00:00,2024-11-18 06:00:00,DEV_009,63,66,18
DEV_009_2024-11-18 08:00:00,2024-11-18 08:00:00,DEV_009,64,61,74
DEV_009_2024-11-18 10:00:00,2024-11-18 10:00:00,DEV_009,1,13,52
DEV_009_2024-11-18 12:00:00,2024-11-18 12:00:00,DEV_009,77,97,23
DEV_009_2024-11-18 14:00:00,2024-11-18 14:00:00,DEV_009,33,35,37
DEV_009_2024-11-18 16:00:00,2024-11-18 16:00:00,DEV_009,46,18,40
DEV_009_2024-11-18 18:00:00,2024-11-18 18:00:00,DEV_009,50,64,88
DEV_009_2024-11-18 20:00:00,2024-11-18 20:00:00,DEV_009,16,5,12
DEV_009_2024-11-18 22:00:00,2024-11-18 22:00:00,DEV_009,88,47,5
DEV_009_2024-11-19 00:00:00,2024-11-19 00:00:00,DEV_009,6,30,47
DEV_009_2024-11-19 02:00:00,2024-11-19 02:00:00,DEV_009,21,48,7
DEV_009_2024-11-19 04:00:00,2024-11-19 04:00:00,DEV_009,79,85,85
DEV_009_2024-11-19 06:00:00,2024-11-19 06:00:00,DEV_009,10,27,44
DEV_009_2024-11-19 08:00:00,2024-11-19 08:00:00,DEV_009,65,95,39
DEV_009_2024-11-19 10:00:00,2024-11-19 10:00:00,DEV_009,34,74,50
DEV_009_2024-11-19 12:00:00,2024-11-19 12:00:00,DEV_009,87,95,62
DEV_009_2024-11-19 14:00:00,2024-11-19 14:00:00,DEV_009,64,84,6
DEV_009_2024-11-19 16:00:00,2024-11-19 16:00:00,DEV_009,43,89,46
DEV_009_2024-11-19 18:00:00,2024-11-19 18:00:00,DEV_009,54,48,67
DEV_009_2024-11-19 20:00:00,2024-11-19 20:00:00,DEV_009,78,82,57
DEV_009_2024-11-19 22:00:00,2024-11-19 22:00:00,DEV_009,93,75,17
DEV_009_2024-11-20 00:00:00,2024-11-20 00:00:00,DEV_009,47,78,74
DEV_009_2024-11-20 02:00:00,2024-11-20 02:00:00,DEV_009,19,23,9
DEV_009_2024-11-20 04:00:00,2024-11-20 04:00:00,DEV_009,80,30,57
DEV_009_2024-11-20 06:00:00,2024-11-20 06:00:00,DEV_009,33,89,87
DEV_009_2024-11-20 08:00:00,2024-11-20 08:00:00,DEV_009,25,78,93
DEV_009_2024-11-20 10:00:00,2024-11-20 10:00:00,DEV_009,41,11,26
DEV_009_2024-11-20 12:00:00,2024-11-20 12:00:00,DEV_009,20,77,62
DEV_009_2024-11-20 14:00:00,2024-11-20 14:00:00,DEV_009,21,92,51
DEV_009_2024-11-20 16:00:00,2024-11-20 16:00:00,DEV_009,19,93,23
DEV_009_2024-11-20 18:00:00,2024-11-20 18:00:00,DEV_009,15,41,31
DEV_009_2024-11-20 20:00:00,2024-11-20 20:00:00,DEV_009,17,26,44
DEV_009_2024-11-20 22:00:00,2024-11-20 22:00:00,DEV_009,46,8,20
DEV_009_2024-11-21 00:00:00,2024-11-21 00:00:00,DEV_009,42,70,90
DEV_009_2024-11-21 02:00:00,2024-11-21 02:00:00,DEV_009,48,71,27
DEV_009_2024-11-21 04:00:00,2024-11-21 04:00:00,DEV_009,81,5,93
DEV_009_2024-11-21 06:00:00,2024-11-21 06:00:00,DEV_009,91,56,80
DEV_009_2024-11-21 08:00:00,2024-11-21 08:00:00,DEV_009,49,25,58
DEV_009_2024-11-21 10:00:00,2024-11-21 10:00:00,DEV_009,12,11,12
DEV_009_2024-11-21 12:00:00,2024-11-21 12:00:00,DEV_009,87,62,82
DEV_009_2024-11-21 14:00:00,2024-11-21 14:00:00,DEV_009,30,30,5
DEV_009_2024-11-21 16:00:00,2024-11-21 16:00:00,DEV_009,92,69,69
DEV_009_2024-11-21 18:00:00,2024-11-21 18:00:00,DEV_009,19,50,66
DEV_009_2024-11-21 20:00:00,2024-11-21 20:00:00,DEV_009,46,98,4
DEV_009_2024-11-21 22:00:00,2024-11-21 22:00:00,DEV_009,46,42,87
DEV_009_2024-11-22 00:00:00,2024-11-22 00:00:00,DEV_009,98,82,12
DEV_009_2024-11-22 02:00:00,2024-11-22 02:00:00,DEV_009,11,34,26
DEV_009_2024-11-22 04:00:00,2024-11-22 04:00:00,DEV_009,7,45,1
DEV_009_2024-11-22 06:00:00,2024-11-22 06:00:00,DEV_009,30,19,46
DEV_009_2024-11-22 08:00:00,2024-11-22 08:00:00,DEV_009,30,77,59
DEV_009_2024-11-22 10:00:00,2024-11-22 10:00:00,DEV_009,23,26,22
DEV_009_2024-11-22 12:00:00,2024-11-22 12:00:00,DEV_009,59,19,43
DEV_009_2024-11-22 14:00:00,2024-11-22 14:00:00,DEV_009,4,10,21
DEV_009_2024-11-22 16:00:00,2024-11-22 16:00:00,DEV_009,26,79,4
DEV_009_2024-11-22 18:00:00,2024-11-22 18:00:00,DEV_009,42,63,17
DEV_009_2024-11-22 20:00:00,2024-11-22 20:00:00,DEV_009,17,12,66
DEV_009_2024-11-22 22:00:00,2024-11-22 22:00:00,DEV_009,41,53,64
DEV_009_2024-11-23 00:00:00,2024-11-23 00:00:00,DEV_009,2,38,72
DEV_009_2024-11-23 02:00:00,2024-11-23 02:00:00,DEV_009,76,9,24
DEV_009_2024-11-23 04:00:00,2024-11-23 04:00:00,DEV_009,61,29,71
DEV_009_2024-11-23 06:00:00,2024-11-23 06:00:00,DEV_009,77,37,90
DEV_009_2024-11-23 08:00:00,2024-11-23 08:00:00,DEV_009,54,55,13
DEV_009_2024-11-23 10:00:00,2024-11-23 10:00:00,DEV_009,24,78,5
DEV_009_2024-11-23 12:00:00,2024-11-23 12:00:00,DEV_009,60,70,93
DEV_009_2024-11-23 14:00:00,2024-11-23 14:00:00,DEV_009,72,36,37
DEV_009_2024-11-23 16:00:00,2024-11-23 16:00:00,DEV_009,54,38,53
DEV_009_2024-11-23 18:00:00,2024-11-23 18:00:00,DEV_009,57,54,88
DEV_009_2024-11-23 20:00:00,2024-11-23 20:00:00,DEV_009,80,11,3
DEV_009_2024-11-23 22:00:00,2024-11-23 22:00:00,DEV_009,35,32,48
DEV_009_2024-11-24 00:00:00,2024-11-24 00:00:00,DEV_009,89,2,25
DEV_009_2024-11-24 02:00:00,2024-11-24 02:00:00,DEV_009,49,97,64
DEV_009_2024-11-24 04:00:00,2024-11-24 04:00:00,DEV_009,40,5,33
DEV_009_2024-11-24 06:00:00,2024-11-24 06:00:00,DEV_009,26,50,60
DEV_009_2024-11-24 08:00:00,2024-11-24 08:00:00,DEV_009,52,15,99
DEV_009_2024-11-24 10:00:00,2024-11-24 10:00:00,DEV_009,37,29,94
DEV_009_2024-11-24 12:00:00,2024-11-24 12:00:00,DEV_009,54,93,33
DEV_009_2024-11-24 14:00:00,2024-11-24 14:00:00,DEV_009,66,6,69
DEV_009_2024-11-24 16:00:00,2024-11-24 16:00:00,DEV_009,75,71,2
DEV_009_2024-11-24 18:00:00,2024-11-24 18:00:00,DEV_009,95,51,89
DEV_009_2024-11-24 20:00:00,2024-11-24 20:00:00,DEV_009,81,52,39
DEV_009_2024-11-24 22:00:00,2024-11-24 22:00:00,DEV_009,72,64,22
DEV_009_2024-11-25 00:00:00,2024-11-25 00:00:00,DEV_009,83,65,85
DEV_009_2024-11-25 02:00:00,2024-11-25 02:00:00,DEV_009,34,92,58
DEV_009_2024-11-25 04:00:00,2024-11-25 04:00:00,DEV_009,57,35,58
DEV_009_2024-11-25 06:00:00,2024-11-25 06:00:00,DEV_009,65,38,17
DEV_009_2024-11-25 08:00:00,2024-11-25 08:00:00,DEV_009,30,3,93
DEV_009_2024-11-25 10:00:00,2024-11-25 10:00:00,DEV_009,20,90,27
DEV_009_2024-11-25 12:00:00,2024-11-25 12:00:00,DEV_009,63,73,16
DEV_009_2024-11-25 14:00:00,2024-11-25 14:00:00,DEV_009,74,32,74
DEV_009_2024-11-25 16:00:00,2024-11-25 16:00:00,DEV_009,10,60,7
DEV_009_2024-11-25 18:00:00,2024-11-25 18:00:00,DEV_009,85,52,18
DEV_009_2024-11-25 20:00:00,2024-11-25 20:00:00,DEV_009,68,69,17
DEV_009_2024-11-25 22:00:00,2024-11-25 22:00:00,DEV_009,51,28,48
DEV_009_2024-11-26 00:00:00,2024-11-26 00:00:00,DEV_009,93,3,96
DEV_009_2024-11-26 02:00:00,2024-11-26 02:00:00,DEV_009,14,95,96
DEV_009_2024-11-26 04:00:00,2024-11-26 04:00:00,DEV_009,83,16,6
DEV_009_2024-11-26 06:00:00,2024-11-26 06:00:00,DEV_009,30,52,41
DEV_009_2024-11-26 08:00:00,2024-11-26 08:00:00,DEV_009,63,53,80
DEV_009_2024-11-26 10:00:00,2024-11-26 10:00:00,DEV_009,3,38,95
DEV_009_2024-11-26 12:00:00,2024-11-26 12:00:00,DEV_009,35,60,96
DEV_009_2024-11-26 14:00:00,2024-11-26 14:00:00,DEV_009,98,96,61
DEV_009_2024-11-26 16:00:00,2024-11-26 16:00:00,DEV_009,42,90,48
DEV_009_2024-11-26 18:00:00,2024-11-26 18:00:00,DEV_009,9,70,61
DEV_009_2024-11-26 20:00:00,2024-11-26 20:00:00,DEV_009,38,2,64
DEV_009_2024-11-26 22:00:00,2024-11-26 22:00:00,DEV_009,95,39,13
DEV_009_2024-11-27 00:00:00,2024-11-27 00:00:00,DEV_009,55,30,14
DEV_009_2024-11-27 02:00:00,2024-11-27 02:00:00,DEV_009,19,75,96
DEV_009_2024-11-27 04:00:00,2024-11-27 04:00:00,DEV_009,70,63,58
DEV_009_2024-11-27 06:00:00,2024-11-27 06:00:00,DEV_009,93,66,55
DEV_009_2024-11-27 08:00:00,2024-11-27 08:00:00,DEV_009,37,56,30
DEV_009_2024-11-27 10:00:00,2024-11-27 10:00:00,DEV_009,89,46,49
DEV_009_2024-11-27 12:00:00,2024-11-27 12:00:00,DEV_009,76,96,66
DEV_009_2024-11-27 14:00:00,2024-11-27 14:00:00,DEV_009,40,24,81
DEV_009_2024-11-27 16:00:00,2024-11-27 16:00:00,DEV_009,8,53,3
DEV_009_2024-11-27 18:00:00,2024-11-27 18:00:00,DEV_009,59,58,17
DEV_009_2024-11-27 20:00:00,2024-11-27 20:00:00,DEV_009,16,97,4
DEV_009_2024-11-27 22:00:00,2024-11-27 22:00:00,DEV_009,26,70,77
DEV_009_2024-11-28 00:00:00,2024-11-28 00:00:00,DEV_009,83,59,22
DEV_009_2024-11-28 02:00:00,2024-11-28 02:00:00,DEV_009,84,94,56
DEV_009_2024-11-28 04:00:00,2024-11-28 04:00:00,DEV_009,47,43,91
DEV_009_2024-11-28 06:00:00,2024-11-28 06:00:00,DEV_009,24,33,75
DEV_009_2024-11-28 08:00:00,2024-11-28 08:00:00,DEV_009,41,65,69
DEV_009_2024-11-28 10:00:00,2024-11-28 10:00:00,DEV_009,69,47,80
DEV_009_2024-11-28 12:00:00,2024-11-28 12:00:00,DEV_009,42,17,98
DEV_009_2024-11-28 14:00:00,2024-11-28 14:00:00,DEV_009,70,80,26
DEV_009_2024-11-28 16:00:00,2024-11-28 16:00:00,DEV_009,94,72,19
DEV_009_2024-11-28 18:00:00,2024-11-28 18:00:00,DEV_009,53,58,59
DEV_009_2024-11-28 20:00:00,2024-11-28 20:00:00,DEV_009,68,13,10
DEV_009_2024-11-28 22:00:00,2024-11-28 22:00:00,DEV_009,53,17,60
DEV_009_2024-11-29 00:00:00,2024-11-29 00:00:00,DEV_009,92,50,98
DEV_009_2024-11-29 02:00:00,2024-11-29 02:00:00,DEV_009,85,60,57
DEV_009_2024-11-29 04:00:00,2024-11-29 04:00:00,DEV_009,75,59,19
DEV_009_2024-11-29 06:00:00,2024-11-29 06:00:00,DEV_009,87,45,40
DEV_009_2024-11-29 08:00:00,2024-11-29 08:00:00,DEV_009,92,83,35
DEV_009_2024-11-29 10:00:00,2024-11-29 10:00:00,DEV_009,27,91,84
DEV_009_2024-11-29 12:00:00,2024-11-29 12:00:00,DEV_009,85,48,12
DEV_009_2024-11-29 14:00:00,2024-11-29 14:00:00,DEV_009,51,24,51
DEV_009_2024-11-29 16:00:00,2024-11-29 16:00:00,DEV_009,57,76,23
DEV_009_2024-11-29 18:00:00,2024-11-29 18:00:00,DEV_009,63,73,62
DEV_009_2024-11-29 20:00:00,2024-11-29 20:00:00,DEV_009,11,53,25
DEV_009_2024-11-29 22:00:00,2024-11-29 22:00:00,DEV_009,40,49,23
DEV_009_2024-11-30 00:00:00,2024-11-30 00:00:00,DEV_009,47,17,78
DEV_009_2024-11-30 02:00:00,2024-11-30 02:00:00,DEV_009,34,2,14
DEV_009_2024-11-30 04:00:00,2024-11-30 04:00:00,DEV_009,21,78,68
DEV_009_2024-11-30 06:00:00,2024-11-30 06:00:00,DEV_009,48,3,24
DEV_009_2024-11-30 08:00:00,2024-11-30 08:00:00,DEV_009,38,28,63
DEV_009_2024-11-30 10:00:00,2024-11-30 10:00:00,DEV_009,86,9,70
DEV_009_2024-11-30 12:00:00,2024-11-30 12:00:00,DEV_009,22,57,43
DEV_009_2024-11-30 14:00:00,2024-11-30 14:00:00,DEV_009,29,12,90
DEV_009_2024-11-30 16:00:00,2024-11-30 16:00:00,DEV_009,13,89,47
DEV_009_2024-11-30 18:00:00,2024-11-30 18:00:00,DEV_009,10,47,95
DEV_009_2024-11-30 20:00:00,2024-11-30 20:00:00,DEV_009,10,93,89
DEV_009_2024-11-30 22:00:00,2024-11-30 22:00:00,DEV_009,7,30,44
DEV_009_2024-12-01 00:00:00,2024-12-01 00:00:00,DEV_009,81,6,81
DEV_009_2024-12-01 02:00:00,2024-12-01 02:00:00,DEV_009,28,67,66
DEV_009_2024-12-01 04:00:00,2024-12-01 04:00:00,DEV_009,40,39,55
DEV_009_2024-12-01 06:00:00,2024-12-01 06:00:00,DEV_009,90,85,61
DEV_009_2024-12-01 08:00:00,2024-12-01 08:00:00,DEV_009,34,28,14
DEV_009_2024-12-01 10:00:00,2024-12-01 10:00:00,DEV_009,23,19,28
DEV_009_2024-12-01 12:00:00,2024-12-01 12:00:00,DEV_009,34,62,34
DEV_009_2024-12-01 14:00:00,2024-12-01 14:00:00,DEV_009,44,63,31
DEV_009_2024-12-01 16:00:00,2024-12-01 16:00:00,DEV_009,97,24,56
DEV_009_2024-12-01 18:00:00,2024-12-01 18:00:00,DEV_009,63,95,26
DEV_009_2024-12-01 20:00:00,2024-12-01 20:00:00,DEV_009,26,43,70
DEV_009_2024-12-01 22:00:00,2024-12-01 22:00:00,DEV_009,5,34,39
DEV_009_2024-12-02 00:00:00,2024-12-02 00:00:00,DEV_009,32,5,74
DEV_009_2024-12-02 02:00:00,2024-12-02 02:00:00,DEV_009,54,50,90
DEV_009_2024-12-02 04:00:00,2024-12-02 04:00:00,DEV_009,65,85,91
DEV_009_2024-12-02 06:00:00,2024-12-02 06:00:00,DEV_009,96,45,20
DEV_009_2024-12-02 08:00:00,2024-12-02 08:00:00,DEV_009,18,58,78
DEV_009_2024-12-02 10:00:00,2024-12-02 10:00:00,DEV_009,61,56,93
DEV_009_2024-12-02 12:00:00,2024-12-02 12:00:00,DEV_009,75,6,95
DEV_009_2024-12-02 14:00:00,2024-12-02 14:00:00,DEV_009,49,32,65
DEV_009_2024-12-02 16:00:00,2024-12-02 16:00:00,DEV_009,36,68,60
DEV_009_2024-12-02 18:00:00,2024-12-02 18:00:00,DEV_009,9,27,60
DEV_009_2024-12-02 20:00:00,2024-12-02 20:00:00,DEV_009,31,15,45
DEV_009_2024-12-02 22:00:00,2024-12-02 22:00:00,DEV_009,47,94,72
DEV_009_2024-12-03 00:00:00,2024-12-03 00:00:00,DEV_009,12,60,88
DEV_009_2024-12-03 02:00:00,2024-12-03 02:00:00,DEV_009,30,19,23
DEV_009_2024-12-03 04:00:00,2024-12-03 04:00:00,DEV_009,79,79,2
DEV_009_2024-12-03 06:00:00,2024-12-03 06:00:00,DEV_009,30,33,45
DEV_009_2024-12-03 08:00:00,2024-12-03 08:00:00,DEV_009,26,48,9
DEV_009_2024-12-03 10:00:00,2024-12-03 10:00:00,DEV_009,67,2,41
DEV_009_2024-12-03 12:00:00,2024-12-03 12:00:00,DEV_009,76,25,43
DEV_009_2024-12-03 14:00:00,2024-12-03 14:00:00,DEV_009,71,22,77
DEV_009_2024-12-03 16:00:00,2024-12-03 16:00:00,DEV_009,79,67,30
DEV_009_2024-12-03 18:00:00,2024-12-03 18:00:00,DEV_009,30,34,50
DEV_009_2024-12-03 20:00:00,2024-12-03 20:00:00,DEV_009,90,60,4
DEV_009_2024-12-03 22:00:00,2024-12-03 22:00:00,DEV_009,92,1,15
DEV_009_2024-12-04 00:00:00,2024-12-04 00:00:00,DEV_009,1,71,6
DEV_009_2024-12-04 02:00:00,2024-12-04 02:00:00,DEV_009,94,84,77
DEV_009_2024-12-04 04:00:00,2024-12-04 04:00:00,DEV_009,33,14,10
DEV_009_2024-12-04 06:00:00,2024-12-04 06:00:00,DEV_009,42,30,2
DEV_009_2024-12-04 08:00:00,2024-12-04 08:00:00,DEV_009,2,89,1
DEV_009_2024-12-04 10:00:00,2024-12-04 10:00:00,DEV_009,30,87,94
DEV_009_2024-12-04 12:00:00,2024-12-04 12:00:00,DEV_009,14,55,51
DEV_009_2024-12-04 14:00:00,2024-12-04 14:00:00,DEV_009,76,29,97
DEV_009_2024-12-04 16:00:00,2024-12-04 16:00:00,DEV_009,24,77,6
DEV_009_2024-12-04 18:00:00,2024-12-04 18:00:00,DEV_009,24,12,42
DEV_009_2024-12-04 20:00:00,2024-12-04 20:00:00,DEV_009,15,24,93
DEV_009_2024-12-04 22:00:00,2024-12-04 22:00:00,DEV_009,1,61,34
DEV_009_2024-12-05 00:00:00,2024-12-05 00:00:00,DEV_009,19,40,15
DEV_009_2024-12-05 02:00:00,2024-12-05 02:00:00,DEV_009,98,57,60
DEV_009_2024-12-05 04:00:00,2024-12-05 04:00:00,DEV_009,15,48,18
DEV_009_2024-12-05 06:00:00,2024-12-05 06:00:00,DEV_009,25,45,81
DEV_009_2024-12-05 08:00:00,2024-12-05 08:00:00,DEV_009,59,83,36
DEV_009_2024-12-05 10:00:00,2024-12-05 10:00:00,DEV_009,28,88,46
DEV_009_2024-12-05 12:00:00,2024-12-05 12:00:00,DEV_009,60,6,13
DEV_009_2024-12-05 14:00:00,2024-12-05 14:00:00,DEV_009,2,49,70
DEV_009_2024-12-05 16:00:00,2024-12-05 16:00:00,DEV_009,26,20,26
DEV_009_2024-12-05 18:00:00,2024-12-05 18:00:00,DEV_009,11,10,40
DEV_009_2024-12-05 20:00:00,2024-12-05 20:00:00,DEV_009,56,48,78
DEV_009_2024-12-05 22:00:00,2024-12-05 22:00:00,DEV_009,91,28,21
DEV_009_2024-12-06 00:00:00,2024-12-06 00:00:00,DEV_009,15,27,72
DEV_009_2024-12-06 02:00:00,2024-12-06 02:00:00,DEV_009,65,61,40
DEV_009_2024-12-06 04:00:00,2024-12-06 04:00:00,DEV_009,48,87,85
DEV_009_2024-12-06 06:00:00,2024-12-06 06:00:00,DEV_009,37,33,16
DEV_009_2024-12-06 08:00:00,2024-12-06 08:00:00,DEV_009,38,39,23
DEV_009_2024-12-06 10:00:00,2024-12-06 10:00:00,DEV_009,58,99,73
DEV_009_2024-12-06 12:00:00,2024-12-06 12:00:00,DEV_009,77,95,48
DEV_009_2024-12-06 14:00:00,2024-12-06 14:00:00,DEV_009,77,37,89
DEV_009_2024-12-06 16:00:00,2024-12-06 16:00:00,DEV_009,63,61,73
DEV_009_2024-12-06 18:00:00,2024-12-06 18:00:00,DEV_009,21,50,35
DEV_009_2024-12-06 20:00:00,2024-12-06 20:00:00,DEV_009,24,75,89
DEV_009_2024-12-06 22:00:00,2024-12-06 22:00:00,DEV_009,29,54,72
DEV_009_2024-12-07 00:00:00,2024-12-07 00:00:00,DEV_009,52,20,94
DEV_009_2024-12-07 02:00:00,2024-12-07 02:00:00,DEV_009,19,42,6
DEV_009_2024-12-07 04:00:00,2024-12-07 04:00:00,DEV_009,98,39,29
DEV_009_2024-12-07 06:00:00,2024-12-07 06:00:00,DEV_009,87,34,46
DEV_009_2024-12-07 08:00:00,2024-12-07 08:00:00,DEV_009,69,85,38
DEV_009_2024-12-07 10:00:00,2024-12-07 10:00:00,DEV_009,35,61,96
DEV_009_2024-12-07 12:00:00,2024-12-07 12:00:00,DEV_009,36,49,73
DEV_009_2024-12-07 14:00:00,2024-12-07 14:00:00,DEV_009,33,42,90
DEV_009_2024-12-07 16:00:00,2024-12-07 16:00:00,DEV_009,77,16,11
DEV_009_2024-12-07 18:00:00,2024-12-07 18:00:00,DEV_009,47,75,93
DEV_009_2024-12-07 20:00:00,2024-12-07 20:00:00,DEV_009,24,3,95
DEV_009_2024-12-07 22:00:00,2024-12-07 22:00:00,DEV_009,50,28,65
DEV_009_2024-12-08 00:00:00,2024-12-08 00:00:00,DEV_009,29,43,36
DEV_009_2024-12-08 02:00:00,2024-12-08 02:00:00,DEV_009,11,12,15
DEV_009_2024-12-08 04:00:00,2024-12-08 04:00:00,DEV_009,15,92,30
DEV_009_2024-12-08 06:00:00,2024-12-08 06:00:00,DEV_009,80,53,67
DEV_009_2024-12-08 08:00:00,2024-12-08 08:00:00,DEV_009,29,56,5
DEV_009_2024-12-08 10:00:00,2024-12-08 10:00:00,DEV_009,82,53,70
DEV_009_2024-12-08 12:00:00,2024-12-08 12:00:00,DEV_009,97,12,47
DEV_009_2024-12-08 14:00:00,2024-12-08 14:00:00,DEV_009,35,22,54
DEV_009_2024-12-08 16:00:00,2024-12-08 16:00:00,DEV_009,69,71,30
DEV_009_2024-12-08 18:00:00,2024-12-08 18:00:00,DEV_009,24,44,78
DEV_009_2024-12-08 20:00:00,2024-12-08 20:00:00,DEV_009,6,42,61
DEV_009_2024-12-08 22:00:00,2024-12-08 22:00:00,DEV_009,89,34,65
DEV_009_2024-12-09 00:00:00,2024-12-09 00:00:00,DEV_009,37,80,93
DEV_009_2024-12-09 02:00:00,2024-12-09 02:00:00,DEV_009,25,39,20
DEV_009_2024-12-09 04:00:00,2024-12-09 04:00:00,DEV_009,49,89,81
DEV_009_2024-12-09 06:00:00,2024-12-09 06:00:00,DEV_009,56,70,40
DEV_009_2024-12-09 08:00:00,2024-12-09 08:00:00,DEV_009,88,62,41
DEV_009_2024-12-09 10:00:00,2024-12-09 10:00:00,DEV_009,94,9,42
DEV_009_2024-12-09 12:00:00,2024-12-09 12:00:00,DEV_009,41,26,42
DEV_009_2024-12-09 14:00:00,2024-12-09 14:00:00,DEV_009,97,17,62
DEV_009_2024-12-09 16:00:00,2024-12-09 16:00:00,DEV_009,92,96,39
DEV_009_2024-12-09 18:00:00,2024-12-09 18:00:00,DEV_009,10,30,82
DEV_009_2024-12-09 20:00:00,2024-12-09 20:00:00,DEV_009,45,84,68
DEV_009_2024-12-09 22:00:00,2024-12-09 22:00:00,DEV_009,12,63,93
DEV_009_2024-12-10 00:00:00,2024-12-10 00:00:00,DEV_009,87,33,16
DEV_009_2024-12-10 02:00:00,2024-12-10 02:00:00,DEV_009,27,46,20
DEV_009_2024-12-10 04:00:00,2024-12-10 04:00:00,DEV_009,78,39,97
DEV_009_2024-12-10 06:00:00,2024-12-10 06:00:00,DEV_009,42,16,21
DEV_009_2024-12-10 08:00:00,2024-12-10 08:00:00,DEV_009,28,18,86
DEV_009_2024-12-10 10:00:00,2024-12-10 10:00:00,DEV_009,39,85,93
DEV_009_2024-12-10 12:00:00,2024-12-10 12:00:00,DEV_009,24,31,28
DEV_009_2024-12-10 14:00:00,2024-12-10 14:00:00,DEV_009,10,42,41
DEV_009_2024-12-10 16:00:00,2024-12-10 16:00:00,DEV_009,1,81,50
DEV_009_2024-12-10 18:00:00,2024-12-10 18:00:00,DEV_009,30,99,43
DEV_009_2024-12-10 20:00:00,2024-12-10 20:00:00,DEV_009,81,36,29
DEV_009_2024-12-10 22:00:00,2024-12-10 22:00:00,DEV_009,52,64,35
DEV_009_2024-12-11 00:00:00,2024-12-11 00:00:00,DEV_009,71,37,46
DEV_009_2024-12-11 02:00:00,2024-12-11 02:00:00,DEV_009,61,62,65
DEV_009_2024-12-11 04:00:00,2024-12-11 04:00:00,DEV_009,16,37,54
DEV_009_2024-12-11 06:00:00,2024-12-11 06:00:00,DEV_009,7,37,37
DEV_009_2024-12-11 08:00:00,2024-12-11 08:00:00,DEV_009,40,48,8
DEV_009_2024-12-11 10:00:00,2024-12-11 10:00:00,DEV_009,18,29,78
DEV_009_2024-12-11 12:00:00,2024-12-11 12:00:00,DEV_009,92,12,19
DEV_009_2024-12-11 14:00:00,2024-12-11 14:00:00,DEV_009,51,83,44
DEV_009_2024-12-11 16:00:00,2024-12-11 16:00:00,DEV_009,5,63,92
DEV_009_2024-12-11 18:00:00,2024-12-11 18:00:00,DEV_009,62,93,78
DEV_009_2024-12-11 20:00:00,2024-12-11 20:00:00,DEV_009,64,40,60
DEV_009_2024-12-11 22:00:00,2024-12-11 22:00:00,DEV_009,24,43,64
DEV_009_2024-12-12 00:00:00,2024-12-12 00:00:00,DEV_009,28,32,79
DEV_009_2024-12-12 02:00:00,2024-12-12 02:00:00,DEV_009,58,27,65
DEV_009_2024-12-12 04:00:00,2024-12-12 04:00:00,DEV_009,72,38,80
DEV_009_2024-12-12 06:00:00,2024-12-12 06:00:00,DEV_009,49,1,84
DEV_009_2024-12-12 08:00:00,2024-12-12 08:00:00,DEV_009,74,19,67
DEV_009_2024-12-12 10:00:00,2024-12-12 10:00:00,DEV_009,16,11,7
DEV_009_2024-12-12 12:00:00,2024-12-12 12:00:00,DEV_009,42,83,76
DEV_009_2024-12-12 14:00:00,2024-12-12 14:00:00,DEV_009,97,66,71
DEV_009_2024-12-12 16:00:00,2024-12-12 16:00:00,DEV_009,47,78,48
DEV_009_2024-12-12 18:00:00,2024-12-12 18:00:00,DEV_009,37,74,90
DEV_009_2024-12-12 20:00:00,2024-12-12 20:00:00,DEV_009,26,40,78
DEV_009_2024-12-12 22:00:00,2024-12-12 22:00:00,DEV_009,39,88,63
DEV_009_2024-12-13 00:00:00,2024-12-13 00:00:00,DEV_009,63,60,96
DEV_009_2024-12-13 02:00:00,2024-12-13 02:00:00,DEV_009,76,27,70
DEV_009_2024-12-13 04:00:00,2024-12-13 04:00:00,DEV_009,28,23,34
DEV_009_2024-12-13 06:00:00,2024-12-13 06:00:00,DEV_009,94,35,49
DEV_009_2024-12-13 08:00:00,2024-12-13 08:00:00,DEV_009,81,60,48
DEV_009_2024-12-13 10:00:00,2024-12-13 10:00:00,DEV_009,40,89,60
DEV_009_2024-12-13 12:00:00,2024-12-13 12:00:00,DEV_009,92,95,23
DEV_009_2024-12-13 14:00:00,2024-12-13 14:00:00,DEV_009,59,3,59
DEV_009_2024-12-13 16:00:00,2024-12-13 16:00:00,DEV_009,16,36,52
DEV_009_2024-12-13 18:00:00,2024-12-13 18:00:00,DEV_009,8,82,27
DEV_009_2024-12-13 20:00:00,2024-12-13 20:00:00,DEV_009,14,10,8
DEV_009_2024-12-13 22:00:00,2024-12-13 22:00:00,DEV_009,68,2,47
DEV_009_2024-12-14 00:00:00,2024-12-14 00:00:00,DEV_009,28,9,35
DEV_009_2024-12-14 02:00:00,2024-12-14 02:00:00,DEV_009,56,20,61
DEV_009_2024-12-14 04:00:00,2024-12-14 04:00:00,DEV_009,46,26,98
DEV_009_2024-12-14 06:00:00,2024-12-14 06:00:00,DEV_009,94,62,55
DEV_009_2024-12-14 08:00:00,2024-12-14 08:00:00,DEV_009,56,47,60
DEV_009_2024-12-14 10:00:00,2024-12-14 10:00:00,DEV_009,66,22,23
DEV_009_2024-12-14 12:00:00,2024-12-14 12:00:00,DEV_009,62,12,12
DEV_009_2024-12-14 14:00:00,2024-12-14 14:00:00,DEV_009,5,90,52
DEV_009_2024-12-14 16:00:00,2024-12-14 16:00:00,DEV_009,54,22,62
DEV_009_2024-12-14 18:00:00,2024-12-14 18:00:00,DEV_009,41,30,87
DEV_009_2024-12-14 20:00:00,2024-12-14 20:00:00,DEV_009,80,72,41
DEV_009_2024-12-14 22:00:00,2024-12-14 22:00:00,DEV_009,64,13,96
DEV_009_2024-12-15 00:00:00,2024-12-15 00:00:00,DEV_009,98,16,17
DEV_009_2024-12-15 02:00:00,2024-12-15 02:00:00,DEV_009,62,22,41
DEV_009_2024-12-15 04:00:00,2024-12-15 04:00:00,DEV_009,86,93,88
DEV_009_2024-12-15 06:00:00,2024-12-15 06:00:00,DEV_009,24,35,92
DEV_009_2024-12-15 08:00:00,2024-12-15 08:00:00,DEV_009,98,49,67
DEV_009_2024-12-15 10:00:00,2024-12-15 10:00:00,DEV_009,86,36,52
DEV_009_2024-12-15 12:00:00,2024-12-15 12:00:00,DEV_009,11,78,98
DEV_009_2024-12-15 14:00:00,2024-12-15 14:00:00,DEV_009,55,66,53
DEV_009_2024-12-15 16:00:00,2024-12-15 16:00:00,DEV_009,28,78,36
DEV_009_2024-12-15 18:00:00,2024-12-15 18:00:00,DEV_009,38,41,45
DEV_009_2024-12-15 20:00:00,2024-12-15 20:00:00,DEV_009,18,54,42
DEV_009_2024-12-15 22:00:00,2024-12-15 22:00:00,DEV_009,44,36,94
DEV_009_2024-12-16 00:00:00,2024-12-16 00:00:00,DEV_009,25,95,40
DEV_009_2024-12-16 02:00:00,2024-12-16 02:00:00,DEV_009,86,25,21
DEV_009_2024-12-16 04:00:00,2024-12-16 04:00:00,DEV_009,86,78,29
DEV_009_2024-12-16 06:00:00,2024-12-16 06:00:00,DEV_009,42,73,85
DEV_009_2024-12-16 08:00:00,2024-12-16 08:00:00,DEV_009,86,11,15
DEV_009_2024-12-16 10:00:00,2024-12-16 10:00:00,DEV_009,78,17,89
DEV_009_2024-12-16 12:00:00,2024-12-16 12:00:00,DEV_009,61,24,70
DEV_009_2024-12-16 14:00:00,2024-12-16 14:00:00,DEV_009,6,6,25
DEV_009_2024-12-16 16:00:00,2024-12-16 16:00:00,DEV_009,20,91,19
DEV_009_2024-12-16 18:00:00,2024-12-16 18:00:00,DEV_009,35,37,89
DEV_009_2024-12-16 20:00:00,2024-12-16 20:00:00,DEV_009,51,12,79
DEV_009_2024-12-16 22:00:00,2024-12-16 22:00:00,DEV_009,29,91,45
DEV_009_2024-12-17 00:00:00,2024-12-17 00:00:00,DEV_009,29,98,53
DEV_009_2024-12-17 02:00:00,2024-12-17 02:00:00,DEV_009,30,45,88
DEV_009_2024-12-17 04:00:00,2024-12-17 04:00:00,DEV_009,42,43,15
DEV_009_2024-12-17 06:00:00,2024-12-17 06:00:00,DEV_009,31,34,17
DEV_009_2024-12-17 08:00:00,2024-12-17 08:00:00,DEV_009,2,96,76
DEV_009_2024-12-17 10:00:00,2024-12-17 10:00:00,DEV_009,45,59,38
DEV_009_2024-12-17 12:00:00,2024-12-17 12:00:00,DEV_009,56,14,32
DEV_009_2024-12-17 14:00:00,2024-12-17 14:00:00,DEV_009,9,1,24
DEV_009_2024-12-17 16:00:00,2024-12-17 16:00:00,DEV_009,88,22,79
DEV_009_2024-12-17 18:00:00,2024-12-17 18:00:00,DEV_009,91,4,25
DEV_009_2024-12-17 20:00:00,2024-12-17 20:00:00,DEV_009,37,8,54
DEV_009_2024-12-17 22:00:00,2024-12-17 22:00:00,DEV_009,22,67,42
DEV_009_2024-12-18 00:00:00,2024-12-18 00:00:00,DEV_009,57,8,8
DEV_009_2024-12-18 02:00:00,2024-12-18 02:00:00,DEV_009,24,63,87
DEV_009_2024-12-18 04:00:00,2024-12-18 04:00:00,DEV_009,78,70,21
DEV_009_2024-12-18 06:00:00,2024-12-18 06:00:00,DEV_009,50,84,62
DEV_009_2024-12-18 08:00:00,2024-12-18 08:00:00,DEV_009,65,75,30
DEV_009_2024-12-18 10:00:00,2024-12-18 10:00:00,DEV_009,10,82,75
DEV_009_2024-12-18 12:00:00,2024-12-18 12:00:00,DEV_009,8,5,45
DEV_009_2024-12-18 14:00:00,2024-12-18 14:00:00,DEV_009,59,65,17
DEV_009_2024-12-18 16:00:00,2024-12-18 16:00:00,DEV_009,20,43,32
DEV_009_2024-12-18 18:00:00,2024-12-18 18:00:00,DEV_009,51,18,21
DEV_009_2024-12-18 20:00:00,2024-12-18 20:00:00,DEV_009,53,81,76
DEV_009_2024-12-18 22:00:00,2024-12-18 22:00:00,DEV_009,68,90,79
DEV_009_2024-12-19 00:00:00,2024-12-19 00:00:00,DEV_009,79,54,6
DEV_009_2024-12-19 02:00:00,2024-12-19 02:00:00,DEV_009,89,69,85
DEV_009_2024-12-19 04:00:00,2024-12-19 04:00:00,DEV_009,2,2,81
DEV_009_2024-12-19 06:00:00,2024-12-19 06:00:00,DEV_009,39,91,77
DEV_009_2024-12-19 08:00:00,2024-12-19 08:00:00,DEV_009,92,55,27
DEV_009_2024-12-19 10:00:00,2024-12-19 10:00:00,DEV_009,28,6,62
DEV_009_2024-12-19 12:00:00,2024-12-19 12:00:00,DEV_009,8,56,23
DEV_009_2024-12-19 14:00:00,2024-12-19 14:00:00,DEV_009,51,15,67
DEV_009_2024-12-19 16:00:00,2024-12-19 16:00:00,DEV_009,37,1,93
DEV_009_2024-12-19 18:00:00,2024-12-19 18:00:00,DEV_009,41,99,17
DEV_009_2024-12-19 20:00:00,2024-12-19 20:00:00,DEV_009,6,50,96
DEV_009_2024-12-19 22:00:00,2024-12-19 22:00:00,DEV_009,77,69,3
DEV_009_2024-12-20 00:00:00,2024-12-20 00:00:00,DEV_009,70,26,80
DEV_009_2024-12-20 02:00:00,2024-12-20 02:00:00,DEV_009,79,94,92
DEV_009_2024-12-20 04:00:00,2024-12-20 04:00:00,DEV_009,84,71,31
DEV_009_2024-12-20 06:00:00,2024-12-20 06:00:00,DEV_009,60,99,51
DEV_009_2024-12-20 08:00:00,2024-12-20 08:00:00,DEV_009,20,38,56
DEV_009_2024-12-20 10:00:00,2024-12-20 10:00:00,DEV_009,95,97,51
DEV_009_2024-12-20 12:00:00,2024-12-20 12:00:00,DEV_009,39,17,25
DEV_009_2024-12-20 14:00:00,2024-12-20 14:00:00,DEV_009,11,85,57
DEV_009_2024-12-20 16:00:00,2024-12-20 16:00:00,DEV_009,31,48,69
DEV_009_2024-12-20 18:00:00,2024-12-20 18:00:00,DEV_009,90,25,76
DEV_009_2024-12-20 20:00:00,2024-12-20 20:00:00,DEV_009,23,52,26
DEV_009_2024-12-20 22:00:00,2024-12-20 22:00:00,DEV_009,74,34,11
DEV_009_2024-12-21 00:00:00,2024-12-21 00:00:00,DEV_009,23,88,81
DEV_009_2024-12-21 02:00:00,2024-12-21 02:00:00,DEV_009,29,77,64
DEV_009_2024-12-21 04:00:00,2024-12-21 04:00:00,DEV_009,41,91,71
DEV_009_2024-12-21 06:00:00,2024-12-21 06:00:00,DEV_009,63,92,53
DEV_009_2024-12-21 08:00:00,2024-12-21 08:00:00,DEV_009,6,53,31
DEV_009_2024-12-21 10:00:00,2024-12-21 10:00:00,DEV_009,41,31,59
DEV_009_2024-12-21 12:00:00,2024-12-21 12:00:00,DEV_009,58,11,72
DEV_009_2024-12-21 14:00:00,2024-12-21 14:00:00,DEV_009,13,71,53
DEV_009_2024-12-21 16:00:00,2024-12-21 16:00:00,DEV_009,96,56,35
DEV_009_2024-12-21 18:00:00,2024-12-21 18:00:00,DEV_009,76,26,81
DEV_009_2024-12-21 20:00:00,2024-12-21 20:00:00,DEV_009,18,46,34
DEV_009_2024-12-21 22:00:00,2024-12-21 22:00:00,DEV_009,18,37,98
DEV_009_2024-12-22 00:00:00,2024-12-22 00:00:00,DEV_009,69,25,91
DEV_009_2024-12-22 02:00:00,2024-12-22 02:00:00,DEV_009,83,45,98
DEV_009_2024-12-22 04:00:00,2024-12-22 04:00:00,DEV_009,47,54,85
DEV_009_2024-12-22 06:00:00,2024-12-22 06:00:00,DEV_009,57,53,22
DEV_009_2024-12-22 08:00:00,2024-12-22 08:00:00,DEV_009,82,9,32
DEV_009_2024-12-22 10:00:00,2024-12-22 10:00:00,DEV_009,52,95,62
DEV_009_2024-12-22 12:00:00,2024-12-22 12:00:00,DEV_009,82,47,76
DEV_009_2024-12-22 14:00:00,2024-12-22 14:00:00,DEV_009,74,48,52
DEV_009_2024-12-22 16:00:00,2024-12-22 16:00:00,DEV_009,55,68,76
DEV_009_2024-12-22 18:00:00,2024-12-22 18:00:00,DEV_009,62,98,42
DEV_009_2024-12-22 20:00:00,2024-12-22 20:00:00,DEV_009,39,70,4
DEV_009_2024-12-22 22:00:00,2024-12-22 22:00:00,DEV_009,34,45,21
DEV_009_2024-12-23 00:00:00,2024-12-23 00:00:00,DEV_009,27,69,59
DEV_009_2024-12-23 02:00:00,2024-12-23 02:00:00,DEV_009,8,18,75
DEV_009_2024-12-23 04:00:00,2024-12-23 04:00:00,DEV_009,70,96,32
DEV_009_2024-12-23 06:00:00,2024-12-23 06:00:00,DEV_009,65,29,43
DEV_009_2024-12-23 08:00:00,2024-12-23 08:00:00,DEV_009,87,22,75
DEV_009_2024-12-23 10:00:00,2024-12-23 10:00:00,DEV_009,21,12,74
DEV_009_2024-12-23 12:00:00,2024-12-23 12:00:00,DEV_009,95,47,95
DEV_009_2024-12-23 14:00:00,2024-12-23 14:00:00,DEV_009,68,78,62
DEV_009_2024-12-23 16:00:00,2024-12-23 16:00:00,DEV_009,56,27,41
DEV_009_2024-12-23 18:00:00,2024-12-23 18:00:00,DEV_009,60,51,57
DEV_009_2024-12-23 20:00:00,2024-12-23 20:00:00,DEV_009,50,65,72
DEV_009_2024-12-23 22:00:00,2024-12-23 22:00:00,DEV_009,73,12,46
DEV_009_2024-12-24 00:00:00,2024-12-24 00:00:00,DEV_009,87,3,94
DEV_009_2024-12-24 02:00:00,2024-12-24 02:00:00,DEV_009,81,57,28
DEV_009_2024-12-24 04:00:00,2024-12-24 04:00:00,DEV_009,10,2,17
DEV_009_2024-12-24 06:00:00,2024-12-24 06:00:00,DEV_009,41,83,57
DEV_009_2024-12-24 08:00:00,2024-12-24 08:00:00,DEV_009,28,12,94
DEV_009_2024-12-24 10:00:00,2024-12-24 10:00:00,DEV_009,94,82,4
DEV_009_2024-12-24 12:00:00,2024-12-24 12:00:00,DEV_009,88,21,45
DEV_009_2024-12-24 14:00:00,2024-12-24 14:00:00,DEV_009,36,6,32
DEV_009_2024-12-24 16:00:00,2024-12-24 16:00:00,DEV_009,29,20,31
DEV_009_2024-12-24 18:00:00,2024-12-24 18:00:00,DEV_009,92,59,55
DEV_009_2024-12-24 20:00:00,2024-12-24 20:00:00,DEV_009,38,29,15
DEV_009_2024-12-24 22:00:00,2024-12-24 22:00:00,DEV_009,8,6,69
DEV_009_2024-12-25 00:00:00,2024-12-25 00:00:00,DEV_009,85,84,76
DEV_009_2024-12-25 02:00:00,2024-12-25 02:00:00,DEV_009,49,16,80
DEV_009_2024-12-25 04:00:00,2024-12-25 04:00:00,DEV_009,35,76,84
DEV_009_2024-12-25 06:00:00,2024-12-25 06:00:00,DEV_009,82,21,4
DEV_009_2024-12-25 08:00:00,2024-12-25 08:00:00,DEV_009,64,29,33
DEV_009_2024-12-25 10:00:00,2024-12-25 10:00:00,DEV_009,49,19,73
DEV_009_2024-12-25 12:00:00,2024-12-25 12:00:00,DEV_009,51,51,83
DEV_009_2024-12-25 14:00:00,2024-12-25 14:00:00,DEV_009,20,67,66
DEV_009_2024-12-25 16:00:00,2024-12-25 16:00:00,DEV_009,60,70,40
DEV_009_2024-12-25 18:00:00,2024-12-25 18:00:00,DEV_009,15,78,58
DEV_009_2024-12-25 20:00:00,2024-12-25 20:00:00,DEV_009,16,82,36
DEV_009_2024-12-25 22:00:00,2024-12-25 22:00:00,DEV_009,18,64,10
DEV_009_2024-12-26 00:00:00,2024-12-26 00:00:00,DEV_009,31,56,70
DEV_009_2024-12-26 02:00:00,2024-12-26 02:00:00,DEV_009,83,82,23
DEV_009_2024-12-26 04:00:00,2024-12-26 04:00:00,DEV_009,19,69,27
DEV_009_2024-12-26 06:00:00,2024-12-26 06:00:00,DEV_009,8,70,71
DEV_009_2024-12-26 08:00:00,2024-12-26 08:00:00,DEV_009,25,67,56
DEV_009_2024-12-26 10:00:00,2024-12-26 10:00:00,DEV_009,33,67,55
DEV_009_2024-12-26 12:00:00,2024-12-26 12:00:00,DEV_009,62,52,85
DEV_009_2024-12-26 14:00:00,2024-12-26 14:00:00,DEV_009,40,90,99
DEV_009_2024-12-26 16:00:00,2024-12-26 16:00:00,DEV_009,27,40,19
DEV_009_2024-12-26 18:00:00,2024-12-26 18:00:00,DEV_009,20,73,76
DEV_009_2024-12-26 20:00:00,2024-12-26 20:00:00,DEV_009,54,16,19
DEV_009_2024-12-26 22:00:00,2024-12-26 22:00:00,DEV_009,70,65,31
DEV_009_2024-12-27 00:00:00,2024-12-27 00:00:00,DEV_009,98,70,61
DEV_009_2024-12-27 02:00:00,2024-12-27 02:00:00,DEV_009,94,91,44
DEV_009_2024-12-27 04:00:00,2024-12-27 04:00:00,DEV_009,85,94,20
DEV_009_2024-12-27 06:00:00,2024-12-27 06:00:00,DEV_009,81,14,1
DEV_009_2024-12-27 08:00:00,2024-12-27 08:00:00,DEV_009,21,92,75
DEV_009_2024-12-27 10:00:00,2024-12-27 10:00:00,DEV_009,34,17,57
DEV_009_2024-12-27 12:00:00,2024-12-27 12:00:00,DEV_009,90,52,83
DEV_009_2024-12-27 14:00:00,2024-12-27 14:00:00,DEV_009,11,87,84
DEV_009_2024-12-27 16:00:00,2024-12-27 16:00:00,DEV_009,36,99,7
DEV_009_2024-12-27 18:00:00,2024-12-27 18:00:00,DEV_009,3,8,20
DEV_009_2024-12-27 20:00:00,2024-12-27 20:00:00,DEV_009,78,49,15
DEV_009_2024-12-27 22:00:00,2024-12-27 22:00:00,DEV_009,33,95,39
DEV_009_2024-12-28 00:00:00,2024-12-28 00:00:00,DEV_009,17,18,11
DEV_009_2024-12-28 02:00:00,2024-12-28 02:00:00,DEV_009,40,55,48
DEV_009_2024-12-28 04:00:00,2024-12-28 04:00:00,DEV_009,79,30,66
DEV_009_2024-12-28 06:00:00,2024-12-28 06:00:00,DEV_009,84,91,36
DEV_009_2024-12-28 08:00:00,2024-12-28 08:00:00,DEV_009,59,51,28
DEV_009_2024-12-28 10:00:00,2024-12-28 10:00:00,DEV_009,65,94,90
DEV_009_2024-12-28 12:00:00,2024-12-28 12:00:00,DEV_009,93,76,50
DEV_009_2024-12-28 14:00:00,2024-12-28 14:00:00,DEV_009,18,80,65
DEV_009_2024-12-28 16:00:00,2024-12-28 16:00:00,DEV_009,39,45,40
DEV_009_2024-12-28 18:00:00,2024-12-28 18:00:00,DEV_009,95,98,25
DEV_009_2024-12-28 20:00:00,2024-12-28 20:00:00,DEV_009,31,74,8
DEV_009_2024-12-28 22:00:00,2024-12-28 22:00:00,DEV_009,72,81,63
DEV_009_2024-12-29 00:00:00,2024-12-29 00:00:00,DEV_009,49,92,38
DEV_009_2024-12-29 02:00:00,2024-12-29 02:00:00,DEV_009,67,40,99
DEV_009_2024-12-29 04:00:00,2024-12-29 04:00:00,DEV_009,73,97,63
DEV_009_2024-12-29 06:00:00,2024-12-29 06:00:00,DEV_009,66,96,85
DEV_009_2024-12-29 08:00:00,2024-12-29 08:00:00,DEV_009,89,30,36
DEV_009_2024-12-29 10:00:00,2024-12-29 10:00:00,DEV_009,84,71,41
DEV_009_2024-12-29 12:00:00,2024-12-29 12:00:00,DEV_009,41,17,62
DEV_009_2024-12-29 14:00:00,2024-12-29 14:00:00,DEV_009,28,66,55
DEV_009_2024-12-29 16:00:00,2024-12-29 16:00:00,DEV_009,83,9,59
DEV_009_2024-12-29 18:00:00,2024-12-29 18:00:00,DEV_009,21,48,37
DEV_009_2024-12-29 20:00:00,2024-12-29 20:00:00,DEV_009,29,21,15
DEV_009_2024-12-29 22:00:00,2024-12-29 22:00:00,DEV_009,20,12,10
DEV_010_2024-09-01 00:00:00,2024-09-01 00:00:00,DEV_010,93,47,39
DEV_010_2024-09-01 03:00:00,2024-09-01 03:00:00,DEV_010,17,20,96
DEV_010_2024-09-01 06:00:00,2024-09-01 06:00:00,DEV_010,88,30,16
DEV_010_2024-09-01 09:00:00,2024-09-01 09:00:00,DEV_010,20,11,97
DEV_010_2024-09-01 12:00:00,2024-09-01 12:00:00,DEV_010,45,56,34
DEV_010_2024-09-01 15:00:00,2024-09-01 15:00:00,DEV_010,32,2,81
DEV_010_2024-09-01 18:00:00,2024-09-01 18:00:00,DEV_010,64,70,93
DEV_010_2024-09-01 21:00:00,2024-09-01 21:00:00,DEV_010,43,75,31
DEV_010_2024-09-02 00:00:00,2024-09-02 00:00:00,DEV_010,97,40,51
DEV_010_2024-09-02 03:00:00,2024-09-02 03:00:00,DEV_010,33,69,66
DEV_010_2024-09-02 06:00:00,2024-09-02 06:00:00,DEV_010,89,2,61
DEV_010_2024-09-02 09:00:00,2024-09-02 09:00:00,DEV_010,11,7,96
DEV_010_2024-09-02 12:00:00,2024-09-02 12:00:00,DEV_010,1,57,71
DEV_010_2024-09-02 15:00:00,2024-09-02 15:00:00,DEV_010,71,14,29
DEV_010_2024-09-02 18:00:00,2024-09-02 18:00:00,DEV_010,43,16,1
DEV_010_2024-09-02 21:00:00,2024-09-02 21:00:00,DEV_010,29,34,97
DEV_010_2024-09-03 00:00:00,2024-09-03 00:00:00,DEV_010,19,22,88
DEV_010_2024-09-03 03:00:00,2024-09-03 03:00:00,DEV_010,75,9,77
DEV_010_2024-09-03 06:00:00,2024-09-03 06:00:00,DEV_010,31,60,51
DEV_010_2024-09-03 09:00:00,2024-09-03 09:00:00,DEV_010,47,1,95
DEV_010_2024-09-03 12:00:00,2024-09-03 12:00:00,DEV_010,32,82,50
DEV_010_2024-09-03 15:00:00,2024-09-03 15:00:00,DEV_010,27,77,50
DEV_010_2024-09-03 18:00:00,2024-09-03 18:00:00,DEV_010,45,52,61
DEV_010_2024-09-03 21:00:00,2024-09-03 21:00:00,DEV_010,38,90,25
DEV_010_2024-09-04 00:00:00,2024-09-04 00:00:00,DEV_010,72,96,76
DEV_010_2024-09-04 03:00:00,2024-09-04 03:00:00,DEV_010,99,79,82
DEV_010_2024-09-04 06:00:00,2024-09-04 06:00:00,DEV_010,15,2,8
DEV_010_2024-09-04 09:00:00,2024-09-04 09:00:00,DEV_010,72,81,50
DEV_010_2024-09-04 12:00:00,2024-09-04 12:00:00,DEV_010,20,68,83
DEV_010_2024-09-04 15:00:00,2024-09-04 15:00:00,DEV_010,70,82,49
DEV_010_2024-09-04 18:00:00,2024-09-04 18:00:00,DEV_010,85,91,12
DEV_010_2024-09-04 21:00:00,2024-09-04 21:00:00,DEV_010,5,15,83
DEV_010_2024-09-05 00:00:00,2024-09-05 00:00:00,DEV_010,67,35,71
DEV_010_2024-09-05 03:00:00,2024-09-05 03:00:00,DEV_010,78,91,15
DEV_010_2024-09-05 06:00:00,2024-09-05 06:00:00,DEV_010,54,78,33
DEV_010_2024-09-05 09:00:00,2024-09-05 09:00:00,DEV_010,94,62,24
DEV_010_2024-09-05 12:00:00,2024-09-05 12:00:00,DEV_010,8,74,98
DEV_010_2024-09-05 15:00:00,2024-09-05 15:00:00,DEV_010,26,77,50
DEV_010_2024-09-05 18:00:00,2024-09-05 18:00:00,DEV_010,99,68,95
DEV_010_2024-09-05 21:00:00,2024-09-05 21:00:00,DEV_010,70,36,7
DEV_010_2024-09-06 00:00:00,2024-09-06 00:00:00,DEV_010,5,98,97
DEV_010_2024-09-06 03:00:00,2024-09-06 03:00:00,DEV_010,12,89,99
DEV_010_2024-09-06 06:00:00,2024-09-06 06:00:00,DEV_010,53,45,33
DEV_010_2024-09-06 09:00:00,2024-09-06 09:00:00,DEV_010,9,43,36
DEV_010_2024-09-06 12:00:00,2024-09-06 12:00:00,DEV_010,37,39,92
DEV_010_2024-09-06 15:00:00,2024-09-06 15:00:00,DEV_010,24,23,67
DEV_010_2024-09-06 18:00:00,2024-09-06 18:00:00,DEV_010,8,48,24
DEV_010_2024-09-06 21:00:00,2024-09-06 21:00:00,DEV_010,6,7,20
DEV_010_2024-09-07 00:00:00,2024-09-07 00:00:00,DEV_010,55,52,60
DEV_010_2024-09-07 03:00:00,2024-09-07 03:00:00,DEV_010,91,33,2
DEV_010_2024-09-07 06:00:00,2024-09-07 06:00:00,DEV_010,25,67,10
DEV_010_2024-09-07 09:00:00,2024-09-07 09:00:00,DEV_010,36,78,34
DEV_010_2024-09-07 12:00:00,2024-09-07 12:00:00,DEV_010,30,94,12
DEV_010_2024-09-07 15:00:00,2024-09-07 15:00:00,DEV_010,10,58,74
DEV_010_2024-09-07 18:00:00,2024-09-07 18:00:00,DEV_010,42,66,45
DEV_010_2024-09-07 21:00:00,2024-09-07 21:00:00,DEV_010,87,73,26
DEV_010_2024-09-08 00:00:00,2024-09-08 00:00:00,DEV_010,34,18,18
DEV_010_2024-09-08 03:00:00,2024-09-08 03:00:00,DEV_010,25,67,80
DEV_010_2024-09-08 06:00:00,2024-09-08 06:00:00,DEV_010,16,29,44
DEV_010_2024-09-08 09:00:00,2024-09-08 09:00:00,DEV_010,62,51,16
DEV_010_2024-09-08 12:00:00,2024-09-08 12:00:00,DEV_010,87,51,41
DEV_010_2024-09-08 15:00:00,2024-09-08 15:00:00,DEV_010,35,43,82
DEV_010_2024-09-08 18:00:00,2024-09-08 18:00:00,DEV_010,39,88,14
DEV_010_2024-09-08 21:00:00,2024-09-08 21:00:00,DEV_010,30,16,80
DEV_010_2024-09-09 00:00:00,2024-09-09 00:00:00,DEV_010,89,35,3
DEV_010_2024-09-09 03:00:00,2024-09-09 03:00:00,DEV_010,2,45,9
DEV_010_2024-09-09 06:00:00,2024-09-09 06:00:00,DEV_010,91,49,20
DEV_010_2024-09-09 09:00:00,2024-09-09 09:00:00,DEV_010,45,96,49
DEV_010_2024-09-09 12:00:00,2024-09-09 12:00:00,DEV_010,64,14,11
DEV_010_2024-09-09 15:00:00,2024-09-09 15:00:00,DEV_010,76,49,49
DEV_010_2024-09-09 18:00:00,2024-09-09 18:00:00,DEV_010,89,54,1
DEV_010_2024-09-09 21:00:00,2024-09-09 21:00:00,DEV_010,92,11,39
DEV_010_2024-09-10 00:00:00,2024-09-10 00:00:00,DEV_010,6,93,53
DEV_010_2024-09-10 03:00:00,2024-09-10 03:00:00,DEV_010,28,90,92
DEV_010_2024-09-10 06:00:00,2024-09-10 06:00:00,DEV_010,13,73,7
DEV_010_2024-09-10 09:00:00,2024-09-10 09:00:00,DEV_010,44,84,65
DEV_010_2024-09-10 12:00:00,2024-09-10 12:00:00,DEV_010,11,42,40
DEV_010_2024-09-10 15:00:00,2024-09-10 15:00:00,DEV_010,50,35,1
DEV_010_2024-09-10 18:00:00,2024-09-10 18:00:00,DEV_010,56,67,48
DEV_010_2024-09-10 21:00:00,2024-09-10 21:00:00,DEV_010,9,30,21
DEV_010_2024-09-11 00:00:00,2024-09-11 00:00:00,DEV_010,16,46,11
DEV_010_2024-09-11 03:00:00,2024-09-11 03:00:00,DEV_010,28,85,45
DEV_010_2024-09-11 06:00:00,2024-09-11 06:00:00,DEV_010,55,48,45
DEV_010_2024-09-11 09:00:00,2024-09-11 09:00:00,DEV_010,75,25,33
DEV_010_2024-09-11 12:00:00,2024-09-11 12:00:00,DEV_010,24,55,37
DEV_010_2024-09-11 15:00:00,2024-09-11 15:00:00,DEV_010,12,14,93
DEV_010_2024-09-11 18:00:00,2024-09-11 18:00:00,DEV_010,44,68,40
DEV_010_2024-09-11 21:00:00,2024-09-11 21:00:00,DEV_010,67,31,93
DEV_010_2024-09-12 00:00:00,2024-09-12 00:00:00,DEV_010,98,43,69
DEV_010_2024-09-12 03:00:00,2024-09-12 03:00:00,DEV_010,74,46,22
DEV_010_2024-09-12 06:00:00,2024-09-12 06:00:00,DEV_010,54,38,61
DEV_010_2024-09-12 09:00:00,2024-09-12 09:00:00,DEV_010,38,48,36
DEV_010_2024-09-12 12:00:00,2024-09-12 12:00:00,DEV_010,21,66,13
DEV_010_2024-09-12 15:00:00,2024-09-12 15:00:00,DEV_010,5,31,66
DEV_010_2024-09-12 18:00:00,2024-09-12 18:00:00,DEV_010,72,23,34
DEV_010_2024-09-12 21:00:00,2024-09-12 21:00:00,DEV_010,84,96,77
DEV_010_2024-09-13 00:00:00,2024-09-13 00:00:00,DEV_010,8,89,79
DEV_010_2024-09-13 03:00:00,2024-09-13 03:00:00,DEV_010,75,84,99
DEV_010_2024-09-13 06:00:00,2024-09-13 06:00:00,DEV_010,21,61,96
DEV_010_2024-09-13 09:00:00,2024-09-13 09:00:00,DEV_010,92,17,80
DEV_010_2024-09-13 12:00:00,2024-09-13 12:00:00,DEV_010,12,49,70
DEV_010_2024-09-13 15:00:00,2024-09-13 15:00:00,DEV_010,52,34,91
DEV_010_2024-09-13 18:00:00,2024-09-13 18:00:00,DEV_010,9,60,68
DEV_010_2024-09-13 21:00:00,2024-09-13 21:00:00,DEV_010,63,11,68
DEV_010_2024-09-14 00:00:00,2024-09-14 00:00:00,DEV_010,84,15,80
DEV_010_2024-09-14 03:00:00,2024-09-14 03:00:00,DEV_010,33,27,35
DEV_010_2024-09-14 06:00:00,2024-09-14 06:00:00,DEV_010,91,44,34
DEV_010_2024-09-14 09:00:00,2024-09-14 09:00:00,DEV_010,1,69,84
DEV_010_2024-09-14 12:00:00,2024-09-14 12:00:00,DEV_010,32,78,13
DEV_010_2024-09-14 15:00:00,2024-09-14 15:00:00,DEV_010,96,88,53
DEV_010_2024-09-14 18:00:00,2024-09-14 18:00:00,DEV_010,37,4,53
DEV_010_2024-09-14 21:00:00,2024-09-14 21:00:00,DEV_010,37,92,67
DEV_010_2024-09-15 00:00:00,2024-09-15 00:00:00,DEV_010,60,13,80
DEV_010_2024-09-15 03:00:00,2024-09-15 03:00:00,DEV_010,92,68,68
DEV_010_2024-09-15 06:00:00,2024-09-15 06:00:00,DEV_010,33,56,34
DEV_010_2024-09-15 09:00:00,2024-09-15 09:00:00,DEV_010,27,15,42
DEV_010_2024-09-15 12:00:00,2024-09-15 12:00:00,DEV_010,38,81,96
DEV_010_2024-09-15 15:00:00,2024-09-15 15:00:00,DEV_010,59,11,90
DEV_010_2024-09-15 18:00:00,2024-09-15 18:00:00,DEV_010,98,96,1
DEV_010_2024-09-15 21:00:00,2024-09-15 21:00:00,DEV_010,57,27,62
DEV_010_2024-09-16 00:00:00,2024-09-16 00:00:00,DEV_010,75,56,7
DEV_010_2024-09-16 03:00:00,2024-09-16 03:00:00,DEV_010,9,63,78
DEV_010_2024-09-16 06:00:00,2024-09-16 06:00:00,DEV_010,23,9,84
DEV_010_2024-09-16 09:00:00,2024-09-16 09:00:00,DEV_010,5,74,92
DEV_010_2024-09-16 12:00:00,2024-09-16 12:00:00,DEV_010,31,9,9
DEV_010_2024-09-16 15:00:00,2024-09-16 15:00:00,DEV_010,73,62,24
DEV_010_2024-09-16 18:00:00,2024-09-16 18:00:00,DEV_010,81,61,4
DEV_010_2024-09-16 21:00:00,2024-09-16 21:00:00,DEV_010,81,65,99
DEV_010_2024-09-17 00:00:00,2024-09-17 00:00:00,DEV_010,69,33,12
DEV_010_2024-09-17 03:00:00,2024-09-17 03:00:00,DEV_010,43,45,27
DEV_010_2024-09-17 06:00:00,2024-09-17 06:00:00,DEV_010,8,60,10
DEV_010_2024-09-17 09:00:00,2024-09-17 09:00:00,DEV_010,22,21,86
DEV_010_2024-09-17 12:00:00,2024-09-17 12:00:00,DEV_010,5,67,94
DEV_010_2024-09-17 15:00:00,2024-09-17 15:00:00,DEV_010,64,71,26
DEV_010_2024-09-17 18:00:00,2024-09-17 18:00:00,DEV_010,62,64,17
DEV_010_2024-09-17 21:00:00,2024-09-17 21:00:00,DEV_010,61,16,71
DEV_010_2024-09-18 00:00:00,2024-09-18 00:00:00,DEV_010,29,13,87
DEV_010_2024-09-18 03:00:00,2024-09-18 03:00:00,DEV_010,50,95,5
DEV_010_2024-09-18 06:00:00,2024-09-18 06:00:00,DEV_010,64,32,61
DEV_010_2024-09-18 09:00:00,2024-09-18 09:00:00,DEV_010,6,44,73
DEV_010_2024-09-18 12:00:00,2024-09-18 12:00:00,DEV_010,7,77,26
DEV_010_2024-09-18 15:00:00,2024-09-18 15:00:00,DEV_010,64,74,65
DEV_010_2024-09-18 18:00:00,2024-09-18 18:00:00,DEV_010,7,23,10
DEV_010_2024-09-18 21:00:00,2024-09-18 21:00:00,DEV_010,3,73,73
DEV_010_2024-09-19 00:00:00,2024-09-19 00:00:00,DEV_010,47,51,9
DEV_010_2024-09-19 03:00:00,2024-09-19 03:00:00,DEV_010,73,85,75
DEV_010_2024-09-19 06:00:00,2024-09-19 06:00:00,DEV_010,13,54,21
DEV_010_2024-09-19 09:00:00,2024-09-19 09:00:00,DEV_010,89,34,31
DEV_010_2024-09-19 12:00:00,2024-09-19 12:00:00,DEV_010,25,72,86
DEV_010_2024-09-19 15:00:00,2024-09-19 15:00:00,DEV_010,87,88,35
DEV_010_2024-09-19 18:00:00,2024-09-19 18:00:00,DEV_010,78,8,71
DEV_010_2024-09-19 21:00:00,2024-09-19 21:00:00,DEV_010,57,44,6
DEV_010_2024-09-20 00:00:00,2024-09-20 00:00:00,DEV_010,49,93,69
DEV_010_2024-09-20 03:00:00,2024-09-20 03:00:00,DEV_010,84,27,88
DEV_010_2024-09-20 06:00:00,2024-09-20 06:00:00,DEV_010,19,10,25
DEV_010_2024-09-20 09:00:00,2024-09-20 09:00:00,DEV_010,23,46,53
DEV_010_2024-09-20 12:00:00,2024-09-20 12:00:00,DEV_010,76,50,85
DEV_010_2024-09-20 15:00:00,2024-09-20 15:00:00,DEV_010,9,17,75
DEV_010_2024-09-20 18:00:00,2024-09-20 18:00:00,DEV_010,78,76,64
DEV_010_2024-09-20 21:00:00,2024-09-20 21:00:00,DEV_010,57,40,12
DEV_010_2024-09-21 00:00:00,2024-09-21 00:00:00,DEV_010,78,44,93
DEV_010_2024-09-21 03:00:00,2024-09-21 03:00:00,DEV_010,77,81,52
DEV_010_2024-09-21 06:00:00,2024-09-21 06:00:00,DEV_010,93,93,84
DEV_010_2024-09-21 09:00:00,2024-09-21 09:00:00,DEV_010,81,40,33
DEV_010_2024-09-21 12:00:00,2024-09-21 12:00:00,DEV_010,98,83,87
DEV_010_2024-09-21 15:00:00,2024-09-21 15:00:00,DEV_010,45,41,51
DEV_010_2024-09-21 18:00:00,2024-09-21 18:00:00,DEV_010,11,84,81
DEV_010_2024-09-21 21:00:00,2024-09-21 21:00:00,DEV_010,57,13,34
DEV_010_2024-09-22 00:00:00,2024-09-22 00:00:00,DEV_010,60,61,13
DEV_010_2024-09-22 03:00:00,2024-09-22 03:00:00,DEV_010,81,34,56
DEV_010_2024-09-22 06:00:00,2024-09-22 06:00:00,DEV_010,91,5,92
DEV_010_2024-09-22 09:00:00,2024-09-22 09:00:00,DEV_010,76,25,73
DEV_010_2024-09-22 12:00:00,2024-09-22 12:00:00,DEV_010,52,86,6
DEV_010_2024-09-22 15:00:00,2024-09-22 15:00:00,DEV_010,5,96,90
DEV_010_2024-09-22 18:00:00,2024-09-22 18:00:00,DEV_010,58,89,42
DEV_010_2024-09-22 21:00:00,2024-09-22 21:00:00,DEV_010,88,61,34
DEV_010_2024-09-23 00:00:00,2024-09-23 00:00:00,DEV_010,50,16,19
DEV_010_2024-09-23 03:00:00,2024-09-23 03:00:00,DEV_010,19,58,2
DEV_010_2024-09-23 06:00:00,2024-09-23 06:00:00,DEV_010,11,67,7
DEV_010_2024-09-23 09:00:00,2024-09-23 09:00:00,DEV_010,56,76,20
DEV_010_2024-09-23 12:00:00,2024-09-23 12:00:00,DEV_010,80,31,63
DEV_010_2024-09-23 15:00:00,2024-09-23 15:00:00,DEV_010,62,27,19
DEV_010_2024-09-23 18:00:00,2024-09-23 18:00:00,DEV_010,20,85,53
DEV_010_2024-09-23 21:00:00,2024-09-23 21:00:00,DEV_010,17,86,78
DEV_010_2024-09-24 00:00:00,2024-09-24 00:00:00,DEV_010,97,74,44
DEV_010_2024-09-24 03:00:00,2024-09-24 03:00:00,DEV_010,84,42,60
DEV_010_2024-09-24 06:00:00,2024-09-24 06:00:00,DEV_010,90,13,89
DEV_010_2024-09-24 09:00:00,2024-09-24 09:00:00,DEV_010,2,28,23
DEV_010_2024-09-24 12:00:00,2024-09-24 12:00:00,DEV_010,23,66,19
DEV_010_2024-09-24 15:00:00,2024-09-24 15:00:00,DEV_010,36,95,85
DEV_010_2024-09-24 18:00:00,2024-09-24 18:00:00,DEV_010,6,33,89
DEV_010_2024-09-24 21:00:00,2024-09-24 21:00:00,DEV_010,9,87,46
DEV_010_2024-09-25 00:00:00,2024-09-25 00:00:00,DEV_010,39,92,56
DEV_010_2024-09-25 03:00:00,2024-09-25 03:00:00,DEV_010,62,92,27
DEV_010_2024-09-25 06:00:00,2024-09-25 06:00:00,DEV_010,64,54,41
DEV_010_2024-09-25 09:00:00,2024-09-25 09:00:00,DEV_010,14,35,46
DEV_010_2024-09-25 12:00:00,2024-09-25 12:00:00,DEV_010,23,96,42
DEV_010_2024-09-25 15:00:00,2024-09-25 15:00:00,DEV_010,75,6,72
DEV_010_2024-09-25 18:00:00,2024-09-25 18:00:00,DEV_010,29,77,9
DEV_010_2024-09-25 21:00:00,2024-09-25 21:00:00,DEV_010,35,12,22
DEV_010_2024-09-26 00:00:00,2024-09-26 00:00:00,DEV_010,56,11,79
DEV_010_2024-09-26 03:00:00,2024-09-26 03:00:00,DEV_010,79,84,47
DEV_010_2024-09-26 06:00:00,2024-09-26 06:00:00,DEV_010,26,27,37
DEV_010_2024-09-26 09:00:00,2024-09-26 09:00:00,DEV_010,32,71,97
DEV_010_2024-09-26 12:00:00,2024-09-26 12:00:00,DEV_010,78,92,79
DEV_010_2024-09-26 15:00:00,2024-09-26 15:00:00,DEV_010,91,12,40
DEV_010_2024-09-26 18:00:00,2024-09-26 18:00:00,DEV_010,13,35,66
DEV_010_2024-09-26 21:00:00,2024-09-26 21:00:00,DEV_010,43,60,12
DEV_010_2024-09-27 00:00:00,2024-09-27 00:00:00,DEV_010,44,54,14
DEV_010_2024-09-27 03:00:00,2024-09-27 03:00:00,DEV_010,66,27,77
DEV_010_2024-09-27 06:00:00,2024-09-27 06:00:00,DEV_010,32,33,47
DEV_010_2024-09-27 09:00:00,2024-09-27 09:00:00,DEV_010,12,63,47
DEV_010_2024-09-27 12:00:00,2024-09-27 12:00:00,DEV_010,93,96,52
DEV_010_2024-09-27 15:00:00,2024-09-27 15:00:00,DEV_010,92,79,35
DEV_010_2024-09-27 18:00:00,2024-09-27 18:00:00,DEV_010,29,22,87
DEV_010_2024-09-27 21:00:00,2024-09-27 21:00:00,DEV_010,48,42,60
DEV_010_2024-09-28 00:00:00,2024-09-28 00:00:00,DEV_010,96,27,94
DEV_010_2024-09-28 03:00:00,2024-09-28 03:00:00,DEV_010,85,18,35
DEV_010_2024-09-28 06:00:00,2024-09-28 06:00:00,DEV_010,56,36,64
DEV_010_2024-09-28 09:00:00,2024-09-28 09:00:00,DEV_010,89,77,10
DEV_010_2024-09-28 12:00:00,2024-09-28 12:00:00,DEV_010,12,22,5
DEV_010_2024-09-28 15:00:00,2024-09-28 15:00:00,DEV_010,12,8,15
DEV_010_2024-09-28 18:00:00,2024-09-28 18:00:00,DEV_010,76,11,69
DEV_010_2024-09-28 21:00:00,2024-09-28 21:00:00,DEV_010,37,47,8
DEV_010_2024-09-29 00:00:00,2024-09-29 00:00:00,DEV_010,79,28,42
DEV_010_2024-09-29 03:00:00,2024-09-29 03:00:00,DEV_010,9,26,50
DEV_010_2024-09-29 06:00:00,2024-09-29 06:00:00,DEV_010,17,33,17
DEV_010_2024-09-29 09:00:00,2024-09-29 09:00:00,DEV_010,87,66,25
DEV_010_2024-09-29 12:00:00,2024-09-29 12:00:00,DEV_010,18,75,15
DEV_010_2024-09-29 15:00:00,2024-09-29 15:00:00,DEV_010,62,30,68
DEV_010_2024-09-29 18:00:00,2024-09-29 18:00:00,DEV_010,95,33,63
DEV_010_2024-09-29 21:00:00,2024-09-29 21:00:00,DEV_010,82,29,14
DEV_010_2024-09-30 00:00:00,2024-09-30 00:00:00,DEV_010,46,84,84
DEV_010_2024-09-30 03:00:00,2024-09-30 03:00:00,DEV_010,19,35,7
DEV_010_2024-09-30 06:00:00,2024-09-30 06:00:00,DEV_010,25,23,50
DEV_010_2024-09-30 09:00:00,2024-09-30 09:00:00,DEV_010,41,21,42
DEV_010_2024-09-30 12:00:00,2024-09-30 12:00:00,DEV_010,85,80,23
DEV_010_2024-09-30 15:00:00,2024-09-30 15:00:00,DEV_010,19,81,64
DEV_010_2024-09-30 18:00:00,2024-09-30 18:00:00,DEV_010,8,40,46
DEV_010_2024-09-30 21:00:00,2024-09-30 21:00:00,DEV_010,4,32,82
DEV_010_2024-10-01 00:00:00,2024-10-01 00:00:00,DEV_010,53,20,76
DEV_010_2024-10-01 03:00:00,2024-10-01 03:00:00,DEV_010,96,65,55
DEV_010_2024-10-01 06:00:00,2024-10-01 06:00:00,DEV_010,24,78,17
DEV_010_2024-10-01 09:00:00,2024-10-01 09:00:00,DEV_010,48,78,94
DEV_010_2024-10-01 12:00:00,2024-10-01 12:00:00,DEV_010,9,58,59
DEV_010_2024-10-01 15:00:00,2024-10-01 15:00:00,DEV_010,39,74,62
DEV_010_2024-10-01 18:00:00,2024-10-01 18:00:00,DEV_010,49,9,28
DEV_010_2024-10-01 21:00:00,2024-10-01 21:00:00,DEV_010,76,43,42
DEV_010_2024-10-02 00:00:00,2024-10-02 00:00:00,DEV_010,94,64,64
DEV_010_2024-10-02 03:00:00,2024-10-02 03:00:00,DEV_010,16,84,58
DEV_010_2024-10-02 06:00:00,2024-10-02 06:00:00,DEV_010,1,47,72
DEV_010_2024-10-02 09:00:00,2024-10-02 09:00:00,DEV_010,10,17,22
DEV_010_2024-10-02 12:00:00,2024-10-02 12:00:00,DEV_010,68,13,53
DEV_010_2024-10-02 15:00:00,2024-10-02 15:00:00,DEV_010,27,9,68
DEV_010_2024-10-02 18:00:00,2024-10-02 18:00:00,DEV_010,1,67,77
DEV_010_2024-10-02 21:00:00,2024-10-02 21:00:00,DEV_010,84,76,57
DEV_010_2024-10-03 00:00:00,2024-10-03 00:00:00,DEV_010,55,82,4
DEV_010_2024-10-03 03:00:00,2024-10-03 03:00:00,DEV_010,85,40,32
DEV_010_2024-10-03 06:00:00,2024-10-03 06:00:00,DEV_010,75,31,38
DEV_010_2024-10-03 09:00:00,2024-10-03 09:00:00,DEV_010,26,68,72
DEV_010_2024-10-03 12:00:00,2024-10-03 12:00:00,DEV_010,47,26,41
DEV_010_2024-10-03 15:00:00,2024-10-03 15:00:00,DEV_010,51,38,17
DEV_010_2024-10-03 18:00:00,2024-10-03 18:00:00,DEV_010,6,78,73
DEV_010_2024-10-03 21:00:00,2024-10-03 21:00:00,DEV_010,57,3,49
DEV_010_2024-10-04 00:00:00,2024-10-04 00:00:00,DEV_010,1,58,66
DEV_010_2024-10-04 03:00:00,2024-10-04 03:00:00,DEV_010,75,74,59
DEV_010_2024-10-04 06:00:00,2024-10-04 06:00:00,DEV_010,86,39,40
DEV_010_2024-10-04 09:00:00,2024-10-04 09:00:00,DEV_010,41,62,30
DEV_010_2024-10-04 12:00:00,2024-10-04 12:00:00,DEV_010,9,84,68
DEV_010_2024-10-04 15:00:00,2024-10-04 15:00:00,DEV_010,39,75,75
DEV_010_2024-10-04 18:00:00,2024-10-04 18:00:00,DEV_010,24,8,46
DEV_010_2024-10-04 21:00:00,2024-10-04 21:00:00,DEV_010,94,42,36
DEV_010_2024-10-05 00:00:00,2024-10-05 00:00:00,DEV_010,90,5,95
DEV_010_2024-10-05 03:00:00,2024-10-05 03:00:00,DEV_010,2,29,82
DEV_010_2024-10-05 06:00:00,2024-10-05 06:00:00,DEV_010,74,14,44
DEV_010_2024-10-05 09:00:00,2024-10-05 09:00:00,DEV_010,76,59,35
DEV_010_2024-10-05 12:00:00,2024-10-05 12:00:00,DEV_010,59,63,33
DEV_010_2024-10-05 15:00:00,2024-10-05 15:00:00,DEV_010,84,92,47
DEV_010_2024-10-05 18:00:00,2024-10-05 18:00:00,DEV_010,9,26,10
DEV_010_2024-10-05 21:00:00,2024-10-05 21:00:00,DEV_010,44,58,37
DEV_010_2024-10-06 00:00:00,2024-10-06 00:00:00,DEV_010,79,44,42
DEV_010_2024-10-06 03:00:00,2024-10-06 03:00:00,DEV_010,20,7,88
DEV_010_2024-10-06 06:00:00,2024-10-06 06:00:00,DEV_010,85,12,12
DEV_010_2024-10-06 09:00:00,2024-10-06 09:00:00,DEV_010,30,11,55
DEV_010_2024-10-06 12:00:00,2024-10-06 12:00:00,DEV_010,67,4,95
DEV_010_2024-10-06 15:00:00,2024-10-06 15:00:00,DEV_010,4,87,52
DEV_010_2024-10-06 18:00:00,2024-10-06 18:00:00,DEV_010,47,59,34
DEV_010_2024-10-06 21:00:00,2024-10-06 21:00:00,DEV_010,75,45,30
DEV_010_2024-10-07 00:00:00,2024-10-07 00:00:00,DEV_010,91,88,71
DEV_010_2024-10-07 03:00:00,2024-10-07 03:00:00,DEV_010,26,78,92
DEV_010_2024-10-07 06:00:00,2024-10-07 06:00:00,DEV_010,54,83,43
DEV_010_2024-10-07 09:00:00,2024-10-07 09:00:00,DEV_010,11,74,33
DEV_010_2024-10-07 12:00:00,2024-10-07 12:00:00,DEV_010,88,56,95
DEV_010_2024-10-07 15:00:00,2024-10-07 15:00:00,DEV_010,32,23,5
DEV_010_2024-10-07 18:00:00,2024-10-07 18:00:00,DEV_010,83,71,87
DEV_010_2024-10-07 21:00:00,2024-10-07 21:00:00,DEV_010,34,41,15
DEV_010_2024-10-08 00:00:00,2024-10-08 00:00:00,DEV_010,58,38,51
DEV_010_2024-10-08 03:00:00,2024-10-08 03:00:00,DEV_010,51,17,71
DEV_010_2024-10-08 06:00:00,2024-10-08 06:00:00,DEV_010,59,2,80
DEV_010_2024-10-08 09:00:00,2024-10-08 09:00:00,DEV_010,49,77,84
DEV_010_2024-10-08 12:00:00,2024-10-08 12:00:00,DEV_010,69,94,5
DEV_010_2024-10-08 15:00:00,2024-10-08 15:00:00,DEV_010,97,28,40
DEV_010_2024-10-08 18:00:00,2024-10-08 18:00:00,DEV_010,99,75,94
DEV_010_2024-10-08 21:00:00,2024-10-08 21:00:00,DEV_010,11,89,74
DEV_010_2024-10-09 00:00:00,2024-10-09 00:00:00,DEV_010,22,19,18
DEV_010_2024-10-09 03:00:00,2024-10-09 03:00:00,DEV_010,43,82,70
DEV_010_2024-10-09 06:00:00,2024-10-09 06:00:00,DEV_010,73,10,31
DEV_010_2024-10-09 09:00:00,2024-10-09 09:00:00,DEV_010,81,55,2
DEV_010_2024-10-09 12:00:00,2024-10-09 12:00:00,DEV_010,56,31,20
DEV_010_2024-10-09 15:00:00,2024-10-09 15:00:00,DEV_010,51,54,39
DEV_010_2024-10-09 18:00:00,2024-10-09 18:00:00,DEV_010,39,96,82
DEV_010_2024-10-09 21:00:00,2024-10-09 21:00:00,DEV_010,59,41,8
DEV_010_2024-10-10 00:00:00,2024-10-10 00:00:00,DEV_010,63,67,10
DEV_010_2024-10-10 03:00:00,2024-10-10 03:00:00,DEV_010,18,65,81
DEV_010_2024-10-10 06:00:00,2024-10-10 06:00:00,DEV_010,99,14,89
DEV_010_2024-10-10 09:00:00,2024-10-10 09:00:00,DEV_010,46,2,86
DEV_010_2024-10-10 12:00:00,2024-10-10 12:00:00,DEV_010,29,77,36
DEV_010_2024-10-10 15:00:00,2024-10-10 15:00:00,DEV_010,67,97,77
DEV_010_2024-10-10 18:00:00,2024-10-10 18:00:00,DEV_010,86,29,7
DEV_010_2024-10-10 21:00:00,2024-10-10 21:00:00,DEV_010,97,34,6
DEV_010_2024-10-11 00:00:00,2024-10-11 00:00:00,DEV_010,93,81,39
DEV_010_2024-10-11 03:00:00,2024-10-11 03:00:00,DEV_010,80,30,60
DEV_010_2024-10-11 06:00:00,2024-10-11 06:00:00,DEV_010,78,85,73
DEV_010_2024-10-11 09:00:00,2024-10-11 09:00:00,DEV_010,67,6,3
DEV_010_2024-10-11 12:00:00,2024-10-11 12:00:00,DEV_010,31,60,29
DEV_010_2024-10-11 15:00:00,2024-10-11 15:00:00,DEV_010,86,65,15
DEV_010_2024-10-11 18:00:00,2024-10-11 18:00:00,DEV_010,42,91,77
DEV_010_2024-10-11 21:00:00,2024-10-11 21:00:00,DEV_010,75,74,28
DEV_010_2024-10-12 00:00:00,2024-10-12 00:00:00,DEV_010,59,25,7
DEV_010_2024-10-12 03:00:00,2024-10-12 03:00:00,DEV_010,64,25,98
DEV_010_2024-10-12 06:00:00,2024-10-12 06:00:00,DEV_010,15,99,78
DEV_010_2024-10-12 09:00:00,2024-10-12 09:00:00,DEV_010,20,61,29
DEV_010_2024-10-12 12:00:00,2024-10-12 12:00:00,DEV_010,52,32,61
DEV_010_2024-10-12 15:00:00,2024-10-12 15:00:00,DEV_010,50,45,95
DEV_010_2024-10-12 18:00:00,2024-10-12 18:00:00,DEV_010,18,89,58
DEV_010_2024-10-12 21:00:00,2024-10-12 21:00:00,DEV_010,26,17,83
DEV_010_2024-10-13 00:00:00,2024-10-13 00:00:00,DEV_010,22,92,34
DEV_010_2024-10-13 03:00:00,2024-10-13 03:00:00,DEV_010,34,52,30
DEV_010_2024-10-13 06:00:00,2024-10-13 06:00:00,DEV_010,52,14,69
DEV_010_2024-10-13 09:00:00,2024-10-13 09:00:00,DEV_010,42,29,98
DEV_010_2024-10-13 12:00:00,2024-10-13 12:00:00,DEV_010,7,53,79
DEV_010_2024-10-13 15:00:00,2024-10-13 15:00:00,DEV_010,46,65,8
DEV_010_2024-10-13 18:00:00,2024-10-13 18:00:00,DEV_010,56,17,12
DEV_010_2024-10-13 21:00:00,2024-10-13 21:00:00,DEV_010,55,82,90
DEV_010_2024-10-14 00:00:00,2024-10-14 00:00:00,DEV_010,68,98,92
DEV_010_2024-10-14 03:00:00,2024-10-14 03:00:00,DEV_010,2,3,10
DEV_010_2024-10-14 06:00:00,2024-10-14 06:00:00,DEV_010,23,41,82
DEV_010_2024-10-14 09:00:00,2024-10-14 09:00:00,DEV_010,23,20,86
DEV_010_2024-10-14 12:00:00,2024-10-14 12:00:00,DEV_010,78,83,1
DEV_010_2024-10-14 15:00:00,2024-10-14 15:00:00,DEV_010,93,34,61
DEV_010_2024-10-14 18:00:00,2024-10-14 18:00:00,DEV_010,99,86,10
DEV_010_2024-10-14 21:00:00,2024-10-14 21:00:00,DEV_010,95,73,74
DEV_010_2024-10-15 00:00:00,2024-10-15 00:00:00,DEV_010,76,24,88
DEV_010_2024-10-15 03:00:00,2024-10-15 03:00:00,DEV_010,93,97,25
DEV_010_2024-10-15 06:00:00,2024-10-15 06:00:00,DEV_010,3,92,67
DEV_010_2024-10-15 09:00:00,2024-10-15 09:00:00,DEV_010,26,87,95
DEV_010_2024-10-15 12:00:00,2024-10-15 12:00:00,DEV_010,4,96,18
DEV_010_2024-10-15 15:00:00,2024-10-15 15:00:00,DEV_010,91,72,80
DEV_010_2024-10-15 18:00:00,2024-10-15 18:00:00,DEV_010,19,20,8
DEV_010_2024-10-15 21:00:00,2024-10-15 21:00:00,DEV_010,22,73,70
DEV_010_2024-10-16 00:00:00,2024-10-16 00:00:00,DEV_010,51,11,63
DEV_010_2024-10-16 03:00:00,2024-10-16 03:00:00,DEV_010,60,15,24
DEV_010_2024-10-16 06:00:00,2024-10-16 06:00:00,DEV_010,74,2,19
DEV_010_2024-10-16 09:00:00,2024-10-16 09:00:00,DEV_010,66,31,97
DEV_010_2024-10-16 12:00:00,2024-10-16 12:00:00,DEV_010,26,72,85
DEV_010_2024-10-16 15:00:00,2024-10-16 15:00:00,DEV_010,19,4,4
DEV_010_2024-10-16 18:00:00,2024-10-16 18:00:00,DEV_010,95,99,28
DEV_010_2024-10-16 21:00:00,2024-10-16 21:00:00,DEV_010,12,77,11
DEV_010_2024-10-17 00:00:00,2024-10-17 00:00:00,DEV_010,83,57,98
DEV_010_2024-10-17 03:00:00,2024-10-17 03:00:00,DEV_010,93,50,52
DEV_010_2024-10-17 06:00:00,2024-10-17 06:00:00,DEV_010,11,6,20
DEV_010_2024-10-17 09:00:00,2024-10-17 09:00:00,DEV_010,41,99,33
DEV_010_2024-10-17 12:00:00,2024-10-17 12:00:00,DEV_010,56,14,8
DEV_010_2024-10-17 15:00:00,2024-10-17 15:00:00,DEV_010,76,59,88
DEV_010_2024-10-17 18:00:00,2024-10-17 18:00:00,DEV_010,29,25,9
DEV_010_2024-10-17 21:00:00,2024-10-17 21:00:00,DEV_010,68,9,23
DEV_010_2024-10-18 00:00:00,2024-10-18 00:00:00,DEV_010,43,29,5
DEV_010_2024-10-18 03:00:00,2024-10-18 03:00:00,DEV_010,78,90,2
DEV_010_2024-10-18 06:00:00,2024-10-18 06:00:00,DEV_010,49,20,29
DEV_010_2024-10-18 09:00:00,2024-10-18 09:00:00,DEV_010,12,79,54
DEV_010_2024-10-18 12:00:00,2024-10-18 12:00:00,DEV_010,54,78,29
DEV_010_2024-10-18 15:00:00,2024-10-18 15:00:00,DEV_010,54,40,96
DEV_010_2024-10-18 18:00:00,2024-10-18 18:00:00,DEV_010,18,1,77
DEV_010_2024-10-18 21:00:00,2024-10-18 21:00:00,DEV_010,8,31,29
DEV_010_2024-10-19 00:00:00,2024-10-19 00:00:00,DEV_010,80,93,29
DEV_010_2024-10-19 03:00:00,2024-10-19 03:00:00,DEV_010,5,32,48
DEV_010_2024-10-19 06:00:00,2024-10-19 06:00:00,DEV_010,91,20,80
DEV_010_2024-10-19 09:00:00,2024-10-19 09:00:00,DEV_010,49,47,33
DEV_010_2024-10-19 12:00:00,2024-10-19 12:00:00,DEV_010,11,43,42
DEV_010_2024-10-19 15:00:00,2024-10-19 15:00:00,DEV_010,27,66,28
DEV_010_2024-10-19 18:00:00,2024-10-19 18:00:00,DEV_010,32,88,71
DEV_010_2024-10-19 21:00:00,2024-10-19 21:00:00,DEV_010,26,68,35
DEV_010_2024-10-20 00:00:00,2024-10-20 00:00:00,DEV_010,86,8,20
DEV_010_2024-10-20 03:00:00,2024-10-20 03:00:00,DEV_010,41,21,58
DEV_010_2024-10-20 06:00:00,2024-10-20 06:00:00,DEV_010,61,60,57
DEV_010_2024-10-20 09:00:00,2024-10-20 09:00:00,DEV_010,10,20,99
DEV_010_2024-10-20 12:00:00,2024-10-20 12:00:00,DEV_010,58,35,91
DEV_010_2024-10-20 15:00:00,2024-10-20 15:00:00,DEV_010,68,76,46
DEV_010_2024-10-20 18:00:00,2024-10-20 18:00:00,DEV_010,80,14,79
DEV_010_2024-10-20 21:00:00,2024-10-20 21:00:00,DEV_010,89,58,89
DEV_010_2024-10-21 00:00:00,2024-10-21 00:00:00,DEV_010,53,66,80
DEV_010_2024-10-21 03:00:00,2024-10-21 03:00:00,DEV_010,43,75,28
DEV_010_2024-10-21 06:00:00,2024-10-21 06:00:00,DEV_010,90,7,18
DEV_010_2024-10-21 09:00:00,2024-10-21 09:00:00,DEV_010,30,62,31
DEV_010_2024-10-21 12:00:00,2024-10-21 12:00:00,DEV_010,28,12,71
DEV_010_2024-10-21 15:00:00,2024-10-21 15:00:00,DEV_010,71,82,53
DEV_010_2024-10-21 18:00:00,2024-10-21 18:00:00,DEV_010,49,88,41
DEV_010_2024-10-21 21:00:00,2024-10-21 21:00:00,DEV_010,75,42,50
DEV_010_2024-10-22 00:00:00,2024-10-22 00:00:00,DEV_010,94,25,93
DEV_010_2024-10-22 03:00:00,2024-10-22 03:00:00,DEV_010,45,81,41
DEV_010_2024-10-22 06:00:00,2024-10-22 06:00:00,DEV_010,45,32,38
DEV_010_2024-10-22 09:00:00,2024-10-22 09:00:00,DEV_010,28,91,41
DEV_010_2024-10-22 12:00:00,2024-10-22 12:00:00,DEV_010,42,40,5
DEV_010_2024-10-22 15:00:00,2024-10-22 15:00:00,DEV_010,12,36,41
DEV_010_2024-10-22 18:00:00,2024-10-22 18:00:00,DEV_010,29,15,43
DEV_010_2024-10-22 21:00:00,2024-10-22 21:00:00,DEV_010,71,66,46
DEV_010_2024-10-23 00:00:00,2024-10-23 00:00:00,DEV_010,39,96,60
DEV_010_2024-10-23 03:00:00,2024-10-23 03:00:00,DEV_010,54,2,7
DEV_010_2024-10-23 06:00:00,2024-10-23 06:00:00,DEV_010,6,98,8
DEV_010_2024-10-23 09:00:00,2024-10-23 09:00:00,DEV_010,83,94,50
DEV_010_2024-10-23 12:00:00,2024-10-23 12:00:00,DEV_010,81,31,22
DEV_010_2024-10-23 15:00:00,2024-10-23 15:00:00,DEV_010,56,5,32
DEV_010_2024-10-23 18:00:00,2024-10-23 18:00:00,DEV_010,66,75,1
DEV_010_2024-10-23 21:00:00,2024-10-23 21:00:00,DEV_010,57,2,8
DEV_010_2024-10-24 00:00:00,2024-10-24 00:00:00,DEV_010,98,63,77
DEV_010_2024-10-24 03:00:00,2024-10-24 03:00:00,DEV_010,17,15,88
DEV_010_2024-10-24 06:00:00,2024-10-24 06:00:00,DEV_010,71,93,27
DEV_010_2024-10-24 09:00:00,2024-10-24 09:00:00,DEV_010,67,82,45
DEV_010_2024-10-24 12:00:00,2024-10-24 12:00:00,DEV_010,96,60,36
DEV_010_2024-10-24 15:00:00,2024-10-24 15:00:00,DEV_010,89,4,55
DEV_010_2024-10-24 18:00:00,2024-10-24 18:00:00,DEV_010,26,41,68
DEV_010_2024-10-24 21:00:00,2024-10-24 21:00:00,DEV_010,21,80,5
DEV_010_2024-10-25 00:00:00,2024-10-25 00:00:00,DEV_010,30,85,98
DEV_010_2024-10-25 03:00:00,2024-10-25 03:00:00,DEV_010,6,96,92
DEV_010_2024-10-25 06:00:00,2024-10-25 06:00:00,DEV_010,80,15,72
DEV_010_2024-10-25 09:00:00,2024-10-25 09:00:00,DEV_010,11,69,23
DEV_010_2024-10-25 12:00:00,2024-10-25 12:00:00,DEV_010,4,50,92
DEV_010_2024-10-25 15:00:00,2024-10-25 15:00:00,DEV_010,31,11,55
DEV_010_2024-10-25 18:00:00,2024-10-25 18:00:00,DEV_010,43,1,47
DEV_010_2024-10-25 21:00:00,2024-10-25 21:00:00,DEV_010,55,56,84
DEV_010_2024-10-26 00:00:00,2024-10-26 00:00:00,DEV_010,8,99,80
DEV_010_2024-10-26 03:00:00,2024-10-26 03:00:00,DEV_010,67,55,96
DEV_010_2024-10-26 06:00:00,2024-10-26 06:00:00,DEV_010,10,51,52
DEV_010_2024-10-26 09:00:00,2024-10-26 09:00:00,DEV_010,82,95,73
DEV_010_2024-10-26 12:00:00,2024-10-26 12:00:00,DEV_010,53,47,23
DEV_010_2024-10-26 15:00:00,2024-10-26 15:00:00,DEV_010,76,62,38
DEV_010_2024-10-26 18:00:00,2024-10-26 18:00:00,DEV_010,80,95,30
DEV_010_2024-10-26 21:00:00,2024-10-26 21:00:00,DEV_010,49,60,70
DEV_010_2024-10-27 00:00:00,2024-10-27 00:00:00,DEV_010,86,56,47
DEV_010_2024-10-27 03:00:00,2024-10-27 03:00:00,DEV_010,38,21,85
DEV_010_2024-10-27 06:00:00,2024-10-27 06:00:00,DEV_010,5,46,50
DEV_010_2024-10-27 09:00:00,2024-10-27 09:00:00,DEV_010,76,91,26
DEV_010_2024-10-27 12:00:00,2024-10-27 12:00:00,DEV_010,47,64,69
DEV_010_2024-10-27 15:00:00,2024-10-27 15:00:00,DEV_010,16,33,41
DEV_010_2024-10-27 18:00:00,2024-10-27 18:00:00,DEV_010,47,37,25
DEV_010_2024-10-27 21:00:00,2024-10-27 21:00:00,DEV_010,61,17,46
DEV_010_2024-10-28 00:00:00,2024-10-28 00:00:00,DEV_010,10,42,34
DEV_010_2024-10-28 03:00:00,2024-10-28 03:00:00,DEV_010,44,99,9
DEV_010_2024-10-28 06:00:00,2024-10-28 06:00:00,DEV_010,44,28,34
DEV_010_2024-10-28 09:00:00,2024-10-28 09:00:00,DEV_010,42,95,38
DEV_010_2024-10-28 12:00:00,2024-10-28 12:00:00,DEV_010,40,78,46
DEV_010_2024-10-28 15:00:00,2024-10-28 15:00:00,DEV_010,11,37,3
DEV_010_2024-10-28 18:00:00,2024-10-28 18:00:00,DEV_010,65,8,89
DEV_010_2024-10-28 21:00:00,2024-10-28 21:00:00,DEV_010,71,8,85
DEV_010_2024-10-29 00:00:00,2024-10-29 00:00:00,DEV_010,69,59,33
DEV_010_2024-10-29 03:00:00,2024-10-29 03:00:00,DEV_010,8,41,28
DEV_010_2024-10-29 06:00:00,2024-10-29 06:00:00,DEV_010,97,98,89
DEV_010_2024-10-29 09:00:00,2024-10-29 09:00:00,DEV_010,36,81,50
DEV_010_2024-10-29 12:00:00,2024-10-29 12:00:00,DEV_010,12,8,38
DEV_010_2024-10-29 15:00:00,2024-10-29 15:00:00,DEV_010,24,61,79
DEV_010_2024-10-29 18:00:00,2024-10-29 18:00:00,DEV_010,12,88,28
DEV_010_2024-10-29 21:00:00,2024-10-29 21:00:00,DEV_010,28,52,4
DEV_010_2024-10-30 00:00:00,2024-10-30 00:00:00,DEV_010,17,17,14
DEV_010_2024-10-30 03:00:00,2024-10-30 03:00:00,DEV_010,19,75,28
DEV_010_2024-10-30 06:00:00,2024-10-30 06:00:00,DEV_010,39,49,90
DEV_010_2024-10-30 09:00:00,2024-10-30 09:00:00,DEV_010,4,94,70
DEV_010_2024-10-30 12:00:00,2024-10-30 12:00:00,DEV_010,7,9,6
DEV_010_2024-10-30 15:00:00,2024-10-30 15:00:00,DEV_010,75,75,7
DEV_010_2024-10-30 18:00:00,2024-10-30 18:00:00,DEV_010,61,90,27
DEV_010_2024-10-30 21:00:00,2024-10-30 21:00:00,DEV_010,49,12,92
DEV_010_2024-10-31 00:00:00,2024-10-31 00:00:00,DEV_010,53,1,41
DEV_010_2024-10-31 03:00:00,2024-10-31 03:00:00,DEV_010,47,54,7
DEV_010_2024-10-31 06:00:00,2024-10-31 06:00:00,DEV_010,10,99,69
DEV_010_2024-10-31 09:00:00,2024-10-31 09:00:00,DEV_010,84,50,52
DEV_010_2024-10-31 12:00:00,2024-10-31 12:00:00,DEV_010,80,48,48
DEV_010_2024-10-31 15:00:00,2024-10-31 15:00:00,DEV_010,59,77,69
DEV_010_2024-10-31 18:00:00,2024-10-31 18:00:00,DEV_010,69,54,84
DEV_010_2024-10-31 21:00:00,2024-10-31 21:00:00,DEV_010,73,61,15
DEV_010_2024-11-01 00:00:00,2024-11-01 00:00:00,DEV_010,99,5,73
DEV_010_2024-11-01 03:00:00,2024-11-01 03:00:00,DEV_010,44,8,51
DEV_010_2024-11-01 06:00:00,2024-11-01 06:00:00,DEV_010,66,72,66
DEV_010_2024-11-01 09:00:00,2024-11-01 09:00:00,DEV_010,58,6,1
DEV_010_2024-11-01 12:00:00,2024-11-01 12:00:00,DEV_010,20,4,83
DEV_010_2024-11-01 15:00:00,2024-11-01 15:00:00,DEV_010,24,58,83
DEV_010_2024-11-01 18:00:00,2024-11-01 18:00:00,DEV_010,25,2,27
DEV_010_2024-11-01 21:00:00,2024-11-01 21:00:00,DEV_010,60,5,27
DEV_010_2024-11-02 00:00:00,2024-11-02 00:00:00,DEV_010,76,78,84
DEV_010_2024-11-02 03:00:00,2024-11-02 03:00:00,DEV_010,60,64,15
DEV_010_2024-11-02 06:00:00,2024-11-02 06:00:00,DEV_010,36,78,86
DEV_010_2024-11-02 09:00:00,2024-11-02 09:00:00,DEV_010,39,40,56
DEV_010_2024-11-02 12:00:00,2024-11-02 12:00:00,DEV_010,5,91,94
DEV_010_2024-11-02 15:00:00,2024-11-02 15:00:00,DEV_010,99,20,72
DEV_010_2024-11-02 18:00:00,2024-11-02 18:00:00,DEV_010,56,32,90
DEV_010_2024-11-02 21:00:00,2024-11-02 21:00:00,DEV_010,80,62,10
DEV_010_2024-11-03 00:00:00,2024-11-03 00:00:00,DEV_010,2,75,87
DEV_010_2024-11-03 03:00:00,2024-11-03 03:00:00,DEV_010,20,36,88
DEV_010_2024-11-03 06:00:00,2024-11-03 06:00:00,DEV_010,34,83,64
DEV_010_2024-11-03 09:00:00,2024-11-03 09:00:00,DEV_010,64,86,61
DEV_010_2024-11-03 12:00:00,2024-11-03 12:00:00,DEV_010,9,90,19
DEV_010_2024-11-03 15:00:00,2024-11-03 15:00:00,DEV_010,21,45,12
DEV_010_2024-11-03 18:00:00,2024-11-03 18:00:00,DEV_010,82,45,39
DEV_010_2024-11-03 21:00:00,2024-11-03 21:00:00,DEV_010,9,59,44
DEV_010_2024-11-04 00:00:00,2024-11-04 00:00:00,DEV_010,35,59,12
DEV_010_2024-11-04 03:00:00,2024-11-04 03:00:00,DEV_010,46,65,84
DEV_010_2024-11-04 06:00:00,2024-11-04 06:00:00,DEV_010,81,40,68
DEV_010_2024-11-04 09:00:00,2024-11-04 09:00:00,DEV_010,2,21,66
DEV_010_2024-11-04 12:00:00,2024-11-04 12:00:00,DEV_010,74,75,80
DEV_010_2024-11-04 15:00:00,2024-11-04 15:00:00,DEV_010,3,13,86
DEV_010_2024-11-04 18:00:00,2024-11-04 18:00:00,DEV_010,44,34,53
DEV_010_2024-11-04 21:00:00,2024-11-04 21:00:00,DEV_010,33,90,28
DEV_010_2024-11-05 00:00:00,2024-11-05 00:00:00,DEV_010,91,54,36
DEV_010_2024-11-05 03:00:00,2024-11-05 03:00:00,DEV_010,92,46,39
DEV_010_2024-11-05 06:00:00,2024-11-05 06:00:00,DEV_010,79,82,35
DEV_010_2024-11-05 09:00:00,2024-11-05 09:00:00,DEV_010,69,71,82
DEV_010_2024-11-05 12:00:00,2024-11-05 12:00:00,DEV_010,64,8,75
DEV_010_2024-11-05 15:00:00,2024-11-05 15:00:00,DEV_010,50,19,75
DEV_010_2024-11-05 18:00:00,2024-11-05 18:00:00,DEV_010,22,32,78
DEV_010_2024-11-05 21:00:00,2024-11-05 21:00:00,DEV_010,31,82,21
DEV_010_2024-11-06 00:00:00,2024-11-06 00:00:00,DEV_010,20,38,67
DEV_010_2024-11-06 03:00:00,2024-11-06 03:00:00,DEV_010,11,42,37
DEV_010_2024-11-06 06:00:00,2024-11-06 06:00:00,DEV_010,37,40,77
DEV_010_2024-11-06 09:00:00,2024-11-06 09:00:00,DEV_010,84,11,38
DEV_010_2024-11-06 12:00:00,2024-11-06 12:00:00,DEV_010,38,12,42
DEV_010_2024-11-06 15:00:00,2024-11-06 15:00:00,DEV_010,90,5,86
DEV_010_2024-11-06 18:00:00,2024-11-06 18:00:00,DEV_010,75,29,92
DEV_010_2024-11-06 21:00:00,2024-11-06 21:00:00,DEV_010,4,10,45
DEV_010_2024-11-07 00:00:00,2024-11-07 00:00:00,DEV_010,11,4,17
DEV_010_2024-11-07 03:00:00,2024-11-07 03:00:00,DEV_010,40,54,20
DEV_010_2024-11-07 06:00:00,2024-11-07 06:00:00,DEV_010,77,84,57
DEV_010_2024-11-07 09:00:00,2024-11-07 09:00:00,DEV_010,89,90,56
DEV_010_2024-11-07 12:00:00,2024-11-07 12:00:00,DEV_010,74,34,14
DEV_010_2024-11-07 15:00:00,2024-11-07 15:00:00,DEV_010,19,86,55
DEV_010_2024-11-07 18:00:00,2024-11-07 18:00:00,DEV_010,35,36,7
DEV_010_2024-11-07 21:00:00,2024-11-07 21:00:00,DEV_010,35,3,41
DEV_010_2024-11-08 00:00:00,2024-11-08 00:00:00,DEV_010,41,64,25
DEV_010_2024-11-08 03:00:00,2024-11-08 03:00:00,DEV_010,68,24,51
DEV_010_2024-11-08 06:00:00,2024-11-08 06:00:00,DEV_010,21,26,96
DEV_010_2024-11-08 09:00:00,2024-11-08 09:00:00,DEV_010,24,6,65
DEV_010_2024-11-08 12:00:00,2024-11-08 12:00:00,DEV_010,64,82,30
DEV_010_2024-11-08 15:00:00,2024-11-08 15:00:00,DEV_010,37,93,7
DEV_010_2024-11-08 18:00:00,2024-11-08 18:00:00,DEV_010,47,81,97
DEV_010_2024-11-08 21:00:00,2024-11-08 21:00:00,DEV_010,15,34,59
DEV_010_2024-11-09 00:00:00,2024-11-09 00:00:00,DEV_010,85,92,19
DEV_010_2024-11-09 03:00:00,2024-11-09 03:00:00,DEV_010,38,53,34
DEV_010_2024-11-09 06:00:00,2024-11-09 06:00:00,DEV_010,79,53,79
DEV_010_2024-11-09 09:00:00,2024-11-09 09:00:00,DEV_010,84,35,27
DEV_010_2024-11-09 12:00:00,2024-11-09 12:00:00,DEV_010,6,86,61
DEV_010_2024-11-09 15:00:00,2024-11-09 15:00:00,DEV_010,1,98,98
DEV_010_2024-11-09 18:00:00,2024-11-09 18:00:00,DEV_010,45,78,54
DEV_010_2024-11-09 21:00:00,2024-11-09 21:00:00,DEV_010,17,73,35
DEV_010_2024-11-10 00:00:00,2024-11-10 00:00:00,DEV_010,57,32,59
DEV_010_2024-11-10 03:00:00,2024-11-10 03:00:00,DEV_010,57,21,1
DEV_010_2024-11-10 06:00:00,2024-11-10 06:00:00,DEV_010,13,83,60
DEV_010_2024-11-10 09:00:00,2024-11-10 09:00:00,DEV_010,45,18,40
DEV_010_2024-11-10 12:00:00,2024-11-10 12:00:00,DEV_010,5,78,88
DEV_010_2024-11-10 15:00:00,2024-11-10 15:00:00,DEV_010,82,34,19
DEV_010_2024-11-10 18:00:00,2024-11-10 18:00:00,DEV_010,99,44,90
DEV_010_2024-11-10 21:00:00,2024-11-10 21:00:00,DEV_010,57,63,6
DEV_010_2024-11-11 00:00:00,2024-11-11 00:00:00,DEV_010,99,76,82
DEV_010_2024-11-11 03:00:00,2024-11-11 03:00:00,DEV_010,29,41,91
DEV_010_2024-11-11 06:00:00,2024-11-11 06:00:00,DEV_010,83,89,18
DEV_010_2024-11-11 09:00:00,2024-11-11 09:00:00,DEV_010,29,95,83
DEV_010_2024-11-11 12:00:00,2024-11-11 12:00:00,DEV_010,39,51,58
DEV_010_2024-11-11 15:00:00,2024-11-11 15:00:00,DEV_010,66,89,15
DEV_010_2024-11-11 18:00:00,2024-11-11 18:00:00,DEV_010,81,75,99
DEV_010_2024-11-11 21:00:00,2024-11-11 21:00:00,DEV_010,59,56,59
DEV_010_2024-11-12 00:00:00,2024-11-12 00:00:00,DEV_010,16,18,59
DEV_010_2024-11-12 03:00:00,2024-11-12 03:00:00,DEV_010,49,79,7
DEV_010_2024-11-12 06:00:00,2024-11-12 06:00:00,DEV_010,76,7,84
DEV_010_2024-11-12 09:00:00,2024-11-12 09:00:00,DEV_010,58,70,96
DEV_010_2024-11-12 12:00:00,2024-11-12 12:00:00,DEV_010,83,31,18
DEV_010_2024-11-12 15:00:00,2024-11-12 15:00:00,DEV_010,67,89,43
DEV_010_2024-11-12 18:00:00,2024-11-12 18:00:00,DEV_010,93,44,5
DEV_010_2024-11-12 21:00:00,2024-11-12 21:00:00,DEV_010,94,89,70
DEV_010_2024-11-13 00:00:00,2024-11-13 00:00:00,DEV_010,77,86,49
DEV_010_2024-11-13 03:00:00,2024-11-13 03:00:00,DEV_010,40,99,84
DEV_010_2024-11-13 06:00:00,2024-11-13 06:00:00,DEV_010,71,39,64
DEV_010_2024-11-13 09:00:00,2024-11-13 09:00:00,DEV_010,33,95,76
DEV_010_2024-11-13 12:00:00,2024-11-13 12:00:00,DEV_010,4,32,5
DEV_010_2024-11-13 15:00:00,2024-11-13 15:00:00,DEV_010,99,10,76
DEV_010_2024-11-13 18:00:00,2024-11-13 18:00:00,DEV_010,38,54,4
DEV_010_2024-11-13 21:00:00,2024-11-13 21:00:00,DEV_010,25,72,21
DEV_010_2024-11-14 00:00:00,2024-11-14 00:00:00,DEV_010,45,97,36
DEV_010_2024-11-14 03:00:00,2024-11-14 03:00:00,DEV_010,72,52,20
DEV_010_2024-11-14 06:00:00,2024-11-14 06:00:00,DEV_010,62,91,72
DEV_010_2024-11-14 09:00:00,2024-11-14 09:00:00,DEV_010,84,80,8
DEV_010_2024-11-14 12:00:00,2024-11-14 12:00:00,DEV_010,75,84,17
DEV_010_2024-11-14 15:00:00,2024-11-14 15:00:00,DEV_010,86,61,89
DEV_010_2024-11-14 18:00:00,2024-11-14 18:00:00,DEV_010,65,40,5
DEV_010_2024-11-14 21:00:00,2024-11-14 21:00:00,DEV_010,8,34,26
DEV_010_2024-11-15 00:00:00,2024-11-15 00:00:00,DEV_010,68,48,54
DEV_010_2024-11-15 03:00:00,2024-11-15 03:00:00,DEV_010,94,97,9
DEV_010_2024-11-15 06:00:00,2024-11-15 06:00:00,DEV_010,41,37,3
DEV_010_2024-11-15 09:00:00,2024-11-15 09:00:00,DEV_010,57,33,59
DEV_010_2024-11-15 12:00:00,2024-11-15 12:00:00,DEV_010,17,26,45
DEV_010_2024-11-15 15:00:00,2024-11-15 15:00:00,DEV_010,68,63,17
DEV_010_2024-11-15 18:00:00,2024-11-15 18:00:00,DEV_010,26,35,58
DEV_010_2024-11-15 21:00:00,2024-11-15 21:00:00,DEV_010,41,84,4
DEV_010_2024-11-16 00:00:00,2024-11-16 00:00:00,DEV_010,73,16,49
DEV_010_2024-11-16 03:00:00,2024-11-16 03:00:00,DEV_010,12,60,81
DEV_010_2024-11-16 06:00:00,2024-11-16 06:00:00,DEV_010,89,78,71
DEV_010_2024-11-16 09:00:00,2024-11-16 09:00:00,DEV_010,20,18,27
DEV_010_2024-11-16 12:00:00,2024-11-16 12:00:00,DEV_010,64,35,79
DEV_010_2024-11-16 15:00:00,2024-11-16 15:00:00,DEV_010,38,67,93
DEV_010_2024-11-16 18:00:00,2024-11-16 18:00:00,DEV_010,16,74,70
DEV_010_2024-11-16 21:00:00,2024-11-16 21:00:00,DEV_010,98,78,19
DEV_010_2024-11-17 00:00:00,2024-11-17 00:00:00,DEV_010,62,83,66
DEV_010_2024-11-17 03:00:00,2024-11-17 03:00:00,DEV_010,87,56,83
DEV_010_2024-11-17 06:00:00,2024-11-17 06:00:00,DEV_010,85,85,71
DEV_010_2024-11-17 09:00:00,2024-11-17 09:00:00,DEV_010,57,8,79
DEV_010_2024-11-17 12:00:00,2024-11-17 12:00:00,DEV_010,61,37,8
DEV_010_2024-11-17 15:00:00,2024-11-17 15:00:00,DEV_010,2,63,38
DEV_010_2024-11-17 18:00:00,2024-11-17 18:00:00,DEV_010,5,13,16
DEV_010_2024-11-17 21:00:00,2024-11-17 21:00:00,DEV_010,60,6,21
DEV_010_2024-11-18 00:00:00,2024-11-18 00:00:00,DEV_010,44,14,31
DEV_010_2024-11-18 03:00:00,2024-11-18 03:00:00,DEV_010,96,51,8
DEV_010_2024-11-18 06:00:00,2024-11-18 06:00:00,DEV_010,27,18,85
DEV_010_2024-11-18 09:00:00,2024-11-18 09:00:00,DEV_010,16,11,67
DEV_010_2024-11-18 12:00:00,2024-11-18 12:00:00,DEV_010,30,28,1
DEV_010_2024-11-18 15:00:00,2024-11-18 15:00:00,DEV_010,47,86,43
DEV_010_2024-11-18 18:00:00,2024-11-18 18:00:00,DEV_010,89,29,60
DEV_010_2024-11-18 21:00:00,2024-11-18 21:00:00,DEV_010,99,21,10
DEV_010_2024-11-19 00:00:00,2024-11-19 00:00:00,DEV_010,83,35,54
DEV_010_2024-11-19 03:00:00,2024-11-19 03:00:00,DEV_010,32,21,71
DEV_010_2024-11-19 06:00:00,2024-11-19 06:00:00,DEV_010,58,68,65
DEV_010_2024-11-19 09:00:00,2024-11-19 09:00:00,DEV_010,67,1,69
DEV_010_2024-11-19 12:00:00,2024-11-19 12:00:00,DEV_010,22,18,47
DEV_010_2024-11-19 15:00:00,2024-11-19 15:00:00,DEV_010,54,34,59
DEV_010_2024-11-19 18:00:00,2024-11-19 18:00:00,DEV_010,26,3,46
DEV_010_2024-11-19 21:00:00,2024-11-19 21:00:00,DEV_010,39,58,93
DEV_010_2024-11-20 00:00:00,2024-11-20 00:00:00,DEV_010,86,57,35
DEV_010_2024-11-20 03:00:00,2024-11-20 03:00:00,DEV_010,10,21,65
DEV_010_2024-11-20 06:00:00,2024-11-20 06:00:00,DEV_010,77,64,30
DEV_010_2024-11-20 09:00:00,2024-11-20 09:00:00,DEV_010,40,58,5
DEV_010_2024-11-20 12:00:00,2024-11-20 12:00:00,DEV_010,54,12,42
DEV_010_2024-11-20 15:00:00,2024-11-20 15:00:00,DEV_010,53,67,40
DEV_010_2024-11-20 18:00:00,2024-11-20 18:00:00,DEV_010,19,69,86
DEV_010_2024-11-20 21:00:00,2024-11-20 21:00:00,DEV_010,19,39,44
DEV_010_2024-11-21 00:00:00,2024-11-21 00:00:00,DEV_010,69,76,62
DEV_010_2024-11-21 03:00:00,2024-11-21 03:00:00,DEV_010,91,61,97
DEV_010_2024-11-21 06:00:00,2024-11-21 06:00:00,DEV_010,9,19,58
DEV_010_2024-11-21 09:00:00,2024-11-21 09:00:00,DEV_010,84,9,30
DEV_010_2024-11-21 12:00:00,2024-11-21 12:00:00,DEV_010,19,47,64
DEV_010_2024-11-21 15:00:00,2024-11-21 15:00:00,DEV_010,64,58,30
DEV_010_2024-11-21 18:00:00,2024-11-21 18:00:00,DEV_010,89,28,81
DEV_010_2024-11-21 21:00:00,2024-11-21 21:00:00,DEV_010,79,10,56
DEV_010_2024-11-22 00:00:00,2024-11-22 00:00:00,DEV_010,13,15,29
DEV_010_2024-11-22 03:00:00,2024-11-22 03:00:00,DEV_010,89,11,82
DEV_010_2024-11-22 06:00:00,2024-11-22 06:00:00,DEV_010,41,30,79
DEV_010_2024-11-22 09:00:00,2024-11-22 09:00:00,DEV_010,90,65,49
DEV_010_2024-11-22 12:00:00,2024-11-22 12:00:00,DEV_010,37,3,81
DEV_010_2024-11-22 15:00:00,2024-11-22 15:00:00,DEV_010,48,19,26
DEV_010_2024-11-22 18:00:00,2024-11-22 18:00:00,DEV_010,22,37,87
DEV_010_2024-11-22 21:00:00,2024-11-22 21:00:00,DEV_010,91,20,36
DEV_010_2024-11-23 00:00:00,2024-11-23 00:00:00,DEV_010,1,92,74
DEV_010_2024-11-23 03:00:00,2024-11-23 03:00:00,DEV_010,88,52,73
DEV_010_2024-11-23 06:00:00,2024-11-23 06:00:00,DEV_010,87,20,13
DEV_010_2024-11-23 09:00:00,2024-11-23 09:00:00,DEV_010,32,91,10
DEV_010_2024-11-23 12:00:00,2024-11-23 12:00:00,DEV_010,39,85,26
DEV_010_2024-11-23 15:00:00,2024-11-23 15:00:00,DEV_010,73,31,94
DEV_010_2024-11-23 18:00:00,2024-11-23 18:00:00,DEV_010,64,46,68
DEV_010_2024-11-23 21:00:00,2024-11-23 21:00:00,DEV_010,19,52,19
DEV_010_2024-11-24 00:00:00,2024-11-24 00:00:00,DEV_010,89,97,88
DEV_010_2024-11-24 03:00:00,2024-11-24 03:00:00,DEV_010,77,71,65
DEV_010_2024-11-24 06:00:00,2024-11-24 06:00:00,DEV_010,90,90,9
DEV_010_2024-11-24 09:00:00,2024-11-24 09:00:00,DEV_010,39,3,76
DEV_010_2024-11-24 12:00:00,2024-11-24 12:00:00,DEV_010,51,97,96
DEV_010_2024-11-24 15:00:00,2024-11-24 15:00:00,DEV_010,80,61,73
DEV_010_2024-11-24 18:00:00,2024-11-24 18:00:00,DEV_010,82,77,68
DEV_010_2024-11-24 21:00:00,2024-11-24 21:00:00,DEV_010,3,94,51
DEV_010_2024-11-25 00:00:00,2024-11-25 00:00:00,DEV_010,90,72,81
DEV_010_2024-11-25 03:00:00,2024-11-25 03:00:00,DEV_010,10,72,49
DEV_010_2024-11-25 06:00:00,2024-11-25 06:00:00,DEV_010,20,88,1
DEV_010_2024-11-25 09:00:00,2024-11-25 09:00:00,DEV_010,57,46,36
DEV_010_2024-11-25 12:00:00,2024-11-25 12:00:00,DEV_010,68,54,58
DEV_010_2024-11-25 15:00:00,2024-11-25 15:00:00,DEV_010,79,82,68
DEV_010_2024-11-25 18:00:00,2024-11-25 18:00:00,DEV_010,50,9,65
DEV_010_2024-11-25 21:00:00,2024-11-25 21:00:00,DEV_010,25,48,31
DEV_010_2024-11-26 00:00:00,2024-11-26 00:00:00,DEV_010,26,77,69
DEV_010_2024-11-26 03:00:00,2024-11-26 03:00:00,DEV_010,20,64,69
DEV_010_2024-11-26 06:00:00,2024-11-26 06:00:00,DEV_010,30,9,47
DEV_010_2024-11-26 09:00:00,2024-11-26 09:00:00,DEV_010,60,10,69
DEV_010_2024-11-26 12:00:00,2024-11-26 12:00:00,DEV_010,24,20,85
DEV_010_2024-11-26 15:00:00,2024-11-26 15:00:00,DEV_010,13,63,23
DEV_010_2024-11-26 18:00:00,2024-11-26 18:00:00,DEV_010,44,59,88
DEV_010_2024-11-26 21:00:00,2024-11-26 21:00:00,DEV_010,17,97,37
DEV_010_2024-11-27 00:00:00,2024-11-27 00:00:00,DEV_010,40,46,14
DEV_010_2024-11-27 03:00:00,2024-11-27 03:00:00,DEV_010,72,17,55
DEV_010_2024-11-27 06:00:00,2024-11-27 06:00:00,DEV_010,21,64,97
DEV_010_2024-11-27 09:00:00,2024-11-27 09:00:00,DEV_010,59,94,43
DEV_010_2024-11-27 12:00:00,2024-11-27 12:00:00,DEV_010,84,22,6
DEV_010_2024-11-27 15:00:00,2024-11-27 15:00:00,DEV_010,75,38,42
DEV_010_2024-11-27 18:00:00,2024-11-27 18:00:00,DEV_010,76,71,26
DEV_010_2024-11-27 21:00:00,2024-11-27 21:00:00,DEV_010,59,72,20
DEV_010_2024-11-28 00:00:00,2024-11-28 00:00:00,DEV_010,81,82,89
DEV_010_2024-11-28 03:00:00,2024-11-28 03:00:00,DEV_010,52,53,46
DEV_010_2024-11-28 06:00:00,2024-11-28 06:00:00,DEV_010,87,96,13
DEV_010_2024-11-28 09:00:00,2024-11-28 09:00:00,DEV_010,60,3,34
DEV_010_2024-11-28 12:00:00,2024-11-28 12:00:00,DEV_010,3,27,1
DEV_010_2024-11-28 15:00:00,2024-11-28 15:00:00,DEV_010,30,80,30
DEV_010_2024-11-28 18:00:00,2024-11-28 18:00:00,DEV_010,71,36,38
DEV_010_2024-11-28 21:00:00,2024-11-28 21:00:00,DEV_010,10,16,39
DEV_010_2024-11-29 00:00:00,2024-11-29 00:00:00,DEV_010,87,61,71
DEV_010_2024-11-29 03:00:00,2024-11-29 03:00:00,DEV_010,15,49,13
DEV_010_2024-11-29 06:00:00,2024-11-29 06:00:00,DEV_010,42,63,7
DEV_010_2024-11-29 09:00:00,2024-11-29 09:00:00,DEV_010,93,1,20
DEV_010_2024-11-29 12:00:00,2024-11-29 12:00:00,DEV_010,2,74,50
DEV_010_2024-11-29 15:00:00,2024-11-29 15:00:00,DEV_010,91,35,31
DEV_010_2024-11-29 18:00:00,2024-11-29 18:00:00,DEV_010,45,90,7
DEV_010_2024-11-29 21:00:00,2024-11-29 21:00:00,DEV_010,17,24,89
DEV_010_2024-11-30 00:00:00,2024-11-30 00:00:00,DEV_010,11,17,89
DEV_010_2024-11-30 03:00:00,2024-11-30 03:00:00,DEV_010,30,36,9
DEV_010_2024-11-30 06:00:00,2024-11-30 06:00:00,DEV_010,87,36,66
DEV_010_2024-11-30 09:00:00,2024-11-30 09:00:00,DEV_010,81,60,71
DEV_010_2024-11-30 12:00:00,2024-11-30 12:00:00,DEV_010,72,9,12
DEV_010_2024-11-30 15:00:00,2024-11-30 15:00:00,DEV_010,1,67,16
DEV_010_2024-11-30 18:00:00,2024-11-30 18:00:00,DEV_010,92,99,9
DEV_010_2024-11-30 21:00:00,2024-11-30 21:00:00,DEV_010,82,24,82
DEV_010_2024-12-01 00:00:00,2024-12-01 00:00:00,DEV_010,71,51,4
DEV_010_2024-12-01 03:00:00,2024-12-01 03:00:00,DEV_010,89,88,58
DEV_010_2024-12-01 06:00:00,2024-12-01 06:00:00,DEV_010,96,24,93
DEV_010_2024-12-01 09:00:00,2024-12-01 09:00:00,DEV_010,80,9,53
DEV_010_2024-12-01 12:00:00,2024-12-01 12:00:00,DEV_010,69,12,86
DEV_010_2024-12-01 15:00:00,2024-12-01 15:00:00,DEV_010,42,70,60
DEV_010_2024-12-01 18:00:00,2024-12-01 18:00:00,DEV_010,14,11,88
DEV_010_2024-12-01 21:00:00,2024-12-01 21:00:00,DEV_010,81,35,3
DEV_010_2024-12-02 00:00:00,2024-12-02 00:00:00,DEV_010,62,46,97
DEV_010_2024-12-02 03:00:00,2024-12-02 03:00:00,DEV_010,43,93,29
DEV_010_2024-12-02 06:00:00,2024-12-02 06:00:00,DEV_010,32,34,68
DEV_010_2024-12-02 09:00:00,2024-12-02 09:00:00,DEV_010,1,26,39
DEV_010_2024-12-02 12:00:00,2024-12-02 12:00:00,DEV_010,13,35,62
DEV_010_2024-12-02 15:00:00,2024-12-02 15:00:00,DEV_010,62,44,19
DEV_010_2024-12-02 18:00:00,2024-12-02 18:00:00,DEV_010,44,23,77
DEV_010_2024-12-02 21:00:00,2024-12-02 21:00:00,DEV_010,41,74,70
DEV_010_2024-12-03 00:00:00,2024-12-03 00:00:00,DEV_010,97,72,75
DEV_010_2024-12-03 03:00:00,2024-12-03 03:00:00,DEV_010,45,57,66
DEV_010_2024-12-03 06:00:00,2024-12-03 06:00:00,DEV_010,91,23,38
DEV_010_2024-12-03 09:00:00,2024-12-03 09:00:00,DEV_010,18,3,44
DEV_010_2024-12-03 12:00:00,2024-12-03 12:00:00,DEV_010,5,28,43
DEV_010_2024-12-03 15:00:00,2024-12-03 15:00:00,DEV_010,57,93,66
DEV_010_2024-12-03 18:00:00,2024-12-03 18:00:00,DEV_010,70,65,13
DEV_010_2024-12-03 21:00:00,2024-12-03 21:00:00,DEV_010,79,99,54
DEV_010_2024-12-04 00:00:00,2024-12-04 00:00:00,DEV_010,2,22,32
DEV_010_2024-12-04 03:00:00,2024-12-04 03:00:00,DEV_010,78,11,82
DEV_010_2024-12-04 06:00:00,2024-12-04 06:00:00,DEV_010,49,89,13
DEV_010_2024-12-04 09:00:00,2024-12-04 09:00:00,DEV_010,40,36,40
DEV_010_2024-12-04 12:00:00,2024-12-04 12:00:00,DEV_010,71,16,97
DEV_010_2024-12-04 15:00:00,2024-12-04 15:00:00,DEV_010,78,97,97
DEV_010_2024-12-04 18:00:00,2024-12-04 18:00:00,DEV_010,90,60,12
DEV_010_2024-12-04 21:00:00,2024-12-04 21:00:00,DEV_010,17,76,49
DEV_010_2024-12-05 00:00:00,2024-12-05 00:00:00,DEV_010,60,37,55
DEV_010_2024-12-05 03:00:00,2024-12-05 03:00:00,DEV_010,38,28,31
DEV_010_2024-12-05 06:00:00,2024-12-05 06:00:00,DEV_010,28,8,99
DEV_010_2024-12-05 09:00:00,2024-12-05 09:00:00,DEV_010,19,30,95
DEV_010_2024-12-05 12:00:00,2024-12-05 12:00:00,DEV_010,71,27,16
DEV_010_2024-12-05 15:00:00,2024-12-05 15:00:00,DEV_010,54,15,85
DEV_010_2024-12-05 18:00:00,2024-12-05 18:00:00,DEV_010,16,46,2
DEV_010_2024-12-05 21:00:00,2024-12-05 21:00:00,DEV_010,88,96,50
DEV_010_2024-12-06 00:00:00,2024-12-06 00:00:00,DEV_010,25,61,17
DEV_010_2024-12-06 03:00:00,2024-12-06 03:00:00,DEV_010,3,80,72
DEV_010_2024-12-06 06:00:00,2024-12-06 06:00:00,DEV_010,68,27,40
DEV_010_2024-12-06 09:00:00,2024-12-06 09:00:00,DEV_010,83,96,97
DEV_010_2024-12-06 12:00:00,2024-12-06 12:00:00,DEV_010,42,76,98
DEV_010_2024-12-06 15:00:00,2024-12-06 15:00:00,DEV_010,28,88,17
DEV_010_2024-12-06 18:00:00,2024-12-06 18:00:00,DEV_010,93,73,48
DEV_010_2024-12-06 21:00:00,2024-12-06 21:00:00,DEV_010,3,4,69
DEV_010_2024-12-07 00:00:00,2024-12-07 00:00:00,DEV_010,54,84,11
DEV_010_2024-12-07 03:00:00,2024-12-07 03:00:00,DEV_010,73,85,90
DEV_010_2024-12-07 06:00:00,2024-12-07 06:00:00,DEV_010,6,46,5
DEV_010_2024-12-07 09:00:00,2024-12-07 09:00:00,DEV_010,70,97,40
DEV_010_2024-12-07 12:00:00,2024-12-07 12:00:00,DEV_010,19,30,54
DEV_010_2024-12-07 15:00:00,2024-12-07 15:00:00,DEV_010,63,90,96
DEV_010_2024-12-07 18:00:00,2024-12-07 18:00:00,DEV_010,36,73,80
DEV_010_2024-12-07 21:00:00,2024-12-07 21:00:00,DEV_010,45,20,67
DEV_010_2024-12-08 00:00:00,2024-12-08 00:00:00,DEV_010,84,74,81
DEV_010_2024-12-08 03:00:00,2024-12-08 03:00:00,DEV_010,13,90,96
DEV_010_2024-12-08 06:00:00,2024-12-08 06:00:00,DEV_010,43,49,88
DEV_010_2024-12-08 09:00:00,2024-12-08 09:00:00,DEV_010,31,44,93
DEV_010_2024-12-08 12:00:00,2024-12-08 12:00:00,DEV_010,40,17,41
DEV_010_2024-12-08 15:00:00,2024-12-08 15:00:00,DEV_010,53,24,33
DEV_010_2024-12-08 18:00:00,2024-12-08 18:00:00,DEV_010,25,43,50
DEV_010_2024-12-08 21:00:00,2024-12-08 21:00:00,DEV_010,61,46,87
DEV_010_2024-12-09 00:00:00,2024-12-09 00:00:00,DEV_010,89,63,72
DEV_010_2024-12-09 03:00:00,2024-12-09 03:00:00,DEV_010,39,19,22
DEV_010_2024-12-09 06:00:00,2024-12-09 06:00:00,DEV_010,55,19,52
DEV_010_2024-12-09 09:00:00,2024-12-09 09:00:00,DEV_010,54,42,23
DEV_010_2024-12-09 12:00:00,2024-12-09 12:00:00,DEV_010,96,70,31
DEV_010_2024-12-09 15:00:00,2024-12-09 15:00:00,DEV_010,38,96,64
DEV_010_2024-12-09 18:00:00,2024-12-09 18:00:00,DEV_010,45,78,6
DEV_010_2024-12-09 21:00:00,2024-12-09 21:00:00,DEV_010,81,8,14
DEV_010_2024-12-10 00:00:00,2024-12-10 00:00:00,DEV_010,94,76,6
DEV_010_2024-12-10 03:00:00,2024-12-10 03:00:00,DEV_010,66,13,65
DEV_010_2024-12-10 06:00:00,2024-12-10 06:00:00,DEV_010,11,22,99
DEV_010_2024-12-10 09:00:00,2024-12-10 09:00:00,DEV_010,77,68,72
DEV_010_2024-12-10 12:00:00,2024-12-10 12:00:00,DEV_010,35,94,32
DEV_010_2024-12-10 15:00:00,2024-12-10 15:00:00,DEV_010,17,89,22
DEV_010_2024-12-10 18:00:00,2024-12-10 18:00:00,DEV_010,82,32,95
DEV_010_2024-12-10 21:00:00,2024-12-10 21:00:00,DEV_010,12,69,72
DEV_010_2024-12-11 00:00:00,2024-12-11 00:00:00,DEV_010,83,63,99
DEV_010_2024-12-11 03:00:00,2024-12-11 03:00:00,DEV_010,10,35,81
DEV_010_2024-12-11 06:00:00,2024-12-11 06:00:00,DEV_010,13,35,73
DEV_010_2024-12-11 09:00:00,2024-12-11 09:00:00,DEV_010,84,99,62
DEV_010_2024-12-11 12:00:00,2024-12-11 12:00:00,DEV_010,82,9,92
DEV_010_2024-12-11 15:00:00,2024-12-11 15:00:00,DEV_010,28,38,82
DEV_010_2024-12-11 18:00:00,2024-12-11 18:00:00,DEV_010,47,48,23
DEV_010_2024-12-11 21:00:00,2024-12-11 21:00:00,DEV_010,97,2,53
DEV_010_2024-12-12 00:00:00,2024-12-12 00:00:00,DEV_010,15,2,34
DEV_010_2024-12-12 03:00:00,2024-12-12 03:00:00,DEV_010,56,44,49
DEV_010_2024-12-12 06:00:00,2024-12-12 06:00:00,DEV_010,17,55,36
DEV_010_2024-12-12 09:00:00,2024-12-12 09:00:00,DEV_010,56,74,24
DEV_010_2024-12-12 12:00:00,2024-12-12 12:00:00,DEV_010,83,61,65
DEV_010_2024-12-12 15:00:00,2024-12-12 15:00:00,DEV_010,2,61,59
DEV_010_2024-12-12 18:00:00,2024-12-12 18:00:00,DEV_010,7,75,4
DEV_010_2024-12-12 21:00:00,2024-12-12 21:00:00,DEV_010,78,91,14
DEV_010_2024-12-13 00:00:00,2024-12-13 00:00:00,DEV_010,71,5,78
DEV_010_2024-12-13 03:00:00,2024-12-13 03:00:00,DEV_010,7,67,91
DEV_010_2024-12-13 06:00:00,2024-12-13 06:00:00,DEV_010,88,36,47
DEV_010_2024-12-13 09:00:00,2024-12-13 09:00:00,DEV_010,10,53,59
DEV_010_2024-12-13 12:00:00,2024-12-13 12:00:00,DEV_010,80,52,2
DEV_010_2024-12-13 15:00:00,2024-12-13 15:00:00,DEV_010,73,26,12
DEV_010_2024-12-13 18:00:00,2024-12-13 18:00:00,DEV_010,4,60,62
DEV_010_2024-12-13 21:00:00,2024-12-13 21:00:00,DEV_010,26,28,1
DEV_010_2024-12-14 00:00:00,2024-12-14 00:00:00,DEV_010,39,43,95
DEV_010_2024-12-14 03:00:00,2024-12-14 03:00:00,DEV_010,78,53,31
DEV_010_2024-12-14 06:00:00,2024-12-14 06:00:00,DEV_010,36,77,75
DEV_010_2024-12-14 09:00:00,2024-12-14 09:00:00,DEV_010,43,58,47
DEV_010_2024-12-14 12:00:00,2024-12-14 12:00:00,DEV_010,8,41,93
DEV_010_2024-12-14 15:00:00,2024-12-14 15:00:00,DEV_010,29,66,74
DEV_010_2024-12-14 18:00:00,2024-12-14 18:00:00,DEV_010,83,55,12
DEV_010_2024-12-14 21:00:00,2024-12-14 21:00:00,DEV_010,8,71,48
DEV_010_2024-12-15 00:00:00,2024-12-15 00:00:00,DEV_010,77,50,62
DEV_010_2024-12-15 03:00:00,2024-12-15 03:00:00,DEV_010,99,66,3
DEV_010_2024-12-15 06:00:00,2024-12-15 06:00:00,DEV_010,38,32,43
DEV_010_2024-12-15 09:00:00,2024-12-15 09:00:00,DEV_010,76,78,55
DEV_010_2024-12-15 12:00:00,2024-12-15 12:00:00,DEV_010,18,88,19
DEV_010_2024-12-15 15:00:00,2024-12-15 15:00:00,DEV_010,35,40,17
DEV_010_2024-12-15 18:00:00,2024-12-15 18:00:00,DEV_010,20,91,69
DEV_010_2024-12-15 21:00:00,2024-12-15 21:00:00,DEV_010,62,98,76
DEV_010_2024-12-16 00:00:00,2024-12-16 00:00:00,DEV_010,81,47,99
DEV_010_2024-12-16 03:00:00,2024-12-16 03:00:00,DEV_010,4,26,17
DEV_010_2024-12-16 06:00:00,2024-12-16 06:00:00,DEV_010,16,55,94
DEV_010_2024-12-16 09:00:00,2024-12-16 09:00:00,DEV_010,73,53,84
DEV_010_2024-12-16 12:00:00,2024-12-16 12:00:00,DEV_010,49,1,44
DEV_010_2024-12-16 15:00:00,2024-12-16 15:00:00,DEV_010,71,4,68
DEV_010_2024-12-16 18:00:00,2024-12-16 18:00:00,DEV_010,60,60,25
DEV_010_2024-12-16 21:00:00,2024-12-16 21:00:00,DEV_010,43,25,27
DEV_010_2024-12-17 00:00:00,2024-12-17 00:00:00,DEV_010,89,19,59
DEV_010_2024-12-17 03:00:00,2024-12-17 03:00:00,DEV_010,68,90,59
DEV_010_2024-12-17 06:00:00,2024-12-17 06:00:00,DEV_010,85,16,76
DEV_010_2024-12-17 09:00:00,2024-12-17 09:00:00,DEV_010,47,58,31
DEV_010_2024-12-17 12:00:00,2024-12-17 12:00:00,DEV_010,66,62,21
DEV_010_2024-12-17 15:00:00,2024-12-17 15:00:00,DEV_010,64,95,69
DEV_010_2024-12-17 18:00:00,2024-12-17 18:00:00,DEV_010,93,82,20
DEV_010_2024-12-17 21:00:00,2024-12-17 21:00:00,DEV_010,57,56,23
DEV_010_2024-12-18 00:00:00,2024-12-18 00:00:00,DEV_010,30,25,61
DEV_010_2024-12-18 03:00:00,2024-12-18 03:00:00,DEV_010,76,22,90
DEV_010_2024-12-18 06:00:00,2024-12-18 06:00:00,DEV_010,43,23,48
DEV_010_2024-12-18 09:00:00,2024-12-18 09:00:00,DEV_010,54,55,49
DEV_010_2024-12-18 12:00:00,2024-12-18 12:00:00,DEV_010,58,19,59
DEV_010_2024-12-18 15:00:00,2024-12-18 15:00:00,DEV_010,70,95,23
DEV_010_2024-12-18 18:00:00,2024-12-18 18:00:00,DEV_010,92,35,19
DEV_010_2024-12-18 21:00:00,2024-12-18 21:00:00,DEV_010,98,36,67
DEV_010_2024-12-19 00:00:00,2024-12-19 00:00:00,DEV_010,51,2,58
DEV_010_2024-12-19 03:00:00,2024-12-19 03:00:00,DEV_010,45,44,37
DEV_010_2024-12-19 06:00:00,2024-12-19 06:00:00,DEV_010,6,27,66
DEV_010_2024-12-19 09:00:00,2024-12-19 09:00:00,DEV_010,54,56,98
DEV_010_2024-12-19 12:00:00,2024-12-19 12:00:00,DEV_010,77,28,23
DEV_010_2024-12-19 15:00:00,2024-12-19 15:00:00,DEV_010,22,67,61
DEV_010_2024-12-19 18:00:00,2024-12-19 18:00:00,DEV_010,53,41,83
DEV_010_2024-12-19 21:00:00,2024-12-19 21:00:00,DEV_010,42,13,27
DEV_010_2024-12-20 00:00:00,2024-12-20 00:00:00,DEV_010,61,74,76
DEV_010_2024-12-20 03:00:00,2024-12-20 03:00:00,DEV_010,43,56,41
DEV_010_2024-12-20 06:00:00,2024-12-20 06:00:00,DEV_010,49,77,21
DEV_010_2024-12-20 09:00:00,2024-12-20 09:00:00,DEV_010,60,81,66
DEV_010_2024-12-20 12:00:00,2024-12-20 12:00:00,DEV_010,19,70,34
DEV_010_2024-12-20 15:00:00,2024-12-20 15:00:00,DEV_010,66,66,88
DEV_010_2024-12-20 18:00:00,2024-12-20 18:00:00,DEV_010,87,21,82
DEV_010_2024-12-20 21:00:00,2024-12-20 21:00:00,DEV_010,90,81,40
DEV_010_2024-12-21 00:00:00,2024-12-21 00:00:00,DEV_010,50,55,84
DEV_010_2024-12-21 03:00:00,2024-12-21 03:00:00,DEV_010,59,52,91
DEV_010_2024-12-21 06:00:00,2024-12-21 06:00:00,DEV_010,14,35,21
DEV_010_2024-12-21 09:00:00,2024-12-21 09:00:00,DEV_010,17,79,63
DEV_010_2024-12-21 12:00:00,2024-12-21 12:00:00,DEV_010,95,5,69
DEV_010_2024-12-21 15:00:00,2024-12-21 15:00:00,DEV_010,88,55,49
DEV_010_2024-12-21 18:00:00,2024-12-21 18:00:00,DEV_010,34,87,70
DEV_010_2024-12-21 21:00:00,2024-12-21 21:00:00,DEV_010,50,43,25
DEV_010_2024-12-22 00:00:00,2024-12-22 00:00:00,DEV_010,46,88,20
DEV_010_2024-12-22 03:00:00,2024-12-22 03:00:00,DEV_010,2,38,82
DEV_010_2024-12-22 06:00:00,2024-12-22 06:00:00,DEV_010,91,79,54
DEV_010_2024-12-22 09:00:00,2024-12-22 09:00:00,DEV_010,9,20,40
DEV_010_2024-12-22 12:00:00,2024-12-22 12:00:00,DEV_010,44,39,22
DEV_010_2024-12-22 15:00:00,2024-12-22 15:00:00,DEV_010,58,47,55
DEV_010_2024-12-22 18:00:00,2024-12-22 18:00:00,DEV_010,93,25,58
DEV_010_2024-12-22 21:00:00,2024-12-22 21:00:00,DEV_010,20,53,27
DEV_010_2024-12-23 00:00:00,2024-12-23 00:00:00,DEV_010,25,47,12
DEV_010_2024-12-23 03:00:00,2024-12-23 03:00:00,DEV_010,18,85,51
DEV_010_2024-12-23 06:00:00,2024-12-23 06:00:00,DEV_010,43,31,18
DEV_010_2024-12-23 09:00:00,2024-12-23 09:00:00,DEV_010,42,80,84
DEV_010_2024-12-23 12:00:00,2024-12-23 12:00:00,DEV_010,93,11,67
DEV_010_2024-12-23 15:00:00,2024-12-23 15:00:00,DEV_010,72,41,51
DEV_010_2024-12-23 18:00:00,2024-12-23 18:00:00,DEV_010,54,62,83
DEV_010_2024-12-23 21:00:00,2024-12-23 21:00:00,DEV_010,26,47,91
DEV_010_2024-12-24 00:00:00,2024-12-24 00:00:00,DEV_010,79,63,19
DEV_010_2024-12-24 03:00:00,2024-12-24 03:00:00,DEV_010,32,86,70
DEV_010_2024-12-24 06:00:00,2024-12-24 06:00:00,DEV_010,28,75,69
DEV_010_2024-12-24 09:00:00,2024-12-24 09:00:00,DEV_010,80,51,38
DEV_010_2024-12-24 12:00:00,2024-12-24 12:00:00,DEV_010,83,59,71
DEV_010_2024-12-24 15:00:00,2024-12-24 15:00:00,DEV_010,97,18,47
DEV_010_2024-12-24 18:00:00,2024-12-24 18:00:00,DEV_010,68,97,20
DEV_010_2024-12-24 21:00:00,2024-12-24 21:00:00,DEV_010,32,14,9
DEV_010_2024-12-25 00:00:00,2024-12-25 00:00:00,DEV_010,27,24,4
DEV_010_2024-12-25 03:00:00,2024-12-25 03:00:00,DEV_010,91,84,73
DEV_010_2024-12-25 06:00:00,2024-12-25 06:00:00,DEV_010,85,86,53
DEV_010_2024-12-25 09:00:00,2024-12-25 09:00:00,DEV_010,71,67,78
DEV_010_2024-12-25 12:00:00,2024-12-25 12:00:00,DEV_010,20,97,40
DEV_010_2024-12-25 15:00:00,2024-12-25 15:00:00,DEV_010,59,26,17
DEV_010_2024-12-25 18:00:00,2024-12-25 18:00:00,DEV_010,61,71,79
DEV_010_2024-12-25 21:00:00,2024-12-25 21:00:00,DEV_010,59,16,9
DEV_010_2024-12-26 00:00:00,2024-12-26 00:00:00,DEV_010,31,6,72
DEV_010_2024-12-26 03:00:00,2024-12-26 03:00:00,DEV_010,50,63,95
DEV_010_2024-12-26 06:00:00,2024-12-26 06:00:00,DEV_010,91,12,5
DEV_010_2024-12-26 09:00:00,2024-12-26 09:00:00,DEV_010,25,94,31
DEV_010_2024-12-26 12:00:00,2024-12-26 12:00:00,DEV_010,41,95,23
DEV_010_2024-12-26 15:00:00,2024-12-26 15:00:00,DEV_010,94,55,9
DEV_010_2024-12-26 18:00:00,2024-12-26 18:00:00,DEV_010,67,9,66
DEV_010_2024-12-26 21:00:00,2024-12-26 21:00:00,DEV_010,70,8,44
DEV_010_2024-12-27 00:00:00,2024-12-27 00:00:00,DEV_010,29,86,9
DEV_010_2024-12-27 03:00:00,2024-12-27 03:00:00,DEV_010,16,78,44
DEV_010_2024-12-27 06:00:00,2024-12-27 06:00:00,DEV_010,6,76,35
DEV_010_2024-12-27 09:00:00,2024-12-27 09:00:00,DEV_010,27,13,70
DEV_010_2024-12-27 12:00:00,2024-12-27 12:00:00,DEV_010,98,92,24
DEV_010_2024-12-27 15:00:00,2024-12-27 15:00:00,DEV_010,81,60,92
DEV_010_2024-12-27 18:00:00,2024-12-27 18:00:00,DEV_010,81,45,83
DEV_010_2024-12-27 21:00:00,2024-12-27 21:00:00,DEV_010,80,12,20
DEV_010_2024-12-28 00:00:00,2024-12-28 00:00:00,DEV_010,71,91,33
DEV_010_2024-12-28 03:00:00,2024-12-28 03:00:00,DEV_010,32,52,32
DEV_010_2024-12-28 06:00:00,2024-12-28 06:00:00,DEV_010,90,14,99
DEV_010_2024-12-28 09:00:00,2024-12-28 09:00:00,DEV_010,34,30,24
DEV_010_2024-12-28 12:00:00,2024-12-28 12:00:00,DEV_010,63,20,34
DEV_010_2024-12-28 15:00:00,2024-12-28 15:00:00,DEV_010,5,91,12
DEV_010_2024-12-28 18:00:00,2024-12-28 18:00:00,DEV_010,99,77,78
DEV_010_2024-12-28 21:00:00,2024-12-28 21:00:00,DEV_010,68,58,89
DEV_010_2024-12-29 00:00:00,2024-12-29 00:00:00,DEV_010,29,12,82
DEV_010_2024-12-29 03:00:00,2024-12-29 03:00:00,DEV_010,36,38,18
DEV_010_2024-12-29 06:00:00,2024-12-29 06:00:00,DEV_010,52,54,36
DEV_010_2024-12-29 09:00:00,2024-12-29 09:00:00,DEV_010,12,32,82
DEV_010_2024-12-29 12:00:00,2024-12-29 12:00:00,DEV_010,30,25,36
DEV_010_2024-12-29 15:00:00,2024-12-29 15:00:00,DEV_010,79,96,89
DEV_010_2024-12-29 18:00:00,2024-12-29 18:00:00,DEV_010,4,59,42
DEV_010_2024-12-29 21:00:00,2024-12-29 21:00:00,DEV_010,29,78,43
